{"id": 15370, "mbti_profile": "Sypha Belnades", "profile_name_searchable": "syphabelnades", "allow_commenting": true, "allow_voting": true, "user_id": 6216, "contributor": "rhaeys", "contributor_create_date": "2018-08-29 16:32:03", "contributor_pic_path": "https://static1.personality-database.com/user_avatars/6216/9a43b998-6ed0-4efc-9a2b-77ddc9d7249c.jpeg", "display_order": 985, "edit_lock": 0, "edit_lock_picture": 0, "is_active": true, "is_approved": true, "mbti_enneagram_type": "ENFJ 6w7", "mbti_type": "ENFJ 6w7", "pdb_comment_access": true, "pdb_page_owner": 0, "pdb_public_access": true, "wiki_description": "", "watch_count": 199, "comment_count": 46, "vote_count": 311, "vote_count_enneagram": 112, "vote_count_mbti": 311, "total_vote_counts": 511, "personality_type": "ENFJ - 6w7 - sp/sx - 621 - IEE - SLOAN - VLEF - Sanguine-Melancholic", "type_updated_date": "2022-10-09 17:30:07", "enneagram_vote": "", "enneagram_vote_id": 0, "mbti_vote": "", "mbti_vote_id": 0, "is_watching": false, "image_exists": false, "profile_image_url": "https://static1.personality-database.com/profile_images/4a2c01ab27684dd1b603e0d9b397313b.png", "profile_image_credit": "", "profile_image_credit_id": 0, "profile_image_credit_type": "0", "profile_image_credit_url": "", "alt_subcategory": "", "related_subcategories": "", "cat_id": 7, "category": "Cartoons", "category_is_fictional": true, "sub_cat_id": 1901, "subcategory": "Castlevania (2017)", "subcat_link_info": {"sub_cat_id": 1901, "cat_id": 7, "property_id": 2, "subcategory": "Castlevania (2017)"}, "related_subcat_link_info": null, "related_profiles": [{"id": 15368, "mbti_profile": "Vlad \u201cDracula\u201d Tepes", "subcategory": "Castlevania (2017)", "profile_image_url": "https://static1.personality-database.com/profile_images/baf942ac977145a08f0979bddd9ec0e9.png", "profile_name": "Vlad \u201cDracula\u201d Tepes", "profile_subcat": "Castlevania (2017)", "sub_cat_id": 1901, "cat_id": 7, "property_id": 2, "mbti": "INTJ", "enneatype": "5w4"}, {"id": 104126, "mbti_profile": "Lenore", "subcategory": "Castlevania (2017)", "profile_image_url": "https://static1.personality-database.com/profile_images/0cba7e9342684f9b96f076b4c09316d8.png", "profile_name": "Lenore", "profile_subcat": "Castlevania (2017)", "sub_cat_id": 1901, "cat_id": 7, "property_id": 2, "mbti": "ESFJ", "enneatype": "2w3"}, {"id": 15369, "mbti_profile": "Alucard", "subcategory": "Castlevania (2017)", "profile_image_url": "https://static1.personality-database.com/profile_images/8e895091be0846d0835ef288023008f8.png", "profile_name": "Alucard", "profile_subcat": "Castlevania (2017)", "sub_cat_id": 1901, "cat_id": 7, "property_id": 2, "mbti": "INFJ", "enneatype": "1w9"}, {"id": 18374, "mbti_profile": "Isaac", "subcategory": "Castlevania (2017)", "profile_image_url": "https://static1.personality-database.com/profile_images/f24195079a6b43309331995a468f354c.png", "profile_name": "Isaac", "profile_subcat": "Castlevania (2017)", "sub_cat_id": 1901, "cat_id": 7, "property_id": 2, "mbti": "ISTJ", "enneatype": "1w2"}, {"id": 18372, "mbti_profile": "Hector", "subcategory": "Castlevania (2017)", "profile_image_url": "https://static1.personality-database.com/profile_images/4227dea17bfe4d499d9e1cdabea0e0fc.png", "profile_name": "Hector", "profile_subcat": "Castlevania (2017)", "sub_cat_id": 1901, "cat_id": 7, "property_id": 2, "mbti": "INTP", "enneatype": "9w1"}, {"id": 15367, "mbti_profile": "Trevor Belmont", "subcategory": "Castlevania (2017)", "profile_image_url": "https://static1.personality-database.com/profile_images/9bbcc53dca9d4832a244765ddc624796.png", "profile_name": "Trevor Belmont", "profile_subcat": "Castlevania (2017)", "sub_cat_id": 1901, "cat_id": 7, "property_id": 2, "mbti": "ISTP", "enneatype": "9w8"}, {"id": 18373, "mbti_profile": "Carmilla", "subcategory": "Castlevania (2017)", "profile_image_url": "https://static1.personality-database.com/profile_images/5a5ed84221364f9f9bd1ce612e027204.png", "profile_name": "Carmilla", "profile_subcat": "Castlevania (2017)", "sub_cat_id": 1901, "cat_id": 7, "property_id": 2, "mbti": "ENTJ", "enneatype": "8w7"}, {"id": 15371, "mbti_profile": "Lisa Tepes", "subcategory": "Castlevania (2017)", "profile_image_url": "https://static1.personality-database.com/profile_images/d447068184ec4810a96563e6ccfd5bda.png", "profile_name": "Lisa Tepes", "profile_subcat": "Castlevania (2017)", "sub_cat_id": 1901, "cat_id": 7, "property_id": 2, "mbti": "INFJ", "enneatype": "5w6"}], "functions": ["Fe", "Ni", "Se", "Ti"], "systems": [{"hex_color": "#888888", "id": 1, "personality_type": "XXXX", "personality_type_id": 0, "system_name": "Four Letter", "system_vote_count": 304, "user_vote_type_id": 0, "vote_id": 0}, {"hex_color": "#006775", "id": 2, "personality_type": "XXXX", "personality_type_id": 0, "system_name": "Enneagram", "system_vote_count": 111, "user_vote_type_id": 0, "vote_id": 0}, {"hex_color": "#006775", "id": 5, "personality_type": "XXXX", "personality_type_id": 0, "system_name": "Instinctual Variant", "system_vote_count": 20, "user_vote_type_id": 0, "vote_id": 0}, {"hex_color": "#006775", "id": 6, "personality_type": "XXXX", "personality_type_id": 0, "system_name": "Tritype", "system_vote_count": 21, "user_vote_type_id": 0, "vote_id": 0}, {"hex_color": "#888888", "id": 3, "personality_type": "XXXX", "personality_type_id": 0, "system_name": "Socionics", "system_vote_count": 20, "user_vote_type_id": 0, "vote_id": 0}, {"hex_color": "#888888", "id": 9, "personality_type": "XXXX", "personality_type_id": 0, "system_name": "Big 5 (SLOAN)", "system_vote_count": 6, "user_vote_type_id": 0, "vote_id": 0}, {"hex_color": "#888888", "id": 8, "personality_type": "XXXX", "personality_type_id": 0, "system_name": "Attitudinal Psyche", "system_vote_count": 3, "user_vote_type_id": 0, "vote_id": 0}, {"hex_color": "#888888", "id": 7, "personality_type": "XXXX", "personality_type_id": 0, "system_name": "Temperaments", "system_vote_count": 18, "user_vote_type_id": 0, "vote_id": 0}, {"hex_color": "#888888", "id": 11, "personality_type": "XXXX", "personality_type_id": 0, "system_name": "Classic Jungian", "system_vote_count": 1, "user_vote_type_id": 0, "vote_id": 0}], "breakdown_systems": {"1": [{"myValue": "ENFJ", "personality_system_id": 1, "personality_type": "ENFJ", "theCount": 168}, {"myValue": "ENFP", "personality_system_id": 1, "personality_type": "ENFP", "theCount": 84}, {"myValue": "ESFJ", "personality_system_id": 1, "personality_type": "ESFJ", "theCount": 43}, {"myValue": "ESFP", "personality_system_id": 1, "personality_type": "ESFP", "theCount": 4}, {"myValue": "INFJ", "personality_system_id": 1, "personality_type": "INFJ", "theCount": 2}, {"myValue": "ENTJ", "personality_system_id": 1, "personality_type": "ENTJ", "theCount": 1}, {"myValue": "ESTP", "personality_system_id": 1, "personality_type": "ESTP", "theCount": 1}, {"myValue": "INFP", "personality_system_id": 1, "personality_type": "INFP", "theCount": 1}], "11": [{"myValue": "EF(N)", "personality_system_id": 11, "personality_type": "EF(N)", "theCount": 1}], "2": [{"myValue": "6w7", "personality_system_id": 2, "personality_type": "6w7", "theCount": 53}, {"myValue": "1w2", "personality_system_id": 2, "personality_type": "1w2", "theCount": 38}, {"myValue": "7w6", "personality_system_id": 2, "personality_type": "7w6", "theCount": 12}, {"myValue": "2w1", "personality_system_id": 2, "personality_type": "2w1", "theCount": 5}, {"myValue": "2w3", "personality_system_id": 2, "personality_type": "2w3", "theCount": 1}, {"myValue": "3w2", "personality_system_id": 2, "personality_type": "3w2", "theCount": 1}, {"myValue": "6w5", "personality_system_id": 2, "personality_type": "6w5", "theCount": 1}], "3": [{"myValue": "IEE", "personality_system_id": 3, "personality_type": "IEE", "theCount": 12}, {"myValue": "EIE", "personality_system_id": 3, "personality_type": "EIE", "theCount": 6}, {"myValue": "ESI", "personality_system_id": 3, "personality_type": "ESI", "theCount": 2}], "4": [{"myValue": "Neutral Good", "personality_system_id": 4, "personality_type": "Neutral Good", "theCount": 6}, {"myValue": "Chaotic Good", "personality_system_id": 4, "personality_type": "Chaotic Good", "theCount": 1}], "5": [{"myValue": "sp/sx", "personality_system_id": 5, "personality_type": "sp/sx", "theCount": 10}, {"myValue": "so/sx", "personality_system_id": 5, "personality_type": "so/sx", "theCount": 4}, {"myValue": "so/sp", "personality_system_id": 5, "personality_type": "so/sp", "theCount": 3}, {"myValue": "sp/so", "personality_system_id": 5, "personality_type": "sp/so", "theCount": 2}, {"myValue": "sx/sp", "personality_system_id": 5, "personality_type": "sx/sp", "theCount": 1}], "6": [{"myValue": "621", "personality_system_id": 6, "personality_type": "621", "theCount": 10}, {"myValue": "126", "personality_system_id": 6, "personality_type": "126", "theCount": 5}, {"myValue": "127", "personality_system_id": 6, "personality_type": "127", "theCount": 1}, {"myValue": "162", "personality_system_id": 6, "personality_type": "162", "theCount": 1}, {"myValue": "261", "personality_system_id": 6, "personality_type": "261", "theCount": 1}, {"myValue": "278", "personality_system_id": 6, "personality_type": "278", "theCount": 1}, {"myValue": "368", "personality_system_id": 6, "personality_type": "368", "theCount": 1}, {"myValue": "629", "personality_system_id": 6, "personality_type": "629", "theCount": 1}], "7": [{"myValue": "Sanguine-Melancholic", "personality_system_id": 7, "personality_type": "Sanguine-Melancholic", "theCount": 10}, {"myValue": "Sanguine-Choleric", "personality_system_id": 7, "personality_type": "Sanguine-Choleric", "theCount": 4}, {"myValue": "Sanguine [Dominant]", "personality_system_id": 7, "personality_type": "Sanguine [Dominant]", "theCount": 3}, {"myValue": "Sanguine-Phlegmatic", "personality_system_id": 7, "personality_type": "Sanguine-Phlegmatic", "theCount": 1}], "8": [{"myValue": "VLEF", "personality_system_id": 8, "personality_type": "VLEF", "theCount": 2}, {"myValue": "VELF", "personality_system_id": 8, "personality_type": "VELF", "theCount": 1}], "9": [{"myValue": "SLOAN", "personality_system_id": 9, "personality_type": "SLOAN", "theCount": 4}, {"myValue": "SLOAI", "personality_system_id": 9, "personality_type": "SLOAI", "theCount": 1}, {"myValue": "SLUAI", "personality_system_id": 9, "personality_type": "SLUAI", "theCount": 1}]}, "breakdown_config": {"expand": {"1": 3, "11": 1, "2": 3, "3": 1, "4": 1, "5": 1, "6": 1, "7": 1, "8": 1, "9": 1}, "fire": {"1": 0, "11": 0, "2": 1, "3": 0, "4": 0, "5": 0, "6": 0, "7": 0, "8": 0, "9": 0}}, "mbti_letter_stats": [{"type": "E", "percentage": "99%", "PercentageFloat": 0.9901315789473685}, {"type": "N", "percentage": "84%", "PercentageFloat": 0.8421052631578947}, {"type": "F", "percentage": "99%", "PercentageFloat": 0.993421052631579}, {"type": "J", "percentage": "70%", "PercentageFloat": 0.7039473684210527}], "topic_info": {"can_generate": false, "topic": {"description": "", "follow_count": 0, "id": 14135, "is_following": false, "is_join_pending": false, "is_banned": false, "is_moderated": false, "name_readable": "Sypha Belnades", "post_count": 2, "source_profile_id": 15370, "source_type": "profile", "join_to_post": false, "can_pin": false, "related_topics": [{"description": "#NaoyaUchida", "follow_count": 0, "id": 14133, "is_following": false, "is_join_pending": false, "is_banned": false, "is_moderated": false, "name_readable": "Vlad \"Dracula\" Tepes", "post_count": 4, "source_profile_id": 15368, "source_type": "profile", "image": {"picURL": "https://static1.personality-database.com/profile_images/baf942ac977145a08f0979bddd9ec0e9.png"}, "join_to_post": false, "can_pin": false}, {"description": "", "follow_count": 1, "id": 82946, "is_following": false, "is_join_pending": false, "is_banned": false, "is_moderated": false, "name_readable": "Lenore", "post_count": 4, "source_profile_id": 104126, "source_type": "profile", "image": {"picURL": "https://static1.personality-database.com/profile_images/0cba7e9342684f9b96f076b4c09316d8.png"}, "join_to_post": false, "can_pin": false}, {"description": "#ShinichiroMiki", "follow_count": 1, "id": 14134, "is_following": false, "is_join_pending": false, "is_banned": false, "is_moderated": false, "name_readable": "Alucard", "post_count": 3, "source_profile_id": 15369, "source_type": "profile", "image": {"picURL": "https://static1.personality-database.com/profile_images/8e895091be0846d0835ef288023008f8.png"}, "join_to_post": false, "can_pin": false}, {"description": "", "follow_count": 0, "id": 16865, "is_following": false, "is_join_pending": false, "is_banned": false, "is_moderated": false, "name_readable": "Isaac", "post_count": 3, "source_profile_id": 18374, "source_type": "profile", "image": {"picURL": "https://static1.personality-database.com/profile_images/f24195079a6b43309331995a468f354c.png"}, "join_to_post": false, "can_pin": false}, {"description": "", "follow_count": 0, "id": 14132, "is_following": false, "is_join_pending": false, "is_banned": false, "is_moderated": false, "name_readable": "Trevor Belmont", "post_count": 3, "source_profile_id": 15367, "source_type": "profile", "image": {"picURL": "https://static1.personality-database.com/profile_images/9bbcc53dca9d4832a244765ddc624796.png"}, "join_to_post": false, "can_pin": false}, {"description": "", "follow_count": 0, "id": 14135, "is_following": false, "is_join_pending": false, "is_banned": false, "is_moderated": false, "name_readable": "Sypha Belnades", "post_count": 2, "source_profile_id": 15370, "source_type": "profile", "image": {"picURL": "https://static1.personality-database.com/profile_images/4a2c01ab27684dd1b603e0d9b397313b.png"}, "join_to_post": false, "can_pin": false}, {"description": "#TakahiroSakurai", "follow_count": 0, "id": 16863, "is_following": false, "is_join_pending": false, "is_banned": false, "is_moderated": false, "name_readable": "Hector", "post_count": 2, "source_profile_id": 18372, "source_type": "profile", "image": {"picURL": "https://static1.personality-database.com/profile_images/4227dea17bfe4d499d9e1cdabea0e0fc.png"}, "join_to_post": false, "can_pin": false}, {"description": "", "follow_count": 0, "id": 85093, "is_following": false, "is_join_pending": false, "is_banned": false, "is_moderated": false, "name_readable": "Judge", "post_count": 1, "source_profile_id": 106927, "source_type": "profile", "image": {"picURL": "https://static1.personality-database.com/profile_images/d78ac9fefc3847428e91ae6b2c9fcbc6.png"}, "join_to_post": false, "can_pin": false}, {"description": "", "follow_count": 0, "id": 248486, "is_following": false, "is_join_pending": false, "is_banned": false, "is_moderated": false, "name_readable": "Sypha Belnades Doll", "post_count": 1, "source_profile_id": 322974, "source_type": "profile", "image": {"picURL": "https://static1.personality-database.com/profile_images/8176b786b0ca4c41b00b117afc83252d.png"}, "join_to_post": false, "can_pin": false}, {"description": "", "follow_count": 0, "id": 246608, "is_following": false, "is_join_pending": false, "is_banned": false, "is_moderated": false, "name_readable": "Death", "post_count": 1, "source_profile_id": 320757, "source_type": "profile", "image": {"picURL": "https://static1.personality-database.com/profile_images/fd2a8fb5ad174b6f8ad08dd847e53dbd.png"}, "join_to_post": false, "can_pin": false}, {"description": "", "follow_count": 0, "id": 246525, "is_following": false, "is_join_pending": false, "is_banned": false, "is_moderated": false, "name_readable": "Greta", "post_count": 1, "source_profile_id": 320666, "source_type": "profile", "image": {"picURL": "https://static1.personality-database.com/profile_images/5d8163b50bd2424b97df8a2a9fa06d36.png"}, "join_to_post": false, "can_pin": false}, {"description": "", "follow_count": 0, "id": 246523, "is_following": false, "is_join_pending": false, "is_banned": false, "is_moderated": false, "name_readable": "Ratko", "post_count": 1, "source_profile_id": 320663, "source_type": "profile", "image": {"picURL": "https://static1.personality-database.com/profile_images/6ef25c6758984785a8784305a0b27f31.png"}, "join_to_post": false, "can_pin": false}, {"description": "", "follow_count": 0, "id": 135063, "is_following": false, "is_join_pending": false, "is_banned": false, "is_moderated": false, "name_readable": "Bishop", "post_count": 1, "source_profile_id": 175325, "source_type": "profile", "image": {"picURL": "https://static1.personality-database.com/profile_images/cf1874f107ea423c8ea5137f5ea21a21.png"}, "join_to_post": false, "can_pin": false}, {"description": "", "follow_count": 0, "id": 246524, "is_following": false, "is_join_pending": false, "is_banned": false, "is_moderated": false, "name_readable": "Zamfir", "post_count": 0, "source_profile_id": 320664, "source_type": "profile", "image": {"picURL": "https://static1.personality-database.com/profile_images/2a8d9f4c27034fa99693650c2b04092c.png"}, "join_to_post": false, "can_pin": false}, {"description": "", "follow_count": 0, "id": 315476, "is_following": false, "is_join_pending": false, "is_banned": false, "is_moderated": false, "name_readable": "Trevor Belmont Doll", "post_count": 0, "source_profile_id": 411269, "source_type": "profile", "image": {"picURL": "https://static1.personality-database.com/profile_images/5000a22b83174a708ce0e13a137cc6f5.png"}, "join_to_post": false, "can_pin": false}, {"description": "", "follow_count": 0, "id": 284093, "is_following": false, "is_join_pending": false, "is_banned": false, "is_moderated": false, "name_readable": "Abel", "post_count": 0, "source_profile_id": 369353, "source_type": "profile", "image": {"picURL": "https://static1.personality-database.com/profile_images/9fa41c3b81b146eda40b8552faac88c0.png"}, "join_to_post": false, "can_pin": false}], "subcategory": "Castlevania (2017)", "topic_image_url": "https://static1.personality-database.com/profile_images/4a2c01ab27684dd1b603e0d9b397313b.png", "source_location": {"cid": 7, "pid": 2, "sub_cat_id": 1901}, "can_post_image": false, "can_post_audio": false, "posts": {"posts": [{"username": "diangel0", "user_pic_path": "https://lh3.googleusercontent.com/a-/AFdZucr1W0vV3rVMoHsgw4RAttNyFsbsc1KYjrdfTenXjQ=s96-c", "user_personality_type": "ISFP-8w7-614", "is_mod": false, "comment_count": 0, "reply_count": 0, "vote_type": 0, "topics_list": [{"id": 14135, "name_readable": "Sypha Belnades"}], "id": 1237477, "post_id": 1237477, "user_id": 189342, "title": "", "content": "she rly said \"i can fix him\" :(", "create_date": 1661701489000, "unix_timestamp": 1661701489000, "update_date": 1661701489000, "vote_count": 4, "vote_count_down": 0, "is_reported": 0, "is_hidden": false, "is_pinned": false, "is_watching": false, "is_pro_user": false, "images": null, "audios": null, "function_list": [], "type": "post"}, {"username": "Foster", "user_pic_path": "https://lh3.googleusercontent.com/a-/AOh14Gin3yn-77sa9oRQnxOVR-yztlG4S_z6qgGDKuNmAQ=s96-c", "user_personality_type": "ISTP-9w8-954", "is_mod": false, "comment_count": 4, "reply_count": 4, "vote_type": 0, "topics_list": [{"id": 14135, "name_readable": "Sypha Belnades"}], "id": 1478163, "post_id": 1478163, "user_id": 175738, "title": "", "content": "I would totally hit that if she were real. Please marry me Sypha <3 Edit: Whoever downvoted me, **** you. All I was saying was that if she were a human, with that personality, and kind of looked like that in human form. I would totally want to be in a relationship with her, I like Fe doms, they're super attractive. They're so sweet and win my heart over easily. I would also like to eat her ***, like, what's wrong with that?", "create_date": 1629851961000, "unix_timestamp": 1629851961000, "update_date": 1629851961000, "vote_count": 7, "vote_count_down": 3, "is_reported": 1, "is_hidden": false, "is_pinned": false, "is_watching": false, "is_pro_user": false, "images": null, "audios": null, "function_list": [], "type": "post"}]}}}}