{"id": 10454, "mbti_profile": "Velma Dinkley", "profile_name_searchable": "velmadinkley", "allow_commenting": true, "allow_voting": true, "user_id": 15014, "contributor": "Vigilante", "contributor_create_date": "2018-03-01 17:26:42", "contributor_pic_path": "https://lh3.googleusercontent.com/a-/AOh14Gg9JNCkcuOLB8hWBwT2QpW7B73BJF197RGvSxZ-=s96-c", "display_order": 0, "edit_lock": 0, "edit_lock_picture": 0, "is_active": true, "is_approved": true, "mbti_enneagram_type": "INTP 5w6", "mbti_type": "INTP 5w6", "pdb_comment_access": true, "pdb_page_owner": 0, "pdb_public_access": true, "wiki_description": "", "watch_count": 1192, "comment_count": 46, "vote_count": 434, "vote_count_enneagram": 224, "vote_count_mbti": 434, "total_vote_counts": 835, "personality_type": "INTP - 5w6 - sp/so - 514 - LII - RCOAI - LVFE - Melancholic [Dominant] - IT(N)", "type_updated_date": "2022-11-16 02:58:18", "enneagram_vote": "", "enneagram_vote_id": 0, "mbti_vote": "", "mbti_vote_id": 0, "is_watching": false, "image_exists": false, "profile_image_url": "https://static1.personality-database.com/profile_images/cfa2c3355fcc46cc9eed0401d36b73a1.png", "profile_image_credit": "", "profile_image_credit_id": 41705, "profile_image_credit_type": "0", "profile_image_credit_url": "", "alt_subcategory": "", "related_subcategories": "35663|||Hanna Barbera Studios", "cat_id": 7, "category": "Cartoons", "category_is_fictional": true, "sub_cat_id": 1388, "subcategory": "Scooby-Doo, Where Are You! (1969)", "subcat_link_info": {"sub_cat_id": 1388, "cat_id": 7, "property_id": 2, "subcategory": "Scooby-Doo, Where Are You! (1969)"}, "related_subcat_link_info": [{"sub_cat_id": 35663, "cat_id": 2, "property_id": 2, "subcategory": "Hanna Barbera Studios"}], "related_profiles": [{"id": 10452, "mbti_profile": "Norville \u201cShaggy\u201d Rogers", "subcategory": "Scooby-Doo, Where Are You! (1969)", "profile_image_url": "https://static1.personality-database.com/profile_images/aef8f0399f9447afa442602a910e7abc.png", "profile_name": "Norville \u201cShaggy\u201d Rogers", "profile_subcat": "Scooby-Doo, Where Are You! (1969)", "sub_cat_id": 1388, "cat_id": 7, "property_id": 2, "mbti": "ISFP", "enneatype": "6w7"}, {"id": 10451, "mbti_profile": "Fred Jones", "subcategory": "Scooby-Doo, Where Are You! (1969)", "profile_image_url": "https://static1.personality-database.com/profile_images/414c042ec7a14a6e90d0afa06db83da4.png", "profile_name": "Fred Jones", "profile_subcat": "Scooby-Doo, Where Are You! (1969)", "sub_cat_id": 1388, "cat_id": 7, "property_id": 2, "mbti": "ESTJ", "enneatype": "3w2"}, {"id": 219903, "mbti_profile": "The Shagster", "subcategory": "Scooby-Doo, Where Are You! (1969)", "profile_image_url": "https://static1.personality-database.com/profile_images/57c2ddcecbfa407b868a7b1aa6d247ad.png", "profile_name": "The Shagster", "profile_subcat": "Scooby-Doo, Where Are You! (1969)", "sub_cat_id": 1388, "cat_id": 7, "property_id": 2, "mbti": "INFJ", "enneatype": "2w1"}, {"id": 10450, "mbti_profile": "Scooby-Doo", "subcategory": "Scooby-Doo, Where Are You! (1969)", "profile_image_url": "https://static1.personality-database.com/profile_images/89479d3d6d194c22a1d68f5fa29eb300.png", "profile_name": "Scooby-Doo", "profile_subcat": "Scooby-Doo, Where Are You! (1969)", "sub_cat_id": 1388, "cat_id": 7, "property_id": 2, "mbti": "ESFP", "enneatype": "6w7"}, {"id": 10453, "mbti_profile": "Daphne Blake", "subcategory": "Scooby-Doo, Where Are You! (1969)", "profile_image_url": "https://static1.personality-database.com/profile_images/ba92c49e3aeb43b880104006e00a3a22.png", "profile_name": "Daphne Blake", "profile_subcat": "Scooby-Doo, Where Are You! (1969)", "sub_cat_id": 1388, "cat_id": 7, "property_id": 2, "mbti": "ESFJ", "enneatype": "2w3"}, {"id": 102794, "mbti_profile": "Scrappy-Doo", "subcategory": "Scooby-Doo, Where Are You! (1969)", "profile_image_url": "https://static1.personality-database.com/profile_images/4563e17b9c0043cfb6a1128a3718c2ce.png", "profile_name": "Scrappy-Doo", "profile_subcat": "Scooby-Doo, Where Are You! (1969)", "sub_cat_id": 1388, "cat_id": 7, "property_id": 2, "mbti": "ESTP", "enneatype": "8w7"}, {"id": 219902, "mbti_profile": "Skoob", "subcategory": "Scooby-Doo, Where Are You! (1969)", "profile_image_url": "", "profile_name": "Skoob", "profile_subcat": "Scooby-Doo, Where Are You! (1969)", "sub_cat_id": 1388, "cat_id": 7, "property_id": 2, "mbti": "ENTJ", "enneatype": "7w8"}, {"id": 569656, "mbti_profile": "The Caveman", "subcategory": "Scooby-Doo, Where Are You! (1969)", "profile_image_url": "https://static1.personality-database.com/profile_images/ba627adaf0ea42a7a3af0baa8fff5012.png", "profile_name": "The Caveman", "profile_subcat": "Scooby-Doo, Where Are You! (1969)", "sub_cat_id": 1388, "cat_id": 7, "property_id": 2, "mbti": "ISTJ", "enneatype": "9w8"}], "functions": ["Ti", "Ne", "Si", "Fe"], "systems": [{"hex_color": "#888888", "id": 1, "personality_type": "XXXX", "personality_type_id": 0, "system_name": "Four Letter", "system_vote_count": 423, "user_vote_type_id": 0, "vote_id": 0}, {"hex_color": "#006775", "id": 2, "personality_type": "XXXX", "personality_type_id": 0, "system_name": "Enneagram", "system_vote_count": 217, "user_vote_type_id": 0, "vote_id": 0}, {"hex_color": "#006775", "id": 5, "personality_type": "XXXX", "personality_type_id": 0, "system_name": "Instinctual Variant", "system_vote_count": 46, "user_vote_type_id": 0, "vote_id": 0}, {"hex_color": "#006775", "id": 6, "personality_type": "XXXX", "personality_type_id": 0, "system_name": "Tritype", "system_vote_count": 31, "user_vote_type_id": 0, "vote_id": 0}, {"hex_color": "#888888", "id": 3, "personality_type": "XXXX", "personality_type_id": 0, "system_name": "Socionics", "system_vote_count": 24, "user_vote_type_id": 0, "vote_id": 0}, {"hex_color": "#888888", "id": 9, "personality_type": "XXXX", "personality_type_id": 0, "system_name": "Big 5 (SLOAN)", "system_vote_count": 23, "user_vote_type_id": 0, "vote_id": 0}, {"hex_color": "#888888", "id": 8, "personality_type": "XXXX", "personality_type_id": 0, "system_name": "Attitudinal Psyche", "system_vote_count": 14, "user_vote_type_id": 0, "vote_id": 0}, {"hex_color": "#888888", "id": 7, "personality_type": "XXXX", "personality_type_id": 0, "system_name": "Temperaments", "system_vote_count": 40, "user_vote_type_id": 0, "vote_id": 0}, {"hex_color": "#888888", "id": 11, "personality_type": "XXXX", "personality_type_id": 0, "system_name": "Classic Jungian", "system_vote_count": 5, "user_vote_type_id": 0, "vote_id": 0}], "breakdown_systems": {"1": [{"myValue": "INTP", "personality_system_id": 1, "personality_type": "INTP", "theCount": 395}, {"myValue": "INTJ", "personality_system_id": 1, "personality_type": "INTJ", "theCount": 9}, {"myValue": "ISTJ", "personality_system_id": 1, "personality_type": "ISTJ", "theCount": 6}, {"myValue": "INFJ", "personality_system_id": 1, "personality_type": "INFJ", "theCount": 4}, {"myValue": "ENTP", "personality_system_id": 1, "personality_type": "ENTP", "theCount": 3}, {"myValue": "INFP", "personality_system_id": 1, "personality_type": "INFP", "theCount": 3}, {"myValue": "ENTJ", "personality_system_id": 1, "personality_type": "ENTJ", "theCount": 1}, {"myValue": "ESTJ", "personality_system_id": 1, "personality_type": "ESTJ", "theCount": 1}, {"myValue": "ISFJ", "personality_system_id": 1, "personality_type": "ISFJ", "theCount": 1}], "11": [{"myValue": "IT(N)", "personality_system_id": 11, "personality_type": "IT(N)", "theCount": 5}], "2": [{"myValue": "5w6", "personality_system_id": 2, "personality_type": "5w6", "theCount": 206}, {"myValue": "5w4", "personality_system_id": 2, "personality_type": "5w4", "theCount": 9}, {"myValue": "6w5", "personality_system_id": 2, "personality_type": "6w5", "theCount": 2}], "3": [{"myValue": "LII", "personality_system_id": 3, "personality_type": "LII", "theCount": 24}], "4": [{"myValue": "Neutral Good", "personality_system_id": 4, "personality_type": "Neutral Good", "theCount": 12}], "5": [{"myValue": "sp/so", "personality_system_id": 5, "personality_type": "sp/so", "theCount": 35}, {"myValue": "so/sp", "personality_system_id": 5, "personality_type": "so/sp", "theCount": 9}, {"myValue": "sx/so", "personality_system_id": 5, "personality_type": "sx/so", "theCount": 1}, {"myValue": "sx/sp", "personality_system_id": 5, "personality_type": "sx/sp", "theCount": 1}], "6": [{"myValue": "514", "personality_system_id": 6, "personality_type": "514", "theCount": 26}, {"myValue": "592", "personality_system_id": 6, "personality_type": "592", "theCount": 5}], "7": [{"myValue": "Melancholic [Dominant]", "personality_system_id": 7, "personality_type": "Melancholic [Dominant]", "theCount": 26}, {"myValue": "Phlegmatic-Melancholic", "personality_system_id": 7, "personality_type": "Phlegmatic-Melancholic", "theCount": 9}, {"myValue": "Phlegmatic [Dominant]", "personality_system_id": 7, "personality_type": "Phlegmatic [Dominant]", "theCount": 2}, {"myValue": "Choleric-Melancholic", "personality_system_id": 7, "personality_type": "Choleric-Melancholic", "theCount": 1}, {"myValue": "Melancholic-Choleric", "personality_system_id": 7, "personality_type": "Melancholic-Choleric", "theCount": 1}, {"myValue": "Phlegmatic-Choleric", "personality_system_id": 7, "personality_type": "Phlegmatic-Choleric", "theCount": 1}], "8": [{"myValue": "LVFE", "personality_system_id": 8, "personality_type": "LVFE", "theCount": 9}, {"myValue": "LEFV", "personality_system_id": 8, "personality_type": "LEFV", "theCount": 4}, {"myValue": "LVEF", "personality_system_id": 8, "personality_type": "LVEF", "theCount": 1}], "9": [{"myValue": "RCOAI", "personality_system_id": 9, "personality_type": "RCOAI", "theCount": 21}, {"myValue": "RCOAN", "personality_system_id": 9, "personality_type": "RCOAN", "theCount": 1}, {"myValue": "RCOEI", "personality_system_id": 9, "personality_type": "RCOEI", "theCount": 1}]}, "breakdown_config": {"expand": {"1": 3, "11": 1, "2": 3, "3": 1, "4": 1, "5": 1, "6": 1, "7": 1, "8": 1, "9": 1}, "fire": {"1": 0, "11": 0, "2": 0, "3": 0, "4": 0, "5": 0, "6": 0, "7": 0, "8": 0, "9": 0}}, "mbti_letter_stats": [{"type": "I", "percentage": "99%", "PercentageFloat": 0.9881796690307328}, {"type": "N", "percentage": "98%", "PercentageFloat": 0.9810874704491725}, {"type": "T", "percentage": "98%", "PercentageFloat": 0.9810874704491725}, {"type": "P", "percentage": "95%", "PercentageFloat": 0.9479905437352246}], "topic_info": {"can_generate": false, "topic": {"description": "", "follow_count": 1, "id": 9773, "is_following": false, "is_join_pending": false, "is_banned": false, "is_moderated": false, "name_readable": "Velma Dinkley", "post_count": 16, "source_profile_id": 10454, "source_type": "profile", "join_to_post": false, "can_pin": false, "related_topics": [{"description": "", "follow_count": 1, "id": 9773, "is_following": false, "is_join_pending": false, "is_banned": false, "is_moderated": false, "name_readable": "Velma Dinkley", "post_count": 16, "source_profile_id": 10454, "source_type": "profile", "image": {"picURL": "https://static1.personality-database.com/profile_images/cfa2c3355fcc46cc9eed0401d36b73a1.png"}, "join_to_post": false, "can_pin": false}, {"description": "", "follow_count": 1, "id": 9771, "is_following": false, "is_join_pending": false, "is_banned": false, "is_moderated": false, "name_readable": "Shaggy Rogers", "post_count": 3, "source_profile_id": 10452, "source_type": "profile", "image": {"picURL": "https://static1.personality-database.com/profile_images/aef8f0399f9447afa442602a910e7abc.png"}, "join_to_post": false, "can_pin": false}, {"description": "", "follow_count": 0, "id": 9772, "is_following": false, "is_join_pending": false, "is_banned": false, "is_moderated": false, "name_readable": "Daphne Blake", "post_count": 2, "source_profile_id": 10453, "source_type": "profile", "image": {"picURL": "https://static1.personality-database.com/profile_images/ba92c49e3aeb43b880104006e00a3a22.png"}, "join_to_post": false, "can_pin": false}, {"description": "#ESTJHeroes", "follow_count": 0, "id": 9770, "is_following": false, "is_join_pending": false, "is_banned": false, "is_moderated": false, "name_readable": "Fred Jones", "post_count": 1, "source_profile_id": 10451, "source_type": "profile", "image": {"picURL": "https://static1.personality-database.com/profile_images/414c042ec7a14a6e90d0afa06db83da4.png"}, "join_to_post": false, "can_pin": false}, {"description": "", "follow_count": 0, "id": 169774, "is_following": false, "is_join_pending": false, "is_banned": false, "is_moderated": false, "name_readable": "The Shagster", "post_count": 1, "source_profile_id": 219903, "source_type": "profile", "image": {"picURL": "https://static1.personality-database.com/profile_images/57c2ddcecbfa407b868a7b1aa6d247ad.png"}, "join_to_post": false, "can_pin": false}, {"description": "", "follow_count": 0, "id": 9769, "is_following": false, "is_join_pending": false, "is_banned": false, "is_moderated": false, "name_readable": "Scooby-Doo", "post_count": 0, "source_profile_id": 10450, "source_type": "profile", "image": {"picURL": "https://static1.personality-database.com/profile_images/89479d3d6d194c22a1d68f5fa29eb300.png"}, "join_to_post": false, "can_pin": false}, {"description": "Personality\nScrappy idolized his uncle Scooby and would often assist Scooby and his friends in solving mysteries.\n\nWith a highly energetic and brave personality, despite his small size, Scrappy was the opposite of his uncle; Scrappy would usually insist on trying to directly fight the various monsters Scooby and his associates encountered. But, there were times when he showed a little cowardice.\n\nWhen he started traveling with Scooby, he was very naive on how do deal with danger, but as he gets older, he learned that there's a time to be bold and to retreat.\n\nHe feels great sadness when he feels that the people he loves is gone for good as shown when he thought Scooby was taken to Ancient Arabia with genies and when Daphne fell into an eternal slumber and won't wake up\nhttps://scoobydoo.fandom.com/wiki/Scrappy-Doo\n", "follow_count": 0, "id": 81872, "is_following": false, "is_join_pending": false, "is_banned": false, "is_moderated": false, "name_readable": "Scrappy-Doo", "post_count": 0, "source_profile_id": 102794, "source_type": "profile", "image": {"picURL": "https://static1.personality-database.com/profile_images/4563e17b9c0043cfb6a1128a3718c2ce.png"}, "join_to_post": false, "can_pin": false}, {"description": "", "follow_count": 0, "id": 169773, "is_following": false, "is_join_pending": false, "is_banned": false, "is_moderated": false, "name_readable": "Skoob", "post_count": 0, "source_profile_id": 219902, "source_type": "profile", "image": {"picURL": "https://www.personality-database.com/images/profile_transparent.png"}, "join_to_post": false, "can_pin": false}], "subcategory": "Scooby-Doo, Where Are You! (1969)", "topic_image_url": "https://static1.personality-database.com/profile_images/cfa2c3355fcc46cc9eed0401d36b73a1.png", "source_location": {"cid": 7, "pid": 2, "sub_cat_id": 1388}, "can_post_image": false, "can_post_audio": false, "posts": {"posts": [{"username": "Muhammad McLovin", "user_pic_path": "https://lh3.googleusercontent.com/a-/AOh14GhpsAwhzg7PmLlLIuaqtu4IC1ejQY6E1AZhXzazew=s96-c", "user_personality_type": "INTP-6w7-684", "is_mod": false, "comment_count": 0, "reply_count": 0, "vote_type": 0, "topics_list": [{"id": 9773, "name_readable": "Velma Dinkley"}], "id": 2180550, "post_id": 2180550, "user_id": 15745, "title": "", "content": "leave this woman alone \ud83d\ude2d she keeps getting worse with every installment", "create_date": 1673620932000, "unix_timestamp": 1673620932000, "update_date": 1673620932000, "vote_count": 1, "vote_count_down": 0, "is_reported": 0, "is_hidden": false, "is_pinned": false, "is_watching": false, "is_pro_user": false, "images": null, "audios": null, "function_list": [], "type": "post"}, {"username": "mrmichii", "user_pic_path": "https://lh3.googleusercontent.com/a-/AFdZucrDEqsvUbUWmZnUMjucd_mbjR7TFgzTplRQU0ib=s96-c", "user_personality_type": "", "is_mod": false, "comment_count": 1, "reply_count": 1, "vote_type": 0, "topics_list": [{"id": 9773, "name_readable": "Velma Dinkley"}], "id": 1995580, "post_id": 1995580, "user_id": 977592, "title": "", "content": "WHAT'S UP with her name? \ud83d\ude02", "create_date": 1664679688000, "unix_timestamp": 1664679688000, "update_date": 1664679688000, "vote_count": 13, "vote_count_down": 0, "is_reported": 1, "is_hidden": false, "is_pinned": false, "is_watching": false, "is_pro_user": false, "images": null, "audios": null, "function_list": [], "type": "post"}, {"username": "exPDBee1023909", "user_pic_path": "", "user_personality_type": "XXXX", "is_mod": false, "comment_count": 0, "reply_count": 0, "vote_type": 0, "topics_list": [{"id": 9773, "name_readable": "Velma Dinkley"}], "id": 1995576, "post_id": 1995576, "user_id": 1023909, "title": "", "content": "Jinkies scoob, I'm stuck!\n- Riley Reid", "create_date": 1663257505000, "unix_timestamp": 1663257505000, "update_date": 1663257505000, "vote_count": 4, "vote_count_down": 1, "is_reported": 1, "is_hidden": false, "is_pinned": false, "is_watching": false, "is_pro_user": false, "images": null, "audios": null, "function_list": [], "type": "post"}]}}}}