{"id": 10452, "mbti_profile": "Norville \u201cShaggy\u201d Rogers", "profile_name_searchable": "shaggyrogers", "allow_commenting": true, "allow_voting": true, "user_id": 15014, "contributor": "Vigilante", "contributor_create_date": "2018-03-01 17:25:20", "contributor_pic_path": "https://lh3.googleusercontent.com/a-/AOh14Gg9JNCkcuOLB8hWBwT2QpW7B73BJF197RGvSxZ-=s96-c", "display_order": 990, "edit_lock": 0, "edit_lock_picture": 0, "is_active": true, "is_approved": true, "mbti_enneagram_type": "ISFP 6w7", "mbti_type": "ISFP 6w7", "pdb_comment_access": true, "pdb_page_owner": 0, "pdb_public_access": true, "wiki_description": "", "watch_count": 617, "comment_count": 87, "vote_count": 342, "vote_count_enneagram": 186, "vote_count_mbti": 342, "total_vote_counts": 709, "personality_type": "ISFP - 6w7 - sp/so - 692 - SEI - RLUAN - FELV - Phlegmatic-Sanguine - IS(F)", "type_updated_date": "2022-12-10 22:39:20", "enneagram_vote": "", "enneagram_vote_id": 0, "mbti_vote": "", "mbti_vote_id": 0, "is_watching": false, "image_exists": false, "profile_image_url": "https://static1.personality-database.com/profile_images/aef8f0399f9447afa442602a910e7abc.png", "profile_image_credit": "", "profile_image_credit_id": 295649, "profile_image_credit_type": "0", "profile_image_credit_url": "undefined", "alt_subcategory": "", "related_subcategories": "35663|||Hanna Barbera Studios", "cat_id": 7, "category": "Cartoons", "category_is_fictional": true, "sub_cat_id": 1388, "subcategory": "Scooby-Doo, Where Are You! (1969)", "subcat_link_info": {"sub_cat_id": 1388, "cat_id": 7, "property_id": 2, "subcategory": "Scooby-Doo, Where Are You! (1969)"}, "related_subcat_link_info": [{"sub_cat_id": 35663, "cat_id": 2, "property_id": 2, "subcategory": "Hanna Barbera Studios"}], "related_profiles": [{"id": 10454, "mbti_profile": "Velma Dinkley", "subcategory": "Scooby-Doo, Where Are You! (1969)", "profile_image_url": "https://static1.personality-database.com/profile_images/cfa2c3355fcc46cc9eed0401d36b73a1.png", "profile_name": "Velma Dinkley", "profile_subcat": "Scooby-Doo, Where Are You! (1969)", "sub_cat_id": 1388, "cat_id": 7, "property_id": 2, "mbti": "INTP", "enneatype": "5w6"}, {"id": 10451, "mbti_profile": "Fred Jones", "subcategory": "Scooby-Doo, Where Are You! (1969)", "profile_image_url": "https://static1.personality-database.com/profile_images/414c042ec7a14a6e90d0afa06db83da4.png", "profile_name": "Fred Jones", "profile_subcat": "Scooby-Doo, Where Are You! (1969)", "sub_cat_id": 1388, "cat_id": 7, "property_id": 2, "mbti": "ESTJ", "enneatype": "3w2"}, {"id": 219903, "mbti_profile": "The Shagster", "subcategory": "Scooby-Doo, Where Are You! (1969)", "profile_image_url": "https://static1.personality-database.com/profile_images/57c2ddcecbfa407b868a7b1aa6d247ad.png", "profile_name": "The Shagster", "profile_subcat": "Scooby-Doo, Where Are You! (1969)", "sub_cat_id": 1388, "cat_id": 7, "property_id": 2, "mbti": "INFJ", "enneatype": "2w1"}, {"id": 10450, "mbti_profile": "Scooby-Doo", "subcategory": "Scooby-Doo, Where Are You! (1969)", "profile_image_url": "https://static1.personality-database.com/profile_images/89479d3d6d194c22a1d68f5fa29eb300.png", "profile_name": "Scooby-Doo", "profile_subcat": "Scooby-Doo, Where Are You! (1969)", "sub_cat_id": 1388, "cat_id": 7, "property_id": 2, "mbti": "ESFP", "enneatype": "6w7"}, {"id": 10453, "mbti_profile": "Daphne Blake", "subcategory": "Scooby-Doo, Where Are You! (1969)", "profile_image_url": "https://static1.personality-database.com/profile_images/ba92c49e3aeb43b880104006e00a3a22.png", "profile_name": "Daphne Blake", "profile_subcat": "Scooby-Doo, Where Are You! (1969)", "sub_cat_id": 1388, "cat_id": 7, "property_id": 2, "mbti": "ESFJ", "enneatype": "2w3"}, {"id": 102794, "mbti_profile": "Scrappy-Doo", "subcategory": "Scooby-Doo, Where Are You! (1969)", "profile_image_url": "https://static1.personality-database.com/profile_images/4563e17b9c0043cfb6a1128a3718c2ce.png", "profile_name": "Scrappy-Doo", "profile_subcat": "Scooby-Doo, Where Are You! (1969)", "sub_cat_id": 1388, "cat_id": 7, "property_id": 2, "mbti": "ESTP", "enneatype": "8w7"}, {"id": 219902, "mbti_profile": "Skoob", "subcategory": "Scooby-Doo, Where Are You! (1969)", "profile_image_url": "", "profile_name": "Skoob", "profile_subcat": "Scooby-Doo, Where Are You! (1969)", "sub_cat_id": 1388, "cat_id": 7, "property_id": 2, "mbti": "ENTJ", "enneatype": "7w8"}, {"id": 569656, "mbti_profile": "The Caveman", "subcategory": "Scooby-Doo, Where Are You! (1969)", "profile_image_url": "https://static1.personality-database.com/profile_images/ba627adaf0ea42a7a3af0baa8fff5012.png", "profile_name": "The Caveman", "profile_subcat": "Scooby-Doo, Where Are You! (1969)", "sub_cat_id": 1388, "cat_id": 7, "property_id": 2, "mbti": "ISTJ", "enneatype": "9w8"}], "functions": ["Fi", "Se", "Ni", "Te"], "systems": [{"hex_color": "#888888", "id": 1, "personality_type": "XXXX", "personality_type_id": 0, "system_name": "Four Letter", "system_vote_count": 336, "user_vote_type_id": 0, "vote_id": 0}, {"hex_color": "#006775", "id": 2, "personality_type": "XXXX", "personality_type_id": 0, "system_name": "Enneagram", "system_vote_count": 182, "user_vote_type_id": 0, "vote_id": 0}, {"hex_color": "#006775", "id": 5, "personality_type": "XXXX", "personality_type_id": 0, "system_name": "Instinctual Variant", "system_vote_count": 37, "user_vote_type_id": 0, "vote_id": 0}, {"hex_color": "#006775", "id": 6, "personality_type": "XXXX", "personality_type_id": 0, "system_name": "Tritype", "system_vote_count": 42, "user_vote_type_id": 0, "vote_id": 0}, {"hex_color": "#888888", "id": 3, "personality_type": "XXXX", "personality_type_id": 0, "system_name": "Socionics", "system_vote_count": 26, "user_vote_type_id": 0, "vote_id": 0}, {"hex_color": "#888888", "id": 9, "personality_type": "XXXX", "personality_type_id": 0, "system_name": "Big 5 (SLOAN)", "system_vote_count": 19, "user_vote_type_id": 0, "vote_id": 0}, {"hex_color": "#888888", "id": 8, "personality_type": "XXXX", "personality_type_id": 0, "system_name": "Attitudinal Psyche", "system_vote_count": 13, "user_vote_type_id": 0, "vote_id": 0}, {"hex_color": "#888888", "id": 7, "personality_type": "XXXX", "personality_type_id": 0, "system_name": "Temperaments", "system_vote_count": 35, "user_vote_type_id": 0, "vote_id": 0}, {"hex_color": "#888888", "id": 11, "personality_type": "XXXX", "personality_type_id": 0, "system_name": "Classic Jungian", "system_vote_count": 4, "user_vote_type_id": 0, "vote_id": 0}], "breakdown_systems": {"1": [{"myValue": "ISFP", "personality_system_id": 1, "personality_type": "ISFP", "theCount": 226}, {"myValue": "ESFP", "personality_system_id": 1, "personality_type": "ESFP", "theCount": 80}, {"myValue": "INFP", "personality_system_id": 1, "personality_type": "INFP", "theCount": 12}, {"myValue": "ENFP", "personality_system_id": 1, "personality_type": "ENFP", "theCount": 7}, {"myValue": "ISFJ", "personality_system_id": 1, "personality_type": "ISFJ", "theCount": 4}, {"myValue": "ENTJ", "personality_system_id": 1, "personality_type": "ENTJ", "theCount": 2}, {"myValue": "ESFJ", "personality_system_id": 1, "personality_type": "ESFJ", "theCount": 2}, {"myValue": "ISTP", "personality_system_id": 1, "personality_type": "ISTP", "theCount": 2}, {"myValue": "ESTP", "personality_system_id": 1, "personality_type": "ESTP", "theCount": 1}], "11": [{"myValue": "IS(F)", "personality_system_id": 11, "personality_type": "IS(F)", "theCount": 4}], "2": [{"myValue": "6w7", "personality_system_id": 2, "personality_type": "6w7", "theCount": 115}, {"myValue": "9w8", "personality_system_id": 2, "personality_type": "9w8", "theCount": 54}, {"myValue": "7w6", "personality_system_id": 2, "personality_type": "7w6", "theCount": 7}, {"myValue": "9w1", "personality_system_id": 2, "personality_type": "9w1", "theCount": 4}, {"myValue": "6w5", "personality_system_id": 2, "personality_type": "6w5", "theCount": 1}, {"myValue": "8w7", "personality_system_id": 2, "personality_type": "8w7", "theCount": 1}], "3": [{"myValue": "SEI", "personality_system_id": 3, "personality_type": "SEI", "theCount": 25}, {"myValue": "EII", "personality_system_id": 3, "personality_type": "EII", "theCount": 1}], "4": [{"myValue": "Chaotic Good", "personality_system_id": 4, "personality_type": "Chaotic Good", "theCount": 10}, {"myValue": "Neutral Good", "personality_system_id": 4, "personality_type": "Neutral Good", "theCount": 4}, {"myValue": "Chaotic Neutral", "personality_system_id": 4, "personality_type": "Chaotic Neutral", "theCount": 1}], "5": [{"myValue": "sp/so", "personality_system_id": 5, "personality_type": "sp/so", "theCount": 28}, {"myValue": "sp/sx", "personality_system_id": 5, "personality_type": "sp/sx", "theCount": 6}, {"myValue": "so/sp", "personality_system_id": 5, "personality_type": "so/sp", "theCount": 2}, {"myValue": "sx/sp", "personality_system_id": 5, "personality_type": "sx/sp", "theCount": 1}], "6": [{"myValue": "692", "personality_system_id": 6, "personality_type": "692", "theCount": 18}, {"myValue": "972", "personality_system_id": 6, "personality_type": "972", "theCount": 14}, {"myValue": "964", "personality_system_id": 6, "personality_type": "964", "theCount": 3}, {"myValue": "694", "personality_system_id": 6, "personality_type": "694", "theCount": 2}, {"myValue": "962", "personality_system_id": 6, "personality_type": "962", "theCount": 2}, {"myValue": "614", "personality_system_id": 6, "personality_type": "614", "theCount": 1}, {"myValue": "792", "personality_system_id": 6, "personality_type": "792", "theCount": 1}, {"myValue": "794", "personality_system_id": 6, "personality_type": "794", "theCount": 1}], "7": [{"myValue": "Phlegmatic-Sanguine", "personality_system_id": 7, "personality_type": "Phlegmatic-Sanguine", "theCount": 29}, {"myValue": "Sanguine-Phlegmatic", "personality_system_id": 7, "personality_type": "Sanguine-Phlegmatic", "theCount": 2}, {"myValue": "Melancholic [Dominant]", "personality_system_id": 7, "personality_type": "Melancholic [Dominant]", "theCount": 1}, {"myValue": "Phlegmatic [Dominant]", "personality_system_id": 7, "personality_type": "Phlegmatic [Dominant]", "theCount": 1}, {"myValue": "Phlegmatic-Melancholic", "personality_system_id": 7, "personality_type": "Phlegmatic-Melancholic", "theCount": 1}, {"myValue": "Sanguine [Dominant]", "personality_system_id": 7, "personality_type": "Sanguine [Dominant]", "theCount": 1}], "8": [{"myValue": "FELV", "personality_system_id": 8, "personality_type": "FELV", "theCount": 7}, {"myValue": "LEFV", "personality_system_id": 8, "personality_type": "LEFV", "theCount": 4}, {"myValue": "EFLV", "personality_system_id": 8, "personality_type": "EFLV", "theCount": 1}, {"myValue": "FEVL", "personality_system_id": 8, "personality_type": "FEVL", "theCount": 1}], "9": [{"myValue": "RLUAN", "personality_system_id": 9, "personality_type": "RLUAN", "theCount": 13}, {"myValue": "SLUAN", "personality_system_id": 9, "personality_type": "SLUAN", "theCount": 4}, {"myValue": "RCUAN", "personality_system_id": 9, "personality_type": "RCUAN", "theCount": 1}, {"myValue": "RLOAI", "personality_system_id": 9, "personality_type": "RLOAI", "theCount": 1}]}, "breakdown_config": {"expand": {"1": 3, "11": 1, "2": 3, "3": 1, "4": 1, "5": 1, "6": 2, "7": 1, "8": 1, "9": 1}, "fire": {"1": 0, "11": 0, "2": 0, "3": 0, "4": 0, "5": 0, "6": 1, "7": 0, "8": 0, "9": 0}}, "mbti_letter_stats": [{"type": "I", "percentage": "73%", "PercentageFloat": 0.7261904761904762}, {"type": "S", "percentage": "94%", "PercentageFloat": 0.9375}, {"type": "F", "percentage": "99%", "PercentageFloat": 0.9851190476190477}, {"type": "P", "percentage": "98%", "PercentageFloat": 0.9761904761904762}], "topic_info": {"can_generate": false, "topic": {"description": "", "follow_count": 1, "id": 9771, "is_following": false, "is_join_pending": false, "is_banned": false, "is_moderated": false, "name_readable": "Shaggy Rogers", "post_count": 3, "source_profile_id": 10452, "source_type": "profile", "join_to_post": false, "can_pin": false, "related_topics": [{"description": "", "follow_count": 1, "id": 9773, "is_following": false, "is_join_pending": false, "is_banned": false, "is_moderated": false, "name_readable": "Velma Dinkley", "post_count": 16, "source_profile_id": 10454, "source_type": "profile", "image": {"picURL": "https://static1.personality-database.com/profile_images/cfa2c3355fcc46cc9eed0401d36b73a1.png"}, "join_to_post": false, "can_pin": false}, {"description": "", "follow_count": 1, "id": 9771, "is_following": false, "is_join_pending": false, "is_banned": false, "is_moderated": false, "name_readable": "Shaggy Rogers", "post_count": 3, "source_profile_id": 10452, "source_type": "profile", "image": {"picURL": "https://static1.personality-database.com/profile_images/aef8f0399f9447afa442602a910e7abc.png"}, "join_to_post": false, "can_pin": false}, {"description": "", "follow_count": 0, "id": 9772, "is_following": false, "is_join_pending": false, "is_banned": false, "is_moderated": false, "name_readable": "Daphne Blake", "post_count": 2, "source_profile_id": 10453, "source_type": "profile", "image": {"picURL": "https://static1.personality-database.com/profile_images/ba92c49e3aeb43b880104006e00a3a22.png"}, "join_to_post": false, "can_pin": false}, {"description": "#ESTJHeroes", "follow_count": 0, "id": 9770, "is_following": false, "is_join_pending": false, "is_banned": false, "is_moderated": false, "name_readable": "Fred Jones", "post_count": 1, "source_profile_id": 10451, "source_type": "profile", "image": {"picURL": "https://static1.personality-database.com/profile_images/414c042ec7a14a6e90d0afa06db83da4.png"}, "join_to_post": false, "can_pin": false}, {"description": "", "follow_count": 0, "id": 169774, "is_following": false, "is_join_pending": false, "is_banned": false, "is_moderated": false, "name_readable": "The Shagster", "post_count": 1, "source_profile_id": 219903, "source_type": "profile", "image": {"picURL": "https://static1.personality-database.com/profile_images/57c2ddcecbfa407b868a7b1aa6d247ad.png"}, "join_to_post": false, "can_pin": false}, {"description": "", "follow_count": 0, "id": 9769, "is_following": false, "is_join_pending": false, "is_banned": false, "is_moderated": false, "name_readable": "Scooby-Doo", "post_count": 0, "source_profile_id": 10450, "source_type": "profile", "image": {"picURL": "https://static1.personality-database.com/profile_images/89479d3d6d194c22a1d68f5fa29eb300.png"}, "join_to_post": false, "can_pin": false}, {"description": "Personality\nScrappy idolized his uncle Scooby and would often assist Scooby and his friends in solving mysteries.\n\nWith a highly energetic and brave personality, despite his small size, Scrappy was the opposite of his uncle; Scrappy would usually insist on trying to directly fight the various monsters Scooby and his associates encountered. But, there were times when he showed a little cowardice.\n\nWhen he started traveling with Scooby, he was very naive on how do deal with danger, but as he gets older, he learned that there's a time to be bold and to retreat.\n\nHe feels great sadness when he feels that the people he loves is gone for good as shown when he thought Scooby was taken to Ancient Arabia with genies and when Daphne fell into an eternal slumber and won't wake up\nhttps://scoobydoo.fandom.com/wiki/Scrappy-Doo\n", "follow_count": 0, "id": 81872, "is_following": false, "is_join_pending": false, "is_banned": false, "is_moderated": false, "name_readable": "Scrappy-Doo", "post_count": 0, "source_profile_id": 102794, "source_type": "profile", "image": {"picURL": "https://static1.personality-database.com/profile_images/4563e17b9c0043cfb6a1128a3718c2ce.png"}, "join_to_post": false, "can_pin": false}, {"description": "", "follow_count": 0, "id": 169773, "is_following": false, "is_join_pending": false, "is_banned": false, "is_moderated": false, "name_readable": "Skoob", "post_count": 0, "source_profile_id": 219902, "source_type": "profile", "image": {"picURL": "https://www.personality-database.com/images/profile_transparent.png"}, "join_to_post": false, "can_pin": false}], "subcategory": "Scooby-Doo, Where Are You! (1969)", "topic_image_url": "https://static1.personality-database.com/profile_images/aef8f0399f9447afa442602a910e7abc.png", "source_location": {"cid": 7, "pid": 2, "sub_cat_id": 1388}, "can_post_image": false, "can_post_audio": false, "posts": {"posts": [{"username": "BruJu", "user_pic_path": "https://lh3.googleusercontent.com/a-/AOh14GjxsWyhbcsCwqeZg-PyDt-hcz83H8r15-UWWQPEhA=s96-c", "user_personality_type": "ISFP-9w8-946", "is_mod": false, "comment_count": 0, "reply_count": 0, "vote_type": 0, "topics_list": [{"id": 9771, "name_readable": "Shaggy Rogers"}], "id": 391419, "post_id": 391419, "user_id": 551296, "title": "", "content": "ISFP. 7w6.", "create_date": 1643590127000, "unix_timestamp": 1643590127000, "update_date": 1643590127000, "vote_count": 0, "vote_count_down": 0, "is_reported": 1, "is_hidden": false, "is_pinned": false, "is_watching": false, "is_pro_user": false, "images": null, "audios": null, "function_list": [], "type": "post"}, {"username": "The FLEV-matic", "user_pic_path": "https://lh3.googleusercontent.com/a-/AOh14GhPU6Lf3VEkE9wGIcIq7YowS2zBT9padd8RZEUjJA=s96-c", "user_personality_type": "ISTP-9w8-947", "is_mod": false, "comment_count": 0, "reply_count": 0, "vote_type": 0, "topics_list": [{"id": 9771, "name_readable": "Shaggy Rogers"}], "id": 188690, "post_id": 188690, "user_id": 231443, "title": "", "content": "Honestly a great example of a 6w7", "create_date": 1636495755000, "unix_timestamp": 1636495755000, "update_date": 1636495755000, "vote_count": 6, "vote_count_down": 0, "is_reported": 0, "is_hidden": false, "is_pinned": false, "is_watching": false, "is_pro_user": false, "images": null, "audios": null, "function_list": [], "type": "post"}, {"username": "edwinchankhoo", "user_pic_path": "https://lh3.googleusercontent.com/a-/AOh14GhJn_1fp-7zCxnOyXURZAzrGEJtqNPEDBG6XaWRSw=s96-c", "user_personality_type": "ENFP-3w2-379", "is_mod": false, "comment_count": 3, "reply_count": 3, "vote_type": 0, "topics_list": [{"id": 9771, "name_readable": "Shaggy Rogers"}], "id": 854977, "post_id": 854977, "user_id": 235125, "title": "", "content": "He is an ENTJ that is using his ISFP persona to mask his true self,that is he is a god that can destroy the scooby universe but chooses not too because he loves food, shaggy has the same type as these ENTJ,nikado avacodo, and onision two very healthy ENTJ", "create_date": 1628842683000, "unix_timestamp": 1628842683000, "update_date": 1628842683000, "vote_count": 50, "vote_count_down": 0, "is_reported": 1, "is_hidden": false, "is_pinned": false, "is_watching": false, "is_pro_user": false, "images": null, "audios": null, "function_list": [], "type": "post"}]}}}}