{"id": 10887, "mbti_profile": "Varrick", "profile_name_searchable": "varrick", "allow_commenting": true, "allow_voting": true, "user_id": 4638, "contributor": "Trisk", "contributor_create_date": "2018-03-21 20:53:46", "contributor_pic_path": "https://lh3.googleusercontent.com/a-/AOh14GjOy4ps05gWy-3yqNnk8wBwDw9FOqnrBMtiA0abwg=s96-c", "display_order": 0, "edit_lock": 0, "edit_lock_picture": 0, "is_active": true, "is_approved": true, "mbti_enneagram_type": "ENTP 7w8", "mbti_type": "ENTP 7w8", "pdb_comment_access": true, "pdb_page_owner": 0, "pdb_public_access": true, "wiki_description": "Zhu Li, do the thing!", "watch_count": 299, "comment_count": 81, "vote_count": 365, "vote_count_enneagram": 164, "vote_count_mbti": 365, "total_vote_counts": 718, "personality_type": "ENTP - 7w8 - sp/sx - 738 - LIE - SCUEI - VLFE - Sanguine-Choleric", "type_updated_date": "2022-09-23 05:16:02", "enneagram_vote": "", "enneagram_vote_id": 0, "mbti_vote": "", "mbti_vote_id": 0, "is_watching": false, "image_exists": false, "profile_image_url": "https://static1.personality-database.com/profile_images/eddadcd5189346cfb60cd071119ca625.png", "profile_image_credit": "", "profile_image_credit_id": 198788, "profile_image_credit_type": "0", "profile_image_credit_url": "", "alt_subcategory": "", "related_subcategories": "", "cat_id": 7, "category": "Cartoons", "category_is_fictional": true, "sub_cat_id": 136, "subcategory": "The Legend of Korra (2012)", "subcat_link_info": {"sub_cat_id": 136, "cat_id": 7, "property_id": 2, "subcategory": "The Legend of Korra (2012)"}, "related_subcat_link_info": null, "related_profiles": [{"id": 1276, "mbti_profile": "Korra", "subcategory": "The Legend of Korra (2012)", "profile_image_url": "https://static1.personality-database.com/profile_images/d605f96b817b40ec8b2cdba37acedddf.png", "profile_name": "Korra", "profile_subcat": "The Legend of Korra (2012)", "sub_cat_id": 136, "cat_id": 7, "property_id": 2, "mbti": "ESFP", "enneatype": "8w7"}, {"id": 1949, "mbti_profile": "Asami Sato", "subcategory": "The Legend of Korra (2012)", "profile_image_url": "https://static1.personality-database.com/profile_images/fd98e35e7f804d81b7ad29e66c33df32.png", "profile_name": "Asami Sato", "profile_subcat": "The Legend of Korra (2012)", "sub_cat_id": 136, "cat_id": 7, "property_id": 2, "mbti": "ISFJ", "enneatype": "2w3"}, {"id": 2594, "mbti_profile": "Kuvira", "subcategory": "The Legend of Korra (2012)", "profile_image_url": "https://static1.personality-database.com/profile_images/cff9e0f68cad405297eccf129310a174.png", "profile_name": "Kuvira", "profile_subcat": "The Legend of Korra (2012)", "sub_cat_id": 136, "cat_id": 7, "property_id": 2, "mbti": "ENTJ", "enneatype": "8w9"}, {"id": 2595, "mbti_profile": "Zaheer", "subcategory": "The Legend of Korra (2012)", "profile_image_url": "https://static1.personality-database.com/profile_images/ff48e444a14e4ec7bd5ba126e6a69f3c.png", "profile_name": "Zaheer", "profile_subcat": "The Legend of Korra (2012)", "sub_cat_id": 136, "cat_id": 7, "property_id": 2, "mbti": "INFJ", "enneatype": "1w9"}, {"id": 1275, "mbti_profile": "Mako", "subcategory": "The Legend of Korra (2012)", "profile_image_url": "https://static1.personality-database.com/profile_images/9d5fd60d9da340d085768680d0fabed4.png", "profile_name": "Mako", "profile_subcat": "The Legend of Korra (2012)", "sub_cat_id": 136, "cat_id": 7, "property_id": 2, "mbti": "ISTP", "enneatype": "6w5"}, {"id": 1274, "mbti_profile": "Bolin", "subcategory": "The Legend of Korra (2012)", "profile_image_url": "https://static1.personality-database.com/profile_images/a62170f3c5ff428b8f169618023688b9.png", "profile_name": "Bolin", "profile_subcat": "The Legend of Korra (2012)", "sub_cat_id": 136, "cat_id": 7, "property_id": 2, "mbti": "ENFP", "enneatype": "7w6"}, {"id": 35034, "mbti_profile": "Eska", "subcategory": "The Legend of Korra (2012)", "profile_image_url": "https://static1.personality-database.com/profile_images/1600745eb96a4c328ce6718675940d73.png", "profile_name": "Eska", "profile_subcat": "The Legend of Korra (2012)", "sub_cat_id": 136, "cat_id": 7, "property_id": 2, "mbti": "INTJ", "enneatype": "8w9"}, {"id": 2593, "mbti_profile": "Noatak \"Amon\"", "subcategory": "The Legend of Korra (2012)", "profile_image_url": "https://static1.personality-database.com/profile_images/0f8b13422ab94103bd53fd2af00aca35.png", "profile_name": "Noatak \"Amon\"", "profile_subcat": "The Legend of Korra (2012)", "sub_cat_id": 136, "cat_id": 7, "property_id": 2, "mbti": "INTJ", "enneatype": "1w9"}], "functions": ["Ne", "Ti", "Fe", "Si"], "systems": [{"hex_color": "#888888", "id": 1, "personality_type": "XXXX", "personality_type_id": 0, "system_name": "Four Letter", "system_vote_count": 354, "user_vote_type_id": 0, "vote_id": 0}, {"hex_color": "#006775", "id": 2, "personality_type": "XXXX", "personality_type_id": 0, "system_name": "Enneagram", "system_vote_count": 158, "user_vote_type_id": 0, "vote_id": 0}, {"hex_color": "#006775", "id": 5, "personality_type": "XXXX", "personality_type_id": 0, "system_name": "Instinctual Variant", "system_vote_count": 52, "user_vote_type_id": 0, "vote_id": 0}, {"hex_color": "#006775", "id": 6, "personality_type": "XXXX", "personality_type_id": 0, "system_name": "Tritype", "system_vote_count": 37, "user_vote_type_id": 0, "vote_id": 0}, {"hex_color": "#888888", "id": 3, "personality_type": "XXXX", "personality_type_id": 0, "system_name": "Socionics", "system_vote_count": 29, "user_vote_type_id": 0, "vote_id": 0}, {"hex_color": "#888888", "id": 9, "personality_type": "XXXX", "personality_type_id": 0, "system_name": "Big 5 (SLOAN)", "system_vote_count": 20, "user_vote_type_id": 0, "vote_id": 0}, {"hex_color": "#888888", "id": 8, "personality_type": "XXXX", "personality_type_id": 0, "system_name": "Attitudinal Psyche", "system_vote_count": 7, "user_vote_type_id": 0, "vote_id": 0}, {"hex_color": "#888888", "id": 7, "personality_type": "XXXX", "personality_type_id": 0, "system_name": "Temperaments", "system_vote_count": 37, "user_vote_type_id": 0, "vote_id": 0}, {"hex_color": "#888888", "id": 11, "personality_type": "XXXX", "personality_type_id": 0, "system_name": "Classic Jungian", "system_vote_count": 1, "user_vote_type_id": 0, "vote_id": 0}], "breakdown_systems": {"1": [{"myValue": "ENTP", "personality_system_id": 1, "personality_type": "ENTP", "theCount": 345}, {"myValue": "ENFP", "personality_system_id": 1, "personality_type": "ENFP", "theCount": 4}, {"myValue": "INTJ", "personality_system_id": 1, "personality_type": "INTJ", "theCount": 2}, {"myValue": "ESTP", "personality_system_id": 1, "personality_type": "ESTP", "theCount": 1}, {"myValue": "INTP", "personality_system_id": 1, "personality_type": "INTP", "theCount": 1}, {"myValue": "ISFJ", "personality_system_id": 1, "personality_type": "ISFJ", "theCount": 1}], "11": [{"myValue": "EN(T)", "personality_system_id": 11, "personality_type": "EN(T)", "theCount": 1}], "2": [{"myValue": "7w8", "personality_system_id": 2, "personality_type": "7w8", "theCount": 150}, {"myValue": "3w4", "personality_system_id": 2, "personality_type": "3w4", "theCount": 3}, {"myValue": "7w6", "personality_system_id": 2, "personality_type": "7w6", "theCount": 2}, {"myValue": "8w7", "personality_system_id": 2, "personality_type": "8w7", "theCount": 2}, {"myValue": "4w5", "personality_system_id": 2, "personality_type": "4w5", "theCount": 1}], "3": [{"myValue": "LIE", "personality_system_id": 3, "personality_type": "LIE", "theCount": 18}, {"myValue": "ILE", "personality_system_id": 3, "personality_type": "ILE", "theCount": 10}, {"myValue": "EIE", "personality_system_id": 3, "personality_type": "EIE", "theCount": 1}], "4": [{"myValue": "Chaotic Neutral", "personality_system_id": 4, "personality_type": "Chaotic Neutral", "theCount": 22}, {"myValue": "Chaotic Good", "personality_system_id": 4, "personality_type": "Chaotic Good", "theCount": 1}], "5": [{"myValue": "sp/sx", "personality_system_id": 5, "personality_type": "sp/sx", "theCount": 24}, {"myValue": "so/sx", "personality_system_id": 5, "personality_type": "so/sx", "theCount": 17}, {"myValue": "sp/so", "personality_system_id": 5, "personality_type": "sp/so", "theCount": 9}, {"myValue": "sx/so", "personality_system_id": 5, "personality_type": "sx/so", "theCount": 2}], "6": [{"myValue": "738", "personality_system_id": 6, "personality_type": "738", "theCount": 33}, {"myValue": "739", "personality_system_id": 6, "personality_type": "739", "theCount": 2}, {"myValue": "379", "personality_system_id": 6, "personality_type": "379", "theCount": 1}, {"myValue": "731", "personality_system_id": 6, "personality_type": "731", "theCount": 1}], "7": [{"myValue": "Sanguine-Choleric", "personality_system_id": 7, "personality_type": "Sanguine-Choleric", "theCount": 31}, {"myValue": "Sanguine [Dominant]", "personality_system_id": 7, "personality_type": "Sanguine [Dominant]", "theCount": 4}, {"myValue": "Sanguine-Phlegmatic", "personality_system_id": 7, "personality_type": "Sanguine-Phlegmatic", "theCount": 2}], "8": [{"myValue": "VLFE", "personality_system_id": 8, "personality_type": "VLFE", "theCount": 5}, {"myValue": "FVLE", "personality_system_id": 8, "personality_type": "FVLE", "theCount": 2}], "9": [{"myValue": "SCUEI", "personality_system_id": 9, "personality_type": "SCUEI", "theCount": 20}]}, "breakdown_config": {"expand": {"1": 3, "11": 1, "2": 3, "3": 2, "4": 1, "5": 2, "6": 1, "7": 1, "8": 1, "9": 1}, "fire": {"1": 0, "11": 0, "2": 0, "3": 1, "4": 0, "5": 1, "6": 0, "7": 0, "8": 0, "9": 0}}, "mbti_letter_stats": [{"type": "E", "percentage": "99%", "PercentageFloat": 0.9887005649717514}, {"type": "N", "percentage": "99%", "PercentageFloat": 0.9943502824858758}, {"type": "T", "percentage": "99%", "PercentageFloat": 0.9858757062146892}, {"type": "P", "percentage": "99%", "PercentageFloat": 0.9915254237288136}], "topic_info": {"can_generate": false, "topic": {"description": "Zhu Li, do the thing!", "follow_count": 1, "id": 10183, "is_following": false, "is_join_pending": false, "is_banned": false, "is_moderated": false, "name_readable": "Iknik Blackstone Varrick", "post_count": 1, "source_profile_id": 10887, "source_type": "profile", "join_to_post": false, "can_pin": false, "related_topics": [{"description": "Avatar Korra is the title lead character in Nickelodeon's animated television series The Legend of Korra, in which she is depicted as the current incarnation of Raava's Avatar \u2013 the spiritual embodiment of balance and change \u2013 responsible for maintaining peace and harmony in the world. She is the immediate reincarnation of Avatar Aang.", "follow_count": 1, "id": 1197, "is_following": false, "is_join_pending": false, "is_banned": false, "is_moderated": false, "name_readable": "Korra", "post_count": 12, "source_profile_id": 1276, "source_type": "profile", "image": {"picURL": "https://static1.personality-database.com/profile_images/d605f96b817b40ec8b2cdba37acedddf.png"}, "join_to_post": false, "can_pin": false}, {"description": "#ISFJHeroes", "follow_count": 2, "id": 1822, "is_following": false, "is_join_pending": false, "is_banned": false, "is_moderated": false, "name_readable": "Asami Sato", "post_count": 11, "source_profile_id": 1949, "source_type": "profile", "image": {"picURL": "https://static1.personality-database.com/profile_images/fd98e35e7f804d81b7ad29e66c33df32.png"}, "join_to_post": false, "can_pin": false}, {"description": "", "follow_count": 0, "id": 1196, "is_following": false, "is_join_pending": false, "is_banned": false, "is_moderated": false, "name_readable": "Mako", "post_count": 7, "source_profile_id": 1275, "source_type": "profile", "image": {"picURL": "https://static1.personality-database.com/profile_images/9d5fd60d9da340d085768680d0fabed4.png"}, "join_to_post": false, "can_pin": false}, {"description": "\u201cGet rid of the earthly current. Enter the void. Empty yourself and become the wind.\u201d\n\n#AntiVillains", "follow_count": 0, "id": 2370, "is_following": false, "is_join_pending": false, "is_banned": false, "is_moderated": false, "name_readable": "Zaheer", "post_count": 3, "source_profile_id": 2595, "source_type": "profile", "image": {"picURL": "https://static1.personality-database.com/profile_images/ff48e444a14e4ec7bd5ba126e6a69f3c.png"}, "join_to_post": false, "can_pin": false}, {"description": "#KuudereCharacters #YandereCharacters", "follow_count": 0, "id": 31376, "is_following": false, "is_join_pending": false, "is_banned": false, "is_moderated": false, "name_readable": "Eska", "post_count": 2, "source_profile_id": 35034, "source_type": "profile", "image": {"picURL": "https://static1.personality-database.com/profile_images/1600745eb96a4c328ce6718675940d73.png"}, "join_to_post": false, "can_pin": false}, {"description": "#ESTJHeroes", "follow_count": 0, "id": 10185, "is_following": false, "is_join_pending": false, "is_banned": false, "is_moderated": false, "name_readable": "Lin Beifong", "post_count": 2, "source_profile_id": 10889, "source_type": "profile", "image": {"picURL": "https://static1.personality-database.com/profile_images/bcc4f6becf18430683566dc57237129d.png"}, "join_to_post": false, "can_pin": false}, {"description": "", "follow_count": 0, "id": 41706, "is_following": false, "is_join_pending": false, "is_banned": false, "is_moderated": false, "name_readable": "General Iroh", "post_count": 1, "source_profile_id": 47466, "source_type": "profile", "image": {"picURL": "https://static1.personality-database.com/profile_images/6dce89c984104197b1b3599eccc42739.png"}, "join_to_post": false, "can_pin": false}, {"description": "", "follow_count": 0, "id": 32575, "is_following": false, "is_join_pending": false, "is_banned": false, "is_moderated": false, "name_readable": "Baatar Jr", "post_count": 1, "source_profile_id": 36414, "source_type": "profile", "image": {"picURL": "https://static1.personality-database.com/profile_images/8d458faa6e3040e09311b032a2f11ae9.png"}, "join_to_post": false, "can_pin": false}, {"description": "Dedicated to her task as protector of the world's balance, Raava could be abrasive to anyone who posed a threat to it. Although she fought Vaatu for the betterment of both spirits and humans, she could be judgmental toward humankind, deeming them all to be incapable of nobility, courage, and care for anyone else besides themselves. As such, she was quick to blame Wan for his mistakes and remained alert for further errors. However, over time, she realized that she had been too harsh to judge all humans to be the same and came to care deeply for Wan and his future reincarnations; each reincarnation of the Avatar allowed Raava to experience what it truly meant to be human and come closer to understanding them.", "follow_count": 0, "id": 32580, "is_following": false, "is_join_pending": false, "is_banned": false, "is_moderated": false, "name_readable": "Raava", "post_count": 1, "source_profile_id": 36419, "source_type": "profile", "image": {"picURL": "https://static1.personality-database.com/profile_images/4e5ed5d6d95743ed94d107ad9877ac35.png"}, "join_to_post": false, "can_pin": false}, {"description": "#StevenYeun", "follow_count": 0, "id": 10190, "is_following": false, "is_join_pending": false, "is_banned": false, "is_moderated": false, "name_readable": "Wan", "post_count": 1, "source_profile_id": 10894, "source_type": "profile", "image": {"picURL": "https://static1.personality-database.com/profile_images/74971b42315f46d3933a3d388d728e18.png"}, "join_to_post": false, "can_pin": false}, {"description": "", "follow_count": 0, "id": 10186, "is_following": false, "is_join_pending": false, "is_banned": false, "is_moderated": false, "name_readable": "Zhu Li", "post_count": 1, "source_profile_id": 10890, "source_type": "profile", "image": {"picURL": "https://static1.personality-database.com/profile_images/c9dd7fc9f513477793e6c3cf11b3f487.png"}, "join_to_post": false, "can_pin": false}, {"description": "Zhu Li, do the thing!", "follow_count": 1, "id": 10183, "is_following": false, "is_join_pending": false, "is_banned": false, "is_moderated": false, "name_readable": "Iknik Blackstone Varrick", "post_count": 1, "source_profile_id": 10887, "source_type": "profile", "image": {"picURL": "https://static1.personality-database.com/profile_images/eddadcd5189346cfb60cd071119ca625.png"}, "join_to_post": false, "can_pin": false}, {"description": "", "follow_count": 0, "id": 8560, "is_following": false, "is_join_pending": false, "is_banned": false, "is_moderated": false, "name_readable": "Tenzin", "post_count": 1, "source_profile_id": 9158, "source_type": "profile", "image": {"picURL": "https://static1.personality-database.com/profile_images/879cb65bb9874507a117f3214b7a8403.png"}, "join_to_post": false, "can_pin": false}, {"description": "", "follow_count": 0, "id": 1195, "is_following": false, "is_join_pending": false, "is_banned": false, "is_moderated": false, "name_readable": "Bolin", "post_count": 1, "source_profile_id": 1274, "source_type": "profile", "image": {"picURL": "https://static1.personality-database.com/profile_images/a62170f3c5ff428b8f169618023688b9.png"}, "join_to_post": false, "can_pin": false}, {"description": "Noatak/Amon is the first villain in the legend of Korra, initially he turns out to be a relentless non-bender leader with strong spiritual connections, only to later discover that he is actually a Bloodbender, son of the famous Yakone.\n#AntiVillains", "follow_count": 0, "id": 2368, "is_following": false, "is_join_pending": false, "is_banned": false, "is_moderated": false, "name_readable": "Noatak \"Amon\"", "post_count": 1, "source_profile_id": 2593, "source_type": "profile", "image": {"picURL": "https://static1.personality-database.com/profile_images/0f8b13422ab94103bd53fd2af00aca35.png"}, "join_to_post": false, "can_pin": false}, {"description": "A 22-years-old shut-in who gains airbending ability in Book 3.", "follow_count": 0, "id": 260633, "is_following": false, "is_join_pending": false, "is_banned": false, "is_moderated": false, "name_readable": "Ryu", "post_count": 1, "source_profile_id": 338797, "source_type": "profile", "image": {"picURL": "https://static1.personality-database.com/profile_images/713100a2fa174658a4d5931324d8516f.png"}, "join_to_post": false, "can_pin": false}], "subcategory": "The Legend of Korra (2012)", "topic_image_url": "https://static1.personality-database.com/profile_images/eddadcd5189346cfb60cd071119ca625.png", "source_location": {"cid": 7, "pid": 2, "sub_cat_id": 136}, "can_post_image": false, "can_post_audio": false, "posts": {"posts": [{"username": "Lonely_chickenstrips", "user_pic_path": "https://static1.personality-database.com/user_avatars/1548173/46f74b56-3b6e-4cb3-a6b6-f10844f08563.jpeg", "user_personality_type": "ENTP-8w7-874", "is_mod": false, "comment_count": 0, "reply_count": 0, "vote_type": 0, "topics_list": [{"id": 10183, "name_readable": "Iknik Blackstone Varrick"}], "id": 2178082, "post_id": 2178082, "user_id": 1548173, "title": "", "content": "He is just so me", "create_date": 1673588973000, "unix_timestamp": 1673588973000, "update_date": 1673588973000, "vote_count": 0, "vote_count_down": 0, "is_reported": 0, "is_hidden": false, "is_pinned": false, "is_watching": false, "is_pro_user": false, "images": null, "audios": null, "function_list": [], "type": "post"}]}}}}