{"id": 1104, "mbti_profile": "Mason \u201cDipper\u201d Pines", "profile_name_searchable": "dipperpines", "allow_commenting": true, "allow_voting": true, "user_id": 191, "contributor": "Vanina Mediza", "contributor_create_date": "2015-08-20 00:48:58", "contributor_pic_path": "https://lh3.googleusercontent.com/-XdUIqdMkCWA/AAAAAAAAAAI/AAAAAAAAAAA/4252rscbv5M/photo.jpg", "display_order": 1050, "edit_lock": 0, "edit_lock_picture": 1, "is_active": true, "is_approved": true, "mbti_enneagram_type": "INTP 6w5", "mbti_type": "INTP 6w5", "pdb_comment_access": true, "pdb_page_owner": 0, "pdb_public_access": true, "wiki_description": "Mason \u201cDipper\u201d Pines (born August 31, 1999, 5 minutes after Mabel Pines) is a smart, curious, and adventurous 12-year-old boy spending the summer with his Great Uncle Stan in Gravity Falls, Oregon, where he and his sister constantly encounter the town's paranormal tendencies. Armed with a mysterious journal he found in a hidden place in a tree in the forest, he is the overall main protagonist of Gravity Falls and he seeks to uncover the town's mysterious secrets. Dipper is represented by the pine tree in the Zodiac.", "watch_count": 3959, "comment_count": 326, "vote_count": 1734, "vote_count_enneagram": 900, "vote_count_mbti": 1734, "total_vote_counts": 3768, "personality_type": "INTP - 6w5 - sp/so - 613 - LII - RLOAI - LVEF - Melancholic [Dominant] - IT(N)", "type_updated_date": "2022-11-19 17:52:07", "enneagram_vote": "", "enneagram_vote_id": 0, "mbti_vote": "", "mbti_vote_id": 0, "is_watching": false, "image_exists": false, "profile_image_url": "https://static1.personality-database.com/profile_images/5ffca5156f844e81969f603e08931a19.png", "profile_image_credit": "", "profile_image_credit_id": 0, "profile_image_credit_type": "0", "profile_image_credit_url": "", "alt_subcategory": "", "related_subcategories": "", "cat_id": 7, "category": "Cartoons", "category_is_fictional": true, "sub_cat_id": 120, "subcategory": "Gravity Falls (2012)", "subcat_link_info": {"sub_cat_id": 120, "cat_id": 7, "property_id": 2, "subcategory": "Gravity Falls (2012)"}, "related_subcat_link_info": null, "related_profiles": [{"id": 1105, "mbti_profile": "Mabel Pines", "subcategory": "Gravity Falls (2012)", "profile_image_url": "https://static1.personality-database.com/profile_images/7e9f3efdcc1d4c83bb7d69a90aa458a7.png", "profile_name": "Mabel Pines", "profile_subcat": "Gravity Falls (2012)", "sub_cat_id": 120, "cat_id": 7, "property_id": 2, "mbti": "ENFP", "enneatype": "7w6"}, {"id": 1229, "mbti_profile": "Bill Cipher", "subcategory": "Gravity Falls (2012)", "profile_image_url": "https://static1.personality-database.com/profile_images/910070e5c67c4ab190350d8e4cc3b0d6.png", "profile_name": "Bill Cipher", "profile_subcat": "Gravity Falls (2012)", "sub_cat_id": 120, "cat_id": 7, "property_id": 2, "mbti": "ENTP", "enneatype": "7w8"}, {"id": 1310, "mbti_profile": "Stanford Pines \u201cGrunkle Ford\u201d", "subcategory": "Gravity Falls (2012)", "profile_image_url": "https://static1.personality-database.com/profile_images/5923699ac0304b6b9276606422950663.png", "profile_name": "Stanford Pines \u201cGrunkle Ford\u201d", "profile_subcat": "Gravity Falls (2012)", "sub_cat_id": 120, "cat_id": 7, "property_id": 2, "mbti": "INTJ", "enneatype": "5w6"}, {"id": 1233, "mbti_profile": "Jesus \u201cSoos\u201d Ramirez", "subcategory": "Gravity Falls (2012)", "profile_image_url": "https://static1.personality-database.com/profile_images/f6a275e0be5a49ffaed34fc91c26040a.png", "profile_name": "Jesus \u201cSoos\u201d Ramirez", "profile_subcat": "Gravity Falls (2012)", "sub_cat_id": 120, "cat_id": 7, "property_id": 2, "mbti": "ENFP", "enneatype": "9w1"}, {"id": 1231, "mbti_profile": "Wendy Corduroy", "subcategory": "Gravity Falls (2012)", "profile_image_url": "https://static1.personality-database.com/profile_images/f18d0405a320464d91ad4cb2d6ccd41b.png", "profile_name": "Wendy Corduroy", "profile_subcat": "Gravity Falls (2012)", "sub_cat_id": 120, "cat_id": 7, "property_id": 2, "mbti": "ESTP", "enneatype": "9w8"}, {"id": 1106, "mbti_profile": "Stanley Pines \u201cGrunkle Stan\u201d", "subcategory": "Gravity Falls (2012)", "profile_image_url": "https://static1.personality-database.com/profile_images/2710cccb620842779fc54d2d7ceb4a9e.png", "profile_name": "Stanley Pines \u201cGrunkle Stan\u201d", "profile_subcat": "Gravity Falls (2012)", "sub_cat_id": 120, "cat_id": 7, "property_id": 2, "mbti": "ESTP", "enneatype": "8w7"}, {"id": 1238, "mbti_profile": "Gideon Gleeful", "subcategory": "Gravity Falls (2012)", "profile_image_url": "https://static1.personality-database.com/profile_images/6a49f617976346f98ddc5ab115093e8a.png", "profile_name": "Gideon Gleeful", "profile_subcat": "Gravity Falls (2012)", "sub_cat_id": 120, "cat_id": 7, "property_id": 2, "mbti": "ENTJ", "enneatype": "3w4"}, {"id": 39007, "mbti_profile": "Giffany", "subcategory": "Gravity Falls (2012)", "profile_image_url": "https://static1.personality-database.com/profile_images/430267cae4f1467494d83da09e03f614.png", "profile_name": "Giffany", "profile_subcat": "Gravity Falls (2012)", "sub_cat_id": 120, "cat_id": 7, "property_id": 2, "mbti": "ENFJ", "enneatype": "2w3"}], "functions": ["Ti", "Ne", "Si", "Fe"], "systems": [{"hex_color": "#888888", "id": 1, "personality_type": "XXXX", "personality_type_id": 0, "system_name": "Four Letter", "system_vote_count": 1698, "user_vote_type_id": 0, "vote_id": 0}, {"hex_color": "#006775", "id": 2, "personality_type": "XXXX", "personality_type_id": 0, "system_name": "Enneagram", "system_vote_count": 879, "user_vote_type_id": 0, "vote_id": 0}, {"hex_color": "#006775", "id": 5, "personality_type": "XXXX", "personality_type_id": 0, "system_name": "Instinctual Variant", "system_vote_count": 275, "user_vote_type_id": 0, "vote_id": 0}, {"hex_color": "#006775", "id": 6, "personality_type": "XXXX", "personality_type_id": 0, "system_name": "Tritype", "system_vote_count": 197, "user_vote_type_id": 0, "vote_id": 0}, {"hex_color": "#888888", "id": 3, "personality_type": "XXXX", "personality_type_id": 0, "system_name": "Socionics", "system_vote_count": 127, "user_vote_type_id": 0, "vote_id": 0}, {"hex_color": "#888888", "id": 9, "personality_type": "XXXX", "personality_type_id": 0, "system_name": "Big 5 (SLOAN)", "system_vote_count": 135, "user_vote_type_id": 0, "vote_id": 0}, {"hex_color": "#888888", "id": 8, "personality_type": "XXXX", "personality_type_id": 0, "system_name": "Attitudinal Psyche", "system_vote_count": 98, "user_vote_type_id": 0, "vote_id": 0}, {"hex_color": "#888888", "id": 7, "personality_type": "XXXX", "personality_type_id": 0, "system_name": "Temperaments", "system_vote_count": 265, "user_vote_type_id": 0, "vote_id": 0}, {"hex_color": "#888888", "id": 11, "personality_type": "XXXX", "personality_type_id": 0, "system_name": "Classic Jungian", "system_vote_count": 22, "user_vote_type_id": 0, "vote_id": 0}], "breakdown_systems": {"1": [{"myValue": "INTP", "personality_system_id": 1, "personality_type": "INTP", "theCount": 1518}, {"myValue": "INTJ", "personality_system_id": 1, "personality_type": "INTJ", "theCount": 71}, {"myValue": "ISTJ", "personality_system_id": 1, "personality_type": "ISTJ", "theCount": 28}, {"myValue": "INFP", "personality_system_id": 1, "personality_type": "INFP", "theCount": 22}, {"myValue": "ISTP", "personality_system_id": 1, "personality_type": "ISTP", "theCount": 15}, {"myValue": "INFJ", "personality_system_id": 1, "personality_type": "INFJ", "theCount": 10}, {"myValue": "ENTP", "personality_system_id": 1, "personality_type": "ENTP", "theCount": 9}, {"myValue": "ISFJ", "personality_system_id": 1, "personality_type": "ISFJ", "theCount": 6}, {"myValue": "ENFP", "personality_system_id": 1, "personality_type": "ENFP", "theCount": 4}, {"myValue": "ENFJ", "personality_system_id": 1, "personality_type": "ENFJ", "theCount": 3}, {"myValue": "ESFJ", "personality_system_id": 1, "personality_type": "ESFJ", "theCount": 3}, {"myValue": "ESFP", "personality_system_id": 1, "personality_type": "ESFP", "theCount": 3}, {"myValue": "ISFP", "personality_system_id": 1, "personality_type": "ISFP", "theCount": 3}, {"myValue": "ESTP", "personality_system_id": 1, "personality_type": "ESTP", "theCount": 2}, {"myValue": "ESTJ", "personality_system_id": 1, "personality_type": "ESTJ", "theCount": 1}], "10": [{"myValue": "Right-brained Introvert", "personality_system_id": 10, "personality_type": "Right-brained Introvert", "theCount": 2}], "11": [{"myValue": "IT(N)", "personality_system_id": 11, "personality_type": "IT(N)", "theCount": 15}, {"myValue": "IN(T)", "personality_system_id": 11, "personality_type": "IN(T)", "theCount": 5}, {"myValue": "IS(T)", "personality_system_id": 11, "personality_type": "IS(T)", "theCount": 1}, {"myValue": "IT(S)", "personality_system_id": 11, "personality_type": "IT(S)", "theCount": 1}], "2": [{"myValue": "6w5", "personality_system_id": 2, "personality_type": "6w5", "theCount": 699}, {"myValue": "5w6", "personality_system_id": 2, "personality_type": "5w6", "theCount": 142}, {"myValue": "5w4", "personality_system_id": 2, "personality_type": "5w4", "theCount": 16}, {"myValue": "6w7", "personality_system_id": 2, "personality_type": "6w7", "theCount": 6}, {"myValue": "2w3", "personality_system_id": 2, "personality_type": "2w3", "theCount": 5}, {"myValue": "1w2", "personality_system_id": 2, "personality_type": "1w2", "theCount": 3}, {"myValue": "4w5", "personality_system_id": 2, "personality_type": "4w5", "theCount": 2}, {"myValue": "3w4", "personality_system_id": 2, "personality_type": "3w4", "theCount": 1}, {"myValue": "7w8", "personality_system_id": 2, "personality_type": "7w8", "theCount": 1}, {"myValue": "8w7", "personality_system_id": 2, "personality_type": "8w7", "theCount": 1}, {"myValue": "8w9", "personality_system_id": 2, "personality_type": "8w9", "theCount": 1}, {"myValue": "9w1", "personality_system_id": 2, "personality_type": "9w1", "theCount": 1}, {"myValue": "9w8", "personality_system_id": 2, "personality_type": "9w8", "theCount": 1}], "3": [{"myValue": "LII", "personality_system_id": 3, "personality_type": "LII", "theCount": 96}, {"myValue": "ILE", "personality_system_id": 3, "personality_type": "ILE", "theCount": 20}, {"myValue": "ILI", "personality_system_id": 3, "personality_type": "ILI", "theCount": 5}, {"myValue": "EII", "personality_system_id": 3, "personality_type": "EII", "theCount": 1}, {"myValue": "ESE", "personality_system_id": 3, "personality_type": "ESE", "theCount": 1}, {"myValue": "ESI", "personality_system_id": 3, "personality_type": "ESI", "theCount": 1}, {"myValue": "LSE", "personality_system_id": 3, "personality_type": "LSE", "theCount": 1}, {"myValue": "LSI", "personality_system_id": 3, "personality_type": "LSI", "theCount": 1}, {"myValue": "SLI", "personality_system_id": 3, "personality_type": "SLI", "theCount": 1}], "4": [{"myValue": "Neutral Good", "personality_system_id": 4, "personality_type": "Neutral Good", "theCount": 60}, {"myValue": "Lawful Good", "personality_system_id": 4, "personality_type": "Lawful Good", "theCount": 4}, {"myValue": "True Neutral", "personality_system_id": 4, "personality_type": "True Neutral", "theCount": 3}, {"myValue": "Chaotic Evil", "personality_system_id": 4, "personality_type": "Chaotic Evil", "theCount": 1}, {"myValue": "Chaotic Good", "personality_system_id": 4, "personality_type": "Chaotic Good", "theCount": 1}, {"myValue": "Lawful Neutral", "personality_system_id": 4, "personality_type": "Lawful Neutral", "theCount": 1}], "5": [{"myValue": "sp/so", "personality_system_id": 5, "personality_type": "sp/so", "theCount": 191}, {"myValue": "so/sp", "personality_system_id": 5, "personality_type": "so/sp", "theCount": 61}, {"myValue": "sp/sx", "personality_system_id": 5, "personality_type": "sp/sx", "theCount": 12}, {"myValue": "so/sx", "personality_system_id": 5, "personality_type": "so/sx", "theCount": 6}, {"myValue": "sx/sp", "personality_system_id": 5, "personality_type": "sx/sp", "theCount": 3}, {"myValue": "sx/so", "personality_system_id": 5, "personality_type": "sx/so", "theCount": 2}], "6": [{"myValue": "613", "personality_system_id": 6, "personality_type": "613", "theCount": 124}, {"myValue": "694", "personality_system_id": 6, "personality_type": "694", "theCount": 17}, {"myValue": "513", "personality_system_id": 6, "personality_type": "513", "theCount": 15}, {"myValue": "614", "personality_system_id": 6, "personality_type": "614", "theCount": 7}, {"myValue": "612", "personality_system_id": 6, "personality_type": "612", "theCount": 4}, {"myValue": "641", "personality_system_id": 6, "personality_type": "641", "theCount": 4}, {"myValue": "514", "personality_system_id": 6, "personality_type": "514", "theCount": 3}, {"myValue": "631", "personality_system_id": 6, "personality_type": "631", "theCount": 3}, {"myValue": "548", "personality_system_id": 6, "personality_type": "548", "theCount": 2}, {"myValue": "549", "personality_system_id": 6, "personality_type": "549", "theCount": 2}, {"myValue": "638", "personality_system_id": 6, "personality_type": "638", "theCount": 2}, {"myValue": "639", "personality_system_id": 6, "personality_type": "639", "theCount": 2}, {"myValue": "125", "personality_system_id": 6, "personality_type": "125", "theCount": 1}, {"myValue": "127", "personality_system_id": 6, "personality_type": "127", "theCount": 1}, {"myValue": "259", "personality_system_id": 6, "personality_type": "259", "theCount": 1}, {"myValue": "287", "personality_system_id": 6, "personality_type": "287", "theCount": 1}, {"myValue": "541", "personality_system_id": 6, "personality_type": "541", "theCount": 1}, {"myValue": "592", "personality_system_id": 6, "personality_type": "592", "theCount": 1}, {"myValue": "593", "personality_system_id": 6, "personality_type": "593", "theCount": 1}, {"myValue": "594", "personality_system_id": 6, "personality_type": "594", "theCount": 1}, {"myValue": "649", "personality_system_id": 6, "personality_type": "649", "theCount": 1}, {"myValue": "693", "personality_system_id": 6, "personality_type": "693", "theCount": 1}, {"myValue": "783", "personality_system_id": 6, "personality_type": "783", "theCount": 1}, {"myValue": "827", "personality_system_id": 6, "personality_type": "827", "theCount": 1}], "7": [{"myValue": "Melancholic [Dominant]", "personality_system_id": 7, "personality_type": "Melancholic [Dominant]", "theCount": 215}, {"myValue": "Melancholic-Phlegmatic", "personality_system_id": 7, "personality_type": "Melancholic-Phlegmatic", "theCount": 22}, {"myValue": "Phlegmatic-Melancholic", "personality_system_id": 7, "personality_type": "Phlegmatic-Melancholic", "theCount": 8}, {"myValue": "Melancholic-Choleric", "personality_system_id": 7, "personality_type": "Melancholic-Choleric", "theCount": 7}, {"myValue": "Melancholic-Sanguine", "personality_system_id": 7, "personality_type": "Melancholic-Sanguine", "theCount": 3}, {"myValue": "Phlegmatic [Dominant]", "personality_system_id": 7, "personality_type": "Phlegmatic [Dominant]", "theCount": 3}, {"myValue": "Phlegmatic-Sanguine", "personality_system_id": 7, "personality_type": "Phlegmatic-Sanguine", "theCount": 2}, {"myValue": "Sanguine-Phlegmatic", "personality_system_id": 7, "personality_type": "Sanguine-Phlegmatic", "theCount": 2}, {"myValue": "Choleric-Phlegmatic", "personality_system_id": 7, "personality_type": "Choleric-Phlegmatic", "theCount": 1}, {"myValue": "Phlegmatic-Choleric", "personality_system_id": 7, "personality_type": "Phlegmatic-Choleric", "theCount": 1}, {"myValue": "Sanguine [Dominant]", "personality_system_id": 7, "personality_type": "Sanguine [Dominant]", "theCount": 1}], "8": [{"myValue": "LVEF", "personality_system_id": 8, "personality_type": "LVEF", "theCount": 63}, {"myValue": "LVFE", "personality_system_id": 8, "personality_type": "LVFE", "theCount": 19}, {"myValue": "LFVE", "personality_system_id": 8, "personality_type": "LFVE", "theCount": 8}, {"myValue": "EFVL", "personality_system_id": 8, "personality_type": "EFVL", "theCount": 2}, {"myValue": "VLEF", "personality_system_id": 8, "personality_type": "VLEF", "theCount": 2}, {"myValue": "EFLV", "personality_system_id": 8, "personality_type": "EFLV", "theCount": 1}, {"myValue": "LEFV", "personality_system_id": 8, "personality_type": "LEFV", "theCount": 1}, {"myValue": "LEVF", "personality_system_id": 8, "personality_type": "LEVF", "theCount": 1}, {"myValue": "LFEV", "personality_system_id": 8, "personality_type": "LFEV", "theCount": 1}], "9": [{"myValue": "RLOAI", "personality_system_id": 9, "personality_type": "RLOAI", "theCount": 115}, {"myValue": "RCOAI", "personality_system_id": 9, "personality_type": "RCOAI", "theCount": 9}, {"myValue": "RLOEI", "personality_system_id": 9, "personality_type": "RLOEI", "theCount": 4}, {"myValue": "RLUAI", "personality_system_id": 9, "personality_type": "RLUAI", "theCount": 2}, {"myValue": "SLOAI", "personality_system_id": 9, "personality_type": "SLOAI", "theCount": 2}, {"myValue": "SCUEN", "personality_system_id": 9, "personality_type": "SCUEN", "theCount": 1}, {"myValue": "SLOEI", "personality_system_id": 9, "personality_type": "SLOEI", "theCount": 1}, {"myValue": "SLUEN", "personality_system_id": 9, "personality_type": "SLUEN", "theCount": 1}]}, "breakdown_config": {"expand": {"1": 3, "10": 1, "11": 1, "2": 3, "3": 1, "4": 1, "5": 1, "6": 1, "7": 1, "8": 1, "9": 1}, "fire": {"1": 0, "10": 0, "11": 0, "2": 0, "3": 0, "4": 0, "5": 0, "6": 0, "7": 0, "8": 0, "9": 0}}, "mbti_letter_stats": [{"type": "I", "percentage": "99%", "PercentageFloat": 0.9852767962308598}, {"type": "N", "percentage": "96%", "PercentageFloat": 0.964075382803298}, {"type": "T", "percentage": "97%", "PercentageFloat": 0.9681978798586572}, {"type": "P", "percentage": "93%", "PercentageFloat": 0.928150765606596}], "topic_info": {"can_generate": false, "topic": {"description": "Mason \u201cDipper\u201d Pines (born August 31, 1999, 5 minutes after Mabel Pines) is a smart, curious, and adventurous 12-year-old boy spending the summer with his Great Uncle Stan in Gravity Falls, Oregon, where he and his sister constantly encounter the town's paranormal tendencies. Armed with a mysterious journal he found in a hidden place in a tree in the forest, he is the overall main protagonist of Gravity Falls and he seeks to uncover the town's mysterious secrets. Dipper is represented by the pine tree in the Zodiac.", "follow_count": 14, "id": 1040, "is_following": false, "is_join_pending": false, "is_banned": false, "is_moderated": false, "name_readable": "Mason \u201cDipper\u201d Pines", "post_count": 62, "source_profile_id": 1104, "source_type": "profile", "join_to_post": false, "can_pin": false, "related_topics": [{"description": "Mason \u201cDipper\u201d Pines (born August 31, 1999, 5 minutes after Mabel Pines) is a smart, curious, and adventurous 12-year-old boy spending the summer with his Great Uncle Stan in Gravity Falls, Oregon, where he and his sister constantly encounter the town's paranormal tendencies. Armed with a mysterious journal he found in a hidden place in a tree in the forest, he is the overall main protagonist of Gravity Falls and he seeks to uncover the town's mysterious secrets. Dipper is represented by the pine tree in the Zodiac.", "follow_count": 14, "id": 1040, "is_following": false, "is_join_pending": false, "is_banned": false, "is_moderated": false, "name_readable": "Mason \u201cDipper\u201d Pines", "post_count": 62, "source_profile_id": 1104, "source_type": "profile", "image": {"picURL": "https://static1.personality-database.com/profile_images/5ffca5156f844e81969f603e08931a19.png"}, "join_to_post": false, "can_pin": false}, {"description": "Bill Cipher is the overall main antagonist of Gravity Falls, being the overarching antagonist of Season 1 and the main antagonist of Season 2. He was a triangular dream demon, formerly existent only in the mindscape before succeeding in gaining access to the real world. He had been running amok in Gravity Falls, Oregon since being summoned by Stanford Pines over thirty years ago, and was also known for his mysterious demeanor and sadistic humor. Bill is the true main antagonist of Gravity Falls, although he doesn't play a central role in the series until the penultimate Season 1 episode \u201cDreamscaperers\u201d.\n\n#AlexHirsch", "follow_count": 6, "id": 1150, "is_following": false, "is_join_pending": false, "is_banned": false, "is_moderated": false, "name_readable": "Bill Cipher", "post_count": 50, "source_profile_id": 1229, "source_type": "profile", "image": {"picURL": "https://static1.personality-database.com/profile_images/910070e5c67c4ab190350d8e4cc3b0d6.png"}, "join_to_post": false, "can_pin": false}, {"description": "#ESTPHeroes", "follow_count": 0, "id": 1152, "is_following": false, "is_join_pending": false, "is_banned": false, "is_moderated": false, "name_readable": "Wendy Corduroy", "post_count": 34, "source_profile_id": 1231, "source_type": "profile", "image": {"picURL": "https://static1.personality-database.com/profile_images/f18d0405a320464d91ad4cb2d6ccd41b.png"}, "join_to_post": false, "can_pin": false}, {"description": "Mabel Pines (born August 31, 1999, 5 minutes before Dipper Pines) is a 12-year-old girl spending the summer with her Great Uncle Stan in Gravity Falls, Oregon, where she and her brother frequently encounter the supernatural. She takes a much less serious approach to life than her twin brother, as she navigates her way around odd, new surroundings. Mabel is represented by the Shooting Star in the Zodiac. #KristenSchaal", "follow_count": 12, "id": 1041, "is_following": false, "is_join_pending": false, "is_banned": false, "is_moderated": false, "name_readable": "Mabel Pines", "post_count": 27, "source_profile_id": 1105, "source_type": "profile", "image": {"picURL": "https://static1.personality-database.com/profile_images/7e9f3efdcc1d4c83bb7d69a90aa458a7.png"}, "join_to_post": false, "can_pin": false}, {"description": "#ISFPVillains", "follow_count": 2, "id": 9029, "is_following": false, "is_join_pending": false, "is_banned": false, "is_moderated": false, "name_readable": "Robbie Valentino", "post_count": 15, "source_profile_id": 9654, "source_type": "profile", "image": {"picURL": "https://static1.personality-database.com/profile_images/631d5ad706684d54aaf1f79b065482fb.png"}, "join_to_post": false, "can_pin": false}, {"description": "#AlexHirsch", "follow_count": 1, "id": 1154, "is_following": false, "is_join_pending": false, "is_banned": false, "is_moderated": false, "name_readable": "Jesus \u201cSoos\u201d Ramirez", "post_count": 14, "source_profile_id": 1233, "source_type": "profile", "image": {"picURL": "https://static1.personality-database.com/profile_images/f6a275e0be5a49ffaed34fc91c26040a.png"}, "join_to_post": false, "can_pin": false}, {"description": "Stanley \u201cStan\u201d Pines (born June 15, 1954, 15 minutes after his twin brother, Stanford Pines), also known as Grunkle Stan, and formerly under the assumed identity Stanford Pines, is Dipper and Mabel Pines' great uncle and summer guardian and a paternal uncle of Mr. Pines. After many years of crime and infamy, he has taken up residence in the remote town of Gravity Falls, Oregon, where he exploits local lore and the gullibility of the \"dumbest people in the world\" to finance himself by running a dubious tourist trap known as the Mystery Shack. Despite his initial claims of skepticism to the supernatural, he is later revealed to be deeply connected with the paranormal and about the town's weird paranormal status, most notably the decades-long operation of an interdimensional portal he used to rescue his twin brother, Stanford. He is the tritagonist of the series. Stan is represented on the Zodiac wheel as the crescent symbol present on his fez.\n\n#AlexHirsch\n#ESTPHeroes", "follow_count": 0, "id": 1042, "is_following": false, "is_join_pending": false, "is_banned": false, "is_moderated": false, "name_readable": "Stanley Pines \u201cGrunkle Stan\u201d", "post_count": 9, "source_profile_id": 1106, "source_type": "profile", "image": {"picURL": "https://static1.personality-database.com/profile_images/2710cccb620842779fc54d2d7ceb4a9e.png"}, "join_to_post": false, "can_pin": false}, {"description": "#ENFJVillains #YandereCharacters", "follow_count": 0, "id": 34862, "is_following": false, "is_join_pending": false, "is_banned": false, "is_moderated": false, "name_readable": "Giffany", "post_count": 9, "source_profile_id": 39007, "source_type": "profile", "image": {"picURL": "https://static1.personality-database.com/profile_images/430267cae4f1467494d83da09e03f614.png"}, "join_to_post": false, "can_pin": false}, {"description": "Stanford \u201cFord\u201d Filbrick Pines (born June 15, 1954, 15 minutes before his twin brother, Stanley Pines), also known as The Author, or simply Grunkle Ford, is a paranormal investigator who came to Gravity Falls, Oregon, to study the huge concentration of supernatural activity in and around the town. After spending years cataloging his research in a series of journals, he disappeared into an alternate dimension. His writings were left as the only evidence of his existence. Ford's identity and whereabouts were a central mystery and element of foreshadowing of the Gravity Falls series until the middle of the show's second season when he was revealed to be Stan's long-lost twin brother, who vanished after a fight with his brother caused him to stumble through the universe portal. His matching symbol on the Zodiac wheel is the six fingered hand.", "follow_count": 2, "id": 1230, "is_following": false, "is_join_pending": false, "is_banned": false, "is_moderated": false, "name_readable": "Stanford Pines \u201cGrunkle Ford\u201d", "post_count": 7, "source_profile_id": 1310, "source_type": "profile", "image": {"picURL": "https://static1.personality-database.com/profile_images/5923699ac0304b6b9276606422950663.png"}, "join_to_post": false, "can_pin": false}, {"description": "", "follow_count": 0, "id": 1159, "is_following": false, "is_join_pending": false, "is_banned": false, "is_moderated": false, "name_readable": "Gideon Gleeful", "post_count": 4, "source_profile_id": 1238, "source_type": "profile", "image": {"picURL": "https://static1.personality-database.com/profile_images/6a49f617976346f98ddc5ab115093e8a.png"}, "join_to_post": false, "can_pin": false}, {"description": "", "follow_count": 2, "id": 136752, "is_following": false, "is_join_pending": false, "is_banned": false, "is_moderated": false, "name_readable": "Paper Jam Dipper", "post_count": 2, "source_profile_id": 177582, "source_type": "profile", "image": {"picURL": "https://static1.personality-database.com/profile_images/7acf81cb745d460eaf6c8b7498cc98fe.png"}, "join_to_post": false, "can_pin": false}, {"description": "", "follow_count": 1, "id": 58103, "is_following": false, "is_join_pending": false, "is_banned": false, "is_moderated": false, "name_readable": "Dippy Fresh", "post_count": 1, "source_profile_id": 71600, "source_type": "profile", "image": {"picURL": "https://static1.personality-database.com/profile_images/dc004c3d4732420a8f7b35339c00fbc7.png"}, "join_to_post": false, "can_pin": false}, {"description": "", "follow_count": 1, "id": 19240, "is_following": false, "is_join_pending": false, "is_banned": false, "is_moderated": false, "name_readable": "Waddles", "post_count": 1, "source_profile_id": 21133, "source_type": "profile", "image": {"picURL": "https://static1.personality-database.com/profile_images/487cc531b3c2448e80023f64c5a71b19.png"}, "join_to_post": false, "can_pin": false}, {"description": "", "follow_count": 0, "id": 136753, "is_following": false, "is_join_pending": false, "is_banned": false, "is_moderated": false, "name_readable": "Tyrone", "post_count": 1, "source_profile_id": 177583, "source_type": "profile", "image": {"picURL": "https://static1.personality-database.com/profile_images/fce6bae7fac848a09cde9d0545d7948a.png"}, "join_to_post": false, "can_pin": false}, {"description": "Tambry is in many ways a stereotypical teenager. She enjoys texting and using social networking sites to constantly update her status, even more so than other teens, and rarely looks up from her cellphone, as seen in \"The Inconveniencing.\" She tends to be downbeat and apathetic to most things, giving off a somewhat gloomy demeanor. Robbie is the only person for whom she has shown more interest in than her phone.", "follow_count": 0, "id": 127722, "is_following": false, "is_join_pending": false, "is_banned": false, "is_moderated": false, "name_readable": "Tambry", "post_count": 1, "source_profile_id": 164655, "source_type": "profile", "image": {"picURL": "https://static1.personality-database.com/profile_images/78c86683937045b4a68565b483794def.png"}, "join_to_post": false, "can_pin": false}, {"description": "", "follow_count": 2, "id": 14378, "is_following": false, "is_join_pending": false, "is_banned": false, "is_moderated": false, "name_readable": "Pacifica Northwest", "post_count": 1, "source_profile_id": 15638, "source_type": "profile", "image": {"picURL": "https://static1.personality-database.com/profile_images/cfbf43a8cf4545d09830f2e65d2be5cb.png"}, "join_to_post": false, "can_pin": false}], "subcategory": "Gravity Falls (2012)", "topic_image_url": "https://static1.personality-database.com/profile_images/5ffca5156f844e81969f603e08931a19.png", "source_location": {"cid": 7, "pid": 2, "sub_cat_id": 120}, "can_post_image": false, "can_post_audio": false, "posts": {"posts": [{"username": "Always loosing Sleep", "user_pic_path": "https://lh3.googleusercontent.com/a-/AOh14GhDwKFiyu5NtL0J-IEQby5TgNCJNavXOxX6UMbSAA=s96-c", "user_personality_type": "INTJ-8w9-845", "is_mod": false, "comment_count": 0, "reply_count": 0, "vote_type": 0, "topics_list": [{"id": 1040, "name_readable": "Mason \u201cDipper\u201d Pines"}], "id": 2121189, "post_id": 2121189, "user_id": 476323, "title": "INTP - 6w5 - 641", "content": "Definitely agree he\u2019s a INTP & a 6 his paranoia, troubleshooting, loyalty, principles, & hard work show that he also has a heavy desire to be part of a community (the shack, his family, with Wendy in a serious relationship at a young age, his connection with Mabel ect.).  Also in \u201cnot what he seems when the cop said to Dipper (about Stan) \u201c your uncle scammed the whole world you goanna let him scam you too ??\u201d Immediately you see Dippers face change to think about it n it scares him that even the smallest chance that he\u2019s being betrayed.  I would say 4 over 3 just like Ford dipper feels weird, like he doesn\u2019t fit in, & nobody understands him fully like he\u2019s missing something (4) he doesn\u2019t need admiration for lofty feats to feel valued (3) which would be much more like Stan.  I also see the (1) in combo with (6) as he\u2019s very morally upright as you can see when he gets angry at Stan for even the smallest \u201cwrong\u201d acts.", "create_date": 1672998526000, "unix_timestamp": 1672998526000, "update_date": 1672998831000, "vote_count": 0, "vote_count_down": 0, "is_reported": 0, "is_hidden": false, "is_pinned": false, "is_watching": false, "is_pro_user": false, "images": null, "audios": null, "function_list": [], "type": "post"}, {"username": "Supa Base", "user_pic_path": "https://static1.personality-database.com/user_avatars/16006/0c110b02-11f9-47e5-a1a5-1289b92e8d42_small.jpeg", "user_personality_type": "ENFP-5w4-531", "is_mod": false, "comment_count": 0, "reply_count": 0, "vote_type": 0, "topics_list": [{"id": 1040, "name_readable": "Mason \u201cDipper\u201d Pines"}], "id": 2027357, "post_id": 2027357, "user_id": 16006, "title": "", "content": "he's so me fr... no one gets me like he does", "create_date": 1672081715000, "unix_timestamp": 1672081715000, "update_date": 1672081715000, "vote_count": 4, "vote_count_down": 0, "is_reported": 0, "is_hidden": false, "is_pinned": false, "is_watching": false, "is_pro_user": false, "images": null, "audios": null, "function_list": [], "type": "post"}, {"username": "Lordthrash", "user_pic_path": "https://lh3.googleusercontent.com/a-/AOh14Gh6sbS10P4ibtAvauSzaZba3YH0QIHQfbITmRJi=s96-c", "user_personality_type": "INFP-4w3-496", "is_mod": false, "comment_count": 2, "reply_count": 2, "vote_type": 0, "topics_list": [{"id": 1040, "name_readable": "Mason \u201cDipper\u201d Pines"}], "id": 1784444, "post_id": 1784444, "user_id": 690238, "title": "", "content": "I think he has underdeveloped si because in the entire first season he was obsessed over Wendy and not coming to terms that he couldn\u2019t be with her", "create_date": 1668969878000, "unix_timestamp": 1668969878000, "update_date": 1668969878000, "vote_count": 1, "vote_count_down": 0, "is_reported": 1, "is_hidden": false, "is_pinned": false, "is_watching": false, "is_pro_user": false, "images": null, "audios": null, "function_list": [], "type": "post"}]}}}}