{"id": 1107, "mbti_profile": "Steven Universe", "profile_name_searchable": "stevenuniverse", "allow_commenting": true, "allow_voting": true, "user_id": 191, "contributor": "Vanina Mediza", "contributor_create_date": "2015-08-20 00:54:10", "contributor_pic_path": "https://lh3.googleusercontent.com/-XdUIqdMkCWA/AAAAAAAAAAI/AAAAAAAAAAA/4252rscbv5M/photo.jpg", "display_order": 1000, "edit_lock": 0, "edit_lock_picture": 0, "is_active": true, "is_approved": true, "mbti_enneagram_type": "ESFJ 2w1", "mbti_type": "ESFJ 2w1", "pdb_comment_access": true, "pdb_page_owner": 0, "pdb_public_access": true, "wiki_description": "Steven Universe is the titular main protagonist of the Steven Universe franchise. He is the son of Greg Universe and Rose Quartz, the only known hybrid of a human and a Gem and the first Crystal Gem of human descent. As a result of his parentage, Steven is an extraordinarily unique being with innate powers beyond that of normal humans and Gems. While he was only a child, Steven steadily grew from a tag-along to the Crystal Gems into the heart of the team thanks to his kind-hearted nature and resourcefulness.", "watch_count": 865, "comment_count": 589, "vote_count": 1146, "vote_count_enneagram": 500, "vote_count_mbti": 1146, "total_vote_counts": 2258, "personality_type": "ESFJ - 2w1 - so/sp - 279 - ESE - SLOAI - EVLF - Sanguine [Dominant] - EF(N)", "type_updated_date": "2022-11-22 14:33:41", "enneagram_vote": "", "enneagram_vote_id": 0, "mbti_vote": "", "mbti_vote_id": 0, "is_watching": false, "image_exists": false, "profile_image_url": "https://static1.personality-database.com/profile_images/affc5758ffb44338b5e5322301844cc5.png", "profile_image_credit": "", "profile_image_credit_id": 471327, "profile_image_credit_type": "0", "profile_image_credit_url": "", "alt_subcategory": "", "related_subcategories": "31227|||Multiversus", "cat_id": 7, "category": "Cartoons", "category_is_fictional": true, "sub_cat_id": 121, "subcategory": "Steven Universe (2013)", "subcat_link_info": {"sub_cat_id": 121, "cat_id": 7, "property_id": 2, "subcategory": "Steven Universe (2013)"}, "related_subcat_link_info": [{"sub_cat_id": 31227, "cat_id": 11, "property_id": 2, "subcategory": "Multiversus"}], "related_profiles": [{"id": 1598, "mbti_profile": "Lapis Lazuli", "subcategory": "Steven Universe (2013)", "profile_image_url": "https://static1.personality-database.com/profile_images/4a33eb864dc348faa6725b1d75090f8b.png", "profile_name": "Lapis Lazuli", "profile_subcat": "Steven Universe (2013)", "sub_cat_id": 121, "cat_id": 7, "property_id": 2, "mbti": "INFP", "enneatype": "6w5"}, {"id": 1272, "mbti_profile": "Pearl", "subcategory": "Steven Universe (2013)", "profile_image_url": "https://static1.personality-database.com/profile_images/cf28ffc7dff6488fb073a1a33dc32804.png", "profile_name": "Pearl", "profile_subcat": "Steven Universe (2013)", "sub_cat_id": 121, "cat_id": 7, "property_id": 2, "mbti": "ISTJ", "enneatype": "6w5"}, {"id": 1593, "mbti_profile": "Rose Quartz", "subcategory": "Steven Universe (2013)", "profile_image_url": "https://static1.personality-database.com/profile_images/19febfbcf8b540239332b90f0985b35c.png", "profile_name": "Rose Quartz", "profile_subcat": "Steven Universe (2013)", "sub_cat_id": 121, "cat_id": 7, "property_id": 2, "mbti": "ENFP", "enneatype": "7w6"}, {"id": 1594, "mbti_profile": "Peridot", "subcategory": "Steven Universe (2013)", "profile_image_url": "https://static1.personality-database.com/profile_images/492cdcb33d7d44f784923e9f70869e8d.png", "profile_name": "Peridot", "profile_subcat": "Steven Universe (2013)", "sub_cat_id": 121, "cat_id": 7, "property_id": 2, "mbti": "ESTJ", "enneatype": "5w6"}, {"id": 1590, "mbti_profile": "Connie Maheswaran", "subcategory": "Steven Universe (2013)", "profile_image_url": "https://static1.personality-database.com/profile_images/e457464dffa6430fba2e9aff5a476970.png", "profile_name": "Connie Maheswaran", "profile_subcat": "Steven Universe (2013)", "sub_cat_id": 121, "cat_id": 7, "property_id": 2, "mbti": "ISFJ", "enneatype": "6w5"}, {"id": 56449, "mbti_profile": "Spinel", "subcategory": "Steven Universe (2013)", "profile_image_url": "https://static1.personality-database.com/profile_images/5980f6f16bf844199671cbc371070ec0.png", "profile_name": "Spinel", "profile_subcat": "Steven Universe (2013)", "sub_cat_id": 121, "cat_id": 7, "property_id": 2, "mbti": "ESFP", "enneatype": "2w3"}, {"id": 1273, "mbti_profile": "Garnet", "subcategory": "Steven Universe (2013)", "profile_image_url": "https://static1.personality-database.com/profile_images/75a38b607b7d4826b22c13ec123f440f.png", "profile_name": "Garnet", "profile_subcat": "Steven Universe (2013)", "sub_cat_id": 121, "cat_id": 7, "property_id": 2, "mbti": "ISTP", "enneatype": "9w8"}, {"id": 7228, "mbti_profile": "Blue Diamond", "subcategory": "Steven Universe (2013)", "profile_image_url": "https://static1.personality-database.com/profile_images/891c0bccfa7b4b108be6e996948d10b9.png", "profile_name": "Blue Diamond", "profile_subcat": "Steven Universe (2013)", "sub_cat_id": 121, "cat_id": 7, "property_id": 2, "mbti": "ISFJ", "enneatype": "9w1"}], "functions": ["Fe", "Si", "Ne", "Ti"], "systems": [{"hex_color": "#888888", "id": 1, "personality_type": "XXXX", "personality_type_id": 0, "system_name": "Four Letter", "system_vote_count": 1114, "user_vote_type_id": 0, "vote_id": 0}, {"hex_color": "#006775", "id": 2, "personality_type": "XXXX", "personality_type_id": 0, "system_name": "Enneagram", "system_vote_count": 482, "user_vote_type_id": 0, "vote_id": 0}, {"hex_color": "#006775", "id": 5, "personality_type": "XXXX", "personality_type_id": 0, "system_name": "Instinctual Variant", "system_vote_count": 143, "user_vote_type_id": 0, "vote_id": 0}, {"hex_color": "#006775", "id": 6, "personality_type": "XXXX", "personality_type_id": 0, "system_name": "Tritype", "system_vote_count": 152, "user_vote_type_id": 0, "vote_id": 0}, {"hex_color": "#888888", "id": 3, "personality_type": "XXXX", "personality_type_id": 0, "system_name": "Socionics", "system_vote_count": 68, "user_vote_type_id": 0, "vote_id": 0}, {"hex_color": "#888888", "id": 9, "personality_type": "XXXX", "personality_type_id": 0, "system_name": "Big 5 (SLOAN)", "system_vote_count": 77, "user_vote_type_id": 0, "vote_id": 0}, {"hex_color": "#888888", "id": 8, "personality_type": "XXXX", "personality_type_id": 0, "system_name": "Attitudinal Psyche", "system_vote_count": 40, "user_vote_type_id": 0, "vote_id": 0}, {"hex_color": "#888888", "id": 7, "personality_type": "XXXX", "personality_type_id": 0, "system_name": "Temperaments", "system_vote_count": 126, "user_vote_type_id": 0, "vote_id": 0}, {"hex_color": "#888888", "id": 11, "personality_type": "XXXX", "personality_type_id": 0, "system_name": "Classic Jungian", "system_vote_count": 7, "user_vote_type_id": 0, "vote_id": 0}], "breakdown_systems": {"1": [{"myValue": "ESFJ", "personality_system_id": 1, "personality_type": "ESFJ", "theCount": 711}, {"myValue": "ENFP", "personality_system_id": 1, "personality_type": "ENFP", "theCount": 291}, {"myValue": "ENFJ", "personality_system_id": 1, "personality_type": "ENFJ", "theCount": 79}, {"myValue": "ESFP", "personality_system_id": 1, "personality_type": "ESFP", "theCount": 15}, {"myValue": "INFP", "personality_system_id": 1, "personality_type": "INFP", "theCount": 8}, {"myValue": "ENTJ", "personality_system_id": 1, "personality_type": "ENTJ", "theCount": 2}, {"myValue": "INTP", "personality_system_id": 1, "personality_type": "INTP", "theCount": 2}, {"myValue": "ISFP", "personality_system_id": 1, "personality_type": "ISFP", "theCount": 2}, {"myValue": "ISTP", "personality_system_id": 1, "personality_type": "ISTP", "theCount": 2}, {"myValue": "ESTJ", "personality_system_id": 1, "personality_type": "ESTJ", "theCount": 1}, {"myValue": "INFJ", "personality_system_id": 1, "personality_type": "INFJ", "theCount": 1}], "10": [{"myValue": "Right-brained Extrovert", "personality_system_id": 10, "personality_type": "Right-brained Extrovert", "theCount": 1}], "11": [{"myValue": "EF(N)", "personality_system_id": 11, "personality_type": "EF(N)", "theCount": 6}, {"myValue": "EF(S)", "personality_system_id": 11, "personality_type": "EF(S)", "theCount": 1}], "2": [{"myValue": "2w1", "personality_system_id": 2, "personality_type": "2w1", "theCount": 401}, {"myValue": "9w1", "personality_system_id": 2, "personality_type": "9w1", "theCount": 36}, {"myValue": "2w3", "personality_system_id": 2, "personality_type": "2w3", "theCount": 23}, {"myValue": "1w2", "personality_system_id": 2, "personality_type": "1w2", "theCount": 8}, {"myValue": "7w6", "personality_system_id": 2, "personality_type": "7w6", "theCount": 5}, {"myValue": "4w3", "personality_system_id": 2, "personality_type": "4w3", "theCount": 3}, {"myValue": "9w8", "personality_system_id": 2, "personality_type": "9w8", "theCount": 2}, {"myValue": "1w9", "personality_system_id": 2, "personality_type": "1w9", "theCount": 1}, {"myValue": "5w6", "personality_system_id": 2, "personality_type": "5w6", "theCount": 1}, {"myValue": "7w8", "personality_system_id": 2, "personality_type": "7w8", "theCount": 1}, {"myValue": "8w9", "personality_system_id": 2, "personality_type": "8w9", "theCount": 1}], "3": [{"myValue": "ESE", "personality_system_id": 3, "personality_type": "ESE", "theCount": 55}, {"myValue": "IEE", "personality_system_id": 3, "personality_type": "IEE", "theCount": 10}, {"myValue": "EIE", "personality_system_id": 3, "personality_type": "EIE", "theCount": 1}, {"myValue": "ESI", "personality_system_id": 3, "personality_type": "ESI", "theCount": 1}, {"myValue": "SEI", "personality_system_id": 3, "personality_type": "SEI", "theCount": 1}], "4": [{"myValue": "Neutral Good", "personality_system_id": 4, "personality_type": "Neutral Good", "theCount": 40}, {"myValue": "Lawful Good", "personality_system_id": 4, "personality_type": "Lawful Good", "theCount": 6}, {"myValue": "Chaotic Good", "personality_system_id": 4, "personality_type": "Chaotic Good", "theCount": 1}, {"myValue": "Lawful Evil", "personality_system_id": 4, "personality_type": "Lawful Evil", "theCount": 1}], "5": [{"myValue": "so/sp", "personality_system_id": 5, "personality_type": "so/sp", "theCount": 81}, {"myValue": "so/sx", "personality_system_id": 5, "personality_type": "so/sx", "theCount": 43}, {"myValue": "sx/so", "personality_system_id": 5, "personality_type": "sx/so", "theCount": 10}, {"myValue": "sp/so", "personality_system_id": 5, "personality_type": "sp/so", "theCount": 8}, {"myValue": "sp/sx", "personality_system_id": 5, "personality_type": "sp/sx", "theCount": 1}], "6": [{"myValue": "279", "personality_system_id": 6, "personality_type": "279", "theCount": 82}, {"myValue": "297", "personality_system_id": 6, "personality_type": "297", "theCount": 31}, {"myValue": "927", "personality_system_id": 6, "personality_type": "927", "theCount": 17}, {"myValue": "216", "personality_system_id": 6, "personality_type": "216", "theCount": 2}, {"myValue": "269", "personality_system_id": 6, "personality_type": "269", "theCount": 2}, {"myValue": "271", "personality_system_id": 6, "personality_type": "271", "theCount": 2}, {"myValue": "296", "personality_system_id": 6, "personality_type": "296", "theCount": 2}, {"myValue": "729", "personality_system_id": 6, "personality_type": "729", "theCount": 2}, {"myValue": "792", "personality_system_id": 6, "personality_type": "792", "theCount": 2}, {"myValue": "972", "personality_system_id": 6, "personality_type": "972", "theCount": 2}, {"myValue": "137", "personality_system_id": 6, "personality_type": "137", "theCount": 1}, {"myValue": "217", "personality_system_id": 6, "personality_type": "217", "theCount": 1}, {"myValue": "259", "personality_system_id": 6, "personality_type": "259", "theCount": 1}, {"myValue": "359", "personality_system_id": 6, "personality_type": "359", "theCount": 1}, {"myValue": "479", "personality_system_id": 6, "personality_type": "479", "theCount": 1}, {"myValue": "514", "personality_system_id": 6, "personality_type": "514", "theCount": 1}, {"myValue": "926", "personality_system_id": 6, "personality_type": "926", "theCount": 1}, {"myValue": "962", "personality_system_id": 6, "personality_type": "962", "theCount": 1}], "7": [{"myValue": "Sanguine [Dominant]", "personality_system_id": 7, "personality_type": "Sanguine [Dominant]", "theCount": 98}, {"myValue": "Sanguine-Melancholic", "personality_system_id": 7, "personality_type": "Sanguine-Melancholic", "theCount": 13}, {"myValue": "Sanguine-Phlegmatic", "personality_system_id": 7, "personality_type": "Sanguine-Phlegmatic", "theCount": 12}, {"myValue": "Choleric [Dominant]", "personality_system_id": 7, "personality_type": "Choleric [Dominant]", "theCount": 1}, {"myValue": "Melancholic-Sanguine", "personality_system_id": 7, "personality_type": "Melancholic-Sanguine", "theCount": 1}, {"myValue": "Phlegmatic [Dominant]", "personality_system_id": 7, "personality_type": "Phlegmatic [Dominant]", "theCount": 1}], "8": [{"myValue": "EVLF", "personality_system_id": 8, "personality_type": "EVLF", "theCount": 17}, {"myValue": "EFLV", "personality_system_id": 8, "personality_type": "EFLV", "theCount": 8}, {"myValue": "EVFL", "personality_system_id": 8, "personality_type": "EVFL", "theCount": 5}, {"myValue": "VEFL", "personality_system_id": 8, "personality_type": "VEFL", "theCount": 5}, {"myValue": "VELF", "personality_system_id": 8, "personality_type": "VELF", "theCount": 2}, {"myValue": "EFVL", "personality_system_id": 8, "personality_type": "EFVL", "theCount": 1}, {"myValue": "ELFV", "personality_system_id": 8, "personality_type": "ELFV", "theCount": 1}, {"myValue": "FELV", "personality_system_id": 8, "personality_type": "FELV", "theCount": 1}], "9": [{"myValue": "SLOAI", "personality_system_id": 9, "personality_type": "SLOAI", "theCount": 51}, {"myValue": "SCOAI", "personality_system_id": 9, "personality_type": "SCOAI", "theCount": 12}, {"myValue": "SLUAI", "personality_system_id": 9, "personality_type": "SLUAI", "theCount": 7}, {"myValue": "SCUAI", "personality_system_id": 9, "personality_type": "SCUAI", "theCount": 3}, {"myValue": "SLOAN", "personality_system_id": 9, "personality_type": "SLOAN", "theCount": 2}, {"myValue": "RCOAN", "personality_system_id": 9, "personality_type": "RCOAN", "theCount": 1}, {"myValue": "RCUEI", "personality_system_id": 9, "personality_type": "RCUEI", "theCount": 1}]}, "breakdown_config": {"expand": {"1": 3, "10": 1, "11": 1, "2": 3, "3": 1, "4": 1, "5": 2, "6": 1, "7": 1, "8": 1, "9": 1}, "fire": {"1": 0, "10": 0, "11": 0, "2": 0, "3": 0, "4": 0, "5": 1, "6": 0, "7": 0, "8": 0, "9": 0}}, "mbti_letter_stats": [{"type": "E", "percentage": "99%", "PercentageFloat": 0.9865350089766607}, {"type": "S", "percentage": "66%", "PercentageFloat": 0.6561938958707361}, {"type": "F", "percentage": "99%", "PercentageFloat": 0.9937163375224417}, {"type": "J", "percentage": "71%", "PercentageFloat": 0.7127468581687613}], "topic_info": {"can_generate": false, "topic": {"description": "\"There is no such thing as Happily Ever After..\"\n\nSteven Universe is the titular main protagonist of the Steven Universe franchise. He is the son of Greg Universe and Rose Quartz, the only known hybrid of a human and a Gem and the first Crystal Gem of human descent. As a result of his parentage, Steven is an extraordinarily unique being with innate powers beyond that of normal humans and Gems. While he was only a child, Steven steadily grew from a tag-along to the Crystal Gems into the heart of the team thanks to his kind-hearted nature and resourcefulness.", "follow_count": 1, "id": 1043, "is_following": false, "is_join_pending": false, "is_banned": false, "is_moderated": false, "name_readable": "Steven Universe", "post_count": 13, "source_profile_id": 1107, "source_type": "profile", "join_to_post": false, "can_pin": false, "related_topics": [{"description": "\"I'm done being everyone's prisoner! Now you're MY prisoner! And I'm never letting you go!\"\n\nFurious and unable to easily let things go, she initially harbored hatred and mistrust for the Crystal Gems since they knew she was in the mirror but never helped. She was portrayed as being unforgiving and grumpy- to a point where she did not accept any apologies or gifts from others for a good period of time. Eventually, she learns to accept and tolerate her peers- leading up to her creating and teaching other gems how to create their own 'Meep Morps\" for Little Homeschool.", "follow_count": 6, "id": 1492, "is_following": false, "is_join_pending": false, "is_banned": false, "is_moderated": false, "name_readable": "Lapis Lazuli", "post_count": 15, "source_profile_id": 1598, "source_type": "profile", "image": {"picURL": "https://static1.personality-database.com/profile_images/4a33eb864dc348faa6725b1d75090f8b.png"}, "join_to_post": false, "can_pin": false}, {"description": "\"There is no such thing as Happily Ever After..\"\n\nSteven Universe is the titular main protagonist of the Steven Universe franchise. He is the son of Greg Universe and Rose Quartz, the only known hybrid of a human and a Gem and the first Crystal Gem of human descent. As a result of his parentage, Steven is an extraordinarily unique being with innate powers beyond that of normal humans and Gems. While he was only a child, Steven steadily grew from a tag-along to the Crystal Gems into the heart of the team thanks to his kind-hearted nature and resourcefulness.", "follow_count": 1, "id": 1043, "is_following": false, "is_join_pending": false, "is_banned": false, "is_moderated": false, "name_readable": "Steven Universe", "post_count": 13, "source_profile_id": 1107, "source_type": "profile", "image": {"picURL": "https://static1.personality-database.com/profile_images/affc5758ffb44338b5e5322301844cc5.png"}, "join_to_post": false, "can_pin": false}, {"description": "\"Gems are born with a purpose, whether they come out of the ground knowing what they need to know, they are born who they are and never change, but not humans, you have to grow up, you're never the same for a second, you can be what you want, so instead of feeling sad that you don't have a purpose In life, you should be grateful that you can choose one\"", "follow_count": 3, "id": 1487, "is_following": false, "is_join_pending": false, "is_banned": false, "is_moderated": false, "name_readable": "Rose Quartz", "post_count": 11, "source_profile_id": 1593, "source_type": "profile", "image": {"picURL": "https://static1.personality-database.com/profile_images/19febfbcf8b540239332b90f0985b35c.png"}, "join_to_post": false, "can_pin": false}, {"description": "", "follow_count": 5, "id": 1488, "is_following": false, "is_join_pending": false, "is_banned": false, "is_moderated": false, "name_readable": "Peridot", "post_count": 11, "source_profile_id": 1594, "source_type": "profile", "image": {"picURL": "https://static1.personality-database.com/profile_images/492cdcb33d7d44f784923e9f70869e8d.png"}, "join_to_post": false, "can_pin": false}, {"description": "", "follow_count": 0, "id": 6745, "is_following": false, "is_join_pending": false, "is_banned": false, "is_moderated": false, "name_readable": "Blue Diamond", "post_count": 5, "source_profile_id": 7228, "source_type": "profile", "image": {"picURL": "https://static1.personality-database.com/profile_images/891c0bccfa7b4b108be6e996948d10b9.png"}, "join_to_post": false, "can_pin": false}, {"description": "", "follow_count": 1, "id": 47938, "is_following": false, "is_join_pending": false, "is_banned": false, "is_moderated": false, "name_readable": "Spinel", "post_count": 5, "source_profile_id": 56449, "source_type": "profile", "image": {"picURL": "https://static1.personality-database.com/profile_images/5980f6f16bf844199671cbc371070ec0.png"}, "join_to_post": false, "can_pin": false}, {"description": "\"you can't be angry forever, everything will have to be resolved eventually and you're just complicating things by postponing the inevitable, I know you think I'm not above this problem, but the point is, yes, I am...\"", "follow_count": 1, "id": 2414, "is_following": false, "is_join_pending": false, "is_banned": false, "is_moderated": false, "name_readable": "Sapphire", "post_count": 2, "source_profile_id": 2641, "source_type": "profile", "image": {"picURL": "https://static1.personality-database.com/profile_images/798493a5943749208089452663ed61a5.png"}, "join_to_post": false, "can_pin": false}, {"description": "Cotton Candy Garnet is the form of Garnet when Ruby and Sapphire first fuse. At first she is confused and curious.", "follow_count": 3, "id": 336314, "is_following": false, "is_join_pending": false, "is_banned": false, "is_moderated": false, "name_readable": "Cotton Candy Garnet", "post_count": 2, "source_profile_id": 505824, "source_type": "profile", "image": {"picURL": "https://static1.personality-database.com/profile_images/e5cd17ef4ae749a2b36c9032a3b69c01.png"}, "join_to_post": false, "can_pin": false}, {"description": "", "follow_count": 1, "id": 22453, "is_following": false, "is_join_pending": false, "is_banned": false, "is_moderated": false, "name_readable": "Stevonnie", "post_count": 2, "source_profile_id": 24950, "source_type": "profile", "image": {"picURL": "https://static1.personality-database.com/profile_images/4c4cb59ea70f4d2eb6488307b6d14370.png"}, "join_to_post": false, "can_pin": false}, {"description": "", "follow_count": 1, "id": 61304, "is_following": false, "is_join_pending": false, "is_banned": false, "is_moderated": false, "name_readable": "Zircon (Defense)", "post_count": 1, "source_profile_id": 75622, "source_type": "profile", "image": {"picURL": "https://static1.personality-database.com/profile_images/5d8f8092cd1849a6bec3412e49e5a00a.png"}, "join_to_post": false, "can_pin": false}, {"description": "\"I knew it, I knew I couldn't be the only one!\"", "follow_count": 0, "id": 127048, "is_following": false, "is_join_pending": false, "is_banned": false, "is_moderated": false, "name_readable": "Lemon Jade", "post_count": 1, "source_profile_id": 163807, "source_type": "profile", "image": {"picURL": "https://static1.personality-database.com/profile_images/650b2360367847e0bf1c4a3332da3970.png"}, "join_to_post": false, "can_pin": false}, {"description": "\"Mamamamamamamamamaa.\"\n\nOnion is a comparatively quiet character who does not speak except to his parents. He speaks in a gibberish language that is apparently intelligible by most characters, but that is not spoken by anyone else except his father (and Sour Cream on rare occasions). He is also capable of understanding basic English and will occasionally respond to direct questions in English with simple gestures, as is shown in \"Onion Friend.\"", "follow_count": 0, "id": 38744, "is_following": false, "is_join_pending": false, "is_banned": false, "is_moderated": false, "name_readable": "Onion", "post_count": 1, "source_profile_id": 43640, "source_type": "profile", "image": {"picURL": "https://static1.personality-database.com/profile_images/ea06af4c7212480283c335dd4a96112b.png"}, "join_to_post": false, "can_pin": false}, {"description": "", "follow_count": 0, "id": 12384, "is_following": false, "is_join_pending": false, "is_banned": false, "is_moderated": false, "name_readable": "Kevin", "post_count": 1, "source_profile_id": 13415, "source_type": "profile", "image": {"picURL": "https://static1.personality-database.com/profile_images/d4c9c43df1e143e187ee36fbf75ca6e2.png"}, "join_to_post": false, "can_pin": false}, {"description": "", "follow_count": 0, "id": 43073, "is_following": false, "is_join_pending": false, "is_banned": false, "is_moderated": false, "name_readable": "Ronaldo Fryman", "post_count": 1, "source_profile_id": 49132, "source_type": "profile", "image": {"picURL": "https://static1.personality-database.com/profile_images/c9668785ff6c4f2ebf2f9796ead47c54.png"}, "join_to_post": false, "can_pin": false}, {"description": "", "follow_count": 0, "id": 35907, "is_following": false, "is_join_pending": false, "is_banned": false, "is_moderated": false, "name_readable": "Rutile Twins", "post_count": 1, "source_profile_id": 40305, "source_type": "profile", "image": {"picURL": "https://static1.personality-database.com/profile_images/027644b98d104255ac7923bb26cc8347.png"}, "join_to_post": false, "can_pin": false}, {"description": "", "follow_count": 0, "id": 165375, "is_following": false, "is_join_pending": false, "is_banned": false, "is_moderated": false, "name_readable": "Monster Steven", "post_count": 1, "source_profile_id": 214225, "source_type": "profile", "image": {"picURL": "https://static1.personality-database.com/profile_images/7b280cc7d34147dc9ec0c99a9bf213cf.png"}, "join_to_post": false, "can_pin": false}], "subcategory": "Steven Universe (2013)", "topic_image_url": "https://static1.personality-database.com/profile_images/affc5758ffb44338b5e5322301844cc5.png", "source_location": {"cid": 7, "pid": 2, "sub_cat_id": 121}, "can_post_image": false, "can_post_audio": false, "posts": {"posts": [{"username": "ChaoticPHX", "user_pic_path": "https://static1.personality-database.com/user_avatars/537079/07b48377-8417-4268-8d7f-ae659a88b484.jpeg", "user_personality_type": "7w6-794", "is_mod": false, "comment_count": 1, "reply_count": 1, "vote_type": 0, "topics_list": [{"id": 1043, "name_readable": "Steven Universe"}], "id": 1913957, "post_id": 1913957, "user_id": 537079, "title": "", "content": "Steven, I know you got trauma, but you already did soooo much compared to your mother who left everything with open holes for more conflict.", "create_date": 1670734815000, "unix_timestamp": 1670734815000, "update_date": 1671668426000, "vote_count": 0, "vote_count_down": 0, "is_reported": 0, "is_hidden": false, "is_pinned": false, "is_watching": false, "is_pro_user": false, "images": null, "audios": null, "function_list": [], "type": "post"}, {"username": "AtomicBiscuit", "user_pic_path": "https://static1.personality-database.com/user_avatars/1178521/771bde13-0e94-4cfd-a1d7-a49908e4ede8_small.jpeg", "user_personality_type": "ESTP-9w8-826", "is_mod": false, "comment_count": 0, "reply_count": 0, "vote_type": 0, "topics_list": [{"id": 1043, "name_readable": "Steven Universe"}], "id": 1866559, "post_id": 1866559, "user_id": 1178521, "title": "", "content": "Steven<<<<<<<<<<", "create_date": 1670183095000, "unix_timestamp": 1670183095000, "update_date": 1670183095000, "vote_count": 1, "vote_count_down": 0, "is_reported": 0, "is_hidden": false, "is_pinned": false, "is_watching": false, "is_pro_user": false, "images": null, "audios": null, "function_list": [], "type": "post"}, {"username": "N juju", "user_pic_path": "https://static1.personality-database.com/user_avatars/581162/bd920c48-a479-47a7-8062-98f81040352a_small.jpeg", "user_personality_type": "ENTJ-5w6-583", "is_mod": false, "comment_count": 1, "reply_count": 1, "vote_type": 0, "topics_list": [{"id": 1043, "name_readable": "Steven Universe"}], "id": 1847827, "post_id": 1847827, "user_id": 581162, "title": "", "content": "Can Steven die? Or does he live forever like the gems?", "create_date": 1669948533000, "unix_timestamp": 1669948533000, "update_date": 1669948533000, "vote_count": 1, "vote_count_down": 0, "is_reported": 0, "is_hidden": false, "is_pinned": false, "is_watching": false, "is_pro_user": false, "images": null, "audios": null, "function_list": [], "type": "post"}]}}}}