{"id": 1233, "mbti_profile": "Jesus \u201cSoos\u201d Ramirez", "profile_name_searchable": "jesus\u201csus\u201dramirez", "allow_commenting": true, "allow_voting": true, "user_id": 207, "contributor": "Steve Williams", "contributor_create_date": "2015-08-25 04:51:52", "contributor_pic_path": "https://lh3.googleusercontent.com/-XdUIqdMkCWA/AAAAAAAAAAI/AAAAAAAAAAA/4252rscbv5M/photo.jpg", "display_order": 1025, "edit_lock": 0, "edit_lock_picture": 0, "is_active": true, "is_approved": true, "mbti_enneagram_type": "ENFP 9w1", "mbti_type": "ENFP 9w1", "pdb_comment_access": true, "pdb_page_owner": 0, "pdb_public_access": true, "wiki_description": "#AlexHirsch", "watch_count": 839, "comment_count": 131, "vote_count": 696, "vote_count_enneagram": 246, "vote_count_mbti": 696, "total_vote_counts": 1228, "personality_type": "ENFP - 9w1 - so/sx - 927 - SEI - SCUAI - FEVL - Phlegmatic-Sanguine - EF(S)", "type_updated_date": "2022-11-15 21:22:35", "enneagram_vote": "", "enneagram_vote_id": 0, "mbti_vote": "", "mbti_vote_id": 0, "is_watching": false, "image_exists": true, "profile_image_url": "https://static1.personality-database.com/profile_images/f6a275e0be5a49ffaed34fc91c26040a.png", "profile_image_credit": "", "profile_image_credit_id": 446327, "profile_image_credit_type": "0", "profile_image_credit_url": "", "alt_subcategory": "", "related_subcategories": "", "cat_id": 7, "category": "Cartoons", "category_is_fictional": true, "sub_cat_id": 120, "subcategory": "Gravity Falls (2012)", "subcat_link_info": {"sub_cat_id": 120, "cat_id": 7, "property_id": 2, "subcategory": "Gravity Falls (2012)"}, "related_subcat_link_info": null, "related_profiles": [{"id": 1105, "mbti_profile": "Mabel Pines", "subcategory": "Gravity Falls (2012)", "profile_image_url": "https://static1.personality-database.com/profile_images/7e9f3efdcc1d4c83bb7d69a90aa458a7.png", "profile_name": "Mabel Pines", "profile_subcat": "Gravity Falls (2012)", "sub_cat_id": 120, "cat_id": 7, "property_id": 2, "mbti": "ENFP", "enneatype": "7w6"}, {"id": 1104, "mbti_profile": "Mason \u201cDipper\u201d Pines", "subcategory": "Gravity Falls (2012)", "profile_image_url": "https://static1.personality-database.com/profile_images/5ffca5156f844e81969f603e08931a19.png", "profile_name": "Mason \u201cDipper\u201d Pines", "profile_subcat": "Gravity Falls (2012)", "sub_cat_id": 120, "cat_id": 7, "property_id": 2, "mbti": "INTP", "enneatype": "6w5"}, {"id": 1229, "mbti_profile": "Bill Cipher", "subcategory": "Gravity Falls (2012)", "profile_image_url": "https://static1.personality-database.com/profile_images/910070e5c67c4ab190350d8e4cc3b0d6.png", "profile_name": "Bill Cipher", "profile_subcat": "Gravity Falls (2012)", "sub_cat_id": 120, "cat_id": 7, "property_id": 2, "mbti": "ENTP", "enneatype": "7w8"}, {"id": 1310, "mbti_profile": "Stanford Pines \u201cGrunkle Ford\u201d", "subcategory": "Gravity Falls (2012)", "profile_image_url": "https://static1.personality-database.com/profile_images/5923699ac0304b6b9276606422950663.png", "profile_name": "Stanford Pines \u201cGrunkle Ford\u201d", "profile_subcat": "Gravity Falls (2012)", "sub_cat_id": 120, "cat_id": 7, "property_id": 2, "mbti": "INTJ", "enneatype": "5w6"}, {"id": 1231, "mbti_profile": "Wendy Corduroy", "subcategory": "Gravity Falls (2012)", "profile_image_url": "https://static1.personality-database.com/profile_images/f18d0405a320464d91ad4cb2d6ccd41b.png", "profile_name": "Wendy Corduroy", "profile_subcat": "Gravity Falls (2012)", "sub_cat_id": 120, "cat_id": 7, "property_id": 2, "mbti": "ESTP", "enneatype": "9w8"}, {"id": 1106, "mbti_profile": "Stanley Pines \u201cGrunkle Stan\u201d", "subcategory": "Gravity Falls (2012)", "profile_image_url": "https://static1.personality-database.com/profile_images/2710cccb620842779fc54d2d7ceb4a9e.png", "profile_name": "Stanley Pines \u201cGrunkle Stan\u201d", "profile_subcat": "Gravity Falls (2012)", "sub_cat_id": 120, "cat_id": 7, "property_id": 2, "mbti": "ESTP", "enneatype": "8w7"}, {"id": 1238, "mbti_profile": "Gideon Gleeful", "subcategory": "Gravity Falls (2012)", "profile_image_url": "https://static1.personality-database.com/profile_images/6a49f617976346f98ddc5ab115093e8a.png", "profile_name": "Gideon Gleeful", "profile_subcat": "Gravity Falls (2012)", "sub_cat_id": 120, "cat_id": 7, "property_id": 2, "mbti": "ENTJ", "enneatype": "3w4"}, {"id": 39007, "mbti_profile": "Giffany", "subcategory": "Gravity Falls (2012)", "profile_image_url": "https://static1.personality-database.com/profile_images/430267cae4f1467494d83da09e03f614.png", "profile_name": "Giffany", "profile_subcat": "Gravity Falls (2012)", "sub_cat_id": 120, "cat_id": 7, "property_id": 2, "mbti": "ENFJ", "enneatype": "2w3"}], "functions": ["Fi", "Fi", "Te", "Te"], "systems": [{"hex_color": "#888888", "id": 1, "personality_type": "XXXX", "personality_type_id": 0, "system_name": "Four Letter", "system_vote_count": 684, "user_vote_type_id": 0, "vote_id": 0}, {"hex_color": "#006775", "id": 2, "personality_type": "XXXX", "personality_type_id": 0, "system_name": "Enneagram", "system_vote_count": 238, "user_vote_type_id": 0, "vote_id": 0}, {"hex_color": "#006775", "id": 5, "personality_type": "XXXX", "personality_type_id": 0, "system_name": "Instinctual Variant", "system_vote_count": 58, "user_vote_type_id": 0, "vote_id": 0}, {"hex_color": "#006775", "id": 6, "personality_type": "XXXX", "personality_type_id": 0, "system_name": "Tritype", "system_vote_count": 61, "user_vote_type_id": 0, "vote_id": 0}, {"hex_color": "#888888", "id": 3, "personality_type": "XXXX", "personality_type_id": 0, "system_name": "Socionics", "system_vote_count": 36, "user_vote_type_id": 0, "vote_id": 0}, {"hex_color": "#888888", "id": 9, "personality_type": "XXXX", "personality_type_id": 0, "system_name": "Big 5 (SLOAN)", "system_vote_count": 35, "user_vote_type_id": 0, "vote_id": 0}, {"hex_color": "#888888", "id": 8, "personality_type": "XXXX", "personality_type_id": 0, "system_name": "Attitudinal Psyche", "system_vote_count": 18, "user_vote_type_id": 0, "vote_id": 0}, {"hex_color": "#888888", "id": 7, "personality_type": "XXXX", "personality_type_id": 0, "system_name": "Temperaments", "system_vote_count": 74, "user_vote_type_id": 0, "vote_id": 0}, {"hex_color": "#888888", "id": 11, "personality_type": "XXXX", "personality_type_id": 0, "system_name": "Classic Jungian", "system_vote_count": 2, "user_vote_type_id": 0, "vote_id": 0}], "breakdown_systems": {"1": [{"myValue": "ENFP", "personality_system_id": 1, "personality_type": "ENFP", "theCount": 310}, {"myValue": "ISFP", "personality_system_id": 1, "personality_type": "ISFP", "theCount": 218}, {"myValue": "INFP", "personality_system_id": 1, "personality_type": "INFP", "theCount": 112}, {"myValue": "ESFP", "personality_system_id": 1, "personality_type": "ESFP", "theCount": 16}, {"myValue": "ISFJ", "personality_system_id": 1, "personality_type": "ISFJ", "theCount": 11}, {"myValue": "ESFJ", "personality_system_id": 1, "personality_type": "ESFJ", "theCount": 8}, {"myValue": "ISTP", "personality_system_id": 1, "personality_type": "ISTP", "theCount": 3}, {"myValue": "INTP", "personality_system_id": 1, "personality_type": "INTP", "theCount": 2}, {"myValue": "ENFJ", "personality_system_id": 1, "personality_type": "ENFJ", "theCount": 1}, {"myValue": "ESTP", "personality_system_id": 1, "personality_type": "ESTP", "theCount": 1}, {"myValue": "INFJ", "personality_system_id": 1, "personality_type": "INFJ", "theCount": 1}, {"myValue": "INTJ", "personality_system_id": 1, "personality_type": "INTJ", "theCount": 1}], "11": [{"myValue": "EF(S)", "personality_system_id": 11, "personality_type": "EF(S)", "theCount": 1}, {"myValue": "EN(F)", "personality_system_id": 11, "personality_type": "EN(F)", "theCount": 1}], "2": [{"myValue": "9w1", "personality_system_id": 2, "personality_type": "9w1", "theCount": 225}, {"myValue": "9w8", "personality_system_id": 2, "personality_type": "9w8", "theCount": 7}, {"myValue": "7w6", "personality_system_id": 2, "personality_type": "7w6", "theCount": 4}, {"myValue": "2w3", "personality_system_id": 2, "personality_type": "2w3", "theCount": 2}], "3": [{"myValue": "SEI", "personality_system_id": 3, "personality_type": "SEI", "theCount": 29}, {"myValue": "IEE", "personality_system_id": 3, "personality_type": "IEE", "theCount": 5}, {"myValue": "ESE", "personality_system_id": 3, "personality_type": "ESE", "theCount": 2}], "4": [{"myValue": "Neutral Good", "personality_system_id": 4, "personality_type": "Neutral Good", "theCount": 20}, {"myValue": "Chaotic Neutral", "personality_system_id": 4, "personality_type": "Chaotic Neutral", "theCount": 2}], "5": [{"myValue": "so/sx", "personality_system_id": 5, "personality_type": "so/sx", "theCount": 47}, {"myValue": "so/sp", "personality_system_id": 5, "personality_type": "so/sp", "theCount": 6}, {"myValue": "sp/so", "personality_system_id": 5, "personality_type": "sp/so", "theCount": 4}, {"myValue": "sp/sx", "personality_system_id": 5, "personality_type": "sp/sx", "theCount": 1}], "6": [{"myValue": "927", "personality_system_id": 6, "personality_type": "927", "theCount": 46}, {"myValue": "972", "personality_system_id": 6, "personality_type": "972", "theCount": 13}, {"myValue": "297", "personality_system_id": 6, "personality_type": "297", "theCount": 1}, {"myValue": "962", "personality_system_id": 6, "personality_type": "962", "theCount": 1}], "7": [{"myValue": "Phlegmatic-Sanguine", "personality_system_id": 7, "personality_type": "Phlegmatic-Sanguine", "theCount": 57}, {"myValue": "Phlegmatic [Dominant]", "personality_system_id": 7, "personality_type": "Phlegmatic [Dominant]", "theCount": 7}, {"myValue": "Sanguine-Phlegmatic", "personality_system_id": 7, "personality_type": "Sanguine-Phlegmatic", "theCount": 7}, {"myValue": "Melancholic-Sanguine", "personality_system_id": 7, "personality_type": "Melancholic-Sanguine", "theCount": 1}, {"myValue": "Sanguine [Dominant]", "personality_system_id": 7, "personality_type": "Sanguine [Dominant]", "theCount": 1}, {"myValue": "Sanguine-Melancholic", "personality_system_id": 7, "personality_type": "Sanguine-Melancholic", "theCount": 1}], "8": [{"myValue": "FEVL", "personality_system_id": 8, "personality_type": "FEVL", "theCount": 12}, {"myValue": "FELV", "personality_system_id": 8, "personality_type": "FELV", "theCount": 3}, {"myValue": "VEFL", "personality_system_id": 8, "personality_type": "VEFL", "theCount": 3}], "9": [{"myValue": "SCUAI", "personality_system_id": 9, "personality_type": "SCUAI", "theCount": 28}, {"myValue": "SCUAN", "personality_system_id": 9, "personality_type": "SCUAN", "theCount": 3}, {"myValue": "SLUAI", "personality_system_id": 9, "personality_type": "SLUAI", "theCount": 2}, {"myValue": "RCOAN", "personality_system_id": 9, "personality_type": "RCOAN", "theCount": 1}, {"myValue": "SCOAI", "personality_system_id": 9, "personality_type": "SCOAI", "theCount": 1}]}, "breakdown_config": {"expand": {"1": 3, "11": 1, "2": 3, "3": 1, "4": 1, "5": 1, "6": 1, "7": 1, "8": 1, "9": 1}, "fire": {"1": 1, "11": 0, "2": 0, "3": 0, "4": 0, "5": 0, "6": 0, "7": 0, "8": 0, "9": 0}}, "mbti_letter_stats": [{"type": "E", "percentage": "49%", "PercentageFloat": 0.49122807017543857}, {"type": "N", "percentage": "62%", "PercentageFloat": 0.6242690058479532}, {"type": "F", "percentage": "99%", "PercentageFloat": 0.9897660818713451}, {"type": "P", "percentage": "97%", "PercentageFloat": 0.9678362573099415}], "topic_info": {"can_generate": false, "topic": {"description": "#AlexHirsch", "follow_count": 1, "id": 1154, "is_following": false, "is_join_pending": false, "is_banned": false, "is_moderated": false, "name_readable": "Jesus \u201cSoos\u201d Ramirez", "post_count": 14, "source_profile_id": 1233, "source_type": "profile", "join_to_post": false, "can_pin": false, "related_topics": [{"description": "Mason \u201cDipper\u201d Pines (born August 31, 1999, 5 minutes after Mabel Pines) is a smart, curious, and adventurous 12-year-old boy spending the summer with his Great Uncle Stan in Gravity Falls, Oregon, where he and his sister constantly encounter the town's paranormal tendencies. Armed with a mysterious journal he found in a hidden place in a tree in the forest, he is the overall main protagonist of Gravity Falls and he seeks to uncover the town's mysterious secrets. Dipper is represented by the pine tree in the Zodiac.", "follow_count": 14, "id": 1040, "is_following": false, "is_join_pending": false, "is_banned": false, "is_moderated": false, "name_readable": "Mason \u201cDipper\u201d Pines", "post_count": 62, "source_profile_id": 1104, "source_type": "profile", "image": {"picURL": "https://static1.personality-database.com/profile_images/5ffca5156f844e81969f603e08931a19.png"}, "join_to_post": false, "can_pin": false}, {"description": "Bill Cipher is the overall main antagonist of Gravity Falls, being the overarching antagonist of Season 1 and the main antagonist of Season 2. He was a triangular dream demon, formerly existent only in the mindscape before succeeding in gaining access to the real world. He had been running amok in Gravity Falls, Oregon since being summoned by Stanford Pines over thirty years ago, and was also known for his mysterious demeanor and sadistic humor. Bill is the true main antagonist of Gravity Falls, although he doesn't play a central role in the series until the penultimate Season 1 episode \u201cDreamscaperers\u201d.\n\n#AlexHirsch", "follow_count": 6, "id": 1150, "is_following": false, "is_join_pending": false, "is_banned": false, "is_moderated": false, "name_readable": "Bill Cipher", "post_count": 50, "source_profile_id": 1229, "source_type": "profile", "image": {"picURL": "https://static1.personality-database.com/profile_images/910070e5c67c4ab190350d8e4cc3b0d6.png"}, "join_to_post": false, "can_pin": false}, {"description": "#ESTPHeroes", "follow_count": 0, "id": 1152, "is_following": false, "is_join_pending": false, "is_banned": false, "is_moderated": false, "name_readable": "Wendy Corduroy", "post_count": 34, "source_profile_id": 1231, "source_type": "profile", "image": {"picURL": "https://static1.personality-database.com/profile_images/f18d0405a320464d91ad4cb2d6ccd41b.png"}, "join_to_post": false, "can_pin": false}, {"description": "Mabel Pines (born August 31, 1999, 5 minutes before Dipper Pines) is a 12-year-old girl spending the summer with her Great Uncle Stan in Gravity Falls, Oregon, where she and her brother frequently encounter the supernatural. She takes a much less serious approach to life than her twin brother, as she navigates her way around odd, new surroundings. Mabel is represented by the Shooting Star in the Zodiac. #KristenSchaal", "follow_count": 12, "id": 1041, "is_following": false, "is_join_pending": false, "is_banned": false, "is_moderated": false, "name_readable": "Mabel Pines", "post_count": 27, "source_profile_id": 1105, "source_type": "profile", "image": {"picURL": "https://static1.personality-database.com/profile_images/7e9f3efdcc1d4c83bb7d69a90aa458a7.png"}, "join_to_post": false, "can_pin": false}, {"description": "#ISFPVillains", "follow_count": 2, "id": 9029, "is_following": false, "is_join_pending": false, "is_banned": false, "is_moderated": false, "name_readable": "Robbie Valentino", "post_count": 15, "source_profile_id": 9654, "source_type": "profile", "image": {"picURL": "https://static1.personality-database.com/profile_images/631d5ad706684d54aaf1f79b065482fb.png"}, "join_to_post": false, "can_pin": false}, {"description": "#AlexHirsch", "follow_count": 1, "id": 1154, "is_following": false, "is_join_pending": false, "is_banned": false, "is_moderated": false, "name_readable": "Jesus \u201cSoos\u201d Ramirez", "post_count": 14, "source_profile_id": 1233, "source_type": "profile", "image": {"picURL": "https://static1.personality-database.com/profile_images/f6a275e0be5a49ffaed34fc91c26040a.png"}, "join_to_post": false, "can_pin": false}, {"description": "Stanley \u201cStan\u201d Pines (born June 15, 1954, 15 minutes after his twin brother, Stanford Pines), also known as Grunkle Stan, and formerly under the assumed identity Stanford Pines, is Dipper and Mabel Pines' great uncle and summer guardian and a paternal uncle of Mr. Pines. After many years of crime and infamy, he has taken up residence in the remote town of Gravity Falls, Oregon, where he exploits local lore and the gullibility of the \"dumbest people in the world\" to finance himself by running a dubious tourist trap known as the Mystery Shack. Despite his initial claims of skepticism to the supernatural, he is later revealed to be deeply connected with the paranormal and about the town's weird paranormal status, most notably the decades-long operation of an interdimensional portal he used to rescue his twin brother, Stanford. He is the tritagonist of the series. Stan is represented on the Zodiac wheel as the crescent symbol present on his fez.\n\n#AlexHirsch\n#ESTPHeroes", "follow_count": 0, "id": 1042, "is_following": false, "is_join_pending": false, "is_banned": false, "is_moderated": false, "name_readable": "Stanley Pines \u201cGrunkle Stan\u201d", "post_count": 9, "source_profile_id": 1106, "source_type": "profile", "image": {"picURL": "https://static1.personality-database.com/profile_images/2710cccb620842779fc54d2d7ceb4a9e.png"}, "join_to_post": false, "can_pin": false}, {"description": "#ENFJVillains #YandereCharacters", "follow_count": 0, "id": 34862, "is_following": false, "is_join_pending": false, "is_banned": false, "is_moderated": false, "name_readable": "Giffany", "post_count": 9, "source_profile_id": 39007, "source_type": "profile", "image": {"picURL": "https://static1.personality-database.com/profile_images/430267cae4f1467494d83da09e03f614.png"}, "join_to_post": false, "can_pin": false}, {"description": "Stanford \u201cFord\u201d Filbrick Pines (born June 15, 1954, 15 minutes before his twin brother, Stanley Pines), also known as The Author, or simply Grunkle Ford, is a paranormal investigator who came to Gravity Falls, Oregon, to study the huge concentration of supernatural activity in and around the town. After spending years cataloging his research in a series of journals, he disappeared into an alternate dimension. His writings were left as the only evidence of his existence. Ford's identity and whereabouts were a central mystery and element of foreshadowing of the Gravity Falls series until the middle of the show's second season when he was revealed to be Stan's long-lost twin brother, who vanished after a fight with his brother caused him to stumble through the universe portal. His matching symbol on the Zodiac wheel is the six fingered hand.", "follow_count": 2, "id": 1230, "is_following": false, "is_join_pending": false, "is_banned": false, "is_moderated": false, "name_readable": "Stanford Pines \u201cGrunkle Ford\u201d", "post_count": 7, "source_profile_id": 1310, "source_type": "profile", "image": {"picURL": "https://static1.personality-database.com/profile_images/5923699ac0304b6b9276606422950663.png"}, "join_to_post": false, "can_pin": false}, {"description": "", "follow_count": 0, "id": 1159, "is_following": false, "is_join_pending": false, "is_banned": false, "is_moderated": false, "name_readable": "Gideon Gleeful", "post_count": 4, "source_profile_id": 1238, "source_type": "profile", "image": {"picURL": "https://static1.personality-database.com/profile_images/6a49f617976346f98ddc5ab115093e8a.png"}, "join_to_post": false, "can_pin": false}, {"description": "", "follow_count": 2, "id": 136752, "is_following": false, "is_join_pending": false, "is_banned": false, "is_moderated": false, "name_readable": "Paper Jam Dipper", "post_count": 2, "source_profile_id": 177582, "source_type": "profile", "image": {"picURL": "https://static1.personality-database.com/profile_images/7acf81cb745d460eaf6c8b7498cc98fe.png"}, "join_to_post": false, "can_pin": false}, {"description": "", "follow_count": 1, "id": 58103, "is_following": false, "is_join_pending": false, "is_banned": false, "is_moderated": false, "name_readable": "Dippy Fresh", "post_count": 1, "source_profile_id": 71600, "source_type": "profile", "image": {"picURL": "https://static1.personality-database.com/profile_images/dc004c3d4732420a8f7b35339c00fbc7.png"}, "join_to_post": false, "can_pin": false}, {"description": "", "follow_count": 1, "id": 19240, "is_following": false, "is_join_pending": false, "is_banned": false, "is_moderated": false, "name_readable": "Waddles", "post_count": 1, "source_profile_id": 21133, "source_type": "profile", "image": {"picURL": "https://static1.personality-database.com/profile_images/487cc531b3c2448e80023f64c5a71b19.png"}, "join_to_post": false, "can_pin": false}, {"description": "", "follow_count": 0, "id": 136753, "is_following": false, "is_join_pending": false, "is_banned": false, "is_moderated": false, "name_readable": "Tyrone", "post_count": 1, "source_profile_id": 177583, "source_type": "profile", "image": {"picURL": "https://static1.personality-database.com/profile_images/fce6bae7fac848a09cde9d0545d7948a.png"}, "join_to_post": false, "can_pin": false}, {"description": "Tambry is in many ways a stereotypical teenager. She enjoys texting and using social networking sites to constantly update her status, even more so than other teens, and rarely looks up from her cellphone, as seen in \"The Inconveniencing.\" She tends to be downbeat and apathetic to most things, giving off a somewhat gloomy demeanor. Robbie is the only person for whom she has shown more interest in than her phone.", "follow_count": 0, "id": 127722, "is_following": false, "is_join_pending": false, "is_banned": false, "is_moderated": false, "name_readable": "Tambry", "post_count": 1, "source_profile_id": 164655, "source_type": "profile", "image": {"picURL": "https://static1.personality-database.com/profile_images/78c86683937045b4a68565b483794def.png"}, "join_to_post": false, "can_pin": false}, {"description": "", "follow_count": 2, "id": 14378, "is_following": false, "is_join_pending": false, "is_banned": false, "is_moderated": false, "name_readable": "Pacifica Northwest", "post_count": 1, "source_profile_id": 15638, "source_type": "profile", "image": {"picURL": "https://static1.personality-database.com/profile_images/cfbf43a8cf4545d09830f2e65d2be5cb.png"}, "join_to_post": false, "can_pin": false}], "subcategory": "Gravity Falls (2012)", "topic_image_url": "https://static1.personality-database.com/profile_images/f6a275e0be5a49ffaed34fc91c26040a.png", "source_location": {"cid": 7, "pid": 2, "sub_cat_id": 120}, "can_post_image": false, "can_post_audio": false, "posts": {"posts": [{"username": "Hel_", "user_pic_path": "https://static1.personality-database.com/user_avatars/289016/2cf0bda0-5dfa-439b-af07-acac27f29976_small.jpeg", "user_personality_type": "INTP", "is_mod": false, "comment_count": 0, "reply_count": 0, "vote_type": 0, "topics_list": [{"id": 1154, "name_readable": "Jesus \u201cSoos\u201d Ramirez"}], "id": 2176231, "post_id": 2176231, "user_id": 289016, "title": "his name wasn't Zeus?", "content": "#", "create_date": 1673563858000, "unix_timestamp": 1673563858000, "update_date": 1673563858000, "vote_count": 0, "vote_count_down": 0, "is_reported": 0, "is_hidden": false, "is_pinned": false, "is_watching": false, "is_pro_user": false, "images": null, "audios": null, "function_list": [], "type": "post"}, {"username": "moonzinhor", "user_pic_path": "https://lh3.googleusercontent.com/a/ALm5wu3CVZxKZjB910ZcmOjAsNJ9D_FwcyA_Z5uW5R-Mgw=s96-c", "user_personality_type": "ENFP", "is_mod": false, "comment_count": 0, "reply_count": 0, "vote_type": 0, "topics_list": [{"id": 1154, "name_readable": "Jesus \u201cSoos\u201d Ramirez"}], "id": 1933115, "post_id": 1933115, "user_id": 1420735, "title": "SOOS REAL NAME IS JESUS?", "content": "#jesus #soos #gravityfalls", "create_date": 1670960487000, "unix_timestamp": 1670960487000, "update_date": 1670960487000, "vote_count": 1, "vote_count_down": 0, "is_reported": 0, "is_hidden": false, "is_pinned": false, "is_watching": false, "is_pro_user": false, "images": null, "audios": null, "function_list": [], "type": "post"}, {"username": "xX_XboxGenericUsername_Xx", "user_pic_path": "https://static1.personality-database.com/user_avatars/1420455/834ff62e-480a-4cd2-bd68-282423d38979.jpeg", "user_personality_type": "INTP", "is_mod": false, "comment_count": 1, "reply_count": 1, "vote_type": 0, "topics_list": [{"id": 1154, "name_readable": "Jesus \u201cSoos\u201d Ramirez"}], "id": 1756327, "post_id": 1756327, "user_id": 1420455, "title": "", "content": "Bro really is called Jesus \u2620\ufe0f\u2620\ufe0f", "create_date": 1668642266000, "unix_timestamp": 1668642266000, "update_date": 1668642266000, "vote_count": 7, "vote_count_down": 0, "is_reported": 0, "is_hidden": false, "is_pinned": false, "is_watching": false, "is_pro_user": false, "images": null, "audios": null, "function_list": [], "type": "post"}]}}}}