{"id": 1239, "mbti_profile": "Zuko", "profile_name_searchable": "zuko", "allow_commenting": true, "allow_voting": true, "user_id": 207, "contributor": "Steve Williams", "contributor_create_date": "2015-08-25 05:06:09", "contributor_pic_path": "https://lh3.googleusercontent.com/-XdUIqdMkCWA/AAAAAAAAAAI/AAAAAAAAAAA/4252rscbv5M/photo.jpg", "display_order": 1035, "edit_lock": 1, "edit_lock_picture": 1, "is_active": true, "is_approved": true, "mbti_enneagram_type": "ISFP 4w3", "mbti_type": "ISFP 4w3", "pdb_comment_access": true, "pdb_page_owner": 0, "pdb_public_access": true, "wiki_description": "", "watch_count": 3642, "comment_count": 6023, "vote_count": 4208, "vote_count_enneagram": 1993, "vote_count_mbti": 4208, "total_vote_counts": 8762, "personality_type": "ISFP - 4w3 - sp/sx - 461 - ESI - RLOEN - EFVL - Melancholic-Choleric - IF(S)", "type_updated_date": "2023-01-09 10:46:07", "enneagram_vote": "", "enneagram_vote_id": 0, "mbti_vote": "", "mbti_vote_id": 0, "is_watching": false, "image_exists": false, "profile_image_url": "https://static1.personality-database.com/profile_images/3146610498dc4d5398e3f300d193161d.png", "profile_image_credit": "", "profile_image_credit_id": 208364, "profile_image_credit_type": "0", "profile_image_credit_url": "", "alt_subcategory": "", "related_subcategories": "136|||The Legend of Korra (2012)", "cat_id": 7, "category": "Cartoons", "category_is_fictional": true, "sub_cat_id": 135, "subcategory": "Avatar: The Last Airbender (2005)", "subcat_link_info": {"sub_cat_id": 135, "cat_id": 7, "property_id": 2, "subcategory": "Avatar: The Last Airbender (2005)"}, "related_subcat_link_info": [{"sub_cat_id": 136, "cat_id": 7, "property_id": 2, "subcategory": "The Legend of Korra (2012)"}], "related_profiles": [{"id": 1244, "mbti_profile": "Sokka", "subcategory": "Avatar: The Last Airbender (2005)", "profile_image_url": "https://static1.personality-database.com/profile_images/e4cab3df446e4d14a57ef77e1aebf2e1.png", "profile_name": "Sokka", "profile_subcat": "Avatar: The Last Airbender (2005)", "sub_cat_id": 135, "cat_id": 7, "property_id": 2, "mbti": "ESTJ", "enneatype": "6w7"}, {"id": 1240, "mbti_profile": "Azula", "subcategory": "Avatar: The Last Airbender (2005)", "profile_image_url": "https://static1.personality-database.com/profile_images/012f8226fc8a41fca4c001ba5a8a49b5.png", "profile_name": "Azula", "profile_subcat": "Avatar: The Last Airbender (2005)", "sub_cat_id": 135, "cat_id": 7, "property_id": 2, "mbti": "ENTJ", "enneatype": "3w4"}, {"id": 1241, "mbti_profile": "Aang", "subcategory": "Avatar: The Last Airbender (2005)", "profile_image_url": "https://static1.personality-database.com/profile_images/2ac9b5b2362149a58d03751c763eb4ec.png", "profile_name": "Aang", "profile_subcat": "Avatar: The Last Airbender (2005)", "sub_cat_id": 135, "cat_id": 7, "property_id": 2, "mbti": "ENFP", "enneatype": "7w6"}, {"id": 1243, "mbti_profile": "Iroh", "subcategory": "Avatar: The Last Airbender (2005)", "profile_image_url": "https://static1.personality-database.com/profile_images/7f0277aa8c9649cf8e8c9d276bc437a6.png", "profile_name": "Iroh", "profile_subcat": "Avatar: The Last Airbender (2005)", "sub_cat_id": 135, "cat_id": 7, "property_id": 2, "mbti": "ENFJ", "enneatype": "9w1"}, {"id": 1245, "mbti_profile": "Katara", "subcategory": "Avatar: The Last Airbender (2005)", "profile_image_url": "https://static1.personality-database.com/profile_images/de883512477440e2aa3ffd8afbb4f4e9.png", "profile_name": "Katara", "profile_subcat": "Avatar: The Last Airbender (2005)", "sub_cat_id": 135, "cat_id": 7, "property_id": 2, "mbti": "ESFJ", "enneatype": "1w2"}, {"id": 1242, "mbti_profile": "Toph Beifong", "subcategory": "Avatar: The Last Airbender (2005)", "profile_image_url": "https://static1.personality-database.com/profile_images/5bdda714c08b4d61a3befa8427334c9a.png", "profile_name": "Toph Beifong", "profile_subcat": "Avatar: The Last Airbender (2005)", "sub_cat_id": 135, "cat_id": 7, "property_id": 2, "mbti": "ISTP", "enneatype": "8w7"}, {"id": 1250, "mbti_profile": "Suki", "subcategory": "Avatar: The Last Airbender (2005)", "profile_image_url": "https://static1.personality-database.com/profile_images/eef068e217074957a36f2fe3e55cf8a4.png", "profile_name": "Suki", "profile_subcat": "Avatar: The Last Airbender (2005)", "sub_cat_id": 135, "cat_id": 7, "property_id": 2, "mbti": "ENFJ", "enneatype": "9w8"}, {"id": 1246, "mbti_profile": "Mai", "subcategory": "Avatar: The Last Airbender (2005)", "profile_image_url": "https://static1.personality-database.com/profile_images/c339ce044df3424ca7d9f88c1f4e1361.png", "profile_name": "Mai", "profile_subcat": "Avatar: The Last Airbender (2005)", "sub_cat_id": 135, "cat_id": 7, "property_id": 2, "mbti": "ISTP", "enneatype": "9w8"}], "functions": ["Fi", "Se", "Ni", "Te"], "systems": [{"hex_color": "#888888", "id": 1, "personality_type": "XXXX", "personality_type_id": 0, "system_name": "Four Letter", "system_vote_count": 4111, "user_vote_type_id": 0, "vote_id": 0}, {"hex_color": "#006775", "id": 2, "personality_type": "XXXX", "personality_type_id": 0, "system_name": "Enneagram", "system_vote_count": 1941, "user_vote_type_id": 0, "vote_id": 0}, {"hex_color": "#006775", "id": 5, "personality_type": "XXXX", "personality_type_id": 0, "system_name": "Instinctual Variant", "system_vote_count": 656, "user_vote_type_id": 0, "vote_id": 0}, {"hex_color": "#006775", "id": 6, "personality_type": "XXXX", "personality_type_id": 0, "system_name": "Tritype", "system_vote_count": 637, "user_vote_type_id": 0, "vote_id": 0}, {"hex_color": "#888888", "id": 3, "personality_type": "XXXX", "personality_type_id": 0, "system_name": "Socionics", "system_vote_count": 258, "user_vote_type_id": 0, "vote_id": 0}, {"hex_color": "#888888", "id": 9, "personality_type": "XXXX", "personality_type_id": 0, "system_name": "Big 5 (SLOAN)", "system_vote_count": 244, "user_vote_type_id": 0, "vote_id": 0}, {"hex_color": "#888888", "id": 8, "personality_type": "XXXX", "personality_type_id": 0, "system_name": "Attitudinal Psyche", "system_vote_count": 145, "user_vote_type_id": 0, "vote_id": 0}, {"hex_color": "#888888", "id": 7, "personality_type": "XXXX", "personality_type_id": 0, "system_name": "Temperaments", "system_vote_count": 502, "user_vote_type_id": 0, "vote_id": 0}, {"hex_color": "#888888", "id": 11, "personality_type": "XXXX", "personality_type_id": 0, "system_name": "Classic Jungian", "system_vote_count": 50, "user_vote_type_id": 0, "vote_id": 0}], "breakdown_systems": {"1": [{"myValue": "ISFP", "personality_system_id": 1, "personality_type": "ISFP", "theCount": 2559}, {"myValue": "INFP", "personality_system_id": 1, "personality_type": "INFP", "theCount": 1321}, {"myValue": "ISTJ", "personality_system_id": 1, "personality_type": "ISTJ", "theCount": 77}, {"myValue": "ISTP", "personality_system_id": 1, "personality_type": "ISTP", "theCount": 32}, {"myValue": "INTJ", "personality_system_id": 1, "personality_type": "INTJ", "theCount": 31}, {"myValue": "INFJ", "personality_system_id": 1, "personality_type": "INFJ", "theCount": 29}, {"myValue": "ISFJ", "personality_system_id": 1, "personality_type": "ISFJ", "theCount": 15}, {"myValue": "ENTP", "personality_system_id": 1, "personality_type": "ENTP", "theCount": 13}, {"myValue": "ESFP", "personality_system_id": 1, "personality_type": "ESFP", "theCount": 7}, {"myValue": "ESTJ", "personality_system_id": 1, "personality_type": "ESTJ", "theCount": 7}, {"myValue": "ENTJ", "personality_system_id": 1, "personality_type": "ENTJ", "theCount": 5}, {"myValue": "INTP", "personality_system_id": 1, "personality_type": "INTP", "theCount": 5}, {"myValue": "ENFJ", "personality_system_id": 1, "personality_type": "ENFJ", "theCount": 4}, {"myValue": "ENFP", "personality_system_id": 1, "personality_type": "ENFP", "theCount": 3}, {"myValue": "ESFJ", "personality_system_id": 1, "personality_type": "ESFJ", "theCount": 2}, {"myValue": "ESTP", "personality_system_id": 1, "personality_type": "ESTP", "theCount": 1}], "10": [{"myValue": "Left-brained Introvert", "personality_system_id": 10, "personality_type": "Left-brained Introvert", "theCount": 3}, {"myValue": "Right-brained Introvert", "personality_system_id": 10, "personality_type": "Right-brained Introvert", "theCount": 3}], "11": [{"myValue": "IF(S)", "personality_system_id": 11, "personality_type": "IF(S)", "theCount": 47}, {"myValue": "IN(F)", "personality_system_id": 11, "personality_type": "IN(F)", "theCount": 2}, {"myValue": "ES(T)", "personality_system_id": 11, "personality_type": "ES(T)", "theCount": 1}], "2": [{"myValue": "4w3", "personality_system_id": 2, "personality_type": "4w3", "theCount": 956}, {"myValue": "6w5", "personality_system_id": 2, "personality_type": "6w5", "theCount": 856}, {"myValue": "4w5", "personality_system_id": 2, "personality_type": "4w5", "theCount": 33}, {"myValue": "1w9", "personality_system_id": 2, "personality_type": "1w9", "theCount": 26}, {"myValue": "3w4", "personality_system_id": 2, "personality_type": "3w4", "theCount": 19}, {"myValue": "6w7", "personality_system_id": 2, "personality_type": "6w7", "theCount": 13}, {"myValue": "1w2", "personality_system_id": 2, "personality_type": "1w2", "theCount": 7}, {"myValue": "5w6", "personality_system_id": 2, "personality_type": "5w6", "theCount": 7}, {"myValue": "8w7", "personality_system_id": 2, "personality_type": "8w7", "theCount": 4}, {"myValue": "9w1", "personality_system_id": 2, "personality_type": "9w1", "theCount": 4}, {"myValue": "9w8", "personality_system_id": 2, "personality_type": "9w8", "theCount": 4}, {"myValue": "7w8", "personality_system_id": 2, "personality_type": "7w8", "theCount": 3}, {"myValue": "8w9", "personality_system_id": 2, "personality_type": "8w9", "theCount": 3}, {"myValue": "3w2", "personality_system_id": 2, "personality_type": "3w2", "theCount": 2}, {"myValue": "5w4", "personality_system_id": 2, "personality_type": "5w4", "theCount": 2}, {"myValue": "2w1", "personality_system_id": 2, "personality_type": "2w1", "theCount": 1}, {"myValue": "7w6", "personality_system_id": 2, "personality_type": "7w6", "theCount": 1}], "3": [{"myValue": "ESI", "personality_system_id": 3, "personality_type": "ESI", "theCount": 195}, {"myValue": "LSI", "personality_system_id": 3, "personality_type": "LSI", "theCount": 33}, {"myValue": "EII", "personality_system_id": 3, "personality_type": "EII", "theCount": 9}, {"myValue": "IEI", "personality_system_id": 3, "personality_type": "IEI", "theCount": 5}, {"myValue": "ILE", "personality_system_id": 3, "personality_type": "ILE", "theCount": 4}, {"myValue": "EIE", "personality_system_id": 3, "personality_type": "EIE", "theCount": 2}, {"myValue": "LIE", "personality_system_id": 3, "personality_type": "LIE", "theCount": 2}, {"myValue": "SEI", "personality_system_id": 3, "personality_type": "SEI", "theCount": 2}, {"myValue": "SLE", "personality_system_id": 3, "personality_type": "SLE", "theCount": 2}, {"myValue": "IEE", "personality_system_id": 3, "personality_type": "IEE", "theCount": 1}, {"myValue": "LII", "personality_system_id": 3, "personality_type": "LII", "theCount": 1}, {"myValue": "LSE", "personality_system_id": 3, "personality_type": "LSE", "theCount": 1}, {"myValue": "SLI", "personality_system_id": 3, "personality_type": "SLI", "theCount": 1}], "4": [{"myValue": "Neutral Good", "personality_system_id": 4, "personality_type": "Neutral Good", "theCount": 92}, {"myValue": "Chaotic Neutral", "personality_system_id": 4, "personality_type": "Chaotic Neutral", "theCount": 68}, {"myValue": "Chaotic Good", "personality_system_id": 4, "personality_type": "Chaotic Good", "theCount": 28}, {"myValue": "True Neutral", "personality_system_id": 4, "personality_type": "True Neutral", "theCount": 11}, {"myValue": "Lawful Neutral", "personality_system_id": 4, "personality_type": "Lawful Neutral", "theCount": 6}, {"myValue": "Lawful Good", "personality_system_id": 4, "personality_type": "Lawful Good", "theCount": 4}, {"myValue": "Chaotic Evil", "personality_system_id": 4, "personality_type": "Chaotic Evil", "theCount": 2}, {"myValue": "Lawful Evil", "personality_system_id": 4, "personality_type": "Lawful Evil", "theCount": 1}], "5": [{"myValue": "sp/sx", "personality_system_id": 5, "personality_type": "sp/sx", "theCount": 417}, {"myValue": "so/sx", "personality_system_id": 5, "personality_type": "so/sx", "theCount": 78}, {"myValue": "sx/sp", "personality_system_id": 5, "personality_type": "sx/sp", "theCount": 63}, {"myValue": "sp/so", "personality_system_id": 5, "personality_type": "sp/so", "theCount": 39}, {"myValue": "sx/so", "personality_system_id": 5, "personality_type": "sx/so", "theCount": 31}, {"myValue": "so/sp", "personality_system_id": 5, "personality_type": "so/sp", "theCount": 28}], "6": [{"myValue": "461", "personality_system_id": 6, "personality_type": "461", "theCount": 271}, {"myValue": "641", "personality_system_id": 6, "personality_type": "641", "theCount": 266}, {"myValue": "614", "personality_system_id": 6, "personality_type": "614", "theCount": 18}, {"myValue": "468", "personality_system_id": 6, "personality_type": "468", "theCount": 15}, {"myValue": "416", "personality_system_id": 6, "personality_type": "416", "theCount": 10}, {"myValue": "164", "personality_system_id": 6, "personality_type": "164", "theCount": 7}, {"myValue": "648", "personality_system_id": 6, "personality_type": "648", "theCount": 7}, {"myValue": "146", "personality_system_id": 6, "personality_type": "146", "theCount": 4}, {"myValue": "613", "personality_system_id": 6, "personality_type": "613", "theCount": 4}, {"myValue": "458", "personality_system_id": 6, "personality_type": "458", "theCount": 3}, {"myValue": "486", "personality_system_id": 6, "personality_type": "486", "theCount": 3}, {"myValue": "631", "personality_system_id": 6, "personality_type": "631", "theCount": 3}, {"myValue": "649", "personality_system_id": 6, "personality_type": "649", "theCount": 3}, {"myValue": "469", "personality_system_id": 6, "personality_type": "469", "theCount": 2}, {"myValue": "684", "personality_system_id": 6, "personality_type": "684", "theCount": 2}, {"myValue": "936", "personality_system_id": 6, "personality_type": "936", "theCount": 2}, {"myValue": "135", "personality_system_id": 6, "personality_type": "135", "theCount": 1}, {"myValue": "136", "personality_system_id": 6, "personality_type": "136", "theCount": 1}, {"myValue": "145", "personality_system_id": 6, "personality_type": "145", "theCount": 1}, {"myValue": "369", "personality_system_id": 6, "personality_type": "369", "theCount": 1}, {"myValue": "385", "personality_system_id": 6, "personality_type": "385", "theCount": 1}, {"myValue": "415", "personality_system_id": 6, "personality_type": "415", "theCount": 1}, {"myValue": "478", "personality_system_id": 6, "personality_type": "478", "theCount": 1}, {"myValue": "485", "personality_system_id": 6, "personality_type": "485", "theCount": 1}, {"myValue": "621", "personality_system_id": 6, "personality_type": "621", "theCount": 1}, {"myValue": "638", "personality_system_id": 6, "personality_type": "638", "theCount": 1}, {"myValue": "683", "personality_system_id": 6, "personality_type": "683", "theCount": 1}, {"myValue": "694", "personality_system_id": 6, "personality_type": "694", "theCount": 1}, {"myValue": "784", "personality_system_id": 6, "personality_type": "784", "theCount": 1}, {"myValue": "827", "personality_system_id": 6, "personality_type": "827", "theCount": 1}, {"myValue": "854", "personality_system_id": 6, "personality_type": "854", "theCount": 1}, {"myValue": "964", "personality_system_id": 6, "personality_type": "964", "theCount": 1}, {"myValue": "974", "personality_system_id": 6, "personality_type": "974", "theCount": 1}], "7": [{"myValue": "Melancholic-Choleric", "personality_system_id": 7, "personality_type": "Melancholic-Choleric", "theCount": 403}, {"myValue": "Melancholic [Dominant]", "personality_system_id": 7, "personality_type": "Melancholic [Dominant]", "theCount": 41}, {"myValue": "Choleric-Melancholic", "personality_system_id": 7, "personality_type": "Choleric-Melancholic", "theCount": 35}, {"myValue": "Choleric [Dominant]", "personality_system_id": 7, "personality_type": "Choleric [Dominant]", "theCount": 5}, {"myValue": "Phlegmatic-Choleric", "personality_system_id": 7, "personality_type": "Phlegmatic-Choleric", "theCount": 3}, {"myValue": "Choleric-Phlegmatic", "personality_system_id": 7, "personality_type": "Choleric-Phlegmatic", "theCount": 2}, {"myValue": "Melancholic-Phlegmatic", "personality_system_id": 7, "personality_type": "Melancholic-Phlegmatic", "theCount": 2}, {"myValue": "Sanguine [Dominant]", "personality_system_id": 7, "personality_type": "Sanguine [Dominant]", "theCount": 2}, {"myValue": "Sanguine-Choleric", "personality_system_id": 7, "personality_type": "Sanguine-Choleric", "theCount": 2}, {"myValue": "Sanguine-Phlegmatic", "personality_system_id": 7, "personality_type": "Sanguine-Phlegmatic", "theCount": 2}, {"myValue": "Choleric-Sanguine", "personality_system_id": 7, "personality_type": "Choleric-Sanguine", "theCount": 1}, {"myValue": "Phlegmatic [Dominant]", "personality_system_id": 7, "personality_type": "Phlegmatic [Dominant]", "theCount": 1}, {"myValue": "Phlegmatic-Melancholic", "personality_system_id": 7, "personality_type": "Phlegmatic-Melancholic", "theCount": 1}, {"myValue": "Phlegmatic-Sanguine", "personality_system_id": 7, "personality_type": "Phlegmatic-Sanguine", "theCount": 1}, {"myValue": "Sanguine-Melancholic", "personality_system_id": 7, "personality_type": "Sanguine-Melancholic", "theCount": 1}], "8": [{"myValue": "EFVL", "personality_system_id": 8, "personality_type": "EFVL", "theCount": 96}, {"myValue": "EVLF", "personality_system_id": 8, "personality_type": "EVLF", "theCount": 12}, {"myValue": "LEFV", "personality_system_id": 8, "personality_type": "LEFV", "theCount": 8}, {"myValue": "EVFL", "personality_system_id": 8, "personality_type": "EVFL", "theCount": 6}, {"myValue": "FVEL", "personality_system_id": 8, "personality_type": "FVEL", "theCount": 6}, {"myValue": "LFEV", "personality_system_id": 8, "personality_type": "LFEV", "theCount": 3}, {"myValue": "EFLV", "personality_system_id": 8, "personality_type": "EFLV", "theCount": 2}, {"myValue": "LFVE", "personality_system_id": 8, "personality_type": "LFVE", "theCount": 2}, {"myValue": "VEFL", "personality_system_id": 8, "personality_type": "VEFL", "theCount": 2}, {"myValue": "VELF", "personality_system_id": 8, "personality_type": "VELF", "theCount": 2}, {"myValue": "VFEL", "personality_system_id": 8, "personality_type": "VFEL", "theCount": 2}, {"myValue": "ELVF", "personality_system_id": 8, "personality_type": "ELVF", "theCount": 1}, {"myValue": "FEVL", "personality_system_id": 8, "personality_type": "FEVL", "theCount": 1}, {"myValue": "FVLE", "personality_system_id": 8, "personality_type": "FVLE", "theCount": 1}, {"myValue": "LVFE", "personality_system_id": 8, "personality_type": "LVFE", "theCount": 1}], "9": [{"myValue": "RLOEN", "personality_system_id": 9, "personality_type": "RLOEN", "theCount": 147}, {"myValue": "RLUEN", "personality_system_id": 9, "personality_type": "RLUEN", "theCount": 32}, {"myValue": "RLUEI", "personality_system_id": 9, "personality_type": "RLUEI", "theCount": 30}, {"myValue": "RLOAI", "personality_system_id": 9, "personality_type": "RLOAI", "theCount": 17}, {"myValue": "RLOAN", "personality_system_id": 9, "personality_type": "RLOAN", "theCount": 7}, {"myValue": "RLUAI", "personality_system_id": 9, "personality_type": "RLUAI", "theCount": 4}, {"myValue": "RCOAN", "personality_system_id": 9, "personality_type": "RCOAN", "theCount": 3}, {"myValue": "RLOEI", "personality_system_id": 9, "personality_type": "RLOEI", "theCount": 2}, {"myValue": "RCOEN", "personality_system_id": 9, "personality_type": "RCOEN", "theCount": 1}, {"myValue": "RLUAN", "personality_system_id": 9, "personality_type": "RLUAN", "theCount": 1}]}, "breakdown_config": {"expand": {"1": 3, "10": 1, "11": 1, "2": 3, "3": 1, "4": 2, "5": 1, "6": 2, "7": 1, "8": 1, "9": 1}, "fire": {"1": 1, "10": 0, "11": 0, "2": 1, "3": 0, "4": 1, "5": 0, "6": 1, "7": 0, "8": 0, "9": 0}}, "mbti_letter_stats": [{"type": "I", "percentage": "99%", "PercentageFloat": 0.9897835076623692}, {"type": "S", "percentage": "66%", "PercentageFloat": 0.6567745074191195}, {"type": "F", "percentage": "96%", "PercentageFloat": 0.9584042811967891}, {"type": "P", "percentage": "96%", "PercentageFloat": 0.9586475310143517}], "topic_info": {"can_generate": false, "topic": {"description": "", "follow_count": 12, "id": 1160, "is_following": false, "is_join_pending": false, "is_banned": false, "is_moderated": false, "name_readable": "Zuko", "post_count": 98, "source_profile_id": 1239, "source_type": "profile", "join_to_post": false, "can_pin": false, "related_topics": [{"description": "", "follow_count": 12, "id": 1160, "is_following": false, "is_join_pending": false, "is_banned": false, "is_moderated": false, "name_readable": "Zuko", "post_count": 98, "source_profile_id": 1239, "source_type": "profile", "image": {"picURL": "https://static1.personality-database.com/profile_images/3146610498dc4d5398e3f300d193161d.png"}, "join_to_post": false, "can_pin": false}, {"description": "Azula was the princess of the Fire Nation, daughter of Fire Lord Ozai and Ursa, younger sister of Zuko, and older half-sister of Kiyi. She was a key adversary of Team Avatar, chasing Avatar Aang and her banished brother far across the Earth Kingdom accompanied by her then two best friends, Mai and Ty Lee. #gaslight #gatekeep #girlboss", "follow_count": 4, "id": 1161, "is_following": false, "is_join_pending": false, "is_banned": false, "is_moderated": false, "name_readable": "Azula", "post_count": 76, "source_profile_id": 1240, "source_type": "profile", "image": {"picURL": "https://static1.personality-database.com/profile_images/012f8226fc8a41fca4c001ba5a8a49b5.png"}, "join_to_post": false, "can_pin": false}, {"description": "", "follow_count": 5, "id": 1164, "is_following": false, "is_join_pending": false, "is_banned": false, "is_moderated": false, "name_readable": "Iroh", "post_count": 45, "source_profile_id": 1243, "source_type": "profile", "image": {"picURL": "https://static1.personality-database.com/profile_images/7f0277aa8c9649cf8e8c9d276bc437a6.png"}, "join_to_post": false, "can_pin": false}, {"description": "Katara is a waterbending master, born in the Southern Water Tribe to Chief Hakoda and his wife Kya. During her childhood, she was the only waterbender living in the Southern Water Tribe. After losing her mother in a Fire Nation raid and her father left to battle against the Fire Nation in the Hundred Year War, she was raised by her paternal grandmother Kanna alongside her older brother Sokka. As a teenager, Katara and her brother discovered the young Air Nomad Avatar, Aang, who had been frozen in an iceberg with his bison, Appa, for one hundred years. In need of a waterbending master, the siblings and Aang left the South Pole on a journey toward the Northern Water Tribe.\n#MaeWhitman\n#ESFJHeroes", "follow_count": 2, "id": 1166, "is_following": false, "is_join_pending": false, "is_banned": false, "is_moderated": false, "name_readable": "Katara", "post_count": 27, "source_profile_id": 1245, "source_type": "profile", "image": {"picURL": "https://static1.personality-database.com/profile_images/de883512477440e2aa3ffd8afbb4f4e9.png"}, "join_to_post": false, "can_pin": false}, {"description": "Aang was a male Air Nomad born in 12 BG and the Avatar during the century-long conflict known as the Hundred Year War. His immediate predecessor was Avatar Roku, and his immediate successor is Avatar Korra. As the Avatar of his time, he was the only person capable of using all four bending arts: airbending, waterbending, earthbending, and firebending. He was also one of a select few Avatars, and one of the first in many cycles to learn the ancient art of energybending, and the first Avatar known to have actively used the technique. - Avatar Wiki", "follow_count": 3, "id": 1162, "is_following": false, "is_join_pending": false, "is_banned": false, "is_moderated": false, "name_readable": "Aang", "post_count": 26, "source_profile_id": 1241, "source_type": "profile", "image": {"picURL": "https://static1.personality-database.com/profile_images/2ac9b5b2362149a58d03751c763eb4ec.png"}, "join_to_post": false, "can_pin": false}, {"description": "Sokka was a Water Tribe warrior of the Southern Water Tribe and the son of Chief Hakoda and Kya. Following the death of his mother and his father's departure for war, Sokka was raised by his grandmother Kanna along with his younger sister Katara. Hakoda left along with all of the other men in his tribe to fight the Fire Nation when Sokka was a young boy. Despite his desire to join his father, Sokka was not permitted to accompany the men on the mission and was left behind. As there were no other teenage boys in the tribe, Sokka was the oldest male in the South Pole and, therefore, left as the leader of the tribe. He assumed responsibility for the tribe, haplessly training children to be future warriors until his sister discovered an Air Nomad named Aang frozen in an iceberg.\n\nVoiced by #JackDeSena\n#ESTJHeroes", "follow_count": 7, "id": 1165, "is_following": false, "is_join_pending": false, "is_banned": false, "is_moderated": false, "name_readable": "Sokka", "post_count": 25, "source_profile_id": 1244, "source_type": "profile", "image": {"picURL": "https://static1.personality-database.com/profile_images/e4cab3df446e4d14a57ef77e1aebf2e1.png"}, "join_to_post": false, "can_pin": false}, {"description": "Toph is one of the main protagonists in the Avatar series. She is a genius earthbender and a close friend of Avatar Aang. Her most iconic feature is her visual blindness that she compensates with a technique that uses her feet to scan the underground.\n\n#ISTPHeroes", "follow_count": 3, "id": 1163, "is_following": false, "is_join_pending": false, "is_banned": false, "is_moderated": false, "name_readable": "Toph Beifong", "post_count": 20, "source_profile_id": 1242, "source_type": "profile", "image": {"picURL": "https://static1.personality-database.com/profile_images/5bdda714c08b4d61a3befa8427334c9a.png"}, "join_to_post": false, "can_pin": false}, {"description": "", "follow_count": 1, "id": 1168, "is_following": false, "is_join_pending": false, "is_banned": false, "is_moderated": false, "name_readable": "Ty Lee", "post_count": 18, "source_profile_id": 1247, "source_type": "profile", "image": {"picURL": "https://static1.personality-database.com/profile_images/34af225ecc6544d88562755219450152.png"}, "join_to_post": false, "can_pin": false}, {"description": "Suki is one of the many recurring protagonists from Avatar the Last Airbender. She resides on Kyoshi Island, home of the legendary Avatar Kyoshi, and leads her own group called the Kyoshi warriors.", "follow_count": 3, "id": 1171, "is_following": false, "is_join_pending": false, "is_banned": false, "is_moderated": false, "name_readable": "Suki", "post_count": 17, "source_profile_id": 1250, "source_type": "profile", "image": {"picURL": "https://static1.personality-database.com/profile_images/eef068e217074957a36f2fe3e55cf8a4.png"}, "join_to_post": false, "can_pin": false}, {"description": "#INFPVillains", "follow_count": 2, "id": 58438, "is_following": false, "is_join_pending": false, "is_banned": false, "is_moderated": false, "name_readable": "Hama", "post_count": 14, "source_profile_id": 71984, "source_type": "profile", "image": {"picURL": "https://static1.personality-database.com/profile_images/d6ef6d390f264cac82badf9112fd491c.png"}, "join_to_post": false, "can_pin": false}, {"description": "#KuudereCharacters", "follow_count": 3, "id": 1167, "is_following": false, "is_join_pending": false, "is_banned": false, "is_moderated": false, "name_readable": "Mai", "post_count": 10, "source_profile_id": 1246, "source_type": "profile", "image": {"picURL": "https://static1.personality-database.com/profile_images/c339ce044df3424ca7d9f88c1f4e1361.png"}, "join_to_post": false, "can_pin": false}, {"description": "", "follow_count": 1, "id": 61439, "is_following": false, "is_join_pending": false, "is_banned": false, "is_moderated": false, "name_readable": "Long Feng", "post_count": 8, "source_profile_id": 75764, "source_type": "profile", "image": {"picURL": "https://static1.personality-database.com/profile_images/0cd31b5c9b894846bb1c982fc8946cc5.png"}, "join_to_post": false, "can_pin": false}, {"description": "", "follow_count": 0, "id": 147674, "is_following": false, "is_join_pending": false, "is_banned": false, "is_moderated": false, "name_readable": "CanYourScienceExplain                     WhyItRains-Guy", "post_count": 8, "source_profile_id": 191379, "source_type": "profile", "image": {"picURL": "https://static1.personality-database.com/profile_images/58360e64cb814528bb5c9aa030d3de1b.png"}, "join_to_post": false, "can_pin": false}, {"description": "Kyoshi was the Earth Kingdom-born Avatar immediately succeeding Avatar Kuruk of the Northern Water Tribe, and preceding Avatar Roku of the Fire Nation.", "follow_count": 0, "id": 38997, "is_following": false, "is_join_pending": false, "is_banned": false, "is_moderated": false, "name_readable": "Avatar Kyoshi", "post_count": 7, "source_profile_id": 43941, "source_type": "profile", "image": {"picURL": "https://static1.personality-database.com/profile_images/637cd3d0673e411b9692c61ce83834e4.png"}, "join_to_post": false, "can_pin": false}, {"description": "", "follow_count": 0, "id": 8622, "is_following": false, "is_join_pending": false, "is_banned": false, "is_moderated": false, "name_readable": "Ozai", "post_count": 5, "source_profile_id": 9221, "source_type": "profile", "image": {"picURL": "https://static1.personality-database.com/profile_images/5d6a0ef7c41c4347a026d6598e1b2af7.png"}, "join_to_post": false, "can_pin": false}, {"description": "#ESTPVillains", "follow_count": 0, "id": 8623, "is_following": false, "is_join_pending": false, "is_banned": false, "is_moderated": false, "name_readable": "Jet", "post_count": 4, "source_profile_id": 9222, "source_type": "profile", "image": {"picURL": "https://static1.personality-database.com/profile_images/0c417df08f7a446b8b8d2fdd635b74ed.png"}, "join_to_post": false, "can_pin": false}], "subcategory": "Avatar: The Last Airbender (2005)", "topic_image_url": "https://static1.personality-database.com/profile_images/3146610498dc4d5398e3f300d193161d.png", "source_location": {"cid": 7, "pid": 2, "sub_cat_id": 135}, "can_post_image": false, "can_post_audio": false, "posts": {"posts": [{"username": "squeedtheweed", "user_pic_path": "https://lh3.googleusercontent.com/a-/AOh14GgjfRdV-sCpC6sPQAqkOarb8aRAGpiGRj3vKyjY8A=s96-c", "user_personality_type": "ENFP-4w3-479", "is_mod": false, "comment_count": 0, "reply_count": 0, "vote_type": 0, "topics_list": [{"id": 1160, "name_readable": "Zuko"}], "id": 2163738, "post_id": 2163738, "user_id": 150692, "title": "", "content": "His tritype is fixed!!!", "create_date": 1673427783000, "unix_timestamp": 1673427783000, "update_date": 1673427783000, "vote_count": 1, "vote_count_down": 0, "is_reported": 0, "is_hidden": false, "is_pinned": false, "is_watching": false, "is_pro_user": false, "images": null, "audios": null, "function_list": [], "type": "post"}, {"username": "chistosin", "user_pic_path": "https://static1.personality-database.com/user_avatars/1614831/75e5ea22-e6bd-4ade-ab22-d651aefde6cc_small.jpeg", "user_personality_type": "ISFJ-9w1-974", "is_mod": false, "comment_count": 0, "reply_count": 0, "vote_type": 0, "topics_list": [{"id": 1160, "name_readable": "Zuko"}], "id": 2138634, "post_id": 2138634, "user_id": 1614831, "title": "", "content": "I love him sm \ud83d\udc97\ud83d\udc97\ud83d\udc97", "create_date": 1673149982000, "unix_timestamp": 1673149982000, "update_date": 1673149982000, "vote_count": 1, "vote_count_down": 0, "is_reported": 1, "is_hidden": false, "is_pinned": false, "is_watching": false, "is_pro_user": false, "images": null, "audios": null, "function_list": [], "type": "post"}, {"username": "Tears_of_the_Moon", "user_pic_path": "https://static1.personality-database.com/user_avatars/1634944/fd5fafe2-214b-4205-9a0f-0bee4b8709d5_small.jpeg", "user_personality_type": "INFP-4w5", "is_mod": false, "comment_count": 0, "reply_count": 0, "vote_type": 0, "topics_list": [{"id": 1160, "name_readable": "Zuko"}], "id": 2126159, "post_id": 2126159, "user_id": 1634944, "title": "", "content": "And that's the result, people, of the best arc of redemption of all time...\n\n\nHis \u2728HAIR\u2728", "create_date": 1673035103000, "unix_timestamp": 1673035103000, "update_date": 1673035103000, "vote_count": 0, "vote_count_down": 0, "is_reported": 1, "is_hidden": false, "is_pinned": false, "is_watching": false, "is_pro_user": false, "images": null, "audios": null, "function_list": [], "type": "post"}]}}}}