{"id": 1240, "mbti_profile": "Azula", "profile_name_searchable": "azula", "allow_commenting": true, "allow_voting": true, "user_id": 207, "contributor": "Steve Williams", "contributor_create_date": "2015-08-25 05:07:02", "contributor_pic_path": "https://lh3.googleusercontent.com/-XdUIqdMkCWA/AAAAAAAAAAI/AAAAAAAAAAA/4252rscbv5M/photo.jpg", "display_order": 1025, "edit_lock": 0, "edit_lock_picture": 1, "is_active": true, "is_approved": true, "mbti_enneagram_type": "ENTJ 3w4", "mbti_type": "ENTJ 3w4", "pdb_comment_access": true, "pdb_page_owner": 0, "pdb_public_access": true, "wiki_description": "Azula was the princess of the Fire Nation, daughter of Fire Lord Ozai and Ursa, younger sister of Zuko, and older half-sister of Kiyi. She was a key adversary of Team Avatar, chasing Avatar Aang and her banished brother far across the Earth Kingdom accompanied by her then two best friends, Mai and Ty Lee. #gaslight #gatekeep #girlboss", "watch_count": 2147, "comment_count": 947, "vote_count": 2212, "vote_count_enneagram": 1385, "vote_count_mbti": 2212, "total_vote_counts": 5429, "personality_type": "ENTJ - 3w4 - so/sp - 386 - SLE - SLOEN - VLFE - Choleric [Dominant] - ET(N)", "type_updated_date": "2022-11-15 13:41:26", "enneagram_vote": "", "enneagram_vote_id": 0, "mbti_vote": "", "mbti_vote_id": 0, "is_watching": false, "image_exists": false, "profile_image_url": "https://static1.personality-database.com/profile_images/012f8226fc8a41fca4c001ba5a8a49b5.png", "profile_image_credit": "", "profile_image_credit_id": 178238, "profile_image_credit_type": "0", "profile_image_credit_url": "", "alt_subcategory": "", "related_subcategories": "", "cat_id": 7, "category": "Cartoons", "category_is_fictional": true, "sub_cat_id": 135, "subcategory": "Avatar: The Last Airbender (2005)", "subcat_link_info": {"sub_cat_id": 135, "cat_id": 7, "property_id": 2, "subcategory": "Avatar: The Last Airbender (2005)"}, "related_subcat_link_info": null, "related_profiles": [{"id": 1239, "mbti_profile": "Zuko", "subcategory": "Avatar: The Last Airbender (2005)", "profile_image_url": "https://static1.personality-database.com/profile_images/3146610498dc4d5398e3f300d193161d.png", "profile_name": "Zuko", "profile_subcat": "Avatar: The Last Airbender (2005)", "sub_cat_id": 135, "cat_id": 7, "property_id": 2, "mbti": "ISFP", "enneatype": "4w3"}, {"id": 1244, "mbti_profile": "Sokka", "subcategory": "Avatar: The Last Airbender (2005)", "profile_image_url": "https://static1.personality-database.com/profile_images/e4cab3df446e4d14a57ef77e1aebf2e1.png", "profile_name": "Sokka", "profile_subcat": "Avatar: The Last Airbender (2005)", "sub_cat_id": 135, "cat_id": 7, "property_id": 2, "mbti": "ESTJ", "enneatype": "6w7"}, {"id": 1241, "mbti_profile": "Aang", "subcategory": "Avatar: The Last Airbender (2005)", "profile_image_url": "https://static1.personality-database.com/profile_images/2ac9b5b2362149a58d03751c763eb4ec.png", "profile_name": "Aang", "profile_subcat": "Avatar: The Last Airbender (2005)", "sub_cat_id": 135, "cat_id": 7, "property_id": 2, "mbti": "ENFP", "enneatype": "7w6"}, {"id": 1243, "mbti_profile": "Iroh", "subcategory": "Avatar: The Last Airbender (2005)", "profile_image_url": "https://static1.personality-database.com/profile_images/7f0277aa8c9649cf8e8c9d276bc437a6.png", "profile_name": "Iroh", "profile_subcat": "Avatar: The Last Airbender (2005)", "sub_cat_id": 135, "cat_id": 7, "property_id": 2, "mbti": "ENFJ", "enneatype": "9w1"}, {"id": 1245, "mbti_profile": "Katara", "subcategory": "Avatar: The Last Airbender (2005)", "profile_image_url": "https://static1.personality-database.com/profile_images/de883512477440e2aa3ffd8afbb4f4e9.png", "profile_name": "Katara", "profile_subcat": "Avatar: The Last Airbender (2005)", "sub_cat_id": 135, "cat_id": 7, "property_id": 2, "mbti": "ESFJ", "enneatype": "1w2"}, {"id": 1242, "mbti_profile": "Toph Beifong", "subcategory": "Avatar: The Last Airbender (2005)", "profile_image_url": "https://static1.personality-database.com/profile_images/5bdda714c08b4d61a3befa8427334c9a.png", "profile_name": "Toph Beifong", "profile_subcat": "Avatar: The Last Airbender (2005)", "sub_cat_id": 135, "cat_id": 7, "property_id": 2, "mbti": "ISTP", "enneatype": "8w7"}, {"id": 1250, "mbti_profile": "Suki", "subcategory": "Avatar: The Last Airbender (2005)", "profile_image_url": "https://static1.personality-database.com/profile_images/eef068e217074957a36f2fe3e55cf8a4.png", "profile_name": "Suki", "profile_subcat": "Avatar: The Last Airbender (2005)", "sub_cat_id": 135, "cat_id": 7, "property_id": 2, "mbti": "ENFJ", "enneatype": "9w8"}, {"id": 1246, "mbti_profile": "Mai", "subcategory": "Avatar: The Last Airbender (2005)", "profile_image_url": "https://static1.personality-database.com/profile_images/c339ce044df3424ca7d9f88c1f4e1361.png", "profile_name": "Mai", "profile_subcat": "Avatar: The Last Airbender (2005)", "sub_cat_id": 135, "cat_id": 7, "property_id": 2, "mbti": "ISTP", "enneatype": "9w8"}], "functions": ["Te", "Ni", "Se", "Fi"], "systems": [{"hex_color": "#888888", "id": 1, "personality_type": "XXXX", "personality_type_id": 0, "system_name": "Four Letter", "system_vote_count": 2143, "user_vote_type_id": 0, "vote_id": 0}, {"hex_color": "#006775", "id": 2, "personality_type": "XXXX", "personality_type_id": 0, "system_name": "Enneagram", "system_vote_count": 1340, "user_vote_type_id": 0, "vote_id": 0}, {"hex_color": "#006775", "id": 5, "personality_type": "XXXX", "personality_type_id": 0, "system_name": "Instinctual Variant", "system_vote_count": 403, "user_vote_type_id": 0, "vote_id": 0}, {"hex_color": "#006775", "id": 6, "personality_type": "XXXX", "personality_type_id": 0, "system_name": "Tritype", "system_vote_count": 434, "user_vote_type_id": 0, "vote_id": 0}, {"hex_color": "#888888", "id": 3, "personality_type": "XXXX", "personality_type_id": 0, "system_name": "Socionics", "system_vote_count": 216, "user_vote_type_id": 0, "vote_id": 0}, {"hex_color": "#888888", "id": 9, "personality_type": "XXXX", "personality_type_id": 0, "system_name": "Big 5 (SLOAN)", "system_vote_count": 182, "user_vote_type_id": 0, "vote_id": 0}, {"hex_color": "#888888", "id": 8, "personality_type": "XXXX", "personality_type_id": 0, "system_name": "Attitudinal Psyche", "system_vote_count": 120, "user_vote_type_id": 0, "vote_id": 0}, {"hex_color": "#888888", "id": 7, "personality_type": "XXXX", "personality_type_id": 0, "system_name": "Temperaments", "system_vote_count": 401, "user_vote_type_id": 0, "vote_id": 0}, {"hex_color": "#888888", "id": 11, "personality_type": "XXXX", "personality_type_id": 0, "system_name": "Classic Jungian", "system_vote_count": 33, "user_vote_type_id": 0, "vote_id": 0}], "breakdown_systems": {"1": [{"myValue": "ENTJ", "personality_system_id": 1, "personality_type": "ENTJ", "theCount": 1965}, {"myValue": "INTJ", "personality_system_id": 1, "personality_type": "INTJ", "theCount": 90}, {"myValue": "ESTJ", "personality_system_id": 1, "personality_type": "ESTJ", "theCount": 31}, {"myValue": "ESFP", "personality_system_id": 1, "personality_type": "ESFP", "theCount": 12}, {"myValue": "ESTP", "personality_system_id": 1, "personality_type": "ESTP", "theCount": 12}, {"myValue": "ENTP", "personality_system_id": 1, "personality_type": "ENTP", "theCount": 11}, {"myValue": "INFP", "personality_system_id": 1, "personality_type": "INFP", "theCount": 7}, {"myValue": "ENFJ", "personality_system_id": 1, "personality_type": "ENFJ", "theCount": 6}, {"myValue": "ESFJ", "personality_system_id": 1, "personality_type": "ESFJ", "theCount": 2}, {"myValue": "ISFJ", "personality_system_id": 1, "personality_type": "ISFJ", "theCount": 2}, {"myValue": "ISTP", "personality_system_id": 1, "personality_type": "ISTP", "theCount": 2}, {"myValue": "ENFP", "personality_system_id": 1, "personality_type": "ENFP", "theCount": 1}, {"myValue": "INFJ", "personality_system_id": 1, "personality_type": "INFJ", "theCount": 1}, {"myValue": "ISTJ", "personality_system_id": 1, "personality_type": "ISTJ", "theCount": 1}], "10": [{"myValue": "Left-brained Extrovert", "personality_system_id": 10, "personality_type": "Left-brained Extrovert", "theCount": 4}], "11": [{"myValue": "ET(N)", "personality_system_id": 11, "personality_type": "ET(N)", "theCount": 23}, {"myValue": "EF(N)", "personality_system_id": 11, "personality_type": "EF(N)", "theCount": 5}, {"myValue": "EN(T)", "personality_system_id": 11, "personality_type": "EN(T)", "theCount": 1}, {"myValue": "ES(F)", "personality_system_id": 11, "personality_type": "ES(F)", "theCount": 1}, {"myValue": "ES(T)", "personality_system_id": 11, "personality_type": "ES(T)", "theCount": 1}, {"myValue": "ET(S)", "personality_system_id": 11, "personality_type": "ET(S)", "theCount": 1}, {"myValue": "IF(N)", "personality_system_id": 11, "personality_type": "IF(N)", "theCount": 1}], "2": [{"myValue": "3w4", "personality_system_id": 2, "personality_type": "3w4", "theCount": 918}, {"myValue": "8w7", "personality_system_id": 2, "personality_type": "8w7", "theCount": 360}, {"myValue": "3w2", "personality_system_id": 2, "personality_type": "3w2", "theCount": 19}, {"myValue": "4w3", "personality_system_id": 2, "personality_type": "4w3", "theCount": 12}, {"myValue": "2w3", "personality_system_id": 2, "personality_type": "2w3", "theCount": 9}, {"myValue": "8w9", "personality_system_id": 2, "personality_type": "8w9", "theCount": 5}, {"myValue": "1w2", "personality_system_id": 2, "personality_type": "1w2", "theCount": 4}, {"myValue": "1w9", "personality_system_id": 2, "personality_type": "1w9", "theCount": 4}, {"myValue": "6w7", "personality_system_id": 2, "personality_type": "6w7", "theCount": 2}, {"myValue": "7w8", "personality_system_id": 2, "personality_type": "7w8", "theCount": 2}, {"myValue": "9w1", "personality_system_id": 2, "personality_type": "9w1", "theCount": 2}, {"myValue": "2w1", "personality_system_id": 2, "personality_type": "2w1", "theCount": 1}, {"myValue": "4w5", "personality_system_id": 2, "personality_type": "4w5", "theCount": 1}, {"myValue": "5w4", "personality_system_id": 2, "personality_type": "5w4", "theCount": 1}], "3": [{"myValue": "SLE", "personality_system_id": 3, "personality_type": "SLE", "theCount": 147}, {"myValue": "LIE", "personality_system_id": 3, "personality_type": "LIE", "theCount": 28}, {"myValue": "EIE", "personality_system_id": 3, "personality_type": "EIE", "theCount": 26}, {"myValue": "SEE", "personality_system_id": 3, "personality_type": "SEE", "theCount": 9}, {"myValue": "ILI", "personality_system_id": 3, "personality_type": "ILI", "theCount": 2}, {"myValue": "LII", "personality_system_id": 3, "personality_type": "LII", "theCount": 1}, {"myValue": "LSE", "personality_system_id": 3, "personality_type": "LSE", "theCount": 1}, {"myValue": "LSI", "personality_system_id": 3, "personality_type": "LSI", "theCount": 1}, {"myValue": "SLI", "personality_system_id": 3, "personality_type": "SLI", "theCount": 1}], "4": [{"myValue": "Neutral Evil", "personality_system_id": 4, "personality_type": "Neutral Evil", "theCount": 117}, {"myValue": "Lawful Evil", "personality_system_id": 4, "personality_type": "Lawful Evil", "theCount": 18}, {"myValue": "Chaotic Evil", "personality_system_id": 4, "personality_type": "Chaotic Evil", "theCount": 16}, {"myValue": "Chaotic Neutral", "personality_system_id": 4, "personality_type": "Chaotic Neutral", "theCount": 1}, {"myValue": "True Neutral", "personality_system_id": 4, "personality_type": "True Neutral", "theCount": 1}], "5": [{"myValue": "so/sp", "personality_system_id": 5, "personality_type": "so/sp", "theCount": 286}, {"myValue": "sx/so", "personality_system_id": 5, "personality_type": "sx/so", "theCount": 64}, {"myValue": "so/sx", "personality_system_id": 5, "personality_type": "so/sx", "theCount": 15}, {"myValue": "sp/so", "personality_system_id": 5, "personality_type": "sp/so", "theCount": 15}, {"myValue": "sx/sp", "personality_system_id": 5, "personality_type": "sx/sp", "theCount": 13}, {"myValue": "sp/sx", "personality_system_id": 5, "personality_type": "sp/sx", "theCount": 10}], "6": [{"myValue": "386", "personality_system_id": 6, "personality_type": "386", "theCount": 290}, {"myValue": "836", "personality_system_id": 6, "personality_type": "836", "theCount": 59}, {"myValue": "387", "personality_system_id": 6, "personality_type": "387", "theCount": 13}, {"myValue": "316", "personality_system_id": 6, "personality_type": "316", "theCount": 10}, {"myValue": "385", "personality_system_id": 6, "personality_type": "385", "theCount": 10}, {"myValue": "835", "personality_system_id": 6, "personality_type": "835", "theCount": 10}, {"myValue": "368", "personality_system_id": 6, "personality_type": "368", "theCount": 9}, {"myValue": "268", "personality_system_id": 6, "personality_type": "268", "theCount": 7}, {"myValue": "837", "personality_system_id": 6, "personality_type": "837", "theCount": 5}, {"myValue": "468", "personality_system_id": 6, "personality_type": "468", "theCount": 3}, {"myValue": "136", "personality_system_id": 6, "personality_type": "136", "theCount": 2}, {"myValue": "371", "personality_system_id": 6, "personality_type": "371", "theCount": 2}, {"myValue": "486", "personality_system_id": 6, "personality_type": "486", "theCount": 2}, {"myValue": "863", "personality_system_id": 6, "personality_type": "863", "theCount": 2}, {"myValue": "125", "personality_system_id": 6, "personality_type": "125", "theCount": 1}, {"myValue": "126", "personality_system_id": 6, "personality_type": "126", "theCount": 1}, {"myValue": "358", "personality_system_id": 6, "personality_type": "358", "theCount": 1}, {"myValue": "361", "personality_system_id": 6, "personality_type": "361", "theCount": 1}, {"myValue": "378", "personality_system_id": 6, "personality_type": "378", "theCount": 1}, {"myValue": "396", "personality_system_id": 6, "personality_type": "396", "theCount": 1}, {"myValue": "415", "personality_system_id": 6, "personality_type": "415", "theCount": 1}, {"myValue": "683", "personality_system_id": 6, "personality_type": "683", "theCount": 1}, {"myValue": "873", "personality_system_id": 6, "personality_type": "873", "theCount": 1}, {"myValue": "962", "personality_system_id": 6, "personality_type": "962", "theCount": 1}], "7": [{"myValue": "Choleric [Dominant]", "personality_system_id": 7, "personality_type": "Choleric [Dominant]", "theCount": 362}, {"myValue": "Choleric-Melancholic", "personality_system_id": 7, "personality_type": "Choleric-Melancholic", "theCount": 25}, {"myValue": "Choleric-Sanguine", "personality_system_id": 7, "personality_type": "Choleric-Sanguine", "theCount": 5}, {"myValue": "Choleric-Phlegmatic", "personality_system_id": 7, "personality_type": "Choleric-Phlegmatic", "theCount": 3}, {"myValue": "Melancholic-Phlegmatic", "personality_system_id": 7, "personality_type": "Melancholic-Phlegmatic", "theCount": 2}, {"myValue": "Melancholic [Dominant]", "personality_system_id": 7, "personality_type": "Melancholic [Dominant]", "theCount": 1}, {"myValue": "Phlegmatic-Choleric", "personality_system_id": 7, "personality_type": "Phlegmatic-Choleric", "theCount": 1}, {"myValue": "Sanguine [Dominant]", "personality_system_id": 7, "personality_type": "Sanguine [Dominant]", "theCount": 1}, {"myValue": "Sanguine-Choleric", "personality_system_id": 7, "personality_type": "Sanguine-Choleric", "theCount": 1}], "8": [{"myValue": "VLFE", "personality_system_id": 8, "personality_type": "VLFE", "theCount": 88}, {"myValue": "VFLE", "personality_system_id": 8, "personality_type": "VFLE", "theCount": 13}, {"myValue": "VLEF", "personality_system_id": 8, "personality_type": "VLEF", "theCount": 7}, {"myValue": "VFEL", "personality_system_id": 8, "personality_type": "VFEL", "theCount": 6}, {"myValue": "EVLF", "personality_system_id": 8, "personality_type": "EVLF", "theCount": 2}, {"myValue": "EFVL", "personality_system_id": 8, "personality_type": "EFVL", "theCount": 1}, {"myValue": "FEVL", "personality_system_id": 8, "personality_type": "FEVL", "theCount": 1}, {"myValue": "FLVE", "personality_system_id": 8, "personality_type": "FLVE", "theCount": 1}, {"myValue": "VEFL", "personality_system_id": 8, "personality_type": "VEFL", "theCount": 1}], "9": [{"myValue": "SLOEN", "personality_system_id": 9, "personality_type": "SLOEN", "theCount": 108}, {"myValue": "SCOEN", "personality_system_id": 9, "personality_type": "SCOEN", "theCount": 53}, {"myValue": "SLOEI", "personality_system_id": 9, "personality_type": "SLOEI", "theCount": 15}, {"myValue": "SLUEN", "personality_system_id": 9, "personality_type": "SLUEN", "theCount": 2}, {"myValue": "RCOEN", "personality_system_id": 9, "personality_type": "RCOEN", "theCount": 1}, {"myValue": "RCUEN", "personality_system_id": 9, "personality_type": "RCUEN", "theCount": 1}, {"myValue": "RLOEN", "personality_system_id": 9, "personality_type": "RLOEN", "theCount": 1}, {"myValue": "SCOEI", "personality_system_id": 9, "personality_type": "SCOEI", "theCount": 1}]}, "breakdown_config": {"expand": {"1": 3, "10": 1, "11": 1, "2": 3, "3": 1, "4": 1, "5": 1, "6": 1, "7": 1, "8": 1, "9": 1}, "fire": {"1": 0, "10": 0, "11": 0, "2": 0, "3": 0, "4": 0, "5": 0, "6": 0, "7": 0, "8": 0, "9": 0}}, "mbti_letter_stats": [{"type": "E", "percentage": "95%", "PercentageFloat": 0.9519365375641624}, {"type": "N", "percentage": "97%", "PercentageFloat": 0.9710685954269715}, {"type": "T", "percentage": "99%", "PercentageFloat": 0.9855342977134858}, {"type": "J", "percentage": "98%", "PercentageFloat": 0.9790013999066729}], "topic_info": {"can_generate": false, "topic": {"description": "Azula was the princess of the Fire Nation, daughter of Fire Lord Ozai and Ursa, younger sister of Zuko, and older half-sister of Kiyi. She was a key adversary of Team Avatar, chasing Avatar Aang and her banished brother far across the Earth Kingdom accompanied by her then two best friends, Mai and Ty Lee. #gaslight #gatekeep #girlboss", "follow_count": 4, "id": 1161, "is_following": false, "is_join_pending": false, "is_banned": false, "is_moderated": false, "name_readable": "Azula", "post_count": 76, "source_profile_id": 1240, "source_type": "profile", "join_to_post": false, "can_pin": false, "related_topics": [{"description": "", "follow_count": 12, "id": 1160, "is_following": false, "is_join_pending": false, "is_banned": false, "is_moderated": false, "name_readable": "Zuko", "post_count": 98, "source_profile_id": 1239, "source_type": "profile", "image": {"picURL": "https://static1.personality-database.com/profile_images/3146610498dc4d5398e3f300d193161d.png"}, "join_to_post": false, "can_pin": false}, {"description": "Azula was the princess of the Fire Nation, daughter of Fire Lord Ozai and Ursa, younger sister of Zuko, and older half-sister of Kiyi. She was a key adversary of Team Avatar, chasing Avatar Aang and her banished brother far across the Earth Kingdom accompanied by her then two best friends, Mai and Ty Lee. #gaslight #gatekeep #girlboss", "follow_count": 4, "id": 1161, "is_following": false, "is_join_pending": false, "is_banned": false, "is_moderated": false, "name_readable": "Azula", "post_count": 76, "source_profile_id": 1240, "source_type": "profile", "image": {"picURL": "https://static1.personality-database.com/profile_images/012f8226fc8a41fca4c001ba5a8a49b5.png"}, "join_to_post": false, "can_pin": false}, {"description": "", "follow_count": 5, "id": 1164, "is_following": false, "is_join_pending": false, "is_banned": false, "is_moderated": false, "name_readable": "Iroh", "post_count": 45, "source_profile_id": 1243, "source_type": "profile", "image": {"picURL": "https://static1.personality-database.com/profile_images/7f0277aa8c9649cf8e8c9d276bc437a6.png"}, "join_to_post": false, "can_pin": false}, {"description": "Katara is a waterbending master, born in the Southern Water Tribe to Chief Hakoda and his wife Kya. During her childhood, she was the only waterbender living in the Southern Water Tribe. After losing her mother in a Fire Nation raid and her father left to battle against the Fire Nation in the Hundred Year War, she was raised by her paternal grandmother Kanna alongside her older brother Sokka. As a teenager, Katara and her brother discovered the young Air Nomad Avatar, Aang, who had been frozen in an iceberg with his bison, Appa, for one hundred years. In need of a waterbending master, the siblings and Aang left the South Pole on a journey toward the Northern Water Tribe.\n#MaeWhitman\n#ESFJHeroes", "follow_count": 2, "id": 1166, "is_following": false, "is_join_pending": false, "is_banned": false, "is_moderated": false, "name_readable": "Katara", "post_count": 27, "source_profile_id": 1245, "source_type": "profile", "image": {"picURL": "https://static1.personality-database.com/profile_images/de883512477440e2aa3ffd8afbb4f4e9.png"}, "join_to_post": false, "can_pin": false}, {"description": "Aang was a male Air Nomad born in 12 BG and the Avatar during the century-long conflict known as the Hundred Year War. His immediate predecessor was Avatar Roku, and his immediate successor is Avatar Korra. As the Avatar of his time, he was the only person capable of using all four bending arts: airbending, waterbending, earthbending, and firebending. He was also one of a select few Avatars, and one of the first in many cycles to learn the ancient art of energybending, and the first Avatar known to have actively used the technique. - Avatar Wiki", "follow_count": 3, "id": 1162, "is_following": false, "is_join_pending": false, "is_banned": false, "is_moderated": false, "name_readable": "Aang", "post_count": 26, "source_profile_id": 1241, "source_type": "profile", "image": {"picURL": "https://static1.personality-database.com/profile_images/2ac9b5b2362149a58d03751c763eb4ec.png"}, "join_to_post": false, "can_pin": false}, {"description": "Sokka was a Water Tribe warrior of the Southern Water Tribe and the son of Chief Hakoda and Kya. Following the death of his mother and his father's departure for war, Sokka was raised by his grandmother Kanna along with his younger sister Katara. Hakoda left along with all of the other men in his tribe to fight the Fire Nation when Sokka was a young boy. Despite his desire to join his father, Sokka was not permitted to accompany the men on the mission and was left behind. As there were no other teenage boys in the tribe, Sokka was the oldest male in the South Pole and, therefore, left as the leader of the tribe. He assumed responsibility for the tribe, haplessly training children to be future warriors until his sister discovered an Air Nomad named Aang frozen in an iceberg.\n\nVoiced by #JackDeSena\n#ESTJHeroes", "follow_count": 7, "id": 1165, "is_following": false, "is_join_pending": false, "is_banned": false, "is_moderated": false, "name_readable": "Sokka", "post_count": 25, "source_profile_id": 1244, "source_type": "profile", "image": {"picURL": "https://static1.personality-database.com/profile_images/e4cab3df446e4d14a57ef77e1aebf2e1.png"}, "join_to_post": false, "can_pin": false}, {"description": "Toph is one of the main protagonists in the Avatar series. She is a genius earthbender and a close friend of Avatar Aang. Her most iconic feature is her visual blindness that she compensates with a technique that uses her feet to scan the underground.\n\n#ISTPHeroes", "follow_count": 3, "id": 1163, "is_following": false, "is_join_pending": false, "is_banned": false, "is_moderated": false, "name_readable": "Toph Beifong", "post_count": 20, "source_profile_id": 1242, "source_type": "profile", "image": {"picURL": "https://static1.personality-database.com/profile_images/5bdda714c08b4d61a3befa8427334c9a.png"}, "join_to_post": false, "can_pin": false}, {"description": "", "follow_count": 1, "id": 1168, "is_following": false, "is_join_pending": false, "is_banned": false, "is_moderated": false, "name_readable": "Ty Lee", "post_count": 18, "source_profile_id": 1247, "source_type": "profile", "image": {"picURL": "https://static1.personality-database.com/profile_images/34af225ecc6544d88562755219450152.png"}, "join_to_post": false, "can_pin": false}, {"description": "Suki is one of the many recurring protagonists from Avatar the Last Airbender. She resides on Kyoshi Island, home of the legendary Avatar Kyoshi, and leads her own group called the Kyoshi warriors.", "follow_count": 3, "id": 1171, "is_following": false, "is_join_pending": false, "is_banned": false, "is_moderated": false, "name_readable": "Suki", "post_count": 17, "source_profile_id": 1250, "source_type": "profile", "image": {"picURL": "https://static1.personality-database.com/profile_images/eef068e217074957a36f2fe3e55cf8a4.png"}, "join_to_post": false, "can_pin": false}, {"description": "#INFPVillains", "follow_count": 2, "id": 58438, "is_following": false, "is_join_pending": false, "is_banned": false, "is_moderated": false, "name_readable": "Hama", "post_count": 14, "source_profile_id": 71984, "source_type": "profile", "image": {"picURL": "https://static1.personality-database.com/profile_images/d6ef6d390f264cac82badf9112fd491c.png"}, "join_to_post": false, "can_pin": false}, {"description": "#KuudereCharacters", "follow_count": 3, "id": 1167, "is_following": false, "is_join_pending": false, "is_banned": false, "is_moderated": false, "name_readable": "Mai", "post_count": 10, "source_profile_id": 1246, "source_type": "profile", "image": {"picURL": "https://static1.personality-database.com/profile_images/c339ce044df3424ca7d9f88c1f4e1361.png"}, "join_to_post": false, "can_pin": false}, {"description": "", "follow_count": 1, "id": 61439, "is_following": false, "is_join_pending": false, "is_banned": false, "is_moderated": false, "name_readable": "Long Feng", "post_count": 8, "source_profile_id": 75764, "source_type": "profile", "image": {"picURL": "https://static1.personality-database.com/profile_images/0cd31b5c9b894846bb1c982fc8946cc5.png"}, "join_to_post": false, "can_pin": false}, {"description": "", "follow_count": 0, "id": 147674, "is_following": false, "is_join_pending": false, "is_banned": false, "is_moderated": false, "name_readable": "CanYourScienceExplain                     WhyItRains-Guy", "post_count": 8, "source_profile_id": 191379, "source_type": "profile", "image": {"picURL": "https://static1.personality-database.com/profile_images/58360e64cb814528bb5c9aa030d3de1b.png"}, "join_to_post": false, "can_pin": false}, {"description": "Kyoshi was the Earth Kingdom-born Avatar immediately succeeding Avatar Kuruk of the Northern Water Tribe, and preceding Avatar Roku of the Fire Nation.", "follow_count": 0, "id": 38997, "is_following": false, "is_join_pending": false, "is_banned": false, "is_moderated": false, "name_readable": "Avatar Kyoshi", "post_count": 7, "source_profile_id": 43941, "source_type": "profile", "image": {"picURL": "https://static1.personality-database.com/profile_images/637cd3d0673e411b9692c61ce83834e4.png"}, "join_to_post": false, "can_pin": false}, {"description": "", "follow_count": 0, "id": 8622, "is_following": false, "is_join_pending": false, "is_banned": false, "is_moderated": false, "name_readable": "Ozai", "post_count": 5, "source_profile_id": 9221, "source_type": "profile", "image": {"picURL": "https://static1.personality-database.com/profile_images/5d6a0ef7c41c4347a026d6598e1b2af7.png"}, "join_to_post": false, "can_pin": false}, {"description": "#ESTPVillains", "follow_count": 0, "id": 8623, "is_following": false, "is_join_pending": false, "is_banned": false, "is_moderated": false, "name_readable": "Jet", "post_count": 4, "source_profile_id": 9222, "source_type": "profile", "image": {"picURL": "https://static1.personality-database.com/profile_images/0c417df08f7a446b8b8d2fdd635b74ed.png"}, "join_to_post": false, "can_pin": false}], "subcategory": "Avatar: The Last Airbender (2005)", "topic_image_url": "https://static1.personality-database.com/profile_images/012f8226fc8a41fca4c001ba5a8a49b5.png", "source_location": {"cid": 7, "pid": 2, "sub_cat_id": 135}, "can_post_image": false, "can_post_audio": false, "posts": {"posts": [{"username": "Daniel the Divergent", "user_pic_path": "https://static1.personality-database.com/user_avatars/1702911/be172686-6ef5-4044-bb14-6feff02b48d7_small.jpeg", "user_personality_type": "INTJ-5w4-541", "is_mod": false, "comment_count": 0, "reply_count": 0, "vote_type": 0, "topics_list": [{"id": 1161, "name_readable": "Azula"}], "id": 2099837, "post_id": 2099837, "user_id": 1702911, "title": "", "content": "> ENTJ\n> SLE\n\nYou can\u2019t be ENTJ and SLE at the same time. And she definitely hasn\u2019t Te base.\n\nIn fact ENFJ EIE would be far better at bar minimum.\n\nPick one. And Te has nothing to do with being mean or commanding and goal oriented.\n\nShe is ES(T) So3 blueprint, thinking is secondary.", "create_date": 1671992162000, "unix_timestamp": 1671992162000, "update_date": 1671992162000, "vote_count": 2, "vote_count_down": 3, "is_reported": 1, "is_hidden": false, "is_pinned": false, "is_watching": false, "is_pro_user": false, "images": null, "audios": null, "function_list": [], "type": "post"}, {"username": "phantome", "user_pic_path": "https://lh3.googleusercontent.com/a/AItbvmn4kvY7bfk9L5vIryjTJrWnbSJpZHGtkw7hq_jz=s96-c", "user_personality_type": "3w4", "is_mod": false, "comment_count": 0, "reply_count": 0, "vote_type": 0, "topics_list": [{"id": 1161, "name_readable": "Azula"}], "id": 1986285, "post_id": 1986285, "user_id": 784907, "title": "", "content": "Now why are some people voting her as SX2....", "create_date": 1671595865000, "unix_timestamp": 1671595865000, "update_date": 1671595865000, "vote_count": 5, "vote_count_down": 0, "is_reported": 0, "is_hidden": false, "is_pinned": false, "is_watching": false, "is_pro_user": false, "images": null, "audios": null, "function_list": [], "type": "post"}, {"username": "AHHHSCREWALLOFYOU", "user_pic_path": "https://static1.personality-database.com/user_avatars/869880/0a4def7c-2d1d-4109-8b7b-9f86f3b3409b.jpeg", "user_personality_type": "ENTJ-8w7-836", "is_mod": false, "comment_count": 0, "reply_count": 0, "vote_type": 0, "topics_list": [{"id": 1161, "name_readable": "Azula"}], "id": 1945901, "post_id": 1945901, "user_id": 869880, "title": "", "content": "Azula can burn me anytime \ud83e\udef6", "create_date": 1671129619000, "unix_timestamp": 1671129619000, "update_date": 1671129619000, "vote_count": 9, "vote_count_down": 0, "is_reported": 0, "is_hidden": false, "is_pinned": false, "is_watching": false, "is_pro_user": false, "images": null, "audios": null, "function_list": [], "type": "post"}]}}}}