{"id": 1241, "mbti_profile": "Aang", "profile_name_searchable": "aang", "allow_commenting": true, "allow_voting": true, "user_id": 207, "contributor": "Steve Williams", "contributor_create_date": "2015-08-25 05:07:12", "contributor_pic_path": "https://lh3.googleusercontent.com/-XdUIqdMkCWA/AAAAAAAAAAI/AAAAAAAAAAA/4252rscbv5M/photo.jpg", "display_order": 1055, "edit_lock": 0, "edit_lock_picture": 1, "is_active": true, "is_approved": true, "mbti_enneagram_type": "ENFP 7w6", "mbti_type": "ENFP 7w6", "pdb_comment_access": true, "pdb_page_owner": 0, "pdb_public_access": true, "wiki_description": "Aang was a male Air Nomad born in 12 BG and the Avatar during the century-long conflict known as the Hundred Year War. His immediate predecessor was Avatar Roku, and his immediate successor is Avatar Korra. As the Avatar of his time, he was the only person capable of using all four bending arts: airbending, waterbending, earthbending, and firebending. He was also one of a select few Avatars, and one of the first in many cycles to learn the ancient art of energybending, and the first Avatar known to have actively used the technique. - Avatar Wiki", "watch_count": 2174, "comment_count": 830, "vote_count": 2275, "vote_count_enneagram": 1458, "vote_count_mbti": 2275, "total_vote_counts": 5432, "personality_type": "ENFP - 7w6 - so/sx - 792 - IEE - SCUAI - EVFL - Sanguine [Dominant] - EN(F)", "type_updated_date": "2022-11-15 16:07:11", "enneagram_vote": "", "enneagram_vote_id": 0, "mbti_vote": "", "mbti_vote_id": 0, "is_watching": false, "image_exists": false, "profile_image_url": "https://static1.personality-database.com/profile_images/2ac9b5b2362149a58d03751c763eb4ec.png", "profile_image_credit": "", "profile_image_credit_id": 0, "profile_image_credit_type": "0", "profile_image_credit_url": "", "alt_subcategory": "", "related_subcategories": "136|||The Legend of Korra (2012),,,34798|||Nickelodeon All-Star Brawl ", "cat_id": 7, "category": "Cartoons", "category_is_fictional": true, "sub_cat_id": 135, "subcategory": "Avatar: The Last Airbender (2005)", "subcat_link_info": {"sub_cat_id": 135, "cat_id": 7, "property_id": 2, "subcategory": "Avatar: The Last Airbender (2005)"}, "related_subcat_link_info": [{"sub_cat_id": 136, "cat_id": 7, "property_id": 2, "subcategory": "The Legend of Korra (2012)"}, {"sub_cat_id": 34798, "cat_id": 11, "property_id": 2, "subcategory": "Nickelodeon All-Star Brawl "}], "related_profiles": [{"id": 1239, "mbti_profile": "Zuko", "subcategory": "Avatar: The Last Airbender (2005)", "profile_image_url": "https://static1.personality-database.com/profile_images/3146610498dc4d5398e3f300d193161d.png", "profile_name": "Zuko", "profile_subcat": "Avatar: The Last Airbender (2005)", "sub_cat_id": 135, "cat_id": 7, "property_id": 2, "mbti": "ISFP", "enneatype": "4w3"}, {"id": 1244, "mbti_profile": "Sokka", "subcategory": "Avatar: The Last Airbender (2005)", "profile_image_url": "https://static1.personality-database.com/profile_images/e4cab3df446e4d14a57ef77e1aebf2e1.png", "profile_name": "Sokka", "profile_subcat": "Avatar: The Last Airbender (2005)", "sub_cat_id": 135, "cat_id": 7, "property_id": 2, "mbti": "ESTJ", "enneatype": "6w7"}, {"id": 1240, "mbti_profile": "Azula", "subcategory": "Avatar: The Last Airbender (2005)", "profile_image_url": "https://static1.personality-database.com/profile_images/012f8226fc8a41fca4c001ba5a8a49b5.png", "profile_name": "Azula", "profile_subcat": "Avatar: The Last Airbender (2005)", "sub_cat_id": 135, "cat_id": 7, "property_id": 2, "mbti": "ENTJ", "enneatype": "3w4"}, {"id": 1243, "mbti_profile": "Iroh", "subcategory": "Avatar: The Last Airbender (2005)", "profile_image_url": "https://static1.personality-database.com/profile_images/7f0277aa8c9649cf8e8c9d276bc437a6.png", "profile_name": "Iroh", "profile_subcat": "Avatar: The Last Airbender (2005)", "sub_cat_id": 135, "cat_id": 7, "property_id": 2, "mbti": "ENFJ", "enneatype": "9w1"}, {"id": 1245, "mbti_profile": "Katara", "subcategory": "Avatar: The Last Airbender (2005)", "profile_image_url": "https://static1.personality-database.com/profile_images/de883512477440e2aa3ffd8afbb4f4e9.png", "profile_name": "Katara", "profile_subcat": "Avatar: The Last Airbender (2005)", "sub_cat_id": 135, "cat_id": 7, "property_id": 2, "mbti": "ESFJ", "enneatype": "1w2"}, {"id": 1242, "mbti_profile": "Toph Beifong", "subcategory": "Avatar: The Last Airbender (2005)", "profile_image_url": "https://static1.personality-database.com/profile_images/5bdda714c08b4d61a3befa8427334c9a.png", "profile_name": "Toph Beifong", "profile_subcat": "Avatar: The Last Airbender (2005)", "sub_cat_id": 135, "cat_id": 7, "property_id": 2, "mbti": "ISTP", "enneatype": "8w7"}, {"id": 1250, "mbti_profile": "Suki", "subcategory": "Avatar: The Last Airbender (2005)", "profile_image_url": "https://static1.personality-database.com/profile_images/eef068e217074957a36f2fe3e55cf8a4.png", "profile_name": "Suki", "profile_subcat": "Avatar: The Last Airbender (2005)", "sub_cat_id": 135, "cat_id": 7, "property_id": 2, "mbti": "ENFJ", "enneatype": "9w8"}, {"id": 1246, "mbti_profile": "Mai", "subcategory": "Avatar: The Last Airbender (2005)", "profile_image_url": "https://static1.personality-database.com/profile_images/c339ce044df3424ca7d9f88c1f4e1361.png", "profile_name": "Mai", "profile_subcat": "Avatar: The Last Airbender (2005)", "sub_cat_id": 135, "cat_id": 7, "property_id": 2, "mbti": "ISTP", "enneatype": "9w8"}], "functions": ["Ne", "Fi", "Te", "Si"], "systems": [{"hex_color": "#888888", "id": 1, "personality_type": "XXXX", "personality_type_id": 0, "system_name": "Four Letter", "system_vote_count": 2204, "user_vote_type_id": 0, "vote_id": 0}, {"hex_color": "#006775", "id": 2, "personality_type": "XXXX", "personality_type_id": 0, "system_name": "Enneagram", "system_vote_count": 1397, "user_vote_type_id": 0, "vote_id": 0}, {"hex_color": "#006775", "id": 5, "personality_type": "XXXX", "personality_type_id": 0, "system_name": "Instinctual Variant", "system_vote_count": 418, "user_vote_type_id": 0, "vote_id": 0}, {"hex_color": "#006775", "id": 6, "personality_type": "XXXX", "personality_type_id": 0, "system_name": "Tritype", "system_vote_count": 503, "user_vote_type_id": 0, "vote_id": 0}, {"hex_color": "#888888", "id": 3, "personality_type": "XXXX", "personality_type_id": 0, "system_name": "Socionics", "system_vote_count": 166, "user_vote_type_id": 0, "vote_id": 0}, {"hex_color": "#888888", "id": 9, "personality_type": "XXXX", "personality_type_id": 0, "system_name": "Big 5 (SLOAN)", "system_vote_count": 153, "user_vote_type_id": 0, "vote_id": 0}, {"hex_color": "#888888", "id": 8, "personality_type": "XXXX", "personality_type_id": 0, "system_name": "Attitudinal Psyche", "system_vote_count": 86, "user_vote_type_id": 0, "vote_id": 0}, {"hex_color": "#888888", "id": 7, "personality_type": "XXXX", "personality_type_id": 0, "system_name": "Temperaments", "system_vote_count": 315, "user_vote_type_id": 0, "vote_id": 0}, {"hex_color": "#888888", "id": 11, "personality_type": "XXXX", "personality_type_id": 0, "system_name": "Classic Jungian", "system_vote_count": 35, "user_vote_type_id": 0, "vote_id": 0}], "breakdown_systems": {"1": [{"myValue": "ENFP", "personality_system_id": 1, "personality_type": "ENFP", "theCount": 2019}, {"myValue": "ESFP", "personality_system_id": 1, "personality_type": "ESFP", "theCount": 78}, {"myValue": "ESFJ", "personality_system_id": 1, "personality_type": "ESFJ", "theCount": 36}, {"myValue": "INFP", "personality_system_id": 1, "personality_type": "INFP", "theCount": 27}, {"myValue": "ENFJ", "personality_system_id": 1, "personality_type": "ENFJ", "theCount": 16}, {"myValue": "INFJ", "personality_system_id": 1, "personality_type": "INFJ", "theCount": 7}, {"myValue": "ENTP", "personality_system_id": 1, "personality_type": "ENTP", "theCount": 6}, {"myValue": "INTP", "personality_system_id": 1, "personality_type": "INTP", "theCount": 3}, {"myValue": "ISFP", "personality_system_id": 1, "personality_type": "ISFP", "theCount": 3}, {"myValue": "ENTJ", "personality_system_id": 1, "personality_type": "ENTJ", "theCount": 2}, {"myValue": "INTJ", "personality_system_id": 1, "personality_type": "INTJ", "theCount": 2}, {"myValue": "ISFJ", "personality_system_id": 1, "personality_type": "ISFJ", "theCount": 2}, {"myValue": "ISTJ", "personality_system_id": 1, "personality_type": "ISTJ", "theCount": 2}, {"myValue": "ESTP", "personality_system_id": 1, "personality_type": "ESTP", "theCount": 1}], "10": [{"myValue": "Right-brained Extrovert", "personality_system_id": 10, "personality_type": "Right-brained Extrovert", "theCount": 4}], "11": [{"myValue": "EN(F)", "personality_system_id": 11, "personality_type": "EN(F)", "theCount": 32}, {"myValue": "EF(S)", "personality_system_id": 11, "personality_type": "EF(S)", "theCount": 1}, {"myValue": "EN(T)", "personality_system_id": 11, "personality_type": "EN(T)", "theCount": 1}, {"myValue": "IF(N)", "personality_system_id": 11, "personality_type": "IF(N)", "theCount": 1}], "2": [{"myValue": "7w6", "personality_system_id": 2, "personality_type": "7w6", "theCount": 695}, {"myValue": "9w1", "personality_system_id": 2, "personality_type": "9w1", "theCount": 674}, {"myValue": "9w8", "personality_system_id": 2, "personality_type": "9w8", "theCount": 5}, {"myValue": "2w3", "personality_system_id": 2, "personality_type": "2w3", "theCount": 4}, {"myValue": "6w7", "personality_system_id": 2, "personality_type": "6w7", "theCount": 4}, {"myValue": "7w8", "personality_system_id": 2, "personality_type": "7w8", "theCount": 4}, {"myValue": "5w6", "personality_system_id": 2, "personality_type": "5w6", "theCount": 3}, {"myValue": "2w1", "personality_system_id": 2, "personality_type": "2w1", "theCount": 2}, {"myValue": "1w2", "personality_system_id": 2, "personality_type": "1w2", "theCount": 1}, {"myValue": "1w9", "personality_system_id": 2, "personality_type": "1w9", "theCount": 1}, {"myValue": "4w3", "personality_system_id": 2, "personality_type": "4w3", "theCount": 1}, {"myValue": "4w5", "personality_system_id": 2, "personality_type": "4w5", "theCount": 1}, {"myValue": "5w4", "personality_system_id": 2, "personality_type": "5w4", "theCount": 1}, {"myValue": "6w5", "personality_system_id": 2, "personality_type": "6w5", "theCount": 1}], "3": [{"myValue": "IEE", "personality_system_id": 3, "personality_type": "IEE", "theCount": 148}, {"myValue": "ESE", "personality_system_id": 3, "personality_type": "ESE", "theCount": 8}, {"myValue": "EIE", "personality_system_id": 3, "personality_type": "EIE", "theCount": 3}, {"myValue": "EII", "personality_system_id": 3, "personality_type": "EII", "theCount": 2}, {"myValue": "ILE", "personality_system_id": 3, "personality_type": "ILE", "theCount": 2}, {"myValue": "LSI", "personality_system_id": 3, "personality_type": "LSI", "theCount": 2}, {"myValue": "SEI", "personality_system_id": 3, "personality_type": "SEI", "theCount": 1}], "4": [{"myValue": "Neutral Good", "personality_system_id": 4, "personality_type": "Neutral Good", "theCount": 111}, {"myValue": "Lawful Good", "personality_system_id": 4, "personality_type": "Lawful Good", "theCount": 21}, {"myValue": "Chaotic Good", "personality_system_id": 4, "personality_type": "Chaotic Good", "theCount": 13}, {"myValue": "True Neutral", "personality_system_id": 4, "personality_type": "True Neutral", "theCount": 3}, {"myValue": "Chaotic Neutral", "personality_system_id": 4, "personality_type": "Chaotic Neutral", "theCount": 1}, {"myValue": "Lawful Neutral", "personality_system_id": 4, "personality_type": "Lawful Neutral", "theCount": 1}, {"myValue": "Neutral Evil", "personality_system_id": 4, "personality_type": "Neutral Evil", "theCount": 1}], "5": [{"myValue": "so/sx", "personality_system_id": 5, "personality_type": "so/sx", "theCount": 316}, {"myValue": "sx/so", "personality_system_id": 5, "personality_type": "sx/so", "theCount": 54}, {"myValue": "so/sp", "personality_system_id": 5, "personality_type": "so/sp", "theCount": 40}, {"myValue": "sp/so", "personality_system_id": 5, "personality_type": "sp/so", "theCount": 7}, {"myValue": "sp/sx", "personality_system_id": 5, "personality_type": "sp/sx", "theCount": 1}], "6": [{"myValue": "792", "personality_system_id": 6, "personality_type": "792", "theCount": 258}, {"myValue": "972", "personality_system_id": 6, "personality_type": "972", "theCount": 204}, {"myValue": "729", "personality_system_id": 6, "personality_type": "729", "theCount": 11}, {"myValue": "794", "personality_system_id": 6, "personality_type": "794", "theCount": 10}, {"myValue": "927", "personality_system_id": 6, "personality_type": "927", "theCount": 7}, {"myValue": "279", "personality_system_id": 6, "personality_type": "279", "theCount": 3}, {"myValue": "974", "personality_system_id": 6, "personality_type": "974", "theCount": 2}, {"myValue": "216", "personality_system_id": 6, "personality_type": "216", "theCount": 1}, {"myValue": "259", "personality_system_id": 6, "personality_type": "259", "theCount": 1}, {"myValue": "269", "personality_system_id": 6, "personality_type": "269", "theCount": 1}, {"myValue": "358", "personality_system_id": 6, "personality_type": "358", "theCount": 1}, {"myValue": "379", "personality_system_id": 6, "personality_type": "379", "theCount": 1}, {"myValue": "721", "personality_system_id": 6, "personality_type": "721", "theCount": 1}, {"myValue": "749", "personality_system_id": 6, "personality_type": "749", "theCount": 1}, {"myValue": "962", "personality_system_id": 6, "personality_type": "962", "theCount": 1}], "7": [{"myValue": "Sanguine [Dominant]", "personality_system_id": 7, "personality_type": "Sanguine [Dominant]", "theCount": 238}, {"myValue": "Sanguine-Phlegmatic", "personality_system_id": 7, "personality_type": "Sanguine-Phlegmatic", "theCount": 60}, {"myValue": "Phlegmatic-Sanguine", "personality_system_id": 7, "personality_type": "Phlegmatic-Sanguine", "theCount": 5}, {"myValue": "Sanguine-Melancholic", "personality_system_id": 7, "personality_type": "Sanguine-Melancholic", "theCount": 5}, {"myValue": "Sanguine-Choleric", "personality_system_id": 7, "personality_type": "Sanguine-Choleric", "theCount": 4}, {"myValue": "Choleric-Sanguine", "personality_system_id": 7, "personality_type": "Choleric-Sanguine", "theCount": 1}, {"myValue": "Melancholic-Choleric", "personality_system_id": 7, "personality_type": "Melancholic-Choleric", "theCount": 1}, {"myValue": "Melancholic-Sanguine", "personality_system_id": 7, "personality_type": "Melancholic-Sanguine", "theCount": 1}], "8": [{"myValue": "EVFL", "personality_system_id": 8, "personality_type": "EVFL", "theCount": 46}, {"myValue": "EVLF", "personality_system_id": 8, "personality_type": "EVLF", "theCount": 14}, {"myValue": "EFVL", "personality_system_id": 8, "personality_type": "EFVL", "theCount": 9}, {"myValue": "FELV", "personality_system_id": 8, "personality_type": "FELV", "theCount": 8}, {"myValue": "EFLV", "personality_system_id": 8, "personality_type": "EFLV", "theCount": 3}, {"myValue": "ELFV", "personality_system_id": 8, "personality_type": "ELFV", "theCount": 2}, {"myValue": "ELVF", "personality_system_id": 8, "personality_type": "ELVF", "theCount": 2}, {"myValue": "LFVE", "personality_system_id": 8, "personality_type": "LFVE", "theCount": 2}], "9": [{"myValue": "SCUAI", "personality_system_id": 9, "personality_type": "SCUAI", "theCount": 142}, {"myValue": "SLUAI", "personality_system_id": 9, "personality_type": "SLUAI", "theCount": 4}, {"myValue": "SCUAN", "personality_system_id": 9, "personality_type": "SCUAN", "theCount": 3}, {"myValue": "RCOAN", "personality_system_id": 9, "personality_type": "RCOAN", "theCount": 1}, {"myValue": "RCUEI", "personality_system_id": 9, "personality_type": "RCUEI", "theCount": 1}, {"myValue": "SCOAI", "personality_system_id": 9, "personality_type": "SCOAI", "theCount": 1}, {"myValue": "SCUEI", "personality_system_id": 9, "personality_type": "SCUEI", "theCount": 1}]}, "breakdown_config": {"expand": {"1": 3, "10": 1, "11": 1, "2": 3, "3": 1, "4": 1, "5": 1, "6": 2, "7": 1, "8": 1, "9": 1}, "fire": {"1": 0, "10": 0, "11": 0, "2": 1, "3": 0, "4": 0, "5": 0, "6": 1, "7": 0, "8": 0, "9": 0}}, "mbti_letter_stats": [{"type": "E", "percentage": "98%", "PercentageFloat": 0.9791288566243194}, {"type": "N", "percentage": "94%", "PercentageFloat": 0.9446460980036298}, {"type": "F", "percentage": "99%", "PercentageFloat": 0.9927404718693285}, {"type": "P", "percentage": "97%", "PercentageFloat": 0.9696007259528131}], "topic_info": {"can_generate": false, "topic": {"description": "Aang was a male Air Nomad born in 12 BG and the Avatar during the century-long conflict known as the Hundred Year War. His immediate predecessor was Avatar Roku, and his immediate successor is Avatar Korra. As the Avatar of his time, he was the only person capable of using all four bending arts: airbending, waterbending, earthbending, and firebending. He was also one of a select few Avatars, and one of the first in many cycles to learn the ancient art of energybending, and the first Avatar known to have actively used the technique. - Avatar Wiki", "follow_count": 3, "id": 1162, "is_following": false, "is_join_pending": false, "is_banned": false, "is_moderated": false, "name_readable": "Aang", "post_count": 26, "source_profile_id": 1241, "source_type": "profile", "join_to_post": false, "can_pin": false, "related_topics": [{"description": "", "follow_count": 12, "id": 1160, "is_following": false, "is_join_pending": false, "is_banned": false, "is_moderated": false, "name_readable": "Zuko", "post_count": 98, "source_profile_id": 1239, "source_type": "profile", "image": {"picURL": "https://static1.personality-database.com/profile_images/3146610498dc4d5398e3f300d193161d.png"}, "join_to_post": false, "can_pin": false}, {"description": "Azula was the princess of the Fire Nation, daughter of Fire Lord Ozai and Ursa, younger sister of Zuko, and older half-sister of Kiyi. She was a key adversary of Team Avatar, chasing Avatar Aang and her banished brother far across the Earth Kingdom accompanied by her then two best friends, Mai and Ty Lee. #gaslight #gatekeep #girlboss", "follow_count": 4, "id": 1161, "is_following": false, "is_join_pending": false, "is_banned": false, "is_moderated": false, "name_readable": "Azula", "post_count": 76, "source_profile_id": 1240, "source_type": "profile", "image": {"picURL": "https://static1.personality-database.com/profile_images/012f8226fc8a41fca4c001ba5a8a49b5.png"}, "join_to_post": false, "can_pin": false}, {"description": "", "follow_count": 5, "id": 1164, "is_following": false, "is_join_pending": false, "is_banned": false, "is_moderated": false, "name_readable": "Iroh", "post_count": 45, "source_profile_id": 1243, "source_type": "profile", "image": {"picURL": "https://static1.personality-database.com/profile_images/7f0277aa8c9649cf8e8c9d276bc437a6.png"}, "join_to_post": false, "can_pin": false}, {"description": "Katara is a waterbending master, born in the Southern Water Tribe to Chief Hakoda and his wife Kya. During her childhood, she was the only waterbender living in the Southern Water Tribe. After losing her mother in a Fire Nation raid and her father left to battle against the Fire Nation in the Hundred Year War, she was raised by her paternal grandmother Kanna alongside her older brother Sokka. As a teenager, Katara and her brother discovered the young Air Nomad Avatar, Aang, who had been frozen in an iceberg with his bison, Appa, for one hundred years. In need of a waterbending master, the siblings and Aang left the South Pole on a journey toward the Northern Water Tribe.\n#MaeWhitman\n#ESFJHeroes", "follow_count": 2, "id": 1166, "is_following": false, "is_join_pending": false, "is_banned": false, "is_moderated": false, "name_readable": "Katara", "post_count": 27, "source_profile_id": 1245, "source_type": "profile", "image": {"picURL": "https://static1.personality-database.com/profile_images/de883512477440e2aa3ffd8afbb4f4e9.png"}, "join_to_post": false, "can_pin": false}, {"description": "Aang was a male Air Nomad born in 12 BG and the Avatar during the century-long conflict known as the Hundred Year War. His immediate predecessor was Avatar Roku, and his immediate successor is Avatar Korra. As the Avatar of his time, he was the only person capable of using all four bending arts: airbending, waterbending, earthbending, and firebending. He was also one of a select few Avatars, and one of the first in many cycles to learn the ancient art of energybending, and the first Avatar known to have actively used the technique. - Avatar Wiki", "follow_count": 3, "id": 1162, "is_following": false, "is_join_pending": false, "is_banned": false, "is_moderated": false, "name_readable": "Aang", "post_count": 26, "source_profile_id": 1241, "source_type": "profile", "image": {"picURL": "https://static1.personality-database.com/profile_images/2ac9b5b2362149a58d03751c763eb4ec.png"}, "join_to_post": false, "can_pin": false}, {"description": "Sokka was a Water Tribe warrior of the Southern Water Tribe and the son of Chief Hakoda and Kya. Following the death of his mother and his father's departure for war, Sokka was raised by his grandmother Kanna along with his younger sister Katara. Hakoda left along with all of the other men in his tribe to fight the Fire Nation when Sokka was a young boy. Despite his desire to join his father, Sokka was not permitted to accompany the men on the mission and was left behind. As there were no other teenage boys in the tribe, Sokka was the oldest male in the South Pole and, therefore, left as the leader of the tribe. He assumed responsibility for the tribe, haplessly training children to be future warriors until his sister discovered an Air Nomad named Aang frozen in an iceberg.\n\nVoiced by #JackDeSena\n#ESTJHeroes", "follow_count": 7, "id": 1165, "is_following": false, "is_join_pending": false, "is_banned": false, "is_moderated": false, "name_readable": "Sokka", "post_count": 25, "source_profile_id": 1244, "source_type": "profile", "image": {"picURL": "https://static1.personality-database.com/profile_images/e4cab3df446e4d14a57ef77e1aebf2e1.png"}, "join_to_post": false, "can_pin": false}, {"description": "Toph is one of the main protagonists in the Avatar series. She is a genius earthbender and a close friend of Avatar Aang. Her most iconic feature is her visual blindness that she compensates with a technique that uses her feet to scan the underground.\n\n#ISTPHeroes", "follow_count": 3, "id": 1163, "is_following": false, "is_join_pending": false, "is_banned": false, "is_moderated": false, "name_readable": "Toph Beifong", "post_count": 20, "source_profile_id": 1242, "source_type": "profile", "image": {"picURL": "https://static1.personality-database.com/profile_images/5bdda714c08b4d61a3befa8427334c9a.png"}, "join_to_post": false, "can_pin": false}, {"description": "", "follow_count": 1, "id": 1168, "is_following": false, "is_join_pending": false, "is_banned": false, "is_moderated": false, "name_readable": "Ty Lee", "post_count": 18, "source_profile_id": 1247, "source_type": "profile", "image": {"picURL": "https://static1.personality-database.com/profile_images/34af225ecc6544d88562755219450152.png"}, "join_to_post": false, "can_pin": false}, {"description": "Suki is one of the many recurring protagonists from Avatar the Last Airbender. She resides on Kyoshi Island, home of the legendary Avatar Kyoshi, and leads her own group called the Kyoshi warriors.", "follow_count": 3, "id": 1171, "is_following": false, "is_join_pending": false, "is_banned": false, "is_moderated": false, "name_readable": "Suki", "post_count": 17, "source_profile_id": 1250, "source_type": "profile", "image": {"picURL": "https://static1.personality-database.com/profile_images/eef068e217074957a36f2fe3e55cf8a4.png"}, "join_to_post": false, "can_pin": false}, {"description": "#INFPVillains", "follow_count": 2, "id": 58438, "is_following": false, "is_join_pending": false, "is_banned": false, "is_moderated": false, "name_readable": "Hama", "post_count": 14, "source_profile_id": 71984, "source_type": "profile", "image": {"picURL": "https://static1.personality-database.com/profile_images/d6ef6d390f264cac82badf9112fd491c.png"}, "join_to_post": false, "can_pin": false}, {"description": "#KuudereCharacters", "follow_count": 3, "id": 1167, "is_following": false, "is_join_pending": false, "is_banned": false, "is_moderated": false, "name_readable": "Mai", "post_count": 10, "source_profile_id": 1246, "source_type": "profile", "image": {"picURL": "https://static1.personality-database.com/profile_images/c339ce044df3424ca7d9f88c1f4e1361.png"}, "join_to_post": false, "can_pin": false}, {"description": "", "follow_count": 0, "id": 147674, "is_following": false, "is_join_pending": false, "is_banned": false, "is_moderated": false, "name_readable": "CanYourScienceExplain                     WhyItRains-Guy", "post_count": 8, "source_profile_id": 191379, "source_type": "profile", "image": {"picURL": "https://static1.personality-database.com/profile_images/58360e64cb814528bb5c9aa030d3de1b.png"}, "join_to_post": false, "can_pin": false}, {"description": "", "follow_count": 1, "id": 61439, "is_following": false, "is_join_pending": false, "is_banned": false, "is_moderated": false, "name_readable": "Long Feng", "post_count": 8, "source_profile_id": 75764, "source_type": "profile", "image": {"picURL": "https://static1.personality-database.com/profile_images/0cd31b5c9b894846bb1c982fc8946cc5.png"}, "join_to_post": false, "can_pin": false}, {"description": "Kyoshi was the Earth Kingdom-born Avatar immediately succeeding Avatar Kuruk of the Northern Water Tribe, and preceding Avatar Roku of the Fire Nation.", "follow_count": 0, "id": 38997, "is_following": false, "is_join_pending": false, "is_banned": false, "is_moderated": false, "name_readable": "Avatar Kyoshi", "post_count": 7, "source_profile_id": 43941, "source_type": "profile", "image": {"picURL": "https://static1.personality-database.com/profile_images/637cd3d0673e411b9692c61ce83834e4.png"}, "join_to_post": false, "can_pin": false}, {"description": "", "follow_count": 0, "id": 8622, "is_following": false, "is_join_pending": false, "is_banned": false, "is_moderated": false, "name_readable": "Ozai", "post_count": 5, "source_profile_id": 9221, "source_type": "profile", "image": {"picURL": "https://static1.personality-database.com/profile_images/5d6a0ef7c41c4347a026d6598e1b2af7.png"}, "join_to_post": false, "can_pin": false}, {"description": "#ESTPVillains", "follow_count": 0, "id": 8623, "is_following": false, "is_join_pending": false, "is_banned": false, "is_moderated": false, "name_readable": "Jet", "post_count": 4, "source_profile_id": 9222, "source_type": "profile", "image": {"picURL": "https://static1.personality-database.com/profile_images/0c417df08f7a446b8b8d2fdd635b74ed.png"}, "join_to_post": false, "can_pin": false}], "subcategory": "Avatar: The Last Airbender (2005)", "topic_image_url": "https://static1.personality-database.com/profile_images/2ac9b5b2362149a58d03751c763eb4ec.png", "source_location": {"cid": 7, "pid": 2, "sub_cat_id": 135}, "can_post_image": false, "can_post_audio": false, "posts": {"posts": [{"username": "thepineapplefarm", "user_pic_path": "https://static1.personality-database.com/user_avatars/19003/aafd578f-4f6e-40e7-88d5-f012b05f4c3e_small.jpeg", "user_personality_type": "INFJ-4w5", "is_mod": false, "comment_count": 0, "reply_count": 0, "vote_type": 0, "topics_list": [{"id": 1162, "name_readable": "Aang"}], "id": 2109358, "post_id": 2109358, "user_id": 19003, "title": "", "content": "He's such a golden boy.", "create_date": 1672883901000, "unix_timestamp": 1672883901000, "update_date": 1672883901000, "vote_count": 3, "vote_count_down": 0, "is_reported": 0, "is_hidden": false, "is_pinned": false, "is_watching": false, "is_pro_user": false, "images": null, "audios": null, "function_list": [], "type": "post"}, {"username": "squeedtheweed", "user_pic_path": "https://lh3.googleusercontent.com/a-/AOh14GgjfRdV-sCpC6sPQAqkOarb8aRAGpiGRj3vKyjY8A=s96-c", "user_personality_type": "ENFP-4w3-479", "is_mod": false, "comment_count": 0, "reply_count": 0, "vote_type": 0, "topics_list": [{"id": 1162, "name_readable": "Aang"}], "id": 2108747, "post_id": 2108747, "user_id": 150692, "title": "", "content": "FINALLY E7!! Now we just have to get the ball rolling for sx7.", "create_date": 1672876599000, "unix_timestamp": 1672876599000, "update_date": 1672876599000, "vote_count": 5, "vote_count_down": 0, "is_reported": 0, "is_hidden": false, "is_pinned": false, "is_watching": false, "is_pro_user": false, "images": null, "audios": null, "function_list": [], "type": "post"}, {"username": "Lukkitinio", "user_pic_path": "https://static1.personality-database.com/user_avatars/558120/04046eb6-f181-4c43-a4f5-765bffc71c4c.jpeg", "user_personality_type": "ESFJ-9w1-962", "is_mod": false, "comment_count": 0, "reply_count": 0, "vote_type": 0, "topics_list": [{"id": 1162, "name_readable": "Aang"}], "id": 2078551, "post_id": 2078551, "user_id": 558120, "title": "", "content": "OMG AANG E7 IS REAL WHAT!! FINALLY", "create_date": 1672583622000, "unix_timestamp": 1672583622000, "update_date": 1672583622000, "vote_count": 6, "vote_count_down": 0, "is_reported": 0, "is_hidden": false, "is_pinned": false, "is_watching": false, "is_pro_user": false, "images": null, "audios": null, "function_list": [], "type": "post"}]}}}}