{"id": 12415, "mbti_profile": "Greg", "profile_name_searchable": "greg", "allow_commenting": true, "allow_voting": true, "user_id": 5395, "contributor": "unravel", "contributor_create_date": "2018-06-06 01:47:39", "contributor_pic_path": "https://lh3.googleusercontent.com/-ybf1FlyAabY/AAAAAAAAAAI/AAAAAAAAAAQ/uAlgzynceKM/s96-c/photo.jpg", "display_order": 0, "edit_lock": 0, "edit_lock_picture": 0, "is_active": true, "is_approved": true, "mbti_enneagram_type": "ENFP 7w6", "mbti_type": "ENFP 7w6", "pdb_comment_access": true, "pdb_page_owner": 0, "pdb_public_access": true, "wiki_description": "Greg (voiced by\u00a0Collin Dean)\u00a0is the younger half-brother of Wirt.\u00a0He is energetic and imaginative, acting as a sort of\u00a0optimistic\u00a0antithesis to Wirt.\u00a0He is short and plump, wearing a pair of faded green overalls and a brown satchel over a white shirt with a ribbon. Unlike Wirt, he wears matching black shoes and is often unconcerned in the face of danger.", "watch_count": 678, "comment_count": 41, "vote_count": 324, "vote_count_enneagram": 174, "vote_count_mbti": 324, "total_vote_counts": 646, "personality_type": "ENFP - 7w6 - so/sx - 729 - IEE - SCUAI - EVLF - Sanguine [Dominant]", "type_updated_date": "2021-05-30 18:33:29", "enneagram_vote": "", "enneagram_vote_id": 0, "mbti_vote": "", "mbti_vote_id": 0, "is_watching": false, "image_exists": false, "profile_image_url": "https://static1.personality-database.com/profile_images/e68101a4a0174704911688bedc34ed15.png", "profile_image_credit": "", "profile_image_credit_id": 15386, "profile_image_credit_type": "0", "profile_image_credit_url": "", "alt_subcategory": "", "related_subcategories": "", "cat_id": 7, "category": "Cartoons", "category_is_fictional": true, "sub_cat_id": 1599, "subcategory": "Over the Garden Wall (2014)", "subcat_link_info": {"sub_cat_id": 1599, "cat_id": 7, "property_id": 2, "subcategory": "Over the Garden Wall (2014)"}, "related_subcat_link_info": null, "related_profiles": [{"id": 12413, "mbti_profile": "Wirt", "subcategory": "Over the Garden Wall (2014)", "profile_image_url": "https://static1.personality-database.com/profile_images/a879f8b7ecdc4b75a3c43539b595c323.png", "profile_name": "Wirt", "profile_subcat": "Over the Garden Wall (2014)", "sub_cat_id": 1599, "cat_id": 7, "property_id": 2, "mbti": "INFP", "enneatype": "4w5"}, {"id": 14834, "mbti_profile": "The Beast", "subcategory": "Over the Garden Wall (2014)", "profile_image_url": "https://static1.personality-database.com/profile_images/52590f9246a449eb97e09eafbdeda9fe.png", "profile_name": "The Beast", "profile_subcat": "Over the Garden Wall (2014)", "sub_cat_id": 1599, "cat_id": 7, "property_id": 2, "mbti": "INFJ", "enneatype": "6w5"}, {"id": 12414, "mbti_profile": "Beatrice", "subcategory": "Over the Garden Wall (2014)", "profile_image_url": "https://static1.personality-database.com/profile_images/ac53bad63efc4541afbdda6b28fe0e08.png", "profile_name": "Beatrice", "profile_subcat": "Over the Garden Wall (2014)", "sub_cat_id": 1599, "cat_id": 7, "property_id": 2, "mbti": "ESTJ", "enneatype": "3w2"}, {"id": 167008, "mbti_profile": "Jason Funderberker", "subcategory": "Over the Garden Wall (2014)", "profile_image_url": "https://static1.personality-database.com/profile_images/5f32d688c68847a5b4a00ec6e835f77c.png", "profile_name": "Jason Funderberker", "profile_subcat": "Over the Garden Wall (2014)", "sub_cat_id": 1599, "cat_id": 7, "property_id": 2, "mbti": "ENFJ", "enneatype": "6w7"}, {"id": 40677, "mbti_profile": "The Woodsman", "subcategory": "Over the Garden Wall (2014)", "profile_image_url": "https://static1.personality-database.com/profile_images/59ac37da5ae34dca949a94b243e141cb.png", "profile_name": "The Woodsman", "profile_subcat": "Over the Garden Wall (2014)", "sub_cat_id": 1599, "cat_id": 7, "property_id": 2, "mbti": "ISTJ", "enneatype": "1w9"}, {"id": 476023, "mbti_profile": "Rhondi", "subcategory": "Over the Garden Wall (2014)", "profile_image_url": "https://static1.personality-database.com/profile_images/86e7aeff5d954736ac1bcca325c0a41c.png", "profile_name": "Rhondi", "profile_subcat": "Over the Garden Wall (2014)", "sub_cat_id": 1599, "cat_id": 7, "property_id": 2, "mbti": "INTP", "enneatype": "2w3"}, {"id": 153290, "mbti_profile": "Sara", "subcategory": "Over the Garden Wall (2014)", "profile_image_url": "https://static1.personality-database.com/profile_images/ecccefe9c5cb47a99ecd1777ebb2897b.png", "profile_name": "Sara", "profile_subcat": "Over the Garden Wall (2014)", "sub_cat_id": 1599, "cat_id": 7, "property_id": 2, "mbti": "ISFP", "enneatype": "9w8"}, {"id": 174153, "mbti_profile": "Adelaide", "subcategory": "Over the Garden Wall (2014)", "profile_image_url": "https://static1.personality-database.com/profile_images/0e3867b7491e4bee8f2c9b6dfdc05f27.png", "profile_name": "Adelaide", "profile_subcat": "Over the Garden Wall (2014)", "sub_cat_id": 1599, "cat_id": 7, "property_id": 2, "mbti": "ESTJ", "enneatype": "3w4"}], "functions": ["Ne", "Fi", "Te", "Si"], "systems": [{"hex_color": "#888888", "id": 1, "personality_type": "XXXX", "personality_type_id": 0, "system_name": "Four Letter", "system_vote_count": 313, "user_vote_type_id": 0, "vote_id": 0}, {"hex_color": "#006775", "id": 2, "personality_type": "XXXX", "personality_type_id": 0, "system_name": "Enneagram", "system_vote_count": 163, "user_vote_type_id": 0, "vote_id": 0}, {"hex_color": "#006775", "id": 5, "personality_type": "XXXX", "personality_type_id": 0, "system_name": "Instinctual Variant", "system_vote_count": 44, "user_vote_type_id": 0, "vote_id": 0}, {"hex_color": "#006775", "id": 6, "personality_type": "XXXX", "personality_type_id": 0, "system_name": "Tritype", "system_vote_count": 39, "user_vote_type_id": 0, "vote_id": 0}, {"hex_color": "#888888", "id": 3, "personality_type": "XXXX", "personality_type_id": 0, "system_name": "Socionics", "system_vote_count": 15, "user_vote_type_id": 0, "vote_id": 0}, {"hex_color": "#888888", "id": 9, "personality_type": "XXXX", "personality_type_id": 0, "system_name": "Big 5 (SLOAN)", "system_vote_count": 14, "user_vote_type_id": 0, "vote_id": 0}, {"hex_color": "#888888", "id": 8, "personality_type": "XXXX", "personality_type_id": 0, "system_name": "Attitudinal Psyche", "system_vote_count": 8, "user_vote_type_id": 0, "vote_id": 0}, {"hex_color": "#888888", "id": 7, "personality_type": "XXXX", "personality_type_id": 0, "system_name": "Temperaments", "system_vote_count": 38, "user_vote_type_id": 0, "vote_id": 0}, {"hex_color": "#888888", "id": 11, "personality_type": "XXXX", "personality_type_id": 0, "system_name": "Classic Jungian", "system_vote_count": 0, "user_vote_type_id": 0, "vote_id": 0}], "breakdown_systems": {"1": [{"myValue": "ENFP", "personality_system_id": 1, "personality_type": "ENFP", "theCount": 295}, {"myValue": "ENTP", "personality_system_id": 1, "personality_type": "ENTP", "theCount": 14}, {"myValue": "ESFP", "personality_system_id": 1, "personality_type": "ESFP", "theCount": 4}], "11": [{"myValue": "XXXX", "personality_system_id": 0, "personality_type": "XXXX", "theCount": 0}], "2": [{"myValue": "7w6", "personality_system_id": 2, "personality_type": "7w6", "theCount": 156}, {"myValue": "7w8", "personality_system_id": 2, "personality_type": "7w8", "theCount": 5}, {"myValue": "2w3", "personality_system_id": 2, "personality_type": "2w3", "theCount": 1}, {"myValue": "6w7", "personality_system_id": 2, "personality_type": "6w7", "theCount": 1}], "3": [{"myValue": "IEE", "personality_system_id": 3, "personality_type": "IEE", "theCount": 12}, {"myValue": "ESE", "personality_system_id": 3, "personality_type": "ESE", "theCount": 2}, {"myValue": "EIE", "personality_system_id": 3, "personality_type": "EIE", "theCount": 1}], "4": [{"myValue": "Chaotic Good", "personality_system_id": 4, "personality_type": "Chaotic Good", "theCount": 12}], "5": [{"myValue": "so/sx", "personality_system_id": 5, "personality_type": "so/sx", "theCount": 23}, {"myValue": "sx/so", "personality_system_id": 5, "personality_type": "sx/so", "theCount": 21}], "6": [{"myValue": "729", "personality_system_id": 6, "personality_type": "729", "theCount": 33}, {"myValue": "792", "personality_system_id": 6, "personality_type": "792", "theCount": 4}, {"myValue": "728", "personality_system_id": 6, "personality_type": "728", "theCount": 2}], "7": [{"myValue": "Sanguine [Dominant]", "personality_system_id": 7, "personality_type": "Sanguine [Dominant]", "theCount": 31}, {"myValue": "Sanguine-Phlegmatic", "personality_system_id": 7, "personality_type": "Sanguine-Phlegmatic", "theCount": 7}], "8": [{"myValue": "EVLF", "personality_system_id": 8, "personality_type": "EVLF", "theCount": 5}, {"myValue": "EFLV", "personality_system_id": 8, "personality_type": "EFLV", "theCount": 1}, {"myValue": "ELFV", "personality_system_id": 8, "personality_type": "ELFV", "theCount": 1}, {"myValue": "VELF", "personality_system_id": 8, "personality_type": "VELF", "theCount": 1}], "9": [{"myValue": "SCUAI", "personality_system_id": 9, "personality_type": "SCUAI", "theCount": 14}]}, "breakdown_config": {"expand": {"1": 3, "11": 1, "2": 3, "3": 1, "4": 1, "5": 2, "6": 1, "7": 1, "8": 1, "9": 1}, "fire": {"1": 0, "11": 0, "2": 0, "3": 0, "4": 0, "5": 1, "6": 0, "7": 0, "8": 0, "9": 0}}, "mbti_letter_stats": [{"type": "E", "percentage": "100%", "PercentageFloat": 1}, {"type": "N", "percentage": "99%", "PercentageFloat": 0.987220447284345}, {"type": "F", "percentage": "96%", "PercentageFloat": 0.9552715654952076}, {"type": "P", "percentage": "100%", "PercentageFloat": 1}], "topic_info": {"can_generate": false, "topic": {"description": "Greg (voiced by\u00a0Collin Dean)\u00a0is the younger half-brother of Wirt.\u00a0He is energetic and imaginative, acting as a sort of\u00a0optimistic\u00a0antithesis to Wirt.\u00a0He is short and plump, wearing a pair of faded green overalls and a brown satchel over a white shirt with a ribbon. Unlike Wirt, he wears matching black shoes and is often unconcerned in the face of danger.", "follow_count": 2, "id": 11463, "is_following": false, "is_join_pending": false, "is_banned": false, "is_moderated": false, "name_readable": "Greg", "post_count": 0, "source_profile_id": 12415, "source_type": "profile", "join_to_post": false, "can_pin": false, "related_topics": [{"description": "Wirt (voiced by\u00a0#ElijahWood)\u00a0is the older half-brother of Gregory.\u00a0He often holds a determined and serious perspective on situations. He wears a red pointed hat made from a\u00a0Santa hat, a navy blue\u00a0nurses' cape\u00a0with yellow buttons, a pair of grey pants, a white shirt, and thin suspenders. He wears shoes with mismatched colors, with one shoe being black and the other being brown. He is an easily frightened\u00a0pessimist, and can become quickly annoyed with Greg, despite deeply caring for him.\u00a0He has a crush on a girl named Sara and often writes and recites poetry; he can also play the\u00a0clarinet.\n\n", "follow_count": 5, "id": 11461, "is_following": false, "is_join_pending": false, "is_banned": false, "is_moderated": false, "name_readable": "Wirt", "post_count": 11, "source_profile_id": 12413, "source_type": "profile", "image": {"picURL": "https://static1.personality-database.com/profile_images/a879f8b7ecdc4b75a3c43539b595c323.png"}, "join_to_post": false, "can_pin": false}, {"description": "", "follow_count": 0, "id": 118687, "is_following": false, "is_join_pending": false, "is_banned": false, "is_moderated": false, "name_readable": "Sara", "post_count": 1, "source_profile_id": 153290, "source_type": "profile", "image": {"picURL": "https://static1.personality-database.com/profile_images/ecccefe9c5cb47a99ecd1777ebb2897b.png"}, "join_to_post": false, "can_pin": false}, {"description": "", "follow_count": 0, "id": 131240, "is_following": false, "is_join_pending": false, "is_banned": false, "is_moderated": false, "name_readable": "Auntie Whispers", "post_count": 0, "source_profile_id": 169707, "source_type": "profile", "image": {"picURL": "https://static1.personality-database.com/profile_images/46cfec261aa742949f71df09af1be58f.png"}, "join_to_post": false, "can_pin": false}, {"description": "I am an egg.", "follow_count": 0, "id": 341205, "is_following": false, "is_join_pending": false, "is_banned": false, "is_moderated": false, "name_readable": "Rhondi", "post_count": 0, "source_profile_id": 476023, "source_type": "profile", "image": {"picURL": "https://static1.personality-database.com/profile_images/86e7aeff5d954736ac1bcca325c0a41c.png"}, "join_to_post": false, "can_pin": false}, {"description": "", "follow_count": 0, "id": 237818, "is_following": false, "is_join_pending": false, "is_banned": false, "is_moderated": false, "name_readable": "Tavern Keeper", "post_count": 0, "source_profile_id": 309249, "source_type": "profile", "image": {"picURL": "https://static1.personality-database.com/profile_images/e2904e0ef3d0446586258ba2fad3a083.png"}, "join_to_post": false, "can_pin": false}, {"description": "", "follow_count": 0, "id": 237817, "is_following": false, "is_join_pending": false, "is_banned": false, "is_moderated": false, "name_readable": "Jimmy Brown", "post_count": 0, "source_profile_id": 309248, "source_type": "profile", "image": {"picURL": "https://static1.personality-database.com/profile_images/d051b7867b0a416da6e0727080b544c4.png"}, "join_to_post": false, "can_pin": false}, {"description": "", "follow_count": 0, "id": 237468, "is_following": false, "is_join_pending": false, "is_banned": false, "is_moderated": false, "name_readable": "Mr. Langtree", "post_count": 0, "source_profile_id": 308830, "source_type": "profile", "image": {"picURL": "https://static1.personality-database.com/profile_images/c379037995db40c28fa7ab594753dd38.png"}, "join_to_post": false, "can_pin": false}, {"description": "", "follow_count": 0, "id": 237467, "is_following": false, "is_join_pending": false, "is_banned": false, "is_moderated": false, "name_readable": "Margueritte Grey", "post_count": 0, "source_profile_id": 308829, "source_type": "profile", "image": {"picURL": "https://static1.personality-database.com/profile_images/4a6c3b803fcd49eb81c8545d64ed1dc9.png"}, "join_to_post": false, "can_pin": false}, {"description": "", "follow_count": 0, "id": 237466, "is_following": false, "is_join_pending": false, "is_banned": false, "is_moderated": false, "name_readable": "Queen Of The Clouds", "post_count": 0, "source_profile_id": 308828, "source_type": "profile", "image": {"picURL": "https://static1.personality-database.com/profile_images/efbafd01d04a4a8fbb33c62be5d42395.png"}, "join_to_post": false, "can_pin": false}, {"description": "Adelaide\u00a0(also known as\u00a0Adelaide of the Pasture) is an old lady who appears in\u00a0Lullaby in Frogland. Referred to as \"The Good Woman of the Woods\" by\u00a0Beatrice, Adelaide lives in a secluded hut where she presumably quilts. She is the sister of\u00a0Auntie Whispers.\n\nShe is voiced by\u00a0John Cleese.", "follow_count": 0, "id": 134303, "is_following": false, "is_join_pending": false, "is_banned": false, "is_moderated": false, "name_readable": "Adelaide", "post_count": 0, "source_profile_id": 174153, "source_type": "profile", "image": {"picURL": "https://static1.personality-database.com/profile_images/0e3867b7491e4bee8f2c9b6dfdc05f27.png"}, "join_to_post": false, "can_pin": false}, {"description": "", "follow_count": 0, "id": 131243, "is_following": false, "is_join_pending": false, "is_banned": false, "is_moderated": false, "name_readable": "Enoch", "post_count": 0, "source_profile_id": 169710, "source_type": "profile", "image": {"picURL": "https://static1.personality-database.com/profile_images/c6fbf0c8411b4bb59260d72d21cf241a.png"}, "join_to_post": false, "can_pin": false}, {"description": "", "follow_count": 0, "id": 131242, "is_following": false, "is_join_pending": false, "is_banned": false, "is_moderated": false, "name_readable": "John Crops", "post_count": 0, "source_profile_id": 169709, "source_type": "profile", "image": {"picURL": "https://static1.personality-database.com/profile_images/662df53dffd94a508a8313fa6746bdf3.png"}, "join_to_post": false, "can_pin": false}, {"description": "", "follow_count": 0, "id": 131241, "is_following": false, "is_join_pending": false, "is_banned": false, "is_moderated": false, "name_readable": "Fred", "post_count": 0, "source_profile_id": 169708, "source_type": "profile", "image": {"picURL": "https://static1.personality-database.com/profile_images/01eb750f4bd04b169d2ef9b734128adb.png"}, "join_to_post": false, "can_pin": false}, {"description": "", "follow_count": 0, "id": 131239, "is_following": false, "is_join_pending": false, "is_banned": false, "is_moderated": false, "name_readable": "Quincy Endicott", "post_count": 0, "source_profile_id": 169706, "source_type": "profile", "image": {"picURL": "https://static1.personality-database.com/profile_images/62e216ab58f041ac98a272d75a33ce1f.png"}, "join_to_post": false, "can_pin": false}, {"description": "", "follow_count": 0, "id": 131238, "is_following": false, "is_join_pending": false, "is_banned": false, "is_moderated": false, "name_readable": "Miss Langtree", "post_count": 0, "source_profile_id": 169705, "source_type": "profile", "image": {"picURL": "https://static1.personality-database.com/profile_images/d914014b92bc4073a263731e47f4099b.png"}, "join_to_post": false, "can_pin": false}, {"description": "#ENFJVillains", "follow_count": 0, "id": 129388, "is_following": false, "is_join_pending": false, "is_banned": false, "is_moderated": false, "name_readable": "Jason Funderberker", "post_count": 0, "source_profile_id": 167008, "source_type": "profile", "image": {"picURL": "https://static1.personality-database.com/profile_images/5f32d688c68847a5b4a00ec6e835f77c.png"}, "join_to_post": false, "can_pin": false}], "subcategory": "Over the Garden Wall (2014)", "topic_image_url": "https://static1.personality-database.com/profile_images/e68101a4a0174704911688bedc34ed15.png", "source_location": {"cid": 7, "pid": 2, "sub_cat_id": 1599}, "can_post_image": false, "can_post_audio": false, "posts": {"posts": [{"username": "exPDBee211508", "user_pic_path": "", "user_personality_type": "XXXX", "is_mod": false, "comment_count": 0, "reply_count": 0, "vote_type": 0, "topics_list": [{"id": 11463, "name_readable": "Greg"}], "id": 88200, "post_id": 88200, "user_id": 211508, "title": "", "content": "Greg was such a sweet and wholesome character. And I will say it only once.\n\n\n\nPOTATOES AND MOLASSES\nI GET HAMMERED IN FIVE SHOT GLASSES\nPOTATOES AND MOLASSES\nSHOVE THEM UP MY ASSES-", "create_date": 1621280576000, "unix_timestamp": 1621280576000, "update_date": 1621280576000, "vote_count": 2, "vote_count_down": 0, "is_reported": 0, "is_hidden": false, "is_pinned": false, "is_watching": false, "is_pro_user": false, "images": null, "audios": null, "function_list": [], "type": "post"}]}}}}