{"id": 1242, "mbti_profile": "Toph Beifong", "profile_name_searchable": "tophbeifong", "allow_commenting": true, "allow_voting": true, "user_id": 207, "contributor": "Steve Williams", "contributor_create_date": "2015-08-25 05:07:22", "contributor_pic_path": "https://lh3.googleusercontent.com/-XdUIqdMkCWA/AAAAAAAAAAI/AAAAAAAAAAA/4252rscbv5M/photo.jpg", "display_order": 1040, "edit_lock": 0, "edit_lock_picture": 1, "is_active": true, "is_approved": true, "mbti_enneagram_type": "ISTP 8w7", "mbti_type": "ISTP 8w7", "pdb_comment_access": true, "pdb_page_owner": 0, "pdb_public_access": true, "wiki_description": "Toph is one of the main protagonists in the Avatar series. She is a genius earthbender and a close friend of Avatar Aang. Her most iconic feature is her visual blindness that she compensates with a technique that uses her feet to scan the underground.", "watch_count": 2182, "comment_count": 415, "vote_count": 1911, "vote_count_enneagram": 1017, "vote_count_mbti": 1911, "total_vote_counts": 4161, "personality_type": "ISTP - 8w7 - sp/sx - 873 - SLE - SCUEN - FVLE - Choleric-Phlegmatic - ES(T)", "type_updated_date": "2022-11-15 12:53:20", "enneagram_vote": "", "enneagram_vote_id": 0, "mbti_vote": "", "mbti_vote_id": 0, "is_watching": false, "image_exists": false, "profile_image_url": "https://static1.personality-database.com/profile_images/5bdda714c08b4d61a3befa8427334c9a.png", "profile_image_credit": "", "profile_image_credit_id": 0, "profile_image_credit_type": "0", "profile_image_credit_url": "", "alt_subcategory": "", "related_subcategories": "136|||The Legend of Korra (2012),,,34798|||Nickelodeon All-Star Brawl ", "cat_id": 7, "category": "Cartoons", "category_is_fictional": true, "sub_cat_id": 135, "subcategory": "Avatar: The Last Airbender (2005)", "subcat_link_info": {"sub_cat_id": 135, "cat_id": 7, "property_id": 2, "subcategory": "Avatar: The Last Airbender (2005)"}, "related_subcat_link_info": [{"sub_cat_id": 136, "cat_id": 7, "property_id": 2, "subcategory": "The Legend of Korra (2012)"}, {"sub_cat_id": 34798, "cat_id": 11, "property_id": 2, "subcategory": "Nickelodeon All-Star Brawl "}], "related_profiles": [{"id": 1239, "mbti_profile": "Zuko", "subcategory": "Avatar: The Last Airbender (2005)", "profile_image_url": "https://static1.personality-database.com/profile_images/3146610498dc4d5398e3f300d193161d.png", "profile_name": "Zuko", "profile_subcat": "Avatar: The Last Airbender (2005)", "sub_cat_id": 135, "cat_id": 7, "property_id": 2, "mbti": "ISFP", "enneatype": "4w3"}, {"id": 1244, "mbti_profile": "Sokka", "subcategory": "Avatar: The Last Airbender (2005)", "profile_image_url": "https://static1.personality-database.com/profile_images/e4cab3df446e4d14a57ef77e1aebf2e1.png", "profile_name": "Sokka", "profile_subcat": "Avatar: The Last Airbender (2005)", "sub_cat_id": 135, "cat_id": 7, "property_id": 2, "mbti": "ESTJ", "enneatype": "6w7"}, {"id": 1240, "mbti_profile": "Azula", "subcategory": "Avatar: The Last Airbender (2005)", "profile_image_url": "https://static1.personality-database.com/profile_images/012f8226fc8a41fca4c001ba5a8a49b5.png", "profile_name": "Azula", "profile_subcat": "Avatar: The Last Airbender (2005)", "sub_cat_id": 135, "cat_id": 7, "property_id": 2, "mbti": "ENTJ", "enneatype": "3w4"}, {"id": 1241, "mbti_profile": "Aang", "subcategory": "Avatar: The Last Airbender (2005)", "profile_image_url": "https://static1.personality-database.com/profile_images/2ac9b5b2362149a58d03751c763eb4ec.png", "profile_name": "Aang", "profile_subcat": "Avatar: The Last Airbender (2005)", "sub_cat_id": 135, "cat_id": 7, "property_id": 2, "mbti": "ENFP", "enneatype": "7w6"}, {"id": 1243, "mbti_profile": "Iroh", "subcategory": "Avatar: The Last Airbender (2005)", "profile_image_url": "https://static1.personality-database.com/profile_images/7f0277aa8c9649cf8e8c9d276bc437a6.png", "profile_name": "Iroh", "profile_subcat": "Avatar: The Last Airbender (2005)", "sub_cat_id": 135, "cat_id": 7, "property_id": 2, "mbti": "ENFJ", "enneatype": "9w1"}, {"id": 1245, "mbti_profile": "Katara", "subcategory": "Avatar: The Last Airbender (2005)", "profile_image_url": "https://static1.personality-database.com/profile_images/de883512477440e2aa3ffd8afbb4f4e9.png", "profile_name": "Katara", "profile_subcat": "Avatar: The Last Airbender (2005)", "sub_cat_id": 135, "cat_id": 7, "property_id": 2, "mbti": "ESFJ", "enneatype": "1w2"}, {"id": 1250, "mbti_profile": "Suki", "subcategory": "Avatar: The Last Airbender (2005)", "profile_image_url": "https://static1.personality-database.com/profile_images/eef068e217074957a36f2fe3e55cf8a4.png", "profile_name": "Suki", "profile_subcat": "Avatar: The Last Airbender (2005)", "sub_cat_id": 135, "cat_id": 7, "property_id": 2, "mbti": "ENFJ", "enneatype": "9w8"}, {"id": 1246, "mbti_profile": "Mai", "subcategory": "Avatar: The Last Airbender (2005)", "profile_image_url": "https://static1.personality-database.com/profile_images/c339ce044df3424ca7d9f88c1f4e1361.png", "profile_name": "Mai", "profile_subcat": "Avatar: The Last Airbender (2005)", "sub_cat_id": 135, "cat_id": 7, "property_id": 2, "mbti": "ISTP", "enneatype": "9w8"}], "functions": ["Ti", "Se", "Ni", "Fe"], "systems": [{"hex_color": "#888888", "id": 1, "personality_type": "XXXX", "personality_type_id": 0, "system_name": "Four Letter", "system_vote_count": 1854, "user_vote_type_id": 0, "vote_id": 0}, {"hex_color": "#006775", "id": 2, "personality_type": "XXXX", "personality_type_id": 0, "system_name": "Enneagram", "system_vote_count": 979, "user_vote_type_id": 0, "vote_id": 0}, {"hex_color": "#006775", "id": 5, "personality_type": "XXXX", "personality_type_id": 0, "system_name": "Instinctual Variant", "system_vote_count": 286, "user_vote_type_id": 0, "vote_id": 0}, {"hex_color": "#006775", "id": 6, "personality_type": "XXXX", "personality_type_id": 0, "system_name": "Tritype", "system_vote_count": 252, "user_vote_type_id": 0, "vote_id": 0}, {"hex_color": "#888888", "id": 3, "personality_type": "XXXX", "personality_type_id": 0, "system_name": "Socionics", "system_vote_count": 164, "user_vote_type_id": 0, "vote_id": 0}, {"hex_color": "#888888", "id": 9, "personality_type": "XXXX", "personality_type_id": 0, "system_name": "Big 5 (SLOAN)", "system_vote_count": 127, "user_vote_type_id": 0, "vote_id": 0}, {"hex_color": "#888888", "id": 8, "personality_type": "XXXX", "personality_type_id": 0, "system_name": "Attitudinal Psyche", "system_vote_count": 100, "user_vote_type_id": 0, "vote_id": 0}, {"hex_color": "#888888", "id": 7, "personality_type": "XXXX", "personality_type_id": 0, "system_name": "Temperaments", "system_vote_count": 236, "user_vote_type_id": 0, "vote_id": 0}, {"hex_color": "#888888", "id": 11, "personality_type": "XXXX", "personality_type_id": 0, "system_name": "Classic Jungian", "system_vote_count": 43, "user_vote_type_id": 0, "vote_id": 0}], "breakdown_systems": {"1": [{"myValue": "ISTP", "personality_system_id": 1, "personality_type": "ISTP", "theCount": 1540}, {"myValue": "ESTP", "personality_system_id": 1, "personality_type": "ESTP", "theCount": 268}, {"myValue": "INTP", "personality_system_id": 1, "personality_type": "INTP", "theCount": 7}, {"myValue": "ISFP", "personality_system_id": 1, "personality_type": "ISFP", "theCount": 6}, {"myValue": "ISTJ", "personality_system_id": 1, "personality_type": "ISTJ", "theCount": 6}, {"myValue": "ENTJ", "personality_system_id": 1, "personality_type": "ENTJ", "theCount": 5}, {"myValue": "ENTP", "personality_system_id": 1, "personality_type": "ENTP", "theCount": 5}, {"myValue": "ESFP", "personality_system_id": 1, "personality_type": "ESFP", "theCount": 5}, {"myValue": "ENFJ", "personality_system_id": 1, "personality_type": "ENFJ", "theCount": 3}, {"myValue": "ENFP", "personality_system_id": 1, "personality_type": "ENFP", "theCount": 3}, {"myValue": "INTJ", "personality_system_id": 1, "personality_type": "INTJ", "theCount": 3}, {"myValue": "ESTJ", "personality_system_id": 1, "personality_type": "ESTJ", "theCount": 2}, {"myValue": "ESFJ", "personality_system_id": 1, "personality_type": "ESFJ", "theCount": 1}], "10": [{"myValue": "Left-brained Extrovert", "personality_system_id": 10, "personality_type": "Left-brained Extrovert", "theCount": 1}, {"myValue": "Left-brained Introvert", "personality_system_id": 10, "personality_type": "Left-brained Introvert", "theCount": 1}], "11": [{"myValue": "ES(T)", "personality_system_id": 11, "personality_type": "ES(T)", "theCount": 36}, {"myValue": "IT(S)", "personality_system_id": 11, "personality_type": "IT(S)", "theCount": 4}, {"myValue": "ET(S)", "personality_system_id": 11, "personality_type": "ET(S)", "theCount": 2}, {"myValue": "IN(T)", "personality_system_id": 11, "personality_type": "IN(T)", "theCount": 1}], "2": [{"myValue": "8w7", "personality_system_id": 2, "personality_type": "8w7", "theCount": 778}, {"myValue": "8w9", "personality_system_id": 2, "personality_type": "8w9", "theCount": 177}, {"myValue": "7w8", "personality_system_id": 2, "personality_type": "7w8", "theCount": 7}, {"myValue": "6w5", "personality_system_id": 2, "personality_type": "6w5", "theCount": 5}, {"myValue": "7w6", "personality_system_id": 2, "personality_type": "7w6", "theCount": 3}, {"myValue": "5w6", "personality_system_id": 2, "personality_type": "5w6", "theCount": 2}, {"myValue": "2w1", "personality_system_id": 2, "personality_type": "2w1", "theCount": 1}, {"myValue": "2w3", "personality_system_id": 2, "personality_type": "2w3", "theCount": 1}, {"myValue": "3w4", "personality_system_id": 2, "personality_type": "3w4", "theCount": 1}, {"myValue": "5w4", "personality_system_id": 2, "personality_type": "5w4", "theCount": 1}, {"myValue": "6w7", "personality_system_id": 2, "personality_type": "6w7", "theCount": 1}, {"myValue": "9w1", "personality_system_id": 2, "personality_type": "9w1", "theCount": 1}, {"myValue": "9w8", "personality_system_id": 2, "personality_type": "9w8", "theCount": 1}], "3": [{"myValue": "SLE", "personality_system_id": 3, "personality_type": "SLE", "theCount": 151}, {"myValue": "SLI", "personality_system_id": 3, "personality_type": "SLI", "theCount": 5}, {"myValue": "LSI", "personality_system_id": 3, "personality_type": "LSI", "theCount": 3}, {"myValue": "LSE", "personality_system_id": 3, "personality_type": "LSE", "theCount": 2}, {"myValue": "ESE", "personality_system_id": 3, "personality_type": "ESE", "theCount": 1}, {"myValue": "IEE", "personality_system_id": 3, "personality_type": "IEE", "theCount": 1}, {"myValue": "SEI", "personality_system_id": 3, "personality_type": "SEI", "theCount": 1}], "4": [{"myValue": "Chaotic Good", "personality_system_id": 4, "personality_type": "Chaotic Good", "theCount": 86}, {"myValue": "Chaotic Neutral", "personality_system_id": 4, "personality_type": "Chaotic Neutral", "theCount": 28}, {"myValue": "True Neutral", "personality_system_id": 4, "personality_type": "True Neutral", "theCount": 2}, {"myValue": "Lawful Neutral", "personality_system_id": 4, "personality_type": "Lawful Neutral", "theCount": 1}, {"myValue": "Neutral Evil", "personality_system_id": 4, "personality_type": "Neutral Evil", "theCount": 1}], "5": [{"myValue": "sp/sx", "personality_system_id": 5, "personality_type": "sp/sx", "theCount": 257}, {"myValue": "sx/sp", "personality_system_id": 5, "personality_type": "sx/sp", "theCount": 14}, {"myValue": "sp/so", "personality_system_id": 5, "personality_type": "sp/so", "theCount": 12}, {"myValue": "sx/so", "personality_system_id": 5, "personality_type": "sx/so", "theCount": 2}, {"myValue": "so/sx", "personality_system_id": 5, "personality_type": "so/sx", "theCount": 1}], "6": [{"myValue": "873", "personality_system_id": 6, "personality_type": "873", "theCount": 185}, {"myValue": "863", "personality_system_id": 6, "personality_type": "863", "theCount": 29}, {"myValue": "837", "personality_system_id": 6, "personality_type": "837", "theCount": 12}, {"myValue": "874", "personality_system_id": 6, "personality_type": "874", "theCount": 11}, {"myValue": "836", "personality_system_id": 6, "personality_type": "836", "theCount": 3}, {"myValue": "864", "personality_system_id": 6, "personality_type": "864", "theCount": 3}, {"myValue": "783", "personality_system_id": 6, "personality_type": "783", "theCount": 2}, {"myValue": "268", "personality_system_id": 6, "personality_type": "268", "theCount": 1}, {"myValue": "469", "personality_system_id": 6, "personality_type": "469", "theCount": 1}, {"myValue": "738", "personality_system_id": 6, "personality_type": "738", "theCount": 1}, {"myValue": "846", "personality_system_id": 6, "personality_type": "846", "theCount": 1}, {"myValue": "847", "personality_system_id": 6, "personality_type": "847", "theCount": 1}, {"myValue": "854", "personality_system_id": 6, "personality_type": "854", "theCount": 1}, {"myValue": "872", "personality_system_id": 6, "personality_type": "872", "theCount": 1}], "7": [{"myValue": "Choleric-Phlegmatic", "personality_system_id": 7, "personality_type": "Choleric-Phlegmatic", "theCount": 150}, {"myValue": "Choleric [Dominant]", "personality_system_id": 7, "personality_type": "Choleric [Dominant]", "theCount": 67}, {"myValue": "Choleric-Sanguine", "personality_system_id": 7, "personality_type": "Choleric-Sanguine", "theCount": 7}, {"myValue": "Choleric-Melancholic", "personality_system_id": 7, "personality_type": "Choleric-Melancholic", "theCount": 4}, {"myValue": "Phlegmatic [Dominant]", "personality_system_id": 7, "personality_type": "Phlegmatic [Dominant]", "theCount": 3}, {"myValue": "Phlegmatic-Choleric", "personality_system_id": 7, "personality_type": "Phlegmatic-Choleric", "theCount": 3}, {"myValue": "Melancholic-Choleric", "personality_system_id": 7, "personality_type": "Melancholic-Choleric", "theCount": 1}, {"myValue": "Phlegmatic-Sanguine", "personality_system_id": 7, "personality_type": "Phlegmatic-Sanguine", "theCount": 1}], "8": [{"myValue": "FVLE", "personality_system_id": 8, "personality_type": "FVLE", "theCount": 57}, {"myValue": "VFLE", "personality_system_id": 8, "personality_type": "VFLE", "theCount": 24}, {"myValue": "FLVE", "personality_system_id": 8, "personality_type": "FLVE", "theCount": 6}, {"myValue": "VFEL", "personality_system_id": 8, "personality_type": "VFEL", "theCount": 4}, {"myValue": "VLFE", "personality_system_id": 8, "personality_type": "VLFE", "theCount": 3}, {"myValue": "FEVL", "personality_system_id": 8, "personality_type": "FEVL", "theCount": 2}, {"myValue": "LVFE", "personality_system_id": 8, "personality_type": "LVFE", "theCount": 2}, {"myValue": "LFVE", "personality_system_id": 8, "personality_type": "LFVE", "theCount": 1}, {"myValue": "LVEF", "personality_system_id": 8, "personality_type": "LVEF", "theCount": 1}], "9": [{"myValue": "SCUEN", "personality_system_id": 9, "personality_type": "SCUEN", "theCount": 82}, {"myValue": "RCUEN", "personality_system_id": 9, "personality_type": "RCUEN", "theCount": 15}, {"myValue": "RLUEN", "personality_system_id": 9, "personality_type": "RLUEN", "theCount": 13}, {"myValue": "SCOEN", "personality_system_id": 9, "personality_type": "SCOEN", "theCount": 4}, {"myValue": "SLUEN", "personality_system_id": 9, "personality_type": "SLUEN", "theCount": 4}, {"myValue": "RCOEN", "personality_system_id": 9, "personality_type": "RCOEN", "theCount": 2}, {"myValue": "RLUAI", "personality_system_id": 9, "personality_type": "RLUAI", "theCount": 2}, {"myValue": "RLUEI", "personality_system_id": 9, "personality_type": "RLUEI", "theCount": 2}, {"myValue": "RCUEI", "personality_system_id": 9, "personality_type": "RCUEI", "theCount": 1}, {"myValue": "SCUAN", "personality_system_id": 9, "personality_type": "SCUAN", "theCount": 1}, {"myValue": "SCUEI", "personality_system_id": 9, "personality_type": "SCUEI", "theCount": 1}]}, "breakdown_config": {"expand": {"1": 3, "10": 1, "11": 1, "2": 3, "3": 1, "4": 1, "5": 1, "6": 1, "7": 1, "8": 1, "9": 1}, "fire": {"1": 0, "10": 0, "11": 0, "2": 0, "3": 0, "4": 0, "5": 0, "6": 0, "7": 0, "8": 0, "9": 0}}, "mbti_letter_stats": [{"type": "I", "percentage": "84%", "PercentageFloat": 0.8425026968716289}, {"type": "S", "percentage": "99%", "PercentageFloat": 0.9859762675296656}, {"type": "T", "percentage": "99%", "PercentageFloat": 0.9902912621359223}, {"type": "P", "percentage": "99%", "PercentageFloat": 0.9892125134843581}], "topic_info": {"can_generate": false, "topic": {"description": "Toph is one of the main protagonists in the Avatar series. She is a genius earthbender and a close friend of Avatar Aang. Her most iconic feature is her visual blindness that she compensates with a technique that uses her feet to scan the underground.\n\n#ISTPHeroes", "follow_count": 3, "id": 1163, "is_following": false, "is_join_pending": false, "is_banned": false, "is_moderated": false, "name_readable": "Toph Beifong", "post_count": 20, "source_profile_id": 1242, "source_type": "profile", "join_to_post": false, "can_pin": false, "related_topics": [{"description": "", "follow_count": 12, "id": 1160, "is_following": false, "is_join_pending": false, "is_banned": false, "is_moderated": false, "name_readable": "Zuko", "post_count": 98, "source_profile_id": 1239, "source_type": "profile", "image": {"picURL": "https://static1.personality-database.com/profile_images/3146610498dc4d5398e3f300d193161d.png"}, "join_to_post": false, "can_pin": false}, {"description": "Azula was the princess of the Fire Nation, daughter of Fire Lord Ozai and Ursa, younger sister of Zuko, and older half-sister of Kiyi. She was a key adversary of Team Avatar, chasing Avatar Aang and her banished brother far across the Earth Kingdom accompanied by her then two best friends, Mai and Ty Lee. #gaslight #gatekeep #girlboss", "follow_count": 4, "id": 1161, "is_following": false, "is_join_pending": false, "is_banned": false, "is_moderated": false, "name_readable": "Azula", "post_count": 76, "source_profile_id": 1240, "source_type": "profile", "image": {"picURL": "https://static1.personality-database.com/profile_images/012f8226fc8a41fca4c001ba5a8a49b5.png"}, "join_to_post": false, "can_pin": false}, {"description": "", "follow_count": 5, "id": 1164, "is_following": false, "is_join_pending": false, "is_banned": false, "is_moderated": false, "name_readable": "Iroh", "post_count": 45, "source_profile_id": 1243, "source_type": "profile", "image": {"picURL": "https://static1.personality-database.com/profile_images/7f0277aa8c9649cf8e8c9d276bc437a6.png"}, "join_to_post": false, "can_pin": false}, {"description": "Katara is a waterbending master, born in the Southern Water Tribe to Chief Hakoda and his wife Kya. During her childhood, she was the only waterbender living in the Southern Water Tribe. After losing her mother in a Fire Nation raid and her father left to battle against the Fire Nation in the Hundred Year War, she was raised by her paternal grandmother Kanna alongside her older brother Sokka. As a teenager, Katara and her brother discovered the young Air Nomad Avatar, Aang, who had been frozen in an iceberg with his bison, Appa, for one hundred years. In need of a waterbending master, the siblings and Aang left the South Pole on a journey toward the Northern Water Tribe.\n#MaeWhitman\n#ESFJHeroes", "follow_count": 2, "id": 1166, "is_following": false, "is_join_pending": false, "is_banned": false, "is_moderated": false, "name_readable": "Katara", "post_count": 27, "source_profile_id": 1245, "source_type": "profile", "image": {"picURL": "https://static1.personality-database.com/profile_images/de883512477440e2aa3ffd8afbb4f4e9.png"}, "join_to_post": false, "can_pin": false}, {"description": "Aang was a male Air Nomad born in 12 BG and the Avatar during the century-long conflict known as the Hundred Year War. His immediate predecessor was Avatar Roku, and his immediate successor is Avatar Korra. As the Avatar of his time, he was the only person capable of using all four bending arts: airbending, waterbending, earthbending, and firebending. He was also one of a select few Avatars, and one of the first in many cycles to learn the ancient art of energybending, and the first Avatar known to have actively used the technique. - Avatar Wiki", "follow_count": 3, "id": 1162, "is_following": false, "is_join_pending": false, "is_banned": false, "is_moderated": false, "name_readable": "Aang", "post_count": 26, "source_profile_id": 1241, "source_type": "profile", "image": {"picURL": "https://static1.personality-database.com/profile_images/2ac9b5b2362149a58d03751c763eb4ec.png"}, "join_to_post": false, "can_pin": false}, {"description": "Sokka was a Water Tribe warrior of the Southern Water Tribe and the son of Chief Hakoda and Kya. Following the death of his mother and his father's departure for war, Sokka was raised by his grandmother Kanna along with his younger sister Katara. Hakoda left along with all of the other men in his tribe to fight the Fire Nation when Sokka was a young boy. Despite his desire to join his father, Sokka was not permitted to accompany the men on the mission and was left behind. As there were no other teenage boys in the tribe, Sokka was the oldest male in the South Pole and, therefore, left as the leader of the tribe. He assumed responsibility for the tribe, haplessly training children to be future warriors until his sister discovered an Air Nomad named Aang frozen in an iceberg.\n\nVoiced by #JackDeSena\n#ESTJHeroes", "follow_count": 7, "id": 1165, "is_following": false, "is_join_pending": false, "is_banned": false, "is_moderated": false, "name_readable": "Sokka", "post_count": 25, "source_profile_id": 1244, "source_type": "profile", "image": {"picURL": "https://static1.personality-database.com/profile_images/e4cab3df446e4d14a57ef77e1aebf2e1.png"}, "join_to_post": false, "can_pin": false}, {"description": "Toph is one of the main protagonists in the Avatar series. She is a genius earthbender and a close friend of Avatar Aang. Her most iconic feature is her visual blindness that she compensates with a technique that uses her feet to scan the underground.\n\n#ISTPHeroes", "follow_count": 3, "id": 1163, "is_following": false, "is_join_pending": false, "is_banned": false, "is_moderated": false, "name_readable": "Toph Beifong", "post_count": 20, "source_profile_id": 1242, "source_type": "profile", "image": {"picURL": "https://static1.personality-database.com/profile_images/5bdda714c08b4d61a3befa8427334c9a.png"}, "join_to_post": false, "can_pin": false}, {"description": "", "follow_count": 1, "id": 1168, "is_following": false, "is_join_pending": false, "is_banned": false, "is_moderated": false, "name_readable": "Ty Lee", "post_count": 18, "source_profile_id": 1247, "source_type": "profile", "image": {"picURL": "https://static1.personality-database.com/profile_images/34af225ecc6544d88562755219450152.png"}, "join_to_post": false, "can_pin": false}, {"description": "Suki is one of the many recurring protagonists from Avatar the Last Airbender. She resides on Kyoshi Island, home of the legendary Avatar Kyoshi, and leads her own group called the Kyoshi warriors.", "follow_count": 3, "id": 1171, "is_following": false, "is_join_pending": false, "is_banned": false, "is_moderated": false, "name_readable": "Suki", "post_count": 17, "source_profile_id": 1250, "source_type": "profile", "image": {"picURL": "https://static1.personality-database.com/profile_images/eef068e217074957a36f2fe3e55cf8a4.png"}, "join_to_post": false, "can_pin": false}, {"description": "#INFPVillains", "follow_count": 2, "id": 58438, "is_following": false, "is_join_pending": false, "is_banned": false, "is_moderated": false, "name_readable": "Hama", "post_count": 14, "source_profile_id": 71984, "source_type": "profile", "image": {"picURL": "https://static1.personality-database.com/profile_images/d6ef6d390f264cac82badf9112fd491c.png"}, "join_to_post": false, "can_pin": false}, {"description": "#KuudereCharacters", "follow_count": 3, "id": 1167, "is_following": false, "is_join_pending": false, "is_banned": false, "is_moderated": false, "name_readable": "Mai", "post_count": 10, "source_profile_id": 1246, "source_type": "profile", "image": {"picURL": "https://static1.personality-database.com/profile_images/c339ce044df3424ca7d9f88c1f4e1361.png"}, "join_to_post": false, "can_pin": false}, {"description": "", "follow_count": 0, "id": 147674, "is_following": false, "is_join_pending": false, "is_banned": false, "is_moderated": false, "name_readable": "CanYourScienceExplain                     WhyItRains-Guy", "post_count": 8, "source_profile_id": 191379, "source_type": "profile", "image": {"picURL": "https://static1.personality-database.com/profile_images/58360e64cb814528bb5c9aa030d3de1b.png"}, "join_to_post": false, "can_pin": false}, {"description": "", "follow_count": 1, "id": 61439, "is_following": false, "is_join_pending": false, "is_banned": false, "is_moderated": false, "name_readable": "Long Feng", "post_count": 8, "source_profile_id": 75764, "source_type": "profile", "image": {"picURL": "https://static1.personality-database.com/profile_images/0cd31b5c9b894846bb1c982fc8946cc5.png"}, "join_to_post": false, "can_pin": false}, {"description": "Kyoshi was the Earth Kingdom-born Avatar immediately succeeding Avatar Kuruk of the Northern Water Tribe, and preceding Avatar Roku of the Fire Nation.", "follow_count": 0, "id": 38997, "is_following": false, "is_join_pending": false, "is_banned": false, "is_moderated": false, "name_readable": "Avatar Kyoshi", "post_count": 7, "source_profile_id": 43941, "source_type": "profile", "image": {"picURL": "https://static1.personality-database.com/profile_images/637cd3d0673e411b9692c61ce83834e4.png"}, "join_to_post": false, "can_pin": false}, {"description": "", "follow_count": 0, "id": 8622, "is_following": false, "is_join_pending": false, "is_banned": false, "is_moderated": false, "name_readable": "Ozai", "post_count": 5, "source_profile_id": 9221, "source_type": "profile", "image": {"picURL": "https://static1.personality-database.com/profile_images/5d6a0ef7c41c4347a026d6598e1b2af7.png"}, "join_to_post": false, "can_pin": false}, {"description": "#ESTPVillains", "follow_count": 0, "id": 8623, "is_following": false, "is_join_pending": false, "is_banned": false, "is_moderated": false, "name_readable": "Jet", "post_count": 4, "source_profile_id": 9222, "source_type": "profile", "image": {"picURL": "https://static1.personality-database.com/profile_images/0c417df08f7a446b8b8d2fdd635b74ed.png"}, "join_to_post": false, "can_pin": false}], "subcategory": "Avatar: The Last Airbender (2005)", "topic_image_url": "https://static1.personality-database.com/profile_images/5bdda714c08b4d61a3befa8427334c9a.png", "source_location": {"cid": 7, "pid": 2, "sub_cat_id": 135}, "can_post_image": false, "can_post_audio": false, "posts": {"posts": [{"username": "ki\u043e", "user_pic_path": "https://static1.personality-database.com/user_avatars/397287/d9c73f03-7d5e-4532-a94e-8bc427c9f360.jpeg", "user_personality_type": "ISFP-6w7-648", "is_mod": false, "comment_count": 2, "reply_count": 2, "vote_type": 0, "topics_list": [{"id": 1163, "name_readable": "Toph Beifong"}], "id": 2009891, "post_id": 2009891, "user_id": 397287, "title": "", "content": "what a *****", "create_date": 1671893224000, "unix_timestamp": 1671893224000, "update_date": 1671893224000, "vote_count": 0, "vote_count_down": 3, "is_reported": 0, "is_hidden": false, "is_pinned": false, "is_watching": false, "is_pro_user": false, "images": null, "audios": null, "function_list": [], "type": "post"}, {"username": "prime_32409", "user_pic_path": "https://static1.personality-database.com/user_avatars/1356610/7c3c60df-d81b-4d64-a18e-b82c500c9afe_small.jpeg", "user_personality_type": "ESTP-8w9-854", "is_mod": false, "comment_count": 0, "reply_count": 0, "vote_type": 0, "topics_list": [{"id": 1163, "name_readable": "Toph Beifong"}], "id": 1945455, "post_id": 1945455, "user_id": 1356610, "title": "", "content": "Favorite ISTP character", "create_date": 1671125905000, "unix_timestamp": 1671125905000, "update_date": 1671125905000, "vote_count": 10, "vote_count_down": 0, "is_reported": 0, "is_hidden": false, "is_pinned": false, "is_watching": false, "is_pro_user": false, "images": null, "audios": null, "function_list": [], "type": "post"}, {"username": "2VRVR", "user_pic_path": "https://static1.personality-database.com/user_avatars/599685/41088d61-d01d-4bb4-8f86-f42ffe8c3cc4_small.jpeg", "user_personality_type": "1w9-125", "is_mod": false, "comment_count": 3, "reply_count": 3, "vote_type": 0, "topics_list": [{"id": 1163, "name_readable": "Toph Beifong"}], "id": 1684285, "post_id": 1684285, "user_id": 599685, "title": "ESTP: Ti>Fe NOT Fe>Ti", "content": "I feel like people think ESTP\u2019s are just SeFe with no ti, y\u2019all she isn\u2019t inferior fe just because she\u2019s blunt or confrontational, se is objective of course she\u2019ll come off a little blunt because she says things exactly how she sees them\u2026 also where is tertiary ni \ud83d\ude2d\ud83d\ude2d\ud83d\ude2d", "create_date": 1667744800000, "unix_timestamp": 1667744800000, "update_date": 1670016317000, "vote_count": 18, "vote_count_down": 0, "is_reported": 0, "is_hidden": false, "is_pinned": false, "is_watching": false, "is_pro_user": false, "images": null, "audios": null, "function_list": [], "type": "post"}]}}}}