{"id": 1243, "mbti_profile": "Iroh", "profile_name_searchable": "uncleiroh", "allow_commenting": true, "allow_voting": true, "user_id": 207, "contributor": "Steve Williams", "contributor_create_date": "2015-08-25 05:07:42", "contributor_pic_path": "https://lh3.googleusercontent.com/-XdUIqdMkCWA/AAAAAAAAAAI/AAAAAAAAAAA/4252rscbv5M/photo.jpg", "display_order": 1030, "edit_lock": 0, "edit_lock_picture": 0, "is_active": true, "is_approved": true, "mbti_enneagram_type": "ENFJ 9w1", "mbti_type": "ENFJ 9w1", "pdb_comment_access": true, "pdb_page_owner": 0, "pdb_public_access": true, "wiki_description": "Zuko's and Azula's uncle and Ozai's elder brother, Iroh was once the heir to the Fire Nation throne, a mighty general known as the \"Dragon Of the West\". After the death of his beloved son, Lu Ten, Iroh lost his thirst for conquest and retired, developing a new thirst for tea. Afterwards, Iroh came to think of Zuko as his own son. When Zuko was exiled, Iroh went along with him to mentor and protect him. While he tends to act very silly most of the time, he is one of the most capable of the cast, and likely a match for Ozai himself. And seriously, Iroh loves his tea.", "watch_count": 1432, "comment_count": 620, "vote_count": 1780, "vote_count_enneagram": 825, "vote_count_mbti": 1780, "total_vote_counts": 3491, "personality_type": "ENFJ - 9w1 - sx/so - 927 - SEI - SCUAI - FEVL - Phlegmatic-Sanguine - EF(N)", "type_updated_date": "2022-11-30 22:20:24", "enneagram_vote": "", "enneagram_vote_id": 0, "mbti_vote": "", "mbti_vote_id": 0, "is_watching": false, "image_exists": true, "profile_image_url": "https://static1.personality-database.com/profile_images/7f0277aa8c9649cf8e8c9d276bc437a6.png", "profile_image_credit": "", "profile_image_credit_id": 424812, "profile_image_credit_type": "0", "profile_image_credit_url": "", "alt_subcategory": "", "related_subcategories": "136|||The Legend of Korra (2012)", "cat_id": 7, "category": "Cartoons", "category_is_fictional": true, "sub_cat_id": 135, "subcategory": "Avatar: The Last Airbender (2005)", "subcat_link_info": {"sub_cat_id": 135, "cat_id": 7, "property_id": 2, "subcategory": "Avatar: The Last Airbender (2005)"}, "related_subcat_link_info": [{"sub_cat_id": 136, "cat_id": 7, "property_id": 2, "subcategory": "The Legend of Korra (2012)"}], "related_profiles": [{"id": 1239, "mbti_profile": "Zuko", "subcategory": "Avatar: The Last Airbender (2005)", "profile_image_url": "https://static1.personality-database.com/profile_images/3146610498dc4d5398e3f300d193161d.png", "profile_name": "Zuko", "profile_subcat": "Avatar: The Last Airbender (2005)", "sub_cat_id": 135, "cat_id": 7, "property_id": 2, "mbti": "ISFP", "enneatype": "4w3"}, {"id": 1244, "mbti_profile": "Sokka", "subcategory": "Avatar: The Last Airbender (2005)", "profile_image_url": "https://static1.personality-database.com/profile_images/e4cab3df446e4d14a57ef77e1aebf2e1.png", "profile_name": "Sokka", "profile_subcat": "Avatar: The Last Airbender (2005)", "sub_cat_id": 135, "cat_id": 7, "property_id": 2, "mbti": "ESTJ", "enneatype": "6w7"}, {"id": 1240, "mbti_profile": "Azula", "subcategory": "Avatar: The Last Airbender (2005)", "profile_image_url": "https://static1.personality-database.com/profile_images/012f8226fc8a41fca4c001ba5a8a49b5.png", "profile_name": "Azula", "profile_subcat": "Avatar: The Last Airbender (2005)", "sub_cat_id": 135, "cat_id": 7, "property_id": 2, "mbti": "ENTJ", "enneatype": "3w4"}, {"id": 1241, "mbti_profile": "Aang", "subcategory": "Avatar: The Last Airbender (2005)", "profile_image_url": "https://static1.personality-database.com/profile_images/2ac9b5b2362149a58d03751c763eb4ec.png", "profile_name": "Aang", "profile_subcat": "Avatar: The Last Airbender (2005)", "sub_cat_id": 135, "cat_id": 7, "property_id": 2, "mbti": "ENFP", "enneatype": "7w6"}, {"id": 1245, "mbti_profile": "Katara", "subcategory": "Avatar: The Last Airbender (2005)", "profile_image_url": "https://static1.personality-database.com/profile_images/de883512477440e2aa3ffd8afbb4f4e9.png", "profile_name": "Katara", "profile_subcat": "Avatar: The Last Airbender (2005)", "sub_cat_id": 135, "cat_id": 7, "property_id": 2, "mbti": "ESFJ", "enneatype": "1w2"}, {"id": 1242, "mbti_profile": "Toph Beifong", "subcategory": "Avatar: The Last Airbender (2005)", "profile_image_url": "https://static1.personality-database.com/profile_images/5bdda714c08b4d61a3befa8427334c9a.png", "profile_name": "Toph Beifong", "profile_subcat": "Avatar: The Last Airbender (2005)", "sub_cat_id": 135, "cat_id": 7, "property_id": 2, "mbti": "ISTP", "enneatype": "8w7"}, {"id": 1250, "mbti_profile": "Suki", "subcategory": "Avatar: The Last Airbender (2005)", "profile_image_url": "https://static1.personality-database.com/profile_images/eef068e217074957a36f2fe3e55cf8a4.png", "profile_name": "Suki", "profile_subcat": "Avatar: The Last Airbender (2005)", "sub_cat_id": 135, "cat_id": 7, "property_id": 2, "mbti": "ENFJ", "enneatype": "9w8"}, {"id": 1246, "mbti_profile": "Mai", "subcategory": "Avatar: The Last Airbender (2005)", "profile_image_url": "https://static1.personality-database.com/profile_images/c339ce044df3424ca7d9f88c1f4e1361.png", "profile_name": "Mai", "profile_subcat": "Avatar: The Last Airbender (2005)", "sub_cat_id": 135, "cat_id": 7, "property_id": 2, "mbti": "ISTP", "enneatype": "9w8"}], "functions": ["Fe", "Ni", "Se", "Ti"], "systems": [{"hex_color": "#888888", "id": 1, "personality_type": "XXXX", "personality_type_id": 0, "system_name": "Four Letter", "system_vote_count": 1740, "user_vote_type_id": 0, "vote_id": 0}, {"hex_color": "#006775", "id": 2, "personality_type": "XXXX", "personality_type_id": 0, "system_name": "Enneagram", "system_vote_count": 803, "user_vote_type_id": 0, "vote_id": 0}, {"hex_color": "#006775", "id": 5, "personality_type": "XXXX", "personality_type_id": 0, "system_name": "Instinctual Variant", "system_vote_count": 210, "user_vote_type_id": 0, "vote_id": 0}, {"hex_color": "#006775", "id": 6, "personality_type": "XXXX", "personality_type_id": 0, "system_name": "Tritype", "system_vote_count": 197, "user_vote_type_id": 0, "vote_id": 0}, {"hex_color": "#888888", "id": 3, "personality_type": "XXXX", "personality_type_id": 0, "system_name": "Socionics", "system_vote_count": 115, "user_vote_type_id": 0, "vote_id": 0}, {"hex_color": "#888888", "id": 9, "personality_type": "XXXX", "personality_type_id": 0, "system_name": "Big 5 (SLOAN)", "system_vote_count": 78, "user_vote_type_id": 0, "vote_id": 0}, {"hex_color": "#888888", "id": 8, "personality_type": "XXXX", "personality_type_id": 0, "system_name": "Attitudinal Psyche", "system_vote_count": 47, "user_vote_type_id": 0, "vote_id": 0}, {"hex_color": "#888888", "id": 7, "personality_type": "XXXX", "personality_type_id": 0, "system_name": "Temperaments", "system_vote_count": 183, "user_vote_type_id": 0, "vote_id": 0}, {"hex_color": "#888888", "id": 11, "personality_type": "XXXX", "personality_type_id": 0, "system_name": "Classic Jungian", "system_vote_count": 23, "user_vote_type_id": 0, "vote_id": 0}], "breakdown_systems": {"1": [{"myValue": "ENFJ", "personality_system_id": 1, "personality_type": "ENFJ", "theCount": 1225}, {"myValue": "INFJ", "personality_system_id": 1, "personality_type": "INFJ", "theCount": 349}, {"myValue": "INFP", "personality_system_id": 1, "personality_type": "INFP", "theCount": 85}, {"myValue": "ESFJ", "personality_system_id": 1, "personality_type": "ESFJ", "theCount": 24}, {"myValue": "ENFP", "personality_system_id": 1, "personality_type": "ENFP", "theCount": 19}, {"myValue": "ISFJ", "personality_system_id": 1, "personality_type": "ISFJ", "theCount": 8}, {"myValue": "INTP", "personality_system_id": 1, "personality_type": "INTP", "theCount": 6}, {"myValue": "ENTP", "personality_system_id": 1, "personality_type": "ENTP", "theCount": 5}, {"myValue": "ISFP", "personality_system_id": 1, "personality_type": "ISFP", "theCount": 5}, {"myValue": "ESTP", "personality_system_id": 1, "personality_type": "ESTP", "theCount": 3}, {"myValue": "ISTP", "personality_system_id": 1, "personality_type": "ISTP", "theCount": 3}, {"myValue": "ENTJ", "personality_system_id": 1, "personality_type": "ENTJ", "theCount": 2}, {"myValue": "INTJ", "personality_system_id": 1, "personality_type": "INTJ", "theCount": 2}, {"myValue": "ISTJ", "personality_system_id": 1, "personality_type": "ISTJ", "theCount": 2}, {"myValue": "ESFP", "personality_system_id": 1, "personality_type": "ESFP", "theCount": 1}, {"myValue": "ESTJ", "personality_system_id": 1, "personality_type": "ESTJ", "theCount": 1}], "11": [{"myValue": "EF(N)", "personality_system_id": 11, "personality_type": "EF(N)", "theCount": 11}, {"myValue": "IS(F)", "personality_system_id": 11, "personality_type": "IS(F)", "theCount": 5}, {"myValue": "EF(S)", "personality_system_id": 11, "personality_type": "EF(S)", "theCount": 4}, {"myValue": "IN(F)", "personality_system_id": 11, "personality_type": "IN(F)", "theCount": 2}, {"myValue": "IF(N)", "personality_system_id": 11, "personality_type": "IF(N)", "theCount": 1}], "2": [{"myValue": "9w1", "personality_system_id": 2, "personality_type": "9w1", "theCount": 712}, {"myValue": "9w8", "personality_system_id": 2, "personality_type": "9w8", "theCount": 48}, {"myValue": "2w1", "personality_system_id": 2, "personality_type": "2w1", "theCount": 10}, {"myValue": "1w9", "personality_system_id": 2, "personality_type": "1w9", "theCount": 7}, {"myValue": "2w3", "personality_system_id": 2, "personality_type": "2w3", "theCount": 6}, {"myValue": "7w6", "personality_system_id": 2, "personality_type": "7w6", "theCount": 5}, {"myValue": "1w2", "personality_system_id": 2, "personality_type": "1w2", "theCount": 4}, {"myValue": "5w4", "personality_system_id": 2, "personality_type": "5w4", "theCount": 4}, {"myValue": "7w8", "personality_system_id": 2, "personality_type": "7w8", "theCount": 3}, {"myValue": "8w9", "personality_system_id": 2, "personality_type": "8w9", "theCount": 3}, {"myValue": "4w5", "personality_system_id": 2, "personality_type": "4w5", "theCount": 1}], "3": [{"myValue": "SEI", "personality_system_id": 3, "personality_type": "SEI", "theCount": 64}, {"myValue": "ESE", "personality_system_id": 3, "personality_type": "ESE", "theCount": 29}, {"myValue": "EII", "personality_system_id": 3, "personality_type": "EII", "theCount": 6}, {"myValue": "EIE", "personality_system_id": 3, "personality_type": "EIE", "theCount": 5}, {"myValue": "IEE", "personality_system_id": 3, "personality_type": "IEE", "theCount": 3}, {"myValue": "SEE", "personality_system_id": 3, "personality_type": "SEE", "theCount": 2}, {"myValue": "SLI", "personality_system_id": 3, "personality_type": "SLI", "theCount": 2}, {"myValue": "ESI", "personality_system_id": 3, "personality_type": "ESI", "theCount": 1}, {"myValue": "IEI", "personality_system_id": 3, "personality_type": "IEI", "theCount": 1}, {"myValue": "ILI", "personality_system_id": 3, "personality_type": "ILI", "theCount": 1}, {"myValue": "LSI", "personality_system_id": 3, "personality_type": "LSI", "theCount": 1}], "4": [{"myValue": "Neutral Good", "personality_system_id": 4, "personality_type": "Neutral Good", "theCount": 82}, {"myValue": "Lawful Good", "personality_system_id": 4, "personality_type": "Lawful Good", "theCount": 8}, {"myValue": "True Neutral", "personality_system_id": 4, "personality_type": "True Neutral", "theCount": 2}, {"myValue": "Chaotic Good", "personality_system_id": 4, "personality_type": "Chaotic Good", "theCount": 1}, {"myValue": "Chaotic Neutral", "personality_system_id": 4, "personality_type": "Chaotic Neutral", "theCount": 1}, {"myValue": "Lawful Neutral", "personality_system_id": 4, "personality_type": "Lawful Neutral", "theCount": 1}], "5": [{"myValue": "sx/so", "personality_system_id": 5, "personality_type": "sx/so", "theCount": 83}, {"myValue": "so/sp", "personality_system_id": 5, "personality_type": "so/sp", "theCount": 52}, {"myValue": "so/sx", "personality_system_id": 5, "personality_type": "so/sx", "theCount": 32}, {"myValue": "sp/so", "personality_system_id": 5, "personality_type": "sp/so", "theCount": 28}, {"myValue": "sp/sx", "personality_system_id": 5, "personality_type": "sp/sx", "theCount": 9}, {"myValue": "sx/sp", "personality_system_id": 5, "personality_type": "sx/sp", "theCount": 6}], "6": [{"myValue": "927", "personality_system_id": 6, "personality_type": "927", "theCount": 162}, {"myValue": "972", "personality_system_id": 6, "personality_type": "972", "theCount": 14}, {"myValue": "926", "personality_system_id": 6, "personality_type": "926", "theCount": 4}, {"myValue": "297", "personality_system_id": 6, "personality_type": "297", "theCount": 3}, {"myValue": "792", "personality_system_id": 6, "personality_type": "792", "theCount": 2}, {"myValue": "925", "personality_system_id": 6, "personality_type": "925", "theCount": 2}, {"myValue": "952", "personality_system_id": 6, "personality_type": "952", "theCount": 2}, {"myValue": "126", "personality_system_id": 6, "personality_type": "126", "theCount": 1}, {"myValue": "147", "personality_system_id": 6, "personality_type": "147", "theCount": 1}, {"myValue": "721", "personality_system_id": 6, "personality_type": "721", "theCount": 1}, {"myValue": "827", "personality_system_id": 6, "personality_type": "827", "theCount": 1}, {"myValue": "936", "personality_system_id": 6, "personality_type": "936", "theCount": 1}, {"myValue": "947", "personality_system_id": 6, "personality_type": "947", "theCount": 1}, {"myValue": "962", "personality_system_id": 6, "personality_type": "962", "theCount": 1}, {"myValue": "974", "personality_system_id": 6, "personality_type": "974", "theCount": 1}], "7": [{"myValue": "Phlegmatic-Sanguine", "personality_system_id": 7, "personality_type": "Phlegmatic-Sanguine", "theCount": 153}, {"myValue": "Phlegmatic [Dominant]", "personality_system_id": 7, "personality_type": "Phlegmatic [Dominant]", "theCount": 12}, {"myValue": "Sanguine-Phlegmatic", "personality_system_id": 7, "personality_type": "Sanguine-Phlegmatic", "theCount": 7}, {"myValue": "Sanguine [Dominant]", "personality_system_id": 7, "personality_type": "Sanguine [Dominant]", "theCount": 4}, {"myValue": "Phlegmatic-Melancholic", "personality_system_id": 7, "personality_type": "Phlegmatic-Melancholic", "theCount": 3}, {"myValue": "Choleric-Melancholic", "personality_system_id": 7, "personality_type": "Choleric-Melancholic", "theCount": 1}, {"myValue": "Choleric-Sanguine", "personality_system_id": 7, "personality_type": "Choleric-Sanguine", "theCount": 1}, {"myValue": "Melancholic-Choleric", "personality_system_id": 7, "personality_type": "Melancholic-Choleric", "theCount": 1}, {"myValue": "Sanguine-Melancholic", "personality_system_id": 7, "personality_type": "Sanguine-Melancholic", "theCount": 1}], "8": [{"myValue": "FEVL", "personality_system_id": 8, "personality_type": "FEVL", "theCount": 19}, {"myValue": "FELV", "personality_system_id": 8, "personality_type": "FELV", "theCount": 11}, {"myValue": "FVLE", "personality_system_id": 8, "personality_type": "FVLE", "theCount": 7}, {"myValue": "EFVL", "personality_system_id": 8, "personality_type": "EFVL", "theCount": 2}, {"myValue": "LVFE", "personality_system_id": 8, "personality_type": "LVFE", "theCount": 2}, {"myValue": "VEFL", "personality_system_id": 8, "personality_type": "VEFL", "theCount": 2}, {"myValue": "ELVF", "personality_system_id": 8, "personality_type": "ELVF", "theCount": 1}, {"myValue": "EVFL", "personality_system_id": 8, "personality_type": "EVFL", "theCount": 1}, {"myValue": "FLVE", "personality_system_id": 8, "personality_type": "FLVE", "theCount": 1}, {"myValue": "LEFV", "personality_system_id": 8, "personality_type": "LEFV", "theCount": 1}], "9": [{"myValue": "SCUAI", "personality_system_id": 9, "personality_type": "SCUAI", "theCount": 62}, {"myValue": "SCOAI", "personality_system_id": 9, "personality_type": "SCOAI", "theCount": 11}, {"myValue": "RCOAN", "personality_system_id": 9, "personality_type": "RCOAN", "theCount": 2}, {"myValue": "RCUAI", "personality_system_id": 9, "personality_type": "RCUAI", "theCount": 1}, {"myValue": "SCOEI", "personality_system_id": 9, "personality_type": "SCOEI", "theCount": 1}, {"myValue": "SCUAN", "personality_system_id": 9, "personality_type": "SCUAN", "theCount": 1}]}, "breakdown_config": {"expand": {"1": 3, "11": 1, "2": 3, "3": 1, "4": 1, "5": 2, "6": 1, "7": 1, "8": 2, "9": 1}, "fire": {"1": 0, "11": 0, "2": 0, "3": 0, "4": 0, "5": 1, "6": 0, "7": 0, "8": 1, "9": 0}}, "mbti_letter_stats": [{"type": "E", "percentage": "74%", "PercentageFloat": 0.735632183908046}, {"type": "N", "percentage": "97%", "PercentageFloat": 0.9729885057471265}, {"type": "F", "percentage": "99%", "PercentageFloat": 0.9862068965517241}, {"type": "J", "percentage": "93%", "PercentageFloat": 0.9270114942528735}], "topic_info": {"can_generate": false, "topic": {"description": "", "follow_count": 5, "id": 1164, "is_following": false, "is_join_pending": false, "is_banned": false, "is_moderated": false, "name_readable": "Iroh", "post_count": 45, "source_profile_id": 1243, "source_type": "profile", "join_to_post": false, "can_pin": false, "related_topics": [{"description": "", "follow_count": 12, "id": 1160, "is_following": false, "is_join_pending": false, "is_banned": false, "is_moderated": false, "name_readable": "Zuko", "post_count": 98, "source_profile_id": 1239, "source_type": "profile", "image": {"picURL": "https://static1.personality-database.com/profile_images/3146610498dc4d5398e3f300d193161d.png"}, "join_to_post": false, "can_pin": false}, {"description": "Azula was the princess of the Fire Nation, daughter of Fire Lord Ozai and Ursa, younger sister of Zuko, and older half-sister of Kiyi. She was a key adversary of Team Avatar, chasing Avatar Aang and her banished brother far across the Earth Kingdom accompanied by her then two best friends, Mai and Ty Lee. #gaslight #gatekeep #girlboss", "follow_count": 4, "id": 1161, "is_following": false, "is_join_pending": false, "is_banned": false, "is_moderated": false, "name_readable": "Azula", "post_count": 76, "source_profile_id": 1240, "source_type": "profile", "image": {"picURL": "https://static1.personality-database.com/profile_images/012f8226fc8a41fca4c001ba5a8a49b5.png"}, "join_to_post": false, "can_pin": false}, {"description": "", "follow_count": 5, "id": 1164, "is_following": false, "is_join_pending": false, "is_banned": false, "is_moderated": false, "name_readable": "Iroh", "post_count": 45, "source_profile_id": 1243, "source_type": "profile", "image": {"picURL": "https://static1.personality-database.com/profile_images/7f0277aa8c9649cf8e8c9d276bc437a6.png"}, "join_to_post": false, "can_pin": false}, {"description": "Katara is a waterbending master, born in the Southern Water Tribe to Chief Hakoda and his wife Kya. During her childhood, she was the only waterbender living in the Southern Water Tribe. After losing her mother in a Fire Nation raid and her father left to battle against the Fire Nation in the Hundred Year War, she was raised by her paternal grandmother Kanna alongside her older brother Sokka. As a teenager, Katara and her brother discovered the young Air Nomad Avatar, Aang, who had been frozen in an iceberg with his bison, Appa, for one hundred years. In need of a waterbending master, the siblings and Aang left the South Pole on a journey toward the Northern Water Tribe.\n#MaeWhitman\n#ESFJHeroes", "follow_count": 2, "id": 1166, "is_following": false, "is_join_pending": false, "is_banned": false, "is_moderated": false, "name_readable": "Katara", "post_count": 27, "source_profile_id": 1245, "source_type": "profile", "image": {"picURL": "https://static1.personality-database.com/profile_images/de883512477440e2aa3ffd8afbb4f4e9.png"}, "join_to_post": false, "can_pin": false}, {"description": "Aang was a male Air Nomad born in 12 BG and the Avatar during the century-long conflict known as the Hundred Year War. His immediate predecessor was Avatar Roku, and his immediate successor is Avatar Korra. As the Avatar of his time, he was the only person capable of using all four bending arts: airbending, waterbending, earthbending, and firebending. He was also one of a select few Avatars, and one of the first in many cycles to learn the ancient art of energybending, and the first Avatar known to have actively used the technique. - Avatar Wiki", "follow_count": 3, "id": 1162, "is_following": false, "is_join_pending": false, "is_banned": false, "is_moderated": false, "name_readable": "Aang", "post_count": 26, "source_profile_id": 1241, "source_type": "profile", "image": {"picURL": "https://static1.personality-database.com/profile_images/2ac9b5b2362149a58d03751c763eb4ec.png"}, "join_to_post": false, "can_pin": false}, {"description": "Sokka was a Water Tribe warrior of the Southern Water Tribe and the son of Chief Hakoda and Kya. Following the death of his mother and his father's departure for war, Sokka was raised by his grandmother Kanna along with his younger sister Katara. Hakoda left along with all of the other men in his tribe to fight the Fire Nation when Sokka was a young boy. Despite his desire to join his father, Sokka was not permitted to accompany the men on the mission and was left behind. As there were no other teenage boys in the tribe, Sokka was the oldest male in the South Pole and, therefore, left as the leader of the tribe. He assumed responsibility for the tribe, haplessly training children to be future warriors until his sister discovered an Air Nomad named Aang frozen in an iceberg.\n\nVoiced by #JackDeSena\n#ESTJHeroes", "follow_count": 7, "id": 1165, "is_following": false, "is_join_pending": false, "is_banned": false, "is_moderated": false, "name_readable": "Sokka", "post_count": 25, "source_profile_id": 1244, "source_type": "profile", "image": {"picURL": "https://static1.personality-database.com/profile_images/e4cab3df446e4d14a57ef77e1aebf2e1.png"}, "join_to_post": false, "can_pin": false}, {"description": "Toph is one of the main protagonists in the Avatar series. She is a genius earthbender and a close friend of Avatar Aang. Her most iconic feature is her visual blindness that she compensates with a technique that uses her feet to scan the underground.\n\n#ISTPHeroes", "follow_count": 3, "id": 1163, "is_following": false, "is_join_pending": false, "is_banned": false, "is_moderated": false, "name_readable": "Toph Beifong", "post_count": 20, "source_profile_id": 1242, "source_type": "profile", "image": {"picURL": "https://static1.personality-database.com/profile_images/5bdda714c08b4d61a3befa8427334c9a.png"}, "join_to_post": false, "can_pin": false}, {"description": "", "follow_count": 1, "id": 1168, "is_following": false, "is_join_pending": false, "is_banned": false, "is_moderated": false, "name_readable": "Ty Lee", "post_count": 18, "source_profile_id": 1247, "source_type": "profile", "image": {"picURL": "https://static1.personality-database.com/profile_images/34af225ecc6544d88562755219450152.png"}, "join_to_post": false, "can_pin": false}, {"description": "Suki is one of the many recurring protagonists from Avatar the Last Airbender. She resides on Kyoshi Island, home of the legendary Avatar Kyoshi, and leads her own group called the Kyoshi warriors.", "follow_count": 3, "id": 1171, "is_following": false, "is_join_pending": false, "is_banned": false, "is_moderated": false, "name_readable": "Suki", "post_count": 17, "source_profile_id": 1250, "source_type": "profile", "image": {"picURL": "https://static1.personality-database.com/profile_images/eef068e217074957a36f2fe3e55cf8a4.png"}, "join_to_post": false, "can_pin": false}, {"description": "#INFPVillains", "follow_count": 2, "id": 58438, "is_following": false, "is_join_pending": false, "is_banned": false, "is_moderated": false, "name_readable": "Hama", "post_count": 14, "source_profile_id": 71984, "source_type": "profile", "image": {"picURL": "https://static1.personality-database.com/profile_images/d6ef6d390f264cac82badf9112fd491c.png"}, "join_to_post": false, "can_pin": false}, {"description": "#KuudereCharacters", "follow_count": 3, "id": 1167, "is_following": false, "is_join_pending": false, "is_banned": false, "is_moderated": false, "name_readable": "Mai", "post_count": 10, "source_profile_id": 1246, "source_type": "profile", "image": {"picURL": "https://static1.personality-database.com/profile_images/c339ce044df3424ca7d9f88c1f4e1361.png"}, "join_to_post": false, "can_pin": false}, {"description": "", "follow_count": 1, "id": 61439, "is_following": false, "is_join_pending": false, "is_banned": false, "is_moderated": false, "name_readable": "Long Feng", "post_count": 8, "source_profile_id": 75764, "source_type": "profile", "image": {"picURL": "https://static1.personality-database.com/profile_images/0cd31b5c9b894846bb1c982fc8946cc5.png"}, "join_to_post": false, "can_pin": false}, {"description": "", "follow_count": 0, "id": 147674, "is_following": false, "is_join_pending": false, "is_banned": false, "is_moderated": false, "name_readable": "CanYourScienceExplain                     WhyItRains-Guy", "post_count": 8, "source_profile_id": 191379, "source_type": "profile", "image": {"picURL": "https://static1.personality-database.com/profile_images/58360e64cb814528bb5c9aa030d3de1b.png"}, "join_to_post": false, "can_pin": false}, {"description": "Kyoshi was the Earth Kingdom-born Avatar immediately succeeding Avatar Kuruk of the Northern Water Tribe, and preceding Avatar Roku of the Fire Nation.", "follow_count": 0, "id": 38997, "is_following": false, "is_join_pending": false, "is_banned": false, "is_moderated": false, "name_readable": "Avatar Kyoshi", "post_count": 7, "source_profile_id": 43941, "source_type": "profile", "image": {"picURL": "https://static1.personality-database.com/profile_images/637cd3d0673e411b9692c61ce83834e4.png"}, "join_to_post": false, "can_pin": false}, {"description": "", "follow_count": 0, "id": 8622, "is_following": false, "is_join_pending": false, "is_banned": false, "is_moderated": false, "name_readable": "Ozai", "post_count": 5, "source_profile_id": 9221, "source_type": "profile", "image": {"picURL": "https://static1.personality-database.com/profile_images/5d6a0ef7c41c4347a026d6598e1b2af7.png"}, "join_to_post": false, "can_pin": false}, {"description": "#ESTPVillains", "follow_count": 0, "id": 8623, "is_following": false, "is_join_pending": false, "is_banned": false, "is_moderated": false, "name_readable": "Jet", "post_count": 4, "source_profile_id": 9222, "source_type": "profile", "image": {"picURL": "https://static1.personality-database.com/profile_images/0c417df08f7a446b8b8d2fdd635b74ed.png"}, "join_to_post": false, "can_pin": false}], "subcategory": "Avatar: The Last Airbender (2005)", "topic_image_url": "https://static1.personality-database.com/profile_images/7f0277aa8c9649cf8e8c9d276bc437a6.png", "source_location": {"cid": 7, "pid": 2, "sub_cat_id": 135}, "can_post_image": false, "can_post_audio": false, "posts": {"posts": [{"username": "Tears_of_the_Moon", "user_pic_path": "https://static1.personality-database.com/user_avatars/1634944/fd5fafe2-214b-4205-9a0f-0bee4b8709d5_small.jpeg", "user_personality_type": "INFP-4w5", "is_mod": false, "comment_count": 0, "reply_count": 0, "vote_type": 0, "topics_list": [{"id": 1164, "name_readable": "Iroh"}], "id": 1968429, "post_id": 1968429, "user_id": 1634944, "title": "", "content": "I love ENFJ - ISFP father-son relationships <3 (Iroh and Zuko, Silver and Jim Hawkins (Treasure Planet))", "create_date": 1671393191000, "unix_timestamp": 1671393191000, "update_date": 1671393191000, "vote_count": 2, "vote_count_down": 0, "is_reported": 0, "is_hidden": false, "is_pinned": false, "is_watching": false, "is_pro_user": false, "images": null, "audios": null, "function_list": [], "type": "post"}, {"username": "2L3V posterboy", "user_pic_path": "https://static1.personality-database.com/profile_images/aa02c8b6921c4e99b991511d8733cc72.png", "user_personality_type": "INFJ-4w5-469", "is_mod": false, "comment_count": 0, "reply_count": 0, "vote_type": 0, "topics_list": [{"id": 1164, "name_readable": "Iroh"}], "id": 1857496, "post_id": 1857496, "user_id": 1522024, "title": "", "content": "wow EF(N) SEI soooooo true", "create_date": 1670084751000, "unix_timestamp": 1670084751000, "update_date": 1670084751000, "vote_count": 1, "vote_count_down": 0, "is_reported": 0, "is_hidden": false, "is_pinned": false, "is_watching": false, "is_pro_user": false, "images": null, "audios": null, "function_list": [], "type": "post"}, {"username": "EsotericKing", "user_pic_path": "https://static1.personality-database.com/user_avatars/300488/d6599531-b5e3-4141-a8ad-ad799c9b10d4_small.jpeg", "user_personality_type": "", "is_mod": false, "comment_count": 0, "reply_count": 0, "vote_type": 0, "topics_list": [{"id": 1164, "name_readable": "Iroh"}], "id": 1788577, "post_id": 1788577, "user_id": 300488, "title": "", "content": "Why not EII or IEE?", "create_date": 1669116462000, "unix_timestamp": 1669116462000, "update_date": 1669116462000, "vote_count": 1, "vote_count_down": 0, "is_reported": 0, "is_hidden": false, "is_pinned": false, "is_watching": false, "is_pro_user": false, "images": null, "audios": null, "function_list": [], "type": "post"}]}}}}