{"id": 1000501, "mbti_profile": "Yi-hwa", "profile_name_searchable": "Yihwa", "allow_commenting": true, "allow_voting": true, "user_id": 4982, "contributor": "snow(o whats this)", "contributor_create_date": "2023-01-15 22:30:32", "contributor_pic_path": "https://lh3.googleusercontent.com/a-/AOh14GiqOAAPbN7kM2Q6yRMzPQxDJ40ytj76clBU7k54aA=s96-c", "display_order": 990, "edit_lock": 0, "edit_lock_picture": 0, "is_active": true, "is_approved": true, "mbti_enneagram_type": "ENTJ", "mbti_type": "ENTJ", "pdb_comment_access": true, "pdb_page_owner": 0, "pdb_public_access": true, "wiki_description": "", "watch_count": 0, "comment_count": 0, "vote_count": 1, "vote_count_enneagram": 1, "vote_count_mbti": 1, "total_vote_counts": 5, "personality_type": "ENTJ - 3w4", "type_updated_date": "2023-01-15 22:31:58", "enneagram_vote": "", "enneagram_vote_id": 0, "mbti_vote": "", "mbti_vote_id": 0, "is_watching": false, "image_exists": false, "profile_image_url": "https://static1.personality-database.com/profile_images/2032f062a7094900bd3371583436b5ca.png", "profile_image_credit": "", "profile_image_credit_id": 486213, "profile_image_credit_type": "0", "profile_image_credit_url": "", "alt_subcategory": "", "related_subcategories": "", "cat_id": 26, "category": "Web Comics", "category_is_fictional": true, "sub_cat_id": 36225, "subcategory": "Blooming Sequence", "subcat_link_info": {"sub_cat_id": 36225, "cat_id": 26, "property_id": 2, "subcategory": "Blooming Sequence"}, "related_subcat_link_info": null, "related_profiles": [{"id": 1000499, "mbti_profile": "Seo-woo", "subcategory": "Blooming Sequence", "profile_image_url": "https://static1.personality-database.com/profile_images/6684098db7f147b3aabe23029218b229.png", "profile_name": "Seo-woo", "profile_subcat": "Blooming Sequence", "sub_cat_id": 36225, "cat_id": 26, "property_id": 2, "mbti": "ISTP", "enneatype": "9w8"}, {"id": 1000500, "mbti_profile": "Ha-young", "subcategory": "Blooming Sequence", "profile_image_url": "", "profile_name": "Ha-young", "profile_subcat": "Blooming Sequence", "sub_cat_id": 36225, "cat_id": 26, "property_id": 2, "mbti": "ISFJ", "enneatype": "6w5"}], "functions": ["Te", "Ni", "Se", "Fi"], "systems": [{"hex_color": "#888888", "id": 1, "personality_type": "XXXX", "personality_type_id": 0, "system_name": "Four Letter", "system_vote_count": 1, "user_vote_type_id": 0, "vote_id": 0}, {"hex_color": "#006775", "id": 2, "personality_type": "XXXX", "personality_type_id": 0, "system_name": "Enneagram", "system_vote_count": 1, "user_vote_type_id": 0, "vote_id": 0}, {"hex_color": "#006775", "id": 5, "personality_type": "XXXX", "personality_type_id": 0, "system_name": "Instinctual Variant", "system_vote_count": 1, "user_vote_type_id": 0, "vote_id": 0}, {"hex_color": "#006775", "id": 6, "personality_type": "XXXX", "personality_type_id": 0, "system_name": "Tritype", "system_vote_count": 0, "user_vote_type_id": 0, "vote_id": 0}, {"hex_color": "#888888", "id": 3, "personality_type": "XXXX", "personality_type_id": 0, "system_name": "Socionics", "system_vote_count": 1, "user_vote_type_id": 0, "vote_id": 0}, {"hex_color": "#888888", "id": 9, "personality_type": "XXXX", "personality_type_id": 0, "system_name": "Big 5 (SLOAN)", "system_vote_count": 1, "user_vote_type_id": 0, "vote_id": 0}, {"hex_color": "#888888", "id": 8, "personality_type": "XXXX", "personality_type_id": 0, "system_name": "Attitudinal Psyche", "system_vote_count": 0, "user_vote_type_id": 0, "vote_id": 0}, {"hex_color": "#888888", "id": 7, "personality_type": "XXXX", "personality_type_id": 0, "system_name": "Temperaments", "system_vote_count": 0, "user_vote_type_id": 0, "vote_id": 0}, {"hex_color": "#888888", "id": 11, "personality_type": "XXXX", "personality_type_id": 0, "system_name": "Classic Jungian", "system_vote_count": 0, "user_vote_type_id": 0, "vote_id": 0}], "breakdown_systems": {"1": [{"myValue": "ENTJ", "personality_system_id": 1, "personality_type": "ENTJ", "theCount": 1}], "11": [{"myValue": "XXXX", "personality_system_id": 0, "personality_type": "XXXX", "theCount": 0}], "2": [{"myValue": "3w4", "personality_system_id": 2, "personality_type": "3w4", "theCount": 1}], "3": [{"myValue": "LIE", "personality_system_id": 3, "personality_type": "LIE", "theCount": 1}], "5": [{"myValue": "sp/so", "personality_system_id": 5, "personality_type": "sp/so", "theCount": 1}], "6": [{"myValue": "XXXX", "personality_system_id": 0, "personality_type": "XXXX", "theCount": 0}], "7": [{"myValue": "XXXX", "personality_system_id": 0, "personality_type": "XXXX", "theCount": 0}], "8": [{"myValue": "XXXX", "personality_system_id": 0, "personality_type": "XXXX", "theCount": 0}], "9": [{"myValue": "SLOEI", "personality_system_id": 9, "personality_type": "SLOEI", "theCount": 1}]}, "breakdown_config": {"expand": {"1": 3, "11": 1, "2": 3, "3": 1, "5": 1, "6": 1, "7": 1, "8": 1, "9": 1}, "fire": {"1": 0, "11": 0, "2": 0, "3": 0, "5": 0, "6": 0, "7": 0, "8": 0, "9": 0}}, "mbti_letter_stats": [{"type": "E", "percentage": "100%", "PercentageFloat": 1}, {"type": "N", "percentage": "100%", "PercentageFloat": 1}, {"type": "T", "percentage": "100%", "PercentageFloat": 1}, {"type": "J", "percentage": "100%", "PercentageFloat": 1}], "topic_info": {"can_generate": true}}