{"id": 1000787, "mbti_profile": "Ron", "profile_name_searchable": "Ron", "allow_commenting": true, "allow_voting": true, "user_id": 598727, "contributor": "Joost Takumi Rukawa", "contributor_create_date": "2023-01-15 23:07:43", "contributor_pic_path": "https://lh3.googleusercontent.com/a-/AOh14GhJixjSY0X-C5e0giNFQAvUU-erVmlJDOq9ywwCaAs=s96-c", "display_order": 0, "edit_lock": 0, "edit_lock_picture": 0, "is_active": true, "is_approved": true, "mbti_enneagram_type": "ESFJ 6w7", "mbti_type": "ESFJ 6w7", "pdb_comment_access": true, "pdb_page_owner": 0, "pdb_public_access": true, "wiki_description": "Ron is a blind barber with his own dog. Rex usually goes to Ron to dress his hair for like 50 bucks every time.", "watch_count": 0, "comment_count": 0, "vote_count": 1, "vote_count_enneagram": 1, "vote_count_mbti": 1, "total_vote_counts": 2, "personality_type": "ESFJ - 6w7", "type_updated_date": "2023-01-15 23:25:52", "enneagram_vote": "", "enneagram_vote_id": 0, "mbti_vote": "", "mbti_vote_id": 0, "is_watching": false, "image_exists": false, "profile_image_url": "https://static1.personality-database.com/profile_images/f1f3a08fe26a40e68ac8ee6c5c11900c.png", "profile_image_credit": "", "profile_image_credit_id": 486226, "profile_image_credit_type": "0", "profile_image_credit_url": "", "alt_subcategory": "", "related_subcategories": "", "cat_id": 26, "category": "Web Comics", "category_is_fictional": true, "sub_cat_id": 29664, "subcategory": "Dog Nigga / Dog Ningen", "subcat_link_info": {"sub_cat_id": 29664, "cat_id": 26, "property_id": 2, "subcategory": "Dog Nigga / Dog Ningen"}, "related_subcat_link_info": null, "related_profiles": [{"id": 477420, "mbti_profile": "Rex", "subcategory": "Dog Nigga / Dog Ningen", "profile_image_url": "https://static1.personality-database.com/profile_images/f80d1179d4064911bf9ea6dff301e5e1.png", "profile_name": "Rex", "profile_subcat": "Dog Nigga / Dog Ningen", "sub_cat_id": 29664, "cat_id": 26, "property_id": 2, "mbti": "ISFP", "enneatype": "8w7"}, {"id": 479899, "mbti_profile": "Ukuo", "subcategory": "Dog Nigga / Dog Ningen", "profile_image_url": "https://static1.personality-database.com/profile_images/9ba12c959ad3407996ac6e4f436a3887.png", "profile_name": "Ukuo", "profile_subcat": "Dog Nigga / Dog Ningen", "sub_cat_id": 29664, "cat_id": 26, "property_id": 2, "mbti": "", "enneatype": "2w1"}, {"id": 478770, "mbti_profile": "Neo", "subcategory": "Dog Nigga / Dog Ningen", "profile_image_url": "https://static1.personality-database.com/profile_images/b9de82e27e234f948580ec6d593e1a06.png", "profile_name": "Neo", "profile_subcat": "Dog Nigga / Dog Ningen", "sub_cat_id": 29664, "cat_id": 26, "property_id": 2, "mbti": "INFJ", "enneatype": "2w3"}, {"id": 479887, "mbti_profile": "Kyle", "subcategory": "Dog Nigga / Dog Ningen", "profile_image_url": "https://static1.personality-database.com/profile_images/7b8f111f3f024bdba24cc3df7f71fc92.png", "profile_name": "Kyle", "profile_subcat": "Dog Nigga / Dog Ningen", "sub_cat_id": 29664, "cat_id": 26, "property_id": 2, "mbti": "INFP", "enneatype": ""}, {"id": 479901, "mbti_profile": "Beau", "subcategory": "Dog Nigga / Dog Ningen", "profile_image_url": "https://static1.personality-database.com/profile_images/1c91c099f1324de0906d69fc696fbd8b.png", "profile_name": "Beau", "profile_subcat": "Dog Nigga / Dog Ningen", "sub_cat_id": 29664, "cat_id": 26, "property_id": 2, "mbti": "ENTP", "enneatype": "7w6"}, {"id": 479875, "mbti_profile": "Trish", "subcategory": "Dog Nigga / Dog Ningen", "profile_image_url": "https://static1.personality-database.com/profile_images/0df213315a8b440683450e21fb792d81.png", "profile_name": "Trish", "profile_subcat": "Dog Nigga / Dog Ningen", "sub_cat_id": 29664, "cat_id": 26, "property_id": 2, "mbti": "ESTP", "enneatype": "4w3"}, {"id": 479893, "mbti_profile": "Rex's dad", "subcategory": "Dog Nigga / Dog Ningen", "profile_image_url": "https://static1.personality-database.com/profile_images/b979c1ce75b845ebb944d40cc664b580.png", "profile_name": "Rex's dad", "profile_subcat": "Dog Nigga / Dog Ningen", "sub_cat_id": 29664, "cat_id": 26, "property_id": 2, "mbti": "ESTJ", "enneatype": "5w4"}, {"id": 480703, "mbti_profile": "Omega", "subcategory": "Dog Nigga / Dog Ningen", "profile_image_url": "https://static1.personality-database.com/profile_images/13364efee98943caad7a25a25b5b7711.png", "profile_name": "Omega", "profile_subcat": "Dog Nigga / Dog Ningen", "sub_cat_id": 29664, "cat_id": 26, "property_id": 2, "mbti": "INTJ", "enneatype": "4w5"}], "functions": ["Fe", "Si", "Ne", "Ti"], "systems": [{"hex_color": "#888888", "id": 1, "personality_type": "XXXX", "personality_type_id": 0, "system_name": "Four Letter", "system_vote_count": 1, "user_vote_type_id": 0, "vote_id": 0}, {"hex_color": "#006775", "id": 2, "personality_type": "XXXX", "personality_type_id": 0, "system_name": "Enneagram", "system_vote_count": 1, "user_vote_type_id": 0, "vote_id": 0}, {"hex_color": "#006775", "id": 5, "personality_type": "XXXX", "personality_type_id": 0, "system_name": "Instinctual Variant", "system_vote_count": 0, "user_vote_type_id": 0, "vote_id": 0}, {"hex_color": "#006775", "id": 6, "personality_type": "XXXX", "personality_type_id": 0, "system_name": "Tritype", "system_vote_count": 0, "user_vote_type_id": 0, "vote_id": 0}, {"hex_color": "#888888", "id": 3, "personality_type": "XXXX", "personality_type_id": 0, "system_name": "Socionics", "system_vote_count": 0, "user_vote_type_id": 0, "vote_id": 0}, {"hex_color": "#888888", "id": 9, "personality_type": "XXXX", "personality_type_id": 0, "system_name": "Big 5 (SLOAN)", "system_vote_count": 0, "user_vote_type_id": 0, "vote_id": 0}, {"hex_color": "#888888", "id": 8, "personality_type": "XXXX", "personality_type_id": 0, "system_name": "Attitudinal Psyche", "system_vote_count": 0, "user_vote_type_id": 0, "vote_id": 0}, {"hex_color": "#888888", "id": 7, "personality_type": "XXXX", "personality_type_id": 0, "system_name": "Temperaments", "system_vote_count": 0, "user_vote_type_id": 0, "vote_id": 0}, {"hex_color": "#888888", "id": 11, "personality_type": "XXXX", "personality_type_id": 0, "system_name": "Classic Jungian", "system_vote_count": 0, "user_vote_type_id": 0, "vote_id": 0}], "breakdown_systems": {"1": [{"myValue": "ESFJ", "personality_system_id": 1, "personality_type": "ESFJ", "theCount": 1}], "11": [{"myValue": "XXXX", "personality_system_id": 0, "personality_type": "XXXX", "theCount": 0}], "2": [{"myValue": "6w7", "personality_system_id": 2, "personality_type": "6w7", "theCount": 1}], "3": [{"myValue": "XXXX", "personality_system_id": 0, "personality_type": "XXXX", "theCount": 0}], "5": [{"myValue": "XXXX", "personality_system_id": 0, "personality_type": "XXXX", "theCount": 0}], "6": [{"myValue": "XXXX", "personality_system_id": 0, "personality_type": "XXXX", "theCount": 0}], "7": [{"myValue": "XXXX", "personality_system_id": 0, "personality_type": "XXXX", "theCount": 0}], "8": [{"myValue": "XXXX", "personality_system_id": 0, "personality_type": "XXXX", "theCount": 0}], "9": [{"myValue": "XXXX", "personality_system_id": 0, "personality_type": "XXXX", "theCount": 0}]}, "breakdown_config": {"expand": {"1": 3, "11": 1, "2": 3, "3": 1, "5": 1, "6": 1, "7": 1, "8": 1, "9": 1}, "fire": {"1": 0, "11": 0, "2": 0, "3": 0, "5": 0, "6": 0, "7": 0, "8": 0, "9": 0}}, "mbti_letter_stats": [{"type": "E", "percentage": "100%", "PercentageFloat": 1}, {"type": "S", "percentage": "100%", "PercentageFloat": 1}, {"type": "F", "percentage": "100%", "PercentageFloat": 1}, {"type": "J", "percentage": "100%", "PercentageFloat": 1}], "topic_info": {"can_generate": true}}