{"id": 978199, "mbti_profile": "Number 8, dream worker", "profile_name_searchable": "Number8dreamworker", "allow_commenting": true, "allow_voting": true, "user_id": 543344, "contributor": "sweet1632kys", "contributor_create_date": "2023-01-13 10:55:08", "contributor_pic_path": "https://lh3.googleusercontent.com/a-/AOh14GgcSNUsn0lcynkoLQEOvtLXJD1c2G_W465L59zbvA=s96-c", "display_order": 1000, "edit_lock": 0, "edit_lock_picture": 0, "is_active": true, "is_approved": true, "mbti_enneagram_type": "ISFP", "mbti_type": "ISFP", "pdb_comment_access": true, "pdb_page_owner": 0, "pdb_public_access": true, "wiki_description": "", "watch_count": 0, "comment_count": 0, "vote_count": 1, "vote_count_enneagram": 1, "vote_count_mbti": 1, "total_vote_counts": 2, "personality_type": "ISFP - 9w1", "type_updated_date": "2023-01-13 12:13:43", "enneagram_vote": "", "enneagram_vote_id": 0, "mbti_vote": "", "mbti_vote_id": 0, "is_watching": false, "image_exists": false, "profile_image_url": "", "profile_image_credit": "", "profile_image_credit_id": 0, "profile_image_credit_type": "0", "profile_image_credit_url": "", "alt_subcategory": "", "related_subcategories": "", "cat_id": 26, "category": "Web Comics", "category_is_fictional": true, "sub_cat_id": 36173, "subcategory": "Dream company", "subcat_link_info": {"sub_cat_id": 36173, "cat_id": 26, "property_id": 2, "subcategory": "Dream company"}, "related_subcat_link_info": null, "related_profiles": [{"id": 978200, "mbti_profile": "Leader R.ISA(Replica ISA)", "subcategory": "Dream company", "profile_image_url": "https://static1.personality-database.com/profile_images/378a8cb508494b19a23c02f965f75f34.png", "profile_name": "Leader R.ISA(Replica ISA)", "profile_subcat": "Dream company", "sub_cat_id": 36173, "cat_id": 26, "property_id": 2, "mbti": "INTJ", "enneatype": "5w4"}, {"id": 978201, "mbti_profile": "woman overseer", "subcategory": "Dream company", "profile_image_url": "", "profile_name": "woman overseer", "profile_subcat": "Dream company", "sub_cat_id": 36173, "cat_id": 26, "property_id": 2, "mbti": "ESTP", "enneatype": ""}, {"id": 978202, "mbti_profile": "man overseer", "subcategory": "Dream company", "profile_image_url": "", "profile_name": "man overseer", "profile_subcat": "Dream company", "sub_cat_id": 36173, "cat_id": 26, "property_id": 2, "mbti": "ISTJ", "enneatype": ""}, {"id": 978285, "mbti_profile": "President of Dream Corporation.", "subcategory": "Dream company", "profile_image_url": "", "profile_name": "President of Dream Corporation.", "profile_subcat": "Dream company", "sub_cat_id": 36173, "cat_id": 26, "property_id": 2, "mbti": "ENTJ", "enneatype": "8w9"}, {"id": 978290, "mbti_profile": "new president of Dream Corporation", "subcategory": "Dream company", "profile_image_url": "https://static1.personality-database.com/profile_images/4edd029e0d574cbda5b308622991235b.png", "profile_name": "new president of Dream Corporation", "profile_subcat": "Dream company", "sub_cat_id": 36173, "cat_id": 26, "property_id": 2, "mbti": "INTP", "enneatype": "5w4"}, {"id": 978294, "mbti_profile": "AGI", "subcategory": "Dream company", "profile_image_url": "https://static1.personality-database.com/profile_images/c1e948189bee4de095126eea392ab314.png", "profile_name": "AGI", "profile_subcat": "Dream company", "sub_cat_id": 36173, "cat_id": 26, "property_id": 2, "mbti": "ENTJ", "enneatype": "1w2"}, {"id": 978300, "mbti_profile": "major shareholder", "subcategory": "Dream company", "profile_image_url": "", "profile_name": "major shareholder", "profile_subcat": "Dream company", "sub_cat_id": 36173, "cat_id": 26, "property_id": 2, "mbti": "ESTJ", "enneatype": "7w8"}, {"id": 978449, "mbti_profile": "Sailor Uniform R.ISA", "subcategory": "Dream company", "profile_image_url": "https://static1.personality-database.com/profile_images/6326db293ad94db3aa4bc765202e42da.png", "profile_name": "Sailor Uniform R.ISA", "profile_subcat": "Dream company", "sub_cat_id": 36173, "cat_id": 26, "property_id": 2, "mbti": "ESFP", "enneatype": "7w6"}], "functions": ["Fi", "Se", "Ni", "Te"], "systems": [{"hex_color": "#888888", "id": 1, "personality_type": "XXXX", "personality_type_id": 0, "system_name": "Four Letter", "system_vote_count": 1, "user_vote_type_id": 0, "vote_id": 0}, {"hex_color": "#006775", "id": 2, "personality_type": "XXXX", "personality_type_id": 0, "system_name": "Enneagram", "system_vote_count": 1, "user_vote_type_id": 0, "vote_id": 0}, {"hex_color": "#006775", "id": 5, "personality_type": "XXXX", "personality_type_id": 0, "system_name": "Instinctual Variant", "system_vote_count": 0, "user_vote_type_id": 0, "vote_id": 0}, {"hex_color": "#006775", "id": 6, "personality_type": "XXXX", "personality_type_id": 0, "system_name": "Tritype", "system_vote_count": 0, "user_vote_type_id": 0, "vote_id": 0}, {"hex_color": "#888888", "id": 3, "personality_type": "XXXX", "personality_type_id": 0, "system_name": "Socionics", "system_vote_count": 0, "user_vote_type_id": 0, "vote_id": 0}, {"hex_color": "#888888", "id": 9, "personality_type": "XXXX", "personality_type_id": 0, "system_name": "Big 5 (SLOAN)", "system_vote_count": 0, "user_vote_type_id": 0, "vote_id": 0}, {"hex_color": "#888888", "id": 8, "personality_type": "XXXX", "personality_type_id": 0, "system_name": "Attitudinal Psyche", "system_vote_count": 0, "user_vote_type_id": 0, "vote_id": 0}, {"hex_color": "#888888", "id": 7, "personality_type": "XXXX", "personality_type_id": 0, "system_name": "Temperaments", "system_vote_count": 0, "user_vote_type_id": 0, "vote_id": 0}, {"hex_color": "#888888", "id": 11, "personality_type": "XXXX", "personality_type_id": 0, "system_name": "Classic Jungian", "system_vote_count": 0, "user_vote_type_id": 0, "vote_id": 0}], "breakdown_systems": {"1": [{"myValue": "ISFP", "personality_system_id": 1, "personality_type": "ISFP", "theCount": 1}], "11": [{"myValue": "XXXX", "personality_system_id": 0, "personality_type": "XXXX", "theCount": 0}], "2": [{"myValue": "9w1", "personality_system_id": 2, "personality_type": "9w1", "theCount": 1}], "3": [{"myValue": "XXXX", "personality_system_id": 0, "personality_type": "XXXX", "theCount": 0}], "5": [{"myValue": "XXXX", "personality_system_id": 0, "personality_type": "XXXX", "theCount": 0}], "6": [{"myValue": "XXXX", "personality_system_id": 0, "personality_type": "XXXX", "theCount": 0}], "7": [{"myValue": "XXXX", "personality_system_id": 0, "personality_type": "XXXX", "theCount": 0}], "8": [{"myValue": "XXXX", "personality_system_id": 0, "personality_type": "XXXX", "theCount": 0}], "9": [{"myValue": "XXXX", "personality_system_id": 0, "personality_type": "XXXX", "theCount": 0}]}, "breakdown_config": {"expand": {"1": 3, "11": 1, "2": 3, "3": 1, "5": 1, "6": 1, "7": 1, "8": 1, "9": 1}, "fire": {"1": 0, "11": 0, "2": 0, "3": 0, "5": 0, "6": 0, "7": 0, "8": 0, "9": 0}}, "mbti_letter_stats": [{"type": "I", "percentage": "100%", "PercentageFloat": 1}, {"type": "S", "percentage": "100%", "PercentageFloat": 1}, {"type": "F", "percentage": "100%", "PercentageFloat": 1}, {"type": "P", "percentage": "100%", "PercentageFloat": 1}], "topic_info": {"can_generate": true}}