{"id": 101665, "mbti_profile": "Elios (Season 1-2)", "profile_name_searchable": "eliosseason12", "allow_commenting": true, "allow_voting": true, "user_id": 0, "contributor": "the nameless", "contributor_create_date": "2020-02-26 06:29:43", "contributor_pic_path": "https://www.personality-database.com/images/profile_transparent.png", "display_order": 995, "edit_lock": 0, "edit_lock_picture": 0, "is_active": true, "is_approved": true, "mbti_enneagram_type": "INFJ 2w1", "mbti_type": "INFJ 2w1", "pdb_comment_access": true, "pdb_page_owner": 0, "pdb_public_access": true, "wiki_description": "Elios from Seasons 1 to 2.", "watch_count": 133, "comment_count": 38, "vote_count": 115, "vote_count_enneagram": 53, "vote_count_mbti": 115, "total_vote_counts": 214, "personality_type": "INFJ - 2w1 - sx/sp - 268 - ESI - RLOAN - LEFV - Phlegmatic-Melancholic", "type_updated_date": "2021-03-20 14:49:33", "enneagram_vote": "", "enneagram_vote_id": 0, "mbti_vote": "", "mbti_vote_id": 0, "is_watching": false, "image_exists": false, "profile_image_url": "https://static1.personality-database.com/profile_images/0ca3bbd38bf245ab9287409a6edebc70.png", "profile_image_credit": "", "profile_image_credit_id": 245740, "profile_image_credit_type": "0", "profile_image_credit_url": "https://www.webtoons.com/en/thriller/my-deepest-secret/list?title_no=1580", "alt_subcategory": "", "related_subcategories": "", "cat_id": 26, "category": "Web Comics", "category_is_fictional": true, "sub_cat_id": 7681, "subcategory": "My Deepest Secret", "subcat_link_info": {"sub_cat_id": 7681, "cat_id": 26, "property_id": 2, "subcategory": "My Deepest Secret"}, "related_subcat_link_info": null, "related_profiles": [{"id": 101664, "mbti_profile": "Emmeline \"Emma\" Wilson", "subcategory": "My Deepest Secret", "profile_image_url": "https://static1.personality-database.com/profile_images/4538d5fd38bc41b282a65147bfb52123.png", "profile_name": "Emmeline \"Emma\" Wilson", "profile_subcat": "My Deepest Secret", "sub_cat_id": 7681, "cat_id": 26, "property_id": 2, "mbti": "INFJ", "enneatype": "2w1"}, {"id": 101666, "mbti_profile": "Yohan Lee", "subcategory": "My Deepest Secret", "profile_image_url": "https://static1.personality-database.com/profile_images/7b53f9edaad54d5b88bfe68bdd71214f.png", "profile_name": "Yohan Lee", "profile_subcat": "My Deepest Secret", "sub_cat_id": 7681, "cat_id": 26, "property_id": 2, "mbti": "ENTP", "enneatype": "5w6"}, {"id": 296401, "mbti_profile": "Elios (Original)", "subcategory": "My Deepest Secret", "profile_image_url": "https://static1.personality-database.com/profile_images/fc552db8e1a44ca2b3d70812111f2226.png", "profile_name": "Elios (Original)", "profile_subcat": "My Deepest Secret", "sub_cat_id": 7681, "cat_id": 26, "property_id": 2, "mbti": "ENFJ", "enneatype": "2w3"}, {"id": 315838, "mbti_profile": "Farah", "subcategory": "My Deepest Secret", "profile_image_url": "https://static1.personality-database.com/profile_images/a7cfea9df18c4ada84c9689b24827fe6.png", "profile_name": "Farah", "profile_subcat": "My Deepest Secret", "sub_cat_id": 7681, "cat_id": 26, "property_id": 2, "mbti": "ISFJ", "enneatype": "9w1"}, {"id": 150963, "mbti_profile": "Hanamika", "subcategory": "My Deepest Secret", "profile_image_url": "https://static1.personality-database.com/profile_images/e63c1f429a914fb18c4f7964cfe35212.png", "profile_name": "Hanamika", "profile_subcat": "My Deepest Secret", "sub_cat_id": 7681, "cat_id": 26, "property_id": 2, "mbti": "ISTP", "enneatype": "9w8"}, {"id": 113440, "mbti_profile": "Sophie McCarthy", "subcategory": "My Deepest Secret", "profile_image_url": "https://static1.personality-database.com/profile_images/06bf262e9e864535990f428b9d2c5d45.png", "profile_name": "Sophie McCarthy", "profile_subcat": "My Deepest Secret", "sub_cat_id": 7681, "cat_id": 26, "property_id": 2, "mbti": "ISFP", "enneatype": "6w7"}, {"id": 304780, "mbti_profile": "Emma's Father", "subcategory": "My Deepest Secret", "profile_image_url": "https://static1.personality-database.com/profile_images/1589f56a3cc948c5a350177336d40729.png", "profile_name": "Emma's Father", "profile_subcat": "My Deepest Secret", "sub_cat_id": 7681, "cat_id": 26, "property_id": 2, "mbti": "ESFJ", "enneatype": "2w3"}, {"id": 430211, "mbti_profile": "Emmaline Wilson (Season 1-2)", "subcategory": "My Deepest Secret", "profile_image_url": "https://static1.personality-database.com/profile_images/e181bbab271944348d7339bf4b0e0618.png", "profile_name": "Emmaline Wilson (Season 1-2)", "profile_subcat": "My Deepest Secret", "sub_cat_id": 7681, "cat_id": 26, "property_id": 2, "mbti": "ISFJ", "enneatype": "2w3"}], "functions": ["Ni", "Fe", "Ti", "Se"], "systems": [{"hex_color": "#888888", "id": 1, "personality_type": "XXXX", "personality_type_id": 0, "system_name": "Four Letter", "system_vote_count": 112, "user_vote_type_id": 0, "vote_id": 0}, {"hex_color": "#006775", "id": 2, "personality_type": "XXXX", "personality_type_id": 0, "system_name": "Enneagram", "system_vote_count": 50, "user_vote_type_id": 0, "vote_id": 0}, {"hex_color": "#006775", "id": 5, "personality_type": "XXXX", "personality_type_id": 0, "system_name": "Instinctual Variant", "system_vote_count": 20, "user_vote_type_id": 0, "vote_id": 0}, {"hex_color": "#006775", "id": 6, "personality_type": "XXXX", "personality_type_id": 0, "system_name": "Tritype", "system_vote_count": 7, "user_vote_type_id": 0, "vote_id": 0}, {"hex_color": "#888888", "id": 3, "personality_type": "XXXX", "personality_type_id": 0, "system_name": "Socionics", "system_vote_count": 5, "user_vote_type_id": 0, "vote_id": 0}, {"hex_color": "#888888", "id": 9, "personality_type": "XXXX", "personality_type_id": 0, "system_name": "Big 5 (SLOAN)", "system_vote_count": 3, "user_vote_type_id": 0, "vote_id": 0}, {"hex_color": "#888888", "id": 8, "personality_type": "XXXX", "personality_type_id": 0, "system_name": "Attitudinal Psyche", "system_vote_count": 1, "user_vote_type_id": 0, "vote_id": 0}, {"hex_color": "#888888", "id": 7, "personality_type": "XXXX", "personality_type_id": 0, "system_name": "Temperaments", "system_vote_count": 8, "user_vote_type_id": 0, "vote_id": 0}, {"hex_color": "#888888", "id": 11, "personality_type": "XXXX", "personality_type_id": 0, "system_name": "Classic Jungian", "system_vote_count": 0, "user_vote_type_id": 0, "vote_id": 0}], "breakdown_systems": {"1": [{"myValue": "INFJ", "personality_system_id": 1, "personality_type": "INFJ", "theCount": 111}, {"myValue": "ISFJ", "personality_system_id": 1, "personality_type": "ISFJ", "theCount": 1}], "10": [{"myValue": "Left-brained Introvert", "personality_system_id": 10, "personality_type": "Left-brained Introvert", "theCount": 2}], "11": [{"myValue": "XXXX", "personality_system_id": 0, "personality_type": "XXXX", "theCount": 0}], "2": [{"myValue": "2w1", "personality_system_id": 2, "personality_type": "2w1", "theCount": 48}, {"myValue": "2w3", "personality_system_id": 2, "personality_type": "2w3", "theCount": 1}, {"myValue": "9w1", "personality_system_id": 2, "personality_type": "9w1", "theCount": 1}], "3": [{"myValue": "ESI", "personality_system_id": 3, "personality_type": "ESI", "theCount": 5}], "4": [{"myValue": "Neutral Evil", "personality_system_id": 4, "personality_type": "Neutral Evil", "theCount": 5}, {"myValue": "Lawful Evil", "personality_system_id": 4, "personality_type": "Lawful Evil", "theCount": 1}], "5": [{"myValue": "sx/sp", "personality_system_id": 5, "personality_type": "sx/sp", "theCount": 14}, {"myValue": "sx/so", "personality_system_id": 5, "personality_type": "sx/so", "theCount": 5}, {"myValue": "so/sx", "personality_system_id": 5, "personality_type": "so/sx", "theCount": 1}], "6": [{"myValue": "268", "personality_system_id": 6, "personality_type": "268", "theCount": 6}, {"myValue": "286", "personality_system_id": 6, "personality_type": "286", "theCount": 1}], "7": [{"myValue": "Phlegmatic-Melancholic", "personality_system_id": 7, "personality_type": "Phlegmatic-Melancholic", "theCount": 7}, {"myValue": "Phlegmatic [Dominant]", "personality_system_id": 7, "personality_type": "Phlegmatic [Dominant]", "theCount": 1}], "8": [{"myValue": "LEFV", "personality_system_id": 8, "personality_type": "LEFV", "theCount": 1}], "9": [{"myValue": "RLOAN", "personality_system_id": 9, "personality_type": "RLOAN", "theCount": 2}, {"myValue": "RCOEN", "personality_system_id": 9, "personality_type": "RCOEN", "theCount": 1}]}, "breakdown_config": {"expand": {"1": 3, "10": 1, "11": 1, "2": 3, "3": 1, "4": 1, "5": 1, "6": 1, "7": 1, "8": 1, "9": 1}, "fire": {"1": 0, "10": 0, "11": 0, "2": 0, "3": 0, "4": 0, "5": 0, "6": 0, "7": 0, "8": 0, "9": 0}}, "mbti_letter_stats": [{"type": "I", "percentage": "100%", "PercentageFloat": 1}, {"type": "N", "percentage": "99%", "PercentageFloat": 0.9910714285714286}, {"type": "F", "percentage": "100%", "PercentageFloat": 1}, {"type": "J", "percentage": "100%", "PercentageFloat": 1}], "topic_info": {"can_generate": false, "topic": {"description": "Elios from Seasons 1 to 2.", "follow_count": 0, "id": 81131, "is_following": false, "is_join_pending": false, "is_banned": false, "is_moderated": false, "name_readable": "Elios (Season 1-2)", "post_count": 1, "source_profile_id": 101665, "source_type": "profile", "join_to_post": false, "can_pin": false, "related_topics": [{"description": "", "follow_count": 0, "id": 81132, "is_following": false, "is_join_pending": false, "is_banned": false, "is_moderated": false, "name_readable": "Yohan Lee", "post_count": 3, "source_profile_id": 101666, "source_type": "profile", "image": {"picURL": "https://static1.personality-database.com/profile_images/7b53f9edaad54d5b88bfe68bdd71214f.png"}, "join_to_post": false, "can_pin": false}, {"description": "Elios from Seasons 1 to 2.", "follow_count": 0, "id": 81131, "is_following": false, "is_join_pending": false, "is_banned": false, "is_moderated": false, "name_readable": "Elios (Season 1-2)", "post_count": 1, "source_profile_id": 101665, "source_type": "profile", "image": {"picURL": "https://static1.personality-database.com/profile_images/0ca3bbd38bf245ab9287409a6edebc70.png"}, "join_to_post": false, "can_pin": false}, {"description": "Kayla Peterson is a supporting character in My Deepest Secret and a police detective working under Yojoong Lee.", "follow_count": 0, "id": 282434, "is_following": false, "is_join_pending": false, "is_banned": false, "is_moderated": false, "name_readable": "Detective Kayla", "post_count": 1, "source_profile_id": 367246, "source_type": "profile", "image": {"picURL": "https://static1.personality-database.com/profile_images/f8bfcda0101d467ebd9dd635d3c017fd.png"}, "join_to_post": false, "can_pin": false}, {"description": "", "follow_count": 0, "id": 81130, "is_following": false, "is_join_pending": false, "is_banned": false, "is_moderated": false, "name_readable": "Emmeline \"Emma\" Wilson", "post_count": 0, "source_profile_id": 101664, "source_type": "profile", "image": {"picURL": "https://static1.personality-database.com/profile_images/4538d5fd38bc41b282a65147bfb52123.png"}, "join_to_post": false, "can_pin": false}, {"description": "", "follow_count": 0, "id": 89998, "is_following": false, "is_join_pending": false, "is_banned": false, "is_moderated": false, "name_readable": "Nura Kim", "post_count": 0, "source_profile_id": 113403, "source_type": "profile", "image": {"picURL": "https://static1.personality-database.com/profile_images/98233befb4ae4120aed2ca7ae35f5ad8.png"}, "join_to_post": false, "can_pin": false}, {"description": "", "follow_count": 0, "id": 90027, "is_following": false, "is_join_pending": false, "is_banned": false, "is_moderated": false, "name_readable": "Sophie McCarthy", "post_count": 0, "source_profile_id": 113440, "source_type": "profile", "image": {"picURL": "https://static1.personality-database.com/profile_images/06bf262e9e864535990f428b9d2c5d45.png"}, "join_to_post": false, "can_pin": false}, {"description": "", "follow_count": 0, "id": 116947, "is_following": false, "is_join_pending": false, "is_banned": false, "is_moderated": false, "name_readable": "Hanamika", "post_count": 0, "source_profile_id": 150963, "source_type": "profile", "image": {"picURL": "https://static1.personality-database.com/profile_images/e63c1f429a914fb18c4f7964cfe35212.png"}, "join_to_post": false, "can_pin": false}, {"description": "", "follow_count": 0, "id": 202605, "is_following": false, "is_join_pending": false, "is_banned": false, "is_moderated": false, "name_readable": "Yojoong Lee", "post_count": 0, "source_profile_id": 262694, "source_type": "profile", "image": {"picURL": "https://static1.personality-database.com/profile_images/eb44923c36d34fdbac4c24eec406d723.png"}, "join_to_post": false, "can_pin": false}, {"description": "The real/original Elios from Season 3.", "follow_count": 0, "id": 227691, "is_following": false, "is_join_pending": false, "is_banned": false, "is_moderated": false, "name_readable": "Elios (Original)", "post_count": 0, "source_profile_id": 296401, "source_type": "profile", "image": {"picURL": "https://static1.personality-database.com/profile_images/fc552db8e1a44ca2b3d70812111f2226.png"}, "join_to_post": false, "can_pin": false}, {"description": "", "follow_count": 0, "id": 234188, "is_following": false, "is_join_pending": false, "is_banned": false, "is_moderated": false, "name_readable": "Emma's Father", "post_count": 0, "source_profile_id": 304780, "source_type": "profile", "image": {"picURL": "https://static1.personality-database.com/profile_images/1589f56a3cc948c5a350177336d40729.png"}, "join_to_post": false, "can_pin": false}, {"description": "", "follow_count": 0, "id": 234189, "is_following": false, "is_join_pending": false, "is_banned": false, "is_moderated": false, "name_readable": "Oscar", "post_count": 0, "source_profile_id": 304781, "source_type": "profile", "image": {"picURL": "https://static1.personality-database.com/profile_images/4d51917481bd47e9a7d7971df888823c.png"}, "join_to_post": false, "can_pin": false}, {"description": "", "follow_count": 0, "id": 237061, "is_following": false, "is_join_pending": false, "is_banned": false, "is_moderated": false, "name_readable": "Emma's Mother", "post_count": 0, "source_profile_id": 308273, "source_type": "profile", "image": {"picURL": "https://static1.personality-database.com/profile_images/3aca738c5fe746e5a6d2abbfa95197e9.png"}, "join_to_post": false, "can_pin": false}, {"description": "", "follow_count": 0, "id": 242904, "is_following": false, "is_join_pending": false, "is_banned": false, "is_moderated": false, "name_readable": "Farah", "post_count": 0, "source_profile_id": 315838, "source_type": "profile", "image": {"picURL": "https://static1.personality-database.com/profile_images/a7cfea9df18c4ada84c9689b24827fe6.png"}, "join_to_post": false, "can_pin": false}, {"description": "Elios's mother is a pretty woman with long curly white hair, lime eyes, and pale skin. She has a pink ribbon that ties her hair for work. Her figure makes young Emma thought that she looks like an angel. She was a loving mother to Elios and raised him by herself.", "follow_count": 0, "id": 328786, "is_following": false, "is_join_pending": false, "is_banned": false, "is_moderated": false, "name_readable": "Elios's Mother", "post_count": 0, "source_profile_id": 474710, "source_type": "profile", "image": {"picURL": "https://static1.personality-database.com/profile_images/807c8772786240d1acb3d984c0b30e04.png"}, "join_to_post": false, "can_pin": false}], "subcategory": "My Deepest Secret", "topic_image_url": "https://static1.personality-database.com/profile_images/0ca3bbd38bf245ab9287409a6edebc70.png", "source_location": {"cid": 26, "pid": 2, "sub_cat_id": 7681}, "can_post_image": false, "can_post_audio": false, "posts": {"posts": [{"username": "bellad0nna_", "user_pic_path": "https://static1.personality-database.com/user_avatars/897821/012440ac-bd85-4067-a1ae-d9c90f687bdc.jpeg", "user_personality_type": "INFJ-4w5-458", "is_mod": false, "comment_count": 0, "reply_count": 0, "vote_type": 0, "topics_list": [{"id": 81131, "name_readable": "Elios (Season 1-2)"}], "id": 1159366, "post_id": 1159366, "user_id": 897821, "title": "", "content": "who even is this and why do i share my mbti, tritype and enneagram with them??", "create_date": 1660494285000, "unix_timestamp": 1660494285000, "update_date": 1660494285000, "vote_count": 0, "vote_count_down": 0, "is_reported": 0, "is_hidden": false, "is_pinned": false, "is_watching": false, "is_pro_user": false, "images": null, "audios": null, "function_list": [], "type": "post"}]}}}}