{"id": 102529, "mbti_profile": "Yui Hirahara", "profile_name_searchable": "yuihirahara", "allow_commenting": true, "allow_voting": true, "user_id": 0, "contributor": "the nameless", "contributor_create_date": "2020-02-29 05:08:11", "contributor_pic_path": "https://www.personality-database.com/images/profile_transparent.png", "display_order": 0, "edit_lock": 0, "edit_lock_picture": 0, "is_active": true, "is_approved": true, "mbti_enneagram_type": "ENFJ 3w2", "mbti_type": "ENFJ 3w2", "pdb_comment_access": true, "pdb_page_owner": 0, "pdb_public_access": true, "wiki_description": "", "watch_count": 12, "comment_count": 30, "vote_count": 91, "vote_count_enneagram": 31, "vote_count_mbti": 91, "total_vote_counts": 156, "personality_type": "ENFJ - 3w2 - so/sp - 386 - EIE - SCOEI - VLFE - Phlegmatic-Choleric", "type_updated_date": "2021-05-30 15:14:11", "enneagram_vote": "", "enneagram_vote_id": 0, "mbti_vote": "", "mbti_vote_id": 0, "is_watching": false, "image_exists": false, "profile_image_url": "https://static1.personality-database.com/profile_images/69ee353708e746eca3b436878e24eadf.png", "profile_image_credit": "", "profile_image_credit_id": 385976, "profile_image_credit_type": "0", "profile_image_credit_url": "", "alt_subcategory": "", "related_subcategories": "", "cat_id": 26, "category": "Web Comics", "category_is_fictional": true, "sub_cat_id": 3804, "subcategory": "I Love Yoo", "subcat_link_info": {"sub_cat_id": 3804, "cat_id": 26, "property_id": 2, "subcategory": "I Love Yoo"}, "related_subcat_link_info": null, "related_profiles": [{"id": 37556, "mbti_profile": "Shin-Ae Yoo", "subcategory": "I Love Yoo", "profile_image_url": "https://static1.personality-database.com/profile_images/11a07e66b7c74cb087b80ef106d12ea2.png", "profile_name": "Shin-Ae Yoo", "profile_subcat": "I Love Yoo", "sub_cat_id": 3804, "cat_id": 26, "property_id": 2, "mbti": "ISTP", "enneatype": "9w8"}, {"id": 37557, "mbti_profile": "Nolan Oliver \"Yeong-gi\" Lochlainn", "subcategory": "I Love Yoo", "profile_image_url": "https://static1.personality-database.com/profile_images/a2e7e400dfac43c99d8e5b88396e87f5.png", "profile_name": "Nolan Oliver \"Yeong-gi\" Lochlainn", "profile_subcat": "I Love Yoo", "sub_cat_id": 3804, "cat_id": 26, "property_id": 2, "mbti": "ENFJ", "enneatype": "2w3"}, {"id": 37558, "mbti_profile": "Kousuke Hirahara", "subcategory": "I Love Yoo", "profile_image_url": "https://static1.personality-database.com/profile_images/37b5894b240040498af7bd2c39666b40.png", "profile_name": "Kousuke Hirahara", "profile_subcat": "I Love Yoo", "sub_cat_id": 3804, "cat_id": 26, "property_id": 2, "mbti": "ISTJ", "enneatype": "3w4"}, {"id": 37559, "mbti_profile": "Dieter Becker-Wulff", "subcategory": "I Love Yoo", "profile_image_url": "https://static1.personality-database.com/profile_images/016e5b15b3d74dd8b9ea0ef6e2a463e4.png", "profile_name": "Dieter Becker-Wulff", "profile_subcat": "I Love Yoo", "sub_cat_id": 3804, "cat_id": 26, "property_id": 2, "mbti": "ISFJ", "enneatype": "9w1"}, {"id": 68913, "mbti_profile": "Min-hyuk Park", "subcategory": "I Love Yoo", "profile_image_url": "https://static1.personality-database.com/profile_images/f3e5ea8ad8bf426d93484e4105989bc0.png", "profile_name": "Min-hyuk Park", "profile_subcat": "I Love Yoo", "sub_cat_id": 3804, "cat_id": 26, "property_id": 2, "mbti": "ENTP", "enneatype": "6w7"}, {"id": 53883, "mbti_profile": "Sang-Chul Kim", "subcategory": "I Love Yoo", "profile_image_url": "https://static1.personality-database.com/profile_images/6ca8c089c411472382e501f74eb18576.png", "profile_name": "Sang-Chul Kim", "profile_subcat": "I Love Yoo", "sub_cat_id": 3804, "cat_id": 26, "property_id": 2, "mbti": "ESFP", "enneatype": "3w4"}, {"id": 64907, "mbti_profile": "Hansuke Shishido", "subcategory": "I Love Yoo", "profile_image_url": "https://static1.personality-database.com/profile_images/f5e0dbba40c345ec9251aa2ac5d0b4cb.png", "profile_name": "Hansuke Shishido", "profile_subcat": "I Love Yoo", "sub_cat_id": 3804, "cat_id": 26, "property_id": 2, "mbti": "ENTP", "enneatype": "7w6"}, {"id": 100482, "mbti_profile": "Yu Jing", "subcategory": "I Love Yoo", "profile_image_url": "https://static1.personality-database.com/profile_images/08e9598d7d074065abb6efa9d7f01212.png", "profile_name": "Yu Jing", "profile_subcat": "I Love Yoo", "sub_cat_id": 3804, "cat_id": 26, "property_id": 2, "mbti": "INTJ", "enneatype": "1w9"}], "functions": ["Fe", "Ni", "Se", "Ti"], "systems": [{"hex_color": "#888888", "id": 1, "personality_type": "XXXX", "personality_type_id": 0, "system_name": "Four Letter", "system_vote_count": 89, "user_vote_type_id": 0, "vote_id": 0}, {"hex_color": "#006775", "id": 2, "personality_type": "XXXX", "personality_type_id": 0, "system_name": "Enneagram", "system_vote_count": 29, "user_vote_type_id": 0, "vote_id": 0}, {"hex_color": "#006775", "id": 5, "personality_type": "XXXX", "personality_type_id": 0, "system_name": "Instinctual Variant", "system_vote_count": 12, "user_vote_type_id": 0, "vote_id": 0}, {"hex_color": "#006775", "id": 6, "personality_type": "XXXX", "personality_type_id": 0, "system_name": "Tritype", "system_vote_count": 5, "user_vote_type_id": 0, "vote_id": 0}, {"hex_color": "#888888", "id": 3, "personality_type": "XXXX", "personality_type_id": 0, "system_name": "Socionics", "system_vote_count": 6, "user_vote_type_id": 0, "vote_id": 0}, {"hex_color": "#888888", "id": 9, "personality_type": "XXXX", "personality_type_id": 0, "system_name": "Big 5 (SLOAN)", "system_vote_count": 4, "user_vote_type_id": 0, "vote_id": 0}, {"hex_color": "#888888", "id": 8, "personality_type": "XXXX", "personality_type_id": 0, "system_name": "Attitudinal Psyche", "system_vote_count": 2, "user_vote_type_id": 0, "vote_id": 0}, {"hex_color": "#888888", "id": 7, "personality_type": "XXXX", "personality_type_id": 0, "system_name": "Temperaments", "system_vote_count": 7, "user_vote_type_id": 0, "vote_id": 0}, {"hex_color": "#888888", "id": 11, "personality_type": "XXXX", "personality_type_id": 0, "system_name": "Classic Jungian", "system_vote_count": 0, "user_vote_type_id": 0, "vote_id": 0}], "breakdown_systems": {"1": [{"myValue": "ENFJ", "personality_system_id": 1, "personality_type": "ENFJ", "theCount": 54}, {"myValue": "ENTJ", "personality_system_id": 1, "personality_type": "ENTJ", "theCount": 30}, {"myValue": "ENTP", "personality_system_id": 1, "personality_type": "ENTP", "theCount": 4}, {"myValue": "ESTJ", "personality_system_id": 1, "personality_type": "ESTJ", "theCount": 1}], "11": [{"myValue": "XXXX", "personality_system_id": 0, "personality_type": "XXXX", "theCount": 0}], "2": [{"myValue": "3w2", "personality_system_id": 2, "personality_type": "3w2", "theCount": 25}, {"myValue": "2w3", "personality_system_id": 2, "personality_type": "2w3", "theCount": 2}, {"myValue": "7w8", "personality_system_id": 2, "personality_type": "7w8", "theCount": 1}, {"myValue": "8w9", "personality_system_id": 2, "personality_type": "8w9", "theCount": 1}], "3": [{"myValue": "EIE", "personality_system_id": 3, "personality_type": "EIE", "theCount": 6}], "4": [{"myValue": "Neutral Evil", "personality_system_id": 4, "personality_type": "Neutral Evil", "theCount": 2}], "5": [{"myValue": "so/sp", "personality_system_id": 5, "personality_type": "so/sp", "theCount": 9}, {"myValue": "sp/so", "personality_system_id": 5, "personality_type": "sp/so", "theCount": 2}, {"myValue": "sx/so", "personality_system_id": 5, "personality_type": "sx/so", "theCount": 1}], "6": [{"myValue": "386", "personality_system_id": 6, "personality_type": "386", "theCount": 4}, {"myValue": "216", "personality_system_id": 6, "personality_type": "216", "theCount": 1}], "7": [{"myValue": "Phlegmatic-Choleric", "personality_system_id": 7, "personality_type": "Phlegmatic-Choleric", "theCount": 5}, {"myValue": "Choleric-Phlegmatic", "personality_system_id": 7, "personality_type": "Choleric-Phlegmatic", "theCount": 1}, {"myValue": "Phlegmatic [Dominant]", "personality_system_id": 7, "personality_type": "Phlegmatic [Dominant]", "theCount": 1}], "8": [{"myValue": "VLFE", "personality_system_id": 8, "personality_type": "VLFE", "theCount": 2}], "9": [{"myValue": "SCOEI", "personality_system_id": 9, "personality_type": "SCOEI", "theCount": 3}, {"myValue": "RLUAI", "personality_system_id": 9, "personality_type": "RLUAI", "theCount": 1}]}, "breakdown_config": {"expand": {"1": 3, "11": 1, "2": 3, "3": 1, "4": 1, "5": 1, "6": 1, "7": 1, "8": 1, "9": 1}, "fire": {"1": 1, "11": 0, "2": 0, "3": 0, "4": 0, "5": 0, "6": 0, "7": 0, "8": 0, "9": 0}}, "mbti_letter_stats": [{"type": "E", "percentage": "100%", "PercentageFloat": 1}, {"type": "N", "percentage": "99%", "PercentageFloat": 0.9887640449438202}, {"type": "F", "percentage": "61%", "PercentageFloat": 0.6067415730337079}, {"type": "J", "percentage": "96%", "PercentageFloat": 0.9550561797752809}], "topic_info": {"can_generate": false, "topic": {"description": "", "follow_count": 0, "id": 81677, "is_following": false, "is_join_pending": false, "is_banned": false, "is_moderated": false, "name_readable": "Yui Hirahara", "post_count": 1, "source_profile_id": 102529, "source_type": "profile", "join_to_post": false, "can_pin": false, "related_topics": [{"description": "", "follow_count": 4, "id": 33570, "is_following": false, "is_join_pending": false, "is_banned": false, "is_moderated": false, "name_readable": "Nolan Oliver \"Yeong-gi\" Lochlainn", "post_count": 8, "source_profile_id": 37557, "source_type": "profile", "image": {"picURL": "https://static1.personality-database.com/profile_images/a2e7e400dfac43c99d8e5b88396e87f5.png"}, "join_to_post": false, "can_pin": false}, {"description": "", "follow_count": 0, "id": 33569, "is_following": false, "is_join_pending": false, "is_banned": false, "is_moderated": false, "name_readable": "Shin-Ae Yoo", "post_count": 6, "source_profile_id": 37556, "source_type": "profile", "image": {"picURL": "https://static1.personality-database.com/profile_images/11a07e66b7c74cb087b80ef106d12ea2.png"}, "join_to_post": false, "can_pin": false}, {"description": "", "follow_count": 0, "id": 33571, "is_following": false, "is_join_pending": false, "is_banned": false, "is_moderated": false, "name_readable": "Kousuke Hirahara", "post_count": 1, "source_profile_id": 37558, "source_type": "profile", "image": {"picURL": "https://static1.personality-database.com/profile_images/37b5894b240040498af7bd2c39666b40.png"}, "join_to_post": false, "can_pin": false}, {"description": "", "follow_count": 0, "id": 81677, "is_following": false, "is_join_pending": false, "is_banned": false, "is_moderated": false, "name_readable": "Yui Hirahara", "post_count": 1, "source_profile_id": 102529, "source_type": "profile", "image": {"picURL": "https://static1.personality-database.com/profile_images/69ee353708e746eca3b436878e24eadf.png"}, "join_to_post": false, "can_pin": false}, {"description": "", "follow_count": 0, "id": 148604, "is_following": false, "is_join_pending": false, "is_banned": false, "is_moderated": false, "name_readable": "Sim Han Yoo", "post_count": 0, "source_profile_id": 192517, "source_type": "profile", "image": {"picURL": "https://static1.personality-database.com/profile_images/04b09a6143b14826bfa174dcf9fbf33c.png"}, "join_to_post": false, "can_pin": false}, {"description": "", "follow_count": 0, "id": 90321, "is_following": false, "is_join_pending": false, "is_banned": false, "is_moderated": false, "name_readable": "Eleanor \u201cNora\u201d Lochlainn (Nana)", "post_count": 0, "source_profile_id": 113876, "source_type": "profile", "image": {"picURL": "https://static1.personality-database.com/profile_images/4e20235d508b46239a9bcd1cbb1dd084.png"}, "join_to_post": false, "can_pin": false}, {"description": "", "follow_count": 0, "id": 81678, "is_following": false, "is_join_pending": false, "is_banned": false, "is_moderated": false, "name_readable": "Rika Lau", "post_count": 0, "source_profile_id": 102530, "source_type": "profile", "image": {"picURL": "https://static1.personality-database.com/profile_images/4c1b89b1f31f4d958bb1dca2aaab6f01.png"}, "join_to_post": false, "can_pin": false}, {"description": "", "follow_count": 0, "id": 79946, "is_following": false, "is_join_pending": false, "is_banned": false, "is_moderated": false, "name_readable": "Shin-Hye Yoo", "post_count": 0, "source_profile_id": 99816, "source_type": "profile", "image": {"picURL": "https://static1.personality-database.com/profile_images/db5bf0fde781412d893d12cf5fa4973c.png"}, "join_to_post": false, "can_pin": false}, {"description": "", "follow_count": 0, "id": 81676, "is_following": false, "is_join_pending": false, "is_banned": false, "is_moderated": false, "name_readable": "Megan Cho", "post_count": 0, "source_profile_id": 102527, "source_type": "profile", "image": {"picURL": "https://static1.personality-database.com/profile_images/e7edd488281b4c6d80fdd27af5620353.png"}, "join_to_post": false, "can_pin": false}, {"description": "", "follow_count": 0, "id": 81673, "is_following": false, "is_join_pending": false, "is_banned": false, "is_moderated": false, "name_readable": "Randulph Skuli Hirahara", "post_count": 0, "source_profile_id": 102524, "source_type": "profile", "image": {"picURL": "https://static1.personality-database.com/profile_images/09f2b013585440ed8f4f5e7548378d78.png"}, "join_to_post": false, "can_pin": false}, {"description": "", "follow_count": 0, "id": 81675, "is_following": false, "is_join_pending": false, "is_banned": false, "is_moderated": false, "name_readable": "Alyssa Cho", "post_count": 0, "source_profile_id": 102526, "source_type": "profile", "image": {"picURL": "https://static1.personality-database.com/profile_images/aac4897318644c498831d0da18b69b25.png"}, "join_to_post": false, "can_pin": false}, {"description": "", "follow_count": 0, "id": 54780, "is_following": false, "is_join_pending": false, "is_banned": false, "is_moderated": false, "name_readable": "Maya Park", "post_count": 0, "source_profile_id": 65720, "source_type": "profile", "image": {"picURL": "https://static1.personality-database.com/profile_images/2f6288a42eca4017af808580eb5c86f6.png"}, "join_to_post": false, "can_pin": false}, {"description": "", "follow_count": 0, "id": 33573, "is_following": false, "is_join_pending": false, "is_banned": false, "is_moderated": false, "name_readable": "Soushi Toyoshima", "post_count": 0, "source_profile_id": 37560, "source_type": "profile", "image": {"picURL": "https://static1.personality-database.com/profile_images/77510e226bf847d1b05309a1ca9c7ceb.png"}, "join_to_post": false, "can_pin": false}, {"description": "", "follow_count": 0, "id": 45962, "is_following": false, "is_join_pending": false, "is_banned": false, "is_moderated": false, "name_readable": "Sang-Chul Kim", "post_count": 0, "source_profile_id": 53883, "source_type": "profile", "image": {"picURL": "https://static1.personality-database.com/profile_images/6ca8c089c411472382e501f74eb18576.png"}, "join_to_post": false, "can_pin": false}, {"description": "", "follow_count": 0, "id": 56615, "is_following": false, "is_join_pending": false, "is_banned": false, "is_moderated": false, "name_readable": "Min-hyuk Park", "post_count": 0, "source_profile_id": 68913, "source_type": "profile", "image": {"picURL": "https://static1.personality-database.com/profile_images/f3e5ea8ad8bf426d93484e4105989bc0.png"}, "join_to_post": false, "can_pin": false}, {"description": "", "follow_count": 0, "id": 54081, "is_following": false, "is_join_pending": false, "is_banned": false, "is_moderated": false, "name_readable": "Hansuke Shishido", "post_count": 0, "source_profile_id": 64907, "source_type": "profile", "image": {"picURL": "https://static1.personality-database.com/profile_images/f5e0dbba40c345ec9251aa2ac5d0b4cb.png"}, "join_to_post": false, "can_pin": false}], "subcategory": "I Love Yoo", "topic_image_url": "https://static1.personality-database.com/profile_images/69ee353708e746eca3b436878e24eadf.png", "source_location": {"cid": 26, "pid": 2, "sub_cat_id": 3804}, "can_post_image": false, "can_post_audio": false, "posts": {"posts": [{"username": "-DyingSawako-", "user_pic_path": "https://static1.personality-database.com/user_avatars/298426/a1edbe73-bbab-4eaa-9648-dcf2522738e0_small.jpeg", "user_personality_type": "ISFJ-9w8-936", "is_mod": false, "comment_count": 0, "reply_count": 0, "vote_type": 0, "topics_list": [{"id": 81677, "name_readable": "Yui Hirahara"}], "id": 1520326, "post_id": 1520326, "user_id": 298426, "title": "", "content": "This women pisses me off on a whole other level.", "create_date": 1665695373000, "unix_timestamp": 1665695373000, "update_date": 1665695373000, "vote_count": 2, "vote_count_down": 0, "is_reported": 0, "is_hidden": false, "is_pinned": false, "is_watching": false, "is_pro_user": false, "images": null, "audios": null, "function_list": [], "type": "post"}]}}}}