{"id": 103100, "mbti_profile": "Lee Hoon \"Hooni\"", "profile_name_searchable": "leehoon\"hooni\"", "allow_commenting": true, "allow_voting": true, "user_id": 22188, "contributor": "witchlys", "contributor_create_date": "2020-03-03 01:40:34", "contributor_pic_path": "https://lh3.googleusercontent.com/a-/AOh14Ghq7a-qErzPNzXd3HqgaTQDfwXARkSUa8WhzfAd9Q=s96-c", "display_order": 1000, "edit_lock": 0, "edit_lock_picture": 0, "is_active": true, "is_approved": true, "mbti_enneagram_type": "INFP 4w5", "mbti_type": "INFP 4w5", "pdb_comment_access": true, "pdb_page_owner": 0, "pdb_public_access": true, "wiki_description": "", "watch_count": 1265, "comment_count": 73, "vote_count": 285, "vote_count_enneagram": 164, "vote_count_mbti": 285, "total_vote_counts": 744, "personality_type": "INFP - 4w5 - sp/sx - 469 - IEI - RLUAI - ELVF - Melancholic [Dominant] - IF(N)", "type_updated_date": "2023-01-02 16:47:05", "enneagram_vote": "", "enneagram_vote_id": 0, "mbti_vote": "", "mbti_vote_id": 0, "is_watching": false, "image_exists": false, "profile_image_url": "https://static1.personality-database.com/profile_images/1b8e3a87596e48689f5300243c457b8e.png", "profile_image_credit": "", "profile_image_credit_id": 355796, "profile_image_credit_type": "0", "profile_image_credit_url": "", "alt_subcategory": "", "related_subcategories": "", "cat_id": 26, "category": "Web Comics", "category_is_fictional": true, "sub_cat_id": 7739, "subcategory": "Suicide Boy", "subcat_link_info": {"sub_cat_id": 7739, "cat_id": 26, "property_id": 2, "subcategory": "Suicide Boy"}, "related_subcat_link_info": null, "related_profiles": [{"id": 194322, "mbti_profile": "Jung Sana", "subcategory": "Suicide Boy", "profile_image_url": "https://static1.personality-database.com/profile_images/6d1f2a7edba84208984d5b738534db48.png", "profile_name": "Jung Sana", "profile_subcat": "Suicide Boy", "sub_cat_id": 7739, "cat_id": 26, "property_id": 2, "mbti": "ENTP", "enneatype": "3w4"}, {"id": 103101, "mbti_profile": "Jung Soorim", "subcategory": "Suicide Boy", "profile_image_url": "https://static1.personality-database.com/profile_images/1d21c3b5a48e44b7aca0dcddf5c0d9e3.png", "profile_name": "Jung Soorim", "profile_subcat": "Suicide Boy", "sub_cat_id": 7739, "cat_id": 26, "property_id": 2, "mbti": "ESFP", "enneatype": "7w6"}, {"id": 103109, "mbti_profile": "Kim Jaehoon", "subcategory": "Suicide Boy", "profile_image_url": "https://static1.personality-database.com/profile_images/9346e368bd6648cf8f9be39290a07980.png", "profile_name": "Kim Jaehoon", "profile_subcat": "Suicide Boy", "sub_cat_id": 7739, "cat_id": 26, "property_id": 2, "mbti": "ISTJ", "enneatype": "1w9"}, {"id": 193949, "mbti_profile": "Jung Harim", "subcategory": "Suicide Boy", "profile_image_url": "https://static1.personality-database.com/profile_images/fb324ae07bea40b385f68461df03a2d1.png", "profile_name": "Jung Harim", "profile_subcat": "Suicide Boy", "sub_cat_id": 7739, "cat_id": 26, "property_id": 2, "mbti": "ESTP", "enneatype": "8w7"}, {"id": 488943, "mbti_profile": "\u2764\ufe0fmeow\u2764\ufe0f", "subcategory": "Suicide Boy", "profile_image_url": "https://static1.personality-database.com/profile_images/86d6947d7dd64fa1abe1f36d8858f942.png", "profile_name": "\u2764\ufe0fmeow\u2764\ufe0f", "profile_subcat": "Suicide Boy", "sub_cat_id": 7739, "cat_id": 26, "property_id": 2, "mbti": "ESFJ", "enneatype": ""}, {"id": 358422, "mbti_profile": "Heemin", "subcategory": "Suicide Boy", "profile_image_url": "https://static1.personality-database.com/profile_images/a2b6e88719e54fbaa0e2a3eb4f10fef4.png", "profile_name": "Heemin", "profile_subcat": "Suicide Boy", "sub_cat_id": 7739, "cat_id": 26, "property_id": 2, "mbti": "INFJ", "enneatype": "6w5"}, {"id": 194319, "mbti_profile": "Park Jungsu", "subcategory": "Suicide Boy", "profile_image_url": "https://static1.personality-database.com/profile_images/9a1b004f66e54c28a42ff88fac1ebf0f.png", "profile_name": "Park Jungsu", "profile_subcat": "Suicide Boy", "sub_cat_id": 7739, "cat_id": 26, "property_id": 2, "mbti": "INTJ", "enneatype": "3w4"}, {"id": 194332, "mbti_profile": "Jung Minhyuk", "subcategory": "Suicide Boy", "profile_image_url": "https://static1.personality-database.com/profile_images/21f07522c7cf4781b95557e0331c8966.png", "profile_name": "Jung Minhyuk", "profile_subcat": "Suicide Boy", "sub_cat_id": 7739, "cat_id": 26, "property_id": 2, "mbti": "ESFP", "enneatype": "9w8"}], "functions": ["Fi", "Ne", "Si", "Te"], "systems": [{"hex_color": "#888888", "id": 1, "personality_type": "XXXX", "personality_type_id": 0, "system_name": "Four Letter", "system_vote_count": 272, "user_vote_type_id": 0, "vote_id": 0}, {"hex_color": "#006775", "id": 2, "personality_type": "XXXX", "personality_type_id": 0, "system_name": "Enneagram", "system_vote_count": 159, "user_vote_type_id": 0, "vote_id": 0}, {"hex_color": "#006775", "id": 5, "personality_type": "XXXX", "personality_type_id": 0, "system_name": "Instinctual Variant", "system_vote_count": 68, "user_vote_type_id": 0, "vote_id": 0}, {"hex_color": "#006775", "id": 6, "personality_type": "XXXX", "personality_type_id": 0, "system_name": "Tritype", "system_vote_count": 52, "user_vote_type_id": 0, "vote_id": 0}, {"hex_color": "#888888", "id": 3, "personality_type": "XXXX", "personality_type_id": 0, "system_name": "Socionics", "system_vote_count": 27, "user_vote_type_id": 0, "vote_id": 0}, {"hex_color": "#888888", "id": 9, "personality_type": "XXXX", "personality_type_id": 0, "system_name": "Big 5 (SLOAN)", "system_vote_count": 29, "user_vote_type_id": 0, "vote_id": 0}, {"hex_color": "#888888", "id": 8, "personality_type": "XXXX", "personality_type_id": 0, "system_name": "Attitudinal Psyche", "system_vote_count": 16, "user_vote_type_id": 0, "vote_id": 0}, {"hex_color": "#888888", "id": 7, "personality_type": "XXXX", "personality_type_id": 0, "system_name": "Temperaments", "system_vote_count": 96, "user_vote_type_id": 0, "vote_id": 0}, {"hex_color": "#888888", "id": 11, "personality_type": "XXXX", "personality_type_id": 0, "system_name": "Classic Jungian", "system_vote_count": 2, "user_vote_type_id": 0, "vote_id": 0}], "breakdown_systems": {"1": [{"myValue": "INFP", "personality_system_id": 1, "personality_type": "INFP", "theCount": 257}, {"myValue": "INTP", "personality_system_id": 1, "personality_type": "INTP", "theCount": 8}, {"myValue": "ESTJ", "personality_system_id": 1, "personality_type": "ESTJ", "theCount": 4}, {"myValue": "INFJ", "personality_system_id": 1, "personality_type": "INFJ", "theCount": 2}, {"myValue": "ISFP", "personality_system_id": 1, "personality_type": "ISFP", "theCount": 1}], "10": [{"myValue": "Right-brained Introvert", "personality_system_id": 10, "personality_type": "Right-brained Introvert", "theCount": 2}], "11": [{"myValue": "IF(N)", "personality_system_id": 11, "personality_type": "IF(N)", "theCount": 1}, {"myValue": "IF(S)", "personality_system_id": 11, "personality_type": "IF(S)", "theCount": 1}], "2": [{"myValue": "4w5", "personality_system_id": 2, "personality_type": "4w5", "theCount": 147}, {"myValue": "9w1", "personality_system_id": 2, "personality_type": "9w1", "theCount": 9}, {"myValue": "6w5", "personality_system_id": 2, "personality_type": "6w5", "theCount": 2}, {"myValue": "4w3", "personality_system_id": 2, "personality_type": "4w3", "theCount": 1}], "3": [{"myValue": "IEI", "personality_system_id": 3, "personality_type": "IEI", "theCount": 24}, {"myValue": "EIE", "personality_system_id": 3, "personality_type": "EIE", "theCount": 2}, {"myValue": "EII", "personality_system_id": 3, "personality_type": "EII", "theCount": 1}], "4": [{"myValue": "True Neutral", "personality_system_id": 4, "personality_type": "True Neutral", "theCount": 14}, {"myValue": "Lawful Neutral", "personality_system_id": 4, "personality_type": "Lawful Neutral", "theCount": 4}, {"myValue": "Chaotic Neutral", "personality_system_id": 4, "personality_type": "Chaotic Neutral", "theCount": 3}], "5": [{"myValue": "sp/sx", "personality_system_id": 5, "personality_type": "sp/sx", "theCount": 29}, {"myValue": "so/sp", "personality_system_id": 5, "personality_type": "so/sp", "theCount": 25}, {"myValue": "sp/so", "personality_system_id": 5, "personality_type": "sp/so", "theCount": 9}, {"myValue": "so/sx", "personality_system_id": 5, "personality_type": "so/sx", "theCount": 4}, {"myValue": "sx/sp", "personality_system_id": 5, "personality_type": "sx/sp", "theCount": 1}], "6": [{"myValue": "469", "personality_system_id": 6, "personality_type": "469", "theCount": 43}, {"myValue": "496", "personality_system_id": 6, "personality_type": "496", "theCount": 2}, {"myValue": "135", "personality_system_id": 6, "personality_type": "135", "theCount": 1}, {"myValue": "369", "personality_system_id": 6, "personality_type": "369", "theCount": 1}, {"myValue": "451", "personality_system_id": 6, "personality_type": "451", "theCount": 1}, {"myValue": "459", "personality_system_id": 6, "personality_type": "459", "theCount": 1}, {"myValue": "497", "personality_system_id": 6, "personality_type": "497", "theCount": 1}, {"myValue": "946", "personality_system_id": 6, "personality_type": "946", "theCount": 1}, {"myValue": "964", "personality_system_id": 6, "personality_type": "964", "theCount": 1}], "7": [{"myValue": "Melancholic [Dominant]", "personality_system_id": 7, "personality_type": "Melancholic [Dominant]", "theCount": 48}, {"myValue": "Phlegmatic-Melancholic", "personality_system_id": 7, "personality_type": "Phlegmatic-Melancholic", "theCount": 43}, {"myValue": "Melancholic-Phlegmatic", "personality_system_id": 7, "personality_type": "Melancholic-Phlegmatic", "theCount": 4}, {"myValue": "Melancholic-Choleric", "personality_system_id": 7, "personality_type": "Melancholic-Choleric", "theCount": 1}], "8": [{"myValue": "ELVF", "personality_system_id": 8, "personality_type": "ELVF", "theCount": 11}, {"myValue": "EFVL", "personality_system_id": 8, "personality_type": "EFVL", "theCount": 4}, {"myValue": "FEVL", "personality_system_id": 8, "personality_type": "FEVL", "theCount": 1}], "9": [{"myValue": "RLUAI", "personality_system_id": 9, "personality_type": "RLUAI", "theCount": 21}, {"myValue": "RLUAN", "personality_system_id": 9, "personality_type": "RLUAN", "theCount": 6}, {"myValue": "RLOAI", "personality_system_id": 9, "personality_type": "RLOAI", "theCount": 1}, {"myValue": "RLUEI", "personality_system_id": 9, "personality_type": "RLUEI", "theCount": 1}]}, "breakdown_config": {"expand": {"1": 3, "10": 1, "11": 1, "2": 3, "3": 1, "4": 1, "5": 2, "6": 1, "7": 2, "8": 1, "9": 1}, "fire": {"1": 0, "10": 0, "11": 0, "2": 0, "3": 0, "4": 0, "5": 1, "6": 0, "7": 1, "8": 0, "9": 0}}, "mbti_letter_stats": [{"type": "I", "percentage": "99%", "PercentageFloat": 0.9852941176470589}, {"type": "N", "percentage": "98%", "PercentageFloat": 0.9816176470588235}, {"type": "F", "percentage": "96%", "PercentageFloat": 0.9558823529411765}, {"type": "P", "percentage": "98%", "PercentageFloat": 0.9779411764705882}], "topic_info": {"can_generate": false, "topic": {"description": "", "follow_count": 7, "id": 82129, "is_following": false, "is_join_pending": false, "is_banned": false, "is_moderated": false, "name_readable": "Lee Hoon \"Hooni\"", "post_count": 15, "source_profile_id": 103100, "source_type": "profile", "join_to_post": false, "can_pin": false, "related_topics": [{"description": "", "follow_count": 7, "id": 82129, "is_following": false, "is_join_pending": false, "is_banned": false, "is_moderated": false, "name_readable": "Lee Hoon \"Hooni\"", "post_count": 15, "source_profile_id": 103100, "source_type": "profile", "image": {"picURL": "https://static1.personality-database.com/profile_images/1b8e3a87596e48689f5300243c457b8e.png"}, "join_to_post": false, "can_pin": false}, {"description": "", "follow_count": 0, "id": 149673, "is_following": false, "is_join_pending": false, "is_banned": false, "is_moderated": false, "name_readable": "Jung Harim", "post_count": 1, "source_profile_id": 193949, "source_type": "profile", "image": {"picURL": "https://static1.personality-database.com/profile_images/fb324ae07bea40b385f68461df03a2d1.png"}, "join_to_post": false, "can_pin": false}, {"description": "", "follow_count": 0, "id": 275684, "is_following": false, "is_join_pending": false, "is_banned": false, "is_moderated": false, "name_readable": "Heemin", "post_count": 1, "source_profile_id": 358422, "source_type": "profile", "image": {"picURL": "https://static1.personality-database.com/profile_images/a2b6e88719e54fbaa0e2a3eb4f10fef4.png"}, "join_to_post": false, "can_pin": false}, {"description": "", "follow_count": 0, "id": 82130, "is_following": false, "is_join_pending": false, "is_banned": false, "is_moderated": false, "name_readable": "Jung Soorim", "post_count": 0, "source_profile_id": 103101, "source_type": "profile", "image": {"picURL": "https://static1.personality-database.com/profile_images/1d21c3b5a48e44b7aca0dcddf5c0d9e3.png"}, "join_to_post": false, "can_pin": false}, {"description": "", "follow_count": 0, "id": 82136, "is_following": false, "is_join_pending": false, "is_banned": false, "is_moderated": false, "name_readable": "Kim Jaehoon", "post_count": 0, "source_profile_id": 103109, "source_type": "profile", "image": {"picURL": "https://static1.personality-database.com/profile_images/9346e368bd6648cf8f9be39290a07980.png"}, "join_to_post": false, "can_pin": false}, {"description": "", "follow_count": 0, "id": 149955, "is_following": false, "is_join_pending": false, "is_banned": false, "is_moderated": false, "name_readable": "Park Jungsu", "post_count": 0, "source_profile_id": 194319, "source_type": "profile", "image": {"picURL": "https://static1.personality-database.com/profile_images/9a1b004f66e54c28a42ff88fac1ebf0f.png"}, "join_to_post": false, "can_pin": false}, {"description": "", "follow_count": 0, "id": 149957, "is_following": false, "is_join_pending": false, "is_banned": false, "is_moderated": false, "name_readable": "Jung Sana", "post_count": 0, "source_profile_id": 194322, "source_type": "profile", "image": {"picURL": "https://static1.personality-database.com/profile_images/6d1f2a7edba84208984d5b738534db48.png"}, "join_to_post": false, "can_pin": false}, {"description": "", "follow_count": 0, "id": 149963, "is_following": false, "is_join_pending": false, "is_banned": false, "is_moderated": false, "name_readable": "Jung Minhyuk", "post_count": 0, "source_profile_id": 194332, "source_type": "profile", "image": {"picURL": "https://static1.personality-database.com/profile_images/21f07522c7cf4781b95557e0331c8966.png"}, "join_to_post": false, "can_pin": false}, {"description": "", "follow_count": 0, "id": 237849, "is_following": false, "is_join_pending": false, "is_banned": false, "is_moderated": false, "name_readable": "Yuhm Hyung-Chul", "post_count": 0, "source_profile_id": 309284, "source_type": "profile", "image": {"picURL": "https://static1.personality-database.com/profile_images/3fc73ceb95704ab2bfcf55a7b7281578.png"}, "join_to_post": false, "can_pin": false}, {"description": "", "follow_count": 0, "id": 237856, "is_following": false, "is_join_pending": false, "is_banned": false, "is_moderated": false, "name_readable": "Jung Cha-Ryuk", "post_count": 0, "source_profile_id": 309291, "source_type": "profile", "image": {"picURL": "https://static1.personality-database.com/profile_images/9753654e19234685aee5110a00de5ce7.png"}, "join_to_post": false, "can_pin": false}], "subcategory": "Suicide Boy", "topic_image_url": "https://static1.personality-database.com/profile_images/1b8e3a87596e48689f5300243c457b8e.png", "source_location": {"cid": 26, "pid": 2, "sub_cat_id": 7739}, "can_post_image": false, "can_post_audio": false, "posts": {"posts": [{"username": "Ale_coffee", "user_pic_path": "https://static1.personality-database.com/user_avatars/908570/90b751bf-b7ef-4916-b433-0c7fc33616db_small.jpeg", "user_personality_type": "INFJ", "is_mod": false, "comment_count": 0, "reply_count": 0, "vote_type": 0, "topics_list": [{"id": 82129, "name_readable": "Lee Hoon \"Hooni\""}], "id": 2110286, "post_id": 2110286, "user_id": 908570, "title": "yo lo sab\u00eda \ud83d\ude40, el me daba muchas vibras INFP", "content": "#", "create_date": 1672898106000, "unix_timestamp": 1672898106000, "update_date": 1672898106000, "vote_count": 0, "vote_count_down": 1, "is_reported": 0, "is_hidden": false, "is_pinned": false, "is_watching": false, "is_pro_user": false, "images": null, "audios": null, "function_list": [], "type": "post"}, {"username": "mellohi", "user_pic_path": "https://lh3.googleusercontent.com/a-/AOh14GgXD2V0Za57Wp2mbAdkaJIO4Gf_u2q1KQq0uhUCAA=s96-c", "user_personality_type": "INFP-6w5-649", "is_mod": false, "comment_count": 0, "reply_count": 0, "vote_type": 0, "topics_list": [{"id": 82129, "name_readable": "Lee Hoon \"Hooni\""}], "id": 2060681, "post_id": 2060681, "user_id": 359256, "title": "", "content": "I actually really like the fact that suicide boy keeps going, even though Hooni is in a better place now mostly, or at the very least is slowly starting to get better. At first I wondered about why it hadn\u2019t stop, before realizing it was because it was about just that, and that it showing him also walking forward a bit and healing was also something to cherish, whether it\u2019s him leaving/slowing down his SH, or him slowly making friends, failing in love etc. I like it :))", "create_date": 1672422397000, "unix_timestamp": 1672422397000, "update_date": 1672422397000, "vote_count": 1, "vote_count_down": 0, "is_reported": 0, "is_hidden": false, "is_pinned": false, "is_watching": false, "is_pro_user": false, "images": null, "audios": null, "function_list": [], "type": "post"}, {"username": "mellohi", "user_pic_path": "https://lh3.googleusercontent.com/a-/AOh14GgXD2V0Za57Wp2mbAdkaJIO4Gf_u2q1KQq0uhUCAA=s96-c", "user_personality_type": "INFP-6w5-649", "is_mod": false, "comment_count": 0, "reply_count": 0, "vote_type": 0, "topics_list": [{"id": 82129, "name_readable": "Lee Hoon \"Hooni\""}], "id": 2060341, "post_id": 2060341, "user_id": 359256, "title": "Sorry editing because I forgot, SPOILERS WATCH OUT until chap. 135-ish", "content": "HOLD ON A MINUTE THE AUTHIR REALLY PULLED UP HOONI SAYING \u00ab\u00a0I THINK I LOVE H\u2014\u00ab\u00a0 WITH HOONI FIRST SAYING THIS THINKING OF HARIM BUT THEN BEFORE HE FINISHED IT CUT TO SOORIM???? IS THIS A LOVE TRIANGLE IM SEEING \ud83d\udc40\ud83d\udc40 didn\u2019t expect it and usually not into love triangles but it actually got me so hyped omg omg\n\nEdit : Ok, actually going on a shipping rant hahah don\u2019t mind me and just ignore this, but I actually don\u2019t think I\u2019m rooting for HARIM on that one. She\u2019s great and I liked her arc but.. it doesn\u2019t feel completely right when Soorim has been there since the beginning, even though.. I\u2019m glad my boy hooni is feeling better h\u00e9h\u00e9", "create_date": 1672420933000, "unix_timestamp": 1672420933000, "update_date": 1672422227000, "vote_count": 2, "vote_count_down": 0, "is_reported": 0, "is_hidden": false, "is_pinned": false, "is_watching": false, "is_pro_user": false, "images": null, "audios": null, "function_list": [], "type": "post"}]}}}}