{"id": 103101, "mbti_profile": "Jung Soorim", "profile_name_searchable": "jungsoorim", "allow_commenting": true, "allow_voting": true, "user_id": 22188, "contributor": "witchlys", "contributor_create_date": "2020-03-03 01:40:34", "contributor_pic_path": "https://lh3.googleusercontent.com/a-/AOh14Ghq7a-qErzPNzXd3HqgaTQDfwXARkSUa8WhzfAd9Q=s96-c", "display_order": 995, "edit_lock": 0, "edit_lock_picture": 0, "is_active": true, "is_approved": true, "mbti_enneagram_type": "ESFP 7w6", "mbti_type": "ESFP 7w6", "pdb_comment_access": true, "pdb_page_owner": 0, "pdb_public_access": true, "wiki_description": "", "watch_count": 95, "comment_count": 8, "vote_count": 99, "vote_count_enneagram": 38, "vote_count_mbti": 99, "total_vote_counts": 183, "personality_type": "ESFP - 7w6 - so/sp - 792 - ESE - SCOAN - EFVL - Sanguine [Dominant]", "type_updated_date": "2021-07-13 10:39:38", "enneagram_vote": "", "enneagram_vote_id": 0, "mbti_vote": "", "mbti_vote_id": 0, "is_watching": false, "image_exists": false, "profile_image_url": "https://static1.personality-database.com/profile_images/1d21c3b5a48e44b7aca0dcddf5c0d9e3.png", "profile_image_credit": "", "profile_image_credit_id": 41898, "profile_image_credit_type": "0", "profile_image_credit_url": "", "alt_subcategory": "", "related_subcategories": "", "cat_id": 26, "category": "Web Comics", "category_is_fictional": true, "sub_cat_id": 7739, "subcategory": "Suicide Boy", "subcat_link_info": {"sub_cat_id": 7739, "cat_id": 26, "property_id": 2, "subcategory": "Suicide Boy"}, "related_subcat_link_info": null, "related_profiles": [{"id": 103100, "mbti_profile": "Lee Hoon \"Hooni\"", "subcategory": "Suicide Boy", "profile_image_url": "https://static1.personality-database.com/profile_images/1b8e3a87596e48689f5300243c457b8e.png", "profile_name": "Lee Hoon \"Hooni\"", "profile_subcat": "Suicide Boy", "sub_cat_id": 7739, "cat_id": 26, "property_id": 2, "mbti": "INFP", "enneatype": "4w5"}, {"id": 194322, "mbti_profile": "Jung Sana", "subcategory": "Suicide Boy", "profile_image_url": "https://static1.personality-database.com/profile_images/6d1f2a7edba84208984d5b738534db48.png", "profile_name": "Jung Sana", "profile_subcat": "Suicide Boy", "sub_cat_id": 7739, "cat_id": 26, "property_id": 2, "mbti": "ENTP", "enneatype": "3w4"}, {"id": 103109, "mbti_profile": "Kim Jaehoon", "subcategory": "Suicide Boy", "profile_image_url": "https://static1.personality-database.com/profile_images/9346e368bd6648cf8f9be39290a07980.png", "profile_name": "Kim Jaehoon", "profile_subcat": "Suicide Boy", "sub_cat_id": 7739, "cat_id": 26, "property_id": 2, "mbti": "ISTJ", "enneatype": "1w9"}, {"id": 193949, "mbti_profile": "Jung Harim", "subcategory": "Suicide Boy", "profile_image_url": "https://static1.personality-database.com/profile_images/fb324ae07bea40b385f68461df03a2d1.png", "profile_name": "Jung Harim", "profile_subcat": "Suicide Boy", "sub_cat_id": 7739, "cat_id": 26, "property_id": 2, "mbti": "ESTP", "enneatype": "8w7"}, {"id": 488943, "mbti_profile": "\u2764\ufe0fmeow\u2764\ufe0f", "subcategory": "Suicide Boy", "profile_image_url": "https://static1.personality-database.com/profile_images/86d6947d7dd64fa1abe1f36d8858f942.png", "profile_name": "\u2764\ufe0fmeow\u2764\ufe0f", "profile_subcat": "Suicide Boy", "sub_cat_id": 7739, "cat_id": 26, "property_id": 2, "mbti": "ESFJ", "enneatype": ""}, {"id": 358422, "mbti_profile": "Heemin", "subcategory": "Suicide Boy", "profile_image_url": "https://static1.personality-database.com/profile_images/a2b6e88719e54fbaa0e2a3eb4f10fef4.png", "profile_name": "Heemin", "profile_subcat": "Suicide Boy", "sub_cat_id": 7739, "cat_id": 26, "property_id": 2, "mbti": "INFJ", "enneatype": "6w5"}, {"id": 194319, "mbti_profile": "Park Jungsu", "subcategory": "Suicide Boy", "profile_image_url": "https://static1.personality-database.com/profile_images/9a1b004f66e54c28a42ff88fac1ebf0f.png", "profile_name": "Park Jungsu", "profile_subcat": "Suicide Boy", "sub_cat_id": 7739, "cat_id": 26, "property_id": 2, "mbti": "INTJ", "enneatype": "3w4"}, {"id": 194332, "mbti_profile": "Jung Minhyuk", "subcategory": "Suicide Boy", "profile_image_url": "https://static1.personality-database.com/profile_images/21f07522c7cf4781b95557e0331c8966.png", "profile_name": "Jung Minhyuk", "profile_subcat": "Suicide Boy", "sub_cat_id": 7739, "cat_id": 26, "property_id": 2, "mbti": "ESFP", "enneatype": "9w8"}], "functions": ["Se", "Fi", "Te", "Ni"], "systems": [{"hex_color": "#888888", "id": 1, "personality_type": "XXXX", "personality_type_id": 0, "system_name": "Four Letter", "system_vote_count": 89, "user_vote_type_id": 0, "vote_id": 0}, {"hex_color": "#006775", "id": 2, "personality_type": "XXXX", "personality_type_id": 0, "system_name": "Enneagram", "system_vote_count": 38, "user_vote_type_id": 0, "vote_id": 0}, {"hex_color": "#006775", "id": 5, "personality_type": "XXXX", "personality_type_id": 0, "system_name": "Instinctual Variant", "system_vote_count": 9, "user_vote_type_id": 0, "vote_id": 0}, {"hex_color": "#006775", "id": 6, "personality_type": "XXXX", "personality_type_id": 0, "system_name": "Tritype", "system_vote_count": 11, "user_vote_type_id": 0, "vote_id": 0}, {"hex_color": "#888888", "id": 3, "personality_type": "XXXX", "personality_type_id": 0, "system_name": "Socionics", "system_vote_count": 3, "user_vote_type_id": 0, "vote_id": 0}, {"hex_color": "#888888", "id": 9, "personality_type": "XXXX", "personality_type_id": 0, "system_name": "Big 5 (SLOAN)", "system_vote_count": 5, "user_vote_type_id": 0, "vote_id": 0}, {"hex_color": "#888888", "id": 8, "personality_type": "XXXX", "personality_type_id": 0, "system_name": "Attitudinal Psyche", "system_vote_count": 2, "user_vote_type_id": 0, "vote_id": 0}, {"hex_color": "#888888", "id": 7, "personality_type": "XXXX", "personality_type_id": 0, "system_name": "Temperaments", "system_vote_count": 13, "user_vote_type_id": 0, "vote_id": 0}, {"hex_color": "#888888", "id": 11, "personality_type": "XXXX", "personality_type_id": 0, "system_name": "Classic Jungian", "system_vote_count": 0, "user_vote_type_id": 0, "vote_id": 0}], "breakdown_systems": {"1": [{"myValue": "ESFP", "personality_system_id": 1, "personality_type": "ESFP", "theCount": 55}, {"myValue": "ESTP", "personality_system_id": 1, "personality_type": "ESTP", "theCount": 22}, {"myValue": "ENFP", "personality_system_id": 1, "personality_type": "ENFP", "theCount": 6}, {"myValue": "ENFJ", "personality_system_id": 1, "personality_type": "ENFJ", "theCount": 3}, {"myValue": "ESFJ", "personality_system_id": 1, "personality_type": "ESFJ", "theCount": 2}, {"myValue": "ISTP", "personality_system_id": 1, "personality_type": "ISTP", "theCount": 1}], "10": [{"myValue": "Right-brained Extrovert", "personality_system_id": 10, "personality_type": "Right-brained Extrovert", "theCount": 1}], "11": [{"myValue": "XXXX", "personality_system_id": 0, "personality_type": "XXXX", "theCount": 0}], "2": [{"myValue": "7w6", "personality_system_id": 2, "personality_type": "7w6", "theCount": 36}, {"myValue": "7w8", "personality_system_id": 2, "personality_type": "7w8", "theCount": 2}], "3": [{"myValue": "ESE", "personality_system_id": 3, "personality_type": "ESE", "theCount": 3}], "4": [{"myValue": "Chaotic Good", "personality_system_id": 4, "personality_type": "Chaotic Good", "theCount": 12}], "5": [{"myValue": "so/sp", "personality_system_id": 5, "personality_type": "so/sp", "theCount": 7}, {"myValue": "so/sx", "personality_system_id": 5, "personality_type": "so/sx", "theCount": 1}, {"myValue": "sx/so", "personality_system_id": 5, "personality_type": "sx/so", "theCount": 1}], "6": [{"myValue": "792", "personality_system_id": 6, "personality_type": "792", "theCount": 10}, {"myValue": "784", "personality_system_id": 6, "personality_type": "784", "theCount": 1}], "7": [{"myValue": "Sanguine [Dominant]", "personality_system_id": 7, "personality_type": "Sanguine [Dominant]", "theCount": 11}, {"myValue": "Phlegmatic [Dominant]", "personality_system_id": 7, "personality_type": "Phlegmatic [Dominant]", "theCount": 1}, {"myValue": "Sanguine-Phlegmatic", "personality_system_id": 7, "personality_type": "Sanguine-Phlegmatic", "theCount": 1}], "8": [{"myValue": "EFVL", "personality_system_id": 8, "personality_type": "EFVL", "theCount": 2}], "9": [{"myValue": "SCOAN", "personality_system_id": 9, "personality_type": "SCOAN", "theCount": 3}, {"myValue": "SCOAI", "personality_system_id": 9, "personality_type": "SCOAI", "theCount": 1}, {"myValue": "SCUAN", "personality_system_id": 9, "personality_type": "SCUAN", "theCount": 1}]}, "breakdown_config": {"expand": {"1": 3, "10": 1, "11": 1, "2": 3, "3": 1, "4": 1, "5": 1, "6": 1, "7": 1, "8": 1, "9": 1}, "fire": {"1": 0, "10": 0, "11": 0, "2": 0, "3": 0, "4": 0, "5": 0, "6": 0, "7": 0, "8": 0, "9": 0}}, "mbti_letter_stats": [{"type": "E", "percentage": "99%", "PercentageFloat": 0.9887640449438202}, {"type": "S", "percentage": "90%", "PercentageFloat": 0.898876404494382}, {"type": "F", "percentage": "74%", "PercentageFloat": 0.7415730337078652}, {"type": "P", "percentage": "94%", "PercentageFloat": 0.9438202247191011}], "topic_info": {"can_generate": false, "topic": {"description": "", "follow_count": 0, "id": 82130, "is_following": false, "is_join_pending": false, "is_banned": false, "is_moderated": false, "name_readable": "Jung Soorim", "post_count": 0, "source_profile_id": 103101, "source_type": "profile", "join_to_post": false, "can_pin": false, "related_topics": [{"description": "", "follow_count": 7, "id": 82129, "is_following": false, "is_join_pending": false, "is_banned": false, "is_moderated": false, "name_readable": "Lee Hoon \"Hooni\"", "post_count": 15, "source_profile_id": 103100, "source_type": "profile", "image": {"picURL": "https://static1.personality-database.com/profile_images/1b8e3a87596e48689f5300243c457b8e.png"}, "join_to_post": false, "can_pin": false}, {"description": "", "follow_count": 0, "id": 149673, "is_following": false, "is_join_pending": false, "is_banned": false, "is_moderated": false, "name_readable": "Jung Harim", "post_count": 1, "source_profile_id": 193949, "source_type": "profile", "image": {"picURL": "https://static1.personality-database.com/profile_images/fb324ae07bea40b385f68461df03a2d1.png"}, "join_to_post": false, "can_pin": false}, {"description": "", "follow_count": 0, "id": 275684, "is_following": false, "is_join_pending": false, "is_banned": false, "is_moderated": false, "name_readable": "Heemin", "post_count": 1, "source_profile_id": 358422, "source_type": "profile", "image": {"picURL": "https://static1.personality-database.com/profile_images/a2b6e88719e54fbaa0e2a3eb4f10fef4.png"}, "join_to_post": false, "can_pin": false}, {"description": "", "follow_count": 0, "id": 82130, "is_following": false, "is_join_pending": false, "is_banned": false, "is_moderated": false, "name_readable": "Jung Soorim", "post_count": 0, "source_profile_id": 103101, "source_type": "profile", "image": {"picURL": "https://static1.personality-database.com/profile_images/1d21c3b5a48e44b7aca0dcddf5c0d9e3.png"}, "join_to_post": false, "can_pin": false}, {"description": "", "follow_count": 0, "id": 82136, "is_following": false, "is_join_pending": false, "is_banned": false, "is_moderated": false, "name_readable": "Kim Jaehoon", "post_count": 0, "source_profile_id": 103109, "source_type": "profile", "image": {"picURL": "https://static1.personality-database.com/profile_images/9346e368bd6648cf8f9be39290a07980.png"}, "join_to_post": false, "can_pin": false}, {"description": "", "follow_count": 0, "id": 149955, "is_following": false, "is_join_pending": false, "is_banned": false, "is_moderated": false, "name_readable": "Park Jungsu", "post_count": 0, "source_profile_id": 194319, "source_type": "profile", "image": {"picURL": "https://static1.personality-database.com/profile_images/9a1b004f66e54c28a42ff88fac1ebf0f.png"}, "join_to_post": false, "can_pin": false}, {"description": "", "follow_count": 0, "id": 149957, "is_following": false, "is_join_pending": false, "is_banned": false, "is_moderated": false, "name_readable": "Jung Sana", "post_count": 0, "source_profile_id": 194322, "source_type": "profile", "image": {"picURL": "https://static1.personality-database.com/profile_images/6d1f2a7edba84208984d5b738534db48.png"}, "join_to_post": false, "can_pin": false}, {"description": "", "follow_count": 0, "id": 149963, "is_following": false, "is_join_pending": false, "is_banned": false, "is_moderated": false, "name_readable": "Jung Minhyuk", "post_count": 0, "source_profile_id": 194332, "source_type": "profile", "image": {"picURL": "https://static1.personality-database.com/profile_images/21f07522c7cf4781b95557e0331c8966.png"}, "join_to_post": false, "can_pin": false}, {"description": "", "follow_count": 0, "id": 237849, "is_following": false, "is_join_pending": false, "is_banned": false, "is_moderated": false, "name_readable": "Yuhm Hyung-Chul", "post_count": 0, "source_profile_id": 309284, "source_type": "profile", "image": {"picURL": "https://static1.personality-database.com/profile_images/3fc73ceb95704ab2bfcf55a7b7281578.png"}, "join_to_post": false, "can_pin": false}, {"description": "", "follow_count": 0, "id": 237856, "is_following": false, "is_join_pending": false, "is_banned": false, "is_moderated": false, "name_readable": "Jung Cha-Ryuk", "post_count": 0, "source_profile_id": 309291, "source_type": "profile", "image": {"picURL": "https://static1.personality-database.com/profile_images/9753654e19234685aee5110a00de5ce7.png"}, "join_to_post": false, "can_pin": false}], "subcategory": "Suicide Boy", "topic_image_url": "https://static1.personality-database.com/profile_images/1d21c3b5a48e44b7aca0dcddf5c0d9e3.png", "source_location": {"cid": 26, "pid": 2, "sub_cat_id": 7739}, "can_post_image": false, "can_post_audio": false, "posts": {"posts": []}}}}