{"id": 108352, "mbti_profile": "Yuna Lim", "profile_name_searchable": "yunalim", "allow_commenting": true, "allow_voting": true, "user_id": 18185, "contributor": "GhostDumpling", "contributor_create_date": "2020-03-18 21:36:04", "contributor_pic_path": "https://lh3.googleusercontent.com/a-/AOh14GjU5kKKLEhzglzZrtatU0Zk_AK8g1pnsxyC3P8yuiw=s96-c", "display_order": 995, "edit_lock": 0, "edit_lock_picture": 0, "is_active": true, "is_approved": true, "mbti_enneagram_type": "INTJ 8w9", "mbti_type": "INTJ 8w9", "pdb_comment_access": true, "pdb_page_owner": 0, "pdb_public_access": true, "wiki_description": "", "watch_count": 64, "comment_count": 12, "vote_count": 96, "vote_count_enneagram": 49, "vote_count_mbti": 96, "total_vote_counts": 218, "personality_type": "INTJ - 8w9 - sp/sx - 863 - LII - RLOEI - FLVE - Phlegmatic-Choleric", "type_updated_date": "2021-10-02 00:47:13", "enneagram_vote": "", "enneagram_vote_id": 0, "mbti_vote": "", "mbti_vote_id": 0, "is_watching": false, "image_exists": false, "profile_image_url": "https://static1.personality-database.com/profile_images/50e8963b6041485cbcb08f4c82f883a0.png", "profile_image_credit": "", "profile_image_credit_id": 118048, "profile_image_credit_type": "0", "profile_image_credit_url": "", "alt_subcategory": "", "related_subcategories": "", "cat_id": 26, "category": "Web Comics", "category_is_fictional": true, "sub_cat_id": 7961, "subcategory": "Odd Girl Out", "subcat_link_info": {"sub_cat_id": 7961, "cat_id": 26, "property_id": 2, "subcategory": "Odd Girl Out"}, "related_subcat_link_info": null, "related_profiles": [{"id": 108351, "mbti_profile": "Nari Oh", "subcategory": "Odd Girl Out", "profile_image_url": "https://static1.personality-database.com/profile_images/cc652a1bfb2b45e49cd311437557286a.png", "profile_name": "Nari Oh", "profile_subcat": "Odd Girl Out", "sub_cat_id": 7961, "cat_id": 26, "property_id": 2, "mbti": "ESFJ", "enneatype": "2w3"}, {"id": 169847, "mbti_profile": "Seungha Kwon", "subcategory": "Odd Girl Out", "profile_image_url": "https://static1.personality-database.com/profile_images/65a889118ca142dba51da45b64e55d8b.png", "profile_name": "Seungha Kwon", "profile_subcat": "Odd Girl Out", "sub_cat_id": 7961, "cat_id": 26, "property_id": 2, "mbti": "ENFJ", "enneatype": "3w2"}, {"id": 108354, "mbti_profile": "Seonji Lim", "subcategory": "Odd Girl Out", "profile_image_url": "https://static1.personality-database.com/profile_images/dd0c604da29347f3b276bd755ed7ae8e.png", "profile_name": "Seonji Lim", "profile_subcat": "Odd Girl Out", "sub_cat_id": 7961, "cat_id": 26, "property_id": 2, "mbti": "INFP", "enneatype": "9w1"}, {"id": 383598, "mbti_profile": "Yunha Kwon", "subcategory": "Odd Girl Out", "profile_image_url": "https://static1.personality-database.com/profile_images/3adae59f52aa485091ab47e042ec2f54.png", "profile_name": "Yunha Kwon", "profile_subcat": "Odd Girl Out", "sub_cat_id": 7961, "cat_id": 26, "property_id": 2, "mbti": "ESFP", "enneatype": "4w3"}, {"id": 166659, "mbti_profile": "Joo Chanyang", "subcategory": "Odd Girl Out", "profile_image_url": "https://static1.personality-database.com/profile_images/b0daf2573e0640fa8ca98cd000e49084.png", "profile_name": "Joo Chanyang", "profile_subcat": "Odd Girl Out", "sub_cat_id": 7961, "cat_id": 26, "property_id": 2, "mbti": "ISTP", "enneatype": "9w8"}, {"id": 108353, "mbti_profile": "Se-Ha \"Mirae\" Seo", "subcategory": "Odd Girl Out", "profile_image_url": "https://static1.personality-database.com/profile_images/168e5072584a4e05bbea596a96039e9b.png", "profile_name": "Se-Ha \"Mirae\" Seo", "profile_subcat": "Odd Girl Out", "sub_cat_id": 7961, "cat_id": 26, "property_id": 2, "mbti": "ENTP", "enneatype": "7w6"}, {"id": 256492, "mbti_profile": "Yurim Oh", "subcategory": "Odd Girl Out", "profile_image_url": "https://static1.personality-database.com/profile_images/66ba9e88d5334d76b3324c9bf08d7d98.png", "profile_name": "Yurim Oh", "profile_subcat": "Odd Girl Out", "sub_cat_id": 7961, "cat_id": 26, "property_id": 2, "mbti": "ISTJ", "enneatype": "1w9"}, {"id": 111804, "mbti_profile": "Bin Kim", "subcategory": "Odd Girl Out", "profile_image_url": "https://static1.personality-database.com/profile_images/26ca0622435a48c39476b610d35f5b15.png", "profile_name": "Bin Kim", "profile_subcat": "Odd Girl Out", "sub_cat_id": 7961, "cat_id": 26, "property_id": 2, "mbti": "ESFP", "enneatype": "3w4"}], "functions": ["Ni", "Te", "Fi", "Se"], "systems": [{"hex_color": "#888888", "id": 1, "personality_type": "XXXX", "personality_type_id": 0, "system_name": "Four Letter", "system_vote_count": 95, "user_vote_type_id": 0, "vote_id": 0}, {"hex_color": "#006775", "id": 2, "personality_type": "XXXX", "personality_type_id": 0, "system_name": "Enneagram", "system_vote_count": 48, "user_vote_type_id": 0, "vote_id": 0}, {"hex_color": "#006775", "id": 5, "personality_type": "XXXX", "personality_type_id": 0, "system_name": "Instinctual Variant", "system_vote_count": 17, "user_vote_type_id": 0, "vote_id": 0}, {"hex_color": "#006775", "id": 6, "personality_type": "XXXX", "personality_type_id": 0, "system_name": "Tritype", "system_vote_count": 14, "user_vote_type_id": 0, "vote_id": 0}, {"hex_color": "#888888", "id": 3, "personality_type": "XXXX", "personality_type_id": 0, "system_name": "Socionics", "system_vote_count": 8, "user_vote_type_id": 0, "vote_id": 0}, {"hex_color": "#888888", "id": 9, "personality_type": "XXXX", "personality_type_id": 0, "system_name": "Big 5 (SLOAN)", "system_vote_count": 7, "user_vote_type_id": 0, "vote_id": 0}, {"hex_color": "#888888", "id": 8, "personality_type": "XXXX", "personality_type_id": 0, "system_name": "Attitudinal Psyche", "system_vote_count": 5, "user_vote_type_id": 0, "vote_id": 0}, {"hex_color": "#888888", "id": 7, "personality_type": "XXXX", "personality_type_id": 0, "system_name": "Temperaments", "system_vote_count": 17, "user_vote_type_id": 0, "vote_id": 0}, {"hex_color": "#888888", "id": 11, "personality_type": "XXXX", "personality_type_id": 0, "system_name": "Classic Jungian", "system_vote_count": 0, "user_vote_type_id": 0, "vote_id": 0}], "breakdown_systems": {"1": [{"myValue": "INTJ", "personality_system_id": 1, "personality_type": "INTJ", "theCount": 80}, {"myValue": "ISTJ", "personality_system_id": 1, "personality_type": "ISTJ", "theCount": 8}, {"myValue": "ISTP", "personality_system_id": 1, "personality_type": "ISTP", "theCount": 4}, {"myValue": "ENTJ", "personality_system_id": 1, "personality_type": "ENTJ", "theCount": 3}], "11": [{"myValue": "XXXX", "personality_system_id": 0, "personality_type": "XXXX", "theCount": 0}], "2": [{"myValue": "8w9", "personality_system_id": 2, "personality_type": "8w9", "theCount": 27}, {"myValue": "5w6", "personality_system_id": 2, "personality_type": "5w6", "theCount": 16}, {"myValue": "6w5", "personality_system_id": 2, "personality_type": "6w5", "theCount": 4}, {"myValue": "4w5", "personality_system_id": 2, "personality_type": "4w5", "theCount": 1}], "3": [{"myValue": "LII", "personality_system_id": 3, "personality_type": "LII", "theCount": 6}, {"myValue": "ILI", "personality_system_id": 3, "personality_type": "ILI", "theCount": 2}], "4": [{"myValue": "Neutral Good", "personality_system_id": 4, "personality_type": "Neutral Good", "theCount": 4}, {"myValue": "True Neutral", "personality_system_id": 4, "personality_type": "True Neutral", "theCount": 3}], "5": [{"myValue": "sp/sx", "personality_system_id": 5, "personality_type": "sp/sx", "theCount": 11}, {"myValue": "sx/sp", "personality_system_id": 5, "personality_type": "sx/sp", "theCount": 4}, {"myValue": "sp/so", "personality_system_id": 5, "personality_type": "sp/so", "theCount": 2}], "6": [{"myValue": "513", "personality_system_id": 6, "personality_type": "513", "theCount": 6}, {"myValue": "863", "personality_system_id": 6, "personality_type": "863", "theCount": 6}, {"myValue": "458", "personality_system_id": 6, "personality_type": "458", "theCount": 1}, {"myValue": "854", "personality_system_id": 6, "personality_type": "854", "theCount": 1}], "7": [{"myValue": "Phlegmatic-Choleric", "personality_system_id": 7, "personality_type": "Phlegmatic-Choleric", "theCount": 11}, {"myValue": "Melancholic-Choleric", "personality_system_id": 7, "personality_type": "Melancholic-Choleric", "theCount": 3}, {"myValue": "Choleric [Dominant]", "personality_system_id": 7, "personality_type": "Choleric [Dominant]", "theCount": 2}, {"myValue": "Choleric-Melancholic", "personality_system_id": 7, "personality_type": "Choleric-Melancholic", "theCount": 1}], "8": [{"myValue": "FLVE", "personality_system_id": 8, "personality_type": "FLVE", "theCount": 4}, {"myValue": "LVFE", "personality_system_id": 8, "personality_type": "LVFE", "theCount": 1}], "9": [{"myValue": "RLOEI", "personality_system_id": 9, "personality_type": "RLOEI", "theCount": 5}, {"myValue": "RCOEI", "personality_system_id": 9, "personality_type": "RCOEI", "theCount": 1}, {"myValue": "RLOEN", "personality_system_id": 9, "personality_type": "RLOEN", "theCount": 1}]}, "breakdown_config": {"expand": {"1": 3, "11": 1, "2": 3, "3": 1, "4": 1, "5": 1, "6": 1, "7": 1, "8": 1, "9": 1}, "fire": {"1": 0, "11": 0, "2": 1, "3": 0, "4": 0, "5": 0, "6": 0, "7": 0, "8": 0, "9": 0}}, "mbti_letter_stats": [{"type": "I", "percentage": "97%", "PercentageFloat": 0.968421052631579}, {"type": "N", "percentage": "87%", "PercentageFloat": 0.8736842105263158}, {"type": "T", "percentage": "100%", "PercentageFloat": 1}, {"type": "J", "percentage": "96%", "PercentageFloat": 0.9578947368421052}], "topic_info": {"can_generate": false, "topic": {"description": "", "follow_count": 0, "id": 86163, "is_following": false, "is_join_pending": false, "is_banned": false, "is_moderated": false, "name_readable": "Yuna Lim", "post_count": 1, "source_profile_id": 108352, "source_type": "profile", "join_to_post": false, "can_pin": false, "related_topics": [{"description": "", "follow_count": 0, "id": 86163, "is_following": false, "is_join_pending": false, "is_banned": false, "is_moderated": false, "name_readable": "Yuna Lim", "post_count": 1, "source_profile_id": 108352, "source_type": "profile", "image": {"picURL": "https://static1.personality-database.com/profile_images/50e8963b6041485cbcb08f4c82f883a0.png"}, "join_to_post": false, "can_pin": false}, {"description": "", "follow_count": 1, "id": 129136, "is_following": false, "is_join_pending": false, "is_banned": false, "is_moderated": false, "name_readable": "Joo Chanyang", "post_count": 1, "source_profile_id": 166659, "source_type": "profile", "image": {"picURL": "https://static1.personality-database.com/profile_images/b0daf2573e0640fa8ca98cd000e49084.png"}, "join_to_post": false, "can_pin": false}, {"description": "", "follow_count": 1, "id": 131353, "is_following": false, "is_join_pending": false, "is_banned": false, "is_moderated": false, "name_readable": "Seungha Kwon", "post_count": 1, "source_profile_id": 169847, "source_type": "profile", "image": {"picURL": "https://static1.personality-database.com/profile_images/65a889118ca142dba51da45b64e55d8b.png"}, "join_to_post": false, "can_pin": false}, {"description": "", "follow_count": 0, "id": 100684, "is_following": false, "is_join_pending": false, "is_banned": false, "is_moderated": false, "name_readable": "Minjae", "post_count": 1, "source_profile_id": 128915, "source_type": "profile", "image": {"picURL": "https://static1.personality-database.com/profile_images/fd50367774b54bd4a5c3bc755f364dc8.png"}, "join_to_post": false, "can_pin": false}, {"description": "", "follow_count": 0, "id": 101721, "is_following": false, "is_join_pending": false, "is_banned": false, "is_moderated": false, "name_readable": "So-Ae", "post_count": 1, "source_profile_id": 130318, "source_type": "profile", "image": {"picURL": "https://static1.personality-database.com/profile_images/636ce8e42fff49c0aede6193147b0b58.png"}, "join_to_post": false, "can_pin": false}, {"description": "", "follow_count": 0, "id": 88764, "is_following": false, "is_join_pending": false, "is_banned": false, "is_moderated": false, "name_readable": "Bin Kim", "post_count": 1, "source_profile_id": 111804, "source_type": "profile", "image": {"picURL": "https://static1.personality-database.com/profile_images/26ca0622435a48c39476b610d35f5b15.png"}, "join_to_post": false, "can_pin": false}, {"description": "", "follow_count": 0, "id": 198081, "is_following": false, "is_join_pending": false, "is_banned": false, "is_moderated": false, "name_readable": "Seohyeon", "post_count": 0, "source_profile_id": 256942, "source_type": "profile", "image": {"picURL": "https://static1.personality-database.com/profile_images/440a0705b1d24e5aa6fddddba5c97303.png"}, "join_to_post": false, "can_pin": false}, {"description": "", "follow_count": 1, "id": 86162, "is_following": false, "is_join_pending": false, "is_banned": false, "is_moderated": false, "name_readable": "Nari Oh", "post_count": 0, "source_profile_id": 108351, "source_type": "profile", "image": {"picURL": "https://static1.personality-database.com/profile_images/cc652a1bfb2b45e49cd311437557286a.png"}, "join_to_post": false, "can_pin": false}, {"description": "", "follow_count": 0, "id": 189863, "is_following": false, "is_join_pending": false, "is_banned": false, "is_moderated": false, "name_readable": "Seungjoon Lee", "post_count": 0, "source_profile_id": 245672, "source_type": "profile", "image": {"picURL": "https://static1.personality-database.com/profile_images/4b92c04517ad4de7a424c23fd9ad8dda.png"}, "join_to_post": false, "can_pin": false}, {"description": "", "follow_count": 0, "id": 261035, "is_following": false, "is_join_pending": false, "is_banned": false, "is_moderated": false, "name_readable": "Jaeho", "post_count": 0, "source_profile_id": 339312, "source_type": "profile", "image": {"picURL": "https://static1.personality-database.com/profile_images/9cac817b1d434e3a911ca1d4af24eb00.png"}, "join_to_post": false, "can_pin": false}, {"description": "", "follow_count": 0, "id": 145003, "is_following": false, "is_join_pending": false, "is_banned": false, "is_moderated": false, "name_readable": "Minje", "post_count": 0, "source_profile_id": 188085, "source_type": "profile", "image": {"picURL": "https://static1.personality-database.com/profile_images/cbd372898efa47f9b8e47055b86cf5d7.png"}, "join_to_post": false, "can_pin": false}, {"description": "", "follow_count": 0, "id": 100683, "is_following": false, "is_join_pending": false, "is_banned": false, "is_moderated": false, "name_readable": "Eun Ji", "post_count": 0, "source_profile_id": 128914, "source_type": "profile", "image": {"picURL": "https://static1.personality-database.com/profile_images/75431d9289a144009bfe1adf050e14b8.png"}, "join_to_post": false, "can_pin": false}, {"description": "", "follow_count": 0, "id": 101717, "is_following": false, "is_join_pending": false, "is_banned": false, "is_moderated": false, "name_readable": "Wookyung Jung", "post_count": 0, "source_profile_id": 130314, "source_type": "profile", "image": {"picURL": "https://static1.personality-database.com/profile_images/c61dc1dad6054598893188b167aea8dc.png"}, "join_to_post": false, "can_pin": false}, {"description": "", "follow_count": 0, "id": 274285, "is_following": false, "is_join_pending": false, "is_banned": false, "is_moderated": false, "name_readable": "Sunghye", "post_count": 0, "source_profile_id": 356436, "source_type": "profile", "image": {"picURL": "https://static1.personality-database.com/profile_images/f930f9acf03040f0b9673f13ef745a62.png"}, "join_to_post": false, "can_pin": false}, {"description": "", "follow_count": 0, "id": 175950, "is_following": false, "is_join_pending": false, "is_banned": false, "is_moderated": false, "name_readable": "Yoojung Cho", "post_count": 0, "source_profile_id": 227763, "source_type": "profile", "image": {"picURL": "https://static1.personality-database.com/profile_images/12867ba10785406f92962139571f5471.png"}, "join_to_post": false, "can_pin": false}, {"description": "", "follow_count": 0, "id": 100685, "is_following": false, "is_join_pending": false, "is_banned": false, "is_moderated": false, "name_readable": "Miji Yang \"Yangmi\"", "post_count": 0, "source_profile_id": 128916, "source_type": "profile", "image": {"picURL": "https://static1.personality-database.com/profile_images/5ce3fe92527e4157bf3e51ce8ec8722a.png"}, "join_to_post": false, "can_pin": false}], "subcategory": "Odd Girl Out", "topic_image_url": "https://static1.personality-database.com/profile_images/50e8963b6041485cbcb08f4c82f883a0.png", "source_location": {"cid": 26, "pid": 2, "sub_cat_id": 7961}, "can_post_image": false, "can_post_audio": false, "posts": {"posts": [{"username": "mew", "user_pic_path": "https://static1.personality-database.com/user_avatars/593557/f8671a29-f24f-4783-baf1-6b1f6651ff10.jpeg", "user_personality_type": "INTJ-5w4-531", "is_mod": false, "comment_count": 1, "reply_count": 1, "vote_type": 0, "topics_list": [{"id": 86163, "name_readable": "Yuna Lim"}], "id": 1807296, "post_id": 1807296, "user_id": 593557, "title": "", "content": "reminder that author most likely doesn't know that much about mbti and cognitive functions, so going off about what they said isn't very accurate. author probably only based these off of 16personalities.", "create_date": 1669395675000, "unix_timestamp": 1669395675000, "update_date": 1669395675000, "vote_count": 3, "vote_count_down": 0, "is_reported": 0, "is_hidden": false, "is_pinned": false, "is_watching": false, "is_pro_user": false, "images": null, "audios": null, "function_list": [], "type": "post"}]}}}}