{"id": 108351, "mbti_profile": "Nari Oh", "profile_name_searchable": "narioh", "allow_commenting": true, "allow_voting": true, "user_id": 18185, "contributor": "GhostDumpling", "contributor_create_date": "2020-03-18 21:36:04", "contributor_pic_path": "https://lh3.googleusercontent.com/a-/AOh14GjU5kKKLEhzglzZrtatU0Zk_AK8g1pnsxyC3P8yuiw=s96-c", "display_order": 1000, "edit_lock": 0, "edit_lock_picture": 0, "is_active": true, "is_approved": true, "mbti_enneagram_type": "ESFJ 2w3", "mbti_type": "ESFJ 2w3", "pdb_comment_access": true, "pdb_page_owner": 0, "pdb_public_access": true, "wiki_description": "", "watch_count": 57, "comment_count": 38, "vote_count": 135, "vote_count_enneagram": 55, "vote_count_mbti": 135, "total_vote_counts": 264, "personality_type": "ESFJ - 2w3 - so/sx - 269 - IEE - SCOAI - EFVL - Sanguine [Dominant]", "type_updated_date": "2022-12-02 18:05:24", "enneagram_vote": "", "enneagram_vote_id": 0, "mbti_vote": "", "mbti_vote_id": 0, "is_watching": false, "image_exists": false, "profile_image_url": "https://static1.personality-database.com/profile_images/cc652a1bfb2b45e49cd311437557286a.png", "profile_image_credit": "", "profile_image_credit_id": 200235, "profile_image_credit_type": "0", "profile_image_credit_url": "", "alt_subcategory": "", "related_subcategories": "", "cat_id": 26, "category": "Web Comics", "category_is_fictional": true, "sub_cat_id": 7961, "subcategory": "Odd Girl Out", "subcat_link_info": {"sub_cat_id": 7961, "cat_id": 26, "property_id": 2, "subcategory": "Odd Girl Out"}, "related_subcat_link_info": null, "related_profiles": [{"id": 169847, "mbti_profile": "Seungha Kwon", "subcategory": "Odd Girl Out", "profile_image_url": "https://static1.personality-database.com/profile_images/65a889118ca142dba51da45b64e55d8b.png", "profile_name": "Seungha Kwon", "profile_subcat": "Odd Girl Out", "sub_cat_id": 7961, "cat_id": 26, "property_id": 2, "mbti": "ENFJ", "enneatype": "3w2"}, {"id": 108352, "mbti_profile": "Yuna Lim", "subcategory": "Odd Girl Out", "profile_image_url": "https://static1.personality-database.com/profile_images/50e8963b6041485cbcb08f4c82f883a0.png", "profile_name": "Yuna Lim", "profile_subcat": "Odd Girl Out", "sub_cat_id": 7961, "cat_id": 26, "property_id": 2, "mbti": "INTJ", "enneatype": "8w9"}, {"id": 108354, "mbti_profile": "Seonji Lim", "subcategory": "Odd Girl Out", "profile_image_url": "https://static1.personality-database.com/profile_images/dd0c604da29347f3b276bd755ed7ae8e.png", "profile_name": "Seonji Lim", "profile_subcat": "Odd Girl Out", "sub_cat_id": 7961, "cat_id": 26, "property_id": 2, "mbti": "INFP", "enneatype": "9w1"}, {"id": 383598, "mbti_profile": "Yunha Kwon", "subcategory": "Odd Girl Out", "profile_image_url": "https://static1.personality-database.com/profile_images/3adae59f52aa485091ab47e042ec2f54.png", "profile_name": "Yunha Kwon", "profile_subcat": "Odd Girl Out", "sub_cat_id": 7961, "cat_id": 26, "property_id": 2, "mbti": "ESFP", "enneatype": "4w3"}, {"id": 166659, "mbti_profile": "Joo Chanyang", "subcategory": "Odd Girl Out", "profile_image_url": "https://static1.personality-database.com/profile_images/b0daf2573e0640fa8ca98cd000e49084.png", "profile_name": "Joo Chanyang", "profile_subcat": "Odd Girl Out", "sub_cat_id": 7961, "cat_id": 26, "property_id": 2, "mbti": "ISTP", "enneatype": "9w8"}, {"id": 108353, "mbti_profile": "Se-Ha \"Mirae\" Seo", "subcategory": "Odd Girl Out", "profile_image_url": "https://static1.personality-database.com/profile_images/168e5072584a4e05bbea596a96039e9b.png", "profile_name": "Se-Ha \"Mirae\" Seo", "profile_subcat": "Odd Girl Out", "sub_cat_id": 7961, "cat_id": 26, "property_id": 2, "mbti": "ENTP", "enneatype": "7w6"}, {"id": 256492, "mbti_profile": "Yurim Oh", "subcategory": "Odd Girl Out", "profile_image_url": "https://static1.personality-database.com/profile_images/66ba9e88d5334d76b3324c9bf08d7d98.png", "profile_name": "Yurim Oh", "profile_subcat": "Odd Girl Out", "sub_cat_id": 7961, "cat_id": 26, "property_id": 2, "mbti": "ISTJ", "enneatype": "1w9"}, {"id": 111804, "mbti_profile": "Bin Kim", "subcategory": "Odd Girl Out", "profile_image_url": "https://static1.personality-database.com/profile_images/26ca0622435a48c39476b610d35f5b15.png", "profile_name": "Bin Kim", "profile_subcat": "Odd Girl Out", "sub_cat_id": 7961, "cat_id": 26, "property_id": 2, "mbti": "ESFP", "enneatype": "3w4"}], "functions": ["Fe", "Si", "Ne", "Ti"], "systems": [{"hex_color": "#888888", "id": 1, "personality_type": "XXXX", "personality_type_id": 0, "system_name": "Four Letter", "system_vote_count": 133, "user_vote_type_id": 0, "vote_id": 0}, {"hex_color": "#006775", "id": 2, "personality_type": "XXXX", "personality_type_id": 0, "system_name": "Enneagram", "system_vote_count": 55, "user_vote_type_id": 0, "vote_id": 0}, {"hex_color": "#006775", "id": 5, "personality_type": "XXXX", "personality_type_id": 0, "system_name": "Instinctual Variant", "system_vote_count": 19, "user_vote_type_id": 0, "vote_id": 0}, {"hex_color": "#006775", "id": 6, "personality_type": "XXXX", "personality_type_id": 0, "system_name": "Tritype", "system_vote_count": 18, "user_vote_type_id": 0, "vote_id": 0}, {"hex_color": "#888888", "id": 3, "personality_type": "XXXX", "personality_type_id": 0, "system_name": "Socionics", "system_vote_count": 8, "user_vote_type_id": 0, "vote_id": 0}, {"hex_color": "#888888", "id": 9, "personality_type": "XXXX", "personality_type_id": 0, "system_name": "Big 5 (SLOAN)", "system_vote_count": 6, "user_vote_type_id": 0, "vote_id": 0}, {"hex_color": "#888888", "id": 8, "personality_type": "XXXX", "personality_type_id": 0, "system_name": "Attitudinal Psyche", "system_vote_count": 4, "user_vote_type_id": 0, "vote_id": 0}, {"hex_color": "#888888", "id": 7, "personality_type": "XXXX", "personality_type_id": 0, "system_name": "Temperaments", "system_vote_count": 15, "user_vote_type_id": 0, "vote_id": 0}, {"hex_color": "#888888", "id": 11, "personality_type": "XXXX", "personality_type_id": 0, "system_name": "Classic Jungian", "system_vote_count": 0, "user_vote_type_id": 0, "vote_id": 0}], "breakdown_systems": {"1": [{"myValue": "ESFJ", "personality_system_id": 1, "personality_type": "ESFJ", "theCount": 70}, {"myValue": "ENFP", "personality_system_id": 1, "personality_type": "ENFP", "theCount": 42}, {"myValue": "ENFJ", "personality_system_id": 1, "personality_type": "ENFJ", "theCount": 14}, {"myValue": "INFP", "personality_system_id": 1, "personality_type": "INFP", "theCount": 3}, {"myValue": "ESFP", "personality_system_id": 1, "personality_type": "ESFP", "theCount": 2}, {"myValue": "INFJ", "personality_system_id": 1, "personality_type": "INFJ", "theCount": 2}], "11": [{"myValue": "XXXX", "personality_system_id": 0, "personality_type": "XXXX", "theCount": 0}], "2": [{"myValue": "2w3", "personality_system_id": 2, "personality_type": "2w3", "theCount": 41}, {"myValue": "2w1", "personality_system_id": 2, "personality_type": "2w1", "theCount": 5}, {"myValue": "9w1", "personality_system_id": 2, "personality_type": "9w1", "theCount": 4}, {"myValue": "6w7", "personality_system_id": 2, "personality_type": "6w7", "theCount": 3}, {"myValue": "1w2", "personality_system_id": 2, "personality_type": "1w2", "theCount": 1}, {"myValue": "9w8", "personality_system_id": 2, "personality_type": "9w8", "theCount": 1}], "3": [{"myValue": "IEE", "personality_system_id": 3, "personality_type": "IEE", "theCount": 5}, {"myValue": "ESE", "personality_system_id": 3, "personality_type": "ESE", "theCount": 3}], "4": [{"myValue": "Neutral Good", "personality_system_id": 4, "personality_type": "Neutral Good", "theCount": 5}, {"myValue": "Lawful Good", "personality_system_id": 4, "personality_type": "Lawful Good", "theCount": 1}], "5": [{"myValue": "so/sx", "personality_system_id": 5, "personality_type": "so/sx", "theCount": 19}], "6": [{"myValue": "269", "personality_system_id": 6, "personality_type": "269", "theCount": 11}, {"myValue": "261", "personality_system_id": 6, "personality_type": "261", "theCount": 3}, {"myValue": "926", "personality_system_id": 6, "personality_type": "926", "theCount": 2}, {"myValue": "629", "personality_system_id": 6, "personality_type": "629", "theCount": 1}, {"myValue": "962", "personality_system_id": 6, "personality_type": "962", "theCount": 1}], "7": [{"myValue": "Sanguine [Dominant]", "personality_system_id": 7, "personality_type": "Sanguine [Dominant]", "theCount": 9}, {"myValue": "Sanguine-Phlegmatic", "personality_system_id": 7, "personality_type": "Sanguine-Phlegmatic", "theCount": 4}, {"myValue": "Sanguine-Choleric", "personality_system_id": 7, "personality_type": "Sanguine-Choleric", "theCount": 2}], "8": [{"myValue": "EFVL", "personality_system_id": 8, "personality_type": "EFVL", "theCount": 3}, {"myValue": "EVFL", "personality_system_id": 8, "personality_type": "EVFL", "theCount": 1}], "9": [{"myValue": "SCOAI", "personality_system_id": 9, "personality_type": "SCOAI", "theCount": 6}]}, "breakdown_config": {"expand": {"1": 3, "11": 1, "2": 3, "3": 1, "4": 1, "5": 1, "6": 1, "7": 1, "8": 1, "9": 1}, "fire": {"1": 1, "11": 0, "2": 0, "3": 0, "4": 0, "5": 0, "6": 0, "7": 0, "8": 0, "9": 0}}, "mbti_letter_stats": [{"type": "E", "percentage": "96%", "PercentageFloat": 0.9624060150375939}, {"type": "S", "percentage": "54%", "PercentageFloat": 0.5413533834586466}, {"type": "F", "percentage": "100%", "PercentageFloat": 1}, {"type": "J", "percentage": "65%", "PercentageFloat": 0.6466165413533834}], "topic_info": {"can_generate": false, "topic": {"description": "", "follow_count": 1, "id": 86162, "is_following": false, "is_join_pending": false, "is_banned": false, "is_moderated": false, "name_readable": "Nari Oh", "post_count": 0, "source_profile_id": 108351, "source_type": "profile", "join_to_post": false, "can_pin": false, "related_topics": [{"description": "", "follow_count": 0, "id": 86163, "is_following": false, "is_join_pending": false, "is_banned": false, "is_moderated": false, "name_readable": "Yuna Lim", "post_count": 1, "source_profile_id": 108352, "source_type": "profile", "image": {"picURL": "https://static1.personality-database.com/profile_images/50e8963b6041485cbcb08f4c82f883a0.png"}, "join_to_post": false, "can_pin": false}, {"description": "", "follow_count": 1, "id": 131353, "is_following": false, "is_join_pending": false, "is_banned": false, "is_moderated": false, "name_readable": "Seungha Kwon", "post_count": 1, "source_profile_id": 169847, "source_type": "profile", "image": {"picURL": "https://static1.personality-database.com/profile_images/65a889118ca142dba51da45b64e55d8b.png"}, "join_to_post": false, "can_pin": false}, {"description": "", "follow_count": 1, "id": 129136, "is_following": false, "is_join_pending": false, "is_banned": false, "is_moderated": false, "name_readable": "Joo Chanyang", "post_count": 1, "source_profile_id": 166659, "source_type": "profile", "image": {"picURL": "https://static1.personality-database.com/profile_images/b0daf2573e0640fa8ca98cd000e49084.png"}, "join_to_post": false, "can_pin": false}, {"description": "", "follow_count": 0, "id": 101721, "is_following": false, "is_join_pending": false, "is_banned": false, "is_moderated": false, "name_readable": "So-Ae", "post_count": 1, "source_profile_id": 130318, "source_type": "profile", "image": {"picURL": "https://static1.personality-database.com/profile_images/636ce8e42fff49c0aede6193147b0b58.png"}, "join_to_post": false, "can_pin": false}, {"description": "", "follow_count": 0, "id": 100684, "is_following": false, "is_join_pending": false, "is_banned": false, "is_moderated": false, "name_readable": "Minjae", "post_count": 1, "source_profile_id": 128915, "source_type": "profile", "image": {"picURL": "https://static1.personality-database.com/profile_images/fd50367774b54bd4a5c3bc755f364dc8.png"}, "join_to_post": false, "can_pin": false}, {"description": "", "follow_count": 0, "id": 88764, "is_following": false, "is_join_pending": false, "is_banned": false, "is_moderated": false, "name_readable": "Bin Kim", "post_count": 1, "source_profile_id": 111804, "source_type": "profile", "image": {"picURL": "https://static1.personality-database.com/profile_images/26ca0622435a48c39476b610d35f5b15.png"}, "join_to_post": false, "can_pin": false}, {"description": "", "follow_count": 0, "id": 145003, "is_following": false, "is_join_pending": false, "is_banned": false, "is_moderated": false, "name_readable": "Minje", "post_count": 0, "source_profile_id": 188085, "source_type": "profile", "image": {"picURL": "https://static1.personality-database.com/profile_images/cbd372898efa47f9b8e47055b86cf5d7.png"}, "join_to_post": false, "can_pin": false}, {"description": "", "follow_count": 0, "id": 295145, "is_following": false, "is_join_pending": false, "is_banned": false, "is_moderated": false, "name_readable": "Yunha Kwon", "post_count": 0, "source_profile_id": 383598, "source_type": "profile", "image": {"picURL": "https://static1.personality-database.com/profile_images/3adae59f52aa485091ab47e042ec2f54.png"}, "join_to_post": false, "can_pin": false}, {"description": "", "follow_count": 0, "id": 274285, "is_following": false, "is_join_pending": false, "is_banned": false, "is_moderated": false, "name_readable": "Sunghye", "post_count": 0, "source_profile_id": 356436, "source_type": "profile", "image": {"picURL": "https://static1.personality-database.com/profile_images/f930f9acf03040f0b9673f13ef745a62.png"}, "join_to_post": false, "can_pin": false}, {"description": "", "follow_count": 0, "id": 261035, "is_following": false, "is_join_pending": false, "is_banned": false, "is_moderated": false, "name_readable": "Jaeho", "post_count": 0, "source_profile_id": 339312, "source_type": "profile", "image": {"picURL": "https://static1.personality-database.com/profile_images/9cac817b1d434e3a911ca1d4af24eb00.png"}, "join_to_post": false, "can_pin": false}, {"description": "", "follow_count": 0, "id": 198081, "is_following": false, "is_join_pending": false, "is_banned": false, "is_moderated": false, "name_readable": "Seohyeon", "post_count": 0, "source_profile_id": 256942, "source_type": "profile", "image": {"picURL": "https://static1.personality-database.com/profile_images/440a0705b1d24e5aa6fddddba5c97303.png"}, "join_to_post": false, "can_pin": false}, {"description": "", "follow_count": 0, "id": 198080, "is_following": false, "is_join_pending": false, "is_banned": false, "is_moderated": false, "name_readable": "Yeonhee Seo", "post_count": 0, "source_profile_id": 256941, "source_type": "profile", "image": {"picURL": "https://static1.personality-database.com/profile_images/a29a043e678446308ddfcb60cf6601db.png"}, "join_to_post": false, "can_pin": false}, {"description": "", "follow_count": 0, "id": 197727, "is_following": false, "is_join_pending": false, "is_banned": false, "is_moderated": false, "name_readable": "Yurim Oh", "post_count": 0, "source_profile_id": 256492, "source_type": "profile", "image": {"picURL": "https://static1.personality-database.com/profile_images/66ba9e88d5334d76b3324c9bf08d7d98.png"}, "join_to_post": false, "can_pin": false}, {"description": "", "follow_count": 0, "id": 189863, "is_following": false, "is_join_pending": false, "is_banned": false, "is_moderated": false, "name_readable": "Seungjoon Lee", "post_count": 0, "source_profile_id": 245672, "source_type": "profile", "image": {"picURL": "https://static1.personality-database.com/profile_images/4b92c04517ad4de7a424c23fd9ad8dda.png"}, "join_to_post": false, "can_pin": false}, {"description": "", "follow_count": 0, "id": 175950, "is_following": false, "is_join_pending": false, "is_banned": false, "is_moderated": false, "name_readable": "Yoojung Cho", "post_count": 0, "source_profile_id": 227763, "source_type": "profile", "image": {"picURL": "https://static1.personality-database.com/profile_images/12867ba10785406f92962139571f5471.png"}, "join_to_post": false, "can_pin": false}, {"description": "", "follow_count": 0, "id": 88766, "is_following": false, "is_join_pending": false, "is_banned": false, "is_moderated": false, "name_readable": "Yesul", "post_count": 0, "source_profile_id": 111806, "source_type": "profile", "image": {"picURL": "https://static1.personality-database.com/profile_images/24b7a6effd5347568fe765192f50bcfe.png"}, "join_to_post": false, "can_pin": false}], "subcategory": "Odd Girl Out", "topic_image_url": "https://static1.personality-database.com/profile_images/cc652a1bfb2b45e49cd311437557286a.png", "source_location": {"cid": 26, "pid": 2, "sub_cat_id": 7961}, "can_post_image": false, "can_post_audio": false, "posts": {"posts": []}}}}