{"id": 111359, "mbti_profile": "Kim Hyesung", "profile_name_searchable": "kimhyesung", "allow_commenting": true, "allow_voting": true, "user_id": 19554, "contributor": "madissyn", "contributor_create_date": "2020-03-28 02:39:31", "contributor_pic_path": "https://lh3.googleusercontent.com/a-/AOh14GigyjYUzUw_2-mcjqEB-w_Jp5zuZp9GpGjCmMYMjw=s96-c", "display_order": 995, "edit_lock": 0, "edit_lock_picture": 0, "is_active": true, "is_approved": true, "mbti_enneagram_type": "ESFP 6w7", "mbti_type": "ESFP 6w7", "pdb_comment_access": true, "pdb_page_owner": 0, "pdb_public_access": true, "wiki_description": "", "watch_count": 52, "comment_count": 7, "vote_count": 86, "vote_count_enneagram": 26, "vote_count_mbti": 86, "total_vote_counts": 151, "personality_type": "ESFP - 6w7 - sx/sp - 684 - SEE - SLUEN - VFEL - Sanguine-Phlegmatic", "type_updated_date": "2022-07-27 17:31:50", "enneagram_vote": "", "enneagram_vote_id": 0, "mbti_vote": "", "mbti_vote_id": 0, "is_watching": false, "image_exists": false, "profile_image_url": "https://static1.personality-database.com/profile_images/888e7e0fa74f403993b86cff9dc66e95.png", "profile_image_credit": "", "profile_image_credit_id": 49700, "profile_image_credit_type": "0", "profile_image_credit_url": "", "alt_subcategory": "", "related_subcategories": "", "cat_id": 26, "category": "Web Comics", "category_is_fictional": true, "sub_cat_id": 8151, "subcategory": "Love is an Illusion", "subcat_link_info": {"sub_cat_id": 8151, "cat_id": 26, "property_id": 2, "subcategory": "Love is an Illusion"}, "related_subcat_link_info": null, "related_profiles": [{"id": 158702, "mbti_profile": "Lee Chowon", "subcategory": "Love is an Illusion", "profile_image_url": "https://static1.personality-database.com/profile_images/106ad24d5f2940fbaa85c65e67cd0dac.png", "profile_name": "Lee Chowon", "profile_subcat": "Love is an Illusion", "sub_cat_id": 8151, "cat_id": 26, "property_id": 2, "mbti": "INFP", "enneatype": "4w3"}, {"id": 212250, "mbti_profile": "Park Do-Gyeom", "subcategory": "Love is an Illusion", "profile_image_url": "https://static1.personality-database.com/profile_images/56dbcc786d7b4e339da25dbad76e090a.png", "profile_name": "Park Do-Gyeom", "profile_subcat": "Love is an Illusion", "sub_cat_id": 8151, "cat_id": 26, "property_id": 2, "mbti": "ENTP", "enneatype": "3w4"}, {"id": 111358, "mbti_profile": "Park Dojin", "subcategory": "Love is an Illusion", "profile_image_url": "https://static1.personality-database.com/profile_images/6b5e13fd6a8841098a9db0a6f5c4c865.png", "profile_name": "Park Dojin", "profile_subcat": "Love is an Illusion", "sub_cat_id": 8151, "cat_id": 26, "property_id": 2, "mbti": "ISTP", "enneatype": "8w7"}, {"id": 234966, "mbti_profile": "Park Byul", "subcategory": "Love is an Illusion", "profile_image_url": "https://static1.personality-database.com/profile_images/fd0692e36ed94bde877a7697585ea83a.png", "profile_name": "Park Byul", "profile_subcat": "Love is an Illusion", "sub_cat_id": 8151, "cat_id": 26, "property_id": 2, "mbti": "ISFJ", "enneatype": "9w1"}, {"id": 111360, "mbti_profile": "Yoon Heesoo", "subcategory": "Love is an Illusion", "profile_image_url": "https://static1.personality-database.com/profile_images/d11b581de8a242a4b7a1f7a1364525bd.png", "profile_name": "Yoon Heesoo", "profile_subcat": "Love is an Illusion", "sub_cat_id": 8151, "cat_id": 26, "property_id": 2, "mbti": "ESFJ", "enneatype": "2w3"}, {"id": 465448, "mbti_profile": "Lee Seung", "subcategory": "Love is an Illusion", "profile_image_url": "https://static1.personality-database.com/profile_images/6269dcb5f0e445b1b6e172a24f2d1f73.png", "profile_name": "Lee Seung", "profile_subcat": "Love is an Illusion", "sub_cat_id": 8151, "cat_id": 26, "property_id": 2, "mbti": "ISTJ", "enneatype": "2w1"}, {"id": 158701, "mbti_profile": "Park Dojun", "subcategory": "Love is an Illusion", "profile_image_url": "https://static1.personality-database.com/profile_images/5b0bf6d62a0140d9b98b09cb57dd966c.png", "profile_name": "Park Dojun", "profile_subcat": "Love is an Illusion", "sub_cat_id": 8151, "cat_id": 26, "property_id": 2, "mbti": "ISTJ", "enneatype": "5w6"}, {"id": 212242, "mbti_profile": "Yoo Kyungsoo", "subcategory": "Love is an Illusion", "profile_image_url": "https://static1.personality-database.com/profile_images/4b7b29e3a2764d19b82870220706c1ed.png", "profile_name": "Yoo Kyungsoo", "profile_subcat": "Love is an Illusion", "sub_cat_id": 8151, "cat_id": 26, "property_id": 2, "mbti": "ENFP", "enneatype": "6w7"}], "functions": ["Se", "Fi", "Te", "Ni"], "systems": [{"hex_color": "#888888", "id": 1, "personality_type": "XXXX", "personality_type_id": 0, "system_name": "Four Letter", "system_vote_count": 84, "user_vote_type_id": 0, "vote_id": 0}, {"hex_color": "#006775", "id": 2, "personality_type": "XXXX", "personality_type_id": 0, "system_name": "Enneagram", "system_vote_count": 26, "user_vote_type_id": 0, "vote_id": 0}, {"hex_color": "#006775", "id": 5, "personality_type": "XXXX", "personality_type_id": 0, "system_name": "Instinctual Variant", "system_vote_count": 9, "user_vote_type_id": 0, "vote_id": 0}, {"hex_color": "#006775", "id": 6, "personality_type": "XXXX", "personality_type_id": 0, "system_name": "Tritype", "system_vote_count": 10, "user_vote_type_id": 0, "vote_id": 0}, {"hex_color": "#888888", "id": 3, "personality_type": "XXXX", "personality_type_id": 0, "system_name": "Socionics", "system_vote_count": 4, "user_vote_type_id": 0, "vote_id": 0}, {"hex_color": "#888888", "id": 9, "personality_type": "XXXX", "personality_type_id": 0, "system_name": "Big 5 (SLOAN)", "system_vote_count": 4, "user_vote_type_id": 0, "vote_id": 0}, {"hex_color": "#888888", "id": 8, "personality_type": "XXXX", "personality_type_id": 0, "system_name": "Attitudinal Psyche", "system_vote_count": 3, "user_vote_type_id": 0, "vote_id": 0}, {"hex_color": "#888888", "id": 7, "personality_type": "XXXX", "personality_type_id": 0, "system_name": "Temperaments", "system_vote_count": 6, "user_vote_type_id": 0, "vote_id": 0}, {"hex_color": "#888888", "id": 11, "personality_type": "XXXX", "personality_type_id": 0, "system_name": "Classic Jungian", "system_vote_count": 1, "user_vote_type_id": 0, "vote_id": 0}], "breakdown_systems": {"1": [{"myValue": "ESFP", "personality_system_id": 1, "personality_type": "ESFP", "theCount": 62}, {"myValue": "ENTP", "personality_system_id": 1, "personality_type": "ENTP", "theCount": 11}, {"myValue": "ISFP", "personality_system_id": 1, "personality_type": "ISFP", "theCount": 3}, {"myValue": "ENTJ", "personality_system_id": 1, "personality_type": "ENTJ", "theCount": 2}, {"myValue": "ESTP", "personality_system_id": 1, "personality_type": "ESTP", "theCount": 2}, {"myValue": "ENFP", "personality_system_id": 1, "personality_type": "ENFP", "theCount": 1}, {"myValue": "ESTJ", "personality_system_id": 1, "personality_type": "ESTJ", "theCount": 1}, {"myValue": "INTJ", "personality_system_id": 1, "personality_type": "INTJ", "theCount": 1}, {"myValue": "ISTP", "personality_system_id": 1, "personality_type": "ISTP", "theCount": 1}], "11": [{"myValue": "IF(S)", "personality_system_id": 11, "personality_type": "IF(S)", "theCount": 1}], "2": [{"myValue": "6w7", "personality_system_id": 2, "personality_type": "6w7", "theCount": 23}, {"myValue": "8w7", "personality_system_id": 2, "personality_type": "8w7", "theCount": 3}], "3": [{"myValue": "SEE", "personality_system_id": 3, "personality_type": "SEE", "theCount": 3}, {"myValue": "ESE", "personality_system_id": 3, "personality_type": "ESE", "theCount": 1}], "4": [{"myValue": "Chaotic Good", "personality_system_id": 4, "personality_type": "Chaotic Good", "theCount": 2}, {"myValue": "Chaotic Neutral", "personality_system_id": 4, "personality_type": "Chaotic Neutral", "theCount": 2}], "5": [{"myValue": "sx/sp", "personality_system_id": 5, "personality_type": "sx/sp", "theCount": 6}, {"myValue": "sx/so", "personality_system_id": 5, "personality_type": "sx/so", "theCount": 2}, {"myValue": "so/sp", "personality_system_id": 5, "personality_type": "so/sp", "theCount": 1}], "6": [{"myValue": "684", "personality_system_id": 6, "personality_type": "684", "theCount": 4}, {"myValue": "694", "personality_system_id": 6, "personality_type": "694", "theCount": 3}, {"myValue": "648", "personality_system_id": 6, "personality_type": "648", "theCount": 1}, {"myValue": "649", "personality_system_id": 6, "personality_type": "649", "theCount": 1}, {"myValue": "862", "personality_system_id": 6, "personality_type": "862", "theCount": 1}], "7": [{"myValue": "Sanguine-Phlegmatic", "personality_system_id": 7, "personality_type": "Sanguine-Phlegmatic", "theCount": 3}, {"myValue": "Choleric-Melancholic", "personality_system_id": 7, "personality_type": "Choleric-Melancholic", "theCount": 1}, {"myValue": "Choleric-Sanguine", "personality_system_id": 7, "personality_type": "Choleric-Sanguine", "theCount": 1}, {"myValue": "Sanguine-Choleric", "personality_system_id": 7, "personality_type": "Sanguine-Choleric", "theCount": 1}], "8": [{"myValue": "VFEL", "personality_system_id": 8, "personality_type": "VFEL", "theCount": 2}, {"myValue": "EFLV", "personality_system_id": 8, "personality_type": "EFLV", "theCount": 1}], "9": [{"myValue": "SLUEN", "personality_system_id": 9, "personality_type": "SLUEN", "theCount": 4}]}, "breakdown_config": {"expand": {"1": 3, "11": 1, "2": 3, "3": 1, "4": 1, "5": 1, "6": 1, "7": 1, "8": 1, "9": 1}, "fire": {"1": 0, "11": 0, "2": 0, "3": 0, "4": 0, "5": 0, "6": 0, "7": 0, "8": 0, "9": 0}}, "mbti_letter_stats": [{"type": "E", "percentage": "94%", "PercentageFloat": 0.9404761904761905}, {"type": "S", "percentage": "82%", "PercentageFloat": 0.8214285714285714}, {"type": "F", "percentage": "79%", "PercentageFloat": 0.7857142857142857}, {"type": "P", "percentage": "95%", "PercentageFloat": 0.9523809523809523}], "topic_info": {"can_generate": false, "topic": {"description": "", "follow_count": 0, "id": 88419, "is_following": false, "is_join_pending": false, "is_banned": false, "is_moderated": false, "name_readable": "Kim Hyesung", "post_count": 0, "source_profile_id": 111359, "source_type": "profile", "join_to_post": false, "can_pin": false, "related_topics": [{"description": "", "follow_count": 0, "id": 163913, "is_following": false, "is_join_pending": false, "is_banned": false, "is_moderated": false, "name_readable": "Yoo Kyungsoo", "post_count": 1, "source_profile_id": 212242, "source_type": "profile", "image": {"picURL": "https://static1.personality-database.com/profile_images/4b7b29e3a2764d19b82870220706c1ed.png"}, "join_to_post": false, "can_pin": false}, {"description": "", "follow_count": 0, "id": 88418, "is_following": false, "is_join_pending": false, "is_banned": false, "is_moderated": false, "name_readable": "Park Dojin", "post_count": 0, "source_profile_id": 111358, "source_type": "profile", "image": {"picURL": "https://static1.personality-database.com/profile_images/6b5e13fd6a8841098a9db0a6f5c4c865.png"}, "join_to_post": false, "can_pin": false}, {"description": "", "follow_count": 0, "id": 88419, "is_following": false, "is_join_pending": false, "is_banned": false, "is_moderated": false, "name_readable": "Kim Hyesung", "post_count": 0, "source_profile_id": 111359, "source_type": "profile", "image": {"picURL": "https://static1.personality-database.com/profile_images/888e7e0fa74f403993b86cff9dc66e95.png"}, "join_to_post": false, "can_pin": false}, {"description": "", "follow_count": 0, "id": 88420, "is_following": false, "is_join_pending": false, "is_banned": false, "is_moderated": false, "name_readable": "Yoon Heesoo", "post_count": 0, "source_profile_id": 111360, "source_type": "profile", "image": {"picURL": "https://static1.personality-database.com/profile_images/d11b581de8a242a4b7a1f7a1364525bd.png"}, "join_to_post": false, "can_pin": false}, {"description": "", "follow_count": 0, "id": 123117, "is_following": false, "is_join_pending": false, "is_banned": false, "is_moderated": false, "name_readable": "Park Dojun", "post_count": 0, "source_profile_id": 158701, "source_type": "profile", "image": {"picURL": "https://static1.personality-database.com/profile_images/5b0bf6d62a0140d9b98b09cb57dd966c.png"}, "join_to_post": false, "can_pin": false}, {"description": "", "follow_count": 2, "id": 123118, "is_following": false, "is_join_pending": false, "is_banned": false, "is_moderated": false, "name_readable": "Lee Chowon", "post_count": 0, "source_profile_id": 158702, "source_type": "profile", "image": {"picURL": "https://static1.personality-database.com/profile_images/106ad24d5f2940fbaa85c65e67cd0dac.png"}, "join_to_post": false, "can_pin": false}, {"description": "", "follow_count": 0, "id": 163921, "is_following": false, "is_join_pending": false, "is_banned": false, "is_moderated": false, "name_readable": "Park Do-Gyeom", "post_count": 0, "source_profile_id": 212250, "source_type": "profile", "image": {"picURL": "https://static1.personality-database.com/profile_images/56dbcc786d7b4e339da25dbad76e090a.png"}, "join_to_post": false, "can_pin": false}, {"description": "", "follow_count": 0, "id": 181499, "is_following": false, "is_join_pending": false, "is_banned": false, "is_moderated": false, "name_readable": "Park Byul", "post_count": 0, "source_profile_id": 234966, "source_type": "profile", "image": {"picURL": "https://static1.personality-database.com/profile_images/fd0692e36ed94bde877a7697585ea83a.png"}, "join_to_post": false, "can_pin": false}, {"description": "Lee Seung's Friend and the other romantic interes in the story \"The queen\"", "follow_count": 0, "id": 335335, "is_following": false, "is_join_pending": false, "is_banned": false, "is_moderated": false, "name_readable": "Mujin", "post_count": 0, "source_profile_id": 468960, "source_type": "profile", "image": {"picURL": "https://static1.personality-database.com/profile_images/dd11f2563ef7410e9993f91041ca6d8e.png"}, "join_to_post": false, "can_pin": false}], "subcategory": "Love is an Illusion", "topic_image_url": "https://static1.personality-database.com/profile_images/888e7e0fa74f403993b86cff9dc66e95.png", "source_location": {"cid": 26, "pid": 2, "sub_cat_id": 8151}, "can_post_image": false, "can_post_audio": false, "posts": {"posts": [{"username": "bottom energy", "user_pic_path": "https://lh3.googleusercontent.com/a-/AFdZucrV68ABkptapeEv-44uNndG7YxMhUdYyDes5EdE2Q=s96-c", "user_personality_type": "ESFP-7w6-739", "is_mod": false, "comment_count": 1, "reply_count": 1, "vote_type": 0, "topics_list": [{"id": 88419, "name_readable": "Kim Hyesung"}], "id": 84824, "post_id": 84824, "user_id": 78654, "title": "", "content": "WHY ARE PPL TYPING LOVE IS AN ILLUSION CHARACTERS LMFAOFSDKFJAS", "create_date": 1601499793000, "unix_timestamp": 1601499793000, "update_date": 1601499793000, "vote_count": 5, "vote_count_down": 0, "is_reported": 1, "is_hidden": false, "is_pinned": false, "is_watching": false, "is_pro_user": false, "images": null, "audios": null, "function_list": [], "type": "post"}]}}}}