{"id": 114790, "mbti_profile": "Darcy Olsson", "profile_name_searchable": "darcyolsson", "allow_commenting": true, "allow_voting": true, "user_id": 7910, "contributor": "CinnamonZor", "contributor_create_date": "2020-04-05 05:28:43", "contributor_pic_path": "https://lh3.googleusercontent.com/a-/AOh14Gh7TGc2FmtQpKOf7aen0CStl4bXsfyXY1Uj49tA=s96-c", "display_order": 0, "edit_lock": 0, "edit_lock_picture": 0, "is_active": true, "is_approved": true, "mbti_enneagram_type": "ESFP 7w6", "mbti_type": "ESFP 7w6", "pdb_comment_access": true, "pdb_page_owner": 0, "pdb_public_access": true, "wiki_description": "Darcy Olsson is a character in Heartstopper, and a friend of Nick & Charlie. she is also Tara's girlfriend.", "watch_count": 134, "comment_count": 2, "vote_count": 90, "vote_count_enneagram": 39, "vote_count_mbti": 90, "total_vote_counts": 164, "personality_type": "ESFP - 7w6 - so/sx - 794 - IEE - SCUEN - VEFL - Sanguine [Dominant]", "type_updated_date": "2022-06-29 02:29:04", "enneagram_vote": "", "enneagram_vote_id": 0, "mbti_vote": "", "mbti_vote_id": 0, "is_watching": false, "image_exists": false, "profile_image_url": "https://static1.personality-database.com/profile_images/e34a19e57bee4920be5639b55112e1c7.png", "profile_image_credit": "", "profile_image_credit_id": 55325, "profile_image_credit_type": "0", "profile_image_credit_url": "", "alt_subcategory": "", "related_subcategories": "", "cat_id": 26, "category": "Web Comics", "category_is_fictional": true, "sub_cat_id": 5564, "subcategory": "Heartstopper", "subcat_link_info": {"sub_cat_id": 5564, "cat_id": 26, "property_id": 2, "subcategory": "Heartstopper"}, "related_subcat_link_info": null, "related_profiles": [{"id": 67075, "mbti_profile": "Charlie Spring", "subcategory": "Heartstopper", "profile_image_url": "https://static1.personality-database.com/profile_images/57d876ce3ed74c84ae1cf2dc0ccada0d.png", "profile_name": "Charlie Spring", "profile_subcat": "Heartstopper", "sub_cat_id": 5564, "cat_id": 26, "property_id": 2, "mbti": "ISFP", "enneatype": "6w5"}, {"id": 67080, "mbti_profile": "Victoria \"Tori\" Spring", "subcategory": "Heartstopper", "profile_image_url": "https://static1.personality-database.com/profile_images/e78b40e0611a49d08be1d8809e90132d.png", "profile_name": "Victoria \"Tori\" Spring", "profile_subcat": "Heartstopper", "sub_cat_id": 5564, "cat_id": 26, "property_id": 2, "mbti": "INTJ", "enneatype": "5w4"}, {"id": 67076, "mbti_profile": "Nicholas \"Nick\" Nelson", "subcategory": "Heartstopper", "profile_image_url": "https://static1.personality-database.com/profile_images/0583b06ed98c47db954d47a0c6d62ca8.png", "profile_name": "Nicholas \"Nick\" Nelson", "profile_subcat": "Heartstopper", "sub_cat_id": 5564, "cat_id": 26, "property_id": 2, "mbti": "ESFJ", "enneatype": "9w1"}, {"id": 67077, "mbti_profile": "Tara Jones", "subcategory": "Heartstopper", "profile_image_url": "https://static1.personality-database.com/profile_images/6382646241c04ac784a063046346def6.png", "profile_name": "Tara Jones", "profile_subcat": "Heartstopper", "sub_cat_id": 5564, "cat_id": 26, "property_id": 2, "mbti": "ISFJ", "enneatype": "9w1"}, {"id": 67081, "mbti_profile": "Tao Xu", "subcategory": "Heartstopper", "profile_image_url": "https://static1.personality-database.com/profile_images/c7209dffaa394e9587ed247d2e266ec1.png", "profile_name": "Tao Xu", "profile_subcat": "Heartstopper", "sub_cat_id": 5564, "cat_id": 26, "property_id": 2, "mbti": "ISTJ", "enneatype": "6w7"}, {"id": 338558, "mbti_profile": "Benjamin \"Ben\" Hope", "subcategory": "Heartstopper", "profile_image_url": "https://static1.personality-database.com/profile_images/1ef4cef053744e7da9720f3655407f01.png", "profile_name": "Benjamin \"Ben\" Hope", "profile_subcat": "Heartstopper", "sub_cat_id": 5564, "cat_id": 26, "property_id": 2, "mbti": "ESTP", "enneatype": "8w7"}, {"id": 67079, "mbti_profile": "Elle Argent", "subcategory": "Heartstopper", "profile_image_url": "https://static1.personality-database.com/profile_images/c244c377e90844f2af2c8f280a31ca04.png", "profile_name": "Elle Argent", "profile_subcat": "Heartstopper", "sub_cat_id": 5564, "cat_id": 26, "property_id": 2, "mbti": "ENFJ", "enneatype": "2w1"}, {"id": 446775, "mbti_profile": "Aled Last", "subcategory": "Heartstopper", "profile_image_url": "https://static1.personality-database.com/profile_images/9704a780a8ca4e1ab41cd35b3b44be43.png", "profile_name": "Aled Last", "profile_subcat": "Heartstopper", "sub_cat_id": 5564, "cat_id": 26, "property_id": 2, "mbti": "INFJ", "enneatype": "9w1"}], "functions": ["Se", "Fi", "Te", "Ni"], "systems": [{"hex_color": "#888888", "id": 1, "personality_type": "XXXX", "personality_type_id": 0, "system_name": "Four Letter", "system_vote_count": 90, "user_vote_type_id": 0, "vote_id": 0}, {"hex_color": "#006775", "id": 2, "personality_type": "XXXX", "personality_type_id": 0, "system_name": "Enneagram", "system_vote_count": 39, "user_vote_type_id": 0, "vote_id": 0}, {"hex_color": "#006775", "id": 5, "personality_type": "XXXX", "personality_type_id": 0, "system_name": "Instinctual Variant", "system_vote_count": 10, "user_vote_type_id": 0, "vote_id": 0}, {"hex_color": "#006775", "id": 6, "personality_type": "XXXX", "personality_type_id": 0, "system_name": "Tritype", "system_vote_count": 9, "user_vote_type_id": 0, "vote_id": 0}, {"hex_color": "#888888", "id": 3, "personality_type": "XXXX", "personality_type_id": 0, "system_name": "Socionics", "system_vote_count": 2, "user_vote_type_id": 0, "vote_id": 0}, {"hex_color": "#888888", "id": 9, "personality_type": "XXXX", "personality_type_id": 0, "system_name": "Big 5 (SLOAN)", "system_vote_count": 4, "user_vote_type_id": 0, "vote_id": 0}, {"hex_color": "#888888", "id": 8, "personality_type": "XXXX", "personality_type_id": 0, "system_name": "Attitudinal Psyche", "system_vote_count": 1, "user_vote_type_id": 0, "vote_id": 0}, {"hex_color": "#888888", "id": 7, "personality_type": "XXXX", "personality_type_id": 0, "system_name": "Temperaments", "system_vote_count": 9, "user_vote_type_id": 0, "vote_id": 0}, {"hex_color": "#888888", "id": 11, "personality_type": "XXXX", "personality_type_id": 0, "system_name": "Classic Jungian", "system_vote_count": 0, "user_vote_type_id": 0, "vote_id": 0}], "breakdown_systems": {"1": [{"myValue": "ESFP", "personality_system_id": 1, "personality_type": "ESFP", "theCount": 70}, {"myValue": "ENFP", "personality_system_id": 1, "personality_type": "ENFP", "theCount": 8}, {"myValue": "ESTP", "personality_system_id": 1, "personality_type": "ESTP", "theCount": 7}, {"myValue": "ENTP", "personality_system_id": 1, "personality_type": "ENTP", "theCount": 3}, {"myValue": "INFP", "personality_system_id": 1, "personality_type": "INFP", "theCount": 1}, {"myValue": "ISFP", "personality_system_id": 1, "personality_type": "ISFP", "theCount": 1}], "11": [{"myValue": "XXXX", "personality_system_id": 0, "personality_type": "XXXX", "theCount": 0}], "2": [{"myValue": "7w6", "personality_system_id": 2, "personality_type": "7w6", "theCount": 21}, {"myValue": "7w8", "personality_system_id": 2, "personality_type": "7w8", "theCount": 16}, {"myValue": "3w4", "personality_system_id": 2, "personality_type": "3w4", "theCount": 1}, {"myValue": "8w7", "personality_system_id": 2, "personality_type": "8w7", "theCount": 1}], "3": [{"myValue": "IEE", "personality_system_id": 3, "personality_type": "IEE", "theCount": 2}], "5": [{"myValue": "so/sx", "personality_system_id": 5, "personality_type": "so/sx", "theCount": 8}, {"myValue": "sp/so", "personality_system_id": 5, "personality_type": "sp/so", "theCount": 1}, {"myValue": "sp/sx", "personality_system_id": 5, "personality_type": "sp/sx", "theCount": 1}], "6": [{"myValue": "794", "personality_system_id": 6, "personality_type": "794", "theCount": 3}, {"myValue": "748", "personality_system_id": 6, "personality_type": "748", "theCount": 2}, {"myValue": "379", "personality_system_id": 6, "personality_type": "379", "theCount": 1}, {"myValue": "792", "personality_system_id": 6, "personality_type": "792", "theCount": 1}, {"myValue": "793", "personality_system_id": 6, "personality_type": "793", "theCount": 1}, {"myValue": "872", "personality_system_id": 6, "personality_type": "872", "theCount": 1}], "7": [{"myValue": "Sanguine [Dominant]", "personality_system_id": 7, "personality_type": "Sanguine [Dominant]", "theCount": 8}, {"myValue": "Phlegmatic-Sanguine", "personality_system_id": 7, "personality_type": "Phlegmatic-Sanguine", "theCount": 1}], "8": [{"myValue": "VEFL", "personality_system_id": 8, "personality_type": "VEFL", "theCount": 1}], "9": [{"myValue": "SCUEN", "personality_system_id": 9, "personality_type": "SCUEN", "theCount": 2}, {"myValue": "SCUAI", "personality_system_id": 9, "personality_type": "SCUAI", "theCount": 1}, {"myValue": "SCUAN", "personality_system_id": 9, "personality_type": "SCUAN", "theCount": 1}]}, "breakdown_config": {"expand": {"1": 3, "11": 1, "2": 3, "3": 1, "5": 1, "6": 1, "7": 1, "8": 1, "9": 1}, "fire": {"1": 0, "11": 0, "2": 1, "3": 0, "5": 0, "6": 0, "7": 0, "8": 0, "9": 0}}, "mbti_letter_stats": [{"type": "E", "percentage": "98%", "PercentageFloat": 0.9777777777777777}, {"type": "S", "percentage": "87%", "PercentageFloat": 0.8666666666666667}, {"type": "F", "percentage": "89%", "PercentageFloat": 0.8888888888888888}, {"type": "P", "percentage": "100%", "PercentageFloat": 1}], "topic_info": {"can_generate": false, "topic": {"description": "", "follow_count": 0, "id": 90993, "is_following": false, "is_join_pending": false, "is_banned": false, "is_moderated": false, "name_readable": "Darcy Olsson", "post_count": 0, "source_profile_id": 114790, "source_type": "profile", "join_to_post": false, "can_pin": false, "related_topics": [{"description": "", "follow_count": 2, "id": 55676, "is_following": false, "is_join_pending": false, "is_banned": false, "is_moderated": false, "name_readable": "Victoria \"Tori\" Spring", "post_count": 11, "source_profile_id": 67080, "source_type": "profile", "image": {"picURL": "https://static1.personality-database.com/profile_images/e78b40e0611a49d08be1d8809e90132d.png"}, "join_to_post": false, "can_pin": false}, {"description": "", "follow_count": 0, "id": 55672, "is_following": false, "is_join_pending": false, "is_banned": false, "is_moderated": false, "name_readable": "Nicholas \"Nick\" Nelson", "post_count": 8, "source_profile_id": 67076, "source_type": "profile", "image": {"picURL": "https://static1.personality-database.com/profile_images/0583b06ed98c47db954d47a0c6d62ca8.png"}, "join_to_post": false, "can_pin": false}, {"description": "", "follow_count": 1, "id": 55671, "is_following": false, "is_join_pending": false, "is_banned": false, "is_moderated": false, "name_readable": "Charlie Spring", "post_count": 8, "source_profile_id": 67075, "source_type": "profile", "image": {"picURL": "https://static1.personality-database.com/profile_images/57d876ce3ed74c84ae1cf2dc0ccada0d.png"}, "join_to_post": false, "can_pin": false}, {"description": "", "follow_count": 1, "id": 55673, "is_following": false, "is_join_pending": false, "is_banned": false, "is_moderated": false, "name_readable": "Tara Jones", "post_count": 3, "source_profile_id": 67077, "source_type": "profile", "image": {"picURL": "https://static1.personality-database.com/profile_images/6382646241c04ac784a063046346def6.png"}, "join_to_post": false, "can_pin": false}, {"description": "", "follow_count": 0, "id": 55677, "is_following": false, "is_join_pending": false, "is_banned": false, "is_moderated": false, "name_readable": "Tao Xu", "post_count": 3, "source_profile_id": 67081, "source_type": "profile", "image": {"picURL": "https://static1.personality-database.com/profile_images/c7209dffaa394e9587ed247d2e266ec1.png"}, "join_to_post": false, "can_pin": false}, {"description": "Tori\u2019s boyfriend. Optimistic, dog-loving olympic speed skater.", "follow_count": 0, "id": 329178, "is_following": false, "is_join_pending": false, "is_banned": false, "is_moderated": false, "name_readable": "Michael Holden", "post_count": 2, "source_profile_id": 455984, "source_type": "profile", "image": {"picURL": "https://static1.personality-database.com/profile_images/408560aa80cd4cc7b775240b3e4138fd.png"}, "join_to_post": false, "can_pin": false}, {"description": "", "follow_count": 1, "id": 250118, "is_following": false, "is_join_pending": false, "is_banned": false, "is_moderated": false, "name_readable": "Nick's Mom", "post_count": 1, "source_profile_id": 324980, "source_type": "profile", "image": {"picURL": "https://static1.personality-database.com/profile_images/b8af1cd45af34a2ab35c600a02cea6db.png"}, "join_to_post": false, "can_pin": false}, {"description": "An art teacher and chaperone for the trip to Paris.", "follow_count": 0, "id": 329506, "is_following": false, "is_join_pending": false, "is_banned": false, "is_moderated": false, "name_readable": "Mr. Ajayi", "post_count": 1, "source_profile_id": 434395, "source_type": "profile", "image": {"picURL": "https://static1.personality-database.com/profile_images/5460cb5c0ae840a1bfe3f9c5339c1873.png"}, "join_to_post": false, "can_pin": false}, {"description": "", "follow_count": 0, "id": 90993, "is_following": false, "is_join_pending": false, "is_banned": false, "is_moderated": false, "name_readable": "Darcy Olsson", "post_count": 0, "source_profile_id": 114790, "source_type": "profile", "image": {"picURL": "https://static1.personality-database.com/profile_images/e34a19e57bee4920be5639b55112e1c7.png"}, "join_to_post": false, "can_pin": false}, {"description": "", "follow_count": 0, "id": 260316, "is_following": false, "is_join_pending": false, "is_banned": false, "is_moderated": false, "name_readable": "Harry Greene", "post_count": 0, "source_profile_id": 338400, "source_type": "profile", "image": {"picURL": "https://static1.personality-database.com/profile_images/c2174a1a4de4491db3c94b41ae006fad.png"}, "join_to_post": false, "can_pin": false}, {"description": "Benjamin \"Ben\" Hope is an antagonist on Heartstopper. He used to hook up in between classes with Charlie, who thought that they were going to have a serious relationship. Ben is very cunning and has no desire to be a good person.", "follow_count": 0, "id": 260440, "is_following": false, "is_join_pending": false, "is_banned": false, "is_moderated": false, "name_readable": "Benjamin \"Ben\" Hope", "post_count": 0, "source_profile_id": 338558, "source_type": "profile", "image": {"picURL": "https://static1.personality-database.com/profile_images/1ef4cef053744e7da9720f3655407f01.png"}, "join_to_post": false, "can_pin": false}, {"description": "", "follow_count": 0, "id": 275380, "is_following": false, "is_join_pending": false, "is_banned": false, "is_moderated": false, "name_readable": "David", "post_count": 0, "source_profile_id": 357907, "source_type": "profile", "image": {"picURL": "https://static1.personality-database.com/profile_images/9dbd136b8645457699b6dbefa93b73d4.png"}, "join_to_post": false, "can_pin": false}, {"description": "best character", "follow_count": 0, "id": 282885, "is_following": false, "is_join_pending": false, "is_banned": false, "is_moderated": false, "name_readable": "Nellie Nelson", "post_count": 0, "source_profile_id": 367805, "source_type": "profile", "image": {"picURL": "https://static1.personality-database.com/profile_images/8b70bd789ed1410dad6c02f5cd2f27c5.png"}, "join_to_post": false, "can_pin": false}, {"description": "", "follow_count": 0, "id": 323114, "is_following": false, "is_join_pending": false, "is_banned": false, "is_moderated": false, "name_readable": "Sai", "post_count": 0, "source_profile_id": 421186, "source_type": "profile", "image": {"picURL": "https://static1.personality-database.com/profile_images/0c6d290705fb44e99a7f49634d77840c.png"}, "join_to_post": false, "can_pin": false}, {"description": "", "follow_count": 0, "id": 323115, "is_following": false, "is_join_pending": false, "is_banned": false, "is_moderated": false, "name_readable": "Christian", "post_count": 0, "source_profile_id": 421187, "source_type": "profile", "image": {"picURL": "https://static1.personality-database.com/profile_images/2a269124a31c4144942e4b1048269da0.png"}, "join_to_post": false, "can_pin": false}, {"description": "", "follow_count": 0, "id": 323116, "is_following": false, "is_join_pending": false, "is_banned": false, "is_moderated": false, "name_readable": "Otis", "post_count": 0, "source_profile_id": 421188, "source_type": "profile", "image": {"picURL": "https://static1.personality-database.com/profile_images/6983d4d1014a45acad2a095bef746580.png"}, "join_to_post": false, "can_pin": false}], "subcategory": "Heartstopper", "topic_image_url": "https://static1.personality-database.com/profile_images/e34a19e57bee4920be5639b55112e1c7.png", "source_location": {"cid": 26, "pid": 2, "sub_cat_id": 5564}, "can_post_image": false, "can_post_audio": false, "posts": {"posts": []}}}}