{"id": 115474, "mbti_profile": "Heesu", "profile_name_searchable": "heesu", "allow_commenting": true, "allow_voting": true, "user_id": 9579, "contributor": "mitchelle", "contributor_create_date": "2020-04-05 19:22:12", "contributor_pic_path": "https://lh3.googleusercontent.com/a-/AOh14GjOC0TzbSC4LtO3C5APZFT2tAX9h9YaPNj8PXk11co=s96-c", "display_order": 1000, "edit_lock": 0, "edit_lock_picture": 0, "is_active": true, "is_approved": true, "mbti_enneagram_type": "ENFP 2w3", "mbti_type": "ENFP 2w3", "pdb_comment_access": true, "pdb_page_owner": 0, "pdb_public_access": true, "wiki_description": "", "watch_count": 71, "comment_count": 6, "vote_count": 86, "vote_count_enneagram": 35, "vote_count_mbti": 86, "total_vote_counts": 173, "personality_type": "ENFP - 2w3 - IEE - SLUAN - EFVL - Sanguine [Dominant] - EN(F)", "type_updated_date": "2022-11-17 19:13:44", "enneagram_vote": "", "enneagram_vote_id": 0, "mbti_vote": "", "mbti_vote_id": 0, "is_watching": false, "image_exists": false, "profile_image_url": "https://static1.personality-database.com/profile_images/1acb58b04b06449facb8bf8f0ccb5601.png", "profile_image_credit": "", "profile_image_credit_id": 113175, "profile_image_credit_type": "0", "profile_image_credit_url": "", "alt_subcategory": "", "related_subcategories": "", "cat_id": 26, "category": "Web Comics", "category_is_fictional": true, "sub_cat_id": 8363, "subcategory": "Heesu In Class 2", "subcat_link_info": {"sub_cat_id": 8363, "cat_id": 26, "property_id": 2, "subcategory": "Heesu In Class 2"}, "related_subcat_link_info": null, "related_profiles": [{"id": 115475, "mbti_profile": "Seungwon", "subcategory": "Heesu In Class 2", "profile_image_url": "https://static1.personality-database.com/profile_images/c7df9c23c2d84734806ee29e9a635c6f.png", "profile_name": "Seungwon", "profile_subcat": "Heesu In Class 2", "sub_cat_id": 8363, "cat_id": 26, "property_id": 2, "mbti": "INTJ", "enneatype": "1w9"}, {"id": 190533, "mbti_profile": "Han Sunwoo", "subcategory": "Heesu In Class 2", "profile_image_url": "https://static1.personality-database.com/profile_images/120162a19e094e178492ef10410b9cf0.png", "profile_name": "Han Sunwoo", "profile_subcat": "Heesu In Class 2", "sub_cat_id": 8363, "cat_id": 26, "property_id": 2, "mbti": "ESTP", "enneatype": "2w3"}, {"id": 190922, "mbti_profile": "Yoo Dahm", "subcategory": "Heesu In Class 2", "profile_image_url": "https://static1.personality-database.com/profile_images/b1d8a35417314a25b2f0ce531c6d12ed.png", "profile_name": "Yoo Dahm", "profile_subcat": "Heesu In Class 2", "sub_cat_id": 8363, "cat_id": 26, "property_id": 2, "mbti": "ISTJ", "enneatype": "6w5"}, {"id": 115476, "mbti_profile": "Chanyoung", "subcategory": "Heesu In Class 2", "profile_image_url": "https://static1.personality-database.com/profile_images/334d3d6da96a4dca9690f79d509ce9a5.png", "profile_name": "Chanyoung", "profile_subcat": "Heesu In Class 2", "sub_cat_id": 8363, "cat_id": 26, "property_id": 2, "mbti": "ENFJ", "enneatype": "7w6"}, {"id": 142715, "mbti_profile": "Choi Jiyu", "subcategory": "Heesu In Class 2", "profile_image_url": "https://static1.personality-database.com/profile_images/6350b4ced9c343c5a23280f6c01888ed.png", "profile_name": "Choi Jiyu", "profile_subcat": "Heesu In Class 2", "sub_cat_id": 8363, "cat_id": 26, "property_id": 2, "mbti": "ENTJ", "enneatype": "3w2"}, {"id": 311475, "mbti_profile": "Lee Heejae (Heesu's Second Oldest Sister)", "subcategory": "Heesu In Class 2", "profile_image_url": "https://static1.personality-database.com/profile_images/6cc46fe0afc543f3a95483ee7db493c6.png", "profile_name": "Lee Heejae (Heesu's Second Oldest Sister)", "profile_subcat": "Heesu In Class 2", "sub_cat_id": 8363, "cat_id": 26, "property_id": 2, "mbti": "ENTJ", "enneatype": "9w8"}, {"id": 311474, "mbti_profile": "Lee Heejung (Heesu's oldest sister)", "subcategory": "Heesu In Class 2", "profile_image_url": "https://static1.personality-database.com/profile_images/362f7dfa10a84f0796b86dd82cdf34eb.png", "profile_name": "Lee Heejung (Heesu's oldest sister)", "profile_subcat": "Heesu In Class 2", "sub_cat_id": 8363, "cat_id": 26, "property_id": 2, "mbti": "ESFJ", "enneatype": "2w1"}, {"id": 311476, "mbti_profile": "Lee Heeshin (Heesu's Third Oldest Sister)", "subcategory": "Heesu In Class 2", "profile_image_url": "https://static1.personality-database.com/profile_images/1c387f558d054eb7b7c452f95386379a.png", "profile_name": "Lee Heeshin (Heesu's Third Oldest Sister)", "profile_subcat": "Heesu In Class 2", "sub_cat_id": 8363, "cat_id": 26, "property_id": 2, "mbti": "ESFP", "enneatype": "2w3"}], "functions": ["Ne", "Fi", "Te", "Si"], "systems": [{"hex_color": "#888888", "id": 1, "personality_type": "XXXX", "personality_type_id": 0, "system_name": "Four Letter", "system_vote_count": 78, "user_vote_type_id": 0, "vote_id": 0}, {"hex_color": "#006775", "id": 2, "personality_type": "XXXX", "personality_type_id": 0, "system_name": "Enneagram", "system_vote_count": 33, "user_vote_type_id": 0, "vote_id": 0}, {"hex_color": "#006775", "id": 5, "personality_type": "XXXX", "personality_type_id": 0, "system_name": "Instinctual Variant", "system_vote_count": 15, "user_vote_type_id": 0, "vote_id": 0}, {"hex_color": "#006775", "id": 6, "personality_type": "XXXX", "personality_type_id": 0, "system_name": "Tritype", "system_vote_count": 15, "user_vote_type_id": 0, "vote_id": 0}, {"hex_color": "#888888", "id": 3, "personality_type": "XXXX", "personality_type_id": 0, "system_name": "Socionics", "system_vote_count": 5, "user_vote_type_id": 0, "vote_id": 0}, {"hex_color": "#888888", "id": 9, "personality_type": "XXXX", "personality_type_id": 0, "system_name": "Big 5 (SLOAN)", "system_vote_count": 6, "user_vote_type_id": 0, "vote_id": 0}, {"hex_color": "#888888", "id": 8, "personality_type": "XXXX", "personality_type_id": 0, "system_name": "Attitudinal Psyche", "system_vote_count": 5, "user_vote_type_id": 0, "vote_id": 0}, {"hex_color": "#888888", "id": 7, "personality_type": "XXXX", "personality_type_id": 0, "system_name": "Temperaments", "system_vote_count": 13, "user_vote_type_id": 0, "vote_id": 0}, {"hex_color": "#888888", "id": 11, "personality_type": "XXXX", "personality_type_id": 0, "system_name": "Classic Jungian", "system_vote_count": 3, "user_vote_type_id": 0, "vote_id": 0}], "breakdown_systems": {"1": [{"myValue": "ENFP", "personality_system_id": 1, "personality_type": "ENFP", "theCount": 53}, {"myValue": "INFP", "personality_system_id": 1, "personality_type": "INFP", "theCount": 22}, {"myValue": "ESFJ", "personality_system_id": 1, "personality_type": "ESFJ", "theCount": 1}, {"myValue": "INFJ", "personality_system_id": 1, "personality_type": "INFJ", "theCount": 1}, {"myValue": "ISTP", "personality_system_id": 1, "personality_type": "ISTP", "theCount": 1}], "11": [{"myValue": "EN(F)", "personality_system_id": 11, "personality_type": "EN(F)", "theCount": 3}], "2": [{"myValue": "2w3", "personality_system_id": 2, "personality_type": "2w3", "theCount": 18}, {"myValue": "7w6", "personality_system_id": 2, "personality_type": "7w6", "theCount": 15}], "3": [{"myValue": "IEE", "personality_system_id": 3, "personality_type": "IEE", "theCount": 4}, {"myValue": "EII", "personality_system_id": 3, "personality_type": "EII", "theCount": 1}], "5": [{"myValue": "sx/so", "personality_system_id": 5, "personality_type": "sx/so", "theCount": 8}, {"myValue": "so/sx", "personality_system_id": 5, "personality_type": "so/sx", "theCount": 7}], "6": [{"myValue": "279", "personality_system_id": 6, "personality_type": "279", "theCount": 7}, {"myValue": "729", "personality_system_id": 6, "personality_type": "729", "theCount": 7}, {"myValue": "962", "personality_system_id": 6, "personality_type": "962", "theCount": 1}], "7": [{"myValue": "Sanguine [Dominant]", "personality_system_id": 7, "personality_type": "Sanguine [Dominant]", "theCount": 11}, {"myValue": "Choleric-Phlegmatic", "personality_system_id": 7, "personality_type": "Choleric-Phlegmatic", "theCount": 1}, {"myValue": "Melancholic-Sanguine", "personality_system_id": 7, "personality_type": "Melancholic-Sanguine", "theCount": 1}], "8": [{"myValue": "EFVL", "personality_system_id": 8, "personality_type": "EFVL", "theCount": 3}, {"myValue": "EFLV", "personality_system_id": 8, "personality_type": "EFLV", "theCount": 1}, {"myValue": "ELVF", "personality_system_id": 8, "personality_type": "ELVF", "theCount": 1}], "9": [{"myValue": "SLUAN", "personality_system_id": 9, "personality_type": "SLUAN", "theCount": 4}, {"myValue": "RLUAN", "personality_system_id": 9, "personality_type": "RLUAN", "theCount": 1}, {"myValue": "SLUAI", "personality_system_id": 9, "personality_type": "SLUAI", "theCount": 1}]}, "breakdown_config": {"expand": {"1": 3, "11": 1, "2": 3, "3": 1, "5": 1, "6": 1, "7": 1, "8": 1, "9": 1}, "fire": {"1": 0, "11": 0, "2": 1, "3": 0, "5": 0, "6": 0, "7": 0, "8": 0, "9": 0}}, "mbti_letter_stats": [{"type": "E", "percentage": "69%", "PercentageFloat": 0.6923076923076923}, {"type": "N", "percentage": "97%", "PercentageFloat": 0.9743589743589743}, {"type": "F", "percentage": "99%", "PercentageFloat": 0.9871794871794872}, {"type": "P", "percentage": "97%", "PercentageFloat": 0.9743589743589743}], "topic_info": {"can_generate": false, "topic": {"description": "", "follow_count": 0, "id": 91297, "is_following": false, "is_join_pending": false, "is_banned": false, "is_moderated": false, "name_readable": "Heesu", "post_count": 0, "source_profile_id": 115474, "source_type": "profile", "join_to_post": false, "can_pin": false, "related_topics": [{"description": "", "follow_count": 0, "id": 91297, "is_following": false, "is_join_pending": false, "is_banned": false, "is_moderated": false, "name_readable": "Heesu", "post_count": 0, "source_profile_id": 115474, "source_type": "profile", "image": {"picURL": "https://static1.personality-database.com/profile_images/1acb58b04b06449facb8bf8f0ccb5601.png"}, "join_to_post": false, "can_pin": false}, {"description": "", "follow_count": 0, "id": 91298, "is_following": false, "is_join_pending": false, "is_banned": false, "is_moderated": false, "name_readable": "Seungwon", "post_count": 0, "source_profile_id": 115475, "source_type": "profile", "image": {"picURL": "https://static1.personality-database.com/profile_images/c7df9c23c2d84734806ee29e9a635c6f.png"}, "join_to_post": false, "can_pin": false}, {"description": "", "follow_count": 1, "id": 91299, "is_following": false, "is_join_pending": false, "is_banned": false, "is_moderated": false, "name_readable": "Chanyoung", "post_count": 0, "source_profile_id": 115476, "source_type": "profile", "image": {"picURL": "https://static1.personality-database.com/profile_images/334d3d6da96a4dca9690f79d509ce9a5.png"}, "join_to_post": false, "can_pin": false}, {"description": "", "follow_count": 0, "id": 110437, "is_following": false, "is_join_pending": false, "is_banned": false, "is_moderated": false, "name_readable": "Choi Jiyu", "post_count": 0, "source_profile_id": 142715, "source_type": "profile", "image": {"picURL": "https://static1.personality-database.com/profile_images/6350b4ced9c343c5a23280f6c01888ed.png"}, "join_to_post": false, "can_pin": false}, {"description": "", "follow_count": 0, "id": 147020, "is_following": false, "is_join_pending": false, "is_banned": false, "is_moderated": false, "name_readable": "Han Sunwoo", "post_count": 0, "source_profile_id": 190533, "source_type": "profile", "image": {"picURL": "https://static1.personality-database.com/profile_images/120162a19e094e178492ef10410b9cf0.png"}, "join_to_post": false, "can_pin": false}, {"description": "", "follow_count": 0, "id": 147328, "is_following": false, "is_join_pending": false, "is_banned": false, "is_moderated": false, "name_readable": "Yoo Dahm", "post_count": 0, "source_profile_id": 190922, "source_type": "profile", "image": {"picURL": "https://static1.personality-database.com/profile_images/b1d8a35417314a25b2f0ce531c6d12ed.png"}, "join_to_post": false, "can_pin": false}, {"description": "", "follow_count": 0, "id": 239364, "is_following": false, "is_join_pending": false, "is_banned": false, "is_moderated": false, "name_readable": "Lee Heejung (Heesu's oldest sister)", "post_count": 0, "source_profile_id": 311474, "source_type": "profile", "image": {"picURL": "https://static1.personality-database.com/profile_images/362f7dfa10a84f0796b86dd82cdf34eb.png"}, "join_to_post": false, "can_pin": false}, {"description": "", "follow_count": 0, "id": 239365, "is_following": false, "is_join_pending": false, "is_banned": false, "is_moderated": false, "name_readable": "Lee Heejae (Heesu's Second Oldest Sister)", "post_count": 0, "source_profile_id": 311475, "source_type": "profile", "image": {"picURL": "https://static1.personality-database.com/profile_images/6cc46fe0afc543f3a95483ee7db493c6.png"}, "join_to_post": false, "can_pin": false}, {"description": "", "follow_count": 0, "id": 239366, "is_following": false, "is_join_pending": false, "is_banned": false, "is_moderated": false, "name_readable": "Lee Heeshin (Heesu's Third Oldest Sister)", "post_count": 0, "source_profile_id": 311476, "source_type": "profile", "image": {"picURL": "https://static1.personality-database.com/profile_images/1c387f558d054eb7b7c452f95386379a.png"}, "join_to_post": false, "can_pin": false}], "subcategory": "Heesu In Class 2", "topic_image_url": "https://static1.personality-database.com/profile_images/1acb58b04b06449facb8bf8f0ccb5601.png", "source_location": {"cid": 26, "pid": 2, "sub_cat_id": 8363}, "can_post_image": false, "can_post_audio": false, "posts": {"posts": []}}}}