{"id": 126721, "mbti_profile": "Yohan Do", "profile_name_searchable": "yohando", "allow_commenting": true, "allow_voting": true, "user_id": 15412, "contributor": "I'm sorry women", "contributor_create_date": "2020-04-27 18:51:30", "contributor_pic_path": "https://lh3.googleusercontent.com/a-/AOh14GiS0_n-GWlxTDVhK3H60JpeDIhovZLzeDaL0Vec2w=s96-c", "display_order": 1000, "edit_lock": 0, "edit_lock_picture": 0, "is_active": true, "is_approved": true, "mbti_enneagram_type": "INFJ 6w5", "mbti_type": "INFJ 6w5", "pdb_comment_access": true, "pdb_page_owner": 0, "pdb_public_access": true, "wiki_description": "", "watch_count": 243, "comment_count": 121, "vote_count": 152, "vote_count_enneagram": 66, "vote_count_mbti": 152, "total_vote_counts": 313, "personality_type": "INFJ - 6w5 - sx/sp - 612 - ILI - RLOEI - LEFV - Melancholic-Phlegmatic", "type_updated_date": "2022-09-09 04:39:54", "enneagram_vote": "", "enneagram_vote_id": 0, "mbti_vote": "", "mbti_vote_id": 0, "is_watching": false, "image_exists": false, "profile_image_url": "https://static1.personality-database.com/profile_images/9d99f9b18e6b4d84b4439b26a04d6712.png", "profile_image_credit": "", "profile_image_credit_id": 61067, "profile_image_credit_type": "0", "profile_image_credit_url": "", "alt_subcategory": "", "related_subcategories": "", "cat_id": 26, "category": "Web Comics", "category_is_fictional": true, "sub_cat_id": 8869, "subcategory": "It's Mine", "subcat_link_info": {"sub_cat_id": 8869, "cat_id": 26, "property_id": 2, "subcategory": "It's Mine"}, "related_subcat_link_info": null, "related_profiles": [{"id": 126722, "mbti_profile": "Dajeong Lee", "subcategory": "It's Mine", "profile_image_url": "https://static1.personality-database.com/profile_images/ab14e850cb0d4fa4a0786d1ffbfddabf.png", "profile_name": "Dajeong Lee", "profile_subcat": "It's Mine", "sub_cat_id": 8869, "cat_id": 26, "property_id": 2, "mbti": "ISTP", "enneatype": "8w9"}, {"id": 307455, "mbti_profile": "Jisu Yoon", "subcategory": "It's Mine", "profile_image_url": "https://static1.personality-database.com/profile_images/24bc63d4f1be4e18a20389c8b7b8b141.png", "profile_name": "Jisu Yoon", "profile_subcat": "It's Mine", "sub_cat_id": 8869, "cat_id": 26, "property_id": 2, "mbti": "ISFP", "enneatype": "6w7"}, {"id": 254703, "mbti_profile": "Yuda Han", "subcategory": "It's Mine", "profile_image_url": "https://static1.personality-database.com/profile_images/a5aec68f50e8467db754b942df11f797.png", "profile_name": "Yuda Han", "profile_subcat": "It's Mine", "sub_cat_id": 8869, "cat_id": 26, "property_id": 2, "mbti": "ENTP", "enneatype": "7w8"}, {"id": 370343, "mbti_profile": "Choi Yoon", "subcategory": "It's Mine", "profile_image_url": "https://static1.personality-database.com/profile_images/f633d5c6b7ae45e49c9d6f6aa7e5163f.png", "profile_name": "Choi Yoon", "profile_subcat": "It's Mine", "sub_cat_id": 8869, "cat_id": 26, "property_id": 2, "mbti": "INTJ", "enneatype": "1w9"}, {"id": 398893, "mbti_profile": "Boram", "subcategory": "It's Mine", "profile_image_url": "", "profile_name": "Boram", "profile_subcat": "It's Mine", "sub_cat_id": 8869, "cat_id": 26, "property_id": 2, "mbti": "ISFP", "enneatype": ""}, {"id": 288087, "mbti_profile": "Jia Seo", "subcategory": "It's Mine", "profile_image_url": "https://static1.personality-database.com/profile_images/289910de5bb443b6a4cd27a1be366dbc.png", "profile_name": "Jia Seo", "profile_subcat": "It's Mine", "sub_cat_id": 8869, "cat_id": 26, "property_id": 2, "mbti": "INFJ", "enneatype": "4w5"}, {"id": 295429, "mbti_profile": "Yumin Kang", "subcategory": "It's Mine", "profile_image_url": "https://static1.personality-database.com/profile_images/44252b9c6af34d3eb1582be85317d959.png", "profile_name": "Yumin Kang", "profile_subcat": "It's Mine", "sub_cat_id": 8869, "cat_id": 26, "property_id": 2, "mbti": "ISFP", "enneatype": "9w1"}, {"id": 289070, "mbti_profile": "Jinnie Woo", "subcategory": "It's Mine", "profile_image_url": "https://static1.personality-database.com/profile_images/b5156afed9eb475daf6cf3d396bf32f7.png", "profile_name": "Jinnie Woo", "profile_subcat": "It's Mine", "sub_cat_id": 8869, "cat_id": 26, "property_id": 2, "mbti": "ESFP", "enneatype": "3w2"}], "functions": ["Ni", "Fe", "Ti", "Se"], "systems": [{"hex_color": "#888888", "id": 1, "personality_type": "XXXX", "personality_type_id": 0, "system_name": "Four Letter", "system_vote_count": 148, "user_vote_type_id": 0, "vote_id": 0}, {"hex_color": "#006775", "id": 2, "personality_type": "XXXX", "personality_type_id": 0, "system_name": "Enneagram", "system_vote_count": 64, "user_vote_type_id": 0, "vote_id": 0}, {"hex_color": "#006775", "id": 5, "personality_type": "XXXX", "personality_type_id": 0, "system_name": "Instinctual Variant", "system_vote_count": 26, "user_vote_type_id": 0, "vote_id": 0}, {"hex_color": "#006775", "id": 6, "personality_type": "XXXX", "personality_type_id": 0, "system_name": "Tritype", "system_vote_count": 18, "user_vote_type_id": 0, "vote_id": 0}, {"hex_color": "#888888", "id": 3, "personality_type": "XXXX", "personality_type_id": 0, "system_name": "Socionics", "system_vote_count": 20, "user_vote_type_id": 0, "vote_id": 0}, {"hex_color": "#888888", "id": 9, "personality_type": "XXXX", "personality_type_id": 0, "system_name": "Big 5 (SLOAN)", "system_vote_count": 14, "user_vote_type_id": 0, "vote_id": 0}, {"hex_color": "#888888", "id": 8, "personality_type": "XXXX", "personality_type_id": 0, "system_name": "Attitudinal Psyche", "system_vote_count": 3, "user_vote_type_id": 0, "vote_id": 0}, {"hex_color": "#888888", "id": 7, "personality_type": "XXXX", "personality_type_id": 0, "system_name": "Temperaments", "system_vote_count": 17, "user_vote_type_id": 0, "vote_id": 0}, {"hex_color": "#888888", "id": 11, "personality_type": "XXXX", "personality_type_id": 0, "system_name": "Classic Jungian", "system_vote_count": 0, "user_vote_type_id": 0, "vote_id": 0}], "breakdown_systems": {"1": [{"myValue": "INFJ", "personality_system_id": 1, "personality_type": "INFJ", "theCount": 111}, {"myValue": "INTP", "personality_system_id": 1, "personality_type": "INTP", "theCount": 23}, {"myValue": "INTJ", "personality_system_id": 1, "personality_type": "INTJ", "theCount": 10}, {"myValue": "INFP", "personality_system_id": 1, "personality_type": "INFP", "theCount": 2}, {"myValue": "ISFJ", "personality_system_id": 1, "personality_type": "ISFJ", "theCount": 1}, {"myValue": "ISTP", "personality_system_id": 1, "personality_type": "ISTP", "theCount": 1}], "11": [{"myValue": "XXXX", "personality_system_id": 0, "personality_type": "XXXX", "theCount": 0}], "2": [{"myValue": "6w5", "personality_system_id": 2, "personality_type": "6w5", "theCount": 47}, {"myValue": "2w3", "personality_system_id": 2, "personality_type": "2w3", "theCount": 12}, {"myValue": "2w1", "personality_system_id": 2, "personality_type": "2w1", "theCount": 2}, {"myValue": "5w6", "personality_system_id": 2, "personality_type": "5w6", "theCount": 1}, {"myValue": "6w7", "personality_system_id": 2, "personality_type": "6w7", "theCount": 1}, {"myValue": "8w9", "personality_system_id": 2, "personality_type": "8w9", "theCount": 1}], "3": [{"myValue": "ILI", "personality_system_id": 3, "personality_type": "ILI", "theCount": 9}, {"myValue": "IEI", "personality_system_id": 3, "personality_type": "IEI", "theCount": 8}, {"myValue": "LII", "personality_system_id": 3, "personality_type": "LII", "theCount": 2}, {"myValue": "LSI", "personality_system_id": 3, "personality_type": "LSI", "theCount": 1}], "4": [{"myValue": "Chaotic Neutral", "personality_system_id": 4, "personality_type": "Chaotic Neutral", "theCount": 2}, {"myValue": "True Neutral", "personality_system_id": 4, "personality_type": "True Neutral", "theCount": 1}], "5": [{"myValue": "sx/sp", "personality_system_id": 5, "personality_type": "sx/sp", "theCount": 26}], "6": [{"myValue": "612", "personality_system_id": 6, "personality_type": "612", "theCount": 8}, {"myValue": "614", "personality_system_id": 6, "personality_type": "614", "theCount": 2}, {"myValue": "136", "personality_system_id": 6, "personality_type": "136", "theCount": 1}, {"myValue": "251", "personality_system_id": 6, "personality_type": "251", "theCount": 1}, {"myValue": "258", "personality_system_id": 6, "personality_type": "258", "theCount": 1}, {"myValue": "259", "personality_system_id": 6, "personality_type": "259", "theCount": 1}, {"myValue": "261", "personality_system_id": 6, "personality_type": "261", "theCount": 1}, {"myValue": "541", "personality_system_id": 6, "personality_type": "541", "theCount": 1}, {"myValue": "682", "personality_system_id": 6, "personality_type": "682", "theCount": 1}, {"myValue": "692", "personality_system_id": 6, "personality_type": "692", "theCount": 1}], "7": [{"myValue": "Melancholic-Phlegmatic", "personality_system_id": 7, "personality_type": "Melancholic-Phlegmatic", "theCount": 14}, {"myValue": "Melancholic [Dominant]", "personality_system_id": 7, "personality_type": "Melancholic [Dominant]", "theCount": 1}, {"myValue": "Melancholic-Choleric", "personality_system_id": 7, "personality_type": "Melancholic-Choleric", "theCount": 1}, {"myValue": "Phlegmatic-Choleric", "personality_system_id": 7, "personality_type": "Phlegmatic-Choleric", "theCount": 1}], "8": [{"myValue": "LEFV", "personality_system_id": 8, "personality_type": "LEFV", "theCount": 2}, {"myValue": "LFVE", "personality_system_id": 8, "personality_type": "LFVE", "theCount": 1}], "9": [{"myValue": "RLOEI", "personality_system_id": 9, "personality_type": "RLOEI", "theCount": 12}, {"myValue": "RCOAI", "personality_system_id": 9, "personality_type": "RCOAI", "theCount": 1}, {"myValue": "RCOEI", "personality_system_id": 9, "personality_type": "RCOEI", "theCount": 1}]}, "breakdown_config": {"expand": {"1": 3, "11": 1, "2": 3, "3": 1, "4": 1, "5": 1, "6": 1, "7": 1, "8": 1, "9": 1}, "fire": {"1": 0, "11": 0, "2": 0, "3": 0, "4": 0, "5": 0, "6": 0, "7": 0, "8": 0, "9": 0}}, "mbti_letter_stats": [{"type": "I", "percentage": "100%", "PercentageFloat": 1}, {"type": "N", "percentage": "99%", "PercentageFloat": 0.9864864864864865}, {"type": "F", "percentage": "77%", "PercentageFloat": 0.7702702702702703}, {"type": "J", "percentage": "82%", "PercentageFloat": 0.8243243243243243}], "topic_info": {"can_generate": false, "topic": {"description": "", "follow_count": 0, "id": 99066, "is_following": false, "is_join_pending": false, "is_banned": false, "is_moderated": false, "name_readable": "Yohan Do", "post_count": 0, "source_profile_id": 126721, "source_type": "profile", "join_to_post": false, "can_pin": false, "related_topics": [{"description": "", "follow_count": 0, "id": 196373, "is_following": false, "is_join_pending": false, "is_banned": false, "is_moderated": false, "name_readable": "Yuda Han", "post_count": 1, "source_profile_id": 254703, "source_type": "profile", "image": {"picURL": "https://static1.personality-database.com/profile_images/a5aec68f50e8467db754b942df11f797.png"}, "join_to_post": false, "can_pin": false}, {"description": "", "follow_count": 0, "id": 99066, "is_following": false, "is_join_pending": false, "is_banned": false, "is_moderated": false, "name_readable": "Yohan Do", "post_count": 0, "source_profile_id": 126721, "source_type": "profile", "image": {"picURL": "https://static1.personality-database.com/profile_images/9d99f9b18e6b4d84b4439b26a04d6712.png"}, "join_to_post": false, "can_pin": false}, {"description": "", "follow_count": 0, "id": 99067, "is_following": false, "is_join_pending": false, "is_banned": false, "is_moderated": false, "name_readable": "Dajeong Lee", "post_count": 0, "source_profile_id": 126722, "source_type": "profile", "image": {"picURL": "https://static1.personality-database.com/profile_images/ab14e850cb0d4fa4a0786d1ffbfddabf.png"}, "join_to_post": false, "can_pin": false}, {"description": "", "follow_count": 0, "id": 220874, "is_following": false, "is_join_pending": false, "is_banned": false, "is_moderated": false, "name_readable": "Jia Seo", "post_count": 0, "source_profile_id": 288087, "source_type": "profile", "image": {"picURL": "https://static1.personality-database.com/profile_images/289910de5bb443b6a4cd27a1be366dbc.png"}, "join_to_post": false, "can_pin": false}, {"description": "", "follow_count": 0, "id": 140156, "is_following": false, "is_join_pending": false, "is_banned": false, "is_moderated": false, "name_readable": "Seon Woo", "post_count": 0, "source_profile_id": 182189, "source_type": "profile", "image": {"picURL": "https://static1.personality-database.com/profile_images/19896e52169f49c5a6a5f30e4d625991.png"}, "join_to_post": false, "can_pin": false}, {"description": "", "follow_count": 0, "id": 284912, "is_following": false, "is_join_pending": false, "is_banned": false, "is_moderated": false, "name_readable": "Choi Yoon", "post_count": 0, "source_profile_id": 370343, "source_type": "profile", "image": {"picURL": "https://static1.personality-database.com/profile_images/f633d5c6b7ae45e49c9d6f6aa7e5163f.png"}, "join_to_post": false, "can_pin": false}, {"description": "", "follow_count": 0, "id": 226980, "is_following": false, "is_join_pending": false, "is_banned": false, "is_moderated": false, "name_readable": "Yumin Kang", "post_count": 0, "source_profile_id": 295429, "source_type": "profile", "image": {"picURL": "https://static1.personality-database.com/profile_images/44252b9c6af34d3eb1582be85317d959.png"}, "join_to_post": false, "can_pin": false}, {"description": "", "follow_count": 0, "id": 221668, "is_following": false, "is_join_pending": false, "is_banned": false, "is_moderated": false, "name_readable": "Jinnie Woo", "post_count": 0, "source_profile_id": 289070, "source_type": "profile", "image": {"picURL": "https://static1.personality-database.com/profile_images/b5156afed9eb475daf6cf3d396bf32f7.png"}, "join_to_post": false, "can_pin": false}, {"description": "", "follow_count": 0, "id": 236423, "is_following": false, "is_join_pending": false, "is_banned": false, "is_moderated": false, "name_readable": "Jisu Yoon", "post_count": 0, "source_profile_id": 307455, "source_type": "profile", "image": {"picURL": "https://static1.personality-database.com/profile_images/24bc63d4f1be4e18a20389c8b7b8b141.png"}, "join_to_post": false, "can_pin": false}, {"description": "", "follow_count": 0, "id": 281774, "is_following": false, "is_join_pending": false, "is_banned": false, "is_moderated": false, "name_readable": "Elena", "post_count": 0, "source_profile_id": 366457, "source_type": "profile", "image": {"picURL": "https://static1.personality-database.com/profile_images/b352b16effef42d78e5d91154d16de96.png"}, "join_to_post": false, "can_pin": false}, {"description": "", "follow_count": 0, "id": 281771, "is_following": false, "is_join_pending": false, "is_banned": false, "is_moderated": false, "name_readable": "Miyeon", "post_count": 0, "source_profile_id": 366454, "source_type": "profile", "image": {"picURL": "https://static1.personality-database.com/profile_images/8fcbb9c4799642c485c0f0a1241236a3.png"}, "join_to_post": false, "can_pin": false}, {"description": "", "follow_count": 0, "id": 306368, "is_following": false, "is_join_pending": false, "is_banned": false, "is_moderated": false, "name_readable": "Boram", "post_count": 0, "source_profile_id": 398893, "source_type": "profile", "image": {"picURL": "https://www.personality-database.com/images/profile_transparent.png"}, "join_to_post": false, "can_pin": false}], "subcategory": "It's Mine", "topic_image_url": "https://static1.personality-database.com/profile_images/9d99f9b18e6b4d84b4439b26a04d6712.png", "source_location": {"cid": 26, "pid": 2, "sub_cat_id": 8869}, "can_post_image": false, "can_post_audio": false, "posts": {"posts": []}}}}