{"id": 127363, "mbti_profile": "Gray Yeon", "profile_name_searchable": "grayyeon", "allow_commenting": true, "allow_voting": true, "user_id": 41270, "contributor": "Llynoirx", "contributor_create_date": "2020-04-29 15:01:58", "contributor_pic_path": "https://lh3.googleusercontent.com/a-/AOh14GiXb_fxNn8J2nNhBoDThHT9MsAkhmIlxAuvPAEopg=s96-c", "display_order": 1000, "edit_lock": 0, "edit_lock_picture": 0, "is_active": true, "is_approved": true, "mbti_enneagram_type": "ISTJ 5w6", "mbti_type": "ISTJ 5w6", "pdb_comment_access": true, "pdb_page_owner": 0, "pdb_public_access": true, "wiki_description": "", "watch_count": 81, "comment_count": 36, "vote_count": 123, "vote_count_enneagram": 46, "vote_count_mbti": 123, "total_vote_counts": 213, "personality_type": "ISTJ - 5w6 - sp/so - 514 - LSI - RCOAI - Melancholic-Choleric", "type_updated_date": "2021-10-14 12:09:00", "enneagram_vote": "", "enneagram_vote_id": 0, "mbti_vote": "", "mbti_vote_id": 0, "is_watching": false, "image_exists": false, "profile_image_url": "https://static1.personality-database.com/profile_images/0e35aee1a28147a58821085b096f2539.png", "profile_image_credit": "", "profile_image_credit_id": 61651, "profile_image_credit_type": "0", "profile_image_credit_url": "", "alt_subcategory": "", "related_subcategories": "", "cat_id": 26, "category": "Web Comics", "category_is_fictional": true, "sub_cat_id": 8903, "subcategory": "Weak Hero", "subcat_link_info": {"sub_cat_id": 8903, "cat_id": 26, "property_id": 2, "subcategory": "Weak Hero"}, "related_subcat_link_info": null, "related_profiles": [{"id": 127371, "mbti_profile": "Donald Na", "subcategory": "Weak Hero", "profile_image_url": "https://static1.personality-database.com/profile_images/8ffd277c761b4cecad9d3fc5b4b6755d.png", "profile_name": "Donald Na", "profile_subcat": "Weak Hero", "sub_cat_id": 8903, "cat_id": 26, "property_id": 2, "mbti": "ENTJ", "enneatype": "8w7"}, {"id": 146930, "mbti_profile": "Stephen Ahn", "subcategory": "Weak Hero", "profile_image_url": "https://static1.personality-database.com/profile_images/77b98438f3654038b2656fe8aca9d286.png", "profile_name": "Stephen Ahn", "profile_subcat": "Weak Hero", "sub_cat_id": 8903, "cat_id": 26, "property_id": 2, "mbti": "ENFJ", "enneatype": "2w3"}, {"id": 127365, "mbti_profile": "Ben Park", "subcategory": "Weak Hero", "profile_image_url": "https://static1.personality-database.com/profile_images/14aae79aac1a4942996c24171210d3d3.png", "profile_name": "Ben Park", "profile_subcat": "Weak Hero", "sub_cat_id": 8903, "cat_id": 26, "property_id": 2, "mbti": "ESFP", "enneatype": "7w8"}, {"id": 127368, "mbti_profile": "Gerard Jin", "subcategory": "Weak Hero", "profile_image_url": "https://static1.personality-database.com/profile_images/7b6d4f75c0dc47d4b8aa16ea9eefc2ed.png", "profile_name": "Gerard Jin", "profile_subcat": "Weak Hero", "sub_cat_id": 8903, "cat_id": 26, "property_id": 2, "mbti": "ISTP", "enneatype": "9w8"}, {"id": 207907, "mbti_profile": "Jake Ji", "subcategory": "Weak Hero", "profile_image_url": "https://static1.personality-database.com/profile_images/0f61ab733b164ddda586b66c535f78c9.png", "profile_name": "Jake Ji", "profile_subcat": "Weak Hero", "sub_cat_id": 8903, "cat_id": 26, "property_id": 2, "mbti": "ENFP", "enneatype": "7w8"}, {"id": 312940, "mbti_profile": "Seong Mok Do", "subcategory": "Weak Hero", "profile_image_url": "https://static1.personality-database.com/profile_images/4b287bf64773429aa08d012efbad535b.png", "profile_name": "Seong Mok Do", "profile_subcat": "Weak Hero", "sub_cat_id": 8903, "cat_id": 26, "property_id": 2, "mbti": "ISTP", "enneatype": "3w4"}, {"id": 338266, "mbti_profile": "Dean Kwon", "subcategory": "Weak Hero", "profile_image_url": "https://static1.personality-database.com/profile_images/cc992e03d11043b9b5ff744752279510.png", "profile_name": "Dean Kwon", "profile_subcat": "Weak Hero", "sub_cat_id": 8903, "cat_id": 26, "property_id": 2, "mbti": "ISTP", "enneatype": "6w7"}, {"id": 174283, "mbti_profile": "Rowan Im", "subcategory": "Weak Hero", "profile_image_url": "https://static1.personality-database.com/profile_images/95ee8731b38a46fb9c81bec00c4524b2.png", "profile_name": "Rowan Im", "profile_subcat": "Weak Hero", "sub_cat_id": 8903, "cat_id": 26, "property_id": 2, "mbti": "ENFP", "enneatype": ""}], "functions": ["Si", "Te", "Fi", "Ne"], "systems": [{"hex_color": "#888888", "id": 1, "personality_type": "XXXX", "personality_type_id": 0, "system_name": "Four Letter", "system_vote_count": 118, "user_vote_type_id": 0, "vote_id": 0}, {"hex_color": "#006775", "id": 2, "personality_type": "XXXX", "personality_type_id": 0, "system_name": "Enneagram", "system_vote_count": 45, "user_vote_type_id": 0, "vote_id": 0}, {"hex_color": "#006775", "id": 5, "personality_type": "XXXX", "personality_type_id": 0, "system_name": "Instinctual Variant", "system_vote_count": 14, "user_vote_type_id": 0, "vote_id": 0}, {"hex_color": "#006775", "id": 6, "personality_type": "XXXX", "personality_type_id": 0, "system_name": "Tritype", "system_vote_count": 10, "user_vote_type_id": 0, "vote_id": 0}, {"hex_color": "#888888", "id": 3, "personality_type": "XXXX", "personality_type_id": 0, "system_name": "Socionics", "system_vote_count": 4, "user_vote_type_id": 0, "vote_id": 0}, {"hex_color": "#888888", "id": 9, "personality_type": "XXXX", "personality_type_id": 0, "system_name": "Big 5 (SLOAN)", "system_vote_count": 6, "user_vote_type_id": 0, "vote_id": 0}, {"hex_color": "#888888", "id": 8, "personality_type": "XXXX", "personality_type_id": 0, "system_name": "Attitudinal Psyche", "system_vote_count": 5, "user_vote_type_id": 0, "vote_id": 0}, {"hex_color": "#888888", "id": 7, "personality_type": "XXXX", "personality_type_id": 0, "system_name": "Temperaments", "system_vote_count": 6, "user_vote_type_id": 0, "vote_id": 0}, {"hex_color": "#888888", "id": 11, "personality_type": "XXXX", "personality_type_id": 0, "system_name": "Classic Jungian", "system_vote_count": 0, "user_vote_type_id": 0, "vote_id": 0}], "breakdown_systems": {"1": [{"myValue": "ISTJ", "personality_system_id": 1, "personality_type": "ISTJ", "theCount": 65}, {"myValue": "INTJ", "personality_system_id": 1, "personality_type": "INTJ", "theCount": 51}, {"myValue": "INTP", "personality_system_id": 1, "personality_type": "INTP", "theCount": 2}], "10": [{"myValue": "Right-brained Introvert", "personality_system_id": 10, "personality_type": "Right-brained Introvert", "theCount": 1}], "11": [{"myValue": "XXXX", "personality_system_id": 0, "personality_type": "XXXX", "theCount": 0}], "2": [{"myValue": "5w6", "personality_system_id": 2, "personality_type": "5w6", "theCount": 43}, {"myValue": "6w5", "personality_system_id": 2, "personality_type": "6w5", "theCount": 2}], "3": [{"myValue": "LSI", "personality_system_id": 3, "personality_type": "LSI", "theCount": 3}, {"myValue": "LSE", "personality_system_id": 3, "personality_type": "LSE", "theCount": 1}], "4": [{"myValue": "True Neutral", "personality_system_id": 4, "personality_type": "True Neutral", "theCount": 4}], "5": [{"myValue": "sp/so", "personality_system_id": 5, "personality_type": "sp/so", "theCount": 11}, {"myValue": "sx/so", "personality_system_id": 5, "personality_type": "sx/so", "theCount": 2}, {"myValue": "sp/sx", "personality_system_id": 5, "personality_type": "sp/sx", "theCount": 1}], "6": [{"myValue": "514", "personality_system_id": 6, "personality_type": "514", "theCount": 6}, {"myValue": "531", "personality_system_id": 6, "personality_type": "531", "theCount": 1}, {"myValue": "583", "personality_system_id": 6, "personality_type": "583", "theCount": 1}, {"myValue": "584", "personality_system_id": 6, "personality_type": "584", "theCount": 1}, {"myValue": "594", "personality_system_id": 6, "personality_type": "594", "theCount": 1}], "7": [{"myValue": "Melancholic-Choleric", "personality_system_id": 7, "personality_type": "Melancholic-Choleric", "theCount": 4}, {"myValue": "Melancholic [Dominant]", "personality_system_id": 7, "personality_type": "Melancholic [Dominant]", "theCount": 1}, {"myValue": "Phlegmatic-Choleric", "personality_system_id": 7, "personality_type": "Phlegmatic-Choleric", "theCount": 1}], "8": [{"myValue": "LVEF", "personality_system_id": 8, "personality_type": "LVEF", "theCount": 3}, {"myValue": "VLEF", "personality_system_id": 8, "personality_type": "VLEF", "theCount": 2}], "9": [{"myValue": "RCOAI", "personality_system_id": 9, "personality_type": "RCOAI", "theCount": 5}, {"myValue": "RCOEI", "personality_system_id": 9, "personality_type": "RCOEI", "theCount": 1}]}, "breakdown_config": {"expand": {"1": 3, "10": 1, "11": 1, "2": 3, "3": 1, "4": 1, "5": 1, "6": 1, "7": 1, "8": 1, "9": 1}, "fire": {"1": 1, "10": 0, "11": 0, "2": 0, "3": 0, "4": 0, "5": 0, "6": 0, "7": 0, "8": 0, "9": 0}}, "mbti_letter_stats": [{"type": "I", "percentage": "100%", "PercentageFloat": 1}, {"type": "S", "percentage": "55%", "PercentageFloat": 0.5508474576271186}, {"type": "T", "percentage": "100%", "PercentageFloat": 1}, {"type": "J", "percentage": "98%", "PercentageFloat": 0.9830508474576272}], "topic_info": {"can_generate": false, "topic": {"description": "", "follow_count": 1, "id": 99516, "is_following": false, "is_join_pending": false, "is_banned": false, "is_moderated": false, "name_readable": "Gray Yeon", "post_count": 0, "source_profile_id": 127363, "source_type": "profile", "join_to_post": false, "can_pin": false, "related_topics": [{"description": "", "follow_count": 0, "id": 196371, "is_following": false, "is_join_pending": false, "is_banned": false, "is_moderated": false, "name_readable": "Jared Sun", "post_count": 0, "source_profile_id": 254701, "source_type": "profile", "image": {"picURL": "https://static1.personality-database.com/profile_images/5d592ba18c8443e4ac83b9356fa11825.png"}, "join_to_post": false, "can_pin": false}, {"description": "", "follow_count": 0, "id": 314278, "is_following": false, "is_join_pending": false, "is_banned": false, "is_moderated": false, "name_readable": "Toby Kim", "post_count": 0, "source_profile_id": 409789, "source_type": "profile", "image": {"picURL": "https://static1.personality-database.com/profile_images/dbd36ab6e7df405ca6eb83f802258a41.png"}, "join_to_post": false, "can_pin": false}, {"description": "", "follow_count": 0, "id": 314276, "is_following": false, "is_join_pending": false, "is_banned": false, "is_moderated": false, "name_readable": "Timothy Park", "post_count": 0, "source_profile_id": 409786, "source_type": "profile", "image": {"picURL": "https://static1.personality-database.com/profile_images/9c9125d2727542dbb71fa17c5f415fce.png"}, "join_to_post": false, "can_pin": false}, {"description": "", "follow_count": 0, "id": 314275, "is_following": false, "is_join_pending": false, "is_banned": false, "is_moderated": false, "name_readable": "Naksung Yoon", "post_count": 0, "source_profile_id": 409784, "source_type": "profile", "image": {"picURL": "https://static1.personality-database.com/profile_images/38a2f52ea1ae446dbb5c63fe10390ace.png"}, "join_to_post": false, "can_pin": false}, {"description": "", "follow_count": 0, "id": 312790, "is_following": false, "is_join_pending": false, "is_banned": false, "is_moderated": false, "name_readable": "Forrest Lee", "post_count": 0, "source_profile_id": 407796, "source_type": "profile", "image": {"picURL": "https://static1.personality-database.com/profile_images/c9f77d77983c493da7c30b24280d24fb.png"}, "join_to_post": false, "can_pin": false}, {"description": "Trivia : His name means \"orange hair\" in korean. (Joo Hwangmo)", "follow_count": 0, "id": 312780, "is_following": false, "is_join_pending": false, "is_banned": false, "is_moderated": false, "name_readable": "Hwangmo Joo", "post_count": 0, "source_profile_id": 407775, "source_type": "profile", "image": {"picURL": "https://static1.personality-database.com/profile_images/e2f9e72f6227471aab7b52aed8d1598c.png"}, "join_to_post": false, "can_pin": false}, {"description": "", "follow_count": 0, "id": 312770, "is_following": false, "is_join_pending": false, "is_banned": false, "is_moderated": false, "name_readable": "Myles Joo", "post_count": 0, "source_profile_id": 407756, "source_type": "profile", "image": {"picURL": "https://static1.personality-database.com/profile_images/5e0c12273e5742adae5c912a71b631b6.png"}, "join_to_post": false, "can_pin": false}, {"description": "", "follow_count": 0, "id": 260220, "is_following": false, "is_join_pending": false, "is_banned": false, "is_moderated": false, "name_readable": "Eunchan Hong", "post_count": 0, "source_profile_id": 338271, "source_type": "profile", "image": {"picURL": "https://static1.personality-database.com/profile_images/4c431e11fa464554a21aa887aed66697.png"}, "join_to_post": false, "can_pin": false}, {"description": "", "follow_count": 0, "id": 260218, "is_following": false, "is_join_pending": false, "is_banned": false, "is_moderated": false, "name_readable": "Dean Kwon", "post_count": 0, "source_profile_id": 338266, "source_type": "profile", "image": {"picURL": "https://static1.personality-database.com/profile_images/cc992e03d11043b9b5ff744752279510.png"}, "join_to_post": false, "can_pin": false}, {"description": "", "follow_count": 0, "id": 259885, "is_following": false, "is_join_pending": false, "is_banned": false, "is_moderated": false, "name_readable": "Jack Kang", "post_count": 0, "source_profile_id": 337844, "source_type": "profile", "image": {"picURL": "https://static1.personality-database.com/profile_images/16d1ae018b834888a6b1cfb737a9600b.png"}, "join_to_post": false, "can_pin": false}, {"description": "", "follow_count": 0, "id": 250476, "is_following": false, "is_join_pending": false, "is_banned": false, "is_moderated": false, "name_readable": "Dongha Baek", "post_count": 0, "source_profile_id": 325396, "source_type": "profile", "image": {"picURL": "https://static1.personality-database.com/profile_images/a83950a36c774deb917ee4fbb45f5815.png"}, "join_to_post": false, "can_pin": false}, {"description": "", "follow_count": 0, "id": 247917, "is_following": false, "is_join_pending": false, "is_banned": false, "is_moderated": false, "name_readable": "Harper Ha 'Helmet'", "post_count": 0, "source_profile_id": 322269, "source_type": "profile", "image": {"picURL": "https://static1.personality-database.com/profile_images/7083e937f1c74a1aadfa6499a6bd57c3.png"}, "join_to_post": false, "can_pin": false}, {"description": "Nicknamed \"Totem Pole\"\nAlways angry.\nDoesn't speak much", "follow_count": 0, "id": 240510, "is_following": false, "is_join_pending": false, "is_banned": false, "is_moderated": false, "name_readable": "Seong Mok Do", "post_count": 0, "source_profile_id": 312940, "source_type": "profile", "image": {"picURL": "https://static1.personality-database.com/profile_images/4b287bf64773429aa08d012efbad535b.png"}, "join_to_post": false, "can_pin": false}, {"description": "", "follow_count": 0, "id": 196428, "is_following": false, "is_join_pending": false, "is_banned": false, "is_moderated": false, "name_readable": "Sean Shin", "post_count": 0, "source_profile_id": 254763, "source_type": "profile", "image": {"picURL": "https://static1.personality-database.com/profile_images/cba8fb7040a348419842c3b92e022a7a.png"}, "join_to_post": false, "can_pin": false}, {"description": "", "follow_count": 0, "id": 196372, "is_following": false, "is_join_pending": false, "is_banned": false, "is_moderated": false, "name_readable": "Sam Lee", "post_count": 0, "source_profile_id": 254702, "source_type": "profile", "image": {"picURL": "https://static1.personality-database.com/profile_images/a1500a263f014dea85feee5acae99273.png"}, "join_to_post": false, "can_pin": false}, {"description": "", "follow_count": 1, "id": 99516, "is_following": false, "is_join_pending": false, "is_banned": false, "is_moderated": false, "name_readable": "Gray Yeon", "post_count": 0, "source_profile_id": 127363, "source_type": "profile", "image": {"picURL": "https://static1.personality-database.com/profile_images/0e35aee1a28147a58821085b096f2539.png"}, "join_to_post": false, "can_pin": false}], "subcategory": "Weak Hero", "topic_image_url": "https://static1.personality-database.com/profile_images/0e35aee1a28147a58821085b096f2539.png", "source_location": {"cid": 26, "pid": 2, "sub_cat_id": 8903}, "can_post_image": false, "can_post_audio": false, "posts": {"posts": []}}}}