{"id": 13304, "mbti_profile": "Jake English", "profile_name_searchable": "jakeenglish", "allow_commenting": true, "allow_voting": true, "user_id": 0, "contributor": "the nameless", "contributor_create_date": "2018-07-13 21:04:22", "contributor_pic_path": "https://www.personality-database.com/images/profile_transparent.png", "display_order": 0, "edit_lock": 0, "edit_lock_picture": 0, "is_active": true, "is_approved": true, "mbti_enneagram_type": "ISFP 9w8", "mbti_type": "ISFP 9w8", "pdb_comment_access": true, "pdb_page_owner": 0, "pdb_public_access": true, "wiki_description": "", "watch_count": 125, "comment_count": 67, "vote_count": 218, "vote_count_enneagram": 107, "vote_count_mbti": 218, "total_vote_counts": 484, "personality_type": "ISFP - 9w8 - sp/so - 964 - SEI - RLUAI - EFVL - Phlegmatic-Sanguine", "type_updated_date": "2022-10-08 20:42:47", "enneagram_vote": "", "enneagram_vote_id": 0, "mbti_vote": "", "mbti_vote_id": 0, "is_watching": false, "image_exists": false, "profile_image_url": "https://static1.personality-database.com/profile_images/8df06173f2c240a1a9ea8fca9e1f15fd.png", "profile_image_credit": "", "profile_image_credit_id": 198679, "profile_image_credit_type": "0", "profile_image_credit_url": "https://www.homestuck.com/story/5663", "alt_subcategory": "", "related_subcategories": "", "cat_id": 26, "category": "Web Comics", "category_is_fictional": true, "sub_cat_id": 631, "subcategory": "Homestuck", "subcat_link_info": {"sub_cat_id": 631, "cat_id": 26, "property_id": 2, "subcategory": "Homestuck"}, "related_subcat_link_info": null, "related_profiles": [{"id": 5146, "mbti_profile": "Dave Strider", "subcategory": "Homestuck", "profile_image_url": "https://static1.personality-database.com/profile_images/44858886194b4cd7b96e4d6483f42eff.png", "profile_name": "Dave Strider", "profile_subcat": "Homestuck", "sub_cat_id": 631, "cat_id": 26, "property_id": 2, "mbti": "INFP", "enneatype": "4w3"}, {"id": 33456, "mbti_profile": "Vriska Serket", "subcategory": "Homestuck", "profile_image_url": "https://static1.personality-database.com/profile_images/68611fe98dcb4b70b6227469fe820166.png", "profile_name": "Vriska Serket", "profile_subcat": "Homestuck", "sub_cat_id": 631, "cat_id": 26, "property_id": 2, "mbti": "ESTJ", "enneatype": "3w4"}, {"id": 13303, "mbti_profile": "Dirk Strider", "subcategory": "Homestuck", "profile_image_url": "https://static1.personality-database.com/profile_images/bb8f3c175b564712b2586e6e8ad23def.png", "profile_name": "Dirk Strider", "profile_subcat": "Homestuck", "sub_cat_id": 631, "cat_id": 26, "property_id": 2, "mbti": "INTP", "enneatype": "5w4"}, {"id": 22194, "mbti_profile": "Karkat Vantas", "subcategory": "Homestuck", "profile_image_url": "https://static1.personality-database.com/profile_images/f62475df684741e3b16e6b70f5db02b0.png", "profile_name": "Karkat Vantas", "profile_subcat": "Homestuck", "sub_cat_id": 631, "cat_id": 26, "property_id": 2, "mbti": "ESFJ", "enneatype": "6w7"}, {"id": 27339, "mbti_profile": "Sollux Captor", "subcategory": "Homestuck", "profile_image_url": "https://static1.personality-database.com/profile_images/0f93581dbb0f4384acb31c5d556ef6e0.png", "profile_name": "Sollux Captor", "profile_subcat": "Homestuck", "sub_cat_id": 631, "cat_id": 26, "property_id": 2, "mbti": "ISTP", "enneatype": "5w6"}, {"id": 5145, "mbti_profile": "Jade Harley", "subcategory": "Homestuck", "profile_image_url": "https://static1.personality-database.com/profile_images/99fc6f32f9154d7bb45528a10f820a8d.png", "profile_name": "Jade Harley", "profile_subcat": "Homestuck", "sub_cat_id": 631, "cat_id": 26, "property_id": 2, "mbti": "ISFP", "enneatype": "2w1"}, {"id": 33454, "mbti_profile": "Terezi Pyrope", "subcategory": "Homestuck", "profile_image_url": "https://static1.personality-database.com/profile_images/c094b3997c114b0faedd938c11bce703.png", "profile_name": "Terezi Pyrope", "profile_subcat": "Homestuck", "sub_cat_id": 631, "cat_id": 26, "property_id": 2, "mbti": "ENTP", "enneatype": "9w8"}, {"id": 22193, "mbti_profile": "Eridan Ampora", "subcategory": "Homestuck", "profile_image_url": "https://static1.personality-database.com/profile_images/047938023a0a4c85886e6ec95a7ebf50.png", "profile_name": "Eridan Ampora", "profile_subcat": "Homestuck", "sub_cat_id": 631, "cat_id": 26, "property_id": 2, "mbti": "ESTJ", "enneatype": "3w4"}], "functions": ["Fi", "Se", "Ni", "Te"], "systems": [{"hex_color": "#888888", "id": 1, "personality_type": "XXXX", "personality_type_id": 0, "system_name": "Four Letter", "system_vote_count": 217, "user_vote_type_id": 0, "vote_id": 0}, {"hex_color": "#006775", "id": 2, "personality_type": "XXXX", "personality_type_id": 0, "system_name": "Enneagram", "system_vote_count": 104, "user_vote_type_id": 0, "vote_id": 0}, {"hex_color": "#006775", "id": 5, "personality_type": "XXXX", "personality_type_id": 0, "system_name": "Instinctual Variant", "system_vote_count": 32, "user_vote_type_id": 0, "vote_id": 0}, {"hex_color": "#006775", "id": 6, "personality_type": "XXXX", "personality_type_id": 0, "system_name": "Tritype", "system_vote_count": 41, "user_vote_type_id": 0, "vote_id": 0}, {"hex_color": "#888888", "id": 3, "personality_type": "XXXX", "personality_type_id": 0, "system_name": "Socionics", "system_vote_count": 17, "user_vote_type_id": 0, "vote_id": 0}, {"hex_color": "#888888", "id": 9, "personality_type": "XXXX", "personality_type_id": 0, "system_name": "Big 5 (SLOAN)", "system_vote_count": 17, "user_vote_type_id": 0, "vote_id": 0}, {"hex_color": "#888888", "id": 8, "personality_type": "XXXX", "personality_type_id": 0, "system_name": "Attitudinal Psyche", "system_vote_count": 5, "user_vote_type_id": 0, "vote_id": 0}, {"hex_color": "#888888", "id": 7, "personality_type": "XXXX", "personality_type_id": 0, "system_name": "Temperaments", "system_vote_count": 31, "user_vote_type_id": 0, "vote_id": 0}, {"hex_color": "#888888", "id": 11, "personality_type": "XXXX", "personality_type_id": 0, "system_name": "Classic Jungian", "system_vote_count": 1, "user_vote_type_id": 0, "vote_id": 0}], "breakdown_systems": {"1": [{"myValue": "ISFP", "personality_system_id": 1, "personality_type": "ISFP", "theCount": 113}, {"myValue": "INFP", "personality_system_id": 1, "personality_type": "INFP", "theCount": 64}, {"myValue": "ISFJ", "personality_system_id": 1, "personality_type": "ISFJ", "theCount": 19}, {"myValue": "ESFP", "personality_system_id": 1, "personality_type": "ESFP", "theCount": 14}, {"myValue": "ENFJ", "personality_system_id": 1, "personality_type": "ENFJ", "theCount": 4}, {"myValue": "ESFJ", "personality_system_id": 1, "personality_type": "ESFJ", "theCount": 1}, {"myValue": "INTJ", "personality_system_id": 1, "personality_type": "INTJ", "theCount": 1}, {"myValue": "INTP", "personality_system_id": 1, "personality_type": "INTP", "theCount": 1}], "11": [{"myValue": "IS(F)", "personality_system_id": 11, "personality_type": "IS(F)", "theCount": 1}], "2": [{"myValue": "9w8", "personality_system_id": 2, "personality_type": "9w8", "theCount": 66}, {"myValue": "6w7", "personality_system_id": 2, "personality_type": "6w7", "theCount": 27}, {"myValue": "9w1", "personality_system_id": 2, "personality_type": "9w1", "theCount": 5}, {"myValue": "3w2", "personality_system_id": 2, "personality_type": "3w2", "theCount": 2}, {"myValue": "4w5", "personality_system_id": 2, "personality_type": "4w5", "theCount": 1}, {"myValue": "6w5", "personality_system_id": 2, "personality_type": "6w5", "theCount": 1}, {"myValue": "7w6", "personality_system_id": 2, "personality_type": "7w6", "theCount": 1}, {"myValue": "7w8", "personality_system_id": 2, "personality_type": "7w8", "theCount": 1}], "3": [{"myValue": "SEI", "personality_system_id": 3, "personality_type": "SEI", "theCount": 15}, {"myValue": "ESI", "personality_system_id": 3, "personality_type": "ESI", "theCount": 1}, {"myValue": "SLE", "personality_system_id": 3, "personality_type": "SLE", "theCount": 1}], "4": [{"myValue": "Neutral Good", "personality_system_id": 4, "personality_type": "Neutral Good", "theCount": 14}, {"myValue": "Chaotic Good", "personality_system_id": 4, "personality_type": "Chaotic Good", "theCount": 3}, {"myValue": "Lawful Good", "personality_system_id": 4, "personality_type": "Lawful Good", "theCount": 1}, {"myValue": "True Neutral", "personality_system_id": 4, "personality_type": "True Neutral", "theCount": 1}], "5": [{"myValue": "sp/so", "personality_system_id": 5, "personality_type": "sp/so", "theCount": 23}, {"myValue": "so/sp", "personality_system_id": 5, "personality_type": "so/sp", "theCount": 3}, {"myValue": "so/sx", "personality_system_id": 5, "personality_type": "so/sx", "theCount": 3}, {"myValue": "sx/so", "personality_system_id": 5, "personality_type": "sx/so", "theCount": 2}, {"myValue": "sp/sx", "personality_system_id": 5, "personality_type": "sp/sx", "theCount": 1}], "6": [{"myValue": "964", "personality_system_id": 6, "personality_type": "964", "theCount": 19}, {"myValue": "962", "personality_system_id": 6, "personality_type": "962", "theCount": 13}, {"myValue": "692", "personality_system_id": 6, "personality_type": "692", "theCount": 2}, {"myValue": "495", "personality_system_id": 6, "personality_type": "495", "theCount": 1}, {"myValue": "629", "personality_system_id": 6, "personality_type": "629", "theCount": 1}, {"myValue": "694", "personality_system_id": 6, "personality_type": "694", "theCount": 1}, {"myValue": "729", "personality_system_id": 6, "personality_type": "729", "theCount": 1}, {"myValue": "936", "personality_system_id": 6, "personality_type": "936", "theCount": 1}, {"myValue": "937", "personality_system_id": 6, "personality_type": "937", "theCount": 1}, {"myValue": "974", "personality_system_id": 6, "personality_type": "974", "theCount": 1}], "7": [{"myValue": "Phlegmatic-Sanguine", "personality_system_id": 7, "personality_type": "Phlegmatic-Sanguine", "theCount": 20}, {"myValue": "Sanguine-Phlegmatic", "personality_system_id": 7, "personality_type": "Sanguine-Phlegmatic", "theCount": 5}, {"myValue": "Phlegmatic [Dominant]", "personality_system_id": 7, "personality_type": "Phlegmatic [Dominant]", "theCount": 2}, {"myValue": "Sanguine [Dominant]", "personality_system_id": 7, "personality_type": "Sanguine [Dominant]", "theCount": 2}, {"myValue": "Sanguine-Melancholic", "personality_system_id": 7, "personality_type": "Sanguine-Melancholic", "theCount": 2}], "8": [{"myValue": "EFVL", "personality_system_id": 8, "personality_type": "EFVL", "theCount": 3}, {"myValue": "FELV", "personality_system_id": 8, "personality_type": "FELV", "theCount": 1}, {"myValue": "FEVL", "personality_system_id": 8, "personality_type": "FEVL", "theCount": 1}], "9": [{"myValue": "RLUAI", "personality_system_id": 9, "personality_type": "RLUAI", "theCount": 8}, {"myValue": "RLUAN", "personality_system_id": 9, "personality_type": "RLUAN", "theCount": 6}, {"myValue": "SLUAN", "personality_system_id": 9, "personality_type": "SLUAN", "theCount": 2}, {"myValue": "SLUAI", "personality_system_id": 9, "personality_type": "SLUAI", "theCount": 1}]}, "breakdown_config": {"expand": {"1": 3, "11": 1, "2": 3, "3": 1, "4": 1, "5": 1, "6": 2, "7": 1, "8": 1, "9": 1}, "fire": {"1": 1, "11": 0, "2": 0, "3": 0, "4": 0, "5": 0, "6": 1, "7": 0, "8": 0, "9": 0}}, "mbti_letter_stats": [{"type": "I", "percentage": "91%", "PercentageFloat": 0.9124423963133641}, {"type": "S", "percentage": "68%", "PercentageFloat": 0.6774193548387096}, {"type": "F", "percentage": "99%", "PercentageFloat": 0.9907834101382489}, {"type": "P", "percentage": "88%", "PercentageFloat": 0.8847926267281107}], "topic_info": {"can_generate": false, "topic": {"description": "", "follow_count": 1, "id": 12282, "is_following": false, "is_join_pending": false, "is_banned": false, "is_moderated": false, "name_readable": "Jake English", "post_count": 4, "source_profile_id": 13304, "source_type": "profile", "join_to_post": false, "can_pin": false, "related_topics": [{"description": "", "follow_count": 6, "id": 4768, "is_following": false, "is_join_pending": false, "is_banned": false, "is_moderated": false, "name_readable": "Dave Strider", "post_count": 21, "source_profile_id": 5146, "source_type": "profile", "image": {"picURL": "https://static1.personality-database.com/profile_images/44858886194b4cd7b96e4d6483f42eff.png"}, "join_to_post": false, "can_pin": false}, {"description": "", "follow_count": 2, "id": 24582, "is_following": false, "is_join_pending": false, "is_banned": false, "is_moderated": false, "name_readable": "Sollux Captor", "post_count": 19, "source_profile_id": 27339, "source_type": "profile", "image": {"picURL": "https://static1.personality-database.com/profile_images/0f93581dbb0f4384acb31c5d556ef6e0.png"}, "join_to_post": false, "can_pin": false}, {"description": "", "follow_count": 0, "id": 12281, "is_following": false, "is_join_pending": false, "is_banned": false, "is_moderated": false, "name_readable": "Dirk Strider", "post_count": 12, "source_profile_id": 13303, "source_type": "profile", "image": {"picURL": "https://static1.personality-database.com/profile_images/bb8f3c175b564712b2586e6e8ad23def.png"}, "join_to_post": false, "can_pin": false}, {"description": "Karkat Vantas, also known by his Trollian handle carcinoGeneticist, is one of the trolls and one of the main characters in Homestuck.", "follow_count": 3, "id": 20134, "is_following": false, "is_join_pending": false, "is_banned": false, "is_moderated": false, "name_readable": "Karkat Vantas", "post_count": 12, "source_profile_id": 22194, "source_type": "profile", "image": {"picURL": "https://static1.personality-database.com/profile_images/f62475df684741e3b16e6b70f5db02b0.png"}, "join_to_post": false, "can_pin": false}, {"description": "", "follow_count": 0, "id": 4765, "is_following": false, "is_join_pending": false, "is_banned": false, "is_moderated": false, "name_readable": "John Egbert", "post_count": 4, "source_profile_id": 5143, "source_type": "profile", "image": {"picURL": "https://static1.personality-database.com/profile_images/451390d8ced64818bc664c3edc6f5477.png"}, "join_to_post": false, "can_pin": false}, {"description": "", "follow_count": 1, "id": 32169, "is_following": false, "is_join_pending": false, "is_banned": false, "is_moderated": false, "name_readable": "Gamzee Makara", "post_count": 4, "source_profile_id": 35929, "source_type": "profile", "image": {"picURL": "https://static1.personality-database.com/profile_images/38721d0b0a1f40ffa724c8a7ee8d1312.png"}, "join_to_post": false, "can_pin": false}, {"description": "", "follow_count": 1, "id": 12282, "is_following": false, "is_join_pending": false, "is_banned": false, "is_moderated": false, "name_readable": "Jake English", "post_count": 4, "source_profile_id": 13304, "source_type": "profile", "image": {"picURL": "https://static1.personality-database.com/profile_images/8df06173f2c240a1a9ea8fca9e1f15fd.png"}, "join_to_post": false, "can_pin": false}, {"description": "", "follow_count": 0, "id": 27199, "is_following": false, "is_join_pending": false, "is_banned": false, "is_moderated": false, "name_readable": "Aradia Megido", "post_count": 3, "source_profile_id": 30170, "source_type": "profile", "image": {"picURL": "https://static1.personality-database.com/profile_images/4fbdfe19958e43b5863fa3566c853081.png"}, "join_to_post": false, "can_pin": false}, {"description": "", "follow_count": 0, "id": 4767, "is_following": false, "is_join_pending": false, "is_banned": false, "is_moderated": false, "name_readable": "Jade Harley", "post_count": 2, "source_profile_id": 5145, "source_type": "profile", "image": {"picURL": "https://static1.personality-database.com/profile_images/99fc6f32f9154d7bb45528a10f820a8d.png"}, "join_to_post": false, "can_pin": false}, {"description": "#intpvillains", "follow_count": 0, "id": 97035, "is_following": false, "is_join_pending": false, "is_banned": false, "is_moderated": false, "name_readable": "Ultimate Dirk", "post_count": 2, "source_profile_id": 123803, "source_type": "profile", "image": {"picURL": "https://static1.personality-database.com/profile_images/e967c9cfe5bf4422b64b5448eebd1a13.png"}, "join_to_post": false, "can_pin": false}, {"description": "", "follow_count": 0, "id": 30079, "is_following": false, "is_join_pending": false, "is_banned": false, "is_moderated": false, "name_readable": "Vriska Serket", "post_count": 1, "source_profile_id": 33456, "source_type": "profile", "image": {"picURL": "https://static1.personality-database.com/profile_images/68611fe98dcb4b70b6227469fe820166.png"}, "join_to_post": false, "can_pin": false}, {"description": "", "follow_count": 1, "id": 30075, "is_following": false, "is_join_pending": false, "is_banned": false, "is_moderated": false, "name_readable": "Tavros Nitram", "post_count": 1, "source_profile_id": 33452, "source_type": "profile", "image": {"picURL": "https://static1.personality-database.com/profile_images/99681cc75b254b0d9731fb31ed79122e.png"}, "join_to_post": false, "can_pin": false}, {"description": "", "follow_count": 0, "id": 33471, "is_following": false, "is_join_pending": false, "is_banned": false, "is_moderated": false, "name_readable": "Cronus Ampora", "post_count": 1, "source_profile_id": 37444, "source_type": "profile", "image": {"picURL": "https://static1.personality-database.com/profile_images/6855974cf82f4580a3dcac26ee59f6b0.png"}, "join_to_post": false, "can_pin": false}, {"description": "Porrim Maryam is the Maid of Space and Kanaya's dancestor. She is the pre-scratch version of The Dolorosa.", "follow_count": 0, "id": 33467, "is_following": false, "is_join_pending": false, "is_banned": false, "is_moderated": false, "name_readable": "Porrim Maryam", "post_count": 1, "source_profile_id": 37440, "source_type": "profile", "image": {"picURL": "https://static1.personality-database.com/profile_images/79b0666c8f1f4a9d9ba7115b6d8726a6.png"}, "join_to_post": false, "can_pin": false}, {"description": "", "follow_count": 0, "id": 66456, "is_following": false, "is_join_pending": false, "is_banned": false, "is_moderated": false, "name_readable": "Doc Scratch", "post_count": 1, "source_profile_id": 81970, "source_type": "profile", "image": {"picURL": "https://static1.personality-database.com/profile_images/f35cfbe715754c85b449cc3998dba8ec.png"}, "join_to_post": false, "can_pin": false}, {"description": "Terezi can be civil, flirty and derisive in her interactions. Her drive for justice results in some cruel actions, the majority of which she has been shown to be deeply affected by and regret later on. She is almost always grinning and in many panels, it appears as though she is cackling madly. From her conversations with the kids, Terezi's attitude differs depending on who she is talking to: she acts helpful towards Rose, dubs them 'hatefriends' and tells her about Sburb. This approach may be a part of her trolling of John by pretending to be helpful towards him (through insulting him and using a kind of angry politeness) and giving him advice that leads to his death in the alternate timeline. After John avoids his death, Terezi seems to have since shown remorse for her actions and claimed she felt awful for 'killing' him; even helping him through the second gate into the Land of Light and Rain to earn his trust. Her trolling of Dave has been bizarre but effective.", "follow_count": 0, "id": 30077, "is_following": false, "is_join_pending": false, "is_banned": false, "is_moderated": false, "name_readable": "Terezi Pyrope", "post_count": 1, "source_profile_id": 33454, "source_type": "profile", "image": {"picURL": "https://static1.personality-database.com/profile_images/c094b3997c114b0faedd938c11bce703.png"}, "join_to_post": false, "can_pin": false}], "subcategory": "Homestuck", "topic_image_url": "https://static1.personality-database.com/profile_images/8df06173f2c240a1a9ea8fca9e1f15fd.png", "source_location": {"cid": 26, "pid": 2, "sub_cat_id": 631}, "can_post_image": false, "can_post_audio": false, "posts": {"posts": [{"username": "Jork Jorkus", "user_pic_path": "https://static1.personality-database.com/user_avatars/23843/b8ef9d55-e9e9-4169-be72-dc897af03385.jpeg", "user_personality_type": "ENTP-9w8-937", "is_mod": false, "comment_count": 0, "reply_count": 0, "vote_type": 0, "topics_list": [{"id": 12282, "name_readable": "Jake English"}], "id": 86796, "post_id": 86796, "user_id": 23843, "title": "", "content": "INFP JAKE *cr1tikal woos and disappears*", "create_date": 1614830664000, "unix_timestamp": 1614830664000, "update_date": 1614830664000, "vote_count": 5, "vote_count_down": 0, "is_reported": 1, "is_hidden": false, "is_pinned": false, "is_watching": false, "is_pro_user": false, "images": null, "audios": null, "function_list": [], "type": "post"}, {"username": "nbdave", "user_pic_path": "https://lh3.googleusercontent.com/a-/AFdZucoudRSn9svOtqluuyY5TeqUKWUjXjrBApQ8x-W18g=s96-c", "user_personality_type": "ENTP-3w4-359", "is_mod": false, "comment_count": 2, "reply_count": 2, "vote_type": 0, "topics_list": [{"id": 12282, "name_readable": "Jake English"}], "id": 86794, "post_id": 86794, "user_id": 157641, "title": "", "content": "(deleted)", "create_date": 1614824148000, "unix_timestamp": 1614824148000, "update_date": 1614824148000, "vote_count": 3, "vote_count_down": 0, "is_reported": 1, "is_hidden": true, "is_pinned": false, "is_watching": false, "is_pro_user": false, "images": null, "audios": null, "function_list": [], "type": "post"}, {"username": "nome", "user_pic_path": "https://lh3.googleusercontent.com/a-/AOh14GjDfd2TYkb4ie812XnoEmuhNlWCMVt9YARHuWQD8g=s96-c", "user_personality_type": "ESFJ-9w1-964", "is_mod": false, "comment_count": 0, "reply_count": 0, "vote_type": 0, "topics_list": [{"id": 12282, "name_readable": "Jake English"}], "id": 86777, "post_id": 86777, "user_id": 82332, "title": "", "content": "5 more votes. then we change the world forever.", "create_date": 1614741468000, "unix_timestamp": 1614741468000, "update_date": 1614741468000, "vote_count": 4, "vote_count_down": 0, "is_reported": 1, "is_hidden": false, "is_pinned": false, "is_watching": false, "is_pro_user": false, "images": null, "audios": null, "function_list": [], "type": "post"}]}}}}