{"id": 133020, "mbti_profile": "Jennette Margarita", "profile_name_searchable": "jennettemargarita", "allow_commenting": true, "allow_voting": true, "user_id": 4641, "contributor": "dominodidi21", "contributor_create_date": "2020-05-12 02:21:08", "contributor_pic_path": "https://lh6.googleusercontent.com/-UXHwDGm0ams/AAAAAAAAAAI/AAAAAAAAAAA/AMZuucm-pelgD8Nt2LhWZpKIcgIrnRvQ9Q/s96-c/photo.jpg", "display_order": 985, "edit_lock": 0, "edit_lock_picture": 0, "is_active": true, "is_approved": true, "mbti_enneagram_type": "INFP 9w1", "mbti_type": "INFP 9w1", "pdb_comment_access": true, "pdb_page_owner": 0, "pdb_public_access": true, "wiki_description": "Jennette Margarita is a supporting character in Who Made Me a Princess and the protagonist of the fictional novel, The Lovely Princess. In the original timeline, Jennette was a beloved princess whose angelic demeanor and sunny disposition eventually melted the icy heart of Claude de Alger Obelia, the ruthless reigning monarch of the Obelian Empire. In the new timeline, Jennette is forced to hide her relations to the imperial bloodline as she waits for an opportunity to reunite with her family.", "watch_count": 369, "comment_count": 58, "vote_count": 272, "vote_count_enneagram": 119, "vote_count_mbti": 272, "total_vote_counts": 525, "personality_type": "INFP - 9w1 - sx/so - 926 - EII - RLOAN - FELV - Sanguine-Melancholic", "type_updated_date": "2022-10-17 06:04:30", "enneagram_vote": "", "enneagram_vote_id": 0, "mbti_vote": "", "mbti_vote_id": 0, "is_watching": false, "image_exists": false, "profile_image_url": "https://static1.personality-database.com/profile_images/f2db3fa115e244e48c9317b0fbd7d2a0.png", "profile_image_credit": "", "profile_image_credit_id": 440458, "profile_image_credit_type": "0", "profile_image_credit_url": "", "alt_subcategory": "", "related_subcategories": "", "cat_id": 26, "category": "Web Comics", "category_is_fictional": true, "sub_cat_id": 9232, "subcategory": "Who Made Me A Princess", "subcat_link_info": {"sub_cat_id": 9232, "cat_id": 26, "property_id": 2, "subcategory": "Who Made Me A Princess"}, "related_subcat_link_info": null, "related_profiles": [{"id": 133017, "mbti_profile": "Athanasia de Alger Obelia", "subcategory": "Who Made Me A Princess", "profile_image_url": "https://static1.personality-database.com/profile_images/2eab9120a9ad48a1be7d71b0ec89da76.png", "profile_name": "Athanasia de Alger Obelia", "profile_subcat": "Who Made Me A Princess", "sub_cat_id": 9232, "cat_id": 26, "property_id": 2, "mbti": "ENFJ", "enneatype": "6w7"}, {"id": 133019, "mbti_profile": "Lucas", "subcategory": "Who Made Me A Princess", "profile_image_url": "https://static1.personality-database.com/profile_images/3451e95c242146f3aad42ea3f3e2ceab.png", "profile_name": "Lucas", "profile_subcat": "Who Made Me A Princess", "sub_cat_id": 9232, "cat_id": 26, "property_id": 2, "mbti": "ISTP", "enneatype": "5w6"}, {"id": 156715, "mbti_profile": "Diana", "subcategory": "Who Made Me A Princess", "profile_image_url": "https://static1.personality-database.com/profile_images/fbba456254904703bf363c581e2632f5.png", "profile_name": "Diana", "profile_subcat": "Who Made Me A Princess", "sub_cat_id": 9232, "cat_id": 26, "property_id": 2, "mbti": "ENFP", "enneatype": "7w6"}, {"id": 155232, "mbti_profile": "Anastacius De Alger Obelia", "subcategory": "Who Made Me A Princess", "profile_image_url": "https://static1.personality-database.com/profile_images/139173105d734b8aa56283353a2d2a78.png", "profile_name": "Anastacius De Alger Obelia", "profile_subcat": "Who Made Me A Princess", "sub_cat_id": 9232, "cat_id": 26, "property_id": 2, "mbti": "ENTP", "enneatype": "8w7"}, {"id": 133018, "mbti_profile": "Claude de Alger Obelia", "subcategory": "Who Made Me A Princess", "profile_image_url": "https://static1.personality-database.com/profile_images/7112171996494e25a7d2f575b7f841fd.png", "profile_name": "Claude de Alger Obelia", "profile_subcat": "Who Made Me A Princess", "sub_cat_id": 9232, "cat_id": 26, "property_id": 2, "mbti": "ISTP", "enneatype": "8w7"}, {"id": 208974, "mbti_profile": "Penelope Judith", "subcategory": "Who Made Me A Princess", "profile_image_url": "https://static1.personality-database.com/profile_images/3da88a164c214f77891e409228d865a2.png", "profile_name": "Penelope Judith", "profile_subcat": "Who Made Me A Princess", "sub_cat_id": 9232, "cat_id": 26, "property_id": 2, "mbti": "ENFJ", "enneatype": "3w2"}, {"id": 155230, "mbti_profile": "Ijiekiel Alpheus", "subcategory": "Who Made Me A Princess", "profile_image_url": "https://static1.personality-database.com/profile_images/2e3c40b893734557879d86ba421834c1.png", "profile_name": "Ijiekiel Alpheus", "profile_subcat": "Who Made Me A Princess", "sub_cat_id": 9232, "cat_id": 26, "property_id": 2, "mbti": "INFJ", "enneatype": "1w9"}, {"id": 155231, "mbti_profile": "Felix Robane", "subcategory": "Who Made Me A Princess", "profile_image_url": "https://static1.personality-database.com/profile_images/805ccff289dd41cba216f1c4bf9d02bd.png", "profile_name": "Felix Robane", "profile_subcat": "Who Made Me A Princess", "sub_cat_id": 9232, "cat_id": 26, "property_id": 2, "mbti": "ENFP", "enneatype": "7w6"}], "functions": ["Fi", "Ne", "Si", "Te"], "systems": [{"hex_color": "#888888", "id": 1, "personality_type": "XXXX", "personality_type_id": 0, "system_name": "Four Letter", "system_vote_count": 247, "user_vote_type_id": 0, "vote_id": 0}, {"hex_color": "#006775", "id": 2, "personality_type": "XXXX", "personality_type_id": 0, "system_name": "Enneagram", "system_vote_count": 111, "user_vote_type_id": 0, "vote_id": 0}, {"hex_color": "#006775", "id": 5, "personality_type": "XXXX", "personality_type_id": 0, "system_name": "Instinctual Variant", "system_vote_count": 45, "user_vote_type_id": 0, "vote_id": 0}, {"hex_color": "#006775", "id": 6, "personality_type": "XXXX", "personality_type_id": 0, "system_name": "Tritype", "system_vote_count": 46, "user_vote_type_id": 0, "vote_id": 0}, {"hex_color": "#888888", "id": 3, "personality_type": "XXXX", "personality_type_id": 0, "system_name": "Socionics", "system_vote_count": 12, "user_vote_type_id": 0, "vote_id": 0}, {"hex_color": "#888888", "id": 9, "personality_type": "XXXX", "personality_type_id": 0, "system_name": "Big 5 (SLOAN)", "system_vote_count": 16, "user_vote_type_id": 0, "vote_id": 0}, {"hex_color": "#888888", "id": 8, "personality_type": "XXXX", "personality_type_id": 0, "system_name": "Attitudinal Psyche", "system_vote_count": 11, "user_vote_type_id": 0, "vote_id": 0}, {"hex_color": "#888888", "id": 7, "personality_type": "XXXX", "personality_type_id": 0, "system_name": "Temperaments", "system_vote_count": 29, "user_vote_type_id": 0, "vote_id": 0}, {"hex_color": "#888888", "id": 11, "personality_type": "XXXX", "personality_type_id": 0, "system_name": "Classic Jungian", "system_vote_count": 4, "user_vote_type_id": 0, "vote_id": 0}], "breakdown_systems": {"1": [{"myValue": "INFP", "personality_system_id": 1, "personality_type": "INFP", "theCount": 149}, {"myValue": "ISFJ", "personality_system_id": 1, "personality_type": "ISFJ", "theCount": 81}, {"myValue": "ISFP", "personality_system_id": 1, "personality_type": "ISFP", "theCount": 7}, {"myValue": "ENFP", "personality_system_id": 1, "personality_type": "ENFP", "theCount": 5}, {"myValue": "ENFJ", "personality_system_id": 1, "personality_type": "ENFJ", "theCount": 2}, {"myValue": "ESFJ", "personality_system_id": 1, "personality_type": "ESFJ", "theCount": 2}, {"myValue": "INTP", "personality_system_id": 1, "personality_type": "INTP", "theCount": 1}], "11": [{"myValue": "IS(F)", "personality_system_id": 11, "personality_type": "IS(F)", "theCount": 2}, {"myValue": "IF(N)", "personality_system_id": 11, "personality_type": "IF(N)", "theCount": 1}, {"myValue": "IN(F)", "personality_system_id": 11, "personality_type": "IN(F)", "theCount": 1}], "2": [{"myValue": "9w1", "personality_system_id": 2, "personality_type": "9w1", "theCount": 62}, {"myValue": "2w1", "personality_system_id": 2, "personality_type": "2w1", "theCount": 42}, {"myValue": "9w8", "personality_system_id": 2, "personality_type": "9w8", "theCount": 3}, {"myValue": "1w9", "personality_system_id": 2, "personality_type": "1w9", "theCount": 1}, {"myValue": "3w2", "personality_system_id": 2, "personality_type": "3w2", "theCount": 1}, {"myValue": "4w5", "personality_system_id": 2, "personality_type": "4w5", "theCount": 1}, {"myValue": "6w7", "personality_system_id": 2, "personality_type": "6w7", "theCount": 1}], "3": [{"myValue": "EII", "personality_system_id": 3, "personality_type": "EII", "theCount": 9}, {"myValue": "EIE", "personality_system_id": 3, "personality_type": "EIE", "theCount": 1}, {"myValue": "LSI", "personality_system_id": 3, "personality_type": "LSI", "theCount": 1}, {"myValue": "SEI", "personality_system_id": 3, "personality_type": "SEI", "theCount": 1}], "4": [{"myValue": "Neutral Good", "personality_system_id": 4, "personality_type": "Neutral Good", "theCount": 3}, {"myValue": "Chaotic Good", "personality_system_id": 4, "personality_type": "Chaotic Good", "theCount": 1}], "5": [{"myValue": "sx/so", "personality_system_id": 5, "personality_type": "sx/so", "theCount": 29}, {"myValue": "sx/sp", "personality_system_id": 5, "personality_type": "sx/sp", "theCount": 7}, {"myValue": "so/sx", "personality_system_id": 5, "personality_type": "so/sx", "theCount": 6}, {"myValue": "so/sp", "personality_system_id": 5, "personality_type": "so/sp", "theCount": 1}, {"myValue": "sp/so", "personality_system_id": 5, "personality_type": "sp/so", "theCount": 1}, {"myValue": "sp/sx", "personality_system_id": 5, "personality_type": "sp/sx", "theCount": 1}], "6": [{"myValue": "926", "personality_system_id": 6, "personality_type": "926", "theCount": 28}, {"myValue": "296", "personality_system_id": 6, "personality_type": "296", "theCount": 7}, {"myValue": "136", "personality_system_id": 6, "personality_type": "136", "theCount": 3}, {"myValue": "962", "personality_system_id": 6, "personality_type": "962", "theCount": 2}, {"myValue": "964", "personality_system_id": 6, "personality_type": "964", "theCount": 2}, {"myValue": "126", "personality_system_id": 6, "personality_type": "126", "theCount": 1}, {"myValue": "146", "personality_system_id": 6, "personality_type": "146", "theCount": 1}, {"myValue": "269", "personality_system_id": 6, "personality_type": "269", "theCount": 1}, {"myValue": "297", "personality_system_id": 6, "personality_type": "297", "theCount": 1}], "7": [{"myValue": "Sanguine-Melancholic", "personality_system_id": 7, "personality_type": "Sanguine-Melancholic", "theCount": 10}, {"myValue": "Melancholic [Dominant]", "personality_system_id": 7, "personality_type": "Melancholic [Dominant]", "theCount": 7}, {"myValue": "Phlegmatic [Dominant]", "personality_system_id": 7, "personality_type": "Phlegmatic [Dominant]", "theCount": 6}, {"myValue": "Melancholic-Sanguine", "personality_system_id": 7, "personality_type": "Melancholic-Sanguine", "theCount": 2}, {"myValue": "Phlegmatic-Sanguine", "personality_system_id": 7, "personality_type": "Phlegmatic-Sanguine", "theCount": 2}, {"myValue": "Melancholic-Choleric", "personality_system_id": 7, "personality_type": "Melancholic-Choleric", "theCount": 1}, {"myValue": "Sanguine-Phlegmatic", "personality_system_id": 7, "personality_type": "Sanguine-Phlegmatic", "theCount": 1}], "8": [{"myValue": "FELV", "personality_system_id": 8, "personality_type": "FELV", "theCount": 6}, {"myValue": "EVFL", "personality_system_id": 8, "personality_type": "EVFL", "theCount": 2}, {"myValue": "FLVE", "personality_system_id": 8, "personality_type": "FLVE", "theCount": 1}, {"myValue": "FVLE", "personality_system_id": 8, "personality_type": "FVLE", "theCount": 1}, {"myValue": "VFLE", "personality_system_id": 8, "personality_type": "VFLE", "theCount": 1}], "9": [{"myValue": "RLOAN", "personality_system_id": 9, "personality_type": "RLOAN", "theCount": 8}, {"myValue": "RLUAN", "personality_system_id": 9, "personality_type": "RLUAN", "theCount": 2}, {"myValue": "RCOAI", "personality_system_id": 9, "personality_type": "RCOAI", "theCount": 1}, {"myValue": "RCOAN", "personality_system_id": 9, "personality_type": "RCOAN", "theCount": 1}, {"myValue": "RLOAI", "personality_system_id": 9, "personality_type": "RLOAI", "theCount": 1}, {"myValue": "SLOAI", "personality_system_id": 9, "personality_type": "SLOAI", "theCount": 1}, {"myValue": "SLOAN", "personality_system_id": 9, "personality_type": "SLOAN", "theCount": 1}, {"myValue": "SLUAN", "personality_system_id": 9, "personality_type": "SLUAN", "theCount": 1}]}, "breakdown_config": {"expand": {"1": 3, "11": 1, "2": 3, "3": 1, "4": 1, "5": 1, "6": 1, "7": 1, "8": 1, "9": 1}, "fire": {"1": 1, "11": 0, "2": 1, "3": 0, "4": 0, "5": 0, "6": 0, "7": 0, "8": 0, "9": 0}}, "mbti_letter_stats": [{"type": "I", "percentage": "96%", "PercentageFloat": 0.9635627530364372}, {"type": "N", "percentage": "64%", "PercentageFloat": 0.6356275303643725}, {"type": "F", "percentage": "100%", "PercentageFloat": 0.9959514170040485}, {"type": "P", "percentage": "66%", "PercentageFloat": 0.6558704453441295}], "topic_info": {"can_generate": false, "topic": {"description": "Jennette Margarita is a supporting character in Who Made Me a Princess and the protagonist of the fictional novel, The Lovely Princess. In the original timeline, Jennette was a beloved princess whose angelic demeanor and sunny disposition eventually melted the icy heart of Claude de Alger Obelia, the ruthless reigning monarch of the Obelian Empire. In the new timeline, Jennette is forced to hide her relations to the imperial bloodline as she waits for an opportunity to reunite with her family.", "follow_count": 3, "id": 103732, "is_following": false, "is_join_pending": false, "is_banned": false, "is_moderated": false, "name_readable": "Jennette Margarita", "post_count": 4, "source_profile_id": 133020, "source_type": "profile", "join_to_post": false, "can_pin": false, "related_topics": [{"description": "Athanasia de Alger Obelia is the protagonist in Who Made Me a Princess. After reading a romance fantasy novel named The Lovely Princess, the protagonist goes to sleep and finds herself reincarnated into the infant body of Athanasia, a side character in the fictional novel The Lovely Princess who was executed by her father, Claude de Alger Obelia, for poisoning the beloved Princess Jennette Margarita. In her new life, Athanasia is determined to avoid her fated execution and survive past the age of 18.", "follow_count": 2, "id": 103729, "is_following": false, "is_join_pending": false, "is_banned": false, "is_moderated": false, "name_readable": "Athanasia de Alger Obelia", "post_count": 8, "source_profile_id": 133017, "source_type": "profile", "image": {"picURL": "https://static1.personality-database.com/profile_images/2eab9120a9ad48a1be7d71b0ec89da76.png"}, "join_to_post": false, "can_pin": false}, {"description": "Lucas is a supporting character in Who Made Me a Princess and the powerful Magician of the Black Tower. After successfully stabilizing Athanasia's overflowing mana, Lucas was appointed as the official companion of the crown princess.", "follow_count": 5, "id": 103731, "is_following": false, "is_join_pending": false, "is_banned": false, "is_moderated": false, "name_readable": "Lucas", "post_count": 4, "source_profile_id": 133019, "source_type": "profile", "image": {"picURL": "https://static1.personality-database.com/profile_images/3451e95c242146f3aad42ea3f3e2ceab.png"}, "join_to_post": false, "can_pin": false}, {"description": "Jennette Margarita is a supporting character in Who Made Me a Princess and the protagonist of the fictional novel, The Lovely Princess. In the original timeline, Jennette was a beloved princess whose angelic demeanor and sunny disposition eventually melted the icy heart of Claude de Alger Obelia, the ruthless reigning monarch of the Obelian Empire. In the new timeline, Jennette is forced to hide her relations to the imperial bloodline as she waits for an opportunity to reunite with her family.", "follow_count": 3, "id": 103732, "is_following": false, "is_join_pending": false, "is_banned": false, "is_moderated": false, "name_readable": "Jennette Margarita", "post_count": 4, "source_profile_id": 133020, "source_type": "profile", "image": {"picURL": "https://static1.personality-database.com/profile_images/f2db3fa115e244e48c9317b0fbd7d2a0.png"}, "join_to_post": false, "can_pin": false}, {"description": "Raven is a supporting character of Who Made Me a Princess and a divine beast born from Athanasia's excessive mana.", "follow_count": 0, "id": 341717, "is_following": false, "is_join_pending": false, "is_banned": false, "is_moderated": false, "name_readable": "Raven", "post_count": 1, "source_profile_id": 577811, "source_type": "profile", "image": {"picURL": "https://static1.personality-database.com/profile_images/42e09d5964a648678f2bf306e2f99829.png"}, "join_to_post": false, "can_pin": false}, {"description": "", "follow_count": 0, "id": 286553, "is_following": false, "is_join_pending": false, "is_banned": false, "is_moderated": false, "name_readable": "Flower Irain", "post_count": 1, "source_profile_id": 372551, "source_type": "profile", "image": {"picURL": "https://static1.personality-database.com/profile_images/f0afe118d6264825a0c9c3d1fdfbf905.png"}, "join_to_post": false, "can_pin": false}, {"description": "", "follow_count": 0, "id": 286551, "is_following": false, "is_join_pending": false, "is_banned": false, "is_moderated": false, "name_readable": "Hannah", "post_count": 1, "source_profile_id": 372548, "source_type": "profile", "image": {"picURL": "https://static1.personality-database.com/profile_images/fdaebe40cf8c4aab85df05d844eceff1.png"}, "join_to_post": false, "can_pin": false}, {"description": "Diana is a supporting character in Who Made Me a Princess and the biological mother of Athanasia de Alger Obelia.", "follow_count": 0, "id": 121574, "is_following": false, "is_join_pending": false, "is_banned": false, "is_moderated": false, "name_readable": "Diana", "post_count": 0, "source_profile_id": 156715, "source_type": "profile", "image": {"picURL": "https://static1.personality-database.com/profile_images/fbba456254904703bf363c581e2632f5.png"}, "join_to_post": false, "can_pin": false}, {"description": "Lucas' instructor is a supporting character in Who Made Me a Princess.", "follow_count": 0, "id": 341719, "is_following": false, "is_join_pending": false, "is_banned": false, "is_moderated": false, "name_readable": "Lucas' Instructor", "post_count": 0, "source_profile_id": 577819, "source_type": "profile", "image": {"picURL": "https://static1.personality-database.com/profile_images/3ddb3a003c574e25ad33974f20dea059.png"}, "join_to_post": false, "can_pin": false}, {"description": "The Empress is a minor character in Who Made Me a Princess, she was the official wife of the late Emperor of Obelia, the mother of Anastacius, and the legal step-mother of Claude.", "follow_count": 0, "id": 341716, "is_following": false, "is_join_pending": false, "is_banned": false, "is_moderated": false, "name_readable": "Empress (Anastacius' Mother)", "post_count": 0, "source_profile_id": 577805, "source_type": "profile", "image": {"picURL": "https://static1.personality-database.com/profile_images/77851cd1e89a460eb88d36a8c5806c6b.png"}, "join_to_post": false, "can_pin": false}, {"description": "", "follow_count": 0, "id": 286547, "is_following": false, "is_join_pending": false, "is_banned": false, "is_moderated": false, "name_readable": "Ces", "post_count": 0, "source_profile_id": 372544, "source_type": "profile", "image": {"picURL": "https://static1.personality-database.com/profile_images/40e1d7cee5ed4709ac8af12355081582.png"}, "join_to_post": false, "can_pin": false}, {"description": "Claude's mother is described to be a fragile individual not much is known about her yet but there may be more info on her character in future chapter's", "follow_count": 0, "id": 260543, "is_following": false, "is_join_pending": false, "is_banned": false, "is_moderated": false, "name_readable": "Claude's mother", "post_count": 0, "source_profile_id": 338691, "source_type": "profile", "image": {"picURL": "https://static1.personality-database.com/profile_images/3b9b32200a7a4063a729aa487f9b8efc.png"}, "join_to_post": false, "can_pin": false}, {"description": "", "follow_count": 0, "id": 227006, "is_following": false, "is_join_pending": false, "is_banned": false, "is_moderated": false, "name_readable": "Aeternitas de Alger Obelia", "post_count": 0, "source_profile_id": 295457, "source_type": "profile", "image": {"picURL": "https://static1.personality-database.com/profile_images/ffe334916c3342e998ac34020e443cfa.png"}, "join_to_post": false, "can_pin": false}, {"description": "Penelope Judith is a supporting character in Who Made Me a Princess and the late biological mother of Jennette Margarita.", "follow_count": 0, "id": 161507, "is_following": false, "is_join_pending": false, "is_banned": false, "is_moderated": false, "name_readable": "Penelope Judith", "post_count": 0, "source_profile_id": 208974, "source_type": "profile", "image": {"picURL": "https://static1.personality-database.com/profile_images/3da88a164c214f77891e409228d865a2.png"}, "join_to_post": false, "can_pin": false}, {"description": "Lilian York is the head maid of the Emerald Palace and the nanny to Athanasia de Alger Obelia.", "follow_count": 0, "id": 120367, "is_following": false, "is_join_pending": false, "is_banned": false, "is_moderated": false, "name_readable": "Lilian York", "post_count": 0, "source_profile_id": 155237, "source_type": "profile", "image": {"picURL": "https://static1.personality-database.com/profile_images/13a62d7e8ed14040b7e6624d4f325e8e.png"}, "join_to_post": false, "can_pin": false}, {"description": "Roger Alpheus is a supporting character in Who Made Me a Princess and the father of Ijekiel Alpheus.", "follow_count": 0, "id": 120366, "is_following": false, "is_join_pending": false, "is_banned": false, "is_moderated": false, "name_readable": "Roger Alpheus", "post_count": 0, "source_profile_id": 155235, "source_type": "profile", "image": {"picURL": "https://static1.personality-database.com/profile_images/ce9c6269fcdb4cdd954203f2f3975ba9.png"}, "join_to_post": false, "can_pin": false}, {"description": "Anastacius de Alger Obelia is the main antagonist of Who Made Me a Princess and the biological father of Jennette Margarita. He reigned as the emperor of the Obelian Empire until he was ousted from the throne by his younger brother, Claude de Alger Obelia, and seemingly murdered.", "follow_count": 1, "id": 120363, "is_following": false, "is_join_pending": false, "is_banned": false, "is_moderated": false, "name_readable": "Anastacius De Alger Obelia", "post_count": 0, "source_profile_id": 155232, "source_type": "profile", "image": {"picURL": "https://static1.personality-database.com/profile_images/139173105d734b8aa56283353a2d2a78.png"}, "join_to_post": false, "can_pin": false}], "subcategory": "Who Made Me A Princess", "topic_image_url": "https://static1.personality-database.com/profile_images/f2db3fa115e244e48c9317b0fbd7d2a0.png", "source_location": {"cid": 26, "pid": 2, "sub_cat_id": 9232}, "can_post_image": false, "can_post_audio": false, "posts": {"posts": [{"username": "shinetsa", "user_pic_path": "https://static1.personality-database.com/user_avatars/876519/3295f29f-51a3-416d-8ace-bd999aa2b699.jpeg", "user_personality_type": "INFP-4w5", "is_mod": false, "comment_count": 0, "reply_count": 0, "vote_type": 0, "topics_list": [{"id": 103732, "name_readable": "Jennette Margarita"}], "id": 1904911, "post_id": 1904911, "user_id": 876519, "title": "", "content": "good day to be INFP!\nshe's so cute, too naive \u2013 true, but still she's really adorable", "create_date": 1669833918000, "unix_timestamp": 1669833918000, "update_date": 1669833918000, "vote_count": 2, "vote_count_down": 0, "is_reported": 1, "is_hidden": false, "is_pinned": false, "is_watching": false, "is_pro_user": false, "images": null, "audios": null, "function_list": [], "type": "post"}, {"username": "Alaerz", "user_pic_path": "https://lh3.googleusercontent.com/a-/AOh14GiwKGHcR5U17H1czbloKFc_86HnUvx8hHONzyBxOA=s96-c", "user_personality_type": "INFP-4w3-479", "is_mod": false, "comment_count": 1, "reply_count": 1, "vote_type": 0, "topics_list": [{"id": 103732, "name_readable": "Jennette Margarita"}], "id": 1750170, "post_id": 1750170, "user_id": 472778, "title": "", "content": "im so set on her being an ISFJ, I wanna bite someone's knees", "create_date": 1668552879000, "unix_timestamp": 1668552879000, "update_date": 1668552879000, "vote_count": 3, "vote_count_down": 0, "is_reported": 0, "is_hidden": false, "is_pinned": false, "is_watching": false, "is_pro_user": false, "images": null, "audios": null, "function_list": [], "type": "post"}, {"username": "white_bucklemaker_2894", "user_pic_path": "https://lh3.googleusercontent.com/a/AATXAJzvqgI-1C3vm6zNguJMmoYvSTtZwmbk2wJ4PYgU=s96-c", "user_personality_type": "INFP-9w1-964", "is_mod": false, "comment_count": 0, "reply_count": 0, "vote_type": 0, "topics_list": [{"id": 103732, "name_readable": "Jennette Margarita"}], "id": 1133413, "post_id": 1133413, "user_id": 685732, "title": "\n", "content": "926 and e2 =_=", "create_date": 1660056194000, "unix_timestamp": 1660056194000, "update_date": 1660056194000, "vote_count": 0, "vote_count_down": 0, "is_reported": 0, "is_hidden": false, "is_pinned": false, "is_watching": false, "is_pro_user": false, "images": null, "audios": null, "function_list": [], "type": "post"}]}}}}