{"id": 13303, "mbti_profile": "Dirk Strider", "profile_name_searchable": "dirkstrider", "allow_commenting": true, "allow_voting": true, "user_id": 0, "contributor": "the nameless", "contributor_create_date": "2018-07-13 21:00:48", "contributor_pic_path": "https://www.personality-database.com/images/profile_transparent.png", "display_order": 0, "edit_lock": 0, "edit_lock_picture": 0, "is_active": true, "is_approved": true, "mbti_enneagram_type": "INTP 5w4", "mbti_type": "INTP 5w4", "pdb_comment_access": true, "pdb_page_owner": 0, "pdb_public_access": true, "wiki_description": "Your name is DIRK.\nHoly SHIT do you love PUPPETS.\nYou possess the extreme dexterity to operate your FALSE FRIENDS UNSEEN, that is, when they are not pre-ambulatory through your LOVINGLY IMBUED MECHANIZATION. You dig writing COGNITIVE ALGORITHMS FOR SAID APOCRYPHAL MEN, and you think maybe that's FUCKIN' DOPE. Guess what else is dope? Everything ELSE YOU DO. You're a sickwicked autodidact on ANCIENT CIVILIZATIONS, a selfmade MASTER OF MYTHOLOGUE, and a PRETERNATURAL POPCULTURE ACADEME.\nIf you weren't so DAMN ALOOF and actually let people GET A LOAD, you might get described all kindsa ways. Maybe tagged as a RENAISSANCE NINJA, PHILOSOPHER PRINCE, and FLASHSTEP PUPPETEER. Or perhaps a PANTHEONIC IRONICIST, GANGSTA LOGICIAN, LUCID WAKER and DERSITE SPY.\nAgainst the better judgment of one your age, you BUILD ROBOTS, SET THEM TO KILL MODE, AND SPAR WITH THEM TO DEATH. That is, when you're not SENDIFICATING THEM TO FRIENDS, or DUELING THEM WITH RAP LYRICS.", "watch_count": 483, "comment_count": 127, "vote_count": 314, "vote_count_enneagram": 184, "vote_count_mbti": 314, "total_vote_counts": 807, "personality_type": "INTP - 5w4 - sx/so - 548 - ILI - RLUEI - LVEF - Melancholic [Dominant] - IT(N)", "type_updated_date": "2023-01-13 14:42:08", "enneagram_vote": "", "enneagram_vote_id": 0, "mbti_vote": "", "mbti_vote_id": 0, "is_watching": false, "image_exists": true, "profile_image_url": "https://static1.personality-database.com/profile_images/bb8f3c175b564712b2586e6e8ad23def.png", "profile_image_credit": "", "profile_image_credit_id": 159294, "profile_image_credit_type": "0", "profile_image_credit_url": "", "alt_subcategory": "", "related_subcategories": "", "cat_id": 26, "category": "Web Comics", "category_is_fictional": true, "sub_cat_id": 631, "subcategory": "Homestuck", "subcat_link_info": {"sub_cat_id": 631, "cat_id": 26, "property_id": 2, "subcategory": "Homestuck"}, "related_subcat_link_info": null, "related_profiles": [{"id": 5146, "mbti_profile": "Dave Strider", "subcategory": "Homestuck", "profile_image_url": "https://static1.personality-database.com/profile_images/44858886194b4cd7b96e4d6483f42eff.png", "profile_name": "Dave Strider", "profile_subcat": "Homestuck", "sub_cat_id": 631, "cat_id": 26, "property_id": 2, "mbti": "INFP", "enneatype": "4w3"}, {"id": 33456, "mbti_profile": "Vriska Serket", "subcategory": "Homestuck", "profile_image_url": "https://static1.personality-database.com/profile_images/68611fe98dcb4b70b6227469fe820166.png", "profile_name": "Vriska Serket", "profile_subcat": "Homestuck", "sub_cat_id": 631, "cat_id": 26, "property_id": 2, "mbti": "ESTJ", "enneatype": "3w4"}, {"id": 22194, "mbti_profile": "Karkat Vantas", "subcategory": "Homestuck", "profile_image_url": "https://static1.personality-database.com/profile_images/f62475df684741e3b16e6b70f5db02b0.png", "profile_name": "Karkat Vantas", "profile_subcat": "Homestuck", "sub_cat_id": 631, "cat_id": 26, "property_id": 2, "mbti": "ESFJ", "enneatype": "6w7"}, {"id": 27339, "mbti_profile": "Sollux Captor", "subcategory": "Homestuck", "profile_image_url": "https://static1.personality-database.com/profile_images/0f93581dbb0f4384acb31c5d556ef6e0.png", "profile_name": "Sollux Captor", "profile_subcat": "Homestuck", "sub_cat_id": 631, "cat_id": 26, "property_id": 2, "mbti": "ISTP", "enneatype": "5w6"}, {"id": 5145, "mbti_profile": "Jade Harley", "subcategory": "Homestuck", "profile_image_url": "https://static1.personality-database.com/profile_images/99fc6f32f9154d7bb45528a10f820a8d.png", "profile_name": "Jade Harley", "profile_subcat": "Homestuck", "sub_cat_id": 631, "cat_id": 26, "property_id": 2, "mbti": "ISFP", "enneatype": "2w1"}, {"id": 33454, "mbti_profile": "Terezi Pyrope", "subcategory": "Homestuck", "profile_image_url": "https://static1.personality-database.com/profile_images/c094b3997c114b0faedd938c11bce703.png", "profile_name": "Terezi Pyrope", "profile_subcat": "Homestuck", "sub_cat_id": 631, "cat_id": 26, "property_id": 2, "mbti": "ENTP", "enneatype": "9w8"}, {"id": 13304, "mbti_profile": "Jake English", "subcategory": "Homestuck", "profile_image_url": "https://static1.personality-database.com/profile_images/8df06173f2c240a1a9ea8fca9e1f15fd.png", "profile_name": "Jake English", "profile_subcat": "Homestuck", "sub_cat_id": 631, "cat_id": 26, "property_id": 2, "mbti": "ISFP", "enneatype": "9w8"}, {"id": 22193, "mbti_profile": "Eridan Ampora", "subcategory": "Homestuck", "profile_image_url": "https://static1.personality-database.com/profile_images/047938023a0a4c85886e6ec95a7ebf50.png", "profile_name": "Eridan Ampora", "profile_subcat": "Homestuck", "sub_cat_id": 631, "cat_id": 26, "property_id": 2, "mbti": "ESTJ", "enneatype": "3w4"}], "functions": ["Ti", "Ne", "Si", "Fe"], "systems": [{"hex_color": "#888888", "id": 1, "personality_type": "XXXX", "personality_type_id": 0, "system_name": "Four Letter", "system_vote_count": 308, "user_vote_type_id": 0, "vote_id": 0}, {"hex_color": "#006775", "id": 2, "personality_type": "XXXX", "personality_type_id": 0, "system_name": "Enneagram", "system_vote_count": 180, "user_vote_type_id": 0, "vote_id": 0}, {"hex_color": "#006775", "id": 5, "personality_type": "XXXX", "personality_type_id": 0, "system_name": "Instinctual Variant", "system_vote_count": 69, "user_vote_type_id": 0, "vote_id": 0}, {"hex_color": "#006775", "id": 6, "personality_type": "XXXX", "personality_type_id": 0, "system_name": "Tritype", "system_vote_count": 64, "user_vote_type_id": 0, "vote_id": 0}, {"hex_color": "#888888", "id": 3, "personality_type": "XXXX", "personality_type_id": 0, "system_name": "Socionics", "system_vote_count": 32, "user_vote_type_id": 0, "vote_id": 0}, {"hex_color": "#888888", "id": 9, "personality_type": "XXXX", "personality_type_id": 0, "system_name": "Big 5 (SLOAN)", "system_vote_count": 29, "user_vote_type_id": 0, "vote_id": 0}, {"hex_color": "#888888", "id": 8, "personality_type": "XXXX", "personality_type_id": 0, "system_name": "Attitudinal Psyche", "system_vote_count": 17, "user_vote_type_id": 0, "vote_id": 0}, {"hex_color": "#888888", "id": 7, "personality_type": "XXXX", "personality_type_id": 0, "system_name": "Temperaments", "system_vote_count": 68, "user_vote_type_id": 0, "vote_id": 0}, {"hex_color": "#888888", "id": 11, "personality_type": "XXXX", "personality_type_id": 0, "system_name": "Classic Jungian", "system_vote_count": 4, "user_vote_type_id": 0, "vote_id": 0}], "breakdown_systems": {"1": [{"myValue": "INTP", "personality_system_id": 1, "personality_type": "INTP", "theCount": 236}, {"myValue": "INTJ", "personality_system_id": 1, "personality_type": "INTJ", "theCount": 49}, {"myValue": "ENTP", "personality_system_id": 1, "personality_type": "ENTP", "theCount": 10}, {"myValue": "ENTJ", "personality_system_id": 1, "personality_type": "ENTJ", "theCount": 5}, {"myValue": "ISTP", "personality_system_id": 1, "personality_type": "ISTP", "theCount": 4}, {"myValue": "INFP", "personality_system_id": 1, "personality_type": "INFP", "theCount": 2}, {"myValue": "ISTJ", "personality_system_id": 1, "personality_type": "ISTJ", "theCount": 2}], "10": [{"myValue": "Left-brained Introvert", "personality_system_id": 10, "personality_type": "Left-brained Introvert", "theCount": 1}, {"myValue": "Right-brained Introvert", "personality_system_id": 10, "personality_type": "Right-brained Introvert", "theCount": 1}], "11": [{"myValue": "IT(N)", "personality_system_id": 11, "personality_type": "IT(N)", "theCount": 3}, {"myValue": "ET(N)", "personality_system_id": 11, "personality_type": "ET(N)", "theCount": 1}], "2": [{"myValue": "5w4", "personality_system_id": 2, "personality_type": "5w4", "theCount": 148}, {"myValue": "5w6", "personality_system_id": 2, "personality_type": "5w6", "theCount": 15}, {"myValue": "6w7", "personality_system_id": 2, "personality_type": "6w7", "theCount": 5}, {"myValue": "4w5", "personality_system_id": 2, "personality_type": "4w5", "theCount": 3}, {"myValue": "1w9", "personality_system_id": 2, "personality_type": "1w9", "theCount": 2}, {"myValue": "6w5", "personality_system_id": 2, "personality_type": "6w5", "theCount": 2}, {"myValue": "1w2", "personality_system_id": 2, "personality_type": "1w2", "theCount": 1}, {"myValue": "3w2", "personality_system_id": 2, "personality_type": "3w2", "theCount": 1}, {"myValue": "7w8", "personality_system_id": 2, "personality_type": "7w8", "theCount": 1}, {"myValue": "8w7", "personality_system_id": 2, "personality_type": "8w7", "theCount": 1}, {"myValue": "9w1", "personality_system_id": 2, "personality_type": "9w1", "theCount": 1}], "3": [{"myValue": "ILI", "personality_system_id": 3, "personality_type": "ILI", "theCount": 25}, {"myValue": "LIE", "personality_system_id": 3, "personality_type": "LIE", "theCount": 5}, {"myValue": "IEI", "personality_system_id": 3, "personality_type": "IEI", "theCount": 1}, {"myValue": "SEI", "personality_system_id": 3, "personality_type": "SEI", "theCount": 1}], "4": [{"myValue": "Chaotic Neutral", "personality_system_id": 4, "personality_type": "Chaotic Neutral", "theCount": 29}, {"myValue": "True Neutral", "personality_system_id": 4, "personality_type": "True Neutral", "theCount": 5}], "5": [{"myValue": "sp/so", "personality_system_id": 5, "personality_type": "sp/so", "theCount": 29}, {"myValue": "sx/so", "personality_system_id": 5, "personality_type": "sx/so", "theCount": 29}, {"myValue": "sp/sx", "personality_system_id": 5, "personality_type": "sp/sx", "theCount": 4}, {"myValue": "so/sp", "personality_system_id": 5, "personality_type": "so/sp", "theCount": 3}, {"myValue": "sx/sp", "personality_system_id": 5, "personality_type": "sx/sp", "theCount": 3}, {"myValue": "so/sx", "personality_system_id": 5, "personality_type": "so/sx", "theCount": 1}], "6": [{"myValue": "548", "personality_system_id": 6, "personality_type": "548", "theCount": 49}, {"myValue": "541", "personality_system_id": 6, "personality_type": "541", "theCount": 8}, {"myValue": "584", "personality_system_id": 6, "personality_type": "584", "theCount": 2}, {"myValue": "459", "personality_system_id": 6, "personality_type": "459", "theCount": 1}, {"myValue": "514", "personality_system_id": 6, "personality_type": "514", "theCount": 1}, {"myValue": "539", "personality_system_id": 6, "personality_type": "539", "theCount": 1}, {"myValue": "648", "personality_system_id": 6, "personality_type": "648", "theCount": 1}, {"myValue": "793", "personality_system_id": 6, "personality_type": "793", "theCount": 1}], "7": [{"myValue": "Melancholic [Dominant]", "personality_system_id": 7, "personality_type": "Melancholic [Dominant]", "theCount": 35}, {"myValue": "Melancholic-Choleric", "personality_system_id": 7, "personality_type": "Melancholic-Choleric", "theCount": 29}, {"myValue": "Melancholic-Phlegmatic", "personality_system_id": 7, "personality_type": "Melancholic-Phlegmatic", "theCount": 1}, {"myValue": "Phlegmatic [Dominant]", "personality_system_id": 7, "personality_type": "Phlegmatic [Dominant]", "theCount": 1}, {"myValue": "Phlegmatic-Choleric", "personality_system_id": 7, "personality_type": "Phlegmatic-Choleric", "theCount": 1}, {"myValue": "Phlegmatic-Sanguine", "personality_system_id": 7, "personality_type": "Phlegmatic-Sanguine", "theCount": 1}], "8": [{"myValue": "LVEF", "personality_system_id": 8, "personality_type": "LVEF", "theCount": 11}, {"myValue": "VLEF", "personality_system_id": 8, "personality_type": "VLEF", "theCount": 4}, {"myValue": "FLVE", "personality_system_id": 8, "personality_type": "FLVE", "theCount": 1}, {"myValue": "LFEV", "personality_system_id": 8, "personality_type": "LFEV", "theCount": 1}], "9": [{"myValue": "RLUEI", "personality_system_id": 9, "personality_type": "RLUEI", "theCount": 17}, {"myValue": "RLOEI", "personality_system_id": 9, "personality_type": "RLOEI", "theCount": 8}, {"myValue": "RCOEI", "personality_system_id": 9, "personality_type": "RCOEI", "theCount": 1}, {"myValue": "RCUAI", "personality_system_id": 9, "personality_type": "RCUAI", "theCount": 1}, {"myValue": "RCUEI", "personality_system_id": 9, "personality_type": "RCUEI", "theCount": 1}, {"myValue": "RLUAI", "personality_system_id": 9, "personality_type": "RLUAI", "theCount": 1}]}, "breakdown_config": {"expand": {"1": 3, "10": 1, "11": 1, "2": 3, "3": 1, "4": 1, "5": 2, "6": 1, "7": 2, "8": 1, "9": 1}, "fire": {"1": 0, "10": 0, "11": 0, "2": 0, "3": 0, "4": 0, "5": 1, "6": 0, "7": 1, "8": 0, "9": 0}}, "mbti_letter_stats": [{"type": "I", "percentage": "95%", "PercentageFloat": 0.9512987012987013}, {"type": "N", "percentage": "98%", "PercentageFloat": 0.9805194805194806}, {"type": "T", "percentage": "99%", "PercentageFloat": 0.9935064935064936}, {"type": "P", "percentage": "82%", "PercentageFloat": 0.8181818181818182}], "topic_info": {"can_generate": false, "topic": {"description": "", "follow_count": 0, "id": 12281, "is_following": false, "is_join_pending": false, "is_banned": false, "is_moderated": false, "name_readable": "Dirk Strider", "post_count": 12, "source_profile_id": 13303, "source_type": "profile", "join_to_post": false, "can_pin": false, "related_topics": [{"description": "", "follow_count": 6, "id": 4768, "is_following": false, "is_join_pending": false, "is_banned": false, "is_moderated": false, "name_readable": "Dave Strider", "post_count": 21, "source_profile_id": 5146, "source_type": "profile", "image": {"picURL": "https://static1.personality-database.com/profile_images/44858886194b4cd7b96e4d6483f42eff.png"}, "join_to_post": false, "can_pin": false}, {"description": "", "follow_count": 2, "id": 24582, "is_following": false, "is_join_pending": false, "is_banned": false, "is_moderated": false, "name_readable": "Sollux Captor", "post_count": 19, "source_profile_id": 27339, "source_type": "profile", "image": {"picURL": "https://static1.personality-database.com/profile_images/0f93581dbb0f4384acb31c5d556ef6e0.png"}, "join_to_post": false, "can_pin": false}, {"description": "", "follow_count": 0, "id": 12281, "is_following": false, "is_join_pending": false, "is_banned": false, "is_moderated": false, "name_readable": "Dirk Strider", "post_count": 12, "source_profile_id": 13303, "source_type": "profile", "image": {"picURL": "https://static1.personality-database.com/profile_images/bb8f3c175b564712b2586e6e8ad23def.png"}, "join_to_post": false, "can_pin": false}, {"description": "Karkat Vantas, also known by his Trollian handle carcinoGeneticist, is one of the trolls and one of the main characters in Homestuck.", "follow_count": 3, "id": 20134, "is_following": false, "is_join_pending": false, "is_banned": false, "is_moderated": false, "name_readable": "Karkat Vantas", "post_count": 12, "source_profile_id": 22194, "source_type": "profile", "image": {"picURL": "https://static1.personality-database.com/profile_images/f62475df684741e3b16e6b70f5db02b0.png"}, "join_to_post": false, "can_pin": false}, {"description": "", "follow_count": 0, "id": 4765, "is_following": false, "is_join_pending": false, "is_banned": false, "is_moderated": false, "name_readable": "John Egbert", "post_count": 4, "source_profile_id": 5143, "source_type": "profile", "image": {"picURL": "https://static1.personality-database.com/profile_images/451390d8ced64818bc664c3edc6f5477.png"}, "join_to_post": false, "can_pin": false}, {"description": "", "follow_count": 1, "id": 32169, "is_following": false, "is_join_pending": false, "is_banned": false, "is_moderated": false, "name_readable": "Gamzee Makara", "post_count": 4, "source_profile_id": 35929, "source_type": "profile", "image": {"picURL": "https://static1.personality-database.com/profile_images/38721d0b0a1f40ffa724c8a7ee8d1312.png"}, "join_to_post": false, "can_pin": false}, {"description": "", "follow_count": 1, "id": 12282, "is_following": false, "is_join_pending": false, "is_banned": false, "is_moderated": false, "name_readable": "Jake English", "post_count": 4, "source_profile_id": 13304, "source_type": "profile", "image": {"picURL": "https://static1.personality-database.com/profile_images/8df06173f2c240a1a9ea8fca9e1f15fd.png"}, "join_to_post": false, "can_pin": false}, {"description": "", "follow_count": 0, "id": 27199, "is_following": false, "is_join_pending": false, "is_banned": false, "is_moderated": false, "name_readable": "Aradia Megido", "post_count": 3, "source_profile_id": 30170, "source_type": "profile", "image": {"picURL": "https://static1.personality-database.com/profile_images/4fbdfe19958e43b5863fa3566c853081.png"}, "join_to_post": false, "can_pin": false}, {"description": "", "follow_count": 0, "id": 4767, "is_following": false, "is_join_pending": false, "is_banned": false, "is_moderated": false, "name_readable": "Jade Harley", "post_count": 2, "source_profile_id": 5145, "source_type": "profile", "image": {"picURL": "https://static1.personality-database.com/profile_images/99fc6f32f9154d7bb45528a10f820a8d.png"}, "join_to_post": false, "can_pin": false}, {"description": "#intpvillains", "follow_count": 0, "id": 97035, "is_following": false, "is_join_pending": false, "is_banned": false, "is_moderated": false, "name_readable": "Ultimate Dirk", "post_count": 2, "source_profile_id": 123803, "source_type": "profile", "image": {"picURL": "https://static1.personality-database.com/profile_images/e967c9cfe5bf4422b64b5448eebd1a13.png"}, "join_to_post": false, "can_pin": false}, {"description": "", "follow_count": 0, "id": 30079, "is_following": false, "is_join_pending": false, "is_banned": false, "is_moderated": false, "name_readable": "Vriska Serket", "post_count": 1, "source_profile_id": 33456, "source_type": "profile", "image": {"picURL": "https://static1.personality-database.com/profile_images/68611fe98dcb4b70b6227469fe820166.png"}, "join_to_post": false, "can_pin": false}, {"description": "", "follow_count": 1, "id": 30075, "is_following": false, "is_join_pending": false, "is_banned": false, "is_moderated": false, "name_readable": "Tavros Nitram", "post_count": 1, "source_profile_id": 33452, "source_type": "profile", "image": {"picURL": "https://static1.personality-database.com/profile_images/99681cc75b254b0d9731fb31ed79122e.png"}, "join_to_post": false, "can_pin": false}, {"description": "", "follow_count": 0, "id": 33471, "is_following": false, "is_join_pending": false, "is_banned": false, "is_moderated": false, "name_readable": "Cronus Ampora", "post_count": 1, "source_profile_id": 37444, "source_type": "profile", "image": {"picURL": "https://static1.personality-database.com/profile_images/6855974cf82f4580a3dcac26ee59f6b0.png"}, "join_to_post": false, "can_pin": false}, {"description": "Porrim Maryam is the Maid of Space and Kanaya's dancestor. She is the pre-scratch version of The Dolorosa.", "follow_count": 0, "id": 33467, "is_following": false, "is_join_pending": false, "is_banned": false, "is_moderated": false, "name_readable": "Porrim Maryam", "post_count": 1, "source_profile_id": 37440, "source_type": "profile", "image": {"picURL": "https://static1.personality-database.com/profile_images/79b0666c8f1f4a9d9ba7115b6d8726a6.png"}, "join_to_post": false, "can_pin": false}, {"description": "", "follow_count": 0, "id": 66456, "is_following": false, "is_join_pending": false, "is_banned": false, "is_moderated": false, "name_readable": "Doc Scratch", "post_count": 1, "source_profile_id": 81970, "source_type": "profile", "image": {"picURL": "https://static1.personality-database.com/profile_images/f35cfbe715754c85b449cc3998dba8ec.png"}, "join_to_post": false, "can_pin": false}, {"description": "Terezi can be civil, flirty and derisive in her interactions. Her drive for justice results in some cruel actions, the majority of which she has been shown to be deeply affected by and regret later on. She is almost always grinning and in many panels, it appears as though she is cackling madly. From her conversations with the kids, Terezi's attitude differs depending on who she is talking to: she acts helpful towards Rose, dubs them 'hatefriends' and tells her about Sburb. This approach may be a part of her trolling of John by pretending to be helpful towards him (through insulting him and using a kind of angry politeness) and giving him advice that leads to his death in the alternate timeline. After John avoids his death, Terezi seems to have since shown remorse for her actions and claimed she felt awful for 'killing' him; even helping him through the second gate into the Land of Light and Rain to earn his trust. Her trolling of Dave has been bizarre but effective.", "follow_count": 0, "id": 30077, "is_following": false, "is_join_pending": false, "is_banned": false, "is_moderated": false, "name_readable": "Terezi Pyrope", "post_count": 1, "source_profile_id": 33454, "source_type": "profile", "image": {"picURL": "https://static1.personality-database.com/profile_images/c094b3997c114b0faedd938c11bce703.png"}, "join_to_post": false, "can_pin": false}], "subcategory": "Homestuck", "topic_image_url": "https://static1.personality-database.com/profile_images/bb8f3c175b564712b2586e6e8ad23def.png", "source_location": {"cid": 26, "pid": 2, "sub_cat_id": 631}, "can_post_image": false, "can_post_audio": false, "posts": {"posts": [{"username": "attractive_lady_2856", "user_pic_path": "https://lh3.googleusercontent.com/a/ALm5wu3ZOo_6wBvWU747kX9lfkXrNlyif6HCdep0kSln=s96-c", "user_personality_type": "XXXX", "is_mod": false, "comment_count": 0, "reply_count": 0, "vote_type": 0, "topics_list": [{"id": 12281, "name_readable": "Dirk Strider"}], "id": 1410594, "post_id": 1410594, "user_id": 1214407, "title": "", "content": "Giggling and kicking my feet rn", "create_date": 1664262553000, "unix_timestamp": 1664262553000, "update_date": 1664262553000, "vote_count": 1, "vote_count_down": 0, "is_reported": 0, "is_hidden": false, "is_pinned": false, "is_watching": false, "is_pro_user": false, "images": null, "audios": null, "function_list": [], "type": "post"}, {"username": "tallyy", "user_pic_path": "https://lh3.googleusercontent.com/a-/ACNPEu81zUB0Z6NVwVo3j0UobRlDIzPbR129joKl_8ZC-Q=s96-c", "user_personality_type": "", "is_mod": false, "comment_count": 0, "reply_count": 0, "vote_type": 0, "topics_list": [{"id": 12281, "name_readable": "Dirk Strider"}], "id": 1099285, "post_id": 1099285, "user_id": 198374, "title": "", "content": "this guy sucks", "create_date": 1659485108000, "unix_timestamp": 1659485108000, "update_date": 1659485108000, "vote_count": 7, "vote_count_down": 0, "is_reported": 0, "is_hidden": false, "is_pinned": false, "is_watching": false, "is_pro_user": false, "images": null, "audios": null, "function_list": [], "type": "post"}, {"username": "sourbonez", "user_pic_path": "https://static1.personality-database.com/user_avatars/425893/a7a33e13-90f5-47e7-a0a2-a25dce6e84f0.jpeg", "user_personality_type": "ENFJ-2w1-285", "is_mod": false, "comment_count": 0, "reply_count": 0, "vote_type": 0, "topics_list": [{"id": 12281, "name_readable": "Dirk Strider"}], "id": 774708, "post_id": 774708, "user_id": 425893, "title": "", "content": "i would like to give him a little kiss . just like on the cheek tho I'm not gay", "create_date": 1653655564000, "unix_timestamp": 1653655564000, "update_date": 1653655564000, "vote_count": 9, "vote_count_down": 0, "is_reported": 0, "is_hidden": false, "is_pinned": false, "is_watching": false, "is_pro_user": false, "images": null, "audios": null, "function_list": [], "type": "post"}]}}}}