{"id": 135797, "mbti_profile": "Prep (Vincent)", "profile_name_searchable": "prepvincent", "allow_commenting": true, "allow_voting": true, "user_id": 23568, "contributor": "zarasousas", "contributor_create_date": "2020-05-17 17:51:53", "contributor_pic_path": "https://lh3.googleusercontent.com/a-/AOh14Ggw0UbqCg9PD1Sc7iSsuJzrlaDB7bhzmHgui43Hr9k=s96-c", "display_order": 1000, "edit_lock": 0, "edit_lock_picture": 0, "is_active": true, "is_approved": true, "mbti_enneagram_type": "ESFP 4w3", "mbti_type": "ESFP 4w3", "pdb_comment_access": true, "pdb_page_owner": 0, "pdb_public_access": true, "wiki_description": "He is a douchebag, an asshole, evil, aggressive, sadistic, overbearing, angry, selfish, rude, disrespectful, sarcastic, arrogant, loud-mouthed, lazy, and insane child with a massive ego. In short he\u2019s an asshole. He is the most foul-mouthed character in the show. He is also racist and stereotypes almost everyone he sees. The very dark, usually disturbing undertones to his personality often hint at an extreme mental imbalance. He is a psychopath and also engages in recreational cannibalism. Apart from being portrayed as having a general lack of moral responsibility or social conscience, he also seems to take pleasure from others' misfortune and is a sociopath that is generally unable to show empathy. He is an absolute monster, the likes of which the world has never seen and would most likely eat a baby if it meant getting ahead. A total queef stain on humanity.", "watch_count": 222, "comment_count": 45, "vote_count": 341, "vote_count_enneagram": 123, "vote_count_mbti": 341, "total_vote_counts": 553, "personality_type": "ESFP - 4w3 - so/sx - 479 - ESE - SLUAI - EVFL - Sanguine-Choleric", "type_updated_date": "2022-12-29 07:35:05", "enneagram_vote": "", "enneagram_vote_id": 0, "mbti_vote": "", "mbti_vote_id": 0, "is_watching": false, "image_exists": false, "profile_image_url": "https://static1.personality-database.com/profile_images/832d0e6114854bb698329ca72a27c2c2.png", "profile_image_credit": "", "profile_image_credit_id": 0, "profile_image_credit_type": "0", "profile_image_credit_url": "", "alt_subcategory": "", "related_subcategories": "", "cat_id": 26, "category": "Web Comics", "category_is_fictional": true, "sub_cat_id": 9397, "subcategory": "Boyfriends", "subcat_link_info": {"sub_cat_id": 9397, "cat_id": 26, "property_id": 2, "subcategory": "Boyfriends"}, "related_subcat_link_info": null, "related_profiles": [{"id": 135799, "mbti_profile": "Goth (Felix)", "subcategory": "Boyfriends", "profile_image_url": "https://static1.personality-database.com/profile_images/182dce8dc9c6435d8d512331be5c9862.png", "profile_name": "Goth (Felix)", "profile_subcat": "Boyfriends", "sub_cat_id": 9397, "cat_id": 26, "property_id": 2, "mbti": "ESTP", "enneatype": "8w9"}, {"id": 135798, "mbti_profile": "Nerd (Adrian)", "subcategory": "Boyfriends", "profile_image_url": "https://static1.personality-database.com/profile_images/3c2087ca9ab54263aa3cfae370354486.png", "profile_name": "Nerd (Adrian)", "profile_subcat": "Boyfriends", "sub_cat_id": 9397, "cat_id": 26, "property_id": 2, "mbti": "INFP", "enneatype": "2w1"}, {"id": 135800, "mbti_profile": "Jock (Kevin)", "subcategory": "Boyfriends", "profile_image_url": "https://static1.personality-database.com/profile_images/793b98ee3dae49c189a26db9824722c7.png", "profile_name": "Jock (Kevin)", "profile_subcat": "Boyfriends", "sub_cat_id": 9397, "cat_id": 26, "property_id": 2, "mbti": "ESFJ", "enneatype": "9w1"}, {"id": 281218, "mbti_profile": "Nerd Girlfiend (Lala)", "subcategory": "Boyfriends", "profile_image_url": "https://static1.personality-database.com/profile_images/01204a83f8734c7c8ace1fa67e003dc2.png", "profile_name": "Nerd Girlfiend (Lala)", "profile_subcat": "Boyfriends", "sub_cat_id": 9397, "cat_id": 26, "property_id": 2, "mbti": "ENFP", "enneatype": "4w5"}, {"id": 280593, "mbti_profile": "Goth Girlfriend (Luna)", "subcategory": "Boyfriends", "profile_image_url": "https://static1.personality-database.com/profile_images/8b5ae8a9aec8469ab68d61e736289bde.png", "profile_name": "Goth Girlfriend (Luna)", "profile_subcat": "Boyfriends", "sub_cat_id": 9397, "cat_id": 26, "property_id": 2, "mbti": "INTP", "enneatype": "5w4"}, {"id": 281216, "mbti_profile": "Jock Girlfriend (Alex)", "subcategory": "Boyfriends", "profile_image_url": "https://static1.personality-database.com/profile_images/65dee5651ba94fa0bb3e02f0dd83998d.png", "profile_name": "Jock Girlfriend (Alex)", "profile_subcat": "Boyfriends", "sub_cat_id": 9397, "cat_id": 26, "property_id": 2, "mbti": "ESFP", "enneatype": "8w7"}, {"id": 281217, "mbti_profile": "Prep Girlfriend (Stephanie)", "subcategory": "Boyfriends", "profile_image_url": "https://static1.personality-database.com/profile_images/36a9f88cf2624d93964bb74cc1b8fab2.png", "profile_name": "Prep Girlfriend (Stephanie)", "profile_subcat": "Boyfriends", "sub_cat_id": 9397, "cat_id": 26, "property_id": 2, "mbti": "ENFJ", "enneatype": "3w2"}, {"id": 427208, "mbti_profile": "Jock\u2019s Mom", "subcategory": "Boyfriends", "profile_image_url": "https://static1.personality-database.com/profile_images/b665c86b3e754896af508046d5a0b676.png", "profile_name": "Jock\u2019s Mom", "profile_subcat": "Boyfriends", "sub_cat_id": 9397, "cat_id": 26, "property_id": 2, "mbti": "ESFJ", "enneatype": "2w1"}], "functions": ["Se", "Fi", "Te", "Ni"], "systems": [{"hex_color": "#888888", "id": 1, "personality_type": "XXXX", "personality_type_id": 0, "system_name": "Four Letter", "system_vote_count": 327, "user_vote_type_id": 0, "vote_id": 0}, {"hex_color": "#006775", "id": 2, "personality_type": "XXXX", "personality_type_id": 0, "system_name": "Enneagram", "system_vote_count": 119, "user_vote_type_id": 0, "vote_id": 0}, {"hex_color": "#006775", "id": 5, "personality_type": "XXXX", "personality_type_id": 0, "system_name": "Instinctual Variant", "system_vote_count": 33, "user_vote_type_id": 0, "vote_id": 0}, {"hex_color": "#006775", "id": 6, "personality_type": "XXXX", "personality_type_id": 0, "system_name": "Tritype", "system_vote_count": 24, "user_vote_type_id": 0, "vote_id": 0}, {"hex_color": "#888888", "id": 3, "personality_type": "XXXX", "personality_type_id": 0, "system_name": "Socionics", "system_vote_count": 13, "user_vote_type_id": 0, "vote_id": 0}, {"hex_color": "#888888", "id": 9, "personality_type": "XXXX", "personality_type_id": 0, "system_name": "Big 5 (SLOAN)", "system_vote_count": 7, "user_vote_type_id": 0, "vote_id": 0}, {"hex_color": "#888888", "id": 8, "personality_type": "XXXX", "personality_type_id": 0, "system_name": "Attitudinal Psyche", "system_vote_count": 11, "user_vote_type_id": 0, "vote_id": 0}, {"hex_color": "#888888", "id": 7, "personality_type": "XXXX", "personality_type_id": 0, "system_name": "Temperaments", "system_vote_count": 17, "user_vote_type_id": 0, "vote_id": 0}, {"hex_color": "#888888", "id": 11, "personality_type": "XXXX", "personality_type_id": 0, "system_name": "Classic Jungian", "system_vote_count": 1, "user_vote_type_id": 0, "vote_id": 0}], "breakdown_systems": {"1": [{"myValue": "ESFP", "personality_system_id": 1, "personality_type": "ESFP", "theCount": 150}, {"myValue": "ENFP", "personality_system_id": 1, "personality_type": "ENFP", "theCount": 144}, {"myValue": "ESTJ", "personality_system_id": 1, "personality_type": "ESTJ", "theCount": 18}, {"myValue": "ISTJ", "personality_system_id": 1, "personality_type": "ISTJ", "theCount": 5}, {"myValue": "ENTJ", "personality_system_id": 1, "personality_type": "ENTJ", "theCount": 3}, {"myValue": "ENFJ", "personality_system_id": 1, "personality_type": "ENFJ", "theCount": 2}, {"myValue": "ESFJ", "personality_system_id": 1, "personality_type": "ESFJ", "theCount": 2}, {"myValue": "ISFP", "personality_system_id": 1, "personality_type": "ISFP", "theCount": 2}, {"myValue": "INTJ", "personality_system_id": 1, "personality_type": "INTJ", "theCount": 1}], "11": [{"myValue": "EN(F)", "personality_system_id": 11, "personality_type": "EN(F)", "theCount": 1}], "2": [{"myValue": "4w3", "personality_system_id": 2, "personality_type": "4w3", "theCount": 80}, {"myValue": "3w2", "personality_system_id": 2, "personality_type": "3w2", "theCount": 19}, {"myValue": "3w4", "personality_system_id": 2, "personality_type": "3w4", "theCount": 12}, {"myValue": "2w3", "personality_system_id": 2, "personality_type": "2w3", "theCount": 4}, {"myValue": "6w7", "personality_system_id": 2, "personality_type": "6w7", "theCount": 1}, {"myValue": "7w6", "personality_system_id": 2, "personality_type": "7w6", "theCount": 1}, {"myValue": "9w1", "personality_system_id": 2, "personality_type": "9w1", "theCount": 1}, {"myValue": "9w8", "personality_system_id": 2, "personality_type": "9w8", "theCount": 1}], "3": [{"myValue": "ESE", "personality_system_id": 3, "personality_type": "ESE", "theCount": 6}, {"myValue": "IEE", "personality_system_id": 3, "personality_type": "IEE", "theCount": 5}, {"myValue": "EIE", "personality_system_id": 3, "personality_type": "EIE", "theCount": 1}, {"myValue": "SEI", "personality_system_id": 3, "personality_type": "SEI", "theCount": 1}], "4": [{"myValue": "Chaotic Good", "personality_system_id": 4, "personality_type": "Chaotic Good", "theCount": 1}], "5": [{"myValue": "so/sx", "personality_system_id": 5, "personality_type": "so/sx", "theCount": 28}, {"myValue": "so/sp", "personality_system_id": 5, "personality_type": "so/sp", "theCount": 2}, {"myValue": "sp/so", "personality_system_id": 5, "personality_type": "sp/so", "theCount": 1}, {"myValue": "sp/sx", "personality_system_id": 5, "personality_type": "sp/sx", "theCount": 1}, {"myValue": "sx/sp", "personality_system_id": 5, "personality_type": "sx/sp", "theCount": 1}], "6": [{"myValue": "479", "personality_system_id": 6, "personality_type": "479", "theCount": 15}, {"myValue": "279", "personality_system_id": 6, "personality_type": "279", "theCount": 2}, {"myValue": "379", "personality_system_id": 6, "personality_type": "379", "theCount": 2}, {"myValue": "126", "personality_system_id": 6, "personality_type": "126", "theCount": 1}, {"myValue": "361", "personality_system_id": 6, "personality_type": "361", "theCount": 1}, {"myValue": "378", "personality_system_id": 6, "personality_type": "378", "theCount": 1}, {"myValue": "497", "personality_system_id": 6, "personality_type": "497", "theCount": 1}, {"myValue": "954", "personality_system_id": 6, "personality_type": "954", "theCount": 1}], "7": [{"myValue": "Sanguine-Choleric", "personality_system_id": 7, "personality_type": "Sanguine-Choleric", "theCount": 11}, {"myValue": "Melancholic-Sanguine", "personality_system_id": 7, "personality_type": "Melancholic-Sanguine", "theCount": 2}, {"myValue": "Choleric [Dominant]", "personality_system_id": 7, "personality_type": "Choleric [Dominant]", "theCount": 1}, {"myValue": "Choleric-Melancholic", "personality_system_id": 7, "personality_type": "Choleric-Melancholic", "theCount": 1}, {"myValue": "Choleric-Sanguine", "personality_system_id": 7, "personality_type": "Choleric-Sanguine", "theCount": 1}, {"myValue": "Melancholic-Choleric", "personality_system_id": 7, "personality_type": "Melancholic-Choleric", "theCount": 1}], "8": [{"myValue": "EVFL", "personality_system_id": 8, "personality_type": "EVFL", "theCount": 4}, {"myValue": "EFVL", "personality_system_id": 8, "personality_type": "EFVL", "theCount": 3}, {"myValue": "EFLV", "personality_system_id": 8, "personality_type": "EFLV", "theCount": 1}, {"myValue": "FEVL", "personality_system_id": 8, "personality_type": "FEVL", "theCount": 1}, {"myValue": "FVEL", "personality_system_id": 8, "personality_type": "FVEL", "theCount": 1}, {"myValue": "LVFE", "personality_system_id": 8, "personality_type": "LVFE", "theCount": 1}], "9": [{"myValue": "SLUAI", "personality_system_id": 9, "personality_type": "SLUAI", "theCount": 5}, {"myValue": "SLUEI", "personality_system_id": 9, "personality_type": "SLUEI", "theCount": 1}, {"myValue": "SLUEN", "personality_system_id": 9, "personality_type": "SLUEN", "theCount": 1}]}, "breakdown_config": {"expand": {"1": 3, "11": 1, "2": 3, "3": 1, "4": 1, "5": 1, "6": 1, "7": 1, "8": 1, "9": 1}, "fire": {"1": 1, "11": 0, "2": 0, "3": 0, "4": 0, "5": 0, "6": 0, "7": 0, "8": 0, "9": 0}}, "mbti_letter_stats": [{"type": "E", "percentage": "98%", "PercentageFloat": 0.9755351681957186}, {"type": "S", "percentage": "54%", "PercentageFloat": 0.5412844036697247}, {"type": "F", "percentage": "92%", "PercentageFloat": 0.9174311926605505}, {"type": "P", "percentage": "91%", "PercentageFloat": 0.9051987767584098}], "topic_info": {"can_generate": false, "topic": {"description": "", "follow_count": 0, "id": 105780, "is_following": false, "is_join_pending": false, "is_banned": false, "is_moderated": false, "name_readable": "Prep/Vincent", "post_count": 83, "source_profile_id": 135797, "source_type": "profile", "join_to_post": false, "can_pin": false, "related_topics": [{"description": "", "follow_count": 5, "id": 105781, "is_following": false, "is_join_pending": false, "is_banned": false, "is_moderated": false, "name_readable": "Nerd/Adrian", "post_count": 130, "source_profile_id": 135798, "source_type": "profile", "image": {"picURL": "https://static1.personality-database.com/profile_images/3c2087ca9ab54263aa3cfae370354486.png"}, "join_to_post": false, "can_pin": false}, {"description": "", "follow_count": 0, "id": 105780, "is_following": false, "is_join_pending": false, "is_banned": false, "is_moderated": false, "name_readable": "Prep/Vincent", "post_count": 83, "source_profile_id": 135797, "source_type": "profile", "image": {"picURL": "https://static1.personality-database.com/profile_images/832d0e6114854bb698329ca72a27c2c2.png"}, "join_to_post": false, "can_pin": false}, {"description": "", "follow_count": 0, "id": 105782, "is_following": false, "is_join_pending": false, "is_banned": false, "is_moderated": false, "name_readable": "Goth/Felix", "post_count": 62, "source_profile_id": 135799, "source_type": "profile", "image": {"picURL": "https://static1.personality-database.com/profile_images/182dce8dc9c6435d8d512331be5c9862.png"}, "join_to_post": false, "can_pin": false}, {"description": "", "follow_count": 0, "id": 105783, "is_following": false, "is_join_pending": false, "is_banned": false, "is_moderated": false, "name_readable": "Jock/Kevin", "post_count": 19, "source_profile_id": 135800, "source_type": "profile", "image": {"picURL": "https://static1.personality-database.com/profile_images/793b98ee3dae49c189a26db9824722c7.png"}, "join_to_post": false, "can_pin": false}, {"description": "", "follow_count": 0, "id": 214832, "is_following": false, "is_join_pending": false, "is_banned": false, "is_moderated": false, "name_readable": "Goth Girlfriend", "post_count": 9, "source_profile_id": 280593, "source_type": "profile", "image": {"picURL": "https://static1.personality-database.com/profile_images/8b5ae8a9aec8469ab68d61e736289bde.png"}, "join_to_post": false, "can_pin": false}, {"description": "best character", "follow_count": 1, "id": 340024, "is_following": false, "is_join_pending": false, "is_banned": false, "is_moderated": false, "name_readable": "Purple hoodie guy", "post_count": 5, "source_profile_id": 562939, "source_type": "profile", "image": {"picURL": "https://www.personality-database.com/images/profile_transparent.png"}, "join_to_post": false, "can_pin": false}, {"description": "", "follow_count": 0, "id": 215308, "is_following": false, "is_join_pending": false, "is_banned": false, "is_moderated": false, "name_readable": "Prep Girlfriend", "post_count": 4, "source_profile_id": 281217, "source_type": "profile", "image": {"picURL": "https://static1.personality-database.com/profile_images/36a9f88cf2624d93964bb74cc1b8fab2.png"}, "join_to_post": false, "can_pin": false}, {"description": "", "follow_count": 0, "id": 215309, "is_following": false, "is_join_pending": false, "is_banned": false, "is_moderated": false, "name_readable": "Nerd Sweetheart", "post_count": 3, "source_profile_id": 281218, "source_type": "profile", "image": {"picURL": "https://static1.personality-database.com/profile_images/01204a83f8734c7c8ace1fa67e003dc2.png"}, "join_to_post": false, "can_pin": false}, {"description": "", "follow_count": 0, "id": 215307, "is_following": false, "is_join_pending": false, "is_banned": false, "is_moderated": false, "name_readable": "Jock Girlfriend", "post_count": 2, "source_profile_id": 281216, "source_type": "profile", "image": {"picURL": "https://static1.personality-database.com/profile_images/65dee5651ba94fa0bb3e02f0dd83998d.png"}, "join_to_post": false, "can_pin": false}, {"description": "Jock and Jock Girlfriend\u2019s mom. She also owns a restaurant.", "follow_count": 0, "id": 336456, "is_following": false, "is_join_pending": false, "is_banned": false, "is_moderated": false, "name_readable": "Jock\u2019s Mom", "post_count": 2, "source_profile_id": 427208, "source_type": "profile", "image": {"picURL": "https://static1.personality-database.com/profile_images/b665c86b3e754896af508046d5a0b676.png"}, "join_to_post": false, "can_pin": false}, {"description": "", "follow_count": 1, "id": 342820, "is_following": false, "is_join_pending": false, "is_banned": false, "is_moderated": false, "name_readable": "The Teacher", "post_count": 1, "source_profile_id": 579071, "source_type": "profile", "image": {"picURL": "https://static1.personality-database.com/profile_images/cad0947d7bd1440eb4c32a25b20216c2.png"}, "join_to_post": false, "can_pin": false}], "subcategory": "Boyfriends", "topic_image_url": "https://static1.personality-database.com/profile_images/832d0e6114854bb698329ca72a27c2c2.png", "source_location": {"cid": 26, "pid": 2, "sub_cat_id": 9397}, "can_post_image": false, "can_post_audio": false, "posts": {"posts": [{"username": "mon_e", "user_pic_path": "https://static1.personality-database.com/user_avatars/1618746/fd19e720-326c-491d-8a88-fdadd6acd096_small.jpeg", "user_personality_type": "INTJ-5w4-531", "is_mod": false, "comment_count": 0, "reply_count": 0, "vote_type": 0, "topics_list": [{"id": 105780, "name_readable": "Prep/Vincent"}], "id": 2181610, "post_id": 2181610, "user_id": 1618746, "title": " ", "content": "i hope he burns to death", "create_date": 1673630213000, "unix_timestamp": 1673630213000, "update_date": 1673630213000, "vote_count": 0, "vote_count_down": 0, "is_reported": 0, "is_hidden": false, "is_pinned": false, "is_watching": false, "is_pro_user": false, "images": null, "audios": null, "function_list": [], "type": "post"}, {"username": "Goofy ahh cool kid", "user_pic_path": "https://static1.personality-database.com/user_avatars/991319/55530963-f95e-4afe-b52a-bf320f361f46_small.jpeg", "user_personality_type": "ENTP-7w8-783", "is_mod": false, "comment_count": 0, "reply_count": 0, "vote_type": 0, "topics_list": [{"id": 105780, "name_readable": "Prep/Vincent"}], "id": 2094747, "post_id": 2094747, "user_id": 991319, "title": "", "content": "Cringe ugly stupid", "create_date": 1672747363000, "unix_timestamp": 1672747363000, "update_date": 1672747363000, "vote_count": 4, "vote_count_down": 0, "is_reported": 0, "is_hidden": false, "is_pinned": false, "is_watching": false, "is_pro_user": false, "images": null, "audios": null, "function_list": [], "type": "post"}, {"username": "Twilight-Honeymoon", "user_pic_path": "https://static1.personality-database.com/user_avatars/1769400/24ac9f91-766f-4ca2-a8d9-4b67d8c71e46_small.jpeg", "user_personality_type": "ESFP-7w8", "is_mod": false, "comment_count": 0, "reply_count": 0, "vote_type": 0, "topics_list": [{"id": 105780, "name_readable": "Prep/Vincent"}], "id": 2082466, "post_id": 2082466, "user_id": 1769400, "title": "Agreed", "content": "I like this cause Prep as an ESFP is very accurate I like the fact that he\u2019s a business major which does fall within the recommended ESFP jobs he gives us some pretty good representation tbh so I like this. He breaks away from the \u201cstupid brainless beauty\u201d ESFP stereotype", "create_date": 1672613334000, "unix_timestamp": 1672613334000, "update_date": 1672613334000, "vote_count": 0, "vote_count_down": 0, "is_reported": 0, "is_hidden": false, "is_pinned": false, "is_watching": false, "is_pro_user": false, "images": null, "audios": null, "function_list": [], "type": "post"}]}}}}