{"id": 135798, "mbti_profile": "Nerd (Adrian)", "profile_name_searchable": "nerdadrian", "allow_commenting": true, "allow_voting": true, "user_id": 23568, "contributor": "zarasousas", "contributor_create_date": "2020-05-17 17:51:53", "contributor_pic_path": "https://lh3.googleusercontent.com/a-/AOh14Ggw0UbqCg9PD1Sc7iSsuJzrlaDB7bhzmHgui43Hr9k=s96-c", "display_order": 995, "edit_lock": 0, "edit_lock_picture": 1, "is_active": true, "is_approved": true, "mbti_enneagram_type": "INFP 2w1", "mbti_type": "INFP 2w1", "pdb_comment_access": true, "pdb_page_owner": 0, "pdb_public_access": true, "wiki_description": "Nerd is a 19-year-old pansexual man who is taking a double major in maths and astronomy in his first year of college. This is shown to be stressful for him at times, and he relies on the support of his boyfriends to get him through. Nerd likes K-pop idols, which helps him kindle his relationship with Jock. They learn dances and go to concerts of their favorite performers together. He also spends a lot of time playing video games and watching anime with Goth when they first start dating. Nerd regularly changes his hair colour and is also the shortest and youngest of the group.", "watch_count": 454, "comment_count": 107, "vote_count": 206, "vote_count_enneagram": 111, "vote_count_mbti": 206, "total_vote_counts": 446, "personality_type": "INFP - 2w1 - sp/sx - 279 - SEI - SLUAI - ELFV - Phlegmatic-Sanguine - IT(N)", "type_updated_date": "2022-12-23 21:40:58", "enneagram_vote": "", "enneagram_vote_id": 0, "mbti_vote": "", "mbti_vote_id": 0, "is_watching": false, "image_exists": false, "profile_image_url": "https://static1.personality-database.com/profile_images/3c2087ca9ab54263aa3cfae370354486.png", "profile_image_credit": "", "profile_image_credit_id": 455659, "profile_image_credit_type": "0", "profile_image_credit_url": "", "alt_subcategory": "", "related_subcategories": "", "cat_id": 26, "category": "Web Comics", "category_is_fictional": true, "sub_cat_id": 9397, "subcategory": "Boyfriends", "subcat_link_info": {"sub_cat_id": 9397, "cat_id": 26, "property_id": 2, "subcategory": "Boyfriends"}, "related_subcat_link_info": null, "related_profiles": [{"id": 135799, "mbti_profile": "Goth (Felix)", "subcategory": "Boyfriends", "profile_image_url": "https://static1.personality-database.com/profile_images/182dce8dc9c6435d8d512331be5c9862.png", "profile_name": "Goth (Felix)", "profile_subcat": "Boyfriends", "sub_cat_id": 9397, "cat_id": 26, "property_id": 2, "mbti": "ESTP", "enneatype": "8w9"}, {"id": 135797, "mbti_profile": "Prep (Vincent)", "subcategory": "Boyfriends", "profile_image_url": "https://static1.personality-database.com/profile_images/832d0e6114854bb698329ca72a27c2c2.png", "profile_name": "Prep (Vincent)", "profile_subcat": "Boyfriends", "sub_cat_id": 9397, "cat_id": 26, "property_id": 2, "mbti": "ESFP", "enneatype": "4w3"}, {"id": 135800, "mbti_profile": "Jock (Kevin)", "subcategory": "Boyfriends", "profile_image_url": "https://static1.personality-database.com/profile_images/793b98ee3dae49c189a26db9824722c7.png", "profile_name": "Jock (Kevin)", "profile_subcat": "Boyfriends", "sub_cat_id": 9397, "cat_id": 26, "property_id": 2, "mbti": "ESFJ", "enneatype": "9w1"}, {"id": 281218, "mbti_profile": "Nerd Girlfiend (Lala)", "subcategory": "Boyfriends", "profile_image_url": "https://static1.personality-database.com/profile_images/01204a83f8734c7c8ace1fa67e003dc2.png", "profile_name": "Nerd Girlfiend (Lala)", "profile_subcat": "Boyfriends", "sub_cat_id": 9397, "cat_id": 26, "property_id": 2, "mbti": "ENFP", "enneatype": "4w5"}, {"id": 280593, "mbti_profile": "Goth Girlfriend (Luna)", "subcategory": "Boyfriends", "profile_image_url": "https://static1.personality-database.com/profile_images/8b5ae8a9aec8469ab68d61e736289bde.png", "profile_name": "Goth Girlfriend (Luna)", "profile_subcat": "Boyfriends", "sub_cat_id": 9397, "cat_id": 26, "property_id": 2, "mbti": "INTP", "enneatype": "5w4"}, {"id": 281216, "mbti_profile": "Jock Girlfriend (Alex)", "subcategory": "Boyfriends", "profile_image_url": "https://static1.personality-database.com/profile_images/65dee5651ba94fa0bb3e02f0dd83998d.png", "profile_name": "Jock Girlfriend (Alex)", "profile_subcat": "Boyfriends", "sub_cat_id": 9397, "cat_id": 26, "property_id": 2, "mbti": "ESFP", "enneatype": "8w7"}, {"id": 281217, "mbti_profile": "Prep Girlfriend (Stephanie)", "subcategory": "Boyfriends", "profile_image_url": "https://static1.personality-database.com/profile_images/36a9f88cf2624d93964bb74cc1b8fab2.png", "profile_name": "Prep Girlfriend (Stephanie)", "profile_subcat": "Boyfriends", "sub_cat_id": 9397, "cat_id": 26, "property_id": 2, "mbti": "ENFJ", "enneatype": "3w2"}, {"id": 427208, "mbti_profile": "Jock\u2019s Mom", "subcategory": "Boyfriends", "profile_image_url": "https://static1.personality-database.com/profile_images/b665c86b3e754896af508046d5a0b676.png", "profile_name": "Jock\u2019s Mom", "profile_subcat": "Boyfriends", "sub_cat_id": 9397, "cat_id": 26, "property_id": 2, "mbti": "ESFJ", "enneatype": "2w1"}], "functions": ["Fi", "Ne", "Si", "Te"], "systems": [{"hex_color": "#888888", "id": 1, "personality_type": "XXXX", "personality_type_id": 0, "system_name": "Four Letter", "system_vote_count": 202, "user_vote_type_id": 0, "vote_id": 0}, {"hex_color": "#006775", "id": 2, "personality_type": "XXXX", "personality_type_id": 0, "system_name": "Enneagram", "system_vote_count": 108, "user_vote_type_id": 0, "vote_id": 0}, {"hex_color": "#006775", "id": 5, "personality_type": "XXXX", "personality_type_id": 0, "system_name": "Instinctual Variant", "system_vote_count": 39, "user_vote_type_id": 0, "vote_id": 0}, {"hex_color": "#006775", "id": 6, "personality_type": "XXXX", "personality_type_id": 0, "system_name": "Tritype", "system_vote_count": 34, "user_vote_type_id": 0, "vote_id": 0}, {"hex_color": "#888888", "id": 3, "personality_type": "XXXX", "personality_type_id": 0, "system_name": "Socionics", "system_vote_count": 14, "user_vote_type_id": 0, "vote_id": 0}, {"hex_color": "#888888", "id": 9, "personality_type": "XXXX", "personality_type_id": 0, "system_name": "Big 5 (SLOAN)", "system_vote_count": 11, "user_vote_type_id": 0, "vote_id": 0}, {"hex_color": "#888888", "id": 8, "personality_type": "XXXX", "personality_type_id": 0, "system_name": "Attitudinal Psyche", "system_vote_count": 7, "user_vote_type_id": 0, "vote_id": 0}, {"hex_color": "#888888", "id": 7, "personality_type": "XXXX", "personality_type_id": 0, "system_name": "Temperaments", "system_vote_count": 24, "user_vote_type_id": 0, "vote_id": 0}, {"hex_color": "#888888", "id": 11, "personality_type": "XXXX", "personality_type_id": 0, "system_name": "Classic Jungian", "system_vote_count": 4, "user_vote_type_id": 0, "vote_id": 0}], "breakdown_systems": {"1": [{"myValue": "INFP", "personality_system_id": 1, "personality_type": "INFP", "theCount": 130}, {"myValue": "ISFJ", "personality_system_id": 1, "personality_type": "ISFJ", "theCount": 26}, {"myValue": "ESTJ", "personality_system_id": 1, "personality_type": "ESTJ", "theCount": 22}, {"myValue": "INTP", "personality_system_id": 1, "personality_type": "INTP", "theCount": 9}, {"myValue": "ISFP", "personality_system_id": 1, "personality_type": "ISFP", "theCount": 7}, {"myValue": "ESTP", "personality_system_id": 1, "personality_type": "ESTP", "theCount": 3}, {"myValue": "ENFP", "personality_system_id": 1, "personality_type": "ENFP", "theCount": 2}, {"myValue": "ENTJ", "personality_system_id": 1, "personality_type": "ENTJ", "theCount": 1}, {"myValue": "ESFJ", "personality_system_id": 1, "personality_type": "ESFJ", "theCount": 1}, {"myValue": "INTJ", "personality_system_id": 1, "personality_type": "INTJ", "theCount": 1}], "11": [{"myValue": "IT(N)", "personality_system_id": 11, "personality_type": "IT(N)", "theCount": 2}, {"myValue": "ET(S)", "personality_system_id": 11, "personality_type": "ET(S)", "theCount": 1}, {"myValue": "IS(F)", "personality_system_id": 11, "personality_type": "IS(F)", "theCount": 1}], "2": [{"myValue": "2w1", "personality_system_id": 2, "personality_type": "2w1", "theCount": 43}, {"myValue": "9w1", "personality_system_id": 2, "personality_type": "9w1", "theCount": 30}, {"myValue": "7w6", "personality_system_id": 2, "personality_type": "7w6", "theCount": 21}, {"myValue": "6w7", "personality_system_id": 2, "personality_type": "6w7", "theCount": 3}, {"myValue": "1w2", "personality_system_id": 2, "personality_type": "1w2", "theCount": 2}, {"myValue": "3w2", "personality_system_id": 2, "personality_type": "3w2", "theCount": 2}, {"myValue": "4w5", "personality_system_id": 2, "personality_type": "4w5", "theCount": 2}, {"myValue": "8w7", "personality_system_id": 2, "personality_type": "8w7", "theCount": 2}, {"myValue": "2w3", "personality_system_id": 2, "personality_type": "2w3", "theCount": 1}, {"myValue": "6w5", "personality_system_id": 2, "personality_type": "6w5", "theCount": 1}, {"myValue": "7w8", "personality_system_id": 2, "personality_type": "7w8", "theCount": 1}], "3": [{"myValue": "SEI", "personality_system_id": 3, "personality_type": "SEI", "theCount": 4}, {"myValue": "ESI", "personality_system_id": 3, "personality_type": "ESI", "theCount": 2}, {"myValue": "EII", "personality_system_id": 3, "personality_type": "EII", "theCount": 1}, {"myValue": "ESE", "personality_system_id": 3, "personality_type": "ESE", "theCount": 1}, {"myValue": "IEE", "personality_system_id": 3, "personality_type": "IEE", "theCount": 1}, {"myValue": "IEI", "personality_system_id": 3, "personality_type": "IEI", "theCount": 1}, {"myValue": "ILE", "personality_system_id": 3, "personality_type": "ILE", "theCount": 1}, {"myValue": "LIE", "personality_system_id": 3, "personality_type": "LIE", "theCount": 1}, {"myValue": "SEE", "personality_system_id": 3, "personality_type": "SEE", "theCount": 1}, {"myValue": "SLE", "personality_system_id": 3, "personality_type": "SLE", "theCount": 1}], "4": [{"myValue": "Neutral Good", "personality_system_id": 4, "personality_type": "Neutral Good", "theCount": 3}], "5": [{"myValue": "sp/sx", "personality_system_id": 5, "personality_type": "sp/sx", "theCount": 22}, {"myValue": "so/sx", "personality_system_id": 5, "personality_type": "so/sx", "theCount": 10}, {"myValue": "sp/so", "personality_system_id": 5, "personality_type": "sp/so", "theCount": 3}, {"myValue": "so/sp", "personality_system_id": 5, "personality_type": "so/sp", "theCount": 2}, {"myValue": "sx/so", "personality_system_id": 5, "personality_type": "sx/so", "theCount": 1}, {"myValue": "sx/sp", "personality_system_id": 5, "personality_type": "sx/sp", "theCount": 1}], "6": [{"myValue": "279", "personality_system_id": 6, "personality_type": "279", "theCount": 16}, {"myValue": "974", "personality_system_id": 6, "personality_type": "974", "theCount": 4}, {"myValue": "794", "personality_system_id": 6, "personality_type": "794", "theCount": 2}, {"myValue": "964", "personality_system_id": 6, "personality_type": "964", "theCount": 2}, {"myValue": "127", "personality_system_id": 6, "personality_type": "127", "theCount": 1}, {"myValue": "269", "personality_system_id": 6, "personality_type": "269", "theCount": 1}, {"myValue": "387", "personality_system_id": 6, "personality_type": "387", "theCount": 1}, {"myValue": "458", "personality_system_id": 6, "personality_type": "458", "theCount": 1}, {"myValue": "692", "personality_system_id": 6, "personality_type": "692", "theCount": 1}, {"myValue": "729", "personality_system_id": 6, "personality_type": "729", "theCount": 1}, {"myValue": "748", "personality_system_id": 6, "personality_type": "748", "theCount": 1}, {"myValue": "749", "personality_system_id": 6, "personality_type": "749", "theCount": 1}, {"myValue": "835", "personality_system_id": 6, "personality_type": "835", "theCount": 1}, {"myValue": "927", "personality_system_id": 6, "personality_type": "927", "theCount": 1}], "7": [{"myValue": "Phlegmatic-Sanguine", "personality_system_id": 7, "personality_type": "Phlegmatic-Sanguine", "theCount": 17}, {"myValue": "Choleric [Dominant]", "personality_system_id": 7, "personality_type": "Choleric [Dominant]", "theCount": 2}, {"myValue": "Melancholic-Sanguine", "personality_system_id": 7, "personality_type": "Melancholic-Sanguine", "theCount": 2}, {"myValue": "Melancholic [Dominant]", "personality_system_id": 7, "personality_type": "Melancholic [Dominant]", "theCount": 1}, {"myValue": "Sanguine-Choleric", "personality_system_id": 7, "personality_type": "Sanguine-Choleric", "theCount": 1}, {"myValue": "Sanguine-Phlegmatic", "personality_system_id": 7, "personality_type": "Sanguine-Phlegmatic", "theCount": 1}], "8": [{"myValue": "ELFV", "personality_system_id": 8, "personality_type": "ELFV", "theCount": 2}, {"myValue": "VLFE", "personality_system_id": 8, "personality_type": "VLFE", "theCount": 2}, {"myValue": "EFVL", "personality_system_id": 8, "personality_type": "EFVL", "theCount": 1}, {"myValue": "ELVF", "personality_system_id": 8, "personality_type": "ELVF", "theCount": 1}, {"myValue": "FLEV", "personality_system_id": 8, "personality_type": "FLEV", "theCount": 1}], "9": [{"myValue": "SLUAI", "personality_system_id": 9, "personality_type": "SLUAI", "theCount": 5}, {"myValue": "RCOEI", "personality_system_id": 9, "personality_type": "RCOEI", "theCount": 1}, {"myValue": "RLOAN", "personality_system_id": 9, "personality_type": "RLOAN", "theCount": 1}, {"myValue": "RLUAN", "personality_system_id": 9, "personality_type": "RLUAN", "theCount": 1}, {"myValue": "SCOEN", "personality_system_id": 9, "personality_type": "SCOEN", "theCount": 1}, {"myValue": "SCUEN", "personality_system_id": 9, "personality_type": "SCUEN", "theCount": 1}, {"myValue": "SLOEN", "personality_system_id": 9, "personality_type": "SLOEN", "theCount": 1}]}, "breakdown_config": {"expand": {"1": 3, "11": 1, "2": 3, "3": 1, "4": 1, "5": 1, "6": 1, "7": 1, "8": 1, "9": 1}, "fire": {"1": 0, "11": 0, "2": 1, "3": 0, "4": 0, "5": 0, "6": 0, "7": 0, "8": 0, "9": 0}}, "mbti_letter_stats": [{"type": "I", "percentage": "86%", "PercentageFloat": 0.8564356435643564}, {"type": "N", "percentage": "71%", "PercentageFloat": 0.7079207920792079}, {"type": "F", "percentage": "82%", "PercentageFloat": 0.8217821782178217}, {"type": "P", "percentage": "75%", "PercentageFloat": 0.7475247524752475}], "topic_info": {"can_generate": false, "topic": {"description": "", "follow_count": 5, "id": 105781, "is_following": false, "is_join_pending": false, "is_banned": false, "is_moderated": false, "name_readable": "Nerd/Adrian", "post_count": 130, "source_profile_id": 135798, "source_type": "profile", "join_to_post": false, "can_pin": false, "related_topics": [{"description": "", "follow_count": 5, "id": 105781, "is_following": false, "is_join_pending": false, "is_banned": false, "is_moderated": false, "name_readable": "Nerd/Adrian", "post_count": 130, "source_profile_id": 135798, "source_type": "profile", "image": {"picURL": "https://static1.personality-database.com/profile_images/3c2087ca9ab54263aa3cfae370354486.png"}, "join_to_post": false, "can_pin": false}, {"description": "", "follow_count": 0, "id": 105780, "is_following": false, "is_join_pending": false, "is_banned": false, "is_moderated": false, "name_readable": "Prep/Vincent", "post_count": 83, "source_profile_id": 135797, "source_type": "profile", "image": {"picURL": "https://static1.personality-database.com/profile_images/832d0e6114854bb698329ca72a27c2c2.png"}, "join_to_post": false, "can_pin": false}, {"description": "", "follow_count": 0, "id": 105782, "is_following": false, "is_join_pending": false, "is_banned": false, "is_moderated": false, "name_readable": "Goth/Felix", "post_count": 62, "source_profile_id": 135799, "source_type": "profile", "image": {"picURL": "https://static1.personality-database.com/profile_images/182dce8dc9c6435d8d512331be5c9862.png"}, "join_to_post": false, "can_pin": false}, {"description": "", "follow_count": 0, "id": 105783, "is_following": false, "is_join_pending": false, "is_banned": false, "is_moderated": false, "name_readable": "Jock/Kevin", "post_count": 19, "source_profile_id": 135800, "source_type": "profile", "image": {"picURL": "https://static1.personality-database.com/profile_images/793b98ee3dae49c189a26db9824722c7.png"}, "join_to_post": false, "can_pin": false}, {"description": "", "follow_count": 0, "id": 214832, "is_following": false, "is_join_pending": false, "is_banned": false, "is_moderated": false, "name_readable": "Goth Girlfriend", "post_count": 9, "source_profile_id": 280593, "source_type": "profile", "image": {"picURL": "https://static1.personality-database.com/profile_images/8b5ae8a9aec8469ab68d61e736289bde.png"}, "join_to_post": false, "can_pin": false}, {"description": "best character", "follow_count": 1, "id": 340024, "is_following": false, "is_join_pending": false, "is_banned": false, "is_moderated": false, "name_readable": "Purple hoodie guy", "post_count": 5, "source_profile_id": 562939, "source_type": "profile", "image": {"picURL": "https://www.personality-database.com/images/profile_transparent.png"}, "join_to_post": false, "can_pin": false}, {"description": "", "follow_count": 0, "id": 215308, "is_following": false, "is_join_pending": false, "is_banned": false, "is_moderated": false, "name_readable": "Prep Girlfriend", "post_count": 4, "source_profile_id": 281217, "source_type": "profile", "image": {"picURL": "https://static1.personality-database.com/profile_images/36a9f88cf2624d93964bb74cc1b8fab2.png"}, "join_to_post": false, "can_pin": false}, {"description": "", "follow_count": 0, "id": 215309, "is_following": false, "is_join_pending": false, "is_banned": false, "is_moderated": false, "name_readable": "Nerd Sweetheart", "post_count": 3, "source_profile_id": 281218, "source_type": "profile", "image": {"picURL": "https://static1.personality-database.com/profile_images/01204a83f8734c7c8ace1fa67e003dc2.png"}, "join_to_post": false, "can_pin": false}, {"description": "", "follow_count": 0, "id": 215307, "is_following": false, "is_join_pending": false, "is_banned": false, "is_moderated": false, "name_readable": "Jock Girlfriend", "post_count": 2, "source_profile_id": 281216, "source_type": "profile", "image": {"picURL": "https://static1.personality-database.com/profile_images/65dee5651ba94fa0bb3e02f0dd83998d.png"}, "join_to_post": false, "can_pin": false}, {"description": "Jock and Jock Girlfriend\u2019s mom. She also owns a restaurant.", "follow_count": 0, "id": 336456, "is_following": false, "is_join_pending": false, "is_banned": false, "is_moderated": false, "name_readable": "Jock\u2019s Mom", "post_count": 2, "source_profile_id": 427208, "source_type": "profile", "image": {"picURL": "https://static1.personality-database.com/profile_images/b665c86b3e754896af508046d5a0b676.png"}, "join_to_post": false, "can_pin": false}, {"description": "", "follow_count": 1, "id": 342820, "is_following": false, "is_join_pending": false, "is_banned": false, "is_moderated": false, "name_readable": "The Teacher", "post_count": 1, "source_profile_id": 579071, "source_type": "profile", "image": {"picURL": "https://static1.personality-database.com/profile_images/cad0947d7bd1440eb4c32a25b20216c2.png"}, "join_to_post": false, "can_pin": false}], "subcategory": "Boyfriends", "topic_image_url": "https://static1.personality-database.com/profile_images/3c2087ca9ab54263aa3cfae370354486.png", "source_location": {"cid": 26, "pid": 2, "sub_cat_id": 9397}, "can_post_image": false, "can_post_audio": false, "posts": {"posts": [{"username": "splendid_indeed", "user_pic_path": "https://static1.personality-database.com/user_avatars/1652445/c6e0990a-a19c-49f1-a45b-bb64754d1a22_small.jpeg", "user_personality_type": "INFP-2w1-279", "is_mod": false, "comment_count": 0, "reply_count": 0, "vote_type": 0, "topics_list": [{"id": 105781, "name_readable": "Nerd/Adrian"}], "id": 2205291, "post_id": 2205291, "user_id": 1652445, "title": "", "content": "The fact that we are both a 2w1 279 INFP makes me want to off myself", "create_date": 1673841748000, "unix_timestamp": 1673841748000, "update_date": 1673841748000, "vote_count": 0, "vote_count_down": 0, "is_reported": 0, "is_hidden": false, "is_pinned": false, "is_watching": false, "is_pro_user": false, "images": null, "audios": null, "function_list": [], "type": "post"}, {"username": "Bi_ trash", "user_pic_path": "https://static1.personality-database.com/user_avatars/1743867/828f20e9-214d-4885-bfb2-1b4a422e03b3_small.jpeg", "user_personality_type": "INFP", "is_mod": false, "comment_count": 0, "reply_count": 0, "vote_type": 0, "topics_list": [{"id": 105781, "name_readable": "Nerd/Adrian"}], "id": 2197355, "post_id": 2197355, "user_id": 1743867, "title": "Y DOES IT HAVE TO BE A GEMINI AND A INFP \ud83d\ude2d", "content": "#wannabetwinkassskittlescoloredbitch", "create_date": 1673779552000, "unix_timestamp": 1673779552000, "update_date": 1673779552000, "vote_count": 1, "vote_count_down": 0, "is_reported": 0, "is_hidden": false, "is_pinned": false, "is_watching": false, "is_pro_user": false, "images": null, "audios": null, "function_list": [], "type": "post"}, {"username": "powerful_lighterman_4927", "user_pic_path": "https://static1.personality-database.com/profile_images/1b44e73077654d9784160176955e0e29.png", "user_personality_type": "INFP", "is_mod": false, "comment_count": 0, "reply_count": 0, "vote_type": 0, "topics_list": [{"id": 105781, "name_readable": "Nerd/Adrian"}], "id": 2159336, "post_id": 2159336, "user_id": 1541386, "title": "", "content": "I feel like pukin\u2014", "create_date": 1673376366000, "unix_timestamp": 1673376366000, "update_date": 1673376366000, "vote_count": 2, "vote_count_down": 0, "is_reported": 0, "is_hidden": false, "is_pinned": false, "is_watching": false, "is_pro_user": false, "images": null, "audios": null, "function_list": [], "type": "post"}]}}}}