{"id": 135800, "mbti_profile": "Jock (Kevin)", "profile_name_searchable": "jockkevin", "allow_commenting": true, "allow_voting": true, "user_id": 23568, "contributor": "zarasousas", "contributor_create_date": "2020-05-17 17:51:53", "contributor_pic_path": "https://lh3.googleusercontent.com/a-/AOh14Ggw0UbqCg9PD1Sc7iSsuJzrlaDB7bhzmHgui43Hr9k=s96-c", "display_order": 985, "edit_lock": 0, "edit_lock_picture": 1, "is_active": true, "is_approved": true, "mbti_enneagram_type": "ESFJ 9w1", "mbti_type": "ESFJ 9w1", "pdb_comment_access": true, "pdb_page_owner": 0, "pdb_public_access": true, "wiki_description": "Jock is a 20-year-old bisexual sophomore. He's a physiology major and plays on the college's football team. He is also a good cook.", "watch_count": 83, "comment_count": 13, "vote_count": 97, "vote_count_enneagram": 42, "vote_count_mbti": 97, "total_vote_counts": 182, "personality_type": "ESFJ - 9w1 - so/sx - 927 - ESE - EVFL - Sanguine-Phlegmatic", "type_updated_date": "2022-07-29 23:26:21", "enneagram_vote": "", "enneagram_vote_id": 0, "mbti_vote": "", "mbti_vote_id": 0, "is_watching": false, "image_exists": false, "profile_image_url": "https://static1.personality-database.com/profile_images/793b98ee3dae49c189a26db9824722c7.png", "profile_image_credit": "", "profile_image_credit_id": 462988, "profile_image_credit_type": "0", "profile_image_credit_url": "", "alt_subcategory": "", "related_subcategories": "", "cat_id": 26, "category": "Web Comics", "category_is_fictional": true, "sub_cat_id": 9397, "subcategory": "Boyfriends", "subcat_link_info": {"sub_cat_id": 9397, "cat_id": 26, "property_id": 2, "subcategory": "Boyfriends"}, "related_subcat_link_info": null, "related_profiles": [{"id": 135799, "mbti_profile": "Goth (Felix)", "subcategory": "Boyfriends", "profile_image_url": "https://static1.personality-database.com/profile_images/182dce8dc9c6435d8d512331be5c9862.png", "profile_name": "Goth (Felix)", "profile_subcat": "Boyfriends", "sub_cat_id": 9397, "cat_id": 26, "property_id": 2, "mbti": "ESTP", "enneatype": "8w9"}, {"id": 135798, "mbti_profile": "Nerd (Adrian)", "subcategory": "Boyfriends", "profile_image_url": "https://static1.personality-database.com/profile_images/3c2087ca9ab54263aa3cfae370354486.png", "profile_name": "Nerd (Adrian)", "profile_subcat": "Boyfriends", "sub_cat_id": 9397, "cat_id": 26, "property_id": 2, "mbti": "INFP", "enneatype": "2w1"}, {"id": 135797, "mbti_profile": "Prep (Vincent)", "subcategory": "Boyfriends", "profile_image_url": "https://static1.personality-database.com/profile_images/832d0e6114854bb698329ca72a27c2c2.png", "profile_name": "Prep (Vincent)", "profile_subcat": "Boyfriends", "sub_cat_id": 9397, "cat_id": 26, "property_id": 2, "mbti": "ESFP", "enneatype": "4w3"}, {"id": 281218, "mbti_profile": "Nerd Girlfiend (Lala)", "subcategory": "Boyfriends", "profile_image_url": "https://static1.personality-database.com/profile_images/01204a83f8734c7c8ace1fa67e003dc2.png", "profile_name": "Nerd Girlfiend (Lala)", "profile_subcat": "Boyfriends", "sub_cat_id": 9397, "cat_id": 26, "property_id": 2, "mbti": "ENFP", "enneatype": "4w5"}, {"id": 280593, "mbti_profile": "Goth Girlfriend (Luna)", "subcategory": "Boyfriends", "profile_image_url": "https://static1.personality-database.com/profile_images/8b5ae8a9aec8469ab68d61e736289bde.png", "profile_name": "Goth Girlfriend (Luna)", "profile_subcat": "Boyfriends", "sub_cat_id": 9397, "cat_id": 26, "property_id": 2, "mbti": "INTP", "enneatype": "5w4"}, {"id": 281216, "mbti_profile": "Jock Girlfriend (Alex)", "subcategory": "Boyfriends", "profile_image_url": "https://static1.personality-database.com/profile_images/65dee5651ba94fa0bb3e02f0dd83998d.png", "profile_name": "Jock Girlfriend (Alex)", "profile_subcat": "Boyfriends", "sub_cat_id": 9397, "cat_id": 26, "property_id": 2, "mbti": "ESFP", "enneatype": "8w7"}, {"id": 281217, "mbti_profile": "Prep Girlfriend (Stephanie)", "subcategory": "Boyfriends", "profile_image_url": "https://static1.personality-database.com/profile_images/36a9f88cf2624d93964bb74cc1b8fab2.png", "profile_name": "Prep Girlfriend (Stephanie)", "profile_subcat": "Boyfriends", "sub_cat_id": 9397, "cat_id": 26, "property_id": 2, "mbti": "ENFJ", "enneatype": "3w2"}, {"id": 427208, "mbti_profile": "Jock\u2019s Mom", "subcategory": "Boyfriends", "profile_image_url": "https://static1.personality-database.com/profile_images/b665c86b3e754896af508046d5a0b676.png", "profile_name": "Jock\u2019s Mom", "profile_subcat": "Boyfriends", "sub_cat_id": 9397, "cat_id": 26, "property_id": 2, "mbti": "ESFJ", "enneatype": "2w1"}], "functions": ["Fe", "Si", "Ne", "Ti"], "systems": [{"hex_color": "#888888", "id": 1, "personality_type": "XXXX", "personality_type_id": 0, "system_name": "Four Letter", "system_vote_count": 95, "user_vote_type_id": 0, "vote_id": 0}, {"hex_color": "#006775", "id": 2, "personality_type": "XXXX", "personality_type_id": 0, "system_name": "Enneagram", "system_vote_count": 41, "user_vote_type_id": 0, "vote_id": 0}, {"hex_color": "#006775", "id": 5, "personality_type": "XXXX", "personality_type_id": 0, "system_name": "Instinctual Variant", "system_vote_count": 11, "user_vote_type_id": 0, "vote_id": 0}, {"hex_color": "#006775", "id": 6, "personality_type": "XXXX", "personality_type_id": 0, "system_name": "Tritype", "system_vote_count": 11, "user_vote_type_id": 0, "vote_id": 0}, {"hex_color": "#888888", "id": 3, "personality_type": "XXXX", "personality_type_id": 0, "system_name": "Socionics", "system_vote_count": 4, "user_vote_type_id": 0, "vote_id": 0}, {"hex_color": "#888888", "id": 9, "personality_type": "XXXX", "personality_type_id": 0, "system_name": "Big 5 (SLOAN)", "system_vote_count": 3, "user_vote_type_id": 0, "vote_id": 0}, {"hex_color": "#888888", "id": 8, "personality_type": "XXXX", "personality_type_id": 0, "system_name": "Attitudinal Psyche", "system_vote_count": 3, "user_vote_type_id": 0, "vote_id": 0}, {"hex_color": "#888888", "id": 7, "personality_type": "XXXX", "personality_type_id": 0, "system_name": "Temperaments", "system_vote_count": 10, "user_vote_type_id": 0, "vote_id": 0}, {"hex_color": "#888888", "id": 11, "personality_type": "XXXX", "personality_type_id": 0, "system_name": "Classic Jungian", "system_vote_count": 0, "user_vote_type_id": 0, "vote_id": 0}], "breakdown_systems": {"1": [{"myValue": "ESFJ", "personality_system_id": 1, "personality_type": "ESFJ", "theCount": 78}, {"myValue": "ENFJ", "personality_system_id": 1, "personality_type": "ENFJ", "theCount": 15}, {"myValue": "INTJ", "personality_system_id": 1, "personality_type": "INTJ", "theCount": 1}, {"myValue": "ISFP", "personality_system_id": 1, "personality_type": "ISFP", "theCount": 1}], "11": [{"myValue": "XXXX", "personality_system_id": 0, "personality_type": "XXXX", "theCount": 0}], "2": [{"myValue": "9w1", "personality_system_id": 2, "personality_type": "9w1", "theCount": 38}, {"myValue": "2w1", "personality_system_id": 2, "personality_type": "2w1", "theCount": 2}, {"myValue": "3w2", "personality_system_id": 2, "personality_type": "3w2", "theCount": 1}], "3": [{"myValue": "ESE", "personality_system_id": 3, "personality_type": "ESE", "theCount": 4}], "4": [{"myValue": "Lawful Good", "personality_system_id": 4, "personality_type": "Lawful Good", "theCount": 4}], "5": [{"myValue": "so/sx", "personality_system_id": 5, "personality_type": "so/sx", "theCount": 10}, {"myValue": "sx/sp", "personality_system_id": 5, "personality_type": "sx/sp", "theCount": 1}], "6": [{"myValue": "927", "personality_system_id": 6, "personality_type": "927", "theCount": 8}, {"myValue": "279", "personality_system_id": 6, "personality_type": "279", "theCount": 1}, {"myValue": "297", "personality_system_id": 6, "personality_type": "297", "theCount": 1}, {"myValue": "936", "personality_system_id": 6, "personality_type": "936", "theCount": 1}], "7": [{"myValue": "Sanguine-Phlegmatic", "personality_system_id": 7, "personality_type": "Sanguine-Phlegmatic", "theCount": 8}, {"myValue": "Phlegmatic-Sanguine", "personality_system_id": 7, "personality_type": "Phlegmatic-Sanguine", "theCount": 1}, {"myValue": "Sanguine [Dominant]", "personality_system_id": 7, "personality_type": "Sanguine [Dominant]", "theCount": 1}], "8": [{"myValue": "EVFL", "personality_system_id": 8, "personality_type": "EVFL", "theCount": 2}, {"myValue": "FVLE", "personality_system_id": 8, "personality_type": "FVLE", "theCount": 1}], "9": [{"myValue": "SCOAI", "personality_system_id": 9, "personality_type": "SCOAI", "theCount": 2}, {"myValue": "SCOAN", "personality_system_id": 9, "personality_type": "SCOAN", "theCount": 1}]}, "breakdown_config": {"expand": {"1": 3, "11": 1, "2": 3, "3": 1, "4": 1, "5": 1, "6": 1, "7": 1, "8": 1, "9": 1}, "fire": {"1": 0, "11": 0, "2": 0, "3": 0, "4": 0, "5": 0, "6": 0, "7": 0, "8": 0, "9": 0}}, "mbti_letter_stats": [{"type": "E", "percentage": "98%", "PercentageFloat": 0.9789473684210527}, {"type": "S", "percentage": "83%", "PercentageFloat": 0.8315789473684211}, {"type": "F", "percentage": "99%", "PercentageFloat": 0.9894736842105263}, {"type": "J", "percentage": "99%", "PercentageFloat": 0.9894736842105263}], "topic_info": {"can_generate": false, "topic": {"description": "", "follow_count": 0, "id": 105783, "is_following": false, "is_join_pending": false, "is_banned": false, "is_moderated": false, "name_readable": "Jock/Kevin", "post_count": 19, "source_profile_id": 135800, "source_type": "profile", "join_to_post": false, "can_pin": false, "related_topics": [{"description": "", "follow_count": 5, "id": 105781, "is_following": false, "is_join_pending": false, "is_banned": false, "is_moderated": false, "name_readable": "Nerd/Adrian", "post_count": 130, "source_profile_id": 135798, "source_type": "profile", "image": {"picURL": "https://static1.personality-database.com/profile_images/3c2087ca9ab54263aa3cfae370354486.png"}, "join_to_post": false, "can_pin": false}, {"description": "", "follow_count": 0, "id": 105780, "is_following": false, "is_join_pending": false, "is_banned": false, "is_moderated": false, "name_readable": "Prep/Vincent", "post_count": 83, "source_profile_id": 135797, "source_type": "profile", "image": {"picURL": "https://static1.personality-database.com/profile_images/832d0e6114854bb698329ca72a27c2c2.png"}, "join_to_post": false, "can_pin": false}, {"description": "", "follow_count": 0, "id": 105782, "is_following": false, "is_join_pending": false, "is_banned": false, "is_moderated": false, "name_readable": "Goth/Felix", "post_count": 62, "source_profile_id": 135799, "source_type": "profile", "image": {"picURL": "https://static1.personality-database.com/profile_images/182dce8dc9c6435d8d512331be5c9862.png"}, "join_to_post": false, "can_pin": false}, {"description": "", "follow_count": 0, "id": 105783, "is_following": false, "is_join_pending": false, "is_banned": false, "is_moderated": false, "name_readable": "Jock/Kevin", "post_count": 19, "source_profile_id": 135800, "source_type": "profile", "image": {"picURL": "https://static1.personality-database.com/profile_images/793b98ee3dae49c189a26db9824722c7.png"}, "join_to_post": false, "can_pin": false}, {"description": "", "follow_count": 0, "id": 214832, "is_following": false, "is_join_pending": false, "is_banned": false, "is_moderated": false, "name_readable": "Goth Girlfriend", "post_count": 9, "source_profile_id": 280593, "source_type": "profile", "image": {"picURL": "https://static1.personality-database.com/profile_images/8b5ae8a9aec8469ab68d61e736289bde.png"}, "join_to_post": false, "can_pin": false}, {"description": "best character", "follow_count": 1, "id": 340024, "is_following": false, "is_join_pending": false, "is_banned": false, "is_moderated": false, "name_readable": "Purple hoodie guy", "post_count": 5, "source_profile_id": 562939, "source_type": "profile", "image": {"picURL": "https://www.personality-database.com/images/profile_transparent.png"}, "join_to_post": false, "can_pin": false}, {"description": "", "follow_count": 0, "id": 215308, "is_following": false, "is_join_pending": false, "is_banned": false, "is_moderated": false, "name_readable": "Prep Girlfriend", "post_count": 4, "source_profile_id": 281217, "source_type": "profile", "image": {"picURL": "https://static1.personality-database.com/profile_images/36a9f88cf2624d93964bb74cc1b8fab2.png"}, "join_to_post": false, "can_pin": false}, {"description": "", "follow_count": 0, "id": 215309, "is_following": false, "is_join_pending": false, "is_banned": false, "is_moderated": false, "name_readable": "Nerd Sweetheart", "post_count": 3, "source_profile_id": 281218, "source_type": "profile", "image": {"picURL": "https://static1.personality-database.com/profile_images/01204a83f8734c7c8ace1fa67e003dc2.png"}, "join_to_post": false, "can_pin": false}, {"description": "", "follow_count": 0, "id": 215307, "is_following": false, "is_join_pending": false, "is_banned": false, "is_moderated": false, "name_readable": "Jock Girlfriend", "post_count": 2, "source_profile_id": 281216, "source_type": "profile", "image": {"picURL": "https://static1.personality-database.com/profile_images/65dee5651ba94fa0bb3e02f0dd83998d.png"}, "join_to_post": false, "can_pin": false}, {"description": "Jock and Jock Girlfriend\u2019s mom. She also owns a restaurant.", "follow_count": 0, "id": 336456, "is_following": false, "is_join_pending": false, "is_banned": false, "is_moderated": false, "name_readable": "Jock\u2019s Mom", "post_count": 2, "source_profile_id": 427208, "source_type": "profile", "image": {"picURL": "https://static1.personality-database.com/profile_images/b665c86b3e754896af508046d5a0b676.png"}, "join_to_post": false, "can_pin": false}, {"description": "", "follow_count": 1, "id": 342820, "is_following": false, "is_join_pending": false, "is_banned": false, "is_moderated": false, "name_readable": "The Teacher", "post_count": 1, "source_profile_id": 579071, "source_type": "profile", "image": {"picURL": "https://static1.personality-database.com/profile_images/cad0947d7bd1440eb4c32a25b20216c2.png"}, "join_to_post": false, "can_pin": false}], "subcategory": "Boyfriends", "topic_image_url": "https://static1.personality-database.com/profile_images/793b98ee3dae49c189a26db9824722c7.png", "source_location": {"cid": 26, "pid": 2, "sub_cat_id": 9397}, "can_post_image": false, "can_post_audio": false, "posts": {"posts": [{"username": "webstar", "user_pic_path": "https://static1.personality-database.com/user_avatars/421889/cb7a4a32-d25f-4737-8b5d-88084afd2ae9_small.jpeg", "user_personality_type": "INTP-5w6", "is_mod": false, "comment_count": 0, "reply_count": 0, "vote_type": 0, "topics_list": [{"id": 105783, "name_readable": "Jock/Kevin"}], "id": 1984967, "post_id": 1984967, "user_id": 421889, "title": "", "content": "LMAOO \u201cKEVIN\u201d", "create_date": 1671576250000, "unix_timestamp": 1671576250000, "update_date": 1671576250000, "vote_count": 6, "vote_count_down": 0, "is_reported": 0, "is_hidden": false, "is_pinned": false, "is_watching": false, "is_pro_user": false, "images": null, "audios": null, "function_list": [], "type": "post"}, {"username": "Sir Dickens", "user_pic_path": "https://static1.personality-database.com/profile_images/c5a5f6b5060d4fb4a3646c1a9f207225.png", "user_personality_type": "ENTP", "is_mod": false, "comment_count": 0, "reply_count": 0, "vote_type": 0, "topics_list": [{"id": 105783, "name_readable": "Jock/Kevin"}], "id": 1938394, "post_id": 1938394, "user_id": 1626483, "title": "", "content": "So glad my name isn't Kevin. If your name is Kevin, i deeply apologize for your loss", "create_date": 1671036803000, "unix_timestamp": 1671036803000, "update_date": 1671036803000, "vote_count": 2, "vote_count_down": 0, "is_reported": 0, "is_hidden": false, "is_pinned": false, "is_watching": false, "is_pro_user": false, "images": null, "audios": null, "function_list": [], "type": "post"}, {"username": "Clueless", "user_pic_path": "https://static1.personality-database.com/user_avatars/1128580/909b5ce2-e4a6-4b5d-888c-c79081bd07ec.jpeg", "user_personality_type": "INFJ-9w1", "is_mod": false, "comment_count": 0, "reply_count": 0, "vote_type": 0, "topics_list": [{"id": 105783, "name_readable": "Jock/Kevin"}], "id": 1922464, "post_id": 1922464, "user_id": 1128580, "title": "", "content": "ew", "create_date": 1670828208000, "unix_timestamp": 1670828208000, "update_date": 1670828208000, "vote_count": 1, "vote_count_down": 0, "is_reported": 0, "is_hidden": false, "is_pinned": false, "is_watching": false, "is_pro_user": false, "images": null, "audios": null, "function_list": [], "type": "post"}]}}}}