{"id": 136719, "mbti_profile": "Ja-hyun Jo (Jay)", "profile_name_searchable": "jahyunjojay", "allow_commenting": true, "allow_voting": true, "user_id": 64634, "contributor": "pintordegelo", "contributor_create_date": "2020-05-20 03:41:21", "contributor_pic_path": "https://lh4.googleusercontent.com/-590i1ymV5fU/AAAAAAAAAAI/AAAAAAAAAAA/AMZuucmrg3Vtng8KvB-M-Q8TsEMSJB8_YQ/s96-c/photo.jpg", "display_order": 1000, "edit_lock": 0, "edit_lock_picture": 0, "is_active": true, "is_approved": true, "mbti_enneagram_type": "ISTP 3w4", "mbti_type": "ISTP 3w4", "pdb_comment_access": true, "pdb_page_owner": 0, "pdb_public_access": true, "wiki_description": "", "watch_count": 336, "comment_count": 32, "vote_count": 204, "vote_count_enneagram": 64, "vote_count_mbti": 204, "total_vote_counts": 335, "personality_type": "ISTP - 3w4 - sp/so - 539 - LSI - FVLE - Phlegmatic-Choleric", "type_updated_date": "2023-01-06 20:22:45", "enneagram_vote": "", "enneagram_vote_id": 0, "mbti_vote": "", "mbti_vote_id": 0, "is_watching": false, "image_exists": false, "profile_image_url": "https://static1.personality-database.com/profile_images/b86630d38892466d8dcf142f8c82a861.png", "profile_image_credit": "", "profile_image_credit_id": 446983, "profile_image_credit_type": "0", "profile_image_credit_url": "", "alt_subcategory": "", "related_subcategories": "", "cat_id": 26, "category": "Web Comics", "category_is_fictional": true, "sub_cat_id": 9475, "subcategory": "\u0412\u0435\u0442\u0440\u043e\u043b\u043e\u043c (Wind Breaker)", "subcat_link_info": {"sub_cat_id": 9475, "cat_id": 26, "property_id": 2, "subcategory": "\u0412\u0435\u0442\u0440\u043e\u043b\u043e\u043c (Wind Breaker)"}, "related_subcat_link_info": null, "related_profiles": [{"id": 137102, "mbti_profile": "Vinny Hong", "subcategory": "\u0412\u0435\u0442\u0440\u043e\u043b\u043e\u043c (Wind Breaker)", "profile_image_url": "https://static1.personality-database.com/profile_images/39b9db5df66345e8b78a3a6c5187a387.png", "profile_name": "Vinny Hong", "profile_subcat": "\u0412\u0435\u0442\u0440\u043e\u043b\u043e\u043c (Wind Breaker)", "sub_cat_id": 9475, "cat_id": 26, "property_id": 2, "mbti": "ISTP", "enneatype": "8w9"}, {"id": 136721, "mbti_profile": "Dom Kang", "subcategory": "\u0412\u0435\u0442\u0440\u043e\u043b\u043e\u043c (Wind Breaker)", "profile_image_url": "https://static1.personality-database.com/profile_images/4ce280178f67463f9168c21d12fedcec.png", "profile_name": "Dom Kang", "profile_subcat": "\u0412\u0435\u0442\u0440\u043e\u043b\u043e\u043c (Wind Breaker)", "sub_cat_id": 9475, "cat_id": 26, "property_id": 2, "mbti": "ESFP", "enneatype": "6w7"}, {"id": 328156, "mbti_profile": "Owen Knight", "subcategory": "\u0412\u0435\u0442\u0440\u043e\u043b\u043e\u043c (Wind Breaker)", "profile_image_url": "https://static1.personality-database.com/profile_images/dc871c64918d4e64931f7d682fdbb422.png", "profile_name": "Owen Knight", "profile_subcat": "\u0412\u0435\u0442\u0440\u043e\u043b\u043e\u043c (Wind Breaker)", "sub_cat_id": 9475, "cat_id": 26, "property_id": 2, "mbti": "ENTJ", "enneatype": "3w4"}, {"id": 136722, "mbti_profile": "Minu Yoon", "subcategory": "\u0412\u0435\u0442\u0440\u043e\u043b\u043e\u043c (Wind Breaker)", "profile_image_url": "https://static1.personality-database.com/profile_images/0e991cd827c84a82a58b5e059d3bad1b.png", "profile_name": "Minu Yoon", "profile_subcat": "\u0412\u0435\u0442\u0440\u043e\u043b\u043e\u043c (Wind Breaker)", "sub_cat_id": 9475, "cat_id": 26, "property_id": 2, "mbti": "ENFP", "enneatype": ""}, {"id": 353621, "mbti_profile": "Noah", "subcategory": "\u0412\u0435\u0442\u0440\u043e\u043b\u043e\u043c (Wind Breaker)", "profile_image_url": "https://static1.personality-database.com/profile_images/b2d63fffa2af47f9b54186cd7c101116.png", "profile_name": "Noah", "profile_subcat": "\u0412\u0435\u0442\u0440\u043e\u043b\u043e\u043c (Wind Breaker)", "sub_cat_id": 9475, "cat_id": 26, "property_id": 2, "mbti": "ESTP", "enneatype": "7w8"}, {"id": 359978, "mbti_profile": "Yumi", "subcategory": "\u0412\u0435\u0442\u0440\u043e\u043b\u043e\u043c (Wind Breaker)", "profile_image_url": "https://static1.personality-database.com/profile_images/fbe14f3a737d4ae8a51ff3a133ff95ad.png", "profile_name": "Yumi", "profile_subcat": "\u0412\u0435\u0442\u0440\u043e\u043b\u043e\u043c (Wind Breaker)", "sub_cat_id": 9475, "cat_id": 26, "property_id": 2, "mbti": "ENTP", "enneatype": "7w8"}, {"id": 368854, "mbti_profile": "Wooin (yellow glasses guy)", "subcategory": "\u0412\u0435\u0442\u0440\u043e\u043b\u043e\u043c (Wind Breaker)", "profile_image_url": "https://static1.personality-database.com/profile_images/5388a87627d24ba0a59a56e10533fe71.png", "profile_name": "Wooin (yellow glasses guy)", "profile_subcat": "\u0412\u0435\u0442\u0440\u043e\u043b\u043e\u043c (Wind Breaker)", "sub_cat_id": 9475, "cat_id": 26, "property_id": 2, "mbti": "ENTP", "enneatype": "7w8"}, {"id": 445772, "mbti_profile": "Ja-hyun Jo\u2018s mom", "subcategory": "\u0412\u0435\u0442\u0440\u043e\u043b\u043e\u043c (Wind Breaker)", "profile_image_url": "https://static1.personality-database.com/profile_images/7d7e8411d0b44f25ab67d7e6b7c93f4f.png", "profile_name": "Ja-hyun Jo\u2018s mom", "profile_subcat": "\u0412\u0435\u0442\u0440\u043e\u043b\u043e\u043c (Wind Breaker)", "sub_cat_id": 9475, "cat_id": 26, "property_id": 2, "mbti": "ESTJ", "enneatype": "3w4"}], "functions": ["Ti", "Se", "Ni", "Fe"], "systems": [{"hex_color": "#888888", "id": 1, "personality_type": "XXXX", "personality_type_id": 0, "system_name": "Four Letter", "system_vote_count": 187, "user_vote_type_id": 0, "vote_id": 0}, {"hex_color": "#006775", "id": 2, "personality_type": "XXXX", "personality_type_id": 0, "system_name": "Enneagram", "system_vote_count": 63, "user_vote_type_id": 0, "vote_id": 0}, {"hex_color": "#006775", "id": 5, "personality_type": "XXXX", "personality_type_id": 0, "system_name": "Instinctual Variant", "system_vote_count": 22, "user_vote_type_id": 0, "vote_id": 0}, {"hex_color": "#006775", "id": 6, "personality_type": "XXXX", "personality_type_id": 0, "system_name": "Tritype", "system_vote_count": 17, "user_vote_type_id": 0, "vote_id": 0}, {"hex_color": "#888888", "id": 3, "personality_type": "XXXX", "personality_type_id": 0, "system_name": "Socionics", "system_vote_count": 8, "user_vote_type_id": 0, "vote_id": 0}, {"hex_color": "#888888", "id": 9, "personality_type": "XXXX", "personality_type_id": 0, "system_name": "Big 5 (SLOAN)", "system_vote_count": 7, "user_vote_type_id": 0, "vote_id": 0}, {"hex_color": "#888888", "id": 8, "personality_type": "XXXX", "personality_type_id": 0, "system_name": "Attitudinal Psyche", "system_vote_count": 8, "user_vote_type_id": 0, "vote_id": 0}, {"hex_color": "#888888", "id": 7, "personality_type": "XXXX", "personality_type_id": 0, "system_name": "Temperaments", "system_vote_count": 22, "user_vote_type_id": 0, "vote_id": 0}, {"hex_color": "#888888", "id": 11, "personality_type": "XXXX", "personality_type_id": 0, "system_name": "Classic Jungian", "system_vote_count": 1, "user_vote_type_id": 0, "vote_id": 0}], "breakdown_systems": {"1": [{"myValue": "ISTP", "personality_system_id": 1, "personality_type": "ISTP", "theCount": 123}, {"myValue": "INTJ", "personality_system_id": 1, "personality_type": "INTJ", "theCount": 33}, {"myValue": "INTP", "personality_system_id": 1, "personality_type": "INTP", "theCount": 19}, {"myValue": "ISTJ", "personality_system_id": 1, "personality_type": "ISTJ", "theCount": 9}, {"myValue": "ENTJ", "personality_system_id": 1, "personality_type": "ENTJ", "theCount": 2}, {"myValue": "ISFP", "personality_system_id": 1, "personality_type": "ISFP", "theCount": 1}], "11": [{"myValue": "IS(T)", "personality_system_id": 11, "personality_type": "IS(T)", "theCount": 1}], "2": [{"myValue": "3w4", "personality_system_id": 2, "personality_type": "3w4", "theCount": 27}, {"myValue": "5w6", "personality_system_id": 2, "personality_type": "5w6", "theCount": 20}, {"myValue": "9w8", "personality_system_id": 2, "personality_type": "9w8", "theCount": 5}, {"myValue": "6w5", "personality_system_id": 2, "personality_type": "6w5", "theCount": 4}, {"myValue": "5w4", "personality_system_id": 2, "personality_type": "5w4", "theCount": 3}, {"myValue": "1w9", "personality_system_id": 2, "personality_type": "1w9", "theCount": 1}, {"myValue": "3w2", "personality_system_id": 2, "personality_type": "3w2", "theCount": 1}, {"myValue": "4w3", "personality_system_id": 2, "personality_type": "4w3", "theCount": 1}, {"myValue": "4w5", "personality_system_id": 2, "personality_type": "4w5", "theCount": 1}], "3": [{"myValue": "LSI", "personality_system_id": 3, "personality_type": "LSI", "theCount": 4}, {"myValue": "SLI", "personality_system_id": 3, "personality_type": "SLI", "theCount": 3}, {"myValue": "LIE", "personality_system_id": 3, "personality_type": "LIE", "theCount": 1}], "5": [{"myValue": "sp/so", "personality_system_id": 5, "personality_type": "sp/so", "theCount": 16}, {"myValue": "sp/sx", "personality_system_id": 5, "personality_type": "sp/sx", "theCount": 3}, {"myValue": "sx/sp", "personality_system_id": 5, "personality_type": "sx/sp", "theCount": 2}, {"myValue": "so/sx", "personality_system_id": 5, "personality_type": "so/sx", "theCount": 1}], "6": [{"myValue": "539", "personality_system_id": 6, "personality_type": "539", "theCount": 5}, {"myValue": "368", "personality_system_id": 6, "personality_type": "368", "theCount": 3}, {"myValue": "386", "personality_system_id": 6, "personality_type": "386", "theCount": 2}, {"myValue": "538", "personality_system_id": 6, "personality_type": "538", "theCount": 2}, {"myValue": "153", "personality_system_id": 6, "personality_type": "153", "theCount": 1}, {"myValue": "315", "personality_system_id": 6, "personality_type": "315", "theCount": 1}, {"myValue": "638", "personality_system_id": 6, "personality_type": "638", "theCount": 1}, {"myValue": "648", "personality_system_id": 6, "personality_type": "648", "theCount": 1}, {"myValue": "936", "personality_system_id": 6, "personality_type": "936", "theCount": 1}], "7": [{"myValue": "Phlegmatic-Choleric", "personality_system_id": 7, "personality_type": "Phlegmatic-Choleric", "theCount": 11}, {"myValue": "Choleric-Phlegmatic", "personality_system_id": 7, "personality_type": "Choleric-Phlegmatic", "theCount": 5}, {"myValue": "Phlegmatic [Dominant]", "personality_system_id": 7, "personality_type": "Phlegmatic [Dominant]", "theCount": 2}, {"myValue": "Melancholic [Dominant]", "personality_system_id": 7, "personality_type": "Melancholic [Dominant]", "theCount": 1}, {"myValue": "Melancholic-Choleric", "personality_system_id": 7, "personality_type": "Melancholic-Choleric", "theCount": 1}, {"myValue": "Melancholic-Phlegmatic", "personality_system_id": 7, "personality_type": "Melancholic-Phlegmatic", "theCount": 1}, {"myValue": "Phlegmatic-Melancholic", "personality_system_id": 7, "personality_type": "Phlegmatic-Melancholic", "theCount": 1}], "8": [{"myValue": "FVLE", "personality_system_id": 8, "personality_type": "FVLE", "theCount": 3}, {"myValue": "LFVE", "personality_system_id": 8, "personality_type": "LFVE", "theCount": 2}, {"myValue": "VLFE", "personality_system_id": 8, "personality_type": "VLFE", "theCount": 2}, {"myValue": "FLVE", "personality_system_id": 8, "personality_type": "FLVE", "theCount": 1}], "9": [{"myValue": "RCOEI", "personality_system_id": 9, "personality_type": "RCOEI", "theCount": 4}, {"myValue": "RCOEN", "personality_system_id": 9, "personality_type": "RCOEN", "theCount": 3}]}, "breakdown_config": {"expand": {"1": 3, "11": 1, "2": 3, "3": 1, "5": 1, "6": 1, "7": 1, "8": 1, "9": 1}, "fire": {"1": 0, "11": 0, "2": 1, "3": 0, "5": 0, "6": 0, "7": 0, "8": 0, "9": 0}}, "mbti_letter_stats": [{"type": "I", "percentage": "99%", "PercentageFloat": 0.9893048128342246}, {"type": "S", "percentage": "71%", "PercentageFloat": 0.7112299465240641}, {"type": "T", "percentage": "99%", "PercentageFloat": 0.9946524064171123}, {"type": "P", "percentage": "76%", "PercentageFloat": 0.7647058823529411}], "topic_info": {"can_generate": false, "topic": {"description": "", "follow_count": 0, "id": 106457, "is_following": false, "is_join_pending": false, "is_banned": false, "is_moderated": false, "name_readable": "Ja-hyun Jo (Jay)", "post_count": 5, "source_profile_id": 136719, "source_type": "profile", "join_to_post": false, "can_pin": false, "related_topics": [{"description": "", "follow_count": 0, "id": 106457, "is_following": false, "is_join_pending": false, "is_banned": false, "is_moderated": false, "name_readable": "Ja-hyun Jo (Jay)", "post_count": 5, "source_profile_id": 136719, "source_type": "profile", "image": {"picURL": "https://static1.personality-database.com/profile_images/b86630d38892466d8dcf142f8c82a861.png"}, "join_to_post": false, "can_pin": false}, {"description": "", "follow_count": 1, "id": 106748, "is_following": false, "is_join_pending": false, "is_banned": false, "is_moderated": false, "name_readable": "Vinny Hong", "post_count": 2, "source_profile_id": 137102, "source_type": "profile", "image": {"picURL": "https://static1.personality-database.com/profile_images/39b9db5df66345e8b78a3a6c5187a387.png"}, "join_to_post": false, "can_pin": false}, {"description": "she is the woman who starts a fight with Vinny's mom.", "follow_count": 0, "id": 339414, "is_following": false, "is_join_pending": false, "is_banned": false, "is_moderated": false, "name_readable": "The good memory women", "post_count": 1, "source_profile_id": 445799, "source_type": "profile", "image": {"picURL": "https://static1.personality-database.com/profile_images/eaab3236ca494ae983aedf970738e1a2.png"}, "join_to_post": false, "can_pin": false}, {"description": "Hwangyun\u2018s brother.", "follow_count": 1, "id": 334539, "is_following": false, "is_join_pending": false, "is_banned": false, "is_moderated": false, "name_readable": "shanghun choi", "post_count": 1, "source_profile_id": 445780, "source_type": "profile", "image": {"picURL": "https://static1.personality-database.com/profile_images/b4a436fc116f4225986f1f49d028c363.png"}, "join_to_post": false, "can_pin": false}, {"description": "", "follow_count": 1, "id": 272137, "is_following": false, "is_join_pending": false, "is_banned": false, "is_moderated": false, "name_readable": "Noah", "post_count": 1, "source_profile_id": 353621, "source_type": "profile", "image": {"picURL": "https://static1.personality-database.com/profile_images/b2d63fffa2af47f9b54186cd7c101116.png"}, "join_to_post": false, "can_pin": false}, {"description": "", "follow_count": 0, "id": 252582, "is_following": false, "is_join_pending": false, "is_banned": false, "is_moderated": false, "name_readable": "Owen Knight", "post_count": 0, "source_profile_id": 328156, "source_type": "profile", "image": {"picURL": "https://static1.personality-database.com/profile_images/dc871c64918d4e64931f7d682fdbb422.png"}, "join_to_post": false, "can_pin": false}, {"description": "The doping creator. Friend of Yu mi", "follow_count": 0, "id": 337725, "is_following": false, "is_join_pending": false, "is_banned": false, "is_moderated": false, "name_readable": "Ryu Juwon", "post_count": 0, "source_profile_id": 534735, "source_type": "profile", "image": {"picURL": "https://static1.personality-database.com/profile_images/22efbde4d05f4e099fda85734e59594c.png"}, "join_to_post": false, "can_pin": false}, {"description": "The pink gay who\u2019s a PE teacher.", "follow_count": 0, "id": 328315, "is_following": false, "is_join_pending": false, "is_banned": false, "is_moderated": false, "name_readable": "Mario nam", "post_count": 0, "source_profile_id": 445788, "source_type": "profile", "image": {"picURL": "https://static1.personality-database.com/profile_images/45fbfbc729644ca0a855f45647eca837.png"}, "join_to_post": false, "can_pin": false}, {"description": "", "follow_count": 0, "id": 298807, "is_following": false, "is_join_pending": false, "is_banned": false, "is_moderated": false, "name_readable": "Monster", "post_count": 0, "source_profile_id": 388396, "source_type": "profile", "image": {"picURL": "https://static1.personality-database.com/profile_images/fc47fc1b06fe4884b08e979d738735e9.png"}, "join_to_post": false, "can_pin": false}, {"description": "", "follow_count": 0, "id": 283706, "is_following": false, "is_join_pending": false, "is_banned": false, "is_moderated": false, "name_readable": "Wooin (yellow glasses guy)", "post_count": 0, "source_profile_id": 368854, "source_type": "profile", "image": {"picURL": "https://static1.personality-database.com/profile_images/5388a87627d24ba0a59a56e10533fe71.png"}, "join_to_post": false, "can_pin": false}, {"description": "", "follow_count": 0, "id": 276884, "is_following": false, "is_join_pending": false, "is_banned": false, "is_moderated": false, "name_readable": "Yumi", "post_count": 0, "source_profile_id": 359978, "source_type": "profile", "image": {"picURL": "https://static1.personality-database.com/profile_images/fbe14f3a737d4ae8a51ff3a133ff95ad.png"}, "join_to_post": false, "can_pin": false}, {"description": "", "follow_count": 0, "id": 252583, "is_following": false, "is_join_pending": false, "is_banned": false, "is_moderated": false, "name_readable": "Joker", "post_count": 0, "source_profile_id": 328157, "source_type": "profile", "image": {"picURL": "https://static1.personality-database.com/profile_images/f1757582916e4dc798e33c7fc5f9a75b.png"}, "join_to_post": false, "can_pin": false}, {"description": "", "follow_count": 0, "id": 181927, "is_following": false, "is_join_pending": false, "is_banned": false, "is_moderated": false, "name_readable": "Yuna Yoon", "post_count": 0, "source_profile_id": 235536, "source_type": "profile", "image": {"picURL": "https://static1.personality-database.com/profile_images/6d855b48e14f4476b9ede8f61a143d88.png"}, "join_to_post": false, "can_pin": false}, {"description": "", "follow_count": 0, "id": 181926, "is_following": false, "is_join_pending": false, "is_banned": false, "is_moderated": false, "name_readable": "June Lee", "post_count": 0, "source_profile_id": 235535, "source_type": "profile", "image": {"picURL": "https://static1.personality-database.com/profile_images/ac8771afa0c1498cab462f2f1de96931.png"}, "join_to_post": false, "can_pin": false}, {"description": "", "follow_count": 0, "id": 140366, "is_following": false, "is_join_pending": false, "is_banned": false, "is_moderated": false, "name_readable": "Mia", "post_count": 0, "source_profile_id": 182471, "source_type": "profile", "image": {"picURL": "https://static1.personality-database.com/profile_images/59a1c6fac2614c87b111981b0cdbceee.png"}, "join_to_post": false, "can_pin": false}, {"description": "", "follow_count": 0, "id": 106749, "is_following": false, "is_join_pending": false, "is_banned": false, "is_moderated": false, "name_readable": "TJ", "post_count": 0, "source_profile_id": 137103, "source_type": "profile", "image": {"picURL": "https://static1.personality-database.com/profile_images/2af8455897394a21b78a50d80adcf4c6.png"}, "join_to_post": false, "can_pin": false}], "subcategory": "\u0412\u0435\u0442\u0440\u043e\u043b\u043e\u043c (Wind Breaker)", "topic_image_url": "https://static1.personality-database.com/profile_images/b86630d38892466d8dcf142f8c82a861.png", "source_location": {"cid": 26, "pid": 2, "sub_cat_id": 9475}, "can_post_image": false, "can_post_audio": false, "posts": {"posts": [{"username": "gentle_scullion_7969", "user_pic_path": "", "user_personality_type": "XXXX", "is_mod": false, "comment_count": 0, "reply_count": 0, "vote_type": 0, "topics_list": [{"id": 106457, "name_readable": "Ja-hyun Jo (Jay)"}], "id": 2166668, "post_id": 2166668, "user_id": 1468400, "title": "", "content": "\u0420\u0435\u0431\u044f\u0442,\u044f \u043a\u043e\u043d\u0435\u0447\u043d\u043e \u043d\u0435 \u0434\u043e\u0447\u0438\u0442\u0430\u043b\u0430 \u0432\u0435\u0442\u0440\u043e\u043b\u043e\u043c,\u043d\u043e \u0438\u043c\u0445\u043e \u0414\u0436\u0430 \u0425\u0451\u043d 5", "create_date": 1673460727000, "unix_timestamp": 1673460727000, "update_date": 1673460727000, "vote_count": 0, "vote_count_down": 0, "is_reported": 0, "is_hidden": false, "is_pinned": false, "is_watching": false, "is_pro_user": false, "images": null, "audios": null, "function_list": [], "type": "post"}, {"username": "Dion", "user_pic_path": "https://lh3.googleusercontent.com/a-/AFdZucpva1GAmd6YrfIitO6OU9VWdeP-aSFoo4F6R13E=s96-c", "user_personality_type": "INFJ-9w1", "is_mod": false, "comment_count": 0, "reply_count": 0, "vote_type": 0, "topics_list": [{"id": 106457, "name_readable": "Ja-hyun Jo (Jay)"}], "id": 1212266, "post_id": 1212266, "user_id": 370374, "title": "", "content": "Why E3 tho?", "create_date": 1661341393000, "unix_timestamp": 1661341393000, "update_date": 1661341393000, "vote_count": 1, "vote_count_down": 0, "is_reported": 0, "is_hidden": false, "is_pinned": false, "is_watching": false, "is_pro_user": false, "images": null, "audios": null, "function_list": [], "type": "post"}, {"username": "vampiricat", "user_pic_path": "https://static1.personality-database.com/user_avatars/526618/63ba77d7-44f0-47b8-90b9-ab312de6936c_small.jpeg", "user_personality_type": "INTJ-5w4-531", "is_mod": false, "comment_count": 2, "reply_count": 2, "vote_type": 0, "topics_list": [{"id": 106457, "name_readable": "Ja-hyun Jo (Jay)"}], "id": 534753, "post_id": 534753, "user_id": 526618, "title": "", "content": "why ISTP? (an argument other than \"he takes a lot of risks\"\ud83d\udc80\ud83d\udc80) this guy is a bit hard to type because he doesn't speak and he hardly has any povs lmao", "create_date": 1649133854000, "unix_timestamp": 1649133854000, "update_date": 1649133854000, "vote_count": 2, "vote_count_down": 0, "is_reported": 1, "is_hidden": false, "is_pinned": false, "is_watching": false, "is_pro_user": false, "images": null, "audios": null, "function_list": [], "type": "post"}]}}}}