{"id": 137100, "mbti_profile": "Shelly", "profile_name_searchable": "shelly", "allow_commenting": true, "allow_voting": true, "user_id": 64634, "contributor": "pintordegelo", "contributor_create_date": "2020-05-20 21:52:38", "contributor_pic_path": "https://lh4.googleusercontent.com/-590i1ymV5fU/AAAAAAAAAAI/AAAAAAAAAAA/AMZuucmrg3Vtng8KvB-M-Q8TsEMSJB8_YQ/s96-c/photo.jpg", "display_order": 0, "edit_lock": 0, "edit_lock_picture": 0, "is_active": true, "is_approved": true, "mbti_enneagram_type": "ESFP 7w6", "mbti_type": "ESFP 7w6", "pdb_comment_access": true, "pdb_page_owner": 0, "pdb_public_access": true, "wiki_description": "", "watch_count": 90, "comment_count": 1, "vote_count": 199, "vote_count_enneagram": 33, "vote_count_mbti": 199, "total_vote_counts": 178, "personality_type": "ESFP - 7w6 - so/sp - 782 - SEE - RCUAN - Choleric-Sanguine - EN(F)", "type_updated_date": "2022-12-14 14:27:52", "enneagram_vote": "", "enneagram_vote_id": 0, "mbti_vote": "", "mbti_vote_id": 0, "is_watching": false, "image_exists": false, "profile_image_url": "https://static1.personality-database.com/profile_images/682edaf7c1474583a382ef575a3a7642.png", "profile_image_credit": "", "profile_image_credit_id": 232103, "profile_image_credit_type": "0", "profile_image_credit_url": "https://pin.it/5FUqPhe", "alt_subcategory": "", "related_subcategories": "", "cat_id": 26, "category": "Web Comics", "category_is_fictional": true, "sub_cat_id": 9475, "subcategory": "\u0412\u0435\u0442\u0440\u043e\u043b\u043e\u043c (Wind Breaker)", "subcat_link_info": {"sub_cat_id": 9475, "cat_id": 26, "property_id": 2, "subcategory": "\u0412\u0435\u0442\u0440\u043e\u043b\u043e\u043c (Wind Breaker)"}, "related_subcat_link_info": null, "related_profiles": [{"id": 136719, "mbti_profile": "Ja-hyun Jo (Jay)", "subcategory": "\u0412\u0435\u0442\u0440\u043e\u043b\u043e\u043c (Wind Breaker)", "profile_image_url": "https://static1.personality-database.com/profile_images/b86630d38892466d8dcf142f8c82a861.png", "profile_name": "Ja-hyun Jo (Jay)", "profile_subcat": "\u0412\u0435\u0442\u0440\u043e\u043b\u043e\u043c (Wind Breaker)", "sub_cat_id": 9475, "cat_id": 26, "property_id": 2, "mbti": "ISTP", "enneatype": "3w4"}, {"id": 137102, "mbti_profile": "Vinny Hong", "subcategory": "\u0412\u0435\u0442\u0440\u043e\u043b\u043e\u043c (Wind Breaker)", "profile_image_url": "https://static1.personality-database.com/profile_images/39b9db5df66345e8b78a3a6c5187a387.png", "profile_name": "Vinny Hong", "profile_subcat": "\u0412\u0435\u0442\u0440\u043e\u043b\u043e\u043c (Wind Breaker)", "sub_cat_id": 9475, "cat_id": 26, "property_id": 2, "mbti": "ISTP", "enneatype": "8w9"}, {"id": 136721, "mbti_profile": "Dom Kang", "subcategory": "\u0412\u0435\u0442\u0440\u043e\u043b\u043e\u043c (Wind Breaker)", "profile_image_url": "https://static1.personality-database.com/profile_images/4ce280178f67463f9168c21d12fedcec.png", "profile_name": "Dom Kang", "profile_subcat": "\u0412\u0435\u0442\u0440\u043e\u043b\u043e\u043c (Wind Breaker)", "sub_cat_id": 9475, "cat_id": 26, "property_id": 2, "mbti": "ESFP", "enneatype": "6w7"}, {"id": 328156, "mbti_profile": "Owen Knight", "subcategory": "\u0412\u0435\u0442\u0440\u043e\u043b\u043e\u043c (Wind Breaker)", "profile_image_url": "https://static1.personality-database.com/profile_images/dc871c64918d4e64931f7d682fdbb422.png", "profile_name": "Owen Knight", "profile_subcat": "\u0412\u0435\u0442\u0440\u043e\u043b\u043e\u043c (Wind Breaker)", "sub_cat_id": 9475, "cat_id": 26, "property_id": 2, "mbti": "ENTJ", "enneatype": "3w4"}, {"id": 136722, "mbti_profile": "Minu Yoon", "subcategory": "\u0412\u0435\u0442\u0440\u043e\u043b\u043e\u043c (Wind Breaker)", "profile_image_url": "https://static1.personality-database.com/profile_images/0e991cd827c84a82a58b5e059d3bad1b.png", "profile_name": "Minu Yoon", "profile_subcat": "\u0412\u0435\u0442\u0440\u043e\u043b\u043e\u043c (Wind Breaker)", "sub_cat_id": 9475, "cat_id": 26, "property_id": 2, "mbti": "ENFP", "enneatype": ""}, {"id": 353621, "mbti_profile": "Noah", "subcategory": "\u0412\u0435\u0442\u0440\u043e\u043b\u043e\u043c (Wind Breaker)", "profile_image_url": "https://static1.personality-database.com/profile_images/b2d63fffa2af47f9b54186cd7c101116.png", "profile_name": "Noah", "profile_subcat": "\u0412\u0435\u0442\u0440\u043e\u043b\u043e\u043c (Wind Breaker)", "sub_cat_id": 9475, "cat_id": 26, "property_id": 2, "mbti": "ESTP", "enneatype": "7w8"}, {"id": 359978, "mbti_profile": "Yumi", "subcategory": "\u0412\u0435\u0442\u0440\u043e\u043b\u043e\u043c (Wind Breaker)", "profile_image_url": "https://static1.personality-database.com/profile_images/fbe14f3a737d4ae8a51ff3a133ff95ad.png", "profile_name": "Yumi", "profile_subcat": "\u0412\u0435\u0442\u0440\u043e\u043b\u043e\u043c (Wind Breaker)", "sub_cat_id": 9475, "cat_id": 26, "property_id": 2, "mbti": "ENTP", "enneatype": "7w8"}, {"id": 368854, "mbti_profile": "Wooin (yellow glasses guy)", "subcategory": "\u0412\u0435\u0442\u0440\u043e\u043b\u043e\u043c (Wind Breaker)", "profile_image_url": "https://static1.personality-database.com/profile_images/5388a87627d24ba0a59a56e10533fe71.png", "profile_name": "Wooin (yellow glasses guy)", "profile_subcat": "\u0412\u0435\u0442\u0440\u043e\u043b\u043e\u043c (Wind Breaker)", "sub_cat_id": 9475, "cat_id": 26, "property_id": 2, "mbti": "ENTP", "enneatype": "7w8"}], "functions": ["Se", "Fi", "Te", "Ni"], "systems": [{"hex_color": "#888888", "id": 1, "personality_type": "XXXX", "personality_type_id": 0, "system_name": "Four Letter", "system_vote_count": 115, "user_vote_type_id": 0, "vote_id": 0}, {"hex_color": "#006775", "id": 2, "personality_type": "XXXX", "personality_type_id": 0, "system_name": "Enneagram", "system_vote_count": 25, "user_vote_type_id": 0, "vote_id": 0}, {"hex_color": "#006775", "id": 5, "personality_type": "XXXX", "personality_type_id": 0, "system_name": "Instinctual Variant", "system_vote_count": 8, "user_vote_type_id": 0, "vote_id": 0}, {"hex_color": "#006775", "id": 6, "personality_type": "XXXX", "personality_type_id": 0, "system_name": "Tritype", "system_vote_count": 6, "user_vote_type_id": 0, "vote_id": 0}, {"hex_color": "#888888", "id": 3, "personality_type": "XXXX", "personality_type_id": 0, "system_name": "Socionics", "system_vote_count": 5, "user_vote_type_id": 0, "vote_id": 0}, {"hex_color": "#888888", "id": 9, "personality_type": "XXXX", "personality_type_id": 0, "system_name": "Big 5 (SLOAN)", "system_vote_count": 5, "user_vote_type_id": 0, "vote_id": 0}, {"hex_color": "#888888", "id": 8, "personality_type": "XXXX", "personality_type_id": 0, "system_name": "Attitudinal Psyche", "system_vote_count": 4, "user_vote_type_id": 0, "vote_id": 0}, {"hex_color": "#888888", "id": 7, "personality_type": "XXXX", "personality_type_id": 0, "system_name": "Temperaments", "system_vote_count": 8, "user_vote_type_id": 0, "vote_id": 0}, {"hex_color": "#888888", "id": 11, "personality_type": "XXXX", "personality_type_id": 0, "system_name": "Classic Jungian", "system_vote_count": 2, "user_vote_type_id": 0, "vote_id": 0}], "breakdown_systems": {"1": [{"myValue": "ESFP", "personality_system_id": 1, "personality_type": "ESFP", "theCount": 63}, {"myValue": "ENFP", "personality_system_id": 1, "personality_type": "ENFP", "theCount": 37}, {"myValue": "ESTP", "personality_system_id": 1, "personality_type": "ESTP", "theCount": 10}, {"myValue": "ISTP", "personality_system_id": 1, "personality_type": "ISTP", "theCount": 2}, {"myValue": "ENFJ", "personality_system_id": 1, "personality_type": "ENFJ", "theCount": 1}, {"myValue": "ENTJ", "personality_system_id": 1, "personality_type": "ENTJ", "theCount": 1}, {"myValue": "ESFJ", "personality_system_id": 1, "personality_type": "ESFJ", "theCount": 1}], "11": [{"myValue": "EN(F)", "personality_system_id": 11, "personality_type": "EN(F)", "theCount": 1}, {"myValue": "ES(F)", "personality_system_id": 11, "personality_type": "ES(F)", "theCount": 1}], "2": [{"myValue": "7w6", "personality_system_id": 2, "personality_type": "7w6", "theCount": 16}, {"myValue": "7w8", "personality_system_id": 2, "personality_type": "7w8", "theCount": 6}, {"myValue": "4w3", "personality_system_id": 2, "personality_type": "4w3", "theCount": 2}, {"myValue": "6w7", "personality_system_id": 2, "personality_type": "6w7", "theCount": 1}], "3": [{"myValue": "SEE", "personality_system_id": 3, "personality_type": "SEE", "theCount": 2}, {"myValue": "ESI", "personality_system_id": 3, "personality_type": "ESI", "theCount": 1}, {"myValue": "IEI", "personality_system_id": 3, "personality_type": "IEI", "theCount": 1}, {"myValue": "SLE", "personality_system_id": 3, "personality_type": "SLE", "theCount": 1}], "5": [{"myValue": "so/sp", "personality_system_id": 5, "personality_type": "so/sp", "theCount": 4}, {"myValue": "sp/so", "personality_system_id": 5, "personality_type": "sp/so", "theCount": 1}, {"myValue": "sp/sx", "personality_system_id": 5, "personality_type": "sp/sx", "theCount": 1}, {"myValue": "sx/so", "personality_system_id": 5, "personality_type": "sx/so", "theCount": 1}, {"myValue": "sx/sp", "personality_system_id": 5, "personality_type": "sx/sp", "theCount": 1}], "6": [{"myValue": "782", "personality_system_id": 6, "personality_type": "782", "theCount": 2}, {"myValue": "135", "personality_system_id": 6, "personality_type": "135", "theCount": 1}, {"myValue": "145", "personality_system_id": 6, "personality_type": "145", "theCount": 1}, {"myValue": "258", "personality_system_id": 6, "personality_type": "258", "theCount": 1}, {"myValue": "285", "personality_system_id": 6, "personality_type": "285", "theCount": 1}], "7": [{"myValue": "Choleric-Sanguine", "personality_system_id": 7, "personality_type": "Choleric-Sanguine", "theCount": 4}, {"myValue": "Sanguine-Choleric", "personality_system_id": 7, "personality_type": "Sanguine-Choleric", "theCount": 2}, {"myValue": "Choleric-Melancholic", "personality_system_id": 7, "personality_type": "Choleric-Melancholic", "theCount": 1}, {"myValue": "Melancholic [Dominant]", "personality_system_id": 7, "personality_type": "Melancholic [Dominant]", "theCount": 1}], "8": [{"myValue": "FEVL", "personality_system_id": 8, "personality_type": "FEVL", "theCount": 1}, {"myValue": "FLEV", "personality_system_id": 8, "personality_type": "FLEV", "theCount": 1}, {"myValue": "FLVE", "personality_system_id": 8, "personality_type": "FLVE", "theCount": 1}, {"myValue": "LVEF", "personality_system_id": 8, "personality_type": "LVEF", "theCount": 1}], "9": [{"myValue": "RCUAN", "personality_system_id": 9, "personality_type": "RCUAN", "theCount": 2}, {"myValue": "RCOAN", "personality_system_id": 9, "personality_type": "RCOAN", "theCount": 1}, {"myValue": "RLOEN", "personality_system_id": 9, "personality_type": "RLOEN", "theCount": 1}, {"myValue": "SLUEN", "personality_system_id": 9, "personality_type": "SLUEN", "theCount": 1}]}, "breakdown_config": {"expand": {"1": 3, "11": 1, "2": 3, "3": 1, "5": 1, "6": 1, "7": 1, "8": 1, "9": 1}, "fire": {"1": 1, "11": 0, "2": 0, "3": 0, "5": 0, "6": 0, "7": 0, "8": 0, "9": 0}}, "mbti_letter_stats": [{"type": "E", "percentage": "98%", "PercentageFloat": 0.9826086956521739}, {"type": "S", "percentage": "66%", "PercentageFloat": 0.6608695652173913}, {"type": "F", "percentage": "89%", "PercentageFloat": 0.8869565217391304}, {"type": "P", "percentage": "97%", "PercentageFloat": 0.9739130434782609}], "topic_info": {"can_generate": false, "topic": {"description": "", "follow_count": 1, "id": 106747, "is_following": false, "is_join_pending": false, "is_banned": false, "is_moderated": false, "name_readable": "Shelly", "post_count": 0, "source_profile_id": 137100, "source_type": "profile", "join_to_post": false, "can_pin": false, "related_topics": [{"description": "", "follow_count": 0, "id": 106457, "is_following": false, "is_join_pending": false, "is_banned": false, "is_moderated": false, "name_readable": "Ja-hyun Jo (Jay)", "post_count": 5, "source_profile_id": 136719, "source_type": "profile", "image": {"picURL": "https://static1.personality-database.com/profile_images/b86630d38892466d8dcf142f8c82a861.png"}, "join_to_post": false, "can_pin": false}, {"description": "", "follow_count": 1, "id": 106748, "is_following": false, "is_join_pending": false, "is_banned": false, "is_moderated": false, "name_readable": "Vinny Hong", "post_count": 2, "source_profile_id": 137102, "source_type": "profile", "image": {"picURL": "https://static1.personality-database.com/profile_images/39b9db5df66345e8b78a3a6c5187a387.png"}, "join_to_post": false, "can_pin": false}, {"description": "she is the woman who starts a fight with Vinny's mom.", "follow_count": 0, "id": 339414, "is_following": false, "is_join_pending": false, "is_banned": false, "is_moderated": false, "name_readable": "The good memory women", "post_count": 1, "source_profile_id": 445799, "source_type": "profile", "image": {"picURL": "https://static1.personality-database.com/profile_images/eaab3236ca494ae983aedf970738e1a2.png"}, "join_to_post": false, "can_pin": false}, {"description": "Hwangyun\u2018s brother.", "follow_count": 1, "id": 334539, "is_following": false, "is_join_pending": false, "is_banned": false, "is_moderated": false, "name_readable": "shanghun choi", "post_count": 1, "source_profile_id": 445780, "source_type": "profile", "image": {"picURL": "https://static1.personality-database.com/profile_images/b4a436fc116f4225986f1f49d028c363.png"}, "join_to_post": false, "can_pin": false}, {"description": "", "follow_count": 1, "id": 272137, "is_following": false, "is_join_pending": false, "is_banned": false, "is_moderated": false, "name_readable": "Noah", "post_count": 1, "source_profile_id": 353621, "source_type": "profile", "image": {"picURL": "https://static1.personality-database.com/profile_images/b2d63fffa2af47f9b54186cd7c101116.png"}, "join_to_post": false, "can_pin": false}, {"description": "", "follow_count": 0, "id": 252582, "is_following": false, "is_join_pending": false, "is_banned": false, "is_moderated": false, "name_readable": "Owen Knight", "post_count": 0, "source_profile_id": 328156, "source_type": "profile", "image": {"picURL": "https://static1.personality-database.com/profile_images/dc871c64918d4e64931f7d682fdbb422.png"}, "join_to_post": false, "can_pin": false}, {"description": "The doping creator. Friend of Yu mi", "follow_count": 0, "id": 337725, "is_following": false, "is_join_pending": false, "is_banned": false, "is_moderated": false, "name_readable": "Ryu Juwon", "post_count": 0, "source_profile_id": 534735, "source_type": "profile", "image": {"picURL": "https://static1.personality-database.com/profile_images/22efbde4d05f4e099fda85734e59594c.png"}, "join_to_post": false, "can_pin": false}, {"description": "The pink gay who\u2019s a PE teacher.", "follow_count": 0, "id": 328315, "is_following": false, "is_join_pending": false, "is_banned": false, "is_moderated": false, "name_readable": "Mario nam", "post_count": 0, "source_profile_id": 445788, "source_type": "profile", "image": {"picURL": "https://static1.personality-database.com/profile_images/45fbfbc729644ca0a855f45647eca837.png"}, "join_to_post": false, "can_pin": false}, {"description": "", "follow_count": 0, "id": 298807, "is_following": false, "is_join_pending": false, "is_banned": false, "is_moderated": false, "name_readable": "Monster", "post_count": 0, "source_profile_id": 388396, "source_type": "profile", "image": {"picURL": "https://static1.personality-database.com/profile_images/fc47fc1b06fe4884b08e979d738735e9.png"}, "join_to_post": false, "can_pin": false}, {"description": "", "follow_count": 0, "id": 283706, "is_following": false, "is_join_pending": false, "is_banned": false, "is_moderated": false, "name_readable": "Wooin (yellow glasses guy)", "post_count": 0, "source_profile_id": 368854, "source_type": "profile", "image": {"picURL": "https://static1.personality-database.com/profile_images/5388a87627d24ba0a59a56e10533fe71.png"}, "join_to_post": false, "can_pin": false}, {"description": "", "follow_count": 0, "id": 276884, "is_following": false, "is_join_pending": false, "is_banned": false, "is_moderated": false, "name_readable": "Yumi", "post_count": 0, "source_profile_id": 359978, "source_type": "profile", "image": {"picURL": "https://static1.personality-database.com/profile_images/fbe14f3a737d4ae8a51ff3a133ff95ad.png"}, "join_to_post": false, "can_pin": false}, {"description": "", "follow_count": 0, "id": 252583, "is_following": false, "is_join_pending": false, "is_banned": false, "is_moderated": false, "name_readable": "Joker", "post_count": 0, "source_profile_id": 328157, "source_type": "profile", "image": {"picURL": "https://static1.personality-database.com/profile_images/f1757582916e4dc798e33c7fc5f9a75b.png"}, "join_to_post": false, "can_pin": false}, {"description": "", "follow_count": 0, "id": 181927, "is_following": false, "is_join_pending": false, "is_banned": false, "is_moderated": false, "name_readable": "Yuna Yoon", "post_count": 0, "source_profile_id": 235536, "source_type": "profile", "image": {"picURL": "https://static1.personality-database.com/profile_images/6d855b48e14f4476b9ede8f61a143d88.png"}, "join_to_post": false, "can_pin": false}, {"description": "", "follow_count": 0, "id": 181926, "is_following": false, "is_join_pending": false, "is_banned": false, "is_moderated": false, "name_readable": "June Lee", "post_count": 0, "source_profile_id": 235535, "source_type": "profile", "image": {"picURL": "https://static1.personality-database.com/profile_images/ac8771afa0c1498cab462f2f1de96931.png"}, "join_to_post": false, "can_pin": false}, {"description": "", "follow_count": 0, "id": 140366, "is_following": false, "is_join_pending": false, "is_banned": false, "is_moderated": false, "name_readable": "Mia", "post_count": 0, "source_profile_id": 182471, "source_type": "profile", "image": {"picURL": "https://static1.personality-database.com/profile_images/59a1c6fac2614c87b111981b0cdbceee.png"}, "join_to_post": false, "can_pin": false}, {"description": "", "follow_count": 0, "id": 106749, "is_following": false, "is_join_pending": false, "is_banned": false, "is_moderated": false, "name_readable": "TJ", "post_count": 0, "source_profile_id": 137103, "source_type": "profile", "image": {"picURL": "https://static1.personality-database.com/profile_images/2af8455897394a21b78a50d80adcf4c6.png"}, "join_to_post": false, "can_pin": false}], "subcategory": "\u0412\u0435\u0442\u0440\u043e\u043b\u043e\u043c (Wind Breaker)", "topic_image_url": "https://static1.personality-database.com/profile_images/682edaf7c1474583a382ef575a3a7642.png", "source_location": {"cid": 26, "pid": 2, "sub_cat_id": 9475}, "can_post_image": false, "can_post_audio": false, "posts": {"posts": []}}}}