{"id": 138642, "mbti_profile": "Michael Afton", "profile_name_searchable": "michaelafton", "allow_commenting": true, "allow_voting": true, "user_id": 39591, "contributor": "catgirl", "contributor_create_date": "2020-05-23 05:19:57", "contributor_pic_path": "https://lh3.googleusercontent.com/a-/AOh14GjORy7TYnrjG8f4BLMDtxpmXZsx8B9d5B2GKbMwQw=s96-c", "display_order": 1000, "edit_lock": 0, "edit_lock_picture": 0, "is_active": true, "is_approved": true, "mbti_enneagram_type": "ISFP 6w5", "mbti_type": "ISFP 6w5", "pdb_comment_access": true, "pdb_page_owner": 0, "pdb_public_access": true, "wiki_description": "Michael Afton is a main character in BlueyCapsules. Formerly a self-proclaimed badass and a generic asshole teenager who constantly sought validation from his neglectful father, Michael has since reverted to a hollow shell of his former self following the death of his younger brother in the Bite of '83 -- an incident that Michael himself unintentionally caused. He harbors an intense grudge towards himself and is struggling to recover with the deep-rooted trauma that the incident left him with. Once his father's greatest admirer, Michael now deeply fears him after witnessing his true nature. Furthermore, after discovering the truth of William's goals and the existence of Remnant, he is working tirelessly to find and put an end to William's path of bloodshed.", "watch_count": 153, "comment_count": 19, "vote_count": 102, "vote_count_enneagram": 61, "vote_count_mbti": 102, "total_vote_counts": 290, "personality_type": "ISFP - 6w5 - sx/sp - 649 - IEI - RLUAI - LVEF - Melancholic-Phlegmatic - IF(N)", "type_updated_date": "2022-11-15 20:13:08", "enneagram_vote": "", "enneagram_vote_id": 0, "mbti_vote": "", "mbti_vote_id": 0, "is_watching": false, "image_exists": true, "profile_image_url": "https://static1.personality-database.com/profile_images/6aa7ac124db54802a2c3e3c5ec1fb9c2.png", "profile_image_credit": "", "profile_image_credit_id": 323661, "profile_image_credit_type": "0", "profile_image_credit_url": "undefined", "alt_subcategory": "", "related_subcategories": "", "cat_id": 26, "category": "Web Comics", "category_is_fictional": true, "sub_cat_id": 9547, "subcategory": "BlueyCapsules", "subcat_link_info": {"sub_cat_id": 9547, "cat_id": 26, "property_id": 2, "subcategory": "BlueyCapsules"}, "related_subcat_link_info": null, "related_profiles": [{"id": 138643, "mbti_profile": "William Afton / Dave Miller", "subcategory": "BlueyCapsules", "profile_image_url": "https://static1.personality-database.com/profile_images/ceb4b822f4cf4823856d655be143d56d.png", "profile_name": "William Afton / Dave Miller", "profile_subcat": "BlueyCapsules", "sub_cat_id": 9547, "cat_id": 26, "property_id": 2, "mbti": "ENTJ", "enneatype": "8w7"}, {"id": 195625, "mbti_profile": "Cassidy Boseman", "subcategory": "BlueyCapsules", "profile_image_url": "https://static1.personality-database.com/profile_images/2c57f9fd13904cb4b5e6204f961c0409.png", "profile_name": "Cassidy Boseman", "profile_subcat": "BlueyCapsules", "sub_cat_id": 9547, "cat_id": 26, "property_id": 2, "mbti": "ENTP", "enneatype": "8w7"}, {"id": 195635, "mbti_profile": "Jeremy Fitzgerald", "subcategory": "BlueyCapsules", "profile_image_url": "https://static1.personality-database.com/profile_images/db5c3aad45f94749a3a72b1a208a10a7.png", "profile_name": "Jeremy Fitzgerald", "profile_subcat": "BlueyCapsules", "sub_cat_id": 9547, "cat_id": 26, "property_id": 2, "mbti": "ESFP", "enneatype": "7w6"}, {"id": 195631, "mbti_profile": "Philip Guy", "subcategory": "BlueyCapsules", "profile_image_url": "https://static1.personality-database.com/profile_images/ce1b097db05a43f2b020b3eef15269c5.png", "profile_name": "Philip Guy", "profile_subcat": "BlueyCapsules", "sub_cat_id": 9547, "cat_id": 26, "property_id": 2, "mbti": "ISTJ", "enneatype": "9w1"}, {"id": 272234, "mbti_profile": "Joan Madruga", "subcategory": "BlueyCapsules", "profile_image_url": "https://static1.personality-database.com/profile_images/71d5b2e1a3644db6962e280402d68f11.png", "profile_name": "Joan Madruga", "profile_subcat": "BlueyCapsules", "sub_cat_id": 9547, "cat_id": 26, "property_id": 2, "mbti": "ISTP", "enneatype": "8w9"}, {"id": 138644, "mbti_profile": "Elizabeth \"Liz\" Afton", "subcategory": "BlueyCapsules", "profile_image_url": "https://static1.personality-database.com/profile_images/254db6289fe4428ab13bc415bc08aa46.png", "profile_name": "Elizabeth \"Liz\" Afton", "profile_subcat": "BlueyCapsules", "sub_cat_id": 9547, "cat_id": 26, "property_id": 2, "mbti": "ESTJ", "enneatype": "3w2"}, {"id": 272236, "mbti_profile": "Chauncey Bohner-Focker", "subcategory": "BlueyCapsules", "profile_image_url": "https://static1.personality-database.com/profile_images/ff202100bb31442c9b7be9d68ee596cf.png", "profile_name": "Chauncey Bohner-Focker", "profile_subcat": "BlueyCapsules", "sub_cat_id": 9547, "cat_id": 26, "property_id": 2, "mbti": "ISTJ", "enneatype": "5w6"}, {"id": 138651, "mbti_profile": "Mrs. Afton/Lampwife", "subcategory": "BlueyCapsules", "profile_image_url": "https://static1.personality-database.com/profile_images/e0d94b56c4f1487a8c86947d7d67532a.png", "profile_name": "Mrs. Afton/Lampwife", "profile_subcat": "BlueyCapsules", "sub_cat_id": 9547, "cat_id": 26, "property_id": 2, "mbti": "ESFJ", "enneatype": "9w1"}], "functions": ["Fi", "Se", "Ni", "Te"], "systems": [{"hex_color": "#888888", "id": 1, "personality_type": "XXXX", "personality_type_id": 0, "system_name": "Four Letter", "system_vote_count": 100, "user_vote_type_id": 0, "vote_id": 0}, {"hex_color": "#006775", "id": 2, "personality_type": "XXXX", "personality_type_id": 0, "system_name": "Enneagram", "system_vote_count": 60, "user_vote_type_id": 0, "vote_id": 0}, {"hex_color": "#006775", "id": 5, "personality_type": "XXXX", "personality_type_id": 0, "system_name": "Instinctual Variant", "system_vote_count": 28, "user_vote_type_id": 0, "vote_id": 0}, {"hex_color": "#006775", "id": 6, "personality_type": "XXXX", "personality_type_id": 0, "system_name": "Tritype", "system_vote_count": 31, "user_vote_type_id": 0, "vote_id": 0}, {"hex_color": "#888888", "id": 3, "personality_type": "XXXX", "personality_type_id": 0, "system_name": "Socionics", "system_vote_count": 5, "user_vote_type_id": 0, "vote_id": 0}, {"hex_color": "#888888", "id": 9, "personality_type": "XXXX", "personality_type_id": 0, "system_name": "Big 5 (SLOAN)", "system_vote_count": 13, "user_vote_type_id": 0, "vote_id": 0}, {"hex_color": "#888888", "id": 8, "personality_type": "XXXX", "personality_type_id": 0, "system_name": "Attitudinal Psyche", "system_vote_count": 14, "user_vote_type_id": 0, "vote_id": 0}, {"hex_color": "#888888", "id": 7, "personality_type": "XXXX", "personality_type_id": 0, "system_name": "Temperaments", "system_vote_count": 37, "user_vote_type_id": 0, "vote_id": 0}, {"hex_color": "#888888", "id": 11, "personality_type": "XXXX", "personality_type_id": 0, "system_name": "Classic Jungian", "system_vote_count": 1, "user_vote_type_id": 0, "vote_id": 0}], "breakdown_systems": {"1": [{"myValue": "ISFP", "personality_system_id": 1, "personality_type": "ISFP", "theCount": 49}, {"myValue": "INFP", "personality_system_id": 1, "personality_type": "INFP", "theCount": 39}, {"myValue": "ISTP", "personality_system_id": 1, "personality_type": "ISTP", "theCount": 6}, {"myValue": "INTP", "personality_system_id": 1, "personality_type": "INTP", "theCount": 3}, {"myValue": "ENTP", "personality_system_id": 1, "personality_type": "ENTP", "theCount": 1}, {"myValue": "ESFP", "personality_system_id": 1, "personality_type": "ESFP", "theCount": 1}, {"myValue": "ISFJ", "personality_system_id": 1, "personality_type": "ISFJ", "theCount": 1}], "11": [{"myValue": "IF(N)", "personality_system_id": 11, "personality_type": "IF(N)", "theCount": 1}], "2": [{"myValue": "6w5", "personality_system_id": 2, "personality_type": "6w5", "theCount": 36}, {"myValue": "6w7", "personality_system_id": 2, "personality_type": "6w7", "theCount": 21}, {"myValue": "9w1", "personality_system_id": 2, "personality_type": "9w1", "theCount": 2}, {"myValue": "4w5", "personality_system_id": 2, "personality_type": "4w5", "theCount": 1}], "3": [{"myValue": "IEI", "personality_system_id": 3, "personality_type": "IEI", "theCount": 3}, {"myValue": "ESI", "personality_system_id": 3, "personality_type": "ESI", "theCount": 1}, {"myValue": "SEI", "personality_system_id": 3, "personality_type": "SEI", "theCount": 1}], "4": [{"myValue": "Chaotic Good", "personality_system_id": 4, "personality_type": "Chaotic Good", "theCount": 1}], "5": [{"myValue": "sx/sp", "personality_system_id": 5, "personality_type": "sx/sp", "theCount": 22}, {"myValue": "sp/sx", "personality_system_id": 5, "personality_type": "sp/sx", "theCount": 4}, {"myValue": "so/sx", "personality_system_id": 5, "personality_type": "so/sx", "theCount": 1}, {"myValue": "sp/so", "personality_system_id": 5, "personality_type": "sp/so", "theCount": 1}], "6": [{"myValue": "649", "personality_system_id": 6, "personality_type": "649", "theCount": 20}, {"myValue": "684", "personality_system_id": 6, "personality_type": "684", "theCount": 6}, {"myValue": "469", "personality_system_id": 6, "personality_type": "469", "theCount": 1}, {"myValue": "614", "personality_system_id": 6, "personality_type": "614", "theCount": 1}, {"myValue": "648", "personality_system_id": 6, "personality_type": "648", "theCount": 1}, {"myValue": "693", "personality_system_id": 6, "personality_type": "693", "theCount": 1}, {"myValue": "974", "personality_system_id": 6, "personality_type": "974", "theCount": 1}], "7": [{"myValue": "Melancholic-Phlegmatic", "personality_system_id": 7, "personality_type": "Melancholic-Phlegmatic", "theCount": 19}, {"myValue": "Melancholic-Choleric", "personality_system_id": 7, "personality_type": "Melancholic-Choleric", "theCount": 11}, {"myValue": "Phlegmatic [Dominant]", "personality_system_id": 7, "personality_type": "Phlegmatic [Dominant]", "theCount": 3}, {"myValue": "Melancholic [Dominant]", "personality_system_id": 7, "personality_type": "Melancholic [Dominant]", "theCount": 2}, {"myValue": "Sanguine [Dominant]", "personality_system_id": 7, "personality_type": "Sanguine [Dominant]", "theCount": 1}, {"myValue": "Sanguine-Choleric", "personality_system_id": 7, "personality_type": "Sanguine-Choleric", "theCount": 1}], "8": [{"myValue": "LVEF", "personality_system_id": 8, "personality_type": "LVEF", "theCount": 10}, {"myValue": "LEFV", "personality_system_id": 8, "personality_type": "LEFV", "theCount": 3}, {"myValue": "EFLV", "personality_system_id": 8, "personality_type": "EFLV", "theCount": 1}], "9": [{"myValue": "RLUAI", "personality_system_id": 9, "personality_type": "RLUAI", "theCount": 12}, {"myValue": "RCUAN", "personality_system_id": 9, "personality_type": "RCUAN", "theCount": 1}]}, "breakdown_config": {"expand": {"1": 3, "11": 1, "2": 3, "3": 1, "4": 1, "5": 1, "6": 1, "7": 2, "8": 1, "9": 1}, "fire": {"1": 1, "11": 0, "2": 1, "3": 0, "4": 0, "5": 0, "6": 0, "7": 1, "8": 0, "9": 0}}, "mbti_letter_stats": [{"type": "I", "percentage": "98%", "PercentageFloat": 0.98}, {"type": "S", "percentage": "57%", "PercentageFloat": 0.57}, {"type": "F", "percentage": "90%", "PercentageFloat": 0.9}, {"type": "P", "percentage": "99%", "PercentageFloat": 0.99}], "topic_info": {"can_generate": false, "topic": {"description": "", "follow_count": 2, "id": 107736, "is_following": false, "is_join_pending": false, "is_banned": false, "is_moderated": false, "name_readable": "Michael Afton", "post_count": 0, "source_profile_id": 138642, "source_type": "profile", "join_to_post": false, "can_pin": false, "related_topics": [{"description": "", "follow_count": 0, "id": 107743, "is_following": false, "is_join_pending": false, "is_banned": false, "is_moderated": false, "name_readable": "Vincent Afton", "post_count": 4, "source_profile_id": 138649, "source_type": "profile", "image": {"picURL": "https://static1.personality-database.com/profile_images/10249da841aa4a8a90b7191a635e24ee.png"}, "join_to_post": false, "can_pin": false}, {"description": "", "follow_count": 1, "id": 151040, "is_following": false, "is_join_pending": false, "is_banned": false, "is_moderated": false, "name_readable": "Fritz Valentino", "post_count": 3, "source_profile_id": 195622, "source_type": "profile", "image": {"picURL": "https://static1.personality-database.com/profile_images/ca89b6a3c0c546d684758b6212f54887.png"}, "join_to_post": false, "can_pin": false}, {"description": "Dave Miller is a persona that William Afton puts on in Bluey Capsules Volume 3.", "follow_count": 1, "id": 340253, "is_following": false, "is_join_pending": false, "is_banned": false, "is_moderated": false, "name_readable": "Dave Miller (Persona)", "post_count": 2, "source_profile_id": 559805, "source_type": "profile", "image": {"picURL": "https://static1.personality-database.com/profile_images/17a875b3a26041d4ac5c8653c38264fd.png"}, "join_to_post": false, "can_pin": false}, {"description": "", "follow_count": 0, "id": 107742, "is_following": false, "is_join_pending": false, "is_banned": false, "is_moderated": false, "name_readable": "Samlet \"Sammy\" Emily", "post_count": 1, "source_profile_id": 138648, "source_type": "profile", "image": {"picURL": "https://static1.personality-database.com/profile_images/cc062d4912e94f2dad2ea1e4b9d15e77.png"}, "join_to_post": false, "can_pin": false}, {"description": "", "follow_count": 0, "id": 107744, "is_following": false, "is_join_pending": false, "is_banned": false, "is_moderated": false, "name_readable": "Scott Afton", "post_count": 1, "source_profile_id": 138650, "source_type": "profile", "image": {"picURL": "https://static1.personality-database.com/profile_images/ddb3b821dea2418696099a8ba1c35d0a.png"}, "join_to_post": false, "can_pin": false}, {"description": "", "follow_count": 0, "id": 107737, "is_following": false, "is_join_pending": false, "is_banned": false, "is_moderated": false, "name_readable": "William Afton", "post_count": 1, "source_profile_id": 138643, "source_type": "profile", "image": {"picURL": "https://static1.personality-database.com/profile_images/ceb4b822f4cf4823856d655be143d56d.png"}, "join_to_post": false, "can_pin": false}, {"description": "", "follow_count": 0, "id": 151049, "is_following": false, "is_join_pending": false, "is_banned": false, "is_moderated": false, "name_readable": "Philip Guy", "post_count": 1, "source_profile_id": 195631, "source_type": "profile", "image": {"picURL": "https://static1.personality-database.com/profile_images/ce1b097db05a43f2b020b3eef15269c5.png"}, "join_to_post": false, "can_pin": false}, {"description": "", "follow_count": 1, "id": 151052, "is_following": false, "is_join_pending": false, "is_banned": false, "is_moderated": false, "name_readable": "Bonby John Wilkestead", "post_count": 0, "source_profile_id": 195634, "source_type": "profile", "image": {"picURL": "https://static1.personality-database.com/profile_images/1ca1be2fab434afcbcc3fc7d1cc9bb25.png"}, "join_to_post": false, "can_pin": false}, {"description": "", "follow_count": 0, "id": 151044, "is_following": false, "is_join_pending": false, "is_banned": false, "is_moderated": false, "name_readable": "Gabriel Boseman", "post_count": 0, "source_profile_id": 195626, "source_type": "profile", "image": {"picURL": "https://static1.personality-database.com/profile_images/f1209f8abafb40e5a243337488c42c81.png"}, "join_to_post": false, "can_pin": false}, {"description": "", "follow_count": 0, "id": 151045, "is_following": false, "is_join_pending": false, "is_banned": false, "is_moderated": false, "name_readable": "Jerry Boseman", "post_count": 0, "source_profile_id": 195627, "source_type": "profile", "image": {"picURL": "https://static1.personality-database.com/profile_images/3aefae8ff8674502b833ec18c8cacf8c.png"}, "join_to_post": false, "can_pin": false}, {"description": "", "follow_count": 0, "id": 151046, "is_following": false, "is_join_pending": false, "is_banned": false, "is_moderated": false, "name_readable": "Ivy Boseman", "post_count": 0, "source_profile_id": 195628, "source_type": "profile", "image": {"picURL": "https://static1.personality-database.com/profile_images/e67ea373a6d34fe7ae965695107f05d2.png"}, "join_to_post": false, "can_pin": false}, {"description": "", "follow_count": 0, "id": 151047, "is_following": false, "is_join_pending": false, "is_banned": false, "is_moderated": false, "name_readable": "Francine Denver", "post_count": 0, "source_profile_id": 195629, "source_type": "profile", "image": {"picURL": "https://static1.personality-database.com/profile_images/1253214af31f42aba54161bd0c45e20b.png"}, "join_to_post": false, "can_pin": false}, {"description": "", "follow_count": 0, "id": 151048, "is_following": false, "is_join_pending": false, "is_banned": false, "is_moderated": false, "name_readable": "Sang Hye-Jeong", "post_count": 0, "source_profile_id": 195630, "source_type": "profile", "image": {"picURL": "https://static1.personality-database.com/profile_images/0993685c70f9454b94a534fdbca080f9.png"}, "join_to_post": false, "can_pin": false}, {"description": "", "follow_count": 1, "id": 151050, "is_following": false, "is_join_pending": false, "is_banned": false, "is_moderated": false, "name_readable": "Luggy Mayro", "post_count": 0, "source_profile_id": 195632, "source_type": "profile", "image": {"picURL": "https://static1.personality-database.com/profile_images/777376c570e240e5aeb6b8f5622a9c0f.png"}, "join_to_post": false, "can_pin": false}, {"description": ":3", "follow_count": 0, "id": 335063, "is_following": false, "is_join_pending": false, "is_banned": false, "is_moderated": false, "name_readable": "Ketchup", "post_count": 0, "source_profile_id": 522101, "source_type": "profile", "image": {"picURL": "https://static1.personality-database.com/profile_images/3994b4a364c44ee0b670b5568f82afe8.png"}, "join_to_post": false, "can_pin": false}, {"description": "", "follow_count": 0, "id": 208771, "is_following": false, "is_join_pending": false, "is_banned": false, "is_moderated": false, "name_readable": "The C.E.O.", "post_count": 0, "source_profile_id": 272237, "source_type": "profile", "image": {"picURL": "https://static1.personality-database.com/profile_images/8ee9c5e4b47e4b6cb266793ad2732552.png"}, "join_to_post": false, "can_pin": false}], "subcategory": "BlueyCapsules", "topic_image_url": "https://static1.personality-database.com/profile_images/6aa7ac124db54802a2c3e3c5ec1fb9c2.png", "source_location": {"cid": 26, "pid": 2, "sub_cat_id": 9547}, "can_post_image": false, "can_post_audio": false, "posts": {"posts": []}}}}