{"id": 142308, "mbti_profile": "Kouji", "profile_name_searchable": "kouji", "allow_commenting": true, "allow_voting": true, "user_id": 0, "contributor": "the nameless", "contributor_create_date": "2020-05-31 17:57:35", "contributor_pic_path": "https://www.personality-database.com/images/profile_transparent.png", "display_order": 0, "edit_lock": 0, "edit_lock_picture": 0, "is_active": true, "is_approved": true, "mbti_enneagram_type": "INTP 5w4", "mbti_type": "INTP 5w4", "pdb_comment_access": true, "pdb_page_owner": 0, "pdb_public_access": true, "wiki_description": "", "watch_count": 120, "comment_count": 3, "vote_count": 140, "vote_count_enneagram": 32, "vote_count_mbti": 140, "total_vote_counts": 158, "personality_type": "INTP - 5w4 - so/sp - 592 - ILE - RCUEI - LVFE - Sanguine-Phlegmatic", "type_updated_date": "2022-10-21 07:51:33", "enneagram_vote": "", "enneagram_vote_id": 0, "mbti_vote": "", "mbti_vote_id": 0, "is_watching": false, "image_exists": false, "profile_image_url": "https://static1.personality-database.com/profile_images/789c485cb0da4fef93a03dfda0937144.png", "profile_image_credit": "", "profile_image_credit_id": 470513, "profile_image_credit_type": "0", "profile_image_credit_url": "", "alt_subcategory": "", "related_subcategories": "", "cat_id": 26, "category": "Web Comics", "category_is_fictional": true, "sub_cat_id": 5229, "subcategory": "Lookism", "subcat_link_info": {"sub_cat_id": 5229, "cat_id": 26, "property_id": 2, "subcategory": "Lookism"}, "related_subcat_link_info": null, "related_profiles": [{"id": 61588, "mbti_profile": "Vasco", "subcategory": "Lookism", "profile_image_url": "https://static1.personality-database.com/profile_images/cdd17a1d16484ff293d8eb794ef66d4c.png", "profile_name": "Vasco", "profile_subcat": "Lookism", "sub_cat_id": 5229, "cat_id": 26, "property_id": 2, "mbti": "ISFP", "enneatype": "9w1"}, {"id": 61585, "mbti_profile": "Daniel Park", "subcategory": "Lookism", "profile_image_url": "https://static1.personality-database.com/profile_images/49227663c6a44d5f953f1a8b6918b204.png", "profile_name": "Daniel Park", "profile_subcat": "Lookism", "sub_cat_id": 5229, "cat_id": 26, "property_id": 2, "mbti": "INFP", "enneatype": "9w1"}, {"id": 71213, "mbti_profile": "Johan Seong", "subcategory": "Lookism", "profile_image_url": "https://static1.personality-database.com/profile_images/81a3693583414058afd1014551cd35fd.png", "profile_name": "Johan Seong", "profile_subcat": "Lookism", "sub_cat_id": 5229, "cat_id": 26, "property_id": 2, "mbti": "ISFP", "enneatype": "6w7"}, {"id": 102485, "mbti_profile": "Goo Kim", "subcategory": "Lookism", "profile_image_url": "https://static1.personality-database.com/profile_images/ea5a7d8f20a04f3184b5f994dc63ff30.png", "profile_name": "Goo Kim", "profile_subcat": "Lookism", "sub_cat_id": 5229, "cat_id": 26, "property_id": 2, "mbti": "ESTP", "enneatype": "7w8"}, {"id": 454512, "mbti_profile": "Mitsuki \"Neko\"", "subcategory": "Lookism", "profile_image_url": "https://static1.personality-database.com/profile_images/37377eff684f46ffbe3e8fe3fe36ef72.png", "profile_name": "Mitsuki \"Neko\"", "profile_subcat": "Lookism", "sub_cat_id": 5229, "cat_id": 26, "property_id": 2, "mbti": "ENFP", "enneatype": "2w3"}, {"id": 203676, "mbti_profile": "Samuel Seo", "subcategory": "Lookism", "profile_image_url": "https://static1.personality-database.com/profile_images/db48897638bf4958acb8ee2ae91fe770.png", "profile_name": "Samuel Seo", "profile_subcat": "Lookism", "sub_cat_id": 5229, "cat_id": 26, "property_id": 2, "mbti": "ENTJ", "enneatype": "3w4"}, {"id": 61586, "mbti_profile": "Zack Lee", "subcategory": "Lookism", "profile_image_url": "https://static1.personality-database.com/profile_images/6e25e74647e1490cb1e87a6f3d0dc240.png", "profile_name": "Zack Lee", "profile_subcat": "Lookism", "sub_cat_id": 5229, "cat_id": 26, "property_id": 2, "mbti": "ESFP", "enneatype": "8w7"}, {"id": 338515, "mbti_profile": "Daniel Park (Ultra Instinct)", "subcategory": "Lookism", "profile_image_url": "https://static1.personality-database.com/profile_images/22564ef3cd504cc48549c5e2426bcfb1.png", "profile_name": "Daniel Park (Ultra Instinct)", "profile_subcat": "Lookism", "sub_cat_id": 5229, "cat_id": 26, "property_id": 2, "mbti": "ISTP", "enneatype": "8w9"}], "functions": ["Ti", "Ne", "Si", "Fe"], "systems": [{"hex_color": "#888888", "id": 1, "personality_type": "XXXX", "personality_type_id": 0, "system_name": "Four Letter", "system_vote_count": 112, "user_vote_type_id": 0, "vote_id": 0}, {"hex_color": "#006775", "id": 2, "personality_type": "XXXX", "personality_type_id": 0, "system_name": "Enneagram", "system_vote_count": 28, "user_vote_type_id": 0, "vote_id": 0}, {"hex_color": "#006775", "id": 5, "personality_type": "XXXX", "personality_type_id": 0, "system_name": "Instinctual Variant", "system_vote_count": 6, "user_vote_type_id": 0, "vote_id": 0}, {"hex_color": "#006775", "id": 6, "personality_type": "XXXX", "personality_type_id": 0, "system_name": "Tritype", "system_vote_count": 5, "user_vote_type_id": 0, "vote_id": 0}, {"hex_color": "#888888", "id": 3, "personality_type": "XXXX", "personality_type_id": 0, "system_name": "Socionics", "system_vote_count": 3, "user_vote_type_id": 0, "vote_id": 0}, {"hex_color": "#888888", "id": 9, "personality_type": "XXXX", "personality_type_id": 0, "system_name": "Big 5 (SLOAN)", "system_vote_count": 1, "user_vote_type_id": 0, "vote_id": 0}, {"hex_color": "#888888", "id": 8, "personality_type": "XXXX", "personality_type_id": 0, "system_name": "Attitudinal Psyche", "system_vote_count": 1, "user_vote_type_id": 0, "vote_id": 0}, {"hex_color": "#888888", "id": 7, "personality_type": "XXXX", "personality_type_id": 0, "system_name": "Temperaments", "system_vote_count": 2, "user_vote_type_id": 0, "vote_id": 0}, {"hex_color": "#888888", "id": 11, "personality_type": "XXXX", "personality_type_id": 0, "system_name": "Classic Jungian", "system_vote_count": 0, "user_vote_type_id": 0, "vote_id": 0}], "breakdown_systems": {"1": [{"myValue": "INTP", "personality_system_id": 1, "personality_type": "INTP", "theCount": 61}, {"myValue": "ENTP", "personality_system_id": 1, "personality_type": "ENTP", "theCount": 50}, {"myValue": "ENTJ", "personality_system_id": 1, "personality_type": "ENTJ", "theCount": 1}], "11": [{"myValue": "XXXX", "personality_system_id": 0, "personality_type": "XXXX", "theCount": 0}], "2": [{"myValue": "5w4", "personality_system_id": 2, "personality_type": "5w4", "theCount": 23}, {"myValue": "5w6", "personality_system_id": 2, "personality_type": "5w6", "theCount": 4}, {"myValue": "8w7", "personality_system_id": 2, "personality_type": "8w7", "theCount": 1}], "3": [{"myValue": "ILE", "personality_system_id": 3, "personality_type": "ILE", "theCount": 3}], "5": [{"myValue": "so/sp", "personality_system_id": 5, "personality_type": "so/sp", "theCount": 3}, {"myValue": "sp/so", "personality_system_id": 5, "personality_type": "sp/so", "theCount": 2}, {"myValue": "sx/sp", "personality_system_id": 5, "personality_type": "sx/sp", "theCount": 1}], "6": [{"myValue": "592", "personality_system_id": 6, "personality_type": "592", "theCount": 3}, {"myValue": "593", "personality_system_id": 6, "personality_type": "593", "theCount": 2}], "7": [{"myValue": "Phlegmatic [Dominant]", "personality_system_id": 7, "personality_type": "Phlegmatic [Dominant]", "theCount": 1}, {"myValue": "Sanguine-Phlegmatic", "personality_system_id": 7, "personality_type": "Sanguine-Phlegmatic", "theCount": 1}], "8": [{"myValue": "LVFE", "personality_system_id": 8, "personality_type": "LVFE", "theCount": 1}], "9": [{"myValue": "RCUEI", "personality_system_id": 9, "personality_type": "RCUEI", "theCount": 1}]}, "breakdown_config": {"expand": {"1": 3, "11": 1, "2": 3, "3": 1, "5": 1, "6": 1, "7": 1, "8": 1, "9": 1}, "fire": {"1": 1, "11": 0, "2": 0, "3": 0, "5": 0, "6": 0, "7": 0, "8": 0, "9": 0}}, "mbti_letter_stats": [{"type": "I", "percentage": "54%", "PercentageFloat": 0.5446428571428571}, {"type": "N", "percentage": "100%", "PercentageFloat": 1}, {"type": "T", "percentage": "100%", "PercentageFloat": 1}, {"type": "P", "percentage": "99%", "PercentageFloat": 0.9910714285714286}], "topic_info": {"can_generate": false, "topic": {"description": "", "follow_count": 0, "id": 110081, "is_following": false, "is_join_pending": false, "is_banned": false, "is_moderated": false, "name_readable": "Kouji", "post_count": 0, "source_profile_id": 142308, "source_type": "profile", "join_to_post": false, "can_pin": false, "related_topics": [{"description": "", "follow_count": 4, "id": 79328, "is_following": false, "is_join_pending": false, "is_banned": false, "is_moderated": false, "name_readable": "Jay Hong", "post_count": 4, "source_profile_id": 99046, "source_type": "profile", "image": {"picURL": "https://static1.personality-database.com/profile_images/5dfe10bc3a7947dbb1c6adb3eef2f6bd.png"}, "join_to_post": false, "can_pin": false}, {"description": "Euntae Lee (\uc774\uc740\ud0dc Lee Eun Tae), also known as 'Vasco', is a supporting character of Lookism. He is a student in the architecture department at J High School and the leader of the Burn Knuckles.", "follow_count": 5, "id": 51578, "is_following": false, "is_join_pending": false, "is_banned": false, "is_moderated": false, "name_readable": "Vasco", "post_count": 3, "source_profile_id": 61588, "source_type": "profile", "image": {"picURL": "https://static1.personality-database.com/profile_images/cdd17a1d16484ff293d8eb794ef66d4c.png"}, "join_to_post": false, "can_pin": false}, {"description": "", "follow_count": 0, "id": 322593, "is_following": false, "is_join_pending": false, "is_banned": false, "is_moderated": false, "name_readable": "Ma Taesoo", "post_count": 1, "source_profile_id": 420453, "source_type": "profile", "image": {"picURL": "https://static1.personality-database.com/profile_images/58c96c40ed3d4c09ad828ac691ad53bb.png"}, "join_to_post": false, "can_pin": false}, {"description": "", "follow_count": 0, "id": 110080, "is_following": false, "is_join_pending": false, "is_banned": false, "is_moderated": false, "name_readable": "DG", "post_count": 1, "source_profile_id": 142307, "source_type": "profile", "image": {"picURL": "https://static1.personality-database.com/profile_images/d005ff7b8f004fefa7568240413570ec.png"}, "join_to_post": false, "can_pin": false}, {"description": "", "follow_count": 0, "id": 282319, "is_following": false, "is_join_pending": false, "is_banned": false, "is_moderated": false, "name_readable": "Yujin", "post_count": 1, "source_profile_id": 367090, "source_type": "profile", "image": {"picURL": "https://static1.personality-database.com/profile_images/a489a44bea6d4f93a858132c0f4a0f44.png"}, "join_to_post": false, "can_pin": false}, {"description": "", "follow_count": 2, "id": 101463, "is_following": false, "is_join_pending": false, "is_banned": false, "is_moderated": false, "name_readable": "Sally Park", "post_count": 1, "source_profile_id": 129913, "source_type": "profile", "image": {"picURL": "https://static1.personality-database.com/profile_images/4d551651a9c54877aab5b5d482f49372.png"}, "join_to_post": false, "can_pin": false}, {"description": "", "follow_count": 1, "id": 260843, "is_following": false, "is_join_pending": false, "is_banned": false, "is_moderated": false, "name_readable": "James Lee", "post_count": 1, "source_profile_id": 339087, "source_type": "profile", "image": {"picURL": "https://static1.personality-database.com/profile_images/5732be646b194ad4b5afe37e9f049524.png"}, "join_to_post": false, "can_pin": false}, {"description": "", "follow_count": 0, "id": 188492, "is_following": false, "is_join_pending": false, "is_banned": false, "is_moderated": false, "name_readable": "Charles Choi", "post_count": 1, "source_profile_id": 243871, "source_type": "profile", "image": {"picURL": "https://static1.personality-database.com/profile_images/3db339c61a654fb68643e657540dec33.png"}, "join_to_post": false, "can_pin": false}, {"description": "Daniel Park (\ubc15\ud615\uc11d Park Hyung-Seok) is the main protagonist in Lookism. He is a student in the fashion department of J High School. He has a unique ability in which he can transfer his consciousness in and out at will between two completely different bodies.", "follow_count": 1, "id": 51575, "is_following": false, "is_join_pending": false, "is_banned": false, "is_moderated": false, "name_readable": "Daniel Park", "post_count": 1, "source_profile_id": 61585, "source_type": "profile", "image": {"picURL": "https://static1.personality-database.com/profile_images/49227663c6a44d5f953f1a8b6918b204.png"}, "join_to_post": false, "can_pin": false}, {"description": "", "follow_count": 0, "id": 260851, "is_following": false, "is_join_pending": false, "is_banned": false, "is_moderated": false, "name_readable": "Ivan Park", "post_count": 1, "source_profile_id": 339095, "source_type": "profile", "image": {"picURL": "https://static1.personality-database.com/profile_images/8133e08150f840789b446b7e62de01f1.png"}, "join_to_post": false, "can_pin": false}, {"description": "", "follow_count": 2, "id": 260402, "is_following": false, "is_join_pending": false, "is_banned": false, "is_moderated": false, "name_readable": "Daniel Park (Ultra Instinct)", "post_count": 1, "source_profile_id": 338515, "source_type": "profile", "image": {"picURL": "https://static1.personality-database.com/profile_images/22564ef3cd504cc48549c5e2426bcfb1.png"}, "join_to_post": false, "can_pin": false}, {"description": "", "follow_count": 0, "id": 260588, "is_following": false, "is_join_pending": false, "is_banned": false, "is_moderated": false, "name_readable": "Zoe\u2019s stalker", "post_count": 1, "source_profile_id": 338744, "source_type": "profile", "image": {"picURL": "https://static1.personality-database.com/profile_images/b9ac97ac21364813bd599f00228f4a50.png"}, "join_to_post": false, "can_pin": false}, {"description": "", "follow_count": 0, "id": 203297, "is_following": false, "is_join_pending": false, "is_banned": false, "is_moderated": false, "name_readable": "Xiaolung", "post_count": 1, "source_profile_id": 263602, "source_type": "profile", "image": {"picURL": "https://static1.personality-database.com/profile_images/acdff9ba4ce54a6c89fb49feca8ecfac.png"}, "join_to_post": false, "can_pin": false}, {"description": "", "follow_count": 1, "id": 52840, "is_following": false, "is_join_pending": false, "is_banned": false, "is_moderated": false, "name_readable": "Zoe Park", "post_count": 1, "source_profile_id": 63454, "source_type": "profile", "image": {"picURL": "https://static1.personality-database.com/profile_images/783948b7e17b41b8975dd70c4e746bd1.png"}, "join_to_post": false, "can_pin": false}, {"description": ".", "follow_count": 0, "id": 335846, "is_following": false, "is_join_pending": false, "is_banned": false, "is_moderated": false, "name_readable": "Mitsuki \"Neko\"", "post_count": 1, "source_profile_id": 454512, "source_type": "profile", "image": {"picURL": "https://static1.personality-database.com/profile_images/37377eff684f46ffbe3e8fe3fe36ef72.png"}, "join_to_post": false, "can_pin": false}, {"description": "", "follow_count": 0, "id": 343482, "is_following": false, "is_join_pending": false, "is_banned": false, "is_moderated": false, "name_readable": "Ryuhei \"Nomen\"", "post_count": 1, "source_profile_id": 444568, "source_type": "profile", "image": {"picURL": "https://static1.personality-database.com/profile_images/ad08ea9161ef4554a0388266c0f52d3d.png"}, "join_to_post": false, "can_pin": false}], "subcategory": "Lookism", "topic_image_url": "https://static1.personality-database.com/profile_images/789c485cb0da4fef93a03dfda0937144.png", "source_location": {"cid": 26, "pid": 2, "sub_cat_id": 5229}, "can_post_image": false, "can_post_audio": false, "posts": {"posts": []}}}}