{"id": 4660, "mbti_profile": "Lily Evans Potter", "profile_name_searchable": "lilyevanspotter", "allow_commenting": true, "allow_voting": true, "user_id": 1667, "contributor": "wertzdamien", "contributor_create_date": "2016-11-24 06:49:42", "contributor_pic_path": "https://api.personality-database.com/profile_images/0.png", "display_order": 0, "edit_lock": 0, "edit_lock_picture": 0, "is_active": true, "is_approved": true, "mbti_enneagram_type": "ENFJ 1w2", "mbti_type": "ENFJ 1w2", "pdb_comment_access": true, "pdb_page_owner": 0, "pdb_public_access": true, "wiki_description": "", "watch_count": 536, "comment_count": 35, "vote_count": 401, "vote_count_enneagram": 124, "vote_count_mbti": 401, "total_vote_counts": 632, "personality_type": "ENFJ - 1w2 - so/sx - 127 - ESI - SCOAI - EVFL - Sanguine-Phlegmatic", "type_updated_date": "2022-05-03 13:55:23", "enneagram_vote": "", "enneagram_vote_id": 0, "mbti_vote": "", "mbti_vote_id": 0, "is_watching": false, "image_exists": false, "profile_image_url": "https://static1.personality-database.com/profile_images/2941b06996694a0687efa9a91f020a9f.png", "profile_image_credit": "", "profile_image_credit_id": 0, "profile_image_credit_type": "0", "profile_image_credit_url": "", "alt_subcategory": "", "related_subcategories": "", "cat_id": 3, "category": "Movies", "category_is_fictional": true, "sub_cat_id": 87, "subcategory": "Harry Potter / Wizarding World Films", "subcat_link_info": {"sub_cat_id": 87, "cat_id": 3, "property_id": 2, "subcategory": "Harry Potter / Wizarding World Films"}, "related_subcat_link_info": null, "related_profiles": [{"id": 717, "mbti_profile": "Luna Lovegood", "subcategory": "Harry Potter / Wizarding World Films", "profile_image_url": "https://static1.personality-database.com/profile_images/74c099ece9a34921a823d1a7d66b0871.png", "profile_name": "Luna Lovegood", "profile_subcat": "Harry Potter / Wizarding World Films", "sub_cat_id": 87, "cat_id": 3, "property_id": 2, "mbti": "INFP", "enneatype": "9w1"}, {"id": 710, "mbti_profile": "Hermione Granger", "subcategory": "Harry Potter / Wizarding World Films", "profile_image_url": "https://static1.personality-database.com/profile_images/a08308727fa443b4af8257f16481f2a8.png", "profile_name": "Hermione Granger", "profile_subcat": "Harry Potter / Wizarding World Films", "sub_cat_id": 87, "cat_id": 3, "property_id": 2, "mbti": "ESTJ", "enneatype": "1w2"}, {"id": 716, "mbti_profile": "Severus Snape", "subcategory": "Harry Potter / Wizarding World Films", "profile_image_url": "https://static1.personality-database.com/profile_images/ac9b69b76bff43e68450d6c1f18b4062.png", "profile_name": "Severus Snape", "profile_subcat": "Harry Potter / Wizarding World Films", "sub_cat_id": 87, "cat_id": 3, "property_id": 2, "mbti": "INTJ", "enneatype": "6w5"}, {"id": 713, "mbti_profile": "Draco Malfoy", "subcategory": "Harry Potter / Wizarding World Films", "profile_image_url": "https://static1.personality-database.com/profile_images/472074086597499da3d53b0f1869c3a9.png", "profile_name": "Draco Malfoy", "profile_subcat": "Harry Potter / Wizarding World Films", "sub_cat_id": 87, "cat_id": 3, "property_id": 2, "mbti": "ESTJ", "enneatype": "3w4"}, {"id": 708, "mbti_profile": "Harry Potter", "subcategory": "Harry Potter / Wizarding World Films", "profile_image_url": "https://static1.personality-database.com/profile_images/1e7e6fac3bda49a38e1844b730345f4a.png", "profile_name": "Harry Potter", "profile_subcat": "Harry Potter / Wizarding World Films", "sub_cat_id": 87, "cat_id": 3, "property_id": 2, "mbti": "ISFP", "enneatype": "9w8"}, {"id": 10508, "mbti_profile": "Lord Voldemort", "subcategory": "Harry Potter / Wizarding World Films", "profile_image_url": "https://static1.personality-database.com/profile_images/cdfe513fb8b446e9afee4b95377328b2.png", "profile_name": "Lord Voldemort", "profile_subcat": "Harry Potter / Wizarding World Films", "sub_cat_id": 87, "cat_id": 3, "property_id": 2, "mbti": "ENTJ", "enneatype": "3w4"}, {"id": 712, "mbti_profile": "Albus Dumbledore", "subcategory": "Harry Potter / Wizarding World Films", "profile_image_url": "https://static1.personality-database.com/profile_images/acb1c880bee241bfa914093ee1016ef3.png", "profile_name": "Albus Dumbledore", "profile_subcat": "Harry Potter / Wizarding World Films", "sub_cat_id": 87, "cat_id": 3, "property_id": 2, "mbti": "INFJ", "enneatype": "1w9"}, {"id": 720, "mbti_profile": "Sirius Black", "subcategory": "Harry Potter / Wizarding World Films", "profile_image_url": "https://static1.personality-database.com/profile_images/9005849abd7e4875885473b80d5c6565.png", "profile_name": "Sirius Black", "profile_subcat": "Harry Potter / Wizarding World Films", "sub_cat_id": 87, "cat_id": 3, "property_id": 2, "mbti": "ESTP", "enneatype": "7w8"}], "functions": ["Fe", "Ni", "Se", "Ti"], "systems": [{"hex_color": "#888888", "id": 1, "personality_type": "XXXX", "personality_type_id": 0, "system_name": "Four Letter", "system_vote_count": 399, "user_vote_type_id": 0, "vote_id": 0}, {"hex_color": "#006775", "id": 2, "personality_type": "XXXX", "personality_type_id": 0, "system_name": "Enneagram", "system_vote_count": 123, "user_vote_type_id": 0, "vote_id": 0}, {"hex_color": "#006775", "id": 5, "personality_type": "XXXX", "personality_type_id": 0, "system_name": "Instinctual Variant", "system_vote_count": 23, "user_vote_type_id": 0, "vote_id": 0}, {"hex_color": "#006775", "id": 6, "personality_type": "XXXX", "personality_type_id": 0, "system_name": "Tritype", "system_vote_count": 25, "user_vote_type_id": 0, "vote_id": 0}, {"hex_color": "#888888", "id": 3, "personality_type": "XXXX", "personality_type_id": 0, "system_name": "Socionics", "system_vote_count": 15, "user_vote_type_id": 0, "vote_id": 0}, {"hex_color": "#888888", "id": 9, "personality_type": "XXXX", "personality_type_id": 0, "system_name": "Big 5 (SLOAN)", "system_vote_count": 8, "user_vote_type_id": 0, "vote_id": 0}, {"hex_color": "#888888", "id": 8, "personality_type": "XXXX", "personality_type_id": 0, "system_name": "Attitudinal Psyche", "system_vote_count": 3, "user_vote_type_id": 0, "vote_id": 0}, {"hex_color": "#888888", "id": 7, "personality_type": "XXXX", "personality_type_id": 0, "system_name": "Temperaments", "system_vote_count": 25, "user_vote_type_id": 0, "vote_id": 0}, {"hex_color": "#888888", "id": 11, "personality_type": "XXXX", "personality_type_id": 0, "system_name": "Classic Jungian", "system_vote_count": 0, "user_vote_type_id": 0, "vote_id": 0}], "breakdown_systems": {"1": [{"myValue": "ENFJ", "personality_system_id": 1, "personality_type": "ENFJ", "theCount": 272}, {"myValue": "INFJ", "personality_system_id": 1, "personality_type": "INFJ", "theCount": 83}, {"myValue": "ESFJ", "personality_system_id": 1, "personality_type": "ESFJ", "theCount": 14}, {"myValue": "INFP", "personality_system_id": 1, "personality_type": "INFP", "theCount": 8}, {"myValue": "ENFP", "personality_system_id": 1, "personality_type": "ENFP", "theCount": 7}, {"myValue": "ISFJ", "personality_system_id": 1, "personality_type": "ISFJ", "theCount": 6}, {"myValue": "ESFP", "personality_system_id": 1, "personality_type": "ESFP", "theCount": 3}, {"myValue": "ENTJ", "personality_system_id": 1, "personality_type": "ENTJ", "theCount": 2}, {"myValue": "ESTJ", "personality_system_id": 1, "personality_type": "ESTJ", "theCount": 2}, {"myValue": "ENTP", "personality_system_id": 1, "personality_type": "ENTP", "theCount": 1}, {"myValue": "INTJ", "personality_system_id": 1, "personality_type": "INTJ", "theCount": 1}], "11": [{"myValue": "XXXX", "personality_system_id": 0, "personality_type": "XXXX", "theCount": 0}], "2": [{"myValue": "1w2", "personality_system_id": 2, "personality_type": "1w2", "theCount": 98}, {"myValue": "2w1", "personality_system_id": 2, "personality_type": "2w1", "theCount": 15}, {"myValue": "2w3", "personality_system_id": 2, "personality_type": "2w3", "theCount": 3}, {"myValue": "9w1", "personality_system_id": 2, "personality_type": "9w1", "theCount": 3}, {"myValue": "1w9", "personality_system_id": 2, "personality_type": "1w9", "theCount": 1}, {"myValue": "3w2", "personality_system_id": 2, "personality_type": "3w2", "theCount": 1}, {"myValue": "4w5", "personality_system_id": 2, "personality_type": "4w5", "theCount": 1}, {"myValue": "6w7", "personality_system_id": 2, "personality_type": "6w7", "theCount": 1}], "3": [{"myValue": "ESI", "personality_system_id": 3, "personality_type": "ESI", "theCount": 6}, {"myValue": "EIE", "personality_system_id": 3, "personality_type": "EIE", "theCount": 4}, {"myValue": "ESE", "personality_system_id": 3, "personality_type": "ESE", "theCount": 2}, {"myValue": "EII", "personality_system_id": 3, "personality_type": "EII", "theCount": 1}, {"myValue": "IEI", "personality_system_id": 3, "personality_type": "IEI", "theCount": 1}, {"myValue": "SEI", "personality_system_id": 3, "personality_type": "SEI", "theCount": 1}], "4": [{"myValue": "Neutral Good", "personality_system_id": 4, "personality_type": "Neutral Good", "theCount": 8}, {"myValue": "Lawful Good", "personality_system_id": 4, "personality_type": "Lawful Good", "theCount": 3}], "5": [{"myValue": "so/sx", "personality_system_id": 5, "personality_type": "so/sx", "theCount": 18}, {"myValue": "so/sp", "personality_system_id": 5, "personality_type": "so/sp", "theCount": 2}, {"myValue": "sx/so", "personality_system_id": 5, "personality_type": "sx/so", "theCount": 2}, {"myValue": "sx/sp", "personality_system_id": 5, "personality_type": "sx/sp", "theCount": 1}], "6": [{"myValue": "127", "personality_system_id": 6, "personality_type": "127", "theCount": 13}, {"myValue": "126", "personality_system_id": 6, "personality_type": "126", "theCount": 3}, {"myValue": "217", "personality_system_id": 6, "personality_type": "217", "theCount": 2}, {"myValue": "125", "personality_system_id": 6, "personality_type": "125", "theCount": 1}, {"myValue": "162", "personality_system_id": 6, "personality_type": "162", "theCount": 1}, {"myValue": "259", "personality_system_id": 6, "personality_type": "259", "theCount": 1}, {"myValue": "269", "personality_system_id": 6, "personality_type": "269", "theCount": 1}, {"myValue": "297", "personality_system_id": 6, "personality_type": "297", "theCount": 1}, {"myValue": "638", "personality_system_id": 6, "personality_type": "638", "theCount": 1}, {"myValue": "936", "personality_system_id": 6, "personality_type": "936", "theCount": 1}], "7": [{"myValue": "Sanguine-Phlegmatic", "personality_system_id": 7, "personality_type": "Sanguine-Phlegmatic", "theCount": 16}, {"myValue": "Sanguine-Melancholic", "personality_system_id": 7, "personality_type": "Sanguine-Melancholic", "theCount": 3}, {"myValue": "Choleric [Dominant]", "personality_system_id": 7, "personality_type": "Choleric [Dominant]", "theCount": 2}, {"myValue": "Choleric-Melancholic", "personality_system_id": 7, "personality_type": "Choleric-Melancholic", "theCount": 2}, {"myValue": "Phlegmatic [Dominant]", "personality_system_id": 7, "personality_type": "Phlegmatic [Dominant]", "theCount": 1}, {"myValue": "Sanguine [Dominant]", "personality_system_id": 7, "personality_type": "Sanguine [Dominant]", "theCount": 1}], "8": [{"myValue": "EVFL", "personality_system_id": 8, "personality_type": "EVFL", "theCount": 3}], "9": [{"myValue": "SCOAI", "personality_system_id": 9, "personality_type": "SCOAI", "theCount": 6}, {"myValue": "RCOAI", "personality_system_id": 9, "personality_type": "RCOAI", "theCount": 1}, {"myValue": "RCOAN", "personality_system_id": 9, "personality_type": "RCOAN", "theCount": 1}]}, "breakdown_config": {"expand": {"1": 3, "11": 1, "2": 3, "3": 1, "4": 1, "5": 1, "6": 1, "7": 1, "8": 1, "9": 1}, "fire": {"1": 0, "11": 0, "2": 0, "3": 0, "4": 0, "5": 0, "6": 0, "7": 0, "8": 0, "9": 0}}, "mbti_letter_stats": [{"type": "E", "percentage": "75%", "PercentageFloat": 0.7543859649122807}, {"type": "N", "percentage": "94%", "PercentageFloat": 0.9373433583959899}, {"type": "F", "percentage": "98%", "PercentageFloat": 0.9849624060150376}, {"type": "J", "percentage": "95%", "PercentageFloat": 0.9523809523809523}], "topic_info": {"can_generate": false, "topic": {"description": "", "follow_count": 1, "id": 4312, "is_following": false, "is_join_pending": false, "is_banned": false, "is_moderated": false, "name_readable": "Lily Evans Potter", "post_count": 0, "source_profile_id": 4660, "source_type": "profile", "join_to_post": false, "can_pin": false, "related_topics": [{"description": "Harry James Potter (b. 31 July 1980) was an English half-blood wizard, and one of the most famous wizards of modern times. He was the only child and son of James and Lily Potter both members of the original Order of the Phoenix. Harry's birth was overshadowed by a prophecy, naming either himself or Neville Longbottom as the one with the power to vanquish Lord Voldemort. After half of the prophecy was reported to Voldemort, courtesy of Severus Snape, Harry was chosen as the target due to his many similarities with the Dark Lord. In turn, this caused the Potter family to go into hiding. Voldemort made his first vain attempt to circumvent the prophecy when Harry was a year and three months old. During this attempt, he murdered Harry's parents as they tried to protect him, but this unsuccessful attempt to kill Harry led to Voldemort's first downfall. This downfall marked the end of the First Wizarding War, and to Harry henceforth being known as the \"Boy Who Lived.\"\n\n#DanielRadcliffe", "follow_count": 10, "id": 660, "is_following": false, "is_join_pending": false, "is_banned": false, "is_moderated": false, "name_readable": "Harry Potter", "post_count": 83, "source_profile_id": 708, "source_type": "profile", "image": {"picURL": "https://static1.personality-database.com/profile_images/1e7e6fac3bda49a38e1844b730345f4a.png"}, "join_to_post": false, "can_pin": false}, {"description": "#TomFelton as Draco Malfoy\n#ESTJVillains", "follow_count": 11, "id": 664, "is_following": false, "is_join_pending": false, "is_banned": false, "is_moderated": false, "name_readable": "Draco Malfoy", "post_count": 76, "source_profile_id": 713, "source_type": "profile", "image": {"picURL": "https://static1.personality-database.com/profile_images/472074086597499da3d53b0f1869c3a9.png"}, "join_to_post": false, "can_pin": false}, {"description": "Severus Snape is a fictional character in J. K. Rowling's Harry Potter series. He is an exceptionally skilled wizard whose sarcastic, controlled exterior conceals deep emotions and anguish. A Professor at Hogwarts School of Witchcraft and Wizardry, Snape is hostile to Harry due to his resemblance to his father James Potter. \n\nActor #AlanRickman portrayed Snape in all eight Harry Potter films, released between 2001 and 2011.\n\nSource: Wikipedia.", "follow_count": 13, "id": 667, "is_following": false, "is_join_pending": false, "is_banned": false, "is_moderated": false, "name_readable": "Severus Snape", "post_count": 73, "source_profile_id": 716, "source_type": "profile", "image": {"picURL": "https://static1.personality-database.com/profile_images/ac9b69b76bff43e68450d6c1f18b4062.png"}, "join_to_post": false, "can_pin": false}, {"description": "Minister Hermione Jean Granger (b. 19 September, 1979) was an English Muggle-born witch born to Mr and Mrs Granger. At the age of eleven, she learned about her magical nature and was accepted into Hogwarts School of Witchcraft and Wizardry. Hermione began attending Hogwarts in 1991 and was Sorted into Gryffindor House. She possessed a brilliant academic mind and proved to be a gifted student in almost every subject that she studied. She is portrayed by #EmmaWatson. #ESTJHeroes", "follow_count": 6, "id": 662, "is_following": false, "is_join_pending": false, "is_banned": false, "is_moderated": false, "name_readable": "Hermione Granger", "post_count": 57, "source_profile_id": 710, "source_type": "profile", "image": {"picURL": "https://static1.personality-database.com/profile_images/a08308727fa443b4af8257f16481f2a8.png"}, "join_to_post": false, "can_pin": false}, {"description": "Luna Lovegood\u00a0is a Ravenclaw student one year younger than Harry (Portrayed by #EvannaLynch). She is described as having straggly waist-length dirty blond hair, grey eyes and a \"permanently surprised look\". Rowling has often said that Luna is the \"anti-Hermione\", as Hermione is \"inflexible and logical,\" as opposed to Luna, who would \"believe 10 impossible things before breakfast.\"\u00a0Her father,\u00a0Xenophilius Lovegood, is the editor-in-chief of\u00a0The Quibbler, a strange magazine claiming supposedly untrue things Luna and her father believe. When Luna was 9 years old, her mother, Pandora, died while performing a spell experiment, the particular one having gone, as Luna stated, \"horribly wrong\". Luna is socially isolated at school, and is given the nickname \"Loony\" Lovegood for her bizarre personality, but she appears to have the rare quality of caring little about what others think of her, although she sometimes gets incensed when her beliefs are challenged.", "follow_count": 12, "id": 668, "is_following": false, "is_join_pending": false, "is_banned": false, "is_moderated": false, "name_readable": "Luna Lovegood", "post_count": 41, "source_profile_id": 717, "source_type": "profile", "image": {"picURL": "https://static1.personality-database.com/profile_images/74c099ece9a34921a823d1a7d66b0871.png"}, "join_to_post": false, "can_pin": false}, {"description": "Ronald Bilius \"Ron\" Weasley (b. 1 March, 1980) was an English pure-blood wizard, the sixth and youngest son of Arthur and Molly Weasley (n\u00e9e Prewett). He was also the younger brother of Bill, Charlie, Percy, Fred, George, and the elder brother of Ginny. Ron and his siblings lived at the The Burrow, on the outskirts of Ottery St Catchpole, Devon. He is portrayed by #RupertGrint.", "follow_count": 2, "id": 661, "is_following": false, "is_join_pending": false, "is_banned": false, "is_moderated": false, "name_readable": "Ron Weasley", "post_count": 34, "source_profile_id": 709, "source_type": "profile", "image": {"picURL": "https://static1.personality-database.com/profile_images/10692d8f88c5485ea3b9a2d9489360a2.png"}, "join_to_post": false, "can_pin": false}, {"description": "#BonnieWright as Ginny Weasley\n#ISFJHeroes", "follow_count": 2, "id": 2452, "is_following": false, "is_join_pending": false, "is_banned": false, "is_moderated": false, "name_readable": "Ginny Weasley", "post_count": 30, "source_profile_id": 2683, "source_type": "profile", "image": {"picURL": "https://static1.personality-database.com/profile_images/1334c2e0f14e4811849ceb8a738349d3.png"}, "join_to_post": false, "can_pin": false}, {"description": "#ESTJVillains\n#ImeldaStaunton", "follow_count": 1, "id": 2690, "is_following": false, "is_join_pending": false, "is_banned": false, "is_moderated": false, "name_readable": "Dolores Umbridge", "post_count": 28, "source_profile_id": 2946, "source_type": "profile", "image": {"picURL": "https://static1.personality-database.com/profile_images/be3b91b87c1c477d8f8bc30bbf3dc3ef.png"}, "join_to_post": false, "can_pin": false}, {"description": "#INTJVillains", "follow_count": 4, "id": 219871, "is_following": false, "is_join_pending": false, "is_banned": false, "is_moderated": false, "name_readable": "Tom Riddle", "post_count": 23, "source_profile_id": 286885, "source_type": "profile", "image": {"picURL": "https://static1.personality-database.com/profile_images/f6c6d0d3e58f49d1bfc42b0a4c4849ef.png"}, "join_to_post": false, "can_pin": false}, {"description": "#GaryOldman", "follow_count": 1, "id": 671, "is_following": false, "is_join_pending": false, "is_banned": false, "is_moderated": false, "name_readable": "Sirius Black", "post_count": 14, "source_profile_id": 720, "source_type": "profile", "image": {"picURL": "https://static1.personality-database.com/profile_images/9005849abd7e4875885473b80d5c6565.png"}, "join_to_post": false, "can_pin": false}, {"description": "Bellatrix Lestrange (n\u00e9e Black) (1951 \u2013 2 May, 1998) was a British witch, the eldest daughter of Cygnus and Druella Black, cousin of Regulus and Sirius Black, and the elder sister of Andromeda Tonks and Narcissa Malfoy. She was a member of the House of Black, an old wizarding family and one of the Sacred Twenty-Eight. Bellatrix started her education at Hogwarts School of Witchcraft and Wizardry in the early sixties (either 1962 or 1963), and was Sorted into Slytherin House.\n#HelenaBonhamCarter\n#ESFPVillains", "follow_count": 1, "id": 3729, "is_following": false, "is_join_pending": false, "is_banned": false, "is_moderated": false, "name_readable": "Bellatrix Lestrange", "post_count": 12, "source_profile_id": 4045, "source_type": "profile", "image": {"picURL": "https://static1.personality-database.com/profile_images/4d7d2b358bc847d8a6b0f47f972cbdb5.png"}, "join_to_post": false, "can_pin": false}, {"description": "Professor Albus Percival Wulfric Brian Dumbledore, was an English half-blood wizard, who was the Defence Against the Dark Arts Professor, later the Transfiguration Professor, and later the Headmaster of Hogwarts School of Witchcraft and Wizardry. Professor Dumbledore also served as Supreme Mugwump of the International Confederation of Wizards (?\u20131995) and Chief Warlock of the Wizengamot (?\u20131995; 1996\u20131997). He was a half-blood, Muggle-supporting wizard considered to have been the greatest wizard of modern times, perhaps of all time. The son of Percival and Kendra Dumbledore, and the elder brother of Aberforth and Ariana. His father died in Azkaban when Dumbledore was young, while his mother and sister were later accidentally killed. His early losses greatly affected him early on, even at his death, but, in turn, made him a better person. #RichardHarris & #MichaelGambon", "follow_count": 2, "id": 663, "is_following": false, "is_join_pending": false, "is_banned": false, "is_moderated": false, "name_readable": "Albus Dumbledore", "post_count": 11, "source_profile_id": 712, "source_type": "profile", "image": {"picURL": "https://static1.personality-database.com/profile_images/acb1c880bee241bfa914093ee1016ef3.png"}, "join_to_post": false, "can_pin": false}, {"description": "#MatthewLewis as Neville Longbottom\n#ISFJHeroes", "follow_count": 2, "id": 665, "is_following": false, "is_join_pending": false, "is_banned": false, "is_moderated": false, "name_readable": "Neville Longbottom", "post_count": 8, "source_profile_id": 714, "source_type": "profile", "image": {"picURL": "https://static1.personality-database.com/profile_images/ba81992e02594c25bbf18baca128e536.png"}, "join_to_post": false, "can_pin": false}, {"description": "#DavidThewlis", "follow_count": 4, "id": 711, "is_following": false, "is_join_pending": false, "is_banned": false, "is_moderated": false, "name_readable": "Remus Lupin", "post_count": 8, "source_profile_id": 761, "source_type": "profile", "image": {"picURL": "https://static1.personality-database.com/profile_images/b6d1828298a04dfdbee2a0575ca93bf1.png"}, "join_to_post": false, "can_pin": false}, {"description": "", "follow_count": 4, "id": 2686, "is_following": false, "is_join_pending": false, "is_banned": false, "is_moderated": false, "name_readable": "Rubeus Hagrid", "post_count": 6, "source_profile_id": 2935, "source_type": "profile", "image": {"picURL": "https://static1.personality-database.com/profile_images/a4a350352d3949acbf16f8b55e1460ad.png"}, "join_to_post": false, "can_pin": false}, {"description": "#TobyJones", "follow_count": 2, "id": 666, "is_following": false, "is_join_pending": false, "is_banned": false, "is_moderated": false, "name_readable": "Dobby", "post_count": 4, "source_profile_id": 715, "source_type": "profile", "image": {"picURL": "https://static1.personality-database.com/profile_images/acdfc25dd71d4d4d923fd944773ac55e.png"}, "join_to_post": false, "can_pin": false}], "subcategory": "Harry Potter / Wizarding World Films", "topic_image_url": "https://static1.personality-database.com/profile_images/2941b06996694a0687efa9a91f020a9f.png", "source_location": {"cid": 3, "pid": 2, "sub_cat_id": 87}, "can_post_image": false, "can_post_audio": false, "posts": {"posts": []}}}}