{"id": 10425, "mbti_profile": "Will Hunting", "profile_name_searchable": "willhunting", "allow_commenting": true, "allow_voting": true, "user_id": 4530, "contributor": "JAMS", "contributor_create_date": "2018-02-28 00:26:25", "contributor_pic_path": "https://lh3.googleusercontent.com/a-/AOh14GhKij-L1OaB8L91GRqEk6Opd3u2UoE65WiXPw9RDw=s96-c", "display_order": 1000, "edit_lock": 0, "edit_lock_picture": 0, "is_active": true, "is_approved": true, "mbti_enneagram_type": "INTP 6w5", "mbti_type": "INTP 6w5", "pdb_comment_access": true, "pdb_page_owner": 0, "pdb_public_access": true, "wiki_description": "", "watch_count": 560, "comment_count": 416, "vote_count": 593, "vote_count_enneagram": 290, "vote_count_mbti": 593, "total_vote_counts": 1230, "personality_type": "INTP - 6w5 - sx/so - 684 - ILE - RLUEI - FLVE - Choleric-Melancholic - IT(S)", "type_updated_date": "2022-11-17 02:52:12", "enneagram_vote": "", "enneagram_vote_id": 0, "mbti_vote": "", "mbti_vote_id": 0, "is_watching": false, "image_exists": false, "profile_image_url": "https://static1.personality-database.com/profile_images/6bf8c8864ce546d08b69e039847fb4bd.png", "profile_image_credit": "", "profile_image_credit_id": 342285, "profile_image_credit_type": "0", "profile_image_credit_url": "", "alt_subcategory": "", "related_subcategories": "", "cat_id": 3, "category": "Movies", "category_is_fictional": true, "sub_cat_id": 1386, "subcategory": "Good Will Hunting (1997)", "subcat_link_info": {"sub_cat_id": 1386, "cat_id": 3, "property_id": 2, "subcategory": "Good Will Hunting (1997)"}, "related_subcat_link_info": null, "related_profiles": [{"id": 10427, "mbti_profile": "Sean Maguire", "subcategory": "Good Will Hunting (1997)", "profile_image_url": "https://static1.personality-database.com/profile_images/c7c564704e3d41538973ab913b302c81.png", "profile_name": "Sean Maguire", "profile_subcat": "Good Will Hunting (1997)", "sub_cat_id": 1386, "cat_id": 3, "property_id": 2, "mbti": "INFP", "enneatype": "2w1"}, {"id": 10429, "mbti_profile": "Chuckie Sullivan", "subcategory": "Good Will Hunting (1997)", "profile_image_url": "https://static1.personality-database.com/profile_images/e6eb123ca74a4bd7987e197aab9232ea.png", "profile_name": "Chuckie Sullivan", "profile_subcat": "Good Will Hunting (1997)", "sub_cat_id": 1386, "cat_id": 3, "property_id": 2, "mbti": "ESTP", "enneatype": "8w7"}, {"id": 208506, "mbti_profile": "Clark", "subcategory": "Good Will Hunting (1997)", "profile_image_url": "https://static1.personality-database.com/profile_images/cd0c24e153bb40b8a2d39cfddd4f156d.png", "profile_name": "Clark", "profile_subcat": "Good Will Hunting (1997)", "sub_cat_id": 1386, "cat_id": 3, "property_id": 2, "mbti": "ESTJ", "enneatype": "3w4"}, {"id": 10428, "mbti_profile": "Skylar", "subcategory": "Good Will Hunting (1997)", "profile_image_url": "https://static1.personality-database.com/profile_images/25574cb57c3846b083fee77186e872eb.png", "profile_name": "Skylar", "profile_subcat": "Good Will Hunting (1997)", "sub_cat_id": 1386, "cat_id": 3, "property_id": 2, "mbti": "ENFJ", "enneatype": "2w1"}, {"id": 10426, "mbti_profile": "Gerald Lambeau", "subcategory": "Good Will Hunting (1997)", "profile_image_url": "https://static1.personality-database.com/profile_images/2b5d2d1b728b44f7a5655db2418087ab.png", "profile_name": "Gerald Lambeau", "profile_subcat": "Good Will Hunting (1997)", "sub_cat_id": 1386, "cat_id": 3, "property_id": 2, "mbti": "ENTJ", "enneatype": "3w4"}, {"id": 10431, "mbti_profile": "Billy McBride", "subcategory": "Good Will Hunting (1997)", "profile_image_url": "https://static1.personality-database.com/profile_images/8da5e049eec445c4940042472ecc0b6b.png", "profile_name": "Billy McBride", "profile_subcat": "Good Will Hunting (1997)", "sub_cat_id": 1386, "cat_id": 3, "property_id": 2, "mbti": "ISTP", "enneatype": "7w8"}, {"id": 223591, "mbti_profile": "Henry Lipkin", "subcategory": "Good Will Hunting (1997)", "profile_image_url": "https://static1.personality-database.com/profile_images/b95e1ec1237743939a23293e31f61c69.png", "profile_name": "Henry Lipkin", "profile_subcat": "Good Will Hunting (1997)", "sub_cat_id": 1386, "cat_id": 3, "property_id": 2, "mbti": "ISFJ", "enneatype": "6w5"}, {"id": 10430, "mbti_profile": "Morgan O'Mally", "subcategory": "Good Will Hunting (1997)", "profile_image_url": "https://static1.personality-database.com/profile_images/84f448dc0654406b9aee677e6b4dc5aa.png", "profile_name": "Morgan O'Mally", "profile_subcat": "Good Will Hunting (1997)", "sub_cat_id": 1386, "cat_id": 3, "property_id": 2, "mbti": "ESFP", "enneatype": "7w6"}], "functions": ["Ti", "Ne", "Si", "Fe"], "systems": [{"hex_color": "#888888", "id": 1, "personality_type": "XXXX", "personality_type_id": 0, "system_name": "Four Letter", "system_vote_count": 579, "user_vote_type_id": 0, "vote_id": 0}, {"hex_color": "#006775", "id": 2, "personality_type": "XXXX", "personality_type_id": 0, "system_name": "Enneagram", "system_vote_count": 277, "user_vote_type_id": 0, "vote_id": 0}, {"hex_color": "#006775", "id": 5, "personality_type": "XXXX", "personality_type_id": 0, "system_name": "Instinctual Variant", "system_vote_count": 92, "user_vote_type_id": 0, "vote_id": 0}, {"hex_color": "#006775", "id": 6, "personality_type": "XXXX", "personality_type_id": 0, "system_name": "Tritype", "system_vote_count": 80, "user_vote_type_id": 0, "vote_id": 0}, {"hex_color": "#888888", "id": 3, "personality_type": "XXXX", "personality_type_id": 0, "system_name": "Socionics", "system_vote_count": 56, "user_vote_type_id": 0, "vote_id": 0}, {"hex_color": "#888888", "id": 9, "personality_type": "XXXX", "personality_type_id": 0, "system_name": "Big 5 (SLOAN)", "system_vote_count": 36, "user_vote_type_id": 0, "vote_id": 0}, {"hex_color": "#888888", "id": 8, "personality_type": "XXXX", "personality_type_id": 0, "system_name": "Attitudinal Psyche", "system_vote_count": 30, "user_vote_type_id": 0, "vote_id": 0}, {"hex_color": "#888888", "id": 7, "personality_type": "XXXX", "personality_type_id": 0, "system_name": "Temperaments", "system_vote_count": 51, "user_vote_type_id": 0, "vote_id": 0}, {"hex_color": "#888888", "id": 11, "personality_type": "XXXX", "personality_type_id": 0, "system_name": "Classic Jungian", "system_vote_count": 13, "user_vote_type_id": 0, "vote_id": 0}], "breakdown_systems": {"1": [{"myValue": "INTP", "personality_system_id": 1, "personality_type": "INTP", "theCount": 323}, {"myValue": "ISTP", "personality_system_id": 1, "personality_type": "ISTP", "theCount": 194}, {"myValue": "ENTP", "personality_system_id": 1, "personality_type": "ENTP", "theCount": 30}, {"myValue": "INFJ", "personality_system_id": 1, "personality_type": "INFJ", "theCount": 18}, {"myValue": "ESTP", "personality_system_id": 1, "personality_type": "ESTP", "theCount": 4}, {"myValue": "INTJ", "personality_system_id": 1, "personality_type": "INTJ", "theCount": 4}, {"myValue": "INFP", "personality_system_id": 1, "personality_type": "INFP", "theCount": 3}, {"myValue": "ISFP", "personality_system_id": 1, "personality_type": "ISFP", "theCount": 2}, {"myValue": "ENTJ", "personality_system_id": 1, "personality_type": "ENTJ", "theCount": 1}], "11": [{"myValue": "IT(S)", "personality_system_id": 11, "personality_type": "IT(S)", "theCount": 9}, {"myValue": "IS(T)", "personality_system_id": 11, "personality_type": "IS(T)", "theCount": 2}, {"myValue": "IT(N)", "personality_system_id": 11, "personality_type": "IT(N)", "theCount": 2}], "2": [{"myValue": "6w5", "personality_system_id": 2, "personality_type": "6w5", "theCount": 211}, {"myValue": "5w6", "personality_system_id": 2, "personality_type": "5w6", "theCount": 40}, {"myValue": "6w7", "personality_system_id": 2, "personality_type": "6w7", "theCount": 13}, {"myValue": "5w4", "personality_system_id": 2, "personality_type": "5w4", "theCount": 7}, {"myValue": "4w5", "personality_system_id": 2, "personality_type": "4w5", "theCount": 2}, {"myValue": "8w7", "personality_system_id": 2, "personality_type": "8w7", "theCount": 2}, {"myValue": "3w4", "personality_system_id": 2, "personality_type": "3w4", "theCount": 1}, {"myValue": "7w6", "personality_system_id": 2, "personality_type": "7w6", "theCount": 1}], "3": [{"myValue": "ILE", "personality_system_id": 3, "personality_type": "ILE", "theCount": 24}, {"myValue": "LSI", "personality_system_id": 3, "personality_type": "LSI", "theCount": 22}, {"myValue": "SLI", "personality_system_id": 3, "personality_type": "SLI", "theCount": 6}, {"myValue": "ESI", "personality_system_id": 3, "personality_type": "ESI", "theCount": 2}, {"myValue": "IEI", "personality_system_id": 3, "personality_type": "IEI", "theCount": 1}, {"myValue": "LII", "personality_system_id": 3, "personality_type": "LII", "theCount": 1}], "4": [{"myValue": "Chaotic Neutral", "personality_system_id": 4, "personality_type": "Chaotic Neutral", "theCount": 16}], "5": [{"myValue": "sx/so", "personality_system_id": 5, "personality_type": "sx/so", "theCount": 47}, {"myValue": "sx/sp", "personality_system_id": 5, "personality_type": "sx/sp", "theCount": 37}, {"myValue": "so/sp", "personality_system_id": 5, "personality_type": "so/sp", "theCount": 3}, {"myValue": "sp/so", "personality_system_id": 5, "personality_type": "sp/so", "theCount": 3}, {"myValue": "so/sx", "personality_system_id": 5, "personality_type": "so/sx", "theCount": 1}, {"myValue": "sp/sx", "personality_system_id": 5, "personality_type": "sp/sx", "theCount": 1}], "6": [{"myValue": "684", "personality_system_id": 6, "personality_type": "684", "theCount": 59}, {"myValue": "584", "personality_system_id": 6, "personality_type": "584", "theCount": 6}, {"myValue": "694", "personality_system_id": 6, "personality_type": "694", "theCount": 4}, {"myValue": "548", "personality_system_id": 6, "personality_type": "548", "theCount": 3}, {"myValue": "648", "personality_system_id": 6, "personality_type": "648", "theCount": 3}, {"myValue": "549", "personality_system_id": 6, "personality_type": "549", "theCount": 1}, {"myValue": "614", "personality_system_id": 6, "personality_type": "614", "theCount": 1}, {"myValue": "683", "personality_system_id": 6, "personality_type": "683", "theCount": 1}, {"myValue": "693", "personality_system_id": 6, "personality_type": "693", "theCount": 1}, {"myValue": "864", "personality_system_id": 6, "personality_type": "864", "theCount": 1}], "7": [{"myValue": "Choleric-Melancholic", "personality_system_id": 7, "personality_type": "Choleric-Melancholic", "theCount": 38}, {"myValue": "Melancholic-Choleric", "personality_system_id": 7, "personality_type": "Melancholic-Choleric", "theCount": 5}, {"myValue": "Choleric [Dominant]", "personality_system_id": 7, "personality_type": "Choleric [Dominant]", "theCount": 2}, {"myValue": "Melancholic [Dominant]", "personality_system_id": 7, "personality_type": "Melancholic [Dominant]", "theCount": 2}, {"myValue": "Phlegmatic-Choleric", "personality_system_id": 7, "personality_type": "Phlegmatic-Choleric", "theCount": 2}, {"myValue": "Choleric-Phlegmatic", "personality_system_id": 7, "personality_type": "Choleric-Phlegmatic", "theCount": 1}, {"myValue": "Phlegmatic [Dominant]", "personality_system_id": 7, "personality_type": "Phlegmatic [Dominant]", "theCount": 1}], "8": [{"myValue": "FLVE", "personality_system_id": 8, "personality_type": "FLVE", "theCount": 12}, {"myValue": "LFVE", "personality_system_id": 8, "personality_type": "LFVE", "theCount": 6}, {"myValue": "LFEV", "personality_system_id": 8, "personality_type": "LFEV", "theCount": 5}, {"myValue": "VLEF", "personality_system_id": 8, "personality_type": "VLEF", "theCount": 5}, {"myValue": "FLEV", "personality_system_id": 8, "personality_type": "FLEV", "theCount": 1}, {"myValue": "LVEF", "personality_system_id": 8, "personality_type": "LVEF", "theCount": 1}], "9": [{"myValue": "RLUEI", "personality_system_id": 9, "personality_type": "RLUEI", "theCount": 20}, {"myValue": "RCUEI", "personality_system_id": 9, "personality_type": "RCUEI", "theCount": 5}, {"myValue": "SLUEI", "personality_system_id": 9, "personality_type": "SLUEI", "theCount": 5}, {"myValue": "RLUEN", "personality_system_id": 9, "personality_type": "RLUEN", "theCount": 4}, {"myValue": "RLOEI", "personality_system_id": 9, "personality_type": "RLOEI", "theCount": 1}, {"myValue": "RLUAI", "personality_system_id": 9, "personality_type": "RLUAI", "theCount": 1}]}, "breakdown_config": {"expand": {"1": 3, "11": 1, "2": 3, "3": 2, "4": 1, "5": 2, "6": 1, "7": 1, "8": 1, "9": 1}, "fire": {"1": 1, "11": 0, "2": 0, "3": 1, "4": 0, "5": 1, "6": 0, "7": 0, "8": 0, "9": 0}}, "mbti_letter_stats": [{"type": "I", "percentage": "94%", "PercentageFloat": 0.9395509499136442}, {"type": "N", "percentage": "65%", "PercentageFloat": 0.6545768566493955}, {"type": "T", "percentage": "96%", "PercentageFloat": 0.9602763385146805}, {"type": "P", "percentage": "96%", "PercentageFloat": 0.9602763385146805}], "topic_info": {"can_generate": false, "topic": {"description": "Portrayed by\u00a0#MattDamon", "follow_count": 0, "id": 9745, "is_following": false, "is_join_pending": false, "is_banned": false, "is_moderated": false, "name_readable": "Will Hunting", "post_count": 1, "source_profile_id": 10425, "source_type": "profile", "join_to_post": false, "can_pin": false, "related_topics": [{"description": "Portrayed by\u00a0#MattDamon", "follow_count": 0, "id": 9745, "is_following": false, "is_join_pending": false, "is_banned": false, "is_moderated": false, "name_readable": "Will Hunting", "post_count": 1, "source_profile_id": 10425, "source_type": "profile", "image": {"picURL": "https://static1.personality-database.com/profile_images/6bf8c8864ce546d08b69e039847fb4bd.png"}, "join_to_post": false, "can_pin": false}, {"description": "", "follow_count": 0, "id": 9746, "is_following": false, "is_join_pending": false, "is_banned": false, "is_moderated": false, "name_readable": "Gerald Lambeau", "post_count": 0, "source_profile_id": 10426, "source_type": "profile", "image": {"picURL": "https://static1.personality-database.com/profile_images/2b5d2d1b728b44f7a5655db2418087ab.png"}, "join_to_post": false, "can_pin": false}, {"description": "#RobinWilliams", "follow_count": 0, "id": 9747, "is_following": false, "is_join_pending": false, "is_banned": false, "is_moderated": false, "name_readable": "Sean Maguire", "post_count": 0, "source_profile_id": 10427, "source_type": "profile", "image": {"picURL": "https://static1.personality-database.com/profile_images/c7c564704e3d41538973ab913b302c81.png"}, "join_to_post": false, "can_pin": false}, {"description": "", "follow_count": 0, "id": 9748, "is_following": false, "is_join_pending": false, "is_banned": false, "is_moderated": false, "name_readable": "Skylar", "post_count": 0, "source_profile_id": 10428, "source_type": "profile", "image": {"picURL": "https://static1.personality-database.com/profile_images/25574cb57c3846b083fee77186e872eb.png"}, "join_to_post": false, "can_pin": false}, {"description": "#BenAffleck as Chuckie Sullivan", "follow_count": 0, "id": 9749, "is_following": false, "is_join_pending": false, "is_banned": false, "is_moderated": false, "name_readable": "Chuckie Sullivan", "post_count": 0, "source_profile_id": 10429, "source_type": "profile", "image": {"picURL": "https://static1.personality-database.com/profile_images/e6eb123ca74a4bd7987e197aab9232ea.png"}, "join_to_post": false, "can_pin": false}, {"description": "", "follow_count": 0, "id": 9750, "is_following": false, "is_join_pending": false, "is_banned": false, "is_moderated": false, "name_readable": "Morgan O'Mally", "post_count": 0, "source_profile_id": 10430, "source_type": "profile", "image": {"picURL": "https://static1.personality-database.com/profile_images/84f448dc0654406b9aee677e6b4dc5aa.png"}, "join_to_post": false, "can_pin": false}, {"description": "", "follow_count": 0, "id": 9751, "is_following": false, "is_join_pending": false, "is_banned": false, "is_moderated": false, "name_readable": "Billy McBride", "post_count": 0, "source_profile_id": 10431, "source_type": "profile", "image": {"picURL": "https://static1.personality-database.com/profile_images/8da5e049eec445c4940042472ecc0b6b.png"}, "join_to_post": false, "can_pin": false}, {"description": "", "follow_count": 0, "id": 161102, "is_following": false, "is_join_pending": false, "is_banned": false, "is_moderated": false, "name_readable": "Tom", "post_count": 0, "source_profile_id": 208505, "source_type": "profile", "image": {"picURL": "https://static1.personality-database.com/profile_images/64b8484b4ef247a9ba74cf0010b8eef1.png"}, "join_to_post": false, "can_pin": false}, {"description": "", "follow_count": 0, "id": 161103, "is_following": false, "is_join_pending": false, "is_banned": false, "is_moderated": false, "name_readable": "Clark", "post_count": 0, "source_profile_id": 208506, "source_type": "profile", "image": {"picURL": "https://static1.personality-database.com/profile_images/cd0c24e153bb40b8a2d39cfddd4f156d.png"}, "join_to_post": false, "can_pin": false}, {"description": "", "follow_count": 0, "id": 172638, "is_following": false, "is_join_pending": false, "is_banned": false, "is_moderated": false, "name_readable": "Henry Lipkin", "post_count": 0, "source_profile_id": 223591, "source_type": "profile", "image": {"picURL": "https://static1.personality-database.com/profile_images/b95e1ec1237743939a23293e31f61c69.png"}, "join_to_post": false, "can_pin": false}], "subcategory": "Good Will Hunting (1997)", "topic_image_url": "https://static1.personality-database.com/profile_images/6bf8c8864ce546d08b69e039847fb4bd.png", "source_location": {"cid": 3, "pid": 2, "sub_cat_id": 1386}, "can_post_image": false, "can_post_audio": false, "posts": {"posts": [{"username": "inesvdw1", "user_pic_path": "https://lh3.googleusercontent.com/a/AItbvmmVtqcTN_e0G-ihc-EaXi9tHQpxD3NDNyXPbeVz=s96-c", "user_personality_type": "ISFJ-1w2-162", "is_mod": false, "comment_count": 0, "reply_count": 0, "vote_type": 0, "topics_list": [{"id": 9745, "name_readable": "Will Hunting"}], "id": 2132609, "post_id": 2132609, "user_id": 234593, "title": "", "content": "I relate to him so much", "create_date": 1673110598000, "unix_timestamp": 1673110598000, "update_date": 1673110598000, "vote_count": 0, "vote_count_down": 0, "is_reported": 0, "is_hidden": false, "is_pinned": false, "is_watching": false, "is_pro_user": false, "images": null, "audios": null, "function_list": [], "type": "post"}]}}}}