{"id": 10516, "mbti_profile": "James P. \"Sulley\" Sullivan", "profile_name_searchable": "jamesp.sullivan", "allow_commenting": true, "allow_voting": true, "user_id": 3261, "contributor": "Jachn", "contributor_create_date": "2018-03-09 06:09:20", "contributor_pic_path": "https://lh5.googleusercontent.com/-7BVlTf580JM/AAAAAAAAAAI/AAAAAAAAFpA/fhDHaMjGnqM/s96-c/photo.jpg", "display_order": 1000, "edit_lock": 0, "edit_lock_picture": 0, "is_active": true, "is_approved": true, "mbti_enneagram_type": "ISFP 9w8", "mbti_type": "ISFP 9w8", "pdb_comment_access": true, "pdb_page_owner": 0, "pdb_public_access": true, "wiki_description": "One of the series' two protagonists. He is a large, bear-like monster with shaggy blue fur, purple polka dots, a colossal tail, and curvy beige horns.", "watch_count": 534, "comment_count": 77, "vote_count": 770, "vote_count_enneagram": 194, "vote_count_mbti": 770, "total_vote_counts": 795, "personality_type": "ISFP - 9w8 - so/sp - 926 - SEI - RCUAN - FEVL - Phlegmatic-Sanguine - IF(S)", "type_updated_date": "2022-11-28 16:48:26", "enneagram_vote": "", "enneagram_vote_id": 0, "mbti_vote": "", "mbti_vote_id": 0, "is_watching": false, "image_exists": false, "profile_image_url": "https://static1.personality-database.com/profile_images/f09dc350661649458c7833c9e9be0f4a.png", "profile_image_credit": "", "profile_image_credit_id": 459110, "profile_image_credit_type": "0", "profile_image_credit_url": "", "alt_subcategory": "", "related_subcategories": "7381|||Monsters University (2013),,,22036|||Monsters at Work (2021),,,35767|||Disney Infinity ,,,36082|||Disney Mirrorverse", "cat_id": 3, "category": "Movies", "category_is_fictional": true, "sub_cat_id": 1404, "subcategory": "Monsters, Inc. (2001)", "subcat_link_info": {"sub_cat_id": 1404, "cat_id": 3, "property_id": 2, "subcategory": "Monsters, Inc. (2001)"}, "related_subcat_link_info": [{"sub_cat_id": 7381, "cat_id": 3, "property_id": 2, "subcategory": "Monsters University (2013)"}, {"sub_cat_id": 22036, "cat_id": 7, "property_id": 2, "subcategory": "Monsters at Work (2021)"}, {"sub_cat_id": 35767, "cat_id": 11, "property_id": 2, "subcategory": "Disney Infinity "}, {"sub_cat_id": 36082, "cat_id": 11, "property_id": 2, "subcategory": "Disney Mirrorverse"}], "related_profiles": [{"id": 10517, "mbti_profile": "Mike Wazowski", "subcategory": "Monsters, Inc. (2001)", "profile_image_url": "https://static1.personality-database.com/profile_images/cbe7353a19714100bd6c06a3195b1008.png", "profile_name": "Mike Wazowski", "profile_subcat": "Monsters, Inc. (2001)", "sub_cat_id": 1404, "cat_id": 3, "property_id": 2, "mbti": "ENTJ", "enneatype": "3w4"}, {"id": 10519, "mbti_profile": "Randall Boggs", "subcategory": "Monsters, Inc. (2001)", "profile_image_url": "https://static1.personality-database.com/profile_images/7123d2254bea4d649c673c824525435b.png", "profile_name": "Randall Boggs", "profile_subcat": "Monsters, Inc. (2001)", "sub_cat_id": 1404, "cat_id": 3, "property_id": 2, "mbti": "INTJ", "enneatype": "3w4"}, {"id": 104305, "mbti_profile": "Roz", "subcategory": "Monsters, Inc. (2001)", "profile_image_url": "https://static1.personality-database.com/profile_images/5111097e9dfa471b952738dd5f1ff937.png", "profile_name": "Roz", "profile_subcat": "Monsters, Inc. (2001)", "sub_cat_id": 1404, "cat_id": 3, "property_id": 2, "mbti": "ESTJ", "enneatype": "8w9"}, {"id": 10518, "mbti_profile": "Mary \"Boo\" Gibbs", "subcategory": "Monsters, Inc. (2001)", "profile_image_url": "https://static1.personality-database.com/profile_images/586e880838eb425e90467ba1050d5b51.png", "profile_name": "Mary \"Boo\" Gibbs", "profile_subcat": "Monsters, Inc. (2001)", "sub_cat_id": 1404, "cat_id": 3, "property_id": 2, "mbti": "ESFP", "enneatype": "7w6"}, {"id": 104306, "mbti_profile": "George Sanderson", "subcategory": "Monsters, Inc. (2001)", "profile_image_url": "https://static1.personality-database.com/profile_images/5b4e80281ff0480186b5ad64d9511277.png", "profile_name": "George Sanderson", "profile_subcat": "Monsters, Inc. (2001)", "sub_cat_id": 1404, "cat_id": 3, "property_id": 2, "mbti": "INFP", "enneatype": "9w1"}, {"id": 74101, "mbti_profile": "Celia Mae", "subcategory": "Monsters, Inc. (2001)", "profile_image_url": "https://static1.personality-database.com/profile_images/d6b6b4ac3b3540a6a31c28b00b40b6b8.png", "profile_name": "Celia Mae", "profile_subcat": "Monsters, Inc. (2001)", "sub_cat_id": 1404, "cat_id": 3, "property_id": 2, "mbti": "ESFJ", "enneatype": "2w3"}, {"id": 41503, "mbti_profile": "Henry J. Waternoose III", "subcategory": "Monsters, Inc. (2001)", "profile_image_url": "https://static1.personality-database.com/profile_images/91bd0d597df84af983854b2a358ed3c8.png", "profile_name": "Henry J. Waternoose III", "profile_subcat": "Monsters, Inc. (2001)", "sub_cat_id": 1404, "cat_id": 3, "property_id": 2, "mbti": "ESTJ", "enneatype": "3w4"}, {"id": 125364, "mbti_profile": "Abominable \u201cAdorable\u201d \"Agreeable\" Snowman", "subcategory": "Monsters, Inc. (2001)", "profile_image_url": "https://static1.personality-database.com/profile_images/7b8b8029988942909c4cfac7c98ef3e5.png", "profile_name": "Abominable \u201cAdorable\u201d \"Agreeable\" Snowman", "profile_subcat": "Monsters, Inc. (2001)", "sub_cat_id": 1404, "cat_id": 3, "property_id": 2, "mbti": "ESFJ", "enneatype": "2w1"}], "functions": ["Fi", "Se", "Ni", "Te"], "systems": [{"hex_color": "#888888", "id": 1, "personality_type": "XXXX", "personality_type_id": 0, "system_name": "Four Letter", "system_vote_count": 383, "user_vote_type_id": 0, "vote_id": 0}, {"hex_color": "#006775", "id": 2, "personality_type": "XXXX", "personality_type_id": 0, "system_name": "Enneagram", "system_vote_count": 190, "user_vote_type_id": 0, "vote_id": 0}, {"hex_color": "#006775", "id": 5, "personality_type": "XXXX", "personality_type_id": 0, "system_name": "Instinctual Variant", "system_vote_count": 57, "user_vote_type_id": 0, "vote_id": 0}, {"hex_color": "#006775", "id": 6, "personality_type": "XXXX", "personality_type_id": 0, "system_name": "Tritype", "system_vote_count": 42, "user_vote_type_id": 0, "vote_id": 0}, {"hex_color": "#888888", "id": 3, "personality_type": "XXXX", "personality_type_id": 0, "system_name": "Socionics", "system_vote_count": 23, "user_vote_type_id": 0, "vote_id": 0}, {"hex_color": "#888888", "id": 9, "personality_type": "XXXX", "personality_type_id": 0, "system_name": "Big 5 (SLOAN)", "system_vote_count": 13, "user_vote_type_id": 0, "vote_id": 0}, {"hex_color": "#888888", "id": 8, "personality_type": "XXXX", "personality_type_id": 0, "system_name": "Attitudinal Psyche", "system_vote_count": 9, "user_vote_type_id": 0, "vote_id": 0}, {"hex_color": "#888888", "id": 7, "personality_type": "XXXX", "personality_type_id": 0, "system_name": "Temperaments", "system_vote_count": 52, "user_vote_type_id": 0, "vote_id": 0}, {"hex_color": "#888888", "id": 11, "personality_type": "XXXX", "personality_type_id": 0, "system_name": "Classic Jungian", "system_vote_count": 3, "user_vote_type_id": 0, "vote_id": 0}], "breakdown_systems": {"1": [{"myValue": "ISFP", "personality_system_id": 1, "personality_type": "ISFP", "theCount": 307}, {"myValue": "ESFP", "personality_system_id": 1, "personality_type": "ESFP", "theCount": 40}, {"myValue": "ISFJ", "personality_system_id": 1, "personality_type": "ISFJ", "theCount": 14}, {"myValue": "ESFJ", "personality_system_id": 1, "personality_type": "ESFJ", "theCount": 6}, {"myValue": "ISTP", "personality_system_id": 1, "personality_type": "ISTP", "theCount": 6}, {"myValue": "ESTP", "personality_system_id": 1, "personality_type": "ESTP", "theCount": 4}, {"myValue": "ENFJ", "personality_system_id": 1, "personality_type": "ENFJ", "theCount": 2}, {"myValue": "ENTJ", "personality_system_id": 1, "personality_type": "ENTJ", "theCount": 1}, {"myValue": "ENTP", "personality_system_id": 1, "personality_type": "ENTP", "theCount": 1}, {"myValue": "INFP", "personality_system_id": 1, "personality_type": "INFP", "theCount": 1}, {"myValue": "ISTJ", "personality_system_id": 1, "personality_type": "ISTJ", "theCount": 1}], "11": [{"myValue": "IF(S)", "personality_system_id": 11, "personality_type": "IF(S)", "theCount": 2}, {"myValue": "IS(F)", "personality_system_id": 11, "personality_type": "IS(F)", "theCount": 1}], "2": [{"myValue": "9w8", "personality_system_id": 2, "personality_type": "9w8", "theCount": 153}, {"myValue": "2w1", "personality_system_id": 2, "personality_type": "2w1", "theCount": 19}, {"myValue": "9w1", "personality_system_id": 2, "personality_type": "9w1", "theCount": 6}, {"myValue": "6w7", "personality_system_id": 2, "personality_type": "6w7", "theCount": 5}, {"myValue": "3w2", "personality_system_id": 2, "personality_type": "3w2", "theCount": 2}, {"myValue": "7w6", "personality_system_id": 2, "personality_type": "7w6", "theCount": 2}, {"myValue": "2w3", "personality_system_id": 2, "personality_type": "2w3", "theCount": 1}, {"myValue": "6w5", "personality_system_id": 2, "personality_type": "6w5", "theCount": 1}, {"myValue": "8w9", "personality_system_id": 2, "personality_type": "8w9", "theCount": 1}], "3": [{"myValue": "SEI", "personality_system_id": 3, "personality_type": "SEI", "theCount": 20}, {"myValue": "EII", "personality_system_id": 3, "personality_type": "EII", "theCount": 1}, {"myValue": "LSI", "personality_system_id": 3, "personality_type": "LSI", "theCount": 1}, {"myValue": "SEE", "personality_system_id": 3, "personality_type": "SEE", "theCount": 1}], "4": [{"myValue": "Neutral Good", "personality_system_id": 4, "personality_type": "Neutral Good", "theCount": 19}, {"myValue": "True Neutral", "personality_system_id": 4, "personality_type": "True Neutral", "theCount": 2}, {"myValue": "Chaotic Good", "personality_system_id": 4, "personality_type": "Chaotic Good", "theCount": 1}, {"myValue": "Chaotic Neutral", "personality_system_id": 4, "personality_type": "Chaotic Neutral", "theCount": 1}], "5": [{"myValue": "so/sp", "personality_system_id": 5, "personality_type": "so/sp", "theCount": 40}, {"myValue": "sp/sx", "personality_system_id": 5, "personality_type": "sp/sx", "theCount": 8}, {"myValue": "so/sx", "personality_system_id": 5, "personality_type": "so/sx", "theCount": 4}, {"myValue": "sx/so", "personality_system_id": 5, "personality_type": "sx/so", "theCount": 4}, {"myValue": "sp/so", "personality_system_id": 5, "personality_type": "sp/so", "theCount": 1}], "6": [{"myValue": "926", "personality_system_id": 6, "personality_type": "926", "theCount": 31}, {"myValue": "296", "personality_system_id": 6, "personality_type": "296", "theCount": 3}, {"myValue": "963", "personality_system_id": 6, "personality_type": "963", "theCount": 2}, {"myValue": "638", "personality_system_id": 6, "personality_type": "638", "theCount": 1}, {"myValue": "692", "personality_system_id": 6, "personality_type": "692", "theCount": 1}, {"myValue": "927", "personality_system_id": 6, "personality_type": "927", "theCount": 1}, {"myValue": "936", "personality_system_id": 6, "personality_type": "936", "theCount": 1}, {"myValue": "937", "personality_system_id": 6, "personality_type": "937", "theCount": 1}, {"myValue": "962", "personality_system_id": 6, "personality_type": "962", "theCount": 1}], "7": [{"myValue": "Phlegmatic-Sanguine", "personality_system_id": 7, "personality_type": "Phlegmatic-Sanguine", "theCount": 29}, {"myValue": "Phlegmatic-Melancholic", "personality_system_id": 7, "personality_type": "Phlegmatic-Melancholic", "theCount": 18}, {"myValue": "Phlegmatic [Dominant]", "personality_system_id": 7, "personality_type": "Phlegmatic [Dominant]", "theCount": 3}, {"myValue": "Melancholic-Phlegmatic", "personality_system_id": 7, "personality_type": "Melancholic-Phlegmatic", "theCount": 1}, {"myValue": "Sanguine [Dominant]", "personality_system_id": 7, "personality_type": "Sanguine [Dominant]", "theCount": 1}], "8": [{"myValue": "FEVL", "personality_system_id": 8, "personality_type": "FEVL", "theCount": 7}, {"myValue": "EFVL", "personality_system_id": 8, "personality_type": "EFVL", "theCount": 1}, {"myValue": "FELV", "personality_system_id": 8, "personality_type": "FELV", "theCount": 1}], "9": [{"myValue": "RCUAN", "personality_system_id": 9, "personality_type": "RCUAN", "theCount": 9}, {"myValue": "SCUAN", "personality_system_id": 9, "personality_type": "SCUAN", "theCount": 2}, {"myValue": "SCUEN", "personality_system_id": 9, "personality_type": "SCUEN", "theCount": 2}]}, "breakdown_config": {"expand": {"1": 3, "11": 1, "2": 3, "3": 1, "4": 1, "5": 1, "6": 1, "7": 2, "8": 1, "9": 1}, "fire": {"1": 0, "11": 0, "2": 0, "3": 0, "4": 0, "5": 0, "6": 0, "7": 1, "8": 0, "9": 0}}, "mbti_letter_stats": [{"type": "I", "percentage": "86%", "PercentageFloat": 0.8590078328981723}, {"type": "S", "percentage": "99%", "PercentageFloat": 0.9869451697127938}, {"type": "F", "percentage": "97%", "PercentageFloat": 0.9660574412532638}, {"type": "P", "percentage": "94%", "PercentageFloat": 0.9373368146214099}], "topic_info": {"can_generate": false, "topic": {"description": "", "follow_count": 1, "id": 9819, "is_following": false, "is_join_pending": false, "is_banned": false, "is_moderated": false, "name_readable": "James P. Sullivan", "post_count": 1, "source_profile_id": 10516, "source_type": "profile", "join_to_post": false, "can_pin": false, "related_topics": [{"description": "#ENTJHeroes", "follow_count": 2, "id": 9820, "is_following": false, "is_join_pending": false, "is_banned": false, "is_moderated": false, "name_readable": "Mike Wazowski", "post_count": 14, "source_profile_id": 10517, "source_type": "profile", "image": {"picURL": "https://static1.personality-database.com/profile_images/cbe7353a19714100bd6c06a3195b1008.png"}, "join_to_post": false, "can_pin": false}, {"description": "", "follow_count": 1, "id": 9819, "is_following": false, "is_join_pending": false, "is_banned": false, "is_moderated": false, "name_readable": "James P. Sullivan", "post_count": 1, "source_profile_id": 10516, "source_type": "profile", "image": {"picURL": "https://static1.personality-database.com/profile_images/f09dc350661649458c7833c9e9be0f4a.png"}, "join_to_post": false, "can_pin": false}, {"description": "", "follow_count": 1, "id": 9822, "is_following": false, "is_join_pending": false, "is_banned": false, "is_moderated": false, "name_readable": "Randall Boggs", "post_count": 1, "source_profile_id": 10519, "source_type": "profile", "image": {"picURL": "https://static1.personality-database.com/profile_images/7123d2254bea4d649c673c824525435b.png"}, "join_to_post": false, "can_pin": false}, {"description": "", "follow_count": 0, "id": 60109, "is_following": false, "is_join_pending": false, "is_banned": false, "is_moderated": false, "name_readable": "Fungus", "post_count": 1, "source_profile_id": 74100, "source_type": "profile", "image": {"picURL": "https://static1.personality-database.com/profile_images/cd97aa4d4fac4c6796f7969e4ca47c3b.png"}, "join_to_post": false, "can_pin": false}, {"description": "", "follow_count": 0, "id": 83047, "is_following": false, "is_join_pending": false, "is_banned": false, "is_moderated": false, "name_readable": "Roz", "post_count": 1, "source_profile_id": 104305, "source_type": "profile", "image": {"picURL": "https://static1.personality-database.com/profile_images/5111097e9dfa471b952738dd5f1ff937.png"}, "join_to_post": false, "can_pin": false}, {"description": "", "follow_count": 0, "id": 9821, "is_following": false, "is_join_pending": false, "is_banned": false, "is_moderated": false, "name_readable": "Boo", "post_count": 0, "source_profile_id": 10518, "source_type": "profile", "image": {"picURL": "https://static1.personality-database.com/profile_images/586e880838eb425e90467ba1050d5b51.png"}, "join_to_post": false, "can_pin": false}, {"description": "", "follow_count": 0, "id": 36934, "is_following": false, "is_join_pending": false, "is_banned": false, "is_moderated": false, "name_readable": "Henry J. Waternoose", "post_count": 0, "source_profile_id": 41503, "source_type": "profile", "image": {"picURL": "https://static1.personality-database.com/profile_images/91bd0d597df84af983854b2a358ed3c8.png"}, "join_to_post": false, "can_pin": false}, {"description": "", "follow_count": 0, "id": 60110, "is_following": false, "is_join_pending": false, "is_banned": false, "is_moderated": false, "name_readable": "Celia Mae", "post_count": 0, "source_profile_id": 74101, "source_type": "profile", "image": {"picURL": "https://static1.personality-database.com/profile_images/d6b6b4ac3b3540a6a31c28b00b40b6b8.png"}, "join_to_post": false, "can_pin": false}, {"description": "", "follow_count": 0, "id": 83048, "is_following": false, "is_join_pending": false, "is_banned": false, "is_moderated": false, "name_readable": "George Sanderson", "post_count": 0, "source_profile_id": 104306, "source_type": "profile", "image": {"picURL": "https://static1.personality-database.com/profile_images/5b4e80281ff0480186b5ad64d9511277.png"}, "join_to_post": false, "can_pin": false}, {"description": "", "follow_count": 0, "id": 98096, "is_following": false, "is_join_pending": false, "is_banned": false, "is_moderated": false, "name_readable": "Abominable \"Adorable\" Snowman", "post_count": 0, "source_profile_id": 125364, "source_type": "profile", "image": {"picURL": "https://static1.personality-database.com/profile_images/7b8b8029988942909c4cfac7c98ef3e5.png"}, "join_to_post": false, "can_pin": false}, {"description": "", "follow_count": 0, "id": 300817, "is_following": false, "is_join_pending": false, "is_banned": false, "is_moderated": false, "name_readable": "Pete \"Claws\" Ward", "post_count": 0, "source_profile_id": 391018, "source_type": "profile", "image": {"picURL": "https://static1.personality-database.com/profile_images/63ebc2963dbf4c2db370317de95ba3e4.png"}, "join_to_post": false, "can_pin": false}, {"description": "", "follow_count": 0, "id": 300818, "is_following": false, "is_join_pending": false, "is_banned": false, "is_moderated": false, "name_readable": "Harry \u201cBud\u201d Luckey", "post_count": 0, "source_profile_id": 391019, "source_type": "profile", "image": {"picURL": "https://static1.personality-database.com/profile_images/7f1f84788f634af7a4671b79809ce9f0.png"}, "join_to_post": false, "can_pin": false}, {"description": "", "follow_count": 0, "id": 342791, "is_following": false, "is_join_pending": false, "is_banned": false, "is_moderated": false, "name_readable": "Thaddeus Bile", "post_count": 0, "source_profile_id": 573856, "source_type": "profile", "image": {"picURL": "https://static1.personality-database.com/profile_images/807518933e7b4a14bdf80ace9495395b.png"}, "join_to_post": false, "can_pin": false}], "subcategory": "Monsters, Inc. (2001)", "topic_image_url": "https://static1.personality-database.com/profile_images/f09dc350661649458c7833c9e9be0f4a.png", "source_location": {"cid": 3, "pid": 2, "sub_cat_id": 1404}, "can_post_image": false, "can_post_audio": false, "posts": {"posts": [{"username": "chemical_mariner_2631", "user_pic_path": "https://static1.personality-database.com/user_avatars/1710388/79377f56-ccbe-4dee-a637-0f4594b866e1_small.jpeg", "user_personality_type": "XXXX", "is_mod": false, "comment_count": 0, "reply_count": 0, "vote_type": 0, "topics_list": [{"id": 9819, "name_readable": "James P. Sullivan"}], "id": 2018635, "post_id": 2018635, "user_id": 1710388, "title": "I'm the first person in the fandom. alone again bro.", "content": "#sullivan", "create_date": 1671986948000, "unix_timestamp": 1671986948000, "update_date": 1671986948000, "vote_count": 0, "vote_count_down": 0, "is_reported": 0, "is_hidden": false, "is_pinned": false, "is_watching": false, "is_pro_user": false, "images": null, "audios": null, "function_list": [], "type": "post"}]}}}}