{"id": 10517, "mbti_profile": "Mike Wazowski", "profile_name_searchable": "mikewazowski", "allow_commenting": true, "allow_voting": true, "user_id": 3261, "contributor": "Jachn", "contributor_create_date": "2018-03-09 06:09:20", "contributor_pic_path": "https://lh5.googleusercontent.com/-7BVlTf580JM/AAAAAAAAAAI/AAAAAAAAFpA/fhDHaMjGnqM/s96-c/photo.jpg", "display_order": 995, "edit_lock": 0, "edit_lock_picture": 1, "is_active": true, "is_approved": true, "mbti_enneagram_type": "ENTJ 3w4", "mbti_type": "ENTJ 3w4", "pdb_comment_access": true, "pdb_page_owner": 0, "pdb_public_access": true, "wiki_description": "", "watch_count": 768, "comment_count": 322, "vote_count": 1376, "vote_count_enneagram": 299, "vote_count_mbti": 1376, "total_vote_counts": 1391, "personality_type": "ENTJ - 3w4 - so/sp - 368 - LIE - SLOEN - VLFE - Sanguine-Choleric - ET(S)", "type_updated_date": "2022-11-30 02:06:03", "enneagram_vote": "", "enneagram_vote_id": 0, "mbti_vote": "", "mbti_vote_id": 0, "is_watching": false, "image_exists": false, "profile_image_url": "https://static1.personality-database.com/profile_images/cbe7353a19714100bd6c06a3195b1008.png", "profile_image_credit": "", "profile_image_credit_id": 0, "profile_image_credit_type": "0", "profile_image_credit_url": "", "alt_subcategory": "", "related_subcategories": "7381|||Monsters University (2013),,,22036|||Monsters at Work (2021),,,35767|||Disney Infinity ,,,36082|||Disney Mirrorverse", "cat_id": 3, "category": "Movies", "category_is_fictional": true, "sub_cat_id": 1404, "subcategory": "Monsters, Inc. (2001)", "subcat_link_info": {"sub_cat_id": 1404, "cat_id": 3, "property_id": 2, "subcategory": "Monsters, Inc. (2001)"}, "related_subcat_link_info": [{"sub_cat_id": 7381, "cat_id": 3, "property_id": 2, "subcategory": "Monsters University (2013)"}, {"sub_cat_id": 22036, "cat_id": 7, "property_id": 2, "subcategory": "Monsters at Work (2021)"}, {"sub_cat_id": 35767, "cat_id": 11, "property_id": 2, "subcategory": "Disney Infinity "}, {"sub_cat_id": 36082, "cat_id": 11, "property_id": 2, "subcategory": "Disney Mirrorverse"}], "related_profiles": [{"id": 10516, "mbti_profile": "James P. \"Sulley\" Sullivan", "subcategory": "Monsters, Inc. (2001)", "profile_image_url": "https://static1.personality-database.com/profile_images/f09dc350661649458c7833c9e9be0f4a.png", "profile_name": "James P. \"Sulley\" Sullivan", "profile_subcat": "Monsters, Inc. (2001)", "sub_cat_id": 1404, "cat_id": 3, "property_id": 2, "mbti": "ISFP", "enneatype": "9w8"}, {"id": 10519, "mbti_profile": "Randall Boggs", "subcategory": "Monsters, Inc. (2001)", "profile_image_url": "https://static1.personality-database.com/profile_images/7123d2254bea4d649c673c824525435b.png", "profile_name": "Randall Boggs", "profile_subcat": "Monsters, Inc. (2001)", "sub_cat_id": 1404, "cat_id": 3, "property_id": 2, "mbti": "INTJ", "enneatype": "3w4"}, {"id": 104305, "mbti_profile": "Roz", "subcategory": "Monsters, Inc. (2001)", "profile_image_url": "https://static1.personality-database.com/profile_images/5111097e9dfa471b952738dd5f1ff937.png", "profile_name": "Roz", "profile_subcat": "Monsters, Inc. (2001)", "sub_cat_id": 1404, "cat_id": 3, "property_id": 2, "mbti": "ESTJ", "enneatype": "8w9"}, {"id": 10518, "mbti_profile": "Mary \"Boo\" Gibbs", "subcategory": "Monsters, Inc. (2001)", "profile_image_url": "https://static1.personality-database.com/profile_images/586e880838eb425e90467ba1050d5b51.png", "profile_name": "Mary \"Boo\" Gibbs", "profile_subcat": "Monsters, Inc. (2001)", "sub_cat_id": 1404, "cat_id": 3, "property_id": 2, "mbti": "ESFP", "enneatype": "7w6"}, {"id": 104306, "mbti_profile": "George Sanderson", "subcategory": "Monsters, Inc. (2001)", "profile_image_url": "https://static1.personality-database.com/profile_images/5b4e80281ff0480186b5ad64d9511277.png", "profile_name": "George Sanderson", "profile_subcat": "Monsters, Inc. (2001)", "sub_cat_id": 1404, "cat_id": 3, "property_id": 2, "mbti": "INFP", "enneatype": "9w1"}, {"id": 74101, "mbti_profile": "Celia Mae", "subcategory": "Monsters, Inc. (2001)", "profile_image_url": "https://static1.personality-database.com/profile_images/d6b6b4ac3b3540a6a31c28b00b40b6b8.png", "profile_name": "Celia Mae", "profile_subcat": "Monsters, Inc. (2001)", "sub_cat_id": 1404, "cat_id": 3, "property_id": 2, "mbti": "ESFJ", "enneatype": "2w3"}, {"id": 41503, "mbti_profile": "Henry J. Waternoose III", "subcategory": "Monsters, Inc. (2001)", "profile_image_url": "https://static1.personality-database.com/profile_images/91bd0d597df84af983854b2a358ed3c8.png", "profile_name": "Henry J. Waternoose III", "profile_subcat": "Monsters, Inc. (2001)", "sub_cat_id": 1404, "cat_id": 3, "property_id": 2, "mbti": "ESTJ", "enneatype": "3w4"}, {"id": 125364, "mbti_profile": "Abominable \u201cAdorable\u201d \"Agreeable\" Snowman", "subcategory": "Monsters, Inc. (2001)", "profile_image_url": "https://static1.personality-database.com/profile_images/7b8b8029988942909c4cfac7c98ef3e5.png", "profile_name": "Abominable \u201cAdorable\u201d \"Agreeable\" Snowman", "profile_subcat": "Monsters, Inc. (2001)", "sub_cat_id": 1404, "cat_id": 3, "property_id": 2, "mbti": "ESFJ", "enneatype": "2w1"}], "functions": ["Te", "Ni", "Se", "Fi"], "systems": [{"hex_color": "#888888", "id": 1, "personality_type": "XXXX", "personality_type_id": 0, "system_name": "Four Letter", "system_vote_count": 707, "user_vote_type_id": 0, "vote_id": 0}, {"hex_color": "#006775", "id": 2, "personality_type": "XXXX", "personality_type_id": 0, "system_name": "Enneagram", "system_vote_count": 291, "user_vote_type_id": 0, "vote_id": 0}, {"hex_color": "#006775", "id": 5, "personality_type": "XXXX", "personality_type_id": 0, "system_name": "Instinctual Variant", "system_vote_count": 81, "user_vote_type_id": 0, "vote_id": 0}, {"hex_color": "#006775", "id": 6, "personality_type": "XXXX", "personality_type_id": 0, "system_name": "Tritype", "system_vote_count": 88, "user_vote_type_id": 0, "vote_id": 0}, {"hex_color": "#888888", "id": 3, "personality_type": "XXXX", "personality_type_id": 0, "system_name": "Socionics", "system_vote_count": 52, "user_vote_type_id": 0, "vote_id": 0}, {"hex_color": "#888888", "id": 9, "personality_type": "XXXX", "personality_type_id": 0, "system_name": "Big 5 (SLOAN)", "system_vote_count": 22, "user_vote_type_id": 0, "vote_id": 0}, {"hex_color": "#888888", "id": 8, "personality_type": "XXXX", "personality_type_id": 0, "system_name": "Attitudinal Psyche", "system_vote_count": 16, "user_vote_type_id": 0, "vote_id": 0}, {"hex_color": "#888888", "id": 7, "personality_type": "XXXX", "personality_type_id": 0, "system_name": "Temperaments", "system_vote_count": 87, "user_vote_type_id": 0, "vote_id": 0}, {"hex_color": "#888888", "id": 11, "personality_type": "XXXX", "personality_type_id": 0, "system_name": "Classic Jungian", "system_vote_count": 4, "user_vote_type_id": 0, "vote_id": 0}], "breakdown_systems": {"1": [{"myValue": "ENTJ", "personality_system_id": 1, "personality_type": "ENTJ", "theCount": 484}, {"myValue": "ENTP", "personality_system_id": 1, "personality_type": "ENTP", "theCount": 178}, {"myValue": "ESTJ", "personality_system_id": 1, "personality_type": "ESTJ", "theCount": 21}, {"myValue": "ISTJ", "personality_system_id": 1, "personality_type": "ISTJ", "theCount": 7}, {"myValue": "ENFP", "personality_system_id": 1, "personality_type": "ENFP", "theCount": 6}, {"myValue": "ESTP", "personality_system_id": 1, "personality_type": "ESTP", "theCount": 4}, {"myValue": "ESFP", "personality_system_id": 1, "personality_type": "ESFP", "theCount": 2}, {"myValue": "INTJ", "personality_system_id": 1, "personality_type": "INTJ", "theCount": 2}, {"myValue": "ENFJ", "personality_system_id": 1, "personality_type": "ENFJ", "theCount": 1}, {"myValue": "INTP", "personality_system_id": 1, "personality_type": "INTP", "theCount": 1}, {"myValue": "ISFJ", "personality_system_id": 1, "personality_type": "ISFJ", "theCount": 1}], "11": [{"myValue": "ET(S)", "personality_system_id": 11, "personality_type": "ET(S)", "theCount": 2}, {"myValue": "EN(T)", "personality_system_id": 11, "personality_type": "EN(T)", "theCount": 1}, {"myValue": "ET(N)", "personality_system_id": 11, "personality_type": "ET(N)", "theCount": 1}], "2": [{"myValue": "3w4", "personality_system_id": 2, "personality_type": "3w4", "theCount": 263}, {"myValue": "6w7", "personality_system_id": 2, "personality_type": "6w7", "theCount": 10}, {"myValue": "3w2", "personality_system_id": 2, "personality_type": "3w2", "theCount": 9}, {"myValue": "7w8", "personality_system_id": 2, "personality_type": "7w8", "theCount": 4}, {"myValue": "4w3", "personality_system_id": 2, "personality_type": "4w3", "theCount": 2}, {"myValue": "8w7", "personality_system_id": 2, "personality_type": "8w7", "theCount": 2}, {"myValue": "6w5", "personality_system_id": 2, "personality_type": "6w5", "theCount": 1}], "3": [{"myValue": "LIE", "personality_system_id": 3, "personality_type": "LIE", "theCount": 49}, {"myValue": "LSE", "personality_system_id": 3, "personality_type": "LSE", "theCount": 2}, {"myValue": "EIE", "personality_system_id": 3, "personality_type": "EIE", "theCount": 1}], "4": [{"myValue": "Lawful Neutral", "personality_system_id": 4, "personality_type": "Lawful Neutral", "theCount": 31}, {"myValue": "Chaotic Evil", "personality_system_id": 4, "personality_type": "Chaotic Evil", "theCount": 7}, {"myValue": "Neutral Good", "personality_system_id": 4, "personality_type": "Neutral Good", "theCount": 2}, {"myValue": "Chaotic Good", "personality_system_id": 4, "personality_type": "Chaotic Good", "theCount": 1}, {"myValue": "Chaotic Neutral", "personality_system_id": 4, "personality_type": "Chaotic Neutral", "theCount": 1}, {"myValue": "True Neutral", "personality_system_id": 4, "personality_type": "True Neutral", "theCount": 1}], "5": [{"myValue": "so/sp", "personality_system_id": 5, "personality_type": "so/sp", "theCount": 67}, {"myValue": "sp/so", "personality_system_id": 5, "personality_type": "sp/so", "theCount": 10}, {"myValue": "so/sx", "personality_system_id": 5, "personality_type": "so/sx", "theCount": 2}, {"myValue": "sp/sx", "personality_system_id": 5, "personality_type": "sp/sx", "theCount": 1}, {"myValue": "sx/so", "personality_system_id": 5, "personality_type": "sx/so", "theCount": 1}], "6": [{"myValue": "368", "personality_system_id": 6, "personality_type": "368", "theCount": 57}, {"myValue": "361", "personality_system_id": 6, "personality_type": "361", "theCount": 17}, {"myValue": "317", "personality_system_id": 6, "personality_type": "317", "theCount": 3}, {"myValue": "386", "personality_system_id": 6, "personality_type": "386", "theCount": 2}, {"myValue": "315", "personality_system_id": 6, "personality_type": "315", "theCount": 1}, {"myValue": "358", "personality_system_id": 6, "personality_type": "358", "theCount": 1}, {"myValue": "378", "personality_system_id": 6, "personality_type": "378", "theCount": 1}, {"myValue": "379", "personality_system_id": 6, "personality_type": "379", "theCount": 1}, {"myValue": "387", "personality_system_id": 6, "personality_type": "387", "theCount": 1}, {"myValue": "479", "personality_system_id": 6, "personality_type": "479", "theCount": 1}, {"myValue": "613", "personality_system_id": 6, "personality_type": "613", "theCount": 1}, {"myValue": "631", "personality_system_id": 6, "personality_type": "631", "theCount": 1}, {"myValue": "639", "personality_system_id": 6, "personality_type": "639", "theCount": 1}], "7": [{"myValue": "Sanguine-Choleric", "personality_system_id": 7, "personality_type": "Sanguine-Choleric", "theCount": 63}, {"myValue": "Choleric-Sanguine", "personality_system_id": 7, "personality_type": "Choleric-Sanguine", "theCount": 17}, {"myValue": "Choleric [Dominant]", "personality_system_id": 7, "personality_type": "Choleric [Dominant]", "theCount": 3}, {"myValue": "Choleric-Melancholic", "personality_system_id": 7, "personality_type": "Choleric-Melancholic", "theCount": 2}, {"myValue": "Sanguine [Dominant]", "personality_system_id": 7, "personality_type": "Sanguine [Dominant]", "theCount": 1}, {"myValue": "Sanguine-Melancholic", "personality_system_id": 7, "personality_type": "Sanguine-Melancholic", "theCount": 1}], "8": [{"myValue": "VLFE", "personality_system_id": 8, "personality_type": "VLFE", "theCount": 9}, {"myValue": "VFLE", "personality_system_id": 8, "personality_type": "VFLE", "theCount": 4}, {"myValue": "FVEL", "personality_system_id": 8, "personality_type": "FVEL", "theCount": 1}, {"myValue": "LEVF", "personality_system_id": 8, "personality_type": "LEVF", "theCount": 1}, {"myValue": "VLEF", "personality_system_id": 8, "personality_type": "VLEF", "theCount": 1}], "9": [{"myValue": "SLOEN", "personality_system_id": 9, "personality_type": "SLOEN", "theCount": 15}, {"myValue": "SLOEI", "personality_system_id": 9, "personality_type": "SLOEI", "theCount": 3}, {"myValue": "SCOAI", "personality_system_id": 9, "personality_type": "SCOAI", "theCount": 2}, {"myValue": "SCOEI", "personality_system_id": 9, "personality_type": "SCOEI", "theCount": 1}, {"myValue": "SLOAI", "personality_system_id": 9, "personality_type": "SLOAI", "theCount": 1}]}, "breakdown_config": {"expand": {"1": 3, "11": 1, "2": 3, "3": 1, "4": 1, "5": 1, "6": 1, "7": 1, "8": 1, "9": 1}, "fire": {"1": 0, "11": 0, "2": 0, "3": 0, "4": 0, "5": 0, "6": 0, "7": 0, "8": 0, "9": 0}}, "mbti_letter_stats": [{"type": "E", "percentage": "98%", "PercentageFloat": 0.9844413012729845}, {"type": "N", "percentage": "95%", "PercentageFloat": 0.9504950495049505}, {"type": "T", "percentage": "99%", "PercentageFloat": 0.9858557284299858}, {"type": "J", "percentage": "73%", "PercentageFloat": 0.7298444130127298}], "topic_info": {"can_generate": false, "topic": {"description": "#ENTJHeroes", "follow_count": 2, "id": 9820, "is_following": false, "is_join_pending": false, "is_banned": false, "is_moderated": false, "name_readable": "Mike Wazowski", "post_count": 14, "source_profile_id": 10517, "source_type": "profile", "join_to_post": false, "can_pin": false, "related_topics": [{"description": "#ENTJHeroes", "follow_count": 2, "id": 9820, "is_following": false, "is_join_pending": false, "is_banned": false, "is_moderated": false, "name_readable": "Mike Wazowski", "post_count": 14, "source_profile_id": 10517, "source_type": "profile", "image": {"picURL": "https://static1.personality-database.com/profile_images/cbe7353a19714100bd6c06a3195b1008.png"}, "join_to_post": false, "can_pin": false}, {"description": "", "follow_count": 1, "id": 9819, "is_following": false, "is_join_pending": false, "is_banned": false, "is_moderated": false, "name_readable": "James P. Sullivan", "post_count": 1, "source_profile_id": 10516, "source_type": "profile", "image": {"picURL": "https://static1.personality-database.com/profile_images/f09dc350661649458c7833c9e9be0f4a.png"}, "join_to_post": false, "can_pin": false}, {"description": "", "follow_count": 1, "id": 9822, "is_following": false, "is_join_pending": false, "is_banned": false, "is_moderated": false, "name_readable": "Randall Boggs", "post_count": 1, "source_profile_id": 10519, "source_type": "profile", "image": {"picURL": "https://static1.personality-database.com/profile_images/7123d2254bea4d649c673c824525435b.png"}, "join_to_post": false, "can_pin": false}, {"description": "", "follow_count": 0, "id": 83047, "is_following": false, "is_join_pending": false, "is_banned": false, "is_moderated": false, "name_readable": "Roz", "post_count": 1, "source_profile_id": 104305, "source_type": "profile", "image": {"picURL": "https://static1.personality-database.com/profile_images/5111097e9dfa471b952738dd5f1ff937.png"}, "join_to_post": false, "can_pin": false}, {"description": "", "follow_count": 0, "id": 60109, "is_following": false, "is_join_pending": false, "is_banned": false, "is_moderated": false, "name_readable": "Fungus", "post_count": 1, "source_profile_id": 74100, "source_type": "profile", "image": {"picURL": "https://static1.personality-database.com/profile_images/cd97aa4d4fac4c6796f7969e4ca47c3b.png"}, "join_to_post": false, "can_pin": false}, {"description": "", "follow_count": 0, "id": 98096, "is_following": false, "is_join_pending": false, "is_banned": false, "is_moderated": false, "name_readable": "Abominable \"Adorable\" Snowman", "post_count": 0, "source_profile_id": 125364, "source_type": "profile", "image": {"picURL": "https://static1.personality-database.com/profile_images/7b8b8029988942909c4cfac7c98ef3e5.png"}, "join_to_post": false, "can_pin": false}, {"description": "", "follow_count": 0, "id": 60110, "is_following": false, "is_join_pending": false, "is_banned": false, "is_moderated": false, "name_readable": "Celia Mae", "post_count": 0, "source_profile_id": 74101, "source_type": "profile", "image": {"picURL": "https://static1.personality-database.com/profile_images/d6b6b4ac3b3540a6a31c28b00b40b6b8.png"}, "join_to_post": false, "can_pin": false}, {"description": "", "follow_count": 0, "id": 9821, "is_following": false, "is_join_pending": false, "is_banned": false, "is_moderated": false, "name_readable": "Boo", "post_count": 0, "source_profile_id": 10518, "source_type": "profile", "image": {"picURL": "https://static1.personality-database.com/profile_images/586e880838eb425e90467ba1050d5b51.png"}, "join_to_post": false, "can_pin": false}, {"description": "", "follow_count": 0, "id": 36934, "is_following": false, "is_join_pending": false, "is_banned": false, "is_moderated": false, "name_readable": "Henry J. Waternoose", "post_count": 0, "source_profile_id": 41503, "source_type": "profile", "image": {"picURL": "https://static1.personality-database.com/profile_images/91bd0d597df84af983854b2a358ed3c8.png"}, "join_to_post": false, "can_pin": false}, {"description": "", "follow_count": 0, "id": 83048, "is_following": false, "is_join_pending": false, "is_banned": false, "is_moderated": false, "name_readable": "George Sanderson", "post_count": 0, "source_profile_id": 104306, "source_type": "profile", "image": {"picURL": "https://static1.personality-database.com/profile_images/5b4e80281ff0480186b5ad64d9511277.png"}, "join_to_post": false, "can_pin": false}, {"description": "", "follow_count": 0, "id": 300817, "is_following": false, "is_join_pending": false, "is_banned": false, "is_moderated": false, "name_readable": "Pete \"Claws\" Ward", "post_count": 0, "source_profile_id": 391018, "source_type": "profile", "image": {"picURL": "https://static1.personality-database.com/profile_images/63ebc2963dbf4c2db370317de95ba3e4.png"}, "join_to_post": false, "can_pin": false}, {"description": "", "follow_count": 0, "id": 300818, "is_following": false, "is_join_pending": false, "is_banned": false, "is_moderated": false, "name_readable": "Harry \u201cBud\u201d Luckey", "post_count": 0, "source_profile_id": 391019, "source_type": "profile", "image": {"picURL": "https://static1.personality-database.com/profile_images/7f1f84788f634af7a4671b79809ce9f0.png"}, "join_to_post": false, "can_pin": false}, {"description": "", "follow_count": 0, "id": 342791, "is_following": false, "is_join_pending": false, "is_banned": false, "is_moderated": false, "name_readable": "Thaddeus Bile", "post_count": 0, "source_profile_id": 573856, "source_type": "profile", "image": {"picURL": "https://static1.personality-database.com/profile_images/807518933e7b4a14bdf80ace9495395b.png"}, "join_to_post": false, "can_pin": false}], "subcategory": "Monsters, Inc. (2001)", "topic_image_url": "https://static1.personality-database.com/profile_images/cbe7353a19714100bd6c06a3195b1008.png", "source_location": {"cid": 3, "pid": 2, "sub_cat_id": 1404}, "can_post_image": false, "can_post_audio": false, "posts": {"posts": [{"username": "exPDBee631446", "user_pic_path": "", "user_personality_type": "XXXX", "is_mod": false, "comment_count": 0, "reply_count": 0, "vote_type": 0, "topics_list": [{"id": 9820, "name_readable": "Mike Wazowski"}], "id": 1776746, "post_id": 1776746, "user_id": 631446, "title": "", "content": "Him being ENTJ brings world peace", "create_date": 1668945126000, "unix_timestamp": 1668945126000, "update_date": 1668945126000, "vote_count": 11, "vote_count_down": 0, "is_reported": 0, "is_hidden": false, "is_pinned": false, "is_watching": false, "is_pro_user": false, "images": null, "audios": null, "function_list": [], "type": "post"}, {"username": "supersexynina", "user_pic_path": "https://lh3.googleusercontent.com/a-/AOh14GgEoa-ZbDCwhAzOd0J0mLRypG6SWmjGSg9MhGbcBw=s96-c", "user_personality_type": "ENTP-7w8", "is_mod": false, "comment_count": 0, "reply_count": 0, "vote_type": 0, "topics_list": [{"id": 9820, "name_readable": "Mike Wazowski"}], "id": 1610909, "post_id": 1610909, "user_id": 303332, "title": "", "content": "healthiest and most sane ENTJ", "create_date": 1666753005000, "unix_timestamp": 1666753005000, "update_date": 1666753005000, "vote_count": 20, "vote_count_down": 0, "is_reported": 0, "is_hidden": false, "is_pinned": false, "is_watching": false, "is_pro_user": false, "images": null, "audios": null, "function_list": [], "type": "post"}, {"username": "UwU_Glam_UwU", "user_pic_path": "https://static1.personality-database.com/user_avatars/961717/148e9c11-b3eb-4c46-a6f5-2cce4e17f4d3.jpeg", "user_personality_type": "ENTJ", "is_mod": false, "comment_count": 0, "reply_count": 0, "vote_type": 0, "topics_list": [{"id": 9820, "name_readable": "Mike Wazowski"}], "id": 1277896, "post_id": 1277896, "user_id": 961717, "title": "nn", "content": "wery good?", "create_date": 1662320192000, "unix_timestamp": 1662320192000, "update_date": 1662320192000, "vote_count": 0, "vote_count_down": 0, "is_reported": 0, "is_hidden": false, "is_pinned": false, "is_watching": false, "is_pro_user": false, "images": null, "audios": null, "function_list": [], "type": "post"}]}}}}