{"id": 10522, "mbti_profile": "Remy", "profile_name_searchable": "remy", "allow_commenting": true, "allow_voting": true, "user_id": 3261, "contributor": "Jachn", "contributor_create_date": "2018-03-09 06:32:16", "contributor_pic_path": "https://lh5.googleusercontent.com/-7BVlTf580JM/AAAAAAAAAAI/AAAAAAAAFpA/fhDHaMjGnqM/s96-c/photo.jpg", "display_order": 1000, "edit_lock": 0, "edit_lock_picture": 0, "is_active": true, "is_approved": true, "mbti_enneagram_type": "ISFP 4w3", "mbti_type": "ISFP 4w3", "pdb_comment_access": true, "pdb_page_owner": 0, "pdb_public_access": true, "wiki_description": "", "watch_count": 941, "comment_count": 216, "vote_count": 628, "vote_count_enneagram": 297, "vote_count_mbti": 628, "total_vote_counts": 1275, "personality_type": "ISFP - 4w3 - sx/sp - 471 - SEI - RCUEI - EFVL - Sanguine-Melancholic", "type_updated_date": "2021-06-09 16:52:01", "enneagram_vote": "", "enneagram_vote_id": 0, "mbti_vote": "", "mbti_vote_id": 0, "is_watching": false, "image_exists": false, "profile_image_url": "https://static1.personality-database.com/profile_images/9035a6ecbeb240888bb357f3217299c7.png", "profile_image_credit": "", "profile_image_credit_id": 0, "profile_image_credit_type": "0", "profile_image_credit_url": "", "alt_subcategory": "", "related_subcategories": "34455|||Disney Dreamlight Valley ", "cat_id": 3, "category": "Movies", "category_is_fictional": true, "sub_cat_id": 1405, "subcategory": "Ratatouille (2007)", "subcat_link_info": {"sub_cat_id": 1405, "cat_id": 3, "property_id": 2, "subcategory": "Ratatouille (2007)"}, "related_subcat_link_info": [{"sub_cat_id": 34455, "cat_id": 11, "property_id": 2, "subcategory": "Disney Dreamlight Valley "}], "related_profiles": [{"id": 10526, "mbti_profile": "Anton Ego", "subcategory": "Ratatouille (2007)", "profile_image_url": "https://static1.personality-database.com/profile_images/1b67c1b31ac24f35959f757b118c7b23.png", "profile_name": "Anton Ego", "profile_subcat": "Ratatouille (2007)", "sub_cat_id": 1405, "cat_id": 3, "property_id": 2, "mbti": "ISTJ", "enneatype": "1w9"}, {"id": 10523, "mbti_profile": "Alfredo Linguini", "subcategory": "Ratatouille (2007)", "profile_image_url": "https://static1.personality-database.com/profile_images/23858bb2e21f42f299b69db35ef4b127.png", "profile_name": "Alfredo Linguini", "profile_subcat": "Ratatouille (2007)", "sub_cat_id": 1405, "cat_id": 3, "property_id": 2, "mbti": "INFP", "enneatype": "6w7"}, {"id": 118318, "mbti_profile": "Auguste Gusteau", "subcategory": "Ratatouille (2007)", "profile_image_url": "https://static1.personality-database.com/profile_images/4eac5ba56e744bd9994c3df2aa4745eb.png", "profile_name": "Auguste Gusteau", "profile_subcat": "Ratatouille (2007)", "sub_cat_id": 1405, "cat_id": 3, "property_id": 2, "mbti": "ENFJ", "enneatype": "2w3"}, {"id": 155182, "mbti_profile": "Django", "subcategory": "Ratatouille (2007)", "profile_image_url": "https://static1.personality-database.com/profile_images/332cb42693e04fedbdc7be093674439f.png", "profile_name": "Django", "profile_subcat": "Ratatouille (2007)", "sub_cat_id": 1405, "cat_id": 3, "property_id": 2, "mbti": "ESTJ", "enneatype": "6w5"}, {"id": 10525, "mbti_profile": "Chef Skinner", "subcategory": "Ratatouille (2007)", "profile_image_url": "https://static1.personality-database.com/profile_images/092ba8a48aa249a4a35fe63e8508bae6.png", "profile_name": "Chef Skinner", "profile_subcat": "Ratatouille (2007)", "sub_cat_id": 1405, "cat_id": 3, "property_id": 2, "mbti": "ESTJ", "enneatype": "8w7"}, {"id": 118320, "mbti_profile": "Emile", "subcategory": "Ratatouille (2007)", "profile_image_url": "https://static1.personality-database.com/profile_images/afc6518a642343c5bca6859d8cca6c65.png", "profile_name": "Emile", "profile_subcat": "Ratatouille (2007)", "sub_cat_id": 1405, "cat_id": 3, "property_id": 2, "mbti": "ESFP", "enneatype": "6w7"}, {"id": 10524, "mbti_profile": "Colette Tatou", "subcategory": "Ratatouille (2007)", "profile_image_url": "https://static1.personality-database.com/profile_images/7c1a4c71edd24a86b418dccf3a455cc7.png", "profile_name": "Colette Tatou", "profile_subcat": "Ratatouille (2007)", "sub_cat_id": 1405, "cat_id": 3, "property_id": 2, "mbti": "ESTJ", "enneatype": "1w2"}, {"id": 118314, "mbti_profile": "Larousse", "subcategory": "Ratatouille (2007)", "profile_image_url": "https://static1.personality-database.com/profile_images/e247970d5bab495ebd2368955dfc4de7.png", "profile_name": "Larousse", "profile_subcat": "Ratatouille (2007)", "sub_cat_id": 1405, "cat_id": 3, "property_id": 2, "mbti": "ISTJ", "enneatype": "8w9"}], "functions": ["Fi", "Se", "Ni", "Te"], "systems": [{"hex_color": "#888888", "id": 1, "personality_type": "XXXX", "personality_type_id": 0, "system_name": "Four Letter", "system_vote_count": 615, "user_vote_type_id": 0, "vote_id": 0}, {"hex_color": "#006775", "id": 2, "personality_type": "XXXX", "personality_type_id": 0, "system_name": "Enneagram", "system_vote_count": 289, "user_vote_type_id": 0, "vote_id": 0}, {"hex_color": "#006775", "id": 5, "personality_type": "XXXX", "personality_type_id": 0, "system_name": "Instinctual Variant", "system_vote_count": 89, "user_vote_type_id": 0, "vote_id": 0}, {"hex_color": "#006775", "id": 6, "personality_type": "XXXX", "personality_type_id": 0, "system_name": "Tritype", "system_vote_count": 82, "user_vote_type_id": 0, "vote_id": 0}, {"hex_color": "#888888", "id": 3, "personality_type": "XXXX", "personality_type_id": 0, "system_name": "Socionics", "system_vote_count": 42, "user_vote_type_id": 0, "vote_id": 0}, {"hex_color": "#888888", "id": 9, "personality_type": "XXXX", "personality_type_id": 0, "system_name": "Big 5 (SLOAN)", "system_vote_count": 31, "user_vote_type_id": 0, "vote_id": 0}, {"hex_color": "#888888", "id": 8, "personality_type": "XXXX", "personality_type_id": 0, "system_name": "Attitudinal Psyche", "system_vote_count": 16, "user_vote_type_id": 0, "vote_id": 0}, {"hex_color": "#888888", "id": 7, "personality_type": "XXXX", "personality_type_id": 0, "system_name": "Temperaments", "system_vote_count": 52, "user_vote_type_id": 0, "vote_id": 0}, {"hex_color": "#888888", "id": 11, "personality_type": "XXXX", "personality_type_id": 0, "system_name": "Classic Jungian", "system_vote_count": 1, "user_vote_type_id": 0, "vote_id": 0}], "breakdown_systems": {"1": [{"myValue": "ISFP", "personality_system_id": 1, "personality_type": "ISFP", "theCount": 414}, {"myValue": "ENFP", "personality_system_id": 1, "personality_type": "ENFP", "theCount": 101}, {"myValue": "INFP", "personality_system_id": 1, "personality_type": "INFP", "theCount": 33}, {"myValue": "ISTP", "personality_system_id": 1, "personality_type": "ISTP", "theCount": 23}, {"myValue": "ENTP", "personality_system_id": 1, "personality_type": "ENTP", "theCount": 14}, {"myValue": "INTP", "personality_system_id": 1, "personality_type": "INTP", "theCount": 7}, {"myValue": "ENTJ", "personality_system_id": 1, "personality_type": "ENTJ", "theCount": 5}, {"myValue": "INFJ", "personality_system_id": 1, "personality_type": "INFJ", "theCount": 5}, {"myValue": "ESTP", "personality_system_id": 1, "personality_type": "ESTP", "theCount": 4}, {"myValue": "ISTJ", "personality_system_id": 1, "personality_type": "ISTJ", "theCount": 4}, {"myValue": "ESFP", "personality_system_id": 1, "personality_type": "ESFP", "theCount": 2}, {"myValue": "ISFJ", "personality_system_id": 1, "personality_type": "ISFJ", "theCount": 2}, {"myValue": "INTJ", "personality_system_id": 1, "personality_type": "INTJ", "theCount": 1}], "10": [{"myValue": "Right-brained Introvert", "personality_system_id": 10, "personality_type": "Right-brained Introvert", "theCount": 8}], "11": [{"myValue": "IF(N)", "personality_system_id": 11, "personality_type": "IF(N)", "theCount": 1}], "2": [{"myValue": "4w3", "personality_system_id": 2, "personality_type": "4w3", "theCount": 215}, {"myValue": "4w5", "personality_system_id": 2, "personality_type": "4w5", "theCount": 54}, {"myValue": "7w6", "personality_system_id": 2, "personality_type": "7w6", "theCount": 9}, {"myValue": "9w1", "personality_system_id": 2, "personality_type": "9w1", "theCount": 3}, {"myValue": "1w2", "personality_system_id": 2, "personality_type": "1w2", "theCount": 2}, {"myValue": "3w4", "personality_system_id": 2, "personality_type": "3w4", "theCount": 2}, {"myValue": "7w8", "personality_system_id": 2, "personality_type": "7w8", "theCount": 2}, {"myValue": "6w7", "personality_system_id": 2, "personality_type": "6w7", "theCount": 1}, {"myValue": "8w7", "personality_system_id": 2, "personality_type": "8w7", "theCount": 1}], "3": [{"myValue": "SEI", "personality_system_id": 3, "personality_type": "SEI", "theCount": 32}, {"myValue": "EIE", "personality_system_id": 3, "personality_type": "EIE", "theCount": 5}, {"myValue": "SLI", "personality_system_id": 3, "personality_type": "SLI", "theCount": 3}, {"myValue": "ESI", "personality_system_id": 3, "personality_type": "ESI", "theCount": 2}], "4": [{"myValue": "Chaotic Good", "personality_system_id": 4, "personality_type": "Chaotic Good", "theCount": 27}, {"myValue": "Chaotic Neutral", "personality_system_id": 4, "personality_type": "Chaotic Neutral", "theCount": 13}, {"myValue": "Neutral Good", "personality_system_id": 4, "personality_type": "Neutral Good", "theCount": 4}, {"myValue": "Chaotic Evil", "personality_system_id": 4, "personality_type": "Chaotic Evil", "theCount": 3}, {"myValue": "Lawful Good", "personality_system_id": 4, "personality_type": "Lawful Good", "theCount": 2}, {"myValue": "True Neutral", "personality_system_id": 4, "personality_type": "True Neutral", "theCount": 1}], "5": [{"myValue": "sx/sp", "personality_system_id": 5, "personality_type": "sx/sp", "theCount": 42}, {"myValue": "sp/so", "personality_system_id": 5, "personality_type": "sp/so", "theCount": 28}, {"myValue": "sp/sx", "personality_system_id": 5, "personality_type": "sp/sx", "theCount": 11}, {"myValue": "so/sp", "personality_system_id": 5, "personality_type": "so/sp", "theCount": 6}, {"myValue": "sx/so", "personality_system_id": 5, "personality_type": "sx/so", "theCount": 2}], "6": [{"myValue": "471", "personality_system_id": 6, "personality_type": "471", "theCount": 56}, {"myValue": "451", "personality_system_id": 6, "personality_type": "451", "theCount": 6}, {"myValue": "417", "personality_system_id": 6, "personality_type": "417", "theCount": 3}, {"myValue": "479", "personality_system_id": 6, "personality_type": "479", "theCount": 3}, {"myValue": "741", "personality_system_id": 6, "personality_type": "741", "theCount": 3}, {"myValue": "461", "personality_system_id": 6, "personality_type": "461", "theCount": 2}, {"myValue": "125", "personality_system_id": 6, "personality_type": "125", "theCount": 1}, {"myValue": "136", "personality_system_id": 6, "personality_type": "136", "theCount": 1}, {"myValue": "147", "personality_system_id": 6, "personality_type": "147", "theCount": 1}, {"myValue": "385", "personality_system_id": 6, "personality_type": "385", "theCount": 1}, {"myValue": "478", "personality_system_id": 6, "personality_type": "478", "theCount": 1}, {"myValue": "749", "personality_system_id": 6, "personality_type": "749", "theCount": 1}, {"myValue": "794", "personality_system_id": 6, "personality_type": "794", "theCount": 1}, {"myValue": "947", "personality_system_id": 6, "personality_type": "947", "theCount": 1}, {"myValue": "963", "personality_system_id": 6, "personality_type": "963", "theCount": 1}], "7": [{"myValue": "Sanguine-Melancholic", "personality_system_id": 7, "personality_type": "Sanguine-Melancholic", "theCount": 41}, {"myValue": "Sanguine [Dominant]", "personality_system_id": 7, "personality_type": "Sanguine [Dominant]", "theCount": 3}, {"myValue": "Melancholic-Sanguine", "personality_system_id": 7, "personality_type": "Melancholic-Sanguine", "theCount": 2}, {"myValue": "Phlegmatic-Melancholic", "personality_system_id": 7, "personality_type": "Phlegmatic-Melancholic", "theCount": 2}, {"myValue": "Choleric [Dominant]", "personality_system_id": 7, "personality_type": "Choleric [Dominant]", "theCount": 1}, {"myValue": "Melancholic [Dominant]", "personality_system_id": 7, "personality_type": "Melancholic [Dominant]", "theCount": 1}, {"myValue": "Phlegmatic [Dominant]", "personality_system_id": 7, "personality_type": "Phlegmatic [Dominant]", "theCount": 1}, {"myValue": "Sanguine-Choleric", "personality_system_id": 7, "personality_type": "Sanguine-Choleric", "theCount": 1}], "8": [{"myValue": "EFVL", "personality_system_id": 8, "personality_type": "EFVL", "theCount": 9}, {"myValue": "FEVL", "personality_system_id": 8, "personality_type": "FEVL", "theCount": 4}, {"myValue": "FELV", "personality_system_id": 8, "personality_type": "FELV", "theCount": 1}, {"myValue": "FLVE", "personality_system_id": 8, "personality_type": "FLVE", "theCount": 1}, {"myValue": "FVEL", "personality_system_id": 8, "personality_type": "FVEL", "theCount": 1}], "9": [{"myValue": "RCUEI", "personality_system_id": 9, "personality_type": "RCUEI", "theCount": 16}, {"myValue": "RLUEI", "personality_system_id": 9, "personality_type": "RLUEI", "theCount": 7}, {"myValue": "RCOEI", "personality_system_id": 9, "personality_type": "RCOEI", "theCount": 2}, {"myValue": "SCUAI", "personality_system_id": 9, "personality_type": "SCUAI", "theCount": 2}, {"myValue": "SCUEI", "personality_system_id": 9, "personality_type": "SCUEI", "theCount": 2}, {"myValue": "RCUAI", "personality_system_id": 9, "personality_type": "RCUAI", "theCount": 1}, {"myValue": "RLUAI", "personality_system_id": 9, "personality_type": "RLUAI", "theCount": 1}]}, "breakdown_config": {"expand": {"1": 3, "10": 1, "11": 1, "2": 3, "3": 1, "4": 1, "5": 2, "6": 1, "7": 1, "8": 1, "9": 1}, "fire": {"1": 0, "10": 0, "11": 0, "2": 0, "3": 0, "4": 0, "5": 1, "6": 0, "7": 0, "8": 0, "9": 0}}, "mbti_letter_stats": [{"type": "I", "percentage": "80%", "PercentageFloat": 0.7951219512195122}, {"type": "S", "percentage": "73%", "PercentageFloat": 0.7300813008130081}, {"type": "F", "percentage": "91%", "PercentageFloat": 0.9056910569105691}, {"type": "P", "percentage": "97%", "PercentageFloat": 0.9723577235772358}], "topic_info": {"can_generate": false, "topic": {"description": "", "follow_count": 1, "id": 9824, "is_following": false, "is_join_pending": false, "is_banned": false, "is_moderated": false, "name_readable": "Remy", "post_count": 24, "source_profile_id": 10522, "source_type": "profile", "join_to_post": false, "can_pin": false, "related_topics": [{"description": "", "follow_count": 1, "id": 9824, "is_following": false, "is_join_pending": false, "is_banned": false, "is_moderated": false, "name_readable": "Remy", "post_count": 24, "source_profile_id": 10522, "source_type": "profile", "image": {"picURL": "https://static1.personality-database.com/profile_images/9035a6ecbeb240888bb357f3217299c7.png"}, "join_to_post": false, "can_pin": false}, {"description": "", "follow_count": 0, "id": 9826, "is_following": false, "is_join_pending": false, "is_banned": false, "is_moderated": false, "name_readable": "Colette Tatou", "post_count": 19, "source_profile_id": 10524, "source_type": "profile", "image": {"picURL": "https://static1.personality-database.com/profile_images/7c1a4c71edd24a86b418dccf3a455cc7.png"}, "join_to_post": false, "can_pin": false}, {"description": "", "follow_count": 2, "id": 9825, "is_following": false, "is_join_pending": false, "is_banned": false, "is_moderated": false, "name_readable": "Alfredo Linguini", "post_count": 8, "source_profile_id": 10523, "source_type": "profile", "image": {"picURL": "https://static1.personality-database.com/profile_images/23858bb2e21f42f299b69db35ef4b127.png"}, "join_to_post": false, "can_pin": false}, {"description": "", "follow_count": 0, "id": 93108, "is_following": false, "is_join_pending": false, "is_banned": false, "is_moderated": false, "name_readable": "Horst", "post_count": 6, "source_profile_id": 118313, "source_type": "profile", "image": {"picURL": "https://static1.personality-database.com/profile_images/33c63f12e6314d358120af9aa97fac84.png"}, "join_to_post": false, "can_pin": false}, {"description": "", "follow_count": 1, "id": 9827, "is_following": false, "is_join_pending": false, "is_banned": false, "is_moderated": false, "name_readable": "Chef Skinner", "post_count": 4, "source_profile_id": 10525, "source_type": "profile", "image": {"picURL": "https://static1.personality-database.com/profile_images/092ba8a48aa249a4a35fe63e8508bae6.png"}, "join_to_post": false, "can_pin": false}, {"description": "The father of Remy in Ratatouille", "follow_count": 1, "id": 120320, "is_following": false, "is_join_pending": false, "is_banned": false, "is_moderated": false, "name_readable": "Django", "post_count": 2, "source_profile_id": 155182, "source_type": "profile", "image": {"picURL": "https://static1.personality-database.com/profile_images/332cb42693e04fedbdc7be093674439f.png"}, "join_to_post": false, "can_pin": false}, {"description": "\"In many ways, the work of a critic is easy. We risk very little, yet enjoy a position over those who offer up their work and their selves to our judgment. We thrive on negative criticism, which is fun to write and to read. But the bitter truth we critics must face is that, in the grand scheme of things, the average piece of junk is probably more meaningful than our criticism designating it so. But there are times when a critic truly risks something, and that is in the discovery and defense of the new. The world is often unkind to new talent, new creations. The new needs friends\". #ISTJVillains", "follow_count": 1, "id": 9828, "is_following": false, "is_join_pending": false, "is_banned": false, "is_moderated": false, "name_readable": "Anton Ego", "post_count": 1, "source_profile_id": 10526, "source_type": "profile", "image": {"picURL": "https://static1.personality-database.com/profile_images/1b67c1b31ac24f35959f757b118c7b23.png"}, "join_to_post": false, "can_pin": false}, {"description": "\"What I say is true, anyone can cook... but only the fearless can be great\".", "follow_count": 0, "id": 93113, "is_following": false, "is_join_pending": false, "is_banned": false, "is_moderated": false, "name_readable": "Auguste Gusteau", "post_count": 1, "source_profile_id": 118318, "source_type": "profile", "image": {"picURL": "https://static1.personality-database.com/profile_images/4eac5ba56e744bd9994c3df2aa4745eb.png"}, "join_to_post": false, "can_pin": false}, {"description": "", "follow_count": 0, "id": 93109, "is_following": false, "is_join_pending": false, "is_banned": false, "is_moderated": false, "name_readable": "Larousse", "post_count": 0, "source_profile_id": 118314, "source_type": "profile", "image": {"picURL": "https://static1.personality-database.com/profile_images/e247970d5bab495ebd2368955dfc4de7.png"}, "join_to_post": false, "can_pin": false}, {"description": "", "follow_count": 0, "id": 93110, "is_following": false, "is_join_pending": false, "is_banned": false, "is_moderated": false, "name_readable": "Lalo", "post_count": 0, "source_profile_id": 118315, "source_type": "profile", "image": {"picURL": "https://static1.personality-database.com/profile_images/dbb59787620b494ead06b10f0550fdcd.png"}, "join_to_post": false, "can_pin": false}, {"description": "", "follow_count": 1, "id": 93111, "is_following": false, "is_join_pending": false, "is_banned": false, "is_moderated": false, "name_readable": "Mustaf\u00e0", "post_count": 0, "source_profile_id": 118316, "source_type": "profile", "image": {"picURL": "https://static1.personality-database.com/profile_images/473773ff56eb41a49627a83278879b5c.png"}, "join_to_post": false, "can_pin": false}, {"description": "", "follow_count": 0, "id": 93115, "is_following": false, "is_join_pending": false, "is_banned": false, "is_moderated": false, "name_readable": "Emile", "post_count": 0, "source_profile_id": 118320, "source_type": "profile", "image": {"picURL": "https://static1.personality-database.com/profile_images/afc6518a642343c5bca6859d8cca6c65.png"}, "join_to_post": false, "can_pin": false}, {"description": "", "follow_count": 0, "id": 244388, "is_following": false, "is_join_pending": false, "is_banned": false, "is_moderated": false, "name_readable": "Nada Lassard", "post_count": 0, "source_profile_id": 317865, "source_type": "profile", "image": {"picURL": "https://static1.personality-database.com/profile_images/3e1cdb69770a40859fae010f747e72c7.png"}, "join_to_post": false, "can_pin": false}, {"description": "", "follow_count": 0, "id": 244390, "is_following": false, "is_join_pending": false, "is_banned": false, "is_moderated": false, "name_readable": "Fran\u00e7ois Dupuis", "post_count": 0, "source_profile_id": 317867, "source_type": "profile", "image": {"picURL": "https://static1.personality-database.com/profile_images/bfa4beed3b074fe6b8f67c75f6fec435.png"}, "join_to_post": false, "can_pin": false}, {"description": "Skinner's sophisticated lawyer ", "follow_count": 0, "id": 332137, "is_following": false, "is_join_pending": false, "is_banned": false, "is_moderated": false, "name_readable": "Talon Labarthe", "post_count": 0, "source_profile_id": 495798, "source_type": "profile", "image": {"picURL": "https://static1.personality-database.com/profile_images/d153a748fb3640f8b3d1ece44b6b5172.png"}, "join_to_post": false, "can_pin": false}], "subcategory": "Ratatouille (2007)", "topic_image_url": "https://static1.personality-database.com/profile_images/9035a6ecbeb240888bb357f3217299c7.png", "source_location": {"cid": 3, "pid": 2, "sub_cat_id": 1405}, "can_post_image": false, "can_post_audio": false, "posts": {"posts": [{"username": "nanafuyu", "user_pic_path": "https://static1.personality-database.com/user_avatars/1408283/4413c9be-5b33-419a-9ec2-bcf3d7f12cf3_small.jpeg", "user_personality_type": "ISFP-4w3", "is_mod": false, "comment_count": 0, "reply_count": 0, "vote_type": 0, "topics_list": [{"id": 9824, "name_readable": "Remy"}], "id": 2185896, "post_id": 2185896, "user_id": 1408283, "title": "HELP WHY DO I SHARE THE SAME MBTI AND ENNEAGRAM WITH A RAT \ud83d\ude2d\ud83d\ude2d", "content": "#dyinginternally", "create_date": 1673670201000, "unix_timestamp": 1673670201000, "update_date": 1673670201000, "vote_count": 1, "vote_count_down": 0, "is_reported": 0, "is_hidden": false, "is_pinned": false, "is_watching": false, "is_pro_user": false, "images": null, "audios": null, "function_list": [], "type": "post"}, {"username": "Tears_of_the_Moon", "user_pic_path": "https://static1.personality-database.com/user_avatars/1634944/fd5fafe2-214b-4205-9a0f-0bee4b8709d5_small.jpeg", "user_personality_type": "INFP-4w5", "is_mod": false, "comment_count": 0, "reply_count": 0, "vote_type": 0, "topics_list": [{"id": 9824, "name_readable": "Remy"}], "id": 2024992, "post_id": 2024992, "user_id": 1634944, "title": "", "content": "My sister is an ISFP, no wonder why Ratatouille is one of her favorite movies \ud83d\ude02\ud83d\udc95\ud83d\udc90", "create_date": 1672062846000, "unix_timestamp": 1672062846000, "update_date": 1672062846000, "vote_count": 0, "vote_count_down": 0, "is_reported": 0, "is_hidden": false, "is_pinned": false, "is_watching": false, "is_pro_user": false, "images": null, "audios": null, "function_list": [], "type": "post"}, {"username": "ivyrhodes42", "user_pic_path": "https://static1.personality-database.com/user_avatars/1157540/b65826a3-2f44-4e37-a852-7053f746e87d_small.jpeg", "user_personality_type": "ISFP-4w5-458", "is_mod": false, "comment_count": 0, "reply_count": 0, "vote_type": 0, "topics_list": [{"id": 9824, "name_readable": "Remy"}], "id": 1815427, "post_id": 1815427, "user_id": 1157540, "title": "", "content": "Ok I saw him as ISFP and I was all like \u201cwhat I don\u2019t act anything like him!\u201d Then i though some more and I was like \u201choly crap I do\u2026\u201d", "create_date": 1669506302000, "unix_timestamp": 1669506302000, "update_date": 1669506302000, "vote_count": 3, "vote_count_down": 0, "is_reported": 0, "is_hidden": false, "is_pinned": false, "is_watching": false, "is_pro_user": false, "images": null, "audios": null, "function_list": [], "type": "post"}]}}}}