{"id": 10523, "mbti_profile": "Alfredo Linguini", "profile_name_searchable": "alfredolinguini", "allow_commenting": true, "allow_voting": true, "user_id": 3261, "contributor": "Jachn", "contributor_create_date": "2018-03-09 06:32:16", "contributor_pic_path": "https://lh5.googleusercontent.com/-7BVlTf580JM/AAAAAAAAAAI/AAAAAAAAFpA/fhDHaMjGnqM/s96-c/photo.jpg", "display_order": 995, "edit_lock": 0, "edit_lock_picture": 0, "is_active": true, "is_approved": true, "mbti_enneagram_type": "INFP 6w7", "mbti_type": "INFP 6w7", "pdb_comment_access": true, "pdb_page_owner": 0, "pdb_public_access": true, "wiki_description": "", "watch_count": 1378, "comment_count": 75, "vote_count": 443, "vote_count_enneagram": 206, "vote_count_mbti": 443, "total_vote_counts": 880, "personality_type": "INFP - 6w7 - sp/sx - 692 - SEI - RLUAI - ELVF - Phlegmatic-Sanguine", "type_updated_date": "2022-11-10 08:55:56", "enneagram_vote": "", "enneagram_vote_id": 0, "mbti_vote": "", "mbti_vote_id": 0, "is_watching": false, "image_exists": true, "profile_image_url": "https://static1.personality-database.com/profile_images/23858bb2e21f42f299b69db35ef4b127.png", "profile_image_credit": "", "profile_image_credit_id": 473897, "profile_image_credit_type": "0", "profile_image_credit_url": "", "alt_subcategory": "", "related_subcategories": "", "cat_id": 3, "category": "Movies", "category_is_fictional": true, "sub_cat_id": 1405, "subcategory": "Ratatouille (2007)", "subcat_link_info": {"sub_cat_id": 1405, "cat_id": 3, "property_id": 2, "subcategory": "Ratatouille (2007)"}, "related_subcat_link_info": null, "related_profiles": [{"id": 10522, "mbti_profile": "Remy", "subcategory": "Ratatouille (2007)", "profile_image_url": "https://static1.personality-database.com/profile_images/9035a6ecbeb240888bb357f3217299c7.png", "profile_name": "Remy", "profile_subcat": "Ratatouille (2007)", "sub_cat_id": 1405, "cat_id": 3, "property_id": 2, "mbti": "ISFP", "enneatype": "4w3"}, {"id": 10526, "mbti_profile": "Anton Ego", "subcategory": "Ratatouille (2007)", "profile_image_url": "https://static1.personality-database.com/profile_images/1b67c1b31ac24f35959f757b118c7b23.png", "profile_name": "Anton Ego", "profile_subcat": "Ratatouille (2007)", "sub_cat_id": 1405, "cat_id": 3, "property_id": 2, "mbti": "ISTJ", "enneatype": "1w9"}, {"id": 118318, "mbti_profile": "Auguste Gusteau", "subcategory": "Ratatouille (2007)", "profile_image_url": "https://static1.personality-database.com/profile_images/4eac5ba56e744bd9994c3df2aa4745eb.png", "profile_name": "Auguste Gusteau", "profile_subcat": "Ratatouille (2007)", "sub_cat_id": 1405, "cat_id": 3, "property_id": 2, "mbti": "ENFJ", "enneatype": "2w3"}, {"id": 155182, "mbti_profile": "Django", "subcategory": "Ratatouille (2007)", "profile_image_url": "https://static1.personality-database.com/profile_images/332cb42693e04fedbdc7be093674439f.png", "profile_name": "Django", "profile_subcat": "Ratatouille (2007)", "sub_cat_id": 1405, "cat_id": 3, "property_id": 2, "mbti": "ESTJ", "enneatype": "6w5"}, {"id": 10525, "mbti_profile": "Chef Skinner", "subcategory": "Ratatouille (2007)", "profile_image_url": "https://static1.personality-database.com/profile_images/092ba8a48aa249a4a35fe63e8508bae6.png", "profile_name": "Chef Skinner", "profile_subcat": "Ratatouille (2007)", "sub_cat_id": 1405, "cat_id": 3, "property_id": 2, "mbti": "ESTJ", "enneatype": "8w7"}, {"id": 118320, "mbti_profile": "Emile", "subcategory": "Ratatouille (2007)", "profile_image_url": "https://static1.personality-database.com/profile_images/afc6518a642343c5bca6859d8cca6c65.png", "profile_name": "Emile", "profile_subcat": "Ratatouille (2007)", "sub_cat_id": 1405, "cat_id": 3, "property_id": 2, "mbti": "ESFP", "enneatype": "6w7"}, {"id": 10524, "mbti_profile": "Colette Tatou", "subcategory": "Ratatouille (2007)", "profile_image_url": "https://static1.personality-database.com/profile_images/7c1a4c71edd24a86b418dccf3a455cc7.png", "profile_name": "Colette Tatou", "profile_subcat": "Ratatouille (2007)", "sub_cat_id": 1405, "cat_id": 3, "property_id": 2, "mbti": "ESTJ", "enneatype": "1w2"}, {"id": 118314, "mbti_profile": "Larousse", "subcategory": "Ratatouille (2007)", "profile_image_url": "https://static1.personality-database.com/profile_images/e247970d5bab495ebd2368955dfc4de7.png", "profile_name": "Larousse", "profile_subcat": "Ratatouille (2007)", "sub_cat_id": 1405, "cat_id": 3, "property_id": 2, "mbti": "ISTJ", "enneatype": "8w9"}], "functions": ["Fi", "Ne", "Si", "Te"], "systems": [{"hex_color": "#888888", "id": 1, "personality_type": "XXXX", "personality_type_id": 0, "system_name": "Four Letter", "system_vote_count": 435, "user_vote_type_id": 0, "vote_id": 0}, {"hex_color": "#006775", "id": 2, "personality_type": "XXXX", "personality_type_id": 0, "system_name": "Enneagram", "system_vote_count": 201, "user_vote_type_id": 0, "vote_id": 0}, {"hex_color": "#006775", "id": 5, "personality_type": "XXXX", "personality_type_id": 0, "system_name": "Instinctual Variant", "system_vote_count": 54, "user_vote_type_id": 0, "vote_id": 0}, {"hex_color": "#006775", "id": 6, "personality_type": "XXXX", "personality_type_id": 0, "system_name": "Tritype", "system_vote_count": 51, "user_vote_type_id": 0, "vote_id": 0}, {"hex_color": "#888888", "id": 3, "personality_type": "XXXX", "personality_type_id": 0, "system_name": "Socionics", "system_vote_count": 28, "user_vote_type_id": 0, "vote_id": 0}, {"hex_color": "#888888", "id": 9, "personality_type": "XXXX", "personality_type_id": 0, "system_name": "Big 5 (SLOAN)", "system_vote_count": 30, "user_vote_type_id": 0, "vote_id": 0}, {"hex_color": "#888888", "id": 8, "personality_type": "XXXX", "personality_type_id": 0, "system_name": "Attitudinal Psyche", "system_vote_count": 11, "user_vote_type_id": 0, "vote_id": 0}, {"hex_color": "#888888", "id": 7, "personality_type": "XXXX", "personality_type_id": 0, "system_name": "Temperaments", "system_vote_count": 47, "user_vote_type_id": 0, "vote_id": 0}, {"hex_color": "#888888", "id": 11, "personality_type": "XXXX", "personality_type_id": 0, "system_name": "Classic Jungian", "system_vote_count": 0, "user_vote_type_id": 0, "vote_id": 0}], "breakdown_systems": {"1": [{"myValue": "INFP", "personality_system_id": 1, "personality_type": "INFP", "theCount": 314}, {"myValue": "ISFP", "personality_system_id": 1, "personality_type": "ISFP", "theCount": 67}, {"myValue": "ISFJ", "personality_system_id": 1, "personality_type": "ISFJ", "theCount": 38}, {"myValue": "INFJ", "personality_system_id": 1, "personality_type": "INFJ", "theCount": 7}, {"myValue": "ENFP", "personality_system_id": 1, "personality_type": "ENFP", "theCount": 4}, {"myValue": "ESFP", "personality_system_id": 1, "personality_type": "ESFP", "theCount": 2}, {"myValue": "ENFJ", "personality_system_id": 1, "personality_type": "ENFJ", "theCount": 1}, {"myValue": "ESTJ", "personality_system_id": 1, "personality_type": "ESTJ", "theCount": 1}, {"myValue": "INTP", "personality_system_id": 1, "personality_type": "INTP", "theCount": 1}], "11": [{"myValue": "XXXX", "personality_system_id": 0, "personality_type": "XXXX", "theCount": 0}], "2": [{"myValue": "6w7", "personality_system_id": 2, "personality_type": "6w7", "theCount": 186}, {"myValue": "9w1", "personality_system_id": 2, "personality_type": "9w1", "theCount": 6}, {"myValue": "6w5", "personality_system_id": 2, "personality_type": "6w5", "theCount": 3}, {"myValue": "7w6", "personality_system_id": 2, "personality_type": "7w6", "theCount": 3}, {"myValue": "4w5", "personality_system_id": 2, "personality_type": "4w5", "theCount": 2}, {"myValue": "4w3", "personality_system_id": 2, "personality_type": "4w3", "theCount": 1}], "3": [{"myValue": "SEI", "personality_system_id": 3, "personality_type": "SEI", "theCount": 12}, {"myValue": "IEE", "personality_system_id": 3, "personality_type": "IEE", "theCount": 10}, {"myValue": "EII", "personality_system_id": 3, "personality_type": "EII", "theCount": 3}, {"myValue": "EIE", "personality_system_id": 3, "personality_type": "EIE", "theCount": 2}, {"myValue": "IEI", "personality_system_id": 3, "personality_type": "IEI", "theCount": 1}], "4": [{"myValue": "Neutral Good", "personality_system_id": 4, "personality_type": "Neutral Good", "theCount": 21}, {"myValue": "Chaotic Good", "personality_system_id": 4, "personality_type": "Chaotic Good", "theCount": 1}, {"myValue": "Lawful Evil", "personality_system_id": 4, "personality_type": "Lawful Evil", "theCount": 1}], "5": [{"myValue": "sp/sx", "personality_system_id": 5, "personality_type": "sp/sx", "theCount": 36}, {"myValue": "sp/so", "personality_system_id": 5, "personality_type": "sp/so", "theCount": 13}, {"myValue": "so/sp", "personality_system_id": 5, "personality_type": "so/sp", "theCount": 2}, {"myValue": "sx/sp", "personality_system_id": 5, "personality_type": "sx/sp", "theCount": 2}, {"myValue": "sx/so", "personality_system_id": 5, "personality_type": "sx/so", "theCount": 1}], "6": [{"myValue": "692", "personality_system_id": 6, "personality_type": "692", "theCount": 46}, {"myValue": "694", "personality_system_id": 6, "personality_type": "694", "theCount": 3}, {"myValue": "962", "personality_system_id": 6, "personality_type": "962", "theCount": 2}], "7": [{"myValue": "Phlegmatic-Sanguine", "personality_system_id": 7, "personality_type": "Phlegmatic-Sanguine", "theCount": 31}, {"myValue": "Melancholic-Sanguine", "personality_system_id": 7, "personality_type": "Melancholic-Sanguine", "theCount": 8}, {"myValue": "Phlegmatic [Dominant]", "personality_system_id": 7, "personality_type": "Phlegmatic [Dominant]", "theCount": 3}, {"myValue": "Melancholic [Dominant]", "personality_system_id": 7, "personality_type": "Melancholic [Dominant]", "theCount": 2}, {"myValue": "Choleric-Sanguine", "personality_system_id": 7, "personality_type": "Choleric-Sanguine", "theCount": 1}, {"myValue": "Phlegmatic-Melancholic", "personality_system_id": 7, "personality_type": "Phlegmatic-Melancholic", "theCount": 1}, {"myValue": "Sanguine-Choleric", "personality_system_id": 7, "personality_type": "Sanguine-Choleric", "theCount": 1}], "8": [{"myValue": "ELVF", "personality_system_id": 8, "personality_type": "ELVF", "theCount": 7}, {"myValue": "EFVL", "personality_system_id": 8, "personality_type": "EFVL", "theCount": 4}], "9": [{"myValue": "RLUAI", "personality_system_id": 9, "personality_type": "RLUAI", "theCount": 18}, {"myValue": "RLUAN", "personality_system_id": 9, "personality_type": "RLUAN", "theCount": 12}]}, "breakdown_config": {"expand": {"1": 3, "11": 1, "2": 3, "3": 2, "4": 1, "5": 1, "6": 1, "7": 1, "8": 1, "9": 2}, "fire": {"1": 0, "11": 0, "2": 0, "3": 1, "4": 0, "5": 0, "6": 0, "7": 0, "8": 0, "9": 1}}, "mbti_letter_stats": [{"type": "I", "percentage": "98%", "PercentageFloat": 0.9816091954022989}, {"type": "N", "percentage": "75%", "PercentageFloat": 0.7517241379310344}, {"type": "F", "percentage": "100%", "PercentageFloat": 0.9954022988505747}, {"type": "P", "percentage": "89%", "PercentageFloat": 0.8919540229885058}], "topic_info": {"can_generate": false, "topic": {"description": "", "follow_count": 2, "id": 9825, "is_following": false, "is_join_pending": false, "is_banned": false, "is_moderated": false, "name_readable": "Alfredo Linguini", "post_count": 8, "source_profile_id": 10523, "source_type": "profile", "join_to_post": false, "can_pin": false, "related_topics": [{"description": "", "follow_count": 1, "id": 9824, "is_following": false, "is_join_pending": false, "is_banned": false, "is_moderated": false, "name_readable": "Remy", "post_count": 24, "source_profile_id": 10522, "source_type": "profile", "image": {"picURL": "https://static1.personality-database.com/profile_images/9035a6ecbeb240888bb357f3217299c7.png"}, "join_to_post": false, "can_pin": false}, {"description": "", "follow_count": 0, "id": 9826, "is_following": false, "is_join_pending": false, "is_banned": false, "is_moderated": false, "name_readable": "Colette Tatou", "post_count": 19, "source_profile_id": 10524, "source_type": "profile", "image": {"picURL": "https://static1.personality-database.com/profile_images/7c1a4c71edd24a86b418dccf3a455cc7.png"}, "join_to_post": false, "can_pin": false}, {"description": "", "follow_count": 2, "id": 9825, "is_following": false, "is_join_pending": false, "is_banned": false, "is_moderated": false, "name_readable": "Alfredo Linguini", "post_count": 8, "source_profile_id": 10523, "source_type": "profile", "image": {"picURL": "https://static1.personality-database.com/profile_images/23858bb2e21f42f299b69db35ef4b127.png"}, "join_to_post": false, "can_pin": false}, {"description": "", "follow_count": 0, "id": 93108, "is_following": false, "is_join_pending": false, "is_banned": false, "is_moderated": false, "name_readable": "Horst", "post_count": 6, "source_profile_id": 118313, "source_type": "profile", "image": {"picURL": "https://static1.personality-database.com/profile_images/33c63f12e6314d358120af9aa97fac84.png"}, "join_to_post": false, "can_pin": false}, {"description": "", "follow_count": 1, "id": 9827, "is_following": false, "is_join_pending": false, "is_banned": false, "is_moderated": false, "name_readable": "Chef Skinner", "post_count": 4, "source_profile_id": 10525, "source_type": "profile", "image": {"picURL": "https://static1.personality-database.com/profile_images/092ba8a48aa249a4a35fe63e8508bae6.png"}, "join_to_post": false, "can_pin": false}, {"description": "The father of Remy in Ratatouille", "follow_count": 1, "id": 120320, "is_following": false, "is_join_pending": false, "is_banned": false, "is_moderated": false, "name_readable": "Django", "post_count": 2, "source_profile_id": 155182, "source_type": "profile", "image": {"picURL": "https://static1.personality-database.com/profile_images/332cb42693e04fedbdc7be093674439f.png"}, "join_to_post": false, "can_pin": false}, {"description": "\"In many ways, the work of a critic is easy. We risk very little, yet enjoy a position over those who offer up their work and their selves to our judgment. We thrive on negative criticism, which is fun to write and to read. But the bitter truth we critics must face is that, in the grand scheme of things, the average piece of junk is probably more meaningful than our criticism designating it so. But there are times when a critic truly risks something, and that is in the discovery and defense of the new. The world is often unkind to new talent, new creations. The new needs friends\". #ISTJVillains", "follow_count": 1, "id": 9828, "is_following": false, "is_join_pending": false, "is_banned": false, "is_moderated": false, "name_readable": "Anton Ego", "post_count": 1, "source_profile_id": 10526, "source_type": "profile", "image": {"picURL": "https://static1.personality-database.com/profile_images/1b67c1b31ac24f35959f757b118c7b23.png"}, "join_to_post": false, "can_pin": false}, {"description": "\"What I say is true, anyone can cook... but only the fearless can be great\".", "follow_count": 0, "id": 93113, "is_following": false, "is_join_pending": false, "is_banned": false, "is_moderated": false, "name_readable": "Auguste Gusteau", "post_count": 1, "source_profile_id": 118318, "source_type": "profile", "image": {"picURL": "https://static1.personality-database.com/profile_images/4eac5ba56e744bd9994c3df2aa4745eb.png"}, "join_to_post": false, "can_pin": false}, {"description": "", "follow_count": 0, "id": 93109, "is_following": false, "is_join_pending": false, "is_banned": false, "is_moderated": false, "name_readable": "Larousse", "post_count": 0, "source_profile_id": 118314, "source_type": "profile", "image": {"picURL": "https://static1.personality-database.com/profile_images/e247970d5bab495ebd2368955dfc4de7.png"}, "join_to_post": false, "can_pin": false}, {"description": "", "follow_count": 0, "id": 93110, "is_following": false, "is_join_pending": false, "is_banned": false, "is_moderated": false, "name_readable": "Lalo", "post_count": 0, "source_profile_id": 118315, "source_type": "profile", "image": {"picURL": "https://static1.personality-database.com/profile_images/dbb59787620b494ead06b10f0550fdcd.png"}, "join_to_post": false, "can_pin": false}, {"description": "", "follow_count": 1, "id": 93111, "is_following": false, "is_join_pending": false, "is_banned": false, "is_moderated": false, "name_readable": "Mustaf\u00e0", "post_count": 0, "source_profile_id": 118316, "source_type": "profile", "image": {"picURL": "https://static1.personality-database.com/profile_images/473773ff56eb41a49627a83278879b5c.png"}, "join_to_post": false, "can_pin": false}, {"description": "", "follow_count": 0, "id": 93115, "is_following": false, "is_join_pending": false, "is_banned": false, "is_moderated": false, "name_readable": "Emile", "post_count": 0, "source_profile_id": 118320, "source_type": "profile", "image": {"picURL": "https://static1.personality-database.com/profile_images/afc6518a642343c5bca6859d8cca6c65.png"}, "join_to_post": false, "can_pin": false}, {"description": "", "follow_count": 0, "id": 244388, "is_following": false, "is_join_pending": false, "is_banned": false, "is_moderated": false, "name_readable": "Nada Lassard", "post_count": 0, "source_profile_id": 317865, "source_type": "profile", "image": {"picURL": "https://static1.personality-database.com/profile_images/3e1cdb69770a40859fae010f747e72c7.png"}, "join_to_post": false, "can_pin": false}, {"description": "", "follow_count": 0, "id": 244390, "is_following": false, "is_join_pending": false, "is_banned": false, "is_moderated": false, "name_readable": "Fran\u00e7ois Dupuis", "post_count": 0, "source_profile_id": 317867, "source_type": "profile", "image": {"picURL": "https://static1.personality-database.com/profile_images/bfa4beed3b074fe6b8f67c75f6fec435.png"}, "join_to_post": false, "can_pin": false}, {"description": "Skinner's sophisticated lawyer ", "follow_count": 0, "id": 332137, "is_following": false, "is_join_pending": false, "is_banned": false, "is_moderated": false, "name_readable": "Talon Labarthe", "post_count": 0, "source_profile_id": 495798, "source_type": "profile", "image": {"picURL": "https://static1.personality-database.com/profile_images/d153a748fb3640f8b3d1ece44b6b5172.png"}, "join_to_post": false, "can_pin": false}], "subcategory": "Ratatouille (2007)", "topic_image_url": "https://static1.personality-database.com/profile_images/23858bb2e21f42f299b69db35ef4b127.png", "source_location": {"cid": 3, "pid": 2, "sub_cat_id": 1405}, "can_post_image": false, "can_post_audio": false, "posts": {"posts": [{"username": "LaineHoeger", "user_pic_path": "https://static1.personality-database.com/user_avatars/585058/454daeae-ec91-4fb4-a5ba-805a7a75692f.jpeg", "user_personality_type": "XXXX", "is_mod": false, "comment_count": 9, "reply_count": 9, "vote_type": 0, "topics_list": [{"id": 9825, "name_readable": "Alfredo Linguini"}], "id": 1982144, "post_id": 1982144, "user_id": 585058, "title": "", "content": "(deleted)", "create_date": 1669098614000, "unix_timestamp": 1669098614000, "update_date": 1669098614000, "vote_count": 1, "vote_count_down": 1, "is_reported": 1, "is_hidden": true, "is_pinned": false, "is_watching": false, "is_pro_user": false, "images": null, "audios": null, "function_list": [], "type": "post"}, {"username": "RockerO8", "user_pic_path": "https://lh3.googleusercontent.com/a-/AOh14Gh48E1epG-IIPMoR02Nng7nOYEDfhEwcYchv0rY=s96-c", "user_personality_type": "INTP-5w4", "is_mod": false, "comment_count": 1, "reply_count": 1, "vote_type": 0, "topics_list": [{"id": 9825, "name_readable": "Alfredo Linguini"}], "id": 489367, "post_id": 489367, "user_id": 513586, "title": "", "content": "No one, literally no one:\nThat one troll that voted ESTJ\u2026", "create_date": 1644771169000, "unix_timestamp": 1644771169000, "update_date": 1644771169000, "vote_count": 9, "vote_count_down": 0, "is_reported": 1, "is_hidden": false, "is_pinned": false, "is_watching": false, "is_pro_user": false, "images": null, "audios": null, "function_list": [], "type": "post"}, {"username": "saskiazaaza21", "user_pic_path": "https://static1.personality-database.com/user_avatars/14910/c107473c-ed74-44de-aa46-d896c9a4ff90.jpeg", "user_personality_type": "INFP-6w7-692", "is_mod": false, "comment_count": 2, "reply_count": 2, "vote_type": 0, "topics_list": [{"id": 9825, "name_readable": "Alfredo Linguini"}], "id": 235018, "post_id": 235018, "user_id": 14910, "title": "", "content": "Yikes, i have same personality like him but he's SP 6 i'm SP 2", "create_date": 1641803783000, "unix_timestamp": 1641803783000, "update_date": 1641803783000, "vote_count": 3, "vote_count_down": 0, "is_reported": 0, "is_hidden": false, "is_pinned": false, "is_watching": false, "is_pro_user": false, "images": null, "audios": null, "function_list": [], "type": "post"}]}}}}