{"id": 106393, "mbti_profile": "Joe Gardner", "profile_name_searchable": "joegardner", "allow_commenting": true, "allow_voting": true, "user_id": 21584, "contributor": "Weegee9001", "contributor_create_date": "2020-03-13 01:59:01", "contributor_pic_path": "https://lh3.googleusercontent.com/a-/AOh14GjZA-BLH-61QzT3MsQByD1rGRbtW0UkSBUuyRgsNg=s96-c", "display_order": 1000, "edit_lock": 0, "edit_lock_picture": 0, "is_active": true, "is_approved": true, "mbti_enneagram_type": "ISFP 4w3", "mbti_type": "ISFP 4w3", "pdb_comment_access": true, "pdb_page_owner": 0, "pdb_public_access": true, "wiki_description": "", "watch_count": 273, "comment_count": 127, "vote_count": 480, "vote_count_enneagram": 287, "vote_count_mbti": 480, "total_vote_counts": 1023, "personality_type": "ISFP - 4w3 - sp/so - 496 - ESI - SLUAI - EVFL - Phlegmatic [Dominant]", "type_updated_date": "2021-04-01 19:52:53", "enneagram_vote": "", "enneagram_vote_id": 0, "mbti_vote": "", "mbti_vote_id": 0, "is_watching": false, "image_exists": true, "profile_image_url": "https://static1.personality-database.com/profile_images/a29b4f0f268c4953aea24e4b1c157966.png", "profile_image_credit": "", "profile_image_credit_id": 459316, "profile_image_credit_type": "0", "profile_image_credit_url": "", "alt_subcategory": "", "related_subcategories": "", "cat_id": 3, "category": "Movies", "category_is_fictional": true, "sub_cat_id": 7873, "subcategory": "Soul (2020)", "subcat_link_info": {"sub_cat_id": 7873, "cat_id": 3, "property_id": 2, "subcategory": "Soul (2020)"}, "related_subcat_link_info": null, "related_profiles": [{"id": 106394, "mbti_profile": "22", "subcategory": "Soul (2020)", "profile_image_url": "https://static1.personality-database.com/profile_images/fc179ba7fe644eaa82a1aca584e16868.png", "profile_name": "22", "profile_subcat": "Soul (2020)", "sub_cat_id": 7873, "cat_id": 3, "property_id": 2, "mbti": "ESTP", "enneatype": "7w8"}, {"id": 244000, "mbti_profile": "Carl Jung", "subcategory": "Soul (2020)", "profile_image_url": "https://static1.personality-database.com/profile_images/deed09afcd624f2d8906b45485efb89b.png", "profile_name": "Carl Jung", "profile_subcat": "Soul (2020)", "sub_cat_id": 7873, "cat_id": 3, "property_id": 2, "mbti": "INFJ", "enneatype": "5w4"}, {"id": 208538, "mbti_profile": "Terry", "subcategory": "Soul (2020)", "profile_image_url": "https://static1.personality-database.com/profile_images/1cd9e45435ef403da88f8b70ba91e91b.png", "profile_name": "Terry", "profile_subcat": "Soul (2020)", "sub_cat_id": 7873, "cat_id": 3, "property_id": 2, "mbti": "ESTJ", "enneatype": "3w4"}, {"id": 243110, "mbti_profile": "Connie", "subcategory": "Soul (2020)", "profile_image_url": "https://static1.personality-database.com/profile_images/59f97a0f5080406e8634a6f2a20fbb45.png", "profile_name": "Connie", "profile_subcat": "Soul (2020)", "sub_cat_id": 7873, "cat_id": 3, "property_id": 2, "mbti": "INTP", "enneatype": "5w4"}, {"id": 242382, "mbti_profile": "Moonwind", "subcategory": "Soul (2020)", "profile_image_url": "https://static1.personality-database.com/profile_images/9b8ca573cf394be1a0aad332433f9cea.png", "profile_name": "Moonwind", "profile_subcat": "Soul (2020)", "sub_cat_id": 7873, "cat_id": 3, "property_id": 2, "mbti": "ENFP", "enneatype": "7w6"}, {"id": 242313, "mbti_profile": "Dorothea Williams", "subcategory": "Soul (2020)", "profile_image_url": "https://static1.personality-database.com/profile_images/0d4a1c6ddb8a47a4a79aa61de56633f1.png", "profile_name": "Dorothea Williams", "profile_subcat": "Soul (2020)", "sub_cat_id": 7873, "cat_id": 3, "property_id": 2, "mbti": "ENTJ", "enneatype": "3w4"}, {"id": 243108, "mbti_profile": "Dez", "subcategory": "Soul (2020)", "profile_image_url": "https://static1.personality-database.com/profile_images/b87dda70d3cb42da8901fa09d846f666.png", "profile_name": "Dez", "profile_subcat": "Soul (2020)", "sub_cat_id": 7873, "cat_id": 3, "property_id": 2, "mbti": "ESFP", "enneatype": "7w8"}, {"id": 106893, "mbti_profile": "Paul", "subcategory": "Soul (2020)", "profile_image_url": "https://static1.personality-database.com/profile_images/62185f9fdb7844589037321d58ea1838.png", "profile_name": "Paul", "profile_subcat": "Soul (2020)", "sub_cat_id": 7873, "cat_id": 3, "property_id": 2, "mbti": "ESTP", "enneatype": "8w9"}], "functions": ["Fi", "Se", "Ni", "Te"], "systems": [{"hex_color": "#888888", "id": 1, "personality_type": "XXXX", "personality_type_id": 0, "system_name": "Four Letter", "system_vote_count": 469, "user_vote_type_id": 0, "vote_id": 0}, {"hex_color": "#006775", "id": 2, "personality_type": "XXXX", "personality_type_id": 0, "system_name": "Enneagram", "system_vote_count": 280, "user_vote_type_id": 0, "vote_id": 0}, {"hex_color": "#006775", "id": 5, "personality_type": "XXXX", "personality_type_id": 0, "system_name": "Instinctual Variant", "system_vote_count": 63, "user_vote_type_id": 0, "vote_id": 0}, {"hex_color": "#006775", "id": 6, "personality_type": "XXXX", "personality_type_id": 0, "system_name": "Tritype", "system_vote_count": 63, "user_vote_type_id": 0, "vote_id": 0}, {"hex_color": "#888888", "id": 3, "personality_type": "XXXX", "personality_type_id": 0, "system_name": "Socionics", "system_vote_count": 34, "user_vote_type_id": 0, "vote_id": 0}, {"hex_color": "#888888", "id": 9, "personality_type": "XXXX", "personality_type_id": 0, "system_name": "Big 5 (SLOAN)", "system_vote_count": 17, "user_vote_type_id": 0, "vote_id": 0}, {"hex_color": "#888888", "id": 8, "personality_type": "XXXX", "personality_type_id": 0, "system_name": "Attitudinal Psyche", "system_vote_count": 8, "user_vote_type_id": 0, "vote_id": 0}, {"hex_color": "#888888", "id": 7, "personality_type": "XXXX", "personality_type_id": 0, "system_name": "Temperaments", "system_vote_count": 55, "user_vote_type_id": 0, "vote_id": 0}, {"hex_color": "#888888", "id": 11, "personality_type": "XXXX", "personality_type_id": 0, "system_name": "Classic Jungian", "system_vote_count": 2, "user_vote_type_id": 0, "vote_id": 0}], "breakdown_systems": {"1": [{"myValue": "ISFP", "personality_system_id": 1, "personality_type": "ISFP", "theCount": 426}, {"myValue": "INFP", "personality_system_id": 1, "personality_type": "INFP", "theCount": 16}, {"myValue": "INTJ", "personality_system_id": 1, "personality_type": "INTJ", "theCount": 7}, {"myValue": "INFJ", "personality_system_id": 1, "personality_type": "INFJ", "theCount": 6}, {"myValue": "ESFP", "personality_system_id": 1, "personality_type": "ESFP", "theCount": 5}, {"myValue": "ISFJ", "personality_system_id": 1, "personality_type": "ISFJ", "theCount": 4}, {"myValue": "ENFP", "personality_system_id": 1, "personality_type": "ENFP", "theCount": 2}, {"myValue": "ISTJ", "personality_system_id": 1, "personality_type": "ISTJ", "theCount": 2}, {"myValue": "INTP", "personality_system_id": 1, "personality_type": "INTP", "theCount": 1}], "10": [{"myValue": "Right-brained Introvert", "personality_system_id": 10, "personality_type": "Right-brained Introvert", "theCount": 3}], "11": [{"myValue": "IF(S)", "personality_system_id": 11, "personality_type": "IF(S)", "theCount": 1}, {"myValue": "IS(F)", "personality_system_id": 11, "personality_type": "IS(F)", "theCount": 1}], "2": [{"myValue": "4w3", "personality_system_id": 2, "personality_type": "4w3", "theCount": 203}, {"myValue": "3w4", "personality_system_id": 2, "personality_type": "3w4", "theCount": 70}, {"myValue": "9w1", "personality_system_id": 2, "personality_type": "9w1", "theCount": 2}, {"myValue": "1w2", "personality_system_id": 2, "personality_type": "1w2", "theCount": 1}, {"myValue": "4w5", "personality_system_id": 2, "personality_type": "4w5", "theCount": 1}, {"myValue": "5w6", "personality_system_id": 2, "personality_type": "5w6", "theCount": 1}, {"myValue": "6w7", "personality_system_id": 2, "personality_type": "6w7", "theCount": 1}, {"myValue": "7w6", "personality_system_id": 2, "personality_type": "7w6", "theCount": 1}], "3": [{"myValue": "ESI", "personality_system_id": 3, "personality_type": "ESI", "theCount": 19}, {"myValue": "SEI", "personality_system_id": 3, "personality_type": "SEI", "theCount": 10}, {"myValue": "EII", "personality_system_id": 3, "personality_type": "EII", "theCount": 2}, {"myValue": "IEI", "personality_system_id": 3, "personality_type": "IEI", "theCount": 2}, {"myValue": "IEE", "personality_system_id": 3, "personality_type": "IEE", "theCount": 1}], "4": [{"myValue": "Neutral Good", "personality_system_id": 4, "personality_type": "Neutral Good", "theCount": 26}, {"myValue": "Chaotic Good", "personality_system_id": 4, "personality_type": "Chaotic Good", "theCount": 2}, {"myValue": "Lawful Neutral", "personality_system_id": 4, "personality_type": "Lawful Neutral", "theCount": 1}], "5": [{"myValue": "sp/so", "personality_system_id": 5, "personality_type": "sp/so", "theCount": 53}, {"myValue": "so/sp", "personality_system_id": 5, "personality_type": "so/sp", "theCount": 4}, {"myValue": "sp/sx", "personality_system_id": 5, "personality_type": "sp/sx", "theCount": 4}, {"myValue": "so/sx", "personality_system_id": 5, "personality_type": "so/sx", "theCount": 1}, {"myValue": "sx/sp", "personality_system_id": 5, "personality_type": "sx/sp", "theCount": 1}], "6": [{"myValue": "496", "personality_system_id": 6, "personality_type": "496", "theCount": 41}, {"myValue": "396", "personality_system_id": 6, "personality_type": "396", "theCount": 8}, {"myValue": "369", "personality_system_id": 6, "personality_type": "369", "theCount": 3}, {"myValue": "461", "personality_system_id": 6, "personality_type": "461", "theCount": 2}, {"myValue": "469", "personality_system_id": 6, "personality_type": "469", "theCount": 2}, {"myValue": "495", "personality_system_id": 6, "personality_type": "495", "theCount": 2}, {"myValue": "497", "personality_system_id": 6, "personality_type": "497", "theCount": 2}, {"myValue": "317", "personality_system_id": 6, "personality_type": "317", "theCount": 1}, {"myValue": "397", "personality_system_id": 6, "personality_type": "397", "theCount": 1}, {"myValue": "416", "personality_system_id": 6, "personality_type": "416", "theCount": 1}], "7": [{"myValue": "Phlegmatic [Dominant]", "personality_system_id": 7, "personality_type": "Phlegmatic [Dominant]", "theCount": 41}, {"myValue": "Phlegmatic-Melancholic", "personality_system_id": 7, "personality_type": "Phlegmatic-Melancholic", "theCount": 6}, {"myValue": "Melancholic [Dominant]", "personality_system_id": 7, "personality_type": "Melancholic [Dominant]", "theCount": 3}, {"myValue": "Sanguine-Phlegmatic", "personality_system_id": 7, "personality_type": "Sanguine-Phlegmatic", "theCount": 2}, {"myValue": "Choleric [Dominant]", "personality_system_id": 7, "personality_type": "Choleric [Dominant]", "theCount": 1}, {"myValue": "Melancholic-Phlegmatic", "personality_system_id": 7, "personality_type": "Melancholic-Phlegmatic", "theCount": 1}, {"myValue": "Phlegmatic-Choleric", "personality_system_id": 7, "personality_type": "Phlegmatic-Choleric", "theCount": 1}], "8": [{"myValue": "EVFL", "personality_system_id": 8, "personality_type": "EVFL", "theCount": 7}, {"myValue": "EFVL", "personality_system_id": 8, "personality_type": "EFVL", "theCount": 1}], "9": [{"myValue": "SLUAI", "personality_system_id": 9, "personality_type": "SLUAI", "theCount": 15}, {"myValue": "RLOAI", "personality_system_id": 9, "personality_type": "RLOAI", "theCount": 1}, {"myValue": "SLUEN", "personality_system_id": 9, "personality_type": "SLUEN", "theCount": 1}]}, "breakdown_config": {"expand": {"1": 3, "10": 1, "11": 1, "2": 3, "3": 2, "4": 1, "5": 1, "6": 1, "7": 1, "8": 1, "9": 1}, "fire": {"1": 0, "10": 0, "11": 0, "2": 0, "3": 1, "4": 0, "5": 0, "6": 0, "7": 0, "8": 0, "9": 0}}, "mbti_letter_stats": [{"type": "I", "percentage": "99%", "PercentageFloat": 0.9850746268656716}, {"type": "S", "percentage": "93%", "PercentageFloat": 0.9317697228144989}, {"type": "F", "percentage": "98%", "PercentageFloat": 0.9786780383795309}, {"type": "P", "percentage": "96%", "PercentageFloat": 0.9594882729211087}], "topic_info": {"can_generate": false, "topic": {"description": "", "follow_count": 0, "id": 84655, "is_following": false, "is_join_pending": false, "is_banned": false, "is_moderated": false, "name_readable": "Joe Gardner", "post_count": 6, "source_profile_id": 106393, "source_type": "profile", "join_to_post": false, "can_pin": false, "related_topics": [{"description": "", "follow_count": 0, "id": 188604, "is_following": false, "is_join_pending": false, "is_banned": false, "is_moderated": false, "name_readable": "Carl Jung", "post_count": 20, "source_profile_id": 244000, "source_type": "profile", "image": {"picURL": "https://static1.personality-database.com/profile_images/deed09afcd624f2d8906b45485efb89b.png"}, "join_to_post": false, "can_pin": false}, {"description": "", "follow_count": 0, "id": 84656, "is_following": false, "is_join_pending": false, "is_banned": false, "is_moderated": false, "name_readable": "22", "post_count": 6, "source_profile_id": 106394, "source_type": "profile", "image": {"picURL": "https://static1.personality-database.com/profile_images/fc179ba7fe644eaa82a1aca584e16868.png"}, "join_to_post": false, "can_pin": false}, {"description": "", "follow_count": 0, "id": 84655, "is_following": false, "is_join_pending": false, "is_banned": false, "is_moderated": false, "name_readable": "Joe Gardner", "post_count": 6, "source_profile_id": 106393, "source_type": "profile", "image": {"picURL": "https://static1.personality-database.com/profile_images/a29b4f0f268c4953aea24e4b1c157966.png"}, "join_to_post": false, "can_pin": false}, {"description": "", "follow_count": 0, "id": 187463, "is_following": false, "is_join_pending": false, "is_banned": false, "is_moderated": false, "name_readable": "Moonwind", "post_count": 3, "source_profile_id": 242382, "source_type": "profile", "image": {"picURL": "https://static1.personality-database.com/profile_images/9b8ca573cf394be1a0aad332433f9cea.png"}, "join_to_post": false, "can_pin": false}, {"description": "", "follow_count": 0, "id": 188603, "is_following": false, "is_join_pending": false, "is_banned": false, "is_moderated": false, "name_readable": "Mother Teresa", "post_count": 1, "source_profile_id": 243999, "source_type": "profile", "image": {"picURL": "https://static1.personality-database.com/profile_images/f74116384c7a4abeadb972c4a9694a35.png"}, "join_to_post": false, "can_pin": false}, {"description": "The therapy cat lady is the owner of Mr Mittens and works with or is a volunteer for Feline Better Cat Therapy in the New York city hospital.\nAfter Mr Mittens disappears from the hospital she looks for him all over the city and is later happily reunited with him.", "follow_count": 0, "id": 281378, "is_following": false, "is_join_pending": false, "is_banned": false, "is_moderated": false, "name_readable": "Therapy Cat Lady", "post_count": 0, "source_profile_id": 365937, "source_type": "profile", "image": {"picURL": "https://static1.personality-database.com/profile_images/673307bc0f1045a69279eb8727421bac.png"}, "join_to_post": false, "can_pin": false}, {"description": "Mr. Mittens is a therapy cat who spends his days purring, cuddling and comforting patients in their hospital rooms. The cozy cat is enlisted to assist Joe Gardner when he\u2019s hospitalized after an unfortunate fall. Despite a job well done, Mr. Mittens ends up in the wrong place at the wrong time, embarking on an unexpected adventure.", "follow_count": 0, "id": 267505, "is_following": false, "is_join_pending": false, "is_banned": false, "is_moderated": false, "name_readable": "Mr. Mittens", "post_count": 0, "source_profile_id": 347523, "source_type": "profile", "image": {"picURL": "https://static1.personality-database.com/profile_images/996dd5fa7248405b8abad4a77ab8e4d0.png"}, "join_to_post": false, "can_pin": false}, {"description": "", "follow_count": 0, "id": 188626, "is_following": false, "is_join_pending": false, "is_banned": false, "is_moderated": false, "name_readable": "Archimedes", "post_count": 0, "source_profile_id": 244023, "source_type": "profile", "image": {"picURL": "https://static1.personality-database.com/profile_images/754cc720c1394a878767a31c66c2d273.png"}, "join_to_post": false, "can_pin": false}, {"description": "", "follow_count": 0, "id": 188618, "is_following": false, "is_join_pending": false, "is_banned": false, "is_moderated": false, "name_readable": "Abraham Lincoln", "post_count": 0, "source_profile_id": 244015, "source_type": "profile", "image": {"picURL": "https://static1.personality-database.com/profile_images/83567ea625694756b329781ac2b16e0d.png"}, "join_to_post": false, "can_pin": false}, {"description": "", "follow_count": 0, "id": 188606, "is_following": false, "is_join_pending": false, "is_banned": false, "is_moderated": false, "name_readable": "Marie Antoinette", "post_count": 0, "source_profile_id": 244002, "source_type": "profile", "image": {"picURL": "https://static1.personality-database.com/profile_images/3b8f96f8821f4bbd970b86f67d3a616c.png"}, "join_to_post": false, "can_pin": false}, {"description": "", "follow_count": 0, "id": 188605, "is_following": false, "is_join_pending": false, "is_banned": false, "is_moderated": false, "name_readable": "Nicolaus Copernicus", "post_count": 0, "source_profile_id": 244001, "source_type": "profile", "image": {"picURL": "https://static1.personality-database.com/profile_images/65ff59070ebd498089c275ecb0abca11.png"}, "join_to_post": false, "can_pin": false}, {"description": "", "follow_count": 0, "id": 188602, "is_following": false, "is_join_pending": false, "is_banned": false, "is_moderated": false, "name_readable": "Muhammad Ali", "post_count": 0, "source_profile_id": 243998, "source_type": "profile", "image": {"picURL": "https://static1.personality-database.com/profile_images/8b2038f700ff4275b63dbc46cc805a55.png"}, "join_to_post": false, "can_pin": false}, {"description": "", "follow_count": 0, "id": 187836, "is_following": false, "is_join_pending": false, "is_banned": false, "is_moderated": false, "name_readable": "Connie", "post_count": 0, "source_profile_id": 243110, "source_type": "profile", "image": {"picURL": "https://static1.personality-database.com/profile_images/59f97a0f5080406e8634a6f2a20fbb45.png"}, "join_to_post": false, "can_pin": false}, {"description": "", "follow_count": 0, "id": 187834, "is_following": false, "is_join_pending": false, "is_banned": false, "is_moderated": false, "name_readable": "Dez", "post_count": 0, "source_profile_id": 243108, "source_type": "profile", "image": {"picURL": "https://static1.personality-database.com/profile_images/b87dda70d3cb42da8901fa09d846f666.png"}, "join_to_post": false, "can_pin": false}, {"description": "", "follow_count": 0, "id": 187401, "is_following": false, "is_join_pending": false, "is_banned": false, "is_moderated": false, "name_readable": "Dorothea Williams", "post_count": 0, "source_profile_id": 242313, "source_type": "profile", "image": {"picURL": "https://static1.personality-database.com/profile_images/0d4a1c6ddb8a47a4a79aa61de56633f1.png"}, "join_to_post": false, "can_pin": false}, {"description": "", "follow_count": 0, "id": 187400, "is_following": false, "is_join_pending": false, "is_banned": false, "is_moderated": false, "name_readable": "Libba Gardner", "post_count": 0, "source_profile_id": 242312, "source_type": "profile", "image": {"picURL": "https://static1.personality-database.com/profile_images/c5790068781642b0a79fb575dbb81283.png"}, "join_to_post": false, "can_pin": false}], "subcategory": "Soul (2020)", "topic_image_url": "https://static1.personality-database.com/profile_images/a29b4f0f268c4953aea24e4b1c157966.png", "source_location": {"cid": 3, "pid": 2, "sub_cat_id": 7873}, "can_post_image": false, "can_post_audio": false, "posts": {"posts": [{"username": "ProfessionalSingle", "user_pic_path": "https://static1.personality-database.com/user_avatars/738129/e5565d5b-8d89-4afa-a9c3-bdfd401ad585_small.jpeg", "user_personality_type": "7w6-714", "is_mod": false, "comment_count": 0, "reply_count": 0, "vote_type": 0, "topics_list": [{"id": 84655, "name_readable": "Joe Gardner"}], "id": 1423714, "post_id": 1423714, "user_id": 738129, "title": "", "content": "I love him. He is so passionate about jazz which is amazing but the issue was that he only focused on jazz because he thought after finally pursuing his dream job, his life would start. That he would feel satisfied, complete and that the world would finally start making sense. Almost everyone had that time where they think \u201cif I just achieve this one thing, I\u2019ll be happy with my life.\u201d Then when he finally got his dream job and he performed, it was an amazing performance but..instead of feeling complete..content\u2026whole.. satisfied, he felt lost and confused. Because he thought that when he finally achieved his dreams everything would be amazing. But it wasn\u2019t the case, his dreamlike fantasy of being complete after finally performing jazz didn\u2019t come true. He had to realize that focusing on one thing to bring you a sense of fulfilment and satisfaction is not right. In reality, he needed to focus on all the other joys in life too, little and big. I just loved it so much also I would recommend this video https://www.youtube.com/watch?v=SM3IQFgP-d8&vl=en it explained it very well and I used some parts of it for this comment and some are my personal experiences! But my experience aligns pretty well with the character and the video explained it SO AMAZINGLY SO HUGE CREDITS TO LESSONS FROM THE SCREENPLAY", "create_date": 1664439016000, "unix_timestamp": 1664439016000, "update_date": 1664439596000, "vote_count": 2, "vote_count_down": 0, "is_reported": 0, "is_hidden": false, "is_pinned": false, "is_watching": false, "is_pro_user": false, "images": null, "audios": null, "function_list": [], "type": "post"}, {"username": "orchidiot", "user_pic_path": "https://lh3.googleusercontent.com/a-/AOh14GhrxDUXtrqfKXqL0gzrJFcgeCbU4XfJqnCElEIK8sI=s96-c", "user_personality_type": "ISFP-9w1-945", "is_mod": false, "comment_count": 0, "reply_count": 0, "vote_type": 0, "topics_list": [{"id": 84655, "name_readable": "Joe Gardner"}], "id": 1244666, "post_id": 1244666, "user_id": 340778, "title": "", "content": "he\u2019s just like me fr", "create_date": 1661801182000, "unix_timestamp": 1661801182000, "update_date": 1661801182000, "vote_count": 2, "vote_count_down": 0, "is_reported": 0, "is_hidden": false, "is_pinned": false, "is_watching": false, "is_pro_user": false, "images": null, "audios": null, "function_list": [], "type": "post"}, {"username": "deleted user #231691", "user_pic_path": "", "user_personality_type": "XXXX", "is_mod": false, "comment_count": 1, "reply_count": 1, "vote_type": 0, "topics_list": [{"id": 84655, "name_readable": "Joe Gardner"}], "id": 189471, "post_id": 189471, "user_id": 231691, "title": "", "content": "Joe - ISFP\n22 - ENTP\n\n2 main characters who have opposite functions. One is Outcome, Interest and one is Progression, triple Systematic. How intersting!", "create_date": 1630738351000, "unix_timestamp": 1630738351000, "update_date": 1630738351000, "vote_count": 5, "vote_count_down": 1, "is_reported": 1, "is_hidden": false, "is_pinned": false, "is_watching": false, "is_pro_user": false, "images": null, "audios": null, "function_list": [], "type": "post"}]}}}}