{"id": 106394, "mbti_profile": "22", "profile_name_searchable": "22", "allow_commenting": true, "allow_voting": true, "user_id": 21584, "contributor": "Weegee9001", "contributor_create_date": "2020-03-13 01:59:01", "contributor_pic_path": "https://lh3.googleusercontent.com/a-/AOh14GjZA-BLH-61QzT3MsQByD1rGRbtW0UkSBUuyRgsNg=s96-c", "display_order": 995, "edit_lock": 0, "edit_lock_picture": 0, "is_active": true, "is_approved": true, "mbti_enneagram_type": "ESTP 7w8", "mbti_type": "ESTP 7w8", "pdb_comment_access": true, "pdb_page_owner": 0, "pdb_public_access": true, "wiki_description": "22 (the 22nd soul ever created) is a precocious soul who has spent hundreds of years at The You Seminar, where new souls must meet several requirements before going to Earth. Like every soul before her, 22 has been through the Personality Pavilions, which explains her endearing sarcasm, quick wit and occasional moodiness. She\u2019s met every requirement to go to Earth\u2014except one. But no matter how many visits she makes to the Hall of Everything, no matter how many esteemed luminaries have mentored her, she can\u2019t find the spark she needs to fulfill her requirements and make her way to Earth.", "watch_count": 328, "comment_count": 219, "vote_count": 594, "vote_count_enneagram": 269, "vote_count_mbti": 594, "total_vote_counts": 1139, "personality_type": "ESTP - 7w8 - sp/so - 748 - ILE - SLUEI - FLVE - Sanguine [Dominant]", "type_updated_date": "2021-03-17 11:58:16", "enneagram_vote": "", "enneagram_vote_id": 0, "mbti_vote": "", "mbti_vote_id": 0, "is_watching": false, "image_exists": false, "profile_image_url": "https://static1.personality-database.com/profile_images/fc179ba7fe644eaa82a1aca584e16868.png", "profile_image_credit": "", "profile_image_credit_id": 459317, "profile_image_credit_type": "0", "profile_image_credit_url": "", "alt_subcategory": "", "related_subcategories": "", "cat_id": 3, "category": "Movies", "category_is_fictional": true, "sub_cat_id": 7873, "subcategory": "Soul (2020)", "subcat_link_info": {"sub_cat_id": 7873, "cat_id": 3, "property_id": 2, "subcategory": "Soul (2020)"}, "related_subcat_link_info": null, "related_profiles": [{"id": 106393, "mbti_profile": "Joe Gardner", "subcategory": "Soul (2020)", "profile_image_url": "https://static1.personality-database.com/profile_images/a29b4f0f268c4953aea24e4b1c157966.png", "profile_name": "Joe Gardner", "profile_subcat": "Soul (2020)", "sub_cat_id": 7873, "cat_id": 3, "property_id": 2, "mbti": "ISFP", "enneatype": "4w3"}, {"id": 244000, "mbti_profile": "Carl Jung", "subcategory": "Soul (2020)", "profile_image_url": "https://static1.personality-database.com/profile_images/deed09afcd624f2d8906b45485efb89b.png", "profile_name": "Carl Jung", "profile_subcat": "Soul (2020)", "sub_cat_id": 7873, "cat_id": 3, "property_id": 2, "mbti": "INFJ", "enneatype": "5w4"}, {"id": 208538, "mbti_profile": "Terry", "subcategory": "Soul (2020)", "profile_image_url": "https://static1.personality-database.com/profile_images/1cd9e45435ef403da88f8b70ba91e91b.png", "profile_name": "Terry", "profile_subcat": "Soul (2020)", "sub_cat_id": 7873, "cat_id": 3, "property_id": 2, "mbti": "ESTJ", "enneatype": "3w4"}, {"id": 243110, "mbti_profile": "Connie", "subcategory": "Soul (2020)", "profile_image_url": "https://static1.personality-database.com/profile_images/59f97a0f5080406e8634a6f2a20fbb45.png", "profile_name": "Connie", "profile_subcat": "Soul (2020)", "sub_cat_id": 7873, "cat_id": 3, "property_id": 2, "mbti": "INTP", "enneatype": "5w4"}, {"id": 242382, "mbti_profile": "Moonwind", "subcategory": "Soul (2020)", "profile_image_url": "https://static1.personality-database.com/profile_images/9b8ca573cf394be1a0aad332433f9cea.png", "profile_name": "Moonwind", "profile_subcat": "Soul (2020)", "sub_cat_id": 7873, "cat_id": 3, "property_id": 2, "mbti": "ENFP", "enneatype": "7w6"}, {"id": 242313, "mbti_profile": "Dorothea Williams", "subcategory": "Soul (2020)", "profile_image_url": "https://static1.personality-database.com/profile_images/0d4a1c6ddb8a47a4a79aa61de56633f1.png", "profile_name": "Dorothea Williams", "profile_subcat": "Soul (2020)", "sub_cat_id": 7873, "cat_id": 3, "property_id": 2, "mbti": "ENTJ", "enneatype": "3w4"}, {"id": 243108, "mbti_profile": "Dez", "subcategory": "Soul (2020)", "profile_image_url": "https://static1.personality-database.com/profile_images/b87dda70d3cb42da8901fa09d846f666.png", "profile_name": "Dez", "profile_subcat": "Soul (2020)", "sub_cat_id": 7873, "cat_id": 3, "property_id": 2, "mbti": "ESFP", "enneatype": "7w8"}, {"id": 106893, "mbti_profile": "Paul", "subcategory": "Soul (2020)", "profile_image_url": "https://static1.personality-database.com/profile_images/62185f9fdb7844589037321d58ea1838.png", "profile_name": "Paul", "profile_subcat": "Soul (2020)", "sub_cat_id": 7873, "cat_id": 3, "property_id": 2, "mbti": "ESTP", "enneatype": "8w9"}], "functions": ["Se", "Ti", "Fe", "Ni"], "systems": [{"hex_color": "#888888", "id": 1, "personality_type": "XXXX", "personality_type_id": 0, "system_name": "Four Letter", "system_vote_count": 579, "user_vote_type_id": 0, "vote_id": 0}, {"hex_color": "#006775", "id": 2, "personality_type": "XXXX", "personality_type_id": 0, "system_name": "Enneagram", "system_vote_count": 258, "user_vote_type_id": 0, "vote_id": 0}, {"hex_color": "#006775", "id": 5, "personality_type": "XXXX", "personality_type_id": 0, "system_name": "Instinctual Variant", "system_vote_count": 68, "user_vote_type_id": 0, "vote_id": 0}, {"hex_color": "#006775", "id": 6, "personality_type": "XXXX", "personality_type_id": 0, "system_name": "Tritype", "system_vote_count": 61, "user_vote_type_id": 0, "vote_id": 0}, {"hex_color": "#888888", "id": 3, "personality_type": "XXXX", "personality_type_id": 0, "system_name": "Socionics", "system_vote_count": 25, "user_vote_type_id": 0, "vote_id": 0}, {"hex_color": "#888888", "id": 9, "personality_type": "XXXX", "personality_type_id": 0, "system_name": "Big 5 (SLOAN)", "system_vote_count": 25, "user_vote_type_id": 0, "vote_id": 0}, {"hex_color": "#888888", "id": 8, "personality_type": "XXXX", "personality_type_id": 0, "system_name": "Attitudinal Psyche", "system_vote_count": 15, "user_vote_type_id": 0, "vote_id": 0}, {"hex_color": "#888888", "id": 7, "personality_type": "XXXX", "personality_type_id": 0, "system_name": "Temperaments", "system_vote_count": 58, "user_vote_type_id": 0, "vote_id": 0}, {"hex_color": "#888888", "id": 11, "personality_type": "XXXX", "personality_type_id": 0, "system_name": "Classic Jungian", "system_vote_count": 3, "user_vote_type_id": 0, "vote_id": 0}], "breakdown_systems": {"1": [{"myValue": "ESTP", "personality_system_id": 1, "personality_type": "ESTP", "theCount": 415}, {"myValue": "ENTP", "personality_system_id": 1, "personality_type": "ENTP", "theCount": 117}, {"myValue": "ESFP", "personality_system_id": 1, "personality_type": "ESFP", "theCount": 15}, {"myValue": "ISTP", "personality_system_id": 1, "personality_type": "ISTP", "theCount": 10}, {"myValue": "ENFP", "personality_system_id": 1, "personality_type": "ENFP", "theCount": 8}, {"myValue": "INTP", "personality_system_id": 1, "personality_type": "INTP", "theCount": 8}, {"myValue": "ISFP", "personality_system_id": 1, "personality_type": "ISFP", "theCount": 2}, {"myValue": "ENTJ", "personality_system_id": 1, "personality_type": "ENTJ", "theCount": 1}, {"myValue": "ESFJ", "personality_system_id": 1, "personality_type": "ESFJ", "theCount": 1}, {"myValue": "INFP", "personality_system_id": 1, "personality_type": "INFP", "theCount": 1}, {"myValue": "INTJ", "personality_system_id": 1, "personality_type": "INTJ", "theCount": 1}], "10": [{"myValue": "Left-brained Extrovert", "personality_system_id": 10, "personality_type": "Left-brained Extrovert", "theCount": 8}, {"myValue": "Right-brained Extrovert", "personality_system_id": 10, "personality_type": "Right-brained Extrovert", "theCount": 1}], "11": [{"myValue": "ES(T)", "personality_system_id": 11, "personality_type": "ES(T)", "theCount": 2}, {"myValue": "IT(S)", "personality_system_id": 11, "personality_type": "IT(S)", "theCount": 1}], "2": [{"myValue": "7w8", "personality_system_id": 2, "personality_type": "7w8", "theCount": 196}, {"myValue": "5w4", "personality_system_id": 2, "personality_type": "5w4", "theCount": 30}, {"myValue": "7w6", "personality_system_id": 2, "personality_type": "7w6", "theCount": 8}, {"myValue": "4w5", "personality_system_id": 2, "personality_type": "4w5", "theCount": 6}, {"myValue": "8w7", "personality_system_id": 2, "personality_type": "8w7", "theCount": 5}, {"myValue": "4w3", "personality_system_id": 2, "personality_type": "4w3", "theCount": 4}, {"myValue": "9w8", "personality_system_id": 2, "personality_type": "9w8", "theCount": 4}, {"myValue": "6w7", "personality_system_id": 2, "personality_type": "6w7", "theCount": 2}, {"myValue": "8w9", "personality_system_id": 2, "personality_type": "8w9", "theCount": 2}, {"myValue": "1w9", "personality_system_id": 2, "personality_type": "1w9", "theCount": 1}], "3": [{"myValue": "ILE", "personality_system_id": 3, "personality_type": "ILE", "theCount": 20}, {"myValue": "SLE", "personality_system_id": 3, "personality_type": "SLE", "theCount": 3}, {"myValue": "SEE", "personality_system_id": 3, "personality_type": "SEE", "theCount": 1}, {"myValue": "SLI", "personality_system_id": 3, "personality_type": "SLI", "theCount": 1}], "4": [{"myValue": "Chaotic Neutral", "personality_system_id": 4, "personality_type": "Chaotic Neutral", "theCount": 35}, {"myValue": "True Neutral", "personality_system_id": 4, "personality_type": "True Neutral", "theCount": 2}, {"myValue": "Chaotic Good", "personality_system_id": 4, "personality_type": "Chaotic Good", "theCount": 1}], "5": [{"myValue": "sp/so", "personality_system_id": 5, "personality_type": "sp/so", "theCount": 49}, {"myValue": "sp/sx", "personality_system_id": 5, "personality_type": "sp/sx", "theCount": 12}, {"myValue": "sx/so", "personality_system_id": 5, "personality_type": "sx/so", "theCount": 3}, {"myValue": "sx/sp", "personality_system_id": 5, "personality_type": "sx/sp", "theCount": 3}, {"myValue": "so/sx", "personality_system_id": 5, "personality_type": "so/sx", "theCount": 1}], "6": [{"myValue": "748", "personality_system_id": 6, "personality_type": "748", "theCount": 45}, {"myValue": "784", "personality_system_id": 6, "personality_type": "784", "theCount": 6}, {"myValue": "583", "personality_system_id": 6, "personality_type": "583", "theCount": 2}, {"myValue": "874", "personality_system_id": 6, "personality_type": "874", "theCount": 2}, {"myValue": "478", "personality_system_id": 6, "personality_type": "478", "theCount": 1}, {"myValue": "713", "personality_system_id": 6, "personality_type": "713", "theCount": 1}, {"myValue": "749", "personality_system_id": 6, "personality_type": "749", "theCount": 1}, {"myValue": "847", "personality_system_id": 6, "personality_type": "847", "theCount": 1}, {"myValue": "864", "personality_system_id": 6, "personality_type": "864", "theCount": 1}, {"myValue": "974", "personality_system_id": 6, "personality_type": "974", "theCount": 1}], "7": [{"myValue": "Sanguine [Dominant]", "personality_system_id": 7, "personality_type": "Sanguine [Dominant]", "theCount": 35}, {"myValue": "Sanguine-Choleric", "personality_system_id": 7, "personality_type": "Sanguine-Choleric", "theCount": 9}, {"myValue": "Sanguine-Melancholic", "personality_system_id": 7, "personality_type": "Sanguine-Melancholic", "theCount": 6}, {"myValue": "Choleric-Melancholic", "personality_system_id": 7, "personality_type": "Choleric-Melancholic", "theCount": 3}, {"myValue": "Choleric-Sanguine", "personality_system_id": 7, "personality_type": "Choleric-Sanguine", "theCount": 2}, {"myValue": "Melancholic [Dominant]", "personality_system_id": 7, "personality_type": "Melancholic [Dominant]", "theCount": 1}, {"myValue": "Phlegmatic-Melancholic", "personality_system_id": 7, "personality_type": "Phlegmatic-Melancholic", "theCount": 1}, {"myValue": "Phlegmatic-Sanguine", "personality_system_id": 7, "personality_type": "Phlegmatic-Sanguine", "theCount": 1}], "8": [{"myValue": "FLVE", "personality_system_id": 8, "personality_type": "FLVE", "theCount": 11}, {"myValue": "FLEV", "personality_system_id": 8, "personality_type": "FLEV", "theCount": 3}, {"myValue": "FEVL", "personality_system_id": 8, "personality_type": "FEVL", "theCount": 1}], "9": [{"myValue": "SLUEI", "personality_system_id": 9, "personality_type": "SLUEI", "theCount": 15}, {"myValue": "SCUEN", "personality_system_id": 9, "personality_type": "SCUEN", "theCount": 6}, {"myValue": "SLUEN", "personality_system_id": 9, "personality_type": "SLUEN", "theCount": 2}, {"myValue": "RCUEN", "personality_system_id": 9, "personality_type": "RCUEN", "theCount": 1}, {"myValue": "SCUEI", "personality_system_id": 9, "personality_type": "SCUEI", "theCount": 1}]}, "breakdown_config": {"expand": {"1": 3, "10": 1, "11": 1, "2": 3, "3": 1, "4": 1, "5": 1, "6": 1, "7": 1, "8": 1, "9": 1}, "fire": {"1": 0, "10": 0, "11": 0, "2": 0, "3": 0, "4": 0, "5": 0, "6": 0, "7": 0, "8": 0, "9": 0}}, "mbti_letter_stats": [{"type": "E", "percentage": "96%", "PercentageFloat": 0.9620034542314335}, {"type": "S", "percentage": "77%", "PercentageFloat": 0.7651122625215889}, {"type": "T", "percentage": "95%", "PercentageFloat": 0.9533678756476683}, {"type": "P", "percentage": "99%", "PercentageFloat": 0.9948186528497409}], "topic_info": {"can_generate": false, "topic": {"description": "", "follow_count": 0, "id": 84656, "is_following": false, "is_join_pending": false, "is_banned": false, "is_moderated": false, "name_readable": "22", "post_count": 6, "source_profile_id": 106394, "source_type": "profile", "join_to_post": false, "can_pin": false, "related_topics": [{"description": "", "follow_count": 0, "id": 188604, "is_following": false, "is_join_pending": false, "is_banned": false, "is_moderated": false, "name_readable": "Carl Jung", "post_count": 20, "source_profile_id": 244000, "source_type": "profile", "image": {"picURL": "https://static1.personality-database.com/profile_images/deed09afcd624f2d8906b45485efb89b.png"}, "join_to_post": false, "can_pin": false}, {"description": "", "follow_count": 0, "id": 84656, "is_following": false, "is_join_pending": false, "is_banned": false, "is_moderated": false, "name_readable": "22", "post_count": 6, "source_profile_id": 106394, "source_type": "profile", "image": {"picURL": "https://static1.personality-database.com/profile_images/fc179ba7fe644eaa82a1aca584e16868.png"}, "join_to_post": false, "can_pin": false}, {"description": "", "follow_count": 0, "id": 84655, "is_following": false, "is_join_pending": false, "is_banned": false, "is_moderated": false, "name_readable": "Joe Gardner", "post_count": 6, "source_profile_id": 106393, "source_type": "profile", "image": {"picURL": "https://static1.personality-database.com/profile_images/a29b4f0f268c4953aea24e4b1c157966.png"}, "join_to_post": false, "can_pin": false}, {"description": "", "follow_count": 0, "id": 187463, "is_following": false, "is_join_pending": false, "is_banned": false, "is_moderated": false, "name_readable": "Moonwind", "post_count": 3, "source_profile_id": 242382, "source_type": "profile", "image": {"picURL": "https://static1.personality-database.com/profile_images/9b8ca573cf394be1a0aad332433f9cea.png"}, "join_to_post": false, "can_pin": false}, {"description": "", "follow_count": 0, "id": 188603, "is_following": false, "is_join_pending": false, "is_banned": false, "is_moderated": false, "name_readable": "Mother Teresa", "post_count": 1, "source_profile_id": 243999, "source_type": "profile", "image": {"picURL": "https://static1.personality-database.com/profile_images/f74116384c7a4abeadb972c4a9694a35.png"}, "join_to_post": false, "can_pin": false}, {"description": "The therapy cat lady is the owner of Mr Mittens and works with or is a volunteer for Feline Better Cat Therapy in the New York city hospital.\nAfter Mr Mittens disappears from the hospital she looks for him all over the city and is later happily reunited with him.", "follow_count": 0, "id": 281378, "is_following": false, "is_join_pending": false, "is_banned": false, "is_moderated": false, "name_readable": "Therapy Cat Lady", "post_count": 0, "source_profile_id": 365937, "source_type": "profile", "image": {"picURL": "https://static1.personality-database.com/profile_images/673307bc0f1045a69279eb8727421bac.png"}, "join_to_post": false, "can_pin": false}, {"description": "Mr. Mittens is a therapy cat who spends his days purring, cuddling and comforting patients in their hospital rooms. The cozy cat is enlisted to assist Joe Gardner when he\u2019s hospitalized after an unfortunate fall. Despite a job well done, Mr. Mittens ends up in the wrong place at the wrong time, embarking on an unexpected adventure.", "follow_count": 0, "id": 267505, "is_following": false, "is_join_pending": false, "is_banned": false, "is_moderated": false, "name_readable": "Mr. Mittens", "post_count": 0, "source_profile_id": 347523, "source_type": "profile", "image": {"picURL": "https://static1.personality-database.com/profile_images/996dd5fa7248405b8abad4a77ab8e4d0.png"}, "join_to_post": false, "can_pin": false}, {"description": "", "follow_count": 0, "id": 188626, "is_following": false, "is_join_pending": false, "is_banned": false, "is_moderated": false, "name_readable": "Archimedes", "post_count": 0, "source_profile_id": 244023, "source_type": "profile", "image": {"picURL": "https://static1.personality-database.com/profile_images/754cc720c1394a878767a31c66c2d273.png"}, "join_to_post": false, "can_pin": false}, {"description": "", "follow_count": 0, "id": 188618, "is_following": false, "is_join_pending": false, "is_banned": false, "is_moderated": false, "name_readable": "Abraham Lincoln", "post_count": 0, "source_profile_id": 244015, "source_type": "profile", "image": {"picURL": "https://static1.personality-database.com/profile_images/83567ea625694756b329781ac2b16e0d.png"}, "join_to_post": false, "can_pin": false}, {"description": "", "follow_count": 0, "id": 188606, "is_following": false, "is_join_pending": false, "is_banned": false, "is_moderated": false, "name_readable": "Marie Antoinette", "post_count": 0, "source_profile_id": 244002, "source_type": "profile", "image": {"picURL": "https://static1.personality-database.com/profile_images/3b8f96f8821f4bbd970b86f67d3a616c.png"}, "join_to_post": false, "can_pin": false}, {"description": "", "follow_count": 0, "id": 188605, "is_following": false, "is_join_pending": false, "is_banned": false, "is_moderated": false, "name_readable": "Nicolaus Copernicus", "post_count": 0, "source_profile_id": 244001, "source_type": "profile", "image": {"picURL": "https://static1.personality-database.com/profile_images/65ff59070ebd498089c275ecb0abca11.png"}, "join_to_post": false, "can_pin": false}, {"description": "", "follow_count": 0, "id": 188602, "is_following": false, "is_join_pending": false, "is_banned": false, "is_moderated": false, "name_readable": "Muhammad Ali", "post_count": 0, "source_profile_id": 243998, "source_type": "profile", "image": {"picURL": "https://static1.personality-database.com/profile_images/8b2038f700ff4275b63dbc46cc805a55.png"}, "join_to_post": false, "can_pin": false}, {"description": "", "follow_count": 0, "id": 187836, "is_following": false, "is_join_pending": false, "is_banned": false, "is_moderated": false, "name_readable": "Connie", "post_count": 0, "source_profile_id": 243110, "source_type": "profile", "image": {"picURL": "https://static1.personality-database.com/profile_images/59f97a0f5080406e8634a6f2a20fbb45.png"}, "join_to_post": false, "can_pin": false}, {"description": "", "follow_count": 0, "id": 187834, "is_following": false, "is_join_pending": false, "is_banned": false, "is_moderated": false, "name_readable": "Dez", "post_count": 0, "source_profile_id": 243108, "source_type": "profile", "image": {"picURL": "https://static1.personality-database.com/profile_images/b87dda70d3cb42da8901fa09d846f666.png"}, "join_to_post": false, "can_pin": false}, {"description": "", "follow_count": 0, "id": 187401, "is_following": false, "is_join_pending": false, "is_banned": false, "is_moderated": false, "name_readable": "Dorothea Williams", "post_count": 0, "source_profile_id": 242313, "source_type": "profile", "image": {"picURL": "https://static1.personality-database.com/profile_images/0d4a1c6ddb8a47a4a79aa61de56633f1.png"}, "join_to_post": false, "can_pin": false}, {"description": "", "follow_count": 0, "id": 187400, "is_following": false, "is_join_pending": false, "is_banned": false, "is_moderated": false, "name_readable": "Libba Gardner", "post_count": 0, "source_profile_id": 242312, "source_type": "profile", "image": {"picURL": "https://static1.personality-database.com/profile_images/c5790068781642b0a79fb575dbb81283.png"}, "join_to_post": false, "can_pin": false}], "subcategory": "Soul (2020)", "topic_image_url": "https://static1.personality-database.com/profile_images/fc179ba7fe644eaa82a1aca584e16868.png", "source_location": {"cid": 3, "pid": 2, "sub_cat_id": 7873}, "can_post_image": false, "can_post_audio": false, "posts": {"posts": [{"username": "Akemi_Lmao", "user_pic_path": "https://static1.personality-database.com/user_avatars/365802/773dbbe9-d8eb-4bb3-a987-dc04cdf119a2_small.jpeg", "user_personality_type": "ESFP-8w7-837", "is_mod": false, "comment_count": 0, "reply_count": 0, "vote_type": 0, "topics_list": [{"id": 84656, "name_readable": "22"}], "id": 1430342, "post_id": 1430342, "user_id": 365802, "title": "", "content": "They are just like me fr fr", "create_date": 1664543831000, "unix_timestamp": 1664543831000, "update_date": 1664543831000, "vote_count": 5, "vote_count_down": 0, "is_reported": 0, "is_hidden": false, "is_pinned": false, "is_watching": false, "is_pro_user": false, "images": null, "audios": null, "function_list": [], "type": "post"}, {"username": "rachel \u271e", "user_pic_path": "https://lh3.googleusercontent.com/a-/AOh14GhUfjGJkGHA9irqGURyHBOPsb32IXMmeOCMtn_XBg=s96-c", "user_personality_type": "ISFP-9w1-964", "is_mod": false, "comment_count": 0, "reply_count": 0, "vote_type": 0, "topics_list": [{"id": 84656, "name_readable": "22"}], "id": 187286, "post_id": 187286, "user_id": 38099, "title": "", "content": "from Mushu in Mulan\nto Nick Wilde in Zootopia\nand now there\u2019s 22 in Soul\n\nwhat is it with Disney animated films and ILE sidekicks? is ILE just The Type\u2122 for the comic-relief-characters-who-aren\u2019t-quite-the-main-character? lol", "create_date": 1636146781000, "unix_timestamp": 1636146781000, "update_date": 1636146781000, "vote_count": 3, "vote_count_down": 0, "is_reported": 0, "is_hidden": false, "is_pinned": false, "is_watching": false, "is_pro_user": false, "images": null, "audios": null, "function_list": [], "type": "post"}, {"username": "pinkroachy", "user_pic_path": "https://lh3.googleusercontent.com/a-/AOh14GgRAmlHoeOaXC8Pjh4eEW8h6G7k9XDkL1ilTyNSzw=s96-c", "user_personality_type": "7w8", "is_mod": false, "comment_count": 2, "reply_count": 2, "vote_type": 0, "topics_list": [{"id": 84656, "name_readable": "22"}], "id": 1956650, "post_id": 1956650, "user_id": 78889, "title": "", "content": "Ne-dom? How you can see her as a Ne user? She uses so much Se, that's obvious. Not all smart characters are intiutives.", "create_date": 1621922795000, "unix_timestamp": 1621922795000, "update_date": 1621922795000, "vote_count": 54, "vote_count_down": 0, "is_reported": 1, "is_hidden": false, "is_pinned": false, "is_watching": false, "is_pro_user": false, "images": null, "audios": null, "function_list": [], "type": "post"}]}}}}