{"id": 10754, "mbti_profile": "Lisa Rowe", "profile_name_searchable": "lisarowe", "allow_commenting": true, "allow_voting": true, "user_id": 3261, "contributor": "Jachn", "contributor_create_date": "2018-03-13 21:33:07", "contributor_pic_path": "https://lh5.googleusercontent.com/-7BVlTf580JM/AAAAAAAAAAI/AAAAAAAAFpA/fhDHaMjGnqM/s96-c/photo.jpg", "display_order": 995, "edit_lock": 0, "edit_lock_picture": 0, "is_active": true, "is_approved": true, "mbti_enneagram_type": "ESTP 8w7", "mbti_type": "ESTP 8w7", "pdb_comment_access": true, "pdb_page_owner": 0, "pdb_public_access": true, "wiki_description": "Lisa Rowe is the main antagonist in Girl Interrupted. She has been in the institution since she was twelve and has escaped several times over her eight year captivity but is always caught and is brought back eventually.", "watch_count": 788, "comment_count": 133, "vote_count": 480, "vote_count_enneagram": 294, "vote_count_mbti": 480, "total_vote_counts": 1273, "personality_type": "ESTP - 8w7 - sx/sp - 874 - SEE - SLUEN - VFLE - Choleric-Sanguine - ES(F)", "type_updated_date": "2022-11-29 19:30:34", "enneagram_vote": "", "enneagram_vote_id": 0, "mbti_vote": "", "mbti_vote_id": 0, "is_watching": false, "image_exists": false, "profile_image_url": "https://static1.personality-database.com/profile_images/38898b92d82e491c9574f50a381ebbd4.png", "profile_image_credit": "", "profile_image_credit_id": 475007, "profile_image_credit_type": "0", "profile_image_credit_url": "", "alt_subcategory": "", "related_subcategories": "", "cat_id": 3, "category": "Movies", "category_is_fictional": true, "sub_cat_id": 1436, "subcategory": "Girl, Interrupted (1999)", "subcat_link_info": {"sub_cat_id": 1436, "cat_id": 3, "property_id": 2, "subcategory": "Girl, Interrupted (1999)"}, "related_subcat_link_info": null, "related_profiles": [{"id": 10753, "mbti_profile": "Susanna Kaysen", "subcategory": "Girl, Interrupted (1999)", "profile_image_url": "https://static1.personality-database.com/profile_images/be6847249ec946d9a760b6ea07cbec99.png", "profile_name": "Susanna Kaysen", "profile_subcat": "Girl, Interrupted (1999)", "sub_cat_id": 1436, "cat_id": 3, "property_id": 2, "mbti": "INFP", "enneatype": "4w5"}, {"id": 14886, "mbti_profile": "Daisy Randone", "subcategory": "Girl, Interrupted (1999)", "profile_image_url": "https://static1.personality-database.com/profile_images/c0ca84147c714726be794c1803ceea79.png", "profile_name": "Daisy Randone", "profile_subcat": "Girl, Interrupted (1999)", "sub_cat_id": 1436, "cat_id": 3, "property_id": 2, "mbti": "ISFJ", "enneatype": "6w5"}, {"id": 315192, "mbti_profile": "Janet Webber", "subcategory": "Girl, Interrupted (1999)", "profile_image_url": "https://static1.personality-database.com/profile_images/2a1e986ab590404aa991d8e154a11865.png", "profile_name": "Janet Webber", "profile_subcat": "Girl, Interrupted (1999)", "sub_cat_id": 1436, "cat_id": 3, "property_id": 2, "mbti": "INTP", "enneatype": "8w9"}, {"id": 450038, "mbti_profile": "Toby Jacobs", "subcategory": "Girl, Interrupted (1999)", "profile_image_url": "https://static1.personality-database.com/profile_images/f7191c8d4d094ba58a2e6e82820adf23.png", "profile_name": "Toby Jacobs", "profile_subcat": "Girl, Interrupted (1999)", "sub_cat_id": 1436, "cat_id": 3, "property_id": 2, "mbti": "ESTP", "enneatype": "5w4"}, {"id": 14887, "mbti_profile": "Georgina Tuskin", "subcategory": "Girl, Interrupted (1999)", "profile_image_url": "https://static1.personality-database.com/profile_images/f3ba04ecfe8b44c4acde06bcec15d5d8.png", "profile_name": "Georgina Tuskin", "profile_subcat": "Girl, Interrupted (1999)", "sub_cat_id": 1436, "cat_id": 3, "property_id": 2, "mbti": "INFP", "enneatype": "5w4"}, {"id": 524571, "mbti_profile": "Bonnie Gilcrest", "subcategory": "Girl, Interrupted (1999)", "profile_image_url": "https://static1.personality-database.com/profile_images/4ca96a581de6479992e1db11bb23eda7.png", "profile_name": "Bonnie Gilcrest", "profile_subcat": "Girl, Interrupted (1999)", "sub_cat_id": 1436, "cat_id": 3, "property_id": 2, "mbti": "INTJ", "enneatype": "5w4"}, {"id": 25109, "mbti_profile": "Polly \u201cTorch\u201d Clark", "subcategory": "Girl, Interrupted (1999)", "profile_image_url": "https://static1.personality-database.com/profile_images/c1733726f70a4af2ad9de14ee289dd47.png", "profile_name": "Polly \u201cTorch\u201d Clark", "profile_subcat": "Girl, Interrupted (1999)", "sub_cat_id": 1436, "cat_id": 3, "property_id": 2, "mbti": "ISFJ", "enneatype": "9w1"}, {"id": 450077, "mbti_profile": "Tony", "subcategory": "Girl, Interrupted (1999)", "profile_image_url": "https://static1.personality-database.com/profile_images/8e0f3ad6d2b5485ab9c1e04b45373a57.png", "profile_name": "Tony", "profile_subcat": "Girl, Interrupted (1999)", "sub_cat_id": 1436, "cat_id": 3, "property_id": 2, "mbti": "ESFP", "enneatype": "6w7"}], "functions": ["Se", "Ti", "Fe", "Ni"], "systems": [{"hex_color": "#888888", "id": 1, "personality_type": "XXXX", "personality_type_id": 0, "system_name": "Four Letter", "system_vote_count": 463, "user_vote_type_id": 0, "vote_id": 0}, {"hex_color": "#006775", "id": 2, "personality_type": "XXXX", "personality_type_id": 0, "system_name": "Enneagram", "system_vote_count": 280, "user_vote_type_id": 0, "vote_id": 0}, {"hex_color": "#006775", "id": 5, "personality_type": "XXXX", "personality_type_id": 0, "system_name": "Instinctual Variant", "system_vote_count": 116, "user_vote_type_id": 0, "vote_id": 0}, {"hex_color": "#006775", "id": 6, "personality_type": "XXXX", "personality_type_id": 0, "system_name": "Tritype", "system_vote_count": 113, "user_vote_type_id": 0, "vote_id": 0}, {"hex_color": "#888888", "id": 3, "personality_type": "XXXX", "personality_type_id": 0, "system_name": "Socionics", "system_vote_count": 67, "user_vote_type_id": 0, "vote_id": 0}, {"hex_color": "#888888", "id": 9, "personality_type": "XXXX", "personality_type_id": 0, "system_name": "Big 5 (SLOAN)", "system_vote_count": 63, "user_vote_type_id": 0, "vote_id": 0}, {"hex_color": "#888888", "id": 8, "personality_type": "XXXX", "personality_type_id": 0, "system_name": "Attitudinal Psyche", "system_vote_count": 40, "user_vote_type_id": 0, "vote_id": 0}, {"hex_color": "#888888", "id": 7, "personality_type": "XXXX", "personality_type_id": 0, "system_name": "Temperaments", "system_vote_count": 98, "user_vote_type_id": 0, "vote_id": 0}, {"hex_color": "#888888", "id": 11, "personality_type": "XXXX", "personality_type_id": 0, "system_name": "Classic Jungian", "system_vote_count": 16, "user_vote_type_id": 0, "vote_id": 0}], "breakdown_systems": {"1": [{"myValue": "ESTP", "personality_system_id": 1, "personality_type": "ESTP", "theCount": 387}, {"myValue": "ESFP", "personality_system_id": 1, "personality_type": "ESFP", "theCount": 36}, {"myValue": "ENTP", "personality_system_id": 1, "personality_type": "ENTP", "theCount": 30}, {"myValue": "ENTJ", "personality_system_id": 1, "personality_type": "ENTJ", "theCount": 4}, {"myValue": "ISTP", "personality_system_id": 1, "personality_type": "ISTP", "theCount": 3}, {"myValue": "ESTJ", "personality_system_id": 1, "personality_type": "ESTJ", "theCount": 1}, {"myValue": "INFJ", "personality_system_id": 1, "personality_type": "INFJ", "theCount": 1}, {"myValue": "ISFP", "personality_system_id": 1, "personality_type": "ISFP", "theCount": 1}], "11": [{"myValue": "ES(F)", "personality_system_id": 11, "personality_type": "ES(F)", "theCount": 12}, {"myValue": "ES(T)", "personality_system_id": 11, "personality_type": "ES(T)", "theCount": 3}, {"myValue": "EN(T)", "personality_system_id": 11, "personality_type": "EN(T)", "theCount": 1}], "2": [{"myValue": "8w7", "personality_system_id": 2, "personality_type": "8w7", "theCount": 242}, {"myValue": "4w3", "personality_system_id": 2, "personality_type": "4w3", "theCount": 23}, {"myValue": "7w8", "personality_system_id": 2, "personality_type": "7w8", "theCount": 11}, {"myValue": "2w3", "personality_system_id": 2, "personality_type": "2w3", "theCount": 2}, {"myValue": "4w5", "personality_system_id": 2, "personality_type": "4w5", "theCount": 2}], "3": [{"myValue": "SEE", "personality_system_id": 3, "personality_type": "SEE", "theCount": 41}, {"myValue": "SLE", "personality_system_id": 3, "personality_type": "SLE", "theCount": 20}, {"myValue": "ILE", "personality_system_id": 3, "personality_type": "ILE", "theCount": 5}, {"myValue": "LIE", "personality_system_id": 3, "personality_type": "LIE", "theCount": 1}], "4": [{"myValue": "Chaotic Evil", "personality_system_id": 4, "personality_type": "Chaotic Evil", "theCount": 9}, {"myValue": "Chaotic Neutral", "personality_system_id": 4, "personality_type": "Chaotic Neutral", "theCount": 8}], "5": [{"myValue": "sx/sp", "personality_system_id": 5, "personality_type": "sx/sp", "theCount": 78}, {"myValue": "sp/sx", "personality_system_id": 5, "personality_type": "sp/sx", "theCount": 20}, {"myValue": "sx/so", "personality_system_id": 5, "personality_type": "sx/so", "theCount": 13}, {"myValue": "so/sx", "personality_system_id": 5, "personality_type": "so/sx", "theCount": 5}], "6": [{"myValue": "874", "personality_system_id": 6, "personality_type": "874", "theCount": 58}, {"myValue": "847", "personality_system_id": 6, "personality_type": "847", "theCount": 26}, {"myValue": "487", "personality_system_id": 6, "personality_type": "487", "theCount": 14}, {"myValue": "873", "personality_system_id": 6, "personality_type": "873", "theCount": 3}, {"myValue": "478", "personality_system_id": 6, "personality_type": "478", "theCount": 2}, {"myValue": "784", "personality_system_id": 6, "personality_type": "784", "theCount": 2}, {"myValue": "837", "personality_system_id": 6, "personality_type": "837", "theCount": 2}, {"myValue": "872", "personality_system_id": 6, "personality_type": "872", "theCount": 2}, {"myValue": "287", "personality_system_id": 6, "personality_type": "287", "theCount": 1}, {"myValue": "728", "personality_system_id": 6, "personality_type": "728", "theCount": 1}, {"myValue": "748", "personality_system_id": 6, "personality_type": "748", "theCount": 1}, {"myValue": "827", "personality_system_id": 6, "personality_type": "827", "theCount": 1}], "7": [{"myValue": "Choleric-Sanguine", "personality_system_id": 7, "personality_type": "Choleric-Sanguine", "theCount": 72}, {"myValue": "Sanguine-Choleric", "personality_system_id": 7, "personality_type": "Sanguine-Choleric", "theCount": 13}, {"myValue": "Choleric [Dominant]", "personality_system_id": 7, "personality_type": "Choleric [Dominant]", "theCount": 8}, {"myValue": "Choleric-Melancholic", "personality_system_id": 7, "personality_type": "Choleric-Melancholic", "theCount": 2}, {"myValue": "Sanguine [Dominant]", "personality_system_id": 7, "personality_type": "Sanguine [Dominant]", "theCount": 2}, {"myValue": "Melancholic [Dominant]", "personality_system_id": 7, "personality_type": "Melancholic [Dominant]", "theCount": 1}], "8": [{"myValue": "VFLE", "personality_system_id": 8, "personality_type": "VFLE", "theCount": 15}, {"myValue": "EFVL", "personality_system_id": 8, "personality_type": "EFVL", "theCount": 12}, {"myValue": "VLFE", "personality_system_id": 8, "personality_type": "VLFE", "theCount": 4}, {"myValue": "VFEL", "personality_system_id": 8, "personality_type": "VFEL", "theCount": 3}, {"myValue": "FEVL", "personality_system_id": 8, "personality_type": "FEVL", "theCount": 2}, {"myValue": "FLVE", "personality_system_id": 8, "personality_type": "FLVE", "theCount": 2}, {"myValue": "ELFV", "personality_system_id": 8, "personality_type": "ELFV", "theCount": 1}, {"myValue": "EVLF", "personality_system_id": 8, "personality_type": "EVLF", "theCount": 1}], "9": [{"myValue": "SLUEN", "personality_system_id": 9, "personality_type": "SLUEN", "theCount": 44}, {"myValue": "SLUEI", "personality_system_id": 9, "personality_type": "SLUEI", "theCount": 16}, {"myValue": "SCUEN", "personality_system_id": 9, "personality_type": "SCUEN", "theCount": 2}, {"myValue": "RCUEI", "personality_system_id": 9, "personality_type": "RCUEI", "theCount": 1}]}, "breakdown_config": {"expand": {"1": 3, "11": 1, "2": 3, "3": 1, "4": 1, "5": 1, "6": 1, "7": 1, "8": 2, "9": 1}, "fire": {"1": 0, "11": 0, "2": 0, "3": 0, "4": 0, "5": 0, "6": 0, "7": 0, "8": 1, "9": 0}}, "mbti_letter_stats": [{"type": "E", "percentage": "99%", "PercentageFloat": 0.9892008639308856}, {"type": "S", "percentage": "92%", "PercentageFloat": 0.9244060475161987}, {"type": "T", "percentage": "92%", "PercentageFloat": 0.91792656587473}, {"type": "P", "percentage": "99%", "PercentageFloat": 0.9870410367170627}], "topic_info": {"can_generate": false, "topic": {"description": "#AngelinaJolie", "follow_count": 1, "id": 10053, "is_following": false, "is_join_pending": false, "is_banned": false, "is_moderated": false, "name_readable": "Lisa Rowe", "post_count": 20, "source_profile_id": 10754, "source_type": "profile", "join_to_post": false, "can_pin": false, "related_topics": [{"description": "#AngelinaJolie", "follow_count": 1, "id": 10053, "is_following": false, "is_join_pending": false, "is_banned": false, "is_moderated": false, "name_readable": "Lisa Rowe", "post_count": 20, "source_profile_id": 10754, "source_type": "profile", "image": {"picURL": "https://static1.personality-database.com/profile_images/38898b92d82e491c9574f50a381ebbd4.png"}, "join_to_post": false, "can_pin": false}, {"description": "#WinonaRyder", "follow_count": 1, "id": 10052, "is_following": false, "is_join_pending": false, "is_banned": false, "is_moderated": false, "name_readable": "Susanna Kaysen", "post_count": 13, "source_profile_id": 10753, "source_type": "profile", "image": {"picURL": "https://static1.personality-database.com/profile_images/be6847249ec946d9a760b6ea07cbec99.png"}, "join_to_post": false, "can_pin": false}, {"description": "#BrittanyMurphy", "follow_count": 0, "id": 13715, "is_following": false, "is_join_pending": false, "is_banned": false, "is_moderated": false, "name_readable": "Daisy Randone", "post_count": 4, "source_profile_id": 14886, "source_type": "profile", "image": {"picURL": "https://static1.personality-database.com/profile_images/c0ca84147c714726be794c1803ceea79.png"}, "join_to_post": false, "can_pin": false}, {"description": "#ElisabethMoss", "follow_count": 0, "id": 22601, "is_following": false, "is_join_pending": false, "is_banned": false, "is_moderated": false, "name_readable": "Polly \u201cTorch\u201d Clark", "post_count": 2, "source_profile_id": 25109, "source_type": "profile", "image": {"picURL": "https://static1.personality-database.com/profile_images/c1733726f70a4af2ad9de14ee289dd47.png"}, "join_to_post": false, "can_pin": false}, {"description": "#JaredLeto", "follow_count": 0, "id": 345448, "is_following": false, "is_join_pending": false, "is_banned": false, "is_moderated": false, "name_readable": "Toby Jacobs", "post_count": 2, "source_profile_id": 450038, "source_type": "profile", "image": {"picURL": "https://static1.personality-database.com/profile_images/f7191c8d4d094ba58a2e6e82820adf23.png"}, "join_to_post": false, "can_pin": false}, {"description": "", "follow_count": 0, "id": 13717, "is_following": false, "is_join_pending": false, "is_banned": false, "is_moderated": false, "name_readable": "Valerie Owens", "post_count": 1, "source_profile_id": 14888, "source_type": "profile", "image": {"picURL": "https://static1.personality-database.com/profile_images/439e57ab4b6b45dc8b0cd9607d74375d.png"}, "join_to_post": false, "can_pin": false}, {"description": "Advanced therapist for patients at Claymoore", "follow_count": 0, "id": 334762, "is_following": false, "is_join_pending": false, "is_banned": false, "is_moderated": false, "name_readable": "Dr. Sonia Wick", "post_count": 1, "source_profile_id": 450051, "source_type": "profile", "image": {"picURL": "https://www.personality-database.com/images/profile_transparent.png"}, "join_to_post": false, "can_pin": false}, {"description": "#CleaDuVall", "follow_count": 0, "id": 13716, "is_following": false, "is_join_pending": false, "is_banned": false, "is_moderated": false, "name_readable": "Georgina Tuskin", "post_count": 0, "source_profile_id": 14887, "source_type": "profile", "image": {"picURL": "https://static1.personality-database.com/profile_images/f3ba04ecfe8b44c4acde06bcec15d5d8.png"}, "join_to_post": false, "can_pin": false}, {"description": "", "follow_count": 0, "id": 242447, "is_following": false, "is_join_pending": false, "is_banned": false, "is_moderated": false, "name_readable": "Janet Webber", "post_count": 0, "source_profile_id": 315192, "source_type": "profile", "image": {"picURL": "https://static1.personality-database.com/profile_images/2a1e986ab590404aa991d8e154a11865.png"}, "join_to_post": false, "can_pin": false}, {"description": "", "follow_count": 0, "id": 276140, "is_following": false, "is_join_pending": false, "is_banned": false, "is_moderated": false, "name_readable": "Mrs. Gilcrest", "post_count": 0, "source_profile_id": 358978, "source_type": "profile", "image": {"picURL": "https://static1.personality-database.com/profile_images/0a656f44eb984c9399d017c9c4b09c59.png"}, "join_to_post": false, "can_pin": false}], "subcategory": "Girl, Interrupted (1999)", "topic_image_url": "https://static1.personality-database.com/profile_images/38898b92d82e491c9574f50a381ebbd4.png", "source_location": {"cid": 3, "pid": 2, "sub_cat_id": 1436}, "can_post_image": false, "can_post_audio": false, "posts": {"posts": [{"username": "that ellean mf", "user_pic_path": "https://static1.personality-database.com/user_avatars/1610448/7d81835f-d323-431b-a4b8-8582ccfc9730_small.webp", "user_personality_type": "ENTJ-3w4-385", "is_mod": false, "comment_count": 1, "reply_count": 1, "vote_type": 0, "topics_list": [{"id": 10053, "name_readable": "Lisa Rowe"}], "id": 1942594, "post_id": 1942594, "user_id": 1610448, "title": "", "content": "why do i relate to this girlboss so much", "create_date": 1671081554000, "unix_timestamp": 1671081554000, "update_date": 1671081554000, "vote_count": 1, "vote_count_down": 0, "is_reported": 0, "is_hidden": false, "is_pinned": false, "is_watching": false, "is_pro_user": true, "images": null, "audios": null, "function_list": [], "type": "post"}, {"username": "Main Character", "user_pic_path": "https://static1.personality-database.com/user_avatars/769903/6cadfc98-2fea-4710-b7b8-a9d83499d477_small.webp", "user_personality_type": "ESFP-2w3-278", "is_mod": false, "comment_count": 1, "reply_count": 1, "vote_type": 0, "topics_list": [{"id": 10053, "name_readable": "Lisa Rowe"}], "id": 1778978, "post_id": 1778978, "user_id": 769903, "title": "", "content": "Everybody knows\u2026 everybody knows, that he f\u00fccks you. But what they don\u2019t know, is that you like it. \ud83d\ude08", "create_date": 1668970080000, "unix_timestamp": 1668970080000, "update_date": 1668970087000, "vote_count": 6, "vote_count_down": 0, "is_reported": 0, "is_hidden": false, "is_pinned": false, "is_watching": false, "is_pro_user": true, "images": null, "audios": null, "function_list": [], "type": "post"}, {"username": "pumyra", "user_pic_path": "https://lh3.googleusercontent.com/a-/AOh14Gh9QWSA4sEIvtwHT19_yuSlU6UpJmT95jgGKvlFEw=s96-c", "user_personality_type": "", "is_mod": false, "comment_count": 0, "reply_count": 0, "vote_type": 0, "topics_list": [{"id": 10053, "name_readable": "Lisa Rowe"}], "id": 1759030, "post_id": 1759030, "user_id": 191396, "title": "", "content": "4E omfg what have y'all done...", "create_date": 1668692077000, "unix_timestamp": 1668692077000, "update_date": 1668692077000, "vote_count": 10, "vote_count_down": 0, "is_reported": 0, "is_hidden": false, "is_pinned": false, "is_watching": false, "is_pro_user": false, "images": null, "audios": null, "function_list": [], "type": "post"}]}}}}