{"id": 10989, "mbti_profile": "The Once-ler", "profile_name_searchable": "sexyman", "allow_commenting": true, "allow_voting": true, "user_id": 1, "contributor": "Kicking Lettuce", "contributor_create_date": "2018-04-02 04:12:18", "contributor_pic_path": "https://lh3.googleusercontent.com/a-/AFdZucrdBMOKLDDI4aEj02a1UJKyINeog4FnWpea5P_8COM=s96-c", "display_order": 1010, "edit_lock": 0, "edit_lock_picture": 0, "is_active": true, "is_approved": true, "mbti_enneagram_type": "ENFP 3w4", "mbti_type": "ENFP 3w4", "pdb_comment_access": true, "pdb_page_owner": 0, "pdb_public_access": true, "wiki_description": "How bad could he possibly be?\nSexiest man in cinematic history.\n#EdHelms", "watch_count": 1094, "comment_count": 210, "vote_count": 649, "vote_count_enneagram": 293, "vote_count_mbti": 649, "total_vote_counts": 1275, "personality_type": "ENFP - 3w4 - so/sp - 378 - LIE - SCUEI - Choleric-Sanguine - EN(T)", "type_updated_date": "2023-01-01 09:00:28", "enneagram_vote": "", "enneagram_vote_id": 0, "mbti_vote": "", "mbti_vote_id": 0, "is_watching": false, "image_exists": false, "profile_image_url": "https://static1.personality-database.com/profile_images/21410cb3ae89407cbcf57ae96f1af859.png", "profile_image_credit": "", "profile_image_credit_id": 0, "profile_image_credit_type": "0", "profile_image_credit_url": "", "alt_subcategory": "", "related_subcategories": "", "cat_id": 3, "category": "Movies", "category_is_fictional": true, "sub_cat_id": 1454, "subcategory": "The Lorax (2012)", "subcat_link_info": {"sub_cat_id": 1454, "cat_id": 3, "property_id": 2, "subcategory": "The Lorax (2012)"}, "related_subcat_link_info": null, "related_profiles": [{"id": 10988, "mbti_profile": "The Lorax", "subcategory": "The Lorax (2012)", "profile_image_url": "https://static1.personality-database.com/profile_images/96fb59c8d021426aba236707312128ff.png", "profile_name": "The Lorax", "profile_subcat": "The Lorax (2012)", "sub_cat_id": 1454, "cat_id": 3, "property_id": 2, "mbti": "ENFJ", "enneatype": "9w8"}, {"id": 10992, "mbti_profile": "Aloysius O'Hare", "subcategory": "The Lorax (2012)", "profile_image_url": "https://static1.personality-database.com/profile_images/695e85c8aa464980b4684ea06864366d.png", "profile_name": "Aloysius O'Hare", "profile_subcat": "The Lorax (2012)", "sub_cat_id": 1454, "cat_id": 3, "property_id": 2, "mbti": "ENTJ", "enneatype": "3w4"}, {"id": 10990, "mbti_profile": "Ted Wiggins", "subcategory": "The Lorax (2012)", "profile_image_url": "https://static1.personality-database.com/profile_images/134a3aff8e474be085016b8eeb6f8be5.png", "profile_name": "Ted Wiggins", "profile_subcat": "The Lorax (2012)", "sub_cat_id": 1454, "cat_id": 3, "property_id": 2, "mbti": "ISFP", "enneatype": "6w7"}, {"id": 316464, "mbti_profile": "Thneed", "subcategory": "The Lorax (2012)", "profile_image_url": "https://static1.personality-database.com/profile_images/1d3ad849588c4c39b76a4f6e96aefc02.png", "profile_name": "Thneed", "profile_subcat": "The Lorax (2012)", "sub_cat_id": 1454, "cat_id": 3, "property_id": 2, "mbti": "ESTP", "enneatype": "3w4"}, {"id": 10991, "mbti_profile": "Audrey", "subcategory": "The Lorax (2012)", "profile_image_url": "https://static1.personality-database.com/profile_images/9109f2067f6f48fdbd98fa9658f8fc7a.png", "profile_name": "Audrey", "profile_subcat": "The Lorax (2012)", "sub_cat_id": 1454, "cat_id": 3, "property_id": 2, "mbti": "ENFP", "enneatype": "2w1"}, {"id": 163407, "mbti_profile": "Cy", "subcategory": "The Lorax (2012)", "profile_image_url": "https://static1.personality-database.com/profile_images/5c0f55601a1b43699fc579a38673130c.png", "profile_name": "Cy", "profile_subcat": "The Lorax (2012)", "sub_cat_id": 1454, "cat_id": 3, "property_id": 2, "mbti": "ENFP", "enneatype": "2w3"}, {"id": 16300, "mbti_profile": "Grammy Norma", "subcategory": "The Lorax (2012)", "profile_image_url": "https://static1.personality-database.com/profile_images/b7a88061de9b4ae4a6fce567d89d3da8.png", "profile_name": "Grammy Norma", "profile_subcat": "The Lorax (2012)", "sub_cat_id": 1454, "cat_id": 3, "property_id": 2, "mbti": "ENFJ", "enneatype": "2w1"}, {"id": 178182, "mbti_profile": "The Duck", "subcategory": "The Lorax (2012)", "profile_image_url": "https://static1.personality-database.com/profile_images/865cb75bff484299aaf7ec2f048f483f.png", "profile_name": "The Duck", "profile_subcat": "The Lorax (2012)", "sub_cat_id": 1454, "cat_id": 3, "property_id": 2, "mbti": "ESFP", "enneatype": "9w8"}], "functions": ["Ne", "Fi", "Te", "Si"], "systems": [{"hex_color": "#888888", "id": 1, "personality_type": "XXXX", "personality_type_id": 0, "system_name": "Four Letter", "system_vote_count": 633, "user_vote_type_id": 0, "vote_id": 0}, {"hex_color": "#006775", "id": 2, "personality_type": "XXXX", "personality_type_id": 0, "system_name": "Enneagram", "system_vote_count": 285, "user_vote_type_id": 0, "vote_id": 0}, {"hex_color": "#006775", "id": 5, "personality_type": "XXXX", "personality_type_id": 0, "system_name": "Instinctual Variant", "system_vote_count": 71, "user_vote_type_id": 0, "vote_id": 0}, {"hex_color": "#006775", "id": 6, "personality_type": "XXXX", "personality_type_id": 0, "system_name": "Tritype", "system_vote_count": 69, "user_vote_type_id": 0, "vote_id": 0}, {"hex_color": "#888888", "id": 3, "personality_type": "XXXX", "personality_type_id": 0, "system_name": "Socionics", "system_vote_count": 44, "user_vote_type_id": 0, "vote_id": 0}, {"hex_color": "#888888", "id": 9, "personality_type": "XXXX", "personality_type_id": 0, "system_name": "Big 5 (SLOAN)", "system_vote_count": 31, "user_vote_type_id": 0, "vote_id": 0}, {"hex_color": "#888888", "id": 8, "personality_type": "XXXX", "personality_type_id": 0, "system_name": "Attitudinal Psyche", "system_vote_count": 32, "user_vote_type_id": 0, "vote_id": 0}, {"hex_color": "#888888", "id": 7, "personality_type": "XXXX", "personality_type_id": 0, "system_name": "Temperaments", "system_vote_count": 72, "user_vote_type_id": 0, "vote_id": 0}, {"hex_color": "#888888", "id": 11, "personality_type": "XXXX", "personality_type_id": 0, "system_name": "Classic Jungian", "system_vote_count": 10, "user_vote_type_id": 0, "vote_id": 0}], "breakdown_systems": {"1": [{"myValue": "ENFP", "personality_system_id": 1, "personality_type": "ENFP", "theCount": 349}, {"myValue": "ENTP", "personality_system_id": 1, "personality_type": "ENTP", "theCount": 203}, {"myValue": "ESTJ", "personality_system_id": 1, "personality_type": "ESTJ", "theCount": 55}, {"myValue": "ESTP", "personality_system_id": 1, "personality_type": "ESTP", "theCount": 7}, {"myValue": "ENTJ", "personality_system_id": 1, "personality_type": "ENTJ", "theCount": 5}, {"myValue": "ESFP", "personality_system_id": 1, "personality_type": "ESFP", "theCount": 4}, {"myValue": "ENFJ", "personality_system_id": 1, "personality_type": "ENFJ", "theCount": 2}, {"myValue": "ESFJ", "personality_system_id": 1, "personality_type": "ESFJ", "theCount": 2}, {"myValue": "INFP", "personality_system_id": 1, "personality_type": "INFP", "theCount": 2}, {"myValue": "ISTJ", "personality_system_id": 1, "personality_type": "ISTJ", "theCount": 2}, {"myValue": "INTJ", "personality_system_id": 1, "personality_type": "INTJ", "theCount": 1}, {"myValue": "INTP", "personality_system_id": 1, "personality_type": "INTP", "theCount": 1}], "11": [{"myValue": "EN(T)", "personality_system_id": 11, "personality_type": "EN(T)", "theCount": 7}, {"myValue": "ET(N)", "personality_system_id": 11, "personality_type": "ET(N)", "theCount": 1}, {"myValue": "ET(S)", "personality_system_id": 11, "personality_type": "ET(S)", "theCount": 1}, {"myValue": "IN(T)", "personality_system_id": 11, "personality_type": "IN(T)", "theCount": 1}], "2": [{"myValue": "3w4", "personality_system_id": 2, "personality_type": "3w4", "theCount": 260}, {"myValue": "3w2", "personality_system_id": 2, "personality_type": "3w2", "theCount": 13}, {"myValue": "7w8", "personality_system_id": 2, "personality_type": "7w8", "theCount": 4}, {"myValue": "7w6", "personality_system_id": 2, "personality_type": "7w6", "theCount": 3}, {"myValue": "4w3", "personality_system_id": 2, "personality_type": "4w3", "theCount": 2}, {"myValue": "1w2", "personality_system_id": 2, "personality_type": "1w2", "theCount": 1}, {"myValue": "4w5", "personality_system_id": 2, "personality_type": "4w5", "theCount": 1}, {"myValue": "8w7", "personality_system_id": 2, "personality_type": "8w7", "theCount": 1}], "3": [{"myValue": "LIE", "personality_system_id": 3, "personality_type": "LIE", "theCount": 14}, {"myValue": "SEE", "personality_system_id": 3, "personality_type": "SEE", "theCount": 12}, {"myValue": "IEE", "personality_system_id": 3, "personality_type": "IEE", "theCount": 9}, {"myValue": "EIE", "personality_system_id": 3, "personality_type": "EIE", "theCount": 3}, {"myValue": "LSE", "personality_system_id": 3, "personality_type": "LSE", "theCount": 3}, {"myValue": "EII", "personality_system_id": 3, "personality_type": "EII", "theCount": 2}, {"myValue": "SLE", "personality_system_id": 3, "personality_type": "SLE", "theCount": 1}], "4": [{"myValue": "Chaotic Neutral", "personality_system_id": 4, "personality_type": "Chaotic Neutral", "theCount": 22}, {"myValue": "Neutral Evil", "personality_system_id": 4, "personality_type": "Neutral Evil", "theCount": 5}, {"myValue": "Chaotic Evil", "personality_system_id": 4, "personality_type": "Chaotic Evil", "theCount": 1}], "5": [{"myValue": "so/sp", "personality_system_id": 5, "personality_type": "so/sp", "theCount": 55}, {"myValue": "so/sx", "personality_system_id": 5, "personality_type": "so/sx", "theCount": 6}, {"myValue": "sp/so", "personality_system_id": 5, "personality_type": "sp/so", "theCount": 5}, {"myValue": "sp/sx", "personality_system_id": 5, "personality_type": "sp/sx", "theCount": 4}, {"myValue": "sx/sp", "personality_system_id": 5, "personality_type": "sx/sp", "theCount": 1}], "6": [{"myValue": "378", "personality_system_id": 6, "personality_type": "378", "theCount": 48}, {"myValue": "317", "personality_system_id": 6, "personality_type": "317", "theCount": 7}, {"myValue": "379", "personality_system_id": 6, "personality_type": "379", "theCount": 4}, {"myValue": "368", "personality_system_id": 6, "personality_type": "368", "theCount": 2}, {"myValue": "387", "personality_system_id": 6, "personality_type": "387", "theCount": 2}, {"myValue": "126", "personality_system_id": 6, "personality_type": "126", "theCount": 1}, {"myValue": "135", "personality_system_id": 6, "personality_type": "135", "theCount": 1}, {"myValue": "146", "personality_system_id": 6, "personality_type": "146", "theCount": 1}, {"myValue": "371", "personality_system_id": 6, "personality_type": "371", "theCount": 1}, {"myValue": "385", "personality_system_id": 6, "personality_type": "385", "theCount": 1}, {"myValue": "738", "personality_system_id": 6, "personality_type": "738", "theCount": 1}], "7": [{"myValue": "Choleric-Sanguine", "personality_system_id": 7, "personality_type": "Choleric-Sanguine", "theCount": 56}, {"myValue": "Sanguine-Choleric", "personality_system_id": 7, "personality_type": "Sanguine-Choleric", "theCount": 8}, {"myValue": "Choleric [Dominant]", "personality_system_id": 7, "personality_type": "Choleric [Dominant]", "theCount": 3}, {"myValue": "Sanguine [Dominant]", "personality_system_id": 7, "personality_type": "Sanguine [Dominant]", "theCount": 2}, {"myValue": "Choleric-Melancholic", "personality_system_id": 7, "personality_type": "Choleric-Melancholic", "theCount": 1}, {"myValue": "Phlegmatic-Sanguine", "personality_system_id": 7, "personality_type": "Phlegmatic-Sanguine", "theCount": 1}, {"myValue": "Sanguine-Phlegmatic", "personality_system_id": 7, "personality_type": "Sanguine-Phlegmatic", "theCount": 1}], "8": [{"myValue": "VEFL", "personality_system_id": 8, "personality_type": "VEFL", "theCount": 12}, {"myValue": "VLEF", "personality_system_id": 8, "personality_type": "VLEF", "theCount": 11}, {"myValue": "VFEL", "personality_system_id": 8, "personality_type": "VFEL", "theCount": 6}, {"myValue": "EVLF", "personality_system_id": 8, "personality_type": "EVLF", "theCount": 1}, {"myValue": "FLVE", "personality_system_id": 8, "personality_type": "FLVE", "theCount": 1}, {"myValue": "LVEF", "personality_system_id": 8, "personality_type": "LVEF", "theCount": 1}], "9": [{"myValue": "SCUEI", "personality_system_id": 9, "personality_type": "SCUEI", "theCount": 13}, {"myValue": "SLUEI", "personality_system_id": 9, "personality_type": "SLUEI", "theCount": 8}, {"myValue": "SCOEI", "personality_system_id": 9, "personality_type": "SCOEI", "theCount": 5}, {"myValue": "RLOEI", "personality_system_id": 9, "personality_type": "RLOEI", "theCount": 1}, {"myValue": "RLUAI", "personality_system_id": 9, "personality_type": "RLUAI", "theCount": 1}, {"myValue": "SCUAN", "personality_system_id": 9, "personality_type": "SCUAN", "theCount": 1}, {"myValue": "SCUEN", "personality_system_id": 9, "personality_type": "SCUEN", "theCount": 1}, {"myValue": "SLUEN", "personality_system_id": 9, "personality_type": "SLUEN", "theCount": 1}]}, "breakdown_config": {"expand": {"1": 3, "11": 1, "2": 3, "3": 3, "4": 1, "5": 1, "6": 1, "7": 1, "8": 2, "9": 2}, "fire": {"1": 1, "11": 0, "2": 0, "3": 1, "4": 0, "5": 0, "6": 0, "7": 0, "8": 1, "9": 1}}, "mbti_letter_stats": [{"type": "E", "percentage": "99%", "PercentageFloat": 0.990521327014218}, {"type": "N", "percentage": "89%", "PercentageFloat": 0.8894154818325435}, {"type": "F", "percentage": "57%", "PercentageFloat": 0.5671406003159558}, {"type": "P", "percentage": "89%", "PercentageFloat": 0.8941548183254344}], "topic_info": {"can_generate": false, "topic": {"description": "How bad could he possibly be?\n#EdHelms", "follow_count": 5, "id": 10272, "is_following": false, "is_join_pending": false, "is_banned": false, "is_moderated": false, "name_readable": "The Once-ler", "post_count": 106, "source_profile_id": 10989, "source_type": "profile", "join_to_post": false, "can_pin": false, "related_topics": [{"description": "How bad could he possibly be?\n#EdHelms", "follow_count": 5, "id": 10272, "is_following": false, "is_join_pending": false, "is_banned": false, "is_moderated": false, "name_readable": "The Once-ler", "post_count": 106, "source_profile_id": 10989, "source_type": "profile", "image": {"picURL": "https://static1.personality-database.com/profile_images/21410cb3ae89407cbcf57ae96f1af859.png"}, "join_to_post": false, "can_pin": false}, {"description": "Voiced by #TaylorSwift", "follow_count": 0, "id": 10274, "is_following": false, "is_join_pending": false, "is_banned": false, "is_moderated": false, "name_readable": "Audrey", "post_count": 1, "source_profile_id": 10991, "source_type": "profile", "image": {"picURL": "https://static1.personality-database.com/profile_images/9109f2067f6f48fdbd98fa9658f8fc7a.png"}, "join_to_post": false, "can_pin": false}, {"description": "The baby Barb-A-Loot from the Lorax that was used as a football by Chet and Brett, and nearly fell down a waterfall with the Once-ler.", "follow_count": 0, "id": 243319, "is_following": false, "is_join_pending": false, "is_banned": false, "is_moderated": false, "name_readable": "The Baby Barb-A-Loot", "post_count": 1, "source_profile_id": 316423, "source_type": "profile", "image": {"picURL": "https://static1.personality-database.com/profile_images/b3234d621c694c8fb3aa7cf8bab65525.png"}, "join_to_post": false, "can_pin": false}, {"description": "#DannyDeVito", "follow_count": 0, "id": 10271, "is_following": false, "is_join_pending": false, "is_banned": false, "is_moderated": false, "name_readable": "The Lorax", "post_count": 0, "source_profile_id": 10988, "source_type": "profile", "image": {"picURL": "https://static1.personality-database.com/profile_images/96fb59c8d021426aba236707312128ff.png"}, "join_to_post": false, "can_pin": false}, {"description": "#ZacEfron", "follow_count": 0, "id": 10273, "is_following": false, "is_join_pending": false, "is_banned": false, "is_moderated": false, "name_readable": "Ted Wiggins", "post_count": 0, "source_profile_id": 10990, "source_type": "profile", "image": {"picURL": "https://static1.personality-database.com/profile_images/134a3aff8e474be085016b8eeb6f8be5.png"}, "join_to_post": false, "can_pin": false}, {"description": "#RobRiggle", "follow_count": 0, "id": 10275, "is_following": false, "is_join_pending": false, "is_banned": false, "is_moderated": false, "name_readable": "Aloysius O'Hare", "post_count": 0, "source_profile_id": 10992, "source_type": "profile", "image": {"picURL": "https://static1.personality-database.com/profile_images/695e85c8aa464980b4684ea06864366d.png"}, "join_to_post": false, "can_pin": false}, {"description": "#BettyWhite", "follow_count": 0, "id": 14982, "is_following": false, "is_join_pending": false, "is_banned": false, "is_moderated": false, "name_readable": "Grammy Norma", "post_count": 0, "source_profile_id": 16300, "source_type": "profile", "image": {"picURL": "https://static1.personality-database.com/profile_images/b7a88061de9b4ae4a6fce567d89d3da8.png"}, "join_to_post": false, "can_pin": false}, {"description": "everybody needs one.", "follow_count": 0, "id": 243353, "is_following": false, "is_join_pending": false, "is_banned": false, "is_moderated": false, "name_readable": "Thneed", "post_count": 0, "source_profile_id": 316464, "source_type": "profile", "image": {"picURL": "https://static1.personality-database.com/profile_images/1d3ad849588c4c39b76a4f6e96aefc02.png"}, "join_to_post": false, "can_pin": false}, {"description": "", "follow_count": 0, "id": 137229, "is_following": false, "is_join_pending": false, "is_banned": false, "is_moderated": false, "name_readable": "The Duck", "post_count": 0, "source_profile_id": 178182, "source_type": "profile", "image": {"picURL": "https://static1.personality-database.com/profile_images/865cb75bff484299aaf7ec2f048f483f.png"}, "join_to_post": false, "can_pin": false}, {"description": "", "follow_count": 0, "id": 126758, "is_following": false, "is_join_pending": false, "is_banned": false, "is_moderated": false, "name_readable": "Cy", "post_count": 0, "source_profile_id": 163407, "source_type": "profile", "image": {"picURL": "https://static1.personality-database.com/profile_images/5c0f55601a1b43699fc579a38673130c.png"}, "join_to_post": false, "can_pin": false}, {"description": "", "follow_count": 0, "id": 126759, "is_following": false, "is_join_pending": false, "is_banned": false, "is_moderated": false, "name_readable": "Mcgurk", "post_count": 0, "source_profile_id": 163409, "source_type": "profile", "image": {"picURL": "https://static1.personality-database.com/profile_images/0f32ae36913b45a6a134bdec0f2e113a.png"}, "join_to_post": false, "can_pin": false}, {"description": "", "follow_count": 0, "id": 175302, "is_following": false, "is_join_pending": false, "is_banned": false, "is_moderated": false, "name_readable": "Once-ler's Mother", "post_count": 0, "source_profile_id": 226924, "source_type": "profile", "image": {"picURL": "https://static1.personality-database.com/profile_images/9e32b7650f4b4647b8d379b3a597e083.png"}, "join_to_post": false, "can_pin": false}, {"description": "", "follow_count": 0, "id": 126761, "is_following": false, "is_join_pending": false, "is_banned": false, "is_moderated": false, "name_readable": "Morty", "post_count": 0, "source_profile_id": 163412, "source_type": "profile", "image": {"picURL": "https://static1.personality-database.com/profile_images/d5a0dc2ada9f4cca9ce7d3cf4d8457de.png"}, "join_to_post": false, "can_pin": false}, {"description": "#JennySlate", "follow_count": 0, "id": 296609, "is_following": false, "is_join_pending": false, "is_banned": false, "is_moderated": false, "name_readable": "Mrs. Wiggins", "post_count": 0, "source_profile_id": 385531, "source_type": "profile", "image": {"picURL": "https://static1.personality-database.com/profile_images/06ae52c932844215853c8ca13dae69ca.png"}, "join_to_post": false, "can_pin": false}], "subcategory": "The Lorax (2012)", "topic_image_url": "https://static1.personality-database.com/profile_images/21410cb3ae89407cbcf57ae96f1af859.png", "source_location": {"cid": 3, "pid": 2, "sub_cat_id": 1454}, "can_post_image": false, "can_post_audio": false, "posts": {"posts": [{"username": "aesthetically pleasing killer", "user_pic_path": "https://static1.personality-database.com/user_avatars/671149/e52c482b-9600-4ff4-a1ee-169377acaa8a.jpeg", "user_personality_type": "ESFP-3w2-694", "is_mod": false, "comment_count": 5, "reply_count": 5, "vote_type": 0, "topics_list": [{"id": 10272, "name_readable": "The Once-ler"}], "id": 1976400, "post_id": 1976400, "user_id": 671149, "title": "", "content": "sexyman criteria:\n\nbe SCUEI", "create_date": 1671482018000, "unix_timestamp": 1671482018000, "update_date": 1671482018000, "vote_count": 4, "vote_count_down": 0, "is_reported": 0, "is_hidden": false, "is_pinned": false, "is_watching": false, "is_pro_user": false, "images": null, "audios": null, "function_list": [], "type": "post"}, {"username": "exPDBee222653", "user_pic_path": "", "user_personality_type": "XXXX", "is_mod": false, "comment_count": 0, "reply_count": 0, "vote_type": 0, "topics_list": [{"id": 10272, "name_readable": "The Once-ler"}], "id": 1969694, "post_id": 1969694, "user_id": 222653, "title": "", "content": "Naranjo made the SO7 trait structure after watching this movie. This character is the archetype.", "create_date": 1671402698000, "unix_timestamp": 1671402698000, "update_date": 1671402698000, "vote_count": 6, "vote_count_down": 0, "is_reported": 0, "is_hidden": false, "is_pinned": false, "is_watching": false, "is_pro_user": false, "images": null, "audios": null, "function_list": [], "type": "post"}, {"username": "SeTaReH_M", "user_pic_path": "https://static1.personality-database.com/user_avatars/797871/ba879a86-d2b6-49c9-ac89-2a8f25121705.jpeg", "user_personality_type": "INFP", "is_mod": false, "comment_count": 1, "reply_count": 1, "vote_type": 0, "topics_list": [{"id": 10272, "name_readable": "The Once-ler"}], "id": 1932168, "post_id": 1932168, "user_id": 797871, "title": "you all need to listen to his song in persian \ud83d\udd25\ud83d\udd25\ud83d\udd25\ud83d\udd25\ud83d\udd25", "content": "i wish i could show you all \ud83d\ude14", "create_date": 1670952066000, "unix_timestamp": 1670952066000, "update_date": 1670952532000, "vote_count": 1, "vote_count_down": 0, "is_reported": 0, "is_hidden": false, "is_pinned": false, "is_watching": false, "is_pro_user": false, "images": null, "audios": null, "function_list": [], "type": "post"}]}}}}