{"id": 11031, "mbti_profile": "Buddy Pine \u201cSyndrome\u201d", "profile_name_searchable": "buddypine\u201csyndrome\u201d", "allow_commenting": true, "allow_voting": true, "user_id": 2954, "contributor": "PsychoPyrate", "contributor_create_date": "2018-04-04 01:16:04", "contributor_pic_path": "https://lh3.googleusercontent.com/a-/AOh14GhoR6MTf9XkktGZr0BcqgYT7Pwd9-thtza05D9mow=s96-c", "display_order": 0, "edit_lock": 0, "edit_lock_picture": 0, "is_active": true, "is_approved": true, "mbti_enneagram_type": "ENFP 3w4", "mbti_type": "ENFP 3w4", "pdb_comment_access": true, "pdb_page_owner": 0, "pdb_public_access": true, "wiki_description": "The Big Bad of the first movie. Once Mr. Incredible's #1 fan with a gift for creating inventions, Buddy Pine turned to evil after his attempt to become his hero's Sidekick ended in disaster. Building the Omnidroids, Syndrome enacts an elaborate plan to gain the recognition he felt he lost when Mr. Incredible rejected him.", "watch_count": 421, "comment_count": 135, "vote_count": 496, "vote_count_enneagram": 209, "vote_count_mbti": 496, "total_vote_counts": 932, "personality_type": "ENFP - 3w4 - so/sx - 378 - EIE - SLOEI - VLEF - Choleric-Sanguine - EN(F)", "type_updated_date": "2022-12-14 17:44:53", "enneagram_vote": "", "enneagram_vote_id": 0, "mbti_vote": "", "mbti_vote_id": 0, "is_watching": false, "image_exists": false, "profile_image_url": "https://static1.personality-database.com/profile_images/fa58417878dd482390ea5a1565f17a28.png", "profile_image_credit": "", "profile_image_credit_id": 235330, "profile_image_credit_type": "0", "profile_image_credit_url": "", "alt_subcategory": "", "related_subcategories": "35767|||Disney Infinity ", "cat_id": 3, "category": "Movies", "category_is_fictional": true, "sub_cat_id": 832, "subcategory": "The Incredibles (Franchise)", "subcat_link_info": {"sub_cat_id": 832, "cat_id": 3, "property_id": 2, "subcategory": "The Incredibles (Franchise)"}, "related_subcat_link_info": [{"sub_cat_id": 35767, "cat_id": 11, "property_id": 2, "subcategory": "Disney Infinity "}], "related_profiles": [{"id": 6585, "mbti_profile": "Violet Parr", "subcategory": "The Incredibles (Franchise)", "profile_image_url": "https://static1.personality-database.com/profile_images/ac6a8f89e38e424792e9c20a44cccc9a.png", "profile_name": "Violet Parr", "profile_subcat": "The Incredibles (Franchise)", "sub_cat_id": 832, "cat_id": 3, "property_id": 2, "mbti": "INFP", "enneatype": "6w5"}, {"id": 12416, "mbti_profile": "Edna Marie Mode/\"E\"", "subcategory": "The Incredibles (Franchise)", "profile_image_url": "https://static1.personality-database.com/profile_images/ef58aa287b5d429ab6357dae98369a44.png", "profile_name": "Edna Marie Mode/\"E\"", "profile_subcat": "The Incredibles (Franchise)", "sub_cat_id": 832, "cat_id": 3, "property_id": 2, "mbti": "ENTJ", "enneatype": "3w4"}, {"id": 23550, "mbti_profile": "Mirage", "subcategory": "The Incredibles (Franchise)", "profile_image_url": "https://static1.personality-database.com/profile_images/ec4a00f85ebb47d6b9832b5dd256d4c9.png", "profile_name": "Mirage", "profile_subcat": "The Incredibles (Franchise)", "sub_cat_id": 832, "cat_id": 3, "property_id": 2, "mbti": "INFJ", "enneatype": "1w2"}, {"id": 6583, "mbti_profile": "Bob Parr \u201cMr. Incredible\u201d", "subcategory": "The Incredibles (Franchise)", "profile_image_url": "https://static1.personality-database.com/profile_images/14b4219c565a45a89c018251c9b96869.png", "profile_name": "Bob Parr \u201cMr. Incredible\u201d", "profile_subcat": "The Incredibles (Franchise)", "sub_cat_id": 832, "cat_id": 3, "property_id": 2, "mbti": "ESFP", "enneatype": "3w2"}, {"id": 6587, "mbti_profile": "Helen Parr \u201cElastigirl\u201d", "subcategory": "The Incredibles (Franchise)", "profile_image_url": "https://static1.personality-database.com/profile_images/bb75c05d14ea48a2a37e33954235dcdb.png", "profile_name": "Helen Parr \u201cElastigirl\u201d", "profile_subcat": "The Incredibles (Franchise)", "sub_cat_id": 832, "cat_id": 3, "property_id": 2, "mbti": "ESTJ", "enneatype": "6w7"}, {"id": 13700, "mbti_profile": "Evelyn Deavor \u201cScreenslaver\u201d", "subcategory": "The Incredibles (Franchise)", "profile_image_url": "https://static1.personality-database.com/profile_images/8f045b895b374ae5a5796991fda41376.png", "profile_name": "Evelyn Deavor \u201cScreenslaver\u201d", "profile_subcat": "The Incredibles (Franchise)", "sub_cat_id": 832, "cat_id": 3, "property_id": 2, "mbti": "INTJ", "enneatype": "5w6"}, {"id": 13417, "mbti_profile": "John Jackson \"Jack-Jack\" Parr", "subcategory": "The Incredibles (Franchise)", "profile_image_url": "https://static1.personality-database.com/profile_images/49d70873bdb04d878ed4897ec7049b0e.png", "profile_name": "John Jackson \"Jack-Jack\" Parr", "profile_subcat": "The Incredibles (Franchise)", "sub_cat_id": 832, "cat_id": 3, "property_id": 2, "mbti": "ENFP", "enneatype": "7w8"}, {"id": 6586, "mbti_profile": "Dashiell \"Dash\" Robert Parr", "subcategory": "The Incredibles (Franchise)", "profile_image_url": "https://static1.personality-database.com/profile_images/3b7e35e0b97748d3b9c6923ebd525718.png", "profile_name": "Dashiell \"Dash\" Robert Parr", "profile_subcat": "The Incredibles (Franchise)", "sub_cat_id": 832, "cat_id": 3, "property_id": 2, "mbti": "ESTP", "enneatype": "7w8"}], "functions": ["Ne", "Fi", "Te", "Si"], "systems": [{"hex_color": "#888888", "id": 1, "personality_type": "XXXX", "personality_type_id": 0, "system_name": "Four Letter", "system_vote_count": 483, "user_vote_type_id": 0, "vote_id": 0}, {"hex_color": "#006775", "id": 2, "personality_type": "XXXX", "personality_type_id": 0, "system_name": "Enneagram", "system_vote_count": 199, "user_vote_type_id": 0, "vote_id": 0}, {"hex_color": "#006775", "id": 5, "personality_type": "XXXX", "personality_type_id": 0, "system_name": "Instinctual Variant", "system_vote_count": 56, "user_vote_type_id": 0, "vote_id": 0}, {"hex_color": "#006775", "id": 6, "personality_type": "XXXX", "personality_type_id": 0, "system_name": "Tritype", "system_vote_count": 50, "user_vote_type_id": 0, "vote_id": 0}, {"hex_color": "#888888", "id": 3, "personality_type": "XXXX", "personality_type_id": 0, "system_name": "Socionics", "system_vote_count": 29, "user_vote_type_id": 0, "vote_id": 0}, {"hex_color": "#888888", "id": 9, "personality_type": "XXXX", "personality_type_id": 0, "system_name": "Big 5 (SLOAN)", "system_vote_count": 20, "user_vote_type_id": 0, "vote_id": 0}, {"hex_color": "#888888", "id": 8, "personality_type": "XXXX", "personality_type_id": 0, "system_name": "Attitudinal Psyche", "system_vote_count": 16, "user_vote_type_id": 0, "vote_id": 0}, {"hex_color": "#888888", "id": 7, "personality_type": "XXXX", "personality_type_id": 0, "system_name": "Temperaments", "system_vote_count": 51, "user_vote_type_id": 0, "vote_id": 0}, {"hex_color": "#888888", "id": 11, "personality_type": "XXXX", "personality_type_id": 0, "system_name": "Classic Jungian", "system_vote_count": 2, "user_vote_type_id": 0, "vote_id": 0}], "breakdown_systems": {"1": [{"myValue": "ENFP", "personality_system_id": 1, "personality_type": "ENFP", "theCount": 343}, {"myValue": "ENTP", "personality_system_id": 1, "personality_type": "ENTP", "theCount": 100}, {"myValue": "ENTJ", "personality_system_id": 1, "personality_type": "ENTJ", "theCount": 30}, {"myValue": "ESFJ", "personality_system_id": 1, "personality_type": "ESFJ", "theCount": 2}, {"myValue": "INTP", "personality_system_id": 1, "personality_type": "INTP", "theCount": 2}, {"myValue": "ENFJ", "personality_system_id": 1, "personality_type": "ENFJ", "theCount": 1}, {"myValue": "ESFP", "personality_system_id": 1, "personality_type": "ESFP", "theCount": 1}, {"myValue": "ESTJ", "personality_system_id": 1, "personality_type": "ESTJ", "theCount": 1}, {"myValue": "ESTP", "personality_system_id": 1, "personality_type": "ESTP", "theCount": 1}, {"myValue": "INTJ", "personality_system_id": 1, "personality_type": "INTJ", "theCount": 1}, {"myValue": "ISTP", "personality_system_id": 1, "personality_type": "ISTP", "theCount": 1}], "11": [{"myValue": "EN(F)", "personality_system_id": 11, "personality_type": "EN(F)", "theCount": 1}, {"myValue": "EN(T)", "personality_system_id": 11, "personality_type": "EN(T)", "theCount": 1}], "2": [{"myValue": "3w4", "personality_system_id": 2, "personality_type": "3w4", "theCount": 171}, {"myValue": "4w3", "personality_system_id": 2, "personality_type": "4w3", "theCount": 15}, {"myValue": "2w3", "personality_system_id": 2, "personality_type": "2w3", "theCount": 11}, {"myValue": "4w5", "personality_system_id": 2, "personality_type": "4w5", "theCount": 1}, {"myValue": "8w7", "personality_system_id": 2, "personality_type": "8w7", "theCount": 1}], "3": [{"myValue": "EIE", "personality_system_id": 3, "personality_type": "EIE", "theCount": 23}, {"myValue": "ILE", "personality_system_id": 3, "personality_type": "ILE", "theCount": 3}, {"myValue": "IEI", "personality_system_id": 3, "personality_type": "IEI", "theCount": 2}, {"myValue": "SLI", "personality_system_id": 3, "personality_type": "SLI", "theCount": 1}], "4": [{"myValue": "Chaotic Evil", "personality_system_id": 4, "personality_type": "Chaotic Evil", "theCount": 22}, {"myValue": "Chaotic Neutral", "personality_system_id": 4, "personality_type": "Chaotic Neutral", "theCount": 2}, {"myValue": "Neutral Evil", "personality_system_id": 4, "personality_type": "Neutral Evil", "theCount": 1}, {"myValue": "Neutral Good", "personality_system_id": 4, "personality_type": "Neutral Good", "theCount": 1}], "5": [{"myValue": "so/sx", "personality_system_id": 5, "personality_type": "so/sx", "theCount": 38}, {"myValue": "sx/so", "personality_system_id": 5, "personality_type": "sx/so", "theCount": 9}, {"myValue": "so/sp", "personality_system_id": 5, "personality_type": "so/sp", "theCount": 5}, {"myValue": "sp/sx", "personality_system_id": 5, "personality_type": "sp/sx", "theCount": 2}, {"myValue": "sp/so", "personality_system_id": 5, "personality_type": "sp/so", "theCount": 1}, {"myValue": "sx/sp", "personality_system_id": 5, "personality_type": "sx/sp", "theCount": 1}], "6": [{"myValue": "378", "personality_system_id": 6, "personality_type": "378", "theCount": 32}, {"myValue": "478", "personality_system_id": 6, "personality_type": "478", "theCount": 4}, {"myValue": "387", "personality_system_id": 6, "personality_type": "387", "theCount": 3}, {"myValue": "358", "personality_system_id": 6, "personality_type": "358", "theCount": 2}, {"myValue": "368", "personality_system_id": 6, "personality_type": "368", "theCount": 2}, {"myValue": "269", "personality_system_id": 6, "personality_type": "269", "theCount": 1}, {"myValue": "278", "personality_system_id": 6, "personality_type": "278", "theCount": 1}, {"myValue": "286", "personality_system_id": 6, "personality_type": "286", "theCount": 1}, {"myValue": "287", "personality_system_id": 6, "personality_type": "287", "theCount": 1}, {"myValue": "379", "personality_system_id": 6, "personality_type": "379", "theCount": 1}, {"myValue": "385", "personality_system_id": 6, "personality_type": "385", "theCount": 1}, {"myValue": "468", "personality_system_id": 6, "personality_type": "468", "theCount": 1}], "7": [{"myValue": "Choleric-Sanguine", "personality_system_id": 7, "personality_type": "Choleric-Sanguine", "theCount": 44}, {"myValue": "Sanguine-Choleric", "personality_system_id": 7, "personality_type": "Sanguine-Choleric", "theCount": 4}, {"myValue": "Choleric [Dominant]", "personality_system_id": 7, "personality_type": "Choleric [Dominant]", "theCount": 1}, {"myValue": "Choleric-Melancholic", "personality_system_id": 7, "personality_type": "Choleric-Melancholic", "theCount": 1}, {"myValue": "Melancholic-Sanguine", "personality_system_id": 7, "personality_type": "Melancholic-Sanguine", "theCount": 1}], "8": [{"myValue": "VLEF", "personality_system_id": 8, "personality_type": "VLEF", "theCount": 7}, {"myValue": "ELVF", "personality_system_id": 8, "personality_type": "ELVF", "theCount": 4}, {"myValue": "VELF", "personality_system_id": 8, "personality_type": "VELF", "theCount": 2}, {"myValue": "EFVL", "personality_system_id": 8, "personality_type": "EFVL", "theCount": 1}, {"myValue": "LEFV", "personality_system_id": 8, "personality_type": "LEFV", "theCount": 1}, {"myValue": "VEFL", "personality_system_id": 8, "personality_type": "VEFL", "theCount": 1}], "9": [{"myValue": "SLOEI", "personality_system_id": 9, "personality_type": "SLOEI", "theCount": 17}, {"myValue": "SLUEI", "personality_system_id": 9, "personality_type": "SLUEI", "theCount": 3}]}, "breakdown_config": {"expand": {"1": 3, "11": 1, "2": 3, "3": 1, "4": 1, "5": 1, "6": 1, "7": 1, "8": 1, "9": 1}, "fire": {"1": 0, "11": 0, "2": 0, "3": 0, "4": 0, "5": 0, "6": 0, "7": 0, "8": 0, "9": 0}}, "mbti_letter_stats": [{"type": "E", "percentage": "99%", "PercentageFloat": 0.9917184265010351}, {"type": "N", "percentage": "99%", "PercentageFloat": 0.9875776397515528}, {"type": "F", "percentage": "72%", "PercentageFloat": 0.7184265010351967}, {"type": "P", "percentage": "93%", "PercentageFloat": 0.927536231884058}], "topic_info": {"can_generate": false, "topic": {"description": "#ENFPVillains", "follow_count": 2, "id": 10295, "is_following": false, "is_join_pending": false, "is_banned": false, "is_moderated": false, "name_readable": "Buddy Pine \u201cSyndrome\u201d", "post_count": 6, "source_profile_id": 11031, "source_type": "profile", "join_to_post": false, "can_pin": false, "related_topics": [{"description": "#ESTJHeroes", "follow_count": 3, "id": 6144, "is_following": false, "is_join_pending": false, "is_banned": false, "is_moderated": false, "name_readable": "Helen Parr \u201cElastigirl\u201d", "post_count": 34, "source_profile_id": 6587, "source_type": "profile", "image": {"picURL": "https://static1.personality-database.com/profile_images/bb75c05d14ea48a2a37e33954235dcdb.png"}, "join_to_post": false, "can_pin": false}, {"description": "#INFPHeroes", "follow_count": 4, "id": 6142, "is_following": false, "is_join_pending": false, "is_banned": false, "is_moderated": false, "name_readable": "Violet Parr", "post_count": 23, "source_profile_id": 6585, "source_type": "profile", "image": {"picURL": "https://static1.personality-database.com/profile_images/ac6a8f89e38e424792e9c20a44cccc9a.png"}, "join_to_post": false, "can_pin": false}, {"description": "#CatherineKeener\n#INTJVillains", "follow_count": 0, "id": 12634, "is_following": false, "is_join_pending": false, "is_banned": false, "is_moderated": false, "name_readable": "Evelyn Deavor \u201cScreenslaver\u201d", "post_count": 13, "source_profile_id": 13700, "source_type": "profile", "image": {"picURL": "https://static1.personality-database.com/profile_images/8f045b895b374ae5a5796991fda41376.png"}, "join_to_post": false, "can_pin": false}, {"description": "#ENFPVillains", "follow_count": 2, "id": 10295, "is_following": false, "is_join_pending": false, "is_banned": false, "is_moderated": false, "name_readable": "Buddy Pine \u201cSyndrome\u201d", "post_count": 6, "source_profile_id": 11031, "source_type": "profile", "image": {"picURL": "https://static1.personality-database.com/profile_images/fa58417878dd482390ea5a1565f17a28.png"}, "join_to_post": false, "can_pin": false}, {"description": "#CraigTNelson #ESFPheroes", "follow_count": 0, "id": 6140, "is_following": false, "is_join_pending": false, "is_banned": false, "is_moderated": false, "name_readable": "Bob Parr \u201cMr. Incredible\u201d", "post_count": 5, "source_profile_id": 6583, "source_type": "profile", "image": {"picURL": "https://static1.personality-database.com/profile_images/14b4219c565a45a89c018251c9b96869.png"}, "join_to_post": false, "can_pin": false}, {"description": "#ENTJHeroes", "follow_count": 1, "id": 11464, "is_following": false, "is_join_pending": false, "is_banned": false, "is_moderated": false, "name_readable": "Edna \u201cE\u201d Mode", "post_count": 2, "source_profile_id": 12416, "source_type": "profile", "image": {"picURL": "https://static1.personality-database.com/profile_images/ef58aa287b5d429ab6357dae98369a44.png"}, "join_to_post": false, "can_pin": false}, {"description": "", "follow_count": 0, "id": 12635, "is_following": false, "is_join_pending": false, "is_banned": false, "is_moderated": false, "name_readable": "Tony Rydinger", "post_count": 1, "source_profile_id": 13701, "source_type": "profile", "image": {"picURL": "https://static1.personality-database.com/profile_images/6a7abc19f20b48f4bc4937791ebb21b0.png"}, "join_to_post": false, "can_pin": false}, {"description": "Basically the other Conan O'Brien.", "follow_count": 0, "id": 268106, "is_following": false, "is_join_pending": false, "is_banned": false, "is_moderated": false, "name_readable": "Chad Brentley", "post_count": 1, "source_profile_id": 348244, "source_type": "profile", "image": {"picURL": "https://static1.personality-database.com/profile_images/82d6eacb09784869971571d874f7ef5a.png"}, "join_to_post": false, "can_pin": false}, {"description": "", "follow_count": 0, "id": 17234, "is_following": false, "is_join_pending": false, "is_banned": false, "is_moderated": false, "name_readable": "Rick Dicker", "post_count": 1, "source_profile_id": 18793, "source_type": "profile", "image": {"picURL": "https://static1.personality-database.com/profile_images/c58f3dad252a4d0a871ab1a883f3b212.png"}, "join_to_post": false, "can_pin": false}, {"description": "", "follow_count": 0, "id": 133589, "is_following": false, "is_join_pending": false, "is_banned": false, "is_moderated": false, "name_readable": "Gilbert Huph", "post_count": 1, "source_profile_id": 173218, "source_type": "profile", "image": {"picURL": "https://static1.personality-database.com/profile_images/6a892cb411a344ca9fa1d0d2ca88faec.png"}, "join_to_post": false, "can_pin": false}, {"description": "#SamuelLJackson\n#ESTPHeroes", "follow_count": 0, "id": 6141, "is_following": false, "is_join_pending": false, "is_banned": false, "is_moderated": false, "name_readable": "Lucius Best \u201cFrozone\u201d", "post_count": 1, "source_profile_id": 6584, "source_type": "profile", "image": {"picURL": "https://static1.personality-database.com/profile_images/0eac76a3bc514ca6a2d7fb5a99cf983c.png"}, "join_to_post": false, "can_pin": false}, {"description": "#INFJVillains", "follow_count": 0, "id": 21290, "is_following": false, "is_join_pending": false, "is_banned": false, "is_moderated": false, "name_readable": "Mirage", "post_count": 1, "source_profile_id": 23550, "source_type": "profile", "image": {"picURL": "https://static1.personality-database.com/profile_images/ec4a00f85ebb47d6b9832b5dd256d4c9.png"}, "join_to_post": false, "can_pin": false}, {"description": "#ESTPHeroes", "follow_count": 0, "id": 6143, "is_following": false, "is_join_pending": false, "is_banned": false, "is_moderated": false, "name_readable": "Dash Parr", "post_count": 1, "source_profile_id": 6586, "source_type": "profile", "image": {"picURL": "https://static1.personality-database.com/profile_images/3b7e35e0b97748d3b9c6923ebd525718.png"}, "join_to_post": false, "can_pin": false}, {"description": "", "follow_count": 1, "id": 12386, "is_following": false, "is_join_pending": false, "is_banned": false, "is_moderated": false, "name_readable": "Jack-Jack Parr", "post_count": 0, "source_profile_id": 13417, "source_type": "profile", "image": {"picURL": "https://static1.personality-database.com/profile_images/49d70873bdb04d878ed4897ec7049b0e.png"}, "join_to_post": false, "can_pin": false}, {"description": "", "follow_count": 0, "id": 12633, "is_following": false, "is_join_pending": false, "is_banned": false, "is_moderated": false, "name_readable": "Winston Deavor", "post_count": 0, "source_profile_id": 13699, "source_type": "profile", "image": {"picURL": "https://static1.personality-database.com/profile_images/71a0ec9d102b4c2bac2a31bc84710b03.png"}, "join_to_post": false, "can_pin": false}, {"description": "Princess Arkayna Goodfey is the main protagonist", "follow_count": 0, "id": 319505, "is_following": false, "is_join_pending": false, "is_banned": false, "is_moderated": false, "name_readable": "Arkayna Goodfey", "post_count": 0, "source_profile_id": 416606, "source_type": "profile", "image": {"picURL": "https://www.personality-database.com/images/profile_transparent.png"}, "join_to_post": false, "can_pin": false}], "subcategory": "The Incredibles (Franchise)", "topic_image_url": "https://static1.personality-database.com/profile_images/fa58417878dd482390ea5a1565f17a28.png", "source_location": {"cid": 3, "pid": 2, "sub_cat_id": 832}, "can_post_image": false, "can_post_audio": false, "posts": {"posts": [{"username": "XSilverPollyX", "user_pic_path": "https://static1.personality-database.com/user_avatars/1582596/03f77bff-1c90-4417-8214-f5083825bde4_small.jpeg", "user_personality_type": "INFJ", "is_mod": false, "comment_count": 0, "reply_count": 0, "vote_type": 0, "topics_list": [{"id": 10295, "name_readable": "Buddy Pine \u201cSyndrome\u201d"}], "id": 1903867, "post_id": 1903867, "user_id": 1582596, "title": "Okay, I look like a Syndrome. Not completely, but there is something. I love him", "content": "#Cartoon #pixar #Incredibles  #theIncredibles #fandom", "create_date": 1670619481000, "unix_timestamp": 1670619481000, "update_date": 1670619481000, "vote_count": 1, "vote_count_down": 0, "is_reported": 0, "is_hidden": false, "is_pinned": false, "is_watching": false, "is_pro_user": false, "images": null, "audios": null, "function_list": [], "type": "post"}, {"username": "NewStart", "user_pic_path": "https://lh3.googleusercontent.com/a-/AOh14GhmWKGOx9V3Eo9xQIQ_vXATQQ3mfMGhaFtJBbzVCA=s96-c", "user_personality_type": "INTJ-5w6-513", "is_mod": false, "comment_count": 0, "reply_count": 0, "vote_type": 0, "topics_list": [{"id": 10295, "name_readable": "Buddy Pine \u201cSyndrome\u201d"}], "id": 1191214, "post_id": 1191214, "user_id": 677717, "title": "", "content": "Syndrome is a socialist. (don't) change my mind.", "create_date": 1661018650000, "unix_timestamp": 1661018650000, "update_date": 1661018650000, "vote_count": 4, "vote_count_down": 0, "is_reported": 0, "is_hidden": false, "is_pinned": false, "is_watching": false, "is_pro_user": false, "images": null, "audios": null, "function_list": [], "type": "post"}, {"username": "Plushieplanetz", "user_pic_path": "https://static1.personality-database.com/user_avatars/620937/279b69f5-3eff-4ce7-8f81-511c43929fbf.jpeg", "user_personality_type": "ENFP-7w6-749", "is_mod": false, "comment_count": 0, "reply_count": 0, "vote_type": 0, "topics_list": [{"id": 10295, "name_readable": "Buddy Pine \u201cSyndrome\u201d"}], "id": 1149147, "post_id": 1149147, "user_id": 620937, "title": "", "content": "Aw hell nah", "create_date": 1660332745000, "unix_timestamp": 1660332745000, "update_date": 1660332745000, "vote_count": 0, "vote_count_down": 0, "is_reported": 0, "is_hidden": false, "is_pinned": false, "is_watching": false, "is_pro_user": false, "images": null, "audios": null, "function_list": [], "type": "post"}]}}}}