{"id": 11055, "mbti_profile": "Hans Landa", "profile_name_searchable": "hanslanda", "allow_commenting": true, "allow_voting": true, "user_id": 4900, "contributor": "Geraldo Viana", "contributor_create_date": "2018-04-04 22:57:58", "contributor_pic_path": "https://lh6.googleusercontent.com/--GgfZ_auewc/AAAAAAAAAAI/AAAAAAAAB0g/88lPTQs_EJw/s96-c/photo.jpg", "display_order": 1000, "edit_lock": 0, "edit_lock_picture": 1, "is_active": true, "is_approved": true, "mbti_enneagram_type": "ENTP 3w2", "mbti_type": "ENTP 3w2", "pdb_comment_access": true, "pdb_page_owner": 0, "pdb_public_access": true, "wiki_description": "Standartenf\u00fchrer Hans Landa\u00a0is a fictional character and the main antagonist in the 2009\u00a0Quentin Tarantino\u00a0film\u00a0Inglourious Basterds. He is portrayed by\u00a0Austrian\u00a0actor\u00a0#ChristophWaltz. For his performance, Waltz won the\u00a0Academy Award\u00a0for\u00a0Best Supporting Actor, the\u00a0Golden Globe Award for Best Supporting Actor\u00a0and the\u00a0Best Actor Award\u00a0at the 2009\u00a0Cannes Film Festival, among others.", "watch_count": 474, "comment_count": 162, "vote_count": 438, "vote_count_enneagram": 218, "vote_count_mbti": 438, "total_vote_counts": 955, "personality_type": "ENTP - 3w2 - so/sx - 378 - EIE - SCOEI - LVFE - Sanguine [Dominant]", "type_updated_date": "2022-03-11 10:39:26", "enneagram_vote": "", "enneagram_vote_id": 0, "mbti_vote": "", "mbti_vote_id": 0, "is_watching": false, "image_exists": false, "profile_image_url": "https://static1.personality-database.com/profile_images/0ef3f24ebf0a4054aef570335067d37e.png", "profile_image_credit": "", "profile_image_credit_id": 0, "profile_image_credit_type": "0", "profile_image_credit_url": "", "alt_subcategory": "", "related_subcategories": "", "cat_id": 3, "category": "Movies", "category_is_fictional": true, "sub_cat_id": 1468, "subcategory": "Inglourious Basterds (2009)", "subcat_link_info": {"sub_cat_id": 1468, "cat_id": 3, "property_id": 2, "subcategory": "Inglourious Basterds (2009)"}, "related_subcat_link_info": null, "related_profiles": [{"id": 11057, "mbti_profile": "Shosanna Dreyfus", "subcategory": "Inglourious Basterds (2009)", "profile_image_url": "https://static1.personality-database.com/profile_images/44f06ffba5944554be3d072bd1032121.png", "profile_name": "Shosanna Dreyfus", "profile_subcat": "Inglourious Basterds (2009)", "sub_cat_id": 1468, "cat_id": 3, "property_id": 2, "mbti": "INTJ", "enneatype": "1w9"}, {"id": 11056, "mbti_profile": "Aldo Raine", "subcategory": "Inglourious Basterds (2009)", "profile_image_url": "https://static1.personality-database.com/profile_images/bad297b030ad41caab223d58f3903c15.png", "profile_name": "Aldo Raine", "profile_subcat": "Inglourious Basterds (2009)", "sub_cat_id": 1468, "cat_id": 3, "property_id": 2, "mbti": "ESTP", "enneatype": "7w8"}, {"id": 11061, "mbti_profile": "Fredrick Zoller", "subcategory": "Inglourious Basterds (2009)", "profile_image_url": "https://static1.personality-database.com/profile_images/1f6e6f47bf6442168b6737c5c8d52b72.png", "profile_name": "Fredrick Zoller", "profile_subcat": "Inglourious Basterds (2009)", "sub_cat_id": 1468, "cat_id": 3, "property_id": 2, "mbti": "ESFJ", "enneatype": "2w3"}, {"id": 11058, "mbti_profile": "Bridget von Hammersmark", "subcategory": "Inglourious Basterds (2009)", "profile_image_url": "https://static1.personality-database.com/profile_images/38ce942dd5af4144b9c24131133ac120.png", "profile_name": "Bridget von Hammersmark", "profile_subcat": "Inglourious Basterds (2009)", "sub_cat_id": 1468, "cat_id": 3, "property_id": 2, "mbti": "ENFJ", "enneatype": "3w2"}, {"id": 40304, "mbti_profile": "Dieter Hellstrom", "subcategory": "Inglourious Basterds (2009)", "profile_image_url": "https://static1.personality-database.com/profile_images/85920d2ed23041c7966f6435f90daa34.png", "profile_name": "Dieter Hellstrom", "profile_subcat": "Inglourious Basterds (2009)", "sub_cat_id": 1468, "cat_id": 3, "property_id": 2, "mbti": "ENTJ", "enneatype": "8w9"}, {"id": 11059, "mbti_profile": "Hugo Stiglitz", "subcategory": "Inglourious Basterds (2009)", "profile_image_url": "https://static1.personality-database.com/profile_images/98bfadbf99e1412bab0d0232197d58b6.png", "profile_name": "Hugo Stiglitz", "profile_subcat": "Inglourious Basterds (2009)", "sub_cat_id": 1468, "cat_id": 3, "property_id": 2, "mbti": "ISTP", "enneatype": "8w9"}, {"id": 41563, "mbti_profile": "Adolf Hitler", "subcategory": "Inglourious Basterds (2009)", "profile_image_url": "https://static1.personality-database.com/profile_images/8f6b8abb384148ae9a423f3b936cc462.png", "profile_name": "Adolf Hitler", "profile_subcat": "Inglourious Basterds (2009)", "sub_cat_id": 1468, "cat_id": 3, "property_id": 2, "mbti": "ESTJ", "enneatype": "8w7"}, {"id": 11060, "mbti_profile": "Donny \"The Bear Jew\" Donowitz", "subcategory": "Inglourious Basterds (2009)", "profile_image_url": "https://static1.personality-database.com/profile_images/cc2f5868a6034043af09f4f9e754e9f5.png", "profile_name": "Donny \"The Bear Jew\" Donowitz", "profile_subcat": "Inglourious Basterds (2009)", "sub_cat_id": 1468, "cat_id": 3, "property_id": 2, "mbti": "ESFP", "enneatype": "7w8"}], "functions": ["Ne", "Ti", "Fe", "Si"], "systems": [{"hex_color": "#888888", "id": 1, "personality_type": "XXXX", "personality_type_id": 0, "system_name": "Four Letter", "system_vote_count": 429, "user_vote_type_id": 0, "vote_id": 0}, {"hex_color": "#006775", "id": 2, "personality_type": "XXXX", "personality_type_id": 0, "system_name": "Enneagram", "system_vote_count": 213, "user_vote_type_id": 0, "vote_id": 0}, {"hex_color": "#006775", "id": 5, "personality_type": "XXXX", "personality_type_id": 0, "system_name": "Instinctual Variant", "system_vote_count": 68, "user_vote_type_id": 0, "vote_id": 0}, {"hex_color": "#006775", "id": 6, "personality_type": "XXXX", "personality_type_id": 0, "system_name": "Tritype", "system_vote_count": 61, "user_vote_type_id": 0, "vote_id": 0}, {"hex_color": "#888888", "id": 3, "personality_type": "XXXX", "personality_type_id": 0, "system_name": "Socionics", "system_vote_count": 49, "user_vote_type_id": 0, "vote_id": 0}, {"hex_color": "#888888", "id": 9, "personality_type": "XXXX", "personality_type_id": 0, "system_name": "Big 5 (SLOAN)", "system_vote_count": 26, "user_vote_type_id": 0, "vote_id": 0}, {"hex_color": "#888888", "id": 8, "personality_type": "XXXX", "personality_type_id": 0, "system_name": "Attitudinal Psyche", "system_vote_count": 16, "user_vote_type_id": 0, "vote_id": 0}, {"hex_color": "#888888", "id": 7, "personality_type": "XXXX", "personality_type_id": 0, "system_name": "Temperaments", "system_vote_count": 39, "user_vote_type_id": 0, "vote_id": 0}, {"hex_color": "#888888", "id": 11, "personality_type": "XXXX", "personality_type_id": 0, "system_name": "Classic Jungian", "system_vote_count": 6, "user_vote_type_id": 0, "vote_id": 0}], "breakdown_systems": {"1": [{"myValue": "ENTP", "personality_system_id": 1, "personality_type": "ENTP", "theCount": 383}, {"myValue": "ENTJ", "personality_system_id": 1, "personality_type": "ENTJ", "theCount": 22}, {"myValue": "ENFJ", "personality_system_id": 1, "personality_type": "ENFJ", "theCount": 11}, {"myValue": "INTJ", "personality_system_id": 1, "personality_type": "INTJ", "theCount": 5}, {"myValue": "ESTJ", "personality_system_id": 1, "personality_type": "ESTJ", "theCount": 3}, {"myValue": "ISTJ", "personality_system_id": 1, "personality_type": "ISTJ", "theCount": 3}, {"myValue": "ENFP", "personality_system_id": 1, "personality_type": "ENFP", "theCount": 2}], "11": [{"myValue": "EF(N)", "personality_system_id": 11, "personality_type": "EF(N)", "theCount": 2}, {"myValue": "EN(F)", "personality_system_id": 11, "personality_type": "EN(F)", "theCount": 2}, {"myValue": "EN(T)", "personality_system_id": 11, "personality_type": "EN(T)", "theCount": 2}], "2": [{"myValue": "3w2", "personality_system_id": 2, "personality_type": "3w2", "theCount": 149}, {"myValue": "7w8", "personality_system_id": 2, "personality_type": "7w8", "theCount": 29}, {"myValue": "3w4", "personality_system_id": 2, "personality_type": "3w4", "theCount": 18}, {"myValue": "8w7", "personality_system_id": 2, "personality_type": "8w7", "theCount": 9}, {"myValue": "7w6", "personality_system_id": 2, "personality_type": "7w6", "theCount": 3}, {"myValue": "2w3", "personality_system_id": 2, "personality_type": "2w3", "theCount": 2}, {"myValue": "5w4", "personality_system_id": 2, "personality_type": "5w4", "theCount": 1}, {"myValue": "6w7", "personality_system_id": 2, "personality_type": "6w7", "theCount": 1}, {"myValue": "9w1", "personality_system_id": 2, "personality_type": "9w1", "theCount": 1}], "3": [{"myValue": "EIE", "personality_system_id": 3, "personality_type": "EIE", "theCount": 35}, {"myValue": "ILE", "personality_system_id": 3, "personality_type": "ILE", "theCount": 12}, {"myValue": "LIE", "personality_system_id": 3, "personality_type": "LIE", "theCount": 2}], "4": [{"myValue": "Neutral Evil", "personality_system_id": 4, "personality_type": "Neutral Evil", "theCount": 26}, {"myValue": "Chaotic Neutral", "personality_system_id": 4, "personality_type": "Chaotic Neutral", "theCount": 20}, {"myValue": "Chaotic Evil", "personality_system_id": 4, "personality_type": "Chaotic Evil", "theCount": 1}, {"myValue": "Lawful Evil", "personality_system_id": 4, "personality_type": "Lawful Evil", "theCount": 1}], "5": [{"myValue": "so/sx", "personality_system_id": 5, "personality_type": "so/sx", "theCount": 28}, {"myValue": "so/sp", "personality_system_id": 5, "personality_type": "so/sp", "theCount": 14}, {"myValue": "sp/so", "personality_system_id": 5, "personality_type": "sp/so", "theCount": 13}, {"myValue": "sp/sx", "personality_system_id": 5, "personality_type": "sp/sx", "theCount": 10}, {"myValue": "sx/so", "personality_system_id": 5, "personality_type": "sx/so", "theCount": 3}], "6": [{"myValue": "378", "personality_system_id": 6, "personality_type": "378", "theCount": 31}, {"myValue": "738", "personality_system_id": 6, "personality_type": "738", "theCount": 10}, {"myValue": "358", "personality_system_id": 6, "personality_type": "358", "theCount": 3}, {"myValue": "713", "personality_system_id": 6, "personality_type": "713", "theCount": 3}, {"myValue": "731", "personality_system_id": 6, "personality_type": "731", "theCount": 3}, {"myValue": "371", "personality_system_id": 6, "personality_type": "371", "theCount": 2}, {"myValue": "379", "personality_system_id": 6, "personality_type": "379", "theCount": 2}, {"myValue": "783", "personality_system_id": 6, "personality_type": "783", "theCount": 2}, {"myValue": "297", "personality_system_id": 6, "personality_type": "297", "theCount": 1}, {"myValue": "385", "personality_system_id": 6, "personality_type": "385", "theCount": 1}, {"myValue": "387", "personality_system_id": 6, "personality_type": "387", "theCount": 1}, {"myValue": "638", "personality_system_id": 6, "personality_type": "638", "theCount": 1}, {"myValue": "837", "personality_system_id": 6, "personality_type": "837", "theCount": 1}], "7": [{"myValue": "Sanguine [Dominant]", "personality_system_id": 7, "personality_type": "Sanguine [Dominant]", "theCount": 28}, {"myValue": "Sanguine-Choleric", "personality_system_id": 7, "personality_type": "Sanguine-Choleric", "theCount": 5}, {"myValue": "Sanguine-Phlegmatic", "personality_system_id": 7, "personality_type": "Sanguine-Phlegmatic", "theCount": 3}, {"myValue": "Phlegmatic-Sanguine", "personality_system_id": 7, "personality_type": "Phlegmatic-Sanguine", "theCount": 2}, {"myValue": "Choleric [Dominant]", "personality_system_id": 7, "personality_type": "Choleric [Dominant]", "theCount": 1}], "8": [{"myValue": "LVFE", "personality_system_id": 8, "personality_type": "LVFE", "theCount": 8}, {"myValue": "VLFE", "personality_system_id": 8, "personality_type": "VLFE", "theCount": 3}, {"myValue": "LVEF", "personality_system_id": 8, "personality_type": "LVEF", "theCount": 2}, {"myValue": "VELF", "personality_system_id": 8, "personality_type": "VELF", "theCount": 2}, {"myValue": "VFLE", "personality_system_id": 8, "personality_type": "VFLE", "theCount": 1}], "9": [{"myValue": "SCOEI", "personality_system_id": 9, "personality_type": "SCOEI", "theCount": 24}, {"myValue": "SCOAI", "personality_system_id": 9, "personality_type": "SCOAI", "theCount": 2}]}, "breakdown_config": {"expand": {"1": 3, "11": 1, "2": 3, "3": 1, "4": 2, "5": 1, "6": 1, "7": 1, "8": 1, "9": 1}, "fire": {"1": 0, "11": 0, "2": 0, "3": 0, "4": 1, "5": 0, "6": 0, "7": 0, "8": 0, "9": 0}}, "mbti_letter_stats": [{"type": "E", "percentage": "98%", "PercentageFloat": 0.9813519813519813}, {"type": "N", "percentage": "99%", "PercentageFloat": 0.986013986013986}, {"type": "T", "percentage": "97%", "PercentageFloat": 0.9696969696969697}, {"type": "P", "percentage": "90%", "PercentageFloat": 0.8974358974358975}], "topic_info": {"can_generate": false, "topic": {"description": "Standartenf\u00fchrer Hans Landa\u00a0is a fictional character and the main antagonist in the 2009\u00a0Quentin Tarantino\u00a0film\u00a0Inglourious Basterds. He is portrayed by\u00a0Austrian\u00a0actor\u00a0#ChristophWaltz. For his performance, Waltz won the\u00a0Academy Award\u00a0for\u00a0Best Supporting Actor, the\u00a0Golden Globe Award for Best Supporting Actor\u00a0and the\u00a0Best Actor Award\u00a0at the 2009\u00a0Cannes Film Festival, among others.", "follow_count": 0, "id": 10318, "is_following": false, "is_join_pending": false, "is_banned": false, "is_moderated": false, "name_readable": "Hans Landa", "post_count": 6, "source_profile_id": 11055, "source_type": "profile", "join_to_post": false, "can_pin": false, "related_topics": [{"description": "#BradPitt as Aldo Raine", "follow_count": 0, "id": 10319, "is_following": false, "is_join_pending": false, "is_banned": false, "is_moderated": false, "name_readable": "Aldo Raine", "post_count": 10, "source_profile_id": 11056, "source_type": "profile", "image": {"picURL": "https://static1.personality-database.com/profile_images/bad297b030ad41caab223d58f3903c15.png"}, "join_to_post": false, "can_pin": false}, {"description": "Standartenf\u00fchrer Hans Landa\u00a0is a fictional character and the main antagonist in the 2009\u00a0Quentin Tarantino\u00a0film\u00a0Inglourious Basterds. He is portrayed by\u00a0Austrian\u00a0actor\u00a0#ChristophWaltz. For his performance, Waltz won the\u00a0Academy Award\u00a0for\u00a0Best Supporting Actor, the\u00a0Golden Globe Award for Best Supporting Actor\u00a0and the\u00a0Best Actor Award\u00a0at the 2009\u00a0Cannes Film Festival, among others.", "follow_count": 0, "id": 10318, "is_following": false, "is_join_pending": false, "is_banned": false, "is_moderated": false, "name_readable": "Hans Landa", "post_count": 6, "source_profile_id": 11055, "source_type": "profile", "image": {"picURL": "https://static1.personality-database.com/profile_images/0ef3f24ebf0a4054aef570335067d37e.png"}, "join_to_post": false, "can_pin": false}, {"description": "#MelanieLaurent", "follow_count": 0, "id": 10320, "is_following": false, "is_join_pending": false, "is_banned": false, "is_moderated": false, "name_readable": "Shosanna Dreyfus", "post_count": 1, "source_profile_id": 11057, "source_type": "profile", "image": {"picURL": "https://static1.personality-database.com/profile_images/44f06ffba5944554be3d072bd1032121.png"}, "join_to_post": false, "can_pin": false}, {"description": "", "follow_count": 0, "id": 177357, "is_following": false, "is_join_pending": false, "is_banned": false, "is_moderated": false, "name_readable": "Werner", "post_count": 0, "source_profile_id": 229513, "source_type": "profile", "image": {"picURL": "https://static1.personality-database.com/profile_images/6745db98fc0349cebf354b5a5a04c9c3.png"}, "join_to_post": false, "can_pin": false}, {"description": "", "follow_count": 0, "id": 172030, "is_following": false, "is_join_pending": false, "is_banned": false, "is_moderated": false, "name_readable": "Omar Ulmer", "post_count": 0, "source_profile_id": 222767, "source_type": "profile", "image": {"picURL": "https://static1.personality-database.com/profile_images/a37aa4b5f45a44789d9ed3f1f4296f7b.png"}, "join_to_post": false, "can_pin": false}, {"description": "", "follow_count": 0, "id": 136337, "is_following": false, "is_join_pending": false, "is_banned": false, "is_moderated": false, "name_readable": "Wilhelm Wicki", "post_count": 0, "source_profile_id": 177016, "source_type": "profile", "image": {"picURL": "https://static1.personality-database.com/profile_images/01676177c131422ca1a93060ffd142fd.png"}, "join_to_post": false, "can_pin": false}, {"description": "", "follow_count": 0, "id": 36989, "is_following": false, "is_join_pending": false, "is_banned": false, "is_moderated": false, "name_readable": "Joseph Goebbels", "post_count": 0, "source_profile_id": 41564, "source_type": "profile", "image": {"picURL": "https://static1.personality-database.com/profile_images/a301bb4316da4803b147575410031769.png"}, "join_to_post": false, "can_pin": false}, {"description": "", "follow_count": 0, "id": 36988, "is_following": false, "is_join_pending": false, "is_banned": false, "is_moderated": false, "name_readable": "Adolf Hitler", "post_count": 0, "source_profile_id": 41563, "source_type": "profile", "image": {"picURL": "https://static1.personality-database.com/profile_images/8f6b8abb384148ae9a423f3b936cc462.png"}, "join_to_post": false, "can_pin": false}, {"description": "", "follow_count": 0, "id": 36986, "is_following": false, "is_join_pending": false, "is_banned": false, "is_moderated": false, "name_readable": "Perrier LaPadite", "post_count": 0, "source_profile_id": 41561, "source_type": "profile", "image": {"picURL": "https://static1.personality-database.com/profile_images/d1a9cdff59ca4e2c89927bb9ed464cf1.png"}, "join_to_post": false, "can_pin": false}, {"description": "", "follow_count": 0, "id": 35906, "is_following": false, "is_join_pending": false, "is_banned": false, "is_moderated": false, "name_readable": "Dieter Hellstrom", "post_count": 0, "source_profile_id": 40304, "source_type": "profile", "image": {"picURL": "https://static1.personality-database.com/profile_images/85920d2ed23041c7966f6435f90daa34.png"}, "join_to_post": false, "can_pin": false}, {"description": "", "follow_count": 0, "id": 31849, "is_following": false, "is_join_pending": false, "is_banned": false, "is_moderated": false, "name_readable": "Marcel", "post_count": 0, "source_profile_id": 35579, "source_type": "profile", "image": {"picURL": "https://static1.personality-database.com/profile_images/d39d825c8cb3415a8d0df1ba7410bb92.png"}, "join_to_post": false, "can_pin": false}, {"description": "", "follow_count": 0, "id": 31848, "is_following": false, "is_join_pending": false, "is_banned": false, "is_moderated": false, "name_readable": "Smithson Utivich", "post_count": 0, "source_profile_id": 35578, "source_type": "profile", "image": {"picURL": "https://static1.personality-database.com/profile_images/ce33576c2dc245d09d9a65bbb3be887f.png"}, "join_to_post": false, "can_pin": false}, {"description": "#MichaelFassbender", "follow_count": 0, "id": 10325, "is_following": false, "is_join_pending": false, "is_banned": false, "is_moderated": false, "name_readable": "Archie Hicox", "post_count": 0, "source_profile_id": 11062, "source_type": "profile", "image": {"picURL": "https://static1.personality-database.com/profile_images/e65429e0121b4c3d997785ea50693056.png"}, "join_to_post": false, "can_pin": false}, {"description": "", "follow_count": 0, "id": 10324, "is_following": false, "is_join_pending": false, "is_banned": false, "is_moderated": false, "name_readable": "Fredrick Zoller", "post_count": 0, "source_profile_id": 11061, "source_type": "profile", "image": {"picURL": "https://static1.personality-database.com/profile_images/1f6e6f47bf6442168b6737c5c8d52b72.png"}, "join_to_post": false, "can_pin": false}, {"description": "", "follow_count": 0, "id": 10323, "is_following": false, "is_join_pending": false, "is_banned": false, "is_moderated": false, "name_readable": "Donny \"The Bear Jew\" Donowitz", "post_count": 0, "source_profile_id": 11060, "source_type": "profile", "image": {"picURL": "https://static1.personality-database.com/profile_images/cc2f5868a6034043af09f4f9e754e9f5.png"}, "join_to_post": false, "can_pin": false}, {"description": "", "follow_count": 0, "id": 10322, "is_following": false, "is_join_pending": false, "is_banned": false, "is_moderated": false, "name_readable": "Hugo Stiglitz", "post_count": 0, "source_profile_id": 11059, "source_type": "profile", "image": {"picURL": "https://static1.personality-database.com/profile_images/98bfadbf99e1412bab0d0232197d58b6.png"}, "join_to_post": false, "can_pin": false}], "subcategory": "Inglourious Basterds (2009)", "topic_image_url": "https://static1.personality-database.com/profile_images/0ef3f24ebf0a4054aef570335067d37e.png", "source_location": {"cid": 3, "pid": 2, "sub_cat_id": 1468}, "can_post_image": false, "can_post_audio": false, "posts": {"posts": [{"username": "iliveinurwalls", "user_pic_path": "https://static1.personality-database.com/user_avatars/819678/7a4ef8ff-5a34-48ea-93cb-0a82f3cb51ab.jpeg", "user_personality_type": "INFP-7w8", "is_mod": false, "comment_count": 0, "reply_count": 0, "vote_type": 0, "topics_list": [{"id": 10318, "name_readable": "Hans Landa"}], "id": 1182856, "post_id": 1182856, "user_id": 819678, "title": "", "content": "best movie ENTP character of all time", "create_date": 1660875644000, "unix_timestamp": 1660875644000, "update_date": 1660875644000, "vote_count": 2, "vote_count_down": 0, "is_reported": 0, "is_hidden": false, "is_pinned": false, "is_watching": false, "is_pro_user": false, "images": null, "audios": null, "function_list": [], "type": "post"}, {"username": "lordy", "user_pic_path": "https://lh3.googleusercontent.com/a-/AFdZucrhl-joeJJqdZaU4lSG0XuvA-IXSE8Iul_Drtj7Uw=s96-c", "user_personality_type": "ENTP-3w4-397", "is_mod": false, "comment_count": 0, "reply_count": 0, "vote_type": 0, "topics_list": [{"id": 10318, "name_readable": "Hans Landa"}], "id": 441061, "post_id": 441061, "user_id": 13689, "title": "SPOILERS", "content": "Something I find interesting and super evil is how his moral flexibility and willingness to change sides at the end of the movie shows he never really believed in Nazi ideology to begin with, he just wanted to show off how wily and smart he was in catching Jews. Very 3 thing to do", "create_date": 1647741895000, "unix_timestamp": 1647741895000, "update_date": 1647742030000, "vote_count": 8, "vote_count_down": 0, "is_reported": 0, "is_hidden": false, "is_pinned": false, "is_watching": false, "is_pro_user": false, "images": null, "audios": null, "function_list": [], "type": "post"}, {"username": "Ambroze", "user_pic_path": "https://lh3.googleusercontent.com/a-/AFdZuco2SSnCRGzJIfc3oXKyKRk9IR-bTqBtsPWw87l6Tw=s96-c", "user_personality_type": "ENFJ-2w1-271", "is_mod": false, "comment_count": 0, "reply_count": 0, "vote_type": 0, "topics_list": [{"id": 10318, "name_readable": "Hans Landa"}], "id": 89654, "post_id": 89654, "user_id": 157621, "title": "", "content": "why 3w2 over 3w4? word limitttttt", "create_date": 1627190148000, "unix_timestamp": 1627190148000, "update_date": 1627190148000, "vote_count": 1, "vote_count_down": 0, "is_reported": 0, "is_hidden": false, "is_pinned": false, "is_watching": false, "is_pro_user": false, "images": null, "audios": null, "function_list": [], "type": "post"}]}}}}