{"id": 11073, "mbti_profile": "Am\u00e9lie Poulain", "profile_name_searchable": "am\u00e9liepoulain", "allow_commenting": true, "allow_voting": true, "user_id": 4920, "contributor": "KidABear", "contributor_create_date": "2018-04-06 06:37:53", "contributor_pic_path": "https://static1.personality-database.com/user_avatars/4920/65c2e42a-46f0-42a5-86e7-d661468d3440.jpeg", "display_order": 1000, "edit_lock": 0, "edit_lock_picture": 0, "is_active": true, "is_approved": true, "mbti_enneagram_type": "INFP 9w1", "mbti_type": "INFP 9w1", "pdb_comment_access": true, "pdb_page_owner": 0, "pdb_public_access": true, "wiki_description": "", "watch_count": 1397, "comment_count": 173, "vote_count": 712, "vote_count_enneagram": 378, "vote_count_mbti": 712, "total_vote_counts": 1517, "personality_type": "INFP - 9w1 - sx/sp - 947 - SEI - RCUAI - ELFV - Phlegmatic [Dominant] - IS(F)", "type_updated_date": "2022-11-23 13:53:37", "enneagram_vote": "", "enneagram_vote_id": 0, "mbti_vote": "", "mbti_vote_id": 0, "is_watching": false, "image_exists": false, "profile_image_url": "https://static1.personality-database.com/profile_images/3ce73bbe6a0e458da74b9b49242907d5.png", "profile_image_credit": "", "profile_image_credit_id": 448534, "profile_image_credit_type": "0", "profile_image_credit_url": "", "alt_subcategory": "", "related_subcategories": "", "cat_id": 3, "category": "Movies", "category_is_fictional": true, "sub_cat_id": 1470, "subcategory": "Am\u00e9lie (2001)", "subcat_link_info": {"sub_cat_id": 1470, "cat_id": 3, "property_id": 2, "subcategory": "Am\u00e9lie (2001)"}, "related_subcat_link_info": null, "related_profiles": [{"id": 67468, "mbti_profile": "Joseph", "subcategory": "Am\u00e9lie (2001)", "profile_image_url": "https://static1.personality-database.com/profile_images/62df68f885624196b0bd5b42a6dd8543.png", "profile_name": "Joseph", "profile_subcat": "Am\u00e9lie (2001)", "sub_cat_id": 1470, "cat_id": 3, "property_id": 2, "mbti": "ESTP", "enneatype": "6w5"}, {"id": 67461, "mbti_profile": "Rapha\u00ebl poulain", "subcategory": "Am\u00e9lie (2001)", "profile_image_url": "https://static1.personality-database.com/profile_images/a545bfabb70440308531fcfcf70d1d2d.png", "profile_name": "Rapha\u00ebl poulain", "profile_subcat": "Am\u00e9lie (2001)", "sub_cat_id": 1470, "cat_id": 3, "property_id": 2, "mbti": "ISTJ", "enneatype": "6w5"}, {"id": 67471, "mbti_profile": "Lucien", "subcategory": "Am\u00e9lie (2001)", "profile_image_url": "https://static1.personality-database.com/profile_images/27d033dd2f6b491985dbc32c3b7101c1.png", "profile_name": "Lucien", "profile_subcat": "Am\u00e9lie (2001)", "sub_cat_id": 1470, "cat_id": 3, "property_id": 2, "mbti": "ISFP", "enneatype": "9w1"}, {"id": 367495, "mbti_profile": "Blubber \"Suicidal Goldfish\"", "subcategory": "Am\u00e9lie (2001)", "profile_image_url": "https://static1.personality-database.com/profile_images/4b1ebce00f05460b99cf5961c38ea313.png", "profile_name": "Blubber \"Suicidal Goldfish\"", "profile_subcat": "Am\u00e9lie (2001)", "sub_cat_id": 1470, "cat_id": 3, "property_id": 2, "mbti": "INFP", "enneatype": "6w5"}, {"id": 67460, "mbti_profile": "Nino Quincampoix", "subcategory": "Am\u00e9lie (2001)", "profile_image_url": "https://static1.personality-database.com/profile_images/541bb5ed4c2c47b4a0bdbfa2198b8ad3.png", "profile_name": "Nino Quincampoix", "profile_subcat": "Am\u00e9lie (2001)", "sub_cat_id": 1470, "cat_id": 3, "property_id": 2, "mbti": "ISFP", "enneatype": "4w5"}, {"id": 67465, "mbti_profile": "Raymond Dufayel", "subcategory": "Am\u00e9lie (2001)", "profile_image_url": "https://static1.personality-database.com/profile_images/58327072745e49bd8cb6a553da4d80c1.png", "profile_name": "Raymond Dufayel", "profile_subcat": "Am\u00e9lie (2001)", "sub_cat_id": 1470, "cat_id": 3, "property_id": 2, "mbti": "INFJ", "enneatype": "4w5"}, {"id": 67462, "mbti_profile": "Amandine Poulain", "subcategory": "Am\u00e9lie (2001)", "profile_image_url": "https://static1.personality-database.com/profile_images/96017d5aa4da4c04a522f7e61054fdf1.png", "profile_name": "Amandine Poulain", "profile_subcat": "Am\u00e9lie (2001)", "sub_cat_id": 1470, "cat_id": 3, "property_id": 2, "mbti": "ESTJ", "enneatype": "6w5"}, {"id": 67470, "mbti_profile": "Collignon", "subcategory": "Am\u00e9lie (2001)", "profile_image_url": "https://static1.personality-database.com/profile_images/806b64121f6b4ee4a374d94474fc2182.png", "profile_name": "Collignon", "profile_subcat": "Am\u00e9lie (2001)", "sub_cat_id": 1470, "cat_id": 3, "property_id": 2, "mbti": "ESTJ", "enneatype": "1w2"}], "functions": ["Fi", "Ne", "Si", "Te"], "systems": [{"hex_color": "#888888", "id": 1, "personality_type": "XXXX", "personality_type_id": 0, "system_name": "Four Letter", "system_vote_count": 706, "user_vote_type_id": 0, "vote_id": 0}, {"hex_color": "#006775", "id": 2, "personality_type": "XXXX", "personality_type_id": 0, "system_name": "Enneagram", "system_vote_count": 372, "user_vote_type_id": 0, "vote_id": 0}, {"hex_color": "#006775", "id": 5, "personality_type": "XXXX", "personality_type_id": 0, "system_name": "Instinctual Variant", "system_vote_count": 131, "user_vote_type_id": 0, "vote_id": 0}, {"hex_color": "#006775", "id": 6, "personality_type": "XXXX", "personality_type_id": 0, "system_name": "Tritype", "system_vote_count": 102, "user_vote_type_id": 0, "vote_id": 0}, {"hex_color": "#888888", "id": 3, "personality_type": "XXXX", "personality_type_id": 0, "system_name": "Socionics", "system_vote_count": 57, "user_vote_type_id": 0, "vote_id": 0}, {"hex_color": "#888888", "id": 9, "personality_type": "XXXX", "personality_type_id": 0, "system_name": "Big 5 (SLOAN)", "system_vote_count": 25, "user_vote_type_id": 0, "vote_id": 0}, {"hex_color": "#888888", "id": 8, "personality_type": "XXXX", "personality_type_id": 0, "system_name": "Attitudinal Psyche", "system_vote_count": 18, "user_vote_type_id": 0, "vote_id": 0}, {"hex_color": "#888888", "id": 7, "personality_type": "XXXX", "personality_type_id": 0, "system_name": "Temperaments", "system_vote_count": 71, "user_vote_type_id": 0, "vote_id": 0}, {"hex_color": "#888888", "id": 11, "personality_type": "XXXX", "personality_type_id": 0, "system_name": "Classic Jungian", "system_vote_count": 5, "user_vote_type_id": 0, "vote_id": 0}], "breakdown_systems": {"1": [{"myValue": "INFP", "personality_system_id": 1, "personality_type": "INFP", "theCount": 595}, {"myValue": "INFJ", "personality_system_id": 1, "personality_type": "INFJ", "theCount": 82}, {"myValue": "ENFP", "personality_system_id": 1, "personality_type": "ENFP", "theCount": 12}, {"myValue": "ISFJ", "personality_system_id": 1, "personality_type": "ISFJ", "theCount": 8}, {"myValue": "INTP", "personality_system_id": 1, "personality_type": "INTP", "theCount": 4}, {"myValue": "ISFP", "personality_system_id": 1, "personality_type": "ISFP", "theCount": 3}, {"myValue": "ESTJ", "personality_system_id": 1, "personality_type": "ESTJ", "theCount": 1}, {"myValue": "INTJ", "personality_system_id": 1, "personality_type": "INTJ", "theCount": 1}], "11": [{"myValue": "IS(F)", "personality_system_id": 11, "personality_type": "IS(F)", "theCount": 5}], "2": [{"myValue": "9w1", "personality_system_id": 2, "personality_type": "9w1", "theCount": 199}, {"myValue": "4w5", "personality_system_id": 2, "personality_type": "4w5", "theCount": 100}, {"myValue": "5w4", "personality_system_id": 2, "personality_type": "5w4", "theCount": 64}, {"myValue": "7w6", "personality_system_id": 2, "personality_type": "7w6", "theCount": 4}, {"myValue": "4w3", "personality_system_id": 2, "personality_type": "4w3", "theCount": 2}, {"myValue": "1w2", "personality_system_id": 2, "personality_type": "1w2", "theCount": 1}, {"myValue": "1w9", "personality_system_id": 2, "personality_type": "1w9", "theCount": 1}, {"myValue": "5w6", "personality_system_id": 2, "personality_type": "5w6", "theCount": 1}], "3": [{"myValue": "SEI", "personality_system_id": 3, "personality_type": "SEI", "theCount": 20}, {"myValue": "EII", "personality_system_id": 3, "personality_type": "EII", "theCount": 18}, {"myValue": "IEI", "personality_system_id": 3, "personality_type": "IEI", "theCount": 14}, {"myValue": "IEE", "personality_system_id": 3, "personality_type": "IEE", "theCount": 5}], "4": [{"myValue": "Neutral Good", "personality_system_id": 4, "personality_type": "Neutral Good", "theCount": 28}, {"myValue": "Chaotic Good", "personality_system_id": 4, "personality_type": "Chaotic Good", "theCount": 2}], "5": [{"myValue": "sx/sp", "personality_system_id": 5, "personality_type": "sx/sp", "theCount": 57}, {"myValue": "sp/sx", "personality_system_id": 5, "personality_type": "sp/sx", "theCount": 49}, {"myValue": "sx/so", "personality_system_id": 5, "personality_type": "sx/so", "theCount": 9}, {"myValue": "so/sx", "personality_system_id": 5, "personality_type": "so/sx", "theCount": 6}, {"myValue": "so/sp", "personality_system_id": 5, "personality_type": "so/sp", "theCount": 5}, {"myValue": "sp/so", "personality_system_id": 5, "personality_type": "sp/so", "theCount": 5}], "6": [{"myValue": "947", "personality_system_id": 6, "personality_type": "947", "theCount": 36}, {"myValue": "549", "personality_system_id": 6, "personality_type": "549", "theCount": 14}, {"myValue": "497", "personality_system_id": 6, "personality_type": "497", "theCount": 7}, {"myValue": "952", "personality_system_id": 6, "personality_type": "952", "theCount": 6}, {"myValue": "469", "personality_system_id": 6, "personality_type": "469", "theCount": 5}, {"myValue": "945", "personality_system_id": 6, "personality_type": "945", "theCount": 5}, {"myValue": "594", "personality_system_id": 6, "personality_type": "594", "theCount": 4}, {"myValue": "794", "personality_system_id": 6, "personality_type": "794", "theCount": 4}, {"myValue": "495", "personality_system_id": 6, "personality_type": "495", "theCount": 2}, {"myValue": "592", "personality_system_id": 6, "personality_type": "592", "theCount": 2}, {"myValue": "925", "personality_system_id": 6, "personality_type": "925", "theCount": 2}, {"myValue": "946", "personality_system_id": 6, "personality_type": "946", "theCount": 2}, {"myValue": "954", "personality_system_id": 6, "personality_type": "954", "theCount": 2}, {"myValue": "125", "personality_system_id": 6, "personality_type": "125", "theCount": 1}, {"myValue": "451", "personality_system_id": 6, "personality_type": "451", "theCount": 1}, {"myValue": "458", "personality_system_id": 6, "personality_type": "458", "theCount": 1}, {"myValue": "459", "personality_system_id": 6, "personality_type": "459", "theCount": 1}, {"myValue": "479", "personality_system_id": 6, "personality_type": "479", "theCount": 1}, {"myValue": "529", "personality_system_id": 6, "personality_type": "529", "theCount": 1}, {"myValue": "749", "personality_system_id": 6, "personality_type": "749", "theCount": 1}, {"myValue": "926", "personality_system_id": 6, "personality_type": "926", "theCount": 1}, {"myValue": "927", "personality_system_id": 6, "personality_type": "927", "theCount": 1}, {"myValue": "972", "personality_system_id": 6, "personality_type": "972", "theCount": 1}, {"myValue": "974", "personality_system_id": 6, "personality_type": "974", "theCount": 1}], "7": [{"myValue": "Phlegmatic [Dominant]", "personality_system_id": 7, "personality_type": "Phlegmatic [Dominant]", "theCount": 47}, {"myValue": "Phlegmatic-Melancholic", "personality_system_id": 7, "personality_type": "Phlegmatic-Melancholic", "theCount": 11}, {"myValue": "Melancholic-Phlegmatic", "personality_system_id": 7, "personality_type": "Melancholic-Phlegmatic", "theCount": 4}, {"myValue": "Melancholic [Dominant]", "personality_system_id": 7, "personality_type": "Melancholic [Dominant]", "theCount": 3}, {"myValue": "Sanguine-Melancholic", "personality_system_id": 7, "personality_type": "Sanguine-Melancholic", "theCount": 2}, {"myValue": "Sanguine-Phlegmatic", "personality_system_id": 7, "personality_type": "Sanguine-Phlegmatic", "theCount": 2}, {"myValue": "Melancholic-Sanguine", "personality_system_id": 7, "personality_type": "Melancholic-Sanguine", "theCount": 1}, {"myValue": "Sanguine [Dominant]", "personality_system_id": 7, "personality_type": "Sanguine [Dominant]", "theCount": 1}], "8": [{"myValue": "ELFV", "personality_system_id": 8, "personality_type": "ELFV", "theCount": 7}, {"myValue": "ELVF", "personality_system_id": 8, "personality_type": "ELVF", "theCount": 3}, {"myValue": "FELV", "personality_system_id": 8, "personality_type": "FELV", "theCount": 3}, {"myValue": "LEFV", "personality_system_id": 8, "personality_type": "LEFV", "theCount": 2}, {"myValue": "EFLV", "personality_system_id": 8, "personality_type": "EFLV", "theCount": 1}, {"myValue": "EVFL", "personality_system_id": 8, "personality_type": "EVFL", "theCount": 1}, {"myValue": "EVLF", "personality_system_id": 8, "personality_type": "EVLF", "theCount": 1}], "9": [{"myValue": "RCUAI", "personality_system_id": 9, "personality_type": "RCUAI", "theCount": 13}, {"myValue": "RLUAI", "personality_system_id": 9, "personality_type": "RLUAI", "theCount": 10}, {"myValue": "RCOAI", "personality_system_id": 9, "personality_type": "RCOAI", "theCount": 2}]}, "breakdown_config": {"expand": {"1": 3, "11": 1, "2": 3, "3": 3, "4": 1, "5": 2, "6": 1, "7": 1, "8": 1, "9": 2}, "fire": {"1": 0, "11": 0, "2": 1, "3": 1, "4": 0, "5": 1, "6": 0, "7": 0, "8": 0, "9": 1}}, "mbti_letter_stats": [{"type": "I", "percentage": "98%", "PercentageFloat": 0.9815864022662889}, {"type": "N", "percentage": "98%", "PercentageFloat": 0.9830028328611898}, {"type": "F", "percentage": "99%", "PercentageFloat": 0.9915014164305949}, {"type": "P", "percentage": "87%", "PercentageFloat": 0.8696883852691218}], "topic_info": {"can_generate": false, "topic": {"description": "", "follow_count": 1, "id": 10335, "is_following": false, "is_join_pending": false, "is_banned": false, "is_moderated": false, "name_readable": "Am\u00e9lie Poulain", "post_count": 22, "source_profile_id": 11073, "source_type": "profile", "join_to_post": false, "can_pin": false, "related_topics": [{"description": "", "follow_count": 1, "id": 10335, "is_following": false, "is_join_pending": false, "is_banned": false, "is_moderated": false, "name_readable": "Am\u00e9lie Poulain", "post_count": 22, "source_profile_id": 11073, "source_type": "profile", "image": {"picURL": "https://static1.personality-database.com/profile_images/3ce73bbe6a0e458da74b9b49242907d5.png"}, "join_to_post": false, "can_pin": false}, {"description": "", "follow_count": 0, "id": 56008, "is_following": false, "is_join_pending": false, "is_banned": false, "is_moderated": false, "name_readable": "Lucien", "post_count": 1, "source_profile_id": 67471, "source_type": "profile", "image": {"picURL": "https://static1.personality-database.com/profile_images/27d033dd2f6b491985dbc32c3b7101c1.png"}, "join_to_post": false, "can_pin": false}, {"description": "", "follow_count": 0, "id": 282634, "is_following": false, "is_join_pending": false, "is_banned": false, "is_moderated": false, "name_readable": "Suicidal Goldfish", "post_count": 1, "source_profile_id": 367495, "source_type": "profile", "image": {"picURL": "https://static1.personality-database.com/profile_images/4b1ebce00f05460b99cf5961c38ea313.png"}, "join_to_post": false, "can_pin": false}, {"description": "", "follow_count": 0, "id": 55997, "is_following": false, "is_join_pending": false, "is_banned": false, "is_moderated": false, "name_readable": "Nino Quincampoix", "post_count": 0, "source_profile_id": 67460, "source_type": "profile", "image": {"picURL": "https://static1.personality-database.com/profile_images/541bb5ed4c2c47b4a0bdbfa2198b8ad3.png"}, "join_to_post": false, "can_pin": false}, {"description": "", "follow_count": 0, "id": 55998, "is_following": false, "is_join_pending": false, "is_banned": false, "is_moderated": false, "name_readable": "Rapha\u00ebl poulain", "post_count": 0, "source_profile_id": 67461, "source_type": "profile", "image": {"picURL": "https://static1.personality-database.com/profile_images/a545bfabb70440308531fcfcf70d1d2d.png"}, "join_to_post": false, "can_pin": false}, {"description": "", "follow_count": 0, "id": 55999, "is_following": false, "is_join_pending": false, "is_banned": false, "is_moderated": false, "name_readable": "Amandine Poulain", "post_count": 0, "source_profile_id": 67462, "source_type": "profile", "image": {"picURL": "https://static1.personality-database.com/profile_images/96017d5aa4da4c04a522f7e61054fdf1.png"}, "join_to_post": false, "can_pin": false}, {"description": "", "follow_count": 0, "id": 56000, "is_following": false, "is_join_pending": false, "is_banned": false, "is_moderated": false, "name_readable": "Madame Suzanne", "post_count": 0, "source_profile_id": 67463, "source_type": "profile", "image": {"picURL": "https://static1.personality-database.com/profile_images/344681c5f19b4e2c800efb4cf2c364d2.png"}, "join_to_post": false, "can_pin": false}, {"description": "", "follow_count": 0, "id": 56001, "is_following": false, "is_join_pending": false, "is_banned": false, "is_moderated": false, "name_readable": "Gina", "post_count": 0, "source_profile_id": 67464, "source_type": "profile", "image": {"picURL": "https://static1.personality-database.com/profile_images/c19ca015c48d44f998c28d616d74ea40.png"}, "join_to_post": false, "can_pin": false}, {"description": "", "follow_count": 0, "id": 56002, "is_following": false, "is_join_pending": false, "is_banned": false, "is_moderated": false, "name_readable": "Raymond Dufayel", "post_count": 0, "source_profile_id": 67465, "source_type": "profile", "image": {"picURL": "https://static1.personality-database.com/profile_images/58327072745e49bd8cb6a553da4d80c1.png"}, "join_to_post": false, "can_pin": false}, {"description": "", "follow_count": 0, "id": 56003, "is_following": false, "is_join_pending": false, "is_banned": false, "is_moderated": false, "name_readable": "Dominique Bretodeau", "post_count": 0, "source_profile_id": 67466, "source_type": "profile", "image": {"picURL": "https://static1.personality-database.com/profile_images/c824e7f6f8004400a34124c3568f148f.png"}, "join_to_post": false, "can_pin": false}, {"description": "", "follow_count": 0, "id": 56004, "is_following": false, "is_join_pending": false, "is_banned": false, "is_moderated": false, "name_readable": "Georgette", "post_count": 0, "source_profile_id": 67467, "source_type": "profile", "image": {"picURL": "https://static1.personality-database.com/profile_images/d42806a030f94396b0986dfb3133191c.png"}, "join_to_post": false, "can_pin": false}, {"description": "", "follow_count": 0, "id": 56005, "is_following": false, "is_join_pending": false, "is_banned": false, "is_moderated": false, "name_readable": "Joseph", "post_count": 0, "source_profile_id": 67468, "source_type": "profile", "image": {"picURL": "https://static1.personality-database.com/profile_images/62df68f885624196b0bd5b42a6dd8543.png"}, "join_to_post": false, "can_pin": false}, {"description": "", "follow_count": 0, "id": 56006, "is_following": false, "is_join_pending": false, "is_banned": false, "is_moderated": false, "name_readable": "Madeleine Wallace", "post_count": 0, "source_profile_id": 67469, "source_type": "profile", "image": {"picURL": "https://static1.personality-database.com/profile_images/93a17b23714d4cec9c28fe2115d7d191.png"}, "join_to_post": false, "can_pin": false}, {"description": "", "follow_count": 0, "id": 56007, "is_following": false, "is_join_pending": false, "is_banned": false, "is_moderated": false, "name_readable": "Collignon", "post_count": 0, "source_profile_id": 67470, "source_type": "profile", "image": {"picURL": "https://static1.personality-database.com/profile_images/806b64121f6b4ee4a374d94474fc2182.png"}, "join_to_post": false, "can_pin": false}, {"description": "An airhostess", "follow_count": 0, "id": 200751, "is_following": false, "is_join_pending": false, "is_banned": false, "is_moderated": false, "name_readable": "Philom\u00e8ne", "post_count": 0, "source_profile_id": 260313, "source_type": "profile", "image": {"picURL": "https://static1.personality-database.com/profile_images/c674bb8103684d65a87aa94737f6e726.png"}, "join_to_post": false, "can_pin": false}], "subcategory": "Am\u00e9lie (2001)", "topic_image_url": "https://static1.personality-database.com/profile_images/3ce73bbe6a0e458da74b9b49242907d5.png", "source_location": {"cid": 3, "pid": 2, "sub_cat_id": 1470}, "can_post_image": false, "can_post_audio": false, "posts": {"posts": [{"username": "lamb", "user_pic_path": "https://lh3.googleusercontent.com/a-/AOh14Gij8aqr4Sp4EoWGiZ9HUjeoK1IEC6ivxouk_v2r=s96-c", "user_personality_type": "629", "is_mod": false, "comment_count": 0, "reply_count": 0, "vote_type": 0, "topics_list": [{"id": 10335, "name_readable": "Am\u00e9lie Poulain"}], "id": 1690846, "post_id": 1690846, "user_id": 586621, "title": "", "content": "this movie: why INFP EIIs are wondrous \u2b50\ufe0f", "create_date": 1667812754000, "unix_timestamp": 1667812754000, "update_date": 1667812754000, "vote_count": 3, "vote_count_down": 0, "is_reported": 0, "is_hidden": false, "is_pinned": false, "is_watching": false, "is_pro_user": false, "images": null, "audios": null, "function_list": [], "type": "post"}, {"username": "Cheney Chen", "user_pic_path": "https://lh3.googleusercontent.com/a-/AOh14GhOL5WJBVuRCn7Ra2ao8RhoPuvBsMpWw_GJbPBB=s96-c", "user_personality_type": "INFP", "is_mod": false, "comment_count": 0, "reply_count": 0, "vote_type": 0, "topics_list": [{"id": 10335, "name_readable": "Am\u00e9lie Poulain"}], "id": 1523123, "post_id": 1523123, "user_id": 653424, "title": "", "content": "She's helping people\uff0cI guess it's Fe\uff1f\nShe's helping people mostly based on she's own ideas rather than communicating with them and understand others need\u2026\u2026I guess it's kinda Fi\u2026", "create_date": 1665738870000, "unix_timestamp": 1665738870000, "update_date": 1665738870000, "vote_count": 1, "vote_count_down": 0, "is_reported": 0, "is_hidden": false, "is_pinned": false, "is_watching": false, "is_pro_user": false, "images": null, "audios": null, "function_list": [], "type": "post"}, {"username": "Arlin", "user_pic_path": "https://static1.personality-database.com/user_avatars/849398/2ce42698-1a94-4853-8557-210320b5bb2e.jpeg", "user_personality_type": "739", "is_mod": false, "comment_count": 0, "reply_count": 0, "vote_type": 0, "topics_list": [{"id": 10335, "name_readable": "Am\u00e9lie Poulain"}], "id": 1131136, "post_id": 1131136, "user_id": 849398, "title": "", "content": "One of my most favorite INFPs if not the most. I love her so much\u2661", "create_date": 1660015322000, "unix_timestamp": 1660015322000, "update_date": 1660015347000, "vote_count": 12, "vote_count_down": 0, "is_reported": 0, "is_hidden": false, "is_pinned": false, "is_watching": false, "is_pro_user": false, "images": null, "audios": null, "function_list": [], "type": "post"}]}}}}