{"id": 13653, "mbti_profile": "Monty \"Lightning\" McQueen", "profile_name_searchable": "senpai", "allow_commenting": true, "allow_voting": true, "user_id": 5690, "contributor": "TheTealT3", "contributor_create_date": "2018-07-18 23:01:40", "contributor_pic_path": "https://lh3.googleusercontent.com/a/AATXAJwd05yTOGS5BkGSgrCi2tf9xVgZBgAe_5uwtkq-tQ=s96-c", "display_order": 1000, "edit_lock": 0, "edit_lock_picture": 0, "is_active": true, "is_approved": true, "mbti_enneagram_type": "ESTP 3w4", "mbti_type": "ESTP 3w4", "pdb_comment_access": true, "pdb_page_owner": 0, "pdb_public_access": true, "wiki_description": "The central character of the franchise, a young, ambitious but arrogant, self-centered race car who wants to win the Piston Cup. His desire to be the first to California leads him getting lost and stranded in Radiator Springs. However, his time with the eccentric townsfolk open his eyes to his own demeanor and learns to slow down in life, turning him into a better person. In Cars 2, he participates in the World Grand Prix. In Cars 3, he is outmatched by a new, high-tech generation of racers led by rookie Jackson Storm, causing him to suffer a near-fatal crash which puts his career in jeopardy, and struggles to get back on top with the help of fellow racing technician Cruz Ramirez, who has a dream of becoming a racer just like him.\n\nUnlike most of the other characters in the franchise, McQueen is not based on any one real world design, instead incorporating design features from many different sports and racing cars.", "watch_count": 507, "comment_count": 75, "vote_count": 406, "vote_count_enneagram": 208, "vote_count_mbti": 406, "total_vote_counts": 845, "personality_type": "ESTP - 3w4 - so/sx - 387 - SEE - SLUEN - VFEL - Sanguine-Choleric - ES(T)", "type_updated_date": "2022-12-29 03:30:10", "enneagram_vote": "", "enneagram_vote_id": 0, "mbti_vote": "", "mbti_vote_id": 0, "is_watching": false, "image_exists": false, "profile_image_url": "https://static1.personality-database.com/profile_images/2c9bd9e888dd40739fe70b3f265bd1ac.png", "profile_image_credit": "", "profile_image_credit_id": 0, "profile_image_credit_type": "0", "profile_image_credit_url": "", "alt_subcategory": "", "related_subcategories": "35767|||Disney Infinity ", "cat_id": 3, "category": "Movies", "category_is_fictional": true, "sub_cat_id": 1725, "subcategory": "Cars (Franchise)", "subcat_link_info": {"sub_cat_id": 1725, "cat_id": 3, "property_id": 2, "subcategory": "Cars (Franchise)"}, "related_subcat_link_info": [{"sub_cat_id": 35767, "cat_id": 11, "property_id": 2, "subcategory": "Disney Infinity "}], "related_profiles": [{"id": 13654, "mbti_profile": "Sir Towbert \"Tow\" Mater", "subcategory": "Cars (Franchise)", "profile_image_url": "https://static1.personality-database.com/profile_images/6a649216e23f47ee92a4e8b7d13e78ba.png", "profile_name": "Sir Towbert \"Tow\" Mater", "profile_subcat": "Cars (Franchise)", "sub_cat_id": 1725, "cat_id": 3, "property_id": 2, "mbti": "ESFP", "enneatype": "7w6"}, {"id": 26479, "mbti_profile": "Doc Hudson / Fabulous Hudson Hornet", "subcategory": "Cars (Franchise)", "profile_image_url": "https://static1.personality-database.com/profile_images/4b8c37a4fd144479965275b7ff8cec1a.png", "profile_name": "Doc Hudson / Fabulous Hudson Hornet", "profile_subcat": "Cars (Franchise)", "sub_cat_id": 1725, "cat_id": 3, "property_id": 2, "mbti": "ISTJ", "enneatype": "5w6"}, {"id": 16354, "mbti_profile": "Strip \"The King\" Weathers", "subcategory": "Cars (Franchise)", "profile_image_url": "https://static1.personality-database.com/profile_images/61d173bb9d504814a86230169fcd4ac1.png", "profile_name": "Strip \"The King\" Weathers", "profile_subcat": "Cars (Franchise)", "sub_cat_id": 1725, "cat_id": 3, "property_id": 2, "mbti": "INFJ", "enneatype": "1w2"}, {"id": 34708, "mbti_profile": "Guido", "subcategory": "Cars (Franchise)", "profile_image_url": "https://static1.personality-database.com/profile_images/98de96c8beeb46889f2fca2e13713dec.png", "profile_name": "Guido", "profile_subcat": "Cars (Franchise)", "sub_cat_id": 1725, "cat_id": 3, "property_id": 2, "mbti": "ISTP", "enneatype": "3w2"}, {"id": 26480, "mbti_profile": "Sally Carrera", "subcategory": "Cars (Franchise)", "profile_image_url": "https://static1.personality-database.com/profile_images/b2d016b0dda84690a7d4787e5b78c7fb.png", "profile_name": "Sally Carrera", "profile_subcat": "Cars (Franchise)", "sub_cat_id": 1725, "cat_id": 3, "property_id": 2, "mbti": "INFJ", "enneatype": "2w3"}, {"id": 34707, "mbti_profile": "Flo", "subcategory": "Cars (Franchise)", "profile_image_url": "https://static1.personality-database.com/profile_images/672587445452440f95f99cb4f30e5b22.png", "profile_name": "Flo", "profile_subcat": "Cars (Franchise)", "sub_cat_id": 1725, "cat_id": 3, "property_id": 2, "mbti": "ENTP", "enneatype": "3w2"}, {"id": 232422, "mbti_profile": "Francesco Bernoulli", "subcategory": "Cars (Franchise)", "profile_image_url": "https://static1.personality-database.com/profile_images/f7d6a50b49d54e1286ba26e1bdb6fb9a.png", "profile_name": "Francesco Bernoulli", "profile_subcat": "Cars (Franchise)", "sub_cat_id": 1725, "cat_id": 3, "property_id": 2, "mbti": "ESFP", "enneatype": "3w4"}, {"id": 16353, "mbti_profile": "Chick Hicks", "subcategory": "Cars (Franchise)", "profile_image_url": "https://static1.personality-database.com/profile_images/136716a225a0467fabcc69edfedba814.png", "profile_name": "Chick Hicks", "profile_subcat": "Cars (Franchise)", "sub_cat_id": 1725, "cat_id": 3, "property_id": 2, "mbti": "ESTP", "enneatype": "3w2"}], "functions": ["Se", "Ti", "Fe", "Ni"], "systems": [{"hex_color": "#888888", "id": 1, "personality_type": "XXXX", "personality_type_id": 0, "system_name": "Four Letter", "system_vote_count": 399, "user_vote_type_id": 0, "vote_id": 0}, {"hex_color": "#006775", "id": 2, "personality_type": "XXXX", "personality_type_id": 0, "system_name": "Enneagram", "system_vote_count": 204, "user_vote_type_id": 0, "vote_id": 0}, {"hex_color": "#006775", "id": 5, "personality_type": "XXXX", "personality_type_id": 0, "system_name": "Instinctual Variant", "system_vote_count": 54, "user_vote_type_id": 0, "vote_id": 0}, {"hex_color": "#006775", "id": 6, "personality_type": "XXXX", "personality_type_id": 0, "system_name": "Tritype", "system_vote_count": 51, "user_vote_type_id": 0, "vote_id": 0}, {"hex_color": "#888888", "id": 3, "personality_type": "XXXX", "personality_type_id": 0, "system_name": "Socionics", "system_vote_count": 34, "user_vote_type_id": 0, "vote_id": 0}, {"hex_color": "#888888", "id": 9, "personality_type": "XXXX", "personality_type_id": 0, "system_name": "Big 5 (SLOAN)", "system_vote_count": 22, "user_vote_type_id": 0, "vote_id": 0}, {"hex_color": "#888888", "id": 8, "personality_type": "XXXX", "personality_type_id": 0, "system_name": "Attitudinal Psyche", "system_vote_count": 15, "user_vote_type_id": 0, "vote_id": 0}, {"hex_color": "#888888", "id": 7, "personality_type": "XXXX", "personality_type_id": 0, "system_name": "Temperaments", "system_vote_count": 51, "user_vote_type_id": 0, "vote_id": 0}, {"hex_color": "#888888", "id": 11, "personality_type": "XXXX", "personality_type_id": 0, "system_name": "Classic Jungian", "system_vote_count": 4, "user_vote_type_id": 0, "vote_id": 0}], "breakdown_systems": {"1": [{"myValue": "ESTP", "personality_system_id": 1, "personality_type": "ESTP", "theCount": 366}, {"myValue": "ESFP", "personality_system_id": 1, "personality_type": "ESFP", "theCount": 14}, {"myValue": "ENTP", "personality_system_id": 1, "personality_type": "ENTP", "theCount": 9}, {"myValue": "ESTJ", "personality_system_id": 1, "personality_type": "ESTJ", "theCount": 3}, {"myValue": "ESFJ", "personality_system_id": 1, "personality_type": "ESFJ", "theCount": 2}, {"myValue": "ENFP", "personality_system_id": 1, "personality_type": "ENFP", "theCount": 1}, {"myValue": "INFP", "personality_system_id": 1, "personality_type": "INFP", "theCount": 1}, {"myValue": "ISFJ", "personality_system_id": 1, "personality_type": "ISFJ", "theCount": 1}, {"myValue": "ISTJ", "personality_system_id": 1, "personality_type": "ISTJ", "theCount": 1}, {"myValue": "ISTP", "personality_system_id": 1, "personality_type": "ISTP", "theCount": 1}], "11": [{"myValue": "ES(T)", "personality_system_id": 11, "personality_type": "ES(T)", "theCount": 2}, {"myValue": "EN(F)", "personality_system_id": 11, "personality_type": "EN(F)", "theCount": 1}, {"myValue": "ES(F)", "personality_system_id": 11, "personality_type": "ES(F)", "theCount": 1}], "2": [{"myValue": "3w4", "personality_system_id": 2, "personality_type": "3w4", "theCount": 186}, {"myValue": "3w2", "personality_system_id": 2, "personality_type": "3w2", "theCount": 7}, {"myValue": "7w8", "personality_system_id": 2, "personality_type": "7w8", "theCount": 4}, {"myValue": "8w7", "personality_system_id": 2, "personality_type": "8w7", "theCount": 2}, {"myValue": "1w9", "personality_system_id": 2, "personality_type": "1w9", "theCount": 1}, {"myValue": "4w3", "personality_system_id": 2, "personality_type": "4w3", "theCount": 1}, {"myValue": "6w7", "personality_system_id": 2, "personality_type": "6w7", "theCount": 1}, {"myValue": "7w6", "personality_system_id": 2, "personality_type": "7w6", "theCount": 1}, {"myValue": "8w9", "personality_system_id": 2, "personality_type": "8w9", "theCount": 1}], "3": [{"myValue": "SEE", "personality_system_id": 3, "personality_type": "SEE", "theCount": 32}, {"myValue": "SEI", "personality_system_id": 3, "personality_type": "SEI", "theCount": 1}, {"myValue": "SLE", "personality_system_id": 3, "personality_type": "SLE", "theCount": 1}], "4": [{"myValue": "True Neutral", "personality_system_id": 4, "personality_type": "True Neutral", "theCount": 7}, {"myValue": "Neutral Good", "personality_system_id": 4, "personality_type": "Neutral Good", "theCount": 2}, {"myValue": "Chaotic Good", "personality_system_id": 4, "personality_type": "Chaotic Good", "theCount": 1}, {"myValue": "Chaotic Neutral", "personality_system_id": 4, "personality_type": "Chaotic Neutral", "theCount": 1}], "5": [{"myValue": "so/sx", "personality_system_id": 5, "personality_type": "so/sx", "theCount": 48}, {"myValue": "so/sp", "personality_system_id": 5, "personality_type": "so/sp", "theCount": 4}, {"myValue": "sp/so", "personality_system_id": 5, "personality_type": "sp/so", "theCount": 1}, {"myValue": "sx/sp", "personality_system_id": 5, "personality_type": "sx/sp", "theCount": 1}], "6": [{"myValue": "387", "personality_system_id": 6, "personality_type": "387", "theCount": 34}, {"myValue": "378", "personality_system_id": 6, "personality_type": "378", "theCount": 11}, {"myValue": "268", "personality_system_id": 6, "personality_type": "268", "theCount": 1}, {"myValue": "368", "personality_system_id": 6, "personality_type": "368", "theCount": 1}, {"myValue": "379", "personality_system_id": 6, "personality_type": "379", "theCount": 1}, {"myValue": "386", "personality_system_id": 6, "personality_type": "386", "theCount": 1}, {"myValue": "783", "personality_system_id": 6, "personality_type": "783", "theCount": 1}, {"myValue": "836", "personality_system_id": 6, "personality_type": "836", "theCount": 1}], "7": [{"myValue": "Sanguine-Choleric", "personality_system_id": 7, "personality_type": "Sanguine-Choleric", "theCount": 44}, {"myValue": "Choleric-Sanguine", "personality_system_id": 7, "personality_type": "Choleric-Sanguine", "theCount": 2}, {"myValue": "Sanguine [Dominant]", "personality_system_id": 7, "personality_type": "Sanguine [Dominant]", "theCount": 2}, {"myValue": "Sanguine-Melancholic", "personality_system_id": 7, "personality_type": "Sanguine-Melancholic", "theCount": 2}, {"myValue": "Choleric-Melancholic", "personality_system_id": 7, "personality_type": "Choleric-Melancholic", "theCount": 1}], "8": [{"myValue": "VFEL", "personality_system_id": 8, "personality_type": "VFEL", "theCount": 9}, {"myValue": "VFLE", "personality_system_id": 8, "personality_type": "VFLE", "theCount": 4}, {"myValue": "FVLE", "personality_system_id": 8, "personality_type": "FVLE", "theCount": 1}, {"myValue": "VEFL", "personality_system_id": 8, "personality_type": "VEFL", "theCount": 1}], "9": [{"myValue": "SLUEN", "personality_system_id": 9, "personality_type": "SLUEN", "theCount": 17}, {"myValue": "SLUAN", "personality_system_id": 9, "personality_type": "SLUAN", "theCount": 2}, {"myValue": "RLOEN", "personality_system_id": 9, "personality_type": "RLOEN", "theCount": 1}, {"myValue": "RLUAI", "personality_system_id": 9, "personality_type": "RLUAI", "theCount": 1}, {"myValue": "SLOEN", "personality_system_id": 9, "personality_type": "SLOEN", "theCount": 1}]}, "breakdown_config": {"expand": {"1": 3, "11": 1, "2": 3, "3": 1, "4": 1, "5": 1, "6": 1, "7": 1, "8": 1, "9": 1}, "fire": {"1": 0, "11": 0, "2": 0, "3": 0, "4": 0, "5": 0, "6": 0, "7": 0, "8": 0, "9": 0}}, "mbti_letter_stats": [{"type": "E", "percentage": "99%", "PercentageFloat": 0.9899749373433584}, {"type": "S", "percentage": "97%", "PercentageFloat": 0.9724310776942355}, {"type": "T", "percentage": "95%", "PercentageFloat": 0.9523809523809523}, {"type": "P", "percentage": "98%", "PercentageFloat": 0.9824561403508771}], "topic_info": {"can_generate": false, "topic": {"description": "#OwenWilson\n#ESTPHeroes", "follow_count": 3, "id": 12595, "is_following": false, "is_join_pending": false, "is_banned": false, "is_moderated": false, "name_readable": "Lightning McQueen", "post_count": 10, "source_profile_id": 13653, "source_type": "profile", "join_to_post": false, "can_pin": false, "related_topics": [{"description": "#OwenWilson\n#ESTPHeroes", "follow_count": 3, "id": 12595, "is_following": false, "is_join_pending": false, "is_banned": false, "is_moderated": false, "name_readable": "Lightning McQueen", "post_count": 10, "source_profile_id": 13653, "source_type": "profile", "image": {"picURL": "https://static1.personality-database.com/profile_images/2c9bd9e888dd40739fe70b3f265bd1ac.png"}, "join_to_post": false, "can_pin": false}, {"description": "#MichaelKeaton", "follow_count": 0, "id": 15034, "is_following": false, "is_join_pending": false, "is_banned": false, "is_moderated": false, "name_readable": "Chick Hicks", "post_count": 3, "source_profile_id": 16353, "source_type": "profile", "image": {"picURL": "https://static1.personality-database.com/profile_images/136716a225a0467fabcc69edfedba814.png"}, "join_to_post": false, "can_pin": false}, {"description": "", "follow_count": 0, "id": 23795, "is_following": false, "is_join_pending": false, "is_banned": false, "is_moderated": false, "name_readable": "Sally Carrera", "post_count": 2, "source_profile_id": 26480, "source_type": "profile", "image": {"picURL": "https://static1.personality-database.com/profile_images/b2d016b0dda84690a7d4787e5b78c7fb.png"}, "join_to_post": false, "can_pin": false}, {"description": "#MichaelCaine", "follow_count": 0, "id": 31092, "is_following": false, "is_join_pending": false, "is_banned": false, "is_moderated": false, "name_readable": "Finn McMissile", "post_count": 1, "source_profile_id": 34714, "source_type": "profile", "image": {"picURL": "https://static1.personality-database.com/profile_images/57fff4ddb1f84b86a9a51b4b29b99831.png"}, "join_to_post": false, "can_pin": false}, {"description": "", "follow_count": 0, "id": 31093, "is_following": false, "is_join_pending": false, "is_banned": false, "is_moderated": false, "name_readable": "Holley Shiftwell", "post_count": 1, "source_profile_id": 34715, "source_type": "profile", "image": {"picURL": "https://static1.personality-database.com/profile_images/858be5bb7e0b4dba9c98a884f46c6209.png"}, "join_to_post": false, "can_pin": false}, {"description": "", "follow_count": 0, "id": 179572, "is_following": false, "is_join_pending": false, "is_banned": false, "is_moderated": false, "name_readable": "Darrell Cartrip", "post_count": 0, "source_profile_id": 232418, "source_type": "profile", "image": {"picURL": "https://static1.personality-database.com/profile_images/94d5af939ac941208d82e7b3f68c59e3.png"}, "join_to_post": false, "can_pin": false}, {"description": "", "follow_count": 0, "id": 31090, "is_following": false, "is_join_pending": false, "is_banned": false, "is_moderated": false, "name_readable": "Sterling", "post_count": 0, "source_profile_id": 34712, "source_type": "profile", "image": {"picURL": "https://static1.personality-database.com/profile_images/0a9dc5add46148ca85c35cf6e9c37e9e.png"}, "join_to_post": false, "can_pin": false}, {"description": "", "follow_count": 1, "id": 89688, "is_following": false, "is_join_pending": false, "is_banned": false, "is_moderated": false, "name_readable": "Wingo", "post_count": 0, "source_profile_id": 112966, "source_type": "profile", "image": {"picURL": "https://static1.personality-database.com/profile_images/95409e6cfd2f40d0b9a6b4743d06bf56.png"}, "join_to_post": false, "can_pin": false}, {"description": "", "follow_count": 0, "id": 179618, "is_following": false, "is_join_pending": false, "is_banned": false, "is_moderated": false, "name_readable": "Natalie Certain", "post_count": 0, "source_profile_id": 232483, "source_type": "profile", "image": {"picURL": "https://static1.personality-database.com/profile_images/773842ff2ec446348764c656970132a2.png"}, "join_to_post": false, "can_pin": false}, {"description": "", "follow_count": 0, "id": 132515, "is_following": false, "is_join_pending": false, "is_banned": false, "is_moderated": false, "name_readable": "Harv \"The World's Greatest Agent\"", "post_count": 0, "source_profile_id": 171585, "source_type": "profile", "image": {"picURL": "https://static1.personality-database.com/profile_images/f3d6906eef9b4b53810a6241c38e1d2b.png"}, "join_to_post": false, "can_pin": false}, {"description": "", "follow_count": 0, "id": 254265, "is_following": false, "is_join_pending": false, "is_banned": false, "is_moderated": false, "name_readable": "Rip Clutchgoneski", "post_count": 0, "source_profile_id": 330302, "source_type": "profile", "image": {"picURL": "https://static1.personality-database.com/profile_images/646a6c6c481c4c1c957367ab6d36c32e.png"}, "join_to_post": false, "can_pin": false}, {"description": "", "follow_count": 0, "id": 254263, "is_following": false, "is_join_pending": false, "is_banned": false, "is_moderated": false, "name_readable": "Carla Veloso", "post_count": 0, "source_profile_id": 330299, "source_type": "profile", "image": {"picURL": "https://static1.personality-database.com/profile_images/47ea1241413944c9b2755869b0f49576.png"}, "join_to_post": false, "can_pin": false}, {"description": "", "follow_count": 0, "id": 89686, "is_following": false, "is_join_pending": false, "is_banned": false, "is_moderated": false, "name_readable": "Snot-Rod", "post_count": 0, "source_profile_id": 112964, "source_type": "profile", "image": {"picURL": "https://static1.personality-database.com/profile_images/4355ba20eeeb41cc8a7b45fa0b86733d.png"}, "join_to_post": false, "can_pin": false}, {"description": "", "follow_count": 0, "id": 89687, "is_following": false, "is_join_pending": false, "is_banned": false, "is_moderated": false, "name_readable": "DJ", "post_count": 0, "source_profile_id": 112965, "source_type": "profile", "image": {"picURL": "https://static1.personality-database.com/profile_images/ea553f0fe46b49b6adbdde6194bdeaf7.png"}, "join_to_post": false, "can_pin": false}, {"description": "", "follow_count": 0, "id": 230190, "is_following": false, "is_join_pending": false, "is_banned": false, "is_moderated": false, "name_readable": "Carlo Maserati", "post_count": 0, "source_profile_id": 299804, "source_type": "profile", "image": {"picURL": "https://www.personality-database.com/images/profile_transparent.png"}, "join_to_post": false, "can_pin": false}, {"description": "", "follow_count": 0, "id": 254266, "is_following": false, "is_join_pending": false, "is_banned": false, "is_moderated": false, "name_readable": "Jeff Gorvette", "post_count": 0, "source_profile_id": 330303, "source_type": "profile", "image": {"picURL": "https://static1.personality-database.com/profile_images/8753e1ff1b2b4ea6919463acb5ee1ede.png"}, "join_to_post": false, "can_pin": false}], "subcategory": "Cars (Franchise)", "topic_image_url": "https://static1.personality-database.com/profile_images/2c9bd9e888dd40739fe70b3f265bd1ac.png", "source_location": {"cid": 3, "pid": 2, "sub_cat_id": 1725}, "can_post_image": false, "can_post_audio": false, "posts": {"posts": [{"username": "Wandering Triceratops", "user_pic_path": "https://lh3.googleusercontent.com/a-/AFdZucqWILcmbLLvAAwUDShE4ZOtT40gEmb-LHRWaKE4sQ=s96-c", "user_personality_type": "", "is_mod": false, "comment_count": 0, "reply_count": 0, "vote_type": 0, "topics_list": [{"id": 12595, "name_readable": "Lightning McQueen"}], "id": 1926731, "post_id": 1926731, "user_id": 467595, "title": "", "content": "Kachow Kachow Kachow Kachow Kachow Kachow Kachow Kachow Kachow Kachow Kachow Kachow Kachow Kachow Kachow", "create_date": 1670879075000, "unix_timestamp": 1670879075000, "update_date": 1670879075000, "vote_count": 4, "vote_count_down": 0, "is_reported": 0, "is_hidden": false, "is_pinned": false, "is_watching": false, "is_pro_user": false, "images": null, "audios": null, "function_list": [], "type": "post"}, {"username": "Cumthrower60", "user_pic_path": "https://static1.personality-database.com/user_avatars/1574645/cfd3ec42-defd-4fe0-ad67-63cf685ec815_small.jpeg", "user_personality_type": "ESTP-7w8-782", "is_mod": false, "comment_count": 0, "reply_count": 0, "vote_type": 0, "topics_list": [{"id": 12595, "name_readable": "Lightning McQueen"}], "id": 1860267, "post_id": 1860267, "user_id": 1574645, "title": "Kachaw", "content": "Ayo, kachaw", "create_date": 1670106532000, "unix_timestamp": 1670106532000, "update_date": 1670106532000, "vote_count": 0, "vote_count_down": 0, "is_reported": 0, "is_hidden": false, "is_pinned": false, "is_watching": false, "is_pro_user": false, "images": null, "audios": null, "function_list": [], "type": "post"}]}}}}