{"id": 4923, "mbti_profile": "Cheshire Cat", "profile_name_searchable": "cheshirecat", "allow_commenting": true, "allow_voting": true, "user_id": 920, "contributor": "NickLizard", "contributor_create_date": "2016-12-20 21:34:37", "contributor_pic_path": "https://lh3.googleusercontent.com/a-/AOh14GhUzWkBMEl4GKZL_7tiq3kt7FY69w4Uy5SSj7XCgQ=s96-c", "display_order": 0, "edit_lock": 0, "edit_lock_picture": 0, "is_active": true, "is_approved": true, "mbti_enneagram_type": "ENTP 7w8", "mbti_type": "ENTP 7w8", "pdb_comment_access": true, "pdb_page_owner": 0, "pdb_public_access": true, "wiki_description": "The Cheshire Cat is a major character in the 1951 Disney animated feature film Alice in Wonderland. He is a mysterious, pink and purple striped cat with a permanent smile and a mischievous personality. His true nature in the film is highly questionable, but above all, he appears to be a completely neutral character. In many instances, he's the only being in Wonderland to show kindness and sympathy towards Alice, giving her advice on which path to take during her journey, practically acting as her guide to the point where she's overly joyous to see him once he returns. On the other hand, the cat has a cruel sense of humor, as seen during Alice's meeting with the Queen of Hearts; during which, he constantly caused mishaps to purposely have the Queen's dangerous temper target Alice.", "watch_count": 1245, "comment_count": 40, "vote_count": 408, "vote_count_enneagram": 207, "vote_count_mbti": 408, "total_vote_counts": 842, "personality_type": "ENTP - 7w8 - sp/so - 784 - ILE - SCUEI - VLEF - Sanguine [Dominant]", "type_updated_date": "2022-10-12 13:21:19", "enneagram_vote": "", "enneagram_vote_id": 0, "mbti_vote": "", "mbti_vote_id": 0, "is_watching": false, "image_exists": false, "profile_image_url": "https://static1.personality-database.com/profile_images/8002c5c54ea046f29f06743b939fcc18.png", "profile_image_credit": "", "profile_image_credit_id": 0, "profile_image_credit_type": "0", "profile_image_credit_url": "", "alt_subcategory": "", "related_subcategories": "", "cat_id": 3, "category": "Movies", "category_is_fictional": true, "sub_cat_id": 580, "subcategory": "Alice in Wonderland (1951)", "subcat_link_info": {"sub_cat_id": 580, "cat_id": 3, "property_id": 2, "subcategory": "Alice in Wonderland (1951)"}, "related_subcat_link_info": null, "related_profiles": [{"id": 4919, "mbti_profile": "Alice", "subcategory": "Alice in Wonderland (1951)", "profile_image_url": "https://static1.personality-database.com/profile_images/88180c2f05314be197e5250c220dfeb6.png", "profile_name": "Alice", "profile_subcat": "Alice in Wonderland (1951)", "sub_cat_id": 580, "cat_id": 3, "property_id": 2, "mbti": "INTP", "enneatype": "5w4"}, {"id": 4924, "mbti_profile": "Queen Of Hearts", "subcategory": "Alice in Wonderland (1951)", "profile_image_url": "https://static1.personality-database.com/profile_images/3c1d3662f9534df19c010f16bd7fbbaf.png", "profile_name": "Queen Of Hearts", "profile_subcat": "Alice in Wonderland (1951)", "sub_cat_id": 580, "cat_id": 3, "property_id": 2, "mbti": "ESTJ", "enneatype": "8w7"}, {"id": 4920, "mbti_profile": "Mad Hatter", "subcategory": "Alice in Wonderland (1951)", "profile_image_url": "https://static1.personality-database.com/profile_images/9c34a0f93f304e9eb963c9d350b396cd.png", "profile_name": "Mad Hatter", "profile_subcat": "Alice in Wonderland (1951)", "sub_cat_id": 580, "cat_id": 3, "property_id": 2, "mbti": "ENTP", "enneatype": "7w8"}, {"id": 58745, "mbti_profile": "Caterpillar", "subcategory": "Alice in Wonderland (1951)", "profile_image_url": "https://static1.personality-database.com/profile_images/6afcc09d87344a14af36b58a3a3b9f6d.png", "profile_name": "Caterpillar", "profile_subcat": "Alice in Wonderland (1951)", "sub_cat_id": 580, "cat_id": 3, "property_id": 2, "mbti": "INTP", "enneatype": "5w6"}, {"id": 154376, "mbti_profile": "The Carpenter", "subcategory": "Alice in Wonderland (1951)", "profile_image_url": "https://static1.personality-database.com/profile_images/638f37f0d84a454b869d8893092b482a.png", "profile_name": "The Carpenter", "profile_subcat": "Alice in Wonderland (1951)", "sub_cat_id": 580, "cat_id": 3, "property_id": 2, "mbti": "ISTP", "enneatype": "9w8"}, {"id": 4922, "mbti_profile": "March Hare", "subcategory": "Alice in Wonderland (1951)", "profile_image_url": "https://static1.personality-database.com/profile_images/d83dbeb9d8034bcca7ea04b5c98371fe.png", "profile_name": "March Hare", "profile_subcat": "Alice in Wonderland (1951)", "sub_cat_id": 580, "cat_id": 3, "property_id": 2, "mbti": "ESTP", "enneatype": "7w8"}, {"id": 37085, "mbti_profile": "King of Hearts", "subcategory": "Alice in Wonderland (1951)", "profile_image_url": "https://static1.personality-database.com/profile_images/9518eefc9af04cf7ba1deb3ab7a55759.png", "profile_name": "King of Hearts", "profile_subcat": "Alice in Wonderland (1951)", "sub_cat_id": 580, "cat_id": 3, "property_id": 2, "mbti": "ISFJ", "enneatype": "6w7"}, {"id": 154375, "mbti_profile": "The Walrus", "subcategory": "Alice in Wonderland (1951)", "profile_image_url": "https://static1.personality-database.com/profile_images/fb8515593c384bb7b5531d4f33b2fedf.png", "profile_name": "The Walrus", "profile_subcat": "Alice in Wonderland (1951)", "sub_cat_id": 580, "cat_id": 3, "property_id": 2, "mbti": "ESTJ", "enneatype": "8w9"}], "functions": ["Ne", "Ti", "Fe", "Si"], "systems": [{"hex_color": "#888888", "id": 1, "personality_type": "XXXX", "personality_type_id": 0, "system_name": "Four Letter", "system_vote_count": 396, "user_vote_type_id": 0, "vote_id": 0}, {"hex_color": "#006775", "id": 2, "personality_type": "XXXX", "personality_type_id": 0, "system_name": "Enneagram", "system_vote_count": 197, "user_vote_type_id": 0, "vote_id": 0}, {"hex_color": "#006775", "id": 5, "personality_type": "XXXX", "personality_type_id": 0, "system_name": "Instinctual Variant", "system_vote_count": 49, "user_vote_type_id": 0, "vote_id": 0}, {"hex_color": "#006775", "id": 6, "personality_type": "XXXX", "personality_type_id": 0, "system_name": "Tritype", "system_vote_count": 56, "user_vote_type_id": 0, "vote_id": 0}, {"hex_color": "#888888", "id": 3, "personality_type": "XXXX", "personality_type_id": 0, "system_name": "Socionics", "system_vote_count": 28, "user_vote_type_id": 0, "vote_id": 0}, {"hex_color": "#888888", "id": 9, "personality_type": "XXXX", "personality_type_id": 0, "system_name": "Big 5 (SLOAN)", "system_vote_count": 25, "user_vote_type_id": 0, "vote_id": 0}, {"hex_color": "#888888", "id": 8, "personality_type": "XXXX", "personality_type_id": 0, "system_name": "Attitudinal Psyche", "system_vote_count": 16, "user_vote_type_id": 0, "vote_id": 0}, {"hex_color": "#888888", "id": 7, "personality_type": "XXXX", "personality_type_id": 0, "system_name": "Temperaments", "system_vote_count": 49, "user_vote_type_id": 0, "vote_id": 0}, {"hex_color": "#888888", "id": 11, "personality_type": "XXXX", "personality_type_id": 0, "system_name": "Classic Jungian", "system_vote_count": 0, "user_vote_type_id": 0, "vote_id": 0}], "breakdown_systems": {"1": [{"myValue": "ENTP", "personality_system_id": 1, "personality_type": "ENTP", "theCount": 376}, {"myValue": "INTP", "personality_system_id": 1, "personality_type": "INTP", "theCount": 6}, {"myValue": "ENFP", "personality_system_id": 1, "personality_type": "ENFP", "theCount": 5}, {"myValue": "ESTP", "personality_system_id": 1, "personality_type": "ESTP", "theCount": 5}, {"myValue": "ENTJ", "personality_system_id": 1, "personality_type": "ENTJ", "theCount": 2}, {"myValue": "ESFP", "personality_system_id": 1, "personality_type": "ESFP", "theCount": 1}, {"myValue": "INTJ", "personality_system_id": 1, "personality_type": "INTJ", "theCount": 1}], "11": [{"myValue": "XXXX", "personality_system_id": 0, "personality_type": "XXXX", "theCount": 0}], "2": [{"myValue": "7w8", "personality_system_id": 2, "personality_type": "7w8", "theCount": 105}, {"myValue": "5w4", "personality_system_id": 2, "personality_type": "5w4", "theCount": 84}, {"myValue": "5w6", "personality_system_id": 2, "personality_type": "5w6", "theCount": 2}, {"myValue": "7w6", "personality_system_id": 2, "personality_type": "7w6", "theCount": 2}, {"myValue": "8w7", "personality_system_id": 2, "personality_type": "8w7", "theCount": 2}, {"myValue": "3w4", "personality_system_id": 2, "personality_type": "3w4", "theCount": 1}, {"myValue": "4w3", "personality_system_id": 2, "personality_type": "4w3", "theCount": 1}], "3": [{"myValue": "ILE", "personality_system_id": 3, "personality_type": "ILE", "theCount": 26}, {"myValue": "IEE", "personality_system_id": 3, "personality_type": "IEE", "theCount": 1}, {"myValue": "SLE", "personality_system_id": 3, "personality_type": "SLE", "theCount": 1}], "4": [{"myValue": "Chaotic Neutral", "personality_system_id": 4, "personality_type": "Chaotic Neutral", "theCount": 26}], "5": [{"myValue": "sp/so", "personality_system_id": 5, "personality_type": "sp/so", "theCount": 35}, {"myValue": "sp/sx", "personality_system_id": 5, "personality_type": "sp/sx", "theCount": 7}, {"myValue": "sx/sp", "personality_system_id": 5, "personality_type": "sx/sp", "theCount": 4}, {"myValue": "sx/so", "personality_system_id": 5, "personality_type": "sx/so", "theCount": 2}, {"myValue": "so/sx", "personality_system_id": 5, "personality_type": "so/sx", "theCount": 1}], "6": [{"myValue": "784", "personality_system_id": 6, "personality_type": "784", "theCount": 24}, {"myValue": "584", "personality_system_id": 6, "personality_type": "584", "theCount": 21}, {"myValue": "793", "personality_system_id": 6, "personality_type": "793", "theCount": 3}, {"myValue": "748", "personality_system_id": 6, "personality_type": "748", "theCount": 2}, {"myValue": "478", "personality_system_id": 6, "personality_type": "478", "theCount": 1}, {"myValue": "548", "personality_system_id": 6, "personality_type": "548", "theCount": 1}, {"myValue": "549", "personality_system_id": 6, "personality_type": "549", "theCount": 1}, {"myValue": "593", "personality_system_id": 6, "personality_type": "593", "theCount": 1}, {"myValue": "794", "personality_system_id": 6, "personality_type": "794", "theCount": 1}, {"myValue": "873", "personality_system_id": 6, "personality_type": "873", "theCount": 1}], "7": [{"myValue": "Sanguine [Dominant]", "personality_system_id": 7, "personality_type": "Sanguine [Dominant]", "theCount": 40}, {"myValue": "Sanguine-Choleric", "personality_system_id": 7, "personality_type": "Sanguine-Choleric", "theCount": 5}, {"myValue": "Sanguine-Phlegmatic", "personality_system_id": 7, "personality_type": "Sanguine-Phlegmatic", "theCount": 2}, {"myValue": "Melancholic-Phlegmatic", "personality_system_id": 7, "personality_type": "Melancholic-Phlegmatic", "theCount": 1}, {"myValue": "Sanguine-Melancholic", "personality_system_id": 7, "personality_type": "Sanguine-Melancholic", "theCount": 1}], "8": [{"myValue": "VLEF", "personality_system_id": 8, "personality_type": "VLEF", "theCount": 8}, {"myValue": "FLVE", "personality_system_id": 8, "personality_type": "FLVE", "theCount": 6}, {"myValue": "ELVF", "personality_system_id": 8, "personality_type": "ELVF", "theCount": 1}, {"myValue": "LFVE", "personality_system_id": 8, "personality_type": "LFVE", "theCount": 1}], "9": [{"myValue": "SCUEI", "personality_system_id": 9, "personality_type": "SCUEI", "theCount": 15}, {"myValue": "RCUEI", "personality_system_id": 9, "personality_type": "RCUEI", "theCount": 8}, {"myValue": "SLUEI", "personality_system_id": 9, "personality_type": "SLUEI", "theCount": 1}, {"myValue": "SLUEN", "personality_system_id": 9, "personality_type": "SLUEN", "theCount": 1}]}, "breakdown_config": {"expand": {"1": 3, "11": 1, "2": 3, "3": 1, "4": 1, "5": 1, "6": 2, "7": 1, "8": 1, "9": 2}, "fire": {"1": 0, "11": 0, "2": 1, "3": 0, "4": 0, "5": 0, "6": 1, "7": 0, "8": 0, "9": 1}}, "mbti_letter_stats": [{"type": "E", "percentage": "98%", "PercentageFloat": 0.9823232323232324}, {"type": "N", "percentage": "98%", "PercentageFloat": 0.9848484848484849}, {"type": "T", "percentage": "98%", "PercentageFloat": 0.9848484848484849}, {"type": "P", "percentage": "99%", "PercentageFloat": 0.9924242424242424}], "topic_info": {"can_generate": false, "topic": {"description": "The Cheshire Cat is a major character in the 1951 Disney animated feature film Alice in Wonderland. He is a mysterious, pink and purple striped cat with a permanent smile and a mischievous personality. His true nature in the film is highly questionable, but above all, he appears to be a completely neutral character. In many instances, he's the only being in Wonderland to show kindness and sympathy towards Alice, giving her advice on which path to take during her journey, practically acting as her guide to the point where she's overly joyous to see him once he returns. On the other hand, the cat has a cruel sense of humor, as seen during Alice's meeting with the Queen of Hearts; during which, he constantly caused mishaps to purposely have the Queen's dangerous temper target Alice.", "follow_count": 0, "id": 4566, "is_following": false, "is_join_pending": false, "is_banned": false, "is_moderated": false, "name_readable": "Cheshire Cat", "post_count": 1, "source_profile_id": 4923, "source_type": "profile", "join_to_post": false, "can_pin": false, "related_topics": [{"description": "", "follow_count": 9, "id": 4562, "is_following": false, "is_join_pending": false, "is_banned": false, "is_moderated": false, "name_readable": "Alice", "post_count": 41, "source_profile_id": 4919, "source_type": "profile", "image": {"picURL": "https://static1.personality-database.com/profile_images/88180c2f05314be197e5250c220dfeb6.png"}, "join_to_post": false, "can_pin": false}, {"description": "", "follow_count": 1, "id": 4564, "is_following": false, "is_join_pending": false, "is_banned": false, "is_moderated": false, "name_readable": "White Rabbit", "post_count": 2, "source_profile_id": 4921, "source_type": "profile", "image": {"picURL": "https://static1.personality-database.com/profile_images/d5db7d2b443f443998695a95b18e51bb.png"}, "join_to_post": false, "can_pin": false}, {"description": "", "follow_count": 1, "id": 49666, "is_following": false, "is_join_pending": false, "is_banned": false, "is_moderated": false, "name_readable": "Caterpillar", "post_count": 2, "source_profile_id": 58745, "source_type": "profile", "image": {"picURL": "https://static1.personality-database.com/profile_images/6afcc09d87344a14af36b58a3a3b9f6d.png"}, "join_to_post": false, "can_pin": false}, {"description": "", "follow_count": 0, "id": 4563, "is_following": false, "is_join_pending": false, "is_banned": false, "is_moderated": false, "name_readable": "Mad Hatter", "post_count": 1, "source_profile_id": 4920, "source_type": "profile", "image": {"picURL": "https://static1.personality-database.com/profile_images/9c34a0f93f304e9eb963c9d350b396cd.png"}, "join_to_post": false, "can_pin": false}, {"description": "", "follow_count": 0, "id": 175320, "is_following": false, "is_join_pending": false, "is_banned": false, "is_moderated": false, "name_readable": "Doorknob", "post_count": 1, "source_profile_id": 226942, "source_type": "profile", "image": {"picURL": "https://static1.personality-database.com/profile_images/12520d652e3049328d71dedb9e479199.png"}, "join_to_post": false, "can_pin": false}, {"description": "", "follow_count": 1, "id": 33147, "is_following": false, "is_join_pending": false, "is_banned": false, "is_moderated": false, "name_readable": "King of Hearts", "post_count": 1, "source_profile_id": 37085, "source_type": "profile", "image": {"picURL": "https://static1.personality-database.com/profile_images/9518eefc9af04cf7ba1deb3ab7a55759.png"}, "join_to_post": false, "can_pin": false}, {"description": "The Cheshire Cat is a major character in the 1951 Disney animated feature film Alice in Wonderland. He is a mysterious, pink and purple striped cat with a permanent smile and a mischievous personality. His true nature in the film is highly questionable, but above all, he appears to be a completely neutral character. In many instances, he's the only being in Wonderland to show kindness and sympathy towards Alice, giving her advice on which path to take during her journey, practically acting as her guide to the point where she's overly joyous to see him once he returns. On the other hand, the cat has a cruel sense of humor, as seen during Alice's meeting with the Queen of Hearts; during which, he constantly caused mishaps to purposely have the Queen's dangerous temper target Alice.", "follow_count": 0, "id": 4566, "is_following": false, "is_join_pending": false, "is_banned": false, "is_moderated": false, "name_readable": "Cheshire Cat", "post_count": 1, "source_profile_id": 4923, "source_type": "profile", "image": {"picURL": "https://static1.personality-database.com/profile_images/8002c5c54ea046f29f06743b939fcc18.png"}, "join_to_post": false, "can_pin": false}, {"description": "", "follow_count": 1, "id": 4567, "is_following": false, "is_join_pending": false, "is_banned": false, "is_moderated": false, "name_readable": "Queen Of Hearts", "post_count": 0, "source_profile_id": 4924, "source_type": "profile", "image": {"picURL": "https://static1.personality-database.com/profile_images/3c1d3662f9534df19c010f16bd7fbbaf.png"}, "join_to_post": false, "can_pin": false}, {"description": "", "follow_count": 0, "id": 49665, "is_following": false, "is_join_pending": false, "is_banned": false, "is_moderated": false, "name_readable": "The Dormouse", "post_count": 0, "source_profile_id": 58744, "source_type": "profile", "image": {"picURL": "https://static1.personality-database.com/profile_images/397969f709934da0b9b376f5deb98d04.png"}, "join_to_post": false, "can_pin": false}, {"description": "", "follow_count": 0, "id": 119618, "is_following": false, "is_join_pending": false, "is_banned": false, "is_moderated": false, "name_readable": "Walrus", "post_count": 0, "source_profile_id": 154375, "source_type": "profile", "image": {"picURL": "https://static1.personality-database.com/profile_images/fb8515593c384bb7b5531d4f33b2fedf.png"}, "join_to_post": false, "can_pin": false}, {"description": "", "follow_count": 0, "id": 119619, "is_following": false, "is_join_pending": false, "is_banned": false, "is_moderated": false, "name_readable": "Carpenter", "post_count": 0, "source_profile_id": 154376, "source_type": "profile", "image": {"picURL": "https://static1.personality-database.com/profile_images/638f37f0d84a454b869d8893092b482a.png"}, "join_to_post": false, "can_pin": false}, {"description": "", "follow_count": 0, "id": 175319, "is_following": false, "is_join_pending": false, "is_banned": false, "is_moderated": false, "name_readable": "Tweedledum & Tweedledee", "post_count": 0, "source_profile_id": 226941, "source_type": "profile", "image": {"picURL": "https://static1.personality-database.com/profile_images/46d495719a614a70ae737f7b4a703c82.png"}, "join_to_post": false, "can_pin": false}, {"description": "", "follow_count": 0, "id": 4565, "is_following": false, "is_join_pending": false, "is_banned": false, "is_moderated": false, "name_readable": "March Hare", "post_count": 0, "source_profile_id": 4922, "source_type": "profile", "image": {"picURL": "https://static1.personality-database.com/profile_images/d83dbeb9d8034bcca7ea04b5c98371fe.png"}, "join_to_post": false, "can_pin": false}, {"description": "", "follow_count": 0, "id": 182880, "is_following": false, "is_join_pending": false, "is_banned": false, "is_moderated": false, "name_readable": "The Dodo", "post_count": 0, "source_profile_id": 236699, "source_type": "profile", "image": {"picURL": "https://static1.personality-database.com/profile_images/db77cc71e34e407cb89484498b7de1c6.png"}, "join_to_post": false, "can_pin": false}, {"description": "", "follow_count": 1, "id": 196621, "is_following": false, "is_join_pending": false, "is_banned": false, "is_moderated": false, "name_readable": "Rose", "post_count": 0, "source_profile_id": 255017, "source_type": "profile", "image": {"picURL": "https://static1.personality-database.com/profile_images/4ca6c33c5a684b26a61524158ac3d9de.png"}, "join_to_post": false, "can_pin": false}, {"description": "", "follow_count": 1, "id": 196624, "is_following": false, "is_join_pending": false, "is_banned": false, "is_moderated": false, "name_readable": "Alice\u2019s Sister", "post_count": 0, "source_profile_id": 255021, "source_type": "profile", "image": {"picURL": "https://static1.personality-database.com/profile_images/1c4513b735974cc9abb646dcf2790481.png"}, "join_to_post": false, "can_pin": false}], "subcategory": "Alice in Wonderland (1951)", "topic_image_url": "https://static1.personality-database.com/profile_images/8002c5c54ea046f29f06743b939fcc18.png", "source_location": {"cid": 3, "pid": 2, "sub_cat_id": 580}, "can_post_image": false, "can_post_audio": false, "posts": {"posts": [{"username": "Ifteardropscouldbebottled", "user_pic_path": "https://lh3.googleusercontent.com/a-/AOh14GitfGZhkNFPFx_An1-F2_X8uRkvAolQOjZGUUwaXg=s96-c", "user_personality_type": "INFJ-4w5-451", "is_mod": false, "comment_count": 0, "reply_count": 0, "vote_type": 0, "topics_list": [{"id": 4566, "name_readable": "Cheshire Cat"}], "id": 970093, "post_id": 970093, "user_id": 528861, "title": "", "content": "If Alastor from Hazbin hotel was a cat-", "create_date": 1657351579000, "unix_timestamp": 1657351579000, "update_date": 1657351579000, "vote_count": 7, "vote_count_down": 0, "is_reported": 0, "is_hidden": false, "is_pinned": false, "is_watching": false, "is_pro_user": false, "images": null, "audios": null, "function_list": [], "type": "post"}]}}}}