{"id": 11336, "mbti_profile": "Esther Coleman", "profile_name_searchable": "esthercoleman", "allow_commenting": true, "allow_voting": true, "user_id": 3261, "contributor": "Jachn", "contributor_create_date": "2018-04-21 14:40:37", "contributor_pic_path": "https://lh5.googleusercontent.com/-7BVlTf580JM/AAAAAAAAAAI/AAAAAAAAFpA/fhDHaMjGnqM/s96-c/photo.jpg", "display_order": 1000, "edit_lock": 0, "edit_lock_picture": 0, "is_active": true, "is_approved": true, "mbti_enneagram_type": "INFJ 6w5", "mbti_type": "INFJ 6w5", "pdb_comment_access": true, "pdb_page_owner": 0, "pdb_public_access": true, "wiki_description": "Esther Coleman (real name: Leena Klammer) is the titular main antagonist of the 2009 horror film Orphan and will return as the titular protagonist of its upcoming prequel Orphan: First Kill. Esther is presumed to be a 9-year-old Russian girl who now has a foster family named The Colemans (Kate Coleman, John Coleman, Max Coleman, and Daniel Coleman). However, she is actually a 33-year-old Estonian woman and she has a hypopituitary disorder that makes her look much younger than she actually is. She was portrayed by Isabelle Fuhrman. Esther Coleman is a serial killer who has already murdered at least 7 people that they know of. For this, she was later caught and placed in the Saarne Institute. She was one of the wildest and violent patients, who would always hurt the staff employees.", "watch_count": 1197, "comment_count": 164, "vote_count": 725, "vote_count_enneagram": 195, "vote_count_mbti": 725, "total_vote_counts": 991, "personality_type": "INFJ - 6w5 - sx/sp - 648 - EIE - RLOEI - VELF - Melancholic-Choleric - EF(N)", "type_updated_date": "2022-11-15 13:35:07", "enneagram_vote": "", "enneagram_vote_id": 0, "mbti_vote": "", "mbti_vote_id": 0, "is_watching": false, "image_exists": false, "profile_image_url": "https://static1.personality-database.com/profile_images/491c6c9216d147e297c1c4ca6f5e5a3c.png", "profile_image_credit": "", "profile_image_credit_id": 463121, "profile_image_credit_type": "0", "profile_image_credit_url": "", "alt_subcategory": "", "related_subcategories": "", "cat_id": 3, "category": "Movies", "category_is_fictional": true, "sub_cat_id": 1505, "subcategory": "Orphan (2009-2022)", "subcat_link_info": {"sub_cat_id": 1505, "cat_id": 3, "property_id": 2, "subcategory": "Orphan (2009-2022)"}, "related_subcat_link_info": null, "related_profiles": [{"id": 11337, "mbti_profile": "Kate Coleman", "subcategory": "Orphan (2009-2022)", "profile_image_url": "https://static1.personality-database.com/profile_images/ea7a27edb44343f98d2e0836c4d9079f.png", "profile_name": "Kate Coleman", "profile_subcat": "Orphan (2009-2022)", "sub_cat_id": 1505, "cat_id": 3, "property_id": 2, "mbti": "INFP", "enneatype": "6w5"}, {"id": 65510, "mbti_profile": "John Coleman", "subcategory": "Orphan (2009-2022)", "profile_image_url": "https://static1.personality-database.com/profile_images/fc0ef17c6d124aabae3d5ca257707912.png", "profile_name": "John Coleman", "profile_subcat": "Orphan (2009-2022)", "sub_cat_id": 1505, "cat_id": 3, "property_id": 2, "mbti": "ISFJ", "enneatype": "1w2"}, {"id": 539596, "mbti_profile": "Tricia Albright", "subcategory": "Orphan (2009-2022)", "profile_image_url": "https://static1.personality-database.com/profile_images/466a5c65665540348e7001d70a3931c3.png", "profile_name": "Tricia Albright", "profile_subcat": "Orphan (2009-2022)", "sub_cat_id": 1505, "cat_id": 3, "property_id": 2, "mbti": "ENTJ", "enneatype": "8w7"}, {"id": 229707, "mbti_profile": "Daniel Coleman", "subcategory": "Orphan (2009-2022)", "profile_image_url": "https://static1.personality-database.com/profile_images/6f216a8f66894e22bb751fafa30d4cd8.png", "profile_name": "Daniel Coleman", "profile_subcat": "Orphan (2009-2022)", "sub_cat_id": 1505, "cat_id": 3, "property_id": 2, "mbti": "ESFP", "enneatype": "6w7"}, {"id": 569676, "mbti_profile": "Esther Albright", "subcategory": "Orphan (2009-2022)", "profile_image_url": "https://static1.personality-database.com/profile_images/915a1109c9e945cf851e73a483e381c6.png", "profile_name": "Esther Albright", "profile_subcat": "Orphan (2009-2022)", "sub_cat_id": 1505, "cat_id": 3, "property_id": 2, "mbti": "INFP", "enneatype": ""}, {"id": 68295, "mbti_profile": "Maxine \u201cMax\u201d Coleman", "subcategory": "Orphan (2009-2022)", "profile_image_url": "https://static1.personality-database.com/profile_images/bdcb4018d8c043108142ad3faa892d24.png", "profile_name": "Maxine \u201cMax\u201d Coleman", "profile_subcat": "Orphan (2009-2022)", "sub_cat_id": 1505, "cat_id": 3, "property_id": 2, "mbti": "INFP", "enneatype": "9w1"}, {"id": 557072, "mbti_profile": "Esther (fake persona)", "subcategory": "Orphan (2009-2022)", "profile_image_url": "https://static1.personality-database.com/profile_images/4e7064d383dc4dd9ba3b1bee5ef34801.png", "profile_name": "Esther (fake persona)", "profile_subcat": "Orphan (2009-2022)", "sub_cat_id": 1505, "cat_id": 3, "property_id": 2, "mbti": "ENFJ", "enneatype": "2w3"}, {"id": 539598, "mbti_profile": "Gunnar Albright", "subcategory": "Orphan (2009-2022)", "profile_image_url": "https://static1.personality-database.com/profile_images/394fde45d31742ca812a3cbd9a6f31f3.png", "profile_name": "Gunnar Albright", "profile_subcat": "Orphan (2009-2022)", "sub_cat_id": 1505, "cat_id": 3, "property_id": 2, "mbti": "ESTP", "enneatype": "3w4"}], "functions": ["Ni", "Fe", "Ti", "Se"], "systems": [{"hex_color": "#888888", "id": 1, "personality_type": "XXXX", "personality_type_id": 0, "system_name": "Four Letter", "system_vote_count": 440, "user_vote_type_id": 0, "vote_id": 0}, {"hex_color": "#006775", "id": 2, "personality_type": "XXXX", "personality_type_id": 0, "system_name": "Enneagram", "system_vote_count": 186, "user_vote_type_id": 0, "vote_id": 0}, {"hex_color": "#006775", "id": 5, "personality_type": "XXXX", "personality_type_id": 0, "system_name": "Instinctual Variant", "system_vote_count": 104, "user_vote_type_id": 0, "vote_id": 0}, {"hex_color": "#006775", "id": 6, "personality_type": "XXXX", "personality_type_id": 0, "system_name": "Tritype", "system_vote_count": 76, "user_vote_type_id": 0, "vote_id": 0}, {"hex_color": "#888888", "id": 3, "personality_type": "XXXX", "personality_type_id": 0, "system_name": "Socionics", "system_vote_count": 39, "user_vote_type_id": 0, "vote_id": 0}, {"hex_color": "#888888", "id": 9, "personality_type": "XXXX", "personality_type_id": 0, "system_name": "Big 5 (SLOAN)", "system_vote_count": 45, "user_vote_type_id": 0, "vote_id": 0}, {"hex_color": "#888888", "id": 8, "personality_type": "XXXX", "personality_type_id": 0, "system_name": "Attitudinal Psyche", "system_vote_count": 19, "user_vote_type_id": 0, "vote_id": 0}, {"hex_color": "#888888", "id": 7, "personality_type": "XXXX", "personality_type_id": 0, "system_name": "Temperaments", "system_vote_count": 64, "user_vote_type_id": 0, "vote_id": 0}, {"hex_color": "#888888", "id": 11, "personality_type": "XXXX", "personality_type_id": 0, "system_name": "Classic Jungian", "system_vote_count": 13, "user_vote_type_id": 0, "vote_id": 0}], "breakdown_systems": {"1": [{"myValue": "INFJ", "personality_system_id": 1, "personality_type": "INFJ", "theCount": 276}, {"myValue": "INTJ", "personality_system_id": 1, "personality_type": "INTJ", "theCount": 117}, {"myValue": "ENFJ", "personality_system_id": 1, "personality_type": "ENFJ", "theCount": 21}, {"myValue": "ISFP", "personality_system_id": 1, "personality_type": "ISFP", "theCount": 10}, {"myValue": "ESFJ", "personality_system_id": 1, "personality_type": "ESFJ", "theCount": 6}, {"myValue": "ENTJ", "personality_system_id": 1, "personality_type": "ENTJ", "theCount": 2}, {"myValue": "ESTP", "personality_system_id": 1, "personality_type": "ESTP", "theCount": 2}, {"myValue": "ISTJ", "personality_system_id": 1, "personality_type": "ISTJ", "theCount": 2}, {"myValue": "ENTP", "personality_system_id": 1, "personality_type": "ENTP", "theCount": 1}, {"myValue": "ESTJ", "personality_system_id": 1, "personality_type": "ESTJ", "theCount": 1}, {"myValue": "INTP", "personality_system_id": 1, "personality_type": "INTP", "theCount": 1}, {"myValue": "ISFJ", "personality_system_id": 1, "personality_type": "ISFJ", "theCount": 1}], "11": [{"myValue": "EF(N)", "personality_system_id": 11, "personality_type": "EF(N)", "theCount": 9}, {"myValue": "IN(F)", "personality_system_id": 11, "personality_type": "IN(F)", "theCount": 2}, {"myValue": "IF(S)", "personality_system_id": 11, "personality_type": "IF(S)", "theCount": 1}, {"myValue": "IN(T)", "personality_system_id": 11, "personality_type": "IN(T)", "theCount": 1}], "2": [{"myValue": "6w5", "personality_system_id": 2, "personality_type": "6w5", "theCount": 89}, {"myValue": "2w3", "personality_system_id": 2, "personality_type": "2w3", "theCount": 37}, {"myValue": "4w3", "personality_system_id": 2, "personality_type": "4w3", "theCount": 34}, {"myValue": "4w5", "personality_system_id": 2, "personality_type": "4w5", "theCount": 8}, {"myValue": "5w4", "personality_system_id": 2, "personality_type": "5w4", "theCount": 5}, {"myValue": "3w2", "personality_system_id": 2, "personality_type": "3w2", "theCount": 3}, {"myValue": "2w1", "personality_system_id": 2, "personality_type": "2w1", "theCount": 2}, {"myValue": "5w6", "personality_system_id": 2, "personality_type": "5w6", "theCount": 2}, {"myValue": "8w7", "personality_system_id": 2, "personality_type": "8w7", "theCount": 2}, {"myValue": "8w9", "personality_system_id": 2, "personality_type": "8w9", "theCount": 2}, {"myValue": "1w2", "personality_system_id": 2, "personality_type": "1w2", "theCount": 1}, {"myValue": "3w4", "personality_system_id": 2, "personality_type": "3w4", "theCount": 1}], "3": [{"myValue": "EIE", "personality_system_id": 3, "personality_type": "EIE", "theCount": 37}, {"myValue": "IEI", "personality_system_id": 3, "personality_type": "IEI", "theCount": 1}, {"myValue": "SEE", "personality_system_id": 3, "personality_type": "SEE", "theCount": 1}], "4": [{"myValue": "Neutral Evil", "personality_system_id": 4, "personality_type": "Neutral Evil", "theCount": 3}, {"myValue": "Chaotic Evil", "personality_system_id": 4, "personality_type": "Chaotic Evil", "theCount": 2}], "5": [{"myValue": "sx/sp", "personality_system_id": 5, "personality_type": "sx/sp", "theCount": 80}, {"myValue": "sx/so", "personality_system_id": 5, "personality_type": "sx/so", "theCount": 12}, {"myValue": "sp/sx", "personality_system_id": 5, "personality_type": "sp/sx", "theCount": 9}, {"myValue": "so/sx", "personality_system_id": 5, "personality_type": "so/sx", "theCount": 2}, {"myValue": "so/sp", "personality_system_id": 5, "personality_type": "so/sp", "theCount": 1}], "6": [{"myValue": "648", "personality_system_id": 6, "personality_type": "648", "theCount": 25}, {"myValue": "268", "personality_system_id": 6, "personality_type": "268", "theCount": 11}, {"myValue": "468", "personality_system_id": 6, "personality_type": "468", "theCount": 11}, {"myValue": "286", "personality_system_id": 6, "personality_type": "286", "theCount": 7}, {"myValue": "458", "personality_system_id": 6, "personality_type": "458", "theCount": 5}, {"myValue": "684", "personality_system_id": 6, "personality_type": "684", "theCount": 4}, {"myValue": "548", "personality_system_id": 6, "personality_type": "548", "theCount": 2}, {"myValue": "638", "personality_system_id": 6, "personality_type": "638", "theCount": 2}, {"myValue": "846", "personality_system_id": 6, "personality_type": "846", "theCount": 2}, {"myValue": "125", "personality_system_id": 6, "personality_type": "125", "theCount": 1}, {"myValue": "258", "personality_system_id": 6, "personality_type": "258", "theCount": 1}, {"myValue": "261", "personality_system_id": 6, "personality_type": "261", "theCount": 1}, {"myValue": "285", "personality_system_id": 6, "personality_type": "285", "theCount": 1}, {"myValue": "368", "personality_system_id": 6, "personality_type": "368", "theCount": 1}, {"myValue": "486", "personality_system_id": 6, "personality_type": "486", "theCount": 1}, {"myValue": "614", "personality_system_id": 6, "personality_type": "614", "theCount": 1}], "7": [{"myValue": "Melancholic-Choleric", "personality_system_id": 7, "personality_type": "Melancholic-Choleric", "theCount": 39}, {"myValue": "Melancholic [Dominant]", "personality_system_id": 7, "personality_type": "Melancholic [Dominant]", "theCount": 9}, {"myValue": "Choleric-Phlegmatic", "personality_system_id": 7, "personality_type": "Choleric-Phlegmatic", "theCount": 6}, {"myValue": "Choleric-Melancholic", "personality_system_id": 7, "personality_type": "Choleric-Melancholic", "theCount": 5}, {"myValue": "Choleric [Dominant]", "personality_system_id": 7, "personality_type": "Choleric [Dominant]", "theCount": 2}, {"myValue": "Phlegmatic-Choleric", "personality_system_id": 7, "personality_type": "Phlegmatic-Choleric", "theCount": 2}, {"myValue": "Choleric-Sanguine", "personality_system_id": 7, "personality_type": "Choleric-Sanguine", "theCount": 1}], "8": [{"myValue": "VELF", "personality_system_id": 8, "personality_type": "VELF", "theCount": 11}, {"myValue": "VEFL", "personality_system_id": 8, "personality_type": "VEFL", "theCount": 6}, {"myValue": "FLVE", "personality_system_id": 8, "personality_type": "FLVE", "theCount": 1}, {"myValue": "LVEF", "personality_system_id": 8, "personality_type": "LVEF", "theCount": 1}], "9": [{"myValue": "RLOEI", "personality_system_id": 9, "personality_type": "RLOEI", "theCount": 36}, {"myValue": "RCOEI", "personality_system_id": 9, "personality_type": "RCOEI", "theCount": 3}, {"myValue": "RLOEN", "personality_system_id": 9, "personality_type": "RLOEN", "theCount": 2}, {"myValue": "RLUEI", "personality_system_id": 9, "personality_type": "RLUEI", "theCount": 1}, {"myValue": "SCOEI", "personality_system_id": 9, "personality_type": "SCOEI", "theCount": 1}, {"myValue": "SLOEI", "personality_system_id": 9, "personality_type": "SLOEI", "theCount": 1}, {"myValue": "SLUEI", "personality_system_id": 9, "personality_type": "SLUEI", "theCount": 1}]}, "breakdown_config": {"expand": {"1": 3, "11": 1, "2": 3, "3": 1, "4": 1, "5": 1, "6": 1, "7": 1, "8": 2, "9": 1}, "fire": {"1": 0, "11": 0, "2": 0, "3": 0, "4": 0, "5": 0, "6": 0, "7": 0, "8": 1, "9": 0}}, "mbti_letter_stats": [{"type": "I", "percentage": "92%", "PercentageFloat": 0.925}, {"type": "N", "percentage": "95%", "PercentageFloat": 0.95}, {"type": "F", "percentage": "71%", "PercentageFloat": 0.7136363636363636}, {"type": "J", "percentage": "97%", "PercentageFloat": 0.9681818181818181}], "topic_info": {"can_generate": false, "topic": {"description": "#INFJVillains", "follow_count": 3, "id": 10584, "is_following": false, "is_join_pending": false, "is_banned": false, "is_moderated": false, "name_readable": "Esther Coleman", "post_count": 32, "source_profile_id": 11336, "source_type": "profile", "join_to_post": false, "can_pin": false, "related_topics": [{"description": "#INFJVillains", "follow_count": 3, "id": 10584, "is_following": false, "is_join_pending": false, "is_banned": false, "is_moderated": false, "name_readable": "Esther Coleman", "post_count": 32, "source_profile_id": 11336, "source_type": "profile", "image": {"picURL": "https://static1.personality-database.com/profile_images/491c6c9216d147e297c1c4ca6f5e5a3c.png"}, "join_to_post": false, "can_pin": false}, {"description": "", "follow_count": 0, "id": 54611, "is_following": false, "is_join_pending": false, "is_banned": false, "is_moderated": false, "name_readable": "Sister Abigail", "post_count": 2, "source_profile_id": 65511, "source_type": "profile", "image": {"picURL": "https://static1.personality-database.com/profile_images/1295aebf5f84414fbb3337d12f5b4e96.png"}, "join_to_post": false, "can_pin": false}, {"description": " ", "follow_count": 0, "id": 338180, "is_following": false, "is_join_pending": false, "is_banned": false, "is_moderated": false, "name_readable": "Allen Albright", "post_count": 2, "source_profile_id": 539597, "source_type": "profile", "image": {"picURL": "https://static1.personality-database.com/profile_images/bf314605ad634fe194a4239427ff6de7.png"}, "join_to_post": false, "can_pin": false}, {"description": "", "follow_count": 0, "id": 54610, "is_following": false, "is_join_pending": false, "is_banned": false, "is_moderated": false, "name_readable": "John Coleman", "post_count": 1, "source_profile_id": 65510, "source_type": "profile", "image": {"picURL": "https://static1.personality-database.com/profile_images/fc0ef17c6d124aabae3d5ca257707912.png"}, "join_to_post": false, "can_pin": false}, {"description": "", "follow_count": 0, "id": 56280, "is_following": false, "is_join_pending": false, "is_banned": false, "is_moderated": false, "name_readable": "Maxine \u201cMax\u201d Coleman", "post_count": 1, "source_profile_id": 68295, "source_type": "profile", "image": {"picURL": "https://static1.personality-database.com/profile_images/bdcb4018d8c043108142ad3faa892d24.png"}, "join_to_post": false, "can_pin": false}, {"description": "", "follow_count": 0, "id": 10585, "is_following": false, "is_join_pending": false, "is_banned": false, "is_moderated": false, "name_readable": "Kate Coleman", "post_count": 0, "source_profile_id": 11337, "source_type": "profile", "image": {"picURL": "https://static1.personality-database.com/profile_images/ea7a27edb44343f98d2e0836c4d9079f.png"}, "join_to_post": false, "can_pin": false}, {"description": "Played by Julia Stiles", "follow_count": 1, "id": 338379, "is_following": false, "is_join_pending": false, "is_banned": false, "is_moderated": false, "name_readable": "Tricia Albright", "post_count": 0, "source_profile_id": 539596, "source_type": "profile", "image": {"picURL": "https://static1.personality-database.com/profile_images/466a5c65665540348e7001d70a3931c3.png"}, "join_to_post": false, "can_pin": false}, {"description": "", "follow_count": 0, "id": 177520, "is_following": false, "is_join_pending": false, "is_banned": false, "is_moderated": false, "name_readable": "Daniel Coleman", "post_count": 0, "source_profile_id": 229707, "source_type": "profile", "image": {"picURL": "https://static1.personality-database.com/profile_images/6f216a8f66894e22bb751fafa30d4cd8.png"}, "join_to_post": false, "can_pin": false}], "subcategory": "Orphan (2009-2022)", "topic_image_url": "https://static1.personality-database.com/profile_images/491c6c9216d147e297c1c4ca6f5e5a3c.png", "source_location": {"cid": 3, "pid": 2, "sub_cat_id": 1505}, "can_post_image": false, "can_post_audio": false, "posts": {"posts": [{"username": "Hinsvw", "user_pic_path": "https://static1.personality-database.com/user_avatars/1351637/b4fa1205-ec37-49bc-b57f-67f1a0bf3bb9_small.jpeg", "user_personality_type": "INTJ-5w4", "is_mod": false, "comment_count": 4, "reply_count": 4, "vote_type": 0, "topics_list": [{"id": 10584, "name_readable": "Esther Coleman"}], "id": 1852198, "post_id": 1852198, "user_id": 1351637, "title": "", "content": "I don\u2019t want to say that she is INTJ bc I am, I just want to say that she isn\u2019t INFJ", "create_date": 1669994023000, "unix_timestamp": 1669994023000, "update_date": 1669994023000, "vote_count": 4, "vote_count_down": 0, "is_reported": 1, "is_hidden": false, "is_pinned": false, "is_watching": false, "is_pro_user": false, "images": null, "audios": null, "function_list": [], "type": "post"}, {"username": "aneurysmatic", "user_pic_path": "https://static1.personality-database.com/user_avatars/665241/084c54e5-9a60-457f-93b0-e7dd4664db70_small.jpeg", "user_personality_type": "ENFJ-3w2-359", "is_mod": false, "comment_count": 0, "reply_count": 0, "vote_type": 0, "topics_list": [{"id": 10584, "name_readable": "Esther Coleman"}], "id": 1850434, "post_id": 1850434, "user_id": 665241, "title": "", "content": "Most def INTJ, its obvious", "create_date": 1669935758000, "unix_timestamp": 1669935758000, "update_date": 1669935758000, "vote_count": 4, "vote_count_down": 0, "is_reported": 1, "is_hidden": false, "is_pinned": false, "is_watching": false, "is_pro_user": false, "images": null, "audios": null, "function_list": [], "type": "post"}, {"username": "Ender Argun", "user_pic_path": "https://static1.personality-database.com/user_avatars/881218/de15e764-67f3-45be-863e-bd9fc5b159fa.jpeg", "user_personality_type": "INFJ", "is_mod": false, "comment_count": 16, "reply_count": 16, "vote_type": 0, "topics_list": [{"id": 10584, "name_readable": "Esther Coleman"}], "id": 1789466, "post_id": 1789466, "user_id": 881218, "title": "", "content": "this one is definitely not INFJ. Stop typing evil people as INFJ. Either ISTP or INTJ", "create_date": 1669108550000, "unix_timestamp": 1669108550000, "update_date": 1669108550000, "vote_count": 1, "vote_count_down": 0, "is_reported": 1, "is_hidden": false, "is_pinned": false, "is_watching": false, "is_pro_user": false, "images": null, "audios": null, "function_list": [], "type": "post"}]}}}}