{"id": 11340, "mbti_profile": "Edward Scissorhands", "profile_name_searchable": "edwardscissorhands", "allow_commenting": true, "allow_voting": true, "user_id": 3261, "contributor": "Jachn", "contributor_create_date": "2018-04-21 15:39:56", "contributor_pic_path": "https://lh5.googleusercontent.com/-7BVlTf580JM/AAAAAAAAAAI/AAAAAAAAFpA/fhDHaMjGnqM/s96-c/photo.jpg", "display_order": 1000, "edit_lock": 0, "edit_lock_picture": 0, "is_active": true, "is_approved": true, "mbti_enneagram_type": "INFP 4w5", "mbti_type": "INFP 4w5", "pdb_comment_access": true, "pdb_page_owner": 0, "pdb_public_access": true, "wiki_description": "#JohnnyDepp as Edward Scissorhands", "watch_count": 2974, "comment_count": 76, "vote_count": 518, "vote_count_enneagram": 377, "vote_count_mbti": 518, "total_vote_counts": 1318, "personality_type": "INFP - 4w5 - sp/sx - 496 - IEI - RLUAI - ELVF - Melancholic-Phlegmatic - IF(N)", "type_updated_date": "2022-11-15 14:22:10", "enneagram_vote": "", "enneagram_vote_id": 0, "mbti_vote": "", "mbti_vote_id": 0, "is_watching": false, "image_exists": false, "profile_image_url": "https://static1.personality-database.com/profile_images/3e59766a5c5b48a383b137acd02d2961.png", "profile_image_credit": "", "profile_image_credit_id": 475335, "profile_image_credit_type": "0", "profile_image_credit_url": "", "alt_subcategory": "", "related_subcategories": "", "cat_id": 3, "category": "Movies", "category_is_fictional": true, "sub_cat_id": 1508, "subcategory": "Edward Scissorhands (1990)", "subcat_link_info": {"sub_cat_id": 1508, "cat_id": 3, "property_id": 2, "subcategory": "Edward Scissorhands (1990)"}, "related_subcat_link_info": null, "related_profiles": [{"id": 71557, "mbti_profile": "The inventor", "subcategory": "Edward Scissorhands (1990)", "profile_image_url": "https://static1.personality-database.com/profile_images/3d693ce8a61c44cea21e118ce06f2761.png", "profile_name": "The inventor", "profile_subcat": "Edward Scissorhands (1990)", "sub_cat_id": 1508, "cat_id": 3, "property_id": 2, "mbti": "INFJ", "enneatype": "5w4"}, {"id": 11341, "mbti_profile": "Kim Boggs", "subcategory": "Edward Scissorhands (1990)", "profile_image_url": "https://static1.personality-database.com/profile_images/fa6f6ad9a1c745c1ab8d826deb3bd27b.png", "profile_name": "Kim Boggs", "profile_subcat": "Edward Scissorhands (1990)", "sub_cat_id": 1508, "cat_id": 3, "property_id": 2, "mbti": "ISFP", "enneatype": "2w3"}, {"id": 11342, "mbti_profile": "Peg Boggs", "subcategory": "Edward Scissorhands (1990)", "profile_image_url": "https://static1.personality-database.com/profile_images/c162cf0bcc364006a267f49b44608615.png", "profile_name": "Peg Boggs", "profile_subcat": "Edward Scissorhands (1990)", "sub_cat_id": 1508, "cat_id": 3, "property_id": 2, "mbti": "ESFJ", "enneatype": "2w1"}, {"id": 24332, "mbti_profile": "Joyce Monroe", "subcategory": "Edward Scissorhands (1990)", "profile_image_url": "https://static1.personality-database.com/profile_images/954990dd6b494e29a24013d651d92412.png", "profile_name": "Joyce Monroe", "profile_subcat": "Edward Scissorhands (1990)", "sub_cat_id": 1508, "cat_id": 3, "property_id": 2, "mbti": "ESFP", "enneatype": "7w8"}, {"id": 71558, "mbti_profile": "Jim", "subcategory": "Edward Scissorhands (1990)", "profile_image_url": "https://static1.personality-database.com/profile_images/1d0c3bacc7c54514902a50d3db61529a.png", "profile_name": "Jim", "profile_subcat": "Edward Scissorhands (1990)", "sub_cat_id": 1508, "cat_id": 3, "property_id": 2, "mbti": "ESTP", "enneatype": "7w8"}, {"id": 71556, "mbti_profile": "Bill Boggs", "subcategory": "Edward Scissorhands (1990)", "profile_image_url": "https://static1.personality-database.com/profile_images/e57ae073c0f943d18d5b7120b88c4dd4.png", "profile_name": "Bill Boggs", "profile_subcat": "Edward Scissorhands (1990)", "sub_cat_id": 1508, "cat_id": 3, "property_id": 2, "mbti": "ISTJ", "enneatype": "1w9"}, {"id": 71555, "mbti_profile": "Kevin Boggs", "subcategory": "Edward Scissorhands (1990)", "profile_image_url": "https://static1.personality-database.com/profile_images/7772348de2174ca6aadb576e83e38f5b.png", "profile_name": "Kevin Boggs", "profile_subcat": "Edward Scissorhands (1990)", "sub_cat_id": 1508, "cat_id": 3, "property_id": 2, "mbti": "ENTP", "enneatype": "7w8"}, {"id": 532339, "mbti_profile": "Esmeralda", "subcategory": "Edward Scissorhands (1990)", "profile_image_url": "https://static1.personality-database.com/profile_images/d2595d0e3bd746488151b16c0c0335d4.png", "profile_name": "Esmeralda", "profile_subcat": "Edward Scissorhands (1990)", "sub_cat_id": 1508, "cat_id": 3, "property_id": 2, "mbti": "INTJ", "enneatype": "5w4"}], "functions": ["Fi", "Ne", "Si", "Te"], "systems": [{"hex_color": "#888888", "id": 1, "personality_type": "XXXX", "personality_type_id": 0, "system_name": "Four Letter", "system_vote_count": 508, "user_vote_type_id": 0, "vote_id": 0}, {"hex_color": "#006775", "id": 2, "personality_type": "XXXX", "personality_type_id": 0, "system_name": "Enneagram", "system_vote_count": 368, "user_vote_type_id": 0, "vote_id": 0}, {"hex_color": "#006775", "id": 5, "personality_type": "XXXX", "personality_type_id": 0, "system_name": "Instinctual Variant", "system_vote_count": 102, "user_vote_type_id": 0, "vote_id": 0}, {"hex_color": "#006775", "id": 6, "personality_type": "XXXX", "personality_type_id": 0, "system_name": "Tritype", "system_vote_count": 99, "user_vote_type_id": 0, "vote_id": 0}, {"hex_color": "#888888", "id": 3, "personality_type": "XXXX", "personality_type_id": 0, "system_name": "Socionics", "system_vote_count": 55, "user_vote_type_id": 0, "vote_id": 0}, {"hex_color": "#888888", "id": 9, "personality_type": "XXXX", "personality_type_id": 0, "system_name": "Big 5 (SLOAN)", "system_vote_count": 47, "user_vote_type_id": 0, "vote_id": 0}, {"hex_color": "#888888", "id": 8, "personality_type": "XXXX", "personality_type_id": 0, "system_name": "Attitudinal Psyche", "system_vote_count": 36, "user_vote_type_id": 0, "vote_id": 0}, {"hex_color": "#888888", "id": 7, "personality_type": "XXXX", "personality_type_id": 0, "system_name": "Temperaments", "system_vote_count": 77, "user_vote_type_id": 0, "vote_id": 0}, {"hex_color": "#888888", "id": 11, "personality_type": "XXXX", "personality_type_id": 0, "system_name": "Classic Jungian", "system_vote_count": 5, "user_vote_type_id": 0, "vote_id": 0}], "breakdown_systems": {"1": [{"myValue": "INFP", "personality_system_id": 1, "personality_type": "INFP", "theCount": 475}, {"myValue": "INFJ", "personality_system_id": 1, "personality_type": "INFJ", "theCount": 10}, {"myValue": "ISFP", "personality_system_id": 1, "personality_type": "ISFP", "theCount": 9}, {"myValue": "INTP", "personality_system_id": 1, "personality_type": "INTP", "theCount": 5}, {"myValue": "ISFJ", "personality_system_id": 1, "personality_type": "ISFJ", "theCount": 4}, {"myValue": "ENFJ", "personality_system_id": 1, "personality_type": "ENFJ", "theCount": 2}, {"myValue": "ISTP", "personality_system_id": 1, "personality_type": "ISTP", "theCount": 2}, {"myValue": "ENFP", "personality_system_id": 1, "personality_type": "ENFP", "theCount": 1}], "11": [{"myValue": "IF(N)", "personality_system_id": 11, "personality_type": "IF(N)", "theCount": 4}, {"myValue": "IN(F)", "personality_system_id": 11, "personality_type": "IN(F)", "theCount": 1}], "2": [{"myValue": "4w5", "personality_system_id": 2, "personality_type": "4w5", "theCount": 195}, {"myValue": "9w1", "personality_system_id": 2, "personality_type": "9w1", "theCount": 159}, {"myValue": "6w5", "personality_system_id": 2, "personality_type": "6w5", "theCount": 3}, {"myValue": "9w8", "personality_system_id": 2, "personality_type": "9w8", "theCount": 3}, {"myValue": "2w1", "personality_system_id": 2, "personality_type": "2w1", "theCount": 2}, {"myValue": "5w4", "personality_system_id": 2, "personality_type": "5w4", "theCount": 2}, {"myValue": "1w9", "personality_system_id": 2, "personality_type": "1w9", "theCount": 1}, {"myValue": "4w3", "personality_system_id": 2, "personality_type": "4w3", "theCount": 1}, {"myValue": "5w6", "personality_system_id": 2, "personality_type": "5w6", "theCount": 1}, {"myValue": "6w7", "personality_system_id": 2, "personality_type": "6w7", "theCount": 1}], "3": [{"myValue": "IEI", "personality_system_id": 3, "personality_type": "IEI", "theCount": 34}, {"myValue": "EII", "personality_system_id": 3, "personality_type": "EII", "theCount": 19}, {"myValue": "ESI", "personality_system_id": 3, "personality_type": "ESI", "theCount": 1}, {"myValue": "ILI", "personality_system_id": 3, "personality_type": "ILI", "theCount": 1}], "4": [{"myValue": "Neutral Good", "personality_system_id": 4, "personality_type": "Neutral Good", "theCount": 16}, {"myValue": "Chaotic Good", "personality_system_id": 4, "personality_type": "Chaotic Good", "theCount": 5}], "5": [{"myValue": "sp/sx", "personality_system_id": 5, "personality_type": "sp/sx", "theCount": 52}, {"myValue": "so/sp", "personality_system_id": 5, "personality_type": "so/sp", "theCount": 26}, {"myValue": "sx/sp", "personality_system_id": 5, "personality_type": "sx/sp", "theCount": 8}, {"myValue": "so/sx", "personality_system_id": 5, "personality_type": "so/sx", "theCount": 6}, {"myValue": "sp/so", "personality_system_id": 5, "personality_type": "sp/so", "theCount": 6}, {"myValue": "sx/so", "personality_system_id": 5, "personality_type": "sx/so", "theCount": 4}], "6": [{"myValue": "496", "personality_system_id": 6, "personality_type": "496", "theCount": 51}, {"myValue": "946", "personality_system_id": 6, "personality_type": "946", "theCount": 34}, {"myValue": "964", "personality_system_id": 6, "personality_type": "964", "theCount": 4}, {"myValue": "495", "personality_system_id": 6, "personality_type": "495", "theCount": 3}, {"myValue": "926", "personality_system_id": 6, "personality_type": "926", "theCount": 2}, {"myValue": "629", "personality_system_id": 6, "personality_type": "629", "theCount": 1}, {"myValue": "649", "personality_system_id": 6, "personality_type": "649", "theCount": 1}, {"myValue": "925", "personality_system_id": 6, "personality_type": "925", "theCount": 1}, {"myValue": "945", "personality_system_id": 6, "personality_type": "945", "theCount": 1}, {"myValue": "962", "personality_system_id": 6, "personality_type": "962", "theCount": 1}], "7": [{"myValue": "Melancholic-Phlegmatic", "personality_system_id": 7, "personality_type": "Melancholic-Phlegmatic", "theCount": 55}, {"myValue": "Melancholic [Dominant]", "personality_system_id": 7, "personality_type": "Melancholic [Dominant]", "theCount": 13}, {"myValue": "Phlegmatic-Melancholic", "personality_system_id": 7, "personality_type": "Phlegmatic-Melancholic", "theCount": 5}, {"myValue": "Phlegmatic-Sanguine", "personality_system_id": 7, "personality_type": "Phlegmatic-Sanguine", "theCount": 3}, {"myValue": "Phlegmatic [Dominant]", "personality_system_id": 7, "personality_type": "Phlegmatic [Dominant]", "theCount": 1}], "8": [{"myValue": "ELVF", "personality_system_id": 8, "personality_type": "ELVF", "theCount": 34}, {"myValue": "FELV", "personality_system_id": 8, "personality_type": "FELV", "theCount": 2}], "9": [{"myValue": "RLUAI", "personality_system_id": 9, "personality_type": "RLUAI", "theCount": 41}, {"myValue": "RCUAI", "personality_system_id": 9, "personality_type": "RCUAI", "theCount": 4}, {"myValue": "RLUAN", "personality_system_id": 9, "personality_type": "RLUAN", "theCount": 2}]}, "breakdown_config": {"expand": {"1": 3, "11": 1, "2": 3, "3": 2, "4": 1, "5": 1, "6": 2, "7": 1, "8": 1, "9": 1}, "fire": {"1": 0, "11": 0, "2": 1, "3": 1, "4": 0, "5": 0, "6": 1, "7": 0, "8": 0, "9": 0}}, "mbti_letter_stats": [{"type": "I", "percentage": "99%", "PercentageFloat": 0.9940944881889764}, {"type": "N", "percentage": "97%", "PercentageFloat": 0.9704724409448819}, {"type": "F", "percentage": "99%", "PercentageFloat": 0.9862204724409449}, {"type": "P", "percentage": "97%", "PercentageFloat": 0.968503937007874}], "topic_info": {"can_generate": false, "topic": {"description": "#JohnnyDepp as Edward Scissorhands", "follow_count": 2, "id": 10588, "is_following": false, "is_join_pending": false, "is_banned": false, "is_moderated": false, "name_readable": "Edward Scissorhands", "post_count": 1, "source_profile_id": 11340, "source_type": "profile", "join_to_post": false, "can_pin": false, "related_topics": [{"description": "#JohnnyDepp as Edward Scissorhands", "follow_count": 2, "id": 10588, "is_following": false, "is_join_pending": false, "is_banned": false, "is_moderated": false, "name_readable": "Edward Scissorhands", "post_count": 1, "source_profile_id": 11340, "source_type": "profile", "image": {"picURL": "https://static1.personality-database.com/profile_images/3e59766a5c5b48a383b137acd02d2961.png"}, "join_to_post": false, "can_pin": false}, {"description": "", "follow_count": 0, "id": 21974, "is_following": false, "is_join_pending": false, "is_banned": false, "is_moderated": false, "name_readable": "Joyce Monroe", "post_count": 1, "source_profile_id": 24332, "source_type": "profile", "image": {"picURL": "https://static1.personality-database.com/profile_images/954990dd6b494e29a24013d651d92412.png"}, "join_to_post": false, "can_pin": false}, {"description": "", "follow_count": 0, "id": 58065, "is_following": false, "is_join_pending": false, "is_banned": false, "is_moderated": false, "name_readable": "Jim", "post_count": 1, "source_profile_id": 71558, "source_type": "profile", "image": {"picURL": "https://static1.personality-database.com/profile_images/1d0c3bacc7c54514902a50d3db61529a.png"}, "join_to_post": false, "can_pin": false}, {"description": "#WinonaRyder", "follow_count": 0, "id": 10589, "is_following": false, "is_join_pending": false, "is_banned": false, "is_moderated": false, "name_readable": "Kim Boggs", "post_count": 0, "source_profile_id": 11341, "source_type": "profile", "image": {"picURL": "https://static1.personality-database.com/profile_images/fa6f6ad9a1c745c1ab8d826deb3bd27b.png"}, "join_to_post": false, "can_pin": false}, {"description": "", "follow_count": 0, "id": 10590, "is_following": false, "is_join_pending": false, "is_banned": false, "is_moderated": false, "name_readable": "Peg Boggs", "post_count": 0, "source_profile_id": 11342, "source_type": "profile", "image": {"picURL": "https://static1.personality-database.com/profile_images/c162cf0bcc364006a267f49b44608615.png"}, "join_to_post": false, "can_pin": false}, {"description": "", "follow_count": 0, "id": 58062, "is_following": false, "is_join_pending": false, "is_banned": false, "is_moderated": false, "name_readable": "Kevin Boggs", "post_count": 0, "source_profile_id": 71555, "source_type": "profile", "image": {"picURL": "https://static1.personality-database.com/profile_images/7772348de2174ca6aadb576e83e38f5b.png"}, "join_to_post": false, "can_pin": false}, {"description": "", "follow_count": 0, "id": 58063, "is_following": false, "is_join_pending": false, "is_banned": false, "is_moderated": false, "name_readable": "Bill Boggs", "post_count": 0, "source_profile_id": 71556, "source_type": "profile", "image": {"picURL": "https://static1.personality-database.com/profile_images/e57ae073c0f943d18d5b7120b88c4dd4.png"}, "join_to_post": false, "can_pin": false}, {"description": "", "follow_count": 0, "id": 58064, "is_following": false, "is_join_pending": false, "is_banned": false, "is_moderated": false, "name_readable": "The inventor", "post_count": 0, "source_profile_id": 71557, "source_type": "profile", "image": {"picURL": "https://static1.personality-database.com/profile_images/3d693ce8a61c44cea21e118ce06f2761.png"}, "join_to_post": false, "can_pin": false}, {"description": "Officer Allen is a police officer that patrols suburbia", "follow_count": 0, "id": 295214, "is_following": false, "is_join_pending": false, "is_banned": false, "is_moderated": false, "name_readable": "Officer Allen", "post_count": 0, "source_profile_id": 383691, "source_type": "profile", "image": {"picURL": "https://static1.personality-database.com/profile_images/45cd7135f3e242409704167ce770dc9c.png"}, "join_to_post": false, "can_pin": false}, {"description": "Religious  fanatic ", "follow_count": 0, "id": 341551, "is_following": false, "is_join_pending": false, "is_banned": false, "is_moderated": false, "name_readable": "Esmeralda", "post_count": 0, "source_profile_id": 532339, "source_type": "profile", "image": {"picURL": "https://static1.personality-database.com/profile_images/d2595d0e3bd746488151b16c0c0335d4.png"}, "join_to_post": false, "can_pin": false}], "subcategory": "Edward Scissorhands (1990)", "topic_image_url": "https://static1.personality-database.com/profile_images/3e59766a5c5b48a383b137acd02d2961.png", "source_location": {"cid": 3, "pid": 2, "sub_cat_id": 1508}, "can_post_image": false, "can_post_audio": false, "posts": {"posts": [{"username": "d1lfenj0y3r", "user_pic_path": "https://static1.personality-database.com/user_avatars/1024689/e8ea1be7-632a-48ed-9b71-57f9d1882475.jpeg", "user_personality_type": "INFP-4w5", "is_mod": false, "comment_count": 0, "reply_count": 0, "vote_type": 0, "topics_list": [{"id": 10588, "name_readable": "Edward Scissorhands"}], "id": 1520158, "post_id": 1520158, "user_id": 1024689, "title": "", "content": "he's just like me fr", "create_date": 1665693851000, "unix_timestamp": 1665693851000, "update_date": 1665693851000, "vote_count": 1, "vote_count_down": 0, "is_reported": 0, "is_hidden": false, "is_pinned": false, "is_watching": false, "is_pro_user": false, "images": null, "audios": null, "function_list": [], "type": "post"}]}}}}