{"id": 11357, "mbti_profile": "Jesse Wallace", "profile_name_searchable": "jessewallace", "allow_commenting": true, "allow_voting": true, "user_id": 3261, "contributor": "Jachn", "contributor_create_date": "2018-04-21 15:57:51", "contributor_pic_path": "https://lh5.googleusercontent.com/-7BVlTf580JM/AAAAAAAAAAI/AAAAAAAAFpA/fhDHaMjGnqM/s96-c/photo.jpg", "display_order": 1000, "edit_lock": 0, "edit_lock_picture": 0, "is_active": true, "is_approved": true, "mbti_enneagram_type": "ENTP 7w8", "mbti_type": "ENTP 7w8", "pdb_comment_access": true, "pdb_page_owner": 0, "pdb_public_access": true, "wiki_description": "#EthanHawke as Jesse", "watch_count": 335, "comment_count": 105, "vote_count": 466, "vote_count_enneagram": 148, "vote_count_mbti": 466, "total_vote_counts": 738, "personality_type": "ENTP - 7w8 - sx/sp - 749 - EIE - SCUAI - ELFV - Sanguine [Dominant] - EF(N)", "type_updated_date": "2022-12-12 14:34:47", "enneagram_vote": "", "enneagram_vote_id": 0, "mbti_vote": "", "mbti_vote_id": 0, "is_watching": false, "image_exists": false, "profile_image_url": "https://static1.personality-database.com/profile_images/846c5bc114cf4ee2be9a79f6e6da63dc.png", "profile_image_credit": "", "profile_image_credit_id": 167275, "profile_image_credit_type": "0", "profile_image_credit_url": "", "alt_subcategory": "", "related_subcategories": "", "cat_id": 3, "category": "Movies", "category_is_fictional": true, "sub_cat_id": 1515, "subcategory": "The Before Trilogy", "subcat_link_info": {"sub_cat_id": 1515, "cat_id": 3, "property_id": 2, "subcategory": "The Before Trilogy"}, "related_subcat_link_info": null, "related_profiles": [{"id": 11358, "mbti_profile": "C\u00e9line", "subcategory": "The Before Trilogy", "profile_image_url": "https://static1.personality-database.com/profile_images/682cf89a8a3f4fdcb951eee78ec51259.png", "profile_name": "C\u00e9line", "profile_subcat": "The Before Trilogy", "sub_cat_id": 1515, "cat_id": 3, "property_id": 2, "mbti": "INFP", "enneatype": "4w5"}], "functions": ["Ne", "Ti", "Fe", "Si"], "systems": [{"hex_color": "#888888", "id": 1, "personality_type": "XXXX", "personality_type_id": 0, "system_name": "Four Letter", "system_vote_count": 462, "user_vote_type_id": 0, "vote_id": 0}, {"hex_color": "#006775", "id": 2, "personality_type": "XXXX", "personality_type_id": 0, "system_name": "Enneagram", "system_vote_count": 148, "user_vote_type_id": 0, "vote_id": 0}, {"hex_color": "#006775", "id": 5, "personality_type": "XXXX", "personality_type_id": 0, "system_name": "Instinctual Variant", "system_vote_count": 29, "user_vote_type_id": 0, "vote_id": 0}, {"hex_color": "#006775", "id": 6, "personality_type": "XXXX", "personality_type_id": 0, "system_name": "Tritype", "system_vote_count": 24, "user_vote_type_id": 0, "vote_id": 0}, {"hex_color": "#888888", "id": 3, "personality_type": "XXXX", "personality_type_id": 0, "system_name": "Socionics", "system_vote_count": 22, "user_vote_type_id": 0, "vote_id": 0}, {"hex_color": "#888888", "id": 9, "personality_type": "XXXX", "personality_type_id": 0, "system_name": "Big 5 (SLOAN)", "system_vote_count": 12, "user_vote_type_id": 0, "vote_id": 0}, {"hex_color": "#888888", "id": 8, "personality_type": "XXXX", "personality_type_id": 0, "system_name": "Attitudinal Psyche", "system_vote_count": 6, "user_vote_type_id": 0, "vote_id": 0}, {"hex_color": "#888888", "id": 7, "personality_type": "XXXX", "personality_type_id": 0, "system_name": "Temperaments", "system_vote_count": 27, "user_vote_type_id": 0, "vote_id": 0}, {"hex_color": "#888888", "id": 11, "personality_type": "XXXX", "personality_type_id": 0, "system_name": "Classic Jungian", "system_vote_count": 2, "user_vote_type_id": 0, "vote_id": 0}], "breakdown_systems": {"1": [{"myValue": "ENTP", "personality_system_id": 1, "personality_type": "ENTP", "theCount": 248}, {"myValue": "ENFJ", "personality_system_id": 1, "personality_type": "ENFJ", "theCount": 178}, {"myValue": "ENFP", "personality_system_id": 1, "personality_type": "ENFP", "theCount": 20}, {"myValue": "ENTJ", "personality_system_id": 1, "personality_type": "ENTJ", "theCount": 7}, {"myValue": "ESTP", "personality_system_id": 1, "personality_type": "ESTP", "theCount": 4}, {"myValue": "INFJ", "personality_system_id": 1, "personality_type": "INFJ", "theCount": 2}, {"myValue": "ESFJ", "personality_system_id": 1, "personality_type": "ESFJ", "theCount": 1}, {"myValue": "ESFP", "personality_system_id": 1, "personality_type": "ESFP", "theCount": 1}, {"myValue": "INFP", "personality_system_id": 1, "personality_type": "INFP", "theCount": 1}], "11": [{"myValue": "EF(N)", "personality_system_id": 11, "personality_type": "EF(N)", "theCount": 1}, {"myValue": "EN(F)", "personality_system_id": 11, "personality_type": "EN(F)", "theCount": 1}], "2": [{"myValue": "7w8", "personality_system_id": 2, "personality_type": "7w8", "theCount": 87}, {"myValue": "4w5", "personality_system_id": 2, "personality_type": "4w5", "theCount": 23}, {"myValue": "7w6", "personality_system_id": 2, "personality_type": "7w6", "theCount": 16}, {"myValue": "2w3", "personality_system_id": 2, "personality_type": "2w3", "theCount": 5}, {"myValue": "3w4", "personality_system_id": 2, "personality_type": "3w4", "theCount": 5}, {"myValue": "5w4", "personality_system_id": 2, "personality_type": "5w4", "theCount": 5}, {"myValue": "4w3", "personality_system_id": 2, "personality_type": "4w3", "theCount": 3}, {"myValue": "9w8", "personality_system_id": 2, "personality_type": "9w8", "theCount": 2}, {"myValue": "1w2", "personality_system_id": 2, "personality_type": "1w2", "theCount": 1}, {"myValue": "8w7", "personality_system_id": 2, "personality_type": "8w7", "theCount": 1}], "3": [{"myValue": "EIE", "personality_system_id": 3, "personality_type": "EIE", "theCount": 9}, {"myValue": "IEE", "personality_system_id": 3, "personality_type": "IEE", "theCount": 6}, {"myValue": "ILE", "personality_system_id": 3, "personality_type": "ILE", "theCount": 5}, {"myValue": "ESE", "personality_system_id": 3, "personality_type": "ESE", "theCount": 1}, {"myValue": "IEI", "personality_system_id": 3, "personality_type": "IEI", "theCount": 1}], "4": [{"myValue": "Chaotic Good", "personality_system_id": 4, "personality_type": "Chaotic Good", "theCount": 3}, {"myValue": "Chaotic Neutral", "personality_system_id": 4, "personality_type": "Chaotic Neutral", "theCount": 3}], "5": [{"myValue": "sx/sp", "personality_system_id": 5, "personality_type": "sx/sp", "theCount": 18}, {"myValue": "sx/so", "personality_system_id": 5, "personality_type": "sx/so", "theCount": 4}, {"myValue": "so/sx", "personality_system_id": 5, "personality_type": "so/sx", "theCount": 3}, {"myValue": "so/sp", "personality_system_id": 5, "personality_type": "so/sp", "theCount": 2}, {"myValue": "sp/sx", "personality_system_id": 5, "personality_type": "sp/sx", "theCount": 2}], "6": [{"myValue": "749", "personality_system_id": 6, "personality_type": "749", "theCount": 15}, {"myValue": "794", "personality_system_id": 6, "personality_type": "794", "theCount": 3}, {"myValue": "125", "personality_system_id": 6, "personality_type": "125", "theCount": 1}, {"myValue": "279", "personality_system_id": 6, "personality_type": "279", "theCount": 1}, {"myValue": "459", "personality_system_id": 6, "personality_type": "459", "theCount": 1}, {"myValue": "479", "personality_system_id": 6, "personality_type": "479", "theCount": 1}, {"myValue": "497", "personality_system_id": 6, "personality_type": "497", "theCount": 1}, {"myValue": "739", "personality_system_id": 6, "personality_type": "739", "theCount": 1}], "7": [{"myValue": "Sanguine [Dominant]", "personality_system_id": 7, "personality_type": "Sanguine [Dominant]", "theCount": 14}, {"myValue": "Sanguine-Melancholic", "personality_system_id": 7, "personality_type": "Sanguine-Melancholic", "theCount": 8}, {"myValue": "Sanguine-Phlegmatic", "personality_system_id": 7, "personality_type": "Sanguine-Phlegmatic", "theCount": 4}, {"myValue": "Sanguine-Choleric", "personality_system_id": 7, "personality_type": "Sanguine-Choleric", "theCount": 1}], "8": [{"myValue": "ELFV", "personality_system_id": 8, "personality_type": "ELFV", "theCount": 4}, {"myValue": "VEFL", "personality_system_id": 8, "personality_type": "VEFL", "theCount": 1}, {"myValue": "VLEF", "personality_system_id": 8, "personality_type": "VLEF", "theCount": 1}], "9": [{"myValue": "SCUAI", "personality_system_id": 9, "personality_type": "SCUAI", "theCount": 6}, {"myValue": "SCUEI", "personality_system_id": 9, "personality_type": "SCUEI", "theCount": 4}, {"myValue": "RCOAI", "personality_system_id": 9, "personality_type": "RCOAI", "theCount": 1}, {"myValue": "SLUAI", "personality_system_id": 9, "personality_type": "SLUAI", "theCount": 1}]}, "breakdown_config": {"expand": {"1": 3, "11": 1, "2": 3, "3": 1, "4": 1, "5": 1, "6": 1, "7": 2, "8": 1, "9": 1}, "fire": {"1": 1, "11": 0, "2": 0, "3": 0, "4": 0, "5": 0, "6": 0, "7": 1, "8": 0, "9": 0}}, "mbti_letter_stats": [{"type": "E", "percentage": "99%", "PercentageFloat": 0.9935064935064936}, {"type": "N", "percentage": "99%", "PercentageFloat": 0.987012987012987}, {"type": "T", "percentage": "56%", "PercentageFloat": 0.5606060606060606}, {"type": "P", "percentage": "59%", "PercentageFloat": 0.5930735930735931}], "topic_info": {"can_generate": false, "topic": {"description": "#EthanHawke as Jesse", "follow_count": 0, "id": 10605, "is_following": false, "is_join_pending": false, "is_banned": false, "is_moderated": false, "name_readable": "Jesse Wallace", "post_count": 1, "source_profile_id": 11357, "source_type": "profile", "join_to_post": false, "can_pin": false, "related_topics": [{"description": "Portrayed by  #JulieDelpy.", "follow_count": 0, "id": 10606, "is_following": false, "is_join_pending": false, "is_banned": false, "is_moderated": false, "name_readable": "C\u00e9line", "post_count": 11, "source_profile_id": 11358, "source_type": "profile", "image": {"picURL": "https://static1.personality-database.com/profile_images/682cf89a8a3f4fdcb951eee78ec51259.png"}, "join_to_post": false, "can_pin": false}, {"description": "#EthanHawke as Jesse", "follow_count": 0, "id": 10605, "is_following": false, "is_join_pending": false, "is_banned": false, "is_moderated": false, "name_readable": "Jesse Wallace", "post_count": 1, "source_profile_id": 11357, "source_type": "profile", "image": {"picURL": "https://static1.personality-database.com/profile_images/846c5bc114cf4ee2be9a79f6e6da63dc.png"}, "join_to_post": false, "can_pin": false}], "subcategory": "The Before Trilogy", "topic_image_url": "https://static1.personality-database.com/profile_images/846c5bc114cf4ee2be9a79f6e6da63dc.png", "source_location": {"cid": 3, "pid": 2, "sub_cat_id": 1515}, "can_post_image": false, "can_post_audio": false, "posts": {"posts": [{"username": "4ashee", "user_pic_path": "https://static1.personality-database.com/user_avatars/1596931/42f6b1cc-531c-4757-ae40-ef79a74c37f8_small.jpeg", "user_personality_type": "INFP-496", "is_mod": false, "comment_count": 0, "reply_count": 0, "vote_type": 0, "topics_list": [{"id": 10605, "name_readable": "Jesse Wallace"}], "id": 1911002, "post_id": 1911002, "user_id": 1596931, "title": "", "content": "I see him as an ENFP tbh", "create_date": 1670701757000, "unix_timestamp": 1670701757000, "update_date": 1670701757000, "vote_count": 1, "vote_count_down": 0, "is_reported": 0, "is_hidden": false, "is_pinned": false, "is_watching": false, "is_pro_user": false, "images": null, "audios": null, "function_list": [], "type": "post"}]}}}}