{"id": 11356, "mbti_profile": "Amy Elliott Dunne", "profile_name_searchable": "amyelliottdunne", "allow_commenting": true, "allow_voting": true, "user_id": 3261, "contributor": "Jachn", "contributor_create_date": "2018-04-21 15:54:34", "contributor_pic_path": "https://lh5.googleusercontent.com/-7BVlTf580JM/AAAAAAAAAAI/AAAAAAAAFpA/fhDHaMjGnqM/s96-c/photo.jpg", "display_order": 995, "edit_lock": 0, "edit_lock_picture": 0, "is_active": true, "is_approved": true, "mbti_enneagram_type": "INFJ 3w2", "mbti_type": "INFJ 3w2", "pdb_comment_access": true, "pdb_page_owner": 0, "pdb_public_access": true, "wiki_description": "Amy Elliot Dunne is the main antagonist of Gone Girl. A calculating psychopath who contrives an elaborate plan to fake her own death and frames her husband Nick for murdering her, as punishment for Nick's infidelity.", "watch_count": 1514, "comment_count": 619, "vote_count": 2100, "vote_count_enneagram": 538, "vote_count_mbti": 2100, "total_vote_counts": 2831, "personality_type": "INFJ - 3w2 - sx/so - 351 - EIE - RCOEI - LEVF - Melancholic-Choleric - IN(F)", "type_updated_date": "2022-11-15 11:59:04", "enneagram_vote": "", "enneagram_vote_id": 0, "mbti_vote": "", "mbti_vote_id": 0, "is_watching": false, "image_exists": true, "profile_image_url": "https://static1.personality-database.com/profile_images/fc90354e143d436fade687694b488462.png", "profile_image_credit": "", "profile_image_credit_id": 485836, "profile_image_credit_type": "0", "profile_image_credit_url": " ", "alt_subcategory": "", "related_subcategories": "", "cat_id": 3, "category": "Movies", "category_is_fictional": true, "sub_cat_id": 1513, "subcategory": "Gone Girl (2014)", "subcat_link_info": {"sub_cat_id": 1513, "cat_id": 3, "property_id": 2, "subcategory": "Gone Girl (2014)"}, "related_subcat_link_info": null, "related_profiles": [{"id": 11355, "mbti_profile": "Nick Dunne", "subcategory": "Gone Girl (2014)", "profile_image_url": "https://static1.personality-database.com/profile_images/594f68d72fbd4a1ca57da224c4d19675.png", "profile_name": "Nick Dunne", "profile_subcat": "Gone Girl (2014)", "sub_cat_id": 1513, "cat_id": 3, "property_id": 2, "mbti": "ESTP", "enneatype": "9w8"}, {"id": 13195, "mbti_profile": "Desi Collings", "subcategory": "Gone Girl (2014)", "profile_image_url": "https://static1.personality-database.com/profile_images/831042bced81499ead203748dc407ea1.png", "profile_name": "Desi Collings", "profile_subcat": "Gone Girl (2014)", "sub_cat_id": 1513, "cat_id": 3, "property_id": 2, "mbti": "ISFJ", "enneatype": "6w5"}, {"id": 13194, "mbti_profile": "Margo \u201cGo\u201d Dunne", "subcategory": "Gone Girl (2014)", "profile_image_url": "https://static1.personality-database.com/profile_images/7f01065a2ccf4c8ab78476daa6e3cfc6.png", "profile_name": "Margo \u201cGo\u201d Dunne", "profile_subcat": "Gone Girl (2014)", "sub_cat_id": 1513, "cat_id": 3, "property_id": 2, "mbti": "ENTP", "enneatype": "6w7"}, {"id": 13196, "mbti_profile": "Detective Rhonda Boney", "subcategory": "Gone Girl (2014)", "profile_image_url": "https://static1.personality-database.com/profile_images/e8c489f216f54248a58dcc4d7b6ab8e3.png", "profile_name": "Detective Rhonda Boney", "profile_subcat": "Gone Girl (2014)", "sub_cat_id": 1513, "cat_id": 3, "property_id": 2, "mbti": "ISTJ", "enneatype": "6w5"}, {"id": 173713, "mbti_profile": "Andie Fitzgerald", "subcategory": "Gone Girl (2014)", "profile_image_url": "https://static1.personality-database.com/profile_images/de8a8c9178ee40dd8edbc0a83c82d7f1.png", "profile_name": "Andie Fitzgerald", "profile_subcat": "Gone Girl (2014)", "sub_cat_id": 1513, "cat_id": 3, "property_id": 2, "mbti": "ESFP", "enneatype": "7w6"}, {"id": 13197, "mbti_profile": "Tanner Bolt", "subcategory": "Gone Girl (2014)", "profile_image_url": "https://static1.personality-database.com/profile_images/6b23be0ce6d74536b802f992be58f4e9.png", "profile_name": "Tanner Bolt", "profile_subcat": "Gone Girl (2014)", "sub_cat_id": 1513, "cat_id": 3, "property_id": 2, "mbti": "ENTP", "enneatype": "3w2"}, {"id": 253821, "mbti_profile": "Officer James Gilpin", "subcategory": "Gone Girl (2014)", "profile_image_url": "https://static1.personality-database.com/profile_images/878c84f61a34453f98b270a9e5144cae.png", "profile_name": "Officer James Gilpin", "profile_subcat": "Gone Girl (2014)", "sub_cat_id": 1513, "cat_id": 3, "property_id": 2, "mbti": "ISTJ", "enneatype": "1w9"}, {"id": 96682, "mbti_profile": "Greta", "subcategory": "Gone Girl (2014)", "profile_image_url": "https://static1.personality-database.com/profile_images/2f0d75c1f95542f58ffd847b6ea7d800.png", "profile_name": "Greta", "profile_subcat": "Gone Girl (2014)", "sub_cat_id": 1513, "cat_id": 3, "property_id": 2, "mbti": "ESFP", "enneatype": "3w2"}], "functions": ["Ni", "Fe", "Ti", "Se"], "systems": [{"hex_color": "#888888", "id": 1, "personality_type": "XXXX", "personality_type_id": 0, "system_name": "Four Letter", "system_vote_count": 1260, "user_vote_type_id": 0, "vote_id": 0}, {"hex_color": "#006775", "id": 2, "personality_type": "XXXX", "personality_type_id": 0, "system_name": "Enneagram", "system_vote_count": 566, "user_vote_type_id": 0, "vote_id": 0}, {"hex_color": "#006775", "id": 5, "personality_type": "XXXX", "personality_type_id": 0, "system_name": "Instinctual Variant", "system_vote_count": 265, "user_vote_type_id": 0, "vote_id": 0}, {"hex_color": "#006775", "id": 6, "personality_type": "XXXX", "personality_type_id": 0, "system_name": "Tritype", "system_vote_count": 178, "user_vote_type_id": 0, "vote_id": 0}, {"hex_color": "#888888", "id": 3, "personality_type": "XXXX", "personality_type_id": 0, "system_name": "Socionics", "system_vote_count": 131, "user_vote_type_id": 0, "vote_id": 0}, {"hex_color": "#888888", "id": 9, "personality_type": "XXXX", "personality_type_id": 0, "system_name": "Big 5 (SLOAN)", "system_vote_count": 110, "user_vote_type_id": 0, "vote_id": 0}, {"hex_color": "#888888", "id": 8, "personality_type": "XXXX", "personality_type_id": 0, "system_name": "Attitudinal Psyche", "system_vote_count": 81, "user_vote_type_id": 0, "vote_id": 0}, {"hex_color": "#888888", "id": 7, "personality_type": "XXXX", "personality_type_id": 0, "system_name": "Temperaments", "system_vote_count": 152, "user_vote_type_id": 0, "vote_id": 0}, {"hex_color": "#888888", "id": 11, "personality_type": "XXXX", "personality_type_id": 0, "system_name": "Classic Jungian", "system_vote_count": 42, "user_vote_type_id": 0, "vote_id": 0}], "breakdown_systems": {"1": [{"myValue": "INFJ", "personality_system_id": 1, "personality_type": "INFJ", "theCount": 881}, {"myValue": "INTJ", "personality_system_id": 1, "personality_type": "INTJ", "theCount": 300}, {"myValue": "ENFJ", "personality_system_id": 1, "personality_type": "ENFJ", "theCount": 50}, {"myValue": "ENTJ", "personality_system_id": 1, "personality_type": "ENTJ", "theCount": 11}, {"myValue": "ESTJ", "personality_system_id": 1, "personality_type": "ESTJ", "theCount": 6}, {"myValue": "INFP", "personality_system_id": 1, "personality_type": "INFP", "theCount": 5}, {"myValue": "ENFP", "personality_system_id": 1, "personality_type": "ENFP", "theCount": 3}, {"myValue": "INTP", "personality_system_id": 1, "personality_type": "INTP", "theCount": 2}, {"myValue": "ISTJ", "personality_system_id": 1, "personality_type": "ISTJ", "theCount": 1}, {"myValue": "ISTP", "personality_system_id": 1, "personality_type": "ISTP", "theCount": 1}], "11": [{"myValue": "IN(F)", "personality_system_id": 11, "personality_type": "IN(F)", "theCount": 28}, {"myValue": "EF(N)", "personality_system_id": 11, "personality_type": "EF(N)", "theCount": 13}, {"myValue": "IN(T)", "personality_system_id": 11, "personality_type": "IN(T)", "theCount": 1}], "2": [{"myValue": "3w2", "personality_system_id": 2, "personality_type": "3w2", "theCount": 380}, {"myValue": "5w4", "personality_system_id": 2, "personality_type": "5w4", "theCount": 53}, {"myValue": "2w3", "personality_system_id": 2, "personality_type": "2w3", "theCount": 44}, {"myValue": "3w4", "personality_system_id": 2, "personality_type": "3w4", "theCount": 34}, {"myValue": "5w6", "personality_system_id": 2, "personality_type": "5w6", "theCount": 17}, {"myValue": "1w2", "personality_system_id": 2, "personality_type": "1w2", "theCount": 11}, {"myValue": "4w3", "personality_system_id": 2, "personality_type": "4w3", "theCount": 10}, {"myValue": "1w9", "personality_system_id": 2, "personality_type": "1w9", "theCount": 5}, {"myValue": "2w1", "personality_system_id": 2, "personality_type": "2w1", "theCount": 5}, {"myValue": "4w5", "personality_system_id": 2, "personality_type": "4w5", "theCount": 3}, {"myValue": "9w8", "personality_system_id": 2, "personality_type": "9w8", "theCount": 2}, {"myValue": "6w5", "personality_system_id": 2, "personality_type": "6w5", "theCount": 1}, {"myValue": "8w7", "personality_system_id": 2, "personality_type": "8w7", "theCount": 1}], "3": [{"myValue": "EIE", "personality_system_id": 3, "personality_type": "EIE", "theCount": 55}, {"myValue": "IEI", "personality_system_id": 3, "personality_type": "IEI", "theCount": 50}, {"myValue": "LIE", "personality_system_id": 3, "personality_type": "LIE", "theCount": 15}, {"myValue": "ILI", "personality_system_id": 3, "personality_type": "ILI", "theCount": 3}, {"myValue": "LII", "personality_system_id": 3, "personality_type": "LII", "theCount": 3}, {"myValue": "EII", "personality_system_id": 3, "personality_type": "EII", "theCount": 2}, {"myValue": "ESI", "personality_system_id": 3, "personality_type": "ESI", "theCount": 2}, {"myValue": "LSI", "personality_system_id": 3, "personality_type": "LSI", "theCount": 1}], "4": [{"myValue": "Neutral Evil", "personality_system_id": 4, "personality_type": "Neutral Evil", "theCount": 36}, {"myValue": "Lawful Evil", "personality_system_id": 4, "personality_type": "Lawful Evil", "theCount": 4}, {"myValue": "Chaotic Evil", "personality_system_id": 4, "personality_type": "Chaotic Evil", "theCount": 2}, {"myValue": "Chaotic Good", "personality_system_id": 4, "personality_type": "Chaotic Good", "theCount": 1}, {"myValue": "Chaotic Neutral", "personality_system_id": 4, "personality_type": "Chaotic Neutral", "theCount": 1}, {"myValue": "Neutral Good", "personality_system_id": 4, "personality_type": "Neutral Good", "theCount": 1}, {"myValue": "True Neutral", "personality_system_id": 4, "personality_type": "True Neutral", "theCount": 1}], "5": [{"myValue": "sx/so", "personality_system_id": 5, "personality_type": "sx/so", "theCount": 205}, {"myValue": "sx/sp", "personality_system_id": 5, "personality_type": "sx/sp", "theCount": 29}, {"myValue": "so/sx", "personality_system_id": 5, "personality_type": "so/sx", "theCount": 19}, {"myValue": "sp/sx", "personality_system_id": 5, "personality_type": "sp/sx", "theCount": 8}, {"myValue": "so/sp", "personality_system_id": 5, "personality_type": "so/sp", "theCount": 2}, {"myValue": "sp/so", "personality_system_id": 5, "personality_type": "sp/so", "theCount": 2}], "6": [{"myValue": "351", "personality_system_id": 6, "personality_type": "351", "theCount": 78}, {"myValue": "514", "personality_system_id": 6, "personality_type": "514", "theCount": 19}, {"myValue": "358", "personality_system_id": 6, "personality_type": "358", "theCount": 15}, {"myValue": "315", "personality_system_id": 6, "personality_type": "315", "theCount": 11}, {"myValue": "512", "personality_system_id": 6, "personality_type": "512", "theCount": 9}, {"myValue": "513", "personality_system_id": 6, "personality_type": "513", "theCount": 8}, {"myValue": "251", "personality_system_id": 6, "personality_type": "251", "theCount": 7}, {"myValue": "531", "personality_system_id": 6, "personality_type": "531", "theCount": 6}, {"myValue": "215", "personality_system_id": 6, "personality_type": "215", "theCount": 5}, {"myValue": "135", "personality_system_id": 6, "personality_type": "135", "theCount": 4}, {"myValue": "361", "personality_system_id": 6, "personality_type": "361", "theCount": 3}, {"myValue": "258", "personality_system_id": 6, "personality_type": "258", "theCount": 2}, {"myValue": "451", "personality_system_id": 6, "personality_type": "451", "theCount": 2}, {"myValue": "521", "personality_system_id": 6, "personality_type": "521", "theCount": 2}, {"myValue": "528", "personality_system_id": 6, "personality_type": "528", "theCount": 2}, {"myValue": "137", "personality_system_id": 6, "personality_type": "137", "theCount": 1}, {"myValue": "261", "personality_system_id": 6, "personality_type": "261", "theCount": 1}, {"myValue": "285", "personality_system_id": 6, "personality_type": "285", "theCount": 1}, {"myValue": "359", "personality_system_id": 6, "personality_type": "359", "theCount": 1}, {"myValue": "386", "personality_system_id": 6, "personality_type": "386", "theCount": 1}], "7": [{"myValue": "Melancholic-Choleric", "personality_system_id": 7, "personality_type": "Melancholic-Choleric", "theCount": 129}, {"myValue": "Choleric-Sanguine", "personality_system_id": 7, "personality_type": "Choleric-Sanguine", "theCount": 7}, {"myValue": "Choleric-Melancholic", "personality_system_id": 7, "personality_type": "Choleric-Melancholic", "theCount": 6}, {"myValue": "Melancholic-Phlegmatic", "personality_system_id": 7, "personality_type": "Melancholic-Phlegmatic", "theCount": 4}, {"myValue": "Phlegmatic [Dominant]", "personality_system_id": 7, "personality_type": "Phlegmatic [Dominant]", "theCount": 2}, {"myValue": "Choleric [Dominant]", "personality_system_id": 7, "personality_type": "Choleric [Dominant]", "theCount": 1}, {"myValue": "Choleric-Phlegmatic", "personality_system_id": 7, "personality_type": "Choleric-Phlegmatic", "theCount": 1}, {"myValue": "Melancholic [Dominant]", "personality_system_id": 7, "personality_type": "Melancholic [Dominant]", "theCount": 1}, {"myValue": "Melancholic-Sanguine", "personality_system_id": 7, "personality_type": "Melancholic-Sanguine", "theCount": 1}], "8": [{"myValue": "LEVF", "personality_system_id": 8, "personality_type": "LEVF", "theCount": 54}, {"myValue": "VELF", "personality_system_id": 8, "personality_type": "VELF", "theCount": 14}, {"myValue": "VLFE", "personality_system_id": 8, "personality_type": "VLFE", "theCount": 5}, {"myValue": "LEFV", "personality_system_id": 8, "personality_type": "LEFV", "theCount": 2}, {"myValue": "ELVF", "personality_system_id": 8, "personality_type": "ELVF", "theCount": 1}, {"myValue": "FEVL", "personality_system_id": 8, "personality_type": "FEVL", "theCount": 1}, {"myValue": "LFEV", "personality_system_id": 8, "personality_type": "LFEV", "theCount": 1}, {"myValue": "LVEF", "personality_system_id": 8, "personality_type": "LVEF", "theCount": 1}, {"myValue": "VEFL", "personality_system_id": 8, "personality_type": "VEFL", "theCount": 1}, {"myValue": "VLEF", "personality_system_id": 8, "personality_type": "VLEF", "theCount": 1}], "9": [{"myValue": "RCOEI", "personality_system_id": 9, "personality_type": "RCOEI", "theCount": 55}, {"myValue": "RLOEI", "personality_system_id": 9, "personality_type": "RLOEI", "theCount": 42}, {"myValue": "RCOAI", "personality_system_id": 9, "personality_type": "RCOAI", "theCount": 4}, {"myValue": "RLOAI", "personality_system_id": 9, "personality_type": "RLOAI", "theCount": 2}, {"myValue": "SCOEI", "personality_system_id": 9, "personality_type": "SCOEI", "theCount": 2}, {"myValue": "RCOEN", "personality_system_id": 9, "personality_type": "RCOEN", "theCount": 1}, {"myValue": "RLUAI", "personality_system_id": 9, "personality_type": "RLUAI", "theCount": 1}, {"myValue": "SCOAI", "personality_system_id": 9, "personality_type": "SCOAI", "theCount": 1}, {"myValue": "SCOAN", "personality_system_id": 9, "personality_type": "SCOAN", "theCount": 1}, {"myValue": "SLOEI", "personality_system_id": 9, "personality_type": "SLOEI", "theCount": 1}]}, "breakdown_config": {"expand": {"1": 3, "11": 1, "2": 3, "3": 2, "4": 1, "5": 1, "6": 1, "7": 1, "8": 1, "9": 2}, "fire": {"1": 0, "11": 0, "2": 0, "3": 1, "4": 0, "5": 0, "6": 0, "7": 0, "8": 0, "9": 1}}, "mbti_letter_stats": [{"type": "I", "percentage": "94%", "PercentageFloat": 0.9444444444444444}, {"type": "N", "percentage": "99%", "PercentageFloat": 0.9936507936507937}, {"type": "F", "percentage": "75%", "PercentageFloat": 0.7452380952380953}, {"type": "J", "percentage": "99%", "PercentageFloat": 0.9912698412698413}], "topic_info": {"can_generate": false, "topic": {"description": "Amy Elliot Dunne is the main antagonist of the 2012 novel and 2014 David Fincher film Gone Girl, both written by Gillian Flynn. She is a brilliant, calculating psychopath who contrives an elaborate plan to fake her own death and frames her husband Nick for murdering her, as punishment for Nick's infidelity. In the film, she was portrayed by #RosamundPike, who is also known for her roles as Miranda Frost in Die Another Day and Marla Grayson in I Care a Lot.\n\n#INFJVillains", "follow_count": 2, "id": 10604, "is_following": false, "is_join_pending": false, "is_banned": false, "is_moderated": false, "name_readable": "Amy Elliott Dunne", "post_count": 36, "source_profile_id": 11356, "source_type": "profile", "join_to_post": false, "can_pin": false, "related_topics": [{"description": "Amy Elliot Dunne is the main antagonist of the 2012 novel and 2014 David Fincher film Gone Girl, both written by Gillian Flynn. She is a brilliant, calculating psychopath who contrives an elaborate plan to fake her own death and frames her husband Nick for murdering her, as punishment for Nick's infidelity. In the film, she was portrayed by #RosamundPike, who is also known for her roles as Miranda Frost in Die Another Day and Marla Grayson in I Care a Lot.\n\n#INFJVillains", "follow_count": 2, "id": 10604, "is_following": false, "is_join_pending": false, "is_banned": false, "is_moderated": false, "name_readable": "Amy Elliott Dunne", "post_count": 36, "source_profile_id": 11356, "source_type": "profile", "image": {"picURL": "https://static1.personality-database.com/profile_images/fc90354e143d436fade687694b488462.png"}, "join_to_post": false, "can_pin": false}, {"description": "Nick Dunne is Amy Dunne's golden boy husband and a former journalist. After he lost his job in New York, he moved back to his hometown with his wife in hopes of owning a business with his sister, but the move only aggravated relationships with his wife. On the day of their wedding anniversary, Amy is missing and Nick is the main suspect. He\u2019s portrayed by #BenAffleck.", "follow_count": 0, "id": 10603, "is_following": false, "is_join_pending": false, "is_banned": false, "is_moderated": false, "name_readable": "Nick Dunne", "post_count": 8, "source_profile_id": 11355, "source_type": "profile", "image": {"picURL": "https://static1.personality-database.com/profile_images/594f68d72fbd4a1ca57da224c4d19675.png"}, "join_to_post": false, "can_pin": false}, {"description": "Margo \"Go\" Dunne is one of the main characters and tritagonist in Gone Girl. The twin sister of Nick Dunne, Margo sticks by his side when he is accused of the murder of his wife Amy. She is ridiculed by the media along with her brother when the evidence starts piling up against her. She is portrayed by Carrie Coon.", "follow_count": 0, "id": 12188, "is_following": false, "is_join_pending": false, "is_banned": false, "is_moderated": false, "name_readable": "Margo \u201cGo\u201d Dunne", "post_count": 0, "source_profile_id": 13194, "source_type": "profile", "image": {"picURL": "https://static1.personality-database.com/profile_images/7f01065a2ccf4c8ab78476daa6e3cfc6.png"}, "join_to_post": false, "can_pin": false}, {"description": "", "follow_count": 0, "id": 12189, "is_following": false, "is_join_pending": false, "is_banned": false, "is_moderated": false, "name_readable": "Desi Collings", "post_count": 0, "source_profile_id": 13195, "source_type": "profile", "image": {"picURL": "https://static1.personality-database.com/profile_images/831042bced81499ead203748dc407ea1.png"}, "join_to_post": false, "can_pin": false}, {"description": "", "follow_count": 0, "id": 12190, "is_following": false, "is_join_pending": false, "is_banned": false, "is_moderated": false, "name_readable": "Detective Rhonda Boney", "post_count": 0, "source_profile_id": 13196, "source_type": "profile", "image": {"picURL": "https://static1.personality-database.com/profile_images/e8c489f216f54248a58dcc4d7b6ab8e3.png"}, "join_to_post": false, "can_pin": false}, {"description": "", "follow_count": 0, "id": 12191, "is_following": false, "is_join_pending": false, "is_banned": false, "is_moderated": false, "name_readable": "Tanner Bolt", "post_count": 0, "source_profile_id": 13197, "source_type": "profile", "image": {"picURL": "https://static1.personality-database.com/profile_images/6b23be0ce6d74536b802f992be58f4e9.png"}, "join_to_post": false, "can_pin": false}, {"description": "", "follow_count": 0, "id": 77857, "is_following": false, "is_join_pending": false, "is_banned": false, "is_moderated": false, "name_readable": "Greta", "post_count": 0, "source_profile_id": 96682, "source_type": "profile", "image": {"picURL": "https://static1.personality-database.com/profile_images/2f0d75c1f95542f58ffd847b6ea7d800.png"}, "join_to_post": false, "can_pin": false}, {"description": "", "follow_count": 0, "id": 133960, "is_following": false, "is_join_pending": false, "is_banned": false, "is_moderated": false, "name_readable": "Andie Fitzgerald", "post_count": 0, "source_profile_id": 173713, "source_type": "profile", "image": {"picURL": "https://static1.personality-database.com/profile_images/de8a8c9178ee40dd8edbc0a83c82d7f1.png"}, "join_to_post": false, "can_pin": false}, {"description": "", "follow_count": 0, "id": 195678, "is_following": false, "is_join_pending": false, "is_banned": false, "is_moderated": false, "name_readable": "Officer James Gilpin", "post_count": 0, "source_profile_id": 253821, "source_type": "profile", "image": {"picURL": "https://static1.personality-database.com/profile_images/878c84f61a34453f98b270a9e5144cae.png"}, "join_to_post": false, "can_pin": false}, {"description": "", "follow_count": 0, "id": 195679, "is_following": false, "is_join_pending": false, "is_banned": false, "is_moderated": false, "name_readable": "Noelle Hawthorne", "post_count": 0, "source_profile_id": 253822, "source_type": "profile", "image": {"picURL": "https://static1.personality-database.com/profile_images/39e9eb90dfe0410f8fc057bb4fe37483.png"}, "join_to_post": false, "can_pin": false}, {"description": "", "follow_count": 0, "id": 195681, "is_following": false, "is_join_pending": false, "is_banned": false, "is_moderated": false, "name_readable": "Marybeth Elliott", "post_count": 0, "source_profile_id": 253824, "source_type": "profile", "image": {"picURL": "https://static1.personality-database.com/profile_images/4aff2d2f120f46e195b893055ae48277.png"}, "join_to_post": false, "can_pin": false}, {"description": "", "follow_count": 0, "id": 195682, "is_following": false, "is_join_pending": false, "is_banned": false, "is_moderated": false, "name_readable": "Tommy O'Hara", "post_count": 0, "source_profile_id": 253825, "source_type": "profile", "image": {"picURL": "https://static1.personality-database.com/profile_images/63c7601813b344b0a91340885691948b.png"}, "join_to_post": false, "can_pin": false}, {"description": "", "follow_count": 0, "id": 195683, "is_following": false, "is_join_pending": false, "is_banned": false, "is_moderated": false, "name_readable": "Rand Elliott", "post_count": 0, "source_profile_id": 253826, "source_type": "profile", "image": {"picURL": "https://static1.personality-database.com/profile_images/0f82456153c84b2fa66c31d531079eb9.png"}, "join_to_post": false, "can_pin": false}, {"description": "", "follow_count": 0, "id": 195805, "is_following": false, "is_join_pending": false, "is_banned": false, "is_moderated": false, "name_readable": "Sharon Schieber", "post_count": 0, "source_profile_id": 253986, "source_type": "profile", "image": {"picURL": "https://static1.personality-database.com/profile_images/a96700c889f74db986c4c72a11f08fb4.png"}, "join_to_post": false, "can_pin": false}, {"description": "", "follow_count": 0, "id": 204565, "is_following": false, "is_join_pending": false, "is_banned": false, "is_moderated": false, "name_readable": "Ellen Abbott", "post_count": 0, "source_profile_id": 265533, "source_type": "profile", "image": {"picURL": "https://static1.personality-database.com/profile_images/ba65ae75c7264ff593d0c9e23b7e7df9.png"}, "join_to_post": false, "can_pin": false}], "subcategory": "Gone Girl (2014)", "topic_image_url": "https://static1.personality-database.com/profile_images/fc90354e143d436fade687694b488462.png", "source_location": {"cid": 3, "pid": 2, "sub_cat_id": 1513}, "can_post_image": false, "can_post_audio": false, "posts": {"posts": [{"username": "Main Character", "user_pic_path": "https://static1.personality-database.com/user_avatars/769903/6cadfc98-2fea-4710-b7b8-a9d83499d477_small.webp", "user_personality_type": "ESFP-2w3-278", "is_mod": false, "comment_count": 1, "reply_count": 1, "vote_type": 0, "topics_list": [{"id": 10604, "name_readable": "Amy Elliott Dunne"}], "id": 2112991, "post_id": 2112991, "user_id": 769903, "title": "", "content": "certified girlboss idc", "create_date": 1672928609000, "unix_timestamp": 1672928609000, "update_date": 1672928609000, "vote_count": 4, "vote_count_down": 0, "is_reported": 0, "is_hidden": false, "is_pinned": false, "is_watching": false, "is_pro_user": true, "images": null, "audios": null, "function_list": [], "type": "post"}, {"username": "bunbun_", "user_pic_path": "https://static1.personality-database.com/user_avatars/1227308/1c34c160-1839-42a7-b769-98c8537e6ffd_small.jpeg", "user_personality_type": "ENFJ", "is_mod": false, "comment_count": 0, "reply_count": 0, "vote_type": 0, "topics_list": [{"id": 10604, "name_readable": "Amy Elliott Dunne"}], "id": 2024211, "post_id": 2024211, "user_id": 1227308, "title": "", "content": "most harmonious conflictor marriage", "create_date": 1672052705000, "unix_timestamp": 1672052705000, "update_date": 1672052705000, "vote_count": 6, "vote_count_down": 0, "is_reported": 0, "is_hidden": false, "is_pinned": false, "is_watching": false, "is_pro_user": false, "images": null, "audios": null, "function_list": [], "type": "post"}, {"username": "aki99", "user_pic_path": "https://lh3.googleusercontent.com/a-/AOh14Gg9TcPgB9BNBIkhFz0JY5NVOcaSBpXPCDtE86Y_zA=s96-c", "user_personality_type": "INTJ", "is_mod": false, "comment_count": 0, "reply_count": 0, "vote_type": 0, "topics_list": [{"id": 10604, "name_readable": "Amy Elliott Dunne"}], "id": 2016220, "post_id": 2016220, "user_id": 264851, "title": "", "content": "least toxic INFJ x ESTP relationship", "create_date": 1671963026000, "unix_timestamp": 1671963026000, "update_date": 1671963026000, "vote_count": 15, "vote_count_down": 0, "is_reported": 0, "is_hidden": false, "is_pinned": false, "is_watching": false, "is_pro_user": false, "images": null, "audios": null, "function_list": [], "type": "post"}]}}}}