{"id": 11358, "mbti_profile": "C\u00e9line", "profile_name_searchable": "c\u00e9line", "allow_commenting": true, "allow_voting": true, "user_id": 3261, "contributor": "Jachn", "contributor_create_date": "2018-04-21 15:57:51", "contributor_pic_path": "https://lh5.googleusercontent.com/-7BVlTf580JM/AAAAAAAAAAI/AAAAAAAAFpA/fhDHaMjGnqM/s96-c/photo.jpg", "display_order": 995, "edit_lock": 0, "edit_lock_picture": 0, "is_active": true, "is_approved": true, "mbti_enneagram_type": "INFP 4w5", "mbti_type": "INFP 4w5", "pdb_comment_access": true, "pdb_page_owner": 0, "pdb_public_access": true, "wiki_description": "", "watch_count": 848, "comment_count": 76, "vote_count": 411, "vote_count_enneagram": 203, "vote_count_mbti": 411, "total_vote_counts": 830, "personality_type": "INFP - 4w5 - sp/sx - 459 - IEI - RLUAI - ELVF - Melancholic-Sanguine - IF(N)", "type_updated_date": "2022-12-12 11:54:49", "enneagram_vote": "", "enneagram_vote_id": 0, "mbti_vote": "", "mbti_vote_id": 0, "is_watching": false, "image_exists": false, "profile_image_url": "https://static1.personality-database.com/profile_images/682cf89a8a3f4fdcb951eee78ec51259.png", "profile_image_credit": "", "profile_image_credit_id": 403986, "profile_image_credit_type": "0", "profile_image_credit_url": "", "alt_subcategory": "", "related_subcategories": "", "cat_id": 3, "category": "Movies", "category_is_fictional": true, "sub_cat_id": 1515, "subcategory": "The Before Trilogy", "subcat_link_info": {"sub_cat_id": 1515, "cat_id": 3, "property_id": 2, "subcategory": "The Before Trilogy"}, "related_subcat_link_info": null, "related_profiles": [{"id": 11357, "mbti_profile": "Jesse Wallace", "subcategory": "The Before Trilogy", "profile_image_url": "https://static1.personality-database.com/profile_images/846c5bc114cf4ee2be9a79f6e6da63dc.png", "profile_name": "Jesse Wallace", "profile_subcat": "The Before Trilogy", "sub_cat_id": 1515, "cat_id": 3, "property_id": 2, "mbti": "ENTP", "enneatype": "7w8"}], "functions": ["Fi", "Ne", "Si", "Te"], "systems": [{"hex_color": "#888888", "id": 1, "personality_type": "XXXX", "personality_type_id": 0, "system_name": "Four Letter", "system_vote_count": 409, "user_vote_type_id": 0, "vote_id": 0}, {"hex_color": "#006775", "id": 2, "personality_type": "XXXX", "personality_type_id": 0, "system_name": "Enneagram", "system_vote_count": 202, "user_vote_type_id": 0, "vote_id": 0}, {"hex_color": "#006775", "id": 5, "personality_type": "XXXX", "personality_type_id": 0, "system_name": "Instinctual Variant", "system_vote_count": 68, "user_vote_type_id": 0, "vote_id": 0}, {"hex_color": "#006775", "id": 6, "personality_type": "XXXX", "personality_type_id": 0, "system_name": "Tritype", "system_vote_count": 52, "user_vote_type_id": 0, "vote_id": 0}, {"hex_color": "#888888", "id": 3, "personality_type": "XXXX", "personality_type_id": 0, "system_name": "Socionics", "system_vote_count": 33, "user_vote_type_id": 0, "vote_id": 0}, {"hex_color": "#888888", "id": 9, "personality_type": "XXXX", "personality_type_id": 0, "system_name": "Big 5 (SLOAN)", "system_vote_count": 13, "user_vote_type_id": 0, "vote_id": 0}, {"hex_color": "#888888", "id": 8, "personality_type": "XXXX", "personality_type_id": 0, "system_name": "Attitudinal Psyche", "system_vote_count": 11, "user_vote_type_id": 0, "vote_id": 0}, {"hex_color": "#888888", "id": 7, "personality_type": "XXXX", "personality_type_id": 0, "system_name": "Temperaments", "system_vote_count": 32, "user_vote_type_id": 0, "vote_id": 0}, {"hex_color": "#888888", "id": 11, "personality_type": "XXXX", "personality_type_id": 0, "system_name": "Classic Jungian", "system_vote_count": 2, "user_vote_type_id": 0, "vote_id": 0}], "breakdown_systems": {"1": [{"myValue": "INFP", "personality_system_id": 1, "personality_type": "INFP", "theCount": 329}, {"myValue": "INFJ", "personality_system_id": 1, "personality_type": "INFJ", "theCount": 48}, {"myValue": "ENFP", "personality_system_id": 1, "personality_type": "ENFP", "theCount": 14}, {"myValue": "ISFP", "personality_system_id": 1, "personality_type": "ISFP", "theCount": 11}, {"myValue": "ENFJ", "personality_system_id": 1, "personality_type": "ENFJ", "theCount": 3}, {"myValue": "ISFJ", "personality_system_id": 1, "personality_type": "ISFJ", "theCount": 3}, {"myValue": "INTP", "personality_system_id": 1, "personality_type": "INTP", "theCount": 1}], "11": [{"myValue": "IF(N)", "personality_system_id": 11, "personality_type": "IF(N)", "theCount": 2}], "2": [{"myValue": "4w5", "personality_system_id": 2, "personality_type": "4w5", "theCount": 190}, {"myValue": "4w3", "personality_system_id": 2, "personality_type": "4w3", "theCount": 5}, {"myValue": "2w1", "personality_system_id": 2, "personality_type": "2w1", "theCount": 2}, {"myValue": "9w1", "personality_system_id": 2, "personality_type": "9w1", "theCount": 2}, {"myValue": "6w5", "personality_system_id": 2, "personality_type": "6w5", "theCount": 1}, {"myValue": "6w7", "personality_system_id": 2, "personality_type": "6w7", "theCount": 1}, {"myValue": "7w8", "personality_system_id": 2, "personality_type": "7w8", "theCount": 1}], "3": [{"myValue": "IEI", "personality_system_id": 3, "personality_type": "IEI", "theCount": 22}, {"myValue": "EII", "personality_system_id": 3, "personality_type": "EII", "theCount": 9}, {"myValue": "IEE", "personality_system_id": 3, "personality_type": "IEE", "theCount": 1}, {"myValue": "SEI", "personality_system_id": 3, "personality_type": "SEI", "theCount": 1}], "4": [{"myValue": "Neutral Good", "personality_system_id": 4, "personality_type": "Neutral Good", "theCount": 8}], "5": [{"myValue": "sp/sx", "personality_system_id": 5, "personality_type": "sp/sx", "theCount": 30}, {"myValue": "sx/sp", "personality_system_id": 5, "personality_type": "sx/sp", "theCount": 20}, {"myValue": "so/sp", "personality_system_id": 5, "personality_type": "so/sp", "theCount": 9}, {"myValue": "sp/so", "personality_system_id": 5, "personality_type": "sp/so", "theCount": 7}, {"myValue": "sx/so", "personality_system_id": 5, "personality_type": "sx/so", "theCount": 2}], "6": [{"myValue": "459", "personality_system_id": 6, "personality_type": "459", "theCount": 26}, {"myValue": "461", "personality_system_id": 6, "personality_type": "461", "theCount": 9}, {"myValue": "451", "personality_system_id": 6, "personality_type": "451", "theCount": 5}, {"myValue": "469", "personality_system_id": 6, "personality_type": "469", "theCount": 5}, {"myValue": "496", "personality_system_id": 6, "personality_type": "496", "theCount": 2}, {"myValue": "259", "personality_system_id": 6, "personality_type": "259", "theCount": 1}, {"myValue": "416", "personality_system_id": 6, "personality_type": "416", "theCount": 1}, {"myValue": "458", "personality_system_id": 6, "personality_type": "458", "theCount": 1}, {"myValue": "495", "personality_system_id": 6, "personality_type": "495", "theCount": 1}, {"myValue": "497", "personality_system_id": 6, "personality_type": "497", "theCount": 1}], "7": [{"myValue": "Melancholic-Sanguine", "personality_system_id": 7, "personality_type": "Melancholic-Sanguine", "theCount": 24}, {"myValue": "Melancholic [Dominant]", "personality_system_id": 7, "personality_type": "Melancholic [Dominant]", "theCount": 5}, {"myValue": "Melancholic-Choleric", "personality_system_id": 7, "personality_type": "Melancholic-Choleric", "theCount": 1}, {"myValue": "Melancholic-Phlegmatic", "personality_system_id": 7, "personality_type": "Melancholic-Phlegmatic", "theCount": 1}, {"myValue": "Phlegmatic-Sanguine", "personality_system_id": 7, "personality_type": "Phlegmatic-Sanguine", "theCount": 1}], "8": [{"myValue": "ELVF", "personality_system_id": 8, "personality_type": "ELVF", "theCount": 8}, {"myValue": "LEVF", "personality_system_id": 8, "personality_type": "LEVF", "theCount": 2}, {"myValue": "ELFV", "personality_system_id": 8, "personality_type": "ELFV", "theCount": 1}], "9": [{"myValue": "RLUAI", "personality_system_id": 9, "personality_type": "RLUAI", "theCount": 12}, {"myValue": "SLUAI", "personality_system_id": 9, "personality_type": "SLUAI", "theCount": 1}]}, "breakdown_config": {"expand": {"1": 3, "11": 1, "2": 3, "3": 1, "4": 1, "5": 2, "6": 1, "7": 1, "8": 1, "9": 1}, "fire": {"1": 0, "11": 0, "2": 0, "3": 0, "4": 0, "5": 1, "6": 0, "7": 0, "8": 0, "9": 0}}, "mbti_letter_stats": [{"type": "I", "percentage": "96%", "PercentageFloat": 0.9584352078239609}, {"type": "N", "percentage": "97%", "PercentageFloat": 0.9657701711491442}, {"type": "F", "percentage": "100%", "PercentageFloat": 0.9975550122249389}, {"type": "P", "percentage": "87%", "PercentageFloat": 0.8679706601466992}], "topic_info": {"can_generate": false, "topic": {"description": "Portrayed by  #JulieDelpy.", "follow_count": 0, "id": 10606, "is_following": false, "is_join_pending": false, "is_banned": false, "is_moderated": false, "name_readable": "C\u00e9line", "post_count": 11, "source_profile_id": 11358, "source_type": "profile", "join_to_post": false, "can_pin": false, "related_topics": [{"description": "Portrayed by  #JulieDelpy.", "follow_count": 0, "id": 10606, "is_following": false, "is_join_pending": false, "is_banned": false, "is_moderated": false, "name_readable": "C\u00e9line", "post_count": 11, "source_profile_id": 11358, "source_type": "profile", "image": {"picURL": "https://static1.personality-database.com/profile_images/682cf89a8a3f4fdcb951eee78ec51259.png"}, "join_to_post": false, "can_pin": false}, {"description": "#EthanHawke as Jesse", "follow_count": 0, "id": 10605, "is_following": false, "is_join_pending": false, "is_banned": false, "is_moderated": false, "name_readable": "Jesse Wallace", "post_count": 1, "source_profile_id": 11357, "source_type": "profile", "image": {"picURL": "https://static1.personality-database.com/profile_images/846c5bc114cf4ee2be9a79f6e6da63dc.png"}, "join_to_post": false, "can_pin": false}], "subcategory": "The Before Trilogy", "topic_image_url": "https://static1.personality-database.com/profile_images/682cf89a8a3f4fdcb951eee78ec51259.png", "source_location": {"cid": 3, "pid": 2, "sub_cat_id": 1515}, "can_post_image": false, "can_post_audio": false, "posts": {"posts": [{"username": "ENTGod", "user_pic_path": "", "user_personality_type": "ENTJ-8w7-873", "is_mod": false, "comment_count": 1, "reply_count": 1, "vote_type": 0, "topics_list": [{"id": 10606, "name_readable": "C\u00e9line"}], "id": 1936047, "post_id": 1936047, "user_id": 1445674, "title": "", "content": "If your introvert doesn't speak to you nonstop, you're not soulmates.\n\nTheir auxiliary extroverted function is dying to burst forth truthfully in the safe space of your emotional comfort. In her case, she spills all her Ne for Jesse's Ti, because she trusts he'll understand, and never be overwhelmed, so her Fi filter comes loose. \n\nGreatest couple in fiction.", "create_date": 1670872061000, "unix_timestamp": 1670872061000, "update_date": 1670872061000, "vote_count": 16, "vote_count_down": 0, "is_reported": 1, "is_hidden": false, "is_pinned": false, "is_watching": false, "is_pro_user": false, "images": null, "audios": null, "function_list": [], "type": "post"}, {"username": "AyakoJaskolski", "user_pic_path": "https://lh3.googleusercontent.com/a-/AOh14Gj_TiJ4aUz6fDV1neL9eznjEcf1cSuk9yzmxBGO=s96-c", "user_personality_type": "INFP", "is_mod": false, "comment_count": 0, "reply_count": 0, "vote_type": 0, "topics_list": [{"id": 10606, "name_readable": "C\u00e9line"}], "id": 1931875, "post_id": 1931875, "user_id": 595737, "title": "", "content": "Amazing writer, I agree with him about the jews", "create_date": 1670859458000, "unix_timestamp": 1670859458000, "update_date": 1670859458000, "vote_count": 0, "vote_count_down": 0, "is_reported": 1, "is_hidden": false, "is_pinned": false, "is_watching": false, "is_pro_user": false, "images": null, "audios": null, "function_list": [], "type": "post"}, {"username": "4ashee", "user_pic_path": "https://static1.personality-database.com/user_avatars/1596931/42f6b1cc-531c-4757-ae40-ef79a74c37f8_small.jpeg", "user_personality_type": "INFP-496", "is_mod": false, "comment_count": 0, "reply_count": 0, "vote_type": 0, "topics_list": [{"id": 10606, "name_readable": "C\u00e9line"}], "id": 1910982, "post_id": 1910982, "user_id": 1596931, "title": "", "content": "For me she use a lot of Si !!  Why not Si dom ??", "create_date": 1670701650000, "unix_timestamp": 1670701650000, "update_date": 1670701650000, "vote_count": 0, "vote_count_down": 0, "is_reported": 0, "is_hidden": false, "is_pinned": false, "is_watching": false, "is_pro_user": false, "images": null, "audios": null, "function_list": [], "type": "post"}]}}}}