{"id": 11555, "mbti_profile": "Patrick Bateman", "profile_name_searchable": "patrickbateman", "allow_commenting": true, "allow_voting": true, "user_id": 15014, "contributor": "Vigilante", "contributor_create_date": "2018-04-23 19:09:31", "contributor_pic_path": "https://lh3.googleusercontent.com/a-/AOh14Gg9JNCkcuOLB8hWBwT2QpW7B73BJF197RGvSxZ-=s96-c", "display_order": 1000, "edit_lock": 0, "edit_lock_picture": 1, "is_active": true, "is_approved": true, "mbti_enneagram_type": "ENTJ 3w4", "mbti_type": "ENTJ 3w4", "pdb_comment_access": true, "pdb_page_owner": 0, "pdb_public_access": true, "wiki_description": "Patrick Bateman is the protagonist of American Psycho. A wealthy, materialistic, and narcissistic Wall Street investment banker who exhibits a double life as a serial killer.", "watch_count": 2556, "comment_count": 1610, "vote_count": 2362, "vote_count_enneagram": 1336, "vote_count_mbti": 2362, "total_vote_counts": 6005, "personality_type": "ENTJ - 3w4 - so/sp - 386 - SLE - SLOEN - FLVE - Choleric-Melancholic - ET(S)", "type_updated_date": "2022-11-17 18:23:31", "enneagram_vote": "", "enneagram_vote_id": 0, "mbti_vote": "", "mbti_vote_id": 0, "is_watching": false, "image_exists": false, "profile_image_url": "https://static1.personality-database.com/profile_images/168fad2ffa1542f2bfa249b48a8b4d75.png", "profile_image_credit": "", "profile_image_credit_id": 368168, "profile_image_credit_type": "0", "profile_image_credit_url": "", "alt_subcategory": "", "related_subcategories": "", "cat_id": 3, "category": "Movies", "category_is_fictional": true, "sub_cat_id": 1517, "subcategory": "American Psycho (2000)", "subcat_link_info": {"sub_cat_id": 1517, "cat_id": 3, "property_id": 2, "subcategory": "American Psycho (2000)"}, "related_subcat_link_info": null, "related_profiles": [{"id": 11556, "mbti_profile": "Paul Allen", "subcategory": "American Psycho (2000)", "profile_image_url": "https://static1.personality-database.com/profile_images/5945ac82fb344b12bee786d81c9e09ea.png", "profile_name": "Paul Allen", "profile_subcat": "American Psycho (2000)", "sub_cat_id": 1517, "cat_id": 3, "property_id": 2, "mbti": "ESFP", "enneatype": "7w6"}, {"id": 11560, "mbti_profile": "Jean", "subcategory": "American Psycho (2000)", "profile_image_url": "https://static1.personality-database.com/profile_images/6458a5d5dd514d97987b22054c079d1b.png", "profile_name": "Jean", "profile_subcat": "American Psycho (2000)", "sub_cat_id": 1517, "cat_id": 3, "property_id": 2, "mbti": "ISFJ", "enneatype": "9w1"}, {"id": 11558, "mbti_profile": "Luis Carruthers", "subcategory": "American Psycho (2000)", "profile_image_url": "https://static1.personality-database.com/profile_images/bce2509e50da4c579ea094252d558c0c.png", "profile_name": "Luis Carruthers", "profile_subcat": "American Psycho (2000)", "sub_cat_id": 1517, "cat_id": 3, "property_id": 2, "mbti": "ESFJ", "enneatype": "7w6"}, {"id": 70568, "mbti_profile": "Christie", "subcategory": "American Psycho (2000)", "profile_image_url": "https://static1.personality-database.com/profile_images/b0df2a39be1e42729b28f456815cdb8f.png", "profile_name": "Christie", "profile_subcat": "American Psycho (2000)", "sub_cat_id": 1517, "cat_id": 3, "property_id": 2, "mbti": "ISTP", "enneatype": "6w7"}, {"id": 11557, "mbti_profile": "Evelyn Williams", "subcategory": "American Psycho (2000)", "profile_image_url": "https://static1.personality-database.com/profile_images/1d294b0b68ea4b1b89aac38afe98f13f.png", "profile_name": "Evelyn Williams", "profile_subcat": "American Psycho (2000)", "sub_cat_id": 1517, "cat_id": 3, "property_id": 2, "mbti": "ESFJ", "enneatype": "2w3"}, {"id": 11559, "mbti_profile": "Detective Donald Kimball", "subcategory": "American Psycho (2000)", "profile_image_url": "https://static1.personality-database.com/profile_images/3fe3bc8a0e0e47b3b01519aa01b25cfa.png", "profile_name": "Detective Donald Kimball", "profile_subcat": "American Psycho (2000)", "sub_cat_id": 1517, "cat_id": 3, "property_id": 2, "mbti": "ISTJ", "enneatype": "6w5"}, {"id": 184729, "mbti_profile": "David Van Patten", "subcategory": "American Psycho (2000)", "profile_image_url": "https://static1.personality-database.com/profile_images/dfbfe0c78fa441cfaf766b9ef6550c96.png", "profile_name": "David Van Patten", "profile_subcat": "American Psycho (2000)", "sub_cat_id": 1517, "cat_id": 3, "property_id": 2, "mbti": "ISTP", "enneatype": "3w4"}, {"id": 87680, "mbti_profile": "Timothy Bryce", "subcategory": "American Psycho (2000)", "profile_image_url": "https://static1.personality-database.com/profile_images/c4d42cc1102e42acba214a46831b35b6.png", "profile_name": "Timothy Bryce", "profile_subcat": "American Psycho (2000)", "sub_cat_id": 1517, "cat_id": 3, "property_id": 2, "mbti": "ESTP", "enneatype": "3w2"}], "functions": ["Te", "Ni", "Se", "Fi"], "systems": [{"hex_color": "#888888", "id": 1, "personality_type": "XXXX", "personality_type_id": 0, "system_name": "Four Letter", "system_vote_count": 2279, "user_vote_type_id": 0, "vote_id": 0}, {"hex_color": "#006775", "id": 2, "personality_type": "XXXX", "personality_type_id": 0, "system_name": "Enneagram", "system_vote_count": 1280, "user_vote_type_id": 0, "vote_id": 0}, {"hex_color": "#006775", "id": 5, "personality_type": "XXXX", "personality_type_id": 0, "system_name": "Instinctual Variant", "system_vote_count": 570, "user_vote_type_id": 0, "vote_id": 0}, {"hex_color": "#006775", "id": 6, "personality_type": "XXXX", "personality_type_id": 0, "system_name": "Tritype", "system_vote_count": 468, "user_vote_type_id": 0, "vote_id": 0}, {"hex_color": "#888888", "id": 3, "personality_type": "XXXX", "personality_type_id": 0, "system_name": "Socionics", "system_vote_count": 299, "user_vote_type_id": 0, "vote_id": 0}, {"hex_color": "#888888", "id": 9, "personality_type": "XXXX", "personality_type_id": 0, "system_name": "Big 5 (SLOAN)", "system_vote_count": 287, "user_vote_type_id": 0, "vote_id": 0}, {"hex_color": "#888888", "id": 8, "personality_type": "XXXX", "personality_type_id": 0, "system_name": "Attitudinal Psyche", "system_vote_count": 275, "user_vote_type_id": 0, "vote_id": 0}, {"hex_color": "#888888", "id": 7, "personality_type": "XXXX", "personality_type_id": 0, "system_name": "Temperaments", "system_vote_count": 384, "user_vote_type_id": 0, "vote_id": 0}, {"hex_color": "#888888", "id": 11, "personality_type": "XXXX", "personality_type_id": 0, "system_name": "Classic Jungian", "system_vote_count": 101, "user_vote_type_id": 0, "vote_id": 0}], "breakdown_systems": {"1": [{"myValue": "ENTJ", "personality_system_id": 1, "personality_type": "ENTJ", "theCount": 1258}, {"myValue": "ESTJ", "personality_system_id": 1, "personality_type": "ESTJ", "theCount": 780}, {"myValue": "ESTP", "personality_system_id": 1, "personality_type": "ESTP", "theCount": 97}, {"myValue": "INTJ", "personality_system_id": 1, "personality_type": "INTJ", "theCount": 43}, {"myValue": "ENTP", "personality_system_id": 1, "personality_type": "ENTP", "theCount": 26}, {"myValue": "ENFJ", "personality_system_id": 1, "personality_type": "ENFJ", "theCount": 18}, {"myValue": "INFP", "personality_system_id": 1, "personality_type": "INFP", "theCount": 14}, {"myValue": "ISTJ", "personality_system_id": 1, "personality_type": "ISTJ", "theCount": 10}, {"myValue": "ISTP", "personality_system_id": 1, "personality_type": "ISTP", "theCount": 8}, {"myValue": "INFJ", "personality_system_id": 1, "personality_type": "INFJ", "theCount": 6}, {"myValue": "ESFJ", "personality_system_id": 1, "personality_type": "ESFJ", "theCount": 5}, {"myValue": "ISFP", "personality_system_id": 1, "personality_type": "ISFP", "theCount": 5}, {"myValue": "ENFP", "personality_system_id": 1, "personality_type": "ENFP", "theCount": 3}, {"myValue": "ESFP", "personality_system_id": 1, "personality_type": "ESFP", "theCount": 3}, {"myValue": "INTP", "personality_system_id": 1, "personality_type": "INTP", "theCount": 2}, {"myValue": "ISFJ", "personality_system_id": 1, "personality_type": "ISFJ", "theCount": 1}], "11": [{"myValue": "ET(S)", "personality_system_id": 11, "personality_type": "ET(S)", "theCount": 43}, {"myValue": "ES(T)", "personality_system_id": 11, "personality_type": "ES(T)", "theCount": 35}, {"myValue": "ET(N)", "personality_system_id": 11, "personality_type": "ET(N)", "theCount": 15}, {"myValue": "EF(S)", "personality_system_id": 11, "personality_type": "EF(S)", "theCount": 3}, {"myValue": "EN(T)", "personality_system_id": 11, "personality_type": "EN(T)", "theCount": 3}, {"myValue": "IF(S)", "personality_system_id": 11, "personality_type": "IF(S)", "theCount": 1}, {"myValue": "IT(N)", "personality_system_id": 11, "personality_type": "IT(N)", "theCount": 1}], "2": [{"myValue": "3w4", "personality_system_id": 2, "personality_type": "3w4", "theCount": 1183}, {"myValue": "8w7", "personality_system_id": 2, "personality_type": "8w7", "theCount": 24}, {"myValue": "3w2", "personality_system_id": 2, "personality_type": "3w2", "theCount": 20}, {"myValue": "4w3", "personality_system_id": 2, "personality_type": "4w3", "theCount": 15}, {"myValue": "6w5", "personality_system_id": 2, "personality_type": "6w5", "theCount": 6}, {"myValue": "9w1", "personality_system_id": 2, "personality_type": "9w1", "theCount": 6}, {"myValue": "1w2", "personality_system_id": 2, "personality_type": "1w2", "theCount": 5}, {"myValue": "1w9", "personality_system_id": 2, "personality_type": "1w9", "theCount": 5}, {"myValue": "4w5", "personality_system_id": 2, "personality_type": "4w5", "theCount": 4}, {"myValue": "7w6", "personality_system_id": 2, "personality_type": "7w6", "theCount": 3}, {"myValue": "2w3", "personality_system_id": 2, "personality_type": "2w3", "theCount": 2}, {"myValue": "6w7", "personality_system_id": 2, "personality_type": "6w7", "theCount": 2}, {"myValue": "8w9", "personality_system_id": 2, "personality_type": "8w9", "theCount": 2}, {"myValue": "2w1", "personality_system_id": 2, "personality_type": "2w1", "theCount": 1}, {"myValue": "5w4", "personality_system_id": 2, "personality_type": "5w4", "theCount": 1}, {"myValue": "7w8", "personality_system_id": 2, "personality_type": "7w8", "theCount": 1}], "3": [{"myValue": "SLE", "personality_system_id": 3, "personality_type": "SLE", "theCount": 179}, {"myValue": "LSI", "personality_system_id": 3, "personality_type": "LSI", "theCount": 35}, {"myValue": "LIE", "personality_system_id": 3, "personality_type": "LIE", "theCount": 31}, {"myValue": "LSE", "personality_system_id": 3, "personality_type": "LSE", "theCount": 20}, {"myValue": "SEE", "personality_system_id": 3, "personality_type": "SEE", "theCount": 14}, {"myValue": "IEI", "personality_system_id": 3, "personality_type": "IEI", "theCount": 5}, {"myValue": "EIE", "personality_system_id": 3, "personality_type": "EIE", "theCount": 3}, {"myValue": "ILE", "personality_system_id": 3, "personality_type": "ILE", "theCount": 3}, {"myValue": "LII", "personality_system_id": 3, "personality_type": "LII", "theCount": 3}, {"myValue": "ESI", "personality_system_id": 3, "personality_type": "ESI", "theCount": 2}, {"myValue": "SLI", "personality_system_id": 3, "personality_type": "SLI", "theCount": 2}, {"myValue": "EII", "personality_system_id": 3, "personality_type": "EII", "theCount": 1}, {"myValue": "IEE", "personality_system_id": 3, "personality_type": "IEE", "theCount": 1}], "4": [{"myValue": "Chaotic Evil", "personality_system_id": 4, "personality_type": "Chaotic Evil", "theCount": 51}, {"myValue": "Neutral Evil", "personality_system_id": 4, "personality_type": "Neutral Evil", "theCount": 8}, {"myValue": "Chaotic Neutral", "personality_system_id": 4, "personality_type": "Chaotic Neutral", "theCount": 1}, {"myValue": "Lawful Evil", "personality_system_id": 4, "personality_type": "Lawful Evil", "theCount": 1}, {"myValue": "Lawful Good", "personality_system_id": 4, "personality_type": "Lawful Good", "theCount": 1}], "5": [{"myValue": "so/sp", "personality_system_id": 5, "personality_type": "so/sp", "theCount": 430}, {"myValue": "so/sx", "personality_system_id": 5, "personality_type": "so/sx", "theCount": 60}, {"myValue": "sp/so", "personality_system_id": 5, "personality_type": "sp/so", "theCount": 32}, {"myValue": "sx/sp", "personality_system_id": 5, "personality_type": "sx/sp", "theCount": 21}, {"myValue": "sx/so", "personality_system_id": 5, "personality_type": "sx/so", "theCount": 18}, {"myValue": "sp/sx", "personality_system_id": 5, "personality_type": "sp/sx", "theCount": 9}], "6": [{"myValue": "386", "personality_system_id": 6, "personality_type": "386", "theCount": 272}, {"myValue": "368", "personality_system_id": 6, "personality_type": "368", "theCount": 68}, {"myValue": "385", "personality_system_id": 6, "personality_type": "385", "theCount": 26}, {"myValue": "387", "personality_system_id": 6, "personality_type": "387", "theCount": 25}, {"myValue": "316", "personality_system_id": 6, "personality_type": "316", "theCount": 16}, {"myValue": "378", "personality_system_id": 6, "personality_type": "378", "theCount": 9}, {"myValue": "361", "personality_system_id": 6, "personality_type": "361", "theCount": 6}, {"myValue": "126", "personality_system_id": 6, "personality_type": "126", "theCount": 3}, {"myValue": "136", "personality_system_id": 6, "personality_type": "136", "theCount": 3}, {"myValue": "145", "personality_system_id": 6, "personality_type": "145", "theCount": 3}, {"myValue": "315", "personality_system_id": 6, "personality_type": "315", "theCount": 3}, {"myValue": "369", "personality_system_id": 6, "personality_type": "369", "theCount": 3}, {"myValue": "379", "personality_system_id": 6, "personality_type": "379", "theCount": 3}, {"myValue": "396", "personality_system_id": 6, "personality_type": "396", "theCount": 3}, {"myValue": "468", "personality_system_id": 6, "personality_type": "468", "theCount": 3}, {"myValue": "317", "personality_system_id": 6, "personality_type": "317", "theCount": 2}, {"myValue": "358", "personality_system_id": 6, "personality_type": "358", "theCount": 2}, {"myValue": "836", "personality_system_id": 6, "personality_type": "836", "theCount": 2}, {"myValue": "863", "personality_system_id": 6, "personality_type": "863", "theCount": 2}, {"myValue": "127", "personality_system_id": 6, "personality_type": "127", "theCount": 1}, {"myValue": "137", "personality_system_id": 6, "personality_type": "137", "theCount": 1}, {"myValue": "146", "personality_system_id": 6, "personality_type": "146", "theCount": 1}, {"myValue": "278", "personality_system_id": 6, "personality_type": "278", "theCount": 1}, {"myValue": "351", "personality_system_id": 6, "personality_type": "351", "theCount": 1}, {"myValue": "415", "personality_system_id": 6, "personality_type": "415", "theCount": 1}, {"myValue": "416", "personality_system_id": 6, "personality_type": "416", "theCount": 1}, {"myValue": "486", "personality_system_id": 6, "personality_type": "486", "theCount": 1}, {"myValue": "538", "personality_system_id": 6, "personality_type": "538", "theCount": 1}, {"myValue": "613", "personality_system_id": 6, "personality_type": "613", "theCount": 1}, {"myValue": "638", "personality_system_id": 6, "personality_type": "638", "theCount": 1}, {"myValue": "684", "personality_system_id": 6, "personality_type": "684", "theCount": 1}, {"myValue": "694", "personality_system_id": 6, "personality_type": "694", "theCount": 1}, {"myValue": "835", "personality_system_id": 6, "personality_type": "835", "theCount": 1}], "7": [{"myValue": "Choleric-Melancholic", "personality_system_id": 7, "personality_type": "Choleric-Melancholic", "theCount": 261}, {"myValue": "Choleric [Dominant]", "personality_system_id": 7, "personality_type": "Choleric [Dominant]", "theCount": 72}, {"myValue": "Choleric-Sanguine", "personality_system_id": 7, "personality_type": "Choleric-Sanguine", "theCount": 20}, {"myValue": "Choleric-Phlegmatic", "personality_system_id": 7, "personality_type": "Choleric-Phlegmatic", "theCount": 11}, {"myValue": "Melancholic-Choleric", "personality_system_id": 7, "personality_type": "Melancholic-Choleric", "theCount": 7}, {"myValue": "Phlegmatic-Choleric", "personality_system_id": 7, "personality_type": "Phlegmatic-Choleric", "theCount": 3}, {"myValue": "Sanguine-Choleric", "personality_system_id": 7, "personality_type": "Sanguine-Choleric", "theCount": 3}, {"myValue": "Melancholic [Dominant]", "personality_system_id": 7, "personality_type": "Melancholic [Dominant]", "theCount": 2}, {"myValue": "Sanguine [Dominant]", "personality_system_id": 7, "personality_type": "Sanguine [Dominant]", "theCount": 2}, {"myValue": "Melancholic-Phlegmatic", "personality_system_id": 7, "personality_type": "Melancholic-Phlegmatic", "theCount": 1}, {"myValue": "Melancholic-Sanguine", "personality_system_id": 7, "personality_type": "Melancholic-Sanguine", "theCount": 1}, {"myValue": "Phlegmatic [Dominant]", "personality_system_id": 7, "personality_type": "Phlegmatic [Dominant]", "theCount": 1}], "8": [{"myValue": "FLVE", "personality_system_id": 8, "personality_type": "FLVE", "theCount": 165}, {"myValue": "VLFE", "personality_system_id": 8, "personality_type": "VLFE", "theCount": 50}, {"myValue": "VFLE", "personality_system_id": 8, "personality_type": "VFLE", "theCount": 17}, {"myValue": "FVLE", "personality_system_id": 8, "personality_type": "FVLE", "theCount": 10}, {"myValue": "LFVE", "personality_system_id": 8, "personality_type": "LFVE", "theCount": 7}, {"myValue": "EVFL", "personality_system_id": 8, "personality_type": "EVFL", "theCount": 5}, {"myValue": "VFEL", "personality_system_id": 8, "personality_type": "VFEL", "theCount": 5}, {"myValue": "FEVL", "personality_system_id": 8, "personality_type": "FEVL", "theCount": 4}, {"myValue": "FVEL", "personality_system_id": 8, "personality_type": "FVEL", "theCount": 4}, {"myValue": "EFVL", "personality_system_id": 8, "personality_type": "EFVL", "theCount": 3}, {"myValue": "FLEV", "personality_system_id": 8, "personality_type": "FLEV", "theCount": 1}, {"myValue": "LEVF", "personality_system_id": 8, "personality_type": "LEVF", "theCount": 1}, {"myValue": "LVFE", "personality_system_id": 8, "personality_type": "LVFE", "theCount": 1}, {"myValue": "VEFL", "personality_system_id": 8, "personality_type": "VEFL", "theCount": 1}, {"myValue": "VLEF", "personality_system_id": 8, "personality_type": "VLEF", "theCount": 1}], "9": [{"myValue": "SLOEN", "personality_system_id": 9, "personality_type": "SLOEN", "theCount": 184}, {"myValue": "SLOEI", "personality_system_id": 9, "personality_type": "SLOEI", "theCount": 60}, {"myValue": "RLOEN", "personality_system_id": 9, "personality_type": "RLOEN", "theCount": 8}, {"myValue": "SCOEN", "personality_system_id": 9, "personality_type": "SCOEN", "theCount": 7}, {"myValue": "SCOEI", "personality_system_id": 9, "personality_type": "SCOEI", "theCount": 5}, {"myValue": "SCOAN", "personality_system_id": 9, "personality_type": "SCOAN", "theCount": 4}, {"myValue": "RCOAI", "personality_system_id": 9, "personality_type": "RCOAI", "theCount": 3}, {"myValue": "SCUAI", "personality_system_id": 9, "personality_type": "SCUAI", "theCount": 3}, {"myValue": "RCOEI", "personality_system_id": 9, "personality_type": "RCOEI", "theCount": 2}, {"myValue": "SLOAI", "personality_system_id": 9, "personality_type": "SLOAI", "theCount": 2}, {"myValue": "SLUEN", "personality_system_id": 9, "personality_type": "SLUEN", "theCount": 2}, {"myValue": "RCOEN", "personality_system_id": 9, "personality_type": "RCOEN", "theCount": 1}, {"myValue": "RLOAI", "personality_system_id": 9, "personality_type": "RLOAI", "theCount": 1}, {"myValue": "RLOAN", "personality_system_id": 9, "personality_type": "RLOAN", "theCount": 1}, {"myValue": "RLOEI", "personality_system_id": 9, "personality_type": "RLOEI", "theCount": 1}, {"myValue": "RLUAI", "personality_system_id": 9, "personality_type": "RLUAI", "theCount": 1}, {"myValue": "RLUAN", "personality_system_id": 9, "personality_type": "RLUAN", "theCount": 1}, {"myValue": "SCUAN", "personality_system_id": 9, "personality_type": "SCUAN", "theCount": 1}]}, "breakdown_config": {"expand": {"1": 3, "11": 2, "2": 3, "3": 1, "4": 1, "5": 1, "6": 1, "7": 1, "8": 1, "9": 1}, "fire": {"1": 1, "11": 1, "2": 0, "3": 0, "4": 0, "5": 0, "6": 0, "7": 0, "8": 0, "9": 0}}, "mbti_letter_stats": [{"type": "E", "percentage": "96%", "PercentageFloat": 0.9609477841158403}, {"type": "N", "percentage": "60%", "PercentageFloat": 0.6011408512505485}, {"type": "T", "percentage": "98%", "PercentageFloat": 0.9758666081614743}, {"type": "J", "percentage": "93%", "PercentageFloat": 0.9306713470820536}], "topic_info": {"can_generate": false, "topic": {"description": "Patrick Bateman (Portrayed by #ChristianBale) is a fictional character and the villain protagonist, as well as the narrator, of the novel American Psycho by Bret Easton Ellis, and its film adaptation. He is a wealthy, materialistic, and narcissistic Wall Street investment banker who exhibits a double life as a serial killer.", "follow_count": 24, "id": 10721, "is_following": false, "is_join_pending": false, "is_banned": false, "is_moderated": false, "name_readable": "Patrick Bateman", "post_count": 214, "source_profile_id": 11555, "source_type": "profile", "join_to_post": false, "can_pin": false, "related_topics": [{"description": "Patrick Bateman (Portrayed by #ChristianBale) is a fictional character and the villain protagonist, as well as the narrator, of the novel American Psycho by Bret Easton Ellis, and its film adaptation. He is a wealthy, materialistic, and narcissistic Wall Street investment banker who exhibits a double life as a serial killer.", "follow_count": 24, "id": 10721, "is_following": false, "is_join_pending": false, "is_banned": false, "is_moderated": false, "name_readable": "Patrick Bateman", "post_count": 214, "source_profile_id": 11555, "source_type": "profile", "image": {"picURL": "https://static1.personality-database.com/profile_images/168fad2ffa1542f2bfa249b48a8b4d75.png"}, "join_to_post": false, "can_pin": false}, {"description": "", "follow_count": 1, "id": 10726, "is_following": false, "is_join_pending": false, "is_banned": false, "is_moderated": false, "name_readable": "Jean", "post_count": 3, "source_profile_id": 11560, "source_type": "profile", "image": {"picURL": "https://static1.personality-database.com/profile_images/6458a5d5dd514d97987b22054c079d1b.png"}, "join_to_post": false, "can_pin": false}, {"description": "", "follow_count": 0, "id": 10722, "is_following": false, "is_join_pending": false, "is_banned": false, "is_moderated": false, "name_readable": "Paul Allen", "post_count": 3, "source_profile_id": 11556, "source_type": "profile", "image": {"picURL": "https://static1.personality-database.com/profile_images/5945ac82fb344b12bee786d81c9e09ea.png"}, "join_to_post": false, "can_pin": false}, {"description": "", "follow_count": 0, "id": 10724, "is_following": false, "is_join_pending": false, "is_banned": false, "is_moderated": false, "name_readable": "Luis Carruthers", "post_count": 2, "source_profile_id": 11558, "source_type": "profile", "image": {"picURL": "https://static1.personality-database.com/profile_images/bce2509e50da4c579ea094252d558c0c.png"}, "join_to_post": false, "can_pin": false}, {"description": "", "follow_count": 0, "id": 71004, "is_following": false, "is_join_pending": false, "is_banned": false, "is_moderated": false, "name_readable": "Timothy Bryce", "post_count": 2, "source_profile_id": 87680, "source_type": "profile", "image": {"picURL": "https://static1.personality-database.com/profile_images/c4d42cc1102e42acba214a46831b35b6.png"}, "join_to_post": false, "can_pin": false}, {"description": "", "follow_count": 0, "id": 10725, "is_following": false, "is_join_pending": false, "is_banned": false, "is_moderated": false, "name_readable": "Detective Donald Kimball", "post_count": 1, "source_profile_id": 11559, "source_type": "profile", "image": {"picURL": "https://static1.personality-database.com/profile_images/3fe3bc8a0e0e47b3b01519aa01b25cfa.png"}, "join_to_post": false, "can_pin": false}, {"description": "The fake personality that Bateman puts on to appear human", "follow_count": 0, "id": 338582, "is_following": false, "is_join_pending": false, "is_banned": false, "is_moderated": false, "name_readable": "Patrick Bateman (Persona)", "post_count": 0, "source_profile_id": 502336, "source_type": "profile", "image": {"picURL": "https://static1.personality-database.com/profile_images/a69ea5046d8a4802bf4fb48dc37796a9.png"}, "join_to_post": false, "can_pin": false}, {"description": "", "follow_count": 0, "id": 10723, "is_following": false, "is_join_pending": false, "is_banned": false, "is_moderated": false, "name_readable": "Evelyn Williams", "post_count": 0, "source_profile_id": 11557, "source_type": "profile", "image": {"picURL": "https://static1.personality-database.com/profile_images/1d294b0b68ea4b1b89aac38afe98f13f.png"}, "join_to_post": false, "can_pin": false}, {"description": "", "follow_count": 0, "id": 57297, "is_following": false, "is_join_pending": false, "is_banned": false, "is_moderated": false, "name_readable": "Christie", "post_count": 0, "source_profile_id": 70568, "source_type": "profile", "image": {"picURL": "https://static1.personality-database.com/profile_images/b0df2a39be1e42729b28f456815cdb8f.png"}, "join_to_post": false, "can_pin": false}, {"description": "", "follow_count": 0, "id": 163327, "is_following": false, "is_join_pending": false, "is_banned": false, "is_moderated": false, "name_readable": "Craig McDermott", "post_count": 0, "source_profile_id": 211495, "source_type": "profile", "image": {"picURL": "https://static1.personality-database.com/profile_images/dd4a45ab9e454d5ca6dfc5582499c388.png"}, "join_to_post": false, "can_pin": false}, {"description": "", "follow_count": 0, "id": 142150, "is_following": false, "is_join_pending": false, "is_banned": false, "is_moderated": false, "name_readable": "David Van Patten", "post_count": 0, "source_profile_id": 184729, "source_type": "profile", "image": {"picURL": "https://static1.personality-database.com/profile_images/dfbfe0c78fa441cfaf766b9ef6550c96.png"}, "join_to_post": false, "can_pin": false}, {"description": "", "follow_count": 0, "id": 146570, "is_following": false, "is_join_pending": false, "is_banned": false, "is_moderated": false, "name_readable": "Courtney Rawlinson", "post_count": 0, "source_profile_id": 189990, "source_type": "profile", "image": {"picURL": "https://static1.personality-database.com/profile_images/dc7d04d81cbb49b58d152c948ea93bfa.png"}, "join_to_post": false, "can_pin": false}, {"description": "", "follow_count": 0, "id": 214083, "is_following": false, "is_join_pending": false, "is_banned": false, "is_moderated": false, "name_readable": "Elizabeth", "post_count": 0, "source_profile_id": 279700, "source_type": "profile", "image": {"picURL": "https://static1.personality-database.com/profile_images/9de47362b7914763a4bd1898855a20ad.png"}, "join_to_post": false, "can_pin": false}], "subcategory": "American Psycho (2000)", "topic_image_url": "https://static1.personality-database.com/profile_images/168fad2ffa1542f2bfa249b48a8b4d75.png", "source_location": {"cid": 3, "pid": 2, "sub_cat_id": 1517}, "can_post_image": false, "can_post_audio": false, "posts": {"posts": [{"username": "nickoname", "user_pic_path": "https://static1.personality-database.com/user_avatars/1201851/2adc636f-b7a1-4d17-9aec-0586cd1f45d1_small.jpeg", "user_personality_type": "", "is_mod": false, "comment_count": 0, "reply_count": 0, "vote_type": 0, "topics_list": [{"id": 10721, "name_readable": "Patrick Bateman"}], "id": 2160066, "post_id": 2160066, "user_id": 1201851, "title": "", "content": "This is me. Literally me. No other character can come close to relating to me like this. There is no way you can convince me this is not me. This character could not possibly be anymore me. It's me, and nobody can convince me otherwise. If anyone approached me on the topic of this not possibly being me, then I immediately shut them down with overwhelming evidence that this character is me. This character is me, it is indisputable. Why anyone would try to argue that this character is not me is beyond me. If you held two pictures of me and this character side by side, you'd see no difference. I can safely look at this character every day and say \"Yup, that's me\". I can practically see this character every time I look at myself in the mirror. I go outside and people stop me to comment how similar I look and act to this character. I chuckle softly as I'm assured everyday this character is me in every way. I can smile each time I get out of bed every morning knowing that I've found my identity with this character and I know my place in this world. It's really quite funny how similar this character is to me, it's almost like we're identical twins. When I first saw this character, I had an existential crisis. What if this character was the real me and I was the fictional being. What if this character actual became aware of my existence? Did this character have the ability to become self aware itself?", "create_date": 1673382043000, "unix_timestamp": 1673382043000, "update_date": 1673382043000, "vote_count": 1, "vote_count_down": 0, "is_reported": 0, "is_hidden": false, "is_pinned": false, "is_watching": false, "is_pro_user": false, "images": null, "audios": null, "function_list": [], "type": "post"}, {"username": "eliza", "user_pic_path": "https://lh3.googleusercontent.com/a-/AOh14GioUGza8fly8_NMlbnsx-SeBWdikCi5lFjuuvtx=s96-c", "user_personality_type": "ISTP-8w9", "is_mod": false, "comment_count": 0, "reply_count": 0, "vote_type": 0, "topics_list": [{"id": 10721, "name_readable": "Patrick Bateman"}], "id": 2117639, "post_id": 2117639, "user_id": 726695, "title": "", "content": "the book is so good", "create_date": 1672960100000, "unix_timestamp": 1672960100000, "update_date": 1672960100000, "vote_count": 5, "vote_count_down": 0, "is_reported": 0, "is_hidden": false, "is_pinned": false, "is_watching": false, "is_pro_user": false, "images": null, "audios": null, "function_list": [], "type": "post"}, {"username": "Relia", "user_pic_path": "https://static1.personality-database.com/user_avatars/1650455/ff627905-a907-4dea-b295-abd3e919e68e_small.jpeg", "user_personality_type": "ENTP-8w7-847", "is_mod": false, "comment_count": 0, "reply_count": 0, "vote_type": 0, "topics_list": [{"id": 10721, "name_readable": "Patrick Bateman"}], "id": 2164116, "post_id": 2164116, "user_id": 1650455, "title": "", "content": "ofc guys \ud83d\ude35\ud83d\ude35\ud83d\ude35\ud83d\ude35\ud83d\ude35", "create_date": 1672762982000, "unix_timestamp": 1672762982000, "update_date": 1672762982000, "vote_count": 0, "vote_count_down": 1, "is_reported": 1, "is_hidden": false, "is_pinned": false, "is_watching": false, "is_pro_user": false, "images": null, "audios": null, "function_list": [], "type": "post"}]}}}}