{"id": 1156, "mbti_profile": "Haymitch Abernathy", "profile_name_searchable": "haymitchabernathy", "allow_commenting": true, "allow_voting": true, "user_id": 0, "contributor": "the nameless", "contributor_create_date": "2015-08-20 16:09:47", "contributor_pic_path": "https://www.personality-database.com/images/profile_transparent.png", "display_order": 0, "edit_lock": 0, "edit_lock_picture": 0, "is_active": true, "is_approved": true, "mbti_enneagram_type": "INTP 5w6", "mbti_type": "INTP 5w6", "pdb_comment_access": true, "pdb_page_owner": 0, "pdb_public_access": true, "wiki_description": "Haymitch Abernathy was the only living Hunger Games victor from District 12, having won the second Quarter Quell, before Katniss Everdeen and Peeta Mellark won the 74th Hunger Games under his mentorship.\n\n#WoodyHarrelson", "watch_count": 713, "comment_count": 81, "vote_count": 513, "vote_count_enneagram": 189, "vote_count_mbti": 513, "total_vote_counts": 916, "personality_type": "INTP - 5w6 - sp/so - 583 - ILE - SCUEI - VFLE - Melancholic-Choleric - IN(T)", "type_updated_date": "2022-12-29 16:41:46", "enneagram_vote": "", "enneagram_vote_id": 0, "mbti_vote": "", "mbti_vote_id": 0, "is_watching": false, "image_exists": false, "profile_image_url": "https://static1.personality-database.com/profile_images/a5d118d82c0c46a4a573a9bc485a80ae.png", "profile_image_credit": "", "profile_image_credit_id": 0, "profile_image_credit_type": "0", "profile_image_credit_url": "", "alt_subcategory": "", "related_subcategories": "", "cat_id": 3, "category": "Movies", "category_is_fictional": true, "sub_cat_id": 88, "subcategory": "The Hunger Games (Franchise)", "subcat_link_info": {"sub_cat_id": 88, "cat_id": 3, "property_id": 2, "subcategory": "The Hunger Games (Franchise)"}, "related_subcat_link_info": null, "related_profiles": [{"id": 721, "mbti_profile": "Katniss Everdeen", "subcategory": "The Hunger Games (Franchise)", "profile_image_url": "https://static1.personality-database.com/profile_images/ec8bdd3889d049c98941c3308a885767.png", "profile_name": "Katniss Everdeen", "profile_subcat": "The Hunger Games (Franchise)", "sub_cat_id": 88, "cat_id": 3, "property_id": 2, "mbti": "ISTP", "enneatype": "6w5"}, {"id": 722, "mbti_profile": "Peeta Mellark", "subcategory": "The Hunger Games (Franchise)", "profile_image_url": "https://static1.personality-database.com/profile_images/c785018e5e0d4098be988fd53a1a47d7.png", "profile_name": "Peeta Mellark", "profile_subcat": "The Hunger Games (Franchise)", "sub_cat_id": 88, "cat_id": 3, "property_id": 2, "mbti": "ENFP", "enneatype": "2w3"}, {"id": 2603, "mbti_profile": "Alma Coin", "subcategory": "The Hunger Games (Franchise)", "profile_image_url": "https://static1.personality-database.com/profile_images/9f39372fa6eb434e962fa94f5def14df.png", "profile_name": "Alma Coin", "profile_subcat": "The Hunger Games (Franchise)", "sub_cat_id": 88, "cat_id": 3, "property_id": 2, "mbti": "ESTJ", "enneatype": "8w9"}, {"id": 1947, "mbti_profile": "Coriolanus Snow", "subcategory": "The Hunger Games (Franchise)", "profile_image_url": "https://static1.personality-database.com/profile_images/0235f06045a3483e979d992ef3b94b86.png", "profile_name": "Coriolanus Snow", "profile_subcat": "The Hunger Games (Franchise)", "sub_cat_id": 88, "cat_id": 3, "property_id": 2, "mbti": "ENTJ", "enneatype": "8w9"}, {"id": 1153, "mbti_profile": "Gale Hawthorne", "subcategory": "The Hunger Games (Franchise)", "profile_image_url": "https://static1.personality-database.com/profile_images/b9803bdb7616460dbacf4895f4800e18.png", "profile_name": "Gale Hawthorne", "profile_subcat": "The Hunger Games (Franchise)", "sub_cat_id": 88, "cat_id": 3, "property_id": 2, "mbti": "ENTJ", "enneatype": "8w9"}, {"id": 3171, "mbti_profile": "Finnick Odair", "subcategory": "The Hunger Games (Franchise)", "profile_image_url": "https://static1.personality-database.com/profile_images/fcfeb2c8382b46808c58fc3fd3cd498f.png", "profile_name": "Finnick Odair", "profile_subcat": "The Hunger Games (Franchise)", "sub_cat_id": 88, "cat_id": 3, "property_id": 2, "mbti": "ENFJ", "enneatype": "2w3"}, {"id": 3164, "mbti_profile": "Rue", "subcategory": "The Hunger Games (Franchise)", "profile_image_url": "https://static1.personality-database.com/profile_images/83c12981fc754ad6b7e3997148bf76d7.png", "profile_name": "Rue", "profile_subcat": "The Hunger Games (Franchise)", "sub_cat_id": 88, "cat_id": 3, "property_id": 2, "mbti": "INFP", "enneatype": "9w1"}, {"id": 1157, "mbti_profile": "Cinna", "subcategory": "The Hunger Games (Franchise)", "profile_image_url": "https://static1.personality-database.com/profile_images/db2e3df23eab46f3aabb6752dec947b6.png", "profile_name": "Cinna", "profile_subcat": "The Hunger Games (Franchise)", "sub_cat_id": 88, "cat_id": 3, "property_id": 2, "mbti": "ISFP", "enneatype": "4w3"}], "functions": ["Ti", "Ne", "Si", "Fe"], "systems": [{"hex_color": "#888888", "id": 1, "personality_type": "XXXX", "personality_type_id": 0, "system_name": "Four Letter", "system_vote_count": 507, "user_vote_type_id": 0, "vote_id": 0}, {"hex_color": "#006775", "id": 2, "personality_type": "XXXX", "personality_type_id": 0, "system_name": "Enneagram", "system_vote_count": 189, "user_vote_type_id": 0, "vote_id": 0}, {"hex_color": "#006775", "id": 5, "personality_type": "XXXX", "personality_type_id": 0, "system_name": "Instinctual Variant", "system_vote_count": 50, "user_vote_type_id": 0, "vote_id": 0}, {"hex_color": "#006775", "id": 6, "personality_type": "XXXX", "personality_type_id": 0, "system_name": "Tritype", "system_vote_count": 44, "user_vote_type_id": 0, "vote_id": 0}, {"hex_color": "#888888", "id": 3, "personality_type": "XXXX", "personality_type_id": 0, "system_name": "Socionics", "system_vote_count": 21, "user_vote_type_id": 0, "vote_id": 0}, {"hex_color": "#888888", "id": 9, "personality_type": "XXXX", "personality_type_id": 0, "system_name": "Big 5 (SLOAN)", "system_vote_count": 24, "user_vote_type_id": 0, "vote_id": 0}, {"hex_color": "#888888", "id": 8, "personality_type": "XXXX", "personality_type_id": 0, "system_name": "Attitudinal Psyche", "system_vote_count": 12, "user_vote_type_id": 0, "vote_id": 0}, {"hex_color": "#888888", "id": 7, "personality_type": "XXXX", "personality_type_id": 0, "system_name": "Temperaments", "system_vote_count": 48, "user_vote_type_id": 0, "vote_id": 0}, {"hex_color": "#888888", "id": 11, "personality_type": "XXXX", "personality_type_id": 0, "system_name": "Classic Jungian", "system_vote_count": 4, "user_vote_type_id": 0, "vote_id": 0}], "breakdown_systems": {"1": [{"myValue": "INTP", "personality_system_id": 1, "personality_type": "INTP", "theCount": 375}, {"myValue": "ISTP", "personality_system_id": 1, "personality_type": "ISTP", "theCount": 76}, {"myValue": "ENTP", "personality_system_id": 1, "personality_type": "ENTP", "theCount": 38}, {"myValue": "ESTP", "personality_system_id": 1, "personality_type": "ESTP", "theCount": 10}, {"myValue": "INTJ", "personality_system_id": 1, "personality_type": "INTJ", "theCount": 5}, {"myValue": "ENFJ", "personality_system_id": 1, "personality_type": "ENFJ", "theCount": 1}, {"myValue": "ENFP", "personality_system_id": 1, "personality_type": "ENFP", "theCount": 1}, {"myValue": "ESFP", "personality_system_id": 1, "personality_type": "ESFP", "theCount": 1}], "10": [{"myValue": "Left-brained Introvert", "personality_system_id": 10, "personality_type": "Left-brained Introvert", "theCount": 1}], "11": [{"myValue": "IN(T)", "personality_system_id": 11, "personality_type": "IN(T)", "theCount": 2}, {"myValue": "IT(S)", "personality_system_id": 11, "personality_type": "IT(S)", "theCount": 2}], "2": [{"myValue": "5w6", "personality_system_id": 2, "personality_type": "5w6", "theCount": 167}, {"myValue": "5w4", "personality_system_id": 2, "personality_type": "5w4", "theCount": 8}, {"myValue": "6w5", "personality_system_id": 2, "personality_type": "6w5", "theCount": 6}, {"myValue": "9w8", "personality_system_id": 2, "personality_type": "9w8", "theCount": 3}, {"myValue": "8w7", "personality_system_id": 2, "personality_type": "8w7", "theCount": 2}, {"myValue": "3w2", "personality_system_id": 2, "personality_type": "3w2", "theCount": 1}, {"myValue": "7w6", "personality_system_id": 2, "personality_type": "7w6", "theCount": 1}, {"myValue": "8w9", "personality_system_id": 2, "personality_type": "8w9", "theCount": 1}], "3": [{"myValue": "ILE", "personality_system_id": 3, "personality_type": "ILE", "theCount": 13}, {"myValue": "ILI", "personality_system_id": 3, "personality_type": "ILI", "theCount": 5}, {"myValue": "LIE", "personality_system_id": 3, "personality_type": "LIE", "theCount": 1}, {"myValue": "LSI", "personality_system_id": 3, "personality_type": "LSI", "theCount": 1}, {"myValue": "SLI", "personality_system_id": 3, "personality_type": "SLI", "theCount": 1}], "4": [{"myValue": "Chaotic Neutral", "personality_system_id": 4, "personality_type": "Chaotic Neutral", "theCount": 12}, {"myValue": "True Neutral", "personality_system_id": 4, "personality_type": "True Neutral", "theCount": 3}, {"myValue": "Lawful Neutral", "personality_system_id": 4, "personality_type": "Lawful Neutral", "theCount": 1}], "5": [{"myValue": "sp/so", "personality_system_id": 5, "personality_type": "sp/so", "theCount": 37}, {"myValue": "sp/sx", "personality_system_id": 5, "personality_type": "sp/sx", "theCount": 11}, {"myValue": "sx/so", "personality_system_id": 5, "personality_type": "sx/so", "theCount": 2}], "6": [{"myValue": "583", "personality_system_id": 6, "personality_type": "583", "theCount": 35}, {"myValue": "584", "personality_system_id": 6, "personality_type": "584", "theCount": 4}, {"myValue": "538", "personality_system_id": 6, "personality_type": "538", "theCount": 2}, {"myValue": "683", "personality_system_id": 6, "personality_type": "683", "theCount": 2}, {"myValue": "385", "personality_system_id": 6, "personality_type": "385", "theCount": 1}], "7": [{"myValue": "Melancholic-Choleric", "personality_system_id": 7, "personality_type": "Melancholic-Choleric", "theCount": 44}, {"myValue": "Phlegmatic-Choleric", "personality_system_id": 7, "personality_type": "Phlegmatic-Choleric", "theCount": 2}, {"myValue": "Choleric-Melancholic", "personality_system_id": 7, "personality_type": "Choleric-Melancholic", "theCount": 1}, {"myValue": "Melancholic [Dominant]", "personality_system_id": 7, "personality_type": "Melancholic [Dominant]", "theCount": 1}], "8": [{"myValue": "VFLE", "personality_system_id": 8, "personality_type": "VFLE", "theCount": 8}, {"myValue": "LFVE", "personality_system_id": 8, "personality_type": "LFVE", "theCount": 2}, {"myValue": "LFEV", "personality_system_id": 8, "personality_type": "LFEV", "theCount": 1}, {"myValue": "LVFE", "personality_system_id": 8, "personality_type": "LVFE", "theCount": 1}], "9": [{"myValue": "SCUEI", "personality_system_id": 9, "personality_type": "SCUEI", "theCount": 10}, {"myValue": "RCUEI", "personality_system_id": 9, "personality_type": "RCUEI", "theCount": 9}, {"myValue": "RLOEN", "personality_system_id": 9, "personality_type": "RLOEN", "theCount": 2}, {"myValue": "RLUEI", "personality_system_id": 9, "personality_type": "RLUEI", "theCount": 2}, {"myValue": "RCOEI", "personality_system_id": 9, "personality_type": "RCOEI", "theCount": 1}]}, "breakdown_config": {"expand": {"1": 3, "10": 1, "11": 1, "2": 3, "3": 1, "4": 1, "5": 1, "6": 1, "7": 1, "8": 1, "9": 1}, "fire": {"1": 0, "10": 0, "11": 0, "2": 0, "3": 0, "4": 0, "5": 0, "6": 0, "7": 0, "8": 0, "9": 0}}, "mbti_letter_stats": [{"type": "I", "percentage": "90%", "PercentageFloat": 0.8994082840236687}, {"type": "N", "percentage": "83%", "PercentageFloat": 0.8284023668639053}, {"type": "T", "percentage": "99%", "PercentageFloat": 0.9940828402366864}, {"type": "P", "percentage": "99%", "PercentageFloat": 0.9881656804733728}], "topic_info": {"can_generate": false, "topic": {"description": "#INTPHeroes\n#WoodyHarrelson", "follow_count": 0, "id": 1080, "is_following": false, "is_join_pending": false, "is_banned": false, "is_moderated": false, "name_readable": "Haymitch Abernathy", "post_count": 0, "source_profile_id": 1156, "source_type": "profile", "join_to_post": false, "can_pin": false, "related_topics": [{"description": "Peeta Mellark is the male tribute of District 12, and one of the victors (Portrayed by #JoshHutcherson).", "follow_count": 3, "id": 673, "is_following": false, "is_join_pending": false, "is_banned": false, "is_moderated": false, "name_readable": "Peeta Mellark", "post_count": 23, "source_profile_id": 722, "source_type": "profile", "image": {"picURL": "https://static1.personality-database.com/profile_images/c785018e5e0d4098be988fd53a1a47d7.png"}, "join_to_post": false, "can_pin": false}, {"description": "#SamClaflin", "follow_count": 0, "id": 2909, "is_following": false, "is_join_pending": false, "is_banned": false, "is_moderated": false, "name_readable": "Finnick Odair", "post_count": 14, "source_profile_id": 3171, "source_type": "profile", "image": {"picURL": "https://static1.personality-database.com/profile_images/fcfeb2c8382b46808c58fc3fd3cd498f.png"}, "join_to_post": false, "can_pin": false}, {"description": "Katniss Everdeen is the main character of the Hunger Games series, portrayed by #JenniferLawrence #ISTPHeroes", "follow_count": 2, "id": 672, "is_following": false, "is_join_pending": false, "is_banned": false, "is_moderated": false, "name_readable": "Katniss Everdeen", "post_count": 10, "source_profile_id": 721, "source_type": "profile", "image": {"picURL": "https://static1.personality-database.com/profile_images/ec8bdd3889d049c98941c3308a885767.png"}, "join_to_post": false, "can_pin": false}, {"description": "", "follow_count": 0, "id": 1081, "is_following": false, "is_join_pending": false, "is_banned": false, "is_moderated": false, "name_readable": "Cinna", "post_count": 4, "source_profile_id": 1157, "source_type": "profile", "image": {"picURL": "https://static1.personality-database.com/profile_images/db2e3df23eab46f3aabb6752dec947b6.png"}, "join_to_post": false, "can_pin": false}, {"description": "#JenaMalone", "follow_count": 0, "id": 11443, "is_following": false, "is_join_pending": false, "is_banned": false, "is_moderated": false, "name_readable": "Johanna Mason", "post_count": 3, "source_profile_id": 12393, "source_type": "profile", "image": {"picURL": "https://static1.personality-database.com/profile_images/034353e385cd4a78be5277274ee01f70.png"}, "join_to_post": false, "can_pin": false}, {"description": "", "follow_count": 0, "id": 117330, "is_following": false, "is_join_pending": false, "is_banned": false, "is_moderated": false, "name_readable": "Annie Cresta", "post_count": 2, "source_profile_id": 151461, "source_type": "profile", "image": {"picURL": "https://static1.personality-database.com/profile_images/76ccc8794aa2439d8f5f8312dd63da1d.png"}, "join_to_post": false, "can_pin": false}, {"description": "", "follow_count": 1, "id": 62717, "is_following": false, "is_join_pending": false, "is_banned": false, "is_moderated": false, "name_readable": "Cato", "post_count": 2, "source_profile_id": 77458, "source_type": "profile", "image": {"picURL": "https://static1.personality-database.com/profile_images/a4e0f1aeb284440e975ed25e6c6a6f48.png"}, "join_to_post": false, "can_pin": false}, {"description": "#ESFJHeroes", "follow_count": 0, "id": 769, "is_following": false, "is_join_pending": false, "is_banned": false, "is_moderated": false, "name_readable": "Effie Trinket", "post_count": 2, "source_profile_id": 822, "source_type": "profile", "image": {"picURL": "https://static1.personality-database.com/profile_images/3a03ad1625dc4aa7a903b50777e75363.png"}, "join_to_post": false, "can_pin": false}, {"description": "", "follow_count": 0, "id": 1077, "is_following": false, "is_join_pending": false, "is_banned": false, "is_moderated": false, "name_readable": "Gale Hawthorne", "post_count": 2, "source_profile_id": 1153, "source_type": "profile", "image": {"picURL": "https://static1.personality-database.com/profile_images/b9803bdb7616460dbacf4895f4800e18.png"}, "join_to_post": false, "can_pin": false}, {"description": "", "follow_count": 0, "id": 214754, "is_following": false, "is_join_pending": false, "is_banned": false, "is_moderated": false, "name_readable": "Octavia", "post_count": 1, "source_profile_id": 280471, "source_type": "profile", "image": {"picURL": "https://static1.personality-database.com/profile_images/cdd0bacbc60045f09642b40a9e007d08.png"}, "join_to_post": false, "can_pin": false}, {"description": "#JulianneMoore\n#ESTJVillains", "follow_count": 0, "id": 2378, "is_following": false, "is_join_pending": false, "is_banned": false, "is_moderated": false, "name_readable": "Alma Coin", "post_count": 1, "source_profile_id": 2603, "source_type": "profile", "image": {"picURL": "https://static1.personality-database.com/profile_images/9f39372fa6eb434e962fa94f5def14df.png"}, "join_to_post": false, "can_pin": false}, {"description": "", "follow_count": 0, "id": 62725, "is_following": false, "is_join_pending": false, "is_banned": false, "is_moderated": false, "name_readable": "Marvel", "post_count": 1, "source_profile_id": 77466, "source_type": "profile", "image": {"picURL": "https://static1.personality-database.com/profile_images/140260e0d0704c7984e6aae7a1ca8cc2.png"}, "join_to_post": false, "can_pin": false}, {"description": "", "follow_count": 0, "id": 200838, "is_following": false, "is_join_pending": false, "is_banned": false, "is_moderated": false, "name_readable": "Enobaria Golding", "post_count": 0, "source_profile_id": 260447, "source_type": "profile", "image": {"picURL": "https://static1.personality-database.com/profile_images/a2054168c5bf4d8bb49f92a12ed08c67.png"}, "join_to_post": false, "can_pin": false}, {"description": "Mrs. Everdeen is the mother of Katniss and Primrose Everdeen and the wife of the deceased Mr. Everdeen.", "follow_count": 0, "id": 202095, "is_following": false, "is_join_pending": false, "is_banned": false, "is_moderated": false, "name_readable": "Mrs. Everdeen", "post_count": 0, "source_profile_id": 261964, "source_type": "profile", "image": {"picURL": "https://static1.personality-database.com/profile_images/73e315d91eec477cbfe5920abdd0bb20.png"}, "join_to_post": false, "can_pin": false}, {"description": "", "follow_count": 0, "id": 200840, "is_following": false, "is_join_pending": false, "is_banned": false, "is_moderated": false, "name_readable": "Lyme Rabe", "post_count": 0, "source_profile_id": 260449, "source_type": "profile", "image": {"picURL": "https://static1.personality-database.com/profile_images/5e962a5f2b5e43ce909ae366ceae7570.png"}, "join_to_post": false, "can_pin": false}, {"description": "", "follow_count": 0, "id": 200836, "is_following": false, "is_join_pending": false, "is_banned": false, "is_moderated": false, "name_readable": "Cashmere", "post_count": 0, "source_profile_id": 260445, "source_type": "profile", "image": {"picURL": "https://static1.personality-database.com/profile_images/0edcd0647f1c419b93ee294da7c85703.png"}, "join_to_post": false, "can_pin": false}], "subcategory": "The Hunger Games (Franchise)", "topic_image_url": "https://static1.personality-database.com/profile_images/a5d118d82c0c46a4a573a9bc485a80ae.png", "source_location": {"cid": 3, "pid": 2, "sub_cat_id": 88}, "can_post_image": false, "can_post_audio": false, "posts": {"posts": [{"username": "L0KI", "user_pic_path": "https://lh3.googleusercontent.com/a-/AOh14GhJAvXFMaMiBOD7Boq4Zz5TfPOhBlRzH5ij263FMw=s96-c", "user_personality_type": "ESTP-6w7-684", "is_mod": false, "comment_count": 0, "reply_count": 0, "vote_type": 0, "topics_list": [{"id": 1080, "name_readable": "Haymitch Abernathy"}], "id": 81721, "post_id": 81721, "user_id": 29338, "title": "", "content": "bruh he\u2019s the only INTP character i can relate to because he\u2019s not the nerdy type", "create_date": 1601210706000, "unix_timestamp": 1601210706000, "update_date": 1601210706000, "vote_count": 21, "vote_count_down": 0, "is_reported": 0, "is_hidden": false, "is_pinned": false, "is_watching": false, "is_pro_user": false, "images": null, "audios": null, "function_list": [], "type": "post"}, {"username": "The Surrealist", "user_pic_path": "https://lh3.googleusercontent.com/a-/AOh14GgfDwg-Q_NH0LlmmWRADYk2GnQhdHoOYoTCN2294g=s96-c", "user_personality_type": "XXXX-2w1-279", "is_mod": false, "comment_count": 1, "reply_count": 1, "vote_type": 0, "topics_list": [{"id": 1080, "name_readable": "Haymitch Abernathy"}], "id": 81692, "post_id": 81692, "user_id": 43951, "title": "", "content": "finally, a badass INTP", "create_date": 1599985182000, "unix_timestamp": 1599985182000, "update_date": 1599985182000, "vote_count": 28, "vote_count_down": 0, "is_reported": 0, "is_hidden": false, "is_pinned": false, "is_watching": false, "is_pro_user": false, "images": null, "audios": null, "function_list": [], "type": "post"}, {"username": "deleted user #71092", "user_pic_path": "", "user_personality_type": "XXXX", "is_mod": false, "comment_count": 2, "reply_count": 2, "vote_type": 0, "topics_list": [{"id": 1080, "name_readable": "Haymitch Abernathy"}], "id": 81584, "post_id": 81584, "user_id": 71092, "title": "", "content": "in my opinion Haymitch is an INTP in both books and movies but if you read the books the impact will be different", "create_date": 1595028633000, "unix_timestamp": 1595028633000, "update_date": 1595028633000, "vote_count": 14, "vote_count_down": 0, "is_reported": 0, "is_hidden": false, "is_pinned": false, "is_watching": false, "is_pro_user": false, "images": null, "audios": null, "function_list": [], "type": "post"}]}}}}