{"id": 11570, "mbti_profile": "Alex DeLarge", "profile_name_searchable": "alexdelarge", "allow_commenting": true, "allow_voting": true, "user_id": 15014, "contributor": "Vigilante", "contributor_create_date": "2018-04-23 19:32:29", "contributor_pic_path": "https://lh3.googleusercontent.com/a-/AOh14Gg9JNCkcuOLB8hWBwT2QpW7B73BJF197RGvSxZ-=s96-c", "display_order": 1000, "edit_lock": 0, "edit_lock_picture": 0, "is_active": true, "is_approved": true, "mbti_enneagram_type": "ENTP 8w7", "mbti_type": "ENTP 8w7", "pdb_comment_access": true, "pdb_page_owner": 0, "pdb_public_access": true, "wiki_description": "Alex DeLarge is the protagonist of A Clockwork Orange. A teenage psychopath living in a near-future dystopia who roams the streets with his friends causing general violence and destruction.", "watch_count": 876, "comment_count": 504, "vote_count": 1989, "vote_count_enneagram": 435, "vote_count_mbti": 1989, "total_vote_counts": 2031, "personality_type": "ENTP - 8w7 - sx/so - 873 - SLE - SLUEI - VFLE - Sanguine-Choleric - ES(T)", "type_updated_date": "2022-11-15 11:57:08", "enneagram_vote": "", "enneagram_vote_id": 0, "mbti_vote": "", "mbti_vote_id": 0, "is_watching": false, "image_exists": false, "profile_image_url": "https://static1.personality-database.com/profile_images/ea8a8fb613294dbbb2150396de9c0bf0.png", "profile_image_credit": "", "profile_image_credit_id": 465702, "profile_image_credit_type": "0", "profile_image_credit_url": "", "alt_subcategory": "", "related_subcategories": "", "cat_id": 3, "category": "Movies", "category_is_fictional": true, "sub_cat_id": 1523, "subcategory": "A Clockwork Orange (1971)", "subcat_link_info": {"sub_cat_id": 1523, "cat_id": 3, "property_id": 2, "subcategory": "A Clockwork Orange (1971)"}, "related_subcat_link_info": null, "related_profiles": [{"id": 334607, "mbti_profile": "Julian", "subcategory": "A Clockwork Orange (1971)", "profile_image_url": "https://static1.personality-database.com/profile_images/6e7981793eb440acafd9cfe540de913b.png", "profile_name": "Julian", "profile_subcat": "A Clockwork Orange (1971)", "sub_cat_id": 1523, "cat_id": 3, "property_id": 2, "mbti": "ISTP", "enneatype": "6w5"}, {"id": 110844, "mbti_profile": "Pete", "subcategory": "A Clockwork Orange (1971)", "profile_image_url": "https://static1.personality-database.com/profile_images/735f894d66764e94bd0e35c7731e90d4.png", "profile_name": "Pete", "profile_subcat": "A Clockwork Orange (1971)", "sub_cat_id": 1523, "cat_id": 3, "property_id": 2, "mbti": "INTP", "enneatype": "9w1"}, {"id": 110847, "mbti_profile": "Deltoid", "subcategory": "A Clockwork Orange (1971)", "profile_image_url": "https://static1.personality-database.com/profile_images/c186182bee5b419c9b308012c7dd4e01.png", "profile_name": "Deltoid", "profile_subcat": "A Clockwork Orange (1971)", "sub_cat_id": 1523, "cat_id": 3, "property_id": 2, "mbti": "ESFJ", "enneatype": "1w2"}, {"id": 110854, "mbti_profile": "Tramp", "subcategory": "A Clockwork Orange (1971)", "profile_image_url": "https://static1.personality-database.com/profile_images/f6df21d6b3b549de936815a9e9b8f319.png", "profile_name": "Tramp", "profile_subcat": "A Clockwork Orange (1971)", "sub_cat_id": 1523, "cat_id": 3, "property_id": 2, "mbti": "ISFP", "enneatype": "4w5"}, {"id": 11572, "mbti_profile": "Mr. Alexander", "subcategory": "A Clockwork Orange (1971)", "profile_image_url": "https://static1.personality-database.com/profile_images/d27662b99d314cb99380169817b5e40d.png", "profile_name": "Mr. Alexander", "profile_subcat": "A Clockwork Orange (1971)", "sub_cat_id": 1523, "cat_id": 3, "property_id": 2, "mbti": "INTJ", "enneatype": "5w4"}, {"id": 507697, "mbti_profile": "Blonde Girl", "subcategory": "A Clockwork Orange (1971)", "profile_image_url": "https://static1.personality-database.com/profile_images/0b4a21a05d1545988c85bc370d2c1fda.png", "profile_name": "Blonde Girl", "profile_subcat": "A Clockwork Orange (1971)", "sub_cat_id": 1523, "cat_id": 3, "property_id": 2, "mbti": "ESFP", "enneatype": ""}, {"id": 334557, "mbti_profile": "Billy Boy", "subcategory": "A Clockwork Orange (1971)", "profile_image_url": "https://static1.personality-database.com/profile_images/19d99e3f6d144df6a613bad0d95525d1.png", "profile_name": "Billy Boy", "profile_subcat": "A Clockwork Orange (1971)", "sub_cat_id": 1523, "cat_id": 3, "property_id": 2, "mbti": "ESTP", "enneatype": "7w8"}, {"id": 110855, "mbti_profile": "Prison Chaplain", "subcategory": "A Clockwork Orange (1971)", "profile_image_url": "https://static1.personality-database.com/profile_images/2de2f9a931cd43e8a18e406457474650.png", "profile_name": "Prison Chaplain", "profile_subcat": "A Clockwork Orange (1971)", "sub_cat_id": 1523, "cat_id": 3, "property_id": 2, "mbti": "ESFJ", "enneatype": "6w5"}], "functions": ["Ne", "Ti", "Fe", "Si"], "systems": [{"hex_color": "#888888", "id": 1, "personality_type": "XXXX", "personality_type_id": 0, "system_name": "Four Letter", "system_vote_count": 1010, "user_vote_type_id": 0, "vote_id": 0}, {"hex_color": "#006775", "id": 2, "personality_type": "XXXX", "personality_type_id": 0, "system_name": "Enneagram", "system_vote_count": 426, "user_vote_type_id": 0, "vote_id": 0}, {"hex_color": "#006775", "id": 5, "personality_type": "XXXX", "personality_type_id": 0, "system_name": "Instinctual Variant", "system_vote_count": 127, "user_vote_type_id": 0, "vote_id": 0}, {"hex_color": "#006775", "id": 6, "personality_type": "XXXX", "personality_type_id": 0, "system_name": "Tritype", "system_vote_count": 117, "user_vote_type_id": 0, "vote_id": 0}, {"hex_color": "#888888", "id": 3, "personality_type": "XXXX", "personality_type_id": 0, "system_name": "Socionics", "system_vote_count": 81, "user_vote_type_id": 0, "vote_id": 0}, {"hex_color": "#888888", "id": 9, "personality_type": "XXXX", "personality_type_id": 0, "system_name": "Big 5 (SLOAN)", "system_vote_count": 70, "user_vote_type_id": 0, "vote_id": 0}, {"hex_color": "#888888", "id": 8, "personality_type": "XXXX", "personality_type_id": 0, "system_name": "Attitudinal Psyche", "system_vote_count": 48, "user_vote_type_id": 0, "vote_id": 0}, {"hex_color": "#888888", "id": 7, "personality_type": "XXXX", "personality_type_id": 0, "system_name": "Temperaments", "system_vote_count": 102, "user_vote_type_id": 0, "vote_id": 0}, {"hex_color": "#888888", "id": 11, "personality_type": "XXXX", "personality_type_id": 0, "system_name": "Classic Jungian", "system_vote_count": 17, "user_vote_type_id": 0, "vote_id": 0}], "breakdown_systems": {"1": [{"myValue": "ENTP", "personality_system_id": 1, "personality_type": "ENTP", "theCount": 497}, {"myValue": "ESTP", "personality_system_id": 1, "personality_type": "ESTP", "theCount": 449}, {"myValue": "ESFP", "personality_system_id": 1, "personality_type": "ESFP", "theCount": 25}, {"myValue": "ENTJ", "personality_system_id": 1, "personality_type": "ENTJ", "theCount": 17}, {"myValue": "ESTJ", "personality_system_id": 1, "personality_type": "ESTJ", "theCount": 5}, {"myValue": "INTP", "personality_system_id": 1, "personality_type": "INTP", "theCount": 5}, {"myValue": "ISTP", "personality_system_id": 1, "personality_type": "ISTP", "theCount": 4}, {"myValue": "ENFP", "personality_system_id": 1, "personality_type": "ENFP", "theCount": 3}, {"myValue": "INFP", "personality_system_id": 1, "personality_type": "INFP", "theCount": 3}, {"myValue": "ENFJ", "personality_system_id": 1, "personality_type": "ENFJ", "theCount": 1}, {"myValue": "INTJ", "personality_system_id": 1, "personality_type": "INTJ", "theCount": 1}], "11": [{"myValue": "ES(T)", "personality_system_id": 11, "personality_type": "ES(T)", "theCount": 15}, {"myValue": "IT(S)", "personality_system_id": 11, "personality_type": "IT(S)", "theCount": 2}], "2": [{"myValue": "8w7", "personality_system_id": 2, "personality_type": "8w7", "theCount": 368}, {"myValue": "7w8", "personality_system_id": 2, "personality_type": "7w8", "theCount": 50}, {"myValue": "8w9", "personality_system_id": 2, "personality_type": "8w9", "theCount": 3}, {"myValue": "5w4", "personality_system_id": 2, "personality_type": "5w4", "theCount": 2}, {"myValue": "4w5", "personality_system_id": 2, "personality_type": "4w5", "theCount": 1}, {"myValue": "6w5", "personality_system_id": 2, "personality_type": "6w5", "theCount": 1}, {"myValue": "6w7", "personality_system_id": 2, "personality_type": "6w7", "theCount": 1}], "3": [{"myValue": "SLE", "personality_system_id": 3, "personality_type": "SLE", "theCount": 72}, {"myValue": "ILE", "personality_system_id": 3, "personality_type": "ILE", "theCount": 3}, {"myValue": "LSI", "personality_system_id": 3, "personality_type": "LSI", "theCount": 3}, {"myValue": "SEE", "personality_system_id": 3, "personality_type": "SEE", "theCount": 2}, {"myValue": "EIE", "personality_system_id": 3, "personality_type": "EIE", "theCount": 1}], "4": [{"myValue": "Chaotic Evil", "personality_system_id": 4, "personality_type": "Chaotic Evil", "theCount": 31}, {"myValue": "Chaotic Neutral", "personality_system_id": 4, "personality_type": "Chaotic Neutral", "theCount": 1}, {"myValue": "Neutral Evil", "personality_system_id": 4, "personality_type": "Neutral Evil", "theCount": 1}], "5": [{"myValue": "sx/so", "personality_system_id": 5, "personality_type": "sx/so", "theCount": 94}, {"myValue": "sx/sp", "personality_system_id": 5, "personality_type": "sx/sp", "theCount": 23}, {"myValue": "sp/sx", "personality_system_id": 5, "personality_type": "sp/sx", "theCount": 4}, {"myValue": "sp/so", "personality_system_id": 5, "personality_type": "sp/so", "theCount": 3}, {"myValue": "so/sx", "personality_system_id": 5, "personality_type": "so/sx", "theCount": 2}, {"myValue": "so/sp", "personality_system_id": 5, "personality_type": "so/sp", "theCount": 1}], "6": [{"myValue": "873", "personality_system_id": 6, "personality_type": "873", "theCount": 68}, {"myValue": "874", "personality_system_id": 6, "personality_type": "874", "theCount": 33}, {"myValue": "783", "personality_system_id": 6, "personality_type": "783", "theCount": 4}, {"myValue": "872", "personality_system_id": 6, "personality_type": "872", "theCount": 3}, {"myValue": "684", "personality_system_id": 6, "personality_type": "684", "theCount": 2}, {"myValue": "784", "personality_system_id": 6, "personality_type": "784", "theCount": 2}, {"myValue": "738", "personality_system_id": 6, "personality_type": "738", "theCount": 1}, {"myValue": "827", "personality_system_id": 6, "personality_type": "827", "theCount": 1}, {"myValue": "837", "personality_system_id": 6, "personality_type": "837", "theCount": 1}, {"myValue": "847", "personality_system_id": 6, "personality_type": "847", "theCount": 1}, {"myValue": "854", "personality_system_id": 6, "personality_type": "854", "theCount": 1}], "7": [{"myValue": "Sanguine-Choleric", "personality_system_id": 7, "personality_type": "Sanguine-Choleric", "theCount": 77}, {"myValue": "Choleric-Sanguine", "personality_system_id": 7, "personality_type": "Choleric-Sanguine", "theCount": 21}, {"myValue": "Choleric [Dominant]", "personality_system_id": 7, "personality_type": "Choleric [Dominant]", "theCount": 2}, {"myValue": "Sanguine [Dominant]", "personality_system_id": 7, "personality_type": "Sanguine [Dominant]", "theCount": 2}], "8": [{"myValue": "VFLE", "personality_system_id": 8, "personality_type": "VFLE", "theCount": 28}, {"myValue": "FLVE", "personality_system_id": 8, "personality_type": "FLVE", "theCount": 15}, {"myValue": "FVLE", "personality_system_id": 8, "personality_type": "FVLE", "theCount": 2}, {"myValue": "FVEL", "personality_system_id": 8, "personality_type": "FVEL", "theCount": 1}, {"myValue": "VELF", "personality_system_id": 8, "personality_type": "VELF", "theCount": 1}, {"myValue": "VFEL", "personality_system_id": 8, "personality_type": "VFEL", "theCount": 1}], "9": [{"myValue": "SLUEI", "personality_system_id": 9, "personality_type": "SLUEI", "theCount": 44}, {"myValue": "SLUEN", "personality_system_id": 9, "personality_type": "SLUEN", "theCount": 14}, {"myValue": "SCUEI", "personality_system_id": 9, "personality_type": "SCUEI", "theCount": 6}, {"myValue": "RLUAI", "personality_system_id": 9, "personality_type": "RLUAI", "theCount": 1}, {"myValue": "RLUEI", "personality_system_id": 9, "personality_type": "RLUEI", "theCount": 1}, {"myValue": "SCOEI", "personality_system_id": 9, "personality_type": "SCOEI", "theCount": 1}, {"myValue": "SCOEN", "personality_system_id": 9, "personality_type": "SCOEN", "theCount": 1}, {"myValue": "SCUEN", "personality_system_id": 9, "personality_type": "SCUEN", "theCount": 1}, {"myValue": "SLOEN", "personality_system_id": 9, "personality_type": "SLOEN", "theCount": 1}]}, "breakdown_config": {"expand": {"1": 3, "11": 1, "2": 3, "3": 1, "4": 1, "5": 1, "6": 1, "7": 1, "8": 2, "9": 1}, "fire": {"1": 1, "11": 0, "2": 0, "3": 0, "4": 0, "5": 0, "6": 0, "7": 0, "8": 1, "9": 0}}, "mbti_letter_stats": [{"type": "E", "percentage": "99%", "PercentageFloat": 0.9871287128712871}, {"type": "N", "percentage": "52%", "PercentageFloat": 0.5217821782178218}, {"type": "T", "percentage": "97%", "PercentageFloat": 0.9683168316831683}, {"type": "P", "percentage": "98%", "PercentageFloat": 0.9762376237623762}], "topic_info": {"can_generate": false, "topic": {"description": "", "follow_count": 0, "id": 10736, "is_following": false, "is_join_pending": false, "is_banned": false, "is_moderated": false, "name_readable": "Alex DeLarge", "post_count": 15, "source_profile_id": 11570, "source_type": "profile", "join_to_post": false, "can_pin": false, "related_topics": [{"description": "", "follow_count": 0, "id": 10736, "is_following": false, "is_join_pending": false, "is_banned": false, "is_moderated": false, "name_readable": "Alex DeLarge", "post_count": 15, "source_profile_id": 11570, "source_type": "profile", "image": {"picURL": "https://static1.personality-database.com/profile_images/ea8a8fb613294dbbb2150396de9c0bf0.png"}, "join_to_post": false, "can_pin": false}, {"description": "", "follow_count": 0, "id": 88021, "is_following": false, "is_join_pending": false, "is_banned": false, "is_moderated": false, "name_readable": "Joe the Lodger", "post_count": 0, "source_profile_id": 110850, "source_type": "profile", "image": {"picURL": "https://static1.personality-database.com/profile_images/e4b0c77519534695a358ec8115ce2d49.png"}, "join_to_post": false, "can_pin": false}, {"description": "", "follow_count": 0, "id": 257574, "is_following": false, "is_join_pending": false, "is_banned": false, "is_moderated": false, "name_readable": "Julian", "post_count": 0, "source_profile_id": 334607, "source_type": "profile", "image": {"picURL": "https://static1.personality-database.com/profile_images/6e7981793eb440acafd9cfe540de913b.png"}, "join_to_post": false, "can_pin": false}, {"description": "", "follow_count": 0, "id": 257529, "is_following": false, "is_join_pending": false, "is_banned": false, "is_moderated": false, "name_readable": "Billy Boy", "post_count": 0, "source_profile_id": 334557, "source_type": "profile", "image": {"picURL": "https://static1.personality-database.com/profile_images/19d99e3f6d144df6a613bad0d95525d1.png"}, "join_to_post": false, "can_pin": false}, {"description": "", "follow_count": 0, "id": 242281, "is_following": false, "is_join_pending": false, "is_banned": false, "is_moderated": false, "name_readable": "Tom", "post_count": 0, "source_profile_id": 315004, "source_type": "profile", "image": {"picURL": "https://static1.personality-database.com/profile_images/7d9b8e6235b843009ab39240b34a2067.png"}, "join_to_post": false, "can_pin": false}, {"description": "", "follow_count": 1, "id": 92107, "is_following": false, "is_join_pending": false, "is_banned": false, "is_moderated": false, "name_readable": "Catlady", "post_count": 0, "source_profile_id": 116909, "source_type": "profile", "image": {"picURL": "https://static1.personality-database.com/profile_images/c87c3db344bb4ceb909fda03d7b65bd0.png"}, "join_to_post": false, "can_pin": false}, {"description": "", "follow_count": 0, "id": 88026, "is_following": false, "is_join_pending": false, "is_banned": false, "is_moderated": false, "name_readable": "Prison Chaplain", "post_count": 0, "source_profile_id": 110855, "source_type": "profile", "image": {"picURL": "https://static1.personality-database.com/profile_images/2de2f9a931cd43e8a18e406457474650.png"}, "join_to_post": false, "can_pin": false}, {"description": "", "follow_count": 0, "id": 88025, "is_following": false, "is_join_pending": false, "is_banned": false, "is_moderated": false, "name_readable": "Tramp", "post_count": 0, "source_profile_id": 110854, "source_type": "profile", "image": {"picURL": "https://static1.personality-database.com/profile_images/f6df21d6b3b549de936815a9e9b8f319.png"}, "join_to_post": false, "can_pin": false}, {"description": "", "follow_count": 0, "id": 88024, "is_following": false, "is_join_pending": false, "is_banned": false, "is_moderated": false, "name_readable": "Dad", "post_count": 0, "source_profile_id": 110853, "source_type": "profile", "image": {"picURL": "https://static1.personality-database.com/profile_images/2d0f3f2937e844b086aa1e72e7f4fc7a.png"}, "join_to_post": false, "can_pin": false}, {"description": "", "follow_count": 0, "id": 88023, "is_following": false, "is_join_pending": false, "is_banned": false, "is_moderated": false, "name_readable": "Mum", "post_count": 0, "source_profile_id": 110852, "source_type": "profile", "image": {"picURL": "https://static1.personality-database.com/profile_images/df01d4ee0724479eb7b8758a49ad7d73.png"}, "join_to_post": false, "can_pin": false}, {"description": "", "follow_count": 0, "id": 88022, "is_following": false, "is_join_pending": false, "is_banned": false, "is_moderated": false, "name_readable": "Frederick, Minister of the Interior", "post_count": 0, "source_profile_id": 110851, "source_type": "profile", "image": {"picURL": "https://static1.personality-database.com/profile_images/8e4a09253242417d8ac9f19c3594c22e.png"}, "join_to_post": false, "can_pin": false}, {"description": "", "follow_count": 0, "id": 88020, "is_following": false, "is_join_pending": false, "is_banned": false, "is_moderated": false, "name_readable": "Chief Guard Barnes", "post_count": 0, "source_profile_id": 110849, "source_type": "profile", "image": {"picURL": "https://static1.personality-database.com/profile_images/00e5f63a0def46e3ae4d96a4a7cfee46.png"}, "join_to_post": false, "can_pin": false}, {"description": "", "follow_count": 0, "id": 88019, "is_following": false, "is_join_pending": false, "is_banned": false, "is_moderated": false, "name_readable": "Dr. Brodsky", "post_count": 0, "source_profile_id": 110848, "source_type": "profile", "image": {"picURL": "https://static1.personality-database.com/profile_images/caf980bd7c0a48429d8a4501426971fa.png"}, "join_to_post": false, "can_pin": false}, {"description": "", "follow_count": 0, "id": 88018, "is_following": false, "is_join_pending": false, "is_banned": false, "is_moderated": false, "name_readable": "Deltoid", "post_count": 0, "source_profile_id": 110847, "source_type": "profile", "image": {"picURL": "https://static1.personality-database.com/profile_images/c186182bee5b419c9b308012c7dd4e01.png"}, "join_to_post": false, "can_pin": false}, {"description": "", "follow_count": 0, "id": 88017, "is_following": false, "is_join_pending": false, "is_banned": false, "is_moderated": false, "name_readable": "Georgie", "post_count": 0, "source_profile_id": 110845, "source_type": "profile", "image": {"picURL": "https://static1.personality-database.com/profile_images/dbfc362173cf411fa18f1d61cd247000.png"}, "join_to_post": false, "can_pin": false}, {"description": "", "follow_count": 0, "id": 88016, "is_following": false, "is_join_pending": false, "is_banned": false, "is_moderated": false, "name_readable": "Pete", "post_count": 0, "source_profile_id": 110844, "source_type": "profile", "image": {"picURL": "https://static1.personality-database.com/profile_images/735f894d66764e94bd0e35c7731e90d4.png"}, "join_to_post": false, "can_pin": false}], "subcategory": "A Clockwork Orange (1971)", "topic_image_url": "https://static1.personality-database.com/profile_images/ea8a8fb613294dbbb2150396de9c0bf0.png", "source_location": {"cid": 3, "pid": 2, "sub_cat_id": 1523}, "can_post_image": false, "can_post_audio": false, "posts": {"posts": [{"username": "BasedLord", "user_pic_path": "https://static1.personality-database.com/user_avatars/404565/3d244c3b-ceb2-49bc-8f11-769eb916cd80_small.jpeg", "user_personality_type": "ENFP-7w8-741", "is_mod": false, "comment_count": 0, "reply_count": 0, "vote_type": 0, "topics_list": [{"id": 10736, "name_readable": "Alex DeLarge"}], "id": 2008294, "post_id": 2008294, "user_id": 404565, "title": "", "content": "Se-Te is ESFP, not ESTP.\nSi-Fi is ISTJ, not ISFJ.\nNe-Fe is ENTP, not ENFP.\nTe-Ne is ESTJ, not ENTJ.\nIf an individual used their extroverted or introverted functions only, they'd become extremely unbalanced.", "create_date": 1671869753000, "unix_timestamp": 1671869753000, "update_date": 1671869753000, "vote_count": 0, "vote_count_down": 0, "is_reported": 0, "is_hidden": false, "is_pinned": false, "is_watching": false, "is_pro_user": false, "images": null, "audios": null, "function_list": [], "type": "post"}, {"username": "Bitoz", "user_pic_path": "https://static1.personality-database.com/user_avatars/502971/8ddfe4bf-1f4d-46bc-99f4-ccbefcecc8f3.gif", "user_personality_type": "INTJ-538", "is_mod": false, "comment_count": 0, "reply_count": 0, "vote_type": 0, "topics_list": [{"id": 10736, "name_readable": "Alex DeLarge"}], "id": 1930372, "post_id": 1930372, "user_id": 502971, "title": "", "content": "Alex DeSmall", "create_date": 1670931962000, "unix_timestamp": 1670931962000, "update_date": 1670931962000, "vote_count": 4, "vote_count_down": 0, "is_reported": 0, "is_hidden": false, "is_pinned": false, "is_watching": false, "is_pro_user": false, "images": null, "audios": null, "function_list": [], "type": "post"}, {"username": "BasedLord", "user_pic_path": "https://static1.personality-database.com/user_avatars/404565/3d244c3b-ceb2-49bc-8f11-769eb916cd80_small.jpeg", "user_personality_type": "ENFP-7w8-741", "is_mod": false, "comment_count": 0, "reply_count": 0, "vote_type": 0, "topics_list": [{"id": 10736, "name_readable": "Alex DeLarge"}], "id": 1899093, "post_id": 1899093, "user_id": 404565, "title": "", "content": "it's so suspicious that most of ENTP voters are ENTPs themselves. (mostly mistyped) It feels like they're projecting themselves and make biased votes", "create_date": 1670573340000, "unix_timestamp": 1670573340000, "update_date": 1670573340000, "vote_count": 5, "vote_count_down": 0, "is_reported": 0, "is_hidden": false, "is_pinned": false, "is_watching": false, "is_pro_user": false, "images": null, "audios": null, "function_list": [], "type": "post"}]}}}}