{"id": 11574, "mbti_profile": "Isabella \u201cBella\u201d Swan", "profile_name_searchable": "isabellaswan", "allow_commenting": true, "allow_voting": true, "user_id": 15014, "contributor": "Vigilante", "contributor_create_date": "2018-04-23 19:41:51", "contributor_pic_path": "https://lh3.googleusercontent.com/a-/AOh14Gg9JNCkcuOLB8hWBwT2QpW7B73BJF197RGvSxZ-=s96-c", "display_order": 1000, "edit_lock": 0, "edit_lock_picture": 0, "is_active": true, "is_approved": true, "mbti_enneagram_type": "ISFP 9w8", "mbti_type": "ISFP 9w8", "pdb_comment_access": true, "pdb_page_owner": 0, "pdb_public_access": true, "wiki_description": "Isabella \"Bella\" Marie Swan-Cullen (born September 13, 1987), the daughter of Charlie Swan and Ren\u00e9e Dwyer, is the protagonist of the Twilight Saga. She is portrayed by #KristenStewart in the movie adaptations.", "watch_count": 969, "comment_count": 568, "vote_count": 801, "vote_count_enneagram": 437, "vote_count_mbti": 801, "total_vote_counts": 1836, "personality_type": "ISFP - 9w8 - sx/sp - 946 - ILI - RLUAN - EFLV - Melancholic-Phlegmatic - IS(F)", "type_updated_date": "2022-11-15 16:01:48", "enneagram_vote": "", "enneagram_vote_id": 0, "mbti_vote": "", "mbti_vote_id": 0, "is_watching": false, "image_exists": true, "profile_image_url": "https://static1.personality-database.com/profile_images/321d2697324140b39696873542816fc9.png", "profile_image_credit": "", "profile_image_credit_id": 0, "profile_image_credit_type": "0", "profile_image_credit_url": "", "alt_subcategory": "", "related_subcategories": "", "cat_id": 3, "category": "Movies", "category_is_fictional": true, "sub_cat_id": 1524, "subcategory": "Twilight (Franchise)", "subcat_link_info": {"sub_cat_id": 1524, "cat_id": 3, "property_id": 2, "subcategory": "Twilight (Franchise)"}, "related_subcat_link_info": null, "related_profiles": [{"id": 11575, "mbti_profile": "Edward Cullen", "subcategory": "Twilight (Franchise)", "profile_image_url": "https://static1.personality-database.com/profile_images/a9018c112b074832ac5aee59710705a7.png", "profile_name": "Edward Cullen", "profile_subcat": "Twilight (Franchise)", "sub_cat_id": 1524, "cat_id": 3, "property_id": 2, "mbti": "INFJ", "enneatype": "6w5"}, {"id": 11577, "mbti_profile": "Alice Cullen", "subcategory": "Twilight (Franchise)", "profile_image_url": "https://static1.personality-database.com/profile_images/a3bc867ce6494c1dbee57684727407fd.png", "profile_name": "Alice Cullen", "profile_subcat": "Twilight (Franchise)", "sub_cat_id": 1524, "cat_id": 3, "property_id": 2, "mbti": "ENFP", "enneatype": "4w3"}, {"id": 16566, "mbti_profile": "Carlisle Cullen", "subcategory": "Twilight (Franchise)", "profile_image_url": "https://static1.personality-database.com/profile_images/a2eed8347a974800b865a4d62212f5fb.png", "profile_name": "Carlisle Cullen", "profile_subcat": "Twilight (Franchise)", "sub_cat_id": 1524, "cat_id": 3, "property_id": 2, "mbti": "INFJ", "enneatype": "1w2"}, {"id": 11576, "mbti_profile": "Jacob Black", "subcategory": "Twilight (Franchise)", "profile_image_url": "https://static1.personality-database.com/profile_images/f5588d55d881429189c53f47cbbd0993.png", "profile_name": "Jacob Black", "profile_subcat": "Twilight (Franchise)", "sub_cat_id": 1524, "cat_id": 3, "property_id": 2, "mbti": "ISFP", "enneatype": "6w7"}, {"id": 16565, "mbti_profile": "Jasper Hale", "subcategory": "Twilight (Franchise)", "profile_image_url": "https://static1.personality-database.com/profile_images/f2aa6b87bc834ea38f7a1651c9650236.png", "profile_name": "Jasper Hale", "profile_subcat": "Twilight (Franchise)", "sub_cat_id": 1524, "cat_id": 3, "property_id": 2, "mbti": "ISTP", "enneatype": "6w5"}, {"id": 11579, "mbti_profile": "Rosalie Hale", "subcategory": "Twilight (Franchise)", "profile_image_url": "https://static1.personality-database.com/profile_images/8909f46e372a434e8d64ae69213b120d.png", "profile_name": "Rosalie Hale", "profile_subcat": "Twilight (Franchise)", "sub_cat_id": 1524, "cat_id": 3, "property_id": 2, "mbti": "ESTJ", "enneatype": "3w4"}, {"id": 16568, "mbti_profile": "Charlie Swan", "subcategory": "Twilight (Franchise)", "profile_image_url": "https://static1.personality-database.com/profile_images/ca228467dbbc4c3380eb603bd628b570.png", "profile_name": "Charlie Swan", "profile_subcat": "Twilight (Franchise)", "sub_cat_id": 1524, "cat_id": 3, "property_id": 2, "mbti": "ISTJ", "enneatype": "6w5"}, {"id": 43329, "mbti_profile": "Aro", "subcategory": "Twilight (Franchise)", "profile_image_url": "https://static1.personality-database.com/profile_images/a58ea9de9469425ca732863493a205c7.png", "profile_name": "Aro", "profile_subcat": "Twilight (Franchise)", "sub_cat_id": 1524, "cat_id": 3, "property_id": 2, "mbti": "ENTP", "enneatype": "7w8"}], "functions": ["Fi", "Se", "Ni", "Te"], "systems": [{"hex_color": "#888888", "id": 1, "personality_type": "XXXX", "personality_type_id": 0, "system_name": "Four Letter", "system_vote_count": 788, "user_vote_type_id": 0, "vote_id": 0}, {"hex_color": "#006775", "id": 2, "personality_type": "XXXX", "personality_type_id": 0, "system_name": "Enneagram", "system_vote_count": 427, "user_vote_type_id": 0, "vote_id": 0}, {"hex_color": "#006775", "id": 5, "personality_type": "XXXX", "personality_type_id": 0, "system_name": "Instinctual Variant", "system_vote_count": 176, "user_vote_type_id": 0, "vote_id": 0}, {"hex_color": "#006775", "id": 6, "personality_type": "XXXX", "personality_type_id": 0, "system_name": "Tritype", "system_vote_count": 120, "user_vote_type_id": 0, "vote_id": 0}, {"hex_color": "#888888", "id": 3, "personality_type": "XXXX", "personality_type_id": 0, "system_name": "Socionics", "system_vote_count": 61, "user_vote_type_id": 0, "vote_id": 0}, {"hex_color": "#888888", "id": 9, "personality_type": "XXXX", "personality_type_id": 0, "system_name": "Big 5 (SLOAN)", "system_vote_count": 42, "user_vote_type_id": 0, "vote_id": 0}, {"hex_color": "#888888", "id": 8, "personality_type": "XXXX", "personality_type_id": 0, "system_name": "Attitudinal Psyche", "system_vote_count": 33, "user_vote_type_id": 0, "vote_id": 0}, {"hex_color": "#888888", "id": 7, "personality_type": "XXXX", "personality_type_id": 0, "system_name": "Temperaments", "system_vote_count": 135, "user_vote_type_id": 0, "vote_id": 0}, {"hex_color": "#888888", "id": 11, "personality_type": "XXXX", "personality_type_id": 0, "system_name": "Classic Jungian", "system_vote_count": 11, "user_vote_type_id": 0, "vote_id": 0}], "breakdown_systems": {"1": [{"myValue": "ISFP", "personality_system_id": 1, "personality_type": "ISFP", "theCount": 559}, {"myValue": "INFP", "personality_system_id": 1, "personality_type": "INFP", "theCount": 120}, {"myValue": "ISFJ", "personality_system_id": 1, "personality_type": "ISFJ", "theCount": 56}, {"myValue": "INFJ", "personality_system_id": 1, "personality_type": "INFJ", "theCount": 13}, {"myValue": "ISTP", "personality_system_id": 1, "personality_type": "ISTP", "theCount": 12}, {"myValue": "INTJ", "personality_system_id": 1, "personality_type": "INTJ", "theCount": 6}, {"myValue": "ISTJ", "personality_system_id": 1, "personality_type": "ISTJ", "theCount": 6}, {"myValue": "ESTP", "personality_system_id": 1, "personality_type": "ESTP", "theCount": 4}, {"myValue": "INTP", "personality_system_id": 1, "personality_type": "INTP", "theCount": 4}, {"myValue": "ENFP", "personality_system_id": 1, "personality_type": "ENFP", "theCount": 2}, {"myValue": "ENTP", "personality_system_id": 1, "personality_type": "ENTP", "theCount": 2}, {"myValue": "ESFP", "personality_system_id": 1, "personality_type": "ESFP", "theCount": 2}, {"myValue": "ENFJ", "personality_system_id": 1, "personality_type": "ENFJ", "theCount": 1}, {"myValue": "ENTJ", "personality_system_id": 1, "personality_type": "ENTJ", "theCount": 1}], "10": [{"myValue": "Right-brained Introvert", "personality_system_id": 10, "personality_type": "Right-brained Introvert", "theCount": 3}, {"myValue": "Left-brained Introvert", "personality_system_id": 10, "personality_type": "Left-brained Introvert", "theCount": 2}], "11": [{"myValue": "IS(F)", "personality_system_id": 11, "personality_type": "IS(F)", "theCount": 11}], "2": [{"myValue": "9w8", "personality_system_id": 2, "personality_type": "9w8", "theCount": 241}, {"myValue": "4w5", "personality_system_id": 2, "personality_type": "4w5", "theCount": 113}, {"myValue": "9w1", "personality_system_id": 2, "personality_type": "9w1", "theCount": 40}, {"myValue": "4w3", "personality_system_id": 2, "personality_type": "4w3", "theCount": 7}, {"myValue": "6w5", "personality_system_id": 2, "personality_type": "6w5", "theCount": 7}, {"myValue": "2w1", "personality_system_id": 2, "personality_type": "2w1", "theCount": 5}, {"myValue": "5w4", "personality_system_id": 2, "personality_type": "5w4", "theCount": 5}, {"myValue": "3w4", "personality_system_id": 2, "personality_type": "3w4", "theCount": 2}, {"myValue": "8w9", "personality_system_id": 2, "personality_type": "8w9", "theCount": 2}, {"myValue": "1w9", "personality_system_id": 2, "personality_type": "1w9", "theCount": 1}, {"myValue": "3w2", "personality_system_id": 2, "personality_type": "3w2", "theCount": 1}, {"myValue": "5w6", "personality_system_id": 2, "personality_type": "5w6", "theCount": 1}, {"myValue": "6w7", "personality_system_id": 2, "personality_type": "6w7", "theCount": 1}, {"myValue": "8w7", "personality_system_id": 2, "personality_type": "8w7", "theCount": 1}], "3": [{"myValue": "ILI", "personality_system_id": 3, "personality_type": "ILI", "theCount": 25}, {"myValue": "SEI", "personality_system_id": 3, "personality_type": "SEI", "theCount": 20}, {"myValue": "SLI", "personality_system_id": 3, "personality_type": "SLI", "theCount": 5}, {"myValue": "EII", "personality_system_id": 3, "personality_type": "EII", "theCount": 3}, {"myValue": "ESI", "personality_system_id": 3, "personality_type": "ESI", "theCount": 2}, {"myValue": "IEE", "personality_system_id": 3, "personality_type": "IEE", "theCount": 2}, {"myValue": "IEI", "personality_system_id": 3, "personality_type": "IEI", "theCount": 2}, {"myValue": "SEE", "personality_system_id": 3, "personality_type": "SEE", "theCount": 2}], "4": [{"myValue": "True Neutral", "personality_system_id": 4, "personality_type": "True Neutral", "theCount": 30}, {"myValue": "Neutral Good", "personality_system_id": 4, "personality_type": "Neutral Good", "theCount": 3}, {"myValue": "Chaotic Good", "personality_system_id": 4, "personality_type": "Chaotic Good", "theCount": 2}, {"myValue": "Lawful Evil", "personality_system_id": 4, "personality_type": "Lawful Evil", "theCount": 1}, {"myValue": "Lawful Good", "personality_system_id": 4, "personality_type": "Lawful Good", "theCount": 1}, {"myValue": "Lawful Neutral", "personality_system_id": 4, "personality_type": "Lawful Neutral", "theCount": 1}], "5": [{"myValue": "sx/sp", "personality_system_id": 5, "personality_type": "sx/sp", "theCount": 157}, {"myValue": "sp/sx", "personality_system_id": 5, "personality_type": "sp/sx", "theCount": 9}, {"myValue": "sx/so", "personality_system_id": 5, "personality_type": "sx/so", "theCount": 6}, {"myValue": "so/sp", "personality_system_id": 5, "personality_type": "so/sp", "theCount": 2}, {"myValue": "so/sx", "personality_system_id": 5, "personality_type": "so/sx", "theCount": 1}, {"myValue": "sp/so", "personality_system_id": 5, "personality_type": "sp/so", "theCount": 1}], "6": [{"myValue": "946", "personality_system_id": 6, "personality_type": "946", "theCount": 80}, {"myValue": "496", "personality_system_id": 6, "personality_type": "496", "theCount": 19}, {"myValue": "964", "personality_system_id": 6, "personality_type": "964", "theCount": 5}, {"myValue": "469", "personality_system_id": 6, "personality_type": "469", "theCount": 4}, {"myValue": "945", "personality_system_id": 6, "personality_type": "945", "theCount": 4}, {"myValue": "258", "personality_system_id": 6, "personality_type": "258", "theCount": 1}, {"myValue": "386", "personality_system_id": 6, "personality_type": "386", "theCount": 1}, {"myValue": "459", "personality_system_id": 6, "personality_type": "459", "theCount": 1}, {"myValue": "495", "personality_system_id": 6, "personality_type": "495", "theCount": 1}, {"myValue": "549", "personality_system_id": 6, "personality_type": "549", "theCount": 1}, {"myValue": "692", "personality_system_id": 6, "personality_type": "692", "theCount": 1}, {"myValue": "873", "personality_system_id": 6, "personality_type": "873", "theCount": 1}, {"myValue": "954", "personality_system_id": 6, "personality_type": "954", "theCount": 1}], "7": [{"myValue": "Melancholic-Phlegmatic", "personality_system_id": 7, "personality_type": "Melancholic-Phlegmatic", "theCount": 71}, {"myValue": "Phlegmatic [Dominant]", "personality_system_id": 7, "personality_type": "Phlegmatic [Dominant]", "theCount": 27}, {"myValue": "Phlegmatic-Melancholic", "personality_system_id": 7, "personality_type": "Phlegmatic-Melancholic", "theCount": 17}, {"myValue": "Melancholic [Dominant]", "personality_system_id": 7, "personality_type": "Melancholic [Dominant]", "theCount": 15}, {"myValue": "Choleric [Dominant]", "personality_system_id": 7, "personality_type": "Choleric [Dominant]", "theCount": 1}, {"myValue": "Choleric-Phlegmatic", "personality_system_id": 7, "personality_type": "Choleric-Phlegmatic", "theCount": 1}, {"myValue": "Melancholic-Choleric", "personality_system_id": 7, "personality_type": "Melancholic-Choleric", "theCount": 1}, {"myValue": "Sanguine [Dominant]", "personality_system_id": 7, "personality_type": "Sanguine [Dominant]", "theCount": 1}, {"myValue": "Sanguine-Choleric", "personality_system_id": 7, "personality_type": "Sanguine-Choleric", "theCount": 1}], "8": [{"myValue": "EFLV", "personality_system_id": 8, "personality_type": "EFLV", "theCount": 15}, {"myValue": "FLEV", "personality_system_id": 8, "personality_type": "FLEV", "theCount": 8}, {"myValue": "FELV", "personality_system_id": 8, "personality_type": "FELV", "theCount": 6}, {"myValue": "ELVF", "personality_system_id": 8, "personality_type": "ELVF", "theCount": 3}, {"myValue": "EFVL", "personality_system_id": 8, "personality_type": "EFVL", "theCount": 1}], "9": [{"myValue": "RLUAN", "personality_system_id": 9, "personality_type": "RLUAN", "theCount": 29}, {"myValue": "RLUAI", "personality_system_id": 9, "personality_type": "RLUAI", "theCount": 3}, {"myValue": "RLUEN", "personality_system_id": 9, "personality_type": "RLUEN", "theCount": 3}, {"myValue": "RCUAN", "personality_system_id": 9, "personality_type": "RCUAN", "theCount": 2}, {"myValue": "RCOAI", "personality_system_id": 9, "personality_type": "RCOAI", "theCount": 1}, {"myValue": "RCOAN", "personality_system_id": 9, "personality_type": "RCOAN", "theCount": 1}, {"myValue": "RCOEN", "personality_system_id": 9, "personality_type": "RCOEN", "theCount": 1}, {"myValue": "RLOAN", "personality_system_id": 9, "personality_type": "RLOAN", "theCount": 1}, {"myValue": "SLOAI", "personality_system_id": 9, "personality_type": "SLOAI", "theCount": 1}]}, "breakdown_config": {"expand": {"1": 3, "10": 1, "11": 1, "2": 3, "3": 2, "4": 1, "5": 1, "6": 1, "7": 1, "8": 2, "9": 1}, "fire": {"1": 0, "10": 0, "11": 0, "2": 0, "3": 1, "4": 0, "5": 0, "6": 0, "7": 0, "8": 1, "9": 0}}, "mbti_letter_stats": [{"type": "I", "percentage": "98%", "PercentageFloat": 0.9847715736040609}, {"type": "S", "percentage": "81%", "PercentageFloat": 0.8109137055837563}, {"type": "F", "percentage": "96%", "PercentageFloat": 0.9555837563451777}, {"type": "P", "percentage": "89%", "PercentageFloat": 0.8946700507614214}], "topic_info": {"can_generate": false, "topic": {"description": "Isabella \"Bella\" Marie Swan-Cullen (born September 13,1987), the daughter of Charlie Swan and Ren\u00e9e Dwyer, is the protagonist of the Twilight Saga. She is portrayed by #KristenStewart in the movie adaptations.", "follow_count": 1, "id": 10740, "is_following": false, "is_join_pending": false, "is_banned": false, "is_moderated": false, "name_readable": "Isabella \u201cBella\u201d Swan", "post_count": 43, "source_profile_id": 11574, "source_type": "profile", "join_to_post": false, "can_pin": false, "related_topics": [{"description": "Isabella \"Bella\" Marie Swan-Cullen (born September 13,1987), the daughter of Charlie Swan and Ren\u00e9e Dwyer, is the protagonist of the Twilight Saga. She is portrayed by #KristenStewart in the movie adaptations.", "follow_count": 1, "id": 10740, "is_following": false, "is_join_pending": false, "is_banned": false, "is_moderated": false, "name_readable": "Isabella \u201cBella\u201d Swan", "post_count": 43, "source_profile_id": 11574, "source_type": "profile", "image": {"picURL": "https://static1.personality-database.com/profile_images/321d2697324140b39696873542816fc9.png"}, "join_to_post": false, "can_pin": false}, {"description": "Edward Anthony Masen-Cullen (born June 20, 1901) is a telepathic vampire and founding member of the Olympic coven. He is also the primary love interest of the Saga's protagonist, Bella Swan.\n\n#RobertPattinson #TakahiroSakurai", "follow_count": 1, "id": 10741, "is_following": false, "is_join_pending": false, "is_banned": false, "is_moderated": false, "name_readable": "Edward Cullen", "post_count": 31, "source_profile_id": 11575, "source_type": "profile", "image": {"picURL": "https://static1.personality-database.com/profile_images/a9018c112b074832ac5aee59710705a7.png"}, "join_to_post": false, "can_pin": false}, {"description": "Mary Alice Brandon-Cullen (born 1901) is a precognitive vampire and member of the Olympic coven. She is the wife of Jasper Hale, the adopted daughter of Carlisle and Esme Cullen, and the adoptive sister of Emmett Cullen, Edward Cullen, and Rosalie Hale. She is portrayed by #AshleyGreene in the movie adaptations.", "follow_count": 6, "id": 10743, "is_following": false, "is_join_pending": false, "is_banned": false, "is_moderated": false, "name_readable": "Alice Cullen", "post_count": 11, "source_profile_id": 11577, "source_type": "profile", "image": {"picURL": "https://static1.personality-database.com/profile_images/a3bc867ce6494c1dbee57684727407fd.png"}, "join_to_post": false, "can_pin": false}, {"description": "Jacob Ephraim Black is a werewolf and former Beta of Sam Uley's pack, later the Alpha of his own pack. In New Moon, at the age of sixteen, he transforms into a wolf for the first time. He is the imprinter of Bella's half-human/half-vampire daughter, Renesmee (whom he affectionately dubbed \"Nessie\"). He is portrayed by #TaylorLautner in the movie adaptations.", "follow_count": 2, "id": 10742, "is_following": false, "is_join_pending": false, "is_banned": false, "is_moderated": false, "name_readable": "Jacob Black", "post_count": 4, "source_profile_id": 11576, "source_type": "profile", "image": {"picURL": "https://static1.personality-database.com/profile_images/f5588d55d881429189c53f47cbbd0993.png"}, "join_to_post": false, "can_pin": false}, {"description": "Carlisle Cullen (born 1640) is the founder and leader of the Olympic coven. He is the second husband of Esme Cullen and the adoptive father of Emmett, Alice, Edward Cullen, and Jasper and Rosalie Hale. He is also the adoptive father-in-law of Bella Swan and adoptive grandfather of Renesmee Cullen. He is portrayed by #PeterFacinelli in the movie adaptations.", "follow_count": 0, "id": 15246, "is_following": false, "is_join_pending": false, "is_banned": false, "is_moderated": false, "name_readable": "Carlisle Cullen", "post_count": 2, "source_profile_id": 16566, "source_type": "profile", "image": {"picURL": "https://static1.personality-database.com/profile_images/a2eed8347a974800b865a4d62212f5fb.png"}, "join_to_post": false, "can_pin": false}, {"description": "James is the leader of his coven, with his mate Victoria and his coven mate Laurent. He caught the scent of Bella Swan, and hunted her as his next meal in Twilight. He is portrayed by Cam Gigandet in the movie adaptation.", "follow_count": 0, "id": 38470, "is_following": false, "is_join_pending": false, "is_banned": false, "is_moderated": false, "name_readable": "James Witherdale", "post_count": 2, "source_profile_id": 43324, "source_type": "profile", "image": {"picURL": "https://static1.personality-database.com/profile_images/cf910d3187f64b38913868587ccf69d8.png"}, "join_to_post": false, "can_pin": false}, {"description": "William \"Billy\" Black is the father of Jacob, and the best friend of Charlie Swan. His wife, Sarah, died in a car accident when Jacob was nine years old. He is confined to a wheelchair due to complications with diabetes. He is portrayed by Gil Birmingham in the movie adaptations.", "follow_count": 0, "id": 38473, "is_following": false, "is_join_pending": false, "is_banned": false, "is_moderated": false, "name_readable": "Billy Black", "post_count": 1, "source_profile_id": 43327, "source_type": "profile", "image": {"picURL": "https://static1.personality-database.com/profile_images/c03d527c12dd404d9089f66b1acd6b6f.png"}, "join_to_post": false, "can_pin": false}, {"description": "Embry Call is a werewolf, one of Jacob's close friends, and a member of the Uley wolf pack. He is portrayed by Kiowa Gordon in the movie adaptations.", "follow_count": 0, "id": 108485, "is_following": false, "is_join_pending": false, "is_banned": false, "is_moderated": false, "name_readable": "Embry Call", "post_count": 1, "source_profile_id": 140066, "source_type": "profile", "image": {"picURL": "https://static1.personality-database.com/profile_images/51a6605b9ad44040b8b7776623b58893.png"}, "join_to_post": false, "can_pin": false}, {"description": "Jessica Stanley is a friend of Bella's at Forks High School, and plays a minor role in the Twilight series. She is portrayed by #AnnaKendrick in the movie adaptations.", "follow_count": 0, "id": 38474, "is_following": false, "is_join_pending": false, "is_banned": false, "is_moderated": false, "name_readable": "Jessica Stanley", "post_count": 1, "source_profile_id": 43328, "source_type": "profile", "image": {"picURL": "https://static1.personality-database.com/profile_images/1400785c67054801b349c8c932df6782.png"}, "join_to_post": false, "can_pin": false}, {"description": "Aro is one of the three leaders of the Volturi\u2014the dominant coven of the vampire world. He is widely accepted as the de facto leader of the Volturi. He has gift of tactile telepathy, which gives him the ability to read someone's thoughts and memories with a single touch. He is portrayed by Michael Sheen in the movie adaptations.", "follow_count": 0, "id": 38475, "is_following": false, "is_join_pending": false, "is_banned": false, "is_moderated": false, "name_readable": "Aro", "post_count": 1, "source_profile_id": 43329, "source_type": "profile", "image": {"picURL": "https://static1.personality-database.com/profile_images/a58ea9de9469425ca732863493a205c7.png"}, "join_to_post": false, "can_pin": false}, {"description": "\nRosalie Lillian Hale (born 1915) is a member of the Olympic coven. She is the wife of Emmett Cullen and the adoptive daughter of Carlisle and Esme Cullen, as well as the adoptive sister of Jasper Hale, Alice, and Edward Cullen. She is portrayed by #NikkiReed in the movie adaptations.", "follow_count": 1, "id": 10745, "is_following": false, "is_join_pending": false, "is_banned": false, "is_moderated": false, "name_readable": "Rosalie Hale", "post_count": 1, "source_profile_id": 11579, "source_type": "profile", "image": {"picURL": "https://static1.personality-database.com/profile_images/8909f46e372a434e8d64ae69213b120d.png"}, "join_to_post": false, "can_pin": false}, {"description": "", "follow_count": 0, "id": 171661, "is_following": false, "is_join_pending": false, "is_banned": false, "is_moderated": false, "name_readable": "Alec", "post_count": 0, "source_profile_id": 222309, "source_type": "profile", "image": {"picURL": "https://static1.personality-database.com/profile_images/1a4f8f3a23914e0284db6869522cc06e.png"}, "join_to_post": false, "can_pin": false}, {"description": "Irina (pronounced Ear-ee-na) is one of the original Denali \u201csisters,\u201d along with Tanya and Kate, and an originator of the myth of the succubus. She is a \u201cvegetarian\u201d and led a very peaceful lifestyle with her \u201cfamily.\u201d The Denalis consider themselves to be the Cullens' extended family or \u201ccousins.\u201d She is portrayed by Maggie Grace in the movie adaptations of Breaking Dawn.", "follow_count": 0, "id": 160564, "is_following": false, "is_join_pending": false, "is_banned": false, "is_moderated": false, "name_readable": "Irina", "post_count": 0, "source_profile_id": 207841, "source_type": "profile", "image": {"picURL": "https://static1.personality-database.com/profile_images/0767826f2fdd486e8445df1a01d5da7f.png"}, "join_to_post": false, "can_pin": false}, {"description": "Alistair is an English solitary, nomadic vampire and a friend of sort of Carlisle Cullen. He is gifted with a unique tracking ability that allows him to track animate beings at a greater distance than most vampires can. He is portrayed by Joe Anderson in the second movie adaptation of Breaking Dawn.", "follow_count": 0, "id": 202634, "is_following": false, "is_join_pending": false, "is_banned": false, "is_moderated": false, "name_readable": "Alistair", "post_count": 0, "source_profile_id": 262735, "source_type": "profile", "image": {"picURL": "https://static1.personality-database.com/profile_images/a6a568b9f4f144cbbbc2ce82145bbc8e.png"}, "join_to_post": false, "can_pin": false}, {"description": "Tanya is the leader of the Denali coven. Like the Cullens, the Denali's also live a \"vegetarian\" lifestyle, feeding on animal blood rather than human blood. She is portrayed by MyAnna Buring in the movie adaptations of Breaking Dawn.", "follow_count": 0, "id": 160567, "is_following": false, "is_join_pending": false, "is_banned": false, "is_moderated": false, "name_readable": "Tanya", "post_count": 0, "source_profile_id": 207844, "source_type": "profile", "image": {"picURL": "https://static1.personality-database.com/profile_images/eac059513c524660bf8a4d88d8b2e814.png"}, "join_to_post": false, "can_pin": false}, {"description": "Laurent (pronounced Luh-rawnt) is a nomadic vampire and a member of James's coven. He is portrayed by Edi Gathegi in the movie adaptations.", "follow_count": 0, "id": 38472, "is_following": false, "is_join_pending": false, "is_banned": false, "is_moderated": false, "name_readable": "Laurent Da Revin", "post_count": 0, "source_profile_id": 43326, "source_type": "profile", "image": {"picURL": "https://static1.personality-database.com/profile_images/74602f36f8fb4c5f8fdc2daab9e05176.png"}, "join_to_post": false, "can_pin": false}], "subcategory": "Twilight (Franchise)", "topic_image_url": "https://static1.personality-database.com/profile_images/321d2697324140b39696873542816fc9.png", "source_location": {"cid": 3, "pid": 2, "sub_cat_id": 1524}, "can_post_image": false, "can_post_audio": false, "posts": {"posts": [{"username": "elbenzo", "user_pic_path": "https://lh3.googleusercontent.com/a-/AOh14GiUOT4Yq9TYNTHj_DaMZHphtx0WBBccxwXjTcRa=s96-c", "user_personality_type": "INTJ", "is_mod": false, "comment_count": 0, "reply_count": 0, "vote_type": 0, "topics_list": [{"id": 10740, "name_readable": "Isabella \u201cBella\u201d Swan"}], "id": 1904584, "post_id": 1904584, "user_id": 522021, "title": "", "content": "why is she non-curious? she met a vampire and immediately wanted him to spank her. seems pretty open to experience to me.  not to mention the high emotionality and impulsiveness and the high diversity tolerance.", "create_date": 1670625659000, "unix_timestamp": 1670625659000, "update_date": 1670626017000, "vote_count": 4, "vote_count_down": 0, "is_reported": 0, "is_hidden": false, "is_pinned": false, "is_watching": false, "is_pro_user": false, "images": null, "audios": null, "function_list": [], "type": "post"}, {"username": "6andwa9on", "user_pic_path": "https://static1.personality-database.com/user_avatars/216031/f475f78b-f9d5-4fc5-98f5-8bc49d40409c.jpeg", "user_personality_type": "", "is_mod": false, "comment_count": 1, "reply_count": 1, "vote_type": 0, "topics_list": [{"id": 10740, "name_readable": "Isabella \u201cBella\u201d Swan"}], "id": 1774193, "post_id": 1774193, "user_id": 216031, "title": "", "content": "ILI bella\ud83d\udc80", "create_date": 1668901942000, "unix_timestamp": 1668901942000, "update_date": 1668901982000, "vote_count": 7, "vote_count_down": 0, "is_reported": 0, "is_hidden": false, "is_pinned": false, "is_watching": false, "is_pro_user": false, "images": null, "audios": null, "function_list": [], "type": "post"}, {"username": "adiha", "user_pic_path": "https://static1.personality-database.com/user_avatars/939260/c37eaba1-7200-414d-af58-8b716633a639_small.jpeg", "user_personality_type": "INFP-4w5-496", "is_mod": false, "comment_count": 4, "reply_count": 4, "vote_type": 0, "topics_list": [{"id": 10740, "name_readable": "Isabella \u201cBella\u201d Swan"}], "id": 1715763, "post_id": 1715763, "user_id": 939260, "title": "", "content": "you guys are all haters. bella my little meow meow \ud835\udd8e \ud835\udd9c\ud835\udd8e\ud835\udd91\ud835\udd91 \ud835\udd95\ud835\udd97\ud835\udd94\ud835\udd99\ud835\udd8a\ud835\udd88\ud835\udd99 \ud835\udd9e\ud835\udd94\ud835\udd9a.", "create_date": 1668152888000, "unix_timestamp": 1668152888000, "update_date": 1668152888000, "vote_count": 8, "vote_count_down": 4, "is_reported": 0, "is_hidden": false, "is_pinned": false, "is_watching": false, "is_pro_user": false, "images": null, "audios": null, "function_list": [], "type": "post"}]}}}}