{"id": 11577, "mbti_profile": "Alice Cullen", "profile_name_searchable": "alicecullen", "allow_commenting": true, "allow_voting": true, "user_id": 15014, "contributor": "Vigilante", "contributor_create_date": "2018-04-23 19:43:18", "contributor_pic_path": "https://lh3.googleusercontent.com/a-/AOh14Gg9JNCkcuOLB8hWBwT2QpW7B73BJF197RGvSxZ-=s96-c", "display_order": 0, "edit_lock": 0, "edit_lock_picture": 0, "is_active": true, "is_approved": true, "mbti_enneagram_type": "ENFP 4w3", "mbti_type": "ENFP 4w3", "pdb_comment_access": true, "pdb_page_owner": 0, "pdb_public_access": true, "wiki_description": "Mary Alice Brandon-Cullen (born 1901) is a precognitive vampire and member of the Olympic coven. She is the wife of Jasper Hale, the adopted daughter of Carlisle and Esme Cullen, and the adoptive sister of Emmett Cullen, Edward Cullen, and Rosalie Hale. She is portrayed by #AshleyGreene in the movie adaptations.", "watch_count": 1926, "comment_count": 84, "vote_count": 546, "vote_count_enneagram": 264, "vote_count_mbti": 546, "total_vote_counts": 1130, "personality_type": "ENFP - 4w3 - so/sx - 479 - IEE - SCUAI - EFVL - Sanguine [Dominant] - EN(F)", "type_updated_date": "2022-11-16 00:35:31", "enneagram_vote": "", "enneagram_vote_id": 0, "mbti_vote": "", "mbti_vote_id": 0, "is_watching": false, "image_exists": false, "profile_image_url": "https://static1.personality-database.com/profile_images/a3bc867ce6494c1dbee57684727407fd.png", "profile_image_credit": "", "profile_image_credit_id": 411975, "profile_image_credit_type": "0", "profile_image_credit_url": "", "alt_subcategory": "", "related_subcategories": "", "cat_id": 3, "category": "Movies", "category_is_fictional": true, "sub_cat_id": 1524, "subcategory": "Twilight (Franchise)", "subcat_link_info": {"sub_cat_id": 1524, "cat_id": 3, "property_id": 2, "subcategory": "Twilight (Franchise)"}, "related_subcat_link_info": null, "related_profiles": [{"id": 11574, "mbti_profile": "Isabella \u201cBella\u201d Swan", "subcategory": "Twilight (Franchise)", "profile_image_url": "https://static1.personality-database.com/profile_images/321d2697324140b39696873542816fc9.png", "profile_name": "Isabella \u201cBella\u201d Swan", "profile_subcat": "Twilight (Franchise)", "sub_cat_id": 1524, "cat_id": 3, "property_id": 2, "mbti": "ISFP", "enneatype": "9w8"}, {"id": 11575, "mbti_profile": "Edward Cullen", "subcategory": "Twilight (Franchise)", "profile_image_url": "https://static1.personality-database.com/profile_images/a9018c112b074832ac5aee59710705a7.png", "profile_name": "Edward Cullen", "profile_subcat": "Twilight (Franchise)", "sub_cat_id": 1524, "cat_id": 3, "property_id": 2, "mbti": "INFJ", "enneatype": "6w5"}, {"id": 16566, "mbti_profile": "Carlisle Cullen", "subcategory": "Twilight (Franchise)", "profile_image_url": "https://static1.personality-database.com/profile_images/a2eed8347a974800b865a4d62212f5fb.png", "profile_name": "Carlisle Cullen", "profile_subcat": "Twilight (Franchise)", "sub_cat_id": 1524, "cat_id": 3, "property_id": 2, "mbti": "INFJ", "enneatype": "1w2"}, {"id": 11576, "mbti_profile": "Jacob Black", "subcategory": "Twilight (Franchise)", "profile_image_url": "https://static1.personality-database.com/profile_images/f5588d55d881429189c53f47cbbd0993.png", "profile_name": "Jacob Black", "profile_subcat": "Twilight (Franchise)", "sub_cat_id": 1524, "cat_id": 3, "property_id": 2, "mbti": "ISFP", "enneatype": "6w7"}, {"id": 16565, "mbti_profile": "Jasper Hale", "subcategory": "Twilight (Franchise)", "profile_image_url": "https://static1.personality-database.com/profile_images/f2aa6b87bc834ea38f7a1651c9650236.png", "profile_name": "Jasper Hale", "profile_subcat": "Twilight (Franchise)", "sub_cat_id": 1524, "cat_id": 3, "property_id": 2, "mbti": "ISTP", "enneatype": "6w5"}, {"id": 11579, "mbti_profile": "Rosalie Hale", "subcategory": "Twilight (Franchise)", "profile_image_url": "https://static1.personality-database.com/profile_images/8909f46e372a434e8d64ae69213b120d.png", "profile_name": "Rosalie Hale", "profile_subcat": "Twilight (Franchise)", "sub_cat_id": 1524, "cat_id": 3, "property_id": 2, "mbti": "ESTJ", "enneatype": "3w4"}, {"id": 16568, "mbti_profile": "Charlie Swan", "subcategory": "Twilight (Franchise)", "profile_image_url": "https://static1.personality-database.com/profile_images/ca228467dbbc4c3380eb603bd628b570.png", "profile_name": "Charlie Swan", "profile_subcat": "Twilight (Franchise)", "sub_cat_id": 1524, "cat_id": 3, "property_id": 2, "mbti": "ISTJ", "enneatype": "6w5"}, {"id": 43329, "mbti_profile": "Aro", "subcategory": "Twilight (Franchise)", "profile_image_url": "https://static1.personality-database.com/profile_images/a58ea9de9469425ca732863493a205c7.png", "profile_name": "Aro", "profile_subcat": "Twilight (Franchise)", "sub_cat_id": 1524, "cat_id": 3, "property_id": 2, "mbti": "ENTP", "enneatype": "7w8"}], "functions": ["Ne", "Fi", "Te", "Si"], "systems": [{"hex_color": "#888888", "id": 1, "personality_type": "XXXX", "personality_type_id": 0, "system_name": "Four Letter", "system_vote_count": 541, "user_vote_type_id": 0, "vote_id": 0}, {"hex_color": "#006775", "id": 2, "personality_type": "XXXX", "personality_type_id": 0, "system_name": "Enneagram", "system_vote_count": 261, "user_vote_type_id": 0, "vote_id": 0}, {"hex_color": "#006775", "id": 5, "personality_type": "XXXX", "personality_type_id": 0, "system_name": "Instinctual Variant", "system_vote_count": 83, "user_vote_type_id": 0, "vote_id": 0}, {"hex_color": "#006775", "id": 6, "personality_type": "XXXX", "personality_type_id": 0, "system_name": "Tritype", "system_vote_count": 82, "user_vote_type_id": 0, "vote_id": 0}, {"hex_color": "#888888", "id": 3, "personality_type": "XXXX", "personality_type_id": 0, "system_name": "Socionics", "system_vote_count": 31, "user_vote_type_id": 0, "vote_id": 0}, {"hex_color": "#888888", "id": 9, "personality_type": "XXXX", "personality_type_id": 0, "system_name": "Big 5 (SLOAN)", "system_vote_count": 29, "user_vote_type_id": 0, "vote_id": 0}, {"hex_color": "#888888", "id": 8, "personality_type": "XXXX", "personality_type_id": 0, "system_name": "Attitudinal Psyche", "system_vote_count": 12, "user_vote_type_id": 0, "vote_id": 0}, {"hex_color": "#888888", "id": 7, "personality_type": "XXXX", "personality_type_id": 0, "system_name": "Temperaments", "system_vote_count": 68, "user_vote_type_id": 0, "vote_id": 0}, {"hex_color": "#888888", "id": 11, "personality_type": "XXXX", "personality_type_id": 0, "system_name": "Classic Jungian", "system_vote_count": 2, "user_vote_type_id": 0, "vote_id": 0}], "breakdown_systems": {"1": [{"myValue": "ENFP", "personality_system_id": 1, "personality_type": "ENFP", "theCount": 476}, {"myValue": "ENFJ", "personality_system_id": 1, "personality_type": "ENFJ", "theCount": 34}, {"myValue": "INFP", "personality_system_id": 1, "personality_type": "INFP", "theCount": 12}, {"myValue": "ESFJ", "personality_system_id": 1, "personality_type": "ESFJ", "theCount": 10}, {"myValue": "INFJ", "personality_system_id": 1, "personality_type": "INFJ", "theCount": 5}, {"myValue": "INTP", "personality_system_id": 1, "personality_type": "INTP", "theCount": 2}, {"myValue": "ESFP", "personality_system_id": 1, "personality_type": "ESFP", "theCount": 1}, {"myValue": "ISFP", "personality_system_id": 1, "personality_type": "ISFP", "theCount": 1}], "11": [{"myValue": "EN(F)", "personality_system_id": 11, "personality_type": "EN(F)", "theCount": 2}], "2": [{"myValue": "4w3", "personality_system_id": 2, "personality_type": "4w3", "theCount": 174}, {"myValue": "2w3", "personality_system_id": 2, "personality_type": "2w3", "theCount": 64}, {"myValue": "7w6", "personality_system_id": 2, "personality_type": "7w6", "theCount": 9}, {"myValue": "4w5", "personality_system_id": 2, "personality_type": "4w5", "theCount": 4}, {"myValue": "1w2", "personality_system_id": 2, "personality_type": "1w2", "theCount": 3}, {"myValue": "2w1", "personality_system_id": 2, "personality_type": "2w1", "theCount": 2}, {"myValue": "3w4", "personality_system_id": 2, "personality_type": "3w4", "theCount": 1}, {"myValue": "5w4", "personality_system_id": 2, "personality_type": "5w4", "theCount": 1}, {"myValue": "6w5", "personality_system_id": 2, "personality_type": "6w5", "theCount": 1}, {"myValue": "6w7", "personality_system_id": 2, "personality_type": "6w7", "theCount": 1}, {"myValue": "7w8", "personality_system_id": 2, "personality_type": "7w8", "theCount": 1}], "3": [{"myValue": "IEE", "personality_system_id": 3, "personality_type": "IEE", "theCount": 26}, {"myValue": "IEI", "personality_system_id": 3, "personality_type": "IEI", "theCount": 2}, {"myValue": "ESE", "personality_system_id": 3, "personality_type": "ESE", "theCount": 1}, {"myValue": "ESI", "personality_system_id": 3, "personality_type": "ESI", "theCount": 1}, {"myValue": "ILI", "personality_system_id": 3, "personality_type": "ILI", "theCount": 1}], "4": [{"myValue": "Neutral Good", "personality_system_id": 4, "personality_type": "Neutral Good", "theCount": 20}, {"myValue": "Lawful Good", "personality_system_id": 4, "personality_type": "Lawful Good", "theCount": 1}], "5": [{"myValue": "so/sx", "personality_system_id": 5, "personality_type": "so/sx", "theCount": 74}, {"myValue": "sp/so", "personality_system_id": 5, "personality_type": "sp/so", "theCount": 5}, {"myValue": "sx/so", "personality_system_id": 5, "personality_type": "sx/so", "theCount": 2}, {"myValue": "so/sp", "personality_system_id": 5, "personality_type": "so/sp", "theCount": 1}, {"myValue": "sp/sx", "personality_system_id": 5, "personality_type": "sp/sx", "theCount": 1}], "6": [{"myValue": "479", "personality_system_id": 6, "personality_type": "479", "theCount": 56}, {"myValue": "279", "personality_system_id": 6, "personality_type": "279", "theCount": 19}, {"myValue": "469", "personality_system_id": 6, "personality_type": "469", "theCount": 2}, {"myValue": "749", "personality_system_id": 6, "personality_type": "749", "theCount": 2}, {"myValue": "261", "personality_system_id": 6, "personality_type": "261", "theCount": 1}, {"myValue": "271", "personality_system_id": 6, "personality_type": "271", "theCount": 1}, {"myValue": "729", "personality_system_id": 6, "personality_type": "729", "theCount": 1}], "7": [{"myValue": "Sanguine [Dominant]", "personality_system_id": 7, "personality_type": "Sanguine [Dominant]", "theCount": 57}, {"myValue": "Sanguine-Phlegmatic", "personality_system_id": 7, "personality_type": "Sanguine-Phlegmatic", "theCount": 5}, {"myValue": "Sanguine-Melancholic", "personality_system_id": 7, "personality_type": "Sanguine-Melancholic", "theCount": 2}, {"myValue": "Choleric [Dominant]", "personality_system_id": 7, "personality_type": "Choleric [Dominant]", "theCount": 1}, {"myValue": "Choleric-Melancholic", "personality_system_id": 7, "personality_type": "Choleric-Melancholic", "theCount": 1}, {"myValue": "Melancholic-Phlegmatic", "personality_system_id": 7, "personality_type": "Melancholic-Phlegmatic", "theCount": 1}, {"myValue": "Phlegmatic [Dominant]", "personality_system_id": 7, "personality_type": "Phlegmatic [Dominant]", "theCount": 1}], "8": [{"myValue": "EFVL", "personality_system_id": 8, "personality_type": "EFVL", "theCount": 9}, {"myValue": "EVFL", "personality_system_id": 8, "personality_type": "EVFL", "theCount": 1}, {"myValue": "FEVL", "personality_system_id": 8, "personality_type": "FEVL", "theCount": 1}, {"myValue": "LVFE", "personality_system_id": 8, "personality_type": "LVFE", "theCount": 1}], "9": [{"myValue": "SCUAI", "personality_system_id": 9, "personality_type": "SCUAI", "theCount": 26}, {"myValue": "RLOAN", "personality_system_id": 9, "personality_type": "RLOAN", "theCount": 1}, {"myValue": "SCOAN", "personality_system_id": 9, "personality_type": "SCOAN", "theCount": 1}, {"myValue": "SCUAN", "personality_system_id": 9, "personality_type": "SCUAN", "theCount": 1}]}, "breakdown_config": {"expand": {"1": 3, "11": 1, "2": 3, "3": 1, "4": 1, "5": 1, "6": 1, "7": 1, "8": 1, "9": 1}, "fire": {"1": 0, "11": 0, "2": 0, "3": 0, "4": 0, "5": 0, "6": 0, "7": 0, "8": 0, "9": 0}}, "mbti_letter_stats": [{"type": "E", "percentage": "96%", "PercentageFloat": 0.9630314232902033}, {"type": "N", "percentage": "98%", "PercentageFloat": 0.977818853974122}, {"type": "F", "percentage": "100%", "PercentageFloat": 0.9963031423290203}, {"type": "P", "percentage": "91%", "PercentageFloat": 0.9094269870609981}], "topic_info": {"can_generate": false, "topic": {"description": "Mary Alice Brandon-Cullen (born 1901) is a precognitive vampire and member of the Olympic coven. She is the wife of Jasper Hale, the adopted daughter of Carlisle and Esme Cullen, and the adoptive sister of Emmett Cullen, Edward Cullen, and Rosalie Hale. She is portrayed by #AshleyGreene in the movie adaptations.", "follow_count": 6, "id": 10743, "is_following": false, "is_join_pending": false, "is_banned": false, "is_moderated": false, "name_readable": "Alice Cullen", "post_count": 11, "source_profile_id": 11577, "source_type": "profile", "join_to_post": false, "can_pin": false, "related_topics": [{"description": "Isabella \"Bella\" Marie Swan-Cullen (born September 13,1987), the daughter of Charlie Swan and Ren\u00e9e Dwyer, is the protagonist of the Twilight Saga. She is portrayed by #KristenStewart in the movie adaptations.", "follow_count": 1, "id": 10740, "is_following": false, "is_join_pending": false, "is_banned": false, "is_moderated": false, "name_readable": "Isabella \u201cBella\u201d Swan", "post_count": 43, "source_profile_id": 11574, "source_type": "profile", "image": {"picURL": "https://static1.personality-database.com/profile_images/321d2697324140b39696873542816fc9.png"}, "join_to_post": false, "can_pin": false}, {"description": "Edward Anthony Masen-Cullen (born June 20, 1901) is a telepathic vampire and founding member of the Olympic coven. He is also the primary love interest of the Saga's protagonist, Bella Swan.\n\n#RobertPattinson #TakahiroSakurai", "follow_count": 1, "id": 10741, "is_following": false, "is_join_pending": false, "is_banned": false, "is_moderated": false, "name_readable": "Edward Cullen", "post_count": 31, "source_profile_id": 11575, "source_type": "profile", "image": {"picURL": "https://static1.personality-database.com/profile_images/a9018c112b074832ac5aee59710705a7.png"}, "join_to_post": false, "can_pin": false}, {"description": "Mary Alice Brandon-Cullen (born 1901) is a precognitive vampire and member of the Olympic coven. She is the wife of Jasper Hale, the adopted daughter of Carlisle and Esme Cullen, and the adoptive sister of Emmett Cullen, Edward Cullen, and Rosalie Hale. She is portrayed by #AshleyGreene in the movie adaptations.", "follow_count": 6, "id": 10743, "is_following": false, "is_join_pending": false, "is_banned": false, "is_moderated": false, "name_readable": "Alice Cullen", "post_count": 11, "source_profile_id": 11577, "source_type": "profile", "image": {"picURL": "https://static1.personality-database.com/profile_images/a3bc867ce6494c1dbee57684727407fd.png"}, "join_to_post": false, "can_pin": false}, {"description": "Jacob Ephraim Black is a werewolf and former Beta of Sam Uley's pack, later the Alpha of his own pack. In New Moon, at the age of sixteen, he transforms into a wolf for the first time. He is the imprinter of Bella's half-human/half-vampire daughter, Renesmee (whom he affectionately dubbed \"Nessie\"). He is portrayed by #TaylorLautner in the movie adaptations.", "follow_count": 2, "id": 10742, "is_following": false, "is_join_pending": false, "is_banned": false, "is_moderated": false, "name_readable": "Jacob Black", "post_count": 4, "source_profile_id": 11576, "source_type": "profile", "image": {"picURL": "https://static1.personality-database.com/profile_images/f5588d55d881429189c53f47cbbd0993.png"}, "join_to_post": false, "can_pin": false}, {"description": "Carlisle Cullen (born 1640) is the founder and leader of the Olympic coven. He is the second husband of Esme Cullen and the adoptive father of Emmett, Alice, Edward Cullen, and Jasper and Rosalie Hale. He is also the adoptive father-in-law of Bella Swan and adoptive grandfather of Renesmee Cullen. He is portrayed by #PeterFacinelli in the movie adaptations.", "follow_count": 0, "id": 15246, "is_following": false, "is_join_pending": false, "is_banned": false, "is_moderated": false, "name_readable": "Carlisle Cullen", "post_count": 2, "source_profile_id": 16566, "source_type": "profile", "image": {"picURL": "https://static1.personality-database.com/profile_images/a2eed8347a974800b865a4d62212f5fb.png"}, "join_to_post": false, "can_pin": false}, {"description": "James is the leader of his coven, with his mate Victoria and his coven mate Laurent. He caught the scent of Bella Swan, and hunted her as his next meal in Twilight. He is portrayed by Cam Gigandet in the movie adaptation.", "follow_count": 0, "id": 38470, "is_following": false, "is_join_pending": false, "is_banned": false, "is_moderated": false, "name_readable": "James Witherdale", "post_count": 2, "source_profile_id": 43324, "source_type": "profile", "image": {"picURL": "https://static1.personality-database.com/profile_images/cf910d3187f64b38913868587ccf69d8.png"}, "join_to_post": false, "can_pin": false}, {"description": "\nRosalie Lillian Hale (born 1915) is a member of the Olympic coven. She is the wife of Emmett Cullen and the adoptive daughter of Carlisle and Esme Cullen, as well as the adoptive sister of Jasper Hale, Alice, and Edward Cullen. She is portrayed by #NikkiReed in the movie adaptations.", "follow_count": 1, "id": 10745, "is_following": false, "is_join_pending": false, "is_banned": false, "is_moderated": false, "name_readable": "Rosalie Hale", "post_count": 1, "source_profile_id": 11579, "source_type": "profile", "image": {"picURL": "https://static1.personality-database.com/profile_images/8909f46e372a434e8d64ae69213b120d.png"}, "join_to_post": false, "can_pin": false}, {"description": "Embry Call is a werewolf, one of Jacob's close friends, and a member of the Uley wolf pack. He is portrayed by Kiowa Gordon in the movie adaptations.", "follow_count": 0, "id": 108485, "is_following": false, "is_join_pending": false, "is_banned": false, "is_moderated": false, "name_readable": "Embry Call", "post_count": 1, "source_profile_id": 140066, "source_type": "profile", "image": {"picURL": "https://static1.personality-database.com/profile_images/51a6605b9ad44040b8b7776623b58893.png"}, "join_to_post": false, "can_pin": false}, {"description": "Aro is one of the three leaders of the Volturi\u2014the dominant coven of the vampire world. He is widely accepted as the de facto leader of the Volturi. He has gift of tactile telepathy, which gives him the ability to read someone's thoughts and memories with a single touch. He is portrayed by Michael Sheen in the movie adaptations.", "follow_count": 0, "id": 38475, "is_following": false, "is_join_pending": false, "is_banned": false, "is_moderated": false, "name_readable": "Aro", "post_count": 1, "source_profile_id": 43329, "source_type": "profile", "image": {"picURL": "https://static1.personality-database.com/profile_images/a58ea9de9469425ca732863493a205c7.png"}, "join_to_post": false, "can_pin": false}, {"description": "Jessica Stanley is a friend of Bella's at Forks High School, and plays a minor role in the Twilight series. She is portrayed by #AnnaKendrick in the movie adaptations.", "follow_count": 0, "id": 38474, "is_following": false, "is_join_pending": false, "is_banned": false, "is_moderated": false, "name_readable": "Jessica Stanley", "post_count": 1, "source_profile_id": 43328, "source_type": "profile", "image": {"picURL": "https://static1.personality-database.com/profile_images/1400785c67054801b349c8c932df6782.png"}, "join_to_post": false, "can_pin": false}, {"description": "William \"Billy\" Black is the father of Jacob, and the best friend of Charlie Swan. His wife, Sarah, died in a car accident when Jacob was nine years old. He is confined to a wheelchair due to complications with diabetes. He is portrayed by Gil Birmingham in the movie adaptations.", "follow_count": 0, "id": 38473, "is_following": false, "is_join_pending": false, "is_banned": false, "is_moderated": false, "name_readable": "Billy Black", "post_count": 1, "source_profile_id": 43327, "source_type": "profile", "image": {"picURL": "https://static1.personality-database.com/profile_images/c03d527c12dd404d9089f66b1acd6b6f.png"}, "join_to_post": false, "can_pin": false}, {"description": "Irina (pronounced Ear-ee-na) is one of the original Denali \u201csisters,\u201d along with Tanya and Kate, and an originator of the myth of the succubus. She is a \u201cvegetarian\u201d and led a very peaceful lifestyle with her \u201cfamily.\u201d The Denalis consider themselves to be the Cullens' extended family or \u201ccousins.\u201d She is portrayed by Maggie Grace in the movie adaptations of Breaking Dawn.", "follow_count": 0, "id": 160564, "is_following": false, "is_join_pending": false, "is_banned": false, "is_moderated": false, "name_readable": "Irina", "post_count": 0, "source_profile_id": 207841, "source_type": "profile", "image": {"picURL": "https://static1.personality-database.com/profile_images/0767826f2fdd486e8445df1a01d5da7f.png"}, "join_to_post": false, "can_pin": false}, {"description": "Michael \"Mike\" Newton is a classmate and friend of Bella Swan. He showed interest in Bella throughout the series, which she never acknowledged. He is seen in an on-again, off-again relationship with Jessica Stanley. He is portrayed by Michael Welch in the movie adaptations.", "follow_count": 0, "id": 136621, "is_following": false, "is_join_pending": false, "is_banned": false, "is_moderated": false, "name_readable": "Mike Newton", "post_count": 0, "source_profile_id": 177401, "source_type": "profile", "image": {"picURL": "https://static1.personality-database.com/profile_images/e4bc6bfdc7094c2eac4641fa53a538f6.png"}, "join_to_post": false, "can_pin": false}, {"description": "", "follow_count": 0, "id": 136632, "is_following": false, "is_join_pending": false, "is_banned": false, "is_moderated": false, "name_readable": "Bree Tanner", "post_count": 0, "source_profile_id": 177412, "source_type": "profile", "image": {"picURL": "https://static1.personality-database.com/profile_images/8a26b20d9de34065896ba80930902896.png"}, "join_to_post": false, "can_pin": false}, {"description": "Eric Yorkie is a classmate of Bella's, first introduced in Twilight. He initially showed interest in Bella, but later started a relationship with Angela Weber. He is portrayed by Justin Chon in the movie adaptations.", "follow_count": 0, "id": 136623, "is_following": false, "is_join_pending": false, "is_banned": false, "is_moderated": false, "name_readable": "Eric Yorkie", "post_count": 0, "source_profile_id": 177403, "source_type": "profile", "image": {"picURL": "https://static1.personality-database.com/profile_images/3ed3076e923d4f6aabd03e83fc70a9cd.png"}, "join_to_post": false, "can_pin": false}, {"description": "Alistair is an English solitary, nomadic vampire and a friend of sort of Carlisle Cullen. He is gifted with a unique tracking ability that allows him to track animate beings at a greater distance than most vampires can. He is portrayed by Joe Anderson in the second movie adaptation of Breaking Dawn.", "follow_count": 0, "id": 202634, "is_following": false, "is_join_pending": false, "is_banned": false, "is_moderated": false, "name_readable": "Alistair", "post_count": 0, "source_profile_id": 262735, "source_type": "profile", "image": {"picURL": "https://static1.personality-database.com/profile_images/a6a568b9f4f144cbbbc2ce82145bbc8e.png"}, "join_to_post": false, "can_pin": false}], "subcategory": "Twilight (Franchise)", "topic_image_url": "https://static1.personality-database.com/profile_images/a3bc867ce6494c1dbee57684727407fd.png", "source_location": {"cid": 3, "pid": 2, "sub_cat_id": 1524}, "can_post_image": false, "can_post_audio": false, "posts": {"posts": [{"username": "furbearingtrout", "user_pic_path": "https://static1.personality-database.com/user_avatars/868052/b99d9ca2-b339-41c2-a377-3f74c81c7fa4.jpeg", "user_personality_type": "ESTJ-3w4-361", "is_mod": false, "comment_count": 1, "reply_count": 1, "vote_type": 0, "topics_list": [{"id": 10743, "name_readable": "Alice Cullen"}], "id": 2174776, "post_id": 2174776, "user_id": 868052, "title": "", "content": "SHES SO CUTE AND NICE. I NEED A FRIEND LIKE HER FR. bella was so unresponsive towards her like WHAT?? girl get a grip she was literally rude to alice\ud83d\ude2d", "create_date": 1673551236000, "unix_timestamp": 1673551236000, "update_date": 1673551236000, "vote_count": 1, "vote_count_down": 0, "is_reported": 0, "is_hidden": false, "is_pinned": false, "is_watching": false, "is_pro_user": false, "images": null, "audios": null, "function_list": [], "type": "post"}, {"username": "exPDBee794340", "user_pic_path": "", "user_personality_type": "XXXX", "is_mod": false, "comment_count": 0, "reply_count": 0, "vote_type": 0, "topics_list": [{"id": 10743, "name_readable": "Alice Cullen"}], "id": 1887695, "post_id": 1887695, "user_id": 794340, "title": "", "content": "blueprint of SP2", "create_date": 1670429145000, "unix_timestamp": 1670429145000, "update_date": 1670429145000, "vote_count": 5, "vote_count_down": 0, "is_reported": 0, "is_hidden": false, "is_pinned": false, "is_watching": false, "is_pro_user": false, "images": null, "audios": null, "function_list": [], "type": "post"}, {"username": "mysticlily", "user_pic_path": "https://static1.personality-database.com/profile_images/428ecfbd1c49469b93580826efa86624.png", "user_personality_type": "ENFP", "is_mod": false, "comment_count": 0, "reply_count": 0, "vote_type": 0, "topics_list": [{"id": 10743, "name_readable": "Alice Cullen"}], "id": 1861542, "post_id": 1861542, "user_id": 1581287, "title": "", "content": "I love her so much <3 I relate to her a lot", "create_date": 1670121308000, "unix_timestamp": 1670121308000, "update_date": 1670121308000, "vote_count": 1, "vote_count_down": 0, "is_reported": 0, "is_hidden": false, "is_pinned": false, "is_watching": false, "is_pro_user": false, "images": null, "audios": null, "function_list": [], "type": "post"}]}}}}