{"id": 11796, "mbti_profile": "Jack Frost", "profile_name_searchable": "jackfrost", "allow_commenting": true, "allow_voting": true, "user_id": 4945, "contributor": "electricalstorm", "contributor_create_date": "2018-04-30 20:06:22", "contributor_pic_path": "https://lh3.googleusercontent.com/a-/AOh14GhkMZdK5_8XDs9NX8GtmwZ2texarbnK9V5H0Tqa=s96-c", "display_order": 1000, "edit_lock": 0, "edit_lock_picture": 0, "is_active": true, "is_approved": true, "mbti_enneagram_type": "ESTP 9w8", "mbti_type": "ESTP 9w8", "pdb_comment_access": true, "pdb_page_owner": 0, "pdb_public_access": true, "wiki_description": "Jackson Overland Frost, better known as Jack Frost, is the main protagonist in Rise of the Guardians and an immortal supernatural being much like the Guardians. Unlike the others, however, he\u2019s a loner, the classic rebel without a cause, sarcastic and mischievous. As the manifestation of winter, Jack Frost is capable of manipulating ice and snow. He is the spirit of mischief and chaos personified, but when he discovers the purpose behind his powers, he will become a true Guardian, representing \"Fun.\"", "watch_count": 1158, "comment_count": 130, "vote_count": 541, "vote_count_enneagram": 237, "vote_count_mbti": 541, "total_vote_counts": 1059, "personality_type": "ESTP - 9w8 - so/sp - 974 - ESE - SCUAI - FLEV - Sanguine [Dominant]", "type_updated_date": "2021-03-23 13:19:31", "enneagram_vote": "", "enneagram_vote_id": 0, "mbti_vote": "", "mbti_vote_id": 0, "is_watching": false, "image_exists": false, "profile_image_url": "https://static1.personality-database.com/profile_images/d55561afff264cf9a6e6eb00e82a5ea7.png", "profile_image_credit": "", "profile_image_credit_id": 474868, "profile_image_credit_type": "0", "profile_image_credit_url": ".", "alt_subcategory": "", "related_subcategories": "", "cat_id": 3, "category": "Movies", "category_is_fictional": true, "sub_cat_id": 1533, "subcategory": "Rise of the Guardians (2012)", "subcat_link_info": {"sub_cat_id": 1533, "cat_id": 3, "property_id": 2, "subcategory": "Rise of the Guardians (2012)"}, "related_subcat_link_info": null, "related_profiles": [{"id": 12209, "mbti_profile": "Toothiana", "subcategory": "Rise of the Guardians (2012)", "profile_image_url": "https://static1.personality-database.com/profile_images/3a2c5e2d5e4d4e459e47fc93e23bfde0.png", "profile_name": "Toothiana", "profile_subcat": "Rise of the Guardians (2012)", "sub_cat_id": 1533, "cat_id": 3, "property_id": 2, "mbti": "ESFJ", "enneatype": "2w3"}, {"id": 16973, "mbti_profile": "Sandy the Sandman", "subcategory": "Rise of the Guardians (2012)", "profile_image_url": "https://static1.personality-database.com/profile_images/4ce6747250284f30b3fad54050706521.png", "profile_name": "Sandy the Sandman", "profile_subcat": "Rise of the Guardians (2012)", "sub_cat_id": 1533, "cat_id": 3, "property_id": 2, "mbti": "INFP", "enneatype": "9w1"}, {"id": 16975, "mbti_profile": "Nicholas St. North", "subcategory": "Rise of the Guardians (2012)", "profile_image_url": "https://static1.personality-database.com/profile_images/d4db2eff9d904fc8a32856022af73da6.png", "profile_name": "Nicholas St. North", "profile_subcat": "Rise of the Guardians (2012)", "sub_cat_id": 1533, "cat_id": 3, "property_id": 2, "mbti": "ENFJ", "enneatype": "2w1"}, {"id": 235447, "mbti_profile": "Jack's Sister", "subcategory": "Rise of the Guardians (2012)", "profile_image_url": "https://static1.personality-database.com/profile_images/73c86bb78bbb4538b97284e042e46a7a.png", "profile_name": "Jack's Sister", "profile_subcat": "Rise of the Guardians (2012)", "sub_cat_id": 1533, "cat_id": 3, "property_id": 2, "mbti": "ENTP", "enneatype": "9w8"}, {"id": 16974, "mbti_profile": "E. Aster Bunnymund", "subcategory": "Rise of the Guardians (2012)", "profile_image_url": "https://static1.personality-database.com/profile_images/191a45feeda44e048962c39970840875.png", "profile_name": "E. Aster Bunnymund", "profile_subcat": "Rise of the Guardians (2012)", "sub_cat_id": 1533, "cat_id": 3, "property_id": 2, "mbti": "ISTJ", "enneatype": "1w9"}, {"id": 12208, "mbti_profile": "Pitch Black", "subcategory": "Rise of the Guardians (2012)", "profile_image_url": "https://static1.personality-database.com/profile_images/b3612cafc1f3442288e466e9c595e3e7.png", "profile_name": "Pitch Black", "profile_subcat": "Rise of the Guardians (2012)", "sub_cat_id": 1533, "cat_id": 3, "property_id": 2, "mbti": "ENTJ", "enneatype": "3w4"}, {"id": 261297, "mbti_profile": "The Man in the Moon", "subcategory": "Rise of the Guardians (2012)", "profile_image_url": "https://static1.personality-database.com/profile_images/8336fe2d1792490fbff94789f1303253.png", "profile_name": "The Man in the Moon", "profile_subcat": "Rise of the Guardians (2012)", "sub_cat_id": 1533, "cat_id": 3, "property_id": 2, "mbti": "INFJ", "enneatype": "1w2"}, {"id": 170420, "mbti_profile": "Jamie Bennett", "subcategory": "Rise of the Guardians (2012)", "profile_image_url": "https://static1.personality-database.com/profile_images/5743c19178704a34bd6139726bd14745.png", "profile_name": "Jamie Bennett", "profile_subcat": "Rise of the Guardians (2012)", "sub_cat_id": 1533, "cat_id": 3, "property_id": 2, "mbti": "ENFP", "enneatype": "6w7"}], "functions": ["Se", "Ti", "Fe", "Ni"], "systems": [{"hex_color": "#888888", "id": 1, "personality_type": "XXXX", "personality_type_id": 0, "system_name": "Four Letter", "system_vote_count": 524, "user_vote_type_id": 0, "vote_id": 0}, {"hex_color": "#006775", "id": 2, "personality_type": "XXXX", "personality_type_id": 0, "system_name": "Enneagram", "system_vote_count": 231, "user_vote_type_id": 0, "vote_id": 0}, {"hex_color": "#006775", "id": 5, "personality_type": "XXXX", "personality_type_id": 0, "system_name": "Instinctual Variant", "system_vote_count": 60, "user_vote_type_id": 0, "vote_id": 0}, {"hex_color": "#006775", "id": 6, "personality_type": "XXXX", "personality_type_id": 0, "system_name": "Tritype", "system_vote_count": 77, "user_vote_type_id": 0, "vote_id": 0}, {"hex_color": "#888888", "id": 3, "personality_type": "XXXX", "personality_type_id": 0, "system_name": "Socionics", "system_vote_count": 35, "user_vote_type_id": 0, "vote_id": 0}, {"hex_color": "#888888", "id": 9, "personality_type": "XXXX", "personality_type_id": 0, "system_name": "Big 5 (SLOAN)", "system_vote_count": 22, "user_vote_type_id": 0, "vote_id": 0}, {"hex_color": "#888888", "id": 8, "personality_type": "XXXX", "personality_type_id": 0, "system_name": "Attitudinal Psyche", "system_vote_count": 16, "user_vote_type_id": 0, "vote_id": 0}, {"hex_color": "#888888", "id": 7, "personality_type": "XXXX", "personality_type_id": 0, "system_name": "Temperaments", "system_vote_count": 60, "user_vote_type_id": 0, "vote_id": 0}, {"hex_color": "#888888", "id": 11, "personality_type": "XXXX", "personality_type_id": 0, "system_name": "Classic Jungian", "system_vote_count": 4, "user_vote_type_id": 0, "vote_id": 0}], "breakdown_systems": {"1": [{"myValue": "ESTP", "personality_system_id": 1, "personality_type": "ESTP", "theCount": 325}, {"myValue": "ISTP", "personality_system_id": 1, "personality_type": "ISTP", "theCount": 128}, {"myValue": "ESFP", "personality_system_id": 1, "personality_type": "ESFP", "theCount": 18}, {"myValue": "ISFP", "personality_system_id": 1, "personality_type": "ISFP", "theCount": 18}, {"myValue": "ENFP", "personality_system_id": 1, "personality_type": "ENFP", "theCount": 12}, {"myValue": "ENTP", "personality_system_id": 1, "personality_type": "ENTP", "theCount": 12}, {"myValue": "INFP", "personality_system_id": 1, "personality_type": "INFP", "theCount": 4}, {"myValue": "INFJ", "personality_system_id": 1, "personality_type": "INFJ", "theCount": 2}, {"myValue": "ESFJ", "personality_system_id": 1, "personality_type": "ESFJ", "theCount": 1}, {"myValue": "ESTJ", "personality_system_id": 1, "personality_type": "ESTJ", "theCount": 1}, {"myValue": "INTP", "personality_system_id": 1, "personality_type": "INTP", "theCount": 1}, {"myValue": "ISFJ", "personality_system_id": 1, "personality_type": "ISFJ", "theCount": 1}, {"myValue": "ISTJ", "personality_system_id": 1, "personality_type": "ISTJ", "theCount": 1}], "10": [{"myValue": "Left-brained Introvert", "personality_system_id": 10, "personality_type": "Left-brained Introvert", "theCount": 1}], "11": [{"myValue": "ES(T)", "personality_system_id": 11, "personality_type": "ES(T)", "theCount": 2}, {"myValue": "EN(F)", "personality_system_id": 11, "personality_type": "EN(F)", "theCount": 1}, {"myValue": "EN(T)", "personality_system_id": 11, "personality_type": "EN(T)", "theCount": 1}], "2": [{"myValue": "9w8", "personality_system_id": 2, "personality_type": "9w8", "theCount": 159}, {"myValue": "7w8", "personality_system_id": 2, "personality_type": "7w8", "theCount": 49}, {"myValue": "7w6", "personality_system_id": 2, "personality_type": "7w6", "theCount": 13}, {"myValue": "4w3", "personality_system_id": 2, "personality_type": "4w3", "theCount": 4}, {"myValue": "8w9", "personality_system_id": 2, "personality_type": "8w9", "theCount": 3}, {"myValue": "4w5", "personality_system_id": 2, "personality_type": "4w5", "theCount": 1}, {"myValue": "8w7", "personality_system_id": 2, "personality_type": "8w7", "theCount": 1}, {"myValue": "9w1", "personality_system_id": 2, "personality_type": "9w1", "theCount": 1}], "3": [{"myValue": "ESE", "personality_system_id": 3, "personality_type": "ESE", "theCount": 24}, {"myValue": "SEE", "personality_system_id": 3, "personality_type": "SEE", "theCount": 4}, {"myValue": "ILE", "personality_system_id": 3, "personality_type": "ILE", "theCount": 3}, {"myValue": "EIE", "personality_system_id": 3, "personality_type": "EIE", "theCount": 1}, {"myValue": "ILI", "personality_system_id": 3, "personality_type": "ILI", "theCount": 1}, {"myValue": "LII", "personality_system_id": 3, "personality_type": "LII", "theCount": 1}, {"myValue": "SEI", "personality_system_id": 3, "personality_type": "SEI", "theCount": 1}], "4": [{"myValue": "Chaotic Good", "personality_system_id": 4, "personality_type": "Chaotic Good", "theCount": 28}, {"myValue": "Chaotic Neutral", "personality_system_id": 4, "personality_type": "Chaotic Neutral", "theCount": 1}], "5": [{"myValue": "so/sp", "personality_system_id": 5, "personality_type": "so/sp", "theCount": 41}, {"myValue": "so/sx", "personality_system_id": 5, "personality_type": "so/sx", "theCount": 11}, {"myValue": "sp/so", "personality_system_id": 5, "personality_type": "sp/so", "theCount": 4}, {"myValue": "sp/sx", "personality_system_id": 5, "personality_type": "sp/sx", "theCount": 2}, {"myValue": "sx/so", "personality_system_id": 5, "personality_type": "sx/so", "theCount": 1}, {"myValue": "sx/sp", "personality_system_id": 5, "personality_type": "sx/sp", "theCount": 1}], "6": [{"myValue": "974", "personality_system_id": 6, "personality_type": "974", "theCount": 33}, {"myValue": "963", "personality_system_id": 6, "personality_type": "963", "theCount": 9}, {"myValue": "792", "personality_system_id": 6, "personality_type": "792", "theCount": 7}, {"myValue": "972", "personality_system_id": 6, "personality_type": "972", "theCount": 6}, {"myValue": "794", "personality_system_id": 6, "personality_type": "794", "theCount": 5}, {"myValue": "728", "personality_system_id": 6, "personality_type": "728", "theCount": 3}, {"myValue": "749", "personality_system_id": 6, "personality_type": "749", "theCount": 3}, {"myValue": "479", "personality_system_id": 6, "personality_type": "479", "theCount": 2}, {"myValue": "748", "personality_system_id": 6, "personality_type": "748", "theCount": 2}, {"myValue": "784", "personality_system_id": 6, "personality_type": "784", "theCount": 2}, {"myValue": "729", "personality_system_id": 6, "personality_type": "729", "theCount": 1}, {"myValue": "837", "personality_system_id": 6, "personality_type": "837", "theCount": 1}, {"myValue": "863", "personality_system_id": 6, "personality_type": "863", "theCount": 1}, {"myValue": "946", "personality_system_id": 6, "personality_type": "946", "theCount": 1}, {"myValue": "973", "personality_system_id": 6, "personality_type": "973", "theCount": 1}], "7": [{"myValue": "Sanguine [Dominant]", "personality_system_id": 7, "personality_type": "Sanguine [Dominant]", "theCount": 45}, {"myValue": "Sanguine-Phlegmatic", "personality_system_id": 7, "personality_type": "Sanguine-Phlegmatic", "theCount": 7}, {"myValue": "Sanguine-Choleric", "personality_system_id": 7, "personality_type": "Sanguine-Choleric", "theCount": 3}, {"myValue": "Sanguine-Melancholic", "personality_system_id": 7, "personality_type": "Sanguine-Melancholic", "theCount": 3}, {"myValue": "Choleric-Melancholic", "personality_system_id": 7, "personality_type": "Choleric-Melancholic", "theCount": 1}, {"myValue": "Phlegmatic-Sanguine", "personality_system_id": 7, "personality_type": "Phlegmatic-Sanguine", "theCount": 1}], "8": [{"myValue": "FLEV", "personality_system_id": 8, "personality_type": "FLEV", "theCount": 10}, {"myValue": "FELV", "personality_system_id": 8, "personality_type": "FELV", "theCount": 4}, {"myValue": "LEVF", "personality_system_id": 8, "personality_type": "LEVF", "theCount": 2}], "9": [{"myValue": "SCUAI", "personality_system_id": 9, "personality_type": "SCUAI", "theCount": 16}, {"myValue": "RCUEI", "personality_system_id": 9, "personality_type": "RCUEI", "theCount": 2}, {"myValue": "SCUAN", "personality_system_id": 9, "personality_type": "SCUAN", "theCount": 1}, {"myValue": "SCUEI", "personality_system_id": 9, "personality_type": "SCUEI", "theCount": 1}, {"myValue": "SLOAI", "personality_system_id": 9, "personality_type": "SLOAI", "theCount": 1}, {"myValue": "SLUAN", "personality_system_id": 9, "personality_type": "SLUAN", "theCount": 1}]}, "breakdown_config": {"expand": {"1": 3, "10": 1, "11": 1, "2": 3, "3": 1, "4": 1, "5": 1, "6": 1, "7": 1, "8": 1, "9": 1}, "fire": {"1": 0, "10": 0, "11": 0, "2": 0, "3": 0, "4": 0, "5": 0, "6": 0, "7": 0, "8": 0, "9": 0}}, "mbti_letter_stats": [{"type": "E", "percentage": "70%", "PercentageFloat": 0.7041984732824428}, {"type": "S", "percentage": "94%", "PercentageFloat": 0.9408396946564885}, {"type": "T", "percentage": "89%", "PercentageFloat": 0.8931297709923665}, {"type": "P", "percentage": "99%", "PercentageFloat": 0.9885496183206107}], "topic_info": {"can_generate": false, "topic": {"description": "Jackson Overland Frost, better known as Jack Frost, is the main protagonist in Rise of the Guardians and an immortal supernatural being much like the Guardians. Unlike the others, however, he\u2019s a loner, the classic rebel without a cause, sarcastic and mischievous. As the manifestation of winter, Jack Frost is capable of manipulating ice and snow. He is the spirit of mischief and chaos personified, but when he discovers the purpose behind his powers, he will become a true Guardian, representing \"Fun.\"\n\n#ESTPHeroes", "follow_count": 1, "id": 10935, "is_following": false, "is_join_pending": false, "is_banned": false, "is_moderated": false, "name_readable": "Jack Frost", "post_count": 6, "source_profile_id": 11796, "source_type": "profile", "join_to_post": false, "can_pin": false, "related_topics": [{"description": "Jackson Overland Frost, better known as Jack Frost, is the main protagonist in Rise of the Guardians and an immortal supernatural being much like the Guardians. Unlike the others, however, he\u2019s a loner, the classic rebel without a cause, sarcastic and mischievous. As the manifestation of winter, Jack Frost is capable of manipulating ice and snow. He is the spirit of mischief and chaos personified, but when he discovers the purpose behind his powers, he will become a true Guardian, representing \"Fun.\"\n\n#ESTPHeroes", "follow_count": 1, "id": 10935, "is_following": false, "is_join_pending": false, "is_banned": false, "is_moderated": false, "name_readable": "Jack Frost", "post_count": 6, "source_profile_id": 11796, "source_type": "profile", "image": {"picURL": "https://static1.personality-database.com/profile_images/d55561afff264cf9a6e6eb00e82a5ea7.png"}, "join_to_post": false, "can_pin": false}, {"description": "Pitch Black, the Nightmare King, is the Rise of the Guardians' re-imagining of the Boogeyman, the mythical creature that haunts the closets and dark corners of childhood nightmares and the main antagonist of the film. He is voiced by #JudeLaw.", "follow_count": 0, "id": 11289, "is_following": false, "is_join_pending": false, "is_banned": false, "is_moderated": false, "name_readable": "Pitch Black", "post_count": 3, "source_profile_id": 12208, "source_type": "profile", "image": {"picURL": "https://static1.personality-database.com/profile_images/b3612cafc1f3442288e466e9c595e3e7.png"}, "join_to_post": false, "can_pin": false}, {"description": "Toothiana is the Tooth Fairy. She collects children's baby teeth and leaves behind money as their gifts. She is the Guardian of Memories. She guards all the teeth she collects in her castle in Southeast Asia. Tooth is voiced by Isla Fisher.", "follow_count": 0, "id": 11290, "is_following": false, "is_join_pending": false, "is_banned": false, "is_moderated": false, "name_readable": "Toothiana", "post_count": 3, "source_profile_id": 12209, "source_type": "profile", "image": {"picURL": "https://static1.personality-database.com/profile_images/3a2c5e2d5e4d4e459e47fc93e23bfde0.png"}, "join_to_post": false, "can_pin": false}, {"description": "", "follow_count": 1, "id": 181859, "is_following": false, "is_join_pending": false, "is_banned": false, "is_moderated": false, "name_readable": "Jack's Sister", "post_count": 1, "source_profile_id": 235447, "source_type": "profile", "image": {"picURL": "https://static1.personality-database.com/profile_images/73c86bb78bbb4538b97284e042e46a7a.png"}, "join_to_post": false, "can_pin": false}, {"description": "Sanderson Mansnoozie, better known as the Sandman, is the Rise of the Guardians re-imagining of the mythic bringer of dreams. He is the first ever Guardian, the Guardian of Dreams. He lives on a island known as The Island of the Sleepy Sands.", "follow_count": 0, "id": 15600, "is_following": false, "is_join_pending": false, "is_banned": false, "is_moderated": false, "name_readable": "Sandy the Sandman", "post_count": 0, "source_profile_id": 16973, "source_type": "profile", "image": {"picURL": "https://static1.personality-database.com/profile_images/4ce6747250284f30b3fad54050706521.png"}, "join_to_post": false, "can_pin": false}, {"description": "E. Aster Bunnymund is the Rise of the Guardians re-imagining of the Easter Bunny, speaking with an Australian accent and known as the Guardian of Hope. Bunnymund is a Pooka, a philosophical warrior rabbit, and used to live in a village with other Pookas on his homeworld before they were wiped out, leaving him as the only survivor. He currently lives on Earth in his Warren, an oasis deep under the surface of Australia that is said to be the birthplace of spring. He is voiced by #HughJackman.\n#ISTJHeroes", "follow_count": 0, "id": 15601, "is_following": false, "is_join_pending": false, "is_banned": false, "is_moderated": false, "name_readable": "E. Aster Bunnymund", "post_count": 0, "source_profile_id": 16974, "source_type": "profile", "image": {"picURL": "https://static1.personality-database.com/profile_images/191a45feeda44e048962c39970840875.png"}, "join_to_post": false, "can_pin": false}, {"description": "Nicholas St. North, better known as Santa Claus, is the Guardian of Wonder. North is a warrior with a heart of gold. Fierce, demanding, and impulsive, everything about him is larger than life. For North, nothing is impossible as long as he believes in it. He is voiced by Alec Baldwin.", "follow_count": 0, "id": 15602, "is_following": false, "is_join_pending": false, "is_banned": false, "is_moderated": false, "name_readable": "Nicholas St. North", "post_count": 0, "source_profile_id": 16975, "source_type": "profile", "image": {"picURL": "https://static1.personality-database.com/profile_images/d4db2eff9d904fc8a32856022af73da6.png"}, "join_to_post": false, "can_pin": false}, {"description": "Jamie Bennett is the only child who did not give up on his belief in the Guardians before and during the crisis of Pitch's Nightmare attack.", "follow_count": 0, "id": 131769, "is_following": false, "is_join_pending": false, "is_banned": false, "is_moderated": false, "name_readable": "Jamie Bennett", "post_count": 0, "source_profile_id": 170420, "source_type": "profile", "image": {"picURL": "https://static1.personality-database.com/profile_images/5743c19178704a34bd6139726bd14745.png"}, "join_to_post": false, "can_pin": false}, {"description": "", "follow_count": 0, "id": 134875, "is_following": false, "is_join_pending": false, "is_banned": false, "is_moderated": false, "name_readable": "Baby Tooth", "post_count": 0, "source_profile_id": 175066, "source_type": "profile", "image": {"picURL": "https://static1.personality-database.com/profile_images/b0117e2ee50d4bbeb6087162f5b5cc44.png"}, "join_to_post": false, "can_pin": false}, {"description": "", "follow_count": 0, "id": 134876, "is_following": false, "is_join_pending": false, "is_banned": false, "is_moderated": false, "name_readable": "Cupcake", "post_count": 0, "source_profile_id": 175067, "source_type": "profile", "image": {"picURL": "https://static1.personality-database.com/profile_images/aed0032558b74842808a8a3639dda923.png"}, "join_to_post": false, "can_pin": false}, {"description": "Tsar Lunar, known as the Man in the Moon or simply \u201cMiM,\u201d was the very first Guardian who lives on the moon and protects the dreams of all children. In the movie, he is shown to be a silent, but active, observer of the transpiring events. He is the one who convinces the four Guardians that Pitch's return is a true threat, and the one who chooses Jack Frost to be the newest Guardian to aid them.", "follow_count": 0, "id": 201552, "is_following": false, "is_join_pending": false, "is_banned": false, "is_moderated": false, "name_readable": "The Man in the Moon", "post_count": 0, "source_profile_id": 261297, "source_type": "profile", "image": {"picURL": "https://static1.personality-database.com/profile_images/8336fe2d1792490fbff94789f1303253.png"}, "join_to_post": false, "can_pin": false}, {"description": "Sophie Bennett is the younger sister of Jamie Bennett. She is only two years old.\n", "follow_count": 0, "id": 201697, "is_following": false, "is_join_pending": false, "is_banned": false, "is_moderated": false, "name_readable": "Sophie Bennett", "post_count": 0, "source_profile_id": 261456, "source_type": "profile", "image": {"picURL": "https://static1.personality-database.com/profile_images/20f6b39977ba4db9a1bd6a8b74317edd.png"}, "join_to_post": false, "can_pin": false}], "subcategory": "Rise of the Guardians (2012)", "topic_image_url": "https://static1.personality-database.com/profile_images/d55561afff264cf9a6e6eb00e82a5ea7.png", "source_location": {"cid": 3, "pid": 2, "sub_cat_id": 1533}, "can_post_image": false, "can_post_audio": false, "posts": {"posts": [{"username": "exPDBee1345646", "user_pic_path": "", "user_personality_type": "XXXX", "is_mod": false, "comment_count": 0, "reply_count": 0, "vote_type": 0, "topics_list": [{"id": 10935, "name_readable": "Jack Frost"}], "id": 1755207, "post_id": 1755207, "user_id": 1345646, "title": "", "content": "I had a wild crush on him as a kid and I know why rn....", "create_date": 1668630828000, "unix_timestamp": 1668630828000, "update_date": 1668630828000, "vote_count": 9, "vote_count_down": 0, "is_reported": 0, "is_hidden": false, "is_pinned": false, "is_watching": false, "is_pro_user": false, "images": null, "audios": null, "function_list": [], "type": "post"}, {"username": "I loVIU", "user_pic_path": "https://static1.personality-database.com/user_avatars/500715/e098b6d1-cf75-4a7f-be39-33a280246e3b_small.jpeg", "user_personality_type": "", "is_mod": false, "comment_count": 2, "reply_count": 2, "vote_type": 0, "topics_list": [{"id": 10935, "name_readable": "Jack Frost"}], "id": 1375523, "post_id": 1375523, "user_id": 500715, "title": "", "content": "LMAO I used to have a crush on him when I was a kid and I think I get why now \ud83d\udc80", "create_date": 1663802890000, "unix_timestamp": 1663802890000, "update_date": 1663802949000, "vote_count": 12, "vote_count_down": 0, "is_reported": 0, "is_hidden": false, "is_pinned": false, "is_watching": false, "is_pro_user": false, "images": null, "audios": null, "function_list": [], "type": "post"}, {"username": "furbearingtrout", "user_pic_path": "https://static1.personality-database.com/user_avatars/868052/b99d9ca2-b339-41c2-a377-3f74c81c7fa4.jpeg", "user_personality_type": "ESTJ-3w4-361", "is_mod": false, "comment_count": 0, "reply_count": 0, "vote_type": 0, "topics_list": [{"id": 10935, "name_readable": "Jack Frost"}], "id": 1245287, "post_id": 1245287, "user_id": 868052, "title": "", "content": "my first ever 2d crush. i fantasized about him for a good year when i was idk 8 or something. i was mad as hell when i found out he was an ESTP\ud83d\udc80", "create_date": 1661808079000, "unix_timestamp": 1661808079000, "update_date": 1661808079000, "vote_count": 7, "vote_count_down": 0, "is_reported": 0, "is_hidden": false, "is_pinned": false, "is_watching": false, "is_pro_user": false, "images": null, "audios": null, "function_list": [], "type": "post"}]}}}}