{"id": 11833, "mbti_profile": "Johnny Lawrence", "profile_name_searchable": "johnnylawrence", "allow_commenting": true, "allow_voting": true, "user_id": 2582, "contributor": "Wolfsbane", "contributor_create_date": "2018-05-03 06:51:44", "contributor_pic_path": "https://lh4.googleusercontent.com/-JZnASaNJEN0/AAAAAAAAAAI/AAAAAAAAGEI/tun_lh3Lhlo/s96-c/photo.jpg", "display_order": 990, "edit_lock": 0, "edit_lock_picture": 0, "is_active": true, "is_approved": true, "mbti_enneagram_type": "ISTP 8w9", "mbti_type": "ISTP 8w9", "pdb_comment_access": true, "pdb_page_owner": 0, "pdb_public_access": true, "wiki_description": "Ali's ex-boyfriend and Cobra Kai's #1 student, who serves as Daniel's rival of the first movie.", "watch_count": 350, "comment_count": 155, "vote_count": 936, "vote_count_enneagram": 76, "vote_count_mbti": 936, "total_vote_counts": 983, "personality_type": "ISTP - 8w9 - sp/sx - 863 - SLE - RLUEN - FVLE - Choleric-Melancholic - ES(T)", "type_updated_date": "2022-11-27 03:57:27", "enneagram_vote": "", "enneagram_vote_id": 0, "mbti_vote": "", "mbti_vote_id": 0, "is_watching": false, "image_exists": false, "profile_image_url": "https://static1.personality-database.com/profile_images/478da81e188640b69539968ef148b34d.png", "profile_image_credit": "", "profile_image_credit_id": 453854, "profile_image_credit_type": "0", "profile_image_credit_url": "", "alt_subcategory": "", "related_subcategories": "3208|||Cobra Kai (2018)", "cat_id": 3, "category": "Movies", "category_is_fictional": true, "sub_cat_id": 1537, "subcategory": "The Karate Kid (Franchise)", "subcat_link_info": {"sub_cat_id": 1537, "cat_id": 3, "property_id": 2, "subcategory": "The Karate Kid (Franchise)"}, "related_subcat_link_info": [{"sub_cat_id": 3208, "cat_id": 2, "property_id": 2, "subcategory": "Cobra Kai (2018)"}], "related_profiles": [{"id": 11831, "mbti_profile": "Daniel LaRusso", "subcategory": "The Karate Kid (Franchise)", "profile_image_url": "https://static1.personality-database.com/profile_images/913e37feb31b45a69e261ad65853f251.png", "profile_name": "Daniel LaRusso", "profile_subcat": "The Karate Kid (Franchise)", "sub_cat_id": 1537, "cat_id": 3, "property_id": 2, "mbti": "ESFP", "enneatype": "9w8"}, {"id": 11840, "mbti_profile": "Terry Silver", "subcategory": "The Karate Kid (Franchise)", "profile_image_url": "https://static1.personality-database.com/profile_images/5e5ed7323a9846e7bac06336676b9f8b.png", "profile_name": "Terry Silver", "profile_subcat": "The Karate Kid (Franchise)", "sub_cat_id": 1537, "cat_id": 3, "property_id": 2, "mbti": "ENTJ", "enneatype": "8w7"}, {"id": 11832, "mbti_profile": "Nariyoshi Miyagi", "subcategory": "The Karate Kid (Franchise)", "profile_image_url": "https://static1.personality-database.com/profile_images/a28fdb4c1e7843f7ae24e2de94f8a0db.png", "profile_name": "Nariyoshi Miyagi", "profile_subcat": "The Karate Kid (Franchise)", "sub_cat_id": 1537, "cat_id": 3, "property_id": 2, "mbti": "INFJ", "enneatype": "9w1"}, {"id": 115764, "mbti_profile": "Bobby", "subcategory": "The Karate Kid (Franchise)", "profile_image_url": "https://static1.personality-database.com/profile_images/014f12a0683142df908e8d268c904f7b.png", "profile_name": "Bobby", "profile_subcat": "The Karate Kid (Franchise)", "sub_cat_id": 1537, "cat_id": 3, "property_id": 2, "mbti": "ENFJ", "enneatype": "6w7"}, {"id": 11841, "mbti_profile": "Mike Barnes", "subcategory": "The Karate Kid (Franchise)", "profile_image_url": "https://static1.personality-database.com/profile_images/00703a041ced45c49b28bcde7fc906d7.png", "profile_name": "Mike Barnes", "profile_subcat": "The Karate Kid (Franchise)", "sub_cat_id": 1537, "cat_id": 3, "property_id": 2, "mbti": "ISTP", "enneatype": "8w7"}, {"id": 11837, "mbti_profile": "Kumiko", "subcategory": "The Karate Kid (Franchise)", "profile_image_url": "https://static1.personality-database.com/profile_images/f6dc79ec2d064e6c9e4f6195ab05135f.png", "profile_name": "Kumiko", "profile_subcat": "The Karate Kid (Franchise)", "sub_cat_id": 1537, "cat_id": 3, "property_id": 2, "mbti": "INFP", "enneatype": "4w3"}, {"id": 11836, "mbti_profile": "Chozen Toguchi", "subcategory": "The Karate Kid (Franchise)", "profile_image_url": "https://static1.personality-database.com/profile_images/72d69a37f00c43f08888f58432d37327.png", "profile_name": "Chozen Toguchi", "profile_subcat": "The Karate Kid (Franchise)", "sub_cat_id": 1537, "cat_id": 3, "property_id": 2, "mbti": "ESTJ", "enneatype": "3w4"}, {"id": 11835, "mbti_profile": "Ali Mills", "subcategory": "The Karate Kid (Franchise)", "profile_image_url": "https://static1.personality-database.com/profile_images/76c4e65f9b1c48918b22c6794b66c463.png", "profile_name": "Ali Mills", "profile_subcat": "The Karate Kid (Franchise)", "sub_cat_id": 1537, "cat_id": 3, "property_id": 2, "mbti": "ESFJ", "enneatype": "2w3"}], "functions": ["Ti", "Se", "Ni", "Fe"], "systems": [{"hex_color": "#888888", "id": 1, "personality_type": "XXXX", "personality_type_id": 0, "system_name": "Four Letter", "system_vote_count": 499, "user_vote_type_id": 0, "vote_id": 0}, {"hex_color": "#006775", "id": 2, "personality_type": "XXXX", "personality_type_id": 0, "system_name": "Enneagram", "system_vote_count": 214, "user_vote_type_id": 0, "vote_id": 0}, {"hex_color": "#006775", "id": 5, "personality_type": "XXXX", "personality_type_id": 0, "system_name": "Instinctual Variant", "system_vote_count": 53, "user_vote_type_id": 0, "vote_id": 0}, {"hex_color": "#006775", "id": 6, "personality_type": "XXXX", "personality_type_id": 0, "system_name": "Tritype", "system_vote_count": 48, "user_vote_type_id": 0, "vote_id": 0}, {"hex_color": "#888888", "id": 3, "personality_type": "XXXX", "personality_type_id": 0, "system_name": "Socionics", "system_vote_count": 30, "user_vote_type_id": 0, "vote_id": 0}, {"hex_color": "#888888", "id": 9, "personality_type": "XXXX", "personality_type_id": 0, "system_name": "Big 5 (SLOAN)", "system_vote_count": 25, "user_vote_type_id": 0, "vote_id": 0}, {"hex_color": "#888888", "id": 8, "personality_type": "XXXX", "personality_type_id": 0, "system_name": "Attitudinal Psyche", "system_vote_count": 17, "user_vote_type_id": 0, "vote_id": 0}, {"hex_color": "#888888", "id": 7, "personality_type": "XXXX", "personality_type_id": 0, "system_name": "Temperaments", "system_vote_count": 64, "user_vote_type_id": 0, "vote_id": 0}, {"hex_color": "#888888", "id": 11, "personality_type": "XXXX", "personality_type_id": 0, "system_name": "Classic Jungian", "system_vote_count": 6, "user_vote_type_id": 0, "vote_id": 0}], "breakdown_systems": {"1": [{"myValue": "ISTP", "personality_system_id": 1, "personality_type": "ISTP", "theCount": 258}, {"myValue": "ESTP", "personality_system_id": 1, "personality_type": "ESTP", "theCount": 227}, {"myValue": "ISFP", "personality_system_id": 1, "personality_type": "ISFP", "theCount": 5}, {"myValue": "ESFP", "personality_system_id": 1, "personality_type": "ESFP", "theCount": 3}, {"myValue": "INFJ", "personality_system_id": 1, "personality_type": "INFJ", "theCount": 2}, {"myValue": "ENTJ", "personality_system_id": 1, "personality_type": "ENTJ", "theCount": 1}, {"myValue": "ENTP", "personality_system_id": 1, "personality_type": "ENTP", "theCount": 1}, {"myValue": "INFP", "personality_system_id": 1, "personality_type": "INFP", "theCount": 1}, {"myValue": "ISTJ", "personality_system_id": 1, "personality_type": "ISTJ", "theCount": 1}], "11": [{"myValue": "ES(T)", "personality_system_id": 11, "personality_type": "ES(T)", "theCount": 4}, {"myValue": "IT(S)", "personality_system_id": 11, "personality_type": "IT(S)", "theCount": 2}], "2": [{"myValue": "8w9", "personality_system_id": 2, "personality_type": "8w9", "theCount": 134}, {"myValue": "8w7", "personality_system_id": 2, "personality_type": "8w7", "theCount": 64}, {"myValue": "6w5", "personality_system_id": 2, "personality_type": "6w5", "theCount": 5}, {"myValue": "9w8", "personality_system_id": 2, "personality_type": "9w8", "theCount": 5}, {"myValue": "6w7", "personality_system_id": 2, "personality_type": "6w7", "theCount": 2}, {"myValue": "7w8", "personality_system_id": 2, "personality_type": "7w8", "theCount": 2}, {"myValue": "1w9", "personality_system_id": 2, "personality_type": "1w9", "theCount": 1}, {"myValue": "3w4", "personality_system_id": 2, "personality_type": "3w4", "theCount": 1}], "3": [{"myValue": "SLE", "personality_system_id": 3, "personality_type": "SLE", "theCount": 16}, {"myValue": "SLI", "personality_system_id": 3, "personality_type": "SLI", "theCount": 10}, {"myValue": "LSI", "personality_system_id": 3, "personality_type": "LSI", "theCount": 2}, {"myValue": "LSE", "personality_system_id": 3, "personality_type": "LSE", "theCount": 1}, {"myValue": "SEE", "personality_system_id": 3, "personality_type": "SEE", "theCount": 1}], "4": [{"myValue": "True Neutral", "personality_system_id": 4, "personality_type": "True Neutral", "theCount": 13}, {"myValue": "Chaotic Neutral", "personality_system_id": 4, "personality_type": "Chaotic Neutral", "theCount": 8}, {"myValue": "Chaotic Evil", "personality_system_id": 4, "personality_type": "Chaotic Evil", "theCount": 4}, {"myValue": "Chaotic Good", "personality_system_id": 4, "personality_type": "Chaotic Good", "theCount": 1}, {"myValue": "Neutral Evil", "personality_system_id": 4, "personality_type": "Neutral Evil", "theCount": 1}], "5": [{"myValue": "sp/sx", "personality_system_id": 5, "personality_type": "sp/sx", "theCount": 23}, {"myValue": "sx/so", "personality_system_id": 5, "personality_type": "sx/so", "theCount": 17}, {"myValue": "sx/sp", "personality_system_id": 5, "personality_type": "sx/sp", "theCount": 7}, {"myValue": "sp/so", "personality_system_id": 5, "personality_type": "sp/so", "theCount": 4}, {"myValue": "so/sx", "personality_system_id": 5, "personality_type": "so/sx", "theCount": 2}], "6": [{"myValue": "863", "personality_system_id": 6, "personality_type": "863", "theCount": 27}, {"myValue": "837", "personality_system_id": 6, "personality_type": "837", "theCount": 7}, {"myValue": "873", "personality_system_id": 6, "personality_type": "873", "theCount": 5}, {"myValue": "683", "personality_system_id": 6, "personality_type": "683", "theCount": 2}, {"myValue": "864", "personality_system_id": 6, "personality_type": "864", "theCount": 2}, {"myValue": "874", "personality_system_id": 6, "personality_type": "874", "theCount": 2}, {"myValue": "386", "personality_system_id": 6, "personality_type": "386", "theCount": 1}, {"myValue": "836", "personality_system_id": 6, "personality_type": "836", "theCount": 1}, {"myValue": "963", "personality_system_id": 6, "personality_type": "963", "theCount": 1}], "7": [{"myValue": "Choleric-Melancholic", "personality_system_id": 7, "personality_type": "Choleric-Melancholic", "theCount": 26}, {"myValue": "Choleric [Dominant]", "personality_system_id": 7, "personality_type": "Choleric [Dominant]", "theCount": 15}, {"myValue": "Choleric-Phlegmatic", "personality_system_id": 7, "personality_type": "Choleric-Phlegmatic", "theCount": 15}, {"myValue": "Choleric-Sanguine", "personality_system_id": 7, "personality_type": "Choleric-Sanguine", "theCount": 5}, {"myValue": "Sanguine-Choleric", "personality_system_id": 7, "personality_type": "Sanguine-Choleric", "theCount": 2}, {"myValue": "Melancholic-Sanguine", "personality_system_id": 7, "personality_type": "Melancholic-Sanguine", "theCount": 1}], "8": [{"myValue": "FVLE", "personality_system_id": 8, "personality_type": "FVLE", "theCount": 8}, {"myValue": "FLVE", "personality_system_id": 8, "personality_type": "FLVE", "theCount": 3}, {"myValue": "VFLE", "personality_system_id": 8, "personality_type": "VFLE", "theCount": 3}, {"myValue": "VFEL", "personality_system_id": 8, "personality_type": "VFEL", "theCount": 2}, {"myValue": "LVFE", "personality_system_id": 8, "personality_type": "LVFE", "theCount": 1}], "9": [{"myValue": "RLUEN", "personality_system_id": 9, "personality_type": "RLUEN", "theCount": 18}, {"myValue": "RCUEN", "personality_system_id": 9, "personality_type": "RCUEN", "theCount": 3}, {"myValue": "SLUEN", "personality_system_id": 9, "personality_type": "SLUEN", "theCount": 2}, {"myValue": "SCUEN", "personality_system_id": 9, "personality_type": "SCUEN", "theCount": 1}, {"myValue": "SLOEN", "personality_system_id": 9, "personality_type": "SLOEN", "theCount": 1}]}, "breakdown_config": {"expand": {"1": 3, "11": 1, "2": 3, "3": 2, "4": 2, "5": 2, "6": 1, "7": 3, "8": 1, "9": 1}, "fire": {"1": 1, "11": 0, "2": 0, "3": 1, "4": 1, "5": 1, "6": 0, "7": 1, "8": 0, "9": 0}}, "mbti_letter_stats": [{"type": "I", "percentage": "54%", "PercentageFloat": 0.5350701402805611}, {"type": "S", "percentage": "99%", "PercentageFloat": 0.9899799599198397}, {"type": "T", "percentage": "98%", "PercentageFloat": 0.9779559118236473}, {"type": "P", "percentage": "99%", "PercentageFloat": 0.9919839679358717}], "topic_info": {"can_generate": false, "topic": {"description": "Johnny Lawrence is a fictional character who appears in The Karate Kid series of films created by Robert Mark Kamen. He serves as the main antagonist of the original Karate Kid film, a minor character in The Karate Kid Part II.\n\nJohnny is taught Karate by Sensei John Kreese, Co-Founder of the karate dojo Cobra Kai.", "follow_count": 0, "id": 10970, "is_following": false, "is_join_pending": false, "is_banned": false, "is_moderated": false, "name_readable": "Johnny Lawrence", "post_count": 0, "source_profile_id": 11833, "source_type": "profile", "join_to_post": false, "can_pin": false, "related_topics": [{"description": "Mr. Kesuke (Nariyoshi) Miyagi (translated as Nariyoshi Miyagi in The Karate Kid Part II and Cobra Kai) is a fictional karate master of The Karate Kid (franchise) and the teacher and mentor of Daniel LaRusso.\n\nBorn June 9, 1925 in Okinawa, Japan. An Okinawan Japanese immigrant to the USA, Kesuke Miyagi learned karate originally from his father, who had been a fisherman. Miyagi initially had a job working for the father of his best friend, Sato, who was also taught karate by Miyagi's father. When Miyagi fell in love with a young woman named Yukie, who as arranged to marry Sato, Sato felt dishonored by this, and challenged Miyagi to a fight to the death. To avoid the fight, Miyagi left Okinawa and emigrated to the USA.", "follow_count": 0, "id": 10969, "is_following": false, "is_join_pending": false, "is_banned": false, "is_moderated": false, "name_readable": "Mr. Miyagi", "post_count": 1, "source_profile_id": 11832, "source_type": "profile", "image": {"picURL": "https://static1.personality-database.com/profile_images/a28fdb4c1e7843f7ae24e2de94f8a0db.png"}, "join_to_post": false, "can_pin": false}, {"description": "Daniel LaRusso is a fictional character who appears in The Karate Kid series of films created by Robert Mark Kamen. He serves as the protagonist of the first three Karate Kid films. Daniel LaRusso was born in Newark, New Jersey, in an Italian-American family. Daniel learns Karate from Mr. Miyagi. #RalphMacchio", "follow_count": 1, "id": 10968, "is_following": false, "is_join_pending": false, "is_banned": false, "is_moderated": false, "name_readable": "Daniel LaRusso", "post_count": 1, "source_profile_id": 11831, "source_type": "profile", "image": {"picURL": "https://static1.personality-database.com/profile_images/913e37feb31b45a69e261ad65853f251.png"}, "join_to_post": false, "can_pin": false}, {"description": "", "follow_count": 0, "id": 191936, "is_following": false, "is_join_pending": false, "is_banned": false, "is_moderated": false, "name_readable": "Julie Pierce", "post_count": 0, "source_profile_id": 249138, "source_type": "profile", "image": {"picURL": "https://static1.personality-database.com/profile_images/9e07c029d2c546179088b21c4a83e17a.png"}, "join_to_post": false, "can_pin": false}, {"description": "", "follow_count": 0, "id": 91460, "is_following": false, "is_join_pending": false, "is_banned": false, "is_moderated": false, "name_readable": "Jimmy", "post_count": 0, "source_profile_id": 115765, "source_type": "profile", "image": {"picURL": "https://static1.personality-database.com/profile_images/6fb6c80f31324e7aa7c61a3b3c6ed88c.png"}, "join_to_post": false, "can_pin": false}, {"description": "", "follow_count": 0, "id": 91459, "is_following": false, "is_join_pending": false, "is_banned": false, "is_moderated": false, "name_readable": "Bobby", "post_count": 0, "source_profile_id": 115764, "source_type": "profile", "image": {"picURL": "https://static1.personality-database.com/profile_images/014f12a0683142df908e8d268c904f7b.png"}, "join_to_post": false, "can_pin": false}, {"description": "", "follow_count": 0, "id": 91458, "is_following": false, "is_join_pending": false, "is_banned": false, "is_moderated": false, "name_readable": "Tommy", "post_count": 0, "source_profile_id": 115763, "source_type": "profile", "image": {"picURL": "https://static1.personality-database.com/profile_images/4e1b81a77f43447db1c4a528c2c523dc.png"}, "join_to_post": false, "can_pin": false}, {"description": "", "follow_count": 1, "id": 35908, "is_following": false, "is_join_pending": false, "is_banned": false, "is_moderated": false, "name_readable": "Dutch", "post_count": 0, "source_profile_id": 40306, "source_type": "profile", "image": {"picURL": "https://static1.personality-database.com/profile_images/92c34975647b461a9def65f38ff153e6.png"}, "join_to_post": false, "can_pin": false}, {"description": "Lucille LaRusso\u00a0is the stern yet supportive and traditional mother of\u00a0Daniel LaRusso. She was a main character in the original Karate Kid trilogy.", "follow_count": 0, "id": 10979, "is_following": false, "is_join_pending": false, "is_banned": false, "is_moderated": false, "name_readable": "Lucille LaRusso", "post_count": 0, "source_profile_id": 11842, "source_type": "profile", "image": {"picURL": "https://static1.personality-database.com/profile_images/7183644e0e144865816e16dc2c3c363b.png"}, "join_to_post": false, "can_pin": false}, {"description": "Michael \"Mike\" Barnes\u00a0(also referred to as simply \"Mike\",\u00a0\"Dynamite\" Mike Barnes, \"Tournament Terror\" and\u00a0\"Karate's Bad Boy\")\u00a0is the tertiary antagonist of\u00a0The Karate Kid Part III\u00a0and Daniel LaRusso's primary rival in the film.\n\nMike Barnes is a professional karate fighter who was hired by Terry Silver to defeat Daniel LaRusso at the tournament in exchange for 25% (later 50%) ownership of his new Cobra Kai dojos.", "follow_count": 0, "id": 10978, "is_following": false, "is_join_pending": false, "is_banned": false, "is_moderated": false, "name_readable": "Mike Barnes", "post_count": 0, "source_profile_id": 11841, "source_type": "profile", "image": {"picURL": "https://static1.personality-database.com/profile_images/00703a041ced45c49b28bcde7fc906d7.png"}, "join_to_post": false, "can_pin": false}, {"description": "Sensei Terence \"Terry\" Silver\u00a0is the main antagonist of\u00a0The Karate Kid Part III.\u00a0\n\nA close friend of\u00a0John Kreese\u00a0from his military days (and the true owner of the\u00a0Cobra Kai dojo), Terry Silver is a wealthy and corrupt billionaire who helps Kreese get revenge on\u00a0Daniel LaRusso\u00a0after his humiliation at the 1984 All-Valley Karate Tournament. Also a Karate expert.\n\n", "follow_count": 0, "id": 10977, "is_following": false, "is_join_pending": false, "is_banned": false, "is_moderated": false, "name_readable": "Terry Silver", "post_count": 0, "source_profile_id": 11840, "source_type": "profile", "image": {"picURL": "https://static1.personality-database.com/profile_images/5e5ed7323a9846e7bac06336676b9f8b.png"}, "join_to_post": false, "can_pin": false}, {"description": "Jessica Andrews is the female lead in The Karate Kid Part III who befriends Daniel LaRusso.", "follow_count": 0, "id": 10976, "is_following": false, "is_join_pending": false, "is_banned": false, "is_moderated": false, "name_readable": "Jessica Andrews", "post_count": 0, "source_profile_id": 11839, "source_type": "profile", "image": {"picURL": "https://static1.personality-database.com/profile_images/d893a15f47f446a896e95458e76895ef.png"}, "join_to_post": false, "can_pin": false}, {"description": "Sato Toguchi\u00a0is the secondary antagonist turned ally in The Karate Kid Part II. He is the uncle of\u00a0Chozen\u00a0and owner of Master Sato Karate dojo, the biggest dojo in Okinawa. Sato was the enemy of\u00a0Miyagi\u00a0until he changed his ways.", "follow_count": 0, "id": 10975, "is_following": false, "is_join_pending": false, "is_banned": false, "is_moderated": false, "name_readable": "Sato Toguchi", "post_count": 0, "source_profile_id": 11838, "source_type": "profile", "image": {"picURL": "https://static1.personality-database.com/profile_images/4b2066ce06e741ea8d49b49e5148a59c.png"}, "join_to_post": false, "can_pin": false}, {"description": "Kumiko is the heroine and tertiary protagonist of The Karate Kid Part II and Daniel LaRusso's second girlfriend in the trilogy.", "follow_count": 0, "id": 10974, "is_following": false, "is_join_pending": false, "is_banned": false, "is_moderated": false, "name_readable": "Kumiko", "post_count": 0, "source_profile_id": 11837, "source_type": "profile", "image": {"picURL": "https://static1.personality-database.com/profile_images/f6dc79ec2d064e6c9e4f6195ab05135f.png"}, "join_to_post": false, "can_pin": false}, {"description": "Chozen Toguchi serves as the main antagonist of The Karate Kid Part II. He is the nephew of Sato Toguchi.", "follow_count": 0, "id": 10973, "is_following": false, "is_join_pending": false, "is_banned": false, "is_moderated": false, "name_readable": "Chozen Toguchi", "post_count": 0, "source_profile_id": 11836, "source_type": "profile", "image": {"picURL": "https://static1.personality-database.com/profile_images/72d69a37f00c43f08888f58432d37327.png"}, "join_to_post": false, "can_pin": false}, {"description": "Ali Mills\u00a0is the main love interest of\u00a0Daniel LaRusso (and former girlfriend of Johnny Lawrence)\u00a0in\u00a0The Karate Kid.\n\n#ElisabethShue", "follow_count": 0, "id": 10972, "is_following": false, "is_join_pending": false, "is_banned": false, "is_moderated": false, "name_readable": "Ali Mills", "post_count": 0, "source_profile_id": 11835, "source_type": "profile", "image": {"picURL": "https://static1.personality-database.com/profile_images/76c4e65f9b1c48918b22c6794b66c463.png"}, "join_to_post": false, "can_pin": false}, {"description": "Sensei John Kreese is the main antagonist of the original trilogy of The Karate Kid, a Vietnam War veteran, and the Co-Founder of the karate dojo Cobra Kai.", "follow_count": 0, "id": 10971, "is_following": false, "is_join_pending": false, "is_banned": false, "is_moderated": false, "name_readable": "John Kreese", "post_count": 0, "source_profile_id": 11834, "source_type": "profile", "image": {"picURL": "https://static1.personality-database.com/profile_images/702fc10ccfa74b86ae70720c0c555eef.png"}, "join_to_post": false, "can_pin": false}], "subcategory": "The Karate Kid (Franchise)", "topic_image_url": "https://static1.personality-database.com/profile_images/478da81e188640b69539968ef148b34d.png", "source_location": {"cid": 3, "pid": 2, "sub_cat_id": 1537}, "can_post_image": false, "can_post_audio": false, "posts": {"posts": []}}}}