{"id": 12064, "mbti_profile": "Todd Anderson", "profile_name_searchable": "toddanderson", "allow_commenting": true, "allow_voting": true, "user_id": 4778, "contributor": "elleisnotashark", "contributor_create_date": "2018-05-13 16:52:09", "contributor_pic_path": "https://lh4.googleusercontent.com/-LS95Jo2V7J8/AAAAAAAAAAI/AAAAAAAAAjc/jmGe7HI3rJ0/s96-c/photo.jpg", "display_order": 0, "edit_lock": 0, "edit_lock_picture": 0, "is_active": true, "is_approved": true, "mbti_enneagram_type": "INFP 6w5", "mbti_type": "INFP 6w5", "pdb_comment_access": true, "pdb_page_owner": 0, "pdb_public_access": true, "wiki_description": "Todd (Portrayed by #EthanHawke) is arguably the movie's most dynamic character, appearing first as an extremely shy, quiet, and reserved boy and evolving into a young man who stands up for what he believes in. Todd is the brother of popular Welton alumni and distinguished scholar Jeffrey Anderson, whose shadow Todd finds himself in at the start of his senior year. However, thanks to events that follow, he manages to break out of his shell, becoming his own person.", "watch_count": 1477, "comment_count": 181, "vote_count": 520, "vote_count_enneagram": 340, "vote_count_mbti": 520, "total_vote_counts": 1223, "personality_type": "INFP - 6w5 - sp/so - 694 - EII - RLOAI - ELVF - Melancholic-Phlegmatic - IF(N)", "type_updated_date": "2022-11-18 02:31:54", "enneagram_vote": "", "enneagram_vote_id": 0, "mbti_vote": "", "mbti_vote_id": 0, "is_watching": false, "image_exists": false, "profile_image_url": "https://static1.personality-database.com/profile_images/7f6d25820bc348caa0d05ed057e6a223.png", "profile_image_credit": "", "profile_image_credit_id": 457330, "profile_image_credit_type": "0", "profile_image_credit_url": "", "alt_subcategory": "", "related_subcategories": "", "cat_id": 3, "category": "Movies", "category_is_fictional": true, "sub_cat_id": 1558, "subcategory": "Dead Poets Society (1989)", "subcat_link_info": {"sub_cat_id": 1558, "cat_id": 3, "property_id": 2, "subcategory": "Dead Poets Society (1989)"}, "related_subcat_link_info": null, "related_profiles": [{"id": 12063, "mbti_profile": "Neil Perry", "subcategory": "Dead Poets Society (1989)", "profile_image_url": "https://static1.personality-database.com/profile_images/291e07e62b6a4304b83421a1227d060a.png", "profile_name": "Neil Perry", "profile_subcat": "Dead Poets Society (1989)", "sub_cat_id": 1558, "cat_id": 3, "property_id": 2, "mbti": "ENFJ", "enneatype": "4w3"}, {"id": 12061, "mbti_profile": "John Keating", "subcategory": "Dead Poets Society (1989)", "profile_image_url": "https://static1.personality-database.com/profile_images/2598078a0ca2489ba2b4acdcb5fd95cd.png", "profile_name": "John Keating", "profile_subcat": "Dead Poets Society (1989)", "sub_cat_id": 1558, "cat_id": 3, "property_id": 2, "mbti": "ENFP", "enneatype": "4w5"}, {"id": 12062, "mbti_profile": "Charlie \u201cNuwanda\u201d Dalton", "subcategory": "Dead Poets Society (1989)", "profile_image_url": "https://static1.personality-database.com/profile_images/738d6fa1f9e34ae2ba69c55415fe0dd7.png", "profile_name": "Charlie \u201cNuwanda\u201d Dalton", "profile_subcat": "Dead Poets Society (1989)", "sub_cat_id": 1558, "cat_id": 3, "property_id": 2, "mbti": "ENTP", "enneatype": "7w8"}, {"id": 12065, "mbti_profile": "Knox Overstreet", "subcategory": "Dead Poets Society (1989)", "profile_image_url": "https://static1.personality-database.com/profile_images/cb6ffef824464b3790ab81e68389b1c2.png", "profile_name": "Knox Overstreet", "profile_subcat": "Dead Poets Society (1989)", "sub_cat_id": 1558, "cat_id": 3, "property_id": 2, "mbti": "ISFP", "enneatype": "4w3"}, {"id": 106944, "mbti_profile": "Thomas Perry", "subcategory": "Dead Poets Society (1989)", "profile_image_url": "https://static1.personality-database.com/profile_images/2061e84331854379911f9d530a228663.png", "profile_name": "Thomas Perry", "profile_subcat": "Dead Poets Society (1989)", "sub_cat_id": 1558, "cat_id": 3, "property_id": 2, "mbti": "ESTJ", "enneatype": "1w2"}, {"id": 59651, "mbti_profile": "Steven Meeks", "subcategory": "Dead Poets Society (1989)", "profile_image_url": "https://static1.personality-database.com/profile_images/f02a0a00805145d6b50653fb8cbb5f99.png", "profile_name": "Steven Meeks", "profile_subcat": "Dead Poets Society (1989)", "sub_cat_id": 1558, "cat_id": 3, "property_id": 2, "mbti": "INTP", "enneatype": "5w6"}, {"id": 12066, "mbti_profile": "Richard Cameron", "subcategory": "Dead Poets Society (1989)", "profile_image_url": "https://static1.personality-database.com/profile_images/f7c2be513c92495ab9d59daebcdf7257.png", "profile_name": "Richard Cameron", "profile_subcat": "Dead Poets Society (1989)", "sub_cat_id": 1558, "cat_id": 3, "property_id": 2, "mbti": "ISTJ", "enneatype": "1w9"}, {"id": 138720, "mbti_profile": "Chet Danburry", "subcategory": "Dead Poets Society (1989)", "profile_image_url": "https://static1.personality-database.com/profile_images/b3ccd6842de6424597aba83bc3c050b4.png", "profile_name": "Chet Danburry", "profile_subcat": "Dead Poets Society (1989)", "sub_cat_id": 1558, "cat_id": 3, "property_id": 2, "mbti": "ESTP", "enneatype": "8w7"}], "functions": ["Fi", "Ne", "Si", "Te"], "systems": [{"hex_color": "#888888", "id": 1, "personality_type": "XXXX", "personality_type_id": 0, "system_name": "Four Letter", "system_vote_count": 510, "user_vote_type_id": 0, "vote_id": 0}, {"hex_color": "#006775", "id": 2, "personality_type": "XXXX", "personality_type_id": 0, "system_name": "Enneagram", "system_vote_count": 329, "user_vote_type_id": 0, "vote_id": 0}, {"hex_color": "#006775", "id": 5, "personality_type": "XXXX", "personality_type_id": 0, "system_name": "Instinctual Variant", "system_vote_count": 90, "user_vote_type_id": 0, "vote_id": 0}, {"hex_color": "#006775", "id": 6, "personality_type": "XXXX", "personality_type_id": 0, "system_name": "Tritype", "system_vote_count": 100, "user_vote_type_id": 0, "vote_id": 0}, {"hex_color": "#888888", "id": 3, "personality_type": "XXXX", "personality_type_id": 0, "system_name": "Socionics", "system_vote_count": 30, "user_vote_type_id": 0, "vote_id": 0}, {"hex_color": "#888888", "id": 9, "personality_type": "XXXX", "personality_type_id": 0, "system_name": "Big 5 (SLOAN)", "system_vote_count": 48, "user_vote_type_id": 0, "vote_id": 0}, {"hex_color": "#888888", "id": 8, "personality_type": "XXXX", "personality_type_id": 0, "system_name": "Attitudinal Psyche", "system_vote_count": 17, "user_vote_type_id": 0, "vote_id": 0}, {"hex_color": "#888888", "id": 7, "personality_type": "XXXX", "personality_type_id": 0, "system_name": "Temperaments", "system_vote_count": 74, "user_vote_type_id": 0, "vote_id": 0}, {"hex_color": "#888888", "id": 11, "personality_type": "XXXX", "personality_type_id": 0, "system_name": "Classic Jungian", "system_vote_count": 5, "user_vote_type_id": 0, "vote_id": 0}], "breakdown_systems": {"1": [{"myValue": "INFP", "personality_system_id": 1, "personality_type": "INFP", "theCount": 473}, {"myValue": "INFJ", "personality_system_id": 1, "personality_type": "INFJ", "theCount": 13}, {"myValue": "ISFJ", "personality_system_id": 1, "personality_type": "ISFJ", "theCount": 12}, {"myValue": "ISFP", "personality_system_id": 1, "personality_type": "ISFP", "theCount": 5}, {"myValue": "ENFP", "personality_system_id": 1, "personality_type": "ENFP", "theCount": 2}, {"myValue": "INTJ", "personality_system_id": 1, "personality_type": "INTJ", "theCount": 2}, {"myValue": "ESTJ", "personality_system_id": 1, "personality_type": "ESTJ", "theCount": 1}, {"myValue": "ISTJ", "personality_system_id": 1, "personality_type": "ISTJ", "theCount": 1}, {"myValue": "ISTP", "personality_system_id": 1, "personality_type": "ISTP", "theCount": 1}], "11": [{"myValue": "IF(N)", "personality_system_id": 11, "personality_type": "IF(N)", "theCount": 4}, {"myValue": "IN(T)", "personality_system_id": 11, "personality_type": "IN(T)", "theCount": 1}], "2": [{"myValue": "6w5", "personality_system_id": 2, "personality_type": "6w5", "theCount": 231}, {"myValue": "9w1", "personality_system_id": 2, "personality_type": "9w1", "theCount": 85}, {"myValue": "4w5", "personality_system_id": 2, "personality_type": "4w5", "theCount": 7}, {"myValue": "5w6", "personality_system_id": 2, "personality_type": "5w6", "theCount": 3}, {"myValue": "6w7", "personality_system_id": 2, "personality_type": "6w7", "theCount": 2}, {"myValue": "1w9", "personality_system_id": 2, "personality_type": "1w9", "theCount": 1}], "3": [{"myValue": "EII", "personality_system_id": 3, "personality_type": "EII", "theCount": 28}, {"myValue": "IEI", "personality_system_id": 3, "personality_type": "IEI", "theCount": 1}, {"myValue": "ILI", "personality_system_id": 3, "personality_type": "ILI", "theCount": 1}], "4": [{"myValue": "Neutral Good", "personality_system_id": 4, "personality_type": "Neutral Good", "theCount": 17}, {"myValue": "Lawful Good", "personality_system_id": 4, "personality_type": "Lawful Good", "theCount": 3}], "5": [{"myValue": "sp/so", "personality_system_id": 5, "personality_type": "sp/so", "theCount": 79}, {"myValue": "so/sp", "personality_system_id": 5, "personality_type": "so/sp", "theCount": 4}, {"myValue": "sp/sx", "personality_system_id": 5, "personality_type": "sp/sx", "theCount": 3}, {"myValue": "sx/so", "personality_system_id": 5, "personality_type": "sx/so", "theCount": 3}, {"myValue": "sx/sp", "personality_system_id": 5, "personality_type": "sx/sp", "theCount": 1}], "6": [{"myValue": "694", "personality_system_id": 6, "personality_type": "694", "theCount": 64}, {"myValue": "964", "personality_system_id": 6, "personality_type": "964", "theCount": 23}, {"myValue": "649", "personality_system_id": 6, "personality_type": "649", "theCount": 4}, {"myValue": "469", "personality_system_id": 6, "personality_type": "469", "theCount": 3}, {"myValue": "692", "personality_system_id": 6, "personality_type": "692", "theCount": 3}, {"myValue": "513", "personality_system_id": 6, "personality_type": "513", "theCount": 1}, {"myValue": "592", "personality_system_id": 6, "personality_type": "592", "theCount": 1}, {"myValue": "614", "personality_system_id": 6, "personality_type": "614", "theCount": 1}], "7": [{"myValue": "Melancholic-Phlegmatic", "personality_system_id": 7, "personality_type": "Melancholic-Phlegmatic", "theCount": 67}, {"myValue": "Melancholic [Dominant]", "personality_system_id": 7, "personality_type": "Melancholic [Dominant]", "theCount": 4}, {"myValue": "Phlegmatic-Melancholic", "personality_system_id": 7, "personality_type": "Phlegmatic-Melancholic", "theCount": 2}, {"myValue": "Choleric [Dominant]", "personality_system_id": 7, "personality_type": "Choleric [Dominant]", "theCount": 1}], "8": [{"myValue": "ELVF", "personality_system_id": 8, "personality_type": "ELVF", "theCount": 9}, {"myValue": "ELFV", "personality_system_id": 8, "personality_type": "ELFV", "theCount": 4}, {"myValue": "LEFV", "personality_system_id": 8, "personality_type": "LEFV", "theCount": 1}, {"myValue": "LFEV", "personality_system_id": 8, "personality_type": "LFEV", "theCount": 1}, {"myValue": "LVEF", "personality_system_id": 8, "personality_type": "LVEF", "theCount": 1}, {"myValue": "VLEF", "personality_system_id": 8, "personality_type": "VLEF", "theCount": 1}], "9": [{"myValue": "RLOAI", "personality_system_id": 9, "personality_type": "RLOAI", "theCount": 32}, {"myValue": "RCOAI", "personality_system_id": 9, "personality_type": "RCOAI", "theCount": 10}, {"myValue": "RLUAI", "personality_system_id": 9, "personality_type": "RLUAI", "theCount": 2}, {"myValue": "RCOAN", "personality_system_id": 9, "personality_type": "RCOAN", "theCount": 1}, {"myValue": "RCUAN", "personality_system_id": 9, "personality_type": "RCUAN", "theCount": 1}, {"myValue": "RLOAN", "personality_system_id": 9, "personality_type": "RLOAN", "theCount": 1}, {"myValue": "RLOEI", "personality_system_id": 9, "personality_type": "RLOEI", "theCount": 1}]}, "breakdown_config": {"expand": {"1": 3, "11": 1, "2": 3, "3": 1, "4": 1, "5": 1, "6": 1, "7": 1, "8": 1, "9": 1}, "fire": {"1": 0, "11": 0, "2": 0, "3": 0, "4": 0, "5": 0, "6": 0, "7": 0, "8": 0, "9": 0}}, "mbti_letter_stats": [{"type": "I", "percentage": "99%", "PercentageFloat": 0.9941176470588236}, {"type": "N", "percentage": "96%", "PercentageFloat": 0.9607843137254902}, {"type": "F", "percentage": "99%", "PercentageFloat": 0.9901960784313726}, {"type": "P", "percentage": "94%", "PercentageFloat": 0.9431372549019608}], "topic_info": {"can_generate": false, "topic": {"description": "Todd (Portrayed by #EthanHawke) is arguably the movie's most dynamic character, appearing first as an extremely shy, quiet, and reserved boy and evolving into a young man who stands up for what he believes in. Todd is the brother of popular Welton alumni and distinguished scholar Jeffrey Anderson, whose shadow Todd finds himself in at the start of his senior year. However, thanks to events that follow, he manages to break out of his shell, becoming his own person.", "follow_count": 1, "id": 11164, "is_following": false, "is_join_pending": false, "is_banned": false, "is_moderated": false, "name_readable": "Todd Anderson", "post_count": 7, "source_profile_id": 12064, "source_type": "profile", "join_to_post": false, "can_pin": false, "related_topics": [{"description": "Neil Perry is the protagonist in the Dead Poets Society (Portrayed by #RobertSeanLeonard). He\u2019s the co-founder of the Dead Poets and an aspiring actor.", "follow_count": 2, "id": 11163, "is_following": false, "is_join_pending": false, "is_banned": false, "is_moderated": false, "name_readable": "Neil Perry", "post_count": 13, "source_profile_id": 12063, "source_type": "profile", "image": {"picURL": "https://static1.personality-database.com/profile_images/291e07e62b6a4304b83421a1227d060a.png"}, "join_to_post": false, "can_pin": false}, {"description": "Todd (Portrayed by #EthanHawke) is arguably the movie's most dynamic character, appearing first as an extremely shy, quiet, and reserved boy and evolving into a young man who stands up for what he believes in. Todd is the brother of popular Welton alumni and distinguished scholar Jeffrey Anderson, whose shadow Todd finds himself in at the start of his senior year. However, thanks to events that follow, he manages to break out of his shell, becoming his own person.", "follow_count": 1, "id": 11164, "is_following": false, "is_join_pending": false, "is_banned": false, "is_moderated": false, "name_readable": "Todd Anderson", "post_count": 7, "source_profile_id": 12064, "source_type": "profile", "image": {"picURL": "https://static1.personality-database.com/profile_images/7f6d25820bc348caa0d05ed057e6a223.png"}, "join_to_post": false, "can_pin": false}, {"description": "Charlie Dalton is a recurring character in the Dead Poet\u2019s Society (Portrayed by #GaleHansen). He is a comedic addition to the group, known for his brave and funny antics.", "follow_count": 0, "id": 11162, "is_following": false, "is_join_pending": false, "is_banned": false, "is_moderated": false, "name_readable": "Charlie Dalton", "post_count": 5, "source_profile_id": 12062, "source_type": "profile", "image": {"picURL": "https://static1.personality-database.com/profile_images/738d6fa1f9e34ae2ba69c55415fe0dd7.png"}, "join_to_post": false, "can_pin": false}, {"description": "", "follow_count": 0, "id": 107809, "is_following": false, "is_join_pending": false, "is_banned": false, "is_moderated": false, "name_readable": "Chet Danburry", "post_count": 2, "source_profile_id": 138720, "source_type": "profile", "image": {"picURL": "https://static1.personality-database.com/profile_images/b3ccd6842de6424597aba83bc3c050b4.png"}, "join_to_post": false, "can_pin": false}, {"description": "", "follow_count": 0, "id": 85108, "is_following": false, "is_join_pending": false, "is_banned": false, "is_moderated": false, "name_readable": "Thomas Perry", "post_count": 2, "source_profile_id": 106944, "source_type": "profile", "image": {"picURL": "https://static1.personality-database.com/profile_images/2061e84331854379911f9d530a228663.png"}, "join_to_post": false, "can_pin": false}, {"description": "George McAllister is at Welton Academy as a Latin teacher (Portrayed by Leon Pownall).", "follow_count": 0, "id": 280044, "is_following": false, "is_join_pending": false, "is_banned": false, "is_moderated": false, "name_readable": "George McAllister", "post_count": 1, "source_profile_id": 364245, "source_type": "profile", "image": {"picURL": "https://static1.personality-database.com/profile_images/f5a460a7a77845d282ee6d8094b3555a.png"}, "join_to_post": false, "can_pin": false}, {"description": "Knox Overstreet is a recurring character in the Dead Poets Society (Portrayed by #JoshCharles). He\u2019s a curious student of Keating\u2019s.", "follow_count": 0, "id": 11165, "is_following": false, "is_join_pending": false, "is_banned": false, "is_moderated": false, "name_readable": "Knox Overstreet", "post_count": 1, "source_profile_id": 12065, "source_type": "profile", "image": {"picURL": "https://static1.personality-database.com/profile_images/cb6ffef824464b3790ab81e68389b1c2.png"}, "join_to_post": false, "can_pin": false}, {"description": "Mr. Keating \u201cCaptain\u201d was a former student at Welton Academy in the Dead Poets Society (Portrayed by #RobinWilliams). He became the English teacher temporarily, gracing the classroom with new, creative ways to think.", "follow_count": 0, "id": 11161, "is_following": false, "is_join_pending": false, "is_banned": false, "is_moderated": false, "name_readable": "John Keating", "post_count": 1, "source_profile_id": 12061, "source_type": "profile", "image": {"picURL": "https://static1.personality-database.com/profile_images/2598078a0ca2489ba2b4acdcb5fd95cd.png"}, "join_to_post": false, "can_pin": false}, {"description": "Richard Cameron \u201cCameron\u201d is a recurring character in the Dead Poets Society (Portrayed by #DylanKussman). He was a former member of the Dead Poets Society. \n", "follow_count": 0, "id": 11166, "is_following": false, "is_join_pending": false, "is_banned": false, "is_moderated": false, "name_readable": "Richard Cameron", "post_count": 1, "source_profile_id": 12066, "source_type": "profile", "image": {"picURL": "https://static1.personality-database.com/profile_images/f7c2be513c92495ab9d59daebcdf7257.png"}, "join_to_post": false, "can_pin": false}, {"description": "", "follow_count": 0, "id": 273707, "is_following": false, "is_join_pending": false, "is_banned": false, "is_moderated": false, "name_readable": "George Hopkins", "post_count": 0, "source_profile_id": 355710, "source_type": "profile", "image": {"picURL": "https://static1.personality-database.com/profile_images/60714d5ba6ec41dbb4e5a0cd73fe1966.png"}, "join_to_post": false, "can_pin": false}, {"description": "Joe is a friend of Knox Overstreet's father and the father of Chet and Ginny Danburry (Portrayed by Kevin Cooney).", "follow_count": 0, "id": 280042, "is_following": false, "is_join_pending": false, "is_banned": false, "is_moderated": false, "name_readable": "Joe Danburry", "post_count": 0, "source_profile_id": 364243, "source_type": "profile", "image": {"picURL": "https://static1.personality-database.com/profile_images/69d951f42f164de8a63c17f7a6abf98c.png"}, "join_to_post": false, "can_pin": false}, {"description": "A fellow student at Welton Academy (Portrayed by Sam Stegeman).", "follow_count": 0, "id": 280040, "is_following": false, "is_join_pending": false, "is_banned": false, "is_moderated": false, "name_readable": "Sam", "post_count": 0, "source_profile_id": 364240, "source_type": "profile", "image": {"picURL": "https://static1.personality-database.com/profile_images/a3204621d62e42bc9884315745bb207c.png"}, "join_to_post": false, "can_pin": false}, {"description": "A friend to Gloria (Portrayed by Welker White) who was brought to the Dead Poets Society by Charlie Dalton.", "follow_count": 0, "id": 280037, "is_following": false, "is_join_pending": false, "is_banned": false, "is_moderated": false, "name_readable": "Tina", "post_count": 0, "source_profile_id": 364235, "source_type": "profile", "image": {"picURL": "https://static1.personality-database.com/profile_images/ae53765a35384713ba14a6165243c842.png"}, "join_to_post": false, "can_pin": false}, {"description": "A friend to Tina (Portrayed by Melora Walters) who was brought to the Dead Poets Society by Charlie Dalton.", "follow_count": 0, "id": 280036, "is_following": false, "is_join_pending": false, "is_banned": false, "is_moderated": false, "name_readable": "Gloria", "post_count": 0, "source_profile_id": 364234, "source_type": "profile", "image": {"picURL": "https://static1.personality-database.com/profile_images/0bcbc837e574424fa6874afcfe4959b2.png"}, "join_to_post": false, "can_pin": false}, {"description": "Spaz (Portrayed by #JamesJChristy) is a student at Welton Academy and fellow student of Mr. Keating.", "follow_count": 0, "id": 280035, "is_following": false, "is_join_pending": false, "is_banned": false, "is_moderated": false, "name_readable": "Spaz", "post_count": 0, "source_profile_id": 364231, "source_type": "profile", "image": {"picURL": "https://static1.personality-database.com/profile_images/23f1395cc8434e978765610c5d8e120a.png"}, "join_to_post": false, "can_pin": false}, {"description": "Mrs. Perry (Portrayed by #CarlaBelver) is Neil\u2019s mother and husband to Mr. Perry", "follow_count": 0, "id": 277154, "is_following": false, "is_join_pending": false, "is_banned": false, "is_moderated": false, "name_readable": "Mrs. Perry", "post_count": 0, "source_profile_id": 360351, "source_type": "profile", "image": {"picURL": "https://static1.personality-database.com/profile_images/3374ce9ef9784d5b8701a0e5aec64fe9.png"}, "join_to_post": false, "can_pin": false}], "subcategory": "Dead Poets Society (1989)", "topic_image_url": "https://static1.personality-database.com/profile_images/7f6d25820bc348caa0d05ed057e6a223.png", "source_location": {"cid": 3, "pid": 2, "sub_cat_id": 1558}, "can_post_image": false, "can_post_audio": false, "posts": {"posts": [{"username": "aquatic_tasseler_9960", "user_pic_path": "https://lh3.googleusercontent.com/a/AItbvmmaTTxVreQWrvG9Wgch2rJPGEoXKqZSLuFPC-NGIQ=s96-c", "user_personality_type": "XXXX", "is_mod": false, "comment_count": 0, "reply_count": 0, "vote_type": 0, "topics_list": [{"id": 11164, "name_readable": "Todd Anderson"}], "id": 2040869, "post_id": 2040869, "user_id": 893590, "title": "", "content": "I relate to him so much", "create_date": 1672226505000, "unix_timestamp": 1672226505000, "update_date": 1672226505000, "vote_count": 0, "vote_count_down": 0, "is_reported": 0, "is_hidden": false, "is_pinned": false, "is_watching": false, "is_pro_user": false, "images": null, "audios": null, "function_list": [], "type": "post"}, {"username": "cliffemall", "user_pic_path": "https://static1.personality-database.com/user_avatars/1693260/eee7b2d2-3bee-4cf6-b160-557b0e188383_small.jpeg", "user_personality_type": "INFJ-9w1", "is_mod": false, "comment_count": 0, "reply_count": 0, "vote_type": 0, "topics_list": [{"id": 11164, "name_readable": "Todd Anderson"}], "id": 2000943, "post_id": 2000943, "user_id": 1693260, "title": "", "content": "he\u2019s so me", "create_date": 1671780696000, "unix_timestamp": 1671780696000, "update_date": 1671780696000, "vote_count": 1, "vote_count_down": 0, "is_reported": 0, "is_hidden": false, "is_pinned": false, "is_watching": false, "is_pro_user": false, "images": null, "audios": null, "function_list": [], "type": "post"}, {"username": "mellohi", "user_pic_path": "https://lh3.googleusercontent.com/a-/AOh14GgXD2V0Za57Wp2mbAdkaJIO4Gf_u2q1KQq0uhUCAA=s96-c", "user_personality_type": "INFP-6w5-649", "is_mod": false, "comment_count": 1, "reply_count": 1, "vote_type": 0, "topics_list": [{"id": 11164, "name_readable": "Todd Anderson"}], "id": 1252677, "post_id": 1252677, "user_id": 359256, "title": "", "content": "of course i think \"oh wow if i was in the movie i'd definitely be him' AND OF COURSE HE HAS MY TYPOLOGY\nYOU CANT MAKE THIS UP DSOQHDQ", "create_date": 1661913116000, "unix_timestamp": 1661913116000, "update_date": 1663793563000, "vote_count": 9, "vote_count_down": 0, "is_reported": 0, "is_hidden": false, "is_pinned": false, "is_watching": false, "is_pro_user": false, "images": null, "audios": null, "function_list": [], "type": "post"}]}}}}