{"id": 12063, "mbti_profile": "Neil Perry", "profile_name_searchable": "neilperry", "allow_commenting": true, "allow_voting": true, "user_id": 4778, "contributor": "elleisnotashark", "contributor_create_date": "2018-05-13 16:50:48", "contributor_pic_path": "https://lh4.googleusercontent.com/-LS95Jo2V7J8/AAAAAAAAAAI/AAAAAAAAAjc/jmGe7HI3rJ0/s96-c/photo.jpg", "display_order": 990, "edit_lock": 0, "edit_lock_picture": 0, "is_active": true, "is_approved": true, "mbti_enneagram_type": "ENFJ 4w3", "mbti_type": "ENFJ 4w3", "pdb_comment_access": true, "pdb_page_owner": 0, "pdb_public_access": true, "wiki_description": "Neil Perry is the protagonist in the Dead Poets Society (Portrayed by #RobertSeanLeonard). He\u2019s the co-founder of the Dead Poets and an aspiring actor.", "watch_count": 1161, "comment_count": 224, "vote_count": 689, "vote_count_enneagram": 462, "vote_count_mbti": 689, "total_vote_counts": 1760, "personality_type": "ENFJ - 4w3 - so/sx - 497 - EIE - SLOAI - EVLF - Phlegmatic-Sanguine - EF(N)", "type_updated_date": "2022-11-15 14:40:44", "enneagram_vote": "", "enneagram_vote_id": 0, "mbti_vote": "", "mbti_vote_id": 0, "is_watching": false, "image_exists": false, "profile_image_url": "https://static1.personality-database.com/profile_images/291e07e62b6a4304b83421a1227d060a.png", "profile_image_credit": "", "profile_image_credit_id": 442989, "profile_image_credit_type": "0", "profile_image_credit_url": "", "alt_subcategory": "", "related_subcategories": "", "cat_id": 3, "category": "Movies", "category_is_fictional": true, "sub_cat_id": 1558, "subcategory": "Dead Poets Society (1989)", "subcat_link_info": {"sub_cat_id": 1558, "cat_id": 3, "property_id": 2, "subcategory": "Dead Poets Society (1989)"}, "related_subcat_link_info": null, "related_profiles": [{"id": 12064, "mbti_profile": "Todd Anderson", "subcategory": "Dead Poets Society (1989)", "profile_image_url": "https://static1.personality-database.com/profile_images/7f6d25820bc348caa0d05ed057e6a223.png", "profile_name": "Todd Anderson", "profile_subcat": "Dead Poets Society (1989)", "sub_cat_id": 1558, "cat_id": 3, "property_id": 2, "mbti": "INFP", "enneatype": "6w5"}, {"id": 12061, "mbti_profile": "John Keating", "subcategory": "Dead Poets Society (1989)", "profile_image_url": "https://static1.personality-database.com/profile_images/2598078a0ca2489ba2b4acdcb5fd95cd.png", "profile_name": "John Keating", "profile_subcat": "Dead Poets Society (1989)", "sub_cat_id": 1558, "cat_id": 3, "property_id": 2, "mbti": "ENFP", "enneatype": "4w5"}, {"id": 12062, "mbti_profile": "Charlie \u201cNuwanda\u201d Dalton", "subcategory": "Dead Poets Society (1989)", "profile_image_url": "https://static1.personality-database.com/profile_images/738d6fa1f9e34ae2ba69c55415fe0dd7.png", "profile_name": "Charlie \u201cNuwanda\u201d Dalton", "profile_subcat": "Dead Poets Society (1989)", "sub_cat_id": 1558, "cat_id": 3, "property_id": 2, "mbti": "ENTP", "enneatype": "7w8"}, {"id": 12065, "mbti_profile": "Knox Overstreet", "subcategory": "Dead Poets Society (1989)", "profile_image_url": "https://static1.personality-database.com/profile_images/cb6ffef824464b3790ab81e68389b1c2.png", "profile_name": "Knox Overstreet", "profile_subcat": "Dead Poets Society (1989)", "sub_cat_id": 1558, "cat_id": 3, "property_id": 2, "mbti": "ISFP", "enneatype": "4w3"}, {"id": 106944, "mbti_profile": "Thomas Perry", "subcategory": "Dead Poets Society (1989)", "profile_image_url": "https://static1.personality-database.com/profile_images/2061e84331854379911f9d530a228663.png", "profile_name": "Thomas Perry", "profile_subcat": "Dead Poets Society (1989)", "sub_cat_id": 1558, "cat_id": 3, "property_id": 2, "mbti": "ESTJ", "enneatype": "1w2"}, {"id": 59651, "mbti_profile": "Steven Meeks", "subcategory": "Dead Poets Society (1989)", "profile_image_url": "https://static1.personality-database.com/profile_images/f02a0a00805145d6b50653fb8cbb5f99.png", "profile_name": "Steven Meeks", "profile_subcat": "Dead Poets Society (1989)", "sub_cat_id": 1558, "cat_id": 3, "property_id": 2, "mbti": "INTP", "enneatype": "5w6"}, {"id": 12066, "mbti_profile": "Richard Cameron", "subcategory": "Dead Poets Society (1989)", "profile_image_url": "https://static1.personality-database.com/profile_images/f7c2be513c92495ab9d59daebcdf7257.png", "profile_name": "Richard Cameron", "profile_subcat": "Dead Poets Society (1989)", "sub_cat_id": 1558, "cat_id": 3, "property_id": 2, "mbti": "ISTJ", "enneatype": "1w9"}, {"id": 138720, "mbti_profile": "Chet Danburry", "subcategory": "Dead Poets Society (1989)", "profile_image_url": "https://static1.personality-database.com/profile_images/b3ccd6842de6424597aba83bc3c050b4.png", "profile_name": "Chet Danburry", "profile_subcat": "Dead Poets Society (1989)", "sub_cat_id": 1558, "cat_id": 3, "property_id": 2, "mbti": "ESTP", "enneatype": "8w7"}], "functions": ["Fe", "Ni", "Se", "Ti"], "systems": [{"hex_color": "#888888", "id": 1, "personality_type": "XXXX", "personality_type_id": 0, "system_name": "Four Letter", "system_vote_count": 679, "user_vote_type_id": 0, "vote_id": 0}, {"hex_color": "#006775", "id": 2, "personality_type": "XXXX", "personality_type_id": 0, "system_name": "Enneagram", "system_vote_count": 453, "user_vote_type_id": 0, "vote_id": 0}, {"hex_color": "#006775", "id": 5, "personality_type": "XXXX", "personality_type_id": 0, "system_name": "Instinctual Variant", "system_vote_count": 207, "user_vote_type_id": 0, "vote_id": 0}, {"hex_color": "#006775", "id": 6, "personality_type": "XXXX", "personality_type_id": 0, "system_name": "Tritype", "system_vote_count": 144, "user_vote_type_id": 0, "vote_id": 0}, {"hex_color": "#888888", "id": 3, "personality_type": "XXXX", "personality_type_id": 0, "system_name": "Socionics", "system_vote_count": 61, "user_vote_type_id": 0, "vote_id": 0}, {"hex_color": "#888888", "id": 9, "personality_type": "XXXX", "personality_type_id": 0, "system_name": "Big 5 (SLOAN)", "system_vote_count": 55, "user_vote_type_id": 0, "vote_id": 0}, {"hex_color": "#888888", "id": 8, "personality_type": "XXXX", "personality_type_id": 0, "system_name": "Attitudinal Psyche", "system_vote_count": 28, "user_vote_type_id": 0, "vote_id": 0}, {"hex_color": "#888888", "id": 7, "personality_type": "XXXX", "personality_type_id": 0, "system_name": "Temperaments", "system_vote_count": 105, "user_vote_type_id": 0, "vote_id": 0}, {"hex_color": "#888888", "id": 11, "personality_type": "XXXX", "personality_type_id": 0, "system_name": "Classic Jungian", "system_vote_count": 12, "user_vote_type_id": 0, "vote_id": 0}], "breakdown_systems": {"1": [{"myValue": "ENFJ", "personality_system_id": 1, "personality_type": "ENFJ", "theCount": 631}, {"myValue": "ENFP", "personality_system_id": 1, "personality_type": "ENFP", "theCount": 31}, {"myValue": "INFJ", "personality_system_id": 1, "personality_type": "INFJ", "theCount": 11}, {"myValue": "ESFJ", "personality_system_id": 1, "personality_type": "ESFJ", "theCount": 3}, {"myValue": "ENTP", "personality_system_id": 1, "personality_type": "ENTP", "theCount": 2}, {"myValue": "INFP", "personality_system_id": 1, "personality_type": "INFP", "theCount": 1}], "10": [{"myValue": "Right-brained Extrovert", "personality_system_id": 10, "personality_type": "Right-brained Extrovert", "theCount": 1}], "11": [{"myValue": "EF(N)", "personality_system_id": 11, "personality_type": "EF(N)", "theCount": 7}, {"myValue": "EF(S)", "personality_system_id": 11, "personality_type": "EF(S)", "theCount": 3}, {"myValue": "EN(F)", "personality_system_id": 11, "personality_type": "EN(F)", "theCount": 2}], "2": [{"myValue": "4w3", "personality_system_id": 2, "personality_type": "4w3", "theCount": 290}, {"myValue": "7w6", "personality_system_id": 2, "personality_type": "7w6", "theCount": 94}, {"myValue": "9w1", "personality_system_id": 2, "personality_type": "9w1", "theCount": 50}, {"myValue": "4w5", "personality_system_id": 2, "personality_type": "4w5", "theCount": 4}, {"myValue": "2w1", "personality_system_id": 2, "personality_type": "2w1", "theCount": 3}, {"myValue": "3w2", "personality_system_id": 2, "personality_type": "3w2", "theCount": 3}, {"myValue": "3w4", "personality_system_id": 2, "personality_type": "3w4", "theCount": 3}, {"myValue": "9w8", "personality_system_id": 2, "personality_type": "9w8", "theCount": 3}, {"myValue": "2w3", "personality_system_id": 2, "personality_type": "2w3", "theCount": 2}, {"myValue": "7w8", "personality_system_id": 2, "personality_type": "7w8", "theCount": 1}], "3": [{"myValue": "EIE", "personality_system_id": 3, "personality_type": "EIE", "theCount": 41}, {"myValue": "IEI", "personality_system_id": 3, "personality_type": "IEI", "theCount": 12}, {"myValue": "ESE", "personality_system_id": 3, "personality_type": "ESE", "theCount": 4}, {"myValue": "IEE", "personality_system_id": 3, "personality_type": "IEE", "theCount": 3}, {"myValue": "EII", "personality_system_id": 3, "personality_type": "EII", "theCount": 1}], "4": [{"myValue": "Neutral Good", "personality_system_id": 4, "personality_type": "Neutral Good", "theCount": 12}, {"myValue": "Chaotic Good", "personality_system_id": 4, "personality_type": "Chaotic Good", "theCount": 3}], "5": [{"myValue": "so/sx", "personality_system_id": 5, "personality_type": "so/sx", "theCount": 79}, {"myValue": "sp/so", "personality_system_id": 5, "personality_type": "sp/so", "theCount": 61}, {"myValue": "sx/so", "personality_system_id": 5, "personality_type": "sx/so", "theCount": 55}, {"myValue": "so/sp", "personality_system_id": 5, "personality_type": "so/sp", "theCount": 10}, {"myValue": "sx/sp", "personality_system_id": 5, "personality_type": "sx/sp", "theCount": 2}], "6": [{"myValue": "497", "personality_system_id": 6, "personality_type": "497", "theCount": 73}, {"myValue": "749", "personality_system_id": 6, "personality_type": "749", "theCount": 38}, {"myValue": "947", "personality_system_id": 6, "personality_type": "947", "theCount": 10}, {"myValue": "479", "personality_system_id": 6, "personality_type": "479", "theCount": 8}, {"myValue": "794", "personality_system_id": 6, "personality_type": "794", "theCount": 3}, {"myValue": "793", "personality_system_id": 6, "personality_type": "793", "theCount": 2}, {"myValue": "972", "personality_system_id": 6, "personality_type": "972", "theCount": 2}, {"myValue": "368", "personality_system_id": 6, "personality_type": "368", "theCount": 1}, {"myValue": "379", "personality_system_id": 6, "personality_type": "379", "theCount": 1}, {"myValue": "397", "personality_system_id": 6, "personality_type": "397", "theCount": 1}, {"myValue": "469", "personality_system_id": 6, "personality_type": "469", "theCount": 1}, {"myValue": "721", "personality_system_id": 6, "personality_type": "721", "theCount": 1}, {"myValue": "729", "personality_system_id": 6, "personality_type": "729", "theCount": 1}, {"myValue": "927", "personality_system_id": 6, "personality_type": "927", "theCount": 1}, {"myValue": "937", "personality_system_id": 6, "personality_type": "937", "theCount": 1}], "7": [{"myValue": "Phlegmatic-Sanguine", "personality_system_id": 7, "personality_type": "Phlegmatic-Sanguine", "theCount": 55}, {"myValue": "Sanguine-Melancholic", "personality_system_id": 7, "personality_type": "Sanguine-Melancholic", "theCount": 18}, {"myValue": "Sanguine-Phlegmatic", "personality_system_id": 7, "personality_type": "Sanguine-Phlegmatic", "theCount": 16}, {"myValue": "Sanguine [Dominant]", "personality_system_id": 7, "personality_type": "Sanguine [Dominant]", "theCount": 5}, {"myValue": "Sanguine-Choleric", "personality_system_id": 7, "personality_type": "Sanguine-Choleric", "theCount": 4}, {"myValue": "Melancholic-Sanguine", "personality_system_id": 7, "personality_type": "Melancholic-Sanguine", "theCount": 3}, {"myValue": "Phlegmatic [Dominant]", "personality_system_id": 7, "personality_type": "Phlegmatic [Dominant]", "theCount": 3}, {"myValue": "Choleric-Sanguine", "personality_system_id": 7, "personality_type": "Choleric-Sanguine", "theCount": 1}], "8": [{"myValue": "EVLF", "personality_system_id": 8, "personality_type": "EVLF", "theCount": 18}, {"myValue": "EVFL", "personality_system_id": 8, "personality_type": "EVFL", "theCount": 5}, {"myValue": "FELV", "personality_system_id": 8, "personality_type": "FELV", "theCount": 3}, {"myValue": "ELFV", "personality_system_id": 8, "personality_type": "ELFV", "theCount": 2}], "9": [{"myValue": "SLOAI", "personality_system_id": 9, "personality_type": "SLOAI", "theCount": 43}, {"myValue": "SCOAI", "personality_system_id": 9, "personality_type": "SCOAI", "theCount": 8}, {"myValue": "SLUAI", "personality_system_id": 9, "personality_type": "SLUAI", "theCount": 2}, {"myValue": "RCUEI", "personality_system_id": 9, "personality_type": "RCUEI", "theCount": 1}, {"myValue": "SLOAN", "personality_system_id": 9, "personality_type": "SLOAN", "theCount": 1}]}, "breakdown_config": {"expand": {"1": 3, "10": 1, "11": 1, "2": 3, "3": 1, "4": 1, "5": 3, "6": 2, "7": 1, "8": 1, "9": 1}, "fire": {"1": 0, "10": 0, "11": 0, "2": 0, "3": 0, "4": 0, "5": 1, "6": 1, "7": 0, "8": 0, "9": 0}}, "mbti_letter_stats": [{"type": "E", "percentage": "98%", "PercentageFloat": 0.9823269513991163}, {"type": "N", "percentage": "100%", "PercentageFloat": 0.9955817378497791}, {"type": "F", "percentage": "100%", "PercentageFloat": 0.9970544918998527}, {"type": "J", "percentage": "95%", "PercentageFloat": 0.9499263622974963}], "topic_info": {"can_generate": false, "topic": {"description": "Neil Perry is the protagonist in the Dead Poets Society (Portrayed by #RobertSeanLeonard). He\u2019s the co-founder of the Dead Poets and an aspiring actor.", "follow_count": 2, "id": 11163, "is_following": false, "is_join_pending": false, "is_banned": false, "is_moderated": false, "name_readable": "Neil Perry", "post_count": 13, "source_profile_id": 12063, "source_type": "profile", "join_to_post": false, "can_pin": false, "related_topics": [{"description": "Neil Perry is the protagonist in the Dead Poets Society (Portrayed by #RobertSeanLeonard). He\u2019s the co-founder of the Dead Poets and an aspiring actor.", "follow_count": 2, "id": 11163, "is_following": false, "is_join_pending": false, "is_banned": false, "is_moderated": false, "name_readable": "Neil Perry", "post_count": 13, "source_profile_id": 12063, "source_type": "profile", "image": {"picURL": "https://static1.personality-database.com/profile_images/291e07e62b6a4304b83421a1227d060a.png"}, "join_to_post": false, "can_pin": false}, {"description": "Todd (Portrayed by #EthanHawke) is arguably the movie's most dynamic character, appearing first as an extremely shy, quiet, and reserved boy and evolving into a young man who stands up for what he believes in. Todd is the brother of popular Welton alumni and distinguished scholar Jeffrey Anderson, whose shadow Todd finds himself in at the start of his senior year. However, thanks to events that follow, he manages to break out of his shell, becoming his own person.", "follow_count": 1, "id": 11164, "is_following": false, "is_join_pending": false, "is_banned": false, "is_moderated": false, "name_readable": "Todd Anderson", "post_count": 7, "source_profile_id": 12064, "source_type": "profile", "image": {"picURL": "https://static1.personality-database.com/profile_images/7f6d25820bc348caa0d05ed057e6a223.png"}, "join_to_post": false, "can_pin": false}, {"description": "Charlie Dalton is a recurring character in the Dead Poet\u2019s Society (Portrayed by #GaleHansen). He is a comedic addition to the group, known for his brave and funny antics.", "follow_count": 0, "id": 11162, "is_following": false, "is_join_pending": false, "is_banned": false, "is_moderated": false, "name_readable": "Charlie Dalton", "post_count": 5, "source_profile_id": 12062, "source_type": "profile", "image": {"picURL": "https://static1.personality-database.com/profile_images/738d6fa1f9e34ae2ba69c55415fe0dd7.png"}, "join_to_post": false, "can_pin": false}, {"description": "", "follow_count": 0, "id": 107809, "is_following": false, "is_join_pending": false, "is_banned": false, "is_moderated": false, "name_readable": "Chet Danburry", "post_count": 2, "source_profile_id": 138720, "source_type": "profile", "image": {"picURL": "https://static1.personality-database.com/profile_images/b3ccd6842de6424597aba83bc3c050b4.png"}, "join_to_post": false, "can_pin": false}, {"description": "", "follow_count": 0, "id": 85108, "is_following": false, "is_join_pending": false, "is_banned": false, "is_moderated": false, "name_readable": "Thomas Perry", "post_count": 2, "source_profile_id": 106944, "source_type": "profile", "image": {"picURL": "https://static1.personality-database.com/profile_images/2061e84331854379911f9d530a228663.png"}, "join_to_post": false, "can_pin": false}, {"description": "George McAllister is at Welton Academy as a Latin teacher (Portrayed by Leon Pownall).", "follow_count": 0, "id": 280044, "is_following": false, "is_join_pending": false, "is_banned": false, "is_moderated": false, "name_readable": "George McAllister", "post_count": 1, "source_profile_id": 364245, "source_type": "profile", "image": {"picURL": "https://static1.personality-database.com/profile_images/f5a460a7a77845d282ee6d8094b3555a.png"}, "join_to_post": false, "can_pin": false}, {"description": "Knox Overstreet is a recurring character in the Dead Poets Society (Portrayed by #JoshCharles). He\u2019s a curious student of Keating\u2019s.", "follow_count": 0, "id": 11165, "is_following": false, "is_join_pending": false, "is_banned": false, "is_moderated": false, "name_readable": "Knox Overstreet", "post_count": 1, "source_profile_id": 12065, "source_type": "profile", "image": {"picURL": "https://static1.personality-database.com/profile_images/cb6ffef824464b3790ab81e68389b1c2.png"}, "join_to_post": false, "can_pin": false}, {"description": "Mr. Keating \u201cCaptain\u201d was a former student at Welton Academy in the Dead Poets Society (Portrayed by #RobinWilliams). He became the English teacher temporarily, gracing the classroom with new, creative ways to think.", "follow_count": 0, "id": 11161, "is_following": false, "is_join_pending": false, "is_banned": false, "is_moderated": false, "name_readable": "John Keating", "post_count": 1, "source_profile_id": 12061, "source_type": "profile", "image": {"picURL": "https://static1.personality-database.com/profile_images/2598078a0ca2489ba2b4acdcb5fd95cd.png"}, "join_to_post": false, "can_pin": false}, {"description": "Richard Cameron \u201cCameron\u201d is a recurring character in the Dead Poets Society (Portrayed by #DylanKussman). He was a former member of the Dead Poets Society. \n", "follow_count": 0, "id": 11166, "is_following": false, "is_join_pending": false, "is_banned": false, "is_moderated": false, "name_readable": "Richard Cameron", "post_count": 1, "source_profile_id": 12066, "source_type": "profile", "image": {"picURL": "https://static1.personality-database.com/profile_images/f7c2be513c92495ab9d59daebcdf7257.png"}, "join_to_post": false, "can_pin": false}, {"description": "", "follow_count": 0, "id": 273707, "is_following": false, "is_join_pending": false, "is_banned": false, "is_moderated": false, "name_readable": "George Hopkins", "post_count": 0, "source_profile_id": 355710, "source_type": "profile", "image": {"picURL": "https://static1.personality-database.com/profile_images/60714d5ba6ec41dbb4e5a0cd73fe1966.png"}, "join_to_post": false, "can_pin": false}, {"description": "Joe is a friend of Knox Overstreet's father and the father of Chet and Ginny Danburry (Portrayed by Kevin Cooney).", "follow_count": 0, "id": 280042, "is_following": false, "is_join_pending": false, "is_banned": false, "is_moderated": false, "name_readable": "Joe Danburry", "post_count": 0, "source_profile_id": 364243, "source_type": "profile", "image": {"picURL": "https://static1.personality-database.com/profile_images/69d951f42f164de8a63c17f7a6abf98c.png"}, "join_to_post": false, "can_pin": false}, {"description": "A fellow student at Welton Academy (Portrayed by Sam Stegeman).", "follow_count": 0, "id": 280040, "is_following": false, "is_join_pending": false, "is_banned": false, "is_moderated": false, "name_readable": "Sam", "post_count": 0, "source_profile_id": 364240, "source_type": "profile", "image": {"picURL": "https://static1.personality-database.com/profile_images/a3204621d62e42bc9884315745bb207c.png"}, "join_to_post": false, "can_pin": false}, {"description": "A friend to Gloria (Portrayed by Welker White) who was brought to the Dead Poets Society by Charlie Dalton.", "follow_count": 0, "id": 280037, "is_following": false, "is_join_pending": false, "is_banned": false, "is_moderated": false, "name_readable": "Tina", "post_count": 0, "source_profile_id": 364235, "source_type": "profile", "image": {"picURL": "https://static1.personality-database.com/profile_images/ae53765a35384713ba14a6165243c842.png"}, "join_to_post": false, "can_pin": false}, {"description": "A friend to Tina (Portrayed by Melora Walters) who was brought to the Dead Poets Society by Charlie Dalton.", "follow_count": 0, "id": 280036, "is_following": false, "is_join_pending": false, "is_banned": false, "is_moderated": false, "name_readable": "Gloria", "post_count": 0, "source_profile_id": 364234, "source_type": "profile", "image": {"picURL": "https://static1.personality-database.com/profile_images/0bcbc837e574424fa6874afcfe4959b2.png"}, "join_to_post": false, "can_pin": false}, {"description": "Spaz (Portrayed by #JamesJChristy) is a student at Welton Academy and fellow student of Mr. Keating.", "follow_count": 0, "id": 280035, "is_following": false, "is_join_pending": false, "is_banned": false, "is_moderated": false, "name_readable": "Spaz", "post_count": 0, "source_profile_id": 364231, "source_type": "profile", "image": {"picURL": "https://static1.personality-database.com/profile_images/23f1395cc8434e978765610c5d8e120a.png"}, "join_to_post": false, "can_pin": false}, {"description": "Mrs. Perry (Portrayed by #CarlaBelver) is Neil\u2019s mother and husband to Mr. Perry", "follow_count": 0, "id": 277154, "is_following": false, "is_join_pending": false, "is_banned": false, "is_moderated": false, "name_readable": "Mrs. Perry", "post_count": 0, "source_profile_id": 360351, "source_type": "profile", "image": {"picURL": "https://static1.personality-database.com/profile_images/3374ce9ef9784d5b8701a0e5aec64fe9.png"}, "join_to_post": false, "can_pin": false}], "subcategory": "Dead Poets Society (1989)", "topic_image_url": "https://static1.personality-database.com/profile_images/291e07e62b6a4304b83421a1227d060a.png", "source_location": {"cid": 3, "pid": 2, "sub_cat_id": 1558}, "can_post_image": false, "can_post_audio": false, "posts": {"posts": [{"username": "tofloataroundandghostmyfriends", "user_pic_path": "https://static1.personality-database.com/user_avatars/382841/ee9bf479-a5ad-48a9-970c-93b77b212238.jpeg", "user_personality_type": "ESTP-7w8-782", "is_mod": false, "comment_count": 0, "reply_count": 0, "vote_type": 0, "topics_list": [{"id": 11163, "name_readable": "Neil Perry"}], "id": 2196309, "post_id": 2196309, "user_id": 382841, "title": "", "content": "my friends actually told me he reminded them of me and i was like wow cool!!! so i decided to watch the film and\u2026\ud83d\ude2d\ud83d\ude2d\ud83d\ude2d\ud83d\ude2d", "create_date": 1673766835000, "unix_timestamp": 1673766835000, "update_date": 1673766835000, "vote_count": 0, "vote_count_down": 0, "is_reported": 0, "is_hidden": false, "is_pinned": false, "is_watching": false, "is_pro_user": false, "images": null, "audios": null, "function_list": [], "type": "post"}, {"username": "BoringEggo", "user_pic_path": "https://static1.personality-database.com/user_avatars/1787912/2d88da3e-35a6-445f-bcbd-0305d37e00db_small.jpeg", "user_personality_type": "INFP", "is_mod": false, "comment_count": 0, "reply_count": 0, "vote_type": 0, "topics_list": [{"id": 11163, "name_readable": "Neil Perry"}], "id": 2098388, "post_id": 2098388, "user_id": 1787912, "title": "", "content": "literally my biggest crush \ud83e\udd79", "create_date": 1672778198000, "unix_timestamp": 1672778198000, "update_date": 1672778198000, "vote_count": 3, "vote_count_down": 0, "is_reported": 0, "is_hidden": false, "is_pinned": false, "is_watching": false, "is_pro_user": false, "images": null, "audios": null, "function_list": [], "type": "post"}, {"username": "f2ng1rl", "user_pic_path": "https://static1.personality-database.com/user_avatars/822833/5d30762f-f006-4f32-b5c0-51d9171d8b1f.jpeg", "user_personality_type": "ENFP-3w2", "is_mod": false, "comment_count": 0, "reply_count": 0, "vote_type": 0, "topics_list": [{"id": 11163, "name_readable": "Neil Perry"}], "id": 2001045, "post_id": 2001045, "user_id": 822833, "title": "JUST MY TYPE", "content": "Literally I would do anything for him to be real and to be with him", "create_date": 1671782905000, "unix_timestamp": 1671782905000, "update_date": 1671782905000, "vote_count": 3, "vote_count_down": 0, "is_reported": 0, "is_hidden": false, "is_pinned": false, "is_watching": false, "is_pro_user": false, "images": null, "audios": null, "function_list": [], "type": "post"}]}}}}