{"id": 12062, "mbti_profile": "Charlie \u201cNuwanda\u201d Dalton", "profile_name_searchable": "charliedalton", "allow_commenting": true, "allow_voting": true, "user_id": 4778, "contributor": "elleisnotashark", "contributor_create_date": "2018-05-13 16:50:48", "contributor_pic_path": "https://lh4.googleusercontent.com/-LS95Jo2V7J8/AAAAAAAAAAI/AAAAAAAAAjc/jmGe7HI3rJ0/s96-c/photo.jpg", "display_order": 995, "edit_lock": 0, "edit_lock_picture": 0, "is_active": true, "is_approved": true, "mbti_enneagram_type": "ENTP 7w8", "mbti_type": "ENTP 7w8", "pdb_comment_access": true, "pdb_page_owner": 0, "pdb_public_access": true, "wiki_description": "Charlie Dalton is a recurring character in the Dead Poet\u2019s Society (Portrayed by #GaleHansen). He is a comedic addition to the group, known for his brave and funny antics.", "watch_count": 563, "comment_count": 43, "vote_count": 414, "vote_count_enneagram": 219, "vote_count_mbti": 414, "total_vote_counts": 881, "personality_type": "ENTP - 7w8 - sx/so - 784 - ILE - SCUEI - FLEV - Sanguine [Dominant] - EN(T)", "type_updated_date": "2023-01-07 19:34:43", "enneagram_vote": "", "enneagram_vote_id": 0, "mbti_vote": "", "mbti_vote_id": 0, "is_watching": false, "image_exists": false, "profile_image_url": "https://static1.personality-database.com/profile_images/738d6fa1f9e34ae2ba69c55415fe0dd7.png", "profile_image_credit": "", "profile_image_credit_id": 231431, "profile_image_credit_type": "0", "profile_image_credit_url": "", "alt_subcategory": "", "related_subcategories": "", "cat_id": 3, "category": "Movies", "category_is_fictional": true, "sub_cat_id": 1558, "subcategory": "Dead Poets Society (1989)", "subcat_link_info": {"sub_cat_id": 1558, "cat_id": 3, "property_id": 2, "subcategory": "Dead Poets Society (1989)"}, "related_subcat_link_info": null, "related_profiles": [{"id": 12063, "mbti_profile": "Neil Perry", "subcategory": "Dead Poets Society (1989)", "profile_image_url": "https://static1.personality-database.com/profile_images/291e07e62b6a4304b83421a1227d060a.png", "profile_name": "Neil Perry", "profile_subcat": "Dead Poets Society (1989)", "sub_cat_id": 1558, "cat_id": 3, "property_id": 2, "mbti": "ENFJ", "enneatype": "4w3"}, {"id": 12064, "mbti_profile": "Todd Anderson", "subcategory": "Dead Poets Society (1989)", "profile_image_url": "https://static1.personality-database.com/profile_images/7f6d25820bc348caa0d05ed057e6a223.png", "profile_name": "Todd Anderson", "profile_subcat": "Dead Poets Society (1989)", "sub_cat_id": 1558, "cat_id": 3, "property_id": 2, "mbti": "INFP", "enneatype": "6w5"}, {"id": 12061, "mbti_profile": "John Keating", "subcategory": "Dead Poets Society (1989)", "profile_image_url": "https://static1.personality-database.com/profile_images/2598078a0ca2489ba2b4acdcb5fd95cd.png", "profile_name": "John Keating", "profile_subcat": "Dead Poets Society (1989)", "sub_cat_id": 1558, "cat_id": 3, "property_id": 2, "mbti": "ENFP", "enneatype": "4w5"}, {"id": 12065, "mbti_profile": "Knox Overstreet", "subcategory": "Dead Poets Society (1989)", "profile_image_url": "https://static1.personality-database.com/profile_images/cb6ffef824464b3790ab81e68389b1c2.png", "profile_name": "Knox Overstreet", "profile_subcat": "Dead Poets Society (1989)", "sub_cat_id": 1558, "cat_id": 3, "property_id": 2, "mbti": "ISFP", "enneatype": "4w3"}, {"id": 106944, "mbti_profile": "Thomas Perry", "subcategory": "Dead Poets Society (1989)", "profile_image_url": "https://static1.personality-database.com/profile_images/2061e84331854379911f9d530a228663.png", "profile_name": "Thomas Perry", "profile_subcat": "Dead Poets Society (1989)", "sub_cat_id": 1558, "cat_id": 3, "property_id": 2, "mbti": "ESTJ", "enneatype": "1w2"}, {"id": 59651, "mbti_profile": "Steven Meeks", "subcategory": "Dead Poets Society (1989)", "profile_image_url": "https://static1.personality-database.com/profile_images/f02a0a00805145d6b50653fb8cbb5f99.png", "profile_name": "Steven Meeks", "profile_subcat": "Dead Poets Society (1989)", "sub_cat_id": 1558, "cat_id": 3, "property_id": 2, "mbti": "INTP", "enneatype": "5w6"}, {"id": 12066, "mbti_profile": "Richard Cameron", "subcategory": "Dead Poets Society (1989)", "profile_image_url": "https://static1.personality-database.com/profile_images/f7c2be513c92495ab9d59daebcdf7257.png", "profile_name": "Richard Cameron", "profile_subcat": "Dead Poets Society (1989)", "sub_cat_id": 1558, "cat_id": 3, "property_id": 2, "mbti": "ISTJ", "enneatype": "1w9"}, {"id": 345183, "mbti_profile": "Stick", "subcategory": "Dead Poets Society (1989)", "profile_image_url": "https://static1.personality-database.com/profile_images/cbcd552b052b4db496917a55c04a4ea8.png", "profile_name": "Stick", "profile_subcat": "Dead Poets Society (1989)", "sub_cat_id": 1558, "cat_id": 3, "property_id": 2, "mbti": "INFJ", "enneatype": "1w9"}], "functions": ["Ne", "Ti", "Fe", "Si"], "systems": [{"hex_color": "#888888", "id": 1, "personality_type": "XXXX", "personality_type_id": 0, "system_name": "Four Letter", "system_vote_count": 411, "user_vote_type_id": 0, "vote_id": 0}, {"hex_color": "#006775", "id": 2, "personality_type": "XXXX", "personality_type_id": 0, "system_name": "Enneagram", "system_vote_count": 215, "user_vote_type_id": 0, "vote_id": 0}, {"hex_color": "#006775", "id": 5, "personality_type": "XXXX", "personality_type_id": 0, "system_name": "Instinctual Variant", "system_vote_count": 58, "user_vote_type_id": 0, "vote_id": 0}, {"hex_color": "#006775", "id": 6, "personality_type": "XXXX", "personality_type_id": 0, "system_name": "Tritype", "system_vote_count": 74, "user_vote_type_id": 0, "vote_id": 0}, {"hex_color": "#888888", "id": 3, "personality_type": "XXXX", "personality_type_id": 0, "system_name": "Socionics", "system_vote_count": 21, "user_vote_type_id": 0, "vote_id": 0}, {"hex_color": "#888888", "id": 9, "personality_type": "XXXX", "personality_type_id": 0, "system_name": "Big 5 (SLOAN)", "system_vote_count": 29, "user_vote_type_id": 0, "vote_id": 0}, {"hex_color": "#888888", "id": 8, "personality_type": "XXXX", "personality_type_id": 0, "system_name": "Attitudinal Psyche", "system_vote_count": 14, "user_vote_type_id": 0, "vote_id": 0}, {"hex_color": "#888888", "id": 7, "personality_type": "XXXX", "personality_type_id": 0, "system_name": "Temperaments", "system_vote_count": 45, "user_vote_type_id": 0, "vote_id": 0}, {"hex_color": "#888888", "id": 11, "personality_type": "XXXX", "personality_type_id": 0, "system_name": "Classic Jungian", "system_vote_count": 2, "user_vote_type_id": 0, "vote_id": 0}], "breakdown_systems": {"1": [{"myValue": "ENTP", "personality_system_id": 1, "personality_type": "ENTP", "theCount": 381}, {"myValue": "ESTP", "personality_system_id": 1, "personality_type": "ESTP", "theCount": 23}, {"myValue": "ENFP", "personality_system_id": 1, "personality_type": "ENFP", "theCount": 3}, {"myValue": "ENTJ", "personality_system_id": 1, "personality_type": "ENTJ", "theCount": 1}, {"myValue": "ESFP", "personality_system_id": 1, "personality_type": "ESFP", "theCount": 1}, {"myValue": "INFP", "personality_system_id": 1, "personality_type": "INFP", "theCount": 1}, {"myValue": "INTP", "personality_system_id": 1, "personality_type": "INTP", "theCount": 1}], "11": [{"myValue": "EN(T)", "personality_system_id": 11, "personality_type": "EN(T)", "theCount": 2}], "2": [{"myValue": "7w8", "personality_system_id": 2, "personality_type": "7w8", "theCount": 203}, {"myValue": "8w7", "personality_system_id": 2, "personality_type": "8w7", "theCount": 8}, {"myValue": "7w6", "personality_system_id": 2, "personality_type": "7w6", "theCount": 3}, {"myValue": "4w5", "personality_system_id": 2, "personality_type": "4w5", "theCount": 1}], "3": [{"myValue": "ILE", "personality_system_id": 3, "personality_type": "ILE", "theCount": 19}, {"myValue": "SEE", "personality_system_id": 3, "personality_type": "SEE", "theCount": 2}], "4": [{"myValue": "Chaotic Good", "personality_system_id": 4, "personality_type": "Chaotic Good", "theCount": 11}, {"myValue": "Chaotic Neutral", "personality_system_id": 4, "personality_type": "Chaotic Neutral", "theCount": 1}], "5": [{"myValue": "sx/so", "personality_system_id": 5, "personality_type": "sx/so", "theCount": 46}, {"myValue": "sp/sx", "personality_system_id": 5, "personality_type": "sp/sx", "theCount": 8}, {"myValue": "so/sx", "personality_system_id": 5, "personality_type": "so/sx", "theCount": 3}, {"myValue": "sp/so", "personality_system_id": 5, "personality_type": "sp/so", "theCount": 1}], "6": [{"myValue": "784", "personality_system_id": 6, "personality_type": "784", "theCount": 50}, {"myValue": "783", "personality_system_id": 6, "personality_type": "783", "theCount": 20}, {"myValue": "738", "personality_system_id": 6, "personality_type": "738", "theCount": 1}, {"myValue": "748", "personality_system_id": 6, "personality_type": "748", "theCount": 1}, {"myValue": "782", "personality_system_id": 6, "personality_type": "782", "theCount": 1}, {"myValue": "793", "personality_system_id": 6, "personality_type": "793", "theCount": 1}], "7": [{"myValue": "Sanguine [Dominant]", "personality_system_id": 7, "personality_type": "Sanguine [Dominant]", "theCount": 31}, {"myValue": "Sanguine-Choleric", "personality_system_id": 7, "personality_type": "Sanguine-Choleric", "theCount": 12}, {"myValue": "Choleric-Sanguine", "personality_system_id": 7, "personality_type": "Choleric-Sanguine", "theCount": 1}, {"myValue": "Phlegmatic-Choleric", "personality_system_id": 7, "personality_type": "Phlegmatic-Choleric", "theCount": 1}], "8": [{"myValue": "FLEV", "personality_system_id": 8, "personality_type": "FLEV", "theCount": 10}, {"myValue": "LEVF", "personality_system_id": 8, "personality_type": "LEVF", "theCount": 2}, {"myValue": "ELFV", "personality_system_id": 8, "personality_type": "ELFV", "theCount": 1}, {"myValue": "VFLE", "personality_system_id": 8, "personality_type": "VFLE", "theCount": 1}], "9": [{"myValue": "SCUEI", "personality_system_id": 9, "personality_type": "SCUEI", "theCount": 18}, {"myValue": "SLUEI", "personality_system_id": 9, "personality_type": "SLUEI", "theCount": 11}]}, "breakdown_config": {"expand": {"1": 3, "11": 1, "2": 3, "3": 1, "4": 1, "5": 1, "6": 1, "7": 1, "8": 1, "9": 2}, "fire": {"1": 0, "11": 0, "2": 0, "3": 0, "4": 0, "5": 0, "6": 0, "7": 0, "8": 0, "9": 1}}, "mbti_letter_stats": [{"type": "E", "percentage": "100%", "PercentageFloat": 0.9951338199513382}, {"type": "N", "percentage": "94%", "PercentageFloat": 0.9416058394160584}, {"type": "T", "percentage": "99%", "PercentageFloat": 0.9878345498783455}, {"type": "P", "percentage": "100%", "PercentageFloat": 0.9975669099756691}], "topic_info": {"can_generate": false, "topic": {"description": "Charlie Dalton is a recurring character in the Dead Poet\u2019s Society (Portrayed by #GaleHansen). He is a comedic addition to the group, known for his brave and funny antics.", "follow_count": 0, "id": 11162, "is_following": false, "is_join_pending": false, "is_banned": false, "is_moderated": false, "name_readable": "Charlie Dalton", "post_count": 5, "source_profile_id": 12062, "source_type": "profile", "join_to_post": false, "can_pin": false, "related_topics": [{"description": "Neil Perry is the protagonist in the Dead Poets Society (Portrayed by #RobertSeanLeonard). He\u2019s the co-founder of the Dead Poets and an aspiring actor.", "follow_count": 2, "id": 11163, "is_following": false, "is_join_pending": false, "is_banned": false, "is_moderated": false, "name_readable": "Neil Perry", "post_count": 13, "source_profile_id": 12063, "source_type": "profile", "image": {"picURL": "https://static1.personality-database.com/profile_images/291e07e62b6a4304b83421a1227d060a.png"}, "join_to_post": false, "can_pin": false}, {"description": "Todd (Portrayed by #EthanHawke) is arguably the movie's most dynamic character, appearing first as an extremely shy, quiet, and reserved boy and evolving into a young man who stands up for what he believes in. Todd is the brother of popular Welton alumni and distinguished scholar Jeffrey Anderson, whose shadow Todd finds himself in at the start of his senior year. However, thanks to events that follow, he manages to break out of his shell, becoming his own person.", "follow_count": 1, "id": 11164, "is_following": false, "is_join_pending": false, "is_banned": false, "is_moderated": false, "name_readable": "Todd Anderson", "post_count": 7, "source_profile_id": 12064, "source_type": "profile", "image": {"picURL": "https://static1.personality-database.com/profile_images/7f6d25820bc348caa0d05ed057e6a223.png"}, "join_to_post": false, "can_pin": false}, {"description": "Charlie Dalton is a recurring character in the Dead Poet\u2019s Society (Portrayed by #GaleHansen). He is a comedic addition to the group, known for his brave and funny antics.", "follow_count": 0, "id": 11162, "is_following": false, "is_join_pending": false, "is_banned": false, "is_moderated": false, "name_readable": "Charlie Dalton", "post_count": 5, "source_profile_id": 12062, "source_type": "profile", "image": {"picURL": "https://static1.personality-database.com/profile_images/738d6fa1f9e34ae2ba69c55415fe0dd7.png"}, "join_to_post": false, "can_pin": false}, {"description": "", "follow_count": 0, "id": 107809, "is_following": false, "is_join_pending": false, "is_banned": false, "is_moderated": false, "name_readable": "Chet Danburry", "post_count": 2, "source_profile_id": 138720, "source_type": "profile", "image": {"picURL": "https://static1.personality-database.com/profile_images/b3ccd6842de6424597aba83bc3c050b4.png"}, "join_to_post": false, "can_pin": false}, {"description": "", "follow_count": 0, "id": 85108, "is_following": false, "is_join_pending": false, "is_banned": false, "is_moderated": false, "name_readable": "Thomas Perry", "post_count": 2, "source_profile_id": 106944, "source_type": "profile", "image": {"picURL": "https://static1.personality-database.com/profile_images/2061e84331854379911f9d530a228663.png"}, "join_to_post": false, "can_pin": false}, {"description": "George McAllister is at Welton Academy as a Latin teacher (Portrayed by Leon Pownall).", "follow_count": 0, "id": 280044, "is_following": false, "is_join_pending": false, "is_banned": false, "is_moderated": false, "name_readable": "George McAllister", "post_count": 1, "source_profile_id": 364245, "source_type": "profile", "image": {"picURL": "https://static1.personality-database.com/profile_images/f5a460a7a77845d282ee6d8094b3555a.png"}, "join_to_post": false, "can_pin": false}, {"description": "Knox Overstreet is a recurring character in the Dead Poets Society (Portrayed by #JoshCharles). He\u2019s a curious student of Keating\u2019s.", "follow_count": 0, "id": 11165, "is_following": false, "is_join_pending": false, "is_banned": false, "is_moderated": false, "name_readable": "Knox Overstreet", "post_count": 1, "source_profile_id": 12065, "source_type": "profile", "image": {"picURL": "https://static1.personality-database.com/profile_images/cb6ffef824464b3790ab81e68389b1c2.png"}, "join_to_post": false, "can_pin": false}, {"description": "Mr. Keating \u201cCaptain\u201d was a former student at Welton Academy in the Dead Poets Society (Portrayed by #RobinWilliams). He became the English teacher temporarily, gracing the classroom with new, creative ways to think.", "follow_count": 0, "id": 11161, "is_following": false, "is_join_pending": false, "is_banned": false, "is_moderated": false, "name_readable": "John Keating", "post_count": 1, "source_profile_id": 12061, "source_type": "profile", "image": {"picURL": "https://static1.personality-database.com/profile_images/2598078a0ca2489ba2b4acdcb5fd95cd.png"}, "join_to_post": false, "can_pin": false}, {"description": "Richard Cameron \u201cCameron\u201d is a recurring character in the Dead Poets Society (Portrayed by #DylanKussman). He was a former member of the Dead Poets Society. \n", "follow_count": 0, "id": 11166, "is_following": false, "is_join_pending": false, "is_banned": false, "is_moderated": false, "name_readable": "Richard Cameron", "post_count": 1, "source_profile_id": 12066, "source_type": "profile", "image": {"picURL": "https://static1.personality-database.com/profile_images/f7c2be513c92495ab9d59daebcdf7257.png"}, "join_to_post": false, "can_pin": false}, {"description": "", "follow_count": 0, "id": 273707, "is_following": false, "is_join_pending": false, "is_banned": false, "is_moderated": false, "name_readable": "George Hopkins", "post_count": 0, "source_profile_id": 355710, "source_type": "profile", "image": {"picURL": "https://static1.personality-database.com/profile_images/60714d5ba6ec41dbb4e5a0cd73fe1966.png"}, "join_to_post": false, "can_pin": false}, {"description": "Joe is a friend of Knox Overstreet's father and the father of Chet and Ginny Danburry (Portrayed by Kevin Cooney).", "follow_count": 0, "id": 280042, "is_following": false, "is_join_pending": false, "is_banned": false, "is_moderated": false, "name_readable": "Joe Danburry", "post_count": 0, "source_profile_id": 364243, "source_type": "profile", "image": {"picURL": "https://static1.personality-database.com/profile_images/69d951f42f164de8a63c17f7a6abf98c.png"}, "join_to_post": false, "can_pin": false}, {"description": "A fellow student at Welton Academy (Portrayed by Sam Stegeman).", "follow_count": 0, "id": 280040, "is_following": false, "is_join_pending": false, "is_banned": false, "is_moderated": false, "name_readable": "Sam", "post_count": 0, "source_profile_id": 364240, "source_type": "profile", "image": {"picURL": "https://static1.personality-database.com/profile_images/a3204621d62e42bc9884315745bb207c.png"}, "join_to_post": false, "can_pin": false}, {"description": "A friend to Gloria (Portrayed by Welker White) who was brought to the Dead Poets Society by Charlie Dalton.", "follow_count": 0, "id": 280037, "is_following": false, "is_join_pending": false, "is_banned": false, "is_moderated": false, "name_readable": "Tina", "post_count": 0, "source_profile_id": 364235, "source_type": "profile", "image": {"picURL": "https://static1.personality-database.com/profile_images/ae53765a35384713ba14a6165243c842.png"}, "join_to_post": false, "can_pin": false}, {"description": "A friend to Tina (Portrayed by Melora Walters) who was brought to the Dead Poets Society by Charlie Dalton.", "follow_count": 0, "id": 280036, "is_following": false, "is_join_pending": false, "is_banned": false, "is_moderated": false, "name_readable": "Gloria", "post_count": 0, "source_profile_id": 364234, "source_type": "profile", "image": {"picURL": "https://static1.personality-database.com/profile_images/0bcbc837e574424fa6874afcfe4959b2.png"}, "join_to_post": false, "can_pin": false}, {"description": "Spaz (Portrayed by #JamesJChristy) is a student at Welton Academy and fellow student of Mr. Keating.", "follow_count": 0, "id": 280035, "is_following": false, "is_join_pending": false, "is_banned": false, "is_moderated": false, "name_readable": "Spaz", "post_count": 0, "source_profile_id": 364231, "source_type": "profile", "image": {"picURL": "https://static1.personality-database.com/profile_images/23f1395cc8434e978765610c5d8e120a.png"}, "join_to_post": false, "can_pin": false}, {"description": "Mrs. Perry (Portrayed by #CarlaBelver) is Neil\u2019s mother and husband to Mr. Perry", "follow_count": 0, "id": 277154, "is_following": false, "is_join_pending": false, "is_banned": false, "is_moderated": false, "name_readable": "Mrs. Perry", "post_count": 0, "source_profile_id": 360351, "source_type": "profile", "image": {"picURL": "https://static1.personality-database.com/profile_images/3374ce9ef9784d5b8701a0e5aec64fe9.png"}, "join_to_post": false, "can_pin": false}], "subcategory": "Dead Poets Society (1989)", "topic_image_url": "https://static1.personality-database.com/profile_images/738d6fa1f9e34ae2ba69c55415fe0dd7.png", "source_location": {"cid": 3, "pid": 2, "sub_cat_id": 1558}, "can_post_image": false, "can_post_audio": false, "posts": {"posts": [{"username": "tofloataroundandghostmyfriends", "user_pic_path": "https://static1.personality-database.com/user_avatars/382841/ee9bf479-a5ad-48a9-970c-93b77b212238.jpeg", "user_personality_type": "ESTP-7w8-782", "is_mod": false, "comment_count": 0, "reply_count": 0, "vote_type": 0, "topics_list": [{"id": 11162, "name_readable": "Charlie Dalton"}], "id": 2196320, "post_id": 2196320, "user_id": 382841, "title": "", "content": "he slayed", "create_date": 1673766937000, "unix_timestamp": 1673766937000, "update_date": 1673766937000, "vote_count": 0, "vote_count_down": 0, "is_reported": 0, "is_hidden": false, "is_pinned": false, "is_watching": false, "is_pro_user": false, "images": null, "audios": null, "function_list": [], "type": "post"}, {"username": "zorroscientia", "user_pic_path": "https://static1.personality-database.com/user_avatars/343137/cb628fce-311e-4bde-86f6-e7ca3a915599_small.jpeg", "user_personality_type": "INTJ-1w9-153", "is_mod": false, "comment_count": 0, "reply_count": 0, "vote_type": 0, "topics_list": [{"id": 11162, "name_readable": "Charlie Dalton"}], "id": 1264607, "post_id": 1264607, "user_id": 343137, "title": "", "content": "nuwanda baby you will always be famous", "create_date": 1662122658000, "unix_timestamp": 1662122658000, "update_date": 1662122658000, "vote_count": 7, "vote_count_down": 0, "is_reported": 0, "is_hidden": false, "is_pinned": false, "is_watching": false, "is_pro_user": false, "images": null, "audios": null, "function_list": [], "type": "post"}, {"username": "iagbtols", "user_pic_path": "https://lh3.googleusercontent.com/a-/AOh14GjQr61JnYq8kYSNoe4JtGlQDKcobW4XH1gTIJrrWQ=s96-c", "user_personality_type": "4w5", "is_mod": false, "comment_count": 2, "reply_count": 2, "vote_type": 0, "topics_list": [{"id": 11162, "name_readable": "Charlie Dalton"}], "id": 271171, "post_id": 271171, "user_id": 149397, "title": "", "content": "A reason to cry: Neil's last words \"I was good, I was really good.\" are actually Charlie's words. He says the exact same (well, \"He is good. He is really good.\") while watching Neil playing.\nI can't tell if they have an amazing mental bond because of their friendship of if Neil simply heard him and kept it like the most important words ever not to fall apart in front of his parents, but... yeah.", "create_date": 1643241689000, "unix_timestamp": 1643241689000, "update_date": 1643241895000, "vote_count": 36, "vote_count_down": 0, "is_reported": 0, "is_hidden": false, "is_pinned": false, "is_watching": false, "is_pro_user": false, "images": null, "audios": null, "function_list": [], "type": "post"}]}}}}