{"id": 12270, "mbti_profile": "Mavis Dracula", "profile_name_searchable": "mavisdracula", "allow_commenting": true, "allow_voting": true, "user_id": 15014, "contributor": "Vigilante", "contributor_create_date": "2018-05-26 22:55:40", "contributor_pic_path": "https://lh3.googleusercontent.com/a-/AOh14Gg9JNCkcuOLB8hWBwT2QpW7B73BJF197RGvSxZ-=s96-c", "display_order": 995, "edit_lock": 0, "edit_lock_picture": 0, "is_active": true, "is_approved": true, "mbti_enneagram_type": "ENFP 9w1", "mbti_type": "ENFP 9w1", "pdb_comment_access": true, "pdb_page_owner": 0, "pdb_public_access": true, "wiki_description": "#SelenaGomez", "watch_count": 1847, "comment_count": 135, "vote_count": 637, "vote_count_enneagram": 256, "vote_count_mbti": 637, "total_vote_counts": 1221, "personality_type": "ENFP - 9w1 - so/sx - 974 - SEI - SCUAI - EFVL - Sanguine-Phlegmatic - EN(F)", "type_updated_date": "2023-01-03 12:58:32", "enneagram_vote": "", "enneagram_vote_id": 0, "mbti_vote": "", "mbti_vote_id": 0, "is_watching": false, "image_exists": false, "profile_image_url": "https://static1.personality-database.com/profile_images/37e62e03cfd14fef8b691927a1ad7b3f.png", "profile_image_credit": "", "profile_image_credit_id": 478051, "profile_image_credit_type": "0", "profile_image_credit_url": "", "alt_subcategory": "", "related_subcategories": "", "cat_id": 3, "category": "Movies", "category_is_fictional": true, "sub_cat_id": 1587, "subcategory": "Hotel Transylvania (2012)", "subcat_link_info": {"sub_cat_id": 1587, "cat_id": 3, "property_id": 2, "subcategory": "Hotel Transylvania (2012)"}, "related_subcat_link_info": null, "related_profiles": [{"id": 195601, "mbti_profile": "Griffin", "subcategory": "Hotel Transylvania (2012)", "profile_image_url": "https://static1.personality-database.com/profile_images/818ac448ba254b97b1eef0d2f01f82c3.png", "profile_name": "Griffin", "profile_subcat": "Hotel Transylvania (2012)", "sub_cat_id": 1587, "cat_id": 3, "property_id": 2, "mbti": "ENTP", "enneatype": "9w8"}, {"id": 12269, "mbti_profile": "Count Dracula", "subcategory": "Hotel Transylvania (2012)", "profile_image_url": "https://static1.personality-database.com/profile_images/471689e85b20419daa5cc7f1ee94098a.png", "profile_name": "Count Dracula", "profile_subcat": "Hotel Transylvania (2012)", "sub_cat_id": 1587, "cat_id": 3, "property_id": 2, "mbti": "ISTJ", "enneatype": "6w5"}, {"id": 12271, "mbti_profile": "Jonathan Loughran \"Johnny\"", "subcategory": "Hotel Transylvania (2012)", "profile_image_url": "https://static1.personality-database.com/profile_images/e2ba0c8f576f4db09ec6bddceb9824b7.png", "profile_name": "Jonathan Loughran \"Johnny\"", "profile_subcat": "Hotel Transylvania (2012)", "sub_cat_id": 1587, "cat_id": 3, "property_id": 2, "mbti": "ESFP", "enneatype": "7w6"}, {"id": 325559, "mbti_profile": "Countess Martha Dracula", "subcategory": "Hotel Transylvania (2012)", "profile_image_url": "https://static1.personality-database.com/profile_images/ba6dee2b40524fa7a3232fde5f44db99.png", "profile_name": "Countess Martha Dracula", "profile_subcat": "Hotel Transylvania (2012)", "sub_cat_id": 1587, "cat_id": 3, "property_id": 2, "mbti": "INFJ", "enneatype": "6w5"}, {"id": 195600, "mbti_profile": "Blobby", "subcategory": "Hotel Transylvania (2012)", "profile_image_url": "https://static1.personality-database.com/profile_images/750b6c6d5d9d431098dd2adf3f49ff06.png", "profile_name": "Blobby", "profile_subcat": "Hotel Transylvania (2012)", "sub_cat_id": 1587, "cat_id": 3, "property_id": 2, "mbti": "ISFP", "enneatype": "4w3"}, {"id": 127919, "mbti_profile": "Dennis Loughran", "subcategory": "Hotel Transylvania (2012)", "profile_image_url": "https://static1.personality-database.com/profile_images/cf1f6d3f414a4276beff6c5df3fcd8e9.png", "profile_name": "Dennis Loughran", "profile_subcat": "Hotel Transylvania (2012)", "sub_cat_id": 1587, "cat_id": 3, "property_id": 2, "mbti": "ENFP", "enneatype": "7w6"}, {"id": 195120, "mbti_profile": "Frankenstein", "subcategory": "Hotel Transylvania (2012)", "profile_image_url": "https://static1.personality-database.com/profile_images/937220ef8c1544059660cb6c5dbd9579.png", "profile_name": "Frankenstein", "profile_subcat": "Hotel Transylvania (2012)", "sub_cat_id": 1587, "cat_id": 3, "property_id": 2, "mbti": "ESFJ", "enneatype": "6w7"}, {"id": 292470, "mbti_profile": "Stan The Fishman", "subcategory": "Hotel Transylvania (2012)", "profile_image_url": "https://static1.personality-database.com/profile_images/c598dfe0cf0347f7952ca350118ce4c4.png", "profile_name": "Stan The Fishman", "profile_subcat": "Hotel Transylvania (2012)", "sub_cat_id": 1587, "cat_id": 3, "property_id": 2, "mbti": "INTJ", "enneatype": "1w9"}], "functions": ["Ne", "Fi", "Te", "Si"], "systems": [{"hex_color": "#888888", "id": 1, "personality_type": "XXXX", "personality_type_id": 0, "system_name": "Four Letter", "system_vote_count": 626, "user_vote_type_id": 0, "vote_id": 0}, {"hex_color": "#006775", "id": 2, "personality_type": "XXXX", "personality_type_id": 0, "system_name": "Enneagram", "system_vote_count": 248, "user_vote_type_id": 0, "vote_id": 0}, {"hex_color": "#006775", "id": 5, "personality_type": "XXXX", "personality_type_id": 0, "system_name": "Instinctual Variant", "system_vote_count": 68, "user_vote_type_id": 0, "vote_id": 0}, {"hex_color": "#006775", "id": 6, "personality_type": "XXXX", "personality_type_id": 0, "system_name": "Tritype", "system_vote_count": 60, "user_vote_type_id": 0, "vote_id": 0}, {"hex_color": "#888888", "id": 3, "personality_type": "XXXX", "personality_type_id": 0, "system_name": "Socionics", "system_vote_count": 38, "user_vote_type_id": 0, "vote_id": 0}, {"hex_color": "#888888", "id": 9, "personality_type": "XXXX", "personality_type_id": 0, "system_name": "Big 5 (SLOAN)", "system_vote_count": 28, "user_vote_type_id": 0, "vote_id": 0}, {"hex_color": "#888888", "id": 8, "personality_type": "XXXX", "personality_type_id": 0, "system_name": "Attitudinal Psyche", "system_vote_count": 27, "user_vote_type_id": 0, "vote_id": 0}, {"hex_color": "#888888", "id": 7, "personality_type": "XXXX", "personality_type_id": 0, "system_name": "Temperaments", "system_vote_count": 78, "user_vote_type_id": 0, "vote_id": 0}, {"hex_color": "#888888", "id": 11, "personality_type": "XXXX", "personality_type_id": 0, "system_name": "Classic Jungian", "system_vote_count": 6, "user_vote_type_id": 0, "vote_id": 0}], "breakdown_systems": {"1": [{"myValue": "ENFP", "personality_system_id": 1, "personality_type": "ENFP", "theCount": 450}, {"myValue": "INFP", "personality_system_id": 1, "personality_type": "INFP", "theCount": 103}, {"myValue": "INFJ", "personality_system_id": 1, "personality_type": "INFJ", "theCount": 36}, {"myValue": "ENFJ", "personality_system_id": 1, "personality_type": "ENFJ", "theCount": 10}, {"myValue": "ESFP", "personality_system_id": 1, "personality_type": "ESFP", "theCount": 7}, {"myValue": "ISFP", "personality_system_id": 1, "personality_type": "ISFP", "theCount": 6}, {"myValue": "ISFJ", "personality_system_id": 1, "personality_type": "ISFJ", "theCount": 4}, {"myValue": "ENTP", "personality_system_id": 1, "personality_type": "ENTP", "theCount": 2}, {"myValue": "ESFJ", "personality_system_id": 1, "personality_type": "ESFJ", "theCount": 2}, {"myValue": "INTJ", "personality_system_id": 1, "personality_type": "INTJ", "theCount": 2}, {"myValue": "INTP", "personality_system_id": 1, "personality_type": "INTP", "theCount": 2}, {"myValue": "ISTP", "personality_system_id": 1, "personality_type": "ISTP", "theCount": 2}], "10": [{"myValue": "Right-brained Extrovert", "personality_system_id": 10, "personality_type": "Right-brained Extrovert", "theCount": 4}], "11": [{"myValue": "EN(F)", "personality_system_id": 11, "personality_type": "EN(F)", "theCount": 4}, {"myValue": "ES(F)", "personality_system_id": 11, "personality_type": "ES(F)", "theCount": 2}], "2": [{"myValue": "9w1", "personality_system_id": 2, "personality_type": "9w1", "theCount": 141}, {"myValue": "9w8", "personality_system_id": 2, "personality_type": "9w8", "theCount": 68}, {"myValue": "7w6", "personality_system_id": 2, "personality_type": "7w6", "theCount": 29}, {"myValue": "2w3", "personality_system_id": 2, "personality_type": "2w3", "theCount": 2}, {"myValue": "4w3", "personality_system_id": 2, "personality_type": "4w3", "theCount": 2}, {"myValue": "2w1", "personality_system_id": 2, "personality_type": "2w1", "theCount": 1}, {"myValue": "3w4", "personality_system_id": 2, "personality_type": "3w4", "theCount": 1}, {"myValue": "4w5", "personality_system_id": 2, "personality_type": "4w5", "theCount": 1}, {"myValue": "5w6", "personality_system_id": 2, "personality_type": "5w6", "theCount": 1}, {"myValue": "6w5", "personality_system_id": 2, "personality_type": "6w5", "theCount": 1}, {"myValue": "6w7", "personality_system_id": 2, "personality_type": "6w7", "theCount": 1}], "3": [{"myValue": "SEI", "personality_system_id": 3, "personality_type": "SEI", "theCount": 19}, {"myValue": "IEE", "personality_system_id": 3, "personality_type": "IEE", "theCount": 12}, {"myValue": "LIE", "personality_system_id": 3, "personality_type": "LIE", "theCount": 4}, {"myValue": "EII", "personality_system_id": 3, "personality_type": "EII", "theCount": 1}, {"myValue": "ESI", "personality_system_id": 3, "personality_type": "ESI", "theCount": 1}, {"myValue": "LII", "personality_system_id": 3, "personality_type": "LII", "theCount": 1}], "4": [{"myValue": "Neutral Good", "personality_system_id": 4, "personality_type": "Neutral Good", "theCount": 33}, {"myValue": "Chaotic Good", "personality_system_id": 4, "personality_type": "Chaotic Good", "theCount": 5}], "5": [{"myValue": "so/sx", "personality_system_id": 5, "personality_type": "so/sx", "theCount": 50}, {"myValue": "sx/so", "personality_system_id": 5, "personality_type": "sx/so", "theCount": 11}, {"myValue": "so/sp", "personality_system_id": 5, "personality_type": "so/sp", "theCount": 4}, {"myValue": "sp/so", "personality_system_id": 5, "personality_type": "sp/so", "theCount": 1}, {"myValue": "sp/sx", "personality_system_id": 5, "personality_type": "sp/sx", "theCount": 1}, {"myValue": "sx/sp", "personality_system_id": 5, "personality_type": "sx/sp", "theCount": 1}], "6": [{"myValue": "974", "personality_system_id": 6, "personality_type": "974", "theCount": 44}, {"myValue": "794", "personality_system_id": 6, "personality_type": "794", "theCount": 6}, {"myValue": "792", "personality_system_id": 6, "personality_type": "792", "theCount": 4}, {"myValue": "279", "personality_system_id": 6, "personality_type": "279", "theCount": 1}, {"myValue": "458", "personality_system_id": 6, "personality_type": "458", "theCount": 1}, {"myValue": "497", "personality_system_id": 6, "personality_type": "497", "theCount": 1}, {"myValue": "749", "personality_system_id": 6, "personality_type": "749", "theCount": 1}, {"myValue": "947", "personality_system_id": 6, "personality_type": "947", "theCount": 1}, {"myValue": "954", "personality_system_id": 6, "personality_type": "954", "theCount": 1}], "7": [{"myValue": "Sanguine-Phlegmatic", "personality_system_id": 7, "personality_type": "Sanguine-Phlegmatic", "theCount": 54}, {"myValue": "Phlegmatic-Choleric", "personality_system_id": 7, "personality_type": "Phlegmatic-Choleric", "theCount": 14}, {"myValue": "Sanguine-Melancholic", "personality_system_id": 7, "personality_type": "Sanguine-Melancholic", "theCount": 4}, {"myValue": "Sanguine [Dominant]", "personality_system_id": 7, "personality_type": "Sanguine [Dominant]", "theCount": 2}, {"myValue": "Melancholic [Dominant]", "personality_system_id": 7, "personality_type": "Melancholic [Dominant]", "theCount": 1}, {"myValue": "Phlegmatic [Dominant]", "personality_system_id": 7, "personality_type": "Phlegmatic [Dominant]", "theCount": 1}, {"myValue": "Phlegmatic-Sanguine", "personality_system_id": 7, "personality_type": "Phlegmatic-Sanguine", "theCount": 1}, {"myValue": "Sanguine-Choleric", "personality_system_id": 7, "personality_type": "Sanguine-Choleric", "theCount": 1}], "8": [{"myValue": "EFVL", "personality_system_id": 8, "personality_type": "EFVL", "theCount": 14}, {"myValue": "EFLV", "personality_system_id": 8, "personality_type": "EFLV", "theCount": 9}, {"myValue": "FVEL", "personality_system_id": 8, "personality_type": "FVEL", "theCount": 2}, {"myValue": "ELFV", "personality_system_id": 8, "personality_type": "ELFV", "theCount": 1}, {"myValue": "FELV", "personality_system_id": 8, "personality_type": "FELV", "theCount": 1}], "9": [{"myValue": "SCUAI", "personality_system_id": 9, "personality_type": "SCUAI", "theCount": 25}, {"myValue": "SCOAN", "personality_system_id": 9, "personality_type": "SCOAN", "theCount": 1}, {"myValue": "SLUAI", "personality_system_id": 9, "personality_type": "SLUAI", "theCount": 1}, {"myValue": "SLUEI", "personality_system_id": 9, "personality_type": "SLUEI", "theCount": 1}]}, "breakdown_config": {"expand": {"1": 3, "10": 1, "11": 1, "2": 3, "3": 2, "4": 1, "5": 1, "6": 1, "7": 1, "8": 2, "9": 1}, "fire": {"1": 0, "10": 0, "11": 0, "2": 0, "3": 1, "4": 0, "5": 0, "6": 0, "7": 0, "8": 1, "9": 0}}, "mbti_letter_stats": [{"type": "E", "percentage": "75%", "PercentageFloat": 0.7523961661341853}, {"type": "N", "percentage": "97%", "PercentageFloat": 0.9664536741214057}, {"type": "F", "percentage": "99%", "PercentageFloat": 0.987220447284345}, {"type": "P", "percentage": "91%", "PercentageFloat": 0.9137380191693291}], "topic_info": {"can_generate": false, "topic": {"description": "#SelenaGomez", "follow_count": 2, "id": 11335, "is_following": false, "is_join_pending": false, "is_banned": false, "is_moderated": false, "name_readable": "Mavis Dracula", "post_count": 10, "source_profile_id": 12270, "source_type": "profile", "join_to_post": false, "can_pin": false, "related_topics": [{"description": "#SelenaGomez", "follow_count": 2, "id": 11335, "is_following": false, "is_join_pending": false, "is_banned": false, "is_moderated": false, "name_readable": "Mavis Dracula", "post_count": 10, "source_profile_id": 12270, "source_type": "profile", "image": {"picURL": "https://static1.personality-database.com/profile_images/37e62e03cfd14fef8b691927a1ad7b3f.png"}, "join_to_post": false, "can_pin": false}, {"description": "#AdamSandler", "follow_count": 1, "id": 11334, "is_following": false, "is_join_pending": false, "is_banned": false, "is_moderated": false, "name_readable": "Count Dracula", "post_count": 10, "source_profile_id": 12269, "source_type": "profile", "image": {"picURL": "https://static1.personality-database.com/profile_images/471689e85b20419daa5cc7f1ee94098a.png"}, "join_to_post": false, "can_pin": false}, {"description": "", "follow_count": 0, "id": 273773, "is_following": false, "is_join_pending": false, "is_banned": false, "is_moderated": false, "name_readable": "Bela", "post_count": 1, "source_profile_id": 355794, "source_type": "profile", "image": {"picURL": "https://static1.personality-database.com/profile_images/63ff9bfe17ff4681b51484a9a489aa5b.png"}, "join_to_post": false, "can_pin": false}, {"description": "", "follow_count": 0, "id": 274264, "is_following": false, "is_join_pending": false, "is_banned": false, "is_moderated": false, "name_readable": "Esmeralda", "post_count": 0, "source_profile_id": 356366, "source_type": "profile", "image": {"picURL": "https://static1.personality-database.com/profile_images/cfd2351778174833a27415d0d975ebc2.png"}, "join_to_post": false, "can_pin": false}, {"description": "", "follow_count": 0, "id": 273769, "is_following": false, "is_join_pending": false, "is_banned": false, "is_moderated": false, "name_readable": "Dana", "post_count": 0, "source_profile_id": 355788, "source_type": "profile", "image": {"picURL": "https://static1.personality-database.com/profile_images/9f8a4d704dfa409ea58ff5576cc2da54.png"}, "join_to_post": false, "can_pin": false}, {"description": "", "follow_count": 0, "id": 273753, "is_following": false, "is_join_pending": false, "is_banned": false, "is_moderated": false, "name_readable": "Quasimodo", "post_count": 0, "source_profile_id": 355771, "source_type": "profile", "image": {"picURL": "https://static1.personality-database.com/profile_images/69458f9b13c94ba5b8d77849e7401032.png"}, "join_to_post": false, "can_pin": false}, {"description": "", "follow_count": 0, "id": 253455, "is_following": false, "is_join_pending": false, "is_banned": false, "is_moderated": false, "name_readable": "Kal", "post_count": 0, "source_profile_id": 329257, "source_type": "profile", "image": {"picURL": "https://static1.personality-database.com/profile_images/45a1e734e0fb4218a6c27e68c6ee29e4.png"}, "join_to_post": false, "can_pin": false}, {"description": "Martha was Dracula's loving deceased wife, and Mavis' late mother. She had waist-length black wavy hair, pale skin, and light blue eyes as does her child. She was murdered in 1895 by a mob of fearful humans, staked right through her heart, when Mavis was just an infant.", "follow_count": 0, "id": 250616, "is_following": false, "is_join_pending": false, "is_banned": false, "is_moderated": false, "name_readable": "Countess Martha Dracula", "post_count": 0, "source_profile_id": 325559, "source_type": "profile", "image": {"picURL": "https://static1.personality-database.com/profile_images/ba6dee2b40524fa7a3232fde5f44db99.png"}, "join_to_post": false, "can_pin": false}, {"description": "", "follow_count": 0, "id": 224551, "is_following": false, "is_join_pending": false, "is_banned": false, "is_moderated": false, "name_readable": "Stan The Fishman", "post_count": 0, "source_profile_id": 292470, "source_type": "profile", "image": {"picURL": "https://static1.personality-database.com/profile_images/c598dfe0cf0347f7952ca350118ce4c4.png"}, "join_to_post": false, "can_pin": false}, {"description": "", "follow_count": 0, "id": 214752, "is_following": false, "is_join_pending": false, "is_banned": false, "is_moderated": false, "name_readable": "Abraham Van Helsing", "post_count": 0, "source_profile_id": 280469, "source_type": "profile", "image": {"picURL": "https://static1.personality-database.com/profile_images/a210e72e69de40278305971bbbaf9e98.png"}, "join_to_post": false, "can_pin": false}, {"description": "", "follow_count": 0, "id": 214141, "is_following": false, "is_join_pending": false, "is_banned": false, "is_moderated": false, "name_readable": "Crystal", "post_count": 0, "source_profile_id": 279779, "source_type": "profile", "image": {"picURL": "https://static1.personality-database.com/profile_images/525646764b8744d98076eec73594a75d.png"}, "join_to_post": false, "can_pin": false}, {"description": "", "follow_count": 1, "id": 214140, "is_following": false, "is_join_pending": false, "is_banned": false, "is_moderated": false, "name_readable": "Tinkles", "post_count": 0, "source_profile_id": 279778, "source_type": "profile", "image": {"picURL": "https://static1.personality-database.com/profile_images/de708a6a3cbc4e5d862e7c4f49219ea4.png"}, "join_to_post": false, "can_pin": false}, {"description": "", "follow_count": 0, "id": 214139, "is_following": false, "is_join_pending": false, "is_banned": false, "is_moderated": false, "name_readable": "Shrunken Heads", "post_count": 0, "source_profile_id": 279777, "source_type": "profile", "image": {"picURL": "https://static1.personality-database.com/profile_images/4e828f49a8204224a7e49d2a70fba68a.png"}, "join_to_post": false, "can_pin": false}, {"description": "", "follow_count": 0, "id": 156987, "is_following": false, "is_join_pending": false, "is_banned": false, "is_moderated": false, "name_readable": "Winnie Werewolf", "post_count": 0, "source_profile_id": 203087, "source_type": "profile", "image": {"picURL": "https://static1.personality-database.com/profile_images/2d81f453549b4f2aa437ef822b1f7991.png"}, "join_to_post": false, "can_pin": false}, {"description": "", "follow_count": 0, "id": 151023, "is_following": false, "is_join_pending": false, "is_banned": false, "is_moderated": false, "name_readable": "Griffin", "post_count": 0, "source_profile_id": 195601, "source_type": "profile", "image": {"picURL": "https://static1.personality-database.com/profile_images/818ac448ba254b97b1eef0d2f01f82c3.png"}, "join_to_post": false, "can_pin": false}, {"description": "", "follow_count": 0, "id": 151022, "is_following": false, "is_join_pending": false, "is_banned": false, "is_moderated": false, "name_readable": "Blobby", "post_count": 0, "source_profile_id": 195600, "source_type": "profile", "image": {"picURL": "https://static1.personality-database.com/profile_images/750b6c6d5d9d431098dd2adf3f49ff06.png"}, "join_to_post": false, "can_pin": false}], "subcategory": "Hotel Transylvania (2012)", "topic_image_url": "https://static1.personality-database.com/profile_images/37e62e03cfd14fef8b691927a1ad7b3f.png", "source_location": {"cid": 3, "pid": 2, "sub_cat_id": 1587}, "can_post_image": false, "can_post_audio": false, "posts": {"posts": [{"username": "willjmoriarty", "user_pic_path": "https://static1.personality-database.com/user_avatars/844439/12c25b69-cd60-4214-bae7-60dd41310c98.jpeg", "user_personality_type": "XXXX", "is_mod": false, "comment_count": 0, "reply_count": 0, "vote_type": 0, "topics_list": [{"id": 11335, "name_readable": "Mavis Dracula"}], "id": 1976632, "post_id": 1976632, "user_id": 844439, "title": "enfp ", "content": "someone told me i act exactly like her today so i was curious to see her mbti and found out we\u2019re both ENFP\ud83d\ude2d", "create_date": 1671483734000, "unix_timestamp": 1671483734000, "update_date": 1671483734000, "vote_count": 0, "vote_count_down": 0, "is_reported": 0, "is_hidden": false, "is_pinned": false, "is_watching": false, "is_pro_user": false, "images": null, "audios": null, "function_list": [], "type": "post"}, {"username": "exPDBee300084", "user_pic_path": "", "user_personality_type": "XXXX", "is_mod": false, "comment_count": 0, "reply_count": 0, "vote_type": 0, "topics_list": [{"id": 11335, "name_readable": "Mavis Dracula"}], "id": 1346738, "post_id": 1346738, "user_id": 300084, "title": "", "content": "bruh, in what universe is she a 9 exactly?\nits so painfully obvious she's a 7, you can figure this out from episode 1 alone.", "create_date": 1663360089000, "unix_timestamp": 1663360089000, "update_date": 1663360089000, "vote_count": 8, "vote_count_down": 0, "is_reported": 0, "is_hidden": false, "is_pinned": false, "is_watching": false, "is_pro_user": false, "images": null, "audios": null, "function_list": [], "type": "post"}, {"username": "i wonder", "user_pic_path": "https://lh3.googleusercontent.com/a-/AFdZuco5YobrRec7tWriISGrALsGOiLtFZyjY16hPbqjVw=s96-c", "user_personality_type": "ENFP-7w6-749", "is_mod": false, "comment_count": 2, "reply_count": 2, "vote_type": 0, "topics_list": [{"id": 11335, "name_readable": "Mavis Dracula"}], "id": 1389630, "post_id": 1389630, "user_id": 243970, "title": "", "content": "Haha Jonathan why is my daughter typed as a 9 and not a 7 and also 1D Ne in socionics", "create_date": 1653452606000, "unix_timestamp": 1653452606000, "update_date": 1653452606000, "vote_count": 28, "vote_count_down": 0, "is_reported": 1, "is_hidden": false, "is_pinned": false, "is_watching": false, "is_pro_user": false, "images": null, "audios": null, "function_list": [], "type": "post"}]}}}}