{"id": 1000917, "mbti_profile": "Mason", "profile_name_searchable": "Mason", "allow_commenting": true, "allow_voting": true, "user_id": 883843, "contributor": "lilliette", "contributor_create_date": "2023-01-15 23:28:51", "contributor_pic_path": "https://www.personality-database.com/images/profile_transparent.png", "display_order": 0, "edit_lock": 0, "edit_lock_picture": 0, "is_active": true, "is_approved": true, "mbti_enneagram_type": "ENFJ 7w8", "mbti_type": "ENFJ 7w8", "pdb_comment_access": true, "pdb_page_owner": 0, "pdb_public_access": true, "wiki_description": "- Loud class clown who never failed to make people laugh\n- Was obsessed with annoying this one INFP girl over and over again everyday for fun\n- Really mature for his age and smart\n- When I tried to annoy him back by putting my foot on his he's like \"you can't hurt me\"\n- Always said my name in a weird voice\n- Says \"murder\" in a weird voice\n- Thought I have a crush on him because I pushed him and found his YouTube channel but I only did it because he wouldn't stop annoying me\n- Loves running away/ getting chased\n- Talks a lot.", "watch_count": 0, "comment_count": 0, "vote_count": 1, "vote_count_enneagram": 1, "vote_count_mbti": 1, "total_vote_counts": 4, "personality_type": "ENFJ - 7w8", "type_updated_date": "2023-01-15 23:46:27", "enneagram_vote": "", "enneagram_vote_id": 0, "mbti_vote": "", "mbti_vote_id": 0, "is_watching": false, "image_exists": false, "profile_image_url": "", "profile_image_credit": "", "profile_image_credit_id": 0, "profile_image_credit_type": "0", "profile_image_credit_url": "", "alt_subcategory": "", "related_subcategories": "", "cat_id": 12, "category": "Literature", "category_is_fictional": true, "sub_cat_id": 33717, "subcategory": "Loner (Based on Real Life)", "subcat_link_info": {"sub_cat_id": 33717, "cat_id": 12, "property_id": 2, "subcategory": "Loner (Based on Real Life)"}, "related_subcat_link_info": null, "related_profiles": [{"id": 558378, "mbti_profile": "Jahar", "subcategory": "Loner (Based on Real Life)", "profile_image_url": "https://static1.personality-database.com/profile_images/5eb25654c57446cc8c3482eb8fa88224.png", "profile_name": "Jahar", "profile_subcat": "Loner (Based on Real Life)", "sub_cat_id": 33717, "cat_id": 12, "property_id": 2, "mbti": "ISTP", "enneatype": "9w8"}, {"id": 703216, "mbti_profile": "don't know his name", "subcategory": "Loner (Based on Real Life)", "profile_image_url": "https://static1.personality-database.com/profile_images/ad604365b96348d0aefc6ab6ff87bc7c.png", "profile_name": "don't know his name", "profile_subcat": "Loner (Based on Real Life)", "sub_cat_id": 33717, "cat_id": 12, "property_id": 2, "mbti": "ISFP", "enneatype": "9w8"}, {"id": 558377, "mbti_profile": "Miana", "subcategory": "Loner (Based on Real Life)", "profile_image_url": "https://static1.personality-database.com/profile_images/d32ff65c775a47a082410afc58894a47.png", "profile_name": "Miana", "profile_subcat": "Loner (Based on Real Life)", "sub_cat_id": 33717, "cat_id": 12, "property_id": 2, "mbti": "INFP", "enneatype": "6w7"}, {"id": 559057, "mbti_profile": "Miana's Dream S/O", "subcategory": "Loner (Based on Real Life)", "profile_image_url": "https://static1.personality-database.com/profile_images/1486e9efeee24e6aa242ed1f0f8c597e.png", "profile_name": "Miana's Dream S/O", "profile_subcat": "Loner (Based on Real Life)", "sub_cat_id": 33717, "cat_id": 12, "property_id": 2, "mbti": "ESTP", "enneatype": "8w7"}, {"id": 604354, "mbti_profile": "Chloe", "subcategory": "Loner (Based on Real Life)", "profile_image_url": "https://static1.personality-database.com/profile_images/6c95f84ae4164cb28098456d80d93048.png", "profile_name": "Chloe", "profile_subcat": "Loner (Based on Real Life)", "sub_cat_id": 33717, "cat_id": 12, "property_id": 2, "mbti": "ESTP", "enneatype": "3w2"}, {"id": 558456, "mbti_profile": "Ruomei", "subcategory": "Loner (Based on Real Life)", "profile_image_url": "https://static1.personality-database.com/profile_images/ae4d31eac85340da897d57c1125070dc.png", "profile_name": "Ruomei", "profile_subcat": "Loner (Based on Real Life)", "sub_cat_id": 33717, "cat_id": 12, "property_id": 2, "mbti": "ISFJ", "enneatype": "1w9"}, {"id": 558784, "mbti_profile": "Gani", "subcategory": "Loner (Based on Real Life)", "profile_image_url": "https://static1.personality-database.com/profile_images/42e998b788bd4591934c9c9eff8e87af.png", "profile_name": "Gani", "profile_subcat": "Loner (Based on Real Life)", "sub_cat_id": 33717, "cat_id": 12, "property_id": 2, "mbti": "ESFP", "enneatype": "8w7"}, {"id": 592997, "mbti_profile": "Miana's Dream S/O 2", "subcategory": "Loner (Based on Real Life)", "profile_image_url": "https://static1.personality-database.com/profile_images/fd319c81212642dbb91c26331b6f6ed2.png", "profile_name": "Miana's Dream S/O 2", "profile_subcat": "Loner (Based on Real Life)", "sub_cat_id": 33717, "cat_id": 12, "property_id": 2, "mbti": "ESFJ", "enneatype": "2w3"}], "functions": ["Fe", "Ni", "Se", "Ti"], "systems": [{"hex_color": "#888888", "id": 1, "personality_type": "XXXX", "personality_type_id": 0, "system_name": "Four Letter", "system_vote_count": 1, "user_vote_type_id": 0, "vote_id": 0}, {"hex_color": "#006775", "id": 2, "personality_type": "XXXX", "personality_type_id": 0, "system_name": "Enneagram", "system_vote_count": 1, "user_vote_type_id": 0, "vote_id": 0}, {"hex_color": "#006775", "id": 5, "personality_type": "XXXX", "personality_type_id": 0, "system_name": "Instinctual Variant", "system_vote_count": 1, "user_vote_type_id": 0, "vote_id": 0}, {"hex_color": "#006775", "id": 6, "personality_type": "XXXX", "personality_type_id": 0, "system_name": "Tritype", "system_vote_count": 1, "user_vote_type_id": 0, "vote_id": 0}, {"hex_color": "#888888", "id": 3, "personality_type": "XXXX", "personality_type_id": 0, "system_name": "Socionics", "system_vote_count": 0, "user_vote_type_id": 0, "vote_id": 0}, {"hex_color": "#888888", "id": 9, "personality_type": "XXXX", "personality_type_id": 0, "system_name": "Big 5 (SLOAN)", "system_vote_count": 0, "user_vote_type_id": 0, "vote_id": 0}, {"hex_color": "#888888", "id": 8, "personality_type": "XXXX", "personality_type_id": 0, "system_name": "Attitudinal Psyche", "system_vote_count": 0, "user_vote_type_id": 0, "vote_id": 0}, {"hex_color": "#888888", "id": 7, "personality_type": "XXXX", "personality_type_id": 0, "system_name": "Temperaments", "system_vote_count": 0, "user_vote_type_id": 0, "vote_id": 0}, {"hex_color": "#888888", "id": 11, "personality_type": "XXXX", "personality_type_id": 0, "system_name": "Classic Jungian", "system_vote_count": 0, "user_vote_type_id": 0, "vote_id": 0}], "breakdown_systems": {"1": [{"myValue": "ENFJ", "personality_system_id": 1, "personality_type": "ENFJ", "theCount": 1}], "11": [{"myValue": "XXXX", "personality_system_id": 0, "personality_type": "XXXX", "theCount": 0}], "2": [{"myValue": "7w8", "personality_system_id": 2, "personality_type": "7w8", "theCount": 1}], "3": [{"myValue": "XXXX", "personality_system_id": 0, "personality_type": "XXXX", "theCount": 0}], "5": [{"myValue": "so/sx", "personality_system_id": 5, "personality_type": "so/sx", "theCount": 1}], "6": [{"myValue": "738", "personality_system_id": 6, "personality_type": "738", "theCount": 1}], "7": [{"myValue": "XXXX", "personality_system_id": 0, "personality_type": "XXXX", "theCount": 0}], "8": [{"myValue": "XXXX", "personality_system_id": 0, "personality_type": "XXXX", "theCount": 0}], "9": [{"myValue": "XXXX", "personality_system_id": 0, "personality_type": "XXXX", "theCount": 0}]}, "breakdown_config": {"expand": {"1": 3, "11": 1, "2": 3, "3": 1, "5": 1, "6": 1, "7": 1, "8": 1, "9": 1}, "fire": {"1": 0, "11": 0, "2": 0, "3": 0, "5": 0, "6": 0, "7": 0, "8": 0, "9": 0}}, "mbti_letter_stats": [{"type": "E", "percentage": "100%", "PercentageFloat": 1}, {"type": "N", "percentage": "100%", "PercentageFloat": 1}, {"type": "F", "percentage": "100%", "PercentageFloat": 1}, {"type": "J", "percentage": "100%", "PercentageFloat": 1}], "topic_info": {"can_generate": true}}