{"id": 1000744, "mbti_profile": "Chia", "profile_name_searchable": "Chia", "allow_commenting": true, "allow_voting": true, "user_id": 1698537, "contributor": "rambieen", "contributor_create_date": "2023-01-15 23:02:08", "contributor_pic_path": "https://static1.personality-database.com/user_avatars/1698537/d17a23e0-df44-41f5-878b-27ff9f371f2d_small.jpeg", "display_order": 0, "edit_lock": 0, "edit_lock_picture": 0, "is_active": true, "is_approved": true, "mbti_enneagram_type": "ESTP", "mbti_type": "ESTP", "pdb_comment_access": true, "pdb_page_owner": 0, "pdb_public_access": true, "wiki_description": "Chia is the 32nd person in FT household. She possesses \"Tie Dye\" Chica.", "watch_count": 0, "comment_count": 0, "vote_count": 1, "vote_count_enneagram": 1, "vote_count_mbti": 1, "total_vote_counts": 3, "personality_type": "ESTP - 4w3 - sx/sp", "type_updated_date": "2023-01-16 00:17:44", "enneagram_vote": "", "enneagram_vote_id": 0, "mbti_vote": "", "mbti_vote_id": 0, "is_watching": false, "image_exists": false, "profile_image_url": "https://static1.personality-database.com/profile_images/92f2bcbcf7f34db5b5c391b67dbe300a.png", "profile_image_credit": "", "profile_image_credit_id": 486355, "profile_image_credit_type": "0", "profile_image_credit_url": "", "alt_subcategory": "", "related_subcategories": "", "cat_id": 12, "category": "Literature", "category_is_fictional": true, "sub_cat_id": 36224, "subcategory": "FT", "subcat_link_info": {"sub_cat_id": 36224, "cat_id": 12, "property_id": 2, "subcategory": "FT"}, "related_subcat_link_info": null, "related_profiles": [{"id": 1000350, "mbti_profile": "Emma", "subcategory": "FT", "profile_image_url": "https://static1.personality-database.com/profile_images/161ac586ce5d49d7b645740d7aa35211.png", "profile_name": "Emma", "profile_subcat": "FT", "sub_cat_id": 36224, "cat_id": 12, "property_id": 2, "mbti": "ISFJ", "enneatype": "9w1"}, {"id": 1000667, "mbti_profile": "Omar", "subcategory": "FT", "profile_image_url": "", "profile_name": "Omar", "profile_subcat": "FT", "sub_cat_id": 36224, "cat_id": 12, "property_id": 2, "mbti": "ISTP", "enneatype": "4w5"}, {"id": 1000586, "mbti_profile": "Barbara", "subcategory": "FT", "profile_image_url": "https://static1.personality-database.com/profile_images/7e626374b7084e20b0d6e8dd018ea0a4.png", "profile_name": "Barbara", "profile_subcat": "FT", "sub_cat_id": 36224, "cat_id": 12, "property_id": 2, "mbti": "INFP", "enneatype": "2w3"}, {"id": 1000596, "mbti_profile": "Oswald", "subcategory": "FT", "profile_image_url": "https://static1.personality-database.com/profile_images/4038c34378f04b0180e25ec5704a665d.png", "profile_name": "Oswald", "profile_subcat": "FT", "sub_cat_id": 36224, "cat_id": 12, "property_id": 2, "mbti": "ENFP", "enneatype": "9w1"}, {"id": 1000604, "mbti_profile": "Anthony", "subcategory": "FT", "profile_image_url": "", "profile_name": "Anthony", "profile_subcat": "FT", "sub_cat_id": 36224, "cat_id": 12, "property_id": 2, "mbti": "INTJ", "enneatype": "5w6"}, {"id": 1000613, "mbti_profile": "Adriana", "subcategory": "FT", "profile_image_url": "https://static1.personality-database.com/profile_images/6b74edc9a976461c990cb6eae167ec05.png", "profile_name": "Adriana", "profile_subcat": "FT", "sub_cat_id": 36224, "cat_id": 12, "property_id": 2, "mbti": "ENFJ", "enneatype": "3w2"}, {"id": 1000630, "mbti_profile": "Melvin", "subcategory": "FT", "profile_image_url": "https://static1.personality-database.com/profile_images/2cbf56ba3b484fe48335aa14f0005e60.png", "profile_name": "Melvin", "profile_subcat": "FT", "sub_cat_id": 36224, "cat_id": 12, "property_id": 2, "mbti": "ESFJ", "enneatype": "2w3"}, {"id": 1000642, "mbti_profile": "Roxy", "subcategory": "FT", "profile_image_url": "", "profile_name": "Roxy", "profile_subcat": "FT", "sub_cat_id": 36224, "cat_id": 12, "property_id": 2, "mbti": "ESFP", "enneatype": "4w3"}], "functions": ["Se", "Ti", "Fe", "Ni"], "systems": [{"hex_color": "#888888", "id": 1, "personality_type": "XXXX", "personality_type_id": 0, "system_name": "Four Letter", "system_vote_count": 1, "user_vote_type_id": 0, "vote_id": 0}, {"hex_color": "#006775", "id": 2, "personality_type": "XXXX", "personality_type_id": 0, "system_name": "Enneagram", "system_vote_count": 1, "user_vote_type_id": 0, "vote_id": 0}, {"hex_color": "#006775", "id": 5, "personality_type": "XXXX", "personality_type_id": 0, "system_name": "Instinctual Variant", "system_vote_count": 1, "user_vote_type_id": 0, "vote_id": 0}, {"hex_color": "#006775", "id": 6, "personality_type": "XXXX", "personality_type_id": 0, "system_name": "Tritype", "system_vote_count": 0, "user_vote_type_id": 0, "vote_id": 0}, {"hex_color": "#888888", "id": 3, "personality_type": "XXXX", "personality_type_id": 0, "system_name": "Socionics", "system_vote_count": 0, "user_vote_type_id": 0, "vote_id": 0}, {"hex_color": "#888888", "id": 9, "personality_type": "XXXX", "personality_type_id": 0, "system_name": "Big 5 (SLOAN)", "system_vote_count": 0, "user_vote_type_id": 0, "vote_id": 0}, {"hex_color": "#888888", "id": 8, "personality_type": "XXXX", "personality_type_id": 0, "system_name": "Attitudinal Psyche", "system_vote_count": 0, "user_vote_type_id": 0, "vote_id": 0}, {"hex_color": "#888888", "id": 7, "personality_type": "XXXX", "personality_type_id": 0, "system_name": "Temperaments", "system_vote_count": 0, "user_vote_type_id": 0, "vote_id": 0}, {"hex_color": "#888888", "id": 11, "personality_type": "XXXX", "personality_type_id": 0, "system_name": "Classic Jungian", "system_vote_count": 0, "user_vote_type_id": 0, "vote_id": 0}], "breakdown_systems": {"1": [{"myValue": "ESTP", "personality_system_id": 1, "personality_type": "ESTP", "theCount": 1}], "11": [{"myValue": "XXXX", "personality_system_id": 0, "personality_type": "XXXX", "theCount": 0}], "2": [{"myValue": "4w3", "personality_system_id": 2, "personality_type": "4w3", "theCount": 1}], "3": [{"myValue": "XXXX", "personality_system_id": 0, "personality_type": "XXXX", "theCount": 0}], "5": [{"myValue": "sp/sx", "personality_system_id": 5, "personality_type": "sp/sx", "theCount": 1}], "6": [{"myValue": "XXXX", "personality_system_id": 0, "personality_type": "XXXX", "theCount": 0}], "7": [{"myValue": "XXXX", "personality_system_id": 0, "personality_type": "XXXX", "theCount": 0}], "8": [{"myValue": "XXXX", "personality_system_id": 0, "personality_type": "XXXX", "theCount": 0}], "9": [{"myValue": "XXXX", "personality_system_id": 0, "personality_type": "XXXX", "theCount": 0}]}, "breakdown_config": {"expand": {"1": 3, "11": 1, "2": 3, "3": 1, "5": 1, "6": 1, "7": 1, "8": 1, "9": 1}, "fire": {"1": 0, "11": 0, "2": 0, "3": 0, "5": 0, "6": 0, "7": 0, "8": 0, "9": 0}}, "mbti_letter_stats": [{"type": "E", "percentage": "100%", "PercentageFloat": 1}, {"type": "S", "percentage": "100%", "PercentageFloat": 1}, {"type": "T", "percentage": "100%", "PercentageFloat": 1}, {"type": "P", "percentage": "100%", "PercentageFloat": 1}], "topic_info": {"can_generate": true}}