{"id": 100951, "mbti_profile": "Malyen \"Mal\" Oretsev", "profile_name_searchable": "malyen\"mal\"oretsev", "allow_commenting": true, "allow_voting": true, "user_id": 28097, "contributor": "occhiodipolpo", "contributor_create_date": "2020-02-23 22:17:05", "contributor_pic_path": "https://lh3.googleusercontent.com/a-/AAuE7mDHDG3Bdzmz9FO8zLC4gopGXzBdgj93QtaxFCLhzA=s96-c", "display_order": 990, "edit_lock": 0, "edit_lock_picture": 0, "is_active": true, "is_approved": true, "mbti_enneagram_type": "ESTP 2w3", "mbti_type": "ESTP 2w3", "pdb_comment_access": true, "pdb_page_owner": 0, "pdb_public_access": true, "wiki_description": "Malyen Oretsev, commonly known as Mal, is Alina Starkov's childhood best friend, a former soldier of the First Army. He is a well-trained soldier and a gifted tracker, able to find just about anything with a heartbeat.", "watch_count": 34, "comment_count": 36, "vote_count": 131, "vote_count_enneagram": 47, "vote_count_mbti": 131, "total_vote_counts": 218, "personality_type": "ESTP - 2w3 - sx/so - 628 - SEE - SLUAN - FVLE - Sanguine-Phlegmatic - ES(F)", "type_updated_date": "2023-01-02 16:26:41", "enneagram_vote": "", "enneagram_vote_id": 0, "mbti_vote": "", "mbti_vote_id": 0, "is_watching": false, "image_exists": false, "profile_image_url": "https://static1.personality-database.com/profile_images/45198a180cd94cf7b9ace81ee0438704.png", "profile_image_credit": "", "profile_image_credit_id": 0, "profile_image_credit_type": "0", "profile_image_credit_url": "", "alt_subcategory": "", "related_subcategories": "", "cat_id": 12, "category": "Literature", "category_is_fictional": true, "sub_cat_id": 3058, "subcategory": "Grishaverse (Series)", "subcat_link_info": {"sub_cat_id": 3058, "cat_id": 12, "property_id": 2, "subcategory": "Grishaverse (Series)"}, "related_subcat_link_info": null, "related_profiles": [{"id": 36242, "mbti_profile": "Nikolai Lantsov", "subcategory": "Grishaverse (Series)", "profile_image_url": "https://static1.personality-database.com/profile_images/b7dfc0b48adb44378ff93f6aeed83dfb.png", "profile_name": "Nikolai Lantsov", "profile_subcat": "Grishaverse (Series)", "sub_cat_id": 3058, "cat_id": 12, "property_id": 2, "mbti": "ENTP", "enneatype": "3w2"}, {"id": 28459, "mbti_profile": "The Darkling", "subcategory": "Grishaverse (Series)", "profile_image_url": "https://static1.personality-database.com/profile_images/c4805adb50c5484fad56f45085b24aae.png", "profile_name": "The Darkling", "profile_subcat": "Grishaverse (Series)", "sub_cat_id": 3058, "cat_id": 12, "property_id": 2, "mbti": "ENTJ", "enneatype": "1w9"}, {"id": 28458, "mbti_profile": "Alina Starkov", "subcategory": "Grishaverse (Series)", "profile_image_url": "https://static1.personality-database.com/profile_images/b994b81a93254fb7b69e6316ebc6ef17.png", "profile_name": "Alina Starkov", "profile_subcat": "Grishaverse (Series)", "sub_cat_id": 3058, "cat_id": 12, "property_id": 2, "mbti": "ISFP", "enneatype": "9w8"}, {"id": 36243, "mbti_profile": "Zoya Nazyalensky", "subcategory": "Grishaverse (Series)", "profile_image_url": "https://static1.personality-database.com/profile_images/73e596d82c0a4fc894c0c52cbbe9fcb2.png", "profile_name": "Zoya Nazyalensky", "profile_subcat": "Grishaverse (Series)", "sub_cat_id": 3058, "cat_id": 12, "property_id": 2, "mbti": "ESTJ", "enneatype": "8w9"}, {"id": 116980, "mbti_profile": "David Kostyk", "subcategory": "Grishaverse (Series)", "profile_image_url": "https://static1.personality-database.com/profile_images/4c045470201645028a2bad9b3eea7e1d.png", "profile_name": "David Kostyk", "profile_subcat": "Grishaverse (Series)", "sub_cat_id": 3058, "cat_id": 12, "property_id": 2, "mbti": "INTP", "enneatype": "5w4"}, {"id": 116982, "mbti_profile": "Genya Safin", "subcategory": "Grishaverse (Series)", "profile_image_url": "https://static1.personality-database.com/profile_images/7f9cf4e8c683427582fd3d6ec605f4ca.png", "profile_name": "Genya Safin", "profile_subcat": "Grishaverse (Series)", "sub_cat_id": 3058, "cat_id": 12, "property_id": 2, "mbti": "ESFJ", "enneatype": "2w3"}, {"id": 363971, "mbti_profile": "Vasily Lantsov", "subcategory": "Grishaverse (Series)", "profile_image_url": "", "profile_name": "Vasily Lantsov", "profile_subcat": "Grishaverse (Series)", "sub_cat_id": 3058, "cat_id": 12, "property_id": 2, "mbti": "ESFP", "enneatype": ""}, {"id": 305414, "mbti_profile": "Jarl Brum", "subcategory": "Grishaverse (Series)", "profile_image_url": "", "profile_name": "Jarl Brum", "profile_subcat": "Grishaverse (Series)", "sub_cat_id": 3058, "cat_id": 12, "property_id": 2, "mbti": "ESTJ", "enneatype": "3w4"}], "functions": ["Se", "Ti", "Fe", "Ni"], "systems": [{"hex_color": "#888888", "id": 1, "personality_type": "XXXX", "personality_type_id": 0, "system_name": "Four Letter", "system_vote_count": 125, "user_vote_type_id": 0, "vote_id": 0}, {"hex_color": "#006775", "id": 2, "personality_type": "XXXX", "personality_type_id": 0, "system_name": "Enneagram", "system_vote_count": 43, "user_vote_type_id": 0, "vote_id": 0}, {"hex_color": "#006775", "id": 5, "personality_type": "XXXX", "personality_type_id": 0, "system_name": "Instinctual Variant", "system_vote_count": 9, "user_vote_type_id": 0, "vote_id": 0}, {"hex_color": "#006775", "id": 6, "personality_type": "XXXX", "personality_type_id": 0, "system_name": "Tritype", "system_vote_count": 17, "user_vote_type_id": 0, "vote_id": 0}, {"hex_color": "#888888", "id": 3, "personality_type": "XXXX", "personality_type_id": 0, "system_name": "Socionics", "system_vote_count": 3, "user_vote_type_id": 0, "vote_id": 0}, {"hex_color": "#888888", "id": 9, "personality_type": "XXXX", "personality_type_id": 0, "system_name": "Big 5 (SLOAN)", "system_vote_count": 6, "user_vote_type_id": 0, "vote_id": 0}, {"hex_color": "#888888", "id": 8, "personality_type": "XXXX", "personality_type_id": 0, "system_name": "Attitudinal Psyche", "system_vote_count": 3, "user_vote_type_id": 0, "vote_id": 0}, {"hex_color": "#888888", "id": 7, "personality_type": "XXXX", "personality_type_id": 0, "system_name": "Temperaments", "system_vote_count": 10, "user_vote_type_id": 0, "vote_id": 0}, {"hex_color": "#888888", "id": 11, "personality_type": "XXXX", "personality_type_id": 0, "system_name": "Classic Jungian", "system_vote_count": 1, "user_vote_type_id": 0, "vote_id": 0}], "breakdown_systems": {"1": [{"myValue": "ESTP", "personality_system_id": 1, "personality_type": "ESTP", "theCount": 67}, {"myValue": "ESFP", "personality_system_id": 1, "personality_type": "ESFP", "theCount": 50}, {"myValue": "ESTJ", "personality_system_id": 1, "personality_type": "ESTJ", "theCount": 3}, {"myValue": "ISTJ", "personality_system_id": 1, "personality_type": "ISTJ", "theCount": 2}, {"myValue": "ESFJ", "personality_system_id": 1, "personality_type": "ESFJ", "theCount": 1}, {"myValue": "ISFP", "personality_system_id": 1, "personality_type": "ISFP", "theCount": 1}, {"myValue": "ISTP", "personality_system_id": 1, "personality_type": "ISTP", "theCount": 1}], "11": [{"myValue": "ES(F)", "personality_system_id": 11, "personality_type": "ES(F)", "theCount": 1}], "2": [{"myValue": "2w3", "personality_system_id": 2, "personality_type": "2w3", "theCount": 28}, {"myValue": "6w7", "personality_system_id": 2, "personality_type": "6w7", "theCount": 11}, {"myValue": "9w8", "personality_system_id": 2, "personality_type": "9w8", "theCount": 2}, {"myValue": "2w1", "personality_system_id": 2, "personality_type": "2w1", "theCount": 1}, {"myValue": "3w2", "personality_system_id": 2, "personality_type": "3w2", "theCount": 1}], "3": [{"myValue": "SEE", "personality_system_id": 3, "personality_type": "SEE", "theCount": 3}], "4": [{"myValue": "True Neutral", "personality_system_id": 4, "personality_type": "True Neutral", "theCount": 1}], "5": [{"myValue": "sx/so", "personality_system_id": 5, "personality_type": "sx/so", "theCount": 9}], "6": [{"myValue": "628", "personality_system_id": 6, "personality_type": "628", "theCount": 6}, {"myValue": "269", "personality_system_id": 6, "personality_type": "269", "theCount": 5}, {"myValue": "268", "personality_system_id": 6, "personality_type": "268", "theCount": 2}, {"myValue": "926", "personality_system_id": 6, "personality_type": "926", "theCount": 2}, {"myValue": "261", "personality_system_id": 6, "personality_type": "261", "theCount": 1}, {"myValue": "629", "personality_system_id": 6, "personality_type": "629", "theCount": 1}], "7": [{"myValue": "Sanguine-Phlegmatic", "personality_system_id": 7, "personality_type": "Sanguine-Phlegmatic", "theCount": 7}, {"myValue": "Phlegmatic-Sanguine", "personality_system_id": 7, "personality_type": "Phlegmatic-Sanguine", "theCount": 2}, {"myValue": "Sanguine [Dominant]", "personality_system_id": 7, "personality_type": "Sanguine [Dominant]", "theCount": 1}], "8": [{"myValue": "FVLE", "personality_system_id": 8, "personality_type": "FVLE", "theCount": 3}], "9": [{"myValue": "SLUAN", "personality_system_id": 9, "personality_type": "SLUAN", "theCount": 5}, {"myValue": "SCUAN", "personality_system_id": 9, "personality_type": "SCUAN", "theCount": 1}]}, "breakdown_config": {"expand": {"1": 3, "11": 1, "2": 3, "3": 1, "4": 1, "5": 1, "6": 1, "7": 1, "8": 1, "9": 1}, "fire": {"1": 1, "11": 0, "2": 0, "3": 0, "4": 0, "5": 0, "6": 0, "7": 0, "8": 0, "9": 0}}, "mbti_letter_stats": [{"type": "E", "percentage": "97%", "PercentageFloat": 0.968}, {"type": "S", "percentage": "100%", "PercentageFloat": 1}, {"type": "T", "percentage": "58%", "PercentageFloat": 0.584}, {"type": "P", "percentage": "95%", "PercentageFloat": 0.952}], "topic_info": {"can_generate": false, "topic": {"description": "Malyen Oretsev, commonly known as Mal, is Alina Starkov's childhood best friend, a former soldier of the First Army. He is a well-trained soldier and a gifted tracker, able to find just about anything with a heartbeat.", "follow_count": 0, "id": 80727, "is_following": false, "is_join_pending": false, "is_banned": false, "is_moderated": false, "name_readable": "Malyen \"Mal\" Oretsev", "post_count": 1, "source_profile_id": 100951, "source_type": "profile", "join_to_post": false, "can_pin": false, "related_topics": [{"description": "Nikolai Lantsov is the second son of Tatiana Lantsov, the former Queen of Ravka. He was first introduced as the privateer Sturmhond and later becomes the King of Ravka.", "follow_count": 0, "id": 32437, "is_following": false, "is_join_pending": false, "is_banned": false, "is_moderated": false, "name_readable": "Nikolai Lantsov", "post_count": 4, "source_profile_id": 36242, "source_type": "profile", "image": {"picURL": "https://static1.personality-database.com/profile_images/b7dfc0b48adb44378ff93f6aeed83dfb.png"}, "join_to_post": false, "can_pin": false}, {"description": "Alina Starkov is the main character of the Shadow & Bone triology, also known as the \u201cSun Summoner\u201d and one of the most powerful Grisha who had ever lived who\u2019s also the only one capable of destroying the Volcra and the Shadow Fold. Although she struggles and is fearful of her powers at first, especially given their uniqueness, she thrives when she embraces them and is eager to learn. As she becomes more powerful, Alina grapples with morality and the temptation of power.", "follow_count": 0, "id": 25646, "is_following": false, "is_join_pending": false, "is_banned": false, "is_moderated": false, "name_readable": "Alina Starkov", "post_count": 3, "source_profile_id": 28458, "source_type": "profile", "image": {"picURL": "https://static1.personality-database.com/profile_images/b994b81a93254fb7b69e6316ebc6ef17.png"}, "join_to_post": false, "can_pin": false}, {"description": "Zoya Nazyalensky is a Grisha born in the village of Pachina, she originally aimed to become a soldier of the First Army before she learned of her Squaller powers. After training in the Little Palace, Zoya quickly rose to become a favored soldier of the Darkling and was frequently assigned to missions around Ravka. During the Ravkan Civil War Zoya fought alongside Alina Starkov and eventually became a member of the Grisha Triumvirate and the leader of the Etherealki. As she later becomes the Queen of Ravka. Zoya is a powerful Grisha and one of the few to have possessed more than one amplifier.", "follow_count": 0, "id": 32438, "is_following": false, "is_join_pending": false, "is_banned": false, "is_moderated": false, "name_readable": "Zoya Nazyalensky", "post_count": 1, "source_profile_id": 36243, "source_type": "profile", "image": {"picURL": "https://static1.personality-database.com/profile_images/73e596d82c0a4fc894c0c52cbbe9fcb2.png"}, "join_to_post": false, "can_pin": false}, {"description": "Malyen Oretsev, commonly known as Mal, is Alina Starkov's childhood best friend, a former soldier of the First Army. He is a well-trained soldier and a gifted tracker, able to find just about anything with a heartbeat.", "follow_count": 0, "id": 80727, "is_following": false, "is_join_pending": false, "is_banned": false, "is_moderated": false, "name_readable": "Malyen \"Mal\" Oretsev", "post_count": 1, "source_profile_id": 100951, "source_type": "profile", "image": {"picURL": "https://static1.personality-database.com/profile_images/45198a180cd94cf7b9ace81ee0438704.png"}, "join_to_post": false, "can_pin": false}, {"description": "Genya Safin is a Tailor and a member of the Grisha Triumvirate.", "follow_count": 0, "id": 92134, "is_following": false, "is_join_pending": false, "is_banned": false, "is_moderated": false, "name_readable": "Genya Safin", "post_count": 1, "source_profile_id": 116982, "source_type": "profile", "image": {"picURL": "https://static1.personality-database.com/profile_images/7f9cf4e8c683427582fd3d6ec605f4ca.png"}, "join_to_post": false, "can_pin": false}, {"description": "", "follow_count": 0, "id": 92140, "is_following": false, "is_join_pending": false, "is_banned": false, "is_moderated": false, "name_readable": "Baghra", "post_count": 1, "source_profile_id": 116992, "source_type": "profile", "image": {"picURL": "https://static1.personality-database.com/profile_images/1f9437609b424ddc894659b5fff912aa.png"}, "join_to_post": false, "can_pin": false}, {"description": "Sun Summoners are Grisha of the Etherealki Order. They have the ability to bend and summon light. They can also summon heat from the sun. Alina Starkov was the original Sun Summoner.", "follow_count": 0, "id": 277302, "is_following": false, "is_join_pending": false, "is_banned": false, "is_moderated": false, "name_readable": "Sun Summoner", "post_count": 0, "source_profile_id": 360597, "source_type": "profile", "image": {"picURL": "https://static1.personality-database.com/profile_images/0fd30f32f862458a80418ae7534bbda0.png"}, "join_to_post": false, "can_pin": false}, {"description": "", "follow_count": 0, "id": 265006, "is_following": false, "is_join_pending": false, "is_banned": false, "is_moderated": false, "name_readable": "Joran", "post_count": 0, "source_profile_id": 344256, "source_type": "profile", "image": {"picURL": "https://www.personality-database.com/images/profile_transparent.png"}, "join_to_post": false, "can_pin": false}, {"description": "", "follow_count": 0, "id": 265009, "is_following": false, "is_join_pending": false, "is_banned": false, "is_moderated": false, "name_readable": "Prince Rasmus", "post_count": 0, "source_profile_id": 344260, "source_type": "profile", "image": {"picURL": "https://www.personality-database.com/images/profile_transparent.png"}, "join_to_post": false, "can_pin": false}, {"description": "", "follow_count": 0, "id": 265010, "is_following": false, "is_join_pending": false, "is_banned": false, "is_moderated": false, "name_readable": "Ehri Kir-Taban", "post_count": 0, "source_profile_id": 344263, "source_type": "profile", "image": {"picURL": "https://static1.personality-database.com/profile_images/4ab8cc85d7574cedb6f7f1f1c10dc277.png"}, "join_to_post": false, "can_pin": false}, {"description": "", "follow_count": 0, "id": 265011, "is_following": false, "is_join_pending": false, "is_banned": false, "is_moderated": false, "name_readable": "Makhi Kir-Taban", "post_count": 0, "source_profile_id": 344264, "source_type": "profile", "image": {"picURL": "https://static1.personality-database.com/profile_images/ab9acfa1640e49b586f15d68c6c7c156.png"}, "join_to_post": false, "can_pin": false}, {"description": "Healers are Grisha of the Corporalki class who can use their powers to heal others. They can mend bones, heal wounds, etc. However, they cannot repair wounds inflicted by a nichevo'ya. In the Second Army they wear red kefta with gray embroidery.", "follow_count": 0, "id": 277295, "is_following": false, "is_join_pending": false, "is_banned": false, "is_moderated": false, "name_readable": "Healers", "post_count": 0, "source_profile_id": 360588, "source_type": "profile", "image": {"picURL": "https://static1.personality-database.com/profile_images/be4ace04d5924caa8d200df34905f8c8.png"}, "join_to_post": false, "can_pin": false}, {"description": "Heartrenders are Grisha of the Corporalki order. They can use their power to damage a person's internal organs. Their ability ranges from slowing a person's pulse to snatching the air from their lungs. The target must be in their line of sight. They are feared by other Grisha and considered the most valuable soldiers. In the Second Army they wear red kefta with black embroidery.", "follow_count": 0, "id": 277296, "is_following": false, "is_join_pending": false, "is_banned": false, "is_moderated": false, "name_readable": "Heartrenders", "post_count": 0, "source_profile_id": 360589, "source_type": "profile", "image": {"picURL": "https://static1.personality-database.com/profile_images/44f343edc09349f4b0bed1a0f7523f67.png"}, "join_to_post": false, "can_pin": false}, {"description": "Tailors are Grisha of the Corporalki order. They have the ability to change a person's appearance. Tailors were once considered rare and special; however, in Ravka, tailoring is now taught to all Corporalki students of the Second Army. Genya Safin was the first known Tailor and was considered a low-level Grisha who served the Queen of Ravka before the Ravkan Civil War. In the Second Army they wear red kefta with blue embroidery.", "follow_count": 0, "id": 277297, "is_following": false, "is_join_pending": false, "is_banned": false, "is_moderated": false, "name_readable": "Tailors", "post_count": 0, "source_profile_id": 360590, "source_type": "profile", "image": {"picURL": "https://static1.personality-database.com/profile_images/e19e09feafb448b39fdf90d7770de0c2.png"}, "join_to_post": false, "can_pin": false}, {"description": "Squallers are Grisha of the Etherealki Order. They can manipulate the wind by raising or lowering air pressure to fill a ship's sails or to move objects.\n\nIn the Second Army they wear blue keftas with silver embroidery.", "follow_count": 0, "id": 277298, "is_following": false, "is_join_pending": false, "is_banned": false, "is_moderated": false, "name_readable": "Squallers", "post_count": 0, "source_profile_id": 360592, "source_type": "profile", "image": {"picURL": "https://static1.personality-database.com/profile_images/c6bd1159defd421bb53ae3946c91fe20.png"}, "join_to_post": false, "can_pin": false}, {"description": "", "follow_count": 0, "id": 304587, "is_following": false, "is_join_pending": false, "is_banned": false, "is_moderated": false, "name_readable": "Count Kirigin", "post_count": 0, "source_profile_id": 396449, "source_type": "profile", "image": {"picURL": "https://static1.personality-database.com/profile_images/d34e7044dfe24058b62c0991adf715cd.png"}, "join_to_post": false, "can_pin": false}], "subcategory": "Grishaverse (Series)", "topic_image_url": "https://static1.personality-database.com/profile_images/45198a180cd94cf7b9ace81ee0438704.png", "source_location": {"cid": 12, "pid": 2, "sub_cat_id": 3058}, "can_post_image": false, "can_post_audio": false, "posts": {"posts": [{"username": "exPDBee906024", "user_pic_path": "", "user_personality_type": "XXXX", "is_mod": false, "comment_count": 0, "reply_count": 0, "vote_type": 0, "topics_list": [{"id": 80727, "name_readable": "Malyen \"Mal\" Oretsev"}], "id": 1274590, "post_id": 1274590, "user_id": 906024, "title": "", "content": "CHECK OUT \nCheck out my analysis and see why he\u2019s really an ISTJ!", "create_date": 1662273841000, "unix_timestamp": 1662273841000, "update_date": 1662273841000, "vote_count": 0, "vote_count_down": 0, "is_reported": 0, "is_hidden": false, "is_pinned": false, "is_watching": false, "is_pro_user": false, "images": null, "audios": null, "function_list": [], "type": "post"}, {"username": "clara.c.burkholder", "user_pic_path": "https://lh3.googleusercontent.com/a-/AOh14Ggl_e5N-ko9w7YLx_sa7QfFerp8CVd1exvqNYOpPQ=s96-c", "user_personality_type": "ENTP-8w7-874", "is_mod": false, "comment_count": 2, "reply_count": 2, "vote_type": 0, "topics_list": [{"id": 80727, "name_readable": "Malyen \"Mal\" Oretsev"}], "id": 87415, "post_id": 87415, "user_id": 198929, "title": "", "content": "\"i am become a blade\" more like you need grammer lessons and also maybe one of those zappy tattoo removal machines", "create_date": 1617574947000, "unix_timestamp": 1617574947000, "update_date": 1617574947000, "vote_count": 25, "vote_count_down": 0, "is_reported": 1, "is_hidden": false, "is_pinned": false, "is_watching": false, "is_pro_user": false, "images": null, "audios": null, "function_list": [], "type": "post"}]}}}}