{"id": 10123, "mbti_profile": "Rhaegar Targaryen", "profile_name_searchable": "rhaegartargaryen", "allow_commenting": true, "allow_voting": true, "user_id": 4496, "contributor": "M4496", "contributor_create_date": "2018-02-19 17:35:40", "contributor_pic_path": "https://lh4.googleusercontent.com/-sxarHeC6pK0/AAAAAAAAAAI/AAAAAAAAAAA/AMZuucmQekzUQljlY57RoA-ZRG3DJhCSXw/s96-c/photo.jpg", "display_order": 0, "edit_lock": 0, "edit_lock_picture": 0, "is_active": true, "is_approved": true, "mbti_enneagram_type": "INFJ 5w4", "mbti_type": "INFJ 5w4", "pdb_comment_access": true, "pdb_page_owner": 0, "pdb_public_access": true, "wiki_description": "Prince Rhaegar Targaryen was the crown prince of the Seven Kingdoms. He was the eldest son of the King Aerys Targeryen (The Mad King) and Queen Rhaella, and the older brother of Daenerys and Viserys. Although Prince Rhaegar was a skillful knight, he was also known as intellectual, musician, and believer of the Song of Ice and Fire prophecy. Prince Rhaegar initially married Ellia Martell of Dorne, but he eventuall fell in love with Lyanna Stark of Winterfell and kidnapped her. His actions caused a civil war in Westeros, and ultimately brought an end to the Targaryen dynasty.", "watch_count": 200, "comment_count": 37, "vote_count": 141, "vote_count_enneagram": 63, "vote_count_mbti": 141, "total_vote_counts": 293, "personality_type": "INFJ - 5w4 - sp/sx - 451 - IEI - RCOAI - EVLF - Melancholic [Dominant] - IN(F)", "type_updated_date": "2022-11-27 16:01:34", "enneagram_vote": "", "enneagram_vote_id": 0, "mbti_vote": "", "mbti_vote_id": 0, "is_watching": false, "image_exists": false, "profile_image_url": "https://static1.personality-database.com/profile_images/965bdf68167d460c8539b35c3505e6d9.png", "profile_image_credit": "", "profile_image_credit_id": 0, "profile_image_credit_type": "0", "profile_image_credit_url": "", "alt_subcategory": "", "related_subcategories": "", "cat_id": 12, "category": "Literature", "category_is_fictional": true, "sub_cat_id": 626, "subcategory": "A Song of Ice and Fire (Series)", "subcat_link_info": {"sub_cat_id": 626, "cat_id": 12, "property_id": 2, "subcategory": "A Song of Ice and Fire (Series)"}, "related_subcat_link_info": null, "related_profiles": [{"id": 5110, "mbti_profile": "Cersei Lannister", "subcategory": "A Song of Ice and Fire (Series)", "profile_image_url": "https://static1.personality-database.com/profile_images/2171fb028f624a7aaa02a115772829a4.png", "profile_name": "Cersei Lannister", "profile_subcat": "A Song of Ice and Fire (Series)", "sub_cat_id": 626, "cat_id": 12, "property_id": 2, "mbti": "ESTJ", "enneatype": "4w3"}, {"id": 5108, "mbti_profile": "Tyrion Lannister", "subcategory": "A Song of Ice and Fire (Series)", "profile_image_url": "https://static1.personality-database.com/profile_images/057ba75a069d4a76a5e20c357d8acccc.png", "profile_name": "Tyrion Lannister", "profile_subcat": "A Song of Ice and Fire (Series)", "sub_cat_id": 626, "cat_id": 12, "property_id": 2, "mbti": "ENTP", "enneatype": "7w8"}, {"id": 5111, "mbti_profile": "Jon Snow", "subcategory": "A Song of Ice and Fire (Series)", "profile_image_url": "https://static1.personality-database.com/profile_images/30959203b1984812a416ce2b16dd5498.png", "profile_name": "Jon Snow", "profile_subcat": "A Song of Ice and Fire (Series)", "sub_cat_id": 626, "cat_id": 12, "property_id": 2, "mbti": "ISFP", "enneatype": "4w5"}, {"id": 5118, "mbti_profile": "Petyr Baelish", "subcategory": "A Song of Ice and Fire (Series)", "profile_image_url": "https://static1.personality-database.com/profile_images/24d1bfca4f38445abb73fc047ae122bb.png", "profile_name": "Petyr Baelish", "profile_subcat": "A Song of Ice and Fire (Series)", "sub_cat_id": 626, "cat_id": 12, "property_id": 2, "mbti": "INTJ", "enneatype": "3w4"}, {"id": 5112, "mbti_profile": "Daenerys Targaryen", "subcategory": "A Song of Ice and Fire (Series)", "profile_image_url": "https://static1.personality-database.com/profile_images/bb434e36a45c4d6f92350f15d71b8a51.png", "profile_name": "Daenerys Targaryen", "profile_subcat": "A Song of Ice and Fire (Series)", "sub_cat_id": 626, "cat_id": 12, "property_id": 2, "mbti": "INFJ", "enneatype": "9w1"}, {"id": 5105, "mbti_profile": "Jaime Lannister", "subcategory": "A Song of Ice and Fire (Series)", "profile_image_url": "https://static1.personality-database.com/profile_images/93772075dde947cda7c69aecf2af190c.png", "profile_name": "Jaime Lannister", "profile_subcat": "A Song of Ice and Fire (Series)", "sub_cat_id": 626, "cat_id": 12, "property_id": 2, "mbti": "ESTP", "enneatype": "3w2"}, {"id": 5107, "mbti_profile": "Euron Greyjoy", "subcategory": "A Song of Ice and Fire (Series)", "profile_image_url": "https://static1.personality-database.com/profile_images/5a941ef53f9d429a982e31e13e4b6cb9.png", "profile_name": "Euron Greyjoy", "profile_subcat": "A Song of Ice and Fire (Series)", "sub_cat_id": 626, "cat_id": 12, "property_id": 2, "mbti": "ENTP", "enneatype": "8w7"}, {"id": 5113, "mbti_profile": "Tywin Lannister", "subcategory": "A Song of Ice and Fire (Series)", "profile_image_url": "https://static1.personality-database.com/profile_images/8901dd0b86e14ea1ae98776d64d583be.png", "profile_name": "Tywin Lannister", "profile_subcat": "A Song of Ice and Fire (Series)", "sub_cat_id": 626, "cat_id": 12, "property_id": 2, "mbti": "ENTJ", "enneatype": "8w9"}], "functions": ["Ni", "Fe", "Ti", "Se"], "systems": [{"hex_color": "#888888", "id": 1, "personality_type": "XXXX", "personality_type_id": 0, "system_name": "Four Letter", "system_vote_count": 138, "user_vote_type_id": 0, "vote_id": 0}, {"hex_color": "#006775", "id": 2, "personality_type": "XXXX", "personality_type_id": 0, "system_name": "Enneagram", "system_vote_count": 63, "user_vote_type_id": 0, "vote_id": 0}, {"hex_color": "#006775", "id": 5, "personality_type": "XXXX", "personality_type_id": 0, "system_name": "Instinctual Variant", "system_vote_count": 13, "user_vote_type_id": 0, "vote_id": 0}, {"hex_color": "#006775", "id": 6, "personality_type": "XXXX", "personality_type_id": 0, "system_name": "Tritype", "system_vote_count": 20, "user_vote_type_id": 0, "vote_id": 0}, {"hex_color": "#888888", "id": 3, "personality_type": "XXXX", "personality_type_id": 0, "system_name": "Socionics", "system_vote_count": 25, "user_vote_type_id": 0, "vote_id": 0}, {"hex_color": "#888888", "id": 9, "personality_type": "XXXX", "personality_type_id": 0, "system_name": "Big 5 (SLOAN)", "system_vote_count": 5, "user_vote_type_id": 0, "vote_id": 0}, {"hex_color": "#888888", "id": 8, "personality_type": "XXXX", "personality_type_id": 0, "system_name": "Attitudinal Psyche", "system_vote_count": 5, "user_vote_type_id": 0, "vote_id": 0}, {"hex_color": "#888888", "id": 7, "personality_type": "XXXX", "personality_type_id": 0, "system_name": "Temperaments", "system_vote_count": 15, "user_vote_type_id": 0, "vote_id": 0}, {"hex_color": "#888888", "id": 11, "personality_type": "XXXX", "personality_type_id": 0, "system_name": "Classic Jungian", "system_vote_count": 3, "user_vote_type_id": 0, "vote_id": 0}], "breakdown_systems": {"1": [{"myValue": "INFJ", "personality_system_id": 1, "personality_type": "INFJ", "theCount": 99}, {"myValue": "INFP", "personality_system_id": 1, "personality_type": "INFP", "theCount": 31}, {"myValue": "ISTJ", "personality_system_id": 1, "personality_type": "ISTJ", "theCount": 3}, {"myValue": "INTJ", "personality_system_id": 1, "personality_type": "INTJ", "theCount": 2}, {"myValue": "ISFP", "personality_system_id": 1, "personality_type": "ISFP", "theCount": 2}, {"myValue": "ENFJ", "personality_system_id": 1, "personality_type": "ENFJ", "theCount": 1}], "11": [{"myValue": "IN(F)", "personality_system_id": 11, "personality_type": "IN(F)", "theCount": 3}], "2": [{"myValue": "5w4", "personality_system_id": 2, "personality_type": "5w4", "theCount": 40}, {"myValue": "4w5", "personality_system_id": 2, "personality_type": "4w5", "theCount": 22}, {"myValue": "7w8", "personality_system_id": 2, "personality_type": "7w8", "theCount": 1}], "3": [{"myValue": "IEI", "personality_system_id": 3, "personality_type": "IEI", "theCount": 24}, {"myValue": "EIE", "personality_system_id": 3, "personality_type": "EIE", "theCount": 1}], "4": [{"myValue": "Neutral Good", "personality_system_id": 4, "personality_type": "Neutral Good", "theCount": 4}, {"myValue": "Chaotic Neutral", "personality_system_id": 4, "personality_type": "Chaotic Neutral", "theCount": 1}, {"myValue": "Lawful Neutral", "personality_system_id": 4, "personality_type": "Lawful Neutral", "theCount": 1}], "5": [{"myValue": "sp/sx", "personality_system_id": 5, "personality_type": "sp/sx", "theCount": 10}, {"myValue": "sx/so", "personality_system_id": 5, "personality_type": "sx/so", "theCount": 2}, {"myValue": "sp/so", "personality_system_id": 5, "personality_type": "sp/so", "theCount": 1}], "6": [{"myValue": "451", "personality_system_id": 6, "personality_type": "451", "theCount": 12}, {"myValue": "514", "personality_system_id": 6, "personality_type": "514", "theCount": 6}, {"myValue": "458", "personality_system_id": 6, "personality_type": "458", "theCount": 1}, {"myValue": "541", "personality_system_id": 6, "personality_type": "541", "theCount": 1}], "7": [{"myValue": "Melancholic [Dominant]", "personality_system_id": 7, "personality_type": "Melancholic [Dominant]", "theCount": 14}, {"myValue": "Melancholic-Phlegmatic", "personality_system_id": 7, "personality_type": "Melancholic-Phlegmatic", "theCount": 1}], "8": [{"myValue": "ELVF", "personality_system_id": 8, "personality_type": "ELVF", "theCount": 2}, {"myValue": "EVLF", "personality_system_id": 8, "personality_type": "EVLF", "theCount": 2}, {"myValue": "LEVF", "personality_system_id": 8, "personality_type": "LEVF", "theCount": 1}], "9": [{"myValue": "RCOAI", "personality_system_id": 9, "personality_type": "RCOAI", "theCount": 3}, {"myValue": "RLOAI", "personality_system_id": 9, "personality_type": "RLOAI", "theCount": 2}]}, "breakdown_config": {"expand": {"1": 3, "11": 1, "2": 3, "3": 1, "4": 1, "5": 1, "6": 1, "7": 1, "8": 1, "9": 1}, "fire": {"1": 0, "11": 0, "2": 1, "3": 0, "4": 0, "5": 0, "6": 0, "7": 0, "8": 0, "9": 0}}, "mbti_letter_stats": [{"type": "I", "percentage": "99%", "PercentageFloat": 0.9927536231884058}, {"type": "N", "percentage": "96%", "PercentageFloat": 0.9637681159420289}, {"type": "F", "percentage": "96%", "PercentageFloat": 0.9637681159420289}, {"type": "J", "percentage": "76%", "PercentageFloat": 0.7608695652173914}], "topic_info": {"can_generate": false, "topic": {"description": "", "follow_count": 0, "id": 9453, "is_following": false, "is_join_pending": false, "is_banned": false, "is_moderated": false, "name_readable": "Rhaegar Targaryen", "post_count": 1, "source_profile_id": 10123, "source_type": "profile", "join_to_post": false, "can_pin": false, "related_topics": [{"description": "Princess\u00a0Daenerys Targaryen, also known as\u00a0Daenerys Stormborn and Dany,\u00a0is one of the last confirmed members of\u00a0House Targaryen, along with her older brother\u00a0Viserys. She is the youngest child of King\u00a0Aerys II Targaryen\u00a0and his sister-wife, Queen\u00a0Rhaella. She is one of the major\u00a0POV characters\u00a0in\u00a0A Song of Ice and Fire.", "follow_count": 1, "id": 4735, "is_following": false, "is_join_pending": false, "is_banned": false, "is_moderated": false, "name_readable": "Daenerys Targaryen", "post_count": 8, "source_profile_id": 5112, "source_type": "profile", "image": {"picURL": "https://static1.personality-database.com/profile_images/bb434e36a45c4d6f92350f15d71b8a51.png"}, "join_to_post": false, "can_pin": false}, {"description": "", "follow_count": 0, "id": 4741, "is_following": false, "is_join_pending": false, "is_banned": false, "is_moderated": false, "name_readable": "Petyr Baelish", "post_count": 3, "source_profile_id": 5118, "source_type": "profile", "image": {"picURL": "https://static1.personality-database.com/profile_images/24d1bfca4f38445abb73fc047ae122bb.png"}, "join_to_post": false, "can_pin": false}, {"description": "Queen\u00a0Cersei Lannister\u00a0is the only daughter and eldest child of Lord\u00a0Tywin Lannister\u00a0of\u00a0Casterly Rock\u00a0and his wife, Lady\u00a0Joanna Lannister. She is the twin of her younger brother, Ser\u00a0Jaime Lannister.\u00a0\nAfter\u00a0Robert's Rebellion, Cersei married King\u00a0Robert I Baratheon\u00a0and became Queen of the\u00a0Seven Kingdoms. She is the mother of Prince\u00a0Joffrey, Princess\u00a0Myrcella, and Prince\u00a0Tommen\u00a0of\u00a0House Baratheon of King's Landing. Cersei becomes a\u00a0POV character\u00a0in\u00a0A Feast for Crows.", "follow_count": 0, "id": 4733, "is_following": false, "is_join_pending": false, "is_banned": false, "is_moderated": false, "name_readable": "Cersei Lannister", "post_count": 2, "source_profile_id": 5110, "source_type": "profile", "image": {"picURL": "https://static1.personality-database.com/profile_images/2171fb028f624a7aaa02a115772829a4.png"}, "join_to_post": false, "can_pin": false}, {"description": "", "follow_count": 0, "id": 4743, "is_following": false, "is_join_pending": false, "is_banned": false, "is_moderated": false, "name_readable": "Jorah Mormont", "post_count": 2, "source_profile_id": 5120, "source_type": "profile", "image": {"picURL": "https://static1.personality-database.com/profile_images/363fc78053b44e11ae2fdfefc4391303.png"}, "join_to_post": false, "can_pin": false}, {"description": "Prince\u00a0Aerion Targaryen, also known as\u00a0Aerion the Monstrous, or\u00a0Aerion Brightflame\u00a0as he liked to call himself, was the second son of King\u00a0Maekar I Targaryen.", "follow_count": 0, "id": 19802, "is_following": false, "is_join_pending": false, "is_banned": false, "is_moderated": false, "name_readable": "Aerion Brightflame", "post_count": 1, "source_profile_id": 21823, "source_type": "profile", "image": {"picURL": "https://static1.personality-database.com/profile_images/c35362347baf406e83f548a2a11825c4.png"}, "join_to_post": false, "can_pin": false}, {"description": "Brandon Stark, typically called\u00a0Bran, is the second son of Lord\u00a0Eddard Stark\u00a0and Lady\u00a0Catelyn Tully. He is one of the major\u00a0POV characters\u00a0in the books. He has four older siblings\u2014Robb,\u00a0Jon,\u00a0Sansa,\u00a0Arya\u2014and one younger\u2014Rickon. Like his siblings, he is constantly accompanied by his\u00a0direwolf,\u00a0Summer, with whom he shares a strong\u00a0warg\u00a0connection.\u00a0He is seven years old at the beginning of\u00a0A Game of Thrones.", "follow_count": 0, "id": 6523, "is_following": false, "is_join_pending": false, "is_banned": false, "is_moderated": false, "name_readable": "Bran Stark", "post_count": 1, "source_profile_id": 6979, "source_type": "profile", "image": {"picURL": "https://static1.personality-database.com/profile_images/5a2230d11c5943a0ab458294d823bf76.png"}, "join_to_post": false, "can_pin": false}, {"description": "", "follow_count": 0, "id": 6542, "is_following": false, "is_join_pending": false, "is_banned": false, "is_moderated": false, "name_readable": "Roose Bolton", "post_count": 1, "source_profile_id": 6998, "source_type": "profile", "image": {"picURL": "https://static1.personality-database.com/profile_images/7ad38ff79ce04bdd800174219ff0493f.png"}, "join_to_post": false, "can_pin": false}, {"description": "", "follow_count": 0, "id": 9435, "is_following": false, "is_join_pending": false, "is_banned": false, "is_moderated": false, "name_readable": "Olenna Tyrell", "post_count": 1, "source_profile_id": 10105, "source_type": "profile", "image": {"picURL": "https://static1.personality-database.com/profile_images/7328b655d17a45458c86fb7682852160.png"}, "join_to_post": false, "can_pin": false}, {"description": "", "follow_count": 0, "id": 9437, "is_following": false, "is_join_pending": false, "is_banned": false, "is_moderated": false, "name_readable": "Margaery Tyrell", "post_count": 1, "source_profile_id": 10107, "source_type": "profile", "image": {"picURL": "https://static1.personality-database.com/profile_images/3d334da32d654ad4914bf46231bb042d.png"}, "join_to_post": false, "can_pin": false}, {"description": "", "follow_count": 0, "id": 9453, "is_following": false, "is_join_pending": false, "is_banned": false, "is_moderated": false, "name_readable": "Rhaegar Targaryen", "post_count": 1, "source_profile_id": 10123, "source_type": "profile", "image": {"picURL": "https://static1.personality-database.com/profile_images/965bdf68167d460c8539b35c3505e6d9.png"}, "join_to_post": false, "can_pin": false}, {"description": "", "follow_count": 0, "id": 19778, "is_following": false, "is_join_pending": false, "is_banned": false, "is_moderated": false, "name_readable": "Visenya Targaryen", "post_count": 1, "source_profile_id": 21798, "source_type": "profile", "image": {"picURL": "https://static1.personality-database.com/profile_images/7d72ea8476a342f0a4ed89267cd84c52.png"}, "join_to_post": false, "can_pin": false}, {"description": "", "follow_count": 0, "id": 19790, "is_following": false, "is_join_pending": false, "is_banned": false, "is_moderated": false, "name_readable": "Maegor I Targaryen \"The Cruel\"", "post_count": 1, "source_profile_id": 21811, "source_type": "profile", "image": {"picURL": "https://static1.personality-database.com/profile_images/3af2268dc5454f1ea43161add9b99067.png"}, "join_to_post": false, "can_pin": false}, {"description": "Prince Baelon Targaryen, also known as the Spring Prince, for the season of his birth, and the Brave, was a member of House Targaryen and was the fourth born child of King Jaehaerys I Targaryen and Queen Alysanne Targaryen. He had three sons himself, Princes Viserys, Daemon and Aegon. Baelon was a dragonrider whose mount was Vhagar.", "follow_count": 0, "id": 310814, "is_following": false, "is_join_pending": false, "is_banned": false, "is_moderated": false, "name_readable": "Baelon Targaryen", "post_count": 1, "source_profile_id": 404961, "source_type": "profile", "image": {"picURL": "https://static1.personality-database.com/profile_images/31c9f0a35df447cba0be971deca21b84.png"}, "join_to_post": false, "can_pin": false}, {"description": "Daeron I Targaryen, known as\u00a0the Young Dragon\u00a0and\u00a0the Boy King, was the eldest son of King\u00a0Aegon III Targaryen\u00a0and Queen\u00a0Daenaera Velaryon, and the eighth\u00a0Targaryen\u00a0king to sit the\u00a0Iron Throne. He ascended to the throne at the age of fourteen and is famous for\u00a0invading Dorne, which he wrote about in his\u00a0The Conquest of Dorne.", "follow_count": 0, "id": 156618, "is_following": false, "is_join_pending": false, "is_banned": false, "is_moderated": false, "name_readable": "Daeron I Targaryen\"The Young Dragon\"", "post_count": 1, "source_profile_id": 202643, "source_type": "profile", "image": {"picURL": "https://static1.personality-database.com/profile_images/dfd83a1133244ef2bd11bc5fd3544e1c.png"}, "join_to_post": false, "can_pin": false}, {"description": "", "follow_count": 0, "id": 156634, "is_following": false, "is_join_pending": false, "is_banned": false, "is_moderated": false, "name_readable": "Helaena Targaryen", "post_count": 1, "source_profile_id": 202663, "source_type": "profile", "image": {"picURL": "https://static1.personality-database.com/profile_images/7aa5afac6ce943d6a5f01614ecd10859.png"}, "join_to_post": false, "can_pin": false}, {"description": "Father of Tywin Lannister.", "follow_count": 0, "id": 121212, "is_following": false, "is_join_pending": false, "is_banned": false, "is_moderated": false, "name_readable": "Tytos Lannister", "post_count": 1, "source_profile_id": 156258, "source_type": "profile", "image": {"picURL": "https://static1.personality-database.com/profile_images/6b82232bea7d4a6e891e5710faa24e05.png"}, "join_to_post": false, "can_pin": false}], "subcategory": "A Song of Ice and Fire (Series)", "topic_image_url": "https://static1.personality-database.com/profile_images/965bdf68167d460c8539b35c3505e6d9.png", "source_location": {"cid": 12, "pid": 2, "sub_cat_id": 626}, "can_post_image": false, "can_post_audio": false, "posts": {"posts": [{"username": "magnanimous holiness", "user_pic_path": "https://static1.personality-database.com/user_avatars/430261/22c0b8b8-5760-4e3b-85a7-c3412c89d90d.jpeg", "user_personality_type": "ENTJ-8w7-387", "is_mod": false, "comment_count": 0, "reply_count": 0, "vote_type": 0, "topics_list": [{"id": 9453, "name_readable": "Rhaegar Targaryen"}], "id": 1403326, "post_id": 1403326, "user_id": 430261, "title": "", "content": "He\u2019s\u2026..hot. Perhaps it\u2019s my deranged attraction as an ENTP to INFJs or maybe it\u2019s the hair\u2026..but he\u2019s unhinged and it\u2019s hot\u2026.I\u2019m sorry lads.", "create_date": 1664165826000, "unix_timestamp": 1664165826000, "update_date": 1664165826000, "vote_count": 0, "vote_count_down": 1, "is_reported": 0, "is_hidden": false, "is_pinned": false, "is_watching": false, "is_pro_user": false, "images": null, "audios": null, "function_list": [], "type": "post"}]}}}}