{"id": 105128, "mbti_profile": "Ponyboy Curtis", "profile_name_searchable": "ponyboycurtis", "allow_commenting": true, "allow_voting": true, "user_id": 21584, "contributor": "Weegee9001", "contributor_create_date": "2020-03-09 03:53:59", "contributor_pic_path": "https://lh3.googleusercontent.com/a-/AOh14GjZA-BLH-61QzT3MsQByD1rGRbtW0UkSBUuyRgsNg=s96-c", "display_order": 1000, "edit_lock": 0, "edit_lock_picture": 0, "is_active": true, "is_approved": true, "mbti_enneagram_type": "INFP 4w5", "mbti_type": "INFP 4w5", "pdb_comment_access": true, "pdb_page_owner": 0, "pdb_public_access": true, "wiki_description": "Ponyboy Michael Curtis is the narrator and protagonist of the 1967 novel The Outsiders, and its 1983 film adaptation. He is portrayed by C. Thomas Howell in the film.", "watch_count": 344, "comment_count": 39, "vote_count": 138, "vote_count_enneagram": 103, "vote_count_mbti": 138, "total_vote_counts": 373, "personality_type": "INFP - 4w5 - sp/so - 496 - IEI - RLUAI - ELVF - Melancholic-Sanguine", "type_updated_date": "2022-03-06 03:10:26", "enneagram_vote": "", "enneagram_vote_id": 0, "mbti_vote": "", "mbti_vote_id": 0, "is_watching": false, "image_exists": true, "profile_image_url": "https://static1.personality-database.com/profile_images/616984a886a14fa1bf0b8d499670ad92.png", "profile_image_credit": "", "profile_image_credit_id": 43756, "profile_image_credit_type": "0", "profile_image_credit_url": "", "alt_subcategory": "", "related_subcategories": "", "cat_id": 12, "category": "Literature", "category_is_fictional": true, "sub_cat_id": 7824, "subcategory": "The Outsiders", "subcat_link_info": {"sub_cat_id": 7824, "cat_id": 12, "property_id": 2, "subcategory": "The Outsiders"}, "related_subcat_link_info": null, "related_profiles": [{"id": 105132, "mbti_profile": "Sodapop Curtis", "subcategory": "The Outsiders", "profile_image_url": "https://static1.personality-database.com/profile_images/2b0c236d8c744d109d5d54bfb0636c6b.png", "profile_name": "Sodapop Curtis", "profile_subcat": "The Outsiders", "sub_cat_id": 7824, "cat_id": 12, "property_id": 2, "mbti": "ESFP", "enneatype": "7w6"}, {"id": 105130, "mbti_profile": "Dallas \u201cDally\u201d Winston", "subcategory": "The Outsiders", "profile_image_url": "https://static1.personality-database.com/profile_images/ff82acd2f1934a09a1e98f024828619b.png", "profile_name": "Dallas \u201cDally\u201d Winston", "profile_subcat": "The Outsiders", "sub_cat_id": 7824, "cat_id": 12, "property_id": 2, "mbti": "ESTP", "enneatype": "8w7"}, {"id": 105129, "mbti_profile": "Johnny Cade", "subcategory": "The Outsiders", "profile_image_url": "https://static1.personality-database.com/profile_images/1ef86d36301b475ba7b24e96a0de2261.png", "profile_name": "Johnny Cade", "profile_subcat": "The Outsiders", "sub_cat_id": 7824, "cat_id": 12, "property_id": 2, "mbti": "ISFJ", "enneatype": "6w5"}, {"id": 105135, "mbti_profile": "Steve Randle", "subcategory": "The Outsiders", "profile_image_url": "https://static1.personality-database.com/profile_images/7d76ec25f0d14c3db1aec1768fb313b6.png", "profile_name": "Steve Randle", "profile_subcat": "The Outsiders", "sub_cat_id": 7824, "cat_id": 12, "property_id": 2, "mbti": "ISTP", "enneatype": "8w7"}, {"id": 105131, "mbti_profile": "Darrel \u201cDarry\u201d Curtis", "subcategory": "The Outsiders", "profile_image_url": "https://static1.personality-database.com/profile_images/ed090e099a9e498a9377614523e7bdad.png", "profile_name": "Darrel \u201cDarry\u201d Curtis", "profile_subcat": "The Outsiders", "sub_cat_id": 7824, "cat_id": 12, "property_id": 2, "mbti": "ESTJ", "enneatype": "8w9"}, {"id": 105133, "mbti_profile": "Keith \u201cTwo-Bit\u201d Mathews", "subcategory": "The Outsiders", "profile_image_url": "https://static1.personality-database.com/profile_images/0b8e682023c9476e9f5c12df607a2f1c.png", "profile_name": "Keith \u201cTwo-Bit\u201d Mathews", "profile_subcat": "The Outsiders", "sub_cat_id": 7824, "cat_id": 12, "property_id": 2, "mbti": "ESFP", "enneatype": "7w8"}, {"id": 222229, "mbti_profile": "Marcia", "subcategory": "The Outsiders", "profile_image_url": "https://static1.personality-database.com/profile_images/b4abee3fd139422a84ad4e07d5de92ee.png", "profile_name": "Marcia", "profile_subcat": "The Outsiders", "sub_cat_id": 7824, "cat_id": 12, "property_id": 2, "mbti": "ESFP", "enneatype": "7w6"}, {"id": 105134, "mbti_profile": "Sherri \u201cCherry\u201d Valance", "subcategory": "The Outsiders", "profile_image_url": "https://static1.personality-database.com/profile_images/8cc5adeb523f461a96086a79426158a5.png", "profile_name": "Sherri \u201cCherry\u201d Valance", "profile_subcat": "The Outsiders", "sub_cat_id": 7824, "cat_id": 12, "property_id": 2, "mbti": "ENFJ", "enneatype": "3w2"}], "functions": ["Fi", "Ne", "Si", "Te"], "systems": [{"hex_color": "#888888", "id": 1, "personality_type": "XXXX", "personality_type_id": 0, "system_name": "Four Letter", "system_vote_count": 136, "user_vote_type_id": 0, "vote_id": 0}, {"hex_color": "#006775", "id": 2, "personality_type": "XXXX", "personality_type_id": 0, "system_name": "Enneagram", "system_vote_count": 101, "user_vote_type_id": 0, "vote_id": 0}, {"hex_color": "#006775", "id": 5, "personality_type": "XXXX", "personality_type_id": 0, "system_name": "Instinctual Variant", "system_vote_count": 26, "user_vote_type_id": 0, "vote_id": 0}, {"hex_color": "#006775", "id": 6, "personality_type": "XXXX", "personality_type_id": 0, "system_name": "Tritype", "system_vote_count": 34, "user_vote_type_id": 0, "vote_id": 0}, {"hex_color": "#888888", "id": 3, "personality_type": "XXXX", "personality_type_id": 0, "system_name": "Socionics", "system_vote_count": 9, "user_vote_type_id": 0, "vote_id": 0}, {"hex_color": "#888888", "id": 9, "personality_type": "XXXX", "personality_type_id": 0, "system_name": "Big 5 (SLOAN)", "system_vote_count": 16, "user_vote_type_id": 0, "vote_id": 0}, {"hex_color": "#888888", "id": 8, "personality_type": "XXXX", "personality_type_id": 0, "system_name": "Attitudinal Psyche", "system_vote_count": 12, "user_vote_type_id": 0, "vote_id": 0}, {"hex_color": "#888888", "id": 7, "personality_type": "XXXX", "personality_type_id": 0, "system_name": "Temperaments", "system_vote_count": 30, "user_vote_type_id": 0, "vote_id": 0}, {"hex_color": "#888888", "id": 11, "personality_type": "XXXX", "personality_type_id": 0, "system_name": "Classic Jungian", "system_vote_count": 2, "user_vote_type_id": 0, "vote_id": 0}], "breakdown_systems": {"1": [{"myValue": "INFP", "personality_system_id": 1, "personality_type": "INFP", "theCount": 132}, {"myValue": "INFJ", "personality_system_id": 1, "personality_type": "INFJ", "theCount": 2}, {"myValue": "ISFP", "personality_system_id": 1, "personality_type": "ISFP", "theCount": 2}], "11": [{"myValue": "IF(N)", "personality_system_id": 11, "personality_type": "IF(N)", "theCount": 2}], "2": [{"myValue": "4w5", "personality_system_id": 2, "personality_type": "4w5", "theCount": 65}, {"myValue": "9w1", "personality_system_id": 2, "personality_type": "9w1", "theCount": 32}, {"myValue": "1w9", "personality_system_id": 2, "personality_type": "1w9", "theCount": 1}, {"myValue": "5w4", "personality_system_id": 2, "personality_type": "5w4", "theCount": 1}, {"myValue": "6w5", "personality_system_id": 2, "personality_type": "6w5", "theCount": 1}, {"myValue": "9w8", "personality_system_id": 2, "personality_type": "9w8", "theCount": 1}], "3": [{"myValue": "IEI", "personality_system_id": 3, "personality_type": "IEI", "theCount": 8}, {"myValue": "EII", "personality_system_id": 3, "personality_type": "EII", "theCount": 1}], "4": [{"myValue": "Neutral Good", "personality_system_id": 4, "personality_type": "Neutral Good", "theCount": 7}], "5": [{"myValue": "sp/so", "personality_system_id": 5, "personality_type": "sp/so", "theCount": 18}, {"myValue": "sp/sx", "personality_system_id": 5, "personality_type": "sp/sx", "theCount": 7}, {"myValue": "so/sx", "personality_system_id": 5, "personality_type": "so/sx", "theCount": 1}], "6": [{"myValue": "496", "personality_system_id": 6, "personality_type": "496", "theCount": 18}, {"myValue": "469", "personality_system_id": 6, "personality_type": "469", "theCount": 8}, {"myValue": "459", "personality_system_id": 6, "personality_type": "459", "theCount": 3}, {"myValue": "946", "personality_system_id": 6, "personality_type": "946", "theCount": 2}, {"myValue": "479", "personality_system_id": 6, "personality_type": "479", "theCount": 1}, {"myValue": "549", "personality_system_id": 6, "personality_type": "549", "theCount": 1}, {"myValue": "964", "personality_system_id": 6, "personality_type": "964", "theCount": 1}], "7": [{"myValue": "Melancholic-Sanguine", "personality_system_id": 7, "personality_type": "Melancholic-Sanguine", "theCount": 16}, {"myValue": "Melancholic-Phlegmatic", "personality_system_id": 7, "personality_type": "Melancholic-Phlegmatic", "theCount": 10}, {"myValue": "Melancholic [Dominant]", "personality_system_id": 7, "personality_type": "Melancholic [Dominant]", "theCount": 3}, {"myValue": "Phlegmatic-Melancholic", "personality_system_id": 7, "personality_type": "Phlegmatic-Melancholic", "theCount": 1}], "8": [{"myValue": "ELVF", "personality_system_id": 8, "personality_type": "ELVF", "theCount": 12}], "9": [{"myValue": "RLUAI", "personality_system_id": 9, "personality_type": "RLUAI", "theCount": 12}, {"myValue": "RLOAI", "personality_system_id": 9, "personality_type": "RLOAI", "theCount": 2}, {"myValue": "RCOEI", "personality_system_id": 9, "personality_type": "RCOEI", "theCount": 1}, {"myValue": "RCUAI", "personality_system_id": 9, "personality_type": "RCUAI", "theCount": 1}]}, "breakdown_config": {"expand": {"1": 3, "11": 1, "2": 3, "3": 1, "4": 1, "5": 1, "6": 1, "7": 2, "8": 1, "9": 1}, "fire": {"1": 0, "11": 0, "2": 0, "3": 0, "4": 0, "5": 0, "6": 0, "7": 1, "8": 0, "9": 0}}, "mbti_letter_stats": [{"type": "I", "percentage": "100%", "PercentageFloat": 1}, {"type": "N", "percentage": "99%", "PercentageFloat": 0.9852941176470589}, {"type": "F", "percentage": "100%", "PercentageFloat": 1}, {"type": "P", "percentage": "99%", "PercentageFloat": 0.9852941176470589}], "topic_info": {"can_generate": false, "topic": {"description": "Ponyboy Michael Curtis is the narrator and protagonist of the 1967 novel The Outsiders, and its 1983 film adaptation. He is portrayed by C. Thomas Howell in the film.", "follow_count": 0, "id": 83686, "is_following": false, "is_join_pending": false, "is_banned": false, "is_moderated": false, "name_readable": "Ponyboy Curtis", "post_count": 1, "source_profile_id": 105128, "source_type": "profile", "join_to_post": false, "can_pin": false, "related_topics": [{"description": "Dallas \"Dally\" Winston was a greaser, the tritagonist of The Outsiders, and a member of The Gang.", "follow_count": 0, "id": 83688, "is_following": false, "is_join_pending": false, "is_banned": false, "is_moderated": false, "name_readable": "Dallas \u201cDally\u201d Winston", "post_count": 2, "source_profile_id": 105130, "source_type": "profile", "image": {"picURL": "https://static1.personality-database.com/profile_images/ff82acd2f1934a09a1e98f024828619b.png"}, "join_to_post": false, "can_pin": false}, {"description": "", "follow_count": 0, "id": 83692, "is_following": false, "is_join_pending": false, "is_banned": false, "is_moderated": false, "name_readable": "Sherri \u201cCherry\u201d Valance", "post_count": 2, "source_profile_id": 105134, "source_type": "profile", "image": {"picURL": "https://static1.personality-database.com/profile_images/8cc5adeb523f461a96086a79426158a5.png"}, "join_to_post": false, "can_pin": false}, {"description": "Ponyboy Michael Curtis is the narrator and protagonist of the 1967 novel The Outsiders, and its 1983 film adaptation. He is portrayed by C. Thomas Howell in the film.", "follow_count": 0, "id": 83686, "is_following": false, "is_join_pending": false, "is_banned": false, "is_moderated": false, "name_readable": "Ponyboy Curtis", "post_count": 1, "source_profile_id": 105128, "source_type": "profile", "image": {"picURL": "https://static1.personality-database.com/profile_images/616984a886a14fa1bf0b8d499670ad92.png"}, "join_to_post": false, "can_pin": false}, {"description": "\nSodapop Patrick Curtis is the middle Curtis boy, and one of three deuteragonists of The Outsiders. He's said to be \"movie star handsome,\" and has silky, dark gold hair (real tuff) that he combs back. He's got dark brown (recklessly, dancing) eyes and a goofy grin that you can't help but love (which is noted by Ponyboy after getting jumped by the Socs).", "follow_count": 0, "id": 83690, "is_following": false, "is_join_pending": false, "is_banned": false, "is_moderated": false, "name_readable": "Sodapop Curtis", "post_count": 1, "source_profile_id": 105132, "source_type": "profile", "image": {"picURL": "https://static1.personality-database.com/profile_images/2b0c236d8c744d109d5d54bfb0636c6b.png"}, "join_to_post": false, "can_pin": false}, {"description": "Johnny Cade was a greaser, one of the three deuteragonists of The Outsiders and its film adaptation.", "follow_count": 1, "id": 83687, "is_following": false, "is_join_pending": false, "is_banned": false, "is_moderated": false, "name_readable": "Johnny Cade", "post_count": 0, "source_profile_id": 105129, "source_type": "profile", "image": {"picURL": "https://static1.personality-database.com/profile_images/1ef86d36301b475ba7b24e96a0de2261.png"}, "join_to_post": false, "can_pin": false}, {"description": "", "follow_count": 0, "id": 83689, "is_following": false, "is_join_pending": false, "is_banned": false, "is_moderated": false, "name_readable": "Darrel \u201cDarry\u201d Curtis", "post_count": 0, "source_profile_id": 105131, "source_type": "profile", "image": {"picURL": "https://static1.personality-database.com/profile_images/ed090e099a9e498a9377614523e7bdad.png"}, "join_to_post": false, "can_pin": false}, {"description": "", "follow_count": 0, "id": 83691, "is_following": false, "is_join_pending": false, "is_banned": false, "is_moderated": false, "name_readable": "Keith \u201cTwo-Bit\u201d Mathews", "post_count": 0, "source_profile_id": 105133, "source_type": "profile", "image": {"picURL": "https://static1.personality-database.com/profile_images/0b8e682023c9476e9f5c12df607a2f1c.png"}, "join_to_post": false, "can_pin": false}, {"description": "", "follow_count": 0, "id": 83693, "is_following": false, "is_join_pending": false, "is_banned": false, "is_moderated": false, "name_readable": "Steve Randle", "post_count": 0, "source_profile_id": 105135, "source_type": "profile", "image": {"picURL": "https://static1.personality-database.com/profile_images/7d76ec25f0d14c3db1aec1768fb313b6.png"}, "join_to_post": false, "can_pin": false}, {"description": "", "follow_count": 0, "id": 83694, "is_following": false, "is_join_pending": false, "is_banned": false, "is_moderated": false, "name_readable": "Bob Sheldon", "post_count": 0, "source_profile_id": 105136, "source_type": "profile", "image": {"picURL": "https://static1.personality-database.com/profile_images/4f517e7c9da74a26ae071ea89b5583e5.png"}, "join_to_post": false, "can_pin": false}, {"description": "", "follow_count": 1, "id": 83695, "is_following": false, "is_join_pending": false, "is_banned": false, "is_moderated": false, "name_readable": "Tim Shepard", "post_count": 0, "source_profile_id": 105137, "source_type": "profile", "image": {"picURL": "https://static1.personality-database.com/profile_images/90bf9829b0a24eaf88561c0b4f1c5add.png"}, "join_to_post": false, "can_pin": false}, {"description": "", "follow_count": 0, "id": 83696, "is_following": false, "is_join_pending": false, "is_banned": false, "is_moderated": false, "name_readable": "Randy Adderson", "post_count": 0, "source_profile_id": 105138, "source_type": "profile", "image": {"picURL": "https://static1.personality-database.com/profile_images/b73366e38e2b427b8115b65ff2f458cc.png"}, "join_to_post": false, "can_pin": false}, {"description": "", "follow_count": 0, "id": 171605, "is_following": false, "is_join_pending": false, "is_banned": false, "is_moderated": false, "name_readable": "Marcia", "post_count": 0, "source_profile_id": 222229, "source_type": "profile", "image": {"picURL": "https://static1.personality-database.com/profile_images/b4abee3fd139422a84ad4e07d5de92ee.png"}, "join_to_post": false, "can_pin": false}, {"description": "Tim Shepard's younger brother", "follow_count": 0, "id": 346549, "is_following": false, "is_join_pending": false, "is_banned": false, "is_moderated": false, "name_readable": "Curly Shepard", "post_count": 0, "source_profile_id": 598584, "source_type": "profile", "image": {"picURL": "https://www.personality-database.com/images/profile_transparent.png"}, "join_to_post": false, "can_pin": false}], "subcategory": "The Outsiders", "topic_image_url": "https://static1.personality-database.com/profile_images/616984a886a14fa1bf0b8d499670ad92.png", "source_location": {"cid": 12, "pid": 2, "sub_cat_id": 7824}, "can_post_image": false, "can_post_audio": false, "posts": {"posts": [{"username": "TheBaconTaco2", "user_pic_path": "https://lh3.googleusercontent.com/a-/AOh14GipbkZitJJ9VYdOAgkZEKfx6-Hx46KiCwPfwXJ1=s96-c", "user_personality_type": "ENFP-9w8-974", "is_mod": false, "comment_count": 0, "reply_count": 0, "vote_type": 0, "topics_list": [{"id": 83686, "name_readable": "Ponyboy Curtis"}], "id": 540303, "post_id": 540303, "user_id": 422835, "title": "The name sounds like a Chinese Knockoff Playboi Carti", "content": "Ponyboy Curtis\nPlayboy Carti\nThe illuminati is real.", "create_date": 1649951346000, "unix_timestamp": 1649951346000, "update_date": 1649951346000, "vote_count": 12, "vote_count_down": 0, "is_reported": 0, "is_hidden": false, "is_pinned": false, "is_watching": false, "is_pro_user": false, "images": null, "audios": null, "function_list": [], "type": "post"}]}}}}