{"id": 10539, "mbti_profile": "Ivan Karamazov", "profile_name_searchable": "ivankaramazov", "allow_commenting": true, "allow_voting": true, "user_id": 3261, "contributor": "Jachn", "contributor_create_date": "2018-03-09 20:51:41", "contributor_pic_path": "https://lh5.googleusercontent.com/-7BVlTf580JM/AAAAAAAAAAI/AAAAAAAAFpA/fhDHaMjGnqM/s96-c/photo.jpg", "display_order": 990, "edit_lock": 0, "edit_lock_picture": 0, "is_active": true, "is_approved": true, "mbti_enneagram_type": "INTJ 5w4", "mbti_type": "INTJ 5w4", "pdb_comment_access": true, "pdb_page_owner": 0, "pdb_public_access": true, "wiki_description": "", "watch_count": 260, "comment_count": 9, "vote_count": 151, "vote_count_enneagram": 81, "vote_count_mbti": 151, "total_vote_counts": 365, "personality_type": "INTJ - 5w4 - sp/sx - 584 - ILI - RLOEI - LVEF - Melancholic-Choleric", "type_updated_date": "2021-04-09 15:11:21", "enneagram_vote": "", "enneagram_vote_id": 0, "mbti_vote": "", "mbti_vote_id": 0, "is_watching": false, "image_exists": true, "profile_image_url": "https://static1.personality-database.com/profile_images/42edff06f9084086a4de84f4c7bef959.png", "profile_image_credit": "", "profile_image_credit_id": 29734, "profile_image_credit_type": "0", "profile_image_credit_url": "", "alt_subcategory": "", "related_subcategories": "", "cat_id": 12, "category": "Literature", "category_is_fictional": true, "sub_cat_id": 1407, "subcategory": "The Brothers Karamazov", "subcat_link_info": {"sub_cat_id": 1407, "cat_id": 12, "property_id": 2, "subcategory": "The Brothers Karamazov"}, "related_subcat_link_info": null, "related_profiles": [{"id": 10540, "mbti_profile": "Alexei \"Alyosha\" Karamazov", "subcategory": "The Brothers Karamazov", "profile_image_url": "https://static1.personality-database.com/profile_images/c29cee7c11b44ebdb48778bbb2ac9aa8.png", "profile_name": "Alexei \"Alyosha\" Karamazov", "profile_subcat": "The Brothers Karamazov", "sub_cat_id": 1407, "cat_id": 12, "property_id": 2, "mbti": "INFP", "enneatype": "9w1"}, {"id": 10543, "mbti_profile": "Katerina Ivanovna", "subcategory": "The Brothers Karamazov", "profile_image_url": "https://static1.personality-database.com/profile_images/20899325e83f4df1a1a155308aabcccd.png", "profile_name": "Katerina Ivanovna", "profile_subcat": "The Brothers Karamazov", "sub_cat_id": 1407, "cat_id": 12, "property_id": 2, "mbti": "ESFJ", "enneatype": "2w1"}, {"id": 10537, "mbti_profile": "Fyodor Pavlovich Karamazov", "subcategory": "The Brothers Karamazov", "profile_image_url": "https://static1.personality-database.com/profile_images/8bb2c7b73a5b407bb85c88df591fa0ca.png", "profile_name": "Fyodor Pavlovich Karamazov", "profile_subcat": "The Brothers Karamazov", "sub_cat_id": 1407, "cat_id": 12, "property_id": 2, "mbti": "ESTP", "enneatype": "7w8"}, {"id": 10538, "mbti_profile": "Dmitri \"Mitya\" Karamazov", "subcategory": "The Brothers Karamazov", "profile_image_url": "https://static1.personality-database.com/profile_images/8ad3ac2bd4e8448ab3320fa5cb7a938f.png", "profile_name": "Dmitri \"Mitya\" Karamazov", "profile_subcat": "The Brothers Karamazov", "sub_cat_id": 1407, "cat_id": 12, "property_id": 2, "mbti": "ESFP", "enneatype": "7w8"}, {"id": 12677, "mbti_profile": "Nikolay 'Kolya' Krassotkin", "subcategory": "The Brothers Karamazov", "profile_image_url": "https://static1.personality-database.com/profile_images/a090e3db70ef4f2481a5ee45dcb12030.png", "profile_name": "Nikolay 'Kolya' Krassotkin", "profile_subcat": "The Brothers Karamazov", "sub_cat_id": 1407, "cat_id": 12, "property_id": 2, "mbti": "ENTJ", "enneatype": "3w2"}, {"id": 83463, "mbti_profile": "Liza \"Lise\" Khokhlakova", "subcategory": "The Brothers Karamazov", "profile_image_url": "https://static1.personality-database.com/profile_images/3f3aad8f29394641a0e3d5fb03a8b5fa.png", "profile_name": "Liza \"Lise\" Khokhlakova", "profile_subcat": "The Brothers Karamazov", "sub_cat_id": 1407, "cat_id": 12, "property_id": 2, "mbti": "ENFP", "enneatype": "7w6"}, {"id": 10541, "mbti_profile": "Pavel Smerdyakov", "subcategory": "The Brothers Karamazov", "profile_image_url": "https://static1.personality-database.com/profile_images/322e42cdddfe41899bb11b511d9a2d1f.png", "profile_name": "Pavel Smerdyakov", "profile_subcat": "The Brothers Karamazov", "sub_cat_id": 1407, "cat_id": 12, "property_id": 2, "mbti": "ISTP", "enneatype": "6w5"}, {"id": 10544, "mbti_profile": "Father Zosima", "subcategory": "The Brothers Karamazov", "profile_image_url": "", "profile_name": "Father Zosima", "profile_subcat": "The Brothers Karamazov", "sub_cat_id": 1407, "cat_id": 12, "property_id": 2, "mbti": "INFJ", "enneatype": "2w1"}], "functions": ["Ni", "Te", "Fi", "Se"], "systems": [{"hex_color": "#888888", "id": 1, "personality_type": "XXXX", "personality_type_id": 0, "system_name": "Four Letter", "system_vote_count": 149, "user_vote_type_id": 0, "vote_id": 0}, {"hex_color": "#006775", "id": 2, "personality_type": "XXXX", "personality_type_id": 0, "system_name": "Enneagram", "system_vote_count": 80, "user_vote_type_id": 0, "vote_id": 0}, {"hex_color": "#006775", "id": 5, "personality_type": "XXXX", "personality_type_id": 0, "system_name": "Instinctual Variant", "system_vote_count": 32, "user_vote_type_id": 0, "vote_id": 0}, {"hex_color": "#006775", "id": 6, "personality_type": "XXXX", "personality_type_id": 0, "system_name": "Tritype", "system_vote_count": 25, "user_vote_type_id": 0, "vote_id": 0}, {"hex_color": "#888888", "id": 3, "personality_type": "XXXX", "personality_type_id": 0, "system_name": "Socionics", "system_vote_count": 18, "user_vote_type_id": 0, "vote_id": 0}, {"hex_color": "#888888", "id": 9, "personality_type": "XXXX", "personality_type_id": 0, "system_name": "Big 5 (SLOAN)", "system_vote_count": 15, "user_vote_type_id": 0, "vote_id": 0}, {"hex_color": "#888888", "id": 8, "personality_type": "XXXX", "personality_type_id": 0, "system_name": "Attitudinal Psyche", "system_vote_count": 9, "user_vote_type_id": 0, "vote_id": 0}, {"hex_color": "#888888", "id": 7, "personality_type": "XXXX", "personality_type_id": 0, "system_name": "Temperaments", "system_vote_count": 28, "user_vote_type_id": 0, "vote_id": 0}, {"hex_color": "#888888", "id": 11, "personality_type": "XXXX", "personality_type_id": 0, "system_name": "Classic Jungian", "system_vote_count": 0, "user_vote_type_id": 0, "vote_id": 0}], "breakdown_systems": {"1": [{"myValue": "INTJ", "personality_system_id": 1, "personality_type": "INTJ", "theCount": 132}, {"myValue": "ENTJ", "personality_system_id": 1, "personality_type": "ENTJ", "theCount": 9}, {"myValue": "INTP", "personality_system_id": 1, "personality_type": "INTP", "theCount": 7}, {"myValue": "ISFJ", "personality_system_id": 1, "personality_type": "ISFJ", "theCount": 1}], "11": [{"myValue": "XXXX", "personality_system_id": 0, "personality_type": "XXXX", "theCount": 0}], "2": [{"myValue": "5w4", "personality_system_id": 2, "personality_type": "5w4", "theCount": 74}, {"myValue": "4w5", "personality_system_id": 2, "personality_type": "4w5", "theCount": 3}, {"myValue": "6w5", "personality_system_id": 2, "personality_type": "6w5", "theCount": 2}, {"myValue": "2w1", "personality_system_id": 2, "personality_type": "2w1", "theCount": 1}], "3": [{"myValue": "ILI", "personality_system_id": 3, "personality_type": "ILI", "theCount": 14}, {"myValue": "LII", "personality_system_id": 3, "personality_type": "LII", "theCount": 4}], "4": [{"myValue": "Chaotic Neutral", "personality_system_id": 4, "personality_type": "Chaotic Neutral", "theCount": 8}, {"myValue": "True Neutral", "personality_system_id": 4, "personality_type": "True Neutral", "theCount": 1}], "5": [{"myValue": "sp/sx", "personality_system_id": 5, "personality_type": "sp/sx", "theCount": 24}, {"myValue": "so/sp", "personality_system_id": 5, "personality_type": "so/sp", "theCount": 4}, {"myValue": "sx/sp", "personality_system_id": 5, "personality_type": "sx/sp", "theCount": 3}, {"myValue": "sp/so", "personality_system_id": 5, "personality_type": "sp/so", "theCount": 1}], "6": [{"myValue": "584", "personality_system_id": 6, "personality_type": "584", "theCount": 18}, {"myValue": "514", "personality_system_id": 6, "personality_type": "514", "theCount": 2}, {"myValue": "548", "personality_system_id": 6, "personality_type": "548", "theCount": 2}, {"myValue": "583", "personality_system_id": 6, "personality_type": "583", "theCount": 2}, {"myValue": "641", "personality_system_id": 6, "personality_type": "641", "theCount": 1}], "7": [{"myValue": "Melancholic-Choleric", "personality_system_id": 7, "personality_type": "Melancholic-Choleric", "theCount": 13}, {"myValue": "Melancholic [Dominant]", "personality_system_id": 7, "personality_type": "Melancholic [Dominant]", "theCount": 8}, {"myValue": "Phlegmatic-Choleric", "personality_system_id": 7, "personality_type": "Phlegmatic-Choleric", "theCount": 3}, {"myValue": "Choleric-Melancholic", "personality_system_id": 7, "personality_type": "Choleric-Melancholic", "theCount": 1}, {"myValue": "Choleric-Phlegmatic", "personality_system_id": 7, "personality_type": "Choleric-Phlegmatic", "theCount": 1}, {"myValue": "Melancholic-Phlegmatic", "personality_system_id": 7, "personality_type": "Melancholic-Phlegmatic", "theCount": 1}, {"myValue": "Phlegmatic-Melancholic", "personality_system_id": 7, "personality_type": "Phlegmatic-Melancholic", "theCount": 1}], "8": [{"myValue": "LVEF", "personality_system_id": 8, "personality_type": "LVEF", "theCount": 6}, {"myValue": "LVFE", "personality_system_id": 8, "personality_type": "LVFE", "theCount": 3}], "9": [{"myValue": "RLOEI", "personality_system_id": 9, "personality_type": "RLOEI", "theCount": 10}, {"myValue": "RCOEI", "personality_system_id": 9, "personality_type": "RCOEI", "theCount": 4}, {"myValue": "RCOEN", "personality_system_id": 9, "personality_type": "RCOEN", "theCount": 1}]}, "breakdown_config": {"expand": {"1": 3, "11": 1, "2": 3, "3": 1, "4": 1, "5": 1, "6": 1, "7": 2, "8": 1, "9": 1}, "fire": {"1": 0, "11": 0, "2": 0, "3": 0, "4": 0, "5": 0, "6": 0, "7": 1, "8": 0, "9": 0}}, "mbti_letter_stats": [{"type": "I", "percentage": "94%", "PercentageFloat": 0.9395973154362416}, {"type": "N", "percentage": "99%", "PercentageFloat": 0.9932885906040269}, {"type": "T", "percentage": "99%", "PercentageFloat": 0.9932885906040269}, {"type": "J", "percentage": "95%", "PercentageFloat": 0.9530201342281879}], "topic_info": {"can_generate": false, "topic": {"description": "", "follow_count": 0, "id": 9841, "is_following": false, "is_join_pending": false, "is_banned": false, "is_moderated": false, "name_readable": "Ivan Karamazov", "post_count": 3, "source_profile_id": 10539, "source_type": "profile", "join_to_post": false, "can_pin": false, "related_topics": [{"description": "", "follow_count": 2, "id": 9843, "is_following": false, "is_join_pending": false, "is_banned": false, "is_moderated": false, "name_readable": "Pavel Smerdyakov", "post_count": 12, "source_profile_id": 10541, "source_type": "profile", "image": {"picURL": "https://static1.personality-database.com/profile_images/322e42cdddfe41899bb11b511d9a2d1f.png"}, "join_to_post": false, "can_pin": false}, {"description": "", "follow_count": 1, "id": 9842, "is_following": false, "is_join_pending": false, "is_banned": false, "is_moderated": false, "name_readable": "Alexei \"Alyosha\" Karamazov", "post_count": 6, "source_profile_id": 10540, "source_type": "profile", "image": {"picURL": "https://static1.personality-database.com/profile_images/c29cee7c11b44ebdb48778bbb2ac9aa8.png"}, "join_to_post": false, "can_pin": false}, {"description": "", "follow_count": 0, "id": 9840, "is_following": false, "is_join_pending": false, "is_banned": false, "is_moderated": false, "name_readable": "Dmitri \"Mitya\" Karamazov", "post_count": 3, "source_profile_id": 10538, "source_type": "profile", "image": {"picURL": "https://static1.personality-database.com/profile_images/8ad3ac2bd4e8448ab3320fa5cb7a938f.png"}, "join_to_post": false, "can_pin": false}, {"description": "", "follow_count": 0, "id": 9841, "is_following": false, "is_join_pending": false, "is_banned": false, "is_moderated": false, "name_readable": "Ivan Karamazov", "post_count": 3, "source_profile_id": 10539, "source_type": "profile", "image": {"picURL": "https://static1.personality-database.com/profile_images/42edff06f9084086a4de84f4c7bef959.png"}, "join_to_post": false, "can_pin": false}, {"description": "", "follow_count": 1, "id": 9844, "is_following": false, "is_join_pending": false, "is_banned": false, "is_moderated": false, "name_readable": "Agrafena Svetlova", "post_count": 1, "source_profile_id": 10542, "source_type": "profile", "image": {"picURL": "https://static1.personality-database.com/profile_images/a25d9d34996541fba849d2b6f9f266c2.png"}, "join_to_post": false, "can_pin": false}, {"description": "", "follow_count": 1, "id": 9846, "is_following": false, "is_join_pending": false, "is_banned": false, "is_moderated": false, "name_readable": "Father Zosima", "post_count": 1, "source_profile_id": 10544, "source_type": "profile", "image": {"picURL": "https://www.personality-database.com/images/profile_transparent.png"}, "join_to_post": false, "can_pin": false}, {"description": "", "follow_count": 0, "id": 67699, "is_following": false, "is_join_pending": false, "is_banned": false, "is_moderated": false, "name_readable": "Liza \"Lise\" Khokhlakova", "post_count": 1, "source_profile_id": 83463, "source_type": "profile", "image": {"picURL": "https://static1.personality-database.com/profile_images/3f3aad8f29394641a0e3d5fb03a8b5fa.png"}, "join_to_post": false, "can_pin": false}, {"description": "", "follow_count": 0, "id": 289252, "is_following": false, "is_join_pending": false, "is_banned": false, "is_moderated": false, "name_readable": "Pyotr Miusov", "post_count": 0, "source_profile_id": 376007, "source_type": "profile", "image": {"picURL": "https://www.personality-database.com/images/profile_transparent.png"}, "join_to_post": false, "can_pin": false}, {"description": "", "follow_count": 1, "id": 9839, "is_following": false, "is_join_pending": false, "is_banned": false, "is_moderated": false, "name_readable": "Fyodor Pavlovich Karamazov", "post_count": 0, "source_profile_id": 10537, "source_type": "profile", "image": {"picURL": "https://static1.personality-database.com/profile_images/8bb2c7b73a5b407bb85c88df591fa0ca.png"}, "join_to_post": false, "can_pin": false}, {"description": "", "follow_count": 0, "id": 244495, "is_following": false, "is_join_pending": false, "is_banned": false, "is_moderated": false, "name_readable": "Adelaida Ivanovna", "post_count": 0, "source_profile_id": 317980, "source_type": "profile", "image": {"picURL": "https://www.personality-database.com/images/profile_transparent.png"}, "join_to_post": false, "can_pin": false}, {"description": "", "follow_count": 0, "id": 125552, "is_following": false, "is_join_pending": false, "is_banned": false, "is_moderated": false, "name_readable": "Father Ferapont", "post_count": 0, "source_profile_id": 161718, "source_type": "profile", "image": {"picURL": "https://www.personality-database.com/images/profile_transparent.png"}, "join_to_post": false, "can_pin": false}, {"description": "", "follow_count": 0, "id": 121607, "is_following": false, "is_join_pending": false, "is_banned": false, "is_moderated": false, "name_readable": "Mikhail Rakitin", "post_count": 0, "source_profile_id": 156781, "source_type": "profile", "image": {"picURL": "https://www.personality-database.com/images/profile_transparent.png"}, "join_to_post": false, "can_pin": false}, {"description": "", "follow_count": 0, "id": 117099, "is_following": false, "is_join_pending": false, "is_banned": false, "is_moderated": false, "name_readable": "Ivan Karamazov's Devil", "post_count": 0, "source_profile_id": 151162, "source_type": "profile", "image": {"picURL": "https://www.personality-database.com/images/profile_transparent.png"}, "join_to_post": false, "can_pin": false}, {"description": "", "follow_count": 0, "id": 101841, "is_following": false, "is_join_pending": false, "is_banned": false, "is_moderated": false, "name_readable": "Grigory Kutuzov", "post_count": 0, "source_profile_id": 130495, "source_type": "profile", "image": {"picURL": "https://www.personality-database.com/images/profile_transparent.png"}, "join_to_post": false, "can_pin": false}, {"description": "", "follow_count": 0, "id": 11701, "is_following": false, "is_join_pending": false, "is_banned": false, "is_moderated": false, "name_readable": "Nikolay 'Kolya' Krassotkin", "post_count": 0, "source_profile_id": 12677, "source_type": "profile", "image": {"picURL": "https://static1.personality-database.com/profile_images/a090e3db70ef4f2481a5ee45dcb12030.png"}, "join_to_post": false, "can_pin": false}, {"description": "", "follow_count": 0, "id": 9847, "is_following": false, "is_join_pending": false, "is_banned": false, "is_moderated": false, "name_readable": "Ilyusha", "post_count": 0, "source_profile_id": 10545, "source_type": "profile", "image": {"picURL": "https://static1.personality-database.com/profile_images/5b4e8f583969400fb538c6d297a82659.png"}, "join_to_post": false, "can_pin": false}], "subcategory": "The Brothers Karamazov", "topic_image_url": "https://static1.personality-database.com/profile_images/42edff06f9084086a4de84f4c7bef959.png", "source_location": {"cid": 12, "pid": 2, "sub_cat_id": 1407}, "can_post_image": false, "can_post_audio": false, "posts": {"posts": [{"username": "Vincent_W", "user_pic_path": "https://static1.personality-database.com/user_avatars/1287695/6a061de3-7a8e-4814-9432-b401fff94861_small.jpeg", "user_personality_type": "", "is_mod": false, "comment_count": 0, "reply_count": 0, "vote_type": 0, "topics_list": [{"id": 9841, "name_readable": "Ivan Karamazov"}], "id": 2204122, "post_id": 2204122, "user_id": 1287695, "title": "shxhshckkj I'm happy I've found a great song for him,", "content": "it's called Me and the Devil by Soap&Skin (by the way to the 8 people who liked my Ivan playlist, you're so based)", "create_date": 1673828178000, "unix_timestamp": 1673828178000, "update_date": 1673828178000, "vote_count": 0, "vote_count_down": 0, "is_reported": 0, "is_hidden": false, "is_pinned": false, "is_watching": false, "is_pro_user": false, "images": null, "audios": null, "function_list": [], "type": "post"}, {"username": "Vincent_W", "user_pic_path": "https://static1.personality-database.com/user_avatars/1287695/6a061de3-7a8e-4814-9432-b401fff94861_small.jpeg", "user_personality_type": "", "is_mod": false, "comment_count": 0, "reply_count": 0, "vote_type": 0, "topics_list": [{"id": 9841, "name_readable": "Ivan Karamazov"}], "id": 2026910, "post_id": 2026910, "user_id": 1287695, "title": "", "content": "when he said he wants to make the most of his life until the age of 30 and then probably pass away, he was so real for that", "create_date": 1672079183000, "unix_timestamp": 1672079183000, "update_date": 1672079183000, "vote_count": 3, "vote_count_down": 0, "is_reported": 0, "is_hidden": false, "is_pinned": false, "is_watching": false, "is_pro_user": false, "images": null, "audios": null, "function_list": [], "type": "post"}, {"username": "Vincent_W", "user_pic_path": "https://static1.personality-database.com/user_avatars/1287695/6a061de3-7a8e-4814-9432-b401fff94861_small.jpeg", "user_personality_type": "", "is_mod": false, "comment_count": 0, "reply_count": 0, "vote_type": 0, "topics_list": [{"id": 9841, "name_readable": "Ivan Karamazov"}], "id": 1984987, "post_id": 1984987, "user_id": 1287695, "title": "I'm the Ivan fandom.", "content": "hi", "create_date": 1671576511000, "unix_timestamp": 1671576511000, "update_date": 1671576511000, "vote_count": 2, "vote_count_down": 0, "is_reported": 0, "is_hidden": false, "is_pinned": false, "is_watching": false, "is_pro_user": false, "images": null, "audios": null, "function_list": [], "type": "post"}]}}}}