{"id": 10540, "mbti_profile": "Alexei \"Alyosha\" Karamazov", "profile_name_searchable": "alexei\"alyosha\"karamazov", "allow_commenting": true, "allow_voting": true, "user_id": 3261, "contributor": "Jachn", "contributor_create_date": "2018-03-09 20:52:28", "contributor_pic_path": "https://lh5.googleusercontent.com/-7BVlTf580JM/AAAAAAAAAAI/AAAAAAAAFpA/fhDHaMjGnqM/s96-c/photo.jpg", "display_order": 1005, "edit_lock": 0, "edit_lock_picture": 0, "is_active": true, "is_approved": true, "mbti_enneagram_type": "INFP 9w1", "mbti_type": "INFP 9w1", "pdb_comment_access": true, "pdb_page_owner": 0, "pdb_public_access": true, "wiki_description": "", "watch_count": 116, "comment_count": 43, "vote_count": 180, "vote_count_enneagram": 84, "vote_count_mbti": 180, "total_vote_counts": 373, "personality_type": "INFP - 9w1 - sp/so - 962 - EII - RCOAI - ELVF - Phlegmatic [Dominant] - IN(F)", "type_updated_date": "2022-12-12 07:52:59", "enneagram_vote": "", "enneagram_vote_id": 0, "mbti_vote": "", "mbti_vote_id": 0, "is_watching": false, "image_exists": false, "profile_image_url": "https://static1.personality-database.com/profile_images/c29cee7c11b44ebdb48778bbb2ac9aa8.png", "profile_image_credit": "", "profile_image_credit_id": 29733, "profile_image_credit_type": "0", "profile_image_credit_url": "", "alt_subcategory": "", "related_subcategories": "", "cat_id": 12, "category": "Literature", "category_is_fictional": true, "sub_cat_id": 1407, "subcategory": "The Brothers Karamazov", "subcat_link_info": {"sub_cat_id": 1407, "cat_id": 12, "property_id": 2, "subcategory": "The Brothers Karamazov"}, "related_subcat_link_info": null, "related_profiles": [{"id": 10539, "mbti_profile": "Ivan Karamazov", "subcategory": "The Brothers Karamazov", "profile_image_url": "https://static1.personality-database.com/profile_images/42edff06f9084086a4de84f4c7bef959.png", "profile_name": "Ivan Karamazov", "profile_subcat": "The Brothers Karamazov", "sub_cat_id": 1407, "cat_id": 12, "property_id": 2, "mbti": "INTJ", "enneatype": "5w4"}, {"id": 10543, "mbti_profile": "Katerina Ivanovna", "subcategory": "The Brothers Karamazov", "profile_image_url": "https://static1.personality-database.com/profile_images/20899325e83f4df1a1a155308aabcccd.png", "profile_name": "Katerina Ivanovna", "profile_subcat": "The Brothers Karamazov", "sub_cat_id": 1407, "cat_id": 12, "property_id": 2, "mbti": "ESFJ", "enneatype": "2w1"}, {"id": 10537, "mbti_profile": "Fyodor Pavlovich Karamazov", "subcategory": "The Brothers Karamazov", "profile_image_url": "https://static1.personality-database.com/profile_images/8bb2c7b73a5b407bb85c88df591fa0ca.png", "profile_name": "Fyodor Pavlovich Karamazov", "profile_subcat": "The Brothers Karamazov", "sub_cat_id": 1407, "cat_id": 12, "property_id": 2, "mbti": "ESTP", "enneatype": "7w8"}, {"id": 10538, "mbti_profile": "Dmitri \"Mitya\" Karamazov", "subcategory": "The Brothers Karamazov", "profile_image_url": "https://static1.personality-database.com/profile_images/8ad3ac2bd4e8448ab3320fa5cb7a938f.png", "profile_name": "Dmitri \"Mitya\" Karamazov", "profile_subcat": "The Brothers Karamazov", "sub_cat_id": 1407, "cat_id": 12, "property_id": 2, "mbti": "ESFP", "enneatype": "7w8"}, {"id": 12677, "mbti_profile": "Nikolay 'Kolya' Krassotkin", "subcategory": "The Brothers Karamazov", "profile_image_url": "https://static1.personality-database.com/profile_images/a090e3db70ef4f2481a5ee45dcb12030.png", "profile_name": "Nikolay 'Kolya' Krassotkin", "profile_subcat": "The Brothers Karamazov", "sub_cat_id": 1407, "cat_id": 12, "property_id": 2, "mbti": "ENTJ", "enneatype": "3w2"}, {"id": 83463, "mbti_profile": "Liza \"Lise\" Khokhlakova", "subcategory": "The Brothers Karamazov", "profile_image_url": "https://static1.personality-database.com/profile_images/3f3aad8f29394641a0e3d5fb03a8b5fa.png", "profile_name": "Liza \"Lise\" Khokhlakova", "profile_subcat": "The Brothers Karamazov", "sub_cat_id": 1407, "cat_id": 12, "property_id": 2, "mbti": "ENFP", "enneatype": "7w6"}, {"id": 10541, "mbti_profile": "Pavel Smerdyakov", "subcategory": "The Brothers Karamazov", "profile_image_url": "https://static1.personality-database.com/profile_images/322e42cdddfe41899bb11b511d9a2d1f.png", "profile_name": "Pavel Smerdyakov", "profile_subcat": "The Brothers Karamazov", "sub_cat_id": 1407, "cat_id": 12, "property_id": 2, "mbti": "ISTP", "enneatype": "6w5"}, {"id": 10544, "mbti_profile": "Father Zosima", "subcategory": "The Brothers Karamazov", "profile_image_url": "", "profile_name": "Father Zosima", "profile_subcat": "The Brothers Karamazov", "sub_cat_id": 1407, "cat_id": 12, "property_id": 2, "mbti": "INFJ", "enneatype": "2w1"}], "functions": ["Fi", "Ne", "Si", "Te"], "systems": [{"hex_color": "#888888", "id": 1, "personality_type": "XXXX", "personality_type_id": 0, "system_name": "Four Letter", "system_vote_count": 176, "user_vote_type_id": 0, "vote_id": 0}, {"hex_color": "#006775", "id": 2, "personality_type": "XXXX", "personality_type_id": 0, "system_name": "Enneagram", "system_vote_count": 81, "user_vote_type_id": 0, "vote_id": 0}, {"hex_color": "#006775", "id": 5, "personality_type": "XXXX", "personality_type_id": 0, "system_name": "Instinctual Variant", "system_vote_count": 28, "user_vote_type_id": 0, "vote_id": 0}, {"hex_color": "#006775", "id": 6, "personality_type": "XXXX", "personality_type_id": 0, "system_name": "Tritype", "system_vote_count": 26, "user_vote_type_id": 0, "vote_id": 0}, {"hex_color": "#888888", "id": 3, "personality_type": "XXXX", "personality_type_id": 0, "system_name": "Socionics", "system_vote_count": 19, "user_vote_type_id": 0, "vote_id": 0}, {"hex_color": "#888888", "id": 9, "personality_type": "XXXX", "personality_type_id": 0, "system_name": "Big 5 (SLOAN)", "system_vote_count": 8, "user_vote_type_id": 0, "vote_id": 0}, {"hex_color": "#888888", "id": 8, "personality_type": "XXXX", "personality_type_id": 0, "system_name": "Attitudinal Psyche", "system_vote_count": 5, "user_vote_type_id": 0, "vote_id": 0}, {"hex_color": "#888888", "id": 7, "personality_type": "XXXX", "personality_type_id": 0, "system_name": "Temperaments", "system_vote_count": 23, "user_vote_type_id": 0, "vote_id": 0}, {"hex_color": "#888888", "id": 11, "personality_type": "XXXX", "personality_type_id": 0, "system_name": "Classic Jungian", "system_vote_count": 2, "user_vote_type_id": 0, "vote_id": 0}], "breakdown_systems": {"1": [{"myValue": "INFP", "personality_system_id": 1, "personality_type": "INFP", "theCount": 97}, {"myValue": "INFJ", "personality_system_id": 1, "personality_type": "INFJ", "theCount": 75}, {"myValue": "ISFJ", "personality_system_id": 1, "personality_type": "ISFJ", "theCount": 3}, {"myValue": "ENFJ", "personality_system_id": 1, "personality_type": "ENFJ", "theCount": 1}], "11": [{"myValue": "IN(F)", "personality_system_id": 11, "personality_type": "IN(F)", "theCount": 2}], "2": [{"myValue": "9w1", "personality_system_id": 2, "personality_type": "9w1", "theCount": 71}, {"myValue": "6w5", "personality_system_id": 2, "personality_type": "6w5", "theCount": 6}, {"myValue": "1w9", "personality_system_id": 2, "personality_type": "1w9", "theCount": 3}, {"myValue": "2w1", "personality_system_id": 2, "personality_type": "2w1", "theCount": 1}], "3": [{"myValue": "EII", "personality_system_id": 3, "personality_type": "EII", "theCount": 18}, {"myValue": "SLI", "personality_system_id": 3, "personality_type": "SLI", "theCount": 1}], "4": [{"myValue": "Neutral Good", "personality_system_id": 4, "personality_type": "Neutral Good", "theCount": 4}, {"myValue": "Lawful Good", "personality_system_id": 4, "personality_type": "Lawful Good", "theCount": 1}], "5": [{"myValue": "sp/so", "personality_system_id": 5, "personality_type": "sp/so", "theCount": 13}, {"myValue": "so/sp", "personality_system_id": 5, "personality_type": "so/sp", "theCount": 11}, {"myValue": "so/sx", "personality_system_id": 5, "personality_type": "so/sx", "theCount": 2}, {"myValue": "sx/so", "personality_system_id": 5, "personality_type": "sx/so", "theCount": 2}], "6": [{"myValue": "962", "personality_system_id": 6, "personality_type": "962", "theCount": 14}, {"myValue": "926", "personality_system_id": 6, "personality_type": "926", "theCount": 3}, {"myValue": "125", "personality_system_id": 6, "personality_type": "125", "theCount": 2}, {"myValue": "692", "personality_system_id": 6, "personality_type": "692", "theCount": 2}, {"myValue": "946", "personality_system_id": 6, "personality_type": "946", "theCount": 2}, {"myValue": "694", "personality_system_id": 6, "personality_type": "694", "theCount": 1}, {"myValue": "952", "personality_system_id": 6, "personality_type": "952", "theCount": 1}, {"myValue": "964", "personality_system_id": 6, "personality_type": "964", "theCount": 1}], "7": [{"myValue": "Phlegmatic [Dominant]", "personality_system_id": 7, "personality_type": "Phlegmatic [Dominant]", "theCount": 15}, {"myValue": "Phlegmatic-Melancholic", "personality_system_id": 7, "personality_type": "Phlegmatic-Melancholic", "theCount": 6}, {"myValue": "Melancholic [Dominant]", "personality_system_id": 7, "personality_type": "Melancholic [Dominant]", "theCount": 1}, {"myValue": "Melancholic-Phlegmatic", "personality_system_id": 7, "personality_type": "Melancholic-Phlegmatic", "theCount": 1}], "8": [{"myValue": "ELVF", "personality_system_id": 8, "personality_type": "ELVF", "theCount": 3}, {"myValue": "EVLF", "personality_system_id": 8, "personality_type": "EVLF", "theCount": 1}, {"myValue": "LVEF", "personality_system_id": 8, "personality_type": "LVEF", "theCount": 1}], "9": [{"myValue": "RCOAI", "personality_system_id": 9, "personality_type": "RCOAI", "theCount": 7}, {"myValue": "RLOAI", "personality_system_id": 9, "personality_type": "RLOAI", "theCount": 1}]}, "breakdown_config": {"expand": {"1": 3, "11": 1, "2": 3, "3": 1, "4": 1, "5": 2, "6": 1, "7": 1, "8": 1, "9": 1}, "fire": {"1": 1, "11": 0, "2": 0, "3": 0, "4": 0, "5": 1, "6": 0, "7": 0, "8": 0, "9": 0}}, "mbti_letter_stats": [{"type": "I", "percentage": "99%", "PercentageFloat": 0.9943181818181818}, {"type": "N", "percentage": "98%", "PercentageFloat": 0.9829545454545454}, {"type": "F", "percentage": "100%", "PercentageFloat": 1}, {"type": "P", "percentage": "55%", "PercentageFloat": 0.5511363636363636}], "topic_info": {"can_generate": false, "topic": {"description": "", "follow_count": 1, "id": 9842, "is_following": false, "is_join_pending": false, "is_banned": false, "is_moderated": false, "name_readable": "Alexei \"Alyosha\" Karamazov", "post_count": 6, "source_profile_id": 10540, "source_type": "profile", "join_to_post": false, "can_pin": false, "related_topics": [{"description": "", "follow_count": 2, "id": 9843, "is_following": false, "is_join_pending": false, "is_banned": false, "is_moderated": false, "name_readable": "Pavel Smerdyakov", "post_count": 12, "source_profile_id": 10541, "source_type": "profile", "image": {"picURL": "https://static1.personality-database.com/profile_images/322e42cdddfe41899bb11b511d9a2d1f.png"}, "join_to_post": false, "can_pin": false}, {"description": "", "follow_count": 1, "id": 9842, "is_following": false, "is_join_pending": false, "is_banned": false, "is_moderated": false, "name_readable": "Alexei \"Alyosha\" Karamazov", "post_count": 6, "source_profile_id": 10540, "source_type": "profile", "image": {"picURL": "https://static1.personality-database.com/profile_images/c29cee7c11b44ebdb48778bbb2ac9aa8.png"}, "join_to_post": false, "can_pin": false}, {"description": "", "follow_count": 0, "id": 9841, "is_following": false, "is_join_pending": false, "is_banned": false, "is_moderated": false, "name_readable": "Ivan Karamazov", "post_count": 3, "source_profile_id": 10539, "source_type": "profile", "image": {"picURL": "https://static1.personality-database.com/profile_images/42edff06f9084086a4de84f4c7bef959.png"}, "join_to_post": false, "can_pin": false}, {"description": "", "follow_count": 0, "id": 9840, "is_following": false, "is_join_pending": false, "is_banned": false, "is_moderated": false, "name_readable": "Dmitri \"Mitya\" Karamazov", "post_count": 3, "source_profile_id": 10538, "source_type": "profile", "image": {"picURL": "https://static1.personality-database.com/profile_images/8ad3ac2bd4e8448ab3320fa5cb7a938f.png"}, "join_to_post": false, "can_pin": false}, {"description": "", "follow_count": 0, "id": 67699, "is_following": false, "is_join_pending": false, "is_banned": false, "is_moderated": false, "name_readable": "Liza \"Lise\" Khokhlakova", "post_count": 1, "source_profile_id": 83463, "source_type": "profile", "image": {"picURL": "https://static1.personality-database.com/profile_images/3f3aad8f29394641a0e3d5fb03a8b5fa.png"}, "join_to_post": false, "can_pin": false}, {"description": "", "follow_count": 1, "id": 9844, "is_following": false, "is_join_pending": false, "is_banned": false, "is_moderated": false, "name_readable": "Agrafena Svetlova", "post_count": 1, "source_profile_id": 10542, "source_type": "profile", "image": {"picURL": "https://static1.personality-database.com/profile_images/a25d9d34996541fba849d2b6f9f266c2.png"}, "join_to_post": false, "can_pin": false}, {"description": "", "follow_count": 1, "id": 9846, "is_following": false, "is_join_pending": false, "is_banned": false, "is_moderated": false, "name_readable": "Father Zosima", "post_count": 1, "source_profile_id": 10544, "source_type": "profile", "image": {"picURL": "https://www.personality-database.com/images/profile_transparent.png"}, "join_to_post": false, "can_pin": false}, {"description": "", "follow_count": 0, "id": 11701, "is_following": false, "is_join_pending": false, "is_banned": false, "is_moderated": false, "name_readable": "Nikolay 'Kolya' Krassotkin", "post_count": 0, "source_profile_id": 12677, "source_type": "profile", "image": {"picURL": "https://static1.personality-database.com/profile_images/a090e3db70ef4f2481a5ee45dcb12030.png"}, "join_to_post": false, "can_pin": false}, {"description": "", "follow_count": 1, "id": 9839, "is_following": false, "is_join_pending": false, "is_banned": false, "is_moderated": false, "name_readable": "Fyodor Pavlovich Karamazov", "post_count": 0, "source_profile_id": 10537, "source_type": "profile", "image": {"picURL": "https://static1.personality-database.com/profile_images/8bb2c7b73a5b407bb85c88df591fa0ca.png"}, "join_to_post": false, "can_pin": false}, {"description": "", "follow_count": 0, "id": 9845, "is_following": false, "is_join_pending": false, "is_banned": false, "is_moderated": false, "name_readable": "Katerina Ivanovna", "post_count": 0, "source_profile_id": 10543, "source_type": "profile", "image": {"picURL": "https://static1.personality-database.com/profile_images/20899325e83f4df1a1a155308aabcccd.png"}, "join_to_post": false, "can_pin": false}, {"description": "", "follow_count": 0, "id": 121607, "is_following": false, "is_join_pending": false, "is_banned": false, "is_moderated": false, "name_readable": "Mikhail Rakitin", "post_count": 0, "source_profile_id": 156781, "source_type": "profile", "image": {"picURL": "https://www.personality-database.com/images/profile_transparent.png"}, "join_to_post": false, "can_pin": false}, {"description": "", "follow_count": 0, "id": 9847, "is_following": false, "is_join_pending": false, "is_banned": false, "is_moderated": false, "name_readable": "Ilyusha", "post_count": 0, "source_profile_id": 10545, "source_type": "profile", "image": {"picURL": "https://static1.personality-database.com/profile_images/5b4e8f583969400fb538c6d297a82659.png"}, "join_to_post": false, "can_pin": false}, {"description": "", "follow_count": 0, "id": 117099, "is_following": false, "is_join_pending": false, "is_banned": false, "is_moderated": false, "name_readable": "Ivan Karamazov's Devil", "post_count": 0, "source_profile_id": 151162, "source_type": "profile", "image": {"picURL": "https://www.personality-database.com/images/profile_transparent.png"}, "join_to_post": false, "can_pin": false}, {"description": "", "follow_count": 0, "id": 101841, "is_following": false, "is_join_pending": false, "is_banned": false, "is_moderated": false, "name_readable": "Grigory Kutuzov", "post_count": 0, "source_profile_id": 130495, "source_type": "profile", "image": {"picURL": "https://www.personality-database.com/images/profile_transparent.png"}, "join_to_post": false, "can_pin": false}, {"description": "", "follow_count": 0, "id": 289252, "is_following": false, "is_join_pending": false, "is_banned": false, "is_moderated": false, "name_readable": "Pyotr Miusov", "post_count": 0, "source_profile_id": 376007, "source_type": "profile", "image": {"picURL": "https://www.personality-database.com/images/profile_transparent.png"}, "join_to_post": false, "can_pin": false}, {"description": "", "follow_count": 0, "id": 125552, "is_following": false, "is_join_pending": false, "is_banned": false, "is_moderated": false, "name_readable": "Father Ferapont", "post_count": 0, "source_profile_id": 161718, "source_type": "profile", "image": {"picURL": "https://www.personality-database.com/images/profile_transparent.png"}, "join_to_post": false, "can_pin": false}], "subcategory": "The Brothers Karamazov", "topic_image_url": "https://static1.personality-database.com/profile_images/c29cee7c11b44ebdb48778bbb2ac9aa8.png", "source_location": {"cid": 12, "pid": 2, "sub_cat_id": 1407}, "can_post_image": false, "can_post_audio": false, "posts": {"posts": [{"username": "Goodsoup", "user_pic_path": "https://lh3.googleusercontent.com/a-/AOh14Gjk0cTkGOa1-zoeg5vfkwcBImM8Rfj6J8zesRexLw=s96-c", "user_personality_type": "INFP", "is_mod": false, "comment_count": 0, "reply_count": 0, "vote_type": 0, "topics_list": [{"id": 9842, "name_readable": "Alexei \"Alyosha\" Karamazov"}], "id": 2204826, "post_id": 2204826, "user_id": 470971, "title": "", "content": "Miaw miaw \ud83e\udef6", "create_date": 1673836339000, "unix_timestamp": 1673836339000, "update_date": 1673836339000, "vote_count": 0, "vote_count_down": 0, "is_reported": 0, "is_hidden": false, "is_pinned": false, "is_watching": false, "is_pro_user": false, "images": null, "audios": null, "function_list": [], "type": "post"}, {"username": "Avatar", "user_pic_path": "https://lh3.googleusercontent.com/a/AItbvml8L2nzGwd0r14dqSSWUg3an-hGKfJy19UhMsZQ=s96-c", "user_personality_type": "INFJ-1w2", "is_mod": false, "comment_count": 3, "reply_count": 3, "vote_type": 0, "topics_list": [{"id": 9842, "name_readable": "Alexei \"Alyosha\" Karamazov"}], "id": 1616968, "post_id": 1616968, "user_id": 204800, "title": "", "content": "Can someone change the pfp...  Is that from a film or something", "create_date": 1666827665000, "unix_timestamp": 1666827665000, "update_date": 1666827665000, "vote_count": 0, "vote_count_down": 0, "is_reported": 0, "is_hidden": false, "is_pinned": false, "is_watching": false, "is_pro_user": false, "images": null, "audios": null, "function_list": [], "type": "post"}, {"username": "sunbones", "user_pic_path": "https://lh3.googleusercontent.com/a-/AFdZucpefY40XPtTIlyc1KNCAkLEDKtIwKtbivh8Pa5JKg=s96-c", "user_personality_type": "INFP-4w5-496", "is_mod": false, "comment_count": 0, "reply_count": 0, "vote_type": 0, "topics_list": [{"id": 9842, "name_readable": "Alexei \"Alyosha\" Karamazov"}], "id": 1086305, "post_id": 1086305, "user_id": 828054, "title": "", "content": "as soon as he was described as an \"early lover of humanity\" in the beginning of the book i knew that i would love him \ud83d\ude2d he's my favorite!!!", "create_date": 1659298129000, "unix_timestamp": 1659298129000, "update_date": 1664741263000, "vote_count": 5, "vote_count_down": 0, "is_reported": 0, "is_hidden": false, "is_pinned": false, "is_watching": false, "is_pro_user": false, "images": null, "audios": null, "function_list": [], "type": "post"}]}}}}