{"id": 10546, "mbti_profile": "Humbert Humbert", "profile_name_searchable": "humberthumbert", "allow_commenting": true, "allow_voting": true, "user_id": 3261, "contributor": "Jachn", "contributor_create_date": "2018-03-09 21:00:06", "contributor_pic_path": "https://lh5.googleusercontent.com/-7BVlTf580JM/AAAAAAAAAAI/AAAAAAAAFpA/fhDHaMjGnqM/s96-c/photo.jpg", "display_order": 1000, "edit_lock": 0, "edit_lock_picture": 0, "is_active": true, "is_approved": true, "mbti_enneagram_type": "INFJ 5w4", "mbti_type": "INFJ 5w4", "pdb_comment_access": true, "pdb_page_owner": 0, "pdb_public_access": true, "wiki_description": "", "watch_count": 111, "comment_count": 104, "vote_count": 158, "vote_count_enneagram": 63, "vote_count_mbti": 158, "total_vote_counts": 319, "personality_type": "INFJ - 5w4 - sx/sp - 541 - IEI - RLOEI - Melancholic [Dominant]", "type_updated_date": "2022-08-17 02:13:27", "enneagram_vote": "", "enneagram_vote_id": 0, "mbti_vote": "", "mbti_vote_id": 0, "is_watching": false, "image_exists": false, "profile_image_url": "https://static1.personality-database.com/profile_images/556ff6bec0aa4a469e74b7fb8007b63e.png", "profile_image_credit": "", "profile_image_credit_id": 455173, "profile_image_credit_type": "0", "profile_image_credit_url": " ", "alt_subcategory": "", "related_subcategories": "", "cat_id": 12, "category": "Literature", "category_is_fictional": true, "sub_cat_id": 1408, "subcategory": "Lolita", "subcat_link_info": {"sub_cat_id": 1408, "cat_id": 12, "property_id": 2, "subcategory": "Lolita"}, "related_subcat_link_info": null, "related_profiles": [{"id": 10547, "mbti_profile": "Dolores Haze \"Lolita\"", "subcategory": "Lolita", "profile_image_url": "https://static1.personality-database.com/profile_images/2ac8694f971540a79dede836e109b247.png", "profile_name": "Dolores Haze \"Lolita\"", "profile_subcat": "Lolita", "sub_cat_id": 1408, "cat_id": 12, "property_id": 2, "mbti": "ESFP", "enneatype": "2w3"}, {"id": 74540, "mbti_profile": "Charlotte Haze", "subcategory": "Lolita", "profile_image_url": "https://static1.personality-database.com/profile_images/cfe2fe75382d4262b3bc0d6b9ee7ca8a.png", "profile_name": "Charlotte Haze", "profile_subcat": "Lolita", "sub_cat_id": 1408, "cat_id": 12, "property_id": 2, "mbti": "ESFJ", "enneatype": "6w7"}, {"id": 10548, "mbti_profile": "Clare Quilty", "subcategory": "Lolita", "profile_image_url": "https://static1.personality-database.com/profile_images/15aec362392a4a77978f524acd1af597.png", "profile_name": "Clare Quilty", "profile_subcat": "Lolita", "sub_cat_id": 1408, "cat_id": 12, "property_id": 2, "mbti": "ENTP", "enneatype": "7w8"}], "functions": ["Ni", "Fe", "Ti", "Se"], "systems": [{"hex_color": "#888888", "id": 1, "personality_type": "XXXX", "personality_type_id": 0, "system_name": "Four Letter", "system_vote_count": 155, "user_vote_type_id": 0, "vote_id": 0}, {"hex_color": "#006775", "id": 2, "personality_type": "XXXX", "personality_type_id": 0, "system_name": "Enneagram", "system_vote_count": 59, "user_vote_type_id": 0, "vote_id": 0}, {"hex_color": "#006775", "id": 5, "personality_type": "XXXX", "personality_type_id": 0, "system_name": "Instinctual Variant", "system_vote_count": 28, "user_vote_type_id": 0, "vote_id": 0}, {"hex_color": "#006775", "id": 6, "personality_type": "XXXX", "personality_type_id": 0, "system_name": "Tritype", "system_vote_count": 17, "user_vote_type_id": 0, "vote_id": 0}, {"hex_color": "#888888", "id": 3, "personality_type": "XXXX", "personality_type_id": 0, "system_name": "Socionics", "system_vote_count": 19, "user_vote_type_id": 0, "vote_id": 0}, {"hex_color": "#888888", "id": 9, "personality_type": "XXXX", "personality_type_id": 0, "system_name": "Big 5 (SLOAN)", "system_vote_count": 10, "user_vote_type_id": 0, "vote_id": 0}, {"hex_color": "#888888", "id": 8, "personality_type": "XXXX", "personality_type_id": 0, "system_name": "Attitudinal Psyche", "system_vote_count": 2, "user_vote_type_id": 0, "vote_id": 0}, {"hex_color": "#888888", "id": 7, "personality_type": "XXXX", "personality_type_id": 0, "system_name": "Temperaments", "system_vote_count": 21, "user_vote_type_id": 0, "vote_id": 0}, {"hex_color": "#888888", "id": 11, "personality_type": "XXXX", "personality_type_id": 0, "system_name": "Classic Jungian", "system_vote_count": 1, "user_vote_type_id": 0, "vote_id": 0}], "breakdown_systems": {"1": [{"myValue": "INFJ", "personality_system_id": 1, "personality_type": "INFJ", "theCount": 79}, {"myValue": "INTJ", "personality_system_id": 1, "personality_type": "INTJ", "theCount": 38}, {"myValue": "INFP", "personality_system_id": 1, "personality_type": "INFP", "theCount": 27}, {"myValue": "ISFP", "personality_system_id": 1, "personality_type": "ISFP", "theCount": 3}, {"myValue": "ISTJ", "personality_system_id": 1, "personality_type": "ISTJ", "theCount": 3}, {"myValue": "ISFJ", "personality_system_id": 1, "personality_type": "ISFJ", "theCount": 2}, {"myValue": "ESFJ", "personality_system_id": 1, "personality_type": "ESFJ", "theCount": 1}, {"myValue": "ESTJ", "personality_system_id": 1, "personality_type": "ESTJ", "theCount": 1}, {"myValue": "ESTP", "personality_system_id": 1, "personality_type": "ESTP", "theCount": 1}], "11": [{"myValue": "IN(T)", "personality_system_id": 11, "personality_type": "IN(T)", "theCount": 1}], "2": [{"myValue": "5w4", "personality_system_id": 2, "personality_type": "5w4", "theCount": 48}, {"myValue": "4w5", "personality_system_id": 2, "personality_type": "4w5", "theCount": 6}, {"myValue": "4w3", "personality_system_id": 2, "personality_type": "4w3", "theCount": 3}, {"myValue": "2w3", "personality_system_id": 2, "personality_type": "2w3", "theCount": 1}, {"myValue": "9w1", "personality_system_id": 2, "personality_type": "9w1", "theCount": 1}], "3": [{"myValue": "IEI", "personality_system_id": 3, "personality_type": "IEI", "theCount": 15}, {"myValue": "ILE", "personality_system_id": 3, "personality_type": "ILE", "theCount": 2}, {"myValue": "EII", "personality_system_id": 3, "personality_type": "EII", "theCount": 1}, {"myValue": "ILI", "personality_system_id": 3, "personality_type": "ILI", "theCount": 1}], "4": [{"myValue": "Neutral Evil", "personality_system_id": 4, "personality_type": "Neutral Evil", "theCount": 5}, {"myValue": "Lawful Evil", "personality_system_id": 4, "personality_type": "Lawful Evil", "theCount": 1}, {"myValue": "Lawful Neutral", "personality_system_id": 4, "personality_type": "Lawful Neutral", "theCount": 1}], "5": [{"myValue": "sx/sp", "personality_system_id": 5, "personality_type": "sx/sp", "theCount": 20}, {"myValue": "sp/sx", "personality_system_id": 5, "personality_type": "sp/sx", "theCount": 5}, {"myValue": "sx/so", "personality_system_id": 5, "personality_type": "sx/so", "theCount": 2}, {"myValue": "so/sp", "personality_system_id": 5, "personality_type": "so/sp", "theCount": 1}], "6": [{"myValue": "541", "personality_system_id": 6, "personality_type": "541", "theCount": 10}, {"myValue": "145", "personality_system_id": 6, "personality_type": "145", "theCount": 2}, {"myValue": "279", "personality_system_id": 6, "personality_type": "279", "theCount": 1}, {"myValue": "458", "personality_system_id": 6, "personality_type": "458", "theCount": 1}, {"myValue": "459", "personality_system_id": 6, "personality_type": "459", "theCount": 1}, {"myValue": "513", "personality_system_id": 6, "personality_type": "513", "theCount": 1}, {"myValue": "514", "personality_system_id": 6, "personality_type": "514", "theCount": 1}], "7": [{"myValue": "Melancholic [Dominant]", "personality_system_id": 7, "personality_type": "Melancholic [Dominant]", "theCount": 16}, {"myValue": "Melancholic-Phlegmatic", "personality_system_id": 7, "personality_type": "Melancholic-Phlegmatic", "theCount": 4}, {"myValue": "Phlegmatic-Sanguine", "personality_system_id": 7, "personality_type": "Phlegmatic-Sanguine", "theCount": 1}], "8": [{"myValue": "EFLV", "personality_system_id": 8, "personality_type": "EFLV", "theCount": 1}, {"myValue": "ELFV", "personality_system_id": 8, "personality_type": "ELFV", "theCount": 1}], "9": [{"myValue": "RLOEI", "personality_system_id": 9, "personality_type": "RLOEI", "theCount": 5}, {"myValue": "RLUEI", "personality_system_id": 9, "personality_type": "RLUEI", "theCount": 4}, {"myValue": "RLOAI", "personality_system_id": 9, "personality_type": "RLOAI", "theCount": 1}]}, "breakdown_config": {"expand": {"1": 3, "11": 1, "2": 3, "3": 1, "4": 1, "5": 1, "6": 1, "7": 1, "8": 1, "9": 1}, "fire": {"1": 0, "11": 0, "2": 0, "3": 0, "4": 0, "5": 0, "6": 0, "7": 0, "8": 0, "9": 0}}, "mbti_letter_stats": [{"type": "I", "percentage": "98%", "PercentageFloat": 0.9806451612903225}, {"type": "N", "percentage": "93%", "PercentageFloat": 0.9290322580645162}, {"type": "F", "percentage": "72%", "PercentageFloat": 0.7225806451612903}, {"type": "J", "percentage": "80%", "PercentageFloat": 0.8}], "topic_info": {"can_generate": false, "topic": {"description": "", "follow_count": 0, "id": 9848, "is_following": false, "is_join_pending": false, "is_banned": false, "is_moderated": false, "name_readable": "Humbert Humbert", "post_count": 12, "source_profile_id": 10546, "source_type": "profile", "join_to_post": false, "can_pin": false, "related_topics": [{"description": "", "follow_count": 0, "id": 9848, "is_following": false, "is_join_pending": false, "is_banned": false, "is_moderated": false, "name_readable": "Humbert Humbert", "post_count": 12, "source_profile_id": 10546, "source_type": "profile", "image": {"picURL": "https://static1.personality-database.com/profile_images/556ff6bec0aa4a469e74b7fb8007b63e.png"}, "join_to_post": false, "can_pin": false}, {"description": "", "follow_count": 0, "id": 9849, "is_following": false, "is_join_pending": false, "is_banned": false, "is_moderated": false, "name_readable": "Dolores Haze \"Lolita\"", "post_count": 0, "source_profile_id": 10547, "source_type": "profile", "image": {"picURL": "https://static1.personality-database.com/profile_images/2ac8694f971540a79dede836e109b247.png"}, "join_to_post": false, "can_pin": false}, {"description": "", "follow_count": 0, "id": 9850, "is_following": false, "is_join_pending": false, "is_banned": false, "is_moderated": false, "name_readable": "Clare Quilty", "post_count": 0, "source_profile_id": 10548, "source_type": "profile", "image": {"picURL": "https://static1.personality-database.com/profile_images/15aec362392a4a77978f524acd1af597.png"}, "join_to_post": false, "can_pin": false}, {"description": "", "follow_count": 0, "id": 60439, "is_following": false, "is_join_pending": false, "is_banned": false, "is_moderated": false, "name_readable": "Charlotte Haze", "post_count": 0, "source_profile_id": 74540, "source_type": "profile", "image": {"picURL": "https://static1.personality-database.com/profile_images/cfe2fe75382d4262b3bc0d6b9ee7ca8a.png"}, "join_to_post": false, "can_pin": false}], "subcategory": "Lolita", "topic_image_url": "https://static1.personality-database.com/profile_images/556ff6bec0aa4a469e74b7fb8007b63e.png", "source_location": {"cid": 12, "pid": 2, "sub_cat_id": 1408}, "can_post_image": false, "can_post_audio": false, "posts": {"posts": [{"username": "INoLuv", "user_pic_path": "https://static1.personality-database.com/user_avatars/659657/e55b8ae0-54f2-4094-9001-fba404890a15_small.jpeg", "user_personality_type": "INTJ-5w4-548", "is_mod": false, "comment_count": 0, "reply_count": 0, "vote_type": 0, "topics_list": [{"id": 9848, "name_readable": "Humbert Humbert"}], "id": 2185732, "post_id": 2185732, "user_id": 659657, "title": "", "content": "His lack of foresight and what he would to with Dolores is annoying, as well as his incompetence. I dont think he is organized nor he seems to have inferior Se as his main issue, his Ni does not seem to be goid either if he has any instead of Ne. \n\nINFP makes much more sense.", "create_date": 1673668269000, "unix_timestamp": 1673668269000, "update_date": 1673668269000, "vote_count": 0, "vote_count_down": 0, "is_reported": 0, "is_hidden": false, "is_pinned": false, "is_watching": false, "is_pro_user": false, "images": null, "audios": null, "function_list": [], "type": "post"}, {"username": "reinerstits", "user_pic_path": "https://lh3.googleusercontent.com/a-/AOh14GjU8B4SApC5npJfp5psxmoYjI1jeI9kg53Of90ClU4=s96-c", "user_personality_type": "ESTJ-361", "is_mod": false, "comment_count": 0, "reply_count": 0, "vote_type": 0, "topics_list": [{"id": 9848, "name_readable": "Humbert Humbert"}], "id": 1888526, "post_id": 1888526, "user_id": 505840, "title": "", "content": "biggest freak in fiction i hope he dies", "create_date": 1670437206000, "unix_timestamp": 1670437206000, "update_date": 1670437206000, "vote_count": 9, "vote_count_down": 0, "is_reported": 0, "is_hidden": false, "is_pinned": false, "is_watching": false, "is_pro_user": false, "images": null, "audios": null, "function_list": [], "type": "post"}, {"username": "thekrockadile", "user_pic_path": "https://lh3.googleusercontent.com/a-/AOh14Gheu2hzCDtUQJzjXWnxutUyHv1RxEIUywChhN2ACkk=s96-c", "user_personality_type": "461", "is_mod": false, "comment_count": 0, "reply_count": 0, "vote_type": 0, "topics_list": [{"id": 9848, "name_readable": "Humbert Humbert"}], "id": 1430325, "post_id": 1430325, "user_id": 260066, "title": "", "content": "yall really changed the pics back to the movie actors, this is the book yall damnn", "create_date": 1664543674000, "unix_timestamp": 1664543674000, "update_date": 1664543674000, "vote_count": 3, "vote_count_down": 0, "is_reported": 0, "is_hidden": false, "is_pinned": false, "is_watching": false, "is_pro_user": false, "images": null, "audios": null, "function_list": [], "type": "post"}]}}}}