{"id": 10554, "mbti_profile": "Kevin Khatchadourian", "profile_name_searchable": "kevinkhatchadourian", "allow_commenting": true, "allow_voting": true, "user_id": 3261, "contributor": "Jachn", "contributor_create_date": "2018-03-09 21:08:24", "contributor_pic_path": "https://lh5.googleusercontent.com/-7BVlTf580JM/AAAAAAAAAAI/AAAAAAAAFpA/fhDHaMjGnqM/s96-c/photo.jpg", "display_order": 995, "edit_lock": 0, "edit_lock_picture": 0, "is_active": true, "is_approved": true, "mbti_enneagram_type": "ISTP 8w7", "mbti_type": "ISTP 8w7", "pdb_comment_access": true, "pdb_page_owner": 0, "pdb_public_access": true, "wiki_description": "", "watch_count": 157, "comment_count": 36, "vote_count": 130, "vote_count_enneagram": 82, "vote_count_mbti": 130, "total_vote_counts": 342, "personality_type": "ISTP - 8w7 - sx/sp - 837 - SLE - RLOEN - FVLE - Choleric-Melancholic", "type_updated_date": "2022-11-04 20:23:15", "enneagram_vote": "", "enneagram_vote_id": 0, "mbti_vote": "", "mbti_vote_id": 0, "is_watching": false, "image_exists": false, "profile_image_url": "https://static1.personality-database.com/profile_images/135b481a8a984adc973e0cbeec0e80dc.png", "profile_image_credit": "", "profile_image_credit_id": 55263, "profile_image_credit_type": "0", "profile_image_credit_url": "", "alt_subcategory": "", "related_subcategories": "", "cat_id": 12, "category": "Literature", "category_is_fictional": true, "sub_cat_id": 1410, "subcategory": "We Need to Talk about Kevin", "subcat_link_info": {"sub_cat_id": 1410, "cat_id": 12, "property_id": 2, "subcategory": "We Need to Talk about Kevin"}, "related_subcat_link_info": null, "related_profiles": [{"id": 10553, "mbti_profile": "Eva Khatchadourian", "subcategory": "We Need to Talk about Kevin", "profile_image_url": "https://static1.personality-database.com/profile_images/100b4932f619414c9ac54440b387a61c.png", "profile_name": "Eva Khatchadourian", "profile_subcat": "We Need to Talk about Kevin", "sub_cat_id": 1410, "cat_id": 12, "property_id": 2, "mbti": "INTP", "enneatype": "5w4"}, {"id": 10696, "mbti_profile": "Celia Khatchadourian", "subcategory": "We Need to Talk about Kevin", "profile_image_url": "https://static1.personality-database.com/profile_images/5710e03672874ebf9daaeef4047527bb.png", "profile_name": "Celia Khatchadourian", "profile_subcat": "We Need to Talk about Kevin", "sub_cat_id": 1410, "cat_id": 12, "property_id": 2, "mbti": "INFP", "enneatype": "6w7"}, {"id": 10555, "mbti_profile": "Franklin Plaskett", "subcategory": "We Need to Talk about Kevin", "profile_image_url": "https://static1.personality-database.com/profile_images/c58fae71a5a24449bb20471ba3dd2a3e.png", "profile_name": "Franklin Plaskett", "profile_subcat": "We Need to Talk about Kevin", "sub_cat_id": 1410, "cat_id": 12, "property_id": 2, "mbti": "ESFJ", "enneatype": "9w1"}, {"id": 228598, "mbti_profile": "Leonard \"Lenny\" Pugh", "subcategory": "We Need to Talk about Kevin", "profile_image_url": "", "profile_name": "Leonard \"Lenny\" Pugh", "profile_subcat": "We Need to Talk about Kevin", "sub_cat_id": 1410, "cat_id": 12, "property_id": 2, "mbti": "ESFP", "enneatype": "6w7"}, {"id": 228596, "mbti_profile": "Mary Woolford", "subcategory": "We Need to Talk about Kevin", "profile_image_url": "", "profile_name": "Mary Woolford", "profile_subcat": "We Need to Talk about Kevin", "sub_cat_id": 1410, "cat_id": 12, "property_id": 2, "mbti": "", "enneatype": ""}, {"id": 228597, "mbti_profile": "Vicki Pagorski", "subcategory": "We Need to Talk about Kevin", "profile_image_url": "", "profile_name": "Vicki Pagorski", "profile_subcat": "We Need to Talk about Kevin", "sub_cat_id": 1410, "cat_id": 12, "property_id": 2, "mbti": "", "enneatype": ""}, {"id": 228599, "mbti_profile": "Harvey Landsdown", "subcategory": "We Need to Talk about Kevin", "profile_image_url": "", "profile_name": "Harvey Landsdown", "profile_subcat": "We Need to Talk about Kevin", "sub_cat_id": 1410, "cat_id": 12, "property_id": 2, "mbti": "", "enneatype": ""}, {"id": 228601, "mbti_profile": "Siobhan", "subcategory": "We Need to Talk about Kevin", "profile_image_url": "", "profile_name": "Siobhan", "profile_subcat": "We Need to Talk about Kevin", "sub_cat_id": 1410, "cat_id": 12, "property_id": 2, "mbti": "", "enneatype": ""}], "functions": ["Ti", "Se", "Ni", "Fe"], "systems": [{"hex_color": "#888888", "id": 1, "personality_type": "XXXX", "personality_type_id": 0, "system_name": "Four Letter", "system_vote_count": 128, "user_vote_type_id": 0, "vote_id": 0}, {"hex_color": "#006775", "id": 2, "personality_type": "XXXX", "personality_type_id": 0, "system_name": "Enneagram", "system_vote_count": 81, "user_vote_type_id": 0, "vote_id": 0}, {"hex_color": "#006775", "id": 5, "personality_type": "XXXX", "personality_type_id": 0, "system_name": "Instinctual Variant", "system_vote_count": 30, "user_vote_type_id": 0, "vote_id": 0}, {"hex_color": "#006775", "id": 6, "personality_type": "XXXX", "personality_type_id": 0, "system_name": "Tritype", "system_vote_count": 21, "user_vote_type_id": 0, "vote_id": 0}, {"hex_color": "#888888", "id": 3, "personality_type": "XXXX", "personality_type_id": 0, "system_name": "Socionics", "system_vote_count": 15, "user_vote_type_id": 0, "vote_id": 0}, {"hex_color": "#888888", "id": 9, "personality_type": "XXXX", "personality_type_id": 0, "system_name": "Big 5 (SLOAN)", "system_vote_count": 23, "user_vote_type_id": 0, "vote_id": 0}, {"hex_color": "#888888", "id": 8, "personality_type": "XXXX", "personality_type_id": 0, "system_name": "Attitudinal Psyche", "system_vote_count": 11, "user_vote_type_id": 0, "vote_id": 0}, {"hex_color": "#888888", "id": 7, "personality_type": "XXXX", "personality_type_id": 0, "system_name": "Temperaments", "system_vote_count": 27, "user_vote_type_id": 0, "vote_id": 0}, {"hex_color": "#888888", "id": 11, "personality_type": "XXXX", "personality_type_id": 0, "system_name": "Classic Jungian", "system_vote_count": 0, "user_vote_type_id": 0, "vote_id": 0}], "breakdown_systems": {"1": [{"myValue": "ISTP", "personality_system_id": 1, "personality_type": "ISTP", "theCount": 93}, {"myValue": "INTJ", "personality_system_id": 1, "personality_type": "INTJ", "theCount": 17}, {"myValue": "ENTP", "personality_system_id": 1, "personality_type": "ENTP", "theCount": 5}, {"myValue": "ESTP", "personality_system_id": 1, "personality_type": "ESTP", "theCount": 5}, {"myValue": "INTP", "personality_system_id": 1, "personality_type": "INTP", "theCount": 4}, {"myValue": "ENTJ", "personality_system_id": 1, "personality_type": "ENTJ", "theCount": 1}, {"myValue": "ESFP", "personality_system_id": 1, "personality_type": "ESFP", "theCount": 1}, {"myValue": "INFJ", "personality_system_id": 1, "personality_type": "INFJ", "theCount": 1}, {"myValue": "ISFP", "personality_system_id": 1, "personality_type": "ISFP", "theCount": 1}], "11": [{"myValue": "XXXX", "personality_system_id": 0, "personality_type": "XXXX", "theCount": 0}], "2": [{"myValue": "8w7", "personality_system_id": 2, "personality_type": "8w7", "theCount": 46}, {"myValue": "8w9", "personality_system_id": 2, "personality_type": "8w9", "theCount": 19}, {"myValue": "6w5", "personality_system_id": 2, "personality_type": "6w5", "theCount": 4}, {"myValue": "3w4", "personality_system_id": 2, "personality_type": "3w4", "theCount": 3}, {"myValue": "6w7", "personality_system_id": 2, "personality_type": "6w7", "theCount": 3}, {"myValue": "4w5", "personality_system_id": 2, "personality_type": "4w5", "theCount": 2}, {"myValue": "7w8", "personality_system_id": 2, "personality_type": "7w8", "theCount": 2}, {"myValue": "5w4", "personality_system_id": 2, "personality_type": "5w4", "theCount": 1}, {"myValue": "5w6", "personality_system_id": 2, "personality_type": "5w6", "theCount": 1}], "3": [{"myValue": "SLE", "personality_system_id": 3, "personality_type": "SLE", "theCount": 8}, {"myValue": "EIE", "personality_system_id": 3, "personality_type": "EIE", "theCount": 2}, {"myValue": "LSI", "personality_system_id": 3, "personality_type": "LSI", "theCount": 2}, {"myValue": "SEE", "personality_system_id": 3, "personality_type": "SEE", "theCount": 2}, {"myValue": "IEE", "personality_system_id": 3, "personality_type": "IEE", "theCount": 1}], "4": [{"myValue": "Chaotic Evil", "personality_system_id": 4, "personality_type": "Chaotic Evil", "theCount": 6}], "5": [{"myValue": "sx/sp", "personality_system_id": 5, "personality_type": "sx/sp", "theCount": 18}, {"myValue": "sp/sx", "personality_system_id": 5, "personality_type": "sp/sx", "theCount": 11}, {"myValue": "so/sp", "personality_system_id": 5, "personality_type": "so/sp", "theCount": 1}], "6": [{"myValue": "837", "personality_system_id": 6, "personality_type": "837", "theCount": 7}, {"myValue": "874", "personality_system_id": 6, "personality_type": "874", "theCount": 4}, {"myValue": "836", "personality_system_id": 6, "personality_type": "836", "theCount": 3}, {"myValue": "378", "personality_system_id": 6, "personality_type": "378", "theCount": 1}, {"myValue": "387", "personality_system_id": 6, "personality_type": "387", "theCount": 1}, {"myValue": "485", "personality_system_id": 6, "personality_type": "485", "theCount": 1}, {"myValue": "487", "personality_system_id": 6, "personality_type": "487", "theCount": 1}, {"myValue": "548", "personality_system_id": 6, "personality_type": "548", "theCount": 1}, {"myValue": "853", "personality_system_id": 6, "personality_type": "853", "theCount": 1}, {"myValue": "873", "personality_system_id": 6, "personality_type": "873", "theCount": 1}], "7": [{"myValue": "Choleric-Melancholic", "personality_system_id": 7, "personality_type": "Choleric-Melancholic", "theCount": 14}, {"myValue": "Choleric [Dominant]", "personality_system_id": 7, "personality_type": "Choleric [Dominant]", "theCount": 9}, {"myValue": "Choleric-Phlegmatic", "personality_system_id": 7, "personality_type": "Choleric-Phlegmatic", "theCount": 1}, {"myValue": "Melancholic-Choleric", "personality_system_id": 7, "personality_type": "Melancholic-Choleric", "theCount": 1}, {"myValue": "Melancholic-Sanguine", "personality_system_id": 7, "personality_type": "Melancholic-Sanguine", "theCount": 1}, {"myValue": "Sanguine-Melancholic", "personality_system_id": 7, "personality_type": "Sanguine-Melancholic", "theCount": 1}], "8": [{"myValue": "FVLE", "personality_system_id": 8, "personality_type": "FVLE", "theCount": 5}, {"myValue": "FLVE", "personality_system_id": 8, "personality_type": "FLVE", "theCount": 3}, {"myValue": "EFVL", "personality_system_id": 8, "personality_type": "EFVL", "theCount": 1}, {"myValue": "LVFE", "personality_system_id": 8, "personality_type": "LVFE", "theCount": 1}, {"myValue": "VLEF", "personality_system_id": 8, "personality_type": "VLEF", "theCount": 1}], "9": [{"myValue": "RLOEN", "personality_system_id": 9, "personality_type": "RLOEN", "theCount": 9}, {"myValue": "RCOEN", "personality_system_id": 9, "personality_type": "RCOEN", "theCount": 4}, {"myValue": "SLOEN", "personality_system_id": 9, "personality_type": "SLOEN", "theCount": 4}, {"myValue": "RCUEN", "personality_system_id": 9, "personality_type": "RCUEN", "theCount": 3}, {"myValue": "RCOEI", "personality_system_id": 9, "personality_type": "RCOEI", "theCount": 1}, {"myValue": "RLOAI", "personality_system_id": 9, "personality_type": "RLOAI", "theCount": 1}, {"myValue": "RLOEI", "personality_system_id": 9, "personality_type": "RLOEI", "theCount": 1}]}, "breakdown_config": {"expand": {"1": 3, "11": 1, "2": 3, "3": 1, "4": 1, "5": 2, "6": 1, "7": 2, "8": 1, "9": 1}, "fire": {"1": 0, "11": 0, "2": 0, "3": 0, "4": 0, "5": 1, "6": 0, "7": 1, "8": 0, "9": 0}}, "mbti_letter_stats": [{"type": "I", "percentage": "91%", "PercentageFloat": 0.90625}, {"type": "S", "percentage": "78%", "PercentageFloat": 0.78125}, {"type": "T", "percentage": "98%", "PercentageFloat": 0.9765625}, {"type": "P", "percentage": "85%", "PercentageFloat": 0.8515625}], "topic_info": {"can_generate": false, "topic": {"description": "", "follow_count": 1, "id": 9856, "is_following": false, "is_join_pending": false, "is_banned": false, "is_moderated": false, "name_readable": "Kevin Khatchadourian", "post_count": 2, "source_profile_id": 10554, "source_type": "profile", "join_to_post": false, "can_pin": false, "related_topics": [{"description": "", "follow_count": 1, "id": 9856, "is_following": false, "is_join_pending": false, "is_banned": false, "is_moderated": false, "name_readable": "Kevin Khatchadourian", "post_count": 2, "source_profile_id": 10554, "source_type": "profile", "image": {"picURL": "https://static1.personality-database.com/profile_images/135b481a8a984adc973e0cbeec0e80dc.png"}, "join_to_post": false, "can_pin": false}, {"description": "", "follow_count": 1, "id": 9855, "is_following": false, "is_join_pending": false, "is_banned": false, "is_moderated": false, "name_readable": "Eva Khatchadourian", "post_count": 0, "source_profile_id": 10553, "source_type": "profile", "image": {"picURL": "https://static1.personality-database.com/profile_images/100b4932f619414c9ac54440b387a61c.png"}, "join_to_post": false, "can_pin": false}, {"description": "", "follow_count": 0, "id": 9857, "is_following": false, "is_join_pending": false, "is_banned": false, "is_moderated": false, "name_readable": "Franklin Plaskett", "post_count": 0, "source_profile_id": 10555, "source_type": "profile", "image": {"picURL": "https://static1.personality-database.com/profile_images/c58fae71a5a24449bb20471ba3dd2a3e.png"}, "join_to_post": false, "can_pin": false}, {"description": "", "follow_count": 0, "id": 9995, "is_following": false, "is_join_pending": false, "is_banned": false, "is_moderated": false, "name_readable": "Celia Khatchadourian", "post_count": 0, "source_profile_id": 10696, "source_type": "profile", "image": {"picURL": "https://static1.personality-database.com/profile_images/5710e03672874ebf9daaeef4047527bb.png"}, "join_to_post": false, "can_pin": false}, {"description": "", "follow_count": 0, "id": 176616, "is_following": false, "is_join_pending": false, "is_banned": false, "is_moderated": false, "name_readable": "Mary Woolford", "post_count": 0, "source_profile_id": 228596, "source_type": "profile", "image": {"picURL": "https://www.personality-database.com/images/profile_transparent.png"}, "join_to_post": false, "can_pin": false}, {"description": "", "follow_count": 0, "id": 176617, "is_following": false, "is_join_pending": false, "is_banned": false, "is_moderated": false, "name_readable": "Vicki Pagorski", "post_count": 0, "source_profile_id": 228597, "source_type": "profile", "image": {"picURL": "https://www.personality-database.com/images/profile_transparent.png"}, "join_to_post": false, "can_pin": false}, {"description": "", "follow_count": 0, "id": 176618, "is_following": false, "is_join_pending": false, "is_banned": false, "is_moderated": false, "name_readable": "Leonard \"Lenny\" Pugh", "post_count": 0, "source_profile_id": 228598, "source_type": "profile", "image": {"picURL": "https://www.personality-database.com/images/profile_transparent.png"}, "join_to_post": false, "can_pin": false}, {"description": "", "follow_count": 0, "id": 176619, "is_following": false, "is_join_pending": false, "is_banned": false, "is_moderated": false, "name_readable": "Harvey Landsdown", "post_count": 0, "source_profile_id": 228599, "source_type": "profile", "image": {"picURL": "https://www.personality-database.com/images/profile_transparent.png"}, "join_to_post": false, "can_pin": false}, {"description": "", "follow_count": 0, "id": 176620, "is_following": false, "is_join_pending": false, "is_banned": false, "is_moderated": false, "name_readable": "Siobhan", "post_count": 0, "source_profile_id": 228601, "source_type": "profile", "image": {"picURL": "https://www.personality-database.com/images/profile_transparent.png"}, "join_to_post": false, "can_pin": false}, {"description": "", "follow_count": 0, "id": 176621, "is_following": false, "is_join_pending": false, "is_banned": false, "is_moderated": false, "name_readable": "Loretta Greenleaf", "post_count": 0, "source_profile_id": 228602, "source_type": "profile", "image": {"picURL": "https://www.personality-database.com/images/profile_transparent.png"}, "join_to_post": false, "can_pin": false}], "subcategory": "We Need to Talk about Kevin", "topic_image_url": "https://static1.personality-database.com/profile_images/135b481a8a984adc973e0cbeec0e80dc.png", "source_location": {"cid": 12, "pid": 2, "sub_cat_id": 1410}, "can_post_image": false, "can_post_audio": false, "posts": {"posts": [{"username": "Ilovedarkchocolate", "user_pic_path": "https://lh3.googleusercontent.com/a-/AOh14Gh6lsFR0IpqQkfAZE_Povse2Bbio24JXCbqvJTiXw=s96-c", "user_personality_type": "638", "is_mod": false, "comment_count": 1, "reply_count": 1, "vote_type": 0, "topics_list": [{"id": 9856, "name_readable": "Kevin Khatchadourian"}], "id": 962519, "post_id": 962519, "user_id": 619306, "title": "", "content": "ezra miller documentary", "create_date": 1657216471000, "unix_timestamp": 1657216471000, "update_date": 1657216471000, "vote_count": 9, "vote_count_down": 0, "is_reported": 0, "is_hidden": false, "is_pinned": false, "is_watching": false, "is_pro_user": false, "images": null, "audios": null, "function_list": [], "type": "post"}, {"username": "saoirseronanstan", "user_pic_path": "https://lh3.googleusercontent.com/a/AATXAJxym1EoGUMuww6Ym_6giMTjutAibM3UF86o5zSenQ=s96-c", "user_personality_type": "ENTJ-8w7", "is_mod": false, "comment_count": 2, "reply_count": 2, "vote_type": 0, "topics_list": [{"id": 9856, "name_readable": "Kevin Khatchadourian"}], "id": 498825, "post_id": 498825, "user_id": 484842, "title": "", "content": "(deleted)", "create_date": 1646657354000, "unix_timestamp": 1646657354000, "update_date": 1646657354000, "vote_count": 2, "vote_count_down": 0, "is_reported": 1, "is_hidden": true, "is_pinned": false, "is_watching": false, "is_pro_user": false, "images": null, "audios": null, "function_list": [], "type": "post"}]}}}}