{"id": 10556, "mbti_profile": "Dorian Gray", "profile_name_searchable": "doriangray", "allow_commenting": true, "allow_voting": true, "user_id": 3261, "contributor": "Jachn", "contributor_create_date": "2018-03-09 21:10:06", "contributor_pic_path": "https://lh5.googleusercontent.com/-7BVlTf580JM/AAAAAAAAAAI/AAAAAAAAFpA/fhDHaMjGnqM/s96-c/photo.jpg", "display_order": 1000, "edit_lock": 0, "edit_lock_picture": 0, "is_active": true, "is_approved": true, "mbti_enneagram_type": "ESFP 3w4", "mbti_type": "ESFP 3w4", "pdb_comment_access": true, "pdb_page_owner": 0, "pdb_public_access": true, "wiki_description": "some twink in a painting.", "watch_count": 307, "comment_count": 99, "vote_count": 334, "vote_count_enneagram": 203, "vote_count_mbti": 334, "total_vote_counts": 790, "personality_type": "ESFP - 3w4 - sx/so - 379 - EIE - SLUEI - FEVL - Phlegmatic-Melancholic - ES(F)", "type_updated_date": "2023-01-03 18:50:58", "enneagram_vote": "", "enneagram_vote_id": 0, "mbti_vote": "", "mbti_vote_id": 0, "is_watching": false, "image_exists": false, "profile_image_url": "https://static1.personality-database.com/profile_images/8f776f62c15340ea93828a59b741c3b6.png", "profile_image_credit": "", "profile_image_credit_id": 0, "profile_image_credit_type": "0", "profile_image_credit_url": "", "alt_subcategory": "", "related_subcategories": "", "cat_id": 12, "category": "Literature", "category_is_fictional": true, "sub_cat_id": 1411, "subcategory": "The Picture of Dorian Gray (1890)", "subcat_link_info": {"sub_cat_id": 1411, "cat_id": 12, "property_id": 2, "subcategory": "The Picture of Dorian Gray (1890)"}, "related_subcat_link_info": null, "related_profiles": [{"id": 10557, "mbti_profile": "Lord Henry \"Harry\" Wotton", "subcategory": "The Picture of Dorian Gray (1890)", "profile_image_url": "https://static1.personality-database.com/profile_images/34db7b627c3a4ea4a15b8924cb4c00ef.png", "profile_name": "Lord Henry \"Harry\" Wotton", "profile_subcat": "The Picture of Dorian Gray (1890)", "sub_cat_id": 1411, "cat_id": 12, "property_id": 2, "mbti": "ENTP", "enneatype": "7w8"}, {"id": 10558, "mbti_profile": "Basil Hallward", "subcategory": "The Picture of Dorian Gray (1890)", "profile_image_url": "https://static1.personality-database.com/profile_images/052c82d4d46e401789709adbc6f8dfec.png", "profile_name": "Basil Hallward", "profile_subcat": "The Picture of Dorian Gray (1890)", "sub_cat_id": 1411, "cat_id": 12, "property_id": 2, "mbti": "INFP", "enneatype": "4w5"}, {"id": 10559, "mbti_profile": "Sibyl Vane", "subcategory": "The Picture of Dorian Gray (1890)", "profile_image_url": "https://static1.personality-database.com/profile_images/025cbf4a88184ee78ebc8e88e467370b.png", "profile_name": "Sibyl Vane", "profile_subcat": "The Picture of Dorian Gray (1890)", "sub_cat_id": 1411, "cat_id": 12, "property_id": 2, "mbti": "INFP", "enneatype": "9w1"}, {"id": 64682, "mbti_profile": "James \u201cJim\u201d Vane", "subcategory": "The Picture of Dorian Gray (1890)", "profile_image_url": "", "profile_name": "James \u201cJim\u201d Vane", "profile_subcat": "The Picture of Dorian Gray (1890)", "sub_cat_id": 1411, "cat_id": 12, "property_id": 2, "mbti": "ISTP", "enneatype": "8w9"}, {"id": 262042, "mbti_profile": "Alan Campbell", "subcategory": "The Picture of Dorian Gray (1890)", "profile_image_url": "", "profile_name": "Alan Campbell", "profile_subcat": "The Picture of Dorian Gray (1890)", "sub_cat_id": 1411, "cat_id": 12, "property_id": 2, "mbti": "INTP", "enneatype": "5w6"}, {"id": 530009, "mbti_profile": "Duchess of Monmouth \u00abGladys\u00bb", "subcategory": "The Picture of Dorian Gray (1890)", "profile_image_url": "", "profile_name": "Duchess of Monmouth \u00abGladys\u00bb", "profile_subcat": "The Picture of Dorian Gray (1890)", "sub_cat_id": 1411, "cat_id": 12, "property_id": 2, "mbti": "INTJ", "enneatype": "1w9"}, {"id": 543370, "mbti_profile": "Mrs. Vane", "subcategory": "The Picture of Dorian Gray (1890)", "profile_image_url": "", "profile_name": "Mrs. Vane", "profile_subcat": "The Picture of Dorian Gray (1890)", "sub_cat_id": 1411, "cat_id": 12, "property_id": 2, "mbti": "", "enneatype": ""}, {"id": 543374, "mbti_profile": "Lady Agatha", "subcategory": "The Picture of Dorian Gray (1890)", "profile_image_url": "", "profile_name": "Lady Agatha", "profile_subcat": "The Picture of Dorian Gray (1890)", "sub_cat_id": 1411, "cat_id": 12, "property_id": 2, "mbti": "ESFP", "enneatype": ""}], "functions": ["Se", "Fi", "Te", "Ni"], "systems": [{"hex_color": "#888888", "id": 1, "personality_type": "XXXX", "personality_type_id": 0, "system_name": "Four Letter", "system_vote_count": 324, "user_vote_type_id": 0, "vote_id": 0}, {"hex_color": "#006775", "id": 2, "personality_type": "XXXX", "personality_type_id": 0, "system_name": "Enneagram", "system_vote_count": 198, "user_vote_type_id": 0, "vote_id": 0}, {"hex_color": "#006775", "id": 5, "personality_type": "XXXX", "personality_type_id": 0, "system_name": "Instinctual Variant", "system_vote_count": 95, "user_vote_type_id": 0, "vote_id": 0}, {"hex_color": "#006775", "id": 6, "personality_type": "XXXX", "personality_type_id": 0, "system_name": "Tritype", "system_vote_count": 52, "user_vote_type_id": 0, "vote_id": 0}, {"hex_color": "#888888", "id": 3, "personality_type": "XXXX", "personality_type_id": 0, "system_name": "Socionics", "system_vote_count": 25, "user_vote_type_id": 0, "vote_id": 0}, {"hex_color": "#888888", "id": 9, "personality_type": "XXXX", "personality_type_id": 0, "system_name": "Big 5 (SLOAN)", "system_vote_count": 28, "user_vote_type_id": 0, "vote_id": 0}, {"hex_color": "#888888", "id": 8, "personality_type": "XXXX", "personality_type_id": 0, "system_name": "Attitudinal Psyche", "system_vote_count": 18, "user_vote_type_id": 0, "vote_id": 0}, {"hex_color": "#888888", "id": 7, "personality_type": "XXXX", "personality_type_id": 0, "system_name": "Temperaments", "system_vote_count": 32, "user_vote_type_id": 0, "vote_id": 0}, {"hex_color": "#888888", "id": 11, "personality_type": "XXXX", "personality_type_id": 0, "system_name": "Classic Jungian", "system_vote_count": 8, "user_vote_type_id": 0, "vote_id": 0}], "breakdown_systems": {"1": [{"myValue": "ESFP", "personality_system_id": 1, "personality_type": "ESFP", "theCount": 207}, {"myValue": "ENFJ", "personality_system_id": 1, "personality_type": "ENFJ", "theCount": 55}, {"myValue": "ISFP", "personality_system_id": 1, "personality_type": "ISFP", "theCount": 28}, {"myValue": "ENFP", "personality_system_id": 1, "personality_type": "ENFP", "theCount": 13}, {"myValue": "ESTP", "personality_system_id": 1, "personality_type": "ESTP", "theCount": 9}, {"myValue": "INFP", "personality_system_id": 1, "personality_type": "INFP", "theCount": 4}, {"myValue": "ESFJ", "personality_system_id": 1, "personality_type": "ESFJ", "theCount": 3}, {"myValue": "INTJ", "personality_system_id": 1, "personality_type": "INTJ", "theCount": 2}, {"myValue": "ENTJ", "personality_system_id": 1, "personality_type": "ENTJ", "theCount": 1}, {"myValue": "ENTP", "personality_system_id": 1, "personality_type": "ENTP", "theCount": 1}, {"myValue": "INFJ", "personality_system_id": 1, "personality_type": "INFJ", "theCount": 1}], "11": [{"myValue": "ES(F)", "personality_system_id": 11, "personality_type": "ES(F)", "theCount": 5}, {"myValue": "EF(S)", "personality_system_id": 11, "personality_type": "EF(S)", "theCount": 3}], "2": [{"myValue": "3w4", "personality_system_id": 2, "personality_type": "3w4", "theCount": 142}, {"myValue": "3w2", "personality_system_id": 2, "personality_type": "3w2", "theCount": 15}, {"myValue": "7w6", "personality_system_id": 2, "personality_type": "7w6", "theCount": 14}, {"myValue": "4w3", "personality_system_id": 2, "personality_type": "4w3", "theCount": 10}, {"myValue": "2w3", "personality_system_id": 2, "personality_type": "2w3", "theCount": 8}, {"myValue": "7w8", "personality_system_id": 2, "personality_type": "7w8", "theCount": 8}, {"myValue": "4w5", "personality_system_id": 2, "personality_type": "4w5", "theCount": 1}], "3": [{"myValue": "EIE", "personality_system_id": 3, "personality_type": "EIE", "theCount": 17}, {"myValue": "SEE", "personality_system_id": 3, "personality_type": "SEE", "theCount": 2}, {"myValue": "SEI", "personality_system_id": 3, "personality_type": "SEI", "theCount": 2}, {"myValue": "ESE", "personality_system_id": 3, "personality_type": "ESE", "theCount": 1}, {"myValue": "IEE", "personality_system_id": 3, "personality_type": "IEE", "theCount": 1}, {"myValue": "IEI", "personality_system_id": 3, "personality_type": "IEI", "theCount": 1}, {"myValue": "ILE", "personality_system_id": 3, "personality_type": "ILE", "theCount": 1}], "4": [{"myValue": "Chaotic Neutral", "personality_system_id": 4, "personality_type": "Chaotic Neutral", "theCount": 9}, {"myValue": "Neutral Evil", "personality_system_id": 4, "personality_type": "Neutral Evil", "theCount": 1}], "5": [{"myValue": "sx/so", "personality_system_id": 5, "personality_type": "sx/so", "theCount": 46}, {"myValue": "so/sx", "personality_system_id": 5, "personality_type": "so/sx", "theCount": 32}, {"myValue": "sx/sp", "personality_system_id": 5, "personality_type": "sx/sp", "theCount": 14}, {"myValue": "sp/so", "personality_system_id": 5, "personality_type": "sp/so", "theCount": 2}, {"myValue": "sp/sx", "personality_system_id": 5, "personality_type": "sp/sx", "theCount": 1}], "6": [{"myValue": "379", "personality_system_id": 6, "personality_type": "379", "theCount": 29}, {"myValue": "378", "personality_system_id": 6, "personality_type": "378", "theCount": 5}, {"myValue": "739", "personality_system_id": 6, "personality_type": "739", "theCount": 4}, {"myValue": "279", "personality_system_id": 6, "personality_type": "279", "theCount": 3}, {"myValue": "479", "personality_system_id": 6, "personality_type": "479", "theCount": 3}, {"myValue": "738", "personality_system_id": 6, "personality_type": "738", "theCount": 3}, {"myValue": "397", "personality_system_id": 6, "personality_type": "397", "theCount": 2}, {"myValue": "386", "personality_system_id": 6, "personality_type": "386", "theCount": 1}, {"myValue": "458", "personality_system_id": 6, "personality_type": "458", "theCount": 1}, {"myValue": "748", "personality_system_id": 6, "personality_type": "748", "theCount": 1}], "7": [{"myValue": "Phlegmatic-Melancholic", "personality_system_id": 7, "personality_type": "Phlegmatic-Melancholic", "theCount": 18}, {"myValue": "Sanguine-Melancholic", "personality_system_id": 7, "personality_type": "Sanguine-Melancholic", "theCount": 6}, {"myValue": "Melancholic-Phlegmatic", "personality_system_id": 7, "personality_type": "Melancholic-Phlegmatic", "theCount": 2}, {"myValue": "Melancholic [Dominant]", "personality_system_id": 7, "personality_type": "Melancholic [Dominant]", "theCount": 1}, {"myValue": "Melancholic-Choleric", "personality_system_id": 7, "personality_type": "Melancholic-Choleric", "theCount": 1}, {"myValue": "Melancholic-Sanguine", "personality_system_id": 7, "personality_type": "Melancholic-Sanguine", "theCount": 1}, {"myValue": "Phlegmatic [Dominant]", "personality_system_id": 7, "personality_type": "Phlegmatic [Dominant]", "theCount": 1}, {"myValue": "Phlegmatic-Sanguine", "personality_system_id": 7, "personality_type": "Phlegmatic-Sanguine", "theCount": 1}, {"myValue": "Sanguine-Choleric", "personality_system_id": 7, "personality_type": "Sanguine-Choleric", "theCount": 1}], "8": [{"myValue": "FEVL", "personality_system_id": 8, "personality_type": "FEVL", "theCount": 10}, {"myValue": "FVEL", "personality_system_id": 8, "personality_type": "FVEL", "theCount": 4}, {"myValue": "EFVL", "personality_system_id": 8, "personality_type": "EFVL", "theCount": 2}, {"myValue": "FELV", "personality_system_id": 8, "personality_type": "FELV", "theCount": 1}, {"myValue": "VEFL", "personality_system_id": 8, "personality_type": "VEFL", "theCount": 1}], "9": [{"myValue": "SLUEI", "personality_system_id": 9, "personality_type": "SLUEI", "theCount": 13}, {"myValue": "SCOEI", "personality_system_id": 9, "personality_type": "SCOEI", "theCount": 4}, {"myValue": "SLOEI", "personality_system_id": 9, "personality_type": "SLOEI", "theCount": 3}, {"myValue": "RLOEI", "personality_system_id": 9, "personality_type": "RLOEI", "theCount": 2}, {"myValue": "SLUEN", "personality_system_id": 9, "personality_type": "SLUEN", "theCount": 2}, {"myValue": "RLUEI", "personality_system_id": 9, "personality_type": "RLUEI", "theCount": 1}, {"myValue": "SCUEI", "personality_system_id": 9, "personality_type": "SCUEI", "theCount": 1}, {"myValue": "SLOEN", "personality_system_id": 9, "personality_type": "SLOEN", "theCount": 1}, {"myValue": "SLUAI", "personality_system_id": 9, "personality_type": "SLUAI", "theCount": 1}]}, "breakdown_config": {"expand": {"1": 3, "11": 1, "2": 3, "3": 1, "4": 1, "5": 2, "6": 1, "7": 1, "8": 1, "9": 1}, "fire": {"1": 0, "11": 0, "2": 0, "3": 0, "4": 0, "5": 1, "6": 0, "7": 0, "8": 0, "9": 0}}, "mbti_letter_stats": [{"type": "E", "percentage": "89%", "PercentageFloat": 0.8919753086419753}, {"type": "S", "percentage": "76%", "PercentageFloat": 0.7623456790123457}, {"type": "F", "percentage": "96%", "PercentageFloat": 0.9598765432098766}, {"type": "P", "percentage": "81%", "PercentageFloat": 0.808641975308642}], "topic_info": {"can_generate": false, "topic": {"description": "", "follow_count": 0, "id": 9858, "is_following": false, "is_join_pending": false, "is_banned": false, "is_moderated": false, "name_readable": "Dorian Gray", "post_count": 5, "source_profile_id": 10556, "source_type": "profile", "join_to_post": false, "can_pin": false, "related_topics": [{"description": "", "follow_count": 0, "id": 9859, "is_following": false, "is_join_pending": false, "is_banned": false, "is_moderated": false, "name_readable": "Lord Henry \"Harry\" Wotton", "post_count": 7, "source_profile_id": 10557, "source_type": "profile", "image": {"picURL": "https://static1.personality-database.com/profile_images/34db7b627c3a4ea4a15b8924cb4c00ef.png"}, "join_to_post": false, "can_pin": false}, {"description": "", "follow_count": 0, "id": 9858, "is_following": false, "is_join_pending": false, "is_banned": false, "is_moderated": false, "name_readable": "Dorian Gray", "post_count": 5, "source_profile_id": 10556, "source_type": "profile", "image": {"picURL": "https://static1.personality-database.com/profile_images/8f776f62c15340ea93828a59b741c3b6.png"}, "join_to_post": false, "can_pin": false}, {"description": "", "follow_count": 0, "id": 9861, "is_following": false, "is_join_pending": false, "is_banned": false, "is_moderated": false, "name_readable": "Sibyl Vane", "post_count": 1, "source_profile_id": 10559, "source_type": "profile", "image": {"picURL": "https://static1.personality-database.com/profile_images/025cbf4a88184ee78ebc8e88e467370b.png"}, "join_to_post": false, "can_pin": false}, {"description": "", "follow_count": 0, "id": 9860, "is_following": false, "is_join_pending": false, "is_banned": false, "is_moderated": false, "name_readable": "Basil Hallward", "post_count": 0, "source_profile_id": 10558, "source_type": "profile", "image": {"picURL": "https://static1.personality-database.com/profile_images/052c82d4d46e401789709adbc6f8dfec.png"}, "join_to_post": false, "can_pin": false}, {"description": "", "follow_count": 0, "id": 53898, "is_following": false, "is_join_pending": false, "is_banned": false, "is_moderated": false, "name_readable": "James Vane", "post_count": 0, "source_profile_id": 64682, "source_type": "profile", "image": {"picURL": "https://www.personality-database.com/images/profile_transparent.png"}, "join_to_post": false, "can_pin": false}, {"description": "", "follow_count": 0, "id": 202154, "is_following": false, "is_join_pending": false, "is_banned": false, "is_moderated": false, "name_readable": "Alan Campbell", "post_count": 0, "source_profile_id": 262042, "source_type": "profile", "image": {"picURL": "https://www.personality-database.com/images/profile_transparent.png"}, "join_to_post": false, "can_pin": false}], "subcategory": "The Picture of Dorian Gray (1890)", "topic_image_url": "https://static1.personality-database.com/profile_images/8f776f62c15340ea93828a59b741c3b6.png", "source_location": {"cid": 12, "pid": 2, "sub_cat_id": 1411}, "can_post_image": false, "can_post_audio": false, "posts": {"posts": [{"username": "Blizzard", "user_pic_path": "https://static1.personality-database.com/user_avatars/230697/28bc4623-33e0-4ad8-9f11-7efad5eef185_small.jpeg", "user_personality_type": "ENFJ-792", "is_mod": false, "comment_count": 0, "reply_count": 0, "vote_type": 0, "topics_list": [{"id": 9858, "name_readable": "Dorian Gray"}], "id": 1944078, "post_id": 1944078, "user_id": 230697, "title": "", "content": "I can see the basic idea of him being sx3 \nI think at face value he fits it\n\nbut through all his moments of stress \nthe e7 defence mechanism is so obvious with him", "create_date": 1671109613000, "unix_timestamp": 1671109613000, "update_date": 1671109613000, "vote_count": 0, "vote_count_down": 0, "is_reported": 0, "is_hidden": false, "is_pinned": false, "is_watching": false, "is_pro_user": false, "images": null, "audios": null, "function_list": [], "type": "post"}, {"username": "lawrencedreams", "user_pic_path": "https://lh3.googleusercontent.com/a-/AOh14Ggn_OKcPVyrzRtBQJe6X2YS8YlsIOKBjKEALuWJsA=s96-c", "user_personality_type": "ISFP-4w5-459", "is_mod": false, "comment_count": 5, "reply_count": 5, "vote_type": 0, "topics_list": [{"id": 9858, "name_readable": "Dorian Gray"}], "id": 2065100, "post_id": 2065100, "user_id": 262144, "title": "", "content": "The quintessential 3w4.\nNot sure if ENTJ or ESFP tho", "create_date": 1668549502000, "unix_timestamp": 1668549502000, "update_date": 1668549502000, "vote_count": 0, "vote_count_down": 0, "is_reported": 1, "is_hidden": false, "is_pinned": false, "is_watching": false, "is_pro_user": false, "images": null, "audios": null, "function_list": [], "type": "post"}, {"username": "dorytoskunk", "user_pic_path": "https://lh3.googleusercontent.com/a-/AOh14GjCiX04Vl2BK04JXDpmEsbYjee94Co1kTv_uCuxeBk=s96-c", "user_personality_type": "INFP-5w4-945", "is_mod": false, "comment_count": 0, "reply_count": 0, "vote_type": 0, "topics_list": [{"id": 9858, "name_readable": "Dorian Gray"}], "id": 1683401, "post_id": 1683401, "user_id": 318313, "title": "", "content": "The character description LMAO", "create_date": 1667733203000, "unix_timestamp": 1667733203000, "update_date": 1667733203000, "vote_count": 9, "vote_count_down": 0, "is_reported": 0, "is_hidden": false, "is_pinned": false, "is_watching": false, "is_pro_user": false, "images": null, "audios": null, "function_list": [], "type": "post"}]}}}}