{"id": 10558, "mbti_profile": "Basil Hallward", "profile_name_searchable": "basilhallward", "allow_commenting": true, "allow_voting": true, "user_id": 3261, "contributor": "Jachn", "contributor_create_date": "2018-03-09 21:10:06", "contributor_pic_path": "https://lh5.googleusercontent.com/-7BVlTf580JM/AAAAAAAAAAI/AAAAAAAAFpA/fhDHaMjGnqM/s96-c/photo.jpg", "display_order": 990, "edit_lock": 0, "edit_lock_picture": 0, "is_active": true, "is_approved": true, "mbti_enneagram_type": "INFP 4w5", "mbti_type": "INFP 4w5", "pdb_comment_access": true, "pdb_page_owner": 0, "pdb_public_access": true, "wiki_description": "basil for president", "watch_count": 237, "comment_count": 16, "vote_count": 171, "vote_count_enneagram": 97, "vote_count_mbti": 171, "total_vote_counts": 372, "personality_type": "INFP - 4w5 - sp/sx - 469 - IEI - RLUAI - ELFV - Melancholic-Phlegmatic - IN(F)", "type_updated_date": "2022-11-19 13:37:59", "enneagram_vote": "", "enneagram_vote_id": 0, "mbti_vote": "", "mbti_vote_id": 0, "is_watching": false, "image_exists": false, "profile_image_url": "https://static1.personality-database.com/profile_images/052c82d4d46e401789709adbc6f8dfec.png", "profile_image_credit": "", "profile_image_credit_id": 0, "profile_image_credit_type": "0", "profile_image_credit_url": "", "alt_subcategory": "", "related_subcategories": "", "cat_id": 12, "category": "Literature", "category_is_fictional": true, "sub_cat_id": 1411, "subcategory": "The Picture of Dorian Gray (1890)", "subcat_link_info": {"sub_cat_id": 1411, "cat_id": 12, "property_id": 2, "subcategory": "The Picture of Dorian Gray (1890)"}, "related_subcat_link_info": null, "related_profiles": [{"id": 10556, "mbti_profile": "Dorian Gray", "subcategory": "The Picture of Dorian Gray (1890)", "profile_image_url": "https://static1.personality-database.com/profile_images/8f776f62c15340ea93828a59b741c3b6.png", "profile_name": "Dorian Gray", "profile_subcat": "The Picture of Dorian Gray (1890)", "sub_cat_id": 1411, "cat_id": 12, "property_id": 2, "mbti": "ESFP", "enneatype": "3w4"}, {"id": 10557, "mbti_profile": "Lord Henry \"Harry\" Wotton", "subcategory": "The Picture of Dorian Gray (1890)", "profile_image_url": "https://static1.personality-database.com/profile_images/34db7b627c3a4ea4a15b8924cb4c00ef.png", "profile_name": "Lord Henry \"Harry\" Wotton", "profile_subcat": "The Picture of Dorian Gray (1890)", "sub_cat_id": 1411, "cat_id": 12, "property_id": 2, "mbti": "ENTP", "enneatype": "7w8"}, {"id": 10559, "mbti_profile": "Sibyl Vane", "subcategory": "The Picture of Dorian Gray (1890)", "profile_image_url": "https://static1.personality-database.com/profile_images/025cbf4a88184ee78ebc8e88e467370b.png", "profile_name": "Sibyl Vane", "profile_subcat": "The Picture of Dorian Gray (1890)", "sub_cat_id": 1411, "cat_id": 12, "property_id": 2, "mbti": "INFP", "enneatype": "9w1"}, {"id": 64682, "mbti_profile": "James \u201cJim\u201d Vane", "subcategory": "The Picture of Dorian Gray (1890)", "profile_image_url": "", "profile_name": "James \u201cJim\u201d Vane", "profile_subcat": "The Picture of Dorian Gray (1890)", "sub_cat_id": 1411, "cat_id": 12, "property_id": 2, "mbti": "ISTP", "enneatype": "8w9"}, {"id": 262042, "mbti_profile": "Alan Campbell", "subcategory": "The Picture of Dorian Gray (1890)", "profile_image_url": "", "profile_name": "Alan Campbell", "profile_subcat": "The Picture of Dorian Gray (1890)", "sub_cat_id": 1411, "cat_id": 12, "property_id": 2, "mbti": "INTP", "enneatype": "5w6"}, {"id": 530009, "mbti_profile": "Duchess of Monmouth \u00abGladys\u00bb", "subcategory": "The Picture of Dorian Gray (1890)", "profile_image_url": "", "profile_name": "Duchess of Monmouth \u00abGladys\u00bb", "profile_subcat": "The Picture of Dorian Gray (1890)", "sub_cat_id": 1411, "cat_id": 12, "property_id": 2, "mbti": "INTJ", "enneatype": "1w9"}, {"id": 543370, "mbti_profile": "Mrs. Vane", "subcategory": "The Picture of Dorian Gray (1890)", "profile_image_url": "", "profile_name": "Mrs. Vane", "profile_subcat": "The Picture of Dorian Gray (1890)", "sub_cat_id": 1411, "cat_id": 12, "property_id": 2, "mbti": "", "enneatype": ""}, {"id": 543374, "mbti_profile": "Lady Agatha", "subcategory": "The Picture of Dorian Gray (1890)", "profile_image_url": "", "profile_name": "Lady Agatha", "profile_subcat": "The Picture of Dorian Gray (1890)", "sub_cat_id": 1411, "cat_id": 12, "property_id": 2, "mbti": "ESFP", "enneatype": ""}], "functions": ["Fi", "Ne", "Si", "Te"], "systems": [{"hex_color": "#888888", "id": 1, "personality_type": "XXXX", "personality_type_id": 0, "system_name": "Four Letter", "system_vote_count": 166, "user_vote_type_id": 0, "vote_id": 0}, {"hex_color": "#006775", "id": 2, "personality_type": "XXXX", "personality_type_id": 0, "system_name": "Enneagram", "system_vote_count": 94, "user_vote_type_id": 0, "vote_id": 0}, {"hex_color": "#006775", "id": 5, "personality_type": "XXXX", "personality_type_id": 0, "system_name": "Instinctual Variant", "system_vote_count": 26, "user_vote_type_id": 0, "vote_id": 0}, {"hex_color": "#006775", "id": 6, "personality_type": "XXXX", "personality_type_id": 0, "system_name": "Tritype", "system_vote_count": 27, "user_vote_type_id": 0, "vote_id": 0}, {"hex_color": "#888888", "id": 3, "personality_type": "XXXX", "personality_type_id": 0, "system_name": "Socionics", "system_vote_count": 14, "user_vote_type_id": 0, "vote_id": 0}, {"hex_color": "#888888", "id": 9, "personality_type": "XXXX", "personality_type_id": 0, "system_name": "Big 5 (SLOAN)", "system_vote_count": 9, "user_vote_type_id": 0, "vote_id": 0}, {"hex_color": "#888888", "id": 8, "personality_type": "XXXX", "personality_type_id": 0, "system_name": "Attitudinal Psyche", "system_vote_count": 6, "user_vote_type_id": 0, "vote_id": 0}, {"hex_color": "#888888", "id": 7, "personality_type": "XXXX", "personality_type_id": 0, "system_name": "Temperaments", "system_vote_count": 21, "user_vote_type_id": 0, "vote_id": 0}, {"hex_color": "#888888", "id": 11, "personality_type": "XXXX", "personality_type_id": 0, "system_name": "Classic Jungian", "system_vote_count": 3, "user_vote_type_id": 0, "vote_id": 0}], "breakdown_systems": {"1": [{"myValue": "INFP", "personality_system_id": 1, "personality_type": "INFP", "theCount": 137}, {"myValue": "INFJ", "personality_system_id": 1, "personality_type": "INFJ", "theCount": 17}, {"myValue": "ISFP", "personality_system_id": 1, "personality_type": "ISFP", "theCount": 7}, {"myValue": "INTP", "personality_system_id": 1, "personality_type": "INTP", "theCount": 2}, {"myValue": "ISFJ", "personality_system_id": 1, "personality_type": "ISFJ", "theCount": 2}, {"myValue": "INTJ", "personality_system_id": 1, "personality_type": "INTJ", "theCount": 1}], "11": [{"myValue": "IN(F)", "personality_system_id": 11, "personality_type": "IN(F)", "theCount": 3}], "2": [{"myValue": "4w5", "personality_system_id": 2, "personality_type": "4w5", "theCount": 78}, {"myValue": "9w1", "personality_system_id": 2, "personality_type": "9w1", "theCount": 8}, {"myValue": "5w4", "personality_system_id": 2, "personality_type": "5w4", "theCount": 3}, {"myValue": "1w9", "personality_system_id": 2, "personality_type": "1w9", "theCount": 1}, {"myValue": "2w1", "personality_system_id": 2, "personality_type": "2w1", "theCount": 1}, {"myValue": "2w3", "personality_system_id": 2, "personality_type": "2w3", "theCount": 1}, {"myValue": "5w6", "personality_system_id": 2, "personality_type": "5w6", "theCount": 1}, {"myValue": "6w5", "personality_system_id": 2, "personality_type": "6w5", "theCount": 1}], "3": [{"myValue": "IEI", "personality_system_id": 3, "personality_type": "IEI", "theCount": 11}, {"myValue": "EII", "personality_system_id": 3, "personality_type": "EII", "theCount": 2}, {"myValue": "ILI", "personality_system_id": 3, "personality_type": "ILI", "theCount": 1}], "4": [{"myValue": "Lawful Good", "personality_system_id": 4, "personality_type": "Lawful Good", "theCount": 6}], "5": [{"myValue": "sp/sx", "personality_system_id": 5, "personality_type": "sp/sx", "theCount": 19}, {"myValue": "sx/so", "personality_system_id": 5, "personality_type": "sx/so", "theCount": 3}, {"myValue": "so/sp", "personality_system_id": 5, "personality_type": "so/sp", "theCount": 2}, {"myValue": "sp/so", "personality_system_id": 5, "personality_type": "sp/so", "theCount": 1}, {"myValue": "sx/sp", "personality_system_id": 5, "personality_type": "sx/sp", "theCount": 1}], "6": [{"myValue": "469", "personality_system_id": 6, "personality_type": "469", "theCount": 18}, {"myValue": "496", "personality_system_id": 6, "personality_type": "496", "theCount": 2}, {"myValue": "549", "personality_system_id": 6, "personality_type": "549", "theCount": 2}, {"myValue": "146", "personality_system_id": 6, "personality_type": "146", "theCount": 1}, {"myValue": "459", "personality_system_id": 6, "personality_type": "459", "theCount": 1}, {"myValue": "495", "personality_system_id": 6, "personality_type": "495", "theCount": 1}, {"myValue": "548", "personality_system_id": 6, "personality_type": "548", "theCount": 1}, {"myValue": "946", "personality_system_id": 6, "personality_type": "946", "theCount": 1}], "7": [{"myValue": "Melancholic-Phlegmatic", "personality_system_id": 7, "personality_type": "Melancholic-Phlegmatic", "theCount": 17}, {"myValue": "Phlegmatic-Melancholic", "personality_system_id": 7, "personality_type": "Phlegmatic-Melancholic", "theCount": 2}, {"myValue": "Melancholic [Dominant]", "personality_system_id": 7, "personality_type": "Melancholic [Dominant]", "theCount": 1}, {"myValue": "Phlegmatic [Dominant]", "personality_system_id": 7, "personality_type": "Phlegmatic [Dominant]", "theCount": 1}], "8": [{"myValue": "ELFV", "personality_system_id": 8, "personality_type": "ELFV", "theCount": 2}, {"myValue": "ELVF", "personality_system_id": 8, "personality_type": "ELVF", "theCount": 2}, {"myValue": "LEFV", "personality_system_id": 8, "personality_type": "LEFV", "theCount": 1}, {"myValue": "LVEF", "personality_system_id": 8, "personality_type": "LVEF", "theCount": 1}], "9": [{"myValue": "RLUAI", "personality_system_id": 9, "personality_type": "RLUAI", "theCount": 7}, {"myValue": "RCUAI", "personality_system_id": 9, "personality_type": "RCUAI", "theCount": 1}, {"myValue": "RLOAN", "personality_system_id": 9, "personality_type": "RLOAN", "theCount": 1}]}, "breakdown_config": {"expand": {"1": 3, "11": 1, "2": 3, "3": 1, "4": 1, "5": 1, "6": 1, "7": 1, "8": 1, "9": 1}, "fire": {"1": 0, "11": 0, "2": 0, "3": 0, "4": 0, "5": 0, "6": 0, "7": 0, "8": 0, "9": 0}}, "mbti_letter_stats": [{"type": "I", "percentage": "100%", "PercentageFloat": 1}, {"type": "N", "percentage": "95%", "PercentageFloat": 0.9457831325301205}, {"type": "F", "percentage": "98%", "PercentageFloat": 0.9819277108433735}, {"type": "P", "percentage": "88%", "PercentageFloat": 0.8795180722891566}], "topic_info": {"can_generate": false, "topic": {"description": "", "follow_count": 0, "id": 9860, "is_following": false, "is_join_pending": false, "is_banned": false, "is_moderated": false, "name_readable": "Basil Hallward", "post_count": 0, "source_profile_id": 10558, "source_type": "profile", "join_to_post": false, "can_pin": false, "related_topics": [{"description": "", "follow_count": 0, "id": 9859, "is_following": false, "is_join_pending": false, "is_banned": false, "is_moderated": false, "name_readable": "Lord Henry \"Harry\" Wotton", "post_count": 7, "source_profile_id": 10557, "source_type": "profile", "image": {"picURL": "https://static1.personality-database.com/profile_images/34db7b627c3a4ea4a15b8924cb4c00ef.png"}, "join_to_post": false, "can_pin": false}, {"description": "", "follow_count": 0, "id": 9858, "is_following": false, "is_join_pending": false, "is_banned": false, "is_moderated": false, "name_readable": "Dorian Gray", "post_count": 5, "source_profile_id": 10556, "source_type": "profile", "image": {"picURL": "https://static1.personality-database.com/profile_images/8f776f62c15340ea93828a59b741c3b6.png"}, "join_to_post": false, "can_pin": false}, {"description": "", "follow_count": 0, "id": 9861, "is_following": false, "is_join_pending": false, "is_banned": false, "is_moderated": false, "name_readable": "Sibyl Vane", "post_count": 1, "source_profile_id": 10559, "source_type": "profile", "image": {"picURL": "https://static1.personality-database.com/profile_images/025cbf4a88184ee78ebc8e88e467370b.png"}, "join_to_post": false, "can_pin": false}, {"description": "", "follow_count": 0, "id": 9860, "is_following": false, "is_join_pending": false, "is_banned": false, "is_moderated": false, "name_readable": "Basil Hallward", "post_count": 0, "source_profile_id": 10558, "source_type": "profile", "image": {"picURL": "https://static1.personality-database.com/profile_images/052c82d4d46e401789709adbc6f8dfec.png"}, "join_to_post": false, "can_pin": false}, {"description": "", "follow_count": 0, "id": 53898, "is_following": false, "is_join_pending": false, "is_banned": false, "is_moderated": false, "name_readable": "James Vane", "post_count": 0, "source_profile_id": 64682, "source_type": "profile", "image": {"picURL": "https://www.personality-database.com/images/profile_transparent.png"}, "join_to_post": false, "can_pin": false}, {"description": "", "follow_count": 0, "id": 202154, "is_following": false, "is_join_pending": false, "is_banned": false, "is_moderated": false, "name_readable": "Alan Campbell", "post_count": 0, "source_profile_id": 262042, "source_type": "profile", "image": {"picURL": "https://www.personality-database.com/images/profile_transparent.png"}, "join_to_post": false, "can_pin": false}], "subcategory": "The Picture of Dorian Gray (1890)", "topic_image_url": "https://static1.personality-database.com/profile_images/052c82d4d46e401789709adbc6f8dfec.png", "source_location": {"cid": 12, "pid": 2, "sub_cat_id": 1411}, "can_post_image": false, "can_post_audio": false, "posts": {"posts": []}}}}