{"id": 10575, "mbti_profile": "Juliet Capulet", "profile_name_searchable": "julietcapulet", "allow_commenting": true, "allow_voting": true, "user_id": 3261, "contributor": "Jachn", "contributor_create_date": "2018-03-09 22:47:47", "contributor_pic_path": "https://lh5.googleusercontent.com/-7BVlTf580JM/AAAAAAAAAAI/AAAAAAAAFpA/fhDHaMjGnqM/s96-c/photo.jpg", "display_order": 995, "edit_lock": 0, "edit_lock_picture": 0, "is_active": true, "is_approved": true, "mbti_enneagram_type": "INFP 4w5", "mbti_type": "INFP 4w5", "pdb_comment_access": true, "pdb_page_owner": 0, "pdb_public_access": true, "wiki_description": "", "watch_count": 1303, "comment_count": 82, "vote_count": 443, "vote_count_enneagram": 185, "vote_count_mbti": 443, "total_vote_counts": 831, "personality_type": "INFP - 4w5 - sx/sp - 469 - IEI - RLUAI - ELVF - Phlegmatic-Melancholic - IF(N)", "type_updated_date": "2022-11-15 15:00:38", "enneagram_vote": "", "enneagram_vote_id": 0, "mbti_vote": "", "mbti_vote_id": 0, "is_watching": false, "image_exists": false, "profile_image_url": "https://static1.personality-database.com/profile_images/26fdfc52e7824906a9f73a260319c3c1.png", "profile_image_credit": "", "profile_image_credit_id": 0, "profile_image_credit_type": "0", "profile_image_credit_url": "", "alt_subcategory": "", "related_subcategories": "", "cat_id": 12, "category": "Literature", "category_is_fictional": true, "sub_cat_id": 1416, "subcategory": "Romeo and Juliet", "subcat_link_info": {"sub_cat_id": 1416, "cat_id": 12, "property_id": 2, "subcategory": "Romeo and Juliet"}, "related_subcat_link_info": null, "related_profiles": [{"id": 10574, "mbti_profile": "Romeo Montague", "subcategory": "Romeo and Juliet", "profile_image_url": "https://static1.personality-database.com/profile_images/7f669e4db31a4a60b90b891796f9b615.png", "profile_name": "Romeo Montague", "profile_subcat": "Romeo and Juliet", "sub_cat_id": 1416, "cat_id": 12, "property_id": 2, "mbti": "INFP", "enneatype": "4w3"}, {"id": 16602, "mbti_profile": "Mercutio", "subcategory": "Romeo and Juliet", "profile_image_url": "https://static1.personality-database.com/profile_images/e79bf5c39a2d4edcb57318d1a49ce003.png", "profile_name": "Mercutio", "profile_subcat": "Romeo and Juliet", "sub_cat_id": 1416, "cat_id": 12, "property_id": 2, "mbti": "ENTP", "enneatype": "7w8"}, {"id": 16605, "mbti_profile": "Friar Laurence", "subcategory": "Romeo and Juliet", "profile_image_url": "https://static1.personality-database.com/profile_images/c8b4e505b98e4938ac84e6aa3f38116a.png", "profile_name": "Friar Laurence", "profile_subcat": "Romeo and Juliet", "sub_cat_id": 1416, "cat_id": 12, "property_id": 2, "mbti": "INFJ", "enneatype": "1w9"}, {"id": 16603, "mbti_profile": "Tybalt", "subcategory": "Romeo and Juliet", "profile_image_url": "https://static1.personality-database.com/profile_images/2a4b329d150043e6bb200b6b7e59f3ed.png", "profile_name": "Tybalt", "profile_subcat": "Romeo and Juliet", "sub_cat_id": 1416, "cat_id": 12, "property_id": 2, "mbti": "ESTJ", "enneatype": "8w7"}, {"id": 16604, "mbti_profile": "Benvolio", "subcategory": "Romeo and Juliet", "profile_image_url": "https://static1.personality-database.com/profile_images/703db79761dc49d791156a8fae4d0f83.png", "profile_name": "Benvolio", "profile_subcat": "Romeo and Juliet", "sub_cat_id": 1416, "cat_id": 12, "property_id": 2, "mbti": "ISFJ", "enneatype": "9w1"}, {"id": 15282, "mbti_profile": "Prince Escalus", "subcategory": "Romeo and Juliet", "profile_image_url": "https://static1.personality-database.com/profile_images/be5eca98c5d04d14a35f24e6804b712d.png", "profile_name": "Prince Escalus", "profile_subcat": "Romeo and Juliet", "sub_cat_id": 1416, "cat_id": 12, "property_id": 2, "mbti": "ISTJ", "enneatype": "1w9"}, {"id": 36091, "mbti_profile": "Count Paris", "subcategory": "Romeo and Juliet", "profile_image_url": "https://static1.personality-database.com/profile_images/ab07549e5558455d8078d4b69dc7d362.png", "profile_name": "Count Paris", "profile_subcat": "Romeo and Juliet", "sub_cat_id": 1416, "cat_id": 12, "property_id": 2, "mbti": "ESFJ", "enneatype": "2w3"}, {"id": 38286, "mbti_profile": "Lord Capulet", "subcategory": "Romeo and Juliet", "profile_image_url": "", "profile_name": "Lord Capulet", "profile_subcat": "Romeo and Juliet", "sub_cat_id": 1416, "cat_id": 12, "property_id": 2, "mbti": "ESTJ", "enneatype": "8w7"}], "functions": ["Fi", "Ne", "Si", "Te"], "systems": [{"hex_color": "#888888", "id": 1, "personality_type": "XXXX", "personality_type_id": 0, "system_name": "Four Letter", "system_vote_count": 434, "user_vote_type_id": 0, "vote_id": 0}, {"hex_color": "#006775", "id": 2, "personality_type": "XXXX", "personality_type_id": 0, "system_name": "Enneagram", "system_vote_count": 179, "user_vote_type_id": 0, "vote_id": 0}, {"hex_color": "#006775", "id": 5, "personality_type": "XXXX", "personality_type_id": 0, "system_name": "Instinctual Variant", "system_vote_count": 49, "user_vote_type_id": 0, "vote_id": 0}, {"hex_color": "#006775", "id": 6, "personality_type": "XXXX", "personality_type_id": 0, "system_name": "Tritype", "system_vote_count": 48, "user_vote_type_id": 0, "vote_id": 0}, {"hex_color": "#888888", "id": 3, "personality_type": "XXXX", "personality_type_id": 0, "system_name": "Socionics", "system_vote_count": 27, "user_vote_type_id": 0, "vote_id": 0}, {"hex_color": "#888888", "id": 9, "personality_type": "XXXX", "personality_type_id": 0, "system_name": "Big 5 (SLOAN)", "system_vote_count": 24, "user_vote_type_id": 0, "vote_id": 0}, {"hex_color": "#888888", "id": 8, "personality_type": "XXXX", "personality_type_id": 0, "system_name": "Attitudinal Psyche", "system_vote_count": 13, "user_vote_type_id": 0, "vote_id": 0}, {"hex_color": "#888888", "id": 7, "personality_type": "XXXX", "personality_type_id": 0, "system_name": "Temperaments", "system_vote_count": 43, "user_vote_type_id": 0, "vote_id": 0}, {"hex_color": "#888888", "id": 11, "personality_type": "XXXX", "personality_type_id": 0, "system_name": "Classic Jungian", "system_vote_count": 4, "user_vote_type_id": 0, "vote_id": 0}], "breakdown_systems": {"1": [{"myValue": "INFP", "personality_system_id": 1, "personality_type": "INFP", "theCount": 246}, {"myValue": "INFJ", "personality_system_id": 1, "personality_type": "INFJ", "theCount": 167}, {"myValue": "ISFP", "personality_system_id": 1, "personality_type": "ISFP", "theCount": 11}, {"myValue": "ISFJ", "personality_system_id": 1, "personality_type": "ISFJ", "theCount": 4}, {"myValue": "INTP", "personality_system_id": 1, "personality_type": "INTP", "theCount": 3}, {"myValue": "ENFJ", "personality_system_id": 1, "personality_type": "ENFJ", "theCount": 1}, {"myValue": "ENFP", "personality_system_id": 1, "personality_type": "ENFP", "theCount": 1}, {"myValue": "ENTP", "personality_system_id": 1, "personality_type": "ENTP", "theCount": 1}], "10": [{"myValue": "Right-brained Introvert", "personality_system_id": 10, "personality_type": "Right-brained Introvert", "theCount": 1}], "11": [{"myValue": "IF(N)", "personality_system_id": 11, "personality_type": "IF(N)", "theCount": 3}, {"myValue": "IN(F)", "personality_system_id": 11, "personality_type": "IN(F)", "theCount": 1}], "2": [{"myValue": "4w5", "personality_system_id": 2, "personality_type": "4w5", "theCount": 162}, {"myValue": "6w5", "personality_system_id": 2, "personality_type": "6w5", "theCount": 8}, {"myValue": "4w3", "personality_system_id": 2, "personality_type": "4w3", "theCount": 3}, {"myValue": "5w4", "personality_system_id": 2, "personality_type": "5w4", "theCount": 2}, {"myValue": "1w2", "personality_system_id": 2, "personality_type": "1w2", "theCount": 1}, {"myValue": "2w1", "personality_system_id": 2, "personality_type": "2w1", "theCount": 1}, {"myValue": "2w3", "personality_system_id": 2, "personality_type": "2w3", "theCount": 1}, {"myValue": "9w1", "personality_system_id": 2, "personality_type": "9w1", "theCount": 1}], "3": [{"myValue": "IEI", "personality_system_id": 3, "personality_type": "IEI", "theCount": 21}, {"myValue": "EII", "personality_system_id": 3, "personality_type": "EII", "theCount": 4}, {"myValue": "EIE", "personality_system_id": 3, "personality_type": "EIE", "theCount": 1}, {"myValue": "ESE", "personality_system_id": 3, "personality_type": "ESE", "theCount": 1}], "4": [{"myValue": "Neutral Good", "personality_system_id": 4, "personality_type": "Neutral Good", "theCount": 7}, {"myValue": "Chaotic Good", "personality_system_id": 4, "personality_type": "Chaotic Good", "theCount": 1}, {"myValue": "True Neutral", "personality_system_id": 4, "personality_type": "True Neutral", "theCount": 1}], "5": [{"myValue": "sx/sp", "personality_system_id": 5, "personality_type": "sx/sp", "theCount": 40}, {"myValue": "so/sx", "personality_system_id": 5, "personality_type": "so/sx", "theCount": 3}, {"myValue": "sp/so", "personality_system_id": 5, "personality_type": "sp/so", "theCount": 2}, {"myValue": "sp/sx", "personality_system_id": 5, "personality_type": "sp/sx", "theCount": 2}, {"myValue": "sx/so", "personality_system_id": 5, "personality_type": "sx/so", "theCount": 2}], "6": [{"myValue": "469", "personality_system_id": 6, "personality_type": "469", "theCount": 39}, {"myValue": "459", "personality_system_id": 6, "personality_type": "459", "theCount": 3}, {"myValue": "649", "personality_system_id": 6, "personality_type": "649", "theCount": 3}, {"myValue": "461", "personality_system_id": 6, "personality_type": "461", "theCount": 1}, {"myValue": "629", "personality_system_id": 6, "personality_type": "629", "theCount": 1}, {"myValue": "962", "personality_system_id": 6, "personality_type": "962", "theCount": 1}], "7": [{"myValue": "Phlegmatic-Melancholic", "personality_system_id": 7, "personality_type": "Phlegmatic-Melancholic", "theCount": 34}, {"myValue": "Melancholic [Dominant]", "personality_system_id": 7, "personality_type": "Melancholic [Dominant]", "theCount": 4}, {"myValue": "Melancholic-Phlegmatic", "personality_system_id": 7, "personality_type": "Melancholic-Phlegmatic", "theCount": 2}, {"myValue": "Melancholic-Choleric", "personality_system_id": 7, "personality_type": "Melancholic-Choleric", "theCount": 1}, {"myValue": "Phlegmatic [Dominant]", "personality_system_id": 7, "personality_type": "Phlegmatic [Dominant]", "theCount": 1}, {"myValue": "Sanguine-Melancholic", "personality_system_id": 7, "personality_type": "Sanguine-Melancholic", "theCount": 1}], "8": [{"myValue": "ELVF", "personality_system_id": 8, "personality_type": "ELVF", "theCount": 10}, {"myValue": "EFLV", "personality_system_id": 8, "personality_type": "EFLV", "theCount": 2}, {"myValue": "EFVL", "personality_system_id": 8, "personality_type": "EFVL", "theCount": 1}], "9": [{"myValue": "RLUAI", "personality_system_id": 9, "personality_type": "RLUAI", "theCount": 20}, {"myValue": "RLOAI", "personality_system_id": 9, "personality_type": "RLOAI", "theCount": 1}, {"myValue": "RLUAN", "personality_system_id": 9, "personality_type": "RLUAN", "theCount": 1}, {"myValue": "RLUEI", "personality_system_id": 9, "personality_type": "RLUEI", "theCount": 1}, {"myValue": "SLOAI", "personality_system_id": 9, "personality_type": "SLOAI", "theCount": 1}]}, "breakdown_config": {"expand": {"1": 3, "10": 1, "11": 1, "2": 3, "3": 1, "4": 1, "5": 1, "6": 1, "7": 1, "8": 1, "9": 1}, "fire": {"1": 1, "10": 0, "11": 0, "2": 0, "3": 0, "4": 0, "5": 0, "6": 0, "7": 0, "8": 0, "9": 0}}, "mbti_letter_stats": [{"type": "I", "percentage": "99%", "PercentageFloat": 0.9930875576036866}, {"type": "N", "percentage": "97%", "PercentageFloat": 0.9654377880184332}, {"type": "F", "percentage": "99%", "PercentageFloat": 0.9907834101382489}, {"type": "P", "percentage": "60%", "PercentageFloat": 0.6036866359447005}], "topic_info": {"can_generate": false, "topic": {"description": "", "follow_count": 1, "id": 9875, "is_following": false, "is_join_pending": false, "is_banned": false, "is_moderated": false, "name_readable": "Juliet Capulet", "post_count": 5, "source_profile_id": 10575, "source_type": "profile", "join_to_post": false, "can_pin": false, "related_topics": [{"description": "", "follow_count": 0, "id": 9874, "is_following": false, "is_join_pending": false, "is_banned": false, "is_moderated": false, "name_readable": "Romeo Montague", "post_count": 23, "source_profile_id": 10574, "source_type": "profile", "image": {"picURL": "https://static1.personality-database.com/profile_images/7f669e4db31a4a60b90b891796f9b615.png"}, "join_to_post": false, "can_pin": false}, {"description": "", "follow_count": 1, "id": 9875, "is_following": false, "is_join_pending": false, "is_banned": false, "is_moderated": false, "name_readable": "Juliet Capulet", "post_count": 5, "source_profile_id": 10575, "source_type": "profile", "image": {"picURL": "https://static1.personality-database.com/profile_images/26fdfc52e7824906a9f73a260319c3c1.png"}, "join_to_post": false, "can_pin": false}, {"description": "", "follow_count": 0, "id": 34210, "is_following": false, "is_join_pending": false, "is_banned": false, "is_moderated": false, "name_readable": "Lady Capulet", "post_count": 1, "source_profile_id": 38287, "source_type": "profile", "image": {"picURL": "https://www.personality-database.com/images/profile_transparent.png"}, "join_to_post": false, "can_pin": false}, {"description": "", "follow_count": 0, "id": 14050, "is_following": false, "is_join_pending": false, "is_banned": false, "is_moderated": false, "name_readable": "Prince Escalus", "post_count": 0, "source_profile_id": 15282, "source_type": "profile", "image": {"picURL": "https://static1.personality-database.com/profile_images/be5eca98c5d04d14a35f24e6804b712d.png"}, "join_to_post": false, "can_pin": false}, {"description": "", "follow_count": 0, "id": 15266, "is_following": false, "is_join_pending": false, "is_banned": false, "is_moderated": false, "name_readable": "Mercutio", "post_count": 0, "source_profile_id": 16602, "source_type": "profile", "image": {"picURL": "https://static1.personality-database.com/profile_images/e79bf5c39a2d4edcb57318d1a49ce003.png"}, "join_to_post": false, "can_pin": false}, {"description": "", "follow_count": 0, "id": 15267, "is_following": false, "is_join_pending": false, "is_banned": false, "is_moderated": false, "name_readable": "Tybalt", "post_count": 0, "source_profile_id": 16603, "source_type": "profile", "image": {"picURL": "https://static1.personality-database.com/profile_images/2a4b329d150043e6bb200b6b7e59f3ed.png"}, "join_to_post": false, "can_pin": false}, {"description": "", "follow_count": 0, "id": 15268, "is_following": false, "is_join_pending": false, "is_banned": false, "is_moderated": false, "name_readable": "Benvolio", "post_count": 0, "source_profile_id": 16604, "source_type": "profile", "image": {"picURL": "https://static1.personality-database.com/profile_images/703db79761dc49d791156a8fae4d0f83.png"}, "join_to_post": false, "can_pin": false}, {"description": "", "follow_count": 0, "id": 15269, "is_following": false, "is_join_pending": false, "is_banned": false, "is_moderated": false, "name_readable": "Friar Laurence", "post_count": 0, "source_profile_id": 16605, "source_type": "profile", "image": {"picURL": "https://static1.personality-database.com/profile_images/c8b4e505b98e4938ac84e6aa3f38116a.png"}, "join_to_post": false, "can_pin": false}, {"description": "", "follow_count": 0, "id": 23954, "is_following": false, "is_join_pending": false, "is_banned": false, "is_moderated": false, "name_readable": "Nurse", "post_count": 0, "source_profile_id": 26669, "source_type": "profile", "image": {"picURL": "https://www.personality-database.com/images/profile_transparent.png"}, "join_to_post": false, "can_pin": false}, {"description": "", "follow_count": 0, "id": 32312, "is_following": false, "is_join_pending": false, "is_banned": false, "is_moderated": false, "name_readable": "Count Paris", "post_count": 0, "source_profile_id": 36091, "source_type": "profile", "image": {"picURL": "https://static1.personality-database.com/profile_images/ab07549e5558455d8078d4b69dc7d362.png"}, "join_to_post": false, "can_pin": false}, {"description": "", "follow_count": 0, "id": 34209, "is_following": false, "is_join_pending": false, "is_banned": false, "is_moderated": false, "name_readable": "Lord Capulet", "post_count": 0, "source_profile_id": 38286, "source_type": "profile", "image": {"picURL": "https://www.personality-database.com/images/profile_transparent.png"}, "join_to_post": false, "can_pin": false}, {"description": "", "follow_count": 0, "id": 73765, "is_following": false, "is_join_pending": false, "is_banned": false, "is_moderated": false, "name_readable": "Lady Montague", "post_count": 0, "source_profile_id": 91453, "source_type": "profile", "image": {"picURL": "https://www.personality-database.com/images/profile_transparent.png"}, "join_to_post": false, "can_pin": false}, {"description": "", "follow_count": 0, "id": 123403, "is_following": false, "is_join_pending": false, "is_banned": false, "is_moderated": false, "name_readable": "Lord Montague", "post_count": 0, "source_profile_id": 159008, "source_type": "profile", "image": {"picURL": "https://www.personality-database.com/images/profile_transparent.png"}, "join_to_post": false, "can_pin": false}, {"description": "", "follow_count": 0, "id": 123404, "is_following": false, "is_join_pending": false, "is_banned": false, "is_moderated": false, "name_readable": "Sampson", "post_count": 0, "source_profile_id": 159009, "source_type": "profile", "image": {"picURL": "https://www.personality-database.com/images/profile_transparent.png"}, "join_to_post": false, "can_pin": false}, {"description": "", "follow_count": 0, "id": 123405, "is_following": false, "is_join_pending": false, "is_banned": false, "is_moderated": false, "name_readable": "Gregory", "post_count": 0, "source_profile_id": 159010, "source_type": "profile", "image": {"picURL": "https://www.personality-database.com/images/profile_transparent.png"}, "join_to_post": false, "can_pin": false}], "subcategory": "Romeo and Juliet", "topic_image_url": "https://static1.personality-database.com/profile_images/26fdfc52e7824906a9f73a260319c3c1.png", "source_location": {"cid": 12, "pid": 2, "sub_cat_id": 1416}, "can_post_image": false, "can_post_audio": false, "posts": {"posts": [{"username": "infjellyfish", "user_pic_path": "https://static1.personality-database.com/user_avatars/459970/49910784-191c-45ea-b0cc-3855bc532955_small.jpeg", "user_personality_type": "INFJ-6w5-694", "is_mod": false, "comment_count": 0, "reply_count": 0, "vote_type": 0, "topics_list": [{"id": 9875, "name_readable": "Juliet Capulet"}], "id": 1924698, "post_id": 1924698, "user_id": 459970, "title": "", "content": "Throwback to the time my school put on Romeo and Juliet as a play and I was a part of the stage crew, but the Juliet actress had to go home because she got sick right after her character died, so I had to fill in for her as Juliet\u2019s corpse for the rest of the time she was needed because I looked the most like her, and my other stage crew mates thought it would be funny if they edited the end credit google doc last minute and put me in the cast as \u201cDead Juliet\u201d \ud83d\udc80", "create_date": 1670860907000, "unix_timestamp": 1670860907000, "update_date": 1670861724000, "vote_count": 2, "vote_count_down": 0, "is_reported": 0, "is_hidden": false, "is_pinned": false, "is_watching": false, "is_pro_user": false, "images": null, "audios": null, "function_list": [], "type": "post"}, {"username": "broken heart", "user_pic_path": "https://static1.personality-database.com/user_avatars/1414569/c57574f0-195f-4ffb-bb34-764387c0b353_small.jpeg", "user_personality_type": "INFP-4w5-469", "is_mod": false, "comment_count": 0, "reply_count": 0, "vote_type": 0, "topics_list": [{"id": 9875, "name_readable": "Juliet Capulet"}], "id": 1813157, "post_id": 1813157, "user_id": 1414569, "title": "OMG! I love her and I really love this kind of love\ud83d\udc95", "content": "I hope one day I will have a love like this\ud83d\ude0d\ud83d\ude42\ud83d\ude14\ud83e\udd72", "create_date": 1669482005000, "unix_timestamp": 1669482005000, "update_date": 1669482005000, "vote_count": 0, "vote_count_down": 0, "is_reported": 0, "is_hidden": false, "is_pinned": false, "is_watching": false, "is_pro_user": false, "images": null, "audios": null, "function_list": [], "type": "post"}, {"username": "is it really rachel?", "user_pic_path": "https://lh3.googleusercontent.com/a-/AOh14GiKIYASrKyZi0bkyEc4EdXz87C_--K0CQFkEVKqrg=s96-c", "user_personality_type": "INFJ-4w5-469", "is_mod": false, "comment_count": 9, "reply_count": 9, "vote_type": 0, "topics_list": [{"id": 9875, "name_readable": "Juliet Capulet"}], "id": 651784, "post_id": 651784, "user_id": 73626, "title": "", "content": "friendly reminder juliet was 13", "create_date": 1645155807000, "unix_timestamp": 1645155807000, "update_date": 1645155807000, "vote_count": 33, "vote_count_down": 0, "is_reported": 1, "is_hidden": false, "is_pinned": false, "is_watching": false, "is_pro_user": false, "images": null, "audios": null, "function_list": [], "type": "post"}]}}}}