{"id": 10579, "mbti_profile": "Gregor Samsa", "profile_name_searchable": "gregorsamsa", "allow_commenting": true, "allow_voting": true, "user_id": 3261, "contributor": "Jachn", "contributor_create_date": "2018-03-09 22:51:45", "contributor_pic_path": "https://lh5.googleusercontent.com/-7BVlTf580JM/AAAAAAAAAAI/AAAAAAAAFpA/fhDHaMjGnqM/s96-c/photo.jpg", "display_order": 1000, "edit_lock": 0, "edit_lock_picture": 0, "is_active": true, "is_approved": true, "mbti_enneagram_type": "ISFJ 9w1", "mbti_type": "ISFJ 9w1", "pdb_comment_access": true, "pdb_page_owner": 0, "pdb_public_access": true, "wiki_description": "", "watch_count": 174, "comment_count": 13, "vote_count": 128, "vote_count_enneagram": 95, "vote_count_mbti": 128, "total_vote_counts": 331, "personality_type": "ISFJ - 9w1 - sp/so - 962 - SLI - RCOAN - LFEV - Melancholic-Phlegmatic - IS(F)", "type_updated_date": "2022-11-27 04:54:42", "enneagram_vote": "", "enneagram_vote_id": 0, "mbti_vote": "", "mbti_vote_id": 0, "is_watching": false, "image_exists": false, "profile_image_url": "https://static1.personality-database.com/profile_images/ab9ea769bf414fae9e549e9444b30dee.png", "profile_image_credit": "", "profile_image_credit_id": 172751, "profile_image_credit_type": "0", "profile_image_credit_url": "", "alt_subcategory": "", "related_subcategories": "", "cat_id": 12, "category": "Literature", "category_is_fictional": true, "sub_cat_id": 1418, "subcategory": "The Metamorphosis", "subcat_link_info": {"sub_cat_id": 1418, "cat_id": 12, "property_id": 2, "subcategory": "The Metamorphosis"}, "related_subcat_link_info": null, "related_profiles": [{"id": 37132, "mbti_profile": "Father", "subcategory": "The Metamorphosis", "profile_image_url": "", "profile_name": "Father", "profile_subcat": "The Metamorphosis", "sub_cat_id": 1418, "cat_id": 12, "property_id": 2, "mbti": "ESTJ", "enneatype": "8w9"}, {"id": 15303, "mbti_profile": "Grete Samsa", "subcategory": "The Metamorphosis", "profile_image_url": "https://static1.personality-database.com/profile_images/61e5897a9a6048ff93504f939a58c518.png", "profile_name": "Grete Samsa", "profile_subcat": "The Metamorphosis", "sub_cat_id": 1418, "cat_id": 12, "property_id": 2, "mbti": "ISFP", "enneatype": "2w3"}, {"id": 37133, "mbti_profile": "Mother", "subcategory": "The Metamorphosis", "profile_image_url": "", "profile_name": "Mother", "profile_subcat": "The Metamorphosis", "sub_cat_id": 1418, "cat_id": 12, "property_id": 2, "mbti": "ISFJ", "enneatype": "9w1"}, {"id": 37135, "mbti_profile": "The lodgers", "subcategory": "The Metamorphosis", "profile_image_url": "", "profile_name": "The lodgers", "profile_subcat": "The Metamorphosis", "sub_cat_id": 1418, "cat_id": 12, "property_id": 2, "mbti": "ISTJ", "enneatype": "6w5"}, {"id": 37134, "mbti_profile": "Charwoman", "subcategory": "The Metamorphosis", "profile_image_url": "", "profile_name": "Charwoman", "profile_subcat": "The Metamorphosis", "sub_cat_id": 1418, "cat_id": 12, "property_id": 2, "mbti": "ESFP", "enneatype": "7w8"}], "functions": ["Si", "Fe", "Ti", "Ne"], "systems": [{"hex_color": "#888888", "id": 1, "personality_type": "XXXX", "personality_type_id": 0, "system_name": "Four Letter", "system_vote_count": 125, "user_vote_type_id": 0, "vote_id": 0}, {"hex_color": "#006775", "id": 2, "personality_type": "XXXX", "personality_type_id": 0, "system_name": "Enneagram", "system_vote_count": 92, "user_vote_type_id": 0, "vote_id": 0}, {"hex_color": "#006775", "id": 5, "personality_type": "XXXX", "personality_type_id": 0, "system_name": "Instinctual Variant", "system_vote_count": 37, "user_vote_type_id": 0, "vote_id": 0}, {"hex_color": "#006775", "id": 6, "personality_type": "XXXX", "personality_type_id": 0, "system_name": "Tritype", "system_vote_count": 28, "user_vote_type_id": 0, "vote_id": 0}, {"hex_color": "#888888", "id": 3, "personality_type": "XXXX", "personality_type_id": 0, "system_name": "Socionics", "system_vote_count": 14, "user_vote_type_id": 0, "vote_id": 0}, {"hex_color": "#888888", "id": 9, "personality_type": "XXXX", "personality_type_id": 0, "system_name": "Big 5 (SLOAN)", "system_vote_count": 14, "user_vote_type_id": 0, "vote_id": 0}, {"hex_color": "#888888", "id": 8, "personality_type": "XXXX", "personality_type_id": 0, "system_name": "Attitudinal Psyche", "system_vote_count": 8, "user_vote_type_id": 0, "vote_id": 0}, {"hex_color": "#888888", "id": 7, "personality_type": "XXXX", "personality_type_id": 0, "system_name": "Temperaments", "system_vote_count": 9, "user_vote_type_id": 0, "vote_id": 0}, {"hex_color": "#888888", "id": 11, "personality_type": "XXXX", "personality_type_id": 0, "system_name": "Classic Jungian", "system_vote_count": 3, "user_vote_type_id": 0, "vote_id": 0}], "breakdown_systems": {"1": [{"myValue": "ISFJ", "personality_system_id": 1, "personality_type": "ISFJ", "theCount": 109}, {"myValue": "ISTJ", "personality_system_id": 1, "personality_type": "ISTJ", "theCount": 10}, {"myValue": "INFP", "personality_system_id": 1, "personality_type": "INFP", "theCount": 3}, {"myValue": "ESFJ", "personality_system_id": 1, "personality_type": "ESFJ", "theCount": 2}, {"myValue": "ENTP", "personality_system_id": 1, "personality_type": "ENTP", "theCount": 1}], "11": [{"myValue": "IS(F)", "personality_system_id": 11, "personality_type": "IS(F)", "theCount": 2}, {"myValue": "IS(T)", "personality_system_id": 11, "personality_type": "IS(T)", "theCount": 1}], "2": [{"myValue": "9w1", "personality_system_id": 2, "personality_type": "9w1", "theCount": 82}, {"myValue": "5w4", "personality_system_id": 2, "personality_type": "5w4", "theCount": 4}, {"myValue": "1w9", "personality_system_id": 2, "personality_type": "1w9", "theCount": 2}, {"myValue": "5w6", "personality_system_id": 2, "personality_type": "5w6", "theCount": 2}, {"myValue": "2w3", "personality_system_id": 2, "personality_type": "2w3", "theCount": 1}, {"myValue": "6w5", "personality_system_id": 2, "personality_type": "6w5", "theCount": 1}], "3": [{"myValue": "SLI", "personality_system_id": 3, "personality_type": "SLI", "theCount": 7}, {"myValue": "SEI", "personality_system_id": 3, "personality_type": "SEI", "theCount": 3}, {"myValue": "EII", "personality_system_id": 3, "personality_type": "EII", "theCount": 2}, {"myValue": "ESI", "personality_system_id": 3, "personality_type": "ESI", "theCount": 1}, {"myValue": "LSE", "personality_system_id": 3, "personality_type": "LSE", "theCount": 1}], "4": [{"myValue": "Lawful Good", "personality_system_id": 4, "personality_type": "Lawful Good", "theCount": 1}], "5": [{"myValue": "sp/so", "personality_system_id": 5, "personality_type": "sp/so", "theCount": 19}, {"myValue": "so/sp", "personality_system_id": 5, "personality_type": "so/sp", "theCount": 13}, {"myValue": "so/sx", "personality_system_id": 5, "personality_type": "so/sx", "theCount": 2}, {"myValue": "sx/so", "personality_system_id": 5, "personality_type": "sx/so", "theCount": 2}, {"myValue": "sp/sx", "personality_system_id": 5, "personality_type": "sp/sx", "theCount": 1}], "6": [{"myValue": "962", "personality_system_id": 6, "personality_type": "962", "theCount": 18}, {"myValue": "963", "personality_system_id": 6, "personality_type": "963", "theCount": 5}, {"myValue": "926", "personality_system_id": 6, "personality_type": "926", "theCount": 3}, {"myValue": "592", "personality_system_id": 6, "personality_type": "592", "theCount": 1}, {"myValue": "594", "personality_system_id": 6, "personality_type": "594", "theCount": 1}], "7": [{"myValue": "Melancholic-Phlegmatic", "personality_system_id": 7, "personality_type": "Melancholic-Phlegmatic", "theCount": 6}, {"myValue": "Phlegmatic-Melancholic", "personality_system_id": 7, "personality_type": "Phlegmatic-Melancholic", "theCount": 2}, {"myValue": "Melancholic [Dominant]", "personality_system_id": 7, "personality_type": "Melancholic [Dominant]", "theCount": 1}], "8": [{"myValue": "LFEV", "personality_system_id": 8, "personality_type": "LFEV", "theCount": 5}, {"myValue": "FELV", "personality_system_id": 8, "personality_type": "FELV", "theCount": 2}, {"myValue": "FLEV", "personality_system_id": 8, "personality_type": "FLEV", "theCount": 1}], "9": [{"myValue": "RCOAN", "personality_system_id": 9, "personality_type": "RCOAN", "theCount": 9}, {"myValue": "RLOAN", "personality_system_id": 9, "personality_type": "RLOAN", "theCount": 4}, {"myValue": "RCUAN", "personality_system_id": 9, "personality_type": "RCUAN", "theCount": 1}]}, "breakdown_config": {"expand": {"1": 3, "11": 1, "2": 3, "3": 1, "4": 1, "5": 2, "6": 1, "7": 1, "8": 1, "9": 1}, "fire": {"1": 0, "11": 0, "2": 0, "3": 0, "4": 0, "5": 1, "6": 0, "7": 0, "8": 0, "9": 0}}, "mbti_letter_stats": [{"type": "I", "percentage": "98%", "PercentageFloat": 0.976}, {"type": "S", "percentage": "97%", "PercentageFloat": 0.968}, {"type": "F", "percentage": "91%", "PercentageFloat": 0.912}, {"type": "J", "percentage": "97%", "PercentageFloat": 0.968}], "topic_info": {"can_generate": false, "topic": {"description": "", "follow_count": 2, "id": 9879, "is_following": false, "is_join_pending": false, "is_banned": false, "is_moderated": false, "name_readable": "Gregor Samsa", "post_count": 7, "source_profile_id": 10579, "source_type": "profile", "join_to_post": false, "can_pin": false, "related_topics": [{"description": "", "follow_count": 2, "id": 9879, "is_following": false, "is_join_pending": false, "is_banned": false, "is_moderated": false, "name_readable": "Gregor Samsa", "post_count": 7, "source_profile_id": 10579, "source_type": "profile", "image": {"picURL": "https://static1.personality-database.com/profile_images/ab9ea769bf414fae9e549e9444b30dee.png"}, "join_to_post": false, "can_pin": false}, {"description": "", "follow_count": 0, "id": 14069, "is_following": false, "is_join_pending": false, "is_banned": false, "is_moderated": false, "name_readable": "Grete Samsa", "post_count": 0, "source_profile_id": 15303, "source_type": "profile", "image": {"picURL": "https://static1.personality-database.com/profile_images/61e5897a9a6048ff93504f939a58c518.png"}, "join_to_post": false, "can_pin": false}, {"description": "", "follow_count": 0, "id": 33191, "is_following": false, "is_join_pending": false, "is_banned": false, "is_moderated": false, "name_readable": "Father", "post_count": 0, "source_profile_id": 37132, "source_type": "profile", "image": {"picURL": "https://www.personality-database.com/images/profile_transparent.png"}, "join_to_post": false, "can_pin": false}, {"description": "", "follow_count": 0, "id": 33192, "is_following": false, "is_join_pending": false, "is_banned": false, "is_moderated": false, "name_readable": "Mother", "post_count": 0, "source_profile_id": 37133, "source_type": "profile", "image": {"picURL": "https://www.personality-database.com/images/profile_transparent.png"}, "join_to_post": false, "can_pin": false}, {"description": "", "follow_count": 0, "id": 33193, "is_following": false, "is_join_pending": false, "is_banned": false, "is_moderated": false, "name_readable": "Charwoman", "post_count": 0, "source_profile_id": 37134, "source_type": "profile", "image": {"picURL": "https://www.personality-database.com/images/profile_transparent.png"}, "join_to_post": false, "can_pin": false}, {"description": "", "follow_count": 0, "id": 33194, "is_following": false, "is_join_pending": false, "is_banned": false, "is_moderated": false, "name_readable": "The lodgers", "post_count": 0, "source_profile_id": 37135, "source_type": "profile", "image": {"picURL": "https://www.personality-database.com/images/profile_transparent.png"}, "join_to_post": false, "can_pin": false}], "subcategory": "The Metamorphosis", "topic_image_url": "https://static1.personality-database.com/profile_images/ab9ea769bf414fae9e549e9444b30dee.png", "source_location": {"cid": 12, "pid": 2, "sub_cat_id": 1418}, "can_post_image": false, "can_post_audio": false, "posts": {"posts": [{"username": "pregnant drake", "user_pic_path": "https://static1.personality-database.com/user_avatars/654468/69ea3b5c-c1e2-4df5-ae0b-493186087e46.jpeg", "user_personality_type": "ISFJ-8w7-487", "is_mod": false, "comment_count": 0, "reply_count": 0, "vote_type": 0, "topics_list": [{"id": 9879, "name_readable": "Gregor Samsa"}], "id": 2207546, "post_id": 2207546, "user_id": 654468, "title": "", "content": "the first furry", "create_date": 1673867359000, "unix_timestamp": 1673867359000, "update_date": 1673867419000, "vote_count": 0, "vote_count_down": 0, "is_reported": 0, "is_hidden": false, "is_pinned": false, "is_watching": false, "is_pro_user": false, "images": null, "audios": null, "function_list": [], "type": "post"}, {"username": "cherrilips", "user_pic_path": "https://lh3.googleusercontent.com/a-/AOh14GiJNoEQuKtfBArZBaqB-TiXGV6xdm7gwqGOvpyB=s96-c", "user_personality_type": "INFJ-6w5", "is_mod": false, "comment_count": 0, "reply_count": 0, "vote_type": 0, "topics_list": [{"id": 9879, "name_readable": "Gregor Samsa"}], "id": 2161225, "post_id": 2161225, "user_id": 158416, "title": "", "content": "bro really is the sweetest guy ever :((", "create_date": 1673393910000, "unix_timestamp": 1673393910000, "update_date": 1673393910000, "vote_count": 0, "vote_count_down": 0, "is_reported": 0, "is_hidden": false, "is_pinned": false, "is_watching": false, "is_pro_user": false, "images": null, "audios": null, "function_list": [], "type": "post"}, {"username": "cvmpanyforyomama", "user_pic_path": "https://static1.personality-database.com/user_avatars/876024/e19b0815-d7a3-4556-8261-ff3e00e47060.jpeg", "user_personality_type": "INTP-5w6-584", "is_mod": false, "comment_count": 0, "reply_count": 0, "vote_type": 0, "topics_list": [{"id": 9879, "name_readable": "Gregor Samsa"}], "id": 1491002, "post_id": 1491002, "user_id": 876024, "title": "", "content": "im here looking their mbti cause i have an essay to write about this book, swapping the characters roles", "create_date": 1665305769000, "unix_timestamp": 1665305769000, "update_date": 1665305769000, "vote_count": 1, "vote_count_down": 0, "is_reported": 0, "is_hidden": false, "is_pinned": false, "is_watching": false, "is_pro_user": false, "images": null, "audios": null, "function_list": [], "type": "post"}]}}}}