{"id": 10576, "mbti_profile": "Hamlet", "profile_name_searchable": "hamlet", "allow_commenting": true, "allow_voting": true, "user_id": 3261, "contributor": "Jachn", "contributor_create_date": "2018-03-09 22:48:55", "contributor_pic_path": "https://lh5.googleusercontent.com/-7BVlTf580JM/AAAAAAAAAAI/AAAAAAAAFpA/fhDHaMjGnqM/s96-c/photo.jpg", "display_order": 1000, "edit_lock": 0, "edit_lock_picture": 0, "is_active": true, "is_approved": true, "mbti_enneagram_type": "INTJ 4w5", "mbti_type": "INTJ 4w5", "pdb_comment_access": true, "pdb_page_owner": 0, "pdb_public_access": true, "wiki_description": "The prince of Denmark, nephew of the reigning king and son of the reigning king, since he married Hamlet's mother only two months after his blood father's death. That incestuous mess would be hard enough for Ham, but before he can even decide whether to be or not, the ghost of his dad pops up and convinces him that Uncle-Dad killed Hamlet's real father to take the throne. Filled with rage and urgency, Hamlet must kill the king. But should he? Can he? What would it mean if he did? Is this task worth it?\nIs anything in life really worth it?\nHamlet struggles with these issues indecisively for five acts, soliloquizing, soliciting players, practicing his fencing technique (apparently), insulting his elders, talking to gravediggers, smelling skulls, boarding pirate vessels, and getting into fights with everyone not named Horatio.", "watch_count": 920, "comment_count": 309, "vote_count": 558, "vote_count_enneagram": 286, "vote_count_mbti": 558, "total_vote_counts": 1242, "personality_type": "INTJ - 4w5 - sp/sx - 451 - EIE - RLOEI - ELVF - Melancholic [Dominant] - IN(F)", "type_updated_date": "2022-11-15 14:12:10", "enneagram_vote": "", "enneagram_vote_id": 0, "mbti_vote": "", "mbti_vote_id": 0, "is_watching": false, "image_exists": false, "profile_image_url": "https://static1.personality-database.com/profile_images/b7150894beab40f9b1bd0233d256645a.png", "profile_image_credit": "Image by: chrisreadingfotoPicture under Pixabay License, Free for commercial useNo attribution required.URL (again): https://pixabay.com/photos/hamlet-jorick-shakespeare-play-3013170/", "profile_image_credit_id": 129057, "profile_image_credit_type": "2", "profile_image_credit_url": "https://pixabay.com/photos/hamlet-jorick-shakespeare-play-3013170/", "alt_subcategory": "", "related_subcategories": "", "cat_id": 12, "category": "Literature", "category_is_fictional": true, "sub_cat_id": 1417, "subcategory": "Hamlet", "subcat_link_info": {"sub_cat_id": 1417, "cat_id": 12, "property_id": 2, "subcategory": "Hamlet"}, "related_subcat_link_info": null, "related_profiles": [{"id": 10578, "mbti_profile": "Ophelia", "subcategory": "Hamlet", "profile_image_url": "https://static1.personality-database.com/profile_images/8835683246aa4d008ce92048f943b230.png", "profile_name": "Ophelia", "profile_subcat": "Hamlet", "sub_cat_id": 1417, "cat_id": 12, "property_id": 2, "mbti": "ISFJ", "enneatype": "9w1"}, {"id": 27080, "mbti_profile": "Horatio", "subcategory": "Hamlet", "profile_image_url": "https://static1.personality-database.com/profile_images/c03da8eb4316488f9c73ad58e639d8e7.png", "profile_name": "Horatio", "profile_subcat": "Hamlet", "sub_cat_id": 1417, "cat_id": 12, "property_id": 2, "mbti": "ESFJ", "enneatype": "9w1"}, {"id": 15076, "mbti_profile": "Gertrude", "subcategory": "Hamlet", "profile_image_url": "https://static1.personality-database.com/profile_images/b06648d773ef4e728bfc8bcfed04b271.png", "profile_name": "Gertrude", "profile_subcat": "Hamlet", "sub_cat_id": 1417, "cat_id": 12, "property_id": 2, "mbti": "ISFJ", "enneatype": "6w7"}, {"id": 208672, "mbti_profile": "King Hamlet", "subcategory": "Hamlet", "profile_image_url": "https://static1.personality-database.com/profile_images/e93cc1efe7a243d08fc4c43d41d45887.png", "profile_name": "King Hamlet", "profile_subcat": "Hamlet", "sub_cat_id": 1417, "cat_id": 12, "property_id": 2, "mbti": "INFJ", "enneatype": "8w9"}, {"id": 206201, "mbti_profile": "Rosencrantz and Guildenstern", "subcategory": "Hamlet", "profile_image_url": "https://static1.personality-database.com/profile_images/16169ddc7e5a4cac971817d875310241.png", "profile_name": "Rosencrantz and Guildenstern", "profile_subcat": "Hamlet", "sub_cat_id": 1417, "cat_id": 12, "property_id": 2, "mbti": "ESFJ", "enneatype": "6w7"}, {"id": 15077, "mbti_profile": "Polonius", "subcategory": "Hamlet", "profile_image_url": "https://static1.personality-database.com/profile_images/05ea8d80d9a7477fb8af899a353a75b4.png", "profile_name": "Polonius", "profile_subcat": "Hamlet", "sub_cat_id": 1417, "cat_id": 12, "property_id": 2, "mbti": "ESFJ", "enneatype": "2w3"}, {"id": 10577, "mbti_profile": "Claudius", "subcategory": "Hamlet", "profile_image_url": "https://static1.personality-database.com/profile_images/15f06a0fce7843b085c505b4eec7f5aa.png", "profile_name": "Claudius", "profile_subcat": "Hamlet", "sub_cat_id": 1417, "cat_id": 12, "property_id": 2, "mbti": "ENTJ", "enneatype": "8w9"}, {"id": 63197, "mbti_profile": "Laertes", "subcategory": "Hamlet", "profile_image_url": "https://static1.personality-database.com/profile_images/33f61964eae846929a5ba3d2e2a98ac4.png", "profile_name": "Laertes", "profile_subcat": "Hamlet", "sub_cat_id": 1417, "cat_id": 12, "property_id": 2, "mbti": "ISTP", "enneatype": "8w7"}], "functions": ["Ni", "Te", "Fi", "Se"], "systems": [{"hex_color": "#888888", "id": 1, "personality_type": "XXXX", "personality_type_id": 0, "system_name": "Four Letter", "system_vote_count": 543, "user_vote_type_id": 0, "vote_id": 0}, {"hex_color": "#006775", "id": 2, "personality_type": "XXXX", "personality_type_id": 0, "system_name": "Enneagram", "system_vote_count": 279, "user_vote_type_id": 0, "vote_id": 0}, {"hex_color": "#006775", "id": 5, "personality_type": "XXXX", "personality_type_id": 0, "system_name": "Instinctual Variant", "system_vote_count": 74, "user_vote_type_id": 0, "vote_id": 0}, {"hex_color": "#006775", "id": 6, "personality_type": "XXXX", "personality_type_id": 0, "system_name": "Tritype", "system_vote_count": 80, "user_vote_type_id": 0, "vote_id": 0}, {"hex_color": "#888888", "id": 3, "personality_type": "XXXX", "personality_type_id": 0, "system_name": "Socionics", "system_vote_count": 68, "user_vote_type_id": 0, "vote_id": 0}, {"hex_color": "#888888", "id": 9, "personality_type": "XXXX", "personality_type_id": 0, "system_name": "Big 5 (SLOAN)", "system_vote_count": 44, "user_vote_type_id": 0, "vote_id": 0}, {"hex_color": "#888888", "id": 8, "personality_type": "XXXX", "personality_type_id": 0, "system_name": "Attitudinal Psyche", "system_vote_count": 30, "user_vote_type_id": 0, "vote_id": 0}, {"hex_color": "#888888", "id": 7, "personality_type": "XXXX", "personality_type_id": 0, "system_name": "Temperaments", "system_vote_count": 94, "user_vote_type_id": 0, "vote_id": 0}, {"hex_color": "#888888", "id": 11, "personality_type": "XXXX", "personality_type_id": 0, "system_name": "Classic Jungian", "system_vote_count": 10, "user_vote_type_id": 0, "vote_id": 0}], "breakdown_systems": {"1": [{"myValue": "INTJ", "personality_system_id": 1, "personality_type": "INTJ", "theCount": 293}, {"myValue": "INFP", "personality_system_id": 1, "personality_type": "INFP", "theCount": 176}, {"myValue": "INFJ", "personality_system_id": 1, "personality_type": "INFJ", "theCount": 34}, {"myValue": "INTP", "personality_system_id": 1, "personality_type": "INTP", "theCount": 13}, {"myValue": "ENFJ", "personality_system_id": 1, "personality_type": "ENFJ", "theCount": 9}, {"myValue": "ISFP", "personality_system_id": 1, "personality_type": "ISFP", "theCount": 7}, {"myValue": "ENFP", "personality_system_id": 1, "personality_type": "ENFP", "theCount": 6}, {"myValue": "ENTP", "personality_system_id": 1, "personality_type": "ENTP", "theCount": 2}, {"myValue": "ISTP", "personality_system_id": 1, "personality_type": "ISTP", "theCount": 2}, {"myValue": "ESFP", "personality_system_id": 1, "personality_type": "ESFP", "theCount": 1}], "11": [{"myValue": "IN(F)", "personality_system_id": 11, "personality_type": "IN(F)", "theCount": 9}, {"myValue": "EF(N)", "personality_system_id": 11, "personality_type": "EF(N)", "theCount": 1}], "2": [{"myValue": "4w5", "personality_system_id": 2, "personality_type": "4w5", "theCount": 229}, {"myValue": "6w5", "personality_system_id": 2, "personality_type": "6w5", "theCount": 19}, {"myValue": "5w4", "personality_system_id": 2, "personality_type": "5w4", "theCount": 17}, {"myValue": "6w7", "personality_system_id": 2, "personality_type": "6w7", "theCount": 7}, {"myValue": "4w3", "personality_system_id": 2, "personality_type": "4w3", "theCount": 4}, {"myValue": "1w2", "personality_system_id": 2, "personality_type": "1w2", "theCount": 1}, {"myValue": "1w9", "personality_system_id": 2, "personality_type": "1w9", "theCount": 1}, {"myValue": "9w8", "personality_system_id": 2, "personality_type": "9w8", "theCount": 1}], "3": [{"myValue": "EIE", "personality_system_id": 3, "personality_type": "EIE", "theCount": 55}, {"myValue": "IEI", "personality_system_id": 3, "personality_type": "IEI", "theCount": 10}, {"myValue": "ILI", "personality_system_id": 3, "personality_type": "ILI", "theCount": 3}], "4": [{"myValue": "Chaotic Good", "personality_system_id": 4, "personality_type": "Chaotic Good", "theCount": 13}, {"myValue": "Chaotic Neutral", "personality_system_id": 4, "personality_type": "Chaotic Neutral", "theCount": 4}, {"myValue": "Chaotic Evil", "personality_system_id": 4, "personality_type": "Chaotic Evil", "theCount": 1}, {"myValue": "Lawful Neutral", "personality_system_id": 4, "personality_type": "Lawful Neutral", "theCount": 1}, {"myValue": "Neutral Good", "personality_system_id": 4, "personality_type": "Neutral Good", "theCount": 1}], "5": [{"myValue": "sp/sx", "personality_system_id": 5, "personality_type": "sp/sx", "theCount": 46}, {"myValue": "so/sx", "personality_system_id": 5, "personality_type": "so/sx", "theCount": 8}, {"myValue": "sx/so", "personality_system_id": 5, "personality_type": "sx/so", "theCount": 8}, {"myValue": "so/sp", "personality_system_id": 5, "personality_type": "so/sp", "theCount": 4}, {"myValue": "sp/so", "personality_system_id": 5, "personality_type": "sp/so", "theCount": 4}, {"myValue": "sx/sp", "personality_system_id": 5, "personality_type": "sx/sp", "theCount": 4}], "6": [{"myValue": "451", "personality_system_id": 6, "personality_type": "451", "theCount": 45}, {"myValue": "461", "personality_system_id": 6, "personality_type": "461", "theCount": 9}, {"myValue": "641", "personality_system_id": 6, "personality_type": "641", "theCount": 5}, {"myValue": "541", "personality_system_id": 6, "personality_type": "541", "theCount": 4}, {"myValue": "458", "personality_system_id": 6, "personality_type": "458", "theCount": 3}, {"myValue": "469", "personality_system_id": 6, "personality_type": "469", "theCount": 3}, {"myValue": "415", "personality_system_id": 6, "personality_type": "415", "theCount": 2}, {"myValue": "468", "personality_system_id": 6, "personality_type": "468", "theCount": 2}, {"myValue": "614", "personality_system_id": 6, "personality_type": "614", "theCount": 2}, {"myValue": "146", "personality_system_id": 6, "personality_type": "146", "theCount": 1}, {"myValue": "154", "personality_system_id": 6, "personality_type": "154", "theCount": 1}, {"myValue": "459", "personality_system_id": 6, "personality_type": "459", "theCount": 1}, {"myValue": "486", "personality_system_id": 6, "personality_type": "486", "theCount": 1}, {"myValue": "648", "personality_system_id": 6, "personality_type": "648", "theCount": 1}], "7": [{"myValue": "Melancholic [Dominant]", "personality_system_id": 7, "personality_type": "Melancholic [Dominant]", "theCount": 80}, {"myValue": "Melancholic-Choleric", "personality_system_id": 7, "personality_type": "Melancholic-Choleric", "theCount": 13}, {"myValue": "Sanguine-Melancholic", "personality_system_id": 7, "personality_type": "Sanguine-Melancholic", "theCount": 1}], "8": [{"myValue": "ELVF", "personality_system_id": 8, "personality_type": "ELVF", "theCount": 27}, {"myValue": "LEVF", "personality_system_id": 8, "personality_type": "LEVF", "theCount": 1}, {"myValue": "VEFL", "personality_system_id": 8, "personality_type": "VEFL", "theCount": 1}, {"myValue": "VELF", "personality_system_id": 8, "personality_type": "VELF", "theCount": 1}], "9": [{"myValue": "RLOEI", "personality_system_id": 9, "personality_type": "RLOEI", "theCount": 37}, {"myValue": "RLOAI", "personality_system_id": 9, "personality_type": "RLOAI", "theCount": 2}, {"myValue": "RLUAI", "personality_system_id": 9, "personality_type": "RLUAI", "theCount": 2}, {"myValue": "RLUEI", "personality_system_id": 9, "personality_type": "RLUEI", "theCount": 2}, {"myValue": "SLUEI", "personality_system_id": 9, "personality_type": "SLUEI", "theCount": 1}]}, "breakdown_config": {"expand": {"1": 3, "11": 1, "2": 3, "3": 1, "4": 1, "5": 1, "6": 1, "7": 1, "8": 1, "9": 1}, "fire": {"1": 1, "11": 0, "2": 0, "3": 0, "4": 0, "5": 0, "6": 0, "7": 0, "8": 0, "9": 0}}, "mbti_letter_stats": [{"type": "I", "percentage": "97%", "PercentageFloat": 0.9668508287292817}, {"type": "N", "percentage": "98%", "PercentageFloat": 0.9815837937384899}, {"type": "T", "percentage": "57%", "PercentageFloat": 0.570902394106814}, {"type": "J", "percentage": "62%", "PercentageFloat": 0.6187845303867403}], "topic_info": {"can_generate": false, "topic": {"description": "", "follow_count": 0, "id": 9876, "is_following": false, "is_join_pending": false, "is_banned": false, "is_moderated": false, "name_readable": "Hamlet", "post_count": 15, "source_profile_id": 10576, "source_type": "profile", "join_to_post": false, "can_pin": false, "related_topics": [{"description": "", "follow_count": 0, "id": 9876, "is_following": false, "is_join_pending": false, "is_banned": false, "is_moderated": false, "name_readable": "Hamlet", "post_count": 15, "source_profile_id": 10576, "source_type": "profile", "image": {"picURL": "https://static1.personality-database.com/profile_images/b7150894beab40f9b1bd0233d256645a.png"}, "join_to_post": false, "can_pin": false}, {"description": "", "follow_count": 0, "id": 24342, "is_following": false, "is_join_pending": false, "is_banned": false, "is_moderated": false, "name_readable": "Horatio", "post_count": 1, "source_profile_id": 27080, "source_type": "profile", "image": {"picURL": "https://static1.personality-database.com/profile_images/c03da8eb4316488f9c73ad58e639d8e7.png"}, "join_to_post": false, "can_pin": false}, {"description": "", "follow_count": 0, "id": 9877, "is_following": false, "is_join_pending": false, "is_banned": false, "is_moderated": false, "name_readable": "Claudius", "post_count": 0, "source_profile_id": 10577, "source_type": "profile", "image": {"picURL": "https://static1.personality-database.com/profile_images/15f06a0fce7843b085c505b4eec7f5aa.png"}, "join_to_post": false, "can_pin": false}, {"description": "", "follow_count": 0, "id": 9878, "is_following": false, "is_join_pending": false, "is_banned": false, "is_moderated": false, "name_readable": "Ophelia", "post_count": 0, "source_profile_id": 10578, "source_type": "profile", "image": {"picURL": "https://static1.personality-database.com/profile_images/8835683246aa4d008ce92048f943b230.png"}, "join_to_post": false, "can_pin": false}, {"description": "#ISFJVillains", "follow_count": 0, "id": 13873, "is_following": false, "is_join_pending": false, "is_banned": false, "is_moderated": false, "name_readable": "Gertrude", "post_count": 0, "source_profile_id": 15076, "source_type": "profile", "image": {"picURL": "https://static1.personality-database.com/profile_images/b06648d773ef4e728bfc8bcfed04b271.png"}, "join_to_post": false, "can_pin": false}, {"description": "#ESFJVillains", "follow_count": 0, "id": 13874, "is_following": false, "is_join_pending": false, "is_banned": false, "is_moderated": false, "name_readable": "Polonius", "post_count": 0, "source_profile_id": 15077, "source_type": "profile", "image": {"picURL": "https://static1.personality-database.com/profile_images/05ea8d80d9a7477fb8af899a353a75b4.png"}, "join_to_post": false, "can_pin": false}, {"description": "", "follow_count": 0, "id": 52609, "is_following": false, "is_join_pending": false, "is_banned": false, "is_moderated": false, "name_readable": "Laertes", "post_count": 0, "source_profile_id": 63197, "source_type": "profile", "image": {"picURL": "https://static1.personality-database.com/profile_images/33f61964eae846929a5ba3d2e2a98ac4.png"}, "join_to_post": false, "can_pin": false}, {"description": "", "follow_count": 0, "id": 55532, "is_following": false, "is_join_pending": false, "is_banned": false, "is_moderated": false, "name_readable": "Gravedigger", "post_count": 0, "source_profile_id": 66892, "source_type": "profile", "image": {"picURL": "https://www.personality-database.com/images/profile_transparent.png"}, "join_to_post": false, "can_pin": false}, {"description": "", "follow_count": 0, "id": 159383, "is_following": false, "is_join_pending": false, "is_banned": false, "is_moderated": false, "name_readable": "Rosencrantz and Guildenstern", "post_count": 0, "source_profile_id": 206201, "source_type": "profile", "image": {"picURL": "https://static1.personality-database.com/profile_images/16169ddc7e5a4cac971817d875310241.png"}, "join_to_post": false, "can_pin": false}, {"description": "", "follow_count": 0, "id": 159451, "is_following": false, "is_join_pending": false, "is_banned": false, "is_moderated": false, "name_readable": "Fortinbras", "post_count": 0, "source_profile_id": 206278, "source_type": "profile", "image": {"picURL": "https://static1.personality-database.com/profile_images/43b23b2a24ef484396c1933bc1c9f73b.png"}, "join_to_post": false, "can_pin": false}, {"description": "", "follow_count": 0, "id": 161257, "is_following": false, "is_join_pending": false, "is_banned": false, "is_moderated": false, "name_readable": "Ghost/King Hamlet", "post_count": 0, "source_profile_id": 208672, "source_type": "profile", "image": {"picURL": "https://static1.personality-database.com/profile_images/e93cc1efe7a243d08fc4c43d41d45887.png"}, "join_to_post": false, "can_pin": false}], "subcategory": "Hamlet", "topic_image_url": "https://static1.personality-database.com/profile_images/b7150894beab40f9b1bd0233d256645a.png", "source_location": {"cid": 12, "pid": 2, "sub_cat_id": 1417}, "can_post_image": false, "can_post_audio": false, "posts": {"posts": [{"username": "only lover left", "user_pic_path": "https://static1.personality-database.com/user_avatars/249243/76ef88cd-fbce-4b21-95d5-b31170d39973.jpeg", "user_personality_type": "INTJ-5w6", "is_mod": false, "comment_count": 0, "reply_count": 0, "vote_type": 0, "topics_list": [{"id": 9876, "name_readable": "Hamlet"}], "id": 2103908, "post_id": 2103908, "user_id": 249243, "title": "", "content": "he's deranged, that's the case", "create_date": 1672838566000, "unix_timestamp": 1672838566000, "update_date": 1672838566000, "vote_count": 1, "vote_count_down": 0, "is_reported": 0, "is_hidden": false, "is_pinned": false, "is_watching": false, "is_pro_user": false, "images": null, "audios": null, "function_list": [], "type": "post"}, {"username": "ENFP 6w7", "user_pic_path": "https://lh3.googleusercontent.com/a-/AOh14GhK-CdIsc2ZoV0hNpyHbewanSFYsBnhBqdXjzCsMQ=s96-c", "user_personality_type": "ENFP-6w7-641", "is_mod": false, "comment_count": 0, "reply_count": 0, "vote_type": 0, "topics_list": [{"id": 9876, "name_readable": "Hamlet"}], "id": 2006240, "post_id": 2006240, "user_id": 504196, "title": "", "content": "Could someone explain why you voted 4? From my point of view there\u2019s more 6 illustrated in his pattern of behavior.", "create_date": 1671839781000, "unix_timestamp": 1671839781000, "update_date": 1671839781000, "vote_count": 0, "vote_count_down": 0, "is_reported": 0, "is_hidden": false, "is_pinned": false, "is_watching": false, "is_pro_user": false, "images": null, "audios": null, "function_list": [], "type": "post"}, {"username": "Xxxxxxy", "user_pic_path": "", "user_personality_type": "XXXX", "is_mod": false, "comment_count": 0, "reply_count": 0, "vote_type": 0, "topics_list": [{"id": 9876, "name_readable": "Hamlet"}], "id": 1971928, "post_id": 1971928, "user_id": 1430936, "title": "", "content": "J\uff1fthe entire play is about him hesitating..", "create_date": 1671433547000, "unix_timestamp": 1671433547000, "update_date": 1671433547000, "vote_count": 0, "vote_count_down": 0, "is_reported": 0, "is_hidden": false, "is_pinned": false, "is_watching": false, "is_pro_user": false, "images": null, "audios": null, "function_list": [], "type": "post"}]}}}}