{"id": 10578, "mbti_profile": "Ophelia", "profile_name_searchable": "ophelia", "allow_commenting": true, "allow_voting": true, "user_id": 3261, "contributor": "Jachn", "contributor_create_date": "2018-03-09 22:48:55", "contributor_pic_path": "https://lh5.googleusercontent.com/-7BVlTf580JM/AAAAAAAAAAI/AAAAAAAAFpA/fhDHaMjGnqM/s96-c/photo.jpg", "display_order": 990, "edit_lock": 0, "edit_lock_picture": 0, "is_active": true, "is_approved": true, "mbti_enneagram_type": "ISFJ 9w1", "mbti_type": "ISFJ 9w1", "pdb_comment_access": true, "pdb_page_owner": 0, "pdb_public_access": true, "wiki_description": "A noblewoman and the sometime target of Hamlet's affections\u2014though that is soon put to an end by disapproval of her overprotective brother and her pretentious father. On top of that, Hamlet has become withdrawn and consumed with sorrow after his own familial turmoil and now begins to take out his anger against his mother on Ophelia, assaulting her with cruel innuendos and accusations of infidelity. And then her father dies, murdered by Hamlet, which pushes her over the edge and into madness. It's unclear whether she was even stable enough to keep herself breathing, which becomes important when Gertrude finds her drowned body. Gertrude chooses to call it an accident, but if gravediggers and priests know anything about death, Ophelia may just have killed herself.", "watch_count": 174, "comment_count": 9, "vote_count": 144, "vote_count_enneagram": 66, "vote_count_mbti": 144, "total_vote_counts": 287, "personality_type": "ISFJ - 9w1 - sp/sx - 964 - EII - RLUAN - Phlegmatic [Dominant]", "type_updated_date": "2023-01-03 03:39:47", "enneagram_vote": "", "enneagram_vote_id": 0, "mbti_vote": "", "mbti_vote_id": 0, "is_watching": false, "image_exists": false, "profile_image_url": "https://static1.personality-database.com/profile_images/8835683246aa4d008ce92048f943b230.png", "profile_image_credit": "Original source: https://www.metmuseum.org/art/collection/search/739711Original artist: Richard WestallCredit line: Gift of Harriet McDonald, 1941'This file is made available under the Creative Commons CC0 1.0 Universal Public Domain Dedication.''", "profile_image_credit_id": 129069, "profile_image_credit_type": "2", "profile_image_credit_url": "https://commons.wikimedia.org/wiki/File:Ophelia_(Shakespeare,_Hamlet,_Act_4,_Scene_7)_MET_DP870099.jpg", "alt_subcategory": "", "related_subcategories": "", "cat_id": 12, "category": "Literature", "category_is_fictional": true, "sub_cat_id": 1417, "subcategory": "Hamlet", "subcat_link_info": {"sub_cat_id": 1417, "cat_id": 12, "property_id": 2, "subcategory": "Hamlet"}, "related_subcat_link_info": null, "related_profiles": [{"id": 10576, "mbti_profile": "Hamlet", "subcategory": "Hamlet", "profile_image_url": "https://static1.personality-database.com/profile_images/b7150894beab40f9b1bd0233d256645a.png", "profile_name": "Hamlet", "profile_subcat": "Hamlet", "sub_cat_id": 1417, "cat_id": 12, "property_id": 2, "mbti": "INTJ", "enneatype": "4w5"}, {"id": 27080, "mbti_profile": "Horatio", "subcategory": "Hamlet", "profile_image_url": "https://static1.personality-database.com/profile_images/c03da8eb4316488f9c73ad58e639d8e7.png", "profile_name": "Horatio", "profile_subcat": "Hamlet", "sub_cat_id": 1417, "cat_id": 12, "property_id": 2, "mbti": "ESFJ", "enneatype": "9w1"}, {"id": 15076, "mbti_profile": "Gertrude", "subcategory": "Hamlet", "profile_image_url": "https://static1.personality-database.com/profile_images/b06648d773ef4e728bfc8bcfed04b271.png", "profile_name": "Gertrude", "profile_subcat": "Hamlet", "sub_cat_id": 1417, "cat_id": 12, "property_id": 2, "mbti": "ISFJ", "enneatype": "6w7"}, {"id": 208672, "mbti_profile": "King Hamlet", "subcategory": "Hamlet", "profile_image_url": "https://static1.personality-database.com/profile_images/e93cc1efe7a243d08fc4c43d41d45887.png", "profile_name": "King Hamlet", "profile_subcat": "Hamlet", "sub_cat_id": 1417, "cat_id": 12, "property_id": 2, "mbti": "INFJ", "enneatype": "8w9"}, {"id": 206201, "mbti_profile": "Rosencrantz and Guildenstern", "subcategory": "Hamlet", "profile_image_url": "https://static1.personality-database.com/profile_images/16169ddc7e5a4cac971817d875310241.png", "profile_name": "Rosencrantz and Guildenstern", "profile_subcat": "Hamlet", "sub_cat_id": 1417, "cat_id": 12, "property_id": 2, "mbti": "ESFJ", "enneatype": "6w7"}, {"id": 15077, "mbti_profile": "Polonius", "subcategory": "Hamlet", "profile_image_url": "https://static1.personality-database.com/profile_images/05ea8d80d9a7477fb8af899a353a75b4.png", "profile_name": "Polonius", "profile_subcat": "Hamlet", "sub_cat_id": 1417, "cat_id": 12, "property_id": 2, "mbti": "ESFJ", "enneatype": "2w3"}, {"id": 10577, "mbti_profile": "Claudius", "subcategory": "Hamlet", "profile_image_url": "https://static1.personality-database.com/profile_images/15f06a0fce7843b085c505b4eec7f5aa.png", "profile_name": "Claudius", "profile_subcat": "Hamlet", "sub_cat_id": 1417, "cat_id": 12, "property_id": 2, "mbti": "ENTJ", "enneatype": "8w9"}, {"id": 63197, "mbti_profile": "Laertes", "subcategory": "Hamlet", "profile_image_url": "https://static1.personality-database.com/profile_images/33f61964eae846929a5ba3d2e2a98ac4.png", "profile_name": "Laertes", "profile_subcat": "Hamlet", "sub_cat_id": 1417, "cat_id": 12, "property_id": 2, "mbti": "ISTP", "enneatype": "8w7"}], "functions": ["Si", "Fe", "Ti", "Ne"], "systems": [{"hex_color": "#888888", "id": 1, "personality_type": "XXXX", "personality_type_id": 0, "system_name": "Four Letter", "system_vote_count": 142, "user_vote_type_id": 0, "vote_id": 0}, {"hex_color": "#006775", "id": 2, "personality_type": "XXXX", "personality_type_id": 0, "system_name": "Enneagram", "system_vote_count": 65, "user_vote_type_id": 0, "vote_id": 0}, {"hex_color": "#006775", "id": 5, "personality_type": "XXXX", "personality_type_id": 0, "system_name": "Instinctual Variant", "system_vote_count": 21, "user_vote_type_id": 0, "vote_id": 0}, {"hex_color": "#006775", "id": 6, "personality_type": "XXXX", "personality_type_id": 0, "system_name": "Tritype", "system_vote_count": 20, "user_vote_type_id": 0, "vote_id": 0}, {"hex_color": "#888888", "id": 3, "personality_type": "XXXX", "personality_type_id": 0, "system_name": "Socionics", "system_vote_count": 7, "user_vote_type_id": 0, "vote_id": 0}, {"hex_color": "#888888", "id": 9, "personality_type": "XXXX", "personality_type_id": 0, "system_name": "Big 5 (SLOAN)", "system_vote_count": 7, "user_vote_type_id": 0, "vote_id": 0}, {"hex_color": "#888888", "id": 8, "personality_type": "XXXX", "personality_type_id": 0, "system_name": "Attitudinal Psyche", "system_vote_count": 3, "user_vote_type_id": 0, "vote_id": 0}, {"hex_color": "#888888", "id": 7, "personality_type": "XXXX", "personality_type_id": 0, "system_name": "Temperaments", "system_vote_count": 20, "user_vote_type_id": 0, "vote_id": 0}, {"hex_color": "#888888", "id": 11, "personality_type": "XXXX", "personality_type_id": 0, "system_name": "Classic Jungian", "system_vote_count": 1, "user_vote_type_id": 0, "vote_id": 0}], "breakdown_systems": {"1": [{"myValue": "ISFJ", "personality_system_id": 1, "personality_type": "ISFJ", "theCount": 80}, {"myValue": "ISFP", "personality_system_id": 1, "personality_type": "ISFP", "theCount": 42}, {"myValue": "INFP", "personality_system_id": 1, "personality_type": "INFP", "theCount": 17}, {"myValue": "ESFJ", "personality_system_id": 1, "personality_type": "ESFJ", "theCount": 2}, {"myValue": "INFJ", "personality_system_id": 1, "personality_type": "INFJ", "theCount": 1}], "11": [{"myValue": "IS(F)", "personality_system_id": 11, "personality_type": "IS(F)", "theCount": 1}], "2": [{"myValue": "9w1", "personality_system_id": 2, "personality_type": "9w1", "theCount": 62}, {"myValue": "4w5", "personality_system_id": 2, "personality_type": "4w5", "theCount": 1}, {"myValue": "6w5", "personality_system_id": 2, "personality_type": "6w5", "theCount": 1}, {"myValue": "9w8", "personality_system_id": 2, "personality_type": "9w8", "theCount": 1}], "3": [{"myValue": "EII", "personality_system_id": 3, "personality_type": "EII", "theCount": 6}, {"myValue": "IEI", "personality_system_id": 3, "personality_type": "IEI", "theCount": 1}], "4": [{"myValue": "Neutral Good", "personality_system_id": 4, "personality_type": "Neutral Good", "theCount": 1}], "5": [{"myValue": "sp/sx", "personality_system_id": 5, "personality_type": "sp/sx", "theCount": 9}, {"myValue": "sx/so", "personality_system_id": 5, "personality_type": "sx/so", "theCount": 8}, {"myValue": "sp/so", "personality_system_id": 5, "personality_type": "sp/so", "theCount": 2}, {"myValue": "so/sp", "personality_system_id": 5, "personality_type": "so/sp", "theCount": 1}, {"myValue": "sx/sp", "personality_system_id": 5, "personality_type": "sx/sp", "theCount": 1}], "6": [{"myValue": "964", "personality_system_id": 6, "personality_type": "964", "theCount": 9}, {"myValue": "946", "personality_system_id": 6, "personality_type": "946", "theCount": 4}, {"myValue": "962", "personality_system_id": 6, "personality_type": "962", "theCount": 4}, {"myValue": "468", "personality_system_id": 6, "personality_type": "468", "theCount": 1}, {"myValue": "926", "personality_system_id": 6, "personality_type": "926", "theCount": 1}, {"myValue": "963", "personality_system_id": 6, "personality_type": "963", "theCount": 1}], "7": [{"myValue": "Phlegmatic [Dominant]", "personality_system_id": 7, "personality_type": "Phlegmatic [Dominant]", "theCount": 13}, {"myValue": "Phlegmatic-Melancholic", "personality_system_id": 7, "personality_type": "Phlegmatic-Melancholic", "theCount": 7}], "8": [{"myValue": "EFVL", "personality_system_id": 8, "personality_type": "EFVL", "theCount": 2}, {"myValue": "EFLV", "personality_system_id": 8, "personality_type": "EFLV", "theCount": 1}], "9": [{"myValue": "RLUAN", "personality_system_id": 9, "personality_type": "RLUAN", "theCount": 7}]}, "breakdown_config": {"expand": {"1": 3, "11": 1, "2": 3, "3": 1, "4": 1, "5": 1, "6": 1, "7": 2, "8": 1, "9": 1}, "fire": {"1": 1, "11": 0, "2": 0, "3": 0, "4": 0, "5": 0, "6": 0, "7": 1, "8": 0, "9": 0}}, "mbti_letter_stats": [{"type": "I", "percentage": "99%", "PercentageFloat": 0.9859154929577465}, {"type": "S", "percentage": "87%", "PercentageFloat": 0.8732394366197183}, {"type": "F", "percentage": "100%", "PercentageFloat": 1}, {"type": "J", "percentage": "58%", "PercentageFloat": 0.5845070422535211}], "topic_info": {"can_generate": false, "topic": {"description": "", "follow_count": 0, "id": 9878, "is_following": false, "is_join_pending": false, "is_banned": false, "is_moderated": false, "name_readable": "Ophelia", "post_count": 0, "source_profile_id": 10578, "source_type": "profile", "join_to_post": false, "can_pin": false, "related_topics": [{"description": "", "follow_count": 0, "id": 9876, "is_following": false, "is_join_pending": false, "is_banned": false, "is_moderated": false, "name_readable": "Hamlet", "post_count": 15, "source_profile_id": 10576, "source_type": "profile", "image": {"picURL": "https://static1.personality-database.com/profile_images/b7150894beab40f9b1bd0233d256645a.png"}, "join_to_post": false, "can_pin": false}, {"description": "", "follow_count": 0, "id": 24342, "is_following": false, "is_join_pending": false, "is_banned": false, "is_moderated": false, "name_readable": "Horatio", "post_count": 1, "source_profile_id": 27080, "source_type": "profile", "image": {"picURL": "https://static1.personality-database.com/profile_images/c03da8eb4316488f9c73ad58e639d8e7.png"}, "join_to_post": false, "can_pin": false}, {"description": "", "follow_count": 0, "id": 9877, "is_following": false, "is_join_pending": false, "is_banned": false, "is_moderated": false, "name_readable": "Claudius", "post_count": 0, "source_profile_id": 10577, "source_type": "profile", "image": {"picURL": "https://static1.personality-database.com/profile_images/15f06a0fce7843b085c505b4eec7f5aa.png"}, "join_to_post": false, "can_pin": false}, {"description": "", "follow_count": 0, "id": 9878, "is_following": false, "is_join_pending": false, "is_banned": false, "is_moderated": false, "name_readable": "Ophelia", "post_count": 0, "source_profile_id": 10578, "source_type": "profile", "image": {"picURL": "https://static1.personality-database.com/profile_images/8835683246aa4d008ce92048f943b230.png"}, "join_to_post": false, "can_pin": false}, {"description": "#ISFJVillains", "follow_count": 0, "id": 13873, "is_following": false, "is_join_pending": false, "is_banned": false, "is_moderated": false, "name_readable": "Gertrude", "post_count": 0, "source_profile_id": 15076, "source_type": "profile", "image": {"picURL": "https://static1.personality-database.com/profile_images/b06648d773ef4e728bfc8bcfed04b271.png"}, "join_to_post": false, "can_pin": false}, {"description": "#ESFJVillains", "follow_count": 0, "id": 13874, "is_following": false, "is_join_pending": false, "is_banned": false, "is_moderated": false, "name_readable": "Polonius", "post_count": 0, "source_profile_id": 15077, "source_type": "profile", "image": {"picURL": "https://static1.personality-database.com/profile_images/05ea8d80d9a7477fb8af899a353a75b4.png"}, "join_to_post": false, "can_pin": false}, {"description": "", "follow_count": 0, "id": 52609, "is_following": false, "is_join_pending": false, "is_banned": false, "is_moderated": false, "name_readable": "Laertes", "post_count": 0, "source_profile_id": 63197, "source_type": "profile", "image": {"picURL": "https://static1.personality-database.com/profile_images/33f61964eae846929a5ba3d2e2a98ac4.png"}, "join_to_post": false, "can_pin": false}, {"description": "", "follow_count": 0, "id": 55532, "is_following": false, "is_join_pending": false, "is_banned": false, "is_moderated": false, "name_readable": "Gravedigger", "post_count": 0, "source_profile_id": 66892, "source_type": "profile", "image": {"picURL": "https://www.personality-database.com/images/profile_transparent.png"}, "join_to_post": false, "can_pin": false}, {"description": "", "follow_count": 0, "id": 159383, "is_following": false, "is_join_pending": false, "is_banned": false, "is_moderated": false, "name_readable": "Rosencrantz and Guildenstern", "post_count": 0, "source_profile_id": 206201, "source_type": "profile", "image": {"picURL": "https://static1.personality-database.com/profile_images/16169ddc7e5a4cac971817d875310241.png"}, "join_to_post": false, "can_pin": false}, {"description": "", "follow_count": 0, "id": 159451, "is_following": false, "is_join_pending": false, "is_banned": false, "is_moderated": false, "name_readable": "Fortinbras", "post_count": 0, "source_profile_id": 206278, "source_type": "profile", "image": {"picURL": "https://static1.personality-database.com/profile_images/43b23b2a24ef484396c1933bc1c9f73b.png"}, "join_to_post": false, "can_pin": false}, {"description": "", "follow_count": 0, "id": 161257, "is_following": false, "is_join_pending": false, "is_banned": false, "is_moderated": false, "name_readable": "Ghost/King Hamlet", "post_count": 0, "source_profile_id": 208672, "source_type": "profile", "image": {"picURL": "https://static1.personality-database.com/profile_images/e93cc1efe7a243d08fc4c43d41d45887.png"}, "join_to_post": false, "can_pin": false}], "subcategory": "Hamlet", "topic_image_url": "https://static1.personality-database.com/profile_images/8835683246aa4d008ce92048f943b230.png", "source_location": {"cid": 12, "pid": 2, "sub_cat_id": 1417}, "can_post_image": false, "can_post_audio": false, "posts": {"posts": []}}}}