{"id": 10574, "mbti_profile": "Romeo Montague", "profile_name_searchable": "romeomontague", "allow_commenting": true, "allow_voting": true, "user_id": 3261, "contributor": "Jachn", "contributor_create_date": "2018-03-09 22:47:47", "contributor_pic_path": "https://lh5.googleusercontent.com/-7BVlTf580JM/AAAAAAAAAAI/AAAAAAAAFpA/fhDHaMjGnqM/s96-c/photo.jpg", "display_order": 1000, "edit_lock": 0, "edit_lock_picture": 0, "is_active": true, "is_approved": true, "mbti_enneagram_type": "INFP 4w3", "mbti_type": "INFP 4w3", "pdb_comment_access": true, "pdb_page_owner": 0, "pdb_public_access": true, "wiki_description": "", "watch_count": 834, "comment_count": 93, "vote_count": 435, "vote_count_enneagram": 203, "vote_count_mbti": 435, "total_vote_counts": 828, "personality_type": "INFP - 4w3 - sx/so - 479 - EIE - SLUAI - EFVL - Melancholic-Choleric - EN(F)", "type_updated_date": "2022-11-21 20:02:46", "enneagram_vote": "", "enneagram_vote_id": 0, "mbti_vote": "", "mbti_vote_id": 0, "is_watching": false, "image_exists": false, "profile_image_url": "https://static1.personality-database.com/profile_images/7f669e4db31a4a60b90b891796f9b615.png", "profile_image_credit": "", "profile_image_credit_id": 0, "profile_image_credit_type": "0", "profile_image_credit_url": "", "alt_subcategory": "", "related_subcategories": "", "cat_id": 12, "category": "Literature", "category_is_fictional": true, "sub_cat_id": 1416, "subcategory": "Romeo and Juliet", "subcat_link_info": {"sub_cat_id": 1416, "cat_id": 12, "property_id": 2, "subcategory": "Romeo and Juliet"}, "related_subcat_link_info": null, "related_profiles": [{"id": 10575, "mbti_profile": "Juliet Capulet", "subcategory": "Romeo and Juliet", "profile_image_url": "https://static1.personality-database.com/profile_images/26fdfc52e7824906a9f73a260319c3c1.png", "profile_name": "Juliet Capulet", "profile_subcat": "Romeo and Juliet", "sub_cat_id": 1416, "cat_id": 12, "property_id": 2, "mbti": "INFP", "enneatype": "4w5"}, {"id": 16602, "mbti_profile": "Mercutio", "subcategory": "Romeo and Juliet", "profile_image_url": "https://static1.personality-database.com/profile_images/e79bf5c39a2d4edcb57318d1a49ce003.png", "profile_name": "Mercutio", "profile_subcat": "Romeo and Juliet", "sub_cat_id": 1416, "cat_id": 12, "property_id": 2, "mbti": "ENTP", "enneatype": "7w8"}, {"id": 16605, "mbti_profile": "Friar Laurence", "subcategory": "Romeo and Juliet", "profile_image_url": "https://static1.personality-database.com/profile_images/c8b4e505b98e4938ac84e6aa3f38116a.png", "profile_name": "Friar Laurence", "profile_subcat": "Romeo and Juliet", "sub_cat_id": 1416, "cat_id": 12, "property_id": 2, "mbti": "INFJ", "enneatype": "1w9"}, {"id": 16603, "mbti_profile": "Tybalt", "subcategory": "Romeo and Juliet", "profile_image_url": "https://static1.personality-database.com/profile_images/2a4b329d150043e6bb200b6b7e59f3ed.png", "profile_name": "Tybalt", "profile_subcat": "Romeo and Juliet", "sub_cat_id": 1416, "cat_id": 12, "property_id": 2, "mbti": "ESTJ", "enneatype": "8w7"}, {"id": 16604, "mbti_profile": "Benvolio", "subcategory": "Romeo and Juliet", "profile_image_url": "https://static1.personality-database.com/profile_images/703db79761dc49d791156a8fae4d0f83.png", "profile_name": "Benvolio", "profile_subcat": "Romeo and Juliet", "sub_cat_id": 1416, "cat_id": 12, "property_id": 2, "mbti": "ISFJ", "enneatype": "9w1"}, {"id": 15282, "mbti_profile": "Prince Escalus", "subcategory": "Romeo and Juliet", "profile_image_url": "https://static1.personality-database.com/profile_images/be5eca98c5d04d14a35f24e6804b712d.png", "profile_name": "Prince Escalus", "profile_subcat": "Romeo and Juliet", "sub_cat_id": 1416, "cat_id": 12, "property_id": 2, "mbti": "ISTJ", "enneatype": "1w9"}, {"id": 36091, "mbti_profile": "Count Paris", "subcategory": "Romeo and Juliet", "profile_image_url": "https://static1.personality-database.com/profile_images/ab07549e5558455d8078d4b69dc7d362.png", "profile_name": "Count Paris", "profile_subcat": "Romeo and Juliet", "sub_cat_id": 1416, "cat_id": 12, "property_id": 2, "mbti": "ESFJ", "enneatype": "2w3"}, {"id": 38286, "mbti_profile": "Lord Capulet", "subcategory": "Romeo and Juliet", "profile_image_url": "", "profile_name": "Lord Capulet", "profile_subcat": "Romeo and Juliet", "sub_cat_id": 1416, "cat_id": 12, "property_id": 2, "mbti": "ESTJ", "enneatype": "8w7"}], "functions": ["Fi", "Ne", "Si", "Te"], "systems": [{"hex_color": "#888888", "id": 1, "personality_type": "XXXX", "personality_type_id": 0, "system_name": "Four Letter", "system_vote_count": 426, "user_vote_type_id": 0, "vote_id": 0}, {"hex_color": "#006775", "id": 2, "personality_type": "XXXX", "personality_type_id": 0, "system_name": "Enneagram", "system_vote_count": 198, "user_vote_type_id": 0, "vote_id": 0}, {"hex_color": "#006775", "id": 5, "personality_type": "XXXX", "personality_type_id": 0, "system_name": "Instinctual Variant", "system_vote_count": 58, "user_vote_type_id": 0, "vote_id": 0}, {"hex_color": "#006775", "id": 6, "personality_type": "XXXX", "personality_type_id": 0, "system_name": "Tritype", "system_vote_count": 43, "user_vote_type_id": 0, "vote_id": 0}, {"hex_color": "#888888", "id": 3, "personality_type": "XXXX", "personality_type_id": 0, "system_name": "Socionics", "system_vote_count": 23, "user_vote_type_id": 0, "vote_id": 0}, {"hex_color": "#888888", "id": 9, "personality_type": "XXXX", "personality_type_id": 0, "system_name": "Big 5 (SLOAN)", "system_vote_count": 18, "user_vote_type_id": 0, "vote_id": 0}, {"hex_color": "#888888", "id": 8, "personality_type": "XXXX", "personality_type_id": 0, "system_name": "Attitudinal Psyche", "system_vote_count": 7, "user_vote_type_id": 0, "vote_id": 0}, {"hex_color": "#888888", "id": 7, "personality_type": "XXXX", "personality_type_id": 0, "system_name": "Temperaments", "system_vote_count": 42, "user_vote_type_id": 0, "vote_id": 0}, {"hex_color": "#888888", "id": 11, "personality_type": "XXXX", "personality_type_id": 0, "system_name": "Classic Jungian", "system_vote_count": 4, "user_vote_type_id": 0, "vote_id": 0}], "breakdown_systems": {"1": [{"myValue": "INFP", "personality_system_id": 1, "personality_type": "INFP", "theCount": 203}, {"myValue": "ISFP", "personality_system_id": 1, "personality_type": "ISFP", "theCount": 120}, {"myValue": "ENFP", "personality_system_id": 1, "personality_type": "ENFP", "theCount": 73}, {"myValue": "ESFP", "personality_system_id": 1, "personality_type": "ESFP", "theCount": 22}, {"myValue": "ENFJ", "personality_system_id": 1, "personality_type": "ENFJ", "theCount": 5}, {"myValue": "ENTJ", "personality_system_id": 1, "personality_type": "ENTJ", "theCount": 1}, {"myValue": "INFJ", "personality_system_id": 1, "personality_type": "INFJ", "theCount": 1}, {"myValue": "ISTP", "personality_system_id": 1, "personality_type": "ISTP", "theCount": 1}], "11": [{"myValue": "EN(F)", "personality_system_id": 11, "personality_type": "EN(F)", "theCount": 2}, {"myValue": "IF(N)", "personality_system_id": 11, "personality_type": "IF(N)", "theCount": 1}, {"myValue": "IF(S)", "personality_system_id": 11, "personality_type": "IF(S)", "theCount": 1}], "2": [{"myValue": "4w3", "personality_system_id": 2, "personality_type": "4w3", "theCount": 189}, {"myValue": "2w3", "personality_system_id": 2, "personality_type": "2w3", "theCount": 3}, {"myValue": "4w5", "personality_system_id": 2, "personality_type": "4w5", "theCount": 2}, {"myValue": "3w4", "personality_system_id": 2, "personality_type": "3w4", "theCount": 1}, {"myValue": "5w6", "personality_system_id": 2, "personality_type": "5w6", "theCount": 1}, {"myValue": "6w5", "personality_system_id": 2, "personality_type": "6w5", "theCount": 1}, {"myValue": "7w6", "personality_system_id": 2, "personality_type": "7w6", "theCount": 1}], "3": [{"myValue": "EIE", "personality_system_id": 3, "personality_type": "EIE", "theCount": 21}, {"myValue": "ESI", "personality_system_id": 3, "personality_type": "ESI", "theCount": 1}, {"myValue": "IEE", "personality_system_id": 3, "personality_type": "IEE", "theCount": 1}], "4": [{"myValue": "Chaotic Good", "personality_system_id": 4, "personality_type": "Chaotic Good", "theCount": 6}, {"myValue": "Chaotic Neutral", "personality_system_id": 4, "personality_type": "Chaotic Neutral", "theCount": 2}, {"myValue": "Neutral Good", "personality_system_id": 4, "personality_type": "Neutral Good", "theCount": 1}], "5": [{"myValue": "sx/so", "personality_system_id": 5, "personality_type": "sx/so", "theCount": 46}, {"myValue": "sx/sp", "personality_system_id": 5, "personality_type": "sx/sp", "theCount": 7}, {"myValue": "so/sx", "personality_system_id": 5, "personality_type": "so/sx", "theCount": 5}], "6": [{"myValue": "479", "personality_system_id": 6, "personality_type": "479", "theCount": 36}, {"myValue": "469", "personality_system_id": 6, "personality_type": "469", "theCount": 2}, {"myValue": "478", "personality_system_id": 6, "personality_type": "478", "theCount": 2}, {"myValue": "371", "personality_system_id": 6, "personality_type": "371", "theCount": 1}, {"myValue": "379", "personality_system_id": 6, "personality_type": "379", "theCount": 1}, {"myValue": "749", "personality_system_id": 6, "personality_type": "749", "theCount": 1}], "7": [{"myValue": "Melancholic-Choleric", "personality_system_id": 7, "personality_type": "Melancholic-Choleric", "theCount": 29}, {"myValue": "Melancholic [Dominant]", "personality_system_id": 7, "personality_type": "Melancholic [Dominant]", "theCount": 4}, {"myValue": "Melancholic-Sanguine", "personality_system_id": 7, "personality_type": "Melancholic-Sanguine", "theCount": 3}, {"myValue": "Sanguine-Melancholic", "personality_system_id": 7, "personality_type": "Sanguine-Melancholic", "theCount": 3}, {"myValue": "Choleric-Melancholic", "personality_system_id": 7, "personality_type": "Choleric-Melancholic", "theCount": 1}, {"myValue": "Phlegmatic [Dominant]", "personality_system_id": 7, "personality_type": "Phlegmatic [Dominant]", "theCount": 1}, {"myValue": "Phlegmatic-Choleric", "personality_system_id": 7, "personality_type": "Phlegmatic-Choleric", "theCount": 1}], "8": [{"myValue": "EFVL", "personality_system_id": 8, "personality_type": "EFVL", "theCount": 5}, {"myValue": "ELVF", "personality_system_id": 8, "personality_type": "ELVF", "theCount": 1}, {"myValue": "EVLF", "personality_system_id": 8, "personality_type": "EVLF", "theCount": 1}], "9": [{"myValue": "SLUAI", "personality_system_id": 9, "personality_type": "SLUAI", "theCount": 10}, {"myValue": "SLUEN", "personality_system_id": 9, "personality_type": "SLUEN", "theCount": 4}, {"myValue": "RLUEI", "personality_system_id": 9, "personality_type": "RLUEI", "theCount": 2}, {"myValue": "RLUAI", "personality_system_id": 9, "personality_type": "RLUAI", "theCount": 1}, {"myValue": "SLUEI", "personality_system_id": 9, "personality_type": "SLUEI", "theCount": 1}]}, "breakdown_config": {"expand": {"1": 3, "11": 1, "2": 3, "3": 1, "4": 1, "5": 1, "6": 1, "7": 1, "8": 1, "9": 1}, "fire": {"1": 1, "11": 0, "2": 0, "3": 0, "4": 0, "5": 0, "6": 0, "7": 0, "8": 0, "9": 0}}, "mbti_letter_stats": [{"type": "I", "percentage": "76%", "PercentageFloat": 0.7629107981220657}, {"type": "N", "percentage": "66%", "PercentageFloat": 0.6643192488262911}, {"type": "F", "percentage": "100%", "PercentageFloat": 0.9953051643192489}, {"type": "P", "percentage": "98%", "PercentageFloat": 0.9835680751173709}], "topic_info": {"can_generate": false, "topic": {"description": "", "follow_count": 0, "id": 9874, "is_following": false, "is_join_pending": false, "is_banned": false, "is_moderated": false, "name_readable": "Romeo Montague", "post_count": 23, "source_profile_id": 10574, "source_type": "profile", "join_to_post": false, "can_pin": false, "related_topics": [{"description": "", "follow_count": 0, "id": 9874, "is_following": false, "is_join_pending": false, "is_banned": false, "is_moderated": false, "name_readable": "Romeo Montague", "post_count": 23, "source_profile_id": 10574, "source_type": "profile", "image": {"picURL": "https://static1.personality-database.com/profile_images/7f669e4db31a4a60b90b891796f9b615.png"}, "join_to_post": false, "can_pin": false}, {"description": "", "follow_count": 1, "id": 9875, "is_following": false, "is_join_pending": false, "is_banned": false, "is_moderated": false, "name_readable": "Juliet Capulet", "post_count": 5, "source_profile_id": 10575, "source_type": "profile", "image": {"picURL": "https://static1.personality-database.com/profile_images/26fdfc52e7824906a9f73a260319c3c1.png"}, "join_to_post": false, "can_pin": false}, {"description": "", "follow_count": 0, "id": 34210, "is_following": false, "is_join_pending": false, "is_banned": false, "is_moderated": false, "name_readable": "Lady Capulet", "post_count": 1, "source_profile_id": 38287, "source_type": "profile", "image": {"picURL": "https://www.personality-database.com/images/profile_transparent.png"}, "join_to_post": false, "can_pin": false}, {"description": "", "follow_count": 0, "id": 14050, "is_following": false, "is_join_pending": false, "is_banned": false, "is_moderated": false, "name_readable": "Prince Escalus", "post_count": 0, "source_profile_id": 15282, "source_type": "profile", "image": {"picURL": "https://static1.personality-database.com/profile_images/be5eca98c5d04d14a35f24e6804b712d.png"}, "join_to_post": false, "can_pin": false}, {"description": "", "follow_count": 0, "id": 15266, "is_following": false, "is_join_pending": false, "is_banned": false, "is_moderated": false, "name_readable": "Mercutio", "post_count": 0, "source_profile_id": 16602, "source_type": "profile", "image": {"picURL": "https://static1.personality-database.com/profile_images/e79bf5c39a2d4edcb57318d1a49ce003.png"}, "join_to_post": false, "can_pin": false}, {"description": "", "follow_count": 0, "id": 15267, "is_following": false, "is_join_pending": false, "is_banned": false, "is_moderated": false, "name_readable": "Tybalt", "post_count": 0, "source_profile_id": 16603, "source_type": "profile", "image": {"picURL": "https://static1.personality-database.com/profile_images/2a4b329d150043e6bb200b6b7e59f3ed.png"}, "join_to_post": false, "can_pin": false}, {"description": "", "follow_count": 0, "id": 15268, "is_following": false, "is_join_pending": false, "is_banned": false, "is_moderated": false, "name_readable": "Benvolio", "post_count": 0, "source_profile_id": 16604, "source_type": "profile", "image": {"picURL": "https://static1.personality-database.com/profile_images/703db79761dc49d791156a8fae4d0f83.png"}, "join_to_post": false, "can_pin": false}, {"description": "", "follow_count": 0, "id": 15269, "is_following": false, "is_join_pending": false, "is_banned": false, "is_moderated": false, "name_readable": "Friar Laurence", "post_count": 0, "source_profile_id": 16605, "source_type": "profile", "image": {"picURL": "https://static1.personality-database.com/profile_images/c8b4e505b98e4938ac84e6aa3f38116a.png"}, "join_to_post": false, "can_pin": false}, {"description": "", "follow_count": 0, "id": 23954, "is_following": false, "is_join_pending": false, "is_banned": false, "is_moderated": false, "name_readable": "Nurse", "post_count": 0, "source_profile_id": 26669, "source_type": "profile", "image": {"picURL": "https://www.personality-database.com/images/profile_transparent.png"}, "join_to_post": false, "can_pin": false}, {"description": "", "follow_count": 0, "id": 32312, "is_following": false, "is_join_pending": false, "is_banned": false, "is_moderated": false, "name_readable": "Count Paris", "post_count": 0, "source_profile_id": 36091, "source_type": "profile", "image": {"picURL": "https://static1.personality-database.com/profile_images/ab07549e5558455d8078d4b69dc7d362.png"}, "join_to_post": false, "can_pin": false}, {"description": "", "follow_count": 0, "id": 34209, "is_following": false, "is_join_pending": false, "is_banned": false, "is_moderated": false, "name_readable": "Lord Capulet", "post_count": 0, "source_profile_id": 38286, "source_type": "profile", "image": {"picURL": "https://www.personality-database.com/images/profile_transparent.png"}, "join_to_post": false, "can_pin": false}, {"description": "", "follow_count": 0, "id": 73765, "is_following": false, "is_join_pending": false, "is_banned": false, "is_moderated": false, "name_readable": "Lady Montague", "post_count": 0, "source_profile_id": 91453, "source_type": "profile", "image": {"picURL": "https://www.personality-database.com/images/profile_transparent.png"}, "join_to_post": false, "can_pin": false}, {"description": "", "follow_count": 0, "id": 123403, "is_following": false, "is_join_pending": false, "is_banned": false, "is_moderated": false, "name_readable": "Lord Montague", "post_count": 0, "source_profile_id": 159008, "source_type": "profile", "image": {"picURL": "https://www.personality-database.com/images/profile_transparent.png"}, "join_to_post": false, "can_pin": false}, {"description": "", "follow_count": 0, "id": 123404, "is_following": false, "is_join_pending": false, "is_banned": false, "is_moderated": false, "name_readable": "Sampson", "post_count": 0, "source_profile_id": 159009, "source_type": "profile", "image": {"picURL": "https://www.personality-database.com/images/profile_transparent.png"}, "join_to_post": false, "can_pin": false}, {"description": "", "follow_count": 0, "id": 123405, "is_following": false, "is_join_pending": false, "is_banned": false, "is_moderated": false, "name_readable": "Gregory", "post_count": 0, "source_profile_id": 159010, "source_type": "profile", "image": {"picURL": "https://www.personality-database.com/images/profile_transparent.png"}, "join_to_post": false, "can_pin": false}], "subcategory": "Romeo and Juliet", "topic_image_url": "https://static1.personality-database.com/profile_images/7f669e4db31a4a60b90b891796f9b615.png", "source_location": {"cid": 12, "pid": 2, "sub_cat_id": 1416}, "can_post_image": false, "can_post_audio": false, "posts": {"posts": [{"username": "exPDBee513249", "user_pic_path": "", "user_personality_type": "XXXX", "is_mod": false, "comment_count": 0, "reply_count": 0, "vote_type": 0, "topics_list": [{"id": 9874, "name_readable": "Romeo Montague"}], "id": 2146835, "post_id": 2146835, "user_id": 513249, "title": "", "content": "This mfer was really over here having a meltdown after he found out he'd never get some Juli-ussy bruh", "create_date": 1673244088000, "unix_timestamp": 1673244088000, "update_date": 1673244088000, "vote_count": 0, "vote_count_down": 0, "is_reported": 0, "is_hidden": false, "is_pinned": false, "is_watching": false, "is_pro_user": false, "images": null, "audios": null, "function_list": [], "type": "post"}, {"username": "chemical_", "user_pic_path": "", "user_personality_type": "INTP-5w4-541", "is_mod": false, "comment_count": 0, "reply_count": 0, "vote_type": 0, "topics_list": [{"id": 9874, "name_readable": "Romeo Montague"}], "id": 1640608, "post_id": 1640608, "user_id": 1285503, "title": "", "content": "\"logic unbothered\"", "create_date": 1667154502000, "unix_timestamp": 1667154502000, "update_date": 1667154502000, "vote_count": 5, "vote_count_down": 0, "is_reported": 0, "is_hidden": false, "is_pinned": false, "is_watching": false, "is_pro_user": false, "images": null, "audios": null, "function_list": [], "type": "post"}, {"username": "Unwritten Dreams", "user_pic_path": "https://lh3.googleusercontent.com/a-/AOh14GiMQLdNTLywOCplLTQg__zfy2G0gU-g7FiImErRNQ=s96-c", "user_personality_type": "ISFP-3w4-316", "is_mod": false, "comment_count": 2, "reply_count": 2, "vote_type": 0, "topics_list": [{"id": 9874, "name_readable": "Romeo Montague"}], "id": 246579, "post_id": 246579, "user_id": 297298, "title": "", "content": "Being so close to him honestly kinda scares me because I\u2019ve definitely had bad star crossed luck with love, but when I read this in school I was nothing like him at all! Which is weird how back then I was like INTJ 5w4", "create_date": 1636214580000, "unix_timestamp": 1636214580000, "update_date": 1636214580000, "vote_count": 1, "vote_count_down": 0, "is_reported": 1, "is_hidden": false, "is_pinned": false, "is_watching": false, "is_pro_user": false, "images": null, "audios": null, "function_list": [], "type": "post"}]}}}}