{"id": 10573, "mbti_profile": "Meursault", "profile_name_searchable": "meursault", "allow_commenting": true, "allow_voting": true, "user_id": 3261, "contributor": "Jachn", "contributor_create_date": "2018-03-09 22:45:33", "contributor_pic_path": "https://lh5.googleusercontent.com/-7BVlTf580JM/AAAAAAAAAAI/AAAAAAAAFpA/fhDHaMjGnqM/s96-c/photo.jpg", "display_order": 1000, "edit_lock": 0, "edit_lock_picture": 0, "is_active": true, "is_approved": true, "mbti_enneagram_type": "ISTP 9w8", "mbti_type": "ISTP 9w8", "pdb_comment_access": true, "pdb_page_owner": 0, "pdb_public_access": true, "wiki_description": "", "watch_count": 259, "comment_count": 86, "vote_count": 314, "vote_count_enneagram": 191, "vote_count_mbti": 314, "total_vote_counts": 855, "personality_type": "ISTP - 9w8 - sp/sx - 954 - SLI - RCUEN - FLEV - Phlegmatic [Dominant] - IS(T)", "type_updated_date": "2022-11-15 16:26:35", "enneagram_vote": "", "enneagram_vote_id": 0, "mbti_vote": "", "mbti_vote_id": 0, "is_watching": false, "image_exists": false, "profile_image_url": "https://static1.personality-database.com/profile_images/715d58fd78f748da8cf9c7baeb937d96.png", "profile_image_credit": "", "profile_image_credit_id": 163540, "profile_image_credit_type": "0", "profile_image_credit_url": "", "alt_subcategory": "", "related_subcategories": "", "cat_id": 12, "category": "Literature", "category_is_fictional": true, "sub_cat_id": 1415, "subcategory": "The Stranger / The Outsider", "subcat_link_info": {"sub_cat_id": 1415, "cat_id": 12, "property_id": 2, "subcategory": "The Stranger / The Outsider"}, "related_subcat_link_info": null, "related_profiles": [{"id": 47027, "mbti_profile": "Marie Cardona", "subcategory": "The Stranger / The Outsider", "profile_image_url": "https://static1.personality-database.com/profile_images/64a87359be964e0ba3ce6831d633e7cd.png", "profile_name": "Marie Cardona", "profile_subcat": "The Stranger / The Outsider", "sub_cat_id": 1415, "cat_id": 12, "property_id": 2, "mbti": "ESFJ", "enneatype": "2w3"}, {"id": 95348, "mbti_profile": "Raymond Sintes", "subcategory": "The Stranger / The Outsider", "profile_image_url": "", "profile_name": "Raymond Sintes", "profile_subcat": "The Stranger / The Outsider", "sub_cat_id": 1415, "cat_id": 12, "property_id": 2, "mbti": "ESTP", "enneatype": "8w7"}, {"id": 297311, "mbti_profile": "Salamano", "subcategory": "The Stranger / The Outsider", "profile_image_url": "", "profile_name": "Salamano", "profile_subcat": "The Stranger / The Outsider", "sub_cat_id": 1415, "cat_id": 12, "property_id": 2, "mbti": "ISTJ", "enneatype": "6w5"}, {"id": 980804, "mbti_profile": "The Chaplain", "subcategory": "The Stranger / The Outsider", "profile_image_url": "", "profile_name": "The Chaplain", "profile_subcat": "The Stranger / The Outsider", "sub_cat_id": 1415, "cat_id": 12, "property_id": 2, "mbti": "ESFJ", "enneatype": ""}, {"id": 980827, "mbti_profile": "The Prosecutor", "subcategory": "The Stranger / The Outsider", "profile_image_url": "", "profile_name": "The Prosecutor", "profile_subcat": "The Stranger / The Outsider", "sub_cat_id": 1415, "cat_id": 12, "property_id": 2, "mbti": "ESTJ", "enneatype": ""}, {"id": 980348, "mbti_profile": "C\u00e9leste", "subcategory": "The Stranger / The Outsider", "profile_image_url": "", "profile_name": "C\u00e9leste", "profile_subcat": "The Stranger / The Outsider", "sub_cat_id": 1415, "cat_id": 12, "property_id": 2, "mbti": "", "enneatype": ""}, {"id": 980354, "mbti_profile": "Thomas P\u00e9rez", "subcategory": "The Stranger / The Outsider", "profile_image_url": "", "profile_name": "Thomas P\u00e9rez", "profile_subcat": "The Stranger / The Outsider", "sub_cat_id": 1415, "cat_id": 12, "property_id": 2, "mbti": "", "enneatype": ""}, {"id": 980358, "mbti_profile": "Masson", "subcategory": "The Stranger / The Outsider", "profile_image_url": "", "profile_name": "Masson", "profile_subcat": "The Stranger / The Outsider", "sub_cat_id": 1415, "cat_id": 12, "property_id": 2, "mbti": "", "enneatype": ""}], "functions": ["Ti", "Se", "Ni", "Fe"], "systems": [{"hex_color": "#888888", "id": 1, "personality_type": "XXXX", "personality_type_id": 0, "system_name": "Four Letter", "system_vote_count": 310, "user_vote_type_id": 0, "vote_id": 0}, {"hex_color": "#006775", "id": 2, "personality_type": "XXXX", "personality_type_id": 0, "system_name": "Enneagram", "system_vote_count": 184, "user_vote_type_id": 0, "vote_id": 0}, {"hex_color": "#006775", "id": 5, "personality_type": "XXXX", "personality_type_id": 0, "system_name": "Instinctual Variant", "system_vote_count": 94, "user_vote_type_id": 0, "vote_id": 0}, {"hex_color": "#006775", "id": 6, "personality_type": "XXXX", "personality_type_id": 0, "system_name": "Tritype", "system_vote_count": 63, "user_vote_type_id": 0, "vote_id": 0}, {"hex_color": "#888888", "id": 3, "personality_type": "XXXX", "personality_type_id": 0, "system_name": "Socionics", "system_vote_count": 46, "user_vote_type_id": 0, "vote_id": 0}, {"hex_color": "#888888", "id": 9, "personality_type": "XXXX", "personality_type_id": 0, "system_name": "Big 5 (SLOAN)", "system_vote_count": 36, "user_vote_type_id": 0, "vote_id": 0}, {"hex_color": "#888888", "id": 8, "personality_type": "XXXX", "personality_type_id": 0, "system_name": "Attitudinal Psyche", "system_vote_count": 33, "user_vote_type_id": 0, "vote_id": 0}, {"hex_color": "#888888", "id": 7, "personality_type": "XXXX", "personality_type_id": 0, "system_name": "Temperaments", "system_vote_count": 60, "user_vote_type_id": 0, "vote_id": 0}, {"hex_color": "#888888", "id": 11, "personality_type": "XXXX", "personality_type_id": 0, "system_name": "Classic Jungian", "system_vote_count": 15, "user_vote_type_id": 0, "vote_id": 0}], "breakdown_systems": {"1": [{"myValue": "ISTP", "personality_system_id": 1, "personality_type": "ISTP", "theCount": 283}, {"myValue": "ISTJ", "personality_system_id": 1, "personality_type": "ISTJ", "theCount": 8}, {"myValue": "ISFP", "personality_system_id": 1, "personality_type": "ISFP", "theCount": 6}, {"myValue": "INTP", "personality_system_id": 1, "personality_type": "INTP", "theCount": 5}, {"myValue": "INTJ", "personality_system_id": 1, "personality_type": "INTJ", "theCount": 3}, {"myValue": "ESTP", "personality_system_id": 1, "personality_type": "ESTP", "theCount": 2}, {"myValue": "ENFP", "personality_system_id": 1, "personality_type": "ENFP", "theCount": 1}, {"myValue": "ESFP", "personality_system_id": 1, "personality_type": "ESFP", "theCount": 1}, {"myValue": "INFP", "personality_system_id": 1, "personality_type": "INFP", "theCount": 1}], "11": [{"myValue": "IS(T)", "personality_system_id": 11, "personality_type": "IS(T)", "theCount": 13}, {"myValue": "ES(T)", "personality_system_id": 11, "personality_type": "ES(T)", "theCount": 1}, {"myValue": "IT(S)", "personality_system_id": 11, "personality_type": "IT(S)", "theCount": 1}], "2": [{"myValue": "9w8", "personality_system_id": 2, "personality_type": "9w8", "theCount": 145}, {"myValue": "5w6", "personality_system_id": 2, "personality_type": "5w6", "theCount": 27}, {"myValue": "5w4", "personality_system_id": 2, "personality_type": "5w4", "theCount": 5}, {"myValue": "9w1", "personality_system_id": 2, "personality_type": "9w1", "theCount": 3}, {"myValue": "8w9", "personality_system_id": 2, "personality_type": "8w9", "theCount": 2}, {"myValue": "2w3", "personality_system_id": 2, "personality_type": "2w3", "theCount": 1}, {"myValue": "4w3", "personality_system_id": 2, "personality_type": "4w3", "theCount": 1}], "3": [{"myValue": "SLI", "personality_system_id": 3, "personality_type": "SLI", "theCount": 45}, {"myValue": "ESI", "personality_system_id": 3, "personality_type": "ESI", "theCount": 1}], "4": [{"myValue": "True Neutral", "personality_system_id": 4, "personality_type": "True Neutral", "theCount": 11}, {"myValue": "Chaotic Neutral", "personality_system_id": 4, "personality_type": "Chaotic Neutral", "theCount": 3}], "5": [{"myValue": "sp/sx", "personality_system_id": 5, "personality_type": "sp/sx", "theCount": 86}, {"myValue": "sp/so", "personality_system_id": 5, "personality_type": "sp/so", "theCount": 5}, {"myValue": "sx/so", "personality_system_id": 5, "personality_type": "sx/so", "theCount": 2}, {"myValue": "sx/sp", "personality_system_id": 5, "personality_type": "sx/sp", "theCount": 1}], "6": [{"myValue": "954", "personality_system_id": 6, "personality_type": "954", "theCount": 39}, {"myValue": "594", "personality_system_id": 6, "personality_type": "594", "theCount": 18}, {"myValue": "945", "personality_system_id": 6, "personality_type": "945", "theCount": 2}, {"myValue": "278", "personality_system_id": 6, "personality_type": "278", "theCount": 1}, {"myValue": "549", "personality_system_id": 6, "personality_type": "549", "theCount": 1}, {"myValue": "593", "personality_system_id": 6, "personality_type": "593", "theCount": 1}, {"myValue": "946", "personality_system_id": 6, "personality_type": "946", "theCount": 1}], "7": [{"myValue": "Phlegmatic [Dominant]", "personality_system_id": 7, "personality_type": "Phlegmatic [Dominant]", "theCount": 50}, {"myValue": "Phlegmatic-Melancholic", "personality_system_id": 7, "personality_type": "Phlegmatic-Melancholic", "theCount": 10}], "8": [{"myValue": "FLEV", "personality_system_id": 8, "personality_type": "FLEV", "theCount": 22}, {"myValue": "LFVE", "personality_system_id": 8, "personality_type": "LFVE", "theCount": 5}, {"myValue": "LFEV", "personality_system_id": 8, "personality_type": "LFEV", "theCount": 4}, {"myValue": "EVFL", "personality_system_id": 8, "personality_type": "EVFL", "theCount": 1}, {"myValue": "FLVE", "personality_system_id": 8, "personality_type": "FLVE", "theCount": 1}], "9": [{"myValue": "RCUEN", "personality_system_id": 9, "personality_type": "RCUEN", "theCount": 33}, {"myValue": "RCUEI", "personality_system_id": 9, "personality_type": "RCUEI", "theCount": 2}, {"myValue": "RCOEN", "personality_system_id": 9, "personality_type": "RCOEN", "theCount": 1}]}, "breakdown_config": {"expand": {"1": 3, "11": 1, "2": 3, "3": 1, "4": 1, "5": 1, "6": 1, "7": 1, "8": 1, "9": 1}, "fire": {"1": 0, "11": 0, "2": 0, "3": 0, "4": 0, "5": 0, "6": 0, "7": 0, "8": 0, "9": 0}}, "mbti_letter_stats": [{"type": "I", "percentage": "99%", "PercentageFloat": 0.9870967741935484}, {"type": "S", "percentage": "97%", "PercentageFloat": 0.967741935483871}, {"type": "T", "percentage": "97%", "PercentageFloat": 0.9709677419354839}, {"type": "P", "percentage": "96%", "PercentageFloat": 0.964516129032258}], "topic_info": {"can_generate": false, "topic": {"description": "", "follow_count": 0, "id": 9873, "is_following": false, "is_join_pending": false, "is_banned": false, "is_moderated": false, "name_readable": "Meursault", "post_count": 15, "source_profile_id": 10573, "source_type": "profile", "join_to_post": false, "can_pin": false, "related_topics": [{"description": "", "follow_count": 0, "id": 9873, "is_following": false, "is_join_pending": false, "is_banned": false, "is_moderated": false, "name_readable": "Meursault", "post_count": 15, "source_profile_id": 10573, "source_type": "profile", "image": {"picURL": "https://static1.personality-database.com/profile_images/715d58fd78f748da8cf9c7baeb937d96.png"}, "join_to_post": false, "can_pin": false}, {"description": "", "follow_count": 0, "id": 41329, "is_following": false, "is_join_pending": false, "is_banned": false, "is_moderated": false, "name_readable": "Marie Cardona", "post_count": 0, "source_profile_id": 47027, "source_type": "profile", "image": {"picURL": "https://static1.personality-database.com/profile_images/64a87359be964e0ba3ce6831d633e7cd.png"}, "join_to_post": false, "can_pin": false}, {"description": "", "follow_count": 0, "id": 77066, "is_following": false, "is_join_pending": false, "is_banned": false, "is_moderated": false, "name_readable": "Raymond Sintes", "post_count": 0, "source_profile_id": 95348, "source_type": "profile", "image": {"picURL": "https://www.personality-database.com/images/profile_transparent.png"}, "join_to_post": false, "can_pin": false}, {"description": "", "follow_count": 0, "id": 228369, "is_following": false, "is_join_pending": false, "is_banned": false, "is_moderated": false, "name_readable": "Salamano", "post_count": 0, "source_profile_id": 297311, "source_type": "profile", "image": {"picURL": "https://www.personality-database.com/images/profile_transparent.png"}, "join_to_post": false, "can_pin": false}], "subcategory": "The Stranger / The Outsider", "topic_image_url": "https://static1.personality-database.com/profile_images/715d58fd78f748da8cf9c7baeb937d96.png", "source_location": {"cid": 12, "pid": 2, "sub_cat_id": 1415}, "can_post_image": false, "can_post_audio": false, "posts": {"posts": [{"username": "kessutakki", "user_pic_path": "https://lh3.googleusercontent.com/a-/AOh14GhJJuMXJiXB3GK_wAUYlknc7l4geaz65GI-rGE-wA=s96-c", "user_personality_type": "ISTP-5w6-593", "is_mod": false, "comment_count": 0, "reply_count": 0, "vote_type": 0, "topics_list": [{"id": 9873, "name_readable": "Meursault"}], "id": 1367801, "post_id": 1367801, "user_id": 282584, "title": "", "content": "I'm one inconvenience away from becoming this fool", "create_date": 1663690761000, "unix_timestamp": 1663690761000, "update_date": 1663690761000, "vote_count": 6, "vote_count_down": 0, "is_reported": 0, "is_hidden": false, "is_pinned": false, "is_watching": false, "is_pro_user": false, "images": null, "audios": null, "function_list": [], "type": "post"}, {"username": "ainsleyg", "user_pic_path": "https://lh3.googleusercontent.com/a-/AOh14GgVkMBS_VOjh7bdLBCnyq4jxHBbMTjQcBznuTiRFQ=s96-c", "user_personality_type": "INTP-5w6-549", "is_mod": false, "comment_count": 4, "reply_count": 4, "vote_type": 0, "topics_list": [{"id": 9873, "name_readable": "Meursault"}], "id": 1282643, "post_id": 1282643, "user_id": 369780, "title": "", "content": "Far too attuned to the body to be a 5. \nEven his reasoning for the murder was that the Sun was too hot that day.", "create_date": 1662399131000, "unix_timestamp": 1662399131000, "update_date": 1662399131000, "vote_count": 4, "vote_count_down": 0, "is_reported": 0, "is_hidden": false, "is_pinned": false, "is_watching": false, "is_pro_user": false, "images": null, "audios": null, "function_list": [], "type": "post"}, {"username": "oof.thatwasawkward", "user_pic_path": "https://static1.personality-database.com/user_avatars/212925/9adfb456-4871-4dfe-a302-35473aa807d5.jpeg", "user_personality_type": "INTP-5w6", "is_mod": false, "comment_count": 1, "reply_count": 1, "vote_type": 0, "topics_list": [{"id": 9873, "name_readable": "Meursault"}], "id": 1052354, "post_id": 1052354, "user_id": 212925, "title": "", "content": "Stereotypical ISTPs: mysterious, cool, collected, badass\nMeursault: Mr. One original thought per year, prompted to reflection only under the threat of his impending death", "create_date": 1658670994000, "unix_timestamp": 1658670994000, "update_date": 1658671291000, "vote_count": 7, "vote_count_down": 0, "is_reported": 0, "is_hidden": false, "is_pinned": false, "is_watching": false, "is_pro_user": false, "images": null, "audios": null, "function_list": [], "type": "post"}]}}}}