{"id": 10593, "mbti_profile": "Frodo Baggins", "profile_name_searchable": "frodobaggins", "allow_commenting": true, "allow_voting": true, "user_id": 3261, "contributor": "Jachn", "contributor_create_date": "2018-03-09 23:09:04", "contributor_pic_path": "https://lh5.googleusercontent.com/-7BVlTf580JM/AAAAAAAAAAI/AAAAAAAAFpA/fhDHaMjGnqM/s96-c/photo.jpg", "display_order": 1000, "edit_lock": 0, "edit_lock_picture": 0, "is_active": true, "is_approved": true, "mbti_enneagram_type": "INFP 9w1", "mbti_type": "INFP 9w1", "pdb_comment_access": true, "pdb_page_owner": 0, "pdb_public_access": true, "wiki_description": "Frodo Baggins was a hobbit of the Third Age, the most famous of all Hobbits in the histories for his leading role in the Quest of the Ring. During this epic quest, he bore the One Ring to Mount Doom and there destroyed it, giving him renown like no other Halfling throughout Middle-earth. He is also peculiar for being, as a Ring-bearer, one of the three Hobbits who sailed from Middle-earth to Aman, there to die in peace.", "watch_count": 358, "comment_count": 1, "vote_count": 171, "vote_count_enneagram": 69, "vote_count_mbti": 171, "total_vote_counts": 329, "personality_type": "INFP - 9w1 - sp/so - 946 - EII - RCUAI - ELVF - Phlegmatic-Melancholic - IF(N)", "type_updated_date": "2022-12-05 19:40:17", "enneagram_vote": "", "enneagram_vote_id": 0, "mbti_vote": "", "mbti_vote_id": 0, "is_watching": false, "image_exists": true, "profile_image_url": "https://static1.personality-database.com/profile_images/37e618ac8d194fcabcf27f476f37c900.png", "profile_image_credit": "", "profile_image_credit_id": 35607, "profile_image_credit_type": "0", "profile_image_credit_url": "", "alt_subcategory": "", "related_subcategories": "", "cat_id": 12, "category": "Literature", "category_is_fictional": true, "sub_cat_id": 1423, "subcategory": "Lord of the Rings & The Hobbit", "subcat_link_info": {"sub_cat_id": 1423, "cat_id": 12, "property_id": 2, "subcategory": "Lord of the Rings & The Hobbit"}, "related_subcat_link_info": null, "related_profiles": [{"id": 12454, "mbti_profile": "Sauron", "subcategory": "Lord of the Rings & The Hobbit", "profile_image_url": "https://static1.personality-database.com/profile_images/f417f76ee11b4926b69948ba9776fb1f.png", "profile_name": "Sauron", "profile_subcat": "Lord of the Rings & The Hobbit", "sub_cat_id": 1423, "cat_id": 12, "property_id": 2, "mbti": "INTJ", "enneatype": "1w9"}, {"id": 10595, "mbti_profile": "Gandalf", "subcategory": "Lord of the Rings & The Hobbit", "profile_image_url": "https://static1.personality-database.com/profile_images/363cd0d9ceb347659c70399bda76eb84.png", "profile_name": "Gandalf", "profile_subcat": "Lord of the Rings & The Hobbit", "sub_cat_id": 1423, "cat_id": 12, "property_id": 2, "mbti": "INTJ", "enneatype": "5w4"}, {"id": 10600, "mbti_profile": "Meriadoc \"Merry\" Brandybuck", "subcategory": "Lord of the Rings & The Hobbit", "profile_image_url": "https://static1.personality-database.com/profile_images/5f5aa5a5ade242a18fdacf4fea344f4d.png", "profile_name": "Meriadoc \"Merry\" Brandybuck", "profile_subcat": "Lord of the Rings & The Hobbit", "sub_cat_id": 1423, "cat_id": 12, "property_id": 2, "mbti": "ISTJ", "enneatype": "5w6"}, {"id": 10597, "mbti_profile": "Aragorn (Strider)", "subcategory": "Lord of the Rings & The Hobbit", "profile_image_url": "https://static1.personality-database.com/profile_images/259f99a9e3474bfc85d3fff1240e6843.png", "profile_name": "Aragorn (Strider)", "profile_subcat": "Lord of the Rings & The Hobbit", "sub_cat_id": 1423, "cat_id": 12, "property_id": 2, "mbti": "INFJ", "enneatype": "1w9"}, {"id": 10602, "mbti_profile": "Bilbo Baggins", "subcategory": "Lord of the Rings & The Hobbit", "profile_image_url": "https://static1.personality-database.com/profile_images/789d1698017a42079a266c0f77e4454d.png", "profile_name": "Bilbo Baggins", "profile_subcat": "Lord of the Rings & The Hobbit", "sub_cat_id": 1423, "cat_id": 12, "property_id": 2, "mbti": "ISFJ", "enneatype": "6w5"}, {"id": 10596, "mbti_profile": "Gollum (Sm\u00e9agol)", "subcategory": "Lord of the Rings & The Hobbit", "profile_image_url": "https://static1.personality-database.com/profile_images/56f1b03e75b148ed8fb3c500a442023f.png", "profile_name": "Gollum (Sm\u00e9agol)", "profile_subcat": "Lord of the Rings & The Hobbit", "sub_cat_id": 1423, "cat_id": 12, "property_id": 2, "mbti": "ISFP", "enneatype": "4w3"}, {"id": 10598, "mbti_profile": "Boromir", "subcategory": "Lord of the Rings & The Hobbit", "profile_image_url": "https://static1.personality-database.com/profile_images/4fe4dbdd6b2046dab4e84a68bd91656f.png", "profile_name": "Boromir", "profile_subcat": "Lord of the Rings & The Hobbit", "sub_cat_id": 1423, "cat_id": 12, "property_id": 2, "mbti": "ESTJ", "enneatype": "1w9"}, {"id": 10606, "mbti_profile": "Galadriel", "subcategory": "Lord of the Rings & The Hobbit", "profile_image_url": "https://static1.personality-database.com/profile_images/d264b390e4c54ecfbe6c3fee23e2106d.png", "profile_name": "Galadriel", "profile_subcat": "Lord of the Rings & The Hobbit", "sub_cat_id": 1423, "cat_id": 12, "property_id": 2, "mbti": "INFJ", "enneatype": "1w9"}], "functions": ["Fi", "Ne", "Si", "Te"], "systems": [{"hex_color": "#888888", "id": 1, "personality_type": "XXXX", "personality_type_id": 0, "system_name": "Four Letter", "system_vote_count": 170, "user_vote_type_id": 0, "vote_id": 0}, {"hex_color": "#006775", "id": 2, "personality_type": "XXXX", "personality_type_id": 0, "system_name": "Enneagram", "system_vote_count": 68, "user_vote_type_id": 0, "vote_id": 0}, {"hex_color": "#006775", "id": 5, "personality_type": "XXXX", "personality_type_id": 0, "system_name": "Instinctual Variant", "system_vote_count": 20, "user_vote_type_id": 0, "vote_id": 0}, {"hex_color": "#006775", "id": 6, "personality_type": "XXXX", "personality_type_id": 0, "system_name": "Tritype", "system_vote_count": 18, "user_vote_type_id": 0, "vote_id": 0}, {"hex_color": "#888888", "id": 3, "personality_type": "XXXX", "personality_type_id": 0, "system_name": "Socionics", "system_vote_count": 13, "user_vote_type_id": 0, "vote_id": 0}, {"hex_color": "#888888", "id": 9, "personality_type": "XXXX", "personality_type_id": 0, "system_name": "Big 5 (SLOAN)", "system_vote_count": 7, "user_vote_type_id": 0, "vote_id": 0}, {"hex_color": "#888888", "id": 8, "personality_type": "XXXX", "personality_type_id": 0, "system_name": "Attitudinal Psyche", "system_vote_count": 2, "user_vote_type_id": 0, "vote_id": 0}, {"hex_color": "#888888", "id": 7, "personality_type": "XXXX", "personality_type_id": 0, "system_name": "Temperaments", "system_vote_count": 18, "user_vote_type_id": 0, "vote_id": 0}, {"hex_color": "#888888", "id": 11, "personality_type": "XXXX", "personality_type_id": 0, "system_name": "Classic Jungian", "system_vote_count": 3, "user_vote_type_id": 0, "vote_id": 0}], "breakdown_systems": {"1": [{"myValue": "INFP", "personality_system_id": 1, "personality_type": "INFP", "theCount": 162}, {"myValue": "ENFP", "personality_system_id": 1, "personality_type": "ENFP", "theCount": 5}, {"myValue": "INFJ", "personality_system_id": 1, "personality_type": "INFJ", "theCount": 2}, {"myValue": "ESFP", "personality_system_id": 1, "personality_type": "ESFP", "theCount": 1}], "11": [{"myValue": "IF(N)", "personality_system_id": 11, "personality_type": "IF(N)", "theCount": 3}], "2": [{"myValue": "9w1", "personality_system_id": 2, "personality_type": "9w1", "theCount": 67}, {"myValue": "1w9", "personality_system_id": 2, "personality_type": "1w9", "theCount": 1}], "3": [{"myValue": "EII", "personality_system_id": 3, "personality_type": "EII", "theCount": 11}, {"myValue": "ESI", "personality_system_id": 3, "personality_type": "ESI", "theCount": 1}, {"myValue": "LSE", "personality_system_id": 3, "personality_type": "LSE", "theCount": 1}], "4": [{"myValue": "Neutral Good", "personality_system_id": 4, "personality_type": "Neutral Good", "theCount": 8}, {"myValue": "Lawful Good", "personality_system_id": 4, "personality_type": "Lawful Good", "theCount": 1}, {"myValue": "Neutral Evil", "personality_system_id": 4, "personality_type": "Neutral Evil", "theCount": 1}], "5": [{"myValue": "sp/so", "personality_system_id": 5, "personality_type": "sp/so", "theCount": 16}, {"myValue": "so/sp", "personality_system_id": 5, "personality_type": "so/sp", "theCount": 2}, {"myValue": "sp/sx", "personality_system_id": 5, "personality_type": "sp/sx", "theCount": 2}], "6": [{"myValue": "946", "personality_system_id": 6, "personality_type": "946", "theCount": 15}, {"myValue": "964", "personality_system_id": 6, "personality_type": "964", "theCount": 2}, {"myValue": "146", "personality_system_id": 6, "personality_type": "146", "theCount": 1}], "7": [{"myValue": "Phlegmatic-Melancholic", "personality_system_id": 7, "personality_type": "Phlegmatic-Melancholic", "theCount": 15}, {"myValue": "Melancholic [Dominant]", "personality_system_id": 7, "personality_type": "Melancholic [Dominant]", "theCount": 2}, {"myValue": "Phlegmatic [Dominant]", "personality_system_id": 7, "personality_type": "Phlegmatic [Dominant]", "theCount": 1}], "8": [{"myValue": "ELVF", "personality_system_id": 8, "personality_type": "ELVF", "theCount": 2}], "9": [{"myValue": "RCUAI", "personality_system_id": 9, "personality_type": "RCUAI", "theCount": 5}, {"myValue": "RLUAI", "personality_system_id": 9, "personality_type": "RLUAI", "theCount": 2}]}, "breakdown_config": {"expand": {"1": 3, "11": 1, "2": 3, "3": 1, "4": 1, "5": 1, "6": 1, "7": 1, "8": 1, "9": 1}, "fire": {"1": 0, "11": 0, "2": 0, "3": 0, "4": 0, "5": 0, "6": 0, "7": 0, "8": 0, "9": 0}}, "mbti_letter_stats": [{"type": "I", "percentage": "96%", "PercentageFloat": 0.9647058823529412}, {"type": "N", "percentage": "99%", "PercentageFloat": 0.9941176470588236}, {"type": "F", "percentage": "100%", "PercentageFloat": 1}, {"type": "P", "percentage": "99%", "PercentageFloat": 0.9882352941176471}], "topic_info": {"can_generate": false, "topic": {"description": "Frodo Baggins was a hobbit of the Third Age, the most famous of all Hobbits in the histories for his leading role in the Quest of the Ring. During this epic quest, he bore the One Ring to Mount Doom and there destroyed it, giving him renown like no other Halfling throughout Middle-earth. He is also peculiar for being, as a Ring-bearer, one of the three Hobbits who sailed from Middle-earth to Aman, there to die in peace.", "follow_count": 1, "id": 9893, "is_following": false, "is_join_pending": false, "is_banned": false, "is_moderated": false, "name_readable": "Frodo Baggins", "post_count": 0, "source_profile_id": 10593, "source_type": "profile", "join_to_post": false, "can_pin": false, "related_topics": [{"description": "Sauron was originally a Maia of Aul\u00eb named Mairon. Captivated by the power to order all things according to his own will he joined with Melkor. As \"Gorthaur\" he became Morgoth's most-trusted lieutenant, being the greatest of his servants in the Wars of Beleriand. After the downfall of Morgoth, Sauron continually strove to conquer Middle-earth throughout the Second and Third Ages. In the Second Age, under the guise of Annatar, he deceived the Elves of Eregion, who under his guidance had created the Rings of Power, whilst he secretly forged the One Ring in Mount Doom. He was permanently overthrown at the conclusion of the Quest of the Ring. The breaking of the Ring caused his following of Morgoth's path into the Void, resulting in the start of the Fourth Age and the Dominion of Men.\n#KamidereCharacters", "follow_count": 0, "id": 11497, "is_following": false, "is_join_pending": false, "is_banned": false, "is_moderated": false, "name_readable": "Sauron", "post_count": 6, "source_profile_id": 12454, "source_type": "profile", "image": {"picURL": "https://static1.personality-database.com/profile_images/f417f76ee11b4926b69948ba9776fb1f.png"}, "join_to_post": false, "can_pin": false}, {"description": "Meriadoc \"Merry\" Brandybuck, called The Magnificent, was a Hobbit, the son of Saradoc Brandybuck. Merry (as he was often called), was the heir of the Brandybucks to Brandy Hall, and, after his participation to the War of the Ring, eventually became the Master there.", "follow_count": 0, "id": 9900, "is_following": false, "is_join_pending": false, "is_banned": false, "is_moderated": false, "name_readable": "Meriadoc \"Merry\" Brandybuck", "post_count": 2, "source_profile_id": 10600, "source_type": "profile", "image": {"picURL": "https://static1.personality-database.com/profile_images/5f5aa5a5ade242a18fdacf4fea344f4d.png"}, "join_to_post": false, "can_pin": false}, {"description": "Gandalf was one of the five Istari sent to Middle-earth by the Valar in the Third Age. In Valinor he was known as Ol\u00f3rin. Gandalf was instrumental in bringing about the demise of Sauron in T.A. 3019, chiefly by encouraging others and dispensing his wisdom at pivotal times. Gandalf was originally robed in grey, and second to Saruman in the Order of wizards. After his fall in Moria, Gandalf returned to Middle-earth as head of the Order, robed in white. Gandalf was noteworthy for his keen interest in Hobbits.", "follow_count": 3, "id": 9895, "is_following": false, "is_join_pending": false, "is_banned": false, "is_moderated": false, "name_readable": "Gandalf", "post_count": 1, "source_profile_id": 10595, "source_type": "profile", "image": {"picURL": "https://static1.personality-database.com/profile_images/363cd0d9ceb347659c70399bda76eb84.png"}, "join_to_post": false, "can_pin": false}, {"description": "Gollum, also known as Sm\u00e9agol, was a creature (originally a Stoorish Hobbit) who bore the One Ring. He lived in the Misty Mountains for most of his life. In T.A. 2941 he lost the Ring to Bilbo Baggins. For the rest of his life he sought to recover his \"precious\" \"birthday present\". In T.A. 3019 he followed the Fellowship of the Ring and met Frodo Baggins. After leading Frodo into Mordor and betraying him to Shelob he finally seized the Ring in Sammath Naur. In his euphoria he died and destroyed the Ring after falling into the cracks of Mount Doom.", "follow_count": 1, "id": 9896, "is_following": false, "is_join_pending": false, "is_banned": false, "is_moderated": false, "name_readable": "Gollum (Sm\u00e9agol)", "post_count": 1, "source_profile_id": 10596, "source_type": "profile", "image": {"picURL": "https://static1.personality-database.com/profile_images/56f1b03e75b148ed8fb3c500a442023f.png"}, "join_to_post": false, "can_pin": false}, {"description": "Galadriel was an elven Lady who witnessed Middle-earth during the Three Ages of the Sun. She is described as \"the mightiest and fairest of all the Elves that remained in Middle-earth\". During the War of the Ring, she revealed to Frodo Baggins that she was the bearer of Nenya. After the War, she returned to Valinor.", "follow_count": 1, "id": 9906, "is_following": false, "is_join_pending": false, "is_banned": false, "is_moderated": false, "name_readable": "Galadriel", "post_count": 1, "source_profile_id": 10606, "source_type": "profile", "image": {"picURL": "https://static1.personality-database.com/profile_images/d264b390e4c54ecfbe6c3fee23e2106d.png"}, "join_to_post": false, "can_pin": false}, {"description": "Legolas was a Sinda Elf, the prince of the Woodland Realm of Mirkwood. His most important recorded role is that which he played in the War of the Ring, during which he was the Elven representative in the Fellowship of the Ring. His Elven giftings, such as superior sight and hearing, lightness of foot, and skilled archery, were valuable assets to his eight companions.", "follow_count": 1, "id": 9903, "is_following": false, "is_join_pending": false, "is_banned": false, "is_moderated": false, "name_readable": "Legolas", "post_count": 1, "source_profile_id": 10603, "source_type": "profile", "image": {"picURL": "https://static1.personality-database.com/profile_images/ee396c5b349843f6b29f145a2694b1c4.png"}, "join_to_post": false, "can_pin": false}, {"description": "", "follow_count": 0, "id": 86120, "is_following": false, "is_join_pending": false, "is_banned": false, "is_moderated": false, "name_readable": "Bergil", "post_count": 0, "source_profile_id": 108292, "source_type": "profile", "image": {"picURL": "https://static1.personality-database.com/profile_images/bb9205d2b5184c0d99360b0f5e73cdcd.png"}, "join_to_post": false, "can_pin": false}, {"description": "", "follow_count": 0, "id": 80241, "is_following": false, "is_join_pending": false, "is_banned": false, "is_moderated": false, "name_readable": "H\u00e1ma", "post_count": 0, "source_profile_id": 100185, "source_type": "profile", "image": {"picURL": "https://static1.personality-database.com/profile_images/d7d0ef3858cd4db88e6de68b994f9209.png"}, "join_to_post": false, "can_pin": false}, {"description": "", "follow_count": 0, "id": 85908, "is_following": false, "is_join_pending": false, "is_banned": false, "is_moderated": false, "name_readable": "Shelob", "post_count": 0, "source_profile_id": 108041, "source_type": "profile", "image": {"picURL": "https://static1.personality-database.com/profile_images/627d8ced32d744d4ac34bf00acc546fe.png"}, "join_to_post": false, "can_pin": false}, {"description": "Denethor II was the twenty-sixth and penultimate Ruling Steward of Gondor. He succeeded his father Ecthelion II at his death in T.A. 2984. Denethor was described as appearing noble and powerful, even to rival the lordliness of Gandalf. He was proud, tall, wise, far-sighted, and valiant; \"more kingly\" than any of his predecessors for a long time. He proved a masterful lord and a great ruler, seeing to all things large and small under his command.", "follow_count": 0, "id": 86118, "is_following": false, "is_join_pending": false, "is_banned": false, "is_moderated": false, "name_readable": "Denethor", "post_count": 0, "source_profile_id": 108290, "source_type": "profile", "image": {"picURL": "https://static1.personality-database.com/profile_images/4e8ef29e79154c36a92d7b2d353b2f94.png"}, "join_to_post": false, "can_pin": false}, {"description": "", "follow_count": 0, "id": 87275, "is_following": false, "is_join_pending": false, "is_banned": false, "is_moderated": false, "name_readable": "The Witch-King of Angmar (The Lord of the Nazg\u00fbl / Black Captain)", "post_count": 0, "source_profile_id": 109794, "source_type": "profile", "image": {"picURL": "https://static1.personality-database.com/profile_images/3af12b25c6b24d6e8f4e67a6e2c7d5ba.png"}, "join_to_post": false, "can_pin": false}, {"description": "", "follow_count": 0, "id": 93610, "is_following": false, "is_join_pending": false, "is_banned": false, "is_moderated": false, "name_readable": "Grishn\u00e1kh", "post_count": 0, "source_profile_id": 119011, "source_type": "profile", "image": {"picURL": "https://static1.personality-database.com/profile_images/576d73c18b924c528d0310ea02b74e86.png"}, "join_to_post": false, "can_pin": false}, {"description": "", "follow_count": 0, "id": 87347, "is_following": false, "is_join_pending": false, "is_banned": false, "is_moderated": false, "name_readable": "The Lieutenant of the Dark Tower", "post_count": 0, "source_profile_id": 109891, "source_type": "profile", "image": {"picURL": "https://static1.personality-database.com/profile_images/6f7b83530dd94d42b45230e56694e56a.png"}, "join_to_post": false, "can_pin": false}, {"description": "", "follow_count": 0, "id": 86119, "is_following": false, "is_join_pending": false, "is_banned": false, "is_moderated": false, "name_readable": "Beregond", "post_count": 0, "source_profile_id": 108291, "source_type": "profile", "image": {"picURL": "https://static1.personality-database.com/profile_images/27f5d47a75684aa9a1134423ff8f9b9f.png"}, "join_to_post": false, "can_pin": false}, {"description": "", "follow_count": 0, "id": 87013, "is_following": false, "is_join_pending": false, "is_banned": false, "is_moderated": false, "name_readable": "Prince Imrahil", "post_count": 0, "source_profile_id": 109481, "source_type": "profile", "image": {"picURL": "https://static1.personality-database.com/profile_images/5399d415ce724ebe84960d556733c2c3.png"}, "join_to_post": false, "can_pin": false}, {"description": "", "follow_count": 0, "id": 87589, "is_following": false, "is_join_pending": false, "is_banned": false, "is_moderated": false, "name_readable": "Rosie Cotton", "post_count": 0, "source_profile_id": 110284, "source_type": "profile", "image": {"picURL": "https://static1.personality-database.com/profile_images/ee61add5befd41b19d1eb1ed21fc4433.png"}, "join_to_post": false, "can_pin": false}], "subcategory": "Lord of the Rings & The Hobbit", "topic_image_url": "https://static1.personality-database.com/profile_images/37e618ac8d194fcabcf27f476f37c900.png", "source_location": {"cid": 12, "pid": 2, "sub_cat_id": 1423}, "can_post_image": false, "can_post_audio": false, "posts": {"posts": [{"username": "JulianIsEternal", "user_pic_path": "https://lh3.googleusercontent.com/a-/AOh14GiDe8HAGsvAt5A7OEKEFXxZ62HGTfiaSjpZODyqsQ=s96-c", "user_personality_type": "INFP-9w8-946", "is_mod": false, "comment_count": 0, "reply_count": 0, "vote_type": 0, "topics_list": [{"id": 9893, "name_readable": "Frodo Baggins"}], "id": 89733, "post_id": 89733, "user_id": 34044, "title": "", "content": "No comments here for best boi Frodo \nIf there was ever a great example of an INFP character it would be this guy.", "create_date": 1627399659000, "unix_timestamp": 1627399659000, "update_date": 1627399659000, "vote_count": 6, "vote_count_down": 0, "is_reported": 1, "is_hidden": false, "is_pinned": false, "is_watching": false, "is_pro_user": false, "images": null, "audios": null, "function_list": [], "type": "post"}]}}}}