{"id": 296258, "mbti_profile": "Catherine \u201cKya\u201d Clark", "profile_name_searchable": "kyaclark", "allow_commenting": true, "allow_voting": true, "user_id": 234394, "contributor": "danijones1104", "contributor_create_date": "2021-03-31 07:34:08", "contributor_pic_path": "https://lh3.googleusercontent.com/a-/AOh14GhPd04OcFg5W2gs1MNeaIIAd2uuVLgO8jJuhyaAuw=s96-c", "display_order": 1000, "edit_lock": 0, "edit_lock_picture": 0, "is_active": true, "is_approved": true, "mbti_enneagram_type": "ISTJ 5w4", "mbti_type": "ISTJ 5w4", "pdb_comment_access": true, "pdb_page_owner": 0, "pdb_public_access": true, "wiki_description": "", "watch_count": 58, "comment_count": 23, "vote_count": 107, "vote_count_enneagram": 46, "vote_count_mbti": 107, "total_vote_counts": 193, "personality_type": "ISTJ - 5w4 - sp/sx - 594 - ILI - RCOAI - IF(N)", "type_updated_date": "2022-12-21 20:34:59", "enneagram_vote": "", "enneagram_vote_id": 0, "mbti_vote": "", "mbti_vote_id": 0, "is_watching": false, "image_exists": false, "profile_image_url": "https://static1.personality-database.com/profile_images/19449b0599704690813d8e0d3e0fe36d.png", "profile_image_credit": "", "profile_image_credit_id": 367804, "profile_image_credit_type": "0", "profile_image_credit_url": "", "alt_subcategory": "", "related_subcategories": "", "cat_id": 12, "category": "Literature", "category_is_fictional": true, "sub_cat_id": 18472, "subcategory": "Where The Crawdads Sing", "subcat_link_info": {"sub_cat_id": 18472, "cat_id": 12, "property_id": 2, "subcategory": "Where The Crawdads Sing"}, "related_subcat_link_info": null, "related_profiles": [{"id": 296259, "mbti_profile": "Tate", "subcategory": "Where The Crawdads Sing", "profile_image_url": "https://static1.personality-database.com/profile_images/089de526e19b44eea0843abe491b68c8.png", "profile_name": "Tate", "profile_subcat": "Where The Crawdads Sing", "sub_cat_id": 18472, "cat_id": 12, "property_id": 2, "mbti": "ENFJ", "enneatype": "2w1"}, {"id": 342159, "mbti_profile": "Amanda Hamilton", "subcategory": "Where The Crawdads Sing", "profile_image_url": "", "profile_name": "Amanda Hamilton", "profile_subcat": "Where The Crawdads Sing", "sub_cat_id": 18472, "cat_id": 12, "property_id": 2, "mbti": "ENFP", "enneatype": ""}, {"id": 296260, "mbti_profile": "Chase Andrews", "subcategory": "Where The Crawdads Sing", "profile_image_url": "https://static1.personality-database.com/profile_images/4a56b1366fc34ea5809d27d68b3ac510.png", "profile_name": "Chase Andrews", "profile_subcat": "Where The Crawdads Sing", "sub_cat_id": 18472, "cat_id": 12, "property_id": 2, "mbti": "ESTP", "enneatype": "8w7"}, {"id": 342151, "mbti_profile": "Ma", "subcategory": "Where The Crawdads Sing", "profile_image_url": "https://static1.personality-database.com/profile_images/bdc0f038ddb345899b5029b616c23581.png", "profile_name": "Ma", "profile_subcat": "Where The Crawdads Sing", "sub_cat_id": 18472, "cat_id": 12, "property_id": 2, "mbti": "INFJ", "enneatype": ""}, {"id": 342160, "mbti_profile": "Mrs. Culpepper", "subcategory": "Where The Crawdads Sing", "profile_image_url": "", "profile_name": "Mrs. Culpepper", "profile_subcat": "Where The Crawdads Sing", "sub_cat_id": 18472, "cat_id": 12, "property_id": 2, "mbti": "", "enneatype": ""}, {"id": 342155, "mbti_profile": "Sheriff Ed Jackson", "subcategory": "Where The Crawdads Sing", "profile_image_url": "", "profile_name": "Sheriff Ed Jackson", "profile_subcat": "Where The Crawdads Sing", "sub_cat_id": 18472, "cat_id": 12, "property_id": 2, "mbti": "", "enneatype": ""}, {"id": 342158, "mbti_profile": "Mrs. Singletary", "subcategory": "Where The Crawdads Sing", "profile_image_url": "", "profile_name": "Mrs. Singletary", "profile_subcat": "Where The Crawdads Sing", "sub_cat_id": 18472, "cat_id": 12, "property_id": 2, "mbti": "", "enneatype": ""}, {"id": 342168, "mbti_profile": "Dr. Stewart Cone", "subcategory": "Where The Crawdads Sing", "profile_image_url": "", "profile_name": "Dr. Stewart Cone", "profile_subcat": "Where The Crawdads Sing", "sub_cat_id": 18472, "cat_id": 12, "property_id": 2, "mbti": "", "enneatype": ""}], "functions": ["Si", "Te", "Fi", "Ne"], "systems": [{"hex_color": "#888888", "id": 1, "personality_type": "XXXX", "personality_type_id": 0, "system_name": "Four Letter", "system_vote_count": 107, "user_vote_type_id": 0, "vote_id": 0}, {"hex_color": "#006775", "id": 2, "personality_type": "XXXX", "personality_type_id": 0, "system_name": "Enneagram", "system_vote_count": 46, "user_vote_type_id": 0, "vote_id": 0}, {"hex_color": "#006775", "id": 5, "personality_type": "XXXX", "personality_type_id": 0, "system_name": "Instinctual Variant", "system_vote_count": 16, "user_vote_type_id": 0, "vote_id": 0}, {"hex_color": "#006775", "id": 6, "personality_type": "XXXX", "personality_type_id": 0, "system_name": "Tritype", "system_vote_count": 10, "user_vote_type_id": 0, "vote_id": 0}, {"hex_color": "#888888", "id": 3, "personality_type": "XXXX", "personality_type_id": 0, "system_name": "Socionics", "system_vote_count": 1, "user_vote_type_id": 0, "vote_id": 0}, {"hex_color": "#888888", "id": 9, "personality_type": "XXXX", "personality_type_id": 0, "system_name": "Big 5 (SLOAN)", "system_vote_count": 4, "user_vote_type_id": 0, "vote_id": 0}, {"hex_color": "#888888", "id": 8, "personality_type": "XXXX", "personality_type_id": 0, "system_name": "Attitudinal Psyche", "system_vote_count": 1, "user_vote_type_id": 0, "vote_id": 0}, {"hex_color": "#888888", "id": 7, "personality_type": "XXXX", "personality_type_id": 0, "system_name": "Temperaments", "system_vote_count": 7, "user_vote_type_id": 0, "vote_id": 0}, {"hex_color": "#888888", "id": 11, "personality_type": "XXXX", "personality_type_id": 0, "system_name": "Classic Jungian", "system_vote_count": 1, "user_vote_type_id": 0, "vote_id": 0}], "breakdown_systems": {"1": [{"myValue": "ISTJ", "personality_system_id": 1, "personality_type": "ISTJ", "theCount": 48}, {"myValue": "INFP", "personality_system_id": 1, "personality_type": "INFP", "theCount": 38}, {"myValue": "ISFP", "personality_system_id": 1, "personality_type": "ISFP", "theCount": 9}, {"myValue": "INFJ", "personality_system_id": 1, "personality_type": "INFJ", "theCount": 3}, {"myValue": "INTP", "personality_system_id": 1, "personality_type": "INTP", "theCount": 3}, {"myValue": "ISTP", "personality_system_id": 1, "personality_type": "ISTP", "theCount": 3}, {"myValue": "ISFJ", "personality_system_id": 1, "personality_type": "ISFJ", "theCount": 2}, {"myValue": "INTJ", "personality_system_id": 1, "personality_type": "INTJ", "theCount": 1}], "11": [{"myValue": "IF(N)", "personality_system_id": 11, "personality_type": "IF(N)", "theCount": 1}], "2": [{"myValue": "5w4", "personality_system_id": 2, "personality_type": "5w4", "theCount": 29}, {"myValue": "6w5", "personality_system_id": 2, "personality_type": "6w5", "theCount": 7}, {"myValue": "4w5", "personality_system_id": 2, "personality_type": "4w5", "theCount": 4}, {"myValue": "5w6", "personality_system_id": 2, "personality_type": "5w6", "theCount": 2}, {"myValue": "9w1", "personality_system_id": 2, "personality_type": "9w1", "theCount": 2}, {"myValue": "3w2", "personality_system_id": 2, "personality_type": "3w2", "theCount": 1}, {"myValue": "8w7", "personality_system_id": 2, "personality_type": "8w7", "theCount": 1}], "3": [{"myValue": "IEI", "personality_system_id": 3, "personality_type": "IEI", "theCount": 1}], "5": [{"myValue": "sp/sx", "personality_system_id": 5, "personality_type": "sp/sx", "theCount": 14}, {"myValue": "so/sp", "personality_system_id": 5, "personality_type": "so/sp", "theCount": 1}, {"myValue": "sp/so", "personality_system_id": 5, "personality_type": "sp/so", "theCount": 1}], "6": [{"myValue": "594", "personality_system_id": 6, "personality_type": "594", "theCount": 9}, {"myValue": "459", "personality_system_id": 6, "personality_type": "459", "theCount": 1}], "7": [{"myValue": "Melancholic-Phlegmatic", "personality_system_id": 7, "personality_type": "Melancholic-Phlegmatic", "theCount": 3}, {"myValue": "Melancholic-Choleric", "personality_system_id": 7, "personality_type": "Melancholic-Choleric", "theCount": 2}, {"myValue": "Melancholic [Dominant]", "personality_system_id": 7, "personality_type": "Melancholic [Dominant]", "theCount": 1}, {"myValue": "Melancholic-Sanguine", "personality_system_id": 7, "personality_type": "Melancholic-Sanguine", "theCount": 1}], "8": [{"myValue": "ELFV", "personality_system_id": 8, "personality_type": "ELFV", "theCount": 1}], "9": [{"myValue": "RCOAI", "personality_system_id": 9, "personality_type": "RCOAI", "theCount": 3}, {"myValue": "RLOAI", "personality_system_id": 9, "personality_type": "RLOAI", "theCount": 1}]}, "breakdown_config": {"expand": {"1": 3, "11": 1, "2": 3, "3": 1, "5": 1, "6": 1, "7": 1, "8": 1, "9": 1}, "fire": {"1": 1, "11": 0, "2": 0, "3": 0, "5": 0, "6": 0, "7": 0, "8": 0, "9": 0}}, "mbti_letter_stats": [{"type": "I", "percentage": "100%", "PercentageFloat": 1}, {"type": "S", "percentage": "58%", "PercentageFloat": 0.5794392523364486}, {"type": "T", "percentage": "51%", "PercentageFloat": 0.514018691588785}, {"type": "J", "percentage": "50%", "PercentageFloat": 0.5046728971962616}], "topic_info": {"can_generate": false, "topic": {"description": "", "follow_count": 0, "id": 227604, "is_following": false, "is_join_pending": false, "is_banned": false, "is_moderated": false, "name_readable": "Kya Clark", "post_count": 1, "source_profile_id": 296258, "source_type": "profile", "join_to_post": false, "can_pin": false, "related_topics": [{"description": "", "follow_count": 0, "id": 227605, "is_following": false, "is_join_pending": false, "is_banned": false, "is_moderated": false, "name_readable": "Tate", "post_count": 2, "source_profile_id": 296259, "source_type": "profile", "image": {"picURL": "https://static1.personality-database.com/profile_images/089de526e19b44eea0843abe491b68c8.png"}, "join_to_post": false, "can_pin": false}, {"description": "", "follow_count": 0, "id": 227604, "is_following": false, "is_join_pending": false, "is_banned": false, "is_moderated": false, "name_readable": "Kya Clark", "post_count": 1, "source_profile_id": 296258, "source_type": "profile", "image": {"picURL": "https://static1.personality-database.com/profile_images/19449b0599704690813d8e0d3e0fe36d.png"}, "join_to_post": false, "can_pin": false}, {"description": "", "follow_count": 0, "id": 263351, "is_following": false, "is_join_pending": false, "is_banned": false, "is_moderated": false, "name_readable": "Dr. Stewart Cone", "post_count": 0, "source_profile_id": 342168, "source_type": "profile", "image": {"picURL": "https://www.personality-database.com/images/profile_transparent.png"}, "join_to_post": false, "can_pin": false}, {"description": "", "follow_count": 0, "id": 263350, "is_following": false, "is_join_pending": false, "is_banned": false, "is_moderated": false, "name_readable": "Tim O\u2019Neal", "post_count": 0, "source_profile_id": 342167, "source_type": "profile", "image": {"picURL": "https://www.personality-database.com/images/profile_transparent.png"}, "join_to_post": false, "can_pin": false}, {"description": "", "follow_count": 0, "id": 263349, "is_following": false, "is_join_pending": false, "is_banned": false, "is_moderated": false, "name_readable": "Tom Milton", "post_count": 0, "source_profile_id": 342166, "source_type": "profile", "image": {"picURL": "https://static1.personality-database.com/profile_images/0f4176f0d6c943d9b0f59ce5af3b0f62.png"}, "join_to_post": false, "can_pin": false}, {"description": "", "follow_count": 0, "id": 263348, "is_following": false, "is_join_pending": false, "is_banned": false, "is_moderated": false, "name_readable": "Judge Sims", "post_count": 0, "source_profile_id": 342165, "source_type": "profile", "image": {"picURL": "https://www.personality-database.com/images/profile_transparent.png"}, "join_to_post": false, "can_pin": false}, {"description": "", "follow_count": 0, "id": 263347, "is_following": false, "is_join_pending": false, "is_banned": false, "is_moderated": false, "name_readable": "Rodney Horn", "post_count": 0, "source_profile_id": 342164, "source_type": "profile", "image": {"picURL": "https://www.personality-database.com/images/profile_transparent.png"}, "join_to_post": false, "can_pin": false}, {"description": "", "follow_count": 0, "id": 263346, "is_following": false, "is_join_pending": false, "is_banned": false, "is_moderated": false, "name_readable": "Robert Foster", "post_count": 0, "source_profile_id": 342163, "source_type": "profile", "image": {"picURL": "https://www.personality-database.com/images/profile_transparent.png"}, "join_to_post": false, "can_pin": false}, {"description": "", "follow_count": 0, "id": 263345, "is_following": false, "is_join_pending": false, "is_banned": false, "is_moderated": false, "name_readable": "Scupper", "post_count": 0, "source_profile_id": 342162, "source_type": "profile", "image": {"picURL": "https://www.personality-database.com/images/profile_transparent.png"}, "join_to_post": false, "can_pin": false}, {"description": "", "follow_count": 0, "id": 263344, "is_following": false, "is_join_pending": false, "is_banned": false, "is_moderated": false, "name_readable": "Hal Miller", "post_count": 0, "source_profile_id": 342161, "source_type": "profile", "image": {"picURL": "https://www.personality-database.com/images/profile_transparent.png"}, "join_to_post": false, "can_pin": false}, {"description": "", "follow_count": 0, "id": 263343, "is_following": false, "is_join_pending": false, "is_banned": false, "is_moderated": false, "name_readable": "Mrs. Culpepper", "post_count": 0, "source_profile_id": 342160, "source_type": "profile", "image": {"picURL": "https://www.personality-database.com/images/profile_transparent.png"}, "join_to_post": false, "can_pin": false}, {"description": "", "follow_count": 0, "id": 263342, "is_following": false, "is_join_pending": false, "is_banned": false, "is_moderated": false, "name_readable": "Amanda Hamilton", "post_count": 0, "source_profile_id": 342159, "source_type": "profile", "image": {"picURL": "https://www.personality-database.com/images/profile_transparent.png"}, "join_to_post": false, "can_pin": false}, {"description": "", "follow_count": 0, "id": 263341, "is_following": false, "is_join_pending": false, "is_banned": false, "is_moderated": false, "name_readable": "Mrs. Singletary", "post_count": 0, "source_profile_id": 342158, "source_type": "profile", "image": {"picURL": "https://www.personality-database.com/images/profile_transparent.png"}, "join_to_post": false, "can_pin": false}, {"description": "", "follow_count": 0, "id": 263339, "is_following": false, "is_join_pending": false, "is_banned": false, "is_moderated": false, "name_readable": "Pansy Price", "post_count": 0, "source_profile_id": 342156, "source_type": "profile", "image": {"picURL": "https://www.personality-database.com/images/profile_transparent.png"}, "join_to_post": false, "can_pin": false}, {"description": "", "follow_count": 0, "id": 263338, "is_following": false, "is_join_pending": false, "is_banned": false, "is_moderated": false, "name_readable": "Sheriff Ed Jackson", "post_count": 0, "source_profile_id": 342155, "source_type": "profile", "image": {"picURL": "https://www.personality-database.com/images/profile_transparent.png"}, "join_to_post": false, "can_pin": false}, {"description": "", "follow_count": 0, "id": 263337, "is_following": false, "is_join_pending": false, "is_banned": false, "is_moderated": false, "name_readable": "Jodie", "post_count": 0, "source_profile_id": 342154, "source_type": "profile", "image": {"picURL": "https://static1.personality-database.com/profile_images/0f4aab3921e54ca4b5096f2827a5786e.png"}, "join_to_post": false, "can_pin": false}], "subcategory": "Where The Crawdads Sing", "topic_image_url": "https://static1.personality-database.com/profile_images/19449b0599704690813d8e0d3e0fe36d.png", "source_location": {"cid": 12, "pid": 2, "sub_cat_id": 18472}, "can_post_image": false, "can_post_audio": false, "posts": {"posts": [{"username": "Kaeve", "user_pic_path": "https://static1.personality-database.com/user_avatars/92473/9fcd52f9-e6c8-4cb4-aaa7-ee4ac681a413_small.jpeg", "user_personality_type": "INFJ-4w5-451", "is_mod": false, "comment_count": 0, "reply_count": 0, "vote_type": 0, "topics_list": [{"id": 227604, "name_readable": "Kya Clark"}], "id": 1829375, "post_id": 1829375, "user_id": 92473, "title": "", "content": "Why are all relatable book protagonists 5w4 girls", "create_date": 1669687996000, "unix_timestamp": 1669687996000, "update_date": 1669687996000, "vote_count": 4, "vote_count_down": 0, "is_reported": 0, "is_hidden": false, "is_pinned": false, "is_watching": false, "is_pro_user": false, "images": null, "audios": null, "function_list": [], "type": "post"}]}}}}