{"id": 109028, "mbti_profile": "Qi Rong", "profile_name_searchable": "qirong", "allow_commenting": true, "allow_voting": true, "user_id": 10746, "contributor": "minjia", "contributor_create_date": "2020-03-21 12:12:15", "contributor_pic_path": "https://lh3.googleusercontent.com/a-/AOh14GiFzZKGOQG3BHq8LCyBI8PKSfEB3Ne0ZKtPWLZ6fQ=s96-c", "display_order": 0, "edit_lock": 0, "edit_lock_picture": 0, "is_active": true, "is_approved": true, "mbti_enneagram_type": "ESFP 3w4", "mbti_type": "ESFP 3w4", "pdb_comment_access": true, "pdb_page_owner": 0, "pdb_public_access": true, "wiki_description": "", "watch_count": 106, "comment_count": 14, "vote_count": 144, "vote_count_enneagram": 62, "vote_count_mbti": 144, "total_vote_counts": 301, "personality_type": "ESFP - 3w4 - sx/so - 387 - SLUEN - EFVL - Choleric-Sanguine", "type_updated_date": "2022-05-31 09:41:40", "enneagram_vote": "", "enneagram_vote_id": 0, "mbti_vote": "", "mbti_vote_id": 0, "is_watching": false, "image_exists": false, "profile_image_url": "https://static1.personality-database.com/profile_images/0a3bb98e63a442f190d8f9d247595125.png", "profile_image_credit": "", "profile_image_credit_id": 197417, "profile_image_credit_type": "0", "profile_image_credit_url": "", "alt_subcategory": "", "related_subcategories": "", "cat_id": 12, "category": "Literature", "category_is_fictional": true, "sub_cat_id": 3152, "subcategory": "Heaven Official's Blessing (Tian Guan Ci Fu)", "subcat_link_info": {"sub_cat_id": 3152, "cat_id": 12, "property_id": 2, "subcategory": "Heaven Official's Blessing (Tian Guan Ci Fu)"}, "related_subcat_link_info": null, "related_profiles": [{"id": 29747, "mbti_profile": "Xie Lian", "subcategory": "Heaven Official's Blessing (Tian Guan Ci Fu)", "profile_image_url": "https://static1.personality-database.com/profile_images/eb94fe06df374666b781460857689a85.png", "profile_name": "Xie Lian", "profile_subcat": "Heaven Official's Blessing (Tian Guan Ci Fu)", "sub_cat_id": 3152, "cat_id": 12, "property_id": 2, "mbti": "INFJ", "enneatype": "2w1"}, {"id": 29748, "mbti_profile": "Hua Cheng", "subcategory": "Heaven Official's Blessing (Tian Guan Ci Fu)", "profile_image_url": "https://static1.personality-database.com/profile_images/89629d799ef847a48a36b945a63fa8b6.png", "profile_name": "Hua Cheng", "profile_subcat": "Heaven Official's Blessing (Tian Guan Ci Fu)", "sub_cat_id": 3152, "cat_id": 12, "property_id": 2, "mbti": "ISTP", "enneatype": "8w7"}, {"id": 60599, "mbti_profile": "Mu Qing", "subcategory": "Heaven Official's Blessing (Tian Guan Ci Fu)", "profile_image_url": "https://static1.personality-database.com/profile_images/7c004315cd1d41bc8c32d8589773ccda.png", "profile_name": "Mu Qing", "profile_subcat": "Heaven Official's Blessing (Tian Guan Ci Fu)", "sub_cat_id": 3152, "cat_id": 12, "property_id": 2, "mbti": "ISTJ", "enneatype": "3w4"}, {"id": 60605, "mbti_profile": "He Xuan", "subcategory": "Heaven Official's Blessing (Tian Guan Ci Fu)", "profile_image_url": "https://static1.personality-database.com/profile_images/ccc04734f2c145c9974e4e79cc8b3d67.png", "profile_name": "He Xuan", "profile_subcat": "Heaven Official's Blessing (Tian Guan Ci Fu)", "sub_cat_id": 3152, "cat_id": 12, "property_id": 2, "mbti": "INTJ", "enneatype": "1w9"}, {"id": 60598, "mbti_profile": "Feng Xin", "subcategory": "Heaven Official's Blessing (Tian Guan Ci Fu)", "profile_image_url": "https://static1.personality-database.com/profile_images/a9f059f2dda14ca2964ed925a965e4a3.png", "profile_name": "Feng Xin", "profile_subcat": "Heaven Official's Blessing (Tian Guan Ci Fu)", "sub_cat_id": 3152, "cat_id": 12, "property_id": 2, "mbti": "ESFJ", "enneatype": "6w7"}, {"id": 60596, "mbti_profile": "Jun Wu", "subcategory": "Heaven Official's Blessing (Tian Guan Ci Fu)", "profile_image_url": "https://static1.personality-database.com/profile_images/0947c566613646f8b1ac4ea392c2cecf.png", "profile_name": "Jun Wu", "profile_subcat": "Heaven Official's Blessing (Tian Guan Ci Fu)", "sub_cat_id": 3152, "cat_id": 12, "property_id": 2, "mbti": "ENFJ", "enneatype": "2w3"}, {"id": 60595, "mbti_profile": "Shi QingXuan", "subcategory": "Heaven Official's Blessing (Tian Guan Ci Fu)", "profile_image_url": "https://static1.personality-database.com/profile_images/3b1367f207264c8590547ebaa0430f71.png", "profile_name": "Shi QingXuan", "profile_subcat": "Heaven Official's Blessing (Tian Guan Ci Fu)", "sub_cat_id": 3152, "cat_id": 12, "property_id": 2, "mbti": "ENFP", "enneatype": "7w6"}, {"id": 60601, "mbti_profile": "Yin Yu", "subcategory": "Heaven Official's Blessing (Tian Guan Ci Fu)", "profile_image_url": "https://static1.personality-database.com/profile_images/b017d0fc3ba346c5b72c2953c8b3f1f3.png", "profile_name": "Yin Yu", "profile_subcat": "Heaven Official's Blessing (Tian Guan Ci Fu)", "sub_cat_id": 3152, "cat_id": 12, "property_id": 2, "mbti": "ISFJ", "enneatype": "9w1"}], "functions": ["Se", "Fi", "Te", "Ni"], "systems": [{"hex_color": "#888888", "id": 1, "personality_type": "XXXX", "personality_type_id": 0, "system_name": "Four Letter", "system_vote_count": 143, "user_vote_type_id": 0, "vote_id": 0}, {"hex_color": "#006775", "id": 2, "personality_type": "XXXX", "personality_type_id": 0, "system_name": "Enneagram", "system_vote_count": 62, "user_vote_type_id": 0, "vote_id": 0}, {"hex_color": "#006775", "id": 5, "personality_type": "XXXX", "personality_type_id": 0, "system_name": "Instinctual Variant", "system_vote_count": 27, "user_vote_type_id": 0, "vote_id": 0}, {"hex_color": "#006775", "id": 6, "personality_type": "XXXX", "personality_type_id": 0, "system_name": "Tritype", "system_vote_count": 17, "user_vote_type_id": 0, "vote_id": 0}, {"hex_color": "#888888", "id": 3, "personality_type": "XXXX", "personality_type_id": 0, "system_name": "Socionics", "system_vote_count": 9, "user_vote_type_id": 0, "vote_id": 0}, {"hex_color": "#888888", "id": 9, "personality_type": "XXXX", "personality_type_id": 0, "system_name": "Big 5 (SLOAN)", "system_vote_count": 6, "user_vote_type_id": 0, "vote_id": 0}, {"hex_color": "#888888", "id": 8, "personality_type": "XXXX", "personality_type_id": 0, "system_name": "Attitudinal Psyche", "system_vote_count": 11, "user_vote_type_id": 0, "vote_id": 0}, {"hex_color": "#888888", "id": 7, "personality_type": "XXXX", "personality_type_id": 0, "system_name": "Temperaments", "system_vote_count": 16, "user_vote_type_id": 0, "vote_id": 0}, {"hex_color": "#888888", "id": 11, "personality_type": "XXXX", "personality_type_id": 0, "system_name": "Classic Jungian", "system_vote_count": 3, "user_vote_type_id": 0, "vote_id": 0}], "breakdown_systems": {"1": [{"myValue": "ESFP", "personality_system_id": 1, "personality_type": "ESFP", "theCount": 86}, {"myValue": "ESTP", "personality_system_id": 1, "personality_type": "ESTP", "theCount": 50}, {"myValue": "ENTP", "personality_system_id": 1, "personality_type": "ENTP", "theCount": 4}, {"myValue": "ESTJ", "personality_system_id": 1, "personality_type": "ESTJ", "theCount": 1}, {"myValue": "INTJ", "personality_system_id": 1, "personality_type": "INTJ", "theCount": 1}, {"myValue": "ISTJ", "personality_system_id": 1, "personality_type": "ISTJ", "theCount": 1}], "11": [{"myValue": "EF(S)", "personality_system_id": 11, "personality_type": "EF(S)", "theCount": 1}, {"myValue": "ES(F)", "personality_system_id": 11, "personality_type": "ES(F)", "theCount": 1}, {"myValue": "ET(S)", "personality_system_id": 11, "personality_type": "ET(S)", "theCount": 1}], "2": [{"myValue": "3w4", "personality_system_id": 2, "personality_type": "3w4", "theCount": 33}, {"myValue": "4w3", "personality_system_id": 2, "personality_type": "4w3", "theCount": 17}, {"myValue": "7w8", "personality_system_id": 2, "personality_type": "7w8", "theCount": 5}, {"myValue": "8w7", "personality_system_id": 2, "personality_type": "8w7", "theCount": 3}, {"myValue": "7w6", "personality_system_id": 2, "personality_type": "7w6", "theCount": 2}, {"myValue": "6w5", "personality_system_id": 2, "personality_type": "6w5", "theCount": 1}, {"myValue": "6w7", "personality_system_id": 2, "personality_type": "6w7", "theCount": 1}], "3": [{"myValue": "SEE", "personality_system_id": 3, "personality_type": "SEE", "theCount": 4}, {"myValue": "EIE", "personality_system_id": 3, "personality_type": "EIE", "theCount": 3}, {"myValue": "SLE", "personality_system_id": 3, "personality_type": "SLE", "theCount": 2}], "4": [{"myValue": "Chaotic Evil", "personality_system_id": 4, "personality_type": "Chaotic Evil", "theCount": 6}, {"myValue": "Chaotic Neutral", "personality_system_id": 4, "personality_type": "Chaotic Neutral", "theCount": 1}], "5": [{"myValue": "sx/so", "personality_system_id": 5, "personality_type": "sx/so", "theCount": 19}, {"myValue": "sx/sp", "personality_system_id": 5, "personality_type": "sx/sp", "theCount": 5}, {"myValue": "sp/sx", "personality_system_id": 5, "personality_type": "sp/sx", "theCount": 2}, {"myValue": "so/sp", "personality_system_id": 5, "personality_type": "so/sp", "theCount": 1}], "6": [{"myValue": "387", "personality_system_id": 6, "personality_type": "387", "theCount": 8}, {"myValue": "487", "personality_system_id": 6, "personality_type": "487", "theCount": 4}, {"myValue": "738", "personality_system_id": 6, "personality_type": "738", "theCount": 2}, {"myValue": "468", "personality_system_id": 6, "personality_type": "468", "theCount": 1}, {"myValue": "478", "personality_system_id": 6, "personality_type": "478", "theCount": 1}, {"myValue": "748", "personality_system_id": 6, "personality_type": "748", "theCount": 1}], "7": [{"myValue": "Choleric-Sanguine", "personality_system_id": 7, "personality_type": "Choleric-Sanguine", "theCount": 10}, {"myValue": "Choleric [Dominant]", "personality_system_id": 7, "personality_type": "Choleric [Dominant]", "theCount": 3}, {"myValue": "Choleric-Melancholic", "personality_system_id": 7, "personality_type": "Choleric-Melancholic", "theCount": 1}, {"myValue": "Sanguine [Dominant]", "personality_system_id": 7, "personality_type": "Sanguine [Dominant]", "theCount": 1}, {"myValue": "Sanguine-Choleric", "personality_system_id": 7, "personality_type": "Sanguine-Choleric", "theCount": 1}], "8": [{"myValue": "EFVL", "personality_system_id": 8, "personality_type": "EFVL", "theCount": 3}, {"myValue": "ELVF", "personality_system_id": 8, "personality_type": "ELVF", "theCount": 3}, {"myValue": "FLVE", "personality_system_id": 8, "personality_type": "FLVE", "theCount": 2}, {"myValue": "FEVL", "personality_system_id": 8, "personality_type": "FEVL", "theCount": 1}, {"myValue": "FVLE", "personality_system_id": 8, "personality_type": "FVLE", "theCount": 1}, {"myValue": "VLEF", "personality_system_id": 8, "personality_type": "VLEF", "theCount": 1}], "9": [{"myValue": "SLUEN", "personality_system_id": 9, "personality_type": "SLUEN", "theCount": 5}, {"myValue": "SLUAN", "personality_system_id": 9, "personality_type": "SLUAN", "theCount": 1}]}, "breakdown_config": {"expand": {"1": 3, "11": 1, "2": 3, "3": 1, "4": 1, "5": 1, "6": 1, "7": 1, "8": 1, "9": 1}, "fire": {"1": 1, "11": 0, "2": 1, "3": 0, "4": 0, "5": 0, "6": 0, "7": 0, "8": 0, "9": 0}}, "mbti_letter_stats": [{"type": "E", "percentage": "99%", "PercentageFloat": 0.986013986013986}, {"type": "S", "percentage": "97%", "PercentageFloat": 0.965034965034965}, {"type": "F", "percentage": "60%", "PercentageFloat": 0.6013986013986014}, {"type": "P", "percentage": "98%", "PercentageFloat": 0.9790209790209791}], "topic_info": {"can_generate": false, "topic": {"description": "", "follow_count": 0, "id": 86695, "is_following": false, "is_join_pending": false, "is_banned": false, "is_moderated": false, "name_readable": "Qi Rong", "post_count": 3, "source_profile_id": 109028, "source_type": "profile", "join_to_post": false, "can_pin": false, "related_topics": [{"description": "Xie Lian (\u8c22\u601c, Xi\u00e8 Li\u00e1n), His Royal Highness the Crown Prince of Xianle, is the protagonist of Heaven Official's Blessing. He was widely known throughout the Xianle nation as the beloved yet strange prince. Never showing interest in what was considered normal for a prince, he simply declared, \"I want to save the common people!\". Through practice, hard work, and insight beyond his years, he perfected his cultivation and ascended to the Heavens at the age of 17.", "follow_count": 21, "id": 26818, "is_following": false, "is_join_pending": false, "is_banned": false, "is_moderated": false, "name_readable": "Xie Lian", "post_count": 21, "source_profile_id": 29747, "source_type": "profile", "image": {"picURL": "https://static1.personality-database.com/profile_images/eb94fe06df374666b781460857689a85.png"}, "join_to_post": false, "can_pin": false}, {"description": "Hua Cheng (\u82b1\u57ce, Hu\u0101 Ch\u00e9ng), also referred to as San Lang (\u4e09\u90ce, S\u0101n L\u00e1ng), is the deuteragonist and main love interest in Heaven Official's Blessing. As one of the Four Great Calamities, Hua Cheng is known as the richest and most dangerous of the three Devastation class Demons. One learns to fear the silver butterflies and blood rains for they are the heralds of his presence. He's also known as the Scourge of Heaven, Ghost King (\u9b3c\u738b, Gu\u01d0 W\u00e1ng) and Crimson Rain Sought Flower (\u8840\u96e8\u63a2\u82b1, Xu\u00e8 Y\u01d4 T\u00e0n Hu\u0101).", "follow_count": 12, "id": 26819, "is_following": false, "is_join_pending": false, "is_banned": false, "is_moderated": false, "name_readable": "Hua Cheng", "post_count": 20, "source_profile_id": 29748, "source_type": "profile", "image": {"picURL": "https://static1.personality-database.com/profile_images/89629d799ef847a48a36b945a63fa8b6.png"}, "join_to_post": false, "can_pin": false}, {"description": "Feng Xin (\u98ce\u4fe1, F\u0113ng X\u00ecn) is a popular Martial God known as Nan Yang Zhen Jun (\u5357\u9633\u771f\u541b, N\u00e1n Y\u00e1ng Zh\u0113n J\u016bn) who oversees the southeast and has nearly eight thousand temples. Eight hundred years ago, he was the Imperial Bodyguard of Xie Lian.", "follow_count": 3, "id": 51027, "is_following": false, "is_join_pending": false, "is_banned": false, "is_moderated": false, "name_readable": "Feng Xin", "post_count": 5, "source_profile_id": 60598, "source_type": "profile", "image": {"picURL": "https://static1.personality-database.com/profile_images/a9f059f2dda14ca2964ed925a965e4a3.png"}, "join_to_post": false, "can_pin": false}, {"description": "", "follow_count": 0, "id": 86695, "is_following": false, "is_join_pending": false, "is_banned": false, "is_moderated": false, "name_readable": "Qi Rong", "post_count": 3, "source_profile_id": 109028, "source_type": "profile", "image": {"picURL": "https://static1.personality-database.com/profile_images/0a3bb98e63a442f190d8f9d247595125.png"}, "join_to_post": false, "can_pin": false}, {"description": "Pei Ming (\u88f4\u8317, P\u00e9i M\u00edng), titled as General Ming Guang, is the Martial God of the North with nine thousand temples dedicated to his palace.", "follow_count": 0, "id": 51032, "is_following": false, "is_join_pending": false, "is_banned": false, "is_moderated": false, "name_readable": "Pei Ming", "post_count": 3, "source_profile_id": 60604, "source_type": "profile", "image": {"picURL": "https://static1.personality-database.com/profile_images/6a5b6bffa75f4484946dc54e29b4e5f0.png"}, "join_to_post": false, "can_pin": false}, {"description": "", "follow_count": 1, "id": 51030, "is_following": false, "is_join_pending": false, "is_banned": false, "is_moderated": false, "name_readable": "Yin Yu", "post_count": 3, "source_profile_id": 60601, "source_type": "profile", "image": {"picURL": "https://static1.personality-database.com/profile_images/b017d0fc3ba346c5b72c2953c8b3f1f3.png"}, "join_to_post": false, "can_pin": false}, {"description": "He Xuan (\u8d3a\u7384, H\u00e8 Xu\u00e1n) is a Devastation level ghost and one of the Four Great Calamities. He bears the title Black Water Submerging Boats (\u9ed1\u6c34\u6c89\u821f, H\u0113i Shu\u01d0 Ch\u00e9n Zh\u014du) and his domain is the Black Water Demon Lair.", "follow_count": 2, "id": 51033, "is_following": false, "is_join_pending": false, "is_banned": false, "is_moderated": false, "name_readable": "He Xuan", "post_count": 2, "source_profile_id": 60605, "source_type": "profile", "image": {"picURL": "https://static1.personality-database.com/profile_images/ccc04734f2c145c9974e4e79cc8b3d67.png"}, "join_to_post": false, "can_pin": false}, {"description": "", "follow_count": 0, "id": 86697, "is_following": false, "is_join_pending": false, "is_banned": false, "is_moderated": false, "name_readable": "Cuo Cuo", "post_count": 2, "source_profile_id": 109030, "source_type": "profile", "image": {"picURL": "https://static1.personality-database.com/profile_images/bbbc3fecfb7c4f4b9cf6c20b797a0237.png"}, "join_to_post": false, "can_pin": false}, {"description": "Mu Qing (\u6155\u60c5, M\u00f9 Q\u00edng), also known as General Xuan Zhen (\u7384\u771f\u5c06\u519b, Xu\u00e1n Zh\u0113n Ji\u0101ngjun), is a popular Martial God who oversees the southwest with a total of seven thousand temples dedicated to his palace. Eight hundred years ago, he was the personal attendant of Xie Lian and was responsible for household chores like washing his clothes and dressing him.", "follow_count": 2, "id": 51028, "is_following": false, "is_join_pending": false, "is_banned": false, "is_moderated": false, "name_readable": "Mu Qing", "post_count": 2, "source_profile_id": 60599, "source_type": "profile", "image": {"picURL": "https://static1.personality-database.com/profile_images/7c004315cd1d41bc8c32d8589773ccda.png"}, "join_to_post": false, "can_pin": false}, {"description": "Bai Wuxiang (\u767d\u65e0\u76f8, B\u00e1i W\u00faxi\u00e0ng) is the main antagonist of Heaven Official's Blessing, responsible for the fall of Xianle kingdom.\nAlso known as the White-Clothed Calamity (\u767d\u8863\u7978\u4e16, B\u00e1i Y\u012bhu\u00f2 Sh\u00ec), he is the eldest and most powerful of the Four Great Calamities.\n\n#ENFJVillains", "follow_count": 0, "id": 251169, "is_following": false, "is_join_pending": false, "is_banned": false, "is_moderated": false, "name_readable": "Bai Wuxiang", "post_count": 1, "source_profile_id": 326260, "source_type": "profile", "image": {"picURL": "https://static1.personality-database.com/profile_images/a38502c583ec42bda69a2d1e9eb7dac7.png"}, "join_to_post": false, "can_pin": false}, {"description": "Shi Qingxuan (\u5e08\u9752\u7384, Sh\u012b Q\u012bngxu\u00e1n), also known as Lord Wind Master Qingxuan (\u98ce\u5e08\u9752\u7384, F\u0113ng Sh\u012b Q\u012bng Xu\u00e1n), is one of the Five Elemental Masters in the Heavenly Court. Since he is often worshiped as a female version of himself and often transforms into a woman, he was given the nickname Lady Wind Master (\u98ce\u5e08\u5a18\u5a18, F\u0113ng Sh\u012b Ni\u00e1ng Niang).", "follow_count": 3, "id": 51024, "is_following": false, "is_join_pending": false, "is_banned": false, "is_moderated": false, "name_readable": "Shi QingXuan", "post_count": 1, "source_profile_id": 60595, "source_type": "profile", "image": {"picURL": "https://static1.personality-database.com/profile_images/3b1367f207264c8590547ebaa0430f71.png"}, "join_to_post": false, "can_pin": false}, {"description": "Jun Wu (\u541b\u543e, J\u016bn W\u00fa) is the Heavenly Emperor who presides over the Heavenly realm, as well as the oldest and most powerful Martial God.", "follow_count": 0, "id": 51025, "is_following": false, "is_join_pending": false, "is_banned": false, "is_moderated": false, "name_readable": "Jun Wu", "post_count": 1, "source_profile_id": 60596, "source_type": "profile", "image": {"picURL": "https://static1.personality-database.com/profile_images/0947c566613646f8b1ac4ea392c2cecf.png"}, "join_to_post": false, "can_pin": false}, {"description": "", "follow_count": 0, "id": 51026, "is_following": false, "is_join_pending": false, "is_banned": false, "is_moderated": false, "name_readable": "Shi Wudu", "post_count": 1, "source_profile_id": 60597, "source_type": "profile", "image": {"picURL": "https://static1.personality-database.com/profile_images/50d27ffdf3b74519a2bc1edf99d4d015.png"}, "join_to_post": false, "can_pin": false}, {"description": "", "follow_count": 0, "id": 197815, "is_following": false, "is_join_pending": false, "is_banned": false, "is_moderated": false, "name_readable": "Nan Feng", "post_count": 0, "source_profile_id": 256625, "source_type": "profile", "image": {"picURL": "https://static1.personality-database.com/profile_images/3af7c7c7a2764742afc9efe8bb9ea417.png"}, "join_to_post": false, "can_pin": false}, {"description": "", "follow_count": 0, "id": 176092, "is_following": false, "is_join_pending": false, "is_banned": false, "is_moderated": false, "name_readable": "Ming Yi", "post_count": 0, "source_profile_id": 227955, "source_type": "profile", "image": {"picURL": "https://static1.personality-database.com/profile_images/ffe24197b645481e92b42dbbb2336357.png"}, "join_to_post": false, "can_pin": false}, {"description": "", "follow_count": 1, "id": 189481, "is_following": false, "is_join_pending": false, "is_banned": false, "is_moderated": false, "name_readable": "E-Ming", "post_count": 0, "source_profile_id": 245135, "source_type": "profile", "image": {"picURL": "https://static1.personality-database.com/profile_images/200e1d92e04c42bb8c5177e926d04cca.png"}, "join_to_post": false, "can_pin": false}], "subcategory": "Heaven Official's Blessing (Tian Guan Ci Fu)", "topic_image_url": "https://static1.personality-database.com/profile_images/0a3bb98e63a442f190d8f9d247595125.png", "source_location": {"cid": 12, "pid": 2, "sub_cat_id": 3152}, "can_post_image": false, "can_post_audio": false, "posts": {"posts": [{"username": "akilvr", "user_pic_path": "https://static1.personality-database.com/user_avatars/1324612/609488d3-8235-4367-b3fd-2383e6c4cd8f.jpeg", "user_personality_type": "INTP-5w4-594", "is_mod": false, "comment_count": 0, "reply_count": 0, "vote_type": 0, "topics_list": [{"id": 86695, "name_readable": "Qi Rong"}], "id": 1832609, "post_id": 1832609, "user_id": 1324612, "title": "", "content": "can someone explain how hes a 3??!?", "create_date": 1669743383000, "unix_timestamp": 1669743383000, "update_date": 1669743383000, "vote_count": 0, "vote_count_down": 0, "is_reported": 0, "is_hidden": false, "is_pinned": false, "is_watching": false, "is_pro_user": false, "images": null, "audios": null, "function_list": [], "type": "post"}, {"username": "heartpop", "user_pic_path": "https://lh3.googleusercontent.com/a-/AOh14GjnQ3Eu7comGiGLu41ZKjgaCy6tgPMTAN2fjAiuIag=s96-c", "user_personality_type": "", "is_mod": false, "comment_count": 0, "reply_count": 0, "vote_type": 0, "topics_list": [{"id": 86695, "name_readable": "Qi Rong"}], "id": 1605176, "post_id": 1605176, "user_id": 495058, "title": "", "content": "this mf made me crack up everytime he spoke when I read it for the first time", "create_date": 1666673576000, "unix_timestamp": 1666673576000, "update_date": 1666673576000, "vote_count": 4, "vote_count_down": 0, "is_reported": 0, "is_hidden": false, "is_pinned": false, "is_watching": false, "is_pro_user": false, "images": null, "audios": null, "function_list": [], "type": "post"}, {"username": "duckling and tree", "user_pic_path": "https://lh3.googleusercontent.com/a-/AOh14GjshXdecyS98DycoIDFS7HUZtUvysi2kD8aVc1ffSc=s96-c", "user_personality_type": "ISFP-9w8-946", "is_mod": false, "comment_count": 0, "reply_count": 0, "vote_type": 0, "topics_list": [{"id": 86695, "name_readable": "Qi Rong"}], "id": 1045963, "post_id": 1045963, "user_id": 244354, "title": "", "content": "there is something horribly wrong with me because i love him for some reason", "create_date": 1658557733000, "unix_timestamp": 1658557733000, "update_date": 1658557733000, "vote_count": 8, "vote_count_down": 0, "is_reported": 0, "is_hidden": false, "is_pinned": false, "is_watching": false, "is_pro_user": false, "images": null, "audios": null, "function_list": [], "type": "post"}]}}}}