{"id": 6048, "mbti_profile": "Andrei Nikolaevich Bolkonsky", "profile_name_searchable": "andreibolkonsky", "allow_commenting": true, "allow_voting": true, "user_id": 2322, "contributor": "admorris900", "contributor_create_date": "2017-04-13 18:47:24", "contributor_pic_path": "https://lh3.googleusercontent.com/-l_ocaWpbTwE/AAAAAAAAAAI/AAAAAAAAAEE/-Z8lqcs3N1U/photo.jpg", "display_order": 1000, "edit_lock": 0, "edit_lock_picture": 0, "is_active": true, "is_approved": true, "mbti_enneagram_type": "INTJ", "mbti_type": "INTJ", "pdb_comment_access": true, "pdb_page_owner": 0, "pdb_public_access": true, "wiki_description": "Andrei Bolkonsky is Andrei Bolkonsky", "watch_count": 105, "comment_count": 15, "vote_count": 105, "vote_count_enneagram": 62, "vote_count_mbti": 105, "total_vote_counts": 208, "personality_type": "INTJ - 514 - LII - RLOEI - LVFE - Melancholic-Choleric", "type_updated_date": "2023-01-02 04:13:37", "enneagram_vote": "", "enneagram_vote_id": 0, "mbti_vote": "", "mbti_vote_id": 0, "is_watching": false, "image_exists": false, "profile_image_url": "https://static1.personality-database.com/profile_images/f468476144154d1e83ad2bbf10122511.png", "profile_image_credit": "", "profile_image_credit_id": 372134, "profile_image_credit_type": "0", "profile_image_credit_url": "", "alt_subcategory": "", "related_subcategories": "", "cat_id": 12, "category": "Literature", "category_is_fictional": true, "sub_cat_id": 779, "subcategory": "War and Peace", "subcat_link_info": {"sub_cat_id": 779, "cat_id": 12, "property_id": 2, "subcategory": "War and Peace"}, "related_subcat_link_info": null, "related_profiles": [{"id": 12325, "mbti_profile": "Pierre Kirillovich Bezukhov", "subcategory": "War and Peace", "profile_image_url": "https://static1.personality-database.com/profile_images/dd5fbac0911a4ee98b16b3f47854adcf.png", "profile_name": "Pierre Kirillovich Bezukhov", "profile_subcat": "War and Peace", "sub_cat_id": 779, "cat_id": 12, "property_id": 2, "mbti": "INFP", "enneatype": "5w4"}, {"id": 82194, "mbti_profile": "Prince Nikolai Andreevich Bolkonsky", "subcategory": "War and Peace", "profile_image_url": "https://static1.personality-database.com/profile_images/af5dd1e5537a4ab99b856548038324cd.png", "profile_name": "Prince Nikolai Andreevich Bolkonsky", "profile_subcat": "War and Peace", "sub_cat_id": 779, "cat_id": 12, "property_id": 2, "mbti": "ESTJ", "enneatype": ""}, {"id": 16735, "mbti_profile": "H\u00e9l\u00e8ne Vasilievna Kuragina", "subcategory": "War and Peace", "profile_image_url": "https://static1.personality-database.com/profile_images/05d71254362e4a3193b9d2e23bc9fea1.png", "profile_name": "H\u00e9l\u00e8ne Vasilievna Kuragina", "profile_subcat": "War and Peace", "sub_cat_id": 779, "cat_id": 12, "property_id": 2, "mbti": "ESTP", "enneatype": "3w2"}, {"id": 12327, "mbti_profile": "Natalya \"Natasha\" Ilyinichna Rostova", "subcategory": "War and Peace", "profile_image_url": "https://static1.personality-database.com/profile_images/c2b885bde3584496ab0db33da002870b.png", "profile_name": "Natalya \"Natasha\" Ilyinichna Rostova", "profile_subcat": "War and Peace", "sub_cat_id": 779, "cat_id": 12, "property_id": 2, "mbti": "ENFP", "enneatype": "7w6"}, {"id": 16739, "mbti_profile": "Marya Bolkonskya", "subcategory": "War and Peace", "profile_image_url": "", "profile_name": "Marya Bolkonskya", "profile_subcat": "War and Peace", "sub_cat_id": 779, "cat_id": 12, "property_id": 2, "mbti": "ISFJ", "enneatype": "9w1"}, {"id": 527816, "mbti_profile": "Napol\u00e9on Bonaparte", "subcategory": "War and Peace", "profile_image_url": "", "profile_name": "Napol\u00e9on Bonaparte", "profile_subcat": "War and Peace", "sub_cat_id": 779, "cat_id": 12, "property_id": 2, "mbti": "ENTJ", "enneatype": ""}, {"id": 16734, "mbti_profile": "Fedya Dolokhov", "subcategory": "War and Peace", "profile_image_url": "https://static1.personality-database.com/profile_images/0123e33614af4bfc96be5d5a9f426d31.png", "profile_name": "Fedya Dolokhov", "profile_subcat": "War and Peace", "sub_cat_id": 779, "cat_id": 12, "property_id": 2, "mbti": "ESTP", "enneatype": "8w7"}, {"id": 16733, "mbti_profile": "Anatole Kuragin", "subcategory": "War and Peace", "profile_image_url": "https://static1.personality-database.com/profile_images/b87af98def9f4b77abf466f42ccbcf3e.png", "profile_name": "Anatole Kuragin", "profile_subcat": "War and Peace", "sub_cat_id": 779, "cat_id": 12, "property_id": 2, "mbti": "ESFP", "enneatype": "7w8"}], "functions": ["Ni", "Te", "Fi", "Se"], "systems": [{"hex_color": "#888888", "id": 1, "personality_type": "XXXX", "personality_type_id": 0, "system_name": "Four Letter", "system_vote_count": 101, "user_vote_type_id": 0, "vote_id": 0}, {"hex_color": "#006775", "id": 2, "personality_type": "XXXX", "personality_type_id": 0, "system_name": "Enneagram", "system_vote_count": 57, "user_vote_type_id": 0, "vote_id": 0}, {"hex_color": "#006775", "id": 5, "personality_type": "XXXX", "personality_type_id": 0, "system_name": "Instinctual Variant", "system_vote_count": 10, "user_vote_type_id": 0, "vote_id": 0}, {"hex_color": "#006775", "id": 6, "personality_type": "XXXX", "personality_type_id": 0, "system_name": "Tritype", "system_vote_count": 18, "user_vote_type_id": 0, "vote_id": 0}, {"hex_color": "#888888", "id": 3, "personality_type": "XXXX", "personality_type_id": 0, "system_name": "Socionics", "system_vote_count": 8, "user_vote_type_id": 0, "vote_id": 0}, {"hex_color": "#888888", "id": 9, "personality_type": "XXXX", "personality_type_id": 0, "system_name": "Big 5 (SLOAN)", "system_vote_count": 1, "user_vote_type_id": 0, "vote_id": 0}, {"hex_color": "#888888", "id": 8, "personality_type": "XXXX", "personality_type_id": 0, "system_name": "Attitudinal Psyche", "system_vote_count": 1, "user_vote_type_id": 0, "vote_id": 0}, {"hex_color": "#888888", "id": 7, "personality_type": "XXXX", "personality_type_id": 0, "system_name": "Temperaments", "system_vote_count": 10, "user_vote_type_id": 0, "vote_id": 0}, {"hex_color": "#888888", "id": 11, "personality_type": "XXXX", "personality_type_id": 0, "system_name": "Classic Jungian", "system_vote_count": 0, "user_vote_type_id": 0, "vote_id": 0}], "breakdown_systems": {"1": [{"myValue": "INTJ", "personality_system_id": 1, "personality_type": "INTJ", "theCount": 94}, {"myValue": "INTP", "personality_system_id": 1, "personality_type": "INTP", "theCount": 3}, {"myValue": "ISTJ", "personality_system_id": 1, "personality_type": "ISTJ", "theCount": 3}, {"myValue": "ESTJ", "personality_system_id": 1, "personality_type": "ESTJ", "theCount": 1}], "11": [{"myValue": "XXXX", "personality_system_id": 0, "personality_type": "XXXX", "theCount": 0}], "2": [{"myValue": "1w9", "personality_system_id": 2, "personality_type": "1w9", "theCount": 26}, {"myValue": "5w6", "personality_system_id": 2, "personality_type": "5w6", "theCount": 26}, {"myValue": "5w4", "personality_system_id": 2, "personality_type": "5w4", "theCount": 4}, {"myValue": "3w4", "personality_system_id": 2, "personality_type": "3w4", "theCount": 1}], "3": [{"myValue": "LII", "personality_system_id": 3, "personality_type": "LII", "theCount": 5}, {"myValue": "ILI", "personality_system_id": 3, "personality_type": "ILI", "theCount": 2}, {"myValue": "EIE", "personality_system_id": 3, "personality_type": "EIE", "theCount": 1}], "4": [{"myValue": "Lawful Good", "personality_system_id": 4, "personality_type": "Lawful Good", "theCount": 1}, {"myValue": "Lawful Neutral", "personality_system_id": 4, "personality_type": "Lawful Neutral", "theCount": 1}], "5": [{"myValue": "sp/so", "personality_system_id": 5, "personality_type": "sp/so", "theCount": 4}, {"myValue": "sp/sx", "personality_system_id": 5, "personality_type": "sp/sx", "theCount": 3}, {"myValue": "so/sp", "personality_system_id": 5, "personality_type": "so/sp", "theCount": 2}, {"myValue": "so/sx", "personality_system_id": 5, "personality_type": "so/sx", "theCount": 1}], "6": [{"myValue": "514", "personality_system_id": 6, "personality_type": "514", "theCount": 6}, {"myValue": "154", "personality_system_id": 6, "personality_type": "154", "theCount": 5}, {"myValue": "135", "personality_system_id": 6, "personality_type": "135", "theCount": 2}, {"myValue": "541", "personality_system_id": 6, "personality_type": "541", "theCount": 2}, {"myValue": "415", "personality_system_id": 6, "personality_type": "415", "theCount": 1}, {"myValue": "512", "personality_system_id": 6, "personality_type": "512", "theCount": 1}, {"myValue": "583", "personality_system_id": 6, "personality_type": "583", "theCount": 1}], "7": [{"myValue": "Melancholic-Choleric", "personality_system_id": 7, "personality_type": "Melancholic-Choleric", "theCount": 4}, {"myValue": "Melancholic-Phlegmatic", "personality_system_id": 7, "personality_type": "Melancholic-Phlegmatic", "theCount": 3}, {"myValue": "Melancholic [Dominant]", "personality_system_id": 7, "personality_type": "Melancholic [Dominant]", "theCount": 2}, {"myValue": "Phlegmatic-Choleric", "personality_system_id": 7, "personality_type": "Phlegmatic-Choleric", "theCount": 1}], "8": [{"myValue": "LVFE", "personality_system_id": 8, "personality_type": "LVFE", "theCount": 1}], "9": [{"myValue": "RLOEI", "personality_system_id": 9, "personality_type": "RLOEI", "theCount": 1}]}, "breakdown_config": {"expand": {"1": 3, "11": 1, "2": 3, "3": 1, "4": 1, "5": 1, "6": 1, "7": 1, "8": 1, "9": 1}, "fire": {"1": 0, "11": 0, "2": 1, "3": 0, "4": 0, "5": 0, "6": 0, "7": 0, "8": 0, "9": 0}}, "mbti_letter_stats": [{"type": "I", "percentage": "99%", "PercentageFloat": 0.9900990099009901}, {"type": "N", "percentage": "96%", "PercentageFloat": 0.9603960396039604}, {"type": "T", "percentage": "100%", "PercentageFloat": 1}, {"type": "J", "percentage": "97%", "PercentageFloat": 0.9702970297029703}], "topic_info": {"can_generate": false, "topic": {"description": "", "follow_count": 0, "id": 5634, "is_following": false, "is_join_pending": false, "is_banned": false, "is_moderated": false, "name_readable": "Andrei Bolkonsky", "post_count": 6, "source_profile_id": 6048, "source_type": "profile", "join_to_post": false, "can_pin": false, "related_topics": [{"description": "", "follow_count": 0, "id": 5634, "is_following": false, "is_join_pending": false, "is_banned": false, "is_moderated": false, "name_readable": "Andrei Bolkonsky", "post_count": 6, "source_profile_id": 6048, "source_type": "profile", "image": {"picURL": "https://static1.personality-database.com/profile_images/f468476144154d1e83ad2bbf10122511.png"}, "join_to_post": false, "can_pin": false}, {"description": "", "follow_count": 0, "id": 68964, "is_following": false, "is_join_pending": false, "is_banned": false, "is_moderated": false, "name_readable": "Anna Mihalovna Drubetskaya", "post_count": 0, "source_profile_id": 84970, "source_type": "profile", "image": {"picURL": "https://www.personality-database.com/images/profile_transparent.png"}, "join_to_post": false, "can_pin": false}, {"description": "Andrei\u2019s wife, who dies in childbirth.", "follow_count": 0, "id": 318501, "is_following": false, "is_join_pending": false, "is_banned": false, "is_moderated": false, "name_readable": "Elizaveta (Lise)", "post_count": 0, "source_profile_id": 415331, "source_type": "profile", "image": {"picURL": "https://www.personality-database.com/images/profile_transparent.png"}, "join_to_post": false, "can_pin": false}, {"description": "", "follow_count": 0, "id": 264195, "is_following": false, "is_join_pending": false, "is_banned": false, "is_moderated": false, "name_readable": "Osip (Iosif) Alexeevich Bazdeev", "post_count": 0, "source_profile_id": 343251, "source_type": "profile", "image": {"picURL": "https://www.personality-database.com/images/profile_transparent.png"}, "join_to_post": false, "can_pin": false}, {"description": "", "follow_count": 0, "id": 230719, "is_following": false, "is_join_pending": false, "is_banned": false, "is_moderated": false, "name_readable": "Platon Karataev", "post_count": 0, "source_profile_id": 300435, "source_type": "profile", "image": {"picURL": "https://www.personality-database.com/images/profile_transparent.png"}, "join_to_post": false, "can_pin": false}, {"description": "", "follow_count": 0, "id": 163451, "is_following": false, "is_join_pending": false, "is_banned": false, "is_moderated": false, "name_readable": "Vera Rostova", "post_count": 0, "source_profile_id": 211663, "source_type": "profile", "image": {"picURL": "https://www.personality-database.com/images/profile_transparent.png"}, "join_to_post": false, "can_pin": false}, {"description": "", "follow_count": 0, "id": 154865, "is_following": false, "is_join_pending": false, "is_banned": false, "is_moderated": false, "name_readable": "Nikolai Rostov", "post_count": 0, "source_profile_id": 200284, "source_type": "profile", "image": {"picURL": "https://static1.personality-database.com/profile_images/55feddb93b644d8e974fcd3e48e9b4b1.png"}, "join_to_post": false, "can_pin": false}, {"description": "", "follow_count": 0, "id": 68969, "is_following": false, "is_join_pending": false, "is_banned": false, "is_moderated": false, "name_readable": "Vasily Dmitrich Denisov", "post_count": 0, "source_profile_id": 84975, "source_type": "profile", "image": {"picURL": "https://www.personality-database.com/images/profile_transparent.png"}, "join_to_post": false, "can_pin": false}, {"description": "", "follow_count": 0, "id": 68968, "is_following": false, "is_join_pending": false, "is_banned": false, "is_moderated": false, "name_readable": "Amalia Evgenyevna Bourienne", "post_count": 0, "source_profile_id": 84974, "source_type": "profile", "image": {"picURL": "https://www.personality-database.com/images/profile_transparent.png"}, "join_to_post": false, "can_pin": false}, {"description": "", "follow_count": 0, "id": 68967, "is_following": false, "is_join_pending": false, "is_banned": false, "is_moderated": false, "name_readable": "Maria Dmitryevna", "post_count": 0, "source_profile_id": 84973, "source_type": "profile", "image": {"picURL": "https://www.personality-database.com/images/profile_transparent.png"}, "join_to_post": false, "can_pin": false}, {"description": "", "follow_count": 0, "id": 68966, "is_following": false, "is_join_pending": false, "is_banned": false, "is_moderated": false, "name_readable": "Anna Pavlovna Scherer", "post_count": 0, "source_profile_id": 84972, "source_type": "profile", "image": {"picURL": "https://www.personality-database.com/images/profile_transparent.png"}, "join_to_post": false, "can_pin": false}, {"description": "", "follow_count": 0, "id": 68965, "is_following": false, "is_join_pending": false, "is_banned": false, "is_moderated": false, "name_readable": "Adolf Karlovich Berg", "post_count": 0, "source_profile_id": 84971, "source_type": "profile", "image": {"picURL": "https://www.personality-database.com/images/profile_transparent.png"}, "join_to_post": false, "can_pin": false}, {"description": "", "follow_count": 0, "id": 68963, "is_following": false, "is_join_pending": false, "is_banned": false, "is_moderated": false, "name_readable": "Ippolit Vasilyevich (Hippolyte)", "post_count": 0, "source_profile_id": 84969, "source_type": "profile", "image": {"picURL": "https://www.personality-database.com/images/profile_transparent.png"}, "join_to_post": false, "can_pin": false}, {"description": "", "follow_count": 0, "id": 68962, "is_following": false, "is_join_pending": false, "is_banned": false, "is_moderated": false, "name_readable": "Boris Drubetskoy", "post_count": 0, "source_profile_id": 84968, "source_type": "profile", "image": {"picURL": "https://www.personality-database.com/images/profile_transparent.png"}, "join_to_post": false, "can_pin": false}, {"description": "", "follow_count": 0, "id": 66631, "is_following": false, "is_join_pending": false, "is_banned": false, "is_moderated": false, "name_readable": "Prince Nikolai Bolkonsky", "post_count": 0, "source_profile_id": 82194, "source_type": "profile", "image": {"picURL": "https://static1.personality-database.com/profile_images/af5dd1e5537a4ab99b856548038324cd.png"}, "join_to_post": false, "can_pin": false}, {"description": "", "follow_count": 0, "id": 15388, "is_following": false, "is_join_pending": false, "is_banned": false, "is_moderated": false, "name_readable": "Mary Bolkonskya", "post_count": 0, "source_profile_id": 16739, "source_type": "profile", "image": {"picURL": "https://www.personality-database.com/images/profile_transparent.png"}, "join_to_post": false, "can_pin": false}], "subcategory": "War and Peace", "topic_image_url": "https://static1.personality-database.com/profile_images/f468476144154d1e83ad2bbf10122511.png", "source_location": {"cid": 12, "pid": 2, "sub_cat_id": 779}, "can_post_image": false, "can_post_audio": false, "posts": {"posts": [{"username": "ricooo", "user_pic_path": "https://lh3.googleusercontent.com/a-/AOh14Gjc7iB-OkAJpnvtkfMosPaDGcxTyU-rfluH18HrCoM=s96-c", "user_personality_type": "INFP-6w7-694", "is_mod": false, "comment_count": 0, "reply_count": 0, "vote_type": 0, "topics_list": [{"id": 5634, "name_readable": "Andrei Bolkonsky"}], "id": 363513, "post_id": 363513, "user_id": 306471, "title": "", "content": "\"Andrei Bolkonsky is Andrei Bolkonsky\"\n\nno. freaking. way. \ud83d\ude28\ud83d\ude28\ud83d\ude28\ud83d\ude31\ud83d\ude31", "create_date": 1645778868000, "unix_timestamp": 1645778868000, "update_date": 1645778868000, "vote_count": 22, "vote_count_down": 0, "is_reported": 1, "is_hidden": false, "is_pinned": false, "is_watching": false, "is_pro_user": false, "images": null, "audios": null, "function_list": [], "type": "post"}, {"username": "exPDBee182664", "user_pic_path": "", "user_personality_type": "XXXX", "is_mod": false, "comment_count": 0, "reply_count": 0, "vote_type": 0, "topics_list": [{"id": 5634, "name_readable": "Andrei Bolkonsky"}], "id": 362446, "post_id": 362446, "user_id": 182664, "title": "", "content": "Nice choice pdb", "create_date": 1645747606000, "unix_timestamp": 1645747606000, "update_date": 1645747606000, "vote_count": 4, "vote_count_down": 0, "is_reported": 1, "is_hidden": false, "is_pinned": false, "is_watching": false, "is_pro_user": false, "images": null, "audios": null, "function_list": [], "type": "post"}, {"username": "Shellshock", "user_pic_path": "https://lh3.googleusercontent.com/a-/AFdZucqEzFxzXof5t6mMJ6OxzQRZufKBHjqLJc3qvEbK2Q=s96-c", "user_personality_type": "", "is_mod": false, "comment_count": 0, "reply_count": 0, "vote_type": 0, "topics_list": [{"id": 5634, "name_readable": "Andrei Bolkonsky"}], "id": 362440, "post_id": 362440, "user_id": 598208, "title": "", "content": "Noaa man, he cant be INTJ must be INFJ. (Have no idea this man is)", "create_date": 1645717122000, "unix_timestamp": 1645717122000, "update_date": 1645717122000, "vote_count": 7, "vote_count_down": 0, "is_reported": 2, "is_hidden": false, "is_pinned": false, "is_watching": false, "is_pro_user": false, "images": null, "audios": null, "function_list": [], "type": "post"}]}}}}