{"id": 112172, "mbti_profile": "Achilles", "profile_name_searchable": "achilles", "allow_commenting": true, "allow_voting": true, "user_id": 8228, "contributor": "Monny Arcade", "contributor_create_date": "2020-03-30 09:27:51", "contributor_pic_path": "https://lh3.googleusercontent.com/a-/AOh14GgzR77iKegTx12JQ2oQPUs1qcYOI--h44hI9USD2g=s96-c", "display_order": 1000, "edit_lock": 0, "edit_lock_picture": 0, "is_active": true, "is_approved": true, "mbti_enneagram_type": "ESFP 3w4", "mbti_type": "ESFP 3w4", "pdb_comment_access": true, "pdb_page_owner": 0, "pdb_public_access": true, "wiki_description": "Achilles is the main character of the novel The Song of Achilles by Madeline Miller.\n\nProfile picture is @_mohtz on Twitter!\n\nAchilles, known also as Aristos Achaion (best of all the Greeks) is Patroclus' best friend, lover and soulmate. He is the son of the King Peleus of Phthia and the Sea Nymph Thetis", "watch_count": 304, "comment_count": 46, "vote_count": 277, "vote_count_enneagram": 165, "vote_count_mbti": 277, "total_vote_counts": 583, "personality_type": "ESFP - 3w4 - sx/so - 378 - SEE - SCUEI - VEFL - Choleric-Sanguine", "type_updated_date": "2022-03-19 22:47:22", "enneagram_vote": "", "enneagram_vote_id": 0, "mbti_vote": "", "mbti_vote_id": 0, "is_watching": false, "image_exists": true, "profile_image_url": "https://static1.personality-database.com/profile_images/d0d30e2e295c46e7970c9ca085e9dd83.png", "profile_image_credit": "", "profile_image_credit_id": 406838, "profile_image_credit_type": "0", "profile_image_credit_url": "I think this picture is absolutely more precise and clearer", "alt_subcategory": "", "related_subcategories": "", "cat_id": 12, "category": "Literature", "category_is_fictional": true, "sub_cat_id": 8196, "subcategory": "The Song Of Achilles", "subcat_link_info": {"sub_cat_id": 8196, "cat_id": 12, "property_id": 2, "subcategory": "The Song Of Achilles"}, "related_subcat_link_info": null, "related_profiles": [{"id": 112173, "mbti_profile": "Patroclus", "subcategory": "The Song Of Achilles", "profile_image_url": "https://static1.personality-database.com/profile_images/647d625ed9d44d94a0140427cf0c2216.png", "profile_name": "Patroclus", "profile_subcat": "The Song Of Achilles", "sub_cat_id": 8196, "cat_id": 12, "property_id": 2, "mbti": "ISFJ", "enneatype": "9w1"}, {"id": 112175, "mbti_profile": "Odysseus", "subcategory": "The Song Of Achilles", "profile_image_url": "https://static1.personality-database.com/profile_images/0de30c4f4a02424188481025dde389a8.png", "profile_name": "Odysseus", "profile_subcat": "The Song Of Achilles", "sub_cat_id": 8196, "cat_id": 12, "property_id": 2, "mbti": "ENTP", "enneatype": "7w8"}, {"id": 112176, "mbti_profile": "Agamemnon", "subcategory": "The Song Of Achilles", "profile_image_url": "https://static1.personality-database.com/profile_images/7ea7d896cf1549f9bc75ac8bae5b1565.png", "profile_name": "Agamemnon", "profile_subcat": "The Song Of Achilles", "sub_cat_id": 8196, "cat_id": 12, "property_id": 2, "mbti": "ESTP", "enneatype": "8w7"}, {"id": 112174, "mbti_profile": "Briseis", "subcategory": "The Song Of Achilles", "profile_image_url": "https://static1.personality-database.com/profile_images/9d03457b9a874768b626780674bb7311.png", "profile_name": "Briseis", "profile_subcat": "The Song Of Achilles", "sub_cat_id": 8196, "cat_id": 12, "property_id": 2, "mbti": "INFP", "enneatype": "6w7"}, {"id": 427346, "mbti_profile": "Pyrrhus", "subcategory": "The Song Of Achilles", "profile_image_url": "", "profile_name": "Pyrrhus", "profile_subcat": "The Song Of Achilles", "sub_cat_id": 8196, "cat_id": 12, "property_id": 2, "mbti": "ENTJ", "enneatype": "8w7"}, {"id": 112177, "mbti_profile": "Chiron", "subcategory": "The Song Of Achilles", "profile_image_url": "https://static1.personality-database.com/profile_images/36bb4c7b09354492ae091a4bc0be6862.png", "profile_name": "Chiron", "profile_subcat": "The Song Of Achilles", "sub_cat_id": 8196, "cat_id": 12, "property_id": 2, "mbti": "INFJ", "enneatype": "5w4"}, {"id": 253827, "mbti_profile": "Thetis", "subcategory": "The Song Of Achilles", "profile_image_url": "https://static1.personality-database.com/profile_images/d7ded0adea98426997c31b6af767a9f2.png", "profile_name": "Thetis", "profile_subcat": "The Song Of Achilles", "sub_cat_id": 8196, "cat_id": 12, "property_id": 2, "mbti": "ESTJ", "enneatype": "8w9"}, {"id": 306683, "mbti_profile": "Deidameia", "subcategory": "The Song Of Achilles", "profile_image_url": "https://static1.personality-database.com/profile_images/1b62bb92fecc4c718eb415149ac395da.png", "profile_name": "Deidameia", "profile_subcat": "The Song Of Achilles", "sub_cat_id": 8196, "cat_id": 12, "property_id": 2, "mbti": "ESFP", "enneatype": "7w8"}], "functions": ["Se", "Fi", "Te", "Ni"], "systems": [{"hex_color": "#888888", "id": 1, "personality_type": "XXXX", "personality_type_id": 0, "system_name": "Four Letter", "system_vote_count": 271, "user_vote_type_id": 0, "vote_id": 0}, {"hex_color": "#006775", "id": 2, "personality_type": "XXXX", "personality_type_id": 0, "system_name": "Enneagram", "system_vote_count": 164, "user_vote_type_id": 0, "vote_id": 0}, {"hex_color": "#006775", "id": 5, "personality_type": "XXXX", "personality_type_id": 0, "system_name": "Instinctual Variant", "system_vote_count": 46, "user_vote_type_id": 0, "vote_id": 0}, {"hex_color": "#006775", "id": 6, "personality_type": "XXXX", "personality_type_id": 0, "system_name": "Tritype", "system_vote_count": 47, "user_vote_type_id": 0, "vote_id": 0}, {"hex_color": "#888888", "id": 3, "personality_type": "XXXX", "personality_type_id": 0, "system_name": "Socionics", "system_vote_count": 13, "user_vote_type_id": 0, "vote_id": 0}, {"hex_color": "#888888", "id": 9, "personality_type": "XXXX", "personality_type_id": 0, "system_name": "Big 5 (SLOAN)", "system_vote_count": 10, "user_vote_type_id": 0, "vote_id": 0}, {"hex_color": "#888888", "id": 8, "personality_type": "XXXX", "personality_type_id": 0, "system_name": "Attitudinal Psyche", "system_vote_count": 4, "user_vote_type_id": 0, "vote_id": 0}, {"hex_color": "#888888", "id": 7, "personality_type": "XXXX", "personality_type_id": 0, "system_name": "Temperaments", "system_vote_count": 24, "user_vote_type_id": 0, "vote_id": 0}, {"hex_color": "#888888", "id": 11, "personality_type": "XXXX", "personality_type_id": 0, "system_name": "Classic Jungian", "system_vote_count": 1, "user_vote_type_id": 0, "vote_id": 0}], "breakdown_systems": {"1": [{"myValue": "ESFP", "personality_system_id": 1, "personality_type": "ESFP", "theCount": 203}, {"myValue": "ISFP", "personality_system_id": 1, "personality_type": "ISFP", "theCount": 56}, {"myValue": "ESTP", "personality_system_id": 1, "personality_type": "ESTP", "theCount": 2}, {"myValue": "INFP", "personality_system_id": 1, "personality_type": "INFP", "theCount": 2}, {"myValue": "ENFJ", "personality_system_id": 1, "personality_type": "ENFJ", "theCount": 1}, {"myValue": "ENFP", "personality_system_id": 1, "personality_type": "ENFP", "theCount": 1}, {"myValue": "ENTJ", "personality_system_id": 1, "personality_type": "ENTJ", "theCount": 1}, {"myValue": "ESFJ", "personality_system_id": 1, "personality_type": "ESFJ", "theCount": 1}, {"myValue": "ESTJ", "personality_system_id": 1, "personality_type": "ESTJ", "theCount": 1}, {"myValue": "INFJ", "personality_system_id": 1, "personality_type": "INFJ", "theCount": 1}, {"myValue": "INTJ", "personality_system_id": 1, "personality_type": "INTJ", "theCount": 1}, {"myValue": "INTP", "personality_system_id": 1, "personality_type": "INTP", "theCount": 1}], "11": [{"myValue": "ES(F)", "personality_system_id": 11, "personality_type": "ES(F)", "theCount": 1}], "2": [{"myValue": "3w4", "personality_system_id": 2, "personality_type": "3w4", "theCount": 86}, {"myValue": "7w8", "personality_system_id": 2, "personality_type": "7w8", "theCount": 44}, {"myValue": "8w7", "personality_system_id": 2, "personality_type": "8w7", "theCount": 29}, {"myValue": "7w6", "personality_system_id": 2, "personality_type": "7w6", "theCount": 2}, {"myValue": "3w2", "personality_system_id": 2, "personality_type": "3w2", "theCount": 1}, {"myValue": "4w3", "personality_system_id": 2, "personality_type": "4w3", "theCount": 1}, {"myValue": "9w8", "personality_system_id": 2, "personality_type": "9w8", "theCount": 1}], "3": [{"myValue": "SEE", "personality_system_id": 3, "personality_type": "SEE", "theCount": 9}, {"myValue": "ESI", "personality_system_id": 3, "personality_type": "ESI", "theCount": 3}, {"myValue": "SLI", "personality_system_id": 3, "personality_type": "SLI", "theCount": 1}], "4": [{"myValue": "Chaotic Good", "personality_system_id": 4, "personality_type": "Chaotic Good", "theCount": 3}], "5": [{"myValue": "sx/so", "personality_system_id": 5, "personality_type": "sx/so", "theCount": 26}, {"myValue": "so/sx", "personality_system_id": 5, "personality_type": "so/sx", "theCount": 14}, {"myValue": "sx/sp", "personality_system_id": 5, "personality_type": "sx/sp", "theCount": 4}, {"myValue": "so/sp", "personality_system_id": 5, "personality_type": "so/sp", "theCount": 1}, {"myValue": "sp/so", "personality_system_id": 5, "personality_type": "sp/so", "theCount": 1}], "6": [{"myValue": "378", "personality_system_id": 6, "personality_type": "378", "theCount": 21}, {"myValue": "738", "personality_system_id": 6, "personality_type": "738", "theCount": 13}, {"myValue": "873", "personality_system_id": 6, "personality_type": "873", "theCount": 4}, {"myValue": "387", "personality_system_id": 6, "personality_type": "387", "theCount": 2}, {"myValue": "836", "personality_system_id": 6, "personality_type": "836", "theCount": 2}, {"myValue": "368", "personality_system_id": 6, "personality_type": "368", "theCount": 1}, {"myValue": "379", "personality_system_id": 6, "personality_type": "379", "theCount": 1}, {"myValue": "748", "personality_system_id": 6, "personality_type": "748", "theCount": 1}, {"myValue": "827", "personality_system_id": 6, "personality_type": "827", "theCount": 1}, {"myValue": "837", "personality_system_id": 6, "personality_type": "837", "theCount": 1}], "7": [{"myValue": "Choleric-Sanguine", "personality_system_id": 7, "personality_type": "Choleric-Sanguine", "theCount": 22}, {"myValue": "Phlegmatic-Choleric", "personality_system_id": 7, "personality_type": "Phlegmatic-Choleric", "theCount": 2}], "8": [{"myValue": "VEFL", "personality_system_id": 8, "personality_type": "VEFL", "theCount": 3}, {"myValue": "VFEL", "personality_system_id": 8, "personality_type": "VFEL", "theCount": 1}], "9": [{"myValue": "SCUEI", "personality_system_id": 9, "personality_type": "SCUEI", "theCount": 6}, {"myValue": "RCOEI", "personality_system_id": 9, "personality_type": "RCOEI", "theCount": 2}, {"myValue": "RCOAI", "personality_system_id": 9, "personality_type": "RCOAI", "theCount": 1}, {"myValue": "SCUAI", "personality_system_id": 9, "personality_type": "SCUAI", "theCount": 1}]}, "breakdown_config": {"expand": {"1": 3, "11": 1, "2": 3, "3": 1, "4": 1, "5": 2, "6": 2, "7": 1, "8": 1, "9": 1}, "fire": {"1": 0, "11": 0, "2": 1, "3": 0, "4": 0, "5": 1, "6": 1, "7": 0, "8": 0, "9": 0}}, "mbti_letter_stats": [{"type": "E", "percentage": "77%", "PercentageFloat": 0.7749077490774908}, {"type": "S", "percentage": "97%", "PercentageFloat": 0.9704797047970479}, {"type": "F", "percentage": "98%", "PercentageFloat": 0.977859778597786}, {"type": "P", "percentage": "98%", "PercentageFloat": 0.977859778597786}], "topic_info": {"can_generate": false, "topic": {"description": "#esfpheroes", "follow_count": 0, "id": 89069, "is_following": false, "is_join_pending": false, "is_banned": false, "is_moderated": false, "name_readable": "Achilles", "post_count": 7, "source_profile_id": 112172, "source_type": "profile", "join_to_post": false, "can_pin": false, "related_topics": [{"description": "", "follow_count": 2, "id": 89070, "is_following": false, "is_join_pending": false, "is_banned": false, "is_moderated": false, "name_readable": "Patroclus", "post_count": 12, "source_profile_id": 112173, "source_type": "profile", "image": {"picURL": "https://static1.personality-database.com/profile_images/647d625ed9d44d94a0140427cf0c2216.png"}, "join_to_post": false, "can_pin": false}, {"description": "#esfpheroes", "follow_count": 0, "id": 89069, "is_following": false, "is_join_pending": false, "is_banned": false, "is_moderated": false, "name_readable": "Achilles", "post_count": 7, "source_profile_id": 112172, "source_type": "profile", "image": {"picURL": "https://static1.personality-database.com/profile_images/d0d30e2e295c46e7970c9ca085e9dd83.png"}, "join_to_post": false, "can_pin": false}, {"description": "Formally named Neoptolemus, but called \"Pyrrhus\" for his fiery hair, he was the son of Achilles and the princess Deidameia. Pyrrhus is a sadistic perversion of his father\u2019s legacy, heir to his strength and capacity for violence, but not his humanity. When he gets to Troy, Pyrrhus takes his father\u2019s place as one of the most terrifying and reckless warriors of the Greeks.", "follow_count": 0, "id": 334871, "is_following": false, "is_join_pending": false, "is_banned": false, "is_moderated": false, "name_readable": "Pyrrhus", "post_count": 1, "source_profile_id": 427346, "source_type": "profile", "image": {"picURL": "https://www.personality-database.com/images/profile_transparent.png"}, "join_to_post": false, "can_pin": false}, {"description": "", "follow_count": 0, "id": 89071, "is_following": false, "is_join_pending": false, "is_banned": false, "is_moderated": false, "name_readable": "Briseis", "post_count": 0, "source_profile_id": 112174, "source_type": "profile", "image": {"picURL": "https://static1.personality-database.com/profile_images/9d03457b9a874768b626780674bb7311.png"}, "join_to_post": false, "can_pin": false}, {"description": "", "follow_count": 0, "id": 89072, "is_following": false, "is_join_pending": false, "is_banned": false, "is_moderated": false, "name_readable": "Odysseus", "post_count": 0, "source_profile_id": 112175, "source_type": "profile", "image": {"picURL": "https://static1.personality-database.com/profile_images/0de30c4f4a02424188481025dde389a8.png"}, "join_to_post": false, "can_pin": false}, {"description": "", "follow_count": 0, "id": 89073, "is_following": false, "is_join_pending": false, "is_banned": false, "is_moderated": false, "name_readable": "Agamemnon", "post_count": 0, "source_profile_id": 112176, "source_type": "profile", "image": {"picURL": "https://static1.personality-database.com/profile_images/7ea7d896cf1549f9bc75ac8bae5b1565.png"}, "join_to_post": false, "can_pin": false}, {"description": "", "follow_count": 0, "id": 89074, "is_following": false, "is_join_pending": false, "is_banned": false, "is_moderated": false, "name_readable": "Chiron", "post_count": 0, "source_profile_id": 112177, "source_type": "profile", "image": {"picURL": "https://static1.personality-database.com/profile_images/36bb4c7b09354492ae091a4bc0be6862.png"}, "join_to_post": false, "can_pin": false}, {"description": "", "follow_count": 0, "id": 89076, "is_following": false, "is_join_pending": false, "is_banned": false, "is_moderated": false, "name_readable": "Menelaus", "post_count": 0, "source_profile_id": 112180, "source_type": "profile", "image": {"picURL": "https://www.personality-database.com/images/profile_transparent.png"}, "join_to_post": false, "can_pin": false}, {"description": "", "follow_count": 0, "id": 195684, "is_following": false, "is_join_pending": false, "is_banned": false, "is_moderated": false, "name_readable": "Thetis", "post_count": 0, "source_profile_id": 253827, "source_type": "profile", "image": {"picURL": "https://static1.personality-database.com/profile_images/d7ded0adea98426997c31b6af767a9f2.png"}, "join_to_post": false, "can_pin": false}, {"description": "", "follow_count": 0, "id": 235778, "is_following": false, "is_join_pending": false, "is_banned": false, "is_moderated": false, "name_readable": "Deidameia", "post_count": 0, "source_profile_id": 306683, "source_type": "profile", "image": {"picURL": "https://static1.personality-database.com/profile_images/1b62bb92fecc4c718eb415149ac395da.png"}, "join_to_post": false, "can_pin": false}, {"description": "", "follow_count": 0, "id": 304434, "is_following": false, "is_join_pending": false, "is_banned": false, "is_moderated": false, "name_readable": "Lycomedes", "post_count": 0, "source_profile_id": 396218, "source_type": "profile", "image": {"picURL": "https://www.personality-database.com/images/profile_transparent.png"}, "join_to_post": false, "can_pin": false}, {"description": "", "follow_count": 0, "id": 322725, "is_following": false, "is_join_pending": false, "is_banned": false, "is_moderated": false, "name_readable": "Ajax", "post_count": 0, "source_profile_id": 420708, "source_type": "profile", "image": {"picURL": "https://www.personality-database.com/images/profile_transparent.png"}, "join_to_post": false, "can_pin": false}, {"description": "", "follow_count": 0, "id": 322726, "is_following": false, "is_join_pending": false, "is_banned": false, "is_moderated": false, "name_readable": "Tyndareus", "post_count": 0, "source_profile_id": 420710, "source_type": "profile", "image": {"picURL": "https://www.personality-database.com/images/profile_transparent.png"}, "join_to_post": false, "can_pin": false}, {"description": "", "follow_count": 0, "id": 322728, "is_following": false, "is_join_pending": false, "is_banned": false, "is_moderated": false, "name_readable": "Atreus", "post_count": 0, "source_profile_id": 420714, "source_type": "profile", "image": {"picURL": "https://www.personality-database.com/images/profile_transparent.png"}, "join_to_post": false, "can_pin": false}, {"description": "", "follow_count": 0, "id": 322729, "is_following": false, "is_join_pending": false, "is_banned": false, "is_moderated": false, "name_readable": "Peleus", "post_count": 0, "source_profile_id": 420715, "source_type": "profile", "image": {"picURL": "https://www.personality-database.com/images/profile_transparent.png"}, "join_to_post": false, "can_pin": false}], "subcategory": "The Song Of Achilles", "topic_image_url": "https://static1.personality-database.com/profile_images/d0d30e2e295c46e7970c9ca085e9dd83.png", "source_location": {"cid": 12, "pid": 2, "sub_cat_id": 8196}, "can_post_image": false, "can_post_audio": false, "posts": {"posts": [{"username": "longing_Cartographer_5401", "user_pic_path": "https://lh3.googleusercontent.com/a-/AFdZucoDCjaIu1UYgHuqVge1mg4J69wsr7H03uAr58RXXg=s96-c", "user_personality_type": "XXXX", "is_mod": false, "comment_count": 0, "reply_count": 0, "vote_type": 0, "topics_list": [{"id": 89069, "name_readable": "Achilles"}], "id": 1061863, "post_id": 1061863, "user_id": 811368, "title": "Achilles an ESFJ", "content": "He's literally an ESFJ since he is loking for his own estability.", "create_date": 1658847601000, "unix_timestamp": 1658847601000, "update_date": 1658847601000, "vote_count": 1, "vote_count_down": 0, "is_reported": 0, "is_hidden": false, "is_pinned": false, "is_watching": false, "is_pro_user": false, "images": null, "audios": null, "function_list": [], "type": "post"}, {"username": "annabelvanpelt", "user_pic_path": "https://lh3.googleusercontent.com/a-/AFdZucpa5Q9_bzq8nVc2BOnPG60Z7tyiihn52z84kqHu5Q=s96-c", "user_personality_type": "INTP-5w4-549", "is_mod": false, "comment_count": 1, "reply_count": 1, "vote_type": 0, "topics_list": [{"id": 89069, "name_readable": "Achilles"}], "id": 1069875, "post_id": 1069875, "user_id": 639523, "title": "", "content": "Can someone explain why he\u2019s a sexual 3? I think social 3 fits him much better.", "create_date": 1658432988000, "unix_timestamp": 1658432988000, "update_date": 1658432988000, "vote_count": 6, "vote_count_down": 0, "is_reported": 1, "is_hidden": false, "is_pinned": false, "is_watching": false, "is_pro_user": false, "images": null, "audios": null, "function_list": [], "type": "post"}, {"username": "hehe", "user_pic_path": "https://lh3.googleusercontent.com/a/AATXAJzZEA_ekqKwdOMQbC5rMqnKc1kDX9f6km-0y2IW=s96-c", "user_personality_type": "ENTP-8w7", "is_mod": false, "comment_count": 0, "reply_count": 0, "vote_type": 0, "topics_list": [{"id": 89069, "name_readable": "Achilles"}], "id": 1069829, "post_id": 1069829, "user_id": 203136, "title": "", "content": "7w8??? In what universe??? Where does he attempt to distract himself from his faults, like the usual 7? The man is a clear 3w4.", "create_date": 1655008606000, "unix_timestamp": 1655008606000, "update_date": 1655008606000, "vote_count": 5, "vote_count_down": 0, "is_reported": 1, "is_hidden": false, "is_pinned": false, "is_watching": false, "is_pro_user": false, "images": null, "audios": null, "function_list": [], "type": "post"}]}}}}