{"id": 11794, "mbti_profile": "James Potter", "profile_name_searchable": "jamespotter\"prongs\"", "allow_commenting": true, "allow_voting": true, "user_id": 3261, "contributor": "Jachn", "contributor_create_date": "2018-04-30 14:06:52", "contributor_pic_path": "https://lh5.googleusercontent.com/-7BVlTf580JM/AAAAAAAAAAI/AAAAAAAAFpA/fhDHaMjGnqM/s96-c/photo.jpg", "display_order": 0, "edit_lock": 0, "edit_lock_picture": 0, "is_active": true, "is_approved": true, "mbti_enneagram_type": "ESTP 7w8", "mbti_type": "ESTP 7w8", "pdb_comment_access": true, "pdb_page_owner": 0, "pdb_public_access": true, "wiki_description": "", "watch_count": 200, "comment_count": 54, "vote_count": 262, "vote_count_enneagram": 105, "vote_count_mbti": 262, "total_vote_counts": 483, "personality_type": "ESTP - 7w8 - so/sx - 738 - SEE - SCUAI - FVEL - Sanguine-Choleric", "type_updated_date": "2021-06-22 16:57:15", "enneagram_vote": "", "enneagram_vote_id": 0, "mbti_vote": "", "mbti_vote_id": 0, "is_watching": false, "image_exists": false, "profile_image_url": "https://static1.personality-database.com/profile_images/8d896f0a0a4d418a875bc93c59299c1b.png", "profile_image_credit": "", "profile_image_credit_id": 50932, "profile_image_credit_type": "0", "profile_image_credit_url": "", "alt_subcategory": "", "related_subcategories": "", "cat_id": 12, "category": "Literature", "category_is_fictional": true, "sub_cat_id": 624, "subcategory": "Harry Potter (Book Series)", "subcat_link_info": {"sub_cat_id": 624, "cat_id": 12, "property_id": 2, "subcategory": "Harry Potter (Book Series)"}, "related_subcat_link_info": null, "related_profiles": [{"id": 6232, "mbti_profile": "Hermione Granger", "subcategory": "Harry Potter (Book Series)", "profile_image_url": "https://static1.personality-database.com/profile_images/bdb00ae84eb8484eb75c25c8fbc75324.png", "profile_name": "Hermione Granger", "profile_subcat": "Harry Potter (Book Series)", "sub_cat_id": 624, "cat_id": 12, "property_id": 2, "mbti": "ISTJ", "enneatype": "1w2"}, {"id": 6784, "mbti_profile": "Luna Lovegood", "subcategory": "Harry Potter (Book Series)", "profile_image_url": "https://static1.personality-database.com/profile_images/7bb74c3881e644aa8e2087804590c66d.png", "profile_name": "Luna Lovegood", "profile_subcat": "Harry Potter (Book Series)", "sub_cat_id": 624, "cat_id": 12, "property_id": 2, "mbti": "INFP", "enneatype": "9w1"}, {"id": 11793, "mbti_profile": "Sirius Black", "subcategory": "Harry Potter (Book Series)", "profile_image_url": "https://static1.personality-database.com/profile_images/b68081c8d7444a50a7c8276be307a801.png", "profile_name": "Sirius Black", "profile_subcat": "Harry Potter (Book Series)", "sub_cat_id": 624, "cat_id": 12, "property_id": 2, "mbti": "ESTP", "enneatype": "7w8"}, {"id": 5399, "mbti_profile": "Harry Potter", "subcategory": "Harry Potter (Book Series)", "profile_image_url": "https://static1.personality-database.com/profile_images/a1761dcb52da41d18013631bc8e052d7.png", "profile_name": "Harry Potter", "profile_subcat": "Harry Potter (Book Series)", "sub_cat_id": 624, "cat_id": 12, "property_id": 2, "mbti": "ISFP", "enneatype": "9w8"}, {"id": 5400, "mbti_profile": "Ron Weasley", "subcategory": "Harry Potter (Book Series)", "profile_image_url": "https://static1.personality-database.com/profile_images/7af7a7df2bc9411e8ab098e3fc9d5d50.png", "profile_name": "Ron Weasley", "profile_subcat": "Harry Potter (Book Series)", "sub_cat_id": 624, "cat_id": 12, "property_id": 2, "mbti": "ESFP", "enneatype": "3w2"}, {"id": 5975, "mbti_profile": "Lord Voldemort", "subcategory": "Harry Potter (Book Series)", "profile_image_url": "https://static1.personality-database.com/profile_images/7bb3832931bf4154864ae7b65dfb01f6.png", "profile_name": "Lord Voldemort", "profile_subcat": "Harry Potter (Book Series)", "sub_cat_id": 624, "cat_id": 12, "property_id": 2, "mbti": "INTJ", "enneatype": "3w4"}, {"id": 7821, "mbti_profile": "Severus Snape", "subcategory": "Harry Potter (Book Series)", "profile_image_url": "https://static1.personality-database.com/profile_images/23ca1b1fea004294949b9f4fd7a63b03.png", "profile_name": "Severus Snape", "profile_subcat": "Harry Potter (Book Series)", "sub_cat_id": 624, "cat_id": 12, "property_id": 2, "mbti": "INTJ", "enneatype": "4w5"}, {"id": 13729, "mbti_profile": "Remus Lupin", "subcategory": "Harry Potter (Book Series)", "profile_image_url": "https://static1.personality-database.com/profile_images/f01991d7e3ce44188572bbd15fae3393.png", "profile_name": "Remus Lupin", "profile_subcat": "Harry Potter (Book Series)", "sub_cat_id": 624, "cat_id": 12, "property_id": 2, "mbti": "INFJ", "enneatype": "9w1"}], "functions": ["Se", "Ti", "Fe", "Ni"], "systems": [{"hex_color": "#888888", "id": 1, "personality_type": "XXXX", "personality_type_id": 0, "system_name": "Four Letter", "system_vote_count": 254, "user_vote_type_id": 0, "vote_id": 0}, {"hex_color": "#006775", "id": 2, "personality_type": "XXXX", "personality_type_id": 0, "system_name": "Enneagram", "system_vote_count": 103, "user_vote_type_id": 0, "vote_id": 0}, {"hex_color": "#006775", "id": 5, "personality_type": "XXXX", "personality_type_id": 0, "system_name": "Instinctual Variant", "system_vote_count": 24, "user_vote_type_id": 0, "vote_id": 0}, {"hex_color": "#006775", "id": 6, "personality_type": "XXXX", "personality_type_id": 0, "system_name": "Tritype", "system_vote_count": 22, "user_vote_type_id": 0, "vote_id": 0}, {"hex_color": "#888888", "id": 3, "personality_type": "XXXX", "personality_type_id": 0, "system_name": "Socionics", "system_vote_count": 13, "user_vote_type_id": 0, "vote_id": 0}, {"hex_color": "#888888", "id": 9, "personality_type": "XXXX", "personality_type_id": 0, "system_name": "Big 5 (SLOAN)", "system_vote_count": 11, "user_vote_type_id": 0, "vote_id": 0}, {"hex_color": "#888888", "id": 8, "personality_type": "XXXX", "personality_type_id": 0, "system_name": "Attitudinal Psyche", "system_vote_count": 3, "user_vote_type_id": 0, "vote_id": 0}, {"hex_color": "#888888", "id": 7, "personality_type": "XXXX", "personality_type_id": 0, "system_name": "Temperaments", "system_vote_count": 33, "user_vote_type_id": 0, "vote_id": 0}, {"hex_color": "#888888", "id": 11, "personality_type": "XXXX", "personality_type_id": 0, "system_name": "Classic Jungian", "system_vote_count": 1, "user_vote_type_id": 0, "vote_id": 0}], "breakdown_systems": {"1": [{"myValue": "ESTP", "personality_system_id": 1, "personality_type": "ESTP", "theCount": 193}, {"myValue": "ESFP", "personality_system_id": 1, "personality_type": "ESFP", "theCount": 27}, {"myValue": "ENTP", "personality_system_id": 1, "personality_type": "ENTP", "theCount": 13}, {"myValue": "ESFJ", "personality_system_id": 1, "personality_type": "ESFJ", "theCount": 11}, {"myValue": "ENFP", "personality_system_id": 1, "personality_type": "ENFP", "theCount": 5}, {"myValue": "ISTP", "personality_system_id": 1, "personality_type": "ISTP", "theCount": 2}, {"myValue": "ENTJ", "personality_system_id": 1, "personality_type": "ENTJ", "theCount": 1}, {"myValue": "ESTJ", "personality_system_id": 1, "personality_type": "ESTJ", "theCount": 1}, {"myValue": "ISFP", "personality_system_id": 1, "personality_type": "ISFP", "theCount": 1}], "11": [{"myValue": "ES(T)", "personality_system_id": 11, "personality_type": "ES(T)", "theCount": 1}], "2": [{"myValue": "7w8", "personality_system_id": 2, "personality_type": "7w8", "theCount": 88}, {"myValue": "7w6", "personality_system_id": 2, "personality_type": "7w6", "theCount": 7}, {"myValue": "8w7", "personality_system_id": 2, "personality_type": "8w7", "theCount": 3}, {"myValue": "3w2", "personality_system_id": 2, "personality_type": "3w2", "theCount": 2}, {"myValue": "2w1", "personality_system_id": 2, "personality_type": "2w1", "theCount": 1}, {"myValue": "4w5", "personality_system_id": 2, "personality_type": "4w5", "theCount": 1}, {"myValue": "9w8", "personality_system_id": 2, "personality_type": "9w8", "theCount": 1}], "3": [{"myValue": "SEE", "personality_system_id": 3, "personality_type": "SEE", "theCount": 5}, {"myValue": "SLE", "personality_system_id": 3, "personality_type": "SLE", "theCount": 4}, {"myValue": "EIE", "personality_system_id": 3, "personality_type": "EIE", "theCount": 2}, {"myValue": "ESE", "personality_system_id": 3, "personality_type": "ESE", "theCount": 2}], "4": [{"myValue": "Chaotic Good", "personality_system_id": 4, "personality_type": "Chaotic Good", "theCount": 14}, {"myValue": "Chaotic Neutral", "personality_system_id": 4, "personality_type": "Chaotic Neutral", "theCount": 4}, {"myValue": "Neutral Evil", "personality_system_id": 4, "personality_type": "Neutral Evil", "theCount": 1}], "5": [{"myValue": "so/sx", "personality_system_id": 5, "personality_type": "so/sx", "theCount": 20}, {"myValue": "sx/so", "personality_system_id": 5, "personality_type": "sx/so", "theCount": 3}, {"myValue": "sp/sx", "personality_system_id": 5, "personality_type": "sp/sx", "theCount": 1}], "6": [{"myValue": "738", "personality_system_id": 6, "personality_type": "738", "theCount": 16}, {"myValue": "728", "personality_system_id": 6, "personality_type": "728", "theCount": 2}, {"myValue": "783", "personality_system_id": 6, "personality_type": "783", "theCount": 2}, {"myValue": "379", "personality_system_id": 6, "personality_type": "379", "theCount": 1}, {"myValue": "782", "personality_system_id": 6, "personality_type": "782", "theCount": 1}], "7": [{"myValue": "Sanguine-Choleric", "personality_system_id": 7, "personality_type": "Sanguine-Choleric", "theCount": 26}, {"myValue": "Choleric-Sanguine", "personality_system_id": 7, "personality_type": "Choleric-Sanguine", "theCount": 3}, {"myValue": "Sanguine [Dominant]", "personality_system_id": 7, "personality_type": "Sanguine [Dominant]", "theCount": 3}, {"myValue": "Sanguine-Melancholic", "personality_system_id": 7, "personality_type": "Sanguine-Melancholic", "theCount": 1}], "8": [{"myValue": "FVEL", "personality_system_id": 8, "personality_type": "FVEL", "theCount": 2}, {"myValue": "FEVL", "personality_system_id": 8, "personality_type": "FEVL", "theCount": 1}], "9": [{"myValue": "SCUAI", "personality_system_id": 9, "personality_type": "SCUAI", "theCount": 6}, {"myValue": "SLUEN", "personality_system_id": 9, "personality_type": "SLUEN", "theCount": 3}, {"myValue": "SCUEI", "personality_system_id": 9, "personality_type": "SCUEI", "theCount": 2}]}, "breakdown_config": {"expand": {"1": 3, "11": 1, "2": 3, "3": 1, "4": 1, "5": 1, "6": 1, "7": 1, "8": 1, "9": 1}, "fire": {"1": 0, "11": 0, "2": 0, "3": 0, "4": 0, "5": 0, "6": 0, "7": 0, "8": 0, "9": 0}}, "mbti_letter_stats": [{"type": "E", "percentage": "99%", "PercentageFloat": 0.9881889763779528}, {"type": "S", "percentage": "93%", "PercentageFloat": 0.9251968503937008}, {"type": "T", "percentage": "83%", "PercentageFloat": 0.8267716535433071}, {"type": "P", "percentage": "95%", "PercentageFloat": 0.9488188976377953}], "topic_info": {"can_generate": false, "topic": {"description": "", "follow_count": 3, "id": 10933, "is_following": false, "is_join_pending": false, "is_banned": false, "is_moderated": false, "name_readable": "James Potter \"Prongs\"", "post_count": 3, "source_profile_id": 11794, "source_type": "profile", "join_to_post": false, "can_pin": false, "related_topics": [{"description": "Ginevra Molly \"Ginny\" Potter (n\u00e9e Weasley) (b. 11 August, 1981), occasionally known as Gin by Harry Potter, was an English pure-blood witch, the youngest of Arthur and Molly Weasley's (n\u00e9e Prewett) seven children, and the first female to be born into the Weasley line for several generations. She and her older brothers grew up in The Burrow on the outskirts of Ottery St Catchpole in Devon.\n\n#ESTPHeroes", "follow_count": 2, "id": 11254, "is_following": false, "is_join_pending": false, "is_banned": false, "is_moderated": false, "name_readable": "Ginny Weasley", "post_count": 43, "source_profile_id": 12167, "source_type": "profile", "image": {"picURL": "https://static1.personality-database.com/profile_images/c72ad7ac9eaa43bbbc9a0395e5e832dc.png"}, "join_to_post": false, "can_pin": false}, {"description": "Harry James Potter (b. 31 July 1980) was an English half-blood wizard, and one of the most famous wizards of modern times. He was the only child and son of James and Lily Potter (n\u00e9e Evans), both members of the original Order of the Phoenix. Harry's birth was overshadowed by a prophecy, naming either himself or Neville Longbottom as the one with the power to vanquish Lord Voldemort. After half of the prophecy was reported to Voldemort, courtesy of Severus Snape, Harry was chosen as the target due to his many similarities with the Dark Lord. In turn, this caused the Potter family to go into hiding. Voldemort made his first vain attempt to circumvent the prophecy when Harry was a year and three months old. During this attempt, he murdered Harry's parents as they tried to protect him, but this unsuccessful attempt to kill Harry led to Voldemort's first downfall. This downfall marked the end of the First Wizarding War, and to Harry henceforth being known as the \"Boy Who Lived.\"", "follow_count": 6, "id": 5011, "is_following": false, "is_join_pending": false, "is_banned": false, "is_moderated": false, "name_readable": "Harry Potter", "post_count": 20, "source_profile_id": 5399, "source_type": "profile", "image": {"picURL": "https://static1.personality-database.com/profile_images/a1761dcb52da41d18013631bc8e052d7.png"}, "join_to_post": false, "can_pin": false}, {"description": "Professor Albus Percival Wulfric Brian Dumbledore was an English half-blood wizard, who was the Defence Against the Dark Arts Professor, later the Transfiguration Professor, and later the Headmaster of Hogwarts School of Witchcraft and Wizardry. Professor Dumbledore also served as Supreme Mugwump of the International Confederation of Wizards (?\u20131995) and Chief Warlock of the Wizengamot (?\u20131995; 1996\u20131997). He was a half-blood, Muggle-supporting wizard considered to have been the greatest wizard of modern times, perhaps of all time. The son of Percival and Kendra Dumbledore, and the elder brother of Aberforth and Ariana. His father died in Azkaban when Dumbledore was young, while his mother and sister were later accidentally killed. His early losses greatly affected him early on, even at his death, but, in turn, made him a better person.", "follow_count": 2, "id": 4724, "is_following": false, "is_join_pending": false, "is_banned": false, "is_moderated": false, "name_readable": "Albus Dumbledore", "post_count": 13, "source_profile_id": 5101, "source_type": "profile", "image": {"picURL": "https://static1.personality-database.com/profile_images/7c99da0eaf654640a981b54f77e3dab7.png"}, "join_to_post": false, "can_pin": false}, {"description": "Minister Hermione Jean Granger (b. 19 September, 1979) was an English Muggle-born witch born to Mr and Mrs Granger. At the age of eleven, she learned about her magical nature and was accepted into Hogwarts School of Witchcraft and Wizardry. Hermione began attending Hogwarts in 1991 and was Sorted into Gryffindor House. She possessed a brilliant academic mind and proved to be a gifted student in almost every subject that she studied.\n\n#ISTJHeroes", "follow_count": 1, "id": 5811, "is_following": false, "is_join_pending": false, "is_banned": false, "is_moderated": false, "name_readable": "Hermione Granger", "post_count": 9, "source_profile_id": 6232, "source_type": "profile", "image": {"picURL": "https://static1.personality-database.com/profile_images/bdb00ae84eb8484eb75c25c8fbc75324.png"}, "join_to_post": false, "can_pin": false}, {"description": "Luna Lovegood (b. 13 February, 1981) was a British witch, the only child and daughter of Xenophilius and Pandora Lovegood. Her mother accidentally died while experimenting with spells when Luna was nine and Luna was raised by her father, editor of the magazine The Quibbler, in a rook-like house near the village of Ottery St Catchpole in Devon. Luna attended Hogwarts School of Witchcraft and Wizardry from 1992-1999 and was sorted into Ravenclaw House. In her fourth year, Luna joined Dumbledore's Army, an organisation taught and led by Harry Potter, of which she became an important member. She participated in the Battle of the Department of Mysteries (1996) and the Battle of the Astronomy Tower (1997), and co-led the reconstituted Dumbledore's Army when Hogwarts fell under the control of Lord Voldemort with Severus Snape as headmaster.", "follow_count": 4, "id": 6335, "is_following": false, "is_join_pending": false, "is_banned": false, "is_moderated": false, "name_readable": "Luna Lovegood", "post_count": 8, "source_profile_id": 6784, "source_type": "profile", "image": {"picURL": "https://static1.personality-database.com/profile_images/7bb74c3881e644aa8e2087804590c66d.png"}, "join_to_post": false, "can_pin": false}, {"description": "Professor Remus John Lupin, (10 March, 1960\u20132 May, 1998), also known as Moony, was a half-blood wizard and the only son of Lyall and Hope Lupin (n\u00e9e Howell). He was attacked by werewolf Fenrir Greyback when he was a child, a result of Greyback's revenge against Lyall, leaving Remus afflicted with Lycanthropy for life. He attended Hogwarts School of Witchcraft and Wizardry from 1971-1978 and was Sorted into Gryffindor House. During his school years he was one of the Marauders, best friends with Sirius Black, James Potter, and Peter Pettigrew. Together, they created the Marauder's Map.", "follow_count": 6, "id": 12662, "is_following": false, "is_join_pending": false, "is_banned": false, "is_moderated": false, "name_readable": "Remus Lupin \"Moony\"", "post_count": 7, "source_profile_id": 13729, "source_type": "profile", "image": {"picURL": "https://static1.personality-database.com/profile_images/f01991d7e3ce44188572bbd15fae3393.png"}, "join_to_post": false, "can_pin": false}, {"description": "", "follow_count": 6, "id": 24937, "is_following": false, "is_join_pending": false, "is_banned": false, "is_moderated": false, "name_readable": "Regulus Arcturus Black", "post_count": 4, "source_profile_id": 27702, "source_type": "profile", "image": {"picURL": "https://static1.personality-database.com/profile_images/b06f47a0dbef4cd5b837163f5881cd77.png"}, "join_to_post": false, "can_pin": false}, {"description": "", "follow_count": 3, "id": 10933, "is_following": false, "is_join_pending": false, "is_banned": false, "is_moderated": false, "name_readable": "James Potter \"Prongs\"", "post_count": 3, "source_profile_id": 11794, "source_type": "profile", "image": {"picURL": "https://static1.personality-database.com/profile_images/8d896f0a0a4d418a875bc93c59299c1b.png"}, "join_to_post": false, "can_pin": false}, {"description": "Sirius Black III (3 November,1959\u201318 June, 1996), also known as Padfoot or Snuffles (in his Animagus form) was an English pure-blood wizard, the older son of Orion and Walburga Black, and the brother of Regulus Black. Although he was the heir of the House of Black, Sirius disagreed with his family's belief in blood purity and defied tradition when he was Sorted into Gryffindor House instead of Slytherin at Hogwarts School of Witchcraft and Wizardry, which he attended from 1971\u20131978. As the rest of his family had been in Slytherin, he was the odd one out.\n\n#ESTPHeroes", "follow_count": 7, "id": 10932, "is_following": false, "is_join_pending": false, "is_banned": false, "is_moderated": false, "name_readable": "Sirius Black \"Padfoot\"", "post_count": 2, "source_profile_id": 11793, "source_type": "profile", "image": {"picURL": "https://static1.personality-database.com/profile_images/b68081c8d7444a50a7c8276be307a801.png"}, "join_to_post": false, "can_pin": false}, {"description": "Albus Severus Potter is the son of Ginny Weasley and Harry Potter.", "follow_count": 1, "id": 241998, "is_following": false, "is_join_pending": false, "is_banned": false, "is_moderated": false, "name_readable": "Albus Severus Potter", "post_count": 1, "source_profile_id": 314660, "source_type": "profile", "image": {"picURL": "https://static1.personality-database.com/profile_images/28026a7718324e8194336a3d0dc6f66b.png"}, "join_to_post": false, "can_pin": false}, {"description": "Professor Gilderoy Lockhart, O.M. (Third Class), (b. 26 January 1964) was a half-blood wizard, a Ravenclaw student at Hogwarts School of Witchcraft and Wizardry, and later a famous wizarding celebrity who authored many books on dark creatures and his supposed encounters with them.", "follow_count": 0, "id": 13870, "is_following": false, "is_join_pending": false, "is_banned": false, "is_moderated": false, "name_readable": "Gilderoy Lockhart", "post_count": 1, "source_profile_id": 15073, "source_type": "profile", "image": {"picURL": "https://static1.personality-database.com/profile_images/2503d749d15b44a4a50baf21b46c6d3d.png"}, "join_to_post": false, "can_pin": false}, {"description": "Colin Creevey (1981 \u2013 2 May, 1998) was a Muggle-born wizard, son of Mr Creevey and Mrs Creevey, and older brother of Dennis. He was a big fan of the famous Harry Potter, who was a year ahead of him in school.", "follow_count": 0, "id": 102134, "is_following": false, "is_join_pending": false, "is_banned": false, "is_moderated": false, "name_readable": "Colin Creevey", "post_count": 1, "source_profile_id": 130851, "source_type": "profile", "image": {"picURL": "https://static1.personality-database.com/profile_images/edbd33287e874310891f24f832df0a4b.png"}, "join_to_post": false, "can_pin": false}, {"description": "The Mirror of Erised is an ancient, ornate mirror. It has clawed feet and a gold frame inscribed with the phrase \" Erised stra ehru oyt ube cafru oyt on wohsi.\" The mirror shows the most desperate desire of a person's heart, a vision that has been known to drive men mad.", "follow_count": 0, "id": 285051, "is_following": false, "is_join_pending": false, "is_banned": false, "is_moderated": false, "name_readable": "Mirror of Erised", "post_count": 1, "source_profile_id": 370514, "source_type": "profile", "image": {"picURL": "https://static1.personality-database.com/profile_images/bd664f53285447918eb3e8e28ce15eea.png"}, "join_to_post": false, "can_pin": false}, {"description": "Minor background character of harry potter. Belonging to the Slytherin. house, presumably friends with Draco", "follow_count": 0, "id": 280990, "is_following": false, "is_join_pending": false, "is_banned": false, "is_moderated": false, "name_readable": "Theodore Nott", "post_count": 1, "source_profile_id": 365458, "source_type": "profile", "image": {"picURL": "https://static1.personality-database.com/profile_images/374ccbcf1e3d4cac921e3796c18f7888.png"}, "join_to_post": false, "can_pin": false}, {"description": "", "follow_count": 2, "id": 24733, "is_following": false, "is_join_pending": false, "is_banned": false, "is_moderated": false, "name_readable": "Lily Evans Potter", "post_count": 1, "source_profile_id": 27492, "source_type": "profile", "image": {"picURL": "https://static1.personality-database.com/profile_images/1681c14b8f794bf095ebad9982e427e8.png"}, "join_to_post": false, "can_pin": false}, {"description": "Madam Dolores Jane Umbridge (b. 26 August, 1965 or earlier) was a half-blood witch and a British Ministry of Magic bureaucrat who served as Senior Undersecretary to the Minister for Magic under Ministers Cornelius Fudge, Rufus Scrimgeour, and Pius Thicknesse.", "follow_count": 0, "id": 13753, "is_following": false, "is_join_pending": false, "is_banned": false, "is_moderated": false, "name_readable": "Dolores Umbridge", "post_count": 1, "source_profile_id": 14924, "source_type": "profile", "image": {"picURL": "https://static1.personality-database.com/profile_images/b5549693c81946718e02187e77f43ebc.png"}, "join_to_post": false, "can_pin": false}], "subcategory": "Harry Potter (Book Series)", "topic_image_url": "https://static1.personality-database.com/profile_images/8d896f0a0a4d418a875bc93c59299c1b.png", "source_location": {"cid": 12, "pid": 2, "sub_cat_id": 624}, "can_post_image": false, "can_post_audio": false, "posts": {"posts": [{"username": "lunadoome", "user_pic_path": "https://static1.personality-database.com/user_avatars/31742/2a4742fe-3e29-4e2e-bd63-87825a5dc1ab.jpeg", "user_personality_type": "", "is_mod": false, "comment_count": 0, "reply_count": 0, "vote_type": 0, "topics_list": [{"id": 10933, "name_readable": "James Potter \"Prongs\""}], "id": 426519, "post_id": 426519, "user_id": 31742, "title": "", "content": "Can I go back to the pensieve? Thanks.", "create_date": 1646036652000, "unix_timestamp": 1646036652000, "update_date": 1646036652000, "vote_count": 0, "vote_count_down": 0, "is_reported": 1, "is_hidden": false, "is_pinned": false, "is_watching": false, "is_pro_user": false, "images": null, "audios": null, "function_list": [], "type": "post"}, {"username": "ExpoundSniffly", "user_pic_path": "https://lh3.googleusercontent.com/a-/AOh14GiC997VFqKHeLE97OGAmrm126H4Dx3DEizrT0-8jQ=s96-c", "user_personality_type": "XXXX", "is_mod": false, "comment_count": 0, "reply_count": 0, "vote_type": 0, "topics_list": [{"id": 10933, "name_readable": "James Potter \"Prongs\""}], "id": 185811, "post_id": 185811, "user_id": 470041, "title": "", "content": "Manoooo", "create_date": 1635814009000, "unix_timestamp": 1635814009000, "update_date": 1635814009000, "vote_count": 0, "vote_count_down": 0, "is_reported": 0, "is_hidden": false, "is_pinned": false, "is_watching": false, "is_pro_user": false, "images": null, "audios": null, "function_list": [], "type": "post"}, {"username": "Pumkin", "user_pic_path": "https://lh3.googleusercontent.com/a-/AOh14GhWUjdeKkdIGFpa-ewGHX5hgBElq34wxXmBsdva=s96-c", "user_personality_type": "ISFJ-6w7", "is_mod": false, "comment_count": 1, "reply_count": 1, "vote_type": 0, "topics_list": [{"id": 10933, "name_readable": "James Potter \"Prongs\""}], "id": 90190, "post_id": 90190, "user_id": 232904, "title": "", "content": "James Potter is one of the poorly written characters in the series. \n\nHurr durr slytherin bad, bully snape is fun hurr durr\n\n**** this guy.", "create_date": 1628158052000, "unix_timestamp": 1628158052000, "update_date": 1628158052000, "vote_count": 6, "vote_count_down": 2, "is_reported": 1, "is_hidden": false, "is_pinned": false, "is_watching": false, "is_pro_user": false, "images": null, "audios": null, "function_list": [], "type": "post"}]}}}}