{"id": 119371, "mbti_profile": "Jude St. Francis", "profile_name_searchable": "judest.francis", "allow_commenting": true, "allow_voting": true, "user_id": 38156, "contributor": "JuJo", "contributor_create_date": "2020-04-13 08:56:51", "contributor_pic_path": "https://lh3.googleusercontent.com/a-/AOh14GgMq8A2xsld5ca1wM5AAPU_8Zk1CD6uIZ0zFIzDVg=s96-c", "display_order": 1000, "edit_lock": 0, "edit_lock_picture": 0, "is_active": true, "is_approved": true, "mbti_enneagram_type": "INFJ 6w5", "mbti_type": "INFJ 6w5", "pdb_comment_access": true, "pdb_page_owner": 0, "pdb_public_access": true, "wiki_description": "Jude St. Francis is one of the main characters in the novel A Little Life by American author Hanya Yanagihara. Jude is shown as a brilliant student and lawyer, however he has traumatic past which he hides from everyone. He has close relationship with his friend Willem Ragnarsson.", "watch_count": 245, "comment_count": 43, "vote_count": 146, "vote_count_enneagram": 88, "vote_count_mbti": 146, "total_vote_counts": 353, "personality_type": "INFJ - 6w5 - sp/so - 613 - IEI - RLOAI - LEFV - Melancholic-Phlegmatic - IN(F)", "type_updated_date": "2022-12-18 09:04:51", "enneagram_vote": "", "enneagram_vote_id": 0, "mbti_vote": "", "mbti_vote_id": 0, "is_watching": false, "image_exists": false, "profile_image_url": "https://static1.personality-database.com/profile_images/1f500237e02e4d6395061a9a8b154ff8.png", "profile_image_credit": "", "profile_image_credit_id": 342149, "profile_image_credit_type": "0", "profile_image_credit_url": "", "alt_subcategory": "", "related_subcategories": "", "cat_id": 12, "category": "Literature", "category_is_fictional": true, "sub_cat_id": 8537, "subcategory": "A Little Life", "subcat_link_info": {"sub_cat_id": 8537, "cat_id": 12, "property_id": 2, "subcategory": "A Little Life"}, "related_subcat_link_info": null, "related_profiles": [{"id": 119372, "mbti_profile": "Willem Ragnarsson", "subcategory": "A Little Life", "profile_image_url": "https://static1.personality-database.com/profile_images/75bd1ea0e87d45ec8e299788129f7e12.png", "profile_name": "Willem Ragnarsson", "profile_subcat": "A Little Life", "sub_cat_id": 8537, "cat_id": 12, "property_id": 2, "mbti": "ENFJ", "enneatype": "9w1"}, {"id": 267053, "mbti_profile": "Caleb", "subcategory": "A Little Life", "profile_image_url": "", "profile_name": "Caleb", "profile_subcat": "A Little Life", "sub_cat_id": 8537, "cat_id": 12, "property_id": 2, "mbti": "ENTJ", "enneatype": ""}, {"id": 119374, "mbti_profile": "Malcolm Irvine", "subcategory": "A Little Life", "profile_image_url": "https://static1.personality-database.com/profile_images/c16f6019ae144e77bc3f1bca55ce62d8.png", "profile_name": "Malcolm Irvine", "profile_subcat": "A Little Life", "sub_cat_id": 8537, "cat_id": 12, "property_id": 2, "mbti": "ISFP", "enneatype": "5w6"}, {"id": 119373, "mbti_profile": "JB Marion", "subcategory": "A Little Life", "profile_image_url": "https://static1.personality-database.com/profile_images/eee2e33a9c55479db0f9d7d0b0ab59b3.png", "profile_name": "JB Marion", "profile_subcat": "A Little Life", "sub_cat_id": 8537, "cat_id": 12, "property_id": 2, "mbti": "ESFP", "enneatype": "4w3"}, {"id": 119376, "mbti_profile": "Harold", "subcategory": "A Little Life", "profile_image_url": "", "profile_name": "Harold", "profile_subcat": "A Little Life", "sub_cat_id": 8537, "cat_id": 12, "property_id": 2, "mbti": "ENTP", "enneatype": "5w6"}, {"id": 119375, "mbti_profile": "Andy Contractor", "subcategory": "A Little Life", "profile_image_url": "", "profile_name": "Andy Contractor", "profile_subcat": "A Little Life", "sub_cat_id": 8537, "cat_id": 12, "property_id": 2, "mbti": "INTJ", "enneatype": "1w2"}, {"id": 119377, "mbti_profile": "Julia", "subcategory": "A Little Life", "profile_image_url": "", "profile_name": "Julia", "profile_subcat": "A Little Life", "sub_cat_id": 8537, "cat_id": 12, "property_id": 2, "mbti": "ESFJ", "enneatype": "2w3"}, {"id": 335141, "mbti_profile": "Brother Luke", "subcategory": "A Little Life", "profile_image_url": "", "profile_name": "Brother Luke", "profile_subcat": "A Little Life", "sub_cat_id": 8537, "cat_id": 12, "property_id": 2, "mbti": "ENFJ", "enneatype": "3w4"}], "functions": ["Ni", "Fe", "Ti", "Se"], "systems": [{"hex_color": "#888888", "id": 1, "personality_type": "XXXX", "personality_type_id": 0, "system_name": "Four Letter", "system_vote_count": 146, "user_vote_type_id": 0, "vote_id": 0}, {"hex_color": "#006775", "id": 2, "personality_type": "XXXX", "personality_type_id": 0, "system_name": "Enneagram", "system_vote_count": 88, "user_vote_type_id": 0, "vote_id": 0}, {"hex_color": "#006775", "id": 5, "personality_type": "XXXX", "personality_type_id": 0, "system_name": "Instinctual Variant", "system_vote_count": 38, "user_vote_type_id": 0, "vote_id": 0}, {"hex_color": "#006775", "id": 6, "personality_type": "XXXX", "personality_type_id": 0, "system_name": "Tritype", "system_vote_count": 33, "user_vote_type_id": 0, "vote_id": 0}, {"hex_color": "#888888", "id": 3, "personality_type": "XXXX", "personality_type_id": 0, "system_name": "Socionics", "system_vote_count": 10, "user_vote_type_id": 0, "vote_id": 0}, {"hex_color": "#888888", "id": 9, "personality_type": "XXXX", "personality_type_id": 0, "system_name": "Big 5 (SLOAN)", "system_vote_count": 13, "user_vote_type_id": 0, "vote_id": 0}, {"hex_color": "#888888", "id": 8, "personality_type": "XXXX", "personality_type_id": 0, "system_name": "Attitudinal Psyche", "system_vote_count": 2, "user_vote_type_id": 0, "vote_id": 0}, {"hex_color": "#888888", "id": 7, "personality_type": "XXXX", "personality_type_id": 0, "system_name": "Temperaments", "system_vote_count": 18, "user_vote_type_id": 0, "vote_id": 0}, {"hex_color": "#888888", "id": 11, "personality_type": "XXXX", "personality_type_id": 0, "system_name": "Classic Jungian", "system_vote_count": 2, "user_vote_type_id": 0, "vote_id": 0}], "breakdown_systems": {"1": [{"myValue": "INFJ", "personality_system_id": 1, "personality_type": "INFJ", "theCount": 123}, {"myValue": "INFP", "personality_system_id": 1, "personality_type": "INFP", "theCount": 18}, {"myValue": "ISFJ", "personality_system_id": 1, "personality_type": "ISFJ", "theCount": 3}, {"myValue": "INTJ", "personality_system_id": 1, "personality_type": "INTJ", "theCount": 2}], "11": [{"myValue": "IN(F)", "personality_system_id": 11, "personality_type": "IN(F)", "theCount": 2}], "2": [{"myValue": "6w5", "personality_system_id": 2, "personality_type": "6w5", "theCount": 72}, {"myValue": "4w5", "personality_system_id": 2, "personality_type": "4w5", "theCount": 8}, {"myValue": "1w9", "personality_system_id": 2, "personality_type": "1w9", "theCount": 3}, {"myValue": "5w6", "personality_system_id": 2, "personality_type": "5w6", "theCount": 3}, {"myValue": "5w4", "personality_system_id": 2, "personality_type": "5w4", "theCount": 1}, {"myValue": "9w1", "personality_system_id": 2, "personality_type": "9w1", "theCount": 1}], "3": [{"myValue": "IEI", "personality_system_id": 3, "personality_type": "IEI", "theCount": 9}, {"myValue": "EII", "personality_system_id": 3, "personality_type": "EII", "theCount": 1}], "4": [{"myValue": "Neutral Good", "personality_system_id": 4, "personality_type": "Neutral Good", "theCount": 2}, {"myValue": "Neutral Evil", "personality_system_id": 4, "personality_type": "Neutral Evil", "theCount": 1}], "5": [{"myValue": "sp/so", "personality_system_id": 5, "personality_type": "sp/so", "theCount": 37}, {"myValue": "sx/sp", "personality_system_id": 5, "personality_type": "sx/sp", "theCount": 1}], "6": [{"myValue": "613", "personality_system_id": 6, "personality_type": "613", "theCount": 16}, {"myValue": "614", "personality_system_id": 6, "personality_type": "614", "theCount": 11}, {"myValue": "641", "personality_system_id": 6, "personality_type": "641", "theCount": 3}, {"myValue": "461", "personality_system_id": 6, "personality_type": "461", "theCount": 1}, {"myValue": "631", "personality_system_id": 6, "personality_type": "631", "theCount": 1}, {"myValue": "693", "personality_system_id": 6, "personality_type": "693", "theCount": 1}], "7": [{"myValue": "Melancholic-Phlegmatic", "personality_system_id": 7, "personality_type": "Melancholic-Phlegmatic", "theCount": 15}, {"myValue": "Phlegmatic-Choleric", "personality_system_id": 7, "personality_type": "Phlegmatic-Choleric", "theCount": 2}, {"myValue": "Melancholic [Dominant]", "personality_system_id": 7, "personality_type": "Melancholic [Dominant]", "theCount": 1}], "8": [{"myValue": "LEFV", "personality_system_id": 8, "personality_type": "LEFV", "theCount": 1}, {"myValue": "LEVF", "personality_system_id": 8, "personality_type": "LEVF", "theCount": 1}], "9": [{"myValue": "RLOAI", "personality_system_id": 9, "personality_type": "RLOAI", "theCount": 13}]}, "breakdown_config": {"expand": {"1": 3, "11": 1, "2": 3, "3": 1, "4": 1, "5": 1, "6": 2, "7": 1, "8": 1, "9": 1}, "fire": {"1": 0, "11": 0, "2": 0, "3": 0, "4": 0, "5": 0, "6": 1, "7": 0, "8": 0, "9": 0}}, "mbti_letter_stats": [{"type": "I", "percentage": "100%", "PercentageFloat": 1}, {"type": "N", "percentage": "98%", "PercentageFloat": 0.9794520547945206}, {"type": "F", "percentage": "99%", "PercentageFloat": 0.9863013698630136}, {"type": "J", "percentage": "88%", "PercentageFloat": 0.8767123287671232}], "topic_info": {"can_generate": false, "topic": {"description": "Jude St. Francis is one of the main characters in the novel A Little Life by American author Hanya Yanagihara.", "follow_count": 0, "id": 93907, "is_following": false, "is_join_pending": false, "is_banned": false, "is_moderated": false, "name_readable": "Jude St. Francis", "post_count": 2, "source_profile_id": 119371, "source_type": "profile", "join_to_post": false, "can_pin": false, "related_topics": [{"description": "Jude St. Francis is one of the main characters in the novel A Little Life by American author Hanya Yanagihara.", "follow_count": 0, "id": 93907, "is_following": false, "is_join_pending": false, "is_banned": false, "is_moderated": false, "name_readable": "Jude St. Francis", "post_count": 2, "source_profile_id": 119371, "source_type": "profile", "image": {"picURL": "https://static1.personality-database.com/profile_images/1f500237e02e4d6395061a9a8b154ff8.png"}, "join_to_post": false, "can_pin": false}, {"description": "", "follow_count": 0, "id": 93908, "is_following": false, "is_join_pending": false, "is_banned": false, "is_moderated": false, "name_readable": "Willem Ragnarsson", "post_count": 1, "source_profile_id": 119372, "source_type": "profile", "image": {"picURL": "https://static1.personality-database.com/profile_images/75bd1ea0e87d45ec8e299788129f7e12.png"}, "join_to_post": false, "can_pin": false}, {"description": "", "follow_count": 0, "id": 93911, "is_following": false, "is_join_pending": false, "is_banned": false, "is_moderated": false, "name_readable": "Andy Contractor", "post_count": 1, "source_profile_id": 119375, "source_type": "profile", "image": {"picURL": "https://www.personality-database.com/images/profile_transparent.png"}, "join_to_post": false, "can_pin": false}, {"description": "", "follow_count": 0, "id": 93912, "is_following": false, "is_join_pending": false, "is_banned": false, "is_moderated": false, "name_readable": "Harold", "post_count": 1, "source_profile_id": 119376, "source_type": "profile", "image": {"picURL": "https://www.personality-database.com/images/profile_transparent.png"}, "join_to_post": false, "can_pin": false}, {"description": "", "follow_count": 0, "id": 205367, "is_following": false, "is_join_pending": false, "is_banned": false, "is_moderated": false, "name_readable": "Caleb", "post_count": 1, "source_profile_id": 267053, "source_type": "profile", "image": {"picURL": "https://www.personality-database.com/images/profile_transparent.png"}, "join_to_post": false, "can_pin": false}, {"description": "", "follow_count": 0, "id": 93909, "is_following": false, "is_join_pending": false, "is_banned": false, "is_moderated": false, "name_readable": "JB Marion", "post_count": 0, "source_profile_id": 119373, "source_type": "profile", "image": {"picURL": "https://static1.personality-database.com/profile_images/eee2e33a9c55479db0f9d7d0b0ab59b3.png"}, "join_to_post": false, "can_pin": false}, {"description": "", "follow_count": 0, "id": 93910, "is_following": false, "is_join_pending": false, "is_banned": false, "is_moderated": false, "name_readable": "Malcolm Irvine", "post_count": 0, "source_profile_id": 119374, "source_type": "profile", "image": {"picURL": "https://static1.personality-database.com/profile_images/c16f6019ae144e77bc3f1bca55ce62d8.png"}, "join_to_post": false, "can_pin": false}, {"description": "", "follow_count": 0, "id": 93913, "is_following": false, "is_join_pending": false, "is_banned": false, "is_moderated": false, "name_readable": "Julia", "post_count": 0, "source_profile_id": 119377, "source_type": "profile", "image": {"picURL": "https://www.personality-database.com/images/profile_transparent.png"}, "join_to_post": false, "can_pin": false}, {"description": "", "follow_count": 0, "id": 258009, "is_following": false, "is_join_pending": false, "is_banned": false, "is_moderated": false, "name_readable": "Brother Luke", "post_count": 0, "source_profile_id": 335141, "source_type": "profile", "image": {"picURL": "https://www.personality-database.com/images/profile_transparent.png"}, "join_to_post": false, "can_pin": false}, {"description": "", "follow_count": 0, "id": 272658, "is_following": false, "is_join_pending": false, "is_banned": false, "is_moderated": false, "name_readable": "Richard", "post_count": 0, "source_profile_id": 354297, "source_type": "profile", "image": {"picURL": "https://www.personality-database.com/images/profile_transparent.png"}, "join_to_post": false, "can_pin": false}], "subcategory": "A Little Life", "topic_image_url": "https://static1.personality-database.com/profile_images/1f500237e02e4d6395061a9a8b154ff8.png", "source_location": {"cid": 12, "pid": 2, "sub_cat_id": 8537}, "can_post_image": false, "can_post_audio": false, "posts": {"posts": [{"username": "Avatar", "user_pic_path": "https://lh3.googleusercontent.com/a/AItbvml8L2nzGwd0r14dqSSWUg3an-hGKfJy19UhMsZQ=s96-c", "user_personality_type": "INFJ-1w2", "is_mod": false, "comment_count": 5, "reply_count": 5, "vote_type": 0, "topics_list": [{"id": 93907, "name_readable": "Jude St. Francis"}], "id": 820630, "post_id": 820630, "user_id": 204800, "title": "", "content": "What do you think is his racial background? Using his green eyes as the clue, I incline to believe he is of  Turkish/Afghan/Egyptian descent.", "create_date": 1654439777000, "unix_timestamp": 1654439777000, "update_date": 1654439777000, "vote_count": 3, "vote_count_down": 0, "is_reported": 0, "is_hidden": false, "is_pinned": false, "is_watching": false, "is_pro_user": false, "images": null, "audios": null, "function_list": [], "type": "post"}, {"username": "LeigifAisoz", "user_pic_path": "https://lh3.googleusercontent.com/a-/AOh14GgPtJge0LCbK2_h6bXA32Mqc7T5nguVhZBMgLcGVQ=s96-c", "user_personality_type": "INFP", "is_mod": false, "comment_count": 2, "reply_count": 2, "vote_type": 0, "topics_list": [{"id": 93907, "name_readable": "Jude St. Francis"}], "id": 1151826, "post_id": 1151826, "user_id": 467705, "title": "", "content": "no way yall think he's a feeler \ud83d\udc80 this man is the most logical person I have ever come across", "create_date": 1638578730000, "unix_timestamp": 1638578730000, "update_date": 1638578730000, "vote_count": 6, "vote_count_down": 13, "is_reported": 1, "is_hidden": false, "is_pinned": false, "is_watching": false, "is_pro_user": false, "images": null, "audios": null, "function_list": [], "type": "post"}]}}}}