{"id": 120140, "mbti_profile": "Alex Claremont-Diaz", "profile_name_searchable": "alexclaremontdiaz", "allow_commenting": true, "allow_voting": true, "user_id": 38967, "contributor": "strawberryblond", "contributor_create_date": "2020-04-15 03:58:34", "contributor_pic_path": "https://lh3.googleusercontent.com/a-/AOh14GgpIPNwnXwvn06Ss5kGxhLM9Z6negKQA9JPU8VyPzk=s96-c", "display_order": 1000, "edit_lock": 0, "edit_lock_picture": 0, "is_active": true, "is_approved": true, "mbti_enneagram_type": "ENTP 7w8", "mbti_type": "ENTP 7w8", "pdb_comment_access": true, "pdb_page_owner": 0, "pdb_public_access": true, "wiki_description": "", "watch_count": 248, "comment_count": 46, "vote_count": 213, "vote_count_enneagram": 117, "vote_count_mbti": 213, "total_vote_counts": 428, "personality_type": "ENTP - 7w8 - so/sx - 783 - ILE - SLOAI - VLEF - Choleric-Sanguine", "type_updated_date": "2021-07-10 16:36:53", "enneagram_vote": "", "enneagram_vote_id": 0, "mbti_vote": "", "mbti_vote_id": 0, "is_watching": false, "image_exists": false, "profile_image_url": "https://static1.personality-database.com/profile_images/af35cdeb7b904c97b96c44691d140033.png", "profile_image_credit": "", "profile_image_credit_id": 187010, "profile_image_credit_type": "0", "profile_image_credit_url": "", "alt_subcategory": "", "related_subcategories": "", "cat_id": 12, "category": "Literature", "category_is_fictional": true, "sub_cat_id": 8574, "subcategory": "Red, White and Royal Blue", "subcat_link_info": {"sub_cat_id": 8574, "cat_id": 12, "property_id": 2, "subcategory": "Red, White and Royal Blue"}, "related_subcat_link_info": null, "related_profiles": [{"id": 120141, "mbti_profile": "Henry of Wales", "subcategory": "Red, White and Royal Blue", "profile_image_url": "https://static1.personality-database.com/profile_images/8ac09e58d8044c9ba0bf605424e2e8b5.png", "profile_name": "Henry of Wales", "profile_subcat": "Red, White and Royal Blue", "sub_cat_id": 8574, "cat_id": 12, "property_id": 2, "mbti": "INFJ", "enneatype": "2w1"}, {"id": 120143, "mbti_profile": "Nora Holleran", "subcategory": "Red, White and Royal Blue", "profile_image_url": "https://static1.personality-database.com/profile_images/eca3cb7d68404f7e929cc46a70d0218c.png", "profile_name": "Nora Holleran", "profile_subcat": "Red, White and Royal Blue", "sub_cat_id": 8574, "cat_id": 12, "property_id": 2, "mbti": "ISTP", "enneatype": "6w5"}, {"id": 151897, "mbti_profile": "Ellen Claremont", "subcategory": "Red, White and Royal Blue", "profile_image_url": "https://static1.personality-database.com/profile_images/ea57ae3df34b47289e33ccdff084f64a.png", "profile_name": "Ellen Claremont", "profile_subcat": "Red, White and Royal Blue", "sub_cat_id": 8574, "cat_id": 12, "property_id": 2, "mbti": "ENTJ", "enneatype": "3w4"}, {"id": 120145, "mbti_profile": "Zahra Bankston", "subcategory": "Red, White and Royal Blue", "profile_image_url": "", "profile_name": "Zahra Bankston", "profile_subcat": "Red, White and Royal Blue", "sub_cat_id": 8574, "cat_id": 12, "property_id": 2, "mbti": "ESTJ", "enneatype": "8w9"}, {"id": 120147, "mbti_profile": "Rafael Luna", "subcategory": "Red, White and Royal Blue", "profile_image_url": "", "profile_name": "Rafael Luna", "profile_subcat": "Red, White and Royal Blue", "sub_cat_id": 8574, "cat_id": 12, "property_id": 2, "mbti": "ISFJ", "enneatype": "9w1"}, {"id": 151737, "mbti_profile": "Oscar Diaz", "subcategory": "Red, White and Royal Blue", "profile_image_url": "https://static1.personality-database.com/profile_images/3611d3bbeee74a3bbe0e79b4bc87f5d7.png", "profile_name": "Oscar Diaz", "profile_subcat": "Red, White and Royal Blue", "sub_cat_id": 8574, "cat_id": 12, "property_id": 2, "mbti": "ESTP", "enneatype": "5w6"}, {"id": 329607, "mbti_profile": "Princess Catherine", "subcategory": "Red, White and Royal Blue", "profile_image_url": "", "profile_name": "Princess Catherine", "profile_subcat": "Red, White and Royal Blue", "sub_cat_id": 8574, "cat_id": 12, "property_id": 2, "mbti": "INFP", "enneatype": "9w1"}, {"id": 120142, "mbti_profile": "June Claremont-Diaz", "subcategory": "Red, White and Royal Blue", "profile_image_url": "https://static1.personality-database.com/profile_images/2d25ec8f8bc84a2aa30dcb2047083674.png", "profile_name": "June Claremont-Diaz", "profile_subcat": "Red, White and Royal Blue", "sub_cat_id": 8574, "cat_id": 12, "property_id": 2, "mbti": "ENFJ", "enneatype": "9w8"}], "functions": ["Ne", "Ti", "Fe", "Si"], "systems": [{"hex_color": "#888888", "id": 1, "personality_type": "XXXX", "personality_type_id": 0, "system_name": "Four Letter", "system_vote_count": 207, "user_vote_type_id": 0, "vote_id": 0}, {"hex_color": "#006775", "id": 2, "personality_type": "XXXX", "personality_type_id": 0, "system_name": "Enneagram", "system_vote_count": 115, "user_vote_type_id": 0, "vote_id": 0}, {"hex_color": "#006775", "id": 5, "personality_type": "XXXX", "personality_type_id": 0, "system_name": "Instinctual Variant", "system_vote_count": 18, "user_vote_type_id": 0, "vote_id": 0}, {"hex_color": "#006775", "id": 6, "personality_type": "XXXX", "personality_type_id": 0, "system_name": "Tritype", "system_vote_count": 32, "user_vote_type_id": 0, "vote_id": 0}, {"hex_color": "#888888", "id": 3, "personality_type": "XXXX", "personality_type_id": 0, "system_name": "Socionics", "system_vote_count": 10, "user_vote_type_id": 0, "vote_id": 0}, {"hex_color": "#888888", "id": 9, "personality_type": "XXXX", "personality_type_id": 0, "system_name": "Big 5 (SLOAN)", "system_vote_count": 10, "user_vote_type_id": 0, "vote_id": 0}, {"hex_color": "#888888", "id": 8, "personality_type": "XXXX", "personality_type_id": 0, "system_name": "Attitudinal Psyche", "system_vote_count": 5, "user_vote_type_id": 0, "vote_id": 0}, {"hex_color": "#888888", "id": 7, "personality_type": "XXXX", "personality_type_id": 0, "system_name": "Temperaments", "system_vote_count": 27, "user_vote_type_id": 0, "vote_id": 0}, {"hex_color": "#888888", "id": 11, "personality_type": "XXXX", "personality_type_id": 0, "system_name": "Classic Jungian", "system_vote_count": 0, "user_vote_type_id": 0, "vote_id": 0}], "breakdown_systems": {"1": [{"myValue": "ENTP", "personality_system_id": 1, "personality_type": "ENTP", "theCount": 183}, {"myValue": "ENFP", "personality_system_id": 1, "personality_type": "ENFP", "theCount": 10}, {"myValue": "ESTP", "personality_system_id": 1, "personality_type": "ESTP", "theCount": 4}, {"myValue": "ENTJ", "personality_system_id": 1, "personality_type": "ENTJ", "theCount": 3}, {"myValue": "ENFJ", "personality_system_id": 1, "personality_type": "ENFJ", "theCount": 2}, {"myValue": "ESFJ", "personality_system_id": 1, "personality_type": "ESFJ", "theCount": 1}, {"myValue": "ESFP", "personality_system_id": 1, "personality_type": "ESFP", "theCount": 1}, {"myValue": "ESTJ", "personality_system_id": 1, "personality_type": "ESTJ", "theCount": 1}, {"myValue": "INTP", "personality_system_id": 1, "personality_type": "INTP", "theCount": 1}, {"myValue": "ISTP", "personality_system_id": 1, "personality_type": "ISTP", "theCount": 1}], "11": [{"myValue": "XXXX", "personality_system_id": 0, "personality_type": "XXXX", "theCount": 0}], "2": [{"myValue": "7w8", "personality_system_id": 2, "personality_type": "7w8", "theCount": 80}, {"myValue": "8w7", "personality_system_id": 2, "personality_type": "8w7", "theCount": 31}, {"myValue": "3w2", "personality_system_id": 2, "personality_type": "3w2", "theCount": 3}, {"myValue": "3w4", "personality_system_id": 2, "personality_type": "3w4", "theCount": 1}], "3": [{"myValue": "ILE", "personality_system_id": 3, "personality_type": "ILE", "theCount": 6}, {"myValue": "EIE", "personality_system_id": 3, "personality_type": "EIE", "theCount": 3}, {"myValue": "LSI", "personality_system_id": 3, "personality_type": "LSI", "theCount": 1}], "4": [{"myValue": "Chaotic Good", "personality_system_id": 4, "personality_type": "Chaotic Good", "theCount": 3}, {"myValue": "Chaotic Neutral", "personality_system_id": 4, "personality_type": "Chaotic Neutral", "theCount": 1}], "5": [{"myValue": "so/sx", "personality_system_id": 5, "personality_type": "so/sx", "theCount": 14}, {"myValue": "sx/sp", "personality_system_id": 5, "personality_type": "sx/sp", "theCount": 2}, {"myValue": "so/sp", "personality_system_id": 5, "personality_type": "so/sp", "theCount": 1}, {"myValue": "sp/sx", "personality_system_id": 5, "personality_type": "sp/sx", "theCount": 1}], "6": [{"myValue": "783", "personality_system_id": 6, "personality_type": "783", "theCount": 19}, {"myValue": "837", "personality_system_id": 6, "personality_type": "837", "theCount": 5}, {"myValue": "873", "personality_system_id": 6, "personality_type": "873", "theCount": 3}, {"myValue": "738", "personality_system_id": 6, "personality_type": "738", "theCount": 2}, {"myValue": "378", "personality_system_id": 6, "personality_type": "378", "theCount": 1}, {"myValue": "387", "personality_system_id": 6, "personality_type": "387", "theCount": 1}, {"myValue": "748", "personality_system_id": 6, "personality_type": "748", "theCount": 1}], "7": [{"myValue": "Choleric-Sanguine", "personality_system_id": 7, "personality_type": "Choleric-Sanguine", "theCount": 19}, {"myValue": "Choleric-Melancholic", "personality_system_id": 7, "personality_type": "Choleric-Melancholic", "theCount": 8}], "8": [{"myValue": "VLEF", "personality_system_id": 8, "personality_type": "VLEF", "theCount": 5}], "9": [{"myValue": "SLOAI", "personality_system_id": 9, "personality_type": "SLOAI", "theCount": 6}, {"myValue": "SLUEI", "personality_system_id": 9, "personality_type": "SLUEI", "theCount": 2}, {"myValue": "SCOAN", "personality_system_id": 9, "personality_type": "SCOAN", "theCount": 1}, {"myValue": "SLOEI", "personality_system_id": 9, "personality_type": "SLOEI", "theCount": 1}]}, "breakdown_config": {"expand": {"1": 3, "11": 1, "2": 3, "3": 1, "4": 1, "5": 1, "6": 1, "7": 1, "8": 1, "9": 1}, "fire": {"1": 0, "11": 0, "2": 0, "3": 0, "4": 0, "5": 0, "6": 0, "7": 0, "8": 0, "9": 0}}, "mbti_letter_stats": [{"type": "E", "percentage": "99%", "PercentageFloat": 0.9903381642512077}, {"type": "N", "percentage": "96%", "PercentageFloat": 0.961352657004831}, {"type": "T", "percentage": "93%", "PercentageFloat": 0.9323671497584541}, {"type": "P", "percentage": "97%", "PercentageFloat": 0.966183574879227}], "topic_info": {"can_generate": false, "topic": {"description": "", "follow_count": 0, "id": 94486, "is_following": false, "is_join_pending": false, "is_banned": false, "is_moderated": false, "name_readable": "Alex Claremont-Diaz", "post_count": 0, "source_profile_id": 120140, "source_type": "profile", "join_to_post": false, "can_pin": false, "related_topics": [{"description": "", "follow_count": 0, "id": 94486, "is_following": false, "is_join_pending": false, "is_banned": false, "is_moderated": false, "name_readable": "Alex Claremont-Diaz", "post_count": 0, "source_profile_id": 120140, "source_type": "profile", "image": {"picURL": "https://static1.personality-database.com/profile_images/af35cdeb7b904c97b96c44691d140033.png"}, "join_to_post": false, "can_pin": false}, {"description": "", "follow_count": 0, "id": 94487, "is_following": false, "is_join_pending": false, "is_banned": false, "is_moderated": false, "name_readable": "Henry of Wales", "post_count": 0, "source_profile_id": 120141, "source_type": "profile", "image": {"picURL": "https://static1.personality-database.com/profile_images/8ac09e58d8044c9ba0bf605424e2e8b5.png"}, "join_to_post": false, "can_pin": false}, {"description": "", "follow_count": 0, "id": 94488, "is_following": false, "is_join_pending": false, "is_banned": false, "is_moderated": false, "name_readable": "June Claremont-Diaz", "post_count": 0, "source_profile_id": 120142, "source_type": "profile", "image": {"picURL": "https://static1.personality-database.com/profile_images/2d25ec8f8bc84a2aa30dcb2047083674.png"}, "join_to_post": false, "can_pin": false}, {"description": "", "follow_count": 0, "id": 94489, "is_following": false, "is_join_pending": false, "is_banned": false, "is_moderated": false, "name_readable": "Nora Holleran", "post_count": 0, "source_profile_id": 120143, "source_type": "profile", "image": {"picURL": "https://static1.personality-database.com/profile_images/eca3cb7d68404f7e929cc46a70d0218c.png"}, "join_to_post": false, "can_pin": false}, {"description": "", "follow_count": 0, "id": 94490, "is_following": false, "is_join_pending": false, "is_banned": false, "is_moderated": false, "name_readable": "Zahra Bankston", "post_count": 0, "source_profile_id": 120145, "source_type": "profile", "image": {"picURL": "https://www.personality-database.com/images/profile_transparent.png"}, "join_to_post": false, "can_pin": false}, {"description": "", "follow_count": 0, "id": 94491, "is_following": false, "is_join_pending": false, "is_banned": false, "is_moderated": false, "name_readable": "Beatrice of Wales", "post_count": 0, "source_profile_id": 120146, "source_type": "profile", "image": {"picURL": "https://static1.personality-database.com/profile_images/8dc0bf408f6f48a3a7c0a83fec689654.png"}, "join_to_post": false, "can_pin": false}, {"description": "", "follow_count": 0, "id": 94492, "is_following": false, "is_join_pending": false, "is_banned": false, "is_moderated": false, "name_readable": "Rafael Luna", "post_count": 0, "source_profile_id": 120147, "source_type": "profile", "image": {"picURL": "https://www.personality-database.com/images/profile_transparent.png"}, "join_to_post": false, "can_pin": false}, {"description": "", "follow_count": 0, "id": 94493, "is_following": false, "is_join_pending": false, "is_banned": false, "is_moderated": false, "name_readable": "Pez Okonjo", "post_count": 0, "source_profile_id": 120148, "source_type": "profile", "image": {"picURL": "https://static1.personality-database.com/profile_images/3ae84367ff874cbdb2c61d09e1f38c4e.png"}, "join_to_post": false, "can_pin": false}, {"description": "", "follow_count": 0, "id": 117565, "is_following": false, "is_join_pending": false, "is_banned": false, "is_moderated": false, "name_readable": "Oscar Diaz", "post_count": 0, "source_profile_id": 151737, "source_type": "profile", "image": {"picURL": "https://static1.personality-database.com/profile_images/3611d3bbeee74a3bbe0e79b4bc87f5d7.png"}, "join_to_post": false, "can_pin": false}, {"description": "", "follow_count": 0, "id": 117699, "is_following": false, "is_join_pending": false, "is_banned": false, "is_moderated": false, "name_readable": "Ellen Claremont", "post_count": 0, "source_profile_id": 151897, "source_type": "profile", "image": {"picURL": "https://static1.personality-database.com/profile_images/ea57ae3df34b47289e33ccdff084f64a.png"}, "join_to_post": false, "can_pin": false}, {"description": "", "follow_count": 0, "id": 251993, "is_following": false, "is_join_pending": false, "is_banned": false, "is_moderated": false, "name_readable": "Shaan Srivastava", "post_count": 0, "source_profile_id": 327416, "source_type": "profile", "image": {"picURL": "https://www.personality-database.com/images/profile_transparent.png"}, "join_to_post": false, "can_pin": false}, {"description": "", "follow_count": 0, "id": 253718, "is_following": false, "is_join_pending": false, "is_banned": false, "is_moderated": false, "name_readable": "Leo", "post_count": 0, "source_profile_id": 329606, "source_type": "profile", "image": {"picURL": "https://www.personality-database.com/images/profile_transparent.png"}, "join_to_post": false, "can_pin": false}, {"description": "", "follow_count": 0, "id": 253719, "is_following": false, "is_join_pending": false, "is_banned": false, "is_moderated": false, "name_readable": "Princess Catherine", "post_count": 0, "source_profile_id": 329607, "source_type": "profile", "image": {"picURL": "https://www.personality-database.com/images/profile_transparent.png"}, "join_to_post": false, "can_pin": false}, {"description": "", "follow_count": 0, "id": 253720, "is_following": false, "is_join_pending": false, "is_banned": false, "is_moderated": false, "name_readable": "Philip", "post_count": 0, "source_profile_id": 329608, "source_type": "profile", "image": {"picURL": "https://www.personality-database.com/images/profile_transparent.png"}, "join_to_post": false, "can_pin": false}, {"description": "", "follow_count": 0, "id": 253721, "is_following": false, "is_join_pending": false, "is_banned": false, "is_moderated": false, "name_readable": "Queen Mary", "post_count": 0, "source_profile_id": 329609, "source_type": "profile", "image": {"picURL": "https://www.personality-database.com/images/profile_transparent.png"}, "join_to_post": false, "can_pin": false}], "subcategory": "Red, White and Royal Blue", "topic_image_url": "https://static1.personality-database.com/profile_images/af35cdeb7b904c97b96c44691d140033.png", "source_location": {"cid": 12, "pid": 2, "sub_cat_id": 8574}, "can_post_image": false, "can_post_audio": false, "posts": {"posts": []}}}}