{"id": 12034, "mbti_profile": "Jason Grace", "profile_name_searchable": "jasongrace", "allow_commenting": true, "allow_voting": true, "user_id": 2954, "contributor": "PsychoPyrate", "contributor_create_date": "2018-05-10 04:36:06", "contributor_pic_path": "https://lh3.googleusercontent.com/a-/AOh14GhoR6MTf9XkktGZr0BcqgYT7Pwd9-thtza05D9mow=s96-c", "display_order": 0, "edit_lock": 0, "edit_lock_picture": 0, "is_active": true, "is_approved": true, "mbti_enneagram_type": "INFJ 1w9", "mbti_type": "INFJ 1w9", "pdb_comment_access": true, "pdb_page_owner": 0, "pdb_public_access": true, "wiki_description": "Having been raised Roman, Jason is serious and a natural leader, although he does have his moments of good humor. However, he does struggle with the pressure of leading sometimes. Over the course of the series he becomes less aloof, more willing to open up, and more comfortable with himself and others.\n\nAs the son of Jupiter, he can control wind (and can fly as a result of this) and lightning (as well as the weather if he tries hard enough). He fights with Ivlivs, an Imperial gold coin that can change into a sword or a spear depending on which face it lands on, and later gains a gladius formerly owned by Hera at the end of The Lost Hero.", "watch_count": 375, "comment_count": 103, "vote_count": 338, "vote_count_enneagram": 160, "vote_count_mbti": 338, "total_vote_counts": 650, "personality_type": "INFJ - 1w9 - so/sp - 162 - ESI - RCOAN - LEFV - Phlegmatic [Dominant] - IN(F)", "type_updated_date": "2023-01-08 19:28:55", "enneagram_vote": "", "enneagram_vote_id": 0, "mbti_vote": "", "mbti_vote_id": 0, "is_watching": false, "image_exists": false, "profile_image_url": "https://static1.personality-database.com/profile_images/7dff9b943e7e41078c7bd69acdd0fc11.png", "profile_image_credit": "", "profile_image_credit_id": 461484, "profile_image_credit_type": "0", "profile_image_credit_url": "", "alt_subcategory": "", "related_subcategories": "3726|||Trials of Apollo (Series)", "cat_id": 12, "category": "Literature", "category_is_fictional": true, "sub_cat_id": 636, "subcategory": "Camp Half-Blood Chronicles (series)", "subcat_link_info": {"sub_cat_id": 636, "cat_id": 12, "property_id": 2, "subcategory": "Camp Half-Blood Chronicles (series)"}, "related_subcat_link_info": [{"sub_cat_id": 3726, "cat_id": 12, "property_id": 2, "subcategory": "Trials of Apollo (Series)"}], "related_profiles": [{"id": 5154, "mbti_profile": "Perseus \u201cPercy\u201d Jackson", "subcategory": "Camp Half-Blood Chronicles (series)", "profile_image_url": "https://static1.personality-database.com/profile_images/b1b21812daa142b28d25564d38106e3c.png", "profile_name": "Perseus \u201cPercy\u201d Jackson", "profile_subcat": "Camp Half-Blood Chronicles (series)", "sub_cat_id": 636, "cat_id": 12, "property_id": 2, "mbti": "ESFP", "enneatype": "2w3"}, {"id": 5155, "mbti_profile": "Annabeth Chase", "subcategory": "Camp Half-Blood Chronicles (series)", "profile_image_url": "https://static1.personality-database.com/profile_images/ce888c74ae034f14913272cc27101b61.png", "profile_name": "Annabeth Chase", "profile_subcat": "Camp Half-Blood Chronicles (series)", "sub_cat_id": 636, "cat_id": 12, "property_id": 2, "mbti": "INTJ", "enneatype": "3w4"}, {"id": 10910, "mbti_profile": "Leonidas \"Leo\" Valdez", "subcategory": "Camp Half-Blood Chronicles (series)", "profile_image_url": "https://static1.personality-database.com/profile_images/f5f8ec3773204a0db56e4e29b6749219.png", "profile_name": "Leonidas \"Leo\" Valdez", "profile_subcat": "Camp Half-Blood Chronicles (series)", "sub_cat_id": 636, "cat_id": 12, "property_id": 2, "mbti": "ENTP", "enneatype": "7w6"}, {"id": 7527, "mbti_profile": "Nico di Angelo", "subcategory": "Camp Half-Blood Chronicles (series)", "profile_image_url": "https://static1.personality-database.com/profile_images/fa0fb5e0848140619c466d1734fbfad6.png", "profile_name": "Nico di Angelo", "profile_subcat": "Camp Half-Blood Chronicles (series)", "sub_cat_id": 636, "cat_id": 12, "property_id": 2, "mbti": "INFP", "enneatype": "4w5"}, {"id": 34033, "mbti_profile": "William \"Will\" Solace", "subcategory": "Camp Half-Blood Chronicles (series)", "profile_image_url": "https://static1.personality-database.com/profile_images/5462bd2efd7243909b5ce0de4790f477.png", "profile_name": "William \"Will\" Solace", "profile_subcat": "Camp Half-Blood Chronicles (series)", "sub_cat_id": 636, "cat_id": 12, "property_id": 2, "mbti": "ENFJ", "enneatype": "2w3"}, {"id": 12035, "mbti_profile": "Piper McLean", "subcategory": "Camp Half-Blood Chronicles (series)", "profile_image_url": "https://static1.personality-database.com/profile_images/02729fe43c73454db621fea57a555ed8.png", "profile_name": "Piper McLean", "profile_subcat": "Camp Half-Blood Chronicles (series)", "sub_cat_id": 636, "cat_id": 12, "property_id": 2, "mbti": "ISFP", "enneatype": "4w3"}, {"id": 12047, "mbti_profile": "Magnus Chase", "subcategory": "Camp Half-Blood Chronicles (series)", "profile_image_url": "https://static1.personality-database.com/profile_images/b6e54b7ee284494b83541b96a6e9350b.png", "profile_name": "Magnus Chase", "profile_subcat": "Camp Half-Blood Chronicles (series)", "sub_cat_id": 636, "cat_id": 12, "property_id": 2, "mbti": "INTP", "enneatype": "6w7"}, {"id": 12041, "mbti_profile": "Luke Castellan", "subcategory": "Camp Half-Blood Chronicles (series)", "profile_image_url": "https://static1.personality-database.com/profile_images/8d51412f2ff9468fbf43e7ed1d446ca6.png", "profile_name": "Luke Castellan", "profile_subcat": "Camp Half-Blood Chronicles (series)", "sub_cat_id": 636, "cat_id": 12, "property_id": 2, "mbti": "ENFJ", "enneatype": "3w4"}], "functions": ["Ni", "Fe", "Ti", "Se"], "systems": [{"hex_color": "#888888", "id": 1, "personality_type": "XXXX", "personality_type_id": 0, "system_name": "Four Letter", "system_vote_count": 336, "user_vote_type_id": 0, "vote_id": 0}, {"hex_color": "#006775", "id": 2, "personality_type": "XXXX", "personality_type_id": 0, "system_name": "Enneagram", "system_vote_count": 157, "user_vote_type_id": 0, "vote_id": 0}, {"hex_color": "#006775", "id": 5, "personality_type": "XXXX", "personality_type_id": 0, "system_name": "Instinctual Variant", "system_vote_count": 40, "user_vote_type_id": 0, "vote_id": 0}, {"hex_color": "#006775", "id": 6, "personality_type": "XXXX", "personality_type_id": 0, "system_name": "Tritype", "system_vote_count": 36, "user_vote_type_id": 0, "vote_id": 0}, {"hex_color": "#888888", "id": 3, "personality_type": "XXXX", "personality_type_id": 0, "system_name": "Socionics", "system_vote_count": 4, "user_vote_type_id": 0, "vote_id": 0}, {"hex_color": "#888888", "id": 9, "personality_type": "XXXX", "personality_type_id": 0, "system_name": "Big 5 (SLOAN)", "system_vote_count": 18, "user_vote_type_id": 0, "vote_id": 0}, {"hex_color": "#888888", "id": 8, "personality_type": "XXXX", "personality_type_id": 0, "system_name": "Attitudinal Psyche", "system_vote_count": 7, "user_vote_type_id": 0, "vote_id": 0}, {"hex_color": "#888888", "id": 7, "personality_type": "XXXX", "personality_type_id": 0, "system_name": "Temperaments", "system_vote_count": 37, "user_vote_type_id": 0, "vote_id": 0}, {"hex_color": "#888888", "id": 11, "personality_type": "XXXX", "personality_type_id": 0, "system_name": "Classic Jungian", "system_vote_count": 2, "user_vote_type_id": 0, "vote_id": 0}], "breakdown_systems": {"1": [{"myValue": "INFJ", "personality_system_id": 1, "personality_type": "INFJ", "theCount": 169}, {"myValue": "ISFJ", "personality_system_id": 1, "personality_type": "ISFJ", "theCount": 135}, {"myValue": "ISTJ", "personality_system_id": 1, "personality_type": "ISTJ", "theCount": 13}, {"myValue": "ESTJ", "personality_system_id": 1, "personality_type": "ESTJ", "theCount": 7}, {"myValue": "ENFJ", "personality_system_id": 1, "personality_type": "ENFJ", "theCount": 5}, {"myValue": "ESFJ", "personality_system_id": 1, "personality_type": "ESFJ", "theCount": 4}, {"myValue": "ENTJ", "personality_system_id": 1, "personality_type": "ENTJ", "theCount": 1}, {"myValue": "ENTP", "personality_system_id": 1, "personality_type": "ENTP", "theCount": 1}, {"myValue": "ISFP", "personality_system_id": 1, "personality_type": "ISFP", "theCount": 1}], "11": [{"myValue": "IN(F)", "personality_system_id": 11, "personality_type": "IN(F)", "theCount": 2}], "2": [{"myValue": "1w9", "personality_system_id": 2, "personality_type": "1w9", "theCount": 123}, {"myValue": "9w8", "personality_system_id": 2, "personality_type": "9w8", "theCount": 13}, {"myValue": "9w1", "personality_system_id": 2, "personality_type": "9w1", "theCount": 8}, {"myValue": "1w2", "personality_system_id": 2, "personality_type": "1w2", "theCount": 5}, {"myValue": "2w1", "personality_system_id": 2, "personality_type": "2w1", "theCount": 2}, {"myValue": "6w5", "personality_system_id": 2, "personality_type": "6w5", "theCount": 2}, {"myValue": "2w3", "personality_system_id": 2, "personality_type": "2w3", "theCount": 1}, {"myValue": "3w2", "personality_system_id": 2, "personality_type": "3w2", "theCount": 1}, {"myValue": "8w7", "personality_system_id": 2, "personality_type": "8w7", "theCount": 1}, {"myValue": "8w9", "personality_system_id": 2, "personality_type": "8w9", "theCount": 1}], "3": [{"myValue": "ESI", "personality_system_id": 3, "personality_type": "ESI", "theCount": 3}, {"myValue": "LII", "personality_system_id": 3, "personality_type": "LII", "theCount": 1}], "4": [{"myValue": "Lawful Good", "personality_system_id": 4, "personality_type": "Lawful Good", "theCount": 12}, {"myValue": "Neutral Good", "personality_system_id": 4, "personality_type": "Neutral Good", "theCount": 1}], "5": [{"myValue": "so/sp", "personality_system_id": 5, "personality_type": "so/sp", "theCount": 34}, {"myValue": "sp/so", "personality_system_id": 5, "personality_type": "sp/so", "theCount": 3}, {"myValue": "sx/so", "personality_system_id": 5, "personality_type": "sx/so", "theCount": 2}, {"myValue": "sx/sp", "personality_system_id": 5, "personality_type": "sx/sp", "theCount": 1}], "6": [{"myValue": "162", "personality_system_id": 6, "personality_type": "162", "theCount": 27}, {"myValue": "126", "personality_system_id": 6, "personality_type": "126", "theCount": 2}, {"myValue": "216", "personality_system_id": 6, "personality_type": "216", "theCount": 2}, {"myValue": "136", "personality_system_id": 6, "personality_type": "136", "theCount": 1}, {"myValue": "163", "personality_system_id": 6, "personality_type": "163", "theCount": 1}, {"myValue": "368", "personality_system_id": 6, "personality_type": "368", "theCount": 1}, {"myValue": "692", "personality_system_id": 6, "personality_type": "692", "theCount": 1}, {"myValue": "963", "personality_system_id": 6, "personality_type": "963", "theCount": 1}], "7": [{"myValue": "Phlegmatic [Dominant]", "personality_system_id": 7, "personality_type": "Phlegmatic [Dominant]", "theCount": 30}, {"myValue": "Phlegmatic-Choleric", "personality_system_id": 7, "personality_type": "Phlegmatic-Choleric", "theCount": 5}, {"myValue": "Melancholic [Dominant]", "personality_system_id": 7, "personality_type": "Melancholic [Dominant]", "theCount": 1}, {"myValue": "Phlegmatic-Sanguine", "personality_system_id": 7, "personality_type": "Phlegmatic-Sanguine", "theCount": 1}], "8": [{"myValue": "LEFV", "personality_system_id": 8, "personality_type": "LEFV", "theCount": 6}, {"myValue": "EVFL", "personality_system_id": 8, "personality_type": "EVFL", "theCount": 1}], "9": [{"myValue": "RCOAN", "personality_system_id": 9, "personality_type": "RCOAN", "theCount": 17}, {"myValue": "RLUAI", "personality_system_id": 9, "personality_type": "RLUAI", "theCount": 1}]}, "breakdown_config": {"expand": {"1": 3, "11": 1, "2": 3, "3": 1, "4": 1, "5": 1, "6": 1, "7": 1, "8": 1, "9": 1}, "fire": {"1": 1, "11": 0, "2": 0, "3": 0, "4": 0, "5": 0, "6": 0, "7": 0, "8": 0, "9": 0}}, "mbti_letter_stats": [{"type": "I", "percentage": "95%", "PercentageFloat": 0.9464285714285714}, {"type": "N", "percentage": "52%", "PercentageFloat": 0.5238095238095238}, {"type": "F", "percentage": "93%", "PercentageFloat": 0.9345238095238095}, {"type": "J", "percentage": "99%", "PercentageFloat": 0.9940476190476191}], "topic_info": {"can_generate": false, "topic": {"description": "Jason Grace was a Roman demigod, the son of Jupiter and the mortal Beryl Grace and the younger brother of Thalia Grace. Jason was a praetor of the Twelfth Legion at Camp Jupiter until he gave his rank to Frank Zhang during The House of Hades as a field promotion; he was the former head counselor of Cabin One at Camp Half-Blood and the Pontifex Maximus at Camp Jupiter. \n\n", "follow_count": 2, "id": 11136, "is_following": false, "is_join_pending": false, "is_banned": false, "is_moderated": false, "name_readable": "Jason Grace", "post_count": 4, "source_profile_id": 12034, "source_type": "profile", "join_to_post": false, "can_pin": false, "related_topics": [{"description": "Nico di Angelo is a 15-year old Italian-born Greek demigod, the son of Hades and Maria di Angelo. He is also the younger brother of the late Bianca di Angelo and the paternal half-brother of Hazel Levesque. He is known in the Underworld as the \"Ghost King\" after taking the title from Minos in The Battle of the Labyrinth. He is currently in a relationship with Will Solace, a son of Apollo.\n\n(https://riordan.fandom.com/wiki/Nico_di_Angelo)", "follow_count": 7, "id": 7024, "is_following": false, "is_join_pending": false, "is_banned": false, "is_moderated": false, "name_readable": "Nico di Angelo", "post_count": 45, "source_profile_id": 7527, "source_type": "profile", "image": {"picURL": "https://static1.personality-database.com/profile_images/fa0fb5e0848140619c466d1734fbfad6.png"}, "join_to_post": false, "can_pin": false}, {"description": "Perseus \u201cPercy\u201d Jackson is an eighteen-year-old Greek demigod, the son of Poseidon and Sally Jackson. He is the main protagonist and narrator of the Percy Jackson and the Olympians series, and one of the main characters of The Heroes of Olympus series. He is the head counselor at Poseidon's Cabin and a former Praetor of the Twelfth Legion at Camp Jupiter, formerly belonging to the legion's Fifth Cohort. He was the temporary host of the Egyptian goddess Nekhbet. Percy is currently the boyfriend of Annabeth Chase.", "follow_count": 8, "id": 4776, "is_following": false, "is_join_pending": false, "is_banned": false, "is_moderated": false, "name_readable": "Perseus \u201cPercy\u201d Jackson", "post_count": 29, "source_profile_id": 5154, "source_type": "profile", "image": {"picURL": "https://static1.personality-database.com/profile_images/b1b21812daa142b28d25564d38106e3c.png"}, "join_to_post": false, "can_pin": false}, {"description": "Annabeth Chase is a Greek demigod, daughter of the goddess Athena and professor Frederick Chase, and the cousin of Norse demigod Magnus Chase, and one uncle of hers is Frey. Like her mother, Annabeth is an intellectual genius, wise and very witty. Her eyes look calculating, like she is analyzing whoever she is looking at during a first meeting, as if \"thinking of the best way to take the person down in a fight\". She loves architecture and spends her free time designing new buildings or visiting national monuments. She has a soft side for those who seek knowledge. She sometimes gets too philosophical, which makes the less complicated Percy to glaze his eyes. \n(https://riordan.fandom.com/wiki/Annabeth_Chase)", "follow_count": 8, "id": 4777, "is_following": false, "is_join_pending": false, "is_banned": false, "is_moderated": false, "name_readable": "Annabeth Chase", "post_count": 15, "source_profile_id": 5155, "source_type": "profile", "image": {"picURL": "https://static1.personality-database.com/profile_images/ce888c74ae034f14913272cc27101b61.png"}, "join_to_post": false, "can_pin": false}, {"description": "#ENTPHeroes", "follow_count": 7, "id": 10206, "is_following": false, "is_join_pending": false, "is_banned": false, "is_moderated": false, "name_readable": "Leo Valdez", "post_count": 9, "source_profile_id": 10910, "source_type": "profile", "image": {"picURL": "https://static1.personality-database.com/profile_images/f5f8ec3773204a0db56e4e29b6749219.png"}, "join_to_post": false, "can_pin": false}, {"description": "#ENFJVillains", "follow_count": 0, "id": 11143, "is_following": false, "is_join_pending": false, "is_banned": false, "is_moderated": false, "name_readable": "Luke Castellan", "post_count": 5, "source_profile_id": 12041, "source_type": "profile", "image": {"picURL": "https://static1.personality-database.com/profile_images/8d51412f2ff9468fbf43e7ed1d446ca6.png"}, "join_to_post": false, "can_pin": false}, {"description": "#ISTJHeroes", "follow_count": 1, "id": 11148, "is_following": false, "is_join_pending": false, "is_banned": false, "is_moderated": false, "name_readable": "Reyna Ram\u00edrez-Arellano", "post_count": 5, "source_profile_id": 12046, "source_type": "profile", "image": {"picURL": "https://static1.personality-database.com/profile_images/38fe202eb96b4aa28aa7f32b9f1147e8.png"}, "join_to_post": false, "can_pin": false}, {"description": "Jason Grace was a Roman demigod, the son of Jupiter and the mortal Beryl Grace and the younger brother of Thalia Grace. Jason was a praetor of the Twelfth Legion at Camp Jupiter until he gave his rank to Frank Zhang during The House of Hades as a field promotion; he was the former head counselor of Cabin One at Camp Half-Blood and the Pontifex Maximus at Camp Jupiter. \n\n", "follow_count": 2, "id": 11136, "is_following": false, "is_join_pending": false, "is_banned": false, "is_moderated": false, "name_readable": "Jason Grace", "post_count": 4, "source_profile_id": 12034, "source_type": "profile", "image": {"picURL": "https://static1.personality-database.com/profile_images/7dff9b943e7e41078c7bd69acdd0fc11.png"}, "join_to_post": false, "can_pin": false}, {"description": "", "follow_count": 2, "id": 30568, "is_following": false, "is_join_pending": false, "is_banned": false, "is_moderated": false, "name_readable": "Will Solace", "post_count": 4, "source_profile_id": 34033, "source_type": "profile", "image": {"picURL": "https://static1.personality-database.com/profile_images/5462bd2efd7243909b5ce0de4790f477.png"}, "join_to_post": false, "can_pin": false}, {"description": "", "follow_count": 1, "id": 11138, "is_following": false, "is_join_pending": false, "is_banned": false, "is_moderated": false, "name_readable": "Frank Zhang", "post_count": 2, "source_profile_id": 12036, "source_type": "profile", "image": {"picURL": "https://static1.personality-database.com/profile_images/6bef166345344e95b0335bf44fd3e004.png"}, "join_to_post": false, "can_pin": false}, {"description": "Blackjack is Percy Jackson's friendly, pure black pegasus. He often serves as Percy's main option of transportation. Blackjack and other Pegasi often go to Percy, who helps them with their, or other creatures' problems", "follow_count": 1, "id": 212795, "is_following": false, "is_join_pending": false, "is_banned": false, "is_moderated": false, "name_readable": "Blackjack", "post_count": 2, "source_profile_id": 277851, "source_type": "profile", "image": {"picURL": "https://static1.personality-database.com/profile_images/2b886068476a4c5390823f547b11aa9a.png"}, "join_to_post": false, "can_pin": false}, {"description": "", "follow_count": 1, "id": 30565, "is_following": false, "is_join_pending": false, "is_banned": false, "is_moderated": false, "name_readable": "Hades", "post_count": 2, "source_profile_id": 34030, "source_type": "profile", "image": {"picURL": "https://static1.personality-database.com/profile_images/d1174330772d4e63800b057a4d83f680.png"}, "join_to_post": false, "can_pin": false}, {"description": "", "follow_count": 1, "id": 4778, "is_following": false, "is_join_pending": false, "is_banned": false, "is_moderated": false, "name_readable": "Grover Underwood", "post_count": 2, "source_profile_id": 5156, "source_type": "profile", "image": {"picURL": "https://static1.personality-database.com/profile_images/e63bd829e00e4cce871810a1ef9323f9.png"}, "join_to_post": false, "can_pin": false}, {"description": "", "follow_count": 0, "id": 33618, "is_following": false, "is_join_pending": false, "is_banned": false, "is_moderated": false, "name_readable": "Apollo", "post_count": 2, "source_profile_id": 37608, "source_type": "profile", "image": {"picURL": "https://static1.personality-database.com/profile_images/6c1d097e6ce04a56a73d77ab0aa618b4.png"}, "join_to_post": false, "can_pin": false}, {"description": "", "follow_count": 1, "id": 11137, "is_following": false, "is_join_pending": false, "is_banned": false, "is_moderated": false, "name_readable": "Piper McLean", "post_count": 2, "source_profile_id": 12035, "source_type": "profile", "image": {"picURL": "https://static1.personality-database.com/profile_images/02729fe43c73454db621fea57a555ed8.png"}, "join_to_post": false, "can_pin": false}, {"description": "#INTPHeroes", "follow_count": 0, "id": 11149, "is_following": false, "is_join_pending": false, "is_banned": false, "is_moderated": false, "name_readable": "Magnus Chase", "post_count": 2, "source_profile_id": 12047, "source_type": "profile", "image": {"picURL": "https://static1.personality-database.com/profile_images/b6e54b7ee284494b83541b96a6e9350b.png"}, "join_to_post": false, "can_pin": false}, {"description": "#ESTPHeroes", "follow_count": 0, "id": 11141, "is_following": false, "is_join_pending": false, "is_banned": false, "is_moderated": false, "name_readable": "Thalia Grace", "post_count": 2, "source_profile_id": 12039, "source_type": "profile", "image": {"picURL": "https://static1.personality-database.com/profile_images/568a85d610ed433ca4c09ba84626be04.png"}, "join_to_post": false, "can_pin": false}], "subcategory": "Camp Half-Blood Chronicles (series)", "topic_image_url": "https://static1.personality-database.com/profile_images/7dff9b943e7e41078c7bd69acdd0fc11.png", "source_location": {"cid": 12, "pid": 2, "sub_cat_id": 636}, "can_post_image": false, "can_post_audio": false, "posts": {"posts": [{"username": "watakashe", "user_pic_path": "https://static1.personality-database.com/user_avatars/199567/58334da7-35ad-46aa-9433-138f77364b22.jpeg", "user_personality_type": "ISTP-5w4-548", "is_mod": false, "comment_count": 6, "reply_count": 6, "vote_type": 0, "topics_list": [{"id": 11136, "name_readable": "Jason Grace"}], "id": 611040, "post_id": 611040, "user_id": 199567, "title": "", "content": "jason grace get behind me\n\nTIRED!!! of meeting people who also love percy jackson just for them to tell me that jason is the worst character ever with absolutely 0 explanation, my boy did not die for this I hate yall", "create_date": 1651100682000, "unix_timestamp": 1651100682000, "update_date": 1651100682000, "vote_count": 19, "vote_count_down": 0, "is_reported": 0, "is_hidden": false, "is_pinned": false, "is_watching": false, "is_pro_user": false, "images": null, "audios": null, "function_list": [], "type": "post"}, {"username": "RafaelaM\u00fcller", "user_pic_path": "https://lh3.googleusercontent.com/a-/AOh14Gh_bEJHjfjTAb1LsIcwa8qvihI_rU6yoijDWVVtHQ=s96-c", "user_personality_type": "INFJ-6w5-694", "is_mod": false, "comment_count": 2, "reply_count": 2, "vote_type": 0, "topics_list": [{"id": 11136, "name_readable": "Jason Grace"}], "id": 306229, "post_id": 306229, "user_id": 480110, "title": "", "content": "I really don't understand why people don't like Jason! Be not super funny and don't suffer much for your traumas doesn't mean be a boring character.", "create_date": 1644319610000, "unix_timestamp": 1644319610000, "update_date": 1644320457000, "vote_count": 19, "vote_count_down": 0, "is_reported": 0, "is_hidden": false, "is_pinned": false, "is_watching": false, "is_pro_user": false, "images": null, "audios": null, "function_list": [], "type": "post"}, {"username": "Ari", "user_pic_path": "https://lh3.googleusercontent.com/a-/AOh14GjzicrmjWkd7I2QxKmeue3zYgg10u6sDKfCa6J5-i4=s96-c", "user_personality_type": "INFP-9w1-259", "is_mod": false, "comment_count": 2, "reply_count": 2, "vote_type": 0, "topics_list": [{"id": 11136, "name_readable": "Jason Grace"}], "id": 183148, "post_id": 183148, "user_id": 81194, "title": "", "content": "People saying he's flat?? I hate this thing in fiction where you have to be really loud and explicit about your traumas (in your head, at the very least) to make them valid.\nI also hate that you HAVE to be a comic relief or a emo-traumatised-poor-creature to have a personality, if you are just a normal being trying your best to get over your past and being a better person, oh no you are bland now.\n\nJust here to say I love Jason so much <3 and his character arc is more subtle than others but is still there and is a very solid and enjoyable one.", "create_date": 1624599404000, "unix_timestamp": 1624599404000, "update_date": 1624599404000, "vote_count": 53, "vote_count_down": 0, "is_reported": 1, "is_hidden": false, "is_pinned": false, "is_watching": false, "is_pro_user": false, "images": null, "audios": null, "function_list": [], "type": "post"}]}}}}