{"id": 12030, "mbti_profile": "Benjamin", "profile_name_searchable": "benjamin", "allow_commenting": true, "allow_voting": true, "user_id": 3261, "contributor": "Jachn", "contributor_create_date": "2018-05-08 23:29:05", "contributor_pic_path": "https://lh5.googleusercontent.com/-7BVlTf580JM/AAAAAAAAAAI/AAAAAAAAFpA/fhDHaMjGnqM/s96-c/photo.jpg", "display_order": 0, "edit_lock": 0, "edit_lock_picture": 0, "is_active": true, "is_approved": true, "mbti_enneagram_type": "INTP 5w4", "mbti_type": "INTP 5w4", "pdb_comment_access": true, "pdb_page_owner": 0, "pdb_public_access": true, "wiki_description": "The long-lived donkey who refuses to feel inspired by the Rebellion. Benjamin firmly believes that life will remain unpleasant no matter who is in charge. Of all of the animals on the farm, he alone comprehends the changes that take place, but he seems either unwilling or unable to oppose the pigs.", "watch_count": 69, "comment_count": 10, "vote_count": 122, "vote_count_enneagram": 70, "vote_count_mbti": 122, "total_vote_counts": 275, "personality_type": "INTP - 5w4 - sp/sx - 594 - ILI - RLUEI - Melancholic [Dominant]", "type_updated_date": "2021-03-25 07:09:27", "enneagram_vote": "", "enneagram_vote_id": 0, "mbti_vote": "", "mbti_vote_id": 0, "is_watching": false, "image_exists": true, "profile_image_url": "https://static1.personality-database.com/profile_images/f6ceecdc2fa6456b8e036e853a85537d.png", "profile_image_credit": "", "profile_image_credit_id": 35265, "profile_image_credit_type": "0", "profile_image_credit_url": "", "alt_subcategory": "", "related_subcategories": "", "cat_id": 12, "category": "Literature", "category_is_fictional": true, "sub_cat_id": 604, "subcategory": "Animal Farm", "subcat_link_info": {"sub_cat_id": 604, "cat_id": 12, "property_id": 2, "subcategory": "Animal Farm"}, "related_subcat_link_info": null, "related_profiles": [{"id": 5019, "mbti_profile": "Snowball", "subcategory": "Animal Farm", "profile_image_url": "https://static1.personality-database.com/profile_images/796cab7a88764afbbdae9e7667d72854.png", "profile_name": "Snowball", "profile_subcat": "Animal Farm", "sub_cat_id": 604, "cat_id": 12, "property_id": 2, "mbti": "INTJ", "enneatype": "5w6"}, {"id": 5021, "mbti_profile": "Squealer", "subcategory": "Animal Farm", "profile_image_url": "https://static1.personality-database.com/profile_images/a73071765f344176a5968a658c588299.png", "profile_name": "Squealer", "profile_subcat": "Animal Farm", "sub_cat_id": 604, "cat_id": 12, "property_id": 2, "mbti": "ENFJ", "enneatype": "3w2"}, {"id": 5018, "mbti_profile": "Napoleon", "subcategory": "Animal Farm", "profile_image_url": "https://static1.personality-database.com/profile_images/487d409df3ed419c9f57a970c05ec4d6.png", "profile_name": "Napoleon", "profile_subcat": "Animal Farm", "sub_cat_id": 604, "cat_id": 12, "property_id": 2, "mbti": "ENTJ", "enneatype": "8w7"}, {"id": 5020, "mbti_profile": "Boxer", "subcategory": "Animal Farm", "profile_image_url": "https://static1.personality-database.com/profile_images/e6ca96aabe464befa9cc1ccb73d5c7c6.png", "profile_name": "Boxer", "profile_subcat": "Animal Farm", "sub_cat_id": 604, "cat_id": 12, "property_id": 2, "mbti": "ISFJ", "enneatype": "2w1"}, {"id": 5025, "mbti_profile": "Mollie", "subcategory": "Animal Farm", "profile_image_url": "https://static1.personality-database.com/profile_images/cb7b4175e931472897a56d669e35c79e.png", "profile_name": "Mollie", "profile_subcat": "Animal Farm", "sub_cat_id": 604, "cat_id": 12, "property_id": 2, "mbti": "ESFP", "enneatype": "3w2"}, {"id": 5024, "mbti_profile": "Moses", "subcategory": "Animal Farm", "profile_image_url": "https://static1.personality-database.com/profile_images/04edaa83a11c47a2b3801902f3d9820c.png", "profile_name": "Moses", "profile_subcat": "Animal Farm", "sub_cat_id": 604, "cat_id": 12, "property_id": 2, "mbti": "ENTP", "enneatype": "6w7"}, {"id": 5022, "mbti_profile": "Old Major", "subcategory": "Animal Farm", "profile_image_url": "https://static1.personality-database.com/profile_images/d4a054e7189343a99854943900b32d98.png", "profile_name": "Old Major", "profile_subcat": "Animal Farm", "sub_cat_id": 604, "cat_id": 12, "property_id": 2, "mbti": "ENFJ", "enneatype": "1w2"}, {"id": 110761, "mbti_profile": "Sheep", "subcategory": "Animal Farm", "profile_image_url": "", "profile_name": "Sheep", "profile_subcat": "Animal Farm", "sub_cat_id": 604, "cat_id": 12, "property_id": 2, "mbti": "ISFP", "enneatype": "6w7"}], "functions": ["Ti", "Ne", "Si", "Fe"], "systems": [{"hex_color": "#888888", "id": 1, "personality_type": "XXXX", "personality_type_id": 0, "system_name": "Four Letter", "system_vote_count": 120, "user_vote_type_id": 0, "vote_id": 0}, {"hex_color": "#006775", "id": 2, "personality_type": "XXXX", "personality_type_id": 0, "system_name": "Enneagram", "system_vote_count": 67, "user_vote_type_id": 0, "vote_id": 0}, {"hex_color": "#006775", "id": 5, "personality_type": "XXXX", "personality_type_id": 0, "system_name": "Instinctual Variant", "system_vote_count": 15, "user_vote_type_id": 0, "vote_id": 0}, {"hex_color": "#006775", "id": 6, "personality_type": "XXXX", "personality_type_id": 0, "system_name": "Tritype", "system_vote_count": 15, "user_vote_type_id": 0, "vote_id": 0}, {"hex_color": "#888888", "id": 3, "personality_type": "XXXX", "personality_type_id": 0, "system_name": "Socionics", "system_vote_count": 15, "user_vote_type_id": 0, "vote_id": 0}, {"hex_color": "#888888", "id": 9, "personality_type": "XXXX", "personality_type_id": 0, "system_name": "Big 5 (SLOAN)", "system_vote_count": 9, "user_vote_type_id": 0, "vote_id": 0}, {"hex_color": "#888888", "id": 8, "personality_type": "XXXX", "personality_type_id": 0, "system_name": "Attitudinal Psyche", "system_vote_count": 9, "user_vote_type_id": 0, "vote_id": 0}, {"hex_color": "#888888", "id": 7, "personality_type": "XXXX", "personality_type_id": 0, "system_name": "Temperaments", "system_vote_count": 20, "user_vote_type_id": 0, "vote_id": 0}, {"hex_color": "#888888", "id": 11, "personality_type": "XXXX", "personality_type_id": 0, "system_name": "Classic Jungian", "system_vote_count": 0, "user_vote_type_id": 0, "vote_id": 0}], "breakdown_systems": {"1": [{"myValue": "INTP", "personality_system_id": 1, "personality_type": "INTP", "theCount": 106}, {"myValue": "ISTP", "personality_system_id": 1, "personality_type": "ISTP", "theCount": 6}, {"myValue": "ISTJ", "personality_system_id": 1, "personality_type": "ISTJ", "theCount": 5}, {"myValue": "ENTP", "personality_system_id": 1, "personality_type": "ENTP", "theCount": 2}, {"myValue": "INTJ", "personality_system_id": 1, "personality_type": "INTJ", "theCount": 1}], "10": [{"myValue": "Left-brained Introvert", "personality_system_id": 10, "personality_type": "Left-brained Introvert", "theCount": 1}], "11": [{"myValue": "XXXX", "personality_system_id": 0, "personality_type": "XXXX", "theCount": 0}], "2": [{"myValue": "5w4", "personality_system_id": 2, "personality_type": "5w4", "theCount": 38}, {"myValue": "5w6", "personality_system_id": 2, "personality_type": "5w6", "theCount": 24}, {"myValue": "9w8", "personality_system_id": 2, "personality_type": "9w8", "theCount": 3}, {"myValue": "6w5", "personality_system_id": 2, "personality_type": "6w5", "theCount": 2}], "3": [{"myValue": "ILI", "personality_system_id": 3, "personality_type": "ILI", "theCount": 13}, {"myValue": "LSI", "personality_system_id": 3, "personality_type": "LSI", "theCount": 1}, {"myValue": "SLI", "personality_system_id": 3, "personality_type": "SLI", "theCount": 1}], "4": [{"myValue": "True Neutral", "personality_system_id": 4, "personality_type": "True Neutral", "theCount": 4}], "5": [{"myValue": "sp/sx", "personality_system_id": 5, "personality_type": "sp/sx", "theCount": 12}, {"myValue": "sp/so", "personality_system_id": 5, "personality_type": "sp/so", "theCount": 2}, {"myValue": "so/sp", "personality_system_id": 5, "personality_type": "so/sp", "theCount": 1}], "6": [{"myValue": "594", "personality_system_id": 6, "personality_type": "594", "theCount": 12}, {"myValue": "954", "personality_system_id": 6, "personality_type": "954", "theCount": 2}, {"myValue": "649", "personality_system_id": 6, "personality_type": "649", "theCount": 1}], "7": [{"myValue": "Melancholic [Dominant]", "personality_system_id": 7, "personality_type": "Melancholic [Dominant]", "theCount": 18}, {"myValue": "Melancholic-Phlegmatic", "personality_system_id": 7, "personality_type": "Melancholic-Phlegmatic", "theCount": 1}, {"myValue": "Phlegmatic [Dominant]", "personality_system_id": 7, "personality_type": "Phlegmatic [Dominant]", "theCount": 1}], "8": [{"myValue": "LFEV", "personality_system_id": 8, "personality_type": "LFEV", "theCount": 4}, {"myValue": "LVFE", "personality_system_id": 8, "personality_type": "LVFE", "theCount": 4}, {"myValue": "LVEF", "personality_system_id": 8, "personality_type": "LVEF", "theCount": 1}], "9": [{"myValue": "RLUEI", "personality_system_id": 9, "personality_type": "RLUEI", "theCount": 7}, {"myValue": "RCUEN", "personality_system_id": 9, "personality_type": "RCUEN", "theCount": 1}, {"myValue": "RLUEN", "personality_system_id": 9, "personality_type": "RLUEN", "theCount": 1}]}, "breakdown_config": {"expand": {"1": 3, "10": 1, "11": 1, "2": 3, "3": 1, "4": 1, "5": 1, "6": 1, "7": 1, "8": 1, "9": 1}, "fire": {"1": 0, "10": 0, "11": 0, "2": 1, "3": 0, "4": 0, "5": 0, "6": 0, "7": 0, "8": 0, "9": 0}}, "mbti_letter_stats": [{"type": "I", "percentage": "98%", "PercentageFloat": 0.9833333333333333}, {"type": "N", "percentage": "91%", "PercentageFloat": 0.9083333333333333}, {"type": "T", "percentage": "100%", "PercentageFloat": 1}, {"type": "P", "percentage": "95%", "PercentageFloat": 0.95}], "topic_info": {"can_generate": false, "topic": {"description": "The long-lived donkey who refuses to feel inspired by the Rebellion. Benjamin firmly believes that life will remain unpleasant no matter who is in charge. Of all of the animals on the farm, he alone comprehends the changes that take place, but he seems either unwilling or unable to oppose the pigs.", "follow_count": 0, "id": 11132, "is_following": false, "is_join_pending": false, "is_banned": false, "is_moderated": false, "name_readable": "Benjamin", "post_count": 1, "source_profile_id": 12030, "source_type": "profile", "join_to_post": false, "can_pin": false, "related_topics": [{"description": "The pig who challenges Napoleon for control of Animal Farm after the Rebellion. Based on Leon Trotsky, Snowball is intelligent, passionate, eloquent, and less subtle and devious than his counterpart, Napoleon. Snowball seems to win the loyalty of the other animals and cement his power.", "follow_count": 0, "id": 4657, "is_following": false, "is_join_pending": false, "is_banned": false, "is_moderated": false, "name_readable": "Snowball", "post_count": 7, "source_profile_id": 5019, "source_type": "profile", "image": {"picURL": "https://static1.personality-database.com/profile_images/796cab7a88764afbbdae9e7667d72854.png"}, "join_to_post": false, "can_pin": false}, {"description": "The pig who emerges as the leader of Animal Farm after the Rebellion. Based on Joseph Stalin, Napoleon uses military force (his nine loyal attack dogs) to intimidate the other animals and consolidate his power. In his supreme craftiness, Napoleon proves more treacherous than his counterpart, Snowball.", "follow_count": 0, "id": 4656, "is_following": false, "is_join_pending": false, "is_banned": false, "is_moderated": false, "name_readable": "Napoleon", "post_count": 7, "source_profile_id": 5018, "source_type": "profile", "image": {"picURL": "https://static1.personality-database.com/profile_images/487d409df3ed419c9f57a970c05ec4d6.png"}, "join_to_post": false, "can_pin": false}, {"description": "The cart-horse whose incredible strength, dedication, and loyalty play a key role in the early prosperity of Animal Farm and the later completion of the windmill. Quick to help but rather slow-witted, Boxer shows much devotion to Animal Farm\u2019s ideals but little ability to think about them independently. He na\u00efvely trusts the pigs to make all his decisions for him. His two mottoes are \u201cI will work harder\u201d and \u201cNapoleon is always right.\u201d", "follow_count": 1, "id": 4658, "is_following": false, "is_join_pending": false, "is_banned": false, "is_moderated": false, "name_readable": "Boxer", "post_count": 2, "source_profile_id": 5020, "source_type": "profile", "image": {"picURL": "https://static1.personality-database.com/profile_images/e6ca96aabe464befa9cc1ccb73d5c7c6.png"}, "join_to_post": false, "can_pin": false}, {"description": "The long-lived donkey who refuses to feel inspired by the Rebellion. Benjamin firmly believes that life will remain unpleasant no matter who is in charge. Of all of the animals on the farm, he alone comprehends the changes that take place, but he seems either unwilling or unable to oppose the pigs.", "follow_count": 0, "id": 11132, "is_following": false, "is_join_pending": false, "is_banned": false, "is_moderated": false, "name_readable": "Benjamin", "post_count": 1, "source_profile_id": 12030, "source_type": "profile", "image": {"picURL": "https://static1.personality-database.com/profile_images/f6ceecdc2fa6456b8e036e853a85537d.png"}, "join_to_post": false, "can_pin": false}, {"description": "", "follow_count": 0, "id": 183050, "is_following": false, "is_join_pending": false, "is_banned": false, "is_moderated": false, "name_readable": "Bluebell", "post_count": 0, "source_profile_id": 236913, "source_type": "profile", "image": {"picURL": "https://www.personality-database.com/images/profile_transparent.png"}, "join_to_post": false, "can_pin": false}, {"description": "", "follow_count": 0, "id": 183049, "is_following": false, "is_join_pending": false, "is_banned": false, "is_moderated": false, "name_readable": "Jessie", "post_count": 0, "source_profile_id": 236912, "source_type": "profile", "image": {"picURL": "https://www.personality-database.com/images/profile_transparent.png"}, "join_to_post": false, "can_pin": false}, {"description": "The human solicitor whom Napoleon hires to represent Animal Farm in human society. Mr. Whymper\u2019s entry into the Animal Farm community initiates contact between Animal Farm and human society, alarming the common animals.", "follow_count": 0, "id": 183047, "is_following": false, "is_join_pending": false, "is_banned": false, "is_moderated": false, "name_readable": "Mr. Whymper", "post_count": 0, "source_profile_id": 236910, "source_type": "profile", "image": {"picURL": "https://www.personality-database.com/images/profile_transparent.png"}, "join_to_post": false, "can_pin": false}, {"description": "", "follow_count": 0, "id": 87954, "is_following": false, "is_join_pending": false, "is_banned": false, "is_moderated": false, "name_readable": "Hens", "post_count": 0, "source_profile_id": 110760, "source_type": "profile", "image": {"picURL": "https://www.personality-database.com/images/profile_transparent.png"}, "join_to_post": false, "can_pin": false}, {"description": "The white goat who reads the Seven Commandments to Clover whenever Clover suspects the pigs of violating their prohibitions.", "follow_count": 0, "id": 183042, "is_following": false, "is_join_pending": false, "is_banned": false, "is_moderated": false, "name_readable": "Muriel", "post_count": 0, "source_profile_id": 236904, "source_type": "profile", "image": {"picURL": "https://www.personality-database.com/images/profile_transparent.png"}, "join_to_post": false, "can_pin": false}, {"description": "The easygoing gentleman farmer who runs Foxwood, a neighboring farm. Mr. Frederick\u2019s bitter enemy, Mr. Pilkington represents the capitalist governments of England and the United States.", "follow_count": 0, "id": 183046, "is_following": false, "is_join_pending": false, "is_banned": false, "is_moderated": false, "name_readable": "Mr. Pilkington", "post_count": 0, "source_profile_id": 236909, "source_type": "profile", "image": {"picURL": "https://www.personality-database.com/images/profile_transparent.png"}, "join_to_post": false, "can_pin": false}, {"description": "The poet pig who writes verse about Napoleon and pens the banal patriotic song \u201cAnimal Farm, Animal Farm\u201d to replace the earlier idealistic hymn \u201cBeasts of England,\u201d which Old Major passes on to the others.", "follow_count": 0, "id": 183043, "is_following": false, "is_join_pending": false, "is_banned": false, "is_moderated": false, "name_readable": "Minimus", "post_count": 0, "source_profile_id": 236906, "source_type": "profile", "image": {"picURL": "https://www.personality-database.com/images/profile_transparent.png"}, "join_to_post": false, "can_pin": false}, {"description": "The often drunk farmer who runs the Manor Farm before the animals stage their Rebellion and establish Animal Farm. Mr. Jones is an unkind master who indulges himself while his animals lack food; he thus represents Tsar Nicholas II, whom the Russian Revolution ousted.", "follow_count": 0, "id": 183044, "is_following": false, "is_join_pending": false, "is_banned": false, "is_moderated": false, "name_readable": "Mr. Jones", "post_count": 0, "source_profile_id": 236907, "source_type": "profile", "image": {"picURL": "https://www.personality-database.com/images/profile_transparent.png"}, "join_to_post": false, "can_pin": false}, {"description": "", "follow_count": 0, "id": 183048, "is_following": false, "is_join_pending": false, "is_banned": false, "is_moderated": false, "name_readable": "Dogs", "post_count": 0, "source_profile_id": 236911, "source_type": "profile", "image": {"picURL": "https://www.personality-database.com/images/profile_transparent.png"}, "join_to_post": false, "can_pin": false}, {"description": "The tough, shrewd operator of Pinchfield, a neighboring farm. Based on Adolf Hitler, the ruler of Nazi Germany in the 1930s and 1940s, Mr. Frederick proves an untrustworthy neighbor.", "follow_count": 0, "id": 183045, "is_following": false, "is_join_pending": false, "is_banned": false, "is_moderated": false, "name_readable": "Mr. Frederick", "post_count": 0, "source_profile_id": 236908, "source_type": "profile", "image": {"picURL": "https://www.personality-database.com/images/profile_transparent.png"}, "join_to_post": false, "can_pin": false}, {"description": "", "follow_count": 0, "id": 87956, "is_following": false, "is_join_pending": false, "is_banned": false, "is_moderated": false, "name_readable": "The Cat", "post_count": 0, "source_profile_id": 110762, "source_type": "profile", "image": {"picURL": "https://www.personality-database.com/images/profile_transparent.png"}, "join_to_post": false, "can_pin": false}, {"description": "", "follow_count": 0, "id": 87955, "is_following": false, "is_join_pending": false, "is_banned": false, "is_moderated": false, "name_readable": "Sheep", "post_count": 0, "source_profile_id": 110761, "source_type": "profile", "image": {"picURL": "https://www.personality-database.com/images/profile_transparent.png"}, "join_to_post": false, "can_pin": false}], "subcategory": "Animal Farm", "topic_image_url": "https://static1.personality-database.com/profile_images/f6ceecdc2fa6456b8e036e853a85537d.png", "source_location": {"cid": 12, "pid": 2, "sub_cat_id": 604}, "can_post_image": false, "can_post_audio": false, "posts": {"posts": [{"username": "inmymouth", "user_pic_path": "https://lh3.googleusercontent.com/a-/AOh14GiZdGHV9sZ032mTmFdWNtKEMLNgymRACYs4TQOPSQ=s96-c", "user_personality_type": "INTP-5w6-539", "is_mod": false, "comment_count": 0, "reply_count": 0, "vote_type": 0, "topics_list": [{"id": 11132, "name_readable": "Benjamin"}], "id": 495656, "post_id": 495656, "user_id": 352031, "title": "", "content": "he is supposed to represent the  intellectuals who failed to oppose Stalin and ignored politics", "create_date": 1648938838000, "unix_timestamp": 1648938838000, "update_date": 1648938838000, "vote_count": 13, "vote_count_down": 0, "is_reported": 0, "is_hidden": false, "is_pinned": false, "is_watching": false, "is_pro_user": false, "images": null, "audios": null, "function_list": [], "type": "post"}]}}}}