{"id": 12041, "mbti_profile": "Luke Castellan", "profile_name_searchable": "lukecastellan", "allow_commenting": true, "allow_voting": true, "user_id": 2954, "contributor": "PsychoPyrate", "contributor_create_date": "2018-05-10 04:38:52", "contributor_pic_path": "https://lh3.googleusercontent.com/a-/AOh14GhoR6MTf9XkktGZr0BcqgYT7Pwd9-thtza05D9mow=s96-c", "display_order": 0, "edit_lock": 0, "edit_lock_picture": 1, "is_active": true, "is_approved": true, "mbti_enneagram_type": "ENFJ 3w4", "mbti_type": "ENFJ 3w4", "pdb_comment_access": true, "pdb_page_owner": 0, "pdb_public_access": true, "wiki_description": "Luke Castellan was a Greek demigod, the son of Hermes and May Castellan. He was one of the main antagonists of the Percy Jackson and the Olympians series. He was the head counselor at Hermes' Cabin. Although he allowed the Titan Lord Kronos to take possession of his body, Luke died as the hero of the Great Prophecy. Before dying, Luke stated an intention to go through rebirth rather than go to Elysium despite his hero's death, hoping to eventually reach the Isles of the Blest.", "watch_count": 169, "comment_count": 39, "vote_count": 159, "vote_count_enneagram": 88, "vote_count_mbti": 159, "total_vote_counts": 330, "personality_type": "ENFJ - 3w4 - so/sx - 386 - EIE - SCOEI - VELF - Choleric-Phlegmatic", "type_updated_date": "2021-10-15 16:56:57", "enneagram_vote": "", "enneagram_vote_id": 0, "mbti_vote": "", "mbti_vote_id": 0, "is_watching": false, "image_exists": true, "profile_image_url": "https://static1.personality-database.com/profile_images/8d51412f2ff9468fbf43e7ed1d446ca6.png", "profile_image_credit": "", "profile_image_credit_id": 461489, "profile_image_credit_type": "0", "profile_image_credit_url": "", "alt_subcategory": "", "related_subcategories": "", "cat_id": 12, "category": "Literature", "category_is_fictional": true, "sub_cat_id": 636, "subcategory": "Camp Half-Blood Chronicles (series)", "subcat_link_info": {"sub_cat_id": 636, "cat_id": 12, "property_id": 2, "subcategory": "Camp Half-Blood Chronicles (series)"}, "related_subcat_link_info": null, "related_profiles": [{"id": 5154, "mbti_profile": "Perseus \u201cPercy\u201d Jackson", "subcategory": "Camp Half-Blood Chronicles (series)", "profile_image_url": "https://static1.personality-database.com/profile_images/b1b21812daa142b28d25564d38106e3c.png", "profile_name": "Perseus \u201cPercy\u201d Jackson", "profile_subcat": "Camp Half-Blood Chronicles (series)", "sub_cat_id": 636, "cat_id": 12, "property_id": 2, "mbti": "ESFP", "enneatype": "2w3"}, {"id": 5155, "mbti_profile": "Annabeth Chase", "subcategory": "Camp Half-Blood Chronicles (series)", "profile_image_url": "https://static1.personality-database.com/profile_images/ce888c74ae034f14913272cc27101b61.png", "profile_name": "Annabeth Chase", "profile_subcat": "Camp Half-Blood Chronicles (series)", "sub_cat_id": 636, "cat_id": 12, "property_id": 2, "mbti": "INTJ", "enneatype": "3w4"}, {"id": 10910, "mbti_profile": "Leonidas \"Leo\" Valdez", "subcategory": "Camp Half-Blood Chronicles (series)", "profile_image_url": "https://static1.personality-database.com/profile_images/f5f8ec3773204a0db56e4e29b6749219.png", "profile_name": "Leonidas \"Leo\" Valdez", "profile_subcat": "Camp Half-Blood Chronicles (series)", "sub_cat_id": 636, "cat_id": 12, "property_id": 2, "mbti": "ENTP", "enneatype": "7w6"}, {"id": 7527, "mbti_profile": "Nico di Angelo", "subcategory": "Camp Half-Blood Chronicles (series)", "profile_image_url": "https://static1.personality-database.com/profile_images/fa0fb5e0848140619c466d1734fbfad6.png", "profile_name": "Nico di Angelo", "profile_subcat": "Camp Half-Blood Chronicles (series)", "sub_cat_id": 636, "cat_id": 12, "property_id": 2, "mbti": "INFP", "enneatype": "4w5"}, {"id": 12034, "mbti_profile": "Jason Grace", "subcategory": "Camp Half-Blood Chronicles (series)", "profile_image_url": "https://static1.personality-database.com/profile_images/7dff9b943e7e41078c7bd69acdd0fc11.png", "profile_name": "Jason Grace", "profile_subcat": "Camp Half-Blood Chronicles (series)", "sub_cat_id": 636, "cat_id": 12, "property_id": 2, "mbti": "INFJ", "enneatype": "1w9"}, {"id": 34033, "mbti_profile": "William \"Will\" Solace", "subcategory": "Camp Half-Blood Chronicles (series)", "profile_image_url": "https://static1.personality-database.com/profile_images/5462bd2efd7243909b5ce0de4790f477.png", "profile_name": "William \"Will\" Solace", "profile_subcat": "Camp Half-Blood Chronicles (series)", "sub_cat_id": 636, "cat_id": 12, "property_id": 2, "mbti": "ENFJ", "enneatype": "2w3"}, {"id": 12035, "mbti_profile": "Piper McLean", "subcategory": "Camp Half-Blood Chronicles (series)", "profile_image_url": "https://static1.personality-database.com/profile_images/02729fe43c73454db621fea57a555ed8.png", "profile_name": "Piper McLean", "profile_subcat": "Camp Half-Blood Chronicles (series)", "sub_cat_id": 636, "cat_id": 12, "property_id": 2, "mbti": "ISFP", "enneatype": "4w3"}, {"id": 12047, "mbti_profile": "Magnus Chase", "subcategory": "Camp Half-Blood Chronicles (series)", "profile_image_url": "https://static1.personality-database.com/profile_images/b6e54b7ee284494b83541b96a6e9350b.png", "profile_name": "Magnus Chase", "profile_subcat": "Camp Half-Blood Chronicles (series)", "sub_cat_id": 636, "cat_id": 12, "property_id": 2, "mbti": "INTP", "enneatype": "6w7"}], "functions": ["Fe", "Ni", "Se", "Ti"], "systems": [{"hex_color": "#888888", "id": 1, "personality_type": "XXXX", "personality_type_id": 0, "system_name": "Four Letter", "system_vote_count": 154, "user_vote_type_id": 0, "vote_id": 0}, {"hex_color": "#006775", "id": 2, "personality_type": "XXXX", "personality_type_id": 0, "system_name": "Enneagram", "system_vote_count": 84, "user_vote_type_id": 0, "vote_id": 0}, {"hex_color": "#006775", "id": 5, "personality_type": "XXXX", "personality_type_id": 0, "system_name": "Instinctual Variant", "system_vote_count": 23, "user_vote_type_id": 0, "vote_id": 0}, {"hex_color": "#006775", "id": 6, "personality_type": "XXXX", "personality_type_id": 0, "system_name": "Tritype", "system_vote_count": 20, "user_vote_type_id": 0, "vote_id": 0}, {"hex_color": "#888888", "id": 3, "personality_type": "XXXX", "personality_type_id": 0, "system_name": "Socionics", "system_vote_count": 9, "user_vote_type_id": 0, "vote_id": 0}, {"hex_color": "#888888", "id": 9, "personality_type": "XXXX", "personality_type_id": 0, "system_name": "Big 5 (SLOAN)", "system_vote_count": 8, "user_vote_type_id": 0, "vote_id": 0}, {"hex_color": "#888888", "id": 8, "personality_type": "XXXX", "personality_type_id": 0, "system_name": "Attitudinal Psyche", "system_vote_count": 4, "user_vote_type_id": 0, "vote_id": 0}, {"hex_color": "#888888", "id": 7, "personality_type": "XXXX", "personality_type_id": 0, "system_name": "Temperaments", "system_vote_count": 18, "user_vote_type_id": 0, "vote_id": 0}, {"hex_color": "#888888", "id": 11, "personality_type": "XXXX", "personality_type_id": 0, "system_name": "Classic Jungian", "system_vote_count": 0, "user_vote_type_id": 0, "vote_id": 0}], "breakdown_systems": {"1": [{"myValue": "ENFJ", "personality_system_id": 1, "personality_type": "ENFJ", "theCount": 133}, {"myValue": "ENTJ", "personality_system_id": 1, "personality_type": "ENTJ", "theCount": 9}, {"myValue": "ESTP", "personality_system_id": 1, "personality_type": "ESTP", "theCount": 4}, {"myValue": "INFJ", "personality_system_id": 1, "personality_type": "INFJ", "theCount": 2}, {"myValue": "ISFP", "personality_system_id": 1, "personality_type": "ISFP", "theCount": 2}, {"myValue": "ENTP", "personality_system_id": 1, "personality_type": "ENTP", "theCount": 1}, {"myValue": "ESFP", "personality_system_id": 1, "personality_type": "ESFP", "theCount": 1}, {"myValue": "INTJ", "personality_system_id": 1, "personality_type": "INTJ", "theCount": 1}, {"myValue": "ISTP", "personality_system_id": 1, "personality_type": "ISTP", "theCount": 1}], "11": [{"myValue": "XXXX", "personality_system_id": 0, "personality_type": "XXXX", "theCount": 0}], "2": [{"myValue": "3w4", "personality_system_id": 2, "personality_type": "3w4", "theCount": 60}, {"myValue": "2w3", "personality_system_id": 2, "personality_type": "2w3", "theCount": 12}, {"myValue": "3w2", "personality_system_id": 2, "personality_type": "3w2", "theCount": 7}, {"myValue": "4w3", "personality_system_id": 2, "personality_type": "4w3", "theCount": 3}, {"myValue": "5w4", "personality_system_id": 2, "personality_type": "5w4", "theCount": 1}, {"myValue": "8w9", "personality_system_id": 2, "personality_type": "8w9", "theCount": 1}], "3": [{"myValue": "EIE", "personality_system_id": 3, "personality_type": "EIE", "theCount": 9}], "4": [{"myValue": "Chaotic Neutral", "personality_system_id": 4, "personality_type": "Chaotic Neutral", "theCount": 6}, {"myValue": "Lawful Neutral", "personality_system_id": 4, "personality_type": "Lawful Neutral", "theCount": 2}, {"myValue": "Neutral Evil", "personality_system_id": 4, "personality_type": "Neutral Evil", "theCount": 1}, {"myValue": "True Neutral", "personality_system_id": 4, "personality_type": "True Neutral", "theCount": 1}], "5": [{"myValue": "so/sx", "personality_system_id": 5, "personality_type": "so/sx", "theCount": 12}, {"myValue": "so/sp", "personality_system_id": 5, "personality_type": "so/sp", "theCount": 7}, {"myValue": "sx/so", "personality_system_id": 5, "personality_type": "sx/so", "theCount": 4}], "6": [{"myValue": "386", "personality_system_id": 6, "personality_type": "386", "theCount": 15}, {"myValue": "268", "personality_system_id": 6, "personality_type": "268", "theCount": 2}, {"myValue": "286", "personality_system_id": 6, "personality_type": "286", "theCount": 2}, {"myValue": "174", "personality_system_id": 6, "personality_type": "174", "theCount": 1}], "7": [{"myValue": "Choleric-Phlegmatic", "personality_system_id": 7, "personality_type": "Choleric-Phlegmatic", "theCount": 16}, {"myValue": "Choleric [Dominant]", "personality_system_id": 7, "personality_type": "Choleric [Dominant]", "theCount": 1}, {"myValue": "Melancholic-Choleric", "personality_system_id": 7, "personality_type": "Melancholic-Choleric", "theCount": 1}], "8": [{"myValue": "VELF", "personality_system_id": 8, "personality_type": "VELF", "theCount": 3}, {"myValue": "VFEL", "personality_system_id": 8, "personality_type": "VFEL", "theCount": 1}], "9": [{"myValue": "SCOEI", "personality_system_id": 9, "personality_type": "SCOEI", "theCount": 8}]}, "breakdown_config": {"expand": {"1": 3, "11": 1, "2": 3, "3": 1, "4": 1, "5": 2, "6": 1, "7": 1, "8": 1, "9": 1}, "fire": {"1": 0, "11": 0, "2": 0, "3": 0, "4": 0, "5": 1, "6": 0, "7": 0, "8": 0, "9": 0}}, "mbti_letter_stats": [{"type": "E", "percentage": "96%", "PercentageFloat": 0.961038961038961}, {"type": "N", "percentage": "95%", "PercentageFloat": 0.948051948051948}, {"type": "F", "percentage": "90%", "PercentageFloat": 0.8961038961038961}, {"type": "J", "percentage": "94%", "PercentageFloat": 0.9415584415584416}], "topic_info": {"can_generate": false, "topic": {"description": "#ENFJVillains", "follow_count": 0, "id": 11143, "is_following": false, "is_join_pending": false, "is_banned": false, "is_moderated": false, "name_readable": "Luke Castellan", "post_count": 5, "source_profile_id": 12041, "source_type": "profile", "join_to_post": false, "can_pin": false, "related_topics": [{"description": "Nico di Angelo is a 15-year old Italian-born Greek demigod, the son of Hades and Maria di Angelo. He is also the younger brother of the late Bianca di Angelo and the paternal half-brother of Hazel Levesque. He is known in the Underworld as the \"Ghost King\" after taking the title from Minos in The Battle of the Labyrinth. He is currently in a relationship with Will Solace, a son of Apollo.\n\n(https://riordan.fandom.com/wiki/Nico_di_Angelo)", "follow_count": 7, "id": 7024, "is_following": false, "is_join_pending": false, "is_banned": false, "is_moderated": false, "name_readable": "Nico di Angelo", "post_count": 45, "source_profile_id": 7527, "source_type": "profile", "image": {"picURL": "https://static1.personality-database.com/profile_images/fa0fb5e0848140619c466d1734fbfad6.png"}, "join_to_post": false, "can_pin": false}, {"description": "Perseus \u201cPercy\u201d Jackson is an eighteen-year-old Greek demigod, the son of Poseidon and Sally Jackson. He is the main protagonist and narrator of the Percy Jackson and the Olympians series, and one of the main characters of The Heroes of Olympus series. He is the head counselor at Poseidon's Cabin and a former Praetor of the Twelfth Legion at Camp Jupiter, formerly belonging to the legion's Fifth Cohort. He was the temporary host of the Egyptian goddess Nekhbet. Percy is currently the boyfriend of Annabeth Chase.", "follow_count": 8, "id": 4776, "is_following": false, "is_join_pending": false, "is_banned": false, "is_moderated": false, "name_readable": "Perseus \u201cPercy\u201d Jackson", "post_count": 29, "source_profile_id": 5154, "source_type": "profile", "image": {"picURL": "https://static1.personality-database.com/profile_images/b1b21812daa142b28d25564d38106e3c.png"}, "join_to_post": false, "can_pin": false}, {"description": "Annabeth Chase is a Greek demigod, daughter of the goddess Athena and professor Frederick Chase, and the cousin of Norse demigod Magnus Chase, and one uncle of hers is Frey. Like her mother, Annabeth is an intellectual genius, wise and very witty. Her eyes look calculating, like she is analyzing whoever she is looking at during a first meeting, as if \"thinking of the best way to take the person down in a fight\". She loves architecture and spends her free time designing new buildings or visiting national monuments. She has a soft side for those who seek knowledge. She sometimes gets too philosophical, which makes the less complicated Percy to glaze his eyes. \n(https://riordan.fandom.com/wiki/Annabeth_Chase)", "follow_count": 8, "id": 4777, "is_following": false, "is_join_pending": false, "is_banned": false, "is_moderated": false, "name_readable": "Annabeth Chase", "post_count": 15, "source_profile_id": 5155, "source_type": "profile", "image": {"picURL": "https://static1.personality-database.com/profile_images/ce888c74ae034f14913272cc27101b61.png"}, "join_to_post": false, "can_pin": false}, {"description": "#ENTPHeroes", "follow_count": 7, "id": 10206, "is_following": false, "is_join_pending": false, "is_banned": false, "is_moderated": false, "name_readable": "Leo Valdez", "post_count": 9, "source_profile_id": 10910, "source_type": "profile", "image": {"picURL": "https://static1.personality-database.com/profile_images/f5f8ec3773204a0db56e4e29b6749219.png"}, "join_to_post": false, "can_pin": false}, {"description": "#ISTJHeroes", "follow_count": 1, "id": 11148, "is_following": false, "is_join_pending": false, "is_banned": false, "is_moderated": false, "name_readable": "Reyna Ram\u00edrez-Arellano", "post_count": 5, "source_profile_id": 12046, "source_type": "profile", "image": {"picURL": "https://static1.personality-database.com/profile_images/38fe202eb96b4aa28aa7f32b9f1147e8.png"}, "join_to_post": false, "can_pin": false}, {"description": "#ENFJVillains", "follow_count": 0, "id": 11143, "is_following": false, "is_join_pending": false, "is_banned": false, "is_moderated": false, "name_readable": "Luke Castellan", "post_count": 5, "source_profile_id": 12041, "source_type": "profile", "image": {"picURL": "https://static1.personality-database.com/profile_images/8d51412f2ff9468fbf43e7ed1d446ca6.png"}, "join_to_post": false, "can_pin": false}, {"description": "Jason Grace was a Roman demigod, the son of Jupiter and the mortal Beryl Grace and the younger brother of Thalia Grace. Jason was a praetor of the Twelfth Legion at Camp Jupiter until he gave his rank to Frank Zhang during The House of Hades as a field promotion; he was the former head counselor of Cabin One at Camp Half-Blood and the Pontifex Maximus at Camp Jupiter. \n\n", "follow_count": 2, "id": 11136, "is_following": false, "is_join_pending": false, "is_banned": false, "is_moderated": false, "name_readable": "Jason Grace", "post_count": 4, "source_profile_id": 12034, "source_type": "profile", "image": {"picURL": "https://static1.personality-database.com/profile_images/7dff9b943e7e41078c7bd69acdd0fc11.png"}, "join_to_post": false, "can_pin": false}, {"description": "", "follow_count": 2, "id": 30568, "is_following": false, "is_join_pending": false, "is_banned": false, "is_moderated": false, "name_readable": "Will Solace", "post_count": 4, "source_profile_id": 34033, "source_type": "profile", "image": {"picURL": "https://static1.personality-database.com/profile_images/5462bd2efd7243909b5ce0de4790f477.png"}, "join_to_post": false, "can_pin": false}, {"description": "Blackjack is Percy Jackson's friendly, pure black pegasus. He often serves as Percy's main option of transportation. Blackjack and other Pegasi often go to Percy, who helps them with their, or other creatures' problems", "follow_count": 1, "id": 212795, "is_following": false, "is_join_pending": false, "is_banned": false, "is_moderated": false, "name_readable": "Blackjack", "post_count": 2, "source_profile_id": 277851, "source_type": "profile", "image": {"picURL": "https://static1.personality-database.com/profile_images/2b886068476a4c5390823f547b11aa9a.png"}, "join_to_post": false, "can_pin": false}, {"description": "#INTPHeroes", "follow_count": 0, "id": 11149, "is_following": false, "is_join_pending": false, "is_banned": false, "is_moderated": false, "name_readable": "Magnus Chase", "post_count": 2, "source_profile_id": 12047, "source_type": "profile", "image": {"picURL": "https://static1.personality-database.com/profile_images/b6e54b7ee284494b83541b96a6e9350b.png"}, "join_to_post": false, "can_pin": false}, {"description": "", "follow_count": 1, "id": 30565, "is_following": false, "is_join_pending": false, "is_banned": false, "is_moderated": false, "name_readable": "Hades", "post_count": 2, "source_profile_id": 34030, "source_type": "profile", "image": {"picURL": "https://static1.personality-database.com/profile_images/d1174330772d4e63800b057a4d83f680.png"}, "join_to_post": false, "can_pin": false}, {"description": "", "follow_count": 0, "id": 33618, "is_following": false, "is_join_pending": false, "is_banned": false, "is_moderated": false, "name_readable": "Apollo", "post_count": 2, "source_profile_id": 37608, "source_type": "profile", "image": {"picURL": "https://static1.personality-database.com/profile_images/6c1d097e6ce04a56a73d77ab0aa618b4.png"}, "join_to_post": false, "can_pin": false}, {"description": "#ESTPHeroes", "follow_count": 0, "id": 11141, "is_following": false, "is_join_pending": false, "is_banned": false, "is_moderated": false, "name_readable": "Thalia Grace", "post_count": 2, "source_profile_id": 12039, "source_type": "profile", "image": {"picURL": "https://static1.personality-database.com/profile_images/568a85d610ed433ca4c09ba84626be04.png"}, "join_to_post": false, "can_pin": false}, {"description": "", "follow_count": 1, "id": 11138, "is_following": false, "is_join_pending": false, "is_banned": false, "is_moderated": false, "name_readable": "Frank Zhang", "post_count": 2, "source_profile_id": 12036, "source_type": "profile", "image": {"picURL": "https://static1.personality-database.com/profile_images/6bef166345344e95b0335bf44fd3e004.png"}, "join_to_post": false, "can_pin": false}, {"description": "", "follow_count": 1, "id": 11137, "is_following": false, "is_join_pending": false, "is_banned": false, "is_moderated": false, "name_readable": "Piper McLean", "post_count": 2, "source_profile_id": 12035, "source_type": "profile", "image": {"picURL": "https://static1.personality-database.com/profile_images/02729fe43c73454db621fea57a555ed8.png"}, "join_to_post": false, "can_pin": false}, {"description": "", "follow_count": 1, "id": 4778, "is_following": false, "is_join_pending": false, "is_banned": false, "is_moderated": false, "name_readable": "Grover Underwood", "post_count": 2, "source_profile_id": 5156, "source_type": "profile", "image": {"picURL": "https://static1.personality-database.com/profile_images/e63bd829e00e4cce871810a1ef9323f9.png"}, "join_to_post": false, "can_pin": false}], "subcategory": "Camp Half-Blood Chronicles (series)", "topic_image_url": "https://static1.personality-database.com/profile_images/8d51412f2ff9468fbf43e7ed1d446ca6.png", "source_location": {"cid": 12, "pid": 2, "sub_cat_id": 636}, "can_post_image": false, "can_post_audio": false, "posts": {"posts": [{"username": "starsgibberish", "user_pic_path": "https://lh3.googleusercontent.com/a-/AOh14GiL6I8_mYXe7jwugdR33aso5XvV12w7vPnC0fTNvw=s96-c", "user_personality_type": "INTP-6w5-639", "is_mod": false, "comment_count": 2, "reply_count": 2, "vote_type": 0, "topics_list": [{"id": 11143, "name_readable": "Luke Castellan"}], "id": 345643, "post_id": 345643, "user_id": 256925, "title": "", "content": "id do anything he asked", "create_date": 1645327645000, "unix_timestamp": 1645327645000, "update_date": 1645327645000, "vote_count": 8, "vote_count_down": 0, "is_reported": 0, "is_hidden": false, "is_pinned": false, "is_watching": false, "is_pro_user": false, "images": null, "audios": null, "function_list": [], "type": "post"}, {"username": "exPDBee578003", "user_pic_path": "", "user_personality_type": "XXXX", "is_mod": false, "comment_count": 0, "reply_count": 0, "vote_type": 0, "topics_list": [{"id": 11143, "name_readable": "Luke Castellan"}], "id": 328202, "post_id": 328202, "user_id": 578003, "title": "", "content": "I am genuinely curious as to how this man is an so/sx 3w4. Can anyone please explain?", "create_date": 1644901591000, "unix_timestamp": 1644901591000, "update_date": 1644901591000, "vote_count": 5, "vote_count_down": 0, "is_reported": 0, "is_hidden": false, "is_pinned": false, "is_watching": false, "is_pro_user": false, "images": null, "audios": null, "function_list": [], "type": "post"}, {"username": "Sigma Male Grindset", "user_pic_path": "https://lh3.googleusercontent.com/a-/AOh14GhL-JxRbNJysvZ6eXjf44b1t9IEPgvCz1hzMRXD6w=s96-c", "user_personality_type": "INFP-8w7", "is_mod": false, "comment_count": 1, "reply_count": 1, "vote_type": 0, "topics_list": [{"id": 11143, "name_readable": "Luke Castellan"}], "id": 224591, "post_id": 224591, "user_id": 14811, "title": "", "content": "I can fix him.", "create_date": 1641130036000, "unix_timestamp": 1641130036000, "update_date": 1641130036000, "vote_count": 19, "vote_count_down": 0, "is_reported": 0, "is_hidden": false, "is_pinned": false, "is_watching": false, "is_pro_user": false, "images": null, "audios": null, "function_list": [], "type": "post"}]}}}}