{"id": 12313, "mbti_profile": "Clary Fray", "profile_name_searchable": "claryfray", "allow_commenting": true, "allow_voting": true, "user_id": 5356, "contributor": "Itsamess", "contributor_create_date": "2018-05-30 16:25:52", "contributor_pic_path": "https://lh5.googleusercontent.com/-pyUgJU4rseA/AAAAAAAAAAI/AAAAAAAAAJ0/yZT_dzUf2HM/s96-c/photo.jpg", "display_order": 1000, "edit_lock": 1, "edit_lock_picture": 1, "is_active": true, "is_approved": true, "mbti_enneagram_type": "ISFP 4w3", "mbti_type": "ISFP 4w3", "pdb_comment_access": true, "pdb_page_owner": 0, "pdb_public_access": true, "wiki_description": "Clarissa \"Clary\" Adele Fairchild, also known as Clary Fray, is the Shadowhunter daughter of Jocelyn Fray and the notorious Valentine Morgenstern. Clary is incredibly stubborn and sarcastic, traits born out of her mother's over-protectiveness. She is also a very caring and compassionate person. For her friends and family, Clary is willing to go extreme lengths, often recklessly, for what she believes is worth dying for, thus putting not only herself in danger but risking other people's lives without even asking their consent to carry forth with her plan seeing as it directly affects them. This usually leaves the people who care for her extremely worried and exasperated. Jace has even stated that her stubbornness matches his, which he figures was the reason they could not stand each other when they had first met. This is partnered with her being clever and quick-thinking, which often saves herself and others in dire situations.", "watch_count": 84, "comment_count": 9, "vote_count": 121, "vote_count_enneagram": 41, "vote_count_mbti": 121, "total_vote_counts": 217, "personality_type": "ISFP - 4w3 - sx/so - 468 - SEE - SCUAI - VEFL - Sanguine-Phlegmatic", "type_updated_date": "2022-05-20 15:22:27", "enneagram_vote": "", "enneagram_vote_id": 0, "mbti_vote": "", "mbti_vote_id": 0, "is_watching": false, "image_exists": false, "profile_image_url": "https://static1.personality-database.com/profile_images/2804c6d46e6940b9bc91e8e2b2056368.png", "profile_image_credit": "", "profile_image_credit_id": 0, "profile_image_credit_type": "0", "profile_image_credit_url": "", "alt_subcategory": "", "related_subcategories": "2131|||The Dark Artifices (Series)", "cat_id": 12, "category": "Literature", "category_is_fictional": true, "sub_cat_id": 1590, "subcategory": "The Mortal Instruments (Series)", "subcat_link_info": {"sub_cat_id": 1590, "cat_id": 12, "property_id": 2, "subcategory": "The Mortal Instruments (Series)"}, "related_subcat_link_info": [{"sub_cat_id": 2131, "cat_id": 12, "property_id": 2, "subcategory": "The Dark Artifices (Series)"}], "related_profiles": [{"id": 12315, "mbti_profile": "Alec Lightwood", "subcategory": "The Mortal Instruments (Series)", "profile_image_url": "https://static1.personality-database.com/profile_images/42eb8aab7cb947258039aa0421af9663.png", "profile_name": "Alec Lightwood", "profile_subcat": "The Mortal Instruments (Series)", "sub_cat_id": 1590, "cat_id": 12, "property_id": 2, "mbti": "ISFJ", "enneatype": "6w5"}, {"id": 15336, "mbti_profile": "Simon Lewis", "subcategory": "The Mortal Instruments (Series)", "profile_image_url": "https://static1.personality-database.com/profile_images/a1831ca4ea954c69bcc465f0259a5f85.png", "profile_name": "Simon Lewis", "profile_subcat": "The Mortal Instruments (Series)", "sub_cat_id": 1590, "cat_id": 12, "property_id": 2, "mbti": "INTP", "enneatype": "5w6"}, {"id": 17806, "mbti_profile": "Magnus Bane", "subcategory": "The Mortal Instruments (Series)", "profile_image_url": "https://static1.personality-database.com/profile_images/9cfaf7ca44824c4fae2f12a628d1d50c.png", "profile_name": "Magnus Bane", "profile_subcat": "The Mortal Instruments (Series)", "sub_cat_id": 1590, "cat_id": 12, "property_id": 2, "mbti": "ENTP", "enneatype": "7w8"}, {"id": 12314, "mbti_profile": "Jace Wayland", "subcategory": "The Mortal Instruments (Series)", "profile_image_url": "https://static1.personality-database.com/profile_images/f4791096d4574789a5a16d52403053af.png", "profile_name": "Jace Wayland", "profile_subcat": "The Mortal Instruments (Series)", "sub_cat_id": 1590, "cat_id": 12, "property_id": 2, "mbti": "ISTP", "enneatype": "3w4"}, {"id": 15332, "mbti_profile": "Isabelle Lightwood", "subcategory": "The Mortal Instruments (Series)", "profile_image_url": "https://static1.personality-database.com/profile_images/f0d664110fba48d9936cf402ae8e7201.png", "profile_name": "Isabelle Lightwood", "profile_subcat": "The Mortal Instruments (Series)", "sub_cat_id": 1590, "cat_id": 12, "property_id": 2, "mbti": "ESTP", "enneatype": "7w8"}, {"id": 136202, "mbti_profile": "Lily Chen", "subcategory": "The Mortal Instruments (Series)", "profile_image_url": "https://static1.personality-database.com/profile_images/a53003b0a50948218a9ae7f0c4c1193b.png", "profile_name": "Lily Chen", "profile_subcat": "The Mortal Instruments (Series)", "sub_cat_id": 1590, "cat_id": 12, "property_id": 2, "mbti": "ESTP", "enneatype": "8w7"}, {"id": 15333, "mbti_profile": "Sebastian Morgenstern", "subcategory": "The Mortal Instruments (Series)", "profile_image_url": "https://static1.personality-database.com/profile_images/7421887da93a4a7b8f5dd039d2d0b3a1.png", "profile_name": "Sebastian Morgenstern", "profile_subcat": "The Mortal Instruments (Series)", "sub_cat_id": 1590, "cat_id": 12, "property_id": 2, "mbti": "INTJ", "enneatype": "3w4"}, {"id": 15334, "mbti_profile": "Valentine Morgenstern", "subcategory": "The Mortal Instruments (Series)", "profile_image_url": "https://static1.personality-database.com/profile_images/9e49fddefdbb4837bdef7f5268e92816.png", "profile_name": "Valentine Morgenstern", "profile_subcat": "The Mortal Instruments (Series)", "sub_cat_id": 1590, "cat_id": 12, "property_id": 2, "mbti": "ENTJ", "enneatype": "1w9"}], "functions": ["Fi", "Se", "Ni", "Te"], "systems": [{"hex_color": "#888888", "id": 1, "personality_type": "XXXX", "personality_type_id": 0, "system_name": "Four Letter", "system_vote_count": 120, "user_vote_type_id": 0, "vote_id": 0}, {"hex_color": "#006775", "id": 2, "personality_type": "XXXX", "personality_type_id": 0, "system_name": "Enneagram", "system_vote_count": 41, "user_vote_type_id": 0, "vote_id": 0}, {"hex_color": "#006775", "id": 5, "personality_type": "XXXX", "personality_type_id": 0, "system_name": "Instinctual Variant", "system_vote_count": 10, "user_vote_type_id": 0, "vote_id": 0}, {"hex_color": "#006775", "id": 6, "personality_type": "XXXX", "personality_type_id": 0, "system_name": "Tritype", "system_vote_count": 12, "user_vote_type_id": 0, "vote_id": 0}, {"hex_color": "#888888", "id": 3, "personality_type": "XXXX", "personality_type_id": 0, "system_name": "Socionics", "system_vote_count": 5, "user_vote_type_id": 0, "vote_id": 0}, {"hex_color": "#888888", "id": 9, "personality_type": "XXXX", "personality_type_id": 0, "system_name": "Big 5 (SLOAN)", "system_vote_count": 8, "user_vote_type_id": 0, "vote_id": 0}, {"hex_color": "#888888", "id": 8, "personality_type": "XXXX", "personality_type_id": 0, "system_name": "Attitudinal Psyche", "system_vote_count": 5, "user_vote_type_id": 0, "vote_id": 0}, {"hex_color": "#888888", "id": 7, "personality_type": "XXXX", "personality_type_id": 0, "system_name": "Temperaments", "system_vote_count": 11, "user_vote_type_id": 0, "vote_id": 0}, {"hex_color": "#888888", "id": 11, "personality_type": "XXXX", "personality_type_id": 0, "system_name": "Classic Jungian", "system_vote_count": 1, "user_vote_type_id": 0, "vote_id": 0}], "breakdown_systems": {"1": [{"myValue": "ISFP", "personality_system_id": 1, "personality_type": "ISFP", "theCount": 104}, {"myValue": "INFP", "personality_system_id": 1, "personality_type": "INFP", "theCount": 9}, {"myValue": "ENFP", "personality_system_id": 1, "personality_type": "ENFP", "theCount": 6}, {"myValue": "ESFP", "personality_system_id": 1, "personality_type": "ESFP", "theCount": 1}], "11": [{"myValue": "IF(S)", "personality_system_id": 11, "personality_type": "IF(S)", "theCount": 1}], "2": [{"myValue": "4w3", "personality_system_id": 2, "personality_type": "4w3", "theCount": 37}, {"myValue": "4w5", "personality_system_id": 2, "personality_type": "4w5", "theCount": 2}, {"myValue": "2w3", "personality_system_id": 2, "personality_type": "2w3", "theCount": 1}, {"myValue": "6w7", "personality_system_id": 2, "personality_type": "6w7", "theCount": 1}], "3": [{"myValue": "ESE", "personality_system_id": 3, "personality_type": "ESE", "theCount": 2}, {"myValue": "SEE", "personality_system_id": 3, "personality_type": "SEE", "theCount": 2}, {"myValue": "ESI", "personality_system_id": 3, "personality_type": "ESI", "theCount": 1}], "4": [{"myValue": "Chaotic Good", "personality_system_id": 4, "personality_type": "Chaotic Good", "theCount": 3}, {"myValue": "Neutral Good", "personality_system_id": 4, "personality_type": "Neutral Good", "theCount": 1}], "5": [{"myValue": "sx/so", "personality_system_id": 5, "personality_type": "sx/so", "theCount": 7}, {"myValue": "so/sx", "personality_system_id": 5, "personality_type": "so/sx", "theCount": 1}, {"myValue": "sp/sx", "personality_system_id": 5, "personality_type": "sp/sx", "theCount": 1}, {"myValue": "sx/sp", "personality_system_id": 5, "personality_type": "sx/sp", "theCount": 1}], "6": [{"myValue": "468", "personality_system_id": 6, "personality_type": "468", "theCount": 9}, {"myValue": "495", "personality_system_id": 6, "personality_type": "495", "theCount": 1}, {"myValue": "497", "personality_system_id": 6, "personality_type": "497", "theCount": 1}, {"myValue": "684", "personality_system_id": 6, "personality_type": "684", "theCount": 1}], "7": [{"myValue": "Sanguine-Phlegmatic", "personality_system_id": 7, "personality_type": "Sanguine-Phlegmatic", "theCount": 5}, {"myValue": "Melancholic [Dominant]", "personality_system_id": 7, "personality_type": "Melancholic [Dominant]", "theCount": 2}, {"myValue": "Sanguine-Melancholic", "personality_system_id": 7, "personality_type": "Sanguine-Melancholic", "theCount": 2}, {"myValue": "Choleric-Melancholic", "personality_system_id": 7, "personality_type": "Choleric-Melancholic", "theCount": 1}, {"myValue": "Phlegmatic-Choleric", "personality_system_id": 7, "personality_type": "Phlegmatic-Choleric", "theCount": 1}], "8": [{"myValue": "VEFL", "personality_system_id": 8, "personality_type": "VEFL", "theCount": 5}], "9": [{"myValue": "SCUAI", "personality_system_id": 9, "personality_type": "SCUAI", "theCount": 5}, {"myValue": "SLUAI", "personality_system_id": 9, "personality_type": "SLUAI", "theCount": 2}, {"myValue": "RLUEN", "personality_system_id": 9, "personality_type": "RLUEN", "theCount": 1}]}, "breakdown_config": {"expand": {"1": 3, "11": 1, "2": 3, "3": 1, "4": 1, "5": 1, "6": 1, "7": 1, "8": 1, "9": 1}, "fire": {"1": 0, "11": 0, "2": 0, "3": 0, "4": 0, "5": 0, "6": 0, "7": 0, "8": 0, "9": 0}}, "mbti_letter_stats": [{"type": "I", "percentage": "94%", "PercentageFloat": 0.9416666666666667}, {"type": "S", "percentage": "88%", "PercentageFloat": 0.875}, {"type": "F", "percentage": "100%", "PercentageFloat": 1}, {"type": "P", "percentage": "100%", "PercentageFloat": 1}], "topic_info": {"can_generate": false, "topic": {"description": "Clarissa \"Clary\" Adele Fairchild, also known as Clary Fray, is the Shadowhunter daughter of Jocelyn Fray and the notorious Valentine Morgenstern. Clary is incredibly stubborn and sarcastic, traits born out of her mother's over-protectiveness. She is also a very caring and compassionate person. For her friends and family, Clary is willing to go extreme lengths, often recklessly, for what she believes is worth dying for, thus putting not only herself in danger but risking other people's lives without even asking their consent to carry forth with her plan seeing as it directly affects them. This usually leaves the people who care for her extremely worried and exasperated. Jace has even stated that her stubbornness matches his, which he figures was the reason they could not stand each other when they had first met. This is partnered with her being clever and quick-thinking, which often saves herself and others in dire situations.", "follow_count": 0, "id": 11373, "is_following": false, "is_join_pending": false, "is_banned": false, "is_moderated": false, "name_readable": "Clary Fray", "post_count": 0, "source_profile_id": 12313, "source_type": "profile", "join_to_post": false, "can_pin": false, "related_topics": [{"description": "Jonathan Christopher \"Jace\" Herondale is considered the best Shadowhunter of his generation and a hero of the Mortal and Dark wars. Jace had always been independent and somehow self-possessed, having been taught not to betray himself to emotions as a child. Jace has a sharp, defensive wit, an acidic temperament which was later only tamed by Clary, and a very sarcastic attitude when he chooses in order to hide his insecurities. Giving the impression of holding most people in disdain, Jace is seen as extremely arrogant, self-centered, and overconfident, believing himself to be \"the best Shadowhunter to ever live\" and above others. True enough, Jace is superior in battle, something Jace has been training for since he was young and had grown to love over the years. He even exhibits sadistic tendencies, which he got on account of being raised by Valentine.", "follow_count": 0, "id": 11374, "is_following": false, "is_join_pending": false, "is_banned": false, "is_moderated": false, "name_readable": "Jace Wayland", "post_count": 1, "source_profile_id": 12314, "source_type": "profile", "image": {"picURL": "https://static1.personality-database.com/profile_images/f4791096d4574789a5a16d52403053af.png"}, "join_to_post": false, "can_pin": false}, {"description": "Isabelle Sophia Lightwood is a Shadowhunter currently under the New York Conclave. She is the only daughter of Robert and Maryse Lightwood, the sister of Alec and Max, and the adoptive sister of Jace Herondale. She is very confident in herself and her abilities. She has a great sense of style and is very fashionable. For a time, she was also somewhat promiscuous. She can be vain and somewhat narcissistic, but also slightly insecure, and at times even self-conscious about her height. Despite initially displaying a haughty and nonchalant attitude toward others aside from her family, she actually hides beneath it a distrustful and fragile heart.", "follow_count": 0, "id": 14097, "is_following": false, "is_join_pending": false, "is_banned": false, "is_moderated": false, "name_readable": "Isabelle Lightwood", "post_count": 1, "source_profile_id": 15332, "source_type": "profile", "image": {"picURL": "https://static1.personality-database.com/profile_images/f0d664110fba48d9936cf402ae8e7201.png"}, "join_to_post": false, "can_pin": false}, {"description": "Magnus Bane is the High Warlock of Brooklyn. Being over four centuries old, his life has since intertwined with several Shadowhunters and Downworlders over the centuries.", "follow_count": 1, "id": 16349, "is_following": false, "is_join_pending": false, "is_banned": false, "is_moderated": false, "name_readable": "Magnus Bane", "post_count": 1, "source_profile_id": 17806, "source_type": "profile", "image": {"picURL": "https://static1.personality-database.com/profile_images/9cfaf7ca44824c4fae2f12a628d1d50c.png"}, "join_to_post": false, "can_pin": false}, {"description": "Raphael Santiago\u00a0was a\u00a0vampire, a former leader of\u00a0New York's local\u00a0vampire clan, and\u00a0Simon Lewis's sire. \nRaphael was sly and also rather conceited, arrogant, and condescending. He basically enjoyed having power and intimidating others and was generally discriminating towards anyone who wasn't a vampire. Despite this, he was a man of his word who had a sense of honor, gratitude, and respect, in regards to other people and their actions. He refused to kill Magnus because of the debt he owed the warlock and ultimately paid with his life; albeit, up until being ordered to kill Magnus, he was willing to side with Sebastian, hinting that his unwillingness to join him wasn't out of \"the greater good\" but of a blood debt. He also seemed to be prone to envy, as he hated Simon for his ability to walk in the sunlight.", "follow_count": 0, "id": 16741, "is_following": false, "is_join_pending": false, "is_banned": false, "is_moderated": false, "name_readable": "Raphael Santiago", "post_count": 0, "source_profile_id": 18236, "source_type": "profile", "image": {"picURL": "https://static1.personality-database.com/profile_images/03cab6768bfc41e59bb1c8decf8337aa.png"}, "join_to_post": false, "can_pin": false}, {"description": "", "follow_count": 0, "id": 240949, "is_following": false, "is_join_pending": false, "is_banned": false, "is_moderated": false, "name_readable": "Lilith", "post_count": 0, "source_profile_id": 313449, "source_type": "profile", "image": {"picURL": "https://static1.personality-database.com/profile_images/28b115097eaf4e39b2c208d1deb30fbc.png"}, "join_to_post": false, "can_pin": false}, {"description": "Michael Wayland was a Shadowhunter and former member of the Circle whose identity was taken by Valentine Morgenstern to escape his crimes and continue living in hiding.", "follow_count": 0, "id": 76569, "is_following": false, "is_join_pending": false, "is_banned": false, "is_moderated": false, "name_readable": "Michael Wayland", "post_count": 0, "source_profile_id": 94734, "source_type": "profile", "image": {"picURL": "https://static1.personality-database.com/profile_images/d201d969fc0c4cecbdda8b7b4dcc6115.png"}, "join_to_post": false, "can_pin": false}, {"description": "", "follow_count": 1, "id": 105991, "is_following": false, "is_join_pending": false, "is_banned": false, "is_moderated": false, "name_readable": "Catarina Loss", "post_count": 0, "source_profile_id": 136096, "source_type": "profile", "image": {"picURL": "https://static1.personality-database.com/profile_images/8d5610a539a242039eb5bdd341d390bc.png"}, "join_to_post": false, "can_pin": false}, {"description": "", "follow_count": 0, "id": 106058, "is_following": false, "is_join_pending": false, "is_banned": false, "is_moderated": false, "name_readable": "Lily Chen", "post_count": 0, "source_profile_id": 136202, "source_type": "profile", "image": {"picURL": "https://static1.personality-database.com/profile_images/a53003b0a50948218a9ae7f0c4c1193b.png"}, "join_to_post": false, "can_pin": false}, {"description": "", "follow_count": 0, "id": 136633, "is_following": false, "is_join_pending": false, "is_banned": false, "is_moderated": false, "name_readable": "Maureen Brown", "post_count": 0, "source_profile_id": 177413, "source_type": "profile", "image": {"picURL": "https://static1.personality-database.com/profile_images/07838d849f32435d836e07a272ed8020.png"}, "join_to_post": false, "can_pin": false}, {"description": "Maxwell \"Max\" Joseph Lightwood\u00a0was the second son and youngest child of\u00a0Maryse\u00a0and\u00a0Robert Lightwood. Young as he was, Max had always disliked being reminded that he was not yet of age. He hated being overlooked or left behind during matters for the adults and that he cannot engage in the conversations all his family members discuss with one another. According to Jace, he could sleep through just about anything and, \"like a cat\", could sleep anywhere. Max was an avid reader; he was particularly fond of folk and fairy tales. He related to these tales of dark magic and beasts because he watched his family face danger every day. Max once bought a\u00a0Naruto\u00a0manga and had taken an interest in them ever since Clary taught him how to correctly read it. He also seemed to not like it when certain other people touch his things, an example of this is when \"Sebastian Verlac\" read his copy of the manga 'Angel Sanctuary'.\u00a0Before Max died, Clary had promised to bring him to Comiz World.", "follow_count": 0, "id": 174340, "is_following": false, "is_join_pending": false, "is_banned": false, "is_moderated": false, "name_readable": "Max Lightwood", "post_count": 0, "source_profile_id": 225741, "source_type": "profile", "image": {"picURL": "https://static1.personality-database.com/profile_images/761626ce24104ce38ded4e457ff4ba77.png"}, "join_to_post": false, "can_pin": false}, {"description": "", "follow_count": 0, "id": 196996, "is_following": false, "is_join_pending": false, "is_banned": false, "is_moderated": false, "name_readable": "Aline Penhallow", "post_count": 0, "source_profile_id": 255509, "source_type": "profile", "image": {"picURL": "https://static1.personality-database.com/profile_images/4a698f17e5e54ff0a43c320378013dae.png"}, "join_to_post": false, "can_pin": false}, {"description": "", "follow_count": 0, "id": 199469, "is_following": false, "is_join_pending": false, "is_banned": false, "is_moderated": false, "name_readable": "Jia Penhallow", "post_count": 0, "source_profile_id": 258726, "source_type": "profile", "image": {"picURL": "https://static1.personality-database.com/profile_images/51e1d2e2d6504754807ead7905dccce4.png"}, "join_to_post": false, "can_pin": false}, {"description": "#INTJVillains", "follow_count": 0, "id": 199470, "is_following": false, "is_join_pending": false, "is_banned": false, "is_moderated": false, "name_readable": "Seelie Queen", "post_count": 0, "source_profile_id": 258727, "source_type": "profile", "image": {"picURL": "https://static1.personality-database.com/profile_images/51b4f08ec2584b1fb87c8089c686c8e7.png"}, "join_to_post": false, "can_pin": false}, {"description": "", "follow_count": 0, "id": 199471, "is_following": false, "is_join_pending": false, "is_banned": false, "is_moderated": false, "name_readable": "Imogen Herondale", "post_count": 0, "source_profile_id": 258728, "source_type": "profile", "image": {"picURL": "https://static1.personality-database.com/profile_images/ed4d44dbdc96482e92b32f926707adef.png"}, "join_to_post": false, "can_pin": false}, {"description": "", "follow_count": 0, "id": 232331, "is_following": false, "is_join_pending": false, "is_banned": false, "is_moderated": false, "name_readable": "Meliorn", "post_count": 0, "source_profile_id": 302425, "source_type": "profile", "image": {"picURL": "https://static1.personality-database.com/profile_images/14718d90e2a148299ca1734a455394b5.png"}, "join_to_post": false, "can_pin": false}, {"description": "", "follow_count": 0, "id": 232332, "is_following": false, "is_join_pending": false, "is_banned": false, "is_moderated": false, "name_readable": "Bat Velasquez", "post_count": 0, "source_profile_id": 302426, "source_type": "profile", "image": {"picURL": "https://static1.personality-database.com/profile_images/69fe2e37d8d44219bb5dd3db3a57e67b.png"}, "join_to_post": false, "can_pin": false}], "subcategory": "The Mortal Instruments (Series)", "topic_image_url": "https://static1.personality-database.com/profile_images/2804c6d46e6940b9bc91e8e2b2056368.png", "source_location": {"cid": 12, "pid": 2, "sub_cat_id": 1590}, "can_post_image": false, "can_post_audio": false, "posts": {"posts": []}}}}