{"id": 16251, "mbti_profile": "Isabelle", "profile_name_searchable": "isabelle", "allow_commenting": true, "allow_voting": true, "user_id": 0, "contributor": "the nameless", "contributor_create_date": "2018-09-24 22:50:39", "contributor_pic_path": "https://www.personality-database.com/images/profile_transparent.png", "display_order": 1020, "edit_lock": 0, "edit_lock_picture": 0, "is_active": true, "is_approved": true, "mbti_enneagram_type": "ESFJ 2w3", "mbti_type": "ESFJ 2w3", "pdb_comment_access": true, "pdb_page_owner": 0, "pdb_public_access": true, "wiki_description": "Isabelle is a dog who debuts in New Leaf. She assists the player in their new role as the town mayor as their secretary and assistant. She is friendly, polite, hardworking and eager to help the player in any tasks she can assist with. She is keen to make the town a better place to live in by encouraging the player to do tasks and Public Works Projects throughout the town.", "watch_count": 351, "comment_count": 29, "vote_count": 326, "vote_count_enneagram": 167, "vote_count_mbti": 326, "total_vote_counts": 648, "personality_type": "ESFJ - 2w3 - so/sp - 296 - ESE - SCOAN - EVFL - Phlegmatic-Sanguine", "type_updated_date": "2021-03-18 13:27:49", "enneagram_vote": "", "enneagram_vote_id": 0, "mbti_vote": "", "mbti_vote_id": 0, "is_watching": false, "image_exists": false, "profile_image_url": "https://static1.personality-database.com/profile_images/f499165dc0e74a1e9b15820a284117a2.png", "profile_image_credit": "", "profile_image_credit_id": 0, "profile_image_credit_type": "0", "profile_image_credit_url": "", "alt_subcategory": "", "related_subcategories": "9534|||Super Smash Bros. Series,,,28619|||Mario Kart ( Franchise)", "cat_id": 11, "category": "Gaming", "category_is_fictional": true, "sub_cat_id": 1980, "subcategory": "Animal Crossing", "subcat_link_info": {"sub_cat_id": 1980, "cat_id": 11, "property_id": 2, "subcategory": "Animal Crossing"}, "related_subcat_link_info": [{"sub_cat_id": 9534, "cat_id": 11, "property_id": 2, "subcategory": "Super Smash Bros. Series"}, {"sub_cat_id": 28619, "cat_id": 11, "property_id": 2, "subcategory": "Mario Kart ( Franchise)"}], "related_profiles": [{"id": 110707, "mbti_profile": "Raymond", "subcategory": "Animal Crossing", "profile_image_url": "https://static1.personality-database.com/profile_images/9cf1bd8cb351438d8ba2e7debed286f7.png", "profile_name": "Raymond", "profile_subcat": "Animal Crossing", "sub_cat_id": 1980, "cat_id": 11, "property_id": 2, "mbti": "INTJ", "enneatype": "5w6"}, {"id": 16045, "mbti_profile": "Blathers", "subcategory": "Animal Crossing", "profile_image_url": "https://static1.personality-database.com/profile_images/25dfc57356954ac7933b0a2bd7c49045.png", "profile_name": "Blathers", "profile_subcat": "Animal Crossing", "sub_cat_id": 1980, "cat_id": 11, "property_id": 2, "mbti": "INTP", "enneatype": "5w6"}, {"id": 15989, "mbti_profile": "Tom Nook", "subcategory": "Animal Crossing", "profile_image_url": "https://static1.personality-database.com/profile_images/f03b3fcf4a134109b9f8f347cddc2703.png", "profile_name": "Tom Nook", "profile_subcat": "Animal Crossing", "sub_cat_id": 1980, "cat_id": 11, "property_id": 2, "mbti": "ENTP", "enneatype": "3w4"}, {"id": 68877, "mbti_profile": "Bob", "subcategory": "Animal Crossing", "profile_image_url": "https://static1.personality-database.com/profile_images/78188b7b4bbf417dafb037776e460226.png", "profile_name": "Bob", "profile_subcat": "Animal Crossing", "sub_cat_id": 1980, "cat_id": 11, "property_id": 2, "mbti": "ENTP", "enneatype": "9w8"}, {"id": 20372, "mbti_profile": "Celeste", "subcategory": "Animal Crossing", "profile_image_url": "https://static1.personality-database.com/profile_images/58264720d2604ea691eb13624e21fe8f.png", "profile_name": "Celeste", "profile_subcat": "Animal Crossing", "sub_cat_id": 1980, "cat_id": 11, "property_id": 2, "mbti": "INFP", "enneatype": "4w5"}, {"id": 116364, "mbti_profile": "Marshal", "subcategory": "Animal Crossing", "profile_image_url": "https://static1.personality-database.com/profile_images/53d1777e095c41eba7a53f2e9e83d179.png", "profile_name": "Marshal", "profile_subcat": "Animal Crossing", "sub_cat_id": 1980, "cat_id": 11, "property_id": 2, "mbti": "ENTP", "enneatype": "6w5"}, {"id": 15990, "mbti_profile": "K.K. Slider", "subcategory": "Animal Crossing", "profile_image_url": "https://static1.personality-database.com/profile_images/c1462941878e40dfb60c15aa0b479c98.png", "profile_name": "K.K. Slider", "profile_subcat": "Animal Crossing", "sub_cat_id": 1980, "cat_id": 11, "property_id": 2, "mbti": "ISFP", "enneatype": "9w8"}, {"id": 109620, "mbti_profile": "Flick", "subcategory": "Animal Crossing", "profile_image_url": "https://static1.personality-database.com/profile_images/25a20a532cfc439fa20d4f5197dbd333.png", "profile_name": "Flick", "profile_subcat": "Animal Crossing", "sub_cat_id": 1980, "cat_id": 11, "property_id": 2, "mbti": "INFP", "enneatype": "4w5"}], "functions": ["Fe", "Si", "Ne", "Ti"], "systems": [{"hex_color": "#888888", "id": 1, "personality_type": "XXXX", "personality_type_id": 0, "system_name": "Four Letter", "system_vote_count": 317, "user_vote_type_id": 0, "vote_id": 0}, {"hex_color": "#006775", "id": 2, "personality_type": "XXXX", "personality_type_id": 0, "system_name": "Enneagram", "system_vote_count": 161, "user_vote_type_id": 0, "vote_id": 0}, {"hex_color": "#006775", "id": 5, "personality_type": "XXXX", "personality_type_id": 0, "system_name": "Instinctual Variant", "system_vote_count": 32, "user_vote_type_id": 0, "vote_id": 0}, {"hex_color": "#006775", "id": 6, "personality_type": "XXXX", "personality_type_id": 0, "system_name": "Tritype", "system_vote_count": 36, "user_vote_type_id": 0, "vote_id": 0}, {"hex_color": "#888888", "id": 3, "personality_type": "XXXX", "personality_type_id": 0, "system_name": "Socionics", "system_vote_count": 17, "user_vote_type_id": 0, "vote_id": 0}, {"hex_color": "#888888", "id": 9, "personality_type": "XXXX", "personality_type_id": 0, "system_name": "Big 5 (SLOAN)", "system_vote_count": 21, "user_vote_type_id": 0, "vote_id": 0}, {"hex_color": "#888888", "id": 8, "personality_type": "XXXX", "personality_type_id": 0, "system_name": "Attitudinal Psyche", "system_vote_count": 9, "user_vote_type_id": 0, "vote_id": 0}, {"hex_color": "#888888", "id": 7, "personality_type": "XXXX", "personality_type_id": 0, "system_name": "Temperaments", "system_vote_count": 36, "user_vote_type_id": 0, "vote_id": 0}, {"hex_color": "#888888", "id": 11, "personality_type": "XXXX", "personality_type_id": 0, "system_name": "Classic Jungian", "system_vote_count": 1, "user_vote_type_id": 0, "vote_id": 0}], "breakdown_systems": {"1": [{"myValue": "ESFJ", "personality_system_id": 1, "personality_type": "ESFJ", "theCount": 282}, {"myValue": "ENFJ", "personality_system_id": 1, "personality_type": "ENFJ", "theCount": 18}, {"myValue": "ISFJ", "personality_system_id": 1, "personality_type": "ISFJ", "theCount": 8}, {"myValue": "ENFP", "personality_system_id": 1, "personality_type": "ENFP", "theCount": 4}, {"myValue": "ESFP", "personality_system_id": 1, "personality_type": "ESFP", "theCount": 3}, {"myValue": "ESTP", "personality_system_id": 1, "personality_type": "ESTP", "theCount": 1}, {"myValue": "INFP", "personality_system_id": 1, "personality_type": "INFP", "theCount": 1}], "11": [{"myValue": "EF(S)", "personality_system_id": 11, "personality_type": "EF(S)", "theCount": 1}], "2": [{"myValue": "2w3", "personality_system_id": 2, "personality_type": "2w3", "theCount": 149}, {"myValue": "2w1", "personality_system_id": 2, "personality_type": "2w1", "theCount": 5}, {"myValue": "9w1", "personality_system_id": 2, "personality_type": "9w1", "theCount": 4}, {"myValue": "3w2", "personality_system_id": 2, "personality_type": "3w2", "theCount": 1}, {"myValue": "6w7", "personality_system_id": 2, "personality_type": "6w7", "theCount": 1}, {"myValue": "7w6", "personality_system_id": 2, "personality_type": "7w6", "theCount": 1}], "3": [{"myValue": "ESE", "personality_system_id": 3, "personality_type": "ESE", "theCount": 17}], "4": [{"myValue": "Lawful Good", "personality_system_id": 4, "personality_type": "Lawful Good", "theCount": 16}, {"myValue": "Neutral Good", "personality_system_id": 4, "personality_type": "Neutral Good", "theCount": 2}], "5": [{"myValue": "so/sp", "personality_system_id": 5, "personality_type": "so/sp", "theCount": 25}, {"myValue": "so/sx", "personality_system_id": 5, "personality_type": "so/sx", "theCount": 6}, {"myValue": "sp/so", "personality_system_id": 5, "personality_type": "sp/so", "theCount": 1}], "6": [{"myValue": "296", "personality_system_id": 6, "personality_type": "296", "theCount": 25}, {"myValue": "269", "personality_system_id": 6, "personality_type": "269", "theCount": 3}, {"myValue": "297", "personality_system_id": 6, "personality_type": "297", "theCount": 2}, {"myValue": "937", "personality_system_id": 6, "personality_type": "937", "theCount": 2}, {"myValue": "216", "personality_system_id": 6, "personality_type": "216", "theCount": 1}, {"myValue": "261", "personality_system_id": 6, "personality_type": "261", "theCount": 1}, {"myValue": "692", "personality_system_id": 6, "personality_type": "692", "theCount": 1}, {"myValue": "927", "personality_system_id": 6, "personality_type": "927", "theCount": 1}], "7": [{"myValue": "Phlegmatic-Sanguine", "personality_system_id": 7, "personality_type": "Phlegmatic-Sanguine", "theCount": 24}, {"myValue": "Sanguine [Dominant]", "personality_system_id": 7, "personality_type": "Sanguine [Dominant]", "theCount": 7}, {"myValue": "Sanguine-Phlegmatic", "personality_system_id": 7, "personality_type": "Sanguine-Phlegmatic", "theCount": 3}, {"myValue": "Phlegmatic [Dominant]", "personality_system_id": 7, "personality_type": "Phlegmatic [Dominant]", "theCount": 2}], "8": [{"myValue": "EVFL", "personality_system_id": 8, "personality_type": "EVFL", "theCount": 8}, {"myValue": "FVLE", "personality_system_id": 8, "personality_type": "FVLE", "theCount": 1}], "9": [{"myValue": "SCOAN", "personality_system_id": 9, "personality_type": "SCOAN", "theCount": 17}, {"myValue": "SCOAI", "personality_system_id": 9, "personality_type": "SCOAI", "theCount": 2}, {"myValue": "RCOAN", "personality_system_id": 9, "personality_type": "RCOAN", "theCount": 1}, {"myValue": "SLOAN", "personality_system_id": 9, "personality_type": "SLOAN", "theCount": 1}]}, "breakdown_config": {"expand": {"1": 3, "11": 1, "2": 3, "3": 1, "4": 1, "5": 1, "6": 1, "7": 1, "8": 1, "9": 1}, "fire": {"1": 0, "11": 0, "2": 0, "3": 0, "4": 0, "5": 0, "6": 0, "7": 0, "8": 0, "9": 0}}, "mbti_letter_stats": [{"type": "E", "percentage": "97%", "PercentageFloat": 0.9716088328075709}, {"type": "S", "percentage": "93%", "PercentageFloat": 0.9274447949526814}, {"type": "F", "percentage": "100%", "PercentageFloat": 0.9968454258675079}, {"type": "J", "percentage": "97%", "PercentageFloat": 0.9716088328075709}], "topic_info": {"can_generate": false, "topic": {"description": "Isabelle is a dog who debuts in New Leaf. She assists the player in their new role as the town mayor as their secretary and assistant. She is friendly, polite, hardworking and eager to help the player in any tasks she can assist with. She is keen to make the town a better place to live in by encouraging the player to do tasks and Public Works Projects throughout the town.", "follow_count": 0, "id": 14940, "is_following": false, "is_join_pending": false, "is_banned": false, "is_moderated": false, "name_readable": "Isabelle", "post_count": 0, "source_profile_id": 16251, "source_type": "profile", "join_to_post": false, "can_pin": false, "related_topics": [{"description": "", "follow_count": 0, "id": 60869, "is_following": false, "is_join_pending": false, "is_banned": false, "is_moderated": false, "name_readable": "Ankha", "post_count": 56, "source_profile_id": 75104, "source_type": "profile", "image": {"picURL": "https://static1.personality-database.com/profile_images/9925ccee753e436b8796e7bae6ceb50d.png"}, "join_to_post": false, "can_pin": false}, {"description": "", "follow_count": 1, "id": 14756, "is_following": false, "is_join_pending": false, "is_banned": false, "is_moderated": false, "name_readable": "Blathers", "post_count": 12, "source_profile_id": 16045, "source_type": "profile", "image": {"picURL": "https://static1.personality-database.com/profile_images/25dfc57356954ac7933b0a2bd7c49045.png"}, "join_to_post": false, "can_pin": false}, {"description": "Tom Nook  is a character who plays the most important role in all of the games. In all games leading to New Leaf, he is the manager of the town shop. In New Leaf, Nook has taken his interest in real estate to a whole new level, opening Nook's Homes, whilst Timmy and Tommy run the town shop. In New Horizons, Nook acts as the head of Nook Incorporated. He acts as the leader on the island, acting as task giver and island upgrader.", "follow_count": 0, "id": 14702, "is_following": false, "is_join_pending": false, "is_banned": false, "is_moderated": false, "name_readable": "Tom Nook", "post_count": 9, "source_profile_id": 15989, "source_type": "profile", "image": {"picURL": "https://static1.personality-database.com/profile_images/f03b3fcf4a134109b9f8f347cddc2703.png"}, "join_to_post": false, "can_pin": false}, {"description": "", "follow_count": 0, "id": 319661, "is_following": false, "is_join_pending": false, "is_banned": false, "is_moderated": false, "name_readable": "Sasha", "post_count": 2, "source_profile_id": 416777, "source_type": "profile", "image": {"picURL": "https://static1.personality-database.com/profile_images/556665be9b2e43b6afad5e04a462ba42.png"}, "join_to_post": false, "can_pin": false}, {"description": "", "follow_count": 0, "id": 82212, "is_following": false, "is_join_pending": false, "is_banned": false, "is_moderated": false, "name_readable": "Filbert", "post_count": 2, "source_profile_id": 103228, "source_type": "profile", "image": {"picURL": "https://static1.personality-database.com/profile_images/b01c2918d77a4c94a50c85184e398793.png"}, "join_to_post": false, "can_pin": false}, {"description": "", "follow_count": 0, "id": 87914, "is_following": false, "is_join_pending": false, "is_banned": false, "is_moderated": false, "name_readable": "Raymond", "post_count": 2, "source_profile_id": 110707, "source_type": "profile", "image": {"picURL": "https://static1.personality-database.com/profile_images/9cf1bd8cb351438d8ba2e7debed286f7.png"}, "join_to_post": false, "can_pin": false}, {"description": "", "follow_count": 0, "id": 100332, "is_following": false, "is_join_pending": false, "is_banned": false, "is_moderated": false, "name_readable": "Bree", "post_count": 1, "source_profile_id": 128489, "source_type": "profile", "image": {"picURL": "https://static1.personality-database.com/profile_images/174b140d654b430ebc7c0c4111bca212.png"}, "join_to_post": false, "can_pin": false}, {"description": "", "follow_count": 0, "id": 76414, "is_following": false, "is_join_pending": false, "is_banned": false, "is_moderated": false, "name_readable": "Kicks", "post_count": 1, "source_profile_id": 94573, "source_type": "profile", "image": {"picURL": "https://static1.personality-database.com/profile_images/f4ba70cb9fd24de9bc72a852703f6bdb.png"}, "join_to_post": false, "can_pin": false}, {"description": "Katrina is the fortune teller in the Animal Crossing series.", "follow_count": 0, "id": 76902, "is_following": false, "is_join_pending": false, "is_banned": false, "is_moderated": false, "name_readable": "Katrina", "post_count": 1, "source_profile_id": 95127, "source_type": "profile", "image": {"picURL": "https://static1.personality-database.com/profile_images/50c8094e8819427f973e7e11ffdf4103.png"}, "join_to_post": false, "can_pin": false}, {"description": "", "follow_count": 1, "id": 316690, "is_following": false, "is_join_pending": false, "is_banned": false, "is_moderated": false, "name_readable": "Meow", "post_count": 1, "source_profile_id": 413058, "source_type": "profile", "image": {"picURL": "https://static1.personality-database.com/profile_images/ee41f690c9cb45c680e86d04b113c975.png"}, "join_to_post": false, "can_pin": false}, {"description": "Harriet is a pink poodle who runs the Shampoodle barber shop. Harriet's name comes from her profession of being a hairstylist.", "follow_count": 0, "id": 76908, "is_following": false, "is_join_pending": false, "is_banned": false, "is_moderated": false, "name_readable": "Harriet", "post_count": 1, "source_profile_id": 95133, "source_type": "profile", "image": {"picURL": "https://static1.personality-database.com/profile_images/0acd9394bbff4e0ebce259891ab28b18.png"}, "join_to_post": false, "can_pin": false}, {"description": "", "follow_count": 0, "id": 81649, "is_following": false, "is_join_pending": false, "is_banned": false, "is_moderated": false, "name_readable": "Kapp\u2019n", "post_count": 1, "source_profile_id": 102488, "source_type": "profile", "image": {"picURL": "https://static1.personality-database.com/profile_images/74cfe7bae5004ba196f6f83f70d32186.png"}, "join_to_post": false, "can_pin": false}, {"description": "", "follow_count": 0, "id": 93601, "is_following": false, "is_join_pending": false, "is_banned": false, "is_moderated": false, "name_readable": "Chrissy", "post_count": 1, "source_profile_id": 119000, "source_type": "profile", "image": {"picURL": "https://static1.personality-database.com/profile_images/c9096bfb6ecd40ee9047c3e9aee01b36.png"}, "join_to_post": false, "can_pin": false}, {"description": "", "follow_count": 0, "id": 93606, "is_following": false, "is_join_pending": false, "is_banned": false, "is_moderated": false, "name_readable": "Lily", "post_count": 1, "source_profile_id": 119005, "source_type": "profile", "image": {"picURL": "https://static1.personality-database.com/profile_images/8bb865a28a99480c88606c2f065240ed.png"}, "join_to_post": false, "can_pin": false}, {"description": "", "follow_count": 1, "id": 94698, "is_following": false, "is_join_pending": false, "is_banned": false, "is_moderated": false, "name_readable": "Nan", "post_count": 1, "source_profile_id": 120543, "source_type": "profile", "image": {"picURL": "https://static1.personality-database.com/profile_images/9d996d02c82d476491fab7599f9a1ec7.png"}, "join_to_post": false, "can_pin": false}, {"description": "", "follow_count": 0, "id": 111069, "is_following": false, "is_join_pending": false, "is_banned": false, "is_moderated": false, "name_readable": "Olivia", "post_count": 1, "source_profile_id": 143510, "source_type": "profile", "image": {"picURL": "https://static1.personality-database.com/profile_images/4a43122a9aae47fea4bb8fc011354613.png"}, "join_to_post": false, "can_pin": false}], "subcategory": "Animal Crossing", "topic_image_url": "https://static1.personality-database.com/profile_images/f499165dc0e74a1e9b15820a284117a2.png", "source_location": {"cid": 11, "pid": 2, "sub_cat_id": 1980}, "can_post_image": false, "can_post_audio": false, "posts": {"posts": []}}}}