{"id": 101310, "mbti_profile": "Sou Hiyori", "profile_name_searchable": "souhiyori", "allow_commenting": true, "allow_voting": true, "user_id": 15412, "contributor": "I'm sorry women", "contributor_create_date": "2020-02-25 08:39:23", "contributor_pic_path": "https://lh3.googleusercontent.com/a-/AOh14GiS0_n-GWlxTDVhK3H60JpeDIhovZLzeDaL0Vec2w=s96-c", "display_order": 0, "edit_lock": 1, "edit_lock_picture": 1, "is_active": true, "is_approved": true, "mbti_enneagram_type": "ENTP 7w8", "mbti_type": "ENTP 7w8", "pdb_comment_access": true, "pdb_page_owner": 0, "pdb_public_access": true, "wiki_description": "", "watch_count": 462, "comment_count": 259, "vote_count": 428, "vote_count_enneagram": 279, "vote_count_mbti": 428, "total_vote_counts": 1206, "personality_type": "ENTP - 7w8 - sp/sx - 783 - ILE - SCOEI - VLFE - Choleric-Sanguine - EN(T)", "type_updated_date": "2022-11-17 18:21:11", "enneagram_vote": "", "enneagram_vote_id": 0, "mbti_vote": "", "mbti_vote_id": 0, "is_watching": false, "image_exists": false, "profile_image_url": "https://static1.personality-database.com/profile_images/ea39d08dbd154aff9e2f08a85ab73dff.png", "profile_image_credit": "", "profile_image_credit_id": 40418, "profile_image_credit_type": "0", "profile_image_credit_url": "", "alt_subcategory": "", "related_subcategories": "", "cat_id": 11, "category": "Gaming", "category_is_fictional": true, "sub_cat_id": 4084, "subcategory": "Kimi ga Shine (Your Turn to Die)", "subcat_link_info": {"sub_cat_id": 4084, "cat_id": 11, "property_id": 2, "subcategory": "Kimi ga Shine (Your Turn to Die)"}, "related_subcat_link_info": null, "related_profiles": [{"id": 41172, "mbti_profile": "Shin Tsukimi", "subcategory": "Kimi ga Shine (Your Turn to Die)", "profile_image_url": "https://static1.personality-database.com/profile_images/0e67e24700064764b3ff945583fa3478.png", "profile_name": "Shin Tsukimi", "profile_subcat": "Kimi ga Shine (Your Turn to Die)", "sub_cat_id": 4084, "cat_id": 11, "property_id": 2, "mbti": "INTP", "enneatype": "6w5"}, {"id": 41174, "mbti_profile": "Keiji Shinogi", "subcategory": "Kimi ga Shine (Your Turn to Die)", "profile_image_url": "https://static1.personality-database.com/profile_images/c40753cd6b6049aab9d3878710ecc283.png", "profile_name": "Keiji Shinogi", "profile_subcat": "Kimi ga Shine (Your Turn to Die)", "sub_cat_id": 4084, "cat_id": 11, "property_id": 2, "mbti": "ISTP", "enneatype": "9w8"}, {"id": 41171, "mbti_profile": "Sara Chidouin", "subcategory": "Kimi ga Shine (Your Turn to Die)", "profile_image_url": "https://static1.personality-database.com/profile_images/9f6ea7c48dd5492284944e9dfca3d871.png", "profile_name": "Sara Chidouin", "profile_subcat": "Kimi ga Shine (Your Turn to Die)", "sub_cat_id": 4084, "cat_id": 11, "property_id": 2, "mbti": "INTJ", "enneatype": "1w2"}, {"id": 41175, "mbti_profile": "Kanna Kizuchi", "subcategory": "Kimi ga Shine (Your Turn to Die)", "profile_image_url": "https://static1.personality-database.com/profile_images/b4ea6aaa46574df4a2e31769efcafb9b.png", "profile_name": "Kanna Kizuchi", "profile_subcat": "Kimi ga Shine (Your Turn to Die)", "sub_cat_id": 4084, "cat_id": 11, "property_id": 2, "mbti": "INFP", "enneatype": "9w1"}, {"id": 101316, "mbti_profile": "Ranmaru Kageyama", "subcategory": "Kimi ga Shine (Your Turn to Die)", "profile_image_url": "https://static1.personality-database.com/profile_images/497bc5f4c3ef416a83a6f48ba2b1d4cc.png", "profile_name": "Ranmaru Kageyama", "profile_subcat": "Kimi ga Shine (Your Turn to Die)", "sub_cat_id": 4084, "cat_id": 11, "property_id": 2, "mbti": "INTP", "enneatype": "9w8"}, {"id": 41179, "mbti_profile": "Gin Ibushi", "subcategory": "Kimi ga Shine (Your Turn to Die)", "profile_image_url": "https://static1.personality-database.com/profile_images/209371a2d6ba402392ad169e15590b35.png", "profile_name": "Gin Ibushi", "profile_subcat": "Kimi ga Shine (Your Turn to Die)", "sub_cat_id": 4084, "cat_id": 11, "property_id": 2, "mbti": "ESFP", "enneatype": "7w6"}, {"id": 41178, "mbti_profile": "Rio Ranger", "subcategory": "Kimi ga Shine (Your Turn to Die)", "profile_image_url": "https://static1.personality-database.com/profile_images/80995b12d072429198a199f19c43b2b3.png", "profile_name": "Rio Ranger", "profile_subcat": "Kimi ga Shine (Your Turn to Die)", "sub_cat_id": 4084, "cat_id": 11, "property_id": 2, "mbti": "ESFP", "enneatype": "4w3"}, {"id": 41173, "mbti_profile": "Jou \"Joe\" Tazuna", "subcategory": "Kimi ga Shine (Your Turn to Die)", "profile_image_url": "https://static1.personality-database.com/profile_images/21388064a26e4afd86f100704200046c.png", "profile_name": "Jou \"Joe\" Tazuna", "profile_subcat": "Kimi ga Shine (Your Turn to Die)", "sub_cat_id": 4084, "cat_id": 11, "property_id": 2, "mbti": "ESFP", "enneatype": "2w3"}], "functions": ["Ne", "Ti", "Fe", "Si"], "systems": [{"hex_color": "#888888", "id": 1, "personality_type": "XXXX", "personality_type_id": 0, "system_name": "Four Letter", "system_vote_count": 411, "user_vote_type_id": 0, "vote_id": 0}, {"hex_color": "#006775", "id": 2, "personality_type": "XXXX", "personality_type_id": 0, "system_name": "Enneagram", "system_vote_count": 270, "user_vote_type_id": 0, "vote_id": 0}, {"hex_color": "#006775", "id": 5, "personality_type": "XXXX", "personality_type_id": 0, "system_name": "Instinctual Variant", "system_vote_count": 112, "user_vote_type_id": 0, "vote_id": 0}, {"hex_color": "#006775", "id": 6, "personality_type": "XXXX", "personality_type_id": 0, "system_name": "Tritype", "system_vote_count": 109, "user_vote_type_id": 0, "vote_id": 0}, {"hex_color": "#888888", "id": 3, "personality_type": "XXXX", "personality_type_id": 0, "system_name": "Socionics", "system_vote_count": 80, "user_vote_type_id": 0, "vote_id": 0}, {"hex_color": "#888888", "id": 9, "personality_type": "XXXX", "personality_type_id": 0, "system_name": "Big 5 (SLOAN)", "system_vote_count": 56, "user_vote_type_id": 0, "vote_id": 0}, {"hex_color": "#888888", "id": 8, "personality_type": "XXXX", "personality_type_id": 0, "system_name": "Attitudinal Psyche", "system_vote_count": 36, "user_vote_type_id": 0, "vote_id": 0}, {"hex_color": "#888888", "id": 7, "personality_type": "XXXX", "personality_type_id": 0, "system_name": "Temperaments", "system_vote_count": 93, "user_vote_type_id": 0, "vote_id": 0}, {"hex_color": "#888888", "id": 11, "personality_type": "XXXX", "personality_type_id": 0, "system_name": "Classic Jungian", "system_vote_count": 13, "user_vote_type_id": 0, "vote_id": 0}], "breakdown_systems": {"1": [{"myValue": "ENTP", "personality_system_id": 1, "personality_type": "ENTP", "theCount": 282}, {"myValue": "INFJ", "personality_system_id": 1, "personality_type": "INFJ", "theCount": 100}, {"myValue": "ENTJ", "personality_system_id": 1, "personality_type": "ENTJ", "theCount": 7}, {"myValue": "ENFJ", "personality_system_id": 1, "personality_type": "ENFJ", "theCount": 5}, {"myValue": "INFP", "personality_system_id": 1, "personality_type": "INFP", "theCount": 3}, {"myValue": "INTJ", "personality_system_id": 1, "personality_type": "INTJ", "theCount": 3}, {"myValue": "ENFP", "personality_system_id": 1, "personality_type": "ENFP", "theCount": 2}, {"myValue": "INTP", "personality_system_id": 1, "personality_type": "INTP", "theCount": 2}, {"myValue": "ISTP", "personality_system_id": 1, "personality_type": "ISTP", "theCount": 2}, {"myValue": "ESFJ", "personality_system_id": 1, "personality_type": "ESFJ", "theCount": 1}, {"myValue": "ESTJ", "personality_system_id": 1, "personality_type": "ESTJ", "theCount": 1}, {"myValue": "ESTP", "personality_system_id": 1, "personality_type": "ESTP", "theCount": 1}, {"myValue": "ISFJ", "personality_system_id": 1, "personality_type": "ISFJ", "theCount": 1}, {"myValue": "ISFP", "personality_system_id": 1, "personality_type": "ISFP", "theCount": 1}], "10": [{"myValue": "Left-brained Extrovert", "personality_system_id": 10, "personality_type": "Left-brained Extrovert", "theCount": 1}], "11": [{"myValue": "EN(T)", "personality_system_id": 11, "personality_type": "EN(T)", "theCount": 11}, {"myValue": "EN(F)", "personality_system_id": 11, "personality_type": "EN(F)", "theCount": 2}], "2": [{"myValue": "7w8", "personality_system_id": 2, "personality_type": "7w8", "theCount": 250}, {"myValue": "8w7", "personality_system_id": 2, "personality_type": "8w7", "theCount": 5}, {"myValue": "2w3", "personality_system_id": 2, "personality_type": "2w3", "theCount": 3}, {"myValue": "4w3", "personality_system_id": 2, "personality_type": "4w3", "theCount": 3}, {"myValue": "5w4", "personality_system_id": 2, "personality_type": "5w4", "theCount": 2}, {"myValue": "7w6", "personality_system_id": 2, "personality_type": "7w6", "theCount": 2}, {"myValue": "9w1", "personality_system_id": 2, "personality_type": "9w1", "theCount": 2}, {"myValue": "3w2", "personality_system_id": 2, "personality_type": "3w2", "theCount": 1}, {"myValue": "4w5", "personality_system_id": 2, "personality_type": "4w5", "theCount": 1}, {"myValue": "8w9", "personality_system_id": 2, "personality_type": "8w9", "theCount": 1}], "3": [{"myValue": "ILE", "personality_system_id": 3, "personality_type": "ILE", "theCount": 48}, {"myValue": "EIE", "personality_system_id": 3, "personality_type": "EIE", "theCount": 30}, {"myValue": "IEE", "personality_system_id": 3, "personality_type": "IEE", "theCount": 1}, {"myValue": "IEI", "personality_system_id": 3, "personality_type": "IEI", "theCount": 1}], "4": [{"myValue": "Chaotic Evil", "personality_system_id": 4, "personality_type": "Chaotic Evil", "theCount": 24}, {"myValue": "Chaotic Neutral", "personality_system_id": 4, "personality_type": "Chaotic Neutral", "theCount": 1}], "5": [{"myValue": "sp/sx", "personality_system_id": 5, "personality_type": "sp/sx", "theCount": 74}, {"myValue": "sx/sp", "personality_system_id": 5, "personality_type": "sx/sp", "theCount": 22}, {"myValue": "so/sx", "personality_system_id": 5, "personality_type": "so/sx", "theCount": 11}, {"myValue": "sx/so", "personality_system_id": 5, "personality_type": "sx/so", "theCount": 3}, {"myValue": "so/sp", "personality_system_id": 5, "personality_type": "so/sp", "theCount": 2}], "6": [{"myValue": "783", "personality_system_id": 6, "personality_type": "783", "theCount": 81}, {"myValue": "782", "personality_system_id": 6, "personality_type": "782", "theCount": 10}, {"myValue": "728", "personality_system_id": 6, "personality_type": "728", "theCount": 6}, {"myValue": "738", "personality_system_id": 6, "personality_type": "738", "theCount": 6}, {"myValue": "784", "personality_system_id": 6, "personality_type": "784", "theCount": 2}, {"myValue": "269", "personality_system_id": 6, "personality_type": "269", "theCount": 1}, {"myValue": "387", "personality_system_id": 6, "personality_type": "387", "theCount": 1}, {"myValue": "583", "personality_system_id": 6, "personality_type": "583", "theCount": 1}, {"myValue": "837", "personality_system_id": 6, "personality_type": "837", "theCount": 1}], "7": [{"myValue": "Choleric-Sanguine", "personality_system_id": 7, "personality_type": "Choleric-Sanguine", "theCount": 51}, {"myValue": "Choleric [Dominant]", "personality_system_id": 7, "personality_type": "Choleric [Dominant]", "theCount": 17}, {"myValue": "Sanguine-Choleric", "personality_system_id": 7, "personality_type": "Sanguine-Choleric", "theCount": 15}, {"myValue": "Sanguine [Dominant]", "personality_system_id": 7, "personality_type": "Sanguine [Dominant]", "theCount": 6}, {"myValue": "Phlegmatic-Choleric", "personality_system_id": 7, "personality_type": "Phlegmatic-Choleric", "theCount": 2}, {"myValue": "Melancholic [Dominant]", "personality_system_id": 7, "personality_type": "Melancholic [Dominant]", "theCount": 1}, {"myValue": "Phlegmatic-Melancholic", "personality_system_id": 7, "personality_type": "Phlegmatic-Melancholic", "theCount": 1}], "8": [{"myValue": "VLFE", "personality_system_id": 8, "personality_type": "VLFE", "theCount": 32}, {"myValue": "ELFV", "personality_system_id": 8, "personality_type": "ELFV", "theCount": 2}, {"myValue": "FLEV", "personality_system_id": 8, "personality_type": "FLEV", "theCount": 1}, {"myValue": "VFLE", "personality_system_id": 8, "personality_type": "VFLE", "theCount": 1}], "9": [{"myValue": "SCOEI", "personality_system_id": 9, "personality_type": "SCOEI", "theCount": 48}, {"myValue": "SCUEI", "personality_system_id": 9, "personality_type": "SCUEI", "theCount": 4}, {"myValue": "RCOEI", "personality_system_id": 9, "personality_type": "RCOEI", "theCount": 1}, {"myValue": "RCUEI", "personality_system_id": 9, "personality_type": "RCUEI", "theCount": 1}, {"myValue": "SLOAN", "personality_system_id": 9, "personality_type": "SLOAN", "theCount": 1}, {"myValue": "SLUEI", "personality_system_id": 9, "personality_type": "SLUEI", "theCount": 1}]}, "breakdown_config": {"expand": {"1": 3, "10": 1, "11": 1, "2": 3, "3": 2, "4": 1, "5": 1, "6": 1, "7": 1, "8": 1, "9": 1}, "fire": {"1": 0, "10": 0, "11": 0, "2": 0, "3": 1, "4": 0, "5": 0, "6": 0, "7": 0, "8": 0, "9": 0}}, "mbti_letter_stats": [{"type": "E", "percentage": "73%", "PercentageFloat": 0.7274939172749392}, {"type": "N", "percentage": "98%", "PercentageFloat": 0.9829683698296837}, {"type": "T", "percentage": "73%", "PercentageFloat": 0.7250608272506083}, {"type": "P", "percentage": "71%", "PercentageFloat": 0.7128953771289538}], "topic_info": {"can_generate": false, "topic": {"description": "", "follow_count": 9, "id": 80847, "is_following": false, "is_join_pending": false, "is_banned": false, "is_moderated": false, "name_readable": "Sou Hiyori", "post_count": 35, "source_profile_id": 101310, "source_type": "profile", "join_to_post": false, "can_pin": false, "related_topics": [{"description": "", "follow_count": 14, "id": 36648, "is_following": false, "is_join_pending": false, "is_banned": false, "is_moderated": false, "name_readable": "Shin Tsukimi", "post_count": 123, "source_profile_id": 41172, "source_type": "profile", "image": {"picURL": "https://static1.personality-database.com/profile_images/0e67e24700064764b3ff945583fa3478.png"}, "join_to_post": false, "can_pin": false}, {"description": "", "follow_count": 9, "id": 80847, "is_following": false, "is_join_pending": false, "is_banned": false, "is_moderated": false, "name_readable": "Sou Hiyori", "post_count": 35, "source_profile_id": 101310, "source_type": "profile", "image": {"picURL": "https://static1.personality-database.com/profile_images/ea39d08dbd154aff9e2f08a85ab73dff.png"}, "join_to_post": false, "can_pin": false}, {"description": "", "follow_count": 0, "id": 36654, "is_following": false, "is_join_pending": false, "is_banned": false, "is_moderated": false, "name_readable": "Rio Ranger", "post_count": 26, "source_profile_id": 41178, "source_type": "profile", "image": {"picURL": "https://static1.personality-database.com/profile_images/80995b12d072429198a199f19c43b2b3.png"}, "join_to_post": false, "can_pin": false}, {"description": "", "follow_count": 1, "id": 36650, "is_following": false, "is_join_pending": false, "is_banned": false, "is_moderated": false, "name_readable": "Keiji Shinogi", "post_count": 16, "source_profile_id": 41174, "source_type": "profile", "image": {"picURL": "https://static1.personality-database.com/profile_images/c40753cd6b6049aab9d3878710ecc283.png"}, "join_to_post": false, "can_pin": false}, {"description": "", "follow_count": 2, "id": 36655, "is_following": false, "is_join_pending": false, "is_banned": false, "is_moderated": false, "name_readable": "Gin Ibushi", "post_count": 14, "source_profile_id": 41179, "source_type": "profile", "image": {"picURL": "https://static1.personality-database.com/profile_images/209371a2d6ba402392ad169e15590b35.png"}, "join_to_post": false, "can_pin": false}, {"description": "", "follow_count": 4, "id": 36649, "is_following": false, "is_join_pending": false, "is_banned": false, "is_moderated": false, "name_readable": "Jou \"Joe\" Tazuna", "post_count": 13, "source_profile_id": 41173, "source_type": "profile", "image": {"picURL": "https://static1.personality-database.com/profile_images/21388064a26e4afd86f100704200046c.png"}, "join_to_post": false, "can_pin": false}, {"description": "", "follow_count": 3, "id": 36647, "is_following": false, "is_join_pending": false, "is_banned": false, "is_moderated": false, "name_readable": "Sara Chidouin", "post_count": 12, "source_profile_id": 41171, "source_type": "profile", "image": {"picURL": "https://static1.personality-database.com/profile_images/9f6ea7c48dd5492284944e9dfca3d871.png"}, "join_to_post": false, "can_pin": false}, {"description": "", "follow_count": 0, "id": 36656, "is_following": false, "is_join_pending": false, "is_banned": false, "is_moderated": false, "name_readable": "Reko Yabusame", "post_count": 12, "source_profile_id": 41180, "source_type": "profile", "image": {"picURL": "https://static1.personality-database.com/profile_images/9df279455a0348fd92ad8dea4f6c2b85.png"}, "join_to_post": false, "can_pin": false}, {"description": "", "follow_count": 1, "id": 80853, "is_following": false, "is_join_pending": false, "is_banned": false, "is_moderated": false, "name_readable": "Ranmaru Kageyama", "post_count": 10, "source_profile_id": 101316, "source_type": "profile", "image": {"picURL": "https://static1.personality-database.com/profile_images/497bc5f4c3ef416a83a6f48ba2b1d4cc.png"}, "join_to_post": false, "can_pin": false}, {"description": "", "follow_count": 1, "id": 36651, "is_following": false, "is_join_pending": false, "is_banned": false, "is_moderated": false, "name_readable": "Kanna Kizuchi", "post_count": 10, "source_profile_id": 41175, "source_type": "profile", "image": {"picURL": "https://static1.personality-database.com/profile_images/b4ea6aaa46574df4a2e31769efcafb9b.png"}, "join_to_post": false, "can_pin": false}, {"description": "", "follow_count": 0, "id": 36653, "is_following": false, "is_join_pending": false, "is_banned": false, "is_moderated": false, "name_readable": "Alice Yabusame", "post_count": 7, "source_profile_id": 41177, "source_type": "profile", "image": {"picURL": "https://static1.personality-database.com/profile_images/7ea28782b1144a57a17a661dd99989b1.png"}, "join_to_post": false, "can_pin": false}, {"description": "It\u2019s that one guy that talks with Miley and loses the key.", "follow_count": 0, "id": 193491, "is_following": false, "is_join_pending": false, "is_banned": false, "is_moderated": false, "name_readable": "That one guy that talked with Miley", "post_count": 6, "source_profile_id": 250911, "source_type": "profile", "image": {"picURL": "https://static1.personality-database.com/profile_images/0ca107552c324bbcbc189eb371d58750.png"}, "join_to_post": false, "can_pin": false}, {"description": "", "follow_count": 0, "id": 36658, "is_following": false, "is_join_pending": false, "is_banned": false, "is_moderated": false, "name_readable": "Tia Safalin", "post_count": 6, "source_profile_id": 41182, "source_type": "profile", "image": {"picURL": "https://static1.personality-database.com/profile_images/70b4b02299c4416b834e6ba4933d6659.png"}, "join_to_post": false, "can_pin": false}, {"description": "The AI of Shin Tsukimi that is shown in 3-1. Typing this would give more insight into Shin's pregame personality.", "follow_count": 3, "id": 295419, "is_following": false, "is_join_pending": false, "is_banned": false, "is_moderated": false, "name_readable": "Shin AI", "post_count": 6, "source_profile_id": 383998, "source_type": "profile", "image": {"picURL": "https://static1.personality-database.com/profile_images/eef0fef2e4244e4ba6e09a658310b380.png"}, "join_to_post": false, "can_pin": false}, {"description": "", "follow_count": 3, "id": 36652, "is_following": false, "is_join_pending": false, "is_banned": false, "is_moderated": false, "name_readable": "Nao Egokoro", "post_count": 6, "source_profile_id": 41176, "source_type": "profile", "image": {"picURL": "https://static1.personality-database.com/profile_images/4e5300475a464c1281741439a9478329.png"}, "join_to_post": false, "can_pin": false}, {"description": "", "follow_count": 1, "id": 80848, "is_following": false, "is_join_pending": false, "is_banned": false, "is_moderated": false, "name_readable": "Anzu Kinashi", "post_count": 5, "source_profile_id": 101311, "source_type": "profile", "image": {"picURL": "https://static1.personality-database.com/profile_images/7c84c2bc15de4241a744cd18137b4841.png"}, "join_to_post": false, "can_pin": false}], "subcategory": "Kimi ga Shine (Your Turn to Die)", "topic_image_url": "https://static1.personality-database.com/profile_images/ea39d08dbd154aff9e2f08a85ab73dff.png", "source_location": {"cid": 11, "pid": 2, "sub_cat_id": 4084}, "can_post_image": false, "can_post_audio": false, "posts": {"posts": [{"username": "squeedtheweed", "user_pic_path": "https://lh3.googleusercontent.com/a-/AOh14GgjfRdV-sCpC6sPQAqkOarb8aRAGpiGRj3vKyjY8A=s96-c", "user_personality_type": "ENFP-4w3-479", "is_mod": false, "comment_count": 0, "reply_count": 0, "vote_type": 0, "topics_list": [{"id": 80847, "name_readable": "Sou Hiyori"}], "id": 2116983, "post_id": 2116983, "user_id": 150692, "title": "", "content": "It's always refreshing when E7s are properly typed, especially when it comes to their orientation in the head triad. Glad to see he wasn't just typed E5 because \"he wants knowledge\", but his gluttony for information and experience has been acknowledged.", "create_date": 1672957324000, "unix_timestamp": 1672957324000, "update_date": 1672957363000, "vote_count": 0, "vote_count_down": 0, "is_reported": 0, "is_hidden": false, "is_pinned": false, "is_watching": false, "is_pro_user": false, "images": null, "audios": null, "function_list": [], "type": "post"}, {"username": "Goofy ahh cool kid", "user_pic_path": "https://static1.personality-database.com/user_avatars/991319/55530963-f95e-4afe-b52a-bf320f361f46_small.jpeg", "user_personality_type": "ENTP-7w8-783", "is_mod": false, "comment_count": 0, "reply_count": 0, "vote_type": 0, "topics_list": [{"id": 80847, "name_readable": "Sou Hiyori"}], "id": 2094106, "post_id": 2094106, "user_id": 991319, "title": "", "content": "His eyes scares me", "create_date": 1672738150000, "unix_timestamp": 1672738150000, "update_date": 1672738150000, "vote_count": 0, "vote_count_down": 0, "is_reported": 0, "is_hidden": false, "is_pinned": false, "is_watching": false, "is_pro_user": false, "images": null, "audios": null, "function_list": [], "type": "post"}, {"username": "Onelighti", "user_pic_path": "https://lh3.googleusercontent.com/a/ALm5wu3BhD9KYzGHfAQYOH6yDW_1-PYFvwLzsHSrqDDw2w=s96-c", "user_personality_type": "INFJ-4w3", "is_mod": false, "comment_count": 0, "reply_count": 0, "vote_type": 0, "topics_list": [{"id": 80847, "name_readable": "Sou Hiyori"}], "id": 1970956, "post_id": 1970956, "user_id": 1348017, "title": "", "content": "This guy reminds me of The Servant a ton", "create_date": 1671418903000, "unix_timestamp": 1671418903000, "update_date": 1671418903000, "vote_count": 0, "vote_count_down": 0, "is_reported": 0, "is_hidden": false, "is_pinned": false, "is_watching": false, "is_pro_user": false, "images": null, "audios": null, "function_list": [], "type": "post"}]}}}}