{"id": 101316, "mbti_profile": "Ranmaru Kageyama", "profile_name_searchable": "ranmarukageyama", "allow_commenting": true, "allow_voting": true, "user_id": 15412, "contributor": "I'm sorry women", "contributor_create_date": "2020-02-25 08:41:43", "contributor_pic_path": "https://lh3.googleusercontent.com/a-/AOh14GiS0_n-GWlxTDVhK3H60JpeDIhovZLzeDaL0Vec2w=s96-c", "display_order": 0, "edit_lock": 1, "edit_lock_picture": 1, "is_active": true, "is_approved": true, "mbti_enneagram_type": "INTP 9w8", "mbti_type": "INTP 9w8", "pdb_comment_access": true, "pdb_page_owner": 0, "pdb_public_access": true, "wiki_description": "", "watch_count": 560, "comment_count": 141, "vote_count": 395, "vote_count_enneagram": 255, "vote_count_mbti": 395, "total_vote_counts": 1068, "personality_type": "INTP - 9w8 - sx/sp - 925 - ILI - RLUEI - FLEV - Phlegmatic [Dominant]", "type_updated_date": "2023-01-09 21:16:24", "enneagram_vote": "", "enneagram_vote_id": 0, "mbti_vote": "", "mbti_vote_id": 0, "is_watching": false, "image_exists": false, "profile_image_url": "https://static1.personality-database.com/profile_images/497bc5f4c3ef416a83a6f48ba2b1d4cc.png", "profile_image_credit": "", "profile_image_credit_id": 40420, "profile_image_credit_type": "0", "profile_image_credit_url": "", "alt_subcategory": "", "related_subcategories": "", "cat_id": 11, "category": "Gaming", "category_is_fictional": true, "sub_cat_id": 4084, "subcategory": "Kimi ga Shine (Your Turn to Die)", "subcat_link_info": {"sub_cat_id": 4084, "cat_id": 11, "property_id": 2, "subcategory": "Kimi ga Shine (Your Turn to Die)"}, "related_subcat_link_info": null, "related_profiles": [{"id": 41172, "mbti_profile": "Shin Tsukimi", "subcategory": "Kimi ga Shine (Your Turn to Die)", "profile_image_url": "https://static1.personality-database.com/profile_images/0e67e24700064764b3ff945583fa3478.png", "profile_name": "Shin Tsukimi", "profile_subcat": "Kimi ga Shine (Your Turn to Die)", "sub_cat_id": 4084, "cat_id": 11, "property_id": 2, "mbti": "INTP", "enneatype": "6w5"}, {"id": 101310, "mbti_profile": "Sou Hiyori", "subcategory": "Kimi ga Shine (Your Turn to Die)", "profile_image_url": "https://static1.personality-database.com/profile_images/ea39d08dbd154aff9e2f08a85ab73dff.png", "profile_name": "Sou Hiyori", "profile_subcat": "Kimi ga Shine (Your Turn to Die)", "sub_cat_id": 4084, "cat_id": 11, "property_id": 2, "mbti": "ENTP", "enneatype": "7w8"}, {"id": 41174, "mbti_profile": "Keiji Shinogi", "subcategory": "Kimi ga Shine (Your Turn to Die)", "profile_image_url": "https://static1.personality-database.com/profile_images/c40753cd6b6049aab9d3878710ecc283.png", "profile_name": "Keiji Shinogi", "profile_subcat": "Kimi ga Shine (Your Turn to Die)", "sub_cat_id": 4084, "cat_id": 11, "property_id": 2, "mbti": "ISTP", "enneatype": "9w8"}, {"id": 41171, "mbti_profile": "Sara Chidouin", "subcategory": "Kimi ga Shine (Your Turn to Die)", "profile_image_url": "https://static1.personality-database.com/profile_images/9f6ea7c48dd5492284944e9dfca3d871.png", "profile_name": "Sara Chidouin", "profile_subcat": "Kimi ga Shine (Your Turn to Die)", "sub_cat_id": 4084, "cat_id": 11, "property_id": 2, "mbti": "INTJ", "enneatype": "1w2"}, {"id": 41175, "mbti_profile": "Kanna Kizuchi", "subcategory": "Kimi ga Shine (Your Turn to Die)", "profile_image_url": "https://static1.personality-database.com/profile_images/b4ea6aaa46574df4a2e31769efcafb9b.png", "profile_name": "Kanna Kizuchi", "profile_subcat": "Kimi ga Shine (Your Turn to Die)", "sub_cat_id": 4084, "cat_id": 11, "property_id": 2, "mbti": "INFP", "enneatype": "9w1"}, {"id": 41179, "mbti_profile": "Gin Ibushi", "subcategory": "Kimi ga Shine (Your Turn to Die)", "profile_image_url": "https://static1.personality-database.com/profile_images/209371a2d6ba402392ad169e15590b35.png", "profile_name": "Gin Ibushi", "profile_subcat": "Kimi ga Shine (Your Turn to Die)", "sub_cat_id": 4084, "cat_id": 11, "property_id": 2, "mbti": "ESFP", "enneatype": "7w6"}, {"id": 41178, "mbti_profile": "Rio Ranger", "subcategory": "Kimi ga Shine (Your Turn to Die)", "profile_image_url": "https://static1.personality-database.com/profile_images/80995b12d072429198a199f19c43b2b3.png", "profile_name": "Rio Ranger", "profile_subcat": "Kimi ga Shine (Your Turn to Die)", "sub_cat_id": 4084, "cat_id": 11, "property_id": 2, "mbti": "ESFP", "enneatype": "4w3"}, {"id": 41173, "mbti_profile": "Jou \"Joe\" Tazuna", "subcategory": "Kimi ga Shine (Your Turn to Die)", "profile_image_url": "https://static1.personality-database.com/profile_images/21388064a26e4afd86f100704200046c.png", "profile_name": "Jou \"Joe\" Tazuna", "profile_subcat": "Kimi ga Shine (Your Turn to Die)", "sub_cat_id": 4084, "cat_id": 11, "property_id": 2, "mbti": "ESFP", "enneatype": "2w3"}], "functions": ["Ti", "Ne", "Si", "Fe"], "systems": [{"hex_color": "#888888", "id": 1, "personality_type": "XXXX", "personality_type_id": 0, "system_name": "Four Letter", "system_vote_count": 380, "user_vote_type_id": 0, "vote_id": 0}, {"hex_color": "#006775", "id": 2, "personality_type": "XXXX", "personality_type_id": 0, "system_name": "Enneagram", "system_vote_count": 245, "user_vote_type_id": 0, "vote_id": 0}, {"hex_color": "#006775", "id": 5, "personality_type": "XXXX", "personality_type_id": 0, "system_name": "Instinctual Variant", "system_vote_count": 131, "user_vote_type_id": 0, "vote_id": 0}, {"hex_color": "#006775", "id": 6, "personality_type": "XXXX", "personality_type_id": 0, "system_name": "Tritype", "system_vote_count": 109, "user_vote_type_id": 0, "vote_id": 0}, {"hex_color": "#888888", "id": 3, "personality_type": "XXXX", "personality_type_id": 0, "system_name": "Socionics", "system_vote_count": 44, "user_vote_type_id": 0, "vote_id": 0}, {"hex_color": "#888888", "id": 9, "personality_type": "XXXX", "personality_type_id": 0, "system_name": "Big 5 (SLOAN)", "system_vote_count": 57, "user_vote_type_id": 0, "vote_id": 0}, {"hex_color": "#888888", "id": 8, "personality_type": "XXXX", "personality_type_id": 0, "system_name": "Attitudinal Psyche", "system_vote_count": 22, "user_vote_type_id": 0, "vote_id": 0}, {"hex_color": "#888888", "id": 7, "personality_type": "XXXX", "personality_type_id": 0, "system_name": "Temperaments", "system_vote_count": 61, "user_vote_type_id": 0, "vote_id": 0}, {"hex_color": "#888888", "id": 11, "personality_type": "XXXX", "personality_type_id": 0, "system_name": "Classic Jungian", "system_vote_count": 5, "user_vote_type_id": 0, "vote_id": 0}], "breakdown_systems": {"1": [{"myValue": "INTP", "personality_system_id": 1, "personality_type": "INTP", "theCount": 296}, {"myValue": "INFP", "personality_system_id": 1, "personality_type": "INFP", "theCount": 47}, {"myValue": "ISTP", "personality_system_id": 1, "personality_type": "ISTP", "theCount": 19}, {"myValue": "INFJ", "personality_system_id": 1, "personality_type": "INFJ", "theCount": 7}, {"myValue": "INTJ", "personality_system_id": 1, "personality_type": "INTJ", "theCount": 6}, {"myValue": "ESFP", "personality_system_id": 1, "personality_type": "ESFP", "theCount": 2}, {"myValue": "ISFJ", "personality_system_id": 1, "personality_type": "ISFJ", "theCount": 2}, {"myValue": "ISTJ", "personality_system_id": 1, "personality_type": "ISTJ", "theCount": 1}], "11": [{"myValue": "IN(T)", "personality_system_id": 11, "personality_type": "IN(T)", "theCount": 2}, {"myValue": "IT(S)", "personality_system_id": 11, "personality_type": "IT(S)", "theCount": 2}, {"myValue": "IS(F)", "personality_system_id": 11, "personality_type": "IS(F)", "theCount": 1}], "2": [{"myValue": "9w8", "personality_system_id": 2, "personality_type": "9w8", "theCount": 169}, {"myValue": "5w4", "personality_system_id": 2, "personality_type": "5w4", "theCount": 32}, {"myValue": "9w1", "personality_system_id": 2, "personality_type": "9w1", "theCount": 24}, {"myValue": "5w6", "personality_system_id": 2, "personality_type": "5w6", "theCount": 15}, {"myValue": "6w5", "personality_system_id": 2, "personality_type": "6w5", "theCount": 4}, {"myValue": "3w4", "personality_system_id": 2, "personality_type": "3w4", "theCount": 1}], "3": [{"myValue": "ILI", "personality_system_id": 3, "personality_type": "ILI", "theCount": 26}, {"myValue": "EII", "personality_system_id": 3, "personality_type": "EII", "theCount": 12}, {"myValue": "SLI", "personality_system_id": 3, "personality_type": "SLI", "theCount": 5}, {"myValue": "IEI", "personality_system_id": 3, "personality_type": "IEI", "theCount": 1}], "4": [{"myValue": "Neutral Good", "personality_system_id": 4, "personality_type": "Neutral Good", "theCount": 12}, {"myValue": "True Neutral", "personality_system_id": 4, "personality_type": "True Neutral", "theCount": 2}], "5": [{"myValue": "sx/sp", "personality_system_id": 5, "personality_type": "sx/sp", "theCount": 79}, {"myValue": "sp/sx", "personality_system_id": 5, "personality_type": "sp/sx", "theCount": 46}, {"myValue": "sx/so", "personality_system_id": 5, "personality_type": "sx/so", "theCount": 3}, {"myValue": "sp/so", "personality_system_id": 5, "personality_type": "sp/so", "theCount": 2}, {"myValue": "so/sp", "personality_system_id": 5, "personality_type": "so/sp", "theCount": 1}], "6": [{"myValue": "925", "personality_system_id": 6, "personality_type": "925", "theCount": 47}, {"myValue": "926", "personality_system_id": 6, "personality_type": "926", "theCount": 23}, {"myValue": "592", "personality_system_id": 6, "personality_type": "592", "theCount": 13}, {"myValue": "594", "personality_system_id": 6, "personality_type": "594", "theCount": 6}, {"myValue": "962", "personality_system_id": 6, "personality_type": "962", "theCount": 6}, {"myValue": "952", "personality_system_id": 6, "personality_type": "952", "theCount": 4}, {"myValue": "549", "personality_system_id": 6, "personality_type": "549", "theCount": 2}, {"myValue": "125", "personality_system_id": 6, "personality_type": "125", "theCount": 1}, {"myValue": "529", "personality_system_id": 6, "personality_type": "529", "theCount": 1}, {"myValue": "682", "personality_system_id": 6, "personality_type": "682", "theCount": 1}, {"myValue": "692", "personality_system_id": 6, "personality_type": "692", "theCount": 1}, {"myValue": "945", "personality_system_id": 6, "personality_type": "945", "theCount": 1}, {"myValue": "954", "personality_system_id": 6, "personality_type": "954", "theCount": 1}, {"myValue": "963", "personality_system_id": 6, "personality_type": "963", "theCount": 1}, {"myValue": "964", "personality_system_id": 6, "personality_type": "964", "theCount": 1}], "7": [{"myValue": "Phlegmatic [Dominant]", "personality_system_id": 7, "personality_type": "Phlegmatic [Dominant]", "theCount": 46}, {"myValue": "Phlegmatic-Choleric", "personality_system_id": 7, "personality_type": "Phlegmatic-Choleric", "theCount": 8}, {"myValue": "Phlegmatic-Melancholic", "personality_system_id": 7, "personality_type": "Phlegmatic-Melancholic", "theCount": 4}, {"myValue": "Choleric-Melancholic", "personality_system_id": 7, "personality_type": "Choleric-Melancholic", "theCount": 1}, {"myValue": "Melancholic-Phlegmatic", "personality_system_id": 7, "personality_type": "Melancholic-Phlegmatic", "theCount": 1}, {"myValue": "Melancholic-Sanguine", "personality_system_id": 7, "personality_type": "Melancholic-Sanguine", "theCount": 1}], "8": [{"myValue": "FLEV", "personality_system_id": 8, "personality_type": "FLEV", "theCount": 16}, {"myValue": "LFEV", "personality_system_id": 8, "personality_type": "LFEV", "theCount": 5}, {"myValue": "ELFV", "personality_system_id": 8, "personality_type": "ELFV", "theCount": 1}], "9": [{"myValue": "RLUEI", "personality_system_id": 9, "personality_type": "RLUEI", "theCount": 25}, {"myValue": "RLUAI", "personality_system_id": 9, "personality_type": "RLUAI", "theCount": 24}, {"myValue": "RCUAI", "personality_system_id": 9, "personality_type": "RCUAI", "theCount": 3}, {"myValue": "RLOAI", "personality_system_id": 9, "personality_type": "RLOAI", "theCount": 2}, {"myValue": "RCUEI", "personality_system_id": 9, "personality_type": "RCUEI", "theCount": 1}, {"myValue": "RLOEI", "personality_system_id": 9, "personality_type": "RLOEI", "theCount": 1}, {"myValue": "RLUEN", "personality_system_id": 9, "personality_type": "RLUEN", "theCount": 1}]}, "breakdown_config": {"expand": {"1": 3, "11": 1, "2": 3, "3": 1, "4": 1, "5": 2, "6": 1, "7": 1, "8": 1, "9": 2}, "fire": {"1": 0, "11": 0, "2": 0, "3": 0, "4": 0, "5": 1, "6": 0, "7": 0, "8": 0, "9": 1}}, "mbti_letter_stats": [{"type": "I", "percentage": "99%", "PercentageFloat": 0.9947368421052631}, {"type": "N", "percentage": "94%", "PercentageFloat": 0.9368421052631579}, {"type": "T", "percentage": "85%", "PercentageFloat": 0.8473684210526315}, {"type": "P", "percentage": "96%", "PercentageFloat": 0.9578947368421052}], "topic_info": {"can_generate": false, "topic": {"description": "", "follow_count": 1, "id": 80853, "is_following": false, "is_join_pending": false, "is_banned": false, "is_moderated": false, "name_readable": "Ranmaru Kageyama", "post_count": 10, "source_profile_id": 101316, "source_type": "profile", "join_to_post": false, "can_pin": false, "related_topics": [{"description": "", "follow_count": 14, "id": 36648, "is_following": false, "is_join_pending": false, "is_banned": false, "is_moderated": false, "name_readable": "Shin Tsukimi", "post_count": 123, "source_profile_id": 41172, "source_type": "profile", "image": {"picURL": "https://static1.personality-database.com/profile_images/0e67e24700064764b3ff945583fa3478.png"}, "join_to_post": false, "can_pin": false}, {"description": "", "follow_count": 9, "id": 80847, "is_following": false, "is_join_pending": false, "is_banned": false, "is_moderated": false, "name_readable": "Sou Hiyori", "post_count": 35, "source_profile_id": 101310, "source_type": "profile", "image": {"picURL": "https://static1.personality-database.com/profile_images/ea39d08dbd154aff9e2f08a85ab73dff.png"}, "join_to_post": false, "can_pin": false}, {"description": "", "follow_count": 0, "id": 36654, "is_following": false, "is_join_pending": false, "is_banned": false, "is_moderated": false, "name_readable": "Rio Ranger", "post_count": 26, "source_profile_id": 41178, "source_type": "profile", "image": {"picURL": "https://static1.personality-database.com/profile_images/80995b12d072429198a199f19c43b2b3.png"}, "join_to_post": false, "can_pin": false}, {"description": "", "follow_count": 1, "id": 36650, "is_following": false, "is_join_pending": false, "is_banned": false, "is_moderated": false, "name_readable": "Keiji Shinogi", "post_count": 16, "source_profile_id": 41174, "source_type": "profile", "image": {"picURL": "https://static1.personality-database.com/profile_images/c40753cd6b6049aab9d3878710ecc283.png"}, "join_to_post": false, "can_pin": false}, {"description": "", "follow_count": 2, "id": 36655, "is_following": false, "is_join_pending": false, "is_banned": false, "is_moderated": false, "name_readable": "Gin Ibushi", "post_count": 14, "source_profile_id": 41179, "source_type": "profile", "image": {"picURL": "https://static1.personality-database.com/profile_images/209371a2d6ba402392ad169e15590b35.png"}, "join_to_post": false, "can_pin": false}, {"description": "", "follow_count": 4, "id": 36649, "is_following": false, "is_join_pending": false, "is_banned": false, "is_moderated": false, "name_readable": "Jou \"Joe\" Tazuna", "post_count": 13, "source_profile_id": 41173, "source_type": "profile", "image": {"picURL": "https://static1.personality-database.com/profile_images/21388064a26e4afd86f100704200046c.png"}, "join_to_post": false, "can_pin": false}, {"description": "", "follow_count": 0, "id": 36656, "is_following": false, "is_join_pending": false, "is_banned": false, "is_moderated": false, "name_readable": "Reko Yabusame", "post_count": 12, "source_profile_id": 41180, "source_type": "profile", "image": {"picURL": "https://static1.personality-database.com/profile_images/9df279455a0348fd92ad8dea4f6c2b85.png"}, "join_to_post": false, "can_pin": false}, {"description": "", "follow_count": 3, "id": 36647, "is_following": false, "is_join_pending": false, "is_banned": false, "is_moderated": false, "name_readable": "Sara Chidouin", "post_count": 12, "source_profile_id": 41171, "source_type": "profile", "image": {"picURL": "https://static1.personality-database.com/profile_images/9f6ea7c48dd5492284944e9dfca3d871.png"}, "join_to_post": false, "can_pin": false}, {"description": "", "follow_count": 1, "id": 36651, "is_following": false, "is_join_pending": false, "is_banned": false, "is_moderated": false, "name_readable": "Kanna Kizuchi", "post_count": 10, "source_profile_id": 41175, "source_type": "profile", "image": {"picURL": "https://static1.personality-database.com/profile_images/b4ea6aaa46574df4a2e31769efcafb9b.png"}, "join_to_post": false, "can_pin": false}, {"description": "", "follow_count": 1, "id": 80853, "is_following": false, "is_join_pending": false, "is_banned": false, "is_moderated": false, "name_readable": "Ranmaru Kageyama", "post_count": 10, "source_profile_id": 101316, "source_type": "profile", "image": {"picURL": "https://static1.personality-database.com/profile_images/497bc5f4c3ef416a83a6f48ba2b1d4cc.png"}, "join_to_post": false, "can_pin": false}, {"description": "", "follow_count": 0, "id": 36653, "is_following": false, "is_join_pending": false, "is_banned": false, "is_moderated": false, "name_readable": "Alice Yabusame", "post_count": 7, "source_profile_id": 41177, "source_type": "profile", "image": {"picURL": "https://static1.personality-database.com/profile_images/7ea28782b1144a57a17a661dd99989b1.png"}, "join_to_post": false, "can_pin": false}, {"description": "", "follow_count": 3, "id": 36652, "is_following": false, "is_join_pending": false, "is_banned": false, "is_moderated": false, "name_readable": "Nao Egokoro", "post_count": 6, "source_profile_id": 41176, "source_type": "profile", "image": {"picURL": "https://static1.personality-database.com/profile_images/4e5300475a464c1281741439a9478329.png"}, "join_to_post": false, "can_pin": false}, {"description": "The AI of Shin Tsukimi that is shown in 3-1. Typing this would give more insight into Shin's pregame personality.", "follow_count": 3, "id": 295419, "is_following": false, "is_join_pending": false, "is_banned": false, "is_moderated": false, "name_readable": "Shin AI", "post_count": 6, "source_profile_id": 383998, "source_type": "profile", "image": {"picURL": "https://static1.personality-database.com/profile_images/eef0fef2e4244e4ba6e09a658310b380.png"}, "join_to_post": false, "can_pin": false}, {"description": "It\u2019s that one guy that talks with Miley and loses the key.", "follow_count": 0, "id": 193491, "is_following": false, "is_join_pending": false, "is_banned": false, "is_moderated": false, "name_readable": "That one guy that talked with Miley", "post_count": 6, "source_profile_id": 250911, "source_type": "profile", "image": {"picURL": "https://static1.personality-database.com/profile_images/0ca107552c324bbcbc189eb371d58750.png"}, "join_to_post": false, "can_pin": false}, {"description": "", "follow_count": 0, "id": 36658, "is_following": false, "is_join_pending": false, "is_banned": false, "is_moderated": false, "name_readable": "Tia Safalin", "post_count": 6, "source_profile_id": 41182, "source_type": "profile", "image": {"picURL": "https://static1.personality-database.com/profile_images/70b4b02299c4416b834e6ba4933d6659.png"}, "join_to_post": false, "can_pin": false}, {"description": "", "follow_count": 2, "id": 82022, "is_following": false, "is_join_pending": false, "is_banned": false, "is_moderated": false, "name_readable": "Maple", "post_count": 5, "source_profile_id": 102969, "source_type": "profile", "image": {"picURL": "https://static1.personality-database.com/profile_images/daf5348ef4b94fc6a0b1627cf4cb5a5d.png"}, "join_to_post": false, "can_pin": false}], "subcategory": "Kimi ga Shine (Your Turn to Die)", "topic_image_url": "https://static1.personality-database.com/profile_images/497bc5f4c3ef416a83a6f48ba2b1d4cc.png", "source_location": {"cid": 11, "pid": 2, "sub_cat_id": 4084}, "can_post_image": false, "can_post_audio": false, "posts": {"posts": [{"username": "mal", "user_pic_path": "https://static1.personality-database.com/user_avatars/261954/68fcb942-466e-4546-824d-5af2b349a7c3_small.jpeg", "user_personality_type": "INTJ-9w1-962", "is_mod": false, "comment_count": 0, "reply_count": 0, "vote_type": 0, "topics_list": [{"id": 80853, "name_readable": "Ranmaru Kageyama"}], "id": 2127270, "post_id": 2127270, "user_id": 261954, "title": "", "content": "yes so me ong fr!", "create_date": 1673049681000, "unix_timestamp": 1673049681000, "update_date": 1673049681000, "vote_count": 0, "vote_count_down": 0, "is_reported": 0, "is_hidden": false, "is_pinned": false, "is_watching": false, "is_pro_user": false, "images": null, "audios": null, "function_list": [], "type": "post"}, {"username": "Wo_avocado", "user_pic_path": "https://static1.personality-database.com/user_avatars/340443/a351e864-56f0-48ea-8d13-3b858569fdbb.jpeg", "user_personality_type": "ISTP-9w8-964", "is_mod": false, "comment_count": 0, "reply_count": 0, "vote_type": 0, "topics_list": [{"id": 80853, "name_readable": "Ranmaru Kageyama"}], "id": 1767473, "post_id": 1767473, "user_id": 340443, "title": "", "content": "racional dom in for him is so much strange.....\ni really think he is way like an IS(x)", "create_date": 1668808428000, "unix_timestamp": 1668808428000, "update_date": 1670460327000, "vote_count": 0, "vote_count_down": 0, "is_reported": 0, "is_hidden": false, "is_pinned": false, "is_watching": false, "is_pro_user": false, "images": null, "audios": null, "function_list": [], "type": "post"}, {"username": "p0rc3l41n", "user_pic_path": "https://lh3.googleusercontent.com/a-/AOh14GhKb8S1Uczs1eO5iANZhetOPQITxara8eDqztlMQg=s96-c", "user_personality_type": "INTP", "is_mod": false, "comment_count": 0, "reply_count": 0, "vote_type": 0, "topics_list": [{"id": 80853, "name_readable": "Ranmaru Kageyama"}], "id": 1331232, "post_id": 1331232, "user_id": 469671, "title": "", "content": "no i hate him he\u2019s my least favorite character we can\u2019t have the same personality type", "create_date": 1663106968000, "unix_timestamp": 1663106968000, "update_date": 1663106968000, "vote_count": 1, "vote_count_down": 0, "is_reported": 0, "is_hidden": false, "is_pinned": false, "is_watching": false, "is_pro_user": false, "images": null, "audios": null, "function_list": [], "type": "post"}]}}}}