{"id": 10241, "mbti_profile": "Toko Fukawa", "profile_name_searchable": "tokofukawa", "allow_commenting": true, "allow_voting": true, "user_id": 2571, "contributor": "Lily2571", "contributor_create_date": "2018-02-20 22:38:39", "contributor_pic_path": "https://lh5.googleusercontent.com/-35y2bZsSbaU/AAAAAAAAAAI/AAAAAAAAAAA/AAKWJJN_QaLWBRmDu6V0jRIjVsZnpRB96Q/s96-c/photo.jpg", "display_order": 0, "edit_lock": 1, "edit_lock_picture": 1, "is_active": true, "is_approved": true, "mbti_enneagram_type": "INFP 6w5", "mbti_type": "INFP 6w5", "pdb_comment_access": true, "pdb_page_owner": 0, "pdb_public_access": true, "wiki_description": "Toko Fukawa\u00a0(\u8150\u5ddd \u51ac\u5b50), is a student in\u00a0Hope's Peak Academy's\u00a0Class 78th, and a participant of the\u00a0Killing School Life\u00a0featured in\u00a0Danganronpa: Trigger Happy Havoc. Her title is the\u00a0Ultimate\u00a0Writing Prodigy\u00a0(\u8d85\u9ad8\u6821\u7d1a\u306e\u300c\u6587\u5b66\u5c11\u5973\u300d lit.\u00a0Super High School Level Literary Girl).\nShe later returns as one of the main protagonists in\u00a0Danganronpa Another Episode: Ultra Despair Girls\u00a0alongside\u00a0Komaru Naegi.", "watch_count": 1819, "comment_count": 180, "vote_count": 783, "vote_count_enneagram": 601, "vote_count_mbti": 783, "total_vote_counts": 2437, "personality_type": "INFP - 6w5 - sx/sp - 648 - IEI - RLUEI - ELVF - Melancholic [Dominant] - IF(N)", "type_updated_date": "2022-11-15 11:48:17", "enneagram_vote": "", "enneagram_vote_id": 0, "mbti_vote": "", "mbti_vote_id": 0, "is_watching": false, "image_exists": false, "profile_image_url": "https://static1.personality-database.com/profile_images/0358fb6a3b8d4d20b00e35fe9bc41543.png", "profile_image_credit": "", "profile_image_credit_id": 220311, "profile_image_credit_type": "0", "profile_image_credit_url": "", "alt_subcategory": "", "related_subcategories": "1651|||Danganronpa Another Episode: Ultra Despair Girls", "cat_id": 11, "category": "Gaming", "category_is_fictional": true, "sub_cat_id": 1376, "subcategory": "Danganronpa: Trigger Happy Havoc", "subcat_link_info": {"sub_cat_id": 1376, "cat_id": 11, "property_id": 2, "subcategory": "Danganronpa: Trigger Happy Havoc"}, "related_subcat_link_info": [{"sub_cat_id": 1651, "cat_id": 11, "property_id": 2, "subcategory": "Danganronpa Another Episode: Ultra Despair Girls"}], "related_profiles": [{"id": 10251, "mbti_profile": "Junko Enoshima", "subcategory": "Danganronpa: Trigger Happy Havoc", "profile_image_url": "https://static1.personality-database.com/profile_images/3e4e0ea5de574004a18977fe01297656.png", "profile_name": "Junko Enoshima", "profile_subcat": "Danganronpa: Trigger Happy Havoc", "sub_cat_id": 1376, "cat_id": 11, "property_id": 2, "mbti": "ENFP", "enneatype": "7w8"}, {"id": 10243, "mbti_profile": "Celestia Ludenberg", "subcategory": "Danganronpa: Trigger Happy Havoc", "profile_image_url": "https://static1.personality-database.com/profile_images/5972d2741c2d4032aa986fd86354c8d7.png", "profile_name": "Celestia Ludenberg", "profile_subcat": "Danganronpa: Trigger Happy Havoc", "sub_cat_id": 1376, "cat_id": 11, "property_id": 2, "mbti": "ISTP", "enneatype": "3w4"}, {"id": 10239, "mbti_profile": "Ky\u014dko Kirigiri", "subcategory": "Danganronpa: Trigger Happy Havoc", "profile_image_url": "https://static1.personality-database.com/profile_images/837d65c0981f47a695644dfd8cfe31e1.png", "profile_name": "Ky\u014dko Kirigiri", "profile_subcat": "Danganronpa: Trigger Happy Havoc", "sub_cat_id": 1376, "cat_id": 11, "property_id": 2, "mbti": "INTJ", "enneatype": "5w6"}, {"id": 10240, "mbti_profile": "Byakuya Togami", "subcategory": "Danganronpa: Trigger Happy Havoc", "profile_image_url": "https://static1.personality-database.com/profile_images/727c170a4f9947a1a1350e427ea1ca84.png", "profile_name": "Byakuya Togami", "profile_subcat": "Danganronpa: Trigger Happy Havoc", "sub_cat_id": 1376, "cat_id": 11, "property_id": 2, "mbti": "ENTJ", "enneatype": "8w7"}, {"id": 10238, "mbti_profile": "Makoto Naegi", "subcategory": "Danganronpa: Trigger Happy Havoc", "profile_image_url": "https://static1.personality-database.com/profile_images/9b4acd6baee04ce8a2da8df410974ad4.png", "profile_name": "Makoto Naegi", "profile_subcat": "Danganronpa: Trigger Happy Havoc", "sub_cat_id": 1376, "cat_id": 11, "property_id": 2, "mbti": "ENFJ", "enneatype": "9w1"}, {"id": 10247, "mbti_profile": "Sayaka Maizono", "subcategory": "Danganronpa: Trigger Happy Havoc", "profile_image_url": "https://static1.personality-database.com/profile_images/82ff6aa8646440fc9a483563b6c77215.png", "profile_name": "Sayaka Maizono", "profile_subcat": "Danganronpa: Trigger Happy Havoc", "sub_cat_id": 1376, "cat_id": 11, "property_id": 2, "mbti": "ENFJ", "enneatype": "3w2"}, {"id": 30677, "mbti_profile": "Mondo Owada", "subcategory": "Danganronpa: Trigger Happy Havoc", "profile_image_url": "https://static1.personality-database.com/profile_images/1646440471b441a1ace239dc8c8c214f.png", "profile_name": "Mondo Owada", "profile_subcat": "Danganronpa: Trigger Happy Havoc", "sub_cat_id": 1376, "cat_id": 11, "property_id": 2, "mbti": "ESFP", "enneatype": "8w7"}, {"id": 30686, "mbti_profile": "Mukuro Ikusaba", "subcategory": "Danganronpa: Trigger Happy Havoc", "profile_image_url": "https://static1.personality-database.com/profile_images/1c8c1d003029465f9b6439fa6689e666.png", "profile_name": "Mukuro Ikusaba", "profile_subcat": "Danganronpa: Trigger Happy Havoc", "sub_cat_id": 1376, "cat_id": 11, "property_id": 2, "mbti": "ISTJ", "enneatype": "6w5"}], "functions": ["Fi", "Ne", "Si", "Te"], "systems": [{"hex_color": "#888888", "id": 1, "personality_type": "XXXX", "personality_type_id": 0, "system_name": "Four Letter", "system_vote_count": 761, "user_vote_type_id": 0, "vote_id": 0}, {"hex_color": "#006775", "id": 2, "personality_type": "XXXX", "personality_type_id": 0, "system_name": "Enneagram", "system_vote_count": 577, "user_vote_type_id": 0, "vote_id": 0}, {"hex_color": "#006775", "id": 5, "personality_type": "XXXX", "personality_type_id": 0, "system_name": "Instinctual Variant", "system_vote_count": 278, "user_vote_type_id": 0, "vote_id": 0}, {"hex_color": "#006775", "id": 6, "personality_type": "XXXX", "personality_type_id": 0, "system_name": "Tritype", "system_vote_count": 211, "user_vote_type_id": 0, "vote_id": 0}, {"hex_color": "#888888", "id": 3, "personality_type": "XXXX", "personality_type_id": 0, "system_name": "Socionics", "system_vote_count": 81, "user_vote_type_id": 0, "vote_id": 0}, {"hex_color": "#888888", "id": 9, "personality_type": "XXXX", "personality_type_id": 0, "system_name": "Big 5 (SLOAN)", "system_vote_count": 163, "user_vote_type_id": 0, "vote_id": 0}, {"hex_color": "#888888", "id": 8, "personality_type": "XXXX", "personality_type_id": 0, "system_name": "Attitudinal Psyche", "system_vote_count": 63, "user_vote_type_id": 0, "vote_id": 0}, {"hex_color": "#888888", "id": 7, "personality_type": "XXXX", "personality_type_id": 0, "system_name": "Temperaments", "system_vote_count": 214, "user_vote_type_id": 0, "vote_id": 0}, {"hex_color": "#888888", "id": 11, "personality_type": "XXXX", "personality_type_id": 0, "system_name": "Classic Jungian", "system_vote_count": 15, "user_vote_type_id": 0, "vote_id": 0}], "breakdown_systems": {"1": [{"myValue": "INFP", "personality_system_id": 1, "personality_type": "INFP", "theCount": 674}, {"myValue": "ISFP", "personality_system_id": 1, "personality_type": "ISFP", "theCount": 36}, {"myValue": "INTP", "personality_system_id": 1, "personality_type": "INTP", "theCount": 19}, {"myValue": "INFJ", "personality_system_id": 1, "personality_type": "INFJ", "theCount": 7}, {"myValue": "ESTJ", "personality_system_id": 1, "personality_type": "ESTJ", "theCount": 4}, {"myValue": "ISTJ", "personality_system_id": 1, "personality_type": "ISTJ", "theCount": 4}, {"myValue": "INTJ", "personality_system_id": 1, "personality_type": "INTJ", "theCount": 3}, {"myValue": "ENTJ", "personality_system_id": 1, "personality_type": "ENTJ", "theCount": 2}, {"myValue": "ESFJ", "personality_system_id": 1, "personality_type": "ESFJ", "theCount": 2}, {"myValue": "ESTP", "personality_system_id": 1, "personality_type": "ESTP", "theCount": 2}, {"myValue": "ISFJ", "personality_system_id": 1, "personality_type": "ISFJ", "theCount": 2}, {"myValue": "ISTP", "personality_system_id": 1, "personality_type": "ISTP", "theCount": 2}, {"myValue": "ENFJ", "personality_system_id": 1, "personality_type": "ENFJ", "theCount": 1}, {"myValue": "ENFP", "personality_system_id": 1, "personality_type": "ENFP", "theCount": 1}, {"myValue": "ENTP", "personality_system_id": 1, "personality_type": "ENTP", "theCount": 1}, {"myValue": "ESFP", "personality_system_id": 1, "personality_type": "ESFP", "theCount": 1}], "10": [{"myValue": "Right-brained Introvert", "personality_system_id": 10, "personality_type": "Right-brained Introvert", "theCount": 1}], "11": [{"myValue": "IF(N)", "personality_system_id": 11, "personality_type": "IF(N)", "theCount": 9}, {"myValue": "IN(F)", "personality_system_id": 11, "personality_type": "IN(F)", "theCount": 4}, {"myValue": "IF(S)", "personality_system_id": 11, "personality_type": "IF(S)", "theCount": 2}], "2": [{"myValue": "6w5", "personality_system_id": 2, "personality_type": "6w5", "theCount": 397}, {"myValue": "4w5", "personality_system_id": 2, "personality_type": "4w5", "theCount": 149}, {"myValue": "4w3", "personality_system_id": 2, "personality_type": "4w3", "theCount": 11}, {"myValue": "5w6", "personality_system_id": 2, "personality_type": "5w6", "theCount": 4}, {"myValue": "5w4", "personality_system_id": 2, "personality_type": "5w4", "theCount": 3}, {"myValue": "9w8", "personality_system_id": 2, "personality_type": "9w8", "theCount": 3}, {"myValue": "1w9", "personality_system_id": 2, "personality_type": "1w9", "theCount": 2}, {"myValue": "2w3", "personality_system_id": 2, "personality_type": "2w3", "theCount": 2}, {"myValue": "3w4", "personality_system_id": 2, "personality_type": "3w4", "theCount": 2}, {"myValue": "3w2", "personality_system_id": 2, "personality_type": "3w2", "theCount": 1}, {"myValue": "6w7", "personality_system_id": 2, "personality_type": "6w7", "theCount": 1}, {"myValue": "7w8", "personality_system_id": 2, "personality_type": "7w8", "theCount": 1}, {"myValue": "9w1", "personality_system_id": 2, "personality_type": "9w1", "theCount": 1}], "3": [{"myValue": "IEI", "personality_system_id": 3, "personality_type": "IEI", "theCount": 66}, {"myValue": "EIE", "personality_system_id": 3, "personality_type": "EIE", "theCount": 4}, {"myValue": "EII", "personality_system_id": 3, "personality_type": "EII", "theCount": 4}, {"myValue": "SEI", "personality_system_id": 3, "personality_type": "SEI", "theCount": 3}, {"myValue": "ESI", "personality_system_id": 3, "personality_type": "ESI", "theCount": 2}, {"myValue": "ILI", "personality_system_id": 3, "personality_type": "ILI", "theCount": 1}, {"myValue": "SLI", "personality_system_id": 3, "personality_type": "SLI", "theCount": 1}], "4": [{"myValue": "Chaotic Neutral", "personality_system_id": 4, "personality_type": "Chaotic Neutral", "theCount": 58}, {"myValue": "True Neutral", "personality_system_id": 4, "personality_type": "True Neutral", "theCount": 12}, {"myValue": "Chaotic Good", "personality_system_id": 4, "personality_type": "Chaotic Good", "theCount": 2}, {"myValue": "Lawful Neutral", "personality_system_id": 4, "personality_type": "Lawful Neutral", "theCount": 1}], "5": [{"myValue": "sx/sp", "personality_system_id": 5, "personality_type": "sx/sp", "theCount": 103}, {"myValue": "sp/sx", "personality_system_id": 5, "personality_type": "sp/sx", "theCount": 95}, {"myValue": "so/sx", "personality_system_id": 5, "personality_type": "so/sx", "theCount": 62}, {"myValue": "sx/so", "personality_system_id": 5, "personality_type": "sx/so", "theCount": 12}, {"myValue": "so/sp", "personality_system_id": 5, "personality_type": "so/sp", "theCount": 4}, {"myValue": "sp/so", "personality_system_id": 5, "personality_type": "sp/so", "theCount": 2}], "6": [{"myValue": "648", "personality_system_id": 6, "personality_type": "648", "theCount": 89}, {"myValue": "641", "personality_system_id": 6, "personality_type": "641", "theCount": 36}, {"myValue": "468", "personality_system_id": 6, "personality_type": "468", "theCount": 29}, {"myValue": "649", "personality_system_id": 6, "personality_type": "649", "theCount": 22}, {"myValue": "461", "personality_system_id": 6, "personality_type": "461", "theCount": 12}, {"myValue": "469", "personality_system_id": 6, "personality_type": "469", "theCount": 8}, {"myValue": "458", "personality_system_id": 6, "personality_type": "458", "theCount": 3}, {"myValue": "684", "personality_system_id": 6, "personality_type": "684", "theCount": 2}, {"myValue": "136", "personality_system_id": 6, "personality_type": "136", "theCount": 1}, {"myValue": "137", "personality_system_id": 6, "personality_type": "137", "theCount": 1}, {"myValue": "251", "personality_system_id": 6, "personality_type": "251", "theCount": 1}, {"myValue": "279", "personality_system_id": 6, "personality_type": "279", "theCount": 1}, {"myValue": "459", "personality_system_id": 6, "personality_type": "459", "theCount": 1}, {"myValue": "514", "personality_system_id": 6, "personality_type": "514", "theCount": 1}, {"myValue": "612", "personality_system_id": 6, "personality_type": "612", "theCount": 1}, {"myValue": "638", "personality_system_id": 6, "personality_type": "638", "theCount": 1}, {"myValue": "682", "personality_system_id": 6, "personality_type": "682", "theCount": 1}, {"myValue": "973", "personality_system_id": 6, "personality_type": "973", "theCount": 1}], "7": [{"myValue": "Melancholic [Dominant]", "personality_system_id": 7, "personality_type": "Melancholic [Dominant]", "theCount": 171}, {"myValue": "Melancholic-Choleric", "personality_system_id": 7, "personality_type": "Melancholic-Choleric", "theCount": 32}, {"myValue": "Choleric-Melancholic", "personality_system_id": 7, "personality_type": "Choleric-Melancholic", "theCount": 3}, {"myValue": "Melancholic-Phlegmatic", "personality_system_id": 7, "personality_type": "Melancholic-Phlegmatic", "theCount": 3}, {"myValue": "Sanguine [Dominant]", "personality_system_id": 7, "personality_type": "Sanguine [Dominant]", "theCount": 2}, {"myValue": "Melancholic-Sanguine", "personality_system_id": 7, "personality_type": "Melancholic-Sanguine", "theCount": 1}, {"myValue": "Phlegmatic-Melancholic", "personality_system_id": 7, "personality_type": "Phlegmatic-Melancholic", "theCount": 1}, {"myValue": "Phlegmatic-Sanguine", "personality_system_id": 7, "personality_type": "Phlegmatic-Sanguine", "theCount": 1}], "8": [{"myValue": "ELVF", "personality_system_id": 8, "personality_type": "ELVF", "theCount": 48}, {"myValue": "ELFV", "personality_system_id": 8, "personality_type": "ELFV", "theCount": 8}, {"myValue": "LFEV", "personality_system_id": 8, "personality_type": "LFEV", "theCount": 3}, {"myValue": "EVLF", "personality_system_id": 8, "personality_type": "EVLF", "theCount": 2}, {"myValue": "FELV", "personality_system_id": 8, "personality_type": "FELV", "theCount": 1}, {"myValue": "LVFE", "personality_system_id": 8, "personality_type": "LVFE", "theCount": 1}], "9": [{"myValue": "RLUEI", "personality_system_id": 9, "personality_type": "RLUEI", "theCount": 106}, {"myValue": "RLOAI", "personality_system_id": 9, "personality_type": "RLOAI", "theCount": 28}, {"myValue": "RLOEI", "personality_system_id": 9, "personality_type": "RLOEI", "theCount": 20}, {"myValue": "RLUAI", "personality_system_id": 9, "personality_type": "RLUAI", "theCount": 3}, {"myValue": "RLUEN", "personality_system_id": 9, "personality_type": "RLUEN", "theCount": 2}, {"myValue": "RCUAI", "personality_system_id": 9, "personality_type": "RCUAI", "theCount": 1}, {"myValue": "RCUEI", "personality_system_id": 9, "personality_type": "RCUEI", "theCount": 1}, {"myValue": "RLOEN", "personality_system_id": 9, "personality_type": "RLOEN", "theCount": 1}, {"myValue": "SCOAN", "personality_system_id": 9, "personality_type": "SCOAN", "theCount": 1}]}, "breakdown_config": {"expand": {"1": 3, "10": 1, "11": 1, "2": 3, "3": 1, "4": 1, "5": 3, "6": 1, "7": 1, "8": 1, "9": 1}, "fire": {"1": 0, "10": 0, "11": 0, "2": 0, "3": 0, "4": 0, "5": 1, "6": 0, "7": 0, "8": 0, "9": 0}}, "mbti_letter_stats": [{"type": "I", "percentage": "98%", "PercentageFloat": 0.9816031537450722}, {"type": "N", "percentage": "93%", "PercentageFloat": 0.9303547963206308}, {"type": "F", "percentage": "95%", "PercentageFloat": 0.9513797634691196}, {"type": "P", "percentage": "97%", "PercentageFloat": 0.9671484888304862}], "topic_info": {"can_generate": false, "topic": {"description": "Toko Fukawa\u00a0(\u8150\u5ddd \u51ac\u5b50), is a student in\u00a0Hope's Peak Academy's\u00a0Class 78th, and a participant of the\u00a0Killing School Life\u00a0featured in\u00a0Danganronpa: Trigger Happy Havoc. Her title is the\u00a0Ultimate\u00a0Writing Prodigy\u00a0(\u8d85\u9ad8\u6821\u7d1a\u306e\u300c\u6587\u5b66\u5c11\u5973\u300d lit.\u00a0Super High School Level Literary Girl).\nShe later returns as one of the main protagonists in\u00a0Danganronpa Another Episode: Ultra Despair Girls\u00a0alongside\u00a0Komaru Naegi.", "follow_count": 6, "id": 9567, "is_following": false, "is_join_pending": false, "is_banned": false, "is_moderated": false, "name_readable": "Toko Fukawa", "post_count": 35, "source_profile_id": 10241, "source_type": "profile", "join_to_post": false, "can_pin": false, "related_topics": [{"description": "Junko Enoshima\u00a0(\u6c5f\u30ce\u5cf6 \u76fe\u5b50), is a student in\u00a0Hope's Peak Academy's\u00a0Class 78th, and a participant of the\u00a0Killing School Life\u00a0featured in\u00a0Danganronpa: Trigger Happy Havoc. Her title is the\u00a0Ultimate\u00a0Fashionista\u00a0(\u8d85\u9ad8\u6821\u7d1a\u306e\u300c\u30ae\u30e3\u30eb\u300d lit.\u00a0Super High School Level\u00a0Gyaru). #MegumiToyoguchi\n", "follow_count": 3, "id": 9577, "is_following": false, "is_join_pending": false, "is_banned": false, "is_moderated": false, "name_readable": "Junko Enoshima", "post_count": 86, "source_profile_id": 10251, "source_type": "profile", "image": {"picURL": "https://static1.personality-database.com/profile_images/3e4e0ea5de574004a18977fe01297656.png"}, "join_to_post": false, "can_pin": false}, {"description": "Celestia Ludenberg, also known as\u00a0Celeste, is a student in\u00a0Hope's Peak Academy's\u00a0Class 78th, and a participant of the\u00a0Killing School Life\u00a0featured in\u00a0Danganronpa: Trigger Happy Havoc. Her title is the\u00a0Ultimate\u00a0Gambler.", "follow_count": 6, "id": 9569, "is_following": false, "is_join_pending": false, "is_banned": false, "is_moderated": false, "name_readable": "Celestia Ludenberg", "post_count": 84, "source_profile_id": 10243, "source_type": "profile", "image": {"picURL": "https://static1.personality-database.com/profile_images/5972d2741c2d4032aa986fd86354c8d7.png"}, "join_to_post": false, "can_pin": false}, {"description": "Byakuya Togami (\u5341\u795e \u767d\u591c), is a student in Hope's Peak Academy's Class 78th, and a participant of the Killing School Life featured in Danganronpa: Trigger Happy Havoc. His title is the Ultimate Affluent Progeny (\u8d85\u9ad8\u6821\u7d1a\u306e\u300c\u5fa1\u66f9\u53f8\u300dlit. Super High School Level Heir).", "follow_count": 4, "id": 9566, "is_following": false, "is_join_pending": false, "is_banned": false, "is_moderated": false, "name_readable": "Byakuya Togami", "post_count": 41, "source_profile_id": 10240, "source_type": "profile", "image": {"picURL": "https://static1.personality-database.com/profile_images/727c170a4f9947a1a1350e427ea1ca84.png"}, "join_to_post": false, "can_pin": false}, {"description": "Makoto Naegi (\u82d7\u6728 \u8aa0), is a student in Hope's Peak Academy's Class 78th, and a participant of the Killing School Life featured in Danganronpa: Trigger Happy Havoc. His title is the Ultimate Lucky Student (\u8d85\u9ad8\u6821\u7d1a\u306e\u300c\u5e78\u904b\u300dlit. Super High School Level Good Luck).", "follow_count": 3, "id": 9564, "is_following": false, "is_join_pending": false, "is_banned": false, "is_moderated": false, "name_readable": "Makoto Naegi", "post_count": 38, "source_profile_id": 10238, "source_type": "profile", "image": {"picURL": "https://static1.personality-database.com/profile_images/9b4acd6baee04ce8a2da8df410974ad4.png"}, "join_to_post": false, "can_pin": false}, {"description": "Kyoko Kirigiri is a student in Hope's Peak Academy's Class 78th, and a participant of the Killing School Life featured in Danganronpa: Trigger Happy Havoc. She doesn't remember her talent at the beginning of the Killing Game, so her title is the Ultimate ???", "follow_count": 7, "id": 9565, "is_following": false, "is_join_pending": false, "is_banned": false, "is_moderated": false, "name_readable": "Ky\u014dko Kirigiri", "post_count": 37, "source_profile_id": 10239, "source_type": "profile", "image": {"picURL": "https://static1.personality-database.com/profile_images/837d65c0981f47a695644dfd8cfe31e1.png"}, "join_to_post": false, "can_pin": false}, {"description": "Toko Fukawa\u00a0(\u8150\u5ddd \u51ac\u5b50), is a student in\u00a0Hope's Peak Academy's\u00a0Class 78th, and a participant of the\u00a0Killing School Life\u00a0featured in\u00a0Danganronpa: Trigger Happy Havoc. Her title is the\u00a0Ultimate\u00a0Writing Prodigy\u00a0(\u8d85\u9ad8\u6821\u7d1a\u306e\u300c\u6587\u5b66\u5c11\u5973\u300d lit.\u00a0Super High School Level Literary Girl).\nShe later returns as one of the main protagonists in\u00a0Danganronpa Another Episode: Ultra Despair Girls\u00a0alongside\u00a0Komaru Naegi.", "follow_count": 6, "id": 9567, "is_following": false, "is_join_pending": false, "is_banned": false, "is_moderated": false, "name_readable": "Toko Fukawa", "post_count": 35, "source_profile_id": 10241, "source_type": "profile", "image": {"picURL": "https://static1.personality-database.com/profile_images/0358fb6a3b8d4d20b00e35fe9bc41543.png"}, "join_to_post": false, "can_pin": false}, {"description": "Chihiro Fujisaki\u00a0(\u4e0d\u4e8c\u54b2 \u5343\u5c0b), is a student in\u00a0Hope's Peak Academy's\u00a0Class 78th, and a participant of the\u00a0Killing School Life\u00a0featured in\u00a0Danganronpa: Trigger Happy Havoc. Chihiro's title is the\u00a0Ultimate\u00a0Programmer\u00a0(\u8d85\u9ad8\u6821\u7d1a\u306e\u300c\u30d7\u30ed\u30b0\u30e9\u30de\u30fc\u300d lit.\u00a0Super High School Level Programmer).", "follow_count": 4, "id": 9571, "is_following": false, "is_join_pending": false, "is_banned": false, "is_moderated": false, "name_readable": "Chihiro Fujisaki", "post_count": 22, "source_profile_id": 10245, "source_type": "profile", "image": {"picURL": "https://static1.personality-database.com/profile_images/b3cf762a755a42c5a78439d2e898cfc3.png"}, "join_to_post": false, "can_pin": false}, {"description": "Sayaka Maizono\u00a0(\u821e\u5712 \u3055\u3084\u304b), is a student in\u00a0Hope's Peak Academy's\u00a0Class 78th, and a participant of the\u00a0Killing School Life, featured in\u00a0Danganronpa: Trigger Happy Havoc. Her title is the\u00a0Ultimate\u00a0Pop Sensation\u00a0(\u8d85\u9ad8\u6821\u7d1a\u306e\u300c\u30a2\u30a4\u30c9\u30eb\u300d lit.\u00a0Super High School Level Idol).", "follow_count": 1, "id": 9573, "is_following": false, "is_join_pending": false, "is_banned": false, "is_moderated": false, "name_readable": "Sayaka Maizono", "post_count": 21, "source_profile_id": 10247, "source_type": "profile", "image": {"picURL": "https://static1.personality-database.com/profile_images/82ff6aa8646440fc9a483563b6c77215.png"}, "join_to_post": false, "can_pin": false}, {"description": "Aoi Asahina\u00a0(\u671d\u65e5\u5948 \u8475), also known as\u00a0Hina, is a student in\u00a0Hope's Peak Academy's\u00a0Class 78th, and a participant of the\u00a0Killing School Life\u00a0featured in\u00a0Danganronpa: Trigger Happy Havoc. Her title is the\u00a0Ultimate\u00a0Swimming Pro\u00a0(\u8d85\u9ad8\u6821\u7d1a\u306e\u300c\u30b9\u30a4\u30de\u30fc\u300dlit.\u00a0Super High School Level Swimmer).", "follow_count": 0, "id": 9568, "is_following": false, "is_join_pending": false, "is_banned": false, "is_moderated": false, "name_readable": "Aoi Asahina", "post_count": 16, "source_profile_id": 10242, "source_type": "profile", "image": {"picURL": "https://static1.personality-database.com/profile_images/fe843f528001469d9cc9ba6a2312b0b9.png"}, "join_to_post": false, "can_pin": false}, {"description": "Monokuma\u00a0(\u30e2\u30ce\u30af\u30de) is a stuffed robotic bear and the self-proclaimed Headmaster of\u00a0Hope's Peak Academy\u00a0who instigates the\u00a0Killing School Life\u00a0featured in\u00a0the Danganronpa series.", "follow_count": 2, "id": 9578, "is_following": false, "is_join_pending": false, "is_banned": false, "is_moderated": false, "name_readable": "Monokuma", "post_count": 16, "source_profile_id": 10252, "source_type": "profile", "image": {"picURL": "https://static1.personality-database.com/profile_images/3267c4e3a2ff49aeb2125048d64938b3.png"}, "join_to_post": false, "can_pin": false}, {"description": "Hifumi Yamada\u00a0(\u5c71\u7530 \u4e00\u4e8c\u4e09), is a student in\u00a0Hope's Peak Academy's\u00a0Class 78th, and a participant of the\u00a0Killing School Life\u00a0featured in\u00a0Danganronpa: Trigger Happy Havoc. His title is the\u00a0Ultimate\u00a0Fanfic Creator\u00a0(\u8d85\u9ad8\u6821\u7d1a\u306e\u300c\u540c\u4eba\u4f5c\u5bb6\u300d lit.\u00a0Super High School Level D\u014djin Author).", "follow_count": 0, "id": 9570, "is_following": false, "is_join_pending": false, "is_banned": false, "is_moderated": false, "name_readable": "Hifumi Yamada", "post_count": 10, "source_profile_id": 10244, "source_type": "profile", "image": {"picURL": "https://static1.personality-database.com/profile_images/99aded4de113418ab588d5b2ff79b4da.png"}, "join_to_post": false, "can_pin": false}, {"description": "Sakura Ogami\u00a0(\u5927\u795e \u3055\u304f\u3089), is a student in\u00a0Hope's Peak Academy's\u00a0Class 78th, and a participant of the\u00a0Killing School Life\u00a0featured in\u00a0Danganronpa: Trigger Happy Havoc. Her title is the\u00a0Ultimate\u00a0Martial Artist\u00a0(\u8d85\u9ad8\u6821\u7d1a\u306e\u300c\u683c\u95d8\u5bb6\u300d lit.\u00a0Super High School Level Fighter).", "follow_count": 0, "id": 9574, "is_following": false, "is_join_pending": false, "is_banned": false, "is_moderated": false, "name_readable": "Sakura Ogami", "post_count": 10, "source_profile_id": 10248, "source_type": "profile", "image": {"picURL": "https://static1.personality-database.com/profile_images/6506edf1027b4013813df8ea40070e22.png"}, "join_to_post": false, "can_pin": false}, {"description": "Yasuhiro Hagakure\u00a0(\u8449\u96a0 \u5eb7\u6bd4\u5442), also known as\u00a0Hiro, is a student in\u00a0Hope's Peak Academy's\u00a0Class 78th, and a participant of the\u00a0Killing School Life\u00a0featured in\u00a0Danganronpa: Trigger Happy Havoc. His title is the\u00a0Ultimate\u00a0Clairvoyant\u00a0(\u8d85\u9ad8\u6821\u7d1a\u306e\u300c\u5360\u3044\u5e2b\u300d lit.\u00a0Super High School Level Fortune-Teller).Years later, he is a participant of the\u00a0Final Killing Game\u00a0featured in\u00a0Danganronpa 3: The End of Hope's Peak High School\u00a0with the\u00a0Future Foundation\u00a0Directors.", "follow_count": 0, "id": 9576, "is_following": false, "is_join_pending": false, "is_banned": false, "is_moderated": false, "name_readable": "Yasuhiro Hagakure", "post_count": 10, "source_profile_id": 10250, "source_type": "profile", "image": {"picURL": "https://static1.personality-database.com/profile_images/b3b38dd0b3a5417fbaeba96bc38f3965.png"}, "join_to_post": false, "can_pin": false}, {"description": "Mondo Owada\u00a0(\u5927\u548c\u7530 \u7d0b\u571f), is a student in\u00a0Hope's Peak Academy's\u00a0Class 78th, and a participant of the\u00a0Killing School Life\u00a0featured in\u00a0Danganronpa: Trigger Happy Havoc. His title is the\u00a0Ultimate\u00a0Biker Gang Leader\u00a0(\u8d85\u9ad8\u6821\u7d1a\u306e\u300c\u66b4\u8d70\u65cf\u300dlit.\u00a0Super High School Level Gang Leader).", "follow_count": 0, "id": 27671, "is_following": false, "is_join_pending": false, "is_banned": false, "is_moderated": false, "name_readable": "Mondo Owada", "post_count": 8, "source_profile_id": 30677, "source_type": "profile", "image": {"picURL": "https://static1.personality-database.com/profile_images/1646440471b441a1ace239dc8c8c214f.png"}, "join_to_post": false, "can_pin": false}, {"description": "Leon Kuwata\u00a0(\u6851\u7530 \u601c\u6069) is a student in\u00a0Hope's Peak Academy's\u00a0Class 78th, and a participant of the\u00a0Killing School Life\u00a0featured in\u00a0Danganronpa: Trigger Happy Havoc. His title is the\u00a0Ultimate\u00a0Baseball Star\u00a0(\u8d85\u9ad8\u6821\u7d1a\u306e\u300c\u91ce\u7403\u9078\u624b\u300dlit.\u00a0Super High School Level Baseball Player). However, he states he wishes to change his title to the\u00a0Ultimate Musician\u00a0(\u8d85\u9ad8\u6821\u7d1a\u306e\u300c\u30df\u30e5\u30fc\u30b8\u30b7\u30e3\u30f3\u300dlit.\u00a0Super High School Level Musician).#TakahiroSakurai", "follow_count": 2, "id": 9575, "is_following": false, "is_join_pending": false, "is_banned": false, "is_moderated": false, "name_readable": "Leon Kuwata", "post_count": 6, "source_profile_id": 10249, "source_type": "profile", "image": {"picURL": "https://static1.personality-database.com/profile_images/21fd59a0cc344568bb77845e4ab88b5e.png"}, "join_to_post": false, "can_pin": false}, {"description": "Mukuro Ikusaba\u00a0(\u6226\u5203 \u3080\u304f\u308d) (also known as \"Mukuro Ikusaba, the 16th Student, lying hidden somewhere in this school\u2026 the one they call the Ultimate Despair, Watch out for her\"), is a student in\u00a0Hope's Peak Academy's\u00a078th class and a participant of the\u00a0Killing School Life\u00a0featured in\u00a0Danganronpa: Trigger Happy Havoc. Her title is the\u00a0Ultimate\u00a0Soldier\u00a0(\u8d85\u9ad8\u6821\u7d1a\u306e\u300c\u8ecd\u4eba\u300d lit.\u00a0Super High School Level Soldier).", "follow_count": 2, "id": 27678, "is_following": false, "is_join_pending": false, "is_banned": false, "is_moderated": false, "name_readable": "Mukuro Ikusaba", "post_count": 6, "source_profile_id": 30686, "source_type": "profile", "image": {"picURL": "https://static1.personality-database.com/profile_images/1c8c1d003029465f9b6439fa6689e666.png"}, "join_to_post": false, "can_pin": false}], "subcategory": "Danganronpa: Trigger Happy Havoc", "topic_image_url": "https://static1.personality-database.com/profile_images/0358fb6a3b8d4d20b00e35fe9bc41543.png", "source_location": {"cid": 11, "pid": 2, "sub_cat_id": 1376}, "can_post_image": false, "can_post_audio": false, "posts": {"posts": [{"username": "Kiten", "user_pic_path": "https://static1.personality-database.com/user_avatars/1480751/3bba82fd-f288-43f5-9525-f64cdfd8032c_small.jpeg", "user_personality_type": "INTP-5w4", "is_mod": false, "comment_count": 0, "reply_count": 0, "vote_type": 0, "topics_list": [{"id": 9567, "name_readable": "Toko Fukawa"}], "id": 2097303, "post_id": 2097303, "user_id": 1480751, "title": "", "content": "\u041a\u0430\u043a \u043f\u043e \u043c\u043d\u0435 \u0422\u043e\u043a\u043e \u0431\u044b\u0432\u0430\u0435\u0442 \u0440\u043e\u043c\u0430\u043d\u0442\u0438\u0447\u043d\u043e\u0439 \u0438\u043b\u0438 \u0437\u0430\u0433\u0430\u0434\u043e\u0447\u043d\u043e\u0439,\u043d\u0435 \u0442\u043e \u0447\u0442\u043e \u0442\u0440\u0435\u0432\u043e\u0436\u043d\u043e\u0439(\u044f \u043f\u0440\u043e \u044d\u043d\u043d\u0435\u0430\u0433\u0440\u0430\u043c\u043c\u0443 \u0433\u043e\u0432\u043e\u0440\u044e,\u0430 \u0442\u0430\u043a \u0437\u0430 \u0438\u043d\u0444\u043f \u0438 \u0447\u0435\u0442\u0432\u0451\u0440\u043a\u0443 \u0433\u043e\u043b\u043e\u0441\u0443\u044e)", "create_date": 1672585249000, "unix_timestamp": 1672585249000, "update_date": 1672585249000, "vote_count": 0, "vote_count_down": 0, "is_reported": 1, "is_hidden": false, "is_pinned": false, "is_watching": false, "is_pro_user": false, "images": null, "audios": null, "function_list": [], "type": "post"}, {"username": "Wo_avocado", "user_pic_path": "https://static1.personality-database.com/user_avatars/340443/a351e864-56f0-48ea-8d13-3b858569fdbb.jpeg", "user_personality_type": "ISTP-9w8-964", "is_mod": false, "comment_count": 0, "reply_count": 0, "vote_type": 0, "topics_list": [{"id": 9567, "name_readable": "Toko Fukawa"}], "id": 1756964, "post_id": 1756964, "user_id": 340443, "title": "", "content": "SX 6 FOR HER??????????\nWHA", "create_date": 1668651756000, "unix_timestamp": 1668651756000, "update_date": 1668651756000, "vote_count": 0, "vote_count_down": 0, "is_reported": 0, "is_hidden": false, "is_pinned": false, "is_watching": false, "is_pro_user": false, "images": null, "audios": null, "function_list": [], "type": "post"}, {"username": "foolishness dante", "user_pic_path": "https://static1.personality-database.com/user_avatars/100080/cfcd3081-f722-4733-b7fd-ce5ef88566b1.jpeg", "user_personality_type": "INFP-6w5-478", "is_mod": false, "comment_count": 1, "reply_count": 1, "vote_type": 0, "topics_list": [{"id": 9567, "name_readable": "Toko Fukawa"}], "id": 1790583, "post_id": 1790583, "user_id": 100080, "title": "", "content": "Lol what's with the 4w5 votes rising on so many Fi-dom 6w5 profiles? Toko is a clear 6, has been for the longest time. People gotta learn to differentiate 4 traits with Fi-dom traits, it's way too common on this site.", "create_date": 1668456876000, "unix_timestamp": 1668456876000, "update_date": 1668456876000, "vote_count": 0, "vote_count_down": 2, "is_reported": 1, "is_hidden": false, "is_pinned": false, "is_watching": false, "is_pro_user": false, "images": null, "audios": null, "function_list": [], "type": "post"}]}}}}