{"id": 10266, "mbti_profile": "Sonia Nevermind", "profile_name_searchable": "joana", "allow_commenting": true, "allow_voting": true, "user_id": 2571, "contributor": "Lily2571", "contributor_create_date": "2018-02-20 23:14:18", "contributor_pic_path": "https://lh5.googleusercontent.com/-35y2bZsSbaU/AAAAAAAAAAI/AAAAAAAAAAA/AAKWJJN_QaLWBRmDu6V0jRIjVsZnpRB96Q/s96-c/photo.jpg", "display_order": 0, "edit_lock": 0, "edit_lock_picture": 1, "is_active": true, "is_approved": true, "mbti_enneagram_type": "ENFJ 2w3", "mbti_type": "ENFJ 2w3", "pdb_comment_access": true, "pdb_page_owner": 0, "pdb_public_access": true, "wiki_description": "Sonia Nevermind (\u30bd\u30cb\u30a2\u30fb\u30cd\u30f4\u30a1\u30fc\u30de\u30a4\u30f3\u30c9), is a student of Hope's Peak Academy's Class 77-B, and a participant of the Killing School Trip featured in Danganronpa 2: Goodbye Despair. Her title is the Ultimate Princess (\u8d85\u9ad8\u6821\u7d1a\u306e\u300c\u738b\u5973\u300d lit. Super High School Level Princess).", "watch_count": 508, "comment_count": 56, "vote_count": 537, "vote_count_enneagram": 394, "vote_count_mbti": 537, "total_vote_counts": 1496, "personality_type": "ENFJ - 2w3 - so/sx - 279 - ESE - SCOAI - EVLF - Sanguine-Phlegmatic - EF(S)", "type_updated_date": "2022-11-15 12:41:58", "enneagram_vote": "", "enneagram_vote_id": 0, "mbti_vote": "", "mbti_vote_id": 0, "is_watching": false, "image_exists": false, "profile_image_url": "https://static1.personality-database.com/profile_images/d45a0866370d4c64a41fcdf35aec7684.png", "profile_image_credit": "", "profile_image_credit_id": 158523, "profile_image_credit_type": "0", "profile_image_credit_url": "", "alt_subcategory": "", "related_subcategories": "", "cat_id": 11, "category": "Gaming", "category_is_fictional": true, "sub_cat_id": 1377, "subcategory": "Super Danganronpa 2: Goodbye Despair", "subcat_link_info": {"sub_cat_id": 1377, "cat_id": 11, "property_id": 2, "subcategory": "Super Danganronpa 2: Goodbye Despair"}, "related_subcat_link_info": null, "related_profiles": [{"id": 10261, "mbti_profile": "Nagito Komaeda", "subcategory": "Super Danganronpa 2: Goodbye Despair", "profile_image_url": "https://static1.personality-database.com/profile_images/4645a1ebd2bb446d9b23217e9593e4bc.png", "profile_name": "Nagito Komaeda", "profile_subcat": "Super Danganronpa 2: Goodbye Despair", "sub_cat_id": 1377, "cat_id": 11, "property_id": 2, "mbti": "INFJ", "enneatype": "4w3"}, {"id": 10262, "mbti_profile": "Mikan Tsumiki", "subcategory": "Super Danganronpa 2: Goodbye Despair", "profile_image_url": "https://static1.personality-database.com/profile_images/dfb7a7b501204c56a29dcfc33e9a3d1f.png", "profile_name": "Mikan Tsumiki", "profile_subcat": "Super Danganronpa 2: Goodbye Despair", "sub_cat_id": 1377, "cat_id": 11, "property_id": 2, "mbti": "ISFJ", "enneatype": "2w1"}, {"id": 10259, "mbti_profile": "Hajime Hinata", "subcategory": "Super Danganronpa 2: Goodbye Despair", "profile_image_url": "https://static1.personality-database.com/profile_images/a3094d18b29a4578a8634ebed6b5363d.png", "profile_name": "Hajime Hinata", "profile_subcat": "Super Danganronpa 2: Goodbye Despair", "sub_cat_id": 1377, "cat_id": 11, "property_id": 2, "mbti": "ISTJ", "enneatype": "6w5"}, {"id": 10260, "mbti_profile": "Chiaki Nanami", "subcategory": "Super Danganronpa 2: Goodbye Despair", "profile_image_url": "https://static1.personality-database.com/profile_images/d3ded12ecfcf484aab4ce8e64a55285b.png", "profile_name": "Chiaki Nanami", "profile_subcat": "Super Danganronpa 2: Goodbye Despair", "sub_cat_id": 1377, "cat_id": 11, "property_id": 2, "mbti": "INTP", "enneatype": "9w8"}, {"id": 10265, "mbti_profile": "Hiyoko Saionji", "subcategory": "Super Danganronpa 2: Goodbye Despair", "profile_image_url": "https://static1.personality-database.com/profile_images/427cbdf92b4e4d2fa97f240232e4b740.png", "profile_name": "Hiyoko Saionji", "profile_subcat": "Super Danganronpa 2: Goodbye Despair", "sub_cat_id": 1377, "cat_id": 11, "property_id": 2, "mbti": "ESFP", "enneatype": "6w7"}, {"id": 10270, "mbti_profile": "Fuyuhiko Kuzury\u016b", "subcategory": "Super Danganronpa 2: Goodbye Despair", "profile_image_url": "https://static1.personality-database.com/profile_images/6d9b04abfd9e4465b525233e19d569a2.png", "profile_name": "Fuyuhiko Kuzury\u016b", "profile_subcat": "Super Danganronpa 2: Goodbye Despair", "sub_cat_id": 1377, "cat_id": 11, "property_id": 2, "mbti": "ENTJ", "enneatype": "8w9"}, {"id": 10263, "mbti_profile": "Ibuki Mioda", "subcategory": "Super Danganronpa 2: Goodbye Despair", "profile_image_url": "https://static1.personality-database.com/profile_images/17b309d90a1d4d32b90fbdd772d31ef7.png", "profile_name": "Ibuki Mioda", "profile_subcat": "Super Danganronpa 2: Goodbye Despair", "sub_cat_id": 1377, "cat_id": 11, "property_id": 2, "mbti": "ENFP", "enneatype": "7w6"}, {"id": 10267, "mbti_profile": "Gundham Tanaka", "subcategory": "Super Danganronpa 2: Goodbye Despair", "profile_image_url": "https://static1.personality-database.com/profile_images/70e3111467b3450fafe653715ea3a49e.png", "profile_name": "Gundham Tanaka", "profile_subcat": "Super Danganronpa 2: Goodbye Despair", "sub_cat_id": 1377, "cat_id": 11, "property_id": 2, "mbti": "ISFP", "enneatype": "4w5"}], "functions": ["Fe", "Ni", "Se", "Ti"], "systems": [{"hex_color": "#888888", "id": 1, "personality_type": "XXXX", "personality_type_id": 0, "system_name": "Four Letter", "system_vote_count": 518, "user_vote_type_id": 0, "vote_id": 0}, {"hex_color": "#006775", "id": 2, "personality_type": "XXXX", "personality_type_id": 0, "system_name": "Enneagram", "system_vote_count": 382, "user_vote_type_id": 0, "vote_id": 0}, {"hex_color": "#006775", "id": 5, "personality_type": "XXXX", "personality_type_id": 0, "system_name": "Instinctual Variant", "system_vote_count": 155, "user_vote_type_id": 0, "vote_id": 0}, {"hex_color": "#006775", "id": 6, "personality_type": "XXXX", "personality_type_id": 0, "system_name": "Tritype", "system_vote_count": 144, "user_vote_type_id": 0, "vote_id": 0}, {"hex_color": "#888888", "id": 3, "personality_type": "XXXX", "personality_type_id": 0, "system_name": "Socionics", "system_vote_count": 64, "user_vote_type_id": 0, "vote_id": 0}, {"hex_color": "#888888", "id": 9, "personality_type": "XXXX", "personality_type_id": 0, "system_name": "Big 5 (SLOAN)", "system_vote_count": 57, "user_vote_type_id": 0, "vote_id": 0}, {"hex_color": "#888888", "id": 8, "personality_type": "XXXX", "personality_type_id": 0, "system_name": "Attitudinal Psyche", "system_vote_count": 28, "user_vote_type_id": 0, "vote_id": 0}, {"hex_color": "#888888", "id": 7, "personality_type": "XXXX", "personality_type_id": 0, "system_name": "Temperaments", "system_vote_count": 97, "user_vote_type_id": 0, "vote_id": 0}, {"hex_color": "#888888", "id": 11, "personality_type": "XXXX", "personality_type_id": 0, "system_name": "Classic Jungian", "system_vote_count": 8, "user_vote_type_id": 0, "vote_id": 0}], "breakdown_systems": {"1": [{"myValue": "ENFJ", "personality_system_id": 1, "personality_type": "ENFJ", "theCount": 415}, {"myValue": "ESFJ", "personality_system_id": 1, "personality_type": "ESFJ", "theCount": 66}, {"myValue": "ENFP", "personality_system_id": 1, "personality_type": "ENFP", "theCount": 15}, {"myValue": "INFJ", "personality_system_id": 1, "personality_type": "INFJ", "theCount": 12}, {"myValue": "ESTJ", "personality_system_id": 1, "personality_type": "ESTJ", "theCount": 2}, {"myValue": "ISTP", "personality_system_id": 1, "personality_type": "ISTP", "theCount": 2}, {"myValue": "ENTJ", "personality_system_id": 1, "personality_type": "ENTJ", "theCount": 1}, {"myValue": "ENTP", "personality_system_id": 1, "personality_type": "ENTP", "theCount": 1}, {"myValue": "ESTP", "personality_system_id": 1, "personality_type": "ESTP", "theCount": 1}, {"myValue": "INFP", "personality_system_id": 1, "personality_type": "INFP", "theCount": 1}, {"myValue": "INTJ", "personality_system_id": 1, "personality_type": "INTJ", "theCount": 1}, {"myValue": "ISFP", "personality_system_id": 1, "personality_type": "ISFP", "theCount": 1}], "10": [{"myValue": "Right-brained Extrovert", "personality_system_id": 10, "personality_type": "Right-brained Extrovert", "theCount": 3}], "11": [{"myValue": "EF(S)", "personality_system_id": 11, "personality_type": "EF(S)", "theCount": 8}], "2": [{"myValue": "2w3", "personality_system_id": 2, "personality_type": "2w3", "theCount": 226}, {"myValue": "9w1", "personality_system_id": 2, "personality_type": "9w1", "theCount": 106}, {"myValue": "4w5", "personality_system_id": 2, "personality_type": "4w5", "theCount": 20}, {"myValue": "2w1", "personality_system_id": 2, "personality_type": "2w1", "theCount": 15}, {"myValue": "7w6", "personality_system_id": 2, "personality_type": "7w6", "theCount": 4}, {"myValue": "9w8", "personality_system_id": 2, "personality_type": "9w8", "theCount": 4}, {"myValue": "5w4", "personality_system_id": 2, "personality_type": "5w4", "theCount": 3}, {"myValue": "5w6", "personality_system_id": 2, "personality_type": "5w6", "theCount": 2}, {"myValue": "3w2", "personality_system_id": 2, "personality_type": "3w2", "theCount": 1}, {"myValue": "4w3", "personality_system_id": 2, "personality_type": "4w3", "theCount": 1}], "3": [{"myValue": "ESE", "personality_system_id": 3, "personality_type": "ESE", "theCount": 36}, {"myValue": "IEE", "personality_system_id": 3, "personality_type": "IEE", "theCount": 18}, {"myValue": "IEI", "personality_system_id": 3, "personality_type": "IEI", "theCount": 6}, {"myValue": "EIE", "personality_system_id": 3, "personality_type": "EIE", "theCount": 3}, {"myValue": "ILE", "personality_system_id": 3, "personality_type": "ILE", "theCount": 1}], "4": [{"myValue": "Neutral Good", "personality_system_id": 4, "personality_type": "Neutral Good", "theCount": 33}, {"myValue": "Chaotic Good", "personality_system_id": 4, "personality_type": "Chaotic Good", "theCount": 5}, {"myValue": "Chaotic Evil", "personality_system_id": 4, "personality_type": "Chaotic Evil", "theCount": 1}, {"myValue": "Lawful Good", "personality_system_id": 4, "personality_type": "Lawful Good", "theCount": 1}], "5": [{"myValue": "so/sx", "personality_system_id": 5, "personality_type": "so/sx", "theCount": 126}, {"myValue": "sx/so", "personality_system_id": 5, "personality_type": "sx/so", "theCount": 16}, {"myValue": "so/sp", "personality_system_id": 5, "personality_type": "so/sp", "theCount": 12}, {"myValue": "sp/so", "personality_system_id": 5, "personality_type": "sp/so", "theCount": 1}], "6": [{"myValue": "279", "personality_system_id": 6, "personality_type": "279", "theCount": 50}, {"myValue": "927", "personality_system_id": 6, "personality_type": "927", "theCount": 33}, {"myValue": "259", "personality_system_id": 6, "personality_type": "259", "theCount": 22}, {"myValue": "925", "personality_system_id": 6, "personality_type": "925", "theCount": 10}, {"myValue": "972", "personality_system_id": 6, "personality_type": "972", "theCount": 10}, {"myValue": "926", "personality_system_id": 6, "personality_type": "926", "theCount": 6}, {"myValue": "217", "personality_system_id": 6, "personality_type": "217", "theCount": 2}, {"myValue": "459", "personality_system_id": 6, "personality_type": "459", "theCount": 2}, {"myValue": "271", "personality_system_id": 6, "personality_type": "271", "theCount": 1}, {"myValue": "278", "personality_system_id": 6, "personality_type": "278", "theCount": 1}, {"myValue": "296", "personality_system_id": 6, "personality_type": "296", "theCount": 1}, {"myValue": "297", "personality_system_id": 6, "personality_type": "297", "theCount": 1}, {"myValue": "538", "personality_system_id": 6, "personality_type": "538", "theCount": 1}, {"myValue": "582", "personality_system_id": 6, "personality_type": "582", "theCount": 1}, {"myValue": "729", "personality_system_id": 6, "personality_type": "729", "theCount": 1}, {"myValue": "936", "personality_system_id": 6, "personality_type": "936", "theCount": 1}, {"myValue": "937", "personality_system_id": 6, "personality_type": "937", "theCount": 1}], "7": [{"myValue": "Sanguine-Phlegmatic", "personality_system_id": 7, "personality_type": "Sanguine-Phlegmatic", "theCount": 69}, {"myValue": "Phlegmatic-Sanguine", "personality_system_id": 7, "personality_type": "Phlegmatic-Sanguine", "theCount": 12}, {"myValue": "Phlegmatic [Dominant]", "personality_system_id": 7, "personality_type": "Phlegmatic [Dominant]", "theCount": 7}, {"myValue": "Sanguine [Dominant]", "personality_system_id": 7, "personality_type": "Sanguine [Dominant]", "theCount": 6}, {"myValue": "Sanguine-Melancholic", "personality_system_id": 7, "personality_type": "Sanguine-Melancholic", "theCount": 3}], "8": [{"myValue": "EVLF", "personality_system_id": 8, "personality_type": "EVLF", "theCount": 16}, {"myValue": "FELV", "personality_system_id": 8, "personality_type": "FELV", "theCount": 4}, {"myValue": "FVLE", "personality_system_id": 8, "personality_type": "FVLE", "theCount": 3}, {"myValue": "EVFL", "personality_system_id": 8, "personality_type": "EVFL", "theCount": 2}, {"myValue": "ELVF", "personality_system_id": 8, "personality_type": "ELVF", "theCount": 1}, {"myValue": "LEVF", "personality_system_id": 8, "personality_type": "LEVF", "theCount": 1}, {"myValue": "LFVE", "personality_system_id": 8, "personality_type": "LFVE", "theCount": 1}], "9": [{"myValue": "SCOAI", "personality_system_id": 9, "personality_type": "SCOAI", "theCount": 50}, {"myValue": "SCUAI", "personality_system_id": 9, "personality_type": "SCUAI", "theCount": 6}, {"myValue": "SLOAI", "personality_system_id": 9, "personality_type": "SLOAI", "theCount": 1}]}, "breakdown_config": {"expand": {"1": 3, "10": 1, "11": 1, "2": 3, "3": 1, "4": 1, "5": 1, "6": 2, "7": 1, "8": 1, "9": 1}, "fire": {"1": 0, "10": 0, "11": 0, "2": 0, "3": 0, "4": 0, "5": 0, "6": 1, "7": 0, "8": 0, "9": 0}}, "mbti_letter_stats": [{"type": "E", "percentage": "97%", "PercentageFloat": 0.9671814671814671}, {"type": "N", "percentage": "86%", "PercentageFloat": 0.861003861003861}, {"type": "F", "percentage": "98%", "PercentageFloat": 0.9845559845559846}, {"type": "J", "percentage": "96%", "PercentageFloat": 0.9594594594594594}], "topic_info": {"can_generate": false, "topic": {"description": "Sonia Nevermind (\u30bd\u30cb\u30a2\u30fb\u30cd\u30f4\u30a1\u30fc\u30de\u30a4\u30f3\u30c9), is a student of Hope's Peak Academy's Class 77-B, and a participant of the Killing School Trip featured in Danganronpa 2: Goodbye Despair. Her title is the Ultimate Princess (\u8d85\u9ad8\u6821\u7d1a\u306e\u300c\u738b\u5973\u300d lit. Super High School Level Princess).", "follow_count": 1, "id": 9592, "is_following": false, "is_join_pending": false, "is_banned": false, "is_moderated": false, "name_readable": "Sonia Nevermind", "post_count": 12, "source_profile_id": 10266, "source_type": "profile", "join_to_post": false, "can_pin": false, "related_topics": [{"description": "Nagito Komaeda (\u72db\u679d \u51ea\u6597), is a student of Hope's Peak Academy's Class 77-B, and a participant of the Killing School Trip featured in Danganronpa 2: Goodbye Despair. His title is the Ultimate Lucky Student (\u8d85\u9ad8\u6821\u7d1a\u306e\u300c\u5e78\u904b\u300d lit. Super High School Level Good Luck).", "follow_count": 178, "id": 9587, "is_following": false, "is_join_pending": false, "is_banned": false, "is_moderated": false, "name_readable": "Nagito Komaeda", "post_count": 428, "source_profile_id": 10261, "source_type": "profile", "image": {"picURL": "https://static1.personality-database.com/profile_images/4645a1ebd2bb446d9b23217e9593e4bc.png"}, "join_to_post": false, "can_pin": false}, {"description": "Mikan Tsumiki (\u7f6a\u6728 \u871c\u67d1), is a student of Hope's Peak Academy's Class 77-B, and a participant of the Killing School Trip featured in Danganronpa 2: Goodbye Despair. Her title is the Ultimate Nurse (\u8d85\u9ad8\u6821\u7d1a\u306e\u300c\u4fdd\u5065\u59d4\u54e1\u300d lit. Super High School Level Health Committee Member).", "follow_count": 12, "id": 9588, "is_following": false, "is_join_pending": false, "is_banned": false, "is_moderated": false, "name_readable": "Mikan Tsumiki", "post_count": 68, "source_profile_id": 10262, "source_type": "profile", "image": {"picURL": "https://static1.personality-database.com/profile_images/dfb7a7b501204c56a29dcfc33e9a3d1f.png"}, "join_to_post": false, "can_pin": false}, {"description": "Chiaki Nanami (\u4e03\u6d77 \u5343\u79cb), is a student of Hope's Peak Academy's Class 77-B, and a participant of the Killing School Trip featured in Danganronpa 2: Goodbye Despair. Her title is the Ultimate Gamer (\u8d85\u9ad8\u6821\u7d1a\u306e\u300c\u30b2\u30fc\u30de\u30fc\u300d lit. Super High School Level Gamer).", "follow_count": 15, "id": 9586, "is_following": false, "is_join_pending": false, "is_banned": false, "is_moderated": false, "name_readable": "Chiaki Nanami", "post_count": 64, "source_profile_id": 10260, "source_type": "profile", "image": {"picURL": "https://static1.personality-database.com/profile_images/d3ded12ecfcf484aab4ce8e64a55285b.png"}, "join_to_post": false, "can_pin": false}, {"description": "Hajime Hinata (\u65e5\u5411 \u5275) is a student of Hope's Peak Academy's Class 77-B, and a participant of the Killing School Trip featured in Danganronpa 2: Goodbye Despair. He doesn't remember his talent at the beginning of the Killing Game, so his title is the Ultimate ??? (\u8d85\u9ad8\u6821\u7d1a\u306e\u300c???\u300d lit. Super High School Level ???).", "follow_count": 3, "id": 9585, "is_following": false, "is_join_pending": false, "is_banned": false, "is_moderated": false, "name_readable": "Hajime Hinata", "post_count": 45, "source_profile_id": 10259, "source_type": "profile", "image": {"picURL": "https://static1.personality-database.com/profile_images/a3094d18b29a4578a8634ebed6b5363d.png"}, "join_to_post": false, "can_pin": false}, {"description": "Hiyoko Saionji (\u897f\u5712\u5bfa \u65e5\u5bc4\u5b50), is a student of Hope's Peak Academy's Class 77-B, and a participant of the Killing School Trip featured in Danganronpa 2: Goodbye Despair. Her title is the Ultimate Traditional Dancer (\u8d85\u9ad8\u6821\u7d1a\u306e\u300c\u65e5\u672c\u821e\u8e0a\u5bb6\u300d lit. Super High School Level Classical Dancer).", "follow_count": 0, "id": 9591, "is_following": false, "is_join_pending": false, "is_banned": false, "is_moderated": false, "name_readable": "Hiyoko Saionji", "post_count": 29, "source_profile_id": 10265, "source_type": "profile", "image": {"picURL": "https://static1.personality-database.com/profile_images/427cbdf92b4e4d2fa97f240232e4b740.png"}, "join_to_post": false, "can_pin": false}, {"description": "Fuyuhiko Kuzuryu (\u4e5d\u982d\u9f8d \u51ac\u5f66), is a student of Hope's Peak Academy's Class 77-B, and a participant of the Killing School Trip featured in Danganronpa 2: Goodbye Despair. His title is the Ultimate Yakuza (\u8d85\u9ad8\u6821\u7d1a\u306e\u300c\u6975\u9053\u300d lit. Super High School Level Gangster).", "follow_count": 1, "id": 9596, "is_following": false, "is_join_pending": false, "is_banned": false, "is_moderated": false, "name_readable": "Fuyuhiko Kuzury\u016b", "post_count": 25, "source_profile_id": 10270, "source_type": "profile", "image": {"picURL": "https://static1.personality-database.com/profile_images/6d9b04abfd9e4465b525233e19d569a2.png"}, "join_to_post": false, "can_pin": false}, {"description": "Ibuki Mioda (\u6faa\u7530 \u552f\u5439), is a student of Hope's Peak Academy's Class 77-B, and a participant of the Killing School Trip featured in Danganronpa 2: Goodbye Despair. Her title is the Ultimate Musician (\u8d85\u9ad8\u6821\u7d1a\u306e\u300c\u8efd\u97f3\u697d\u90e8\u300d lit. Super High School Level Light Music Club Member).", "follow_count": 1, "id": 9589, "is_following": false, "is_join_pending": false, "is_banned": false, "is_moderated": false, "name_readable": "Ibuki Mioda", "post_count": 20, "source_profile_id": 10263, "source_type": "profile", "image": {"picURL": "https://static1.personality-database.com/profile_images/17b309d90a1d4d32b90fbdd772d31ef7.png"}, "join_to_post": false, "can_pin": false}, {"description": "Gundham Tanaka (\u7530\u4e2d \u773c\u86c7\u5922), is a student of Hope's Peak Academy's Class 77-B, and a participant of the Killing School Trip featured in Danganronpa 2: Goodbye Despair. His title is the Ultimate Breeder (\u8d85\u9ad8\u6821\u7d1a\u306e\u300c\u98fc\u80b2\u59d4\u54e1\u300d lit. Super High School Level Animal Breeding Committee Member).", "follow_count": 5, "id": 9593, "is_following": false, "is_join_pending": false, "is_banned": false, "is_moderated": false, "name_readable": "Gundham Tanaka", "post_count": 18, "source_profile_id": 10267, "source_type": "profile", "image": {"picURL": "https://static1.personality-database.com/profile_images/70e3111467b3450fafe653715ea3a49e.png"}, "join_to_post": false, "can_pin": false}, {"description": "Mahiru Koizumi (\u5c0f\u6cc9 \u771f\u663c), is a student of Hope's Peak Academy's Class 77-B, and a participant of the Killing School Trip featured in Danganronpa 2: Goodbye Despair. Her title is the Ultimate Photographer (\u8d85\u9ad8\u6821\u7d1a\u306e\u300c\u5199\u771f\u5bb6\u300d lit. Super High School Level Photographer).", "follow_count": 3, "id": 9590, "is_following": false, "is_join_pending": false, "is_banned": false, "is_moderated": false, "name_readable": "Mahiru Koizumi", "post_count": 13, "source_profile_id": 10264, "source_type": "profile", "image": {"picURL": "https://static1.personality-database.com/profile_images/5c8ec858a160471fb92fd484c87bbe7e.png"}, "join_to_post": false, "can_pin": false}, {"description": "Akane Owari (\u7d42\u91cc \u8d64\u97f3), is a student of Hope's Peak Academy's Class 77-B, and a participant of the Killing School Trip featured in Danganronpa 2: Goodbye Despair. Her title is the Ultimate Gymnast (\u8d85\u9ad8\u6821\u7d1a\u306e\u300c\u4f53\u64cd\u90e8\u300d lit. Super High School Level Gymnastics Club Member).", "follow_count": 0, "id": 9598, "is_following": false, "is_join_pending": false, "is_banned": false, "is_moderated": false, "name_readable": "Akane Owari", "post_count": 13, "source_profile_id": 10272, "source_type": "profile", "image": {"picURL": "https://static1.personality-database.com/profile_images/66fef242ebd743dd923c72282af735ee.png"}, "join_to_post": false, "can_pin": false}, {"description": "Sonia Nevermind (\u30bd\u30cb\u30a2\u30fb\u30cd\u30f4\u30a1\u30fc\u30de\u30a4\u30f3\u30c9), is a student of Hope's Peak Academy's Class 77-B, and a participant of the Killing School Trip featured in Danganronpa 2: Goodbye Despair. Her title is the Ultimate Princess (\u8d85\u9ad8\u6821\u7d1a\u306e\u300c\u738b\u5973\u300d lit. Super High School Level Princess).", "follow_count": 1, "id": 9592, "is_following": false, "is_join_pending": false, "is_banned": false, "is_moderated": false, "name_readable": "Sonia Nevermind", "post_count": 12, "source_profile_id": 10266, "source_type": "profile", "image": {"picURL": "https://static1.personality-database.com/profile_images/d45a0866370d4c64a41fcdf35aec7684.png"}, "join_to_post": false, "can_pin": false}, {"description": "", "follow_count": 0, "id": 9600, "is_following": false, "is_join_pending": false, "is_banned": false, "is_moderated": false, "name_readable": "Byakuya Togami", "post_count": 10, "source_profile_id": 10274, "source_type": "profile", "image": {"picURL": "https://static1.personality-database.com/profile_images/dced34ed251a42fb80625a0af87573e7.png"}, "join_to_post": false, "can_pin": false}, {"description": "Kazuichi Soda (\u5de6\u53f3\u7530 \u548c\u4e00), is a student of Hope's Peak Academy's Class 77-B, and a participant of the Killing School Trip featured in Danganronpa 2: Goodbye Despair. His title is the Ultimate Mechanic (\u8d85\u9ad8\u6821\u7d1a\u306e\u300c\u30e1\u30ab\u30cb\u30c3\u30af\u300d lit. Super High School Level Mechanic).", "follow_count": 0, "id": 9597, "is_following": false, "is_join_pending": false, "is_banned": false, "is_moderated": false, "name_readable": "Kazuichi S\u014dda", "post_count": 8, "source_profile_id": 10271, "source_type": "profile", "image": {"picURL": "https://static1.personality-database.com/profile_images/d6afaaa2ba7f41749a8c90c7d2fccddf.png"}, "join_to_post": false, "can_pin": false}, {"description": "Teruteru Hanamura (\u82b1\u6751 \u8f1d\u3005), is a student of Hope's Peak Academy's Class 77-B, and a participant of the Killing School Trip featured in Danganronpa 2: Goodbye Despair. His title is the Ultimate Cook (\u8d85\u9ad8\u6821\u7d1a\u306e\u300c\u6599\u7406\u4eba\u300d lit. Super High School Level Cook); however, he says he wishes to be known under the title of the Ultimate Chef (\u8d85\u9ad8\u6821\u7d1a\u306e\u300c\u30b7\u30a7\u30d5\u300d lit. Super High School Level Chef).", "follow_count": 1, "id": 9594, "is_following": false, "is_join_pending": false, "is_banned": false, "is_moderated": false, "name_readable": "Teruteru Hanamura", "post_count": 7, "source_profile_id": 10268, "source_type": "profile", "image": {"picURL": "https://static1.personality-database.com/profile_images/71253c67cd4e4923bf923c059f346adb.png"}, "join_to_post": false, "can_pin": false}, {"description": "Peko Pekoyama (\u8fba\u53e4\u5c71 \u30da\u30b3), is a student of Hope's Peak Academy's Class 77-B, and a participant of the Killing School Trip featured in Danganronpa 2: Goodbye Despair. Her title is the Ultimate Swordswoman (\u8d85\u9ad8\u6821\u7d1a\u306e\u300c\u5263\u9053\u5bb6\u300d lit. Super High School Level Kendoka).", "follow_count": 0, "id": 9595, "is_following": false, "is_join_pending": false, "is_banned": false, "is_moderated": false, "name_readable": "Peko Pekoyama", "post_count": 7, "source_profile_id": 10269, "source_type": "profile", "image": {"picURL": "https://static1.personality-database.com/profile_images/757ed5f1473646c1a989d8a6c3dce7f6.png"}, "join_to_post": false, "can_pin": false}, {"description": "Nekomaru Nidai (\u5f10\u5927 \u732b\u4e38), is a student of Hope's Peak Academy's Class 77-B, and a participant of the Killing School Trip featured in Danganronpa 2: Goodbye Despair. His title is the Ultimate Team Manager (\u8d85\u9ad8\u6821\u7d1a\u306e\u300c\u30de\u30cd\u30fc\u30b8\u30e3\u30fc\u300d lit. Super High School Level Coach).", "follow_count": 0, "id": 9599, "is_following": false, "is_join_pending": false, "is_banned": false, "is_moderated": false, "name_readable": "Nekomaru Nidai", "post_count": 5, "source_profile_id": 10273, "source_type": "profile", "image": {"picURL": "https://static1.personality-database.com/profile_images/58df82f667254906a6cdd13dbb820fa2.png"}, "join_to_post": false, "can_pin": false}], "subcategory": "Super Danganronpa 2: Goodbye Despair", "topic_image_url": "https://static1.personality-database.com/profile_images/d45a0866370d4c64a41fcdf35aec7684.png", "source_location": {"cid": 11, "pid": 2, "sub_cat_id": 1377}, "can_post_image": false, "can_post_audio": false, "posts": {"posts": [{"username": "diangel0", "user_pic_path": "https://lh3.googleusercontent.com/a-/AFdZucr1W0vV3rVMoHsgw4RAttNyFsbsc1KYjrdfTenXjQ=s96-c", "user_personality_type": "ISFP-8w7-614", "is_mod": false, "comment_count": 0, "reply_count": 0, "vote_type": 0, "topics_list": [{"id": 9592, "name_readable": "Sonia Nevermind"}], "id": 1916830, "post_id": 1916830, "user_id": 189342, "title": "", "content": "she reminds me a lot of euphemia, certainly Si Ne valuing but her Ne has to be much higher as she\u2019s quite capable. i also see no reason for Ni polr so delta nf>alpha sf", "create_date": 1670722815000, "unix_timestamp": 1670722815000, "update_date": 1670722815000, "vote_count": 0, "vote_count_down": 0, "is_reported": 1, "is_hidden": false, "is_pinned": false, "is_watching": false, "is_pro_user": false, "images": null, "audios": null, "function_list": [], "type": "post"}, {"username": "Troll Fish", "user_pic_path": "https://lh3.googleusercontent.com/a-/AFdZucpDMM0tVJXloqEsBgpphO7f5mt22_xgjOsbU4cAuQ=s96-c", "user_personality_type": "INTP", "is_mod": false, "comment_count": 0, "reply_count": 0, "vote_type": 0, "topics_list": [{"id": 9592, "name_readable": "Sonia Nevermind"}], "id": 1650621, "post_id": 1650621, "user_id": 982367, "title": "", "content": "I'm dating her. Gundham loves getting cucked.", "create_date": 1667008834000, "unix_timestamp": 1667008834000, "update_date": 1667008834000, "vote_count": 6, "vote_count_down": 0, "is_reported": 2, "is_hidden": false, "is_pinned": false, "is_watching": false, "is_pro_user": false, "images": null, "audios": null, "function_list": [], "type": "post"}, {"username": "clovii3", "user_pic_path": "https://static1.personality-database.com/user_avatars/714503/779b4411-8456-41b8-bda8-2be5b97b13d3_small.jpeg", "user_personality_type": "ENFP-2w3", "is_mod": false, "comment_count": 0, "reply_count": 0, "vote_type": 0, "topics_list": [{"id": 9592, "name_readable": "Sonia Nevermind"}], "id": 1595852, "post_id": 1595852, "user_id": 714503, "title": "", "content": "queen", "create_date": 1666560061000, "unix_timestamp": 1666560061000, "update_date": 1666560061000, "vote_count": 0, "vote_count_down": 0, "is_reported": 0, "is_hidden": false, "is_pinned": false, "is_watching": false, "is_pro_user": false, "images": null, "audios": null, "function_list": [], "type": "post"}]}}}}