{"id": 103059, "mbti_profile": "Sabine Callas \u201cViper\u201d", "profile_name_searchable": "sabine\"viper\"", "allow_commenting": true, "allow_voting": true, "user_id": 18040, "contributor": "JarInAJar", "contributor_create_date": "2020-03-02 22:48:39", "contributor_pic_path": "https://lh3.googleusercontent.com/a-/AOh14GhsFR_4__qzipS-SuaTfpCE7usSjqGSEMbWRh7v2A=s96-c", "display_order": 1000, "edit_lock": 0, "edit_lock_picture": 0, "is_active": true, "is_approved": true, "mbti_enneagram_type": "ISTJ 6w5", "mbti_type": "ISTJ 6w5", "pdb_comment_access": true, "pdb_page_owner": 0, "pdb_public_access": true, "wiki_description": "", "watch_count": 414, "comment_count": 214, "vote_count": 515, "vote_count_enneagram": 144, "vote_count_mbti": 515, "total_vote_counts": 846, "personality_type": "ISTJ - 6w5 - sx/sp - 648 - LSI - RLOEN - VFEL - Melancholic-Choleric - IS(T)", "type_updated_date": "2023-01-14 00:08:25", "enneagram_vote": "", "enneagram_vote_id": 0, "mbti_vote": "", "mbti_vote_id": 0, "is_watching": false, "image_exists": false, "profile_image_url": "https://static1.personality-database.com/profile_images/6dd0a51e2da645f9a000444560270fdf.png", "profile_image_credit": "", "profile_image_credit_id": 190699, "profile_image_credit_type": "0", "profile_image_credit_url": "", "alt_subcategory": "", "related_subcategories": "", "cat_id": 11, "category": "Gaming", "category_is_fictional": true, "sub_cat_id": 7738, "subcategory": "VALORANT", "subcat_link_info": {"sub_cat_id": 7738, "cat_id": 11, "property_id": 2, "subcategory": "VALORANT"}, "related_subcat_link_info": null, "related_profiles": [{"id": 166891, "mbti_profile": "Klara B\u00f6hringer \"Killjoy\"", "subcategory": "VALORANT", "profile_image_url": "https://static1.personality-database.com/profile_images/cfbba5779001469a903f3fea7efe266e.png", "profile_name": "Klara B\u00f6hringer \"Killjoy\"", "profile_subcat": "VALORANT", "sub_cat_id": 7738, "cat_id": 11, "property_id": 2, "mbti": "INTP", "enneatype": "7w8"}, {"id": 423680, "mbti_profile": "Vincent Fabron \"Chamber\"", "subcategory": "VALORANT", "profile_image_url": "https://static1.personality-database.com/profile_images/b4cc840a1dcf4be89b3fcdc9883cb03b.png", "profile_name": "Vincent Fabron \"Chamber\"", "profile_subcat": "VALORANT", "sub_cat_id": 7738, "cat_id": 11, "property_id": 2, "mbti": "ENTJ", "enneatype": "3w4"}, {"id": 487630, "mbti_profile": "Hazal Eyletmez \"Fade\"", "subcategory": "VALORANT", "profile_image_url": "https://static1.personality-database.com/profile_images/4e1a77703eb04c0fa52ac73e0a947f09.png", "profile_name": "Hazal Eyletmez \"Fade\"", "profile_subcat": "VALORANT", "sub_cat_id": 7738, "cat_id": 11, "property_id": 2, "mbti": "ISTP", "enneatype": "8w7"}, {"id": 251932, "mbti_profile": "Ryo Kiritani \"Yoru\"", "subcategory": "VALORANT", "profile_image_url": "https://static1.personality-database.com/profile_images/7aed6b04ab8d4947a08337c41a25fae2.png", "profile_name": "Ryo Kiritani \"Yoru\"", "profile_subcat": "VALORANT", "sub_cat_id": 7738, "cat_id": 11, "property_id": 2, "mbti": "ISTP", "enneatype": "8w7"}, {"id": 444314, "mbti_profile": "Tala Nicole Dimaapi Valdez \"Neon\"", "subcategory": "VALORANT", "profile_image_url": "https://static1.personality-database.com/profile_images/8a01a3317a3e46698fca30d80f55dd20.png", "profile_name": "Tala Nicole Dimaapi Valdez \"Neon\"", "profile_subcat": "VALORANT", "sub_cat_id": 7738, "cat_id": 11, "property_id": 2, "mbti": "ESTP", "enneatype": "8w7"}, {"id": 103066, "mbti_profile": "Omen", "subcategory": "VALORANT", "profile_image_url": "https://static1.personality-database.com/profile_images/3916fd709a9a49068fd7cfb038c302db.png", "profile_name": "Omen", "profile_subcat": "VALORANT", "sub_cat_id": 7738, "cat_id": 11, "property_id": 2, "mbti": "INTJ", "enneatype": "5w4"}, {"id": 142244, "mbti_profile": "Zyanya Mondrag\u00f3n \"Reyna\"", "subcategory": "VALORANT", "profile_image_url": "https://static1.personality-database.com/profile_images/2e854f433231411e88bf782afd1bf424.png", "profile_name": "Zyanya Mondrag\u00f3n \"Reyna\"", "profile_subcat": "VALORANT", "sub_cat_id": 7738, "cat_id": 11, "property_id": 2, "mbti": "ENTJ", "enneatype": "8w7"}, {"id": 103062, "mbti_profile": "Ling Ying Wei \"Sage\"", "subcategory": "VALORANT", "profile_image_url": "https://static1.personality-database.com/profile_images/f78512d29e0b48c495134829d8a3a95a.png", "profile_name": "Ling Ying Wei \"Sage\"", "profile_subcat": "VALORANT", "sub_cat_id": 7738, "cat_id": 11, "property_id": 2, "mbti": "INFJ", "enneatype": "2w1"}], "functions": ["Si", "Te", "Fi", "Ne"], "systems": [{"hex_color": "#888888", "id": 1, "personality_type": "XXXX", "personality_type_id": 0, "system_name": "Four Letter", "system_vote_count": 497, "user_vote_type_id": 0, "vote_id": 0}, {"hex_color": "#006775", "id": 2, "personality_type": "XXXX", "personality_type_id": 0, "system_name": "Enneagram", "system_vote_count": 134, "user_vote_type_id": 0, "vote_id": 0}, {"hex_color": "#006775", "id": 5, "personality_type": "XXXX", "personality_type_id": 0, "system_name": "Instinctual Variant", "system_vote_count": 47, "user_vote_type_id": 0, "vote_id": 0}, {"hex_color": "#006775", "id": 6, "personality_type": "XXXX", "personality_type_id": 0, "system_name": "Tritype", "system_vote_count": 38, "user_vote_type_id": 0, "vote_id": 0}, {"hex_color": "#888888", "id": 3, "personality_type": "XXXX", "personality_type_id": 0, "system_name": "Socionics", "system_vote_count": 30, "user_vote_type_id": 0, "vote_id": 0}, {"hex_color": "#888888", "id": 9, "personality_type": "XXXX", "personality_type_id": 0, "system_name": "Big 5 (SLOAN)", "system_vote_count": 25, "user_vote_type_id": 0, "vote_id": 0}, {"hex_color": "#888888", "id": 8, "personality_type": "XXXX", "personality_type_id": 0, "system_name": "Attitudinal Psyche", "system_vote_count": 16, "user_vote_type_id": 0, "vote_id": 0}, {"hex_color": "#888888", "id": 7, "personality_type": "XXXX", "personality_type_id": 0, "system_name": "Temperaments", "system_vote_count": 43, "user_vote_type_id": 0, "vote_id": 0}, {"hex_color": "#888888", "id": 11, "personality_type": "XXXX", "personality_type_id": 0, "system_name": "Classic Jungian", "system_vote_count": 13, "user_vote_type_id": 0, "vote_id": 0}], "breakdown_systems": {"1": [{"myValue": "ISTJ", "personality_system_id": 1, "personality_type": "ISTJ", "theCount": 230}, {"myValue": "INTJ", "personality_system_id": 1, "personality_type": "INTJ", "theCount": 229}, {"myValue": "ISTP", "personality_system_id": 1, "personality_type": "ISTP", "theCount": 26}, {"myValue": "INTP", "personality_system_id": 1, "personality_type": "INTP", "theCount": 5}, {"myValue": "ENTJ", "personality_system_id": 1, "personality_type": "ENTJ", "theCount": 3}, {"myValue": "ESTJ", "personality_system_id": 1, "personality_type": "ESTJ", "theCount": 2}, {"myValue": "ISFP", "personality_system_id": 1, "personality_type": "ISFP", "theCount": 2}], "11": [{"myValue": "IS(T)", "personality_system_id": 11, "personality_type": "IS(T)", "theCount": 6}, {"myValue": "IN(T)", "personality_system_id": 11, "personality_type": "IN(T)", "theCount": 3}, {"myValue": "ET(S)", "personality_system_id": 11, "personality_type": "ET(S)", "theCount": 2}, {"myValue": "IT(S)", "personality_system_id": 11, "personality_type": "IT(S)", "theCount": 2}], "2": [{"myValue": "6w5", "personality_system_id": 2, "personality_type": "6w5", "theCount": 84}, {"myValue": "5w6", "personality_system_id": 2, "personality_type": "5w6", "theCount": 14}, {"myValue": "1w9", "personality_system_id": 2, "personality_type": "1w9", "theCount": 13}, {"myValue": "8w7", "personality_system_id": 2, "personality_type": "8w7", "theCount": 11}, {"myValue": "8w9", "personality_system_id": 2, "personality_type": "8w9", "theCount": 4}, {"myValue": "4w3", "personality_system_id": 2, "personality_type": "4w3", "theCount": 3}, {"myValue": "1w2", "personality_system_id": 2, "personality_type": "1w2", "theCount": 1}, {"myValue": "2w1", "personality_system_id": 2, "personality_type": "2w1", "theCount": 1}, {"myValue": "6w7", "personality_system_id": 2, "personality_type": "6w7", "theCount": 1}, {"myValue": "9w1", "personality_system_id": 2, "personality_type": "9w1", "theCount": 1}, {"myValue": "9w8", "personality_system_id": 2, "personality_type": "9w8", "theCount": 1}], "3": [{"myValue": "LSI", "personality_system_id": 3, "personality_type": "LSI", "theCount": 13}, {"myValue": "LIE", "personality_system_id": 3, "personality_type": "LIE", "theCount": 9}, {"myValue": "SLI", "personality_system_id": 3, "personality_type": "SLI", "theCount": 4}, {"myValue": "ILI", "personality_system_id": 3, "personality_type": "ILI", "theCount": 2}, {"myValue": "ESI", "personality_system_id": 3, "personality_type": "ESI", "theCount": 1}, {"myValue": "SEE", "personality_system_id": 3, "personality_type": "SEE", "theCount": 1}], "4": [{"myValue": "Chaotic Evil", "personality_system_id": 4, "personality_type": "Chaotic Evil", "theCount": 1}, {"myValue": "Chaotic Neutral", "personality_system_id": 4, "personality_type": "Chaotic Neutral", "theCount": 1}, {"myValue": "Lawful Evil", "personality_system_id": 4, "personality_type": "Lawful Evil", "theCount": 1}], "5": [{"myValue": "sx/sp", "personality_system_id": 5, "personality_type": "sx/sp", "theCount": 24}, {"myValue": "sx/so", "personality_system_id": 5, "personality_type": "sx/so", "theCount": 9}, {"myValue": "so/sp", "personality_system_id": 5, "personality_type": "so/sp", "theCount": 5}, {"myValue": "sp/so", "personality_system_id": 5, "personality_type": "sp/so", "theCount": 5}, {"myValue": "sp/sx", "personality_system_id": 5, "personality_type": "sp/sx", "theCount": 4}], "6": [{"myValue": "648", "personality_system_id": 6, "personality_type": "648", "theCount": 13}, {"myValue": "614", "personality_system_id": 6, "personality_type": "614", "theCount": 4}, {"myValue": "846", "personality_system_id": 6, "personality_type": "846", "theCount": 4}, {"myValue": "164", "personality_system_id": 6, "personality_type": "164", "theCount": 2}, {"myValue": "684", "personality_system_id": 6, "personality_type": "684", "theCount": 2}, {"myValue": "854", "personality_system_id": 6, "personality_type": "854", "theCount": 2}, {"myValue": "864", "personality_system_id": 6, "personality_type": "864", "theCount": 2}, {"myValue": "125", "personality_system_id": 6, "personality_type": "125", "theCount": 1}, {"myValue": "126", "personality_system_id": 6, "personality_type": "126", "theCount": 1}, {"myValue": "136", "personality_system_id": 6, "personality_type": "136", "theCount": 1}, {"myValue": "146", "personality_system_id": 6, "personality_type": "146", "theCount": 1}, {"myValue": "163", "personality_system_id": 6, "personality_type": "163", "theCount": 1}, {"myValue": "269", "personality_system_id": 6, "personality_type": "269", "theCount": 1}, {"myValue": "538", "personality_system_id": 6, "personality_type": "538", "theCount": 1}, {"myValue": "548", "personality_system_id": 6, "personality_type": "548", "theCount": 1}, {"myValue": "641", "personality_system_id": 6, "personality_type": "641", "theCount": 1}], "7": [{"myValue": "Melancholic-Choleric", "personality_system_id": 7, "personality_type": "Melancholic-Choleric", "theCount": 25}, {"myValue": "Choleric-Melancholic", "personality_system_id": 7, "personality_type": "Choleric-Melancholic", "theCount": 6}, {"myValue": "Melancholic [Dominant]", "personality_system_id": 7, "personality_type": "Melancholic [Dominant]", "theCount": 5}, {"myValue": "Phlegmatic [Dominant]", "personality_system_id": 7, "personality_type": "Phlegmatic [Dominant]", "theCount": 3}, {"myValue": "Choleric [Dominant]", "personality_system_id": 7, "personality_type": "Choleric [Dominant]", "theCount": 2}, {"myValue": "Phlegmatic-Choleric", "personality_system_id": 7, "personality_type": "Phlegmatic-Choleric", "theCount": 1}, {"myValue": "Phlegmatic-Melancholic", "personality_system_id": 7, "personality_type": "Phlegmatic-Melancholic", "theCount": 1}], "8": [{"myValue": "VFEL", "personality_system_id": 8, "personality_type": "VFEL", "theCount": 7}, {"myValue": "VFLE", "personality_system_id": 8, "personality_type": "VFLE", "theCount": 3}, {"myValue": "FLVE", "personality_system_id": 8, "personality_type": "FLVE", "theCount": 1}, {"myValue": "FVEL", "personality_system_id": 8, "personality_type": "FVEL", "theCount": 1}, {"myValue": "LFVE", "personality_system_id": 8, "personality_type": "LFVE", "theCount": 1}, {"myValue": "LVFE", "personality_system_id": 8, "personality_type": "LVFE", "theCount": 1}, {"myValue": "VEFL", "personality_system_id": 8, "personality_type": "VEFL", "theCount": 1}, {"myValue": "VLFE", "personality_system_id": 8, "personality_type": "VLFE", "theCount": 1}], "9": [{"myValue": "RLOEN", "personality_system_id": 9, "personality_type": "RLOEN", "theCount": 10}, {"myValue": "RLOEI", "personality_system_id": 9, "personality_type": "RLOEI", "theCount": 6}, {"myValue": "RCOEI", "personality_system_id": 9, "personality_type": "RCOEI", "theCount": 2}, {"myValue": "RCOEN", "personality_system_id": 9, "personality_type": "RCOEN", "theCount": 2}, {"myValue": "RLOAI", "personality_system_id": 9, "personality_type": "RLOAI", "theCount": 2}, {"myValue": "RCOAI", "personality_system_id": 9, "personality_type": "RCOAI", "theCount": 1}, {"myValue": "RLOAN", "personality_system_id": 9, "personality_type": "RLOAN", "theCount": 1}, {"myValue": "SLOEN", "personality_system_id": 9, "personality_type": "SLOEN", "theCount": 1}]}, "breakdown_config": {"expand": {"1": 3, "11": 1, "2": 3, "3": 2, "4": 1, "5": 1, "6": 1, "7": 1, "8": 1, "9": 1}, "fire": {"1": 1, "11": 0, "2": 0, "3": 1, "4": 0, "5": 0, "6": 0, "7": 0, "8": 0, "9": 0}}, "mbti_letter_stats": [{"type": "I", "percentage": "99%", "PercentageFloat": 0.9899396378269618}, {"type": "S", "percentage": "52%", "PercentageFloat": 0.5231388329979879}, {"type": "T", "percentage": "100%", "PercentageFloat": 0.9959758551307847}, {"type": "J", "percentage": "93%", "PercentageFloat": 0.9336016096579477}], "topic_info": {"can_generate": false, "topic": {"description": "Viper (codename Pandemic or Sabine) is an Agent in VALORANT.", "follow_count": 3, "id": 82093, "is_following": false, "is_join_pending": false, "is_banned": false, "is_moderated": false, "name_readable": "Sabine \"Viper\"", "post_count": 15, "source_profile_id": 103059, "source_type": "profile", "join_to_post": false, "can_pin": false, "related_topics": [{"description": "Viper (codename Pandemic or Sabine) is an Agent in VALORANT.", "follow_count": 3, "id": 82093, "is_following": false, "is_join_pending": false, "is_banned": false, "is_moderated": false, "name_readable": "Sabine \"Viper\"", "post_count": 15, "source_profile_id": 103059, "source_type": "profile", "image": {"picURL": "https://static1.personality-database.com/profile_images/6dd0a51e2da645f9a000444560270fdf.png"}, "join_to_post": false, "can_pin": false}, {"description": "*", "follow_count": 1, "id": 327904, "is_following": false, "is_join_pending": false, "is_banned": false, "is_moderated": false, "name_readable": "Chamber", "post_count": 5, "source_profile_id": 423680, "source_type": "profile", "image": {"picURL": "https://static1.personality-database.com/profile_images/b4cc840a1dcf4be89b3fcdc9883cb03b.png"}, "join_to_post": false, "can_pin": false}, {"description": "The 21st Agent", "follow_count": 3, "id": 341590, "is_following": false, "is_join_pending": false, "is_banned": false, "is_moderated": false, "name_readable": "Harbor", "post_count": 4, "source_profile_id": 575723, "source_type": "profile", "image": {"picURL": "https://static1.personality-database.com/profile_images/f01b70832bfb4bf1b8462129206777ed.png"}, "join_to_post": false, "can_pin": false}, {"description": "Upcoming initiator agent.", "follow_count": 1, "id": 329309, "is_following": false, "is_join_pending": false, "is_banned": false, "is_moderated": false, "name_readable": "Fade", "post_count": 4, "source_profile_id": 487630, "source_type": "profile", "image": {"picURL": "https://static1.personality-database.com/profile_images/4e1a77703eb04c0fa52ac73e0a947f09.png"}, "join_to_post": false, "can_pin": false}, {"description": "Duelist agent in Valorant https://valorant.fandom.com/wiki/Neon", "follow_count": 0, "id": 328221, "is_following": false, "is_join_pending": false, "is_banned": false, "is_moderated": false, "name_readable": "Neon", "post_count": 3, "source_profile_id": 444314, "source_type": "profile", "image": {"picURL": "https://static1.personality-database.com/profile_images/8a01a3317a3e46698fca30d80f55dd20.png"}, "join_to_post": false, "can_pin": false}, {"description": "", "follow_count": 0, "id": 194165, "is_following": false, "is_join_pending": false, "is_banned": false, "is_moderated": false, "name_readable": "Yoru", "post_count": 2, "source_profile_id": 251932, "source_type": "profile", "image": {"picURL": "https://static1.personality-database.com/profile_images/7aed6b04ab8d4947a08337c41a25fae2.png"}, "join_to_post": false, "can_pin": false}, {"description": "Cypher (Arabic: \u0633\u0627\u064a\u0641\u0631; codename Gumshoe or Aamir) is an Agent in VALORANT.", "follow_count": 1, "id": 82099, "is_following": false, "is_join_pending": false, "is_banned": false, "is_moderated": false, "name_readable": "Aamir \"Cypher\"", "post_count": 2, "source_profile_id": 103065, "source_type": "profile", "image": {"picURL": "https://static1.personality-database.com/profile_images/6010050308474538a268383792cc7646.png"}, "join_to_post": false, "can_pin": false}, {"description": "", "follow_count": 1, "id": 129304, "is_following": false, "is_join_pending": false, "is_banned": false, "is_moderated": false, "name_readable": "Killjoy", "post_count": 2, "source_profile_id": 166891, "source_type": "profile", "image": {"picURL": "https://static1.personality-database.com/profile_images/cfbba5779001469a903f3fea7efe266e.png"}, "join_to_post": false, "can_pin": false}, {"description": "", "follow_count": 0, "id": 110031, "is_following": false, "is_join_pending": false, "is_banned": false, "is_moderated": false, "name_readable": "Delilah \"Reyna\"", "post_count": 1, "source_profile_id": 142244, "source_type": "profile", "image": {"picURL": "https://static1.personality-database.com/profile_images/2e854f433231411e88bf782afd1bf424.png"}, "join_to_post": false, "can_pin": false}, {"description": "", "follow_count": 0, "id": 82098, "is_following": false, "is_join_pending": false, "is_banned": false, "is_moderated": false, "name_readable": "Brimstone", "post_count": 1, "source_profile_id": 103064, "source_type": "profile", "image": {"picURL": "https://static1.personality-database.com/profile_images/31db46ad101b411993def1de66b6b48f.png"}, "join_to_post": false, "can_pin": false}, {"description": "", "follow_count": 0, "id": 82097, "is_following": false, "is_join_pending": false, "is_banned": false, "is_moderated": false, "name_readable": "Sova", "post_count": 1, "source_profile_id": 103063, "source_type": "profile", "image": {"picURL": "https://static1.personality-database.com/profile_images/b347f3cf8587489996ebba3bcbb1a6a4.png"}, "join_to_post": false, "can_pin": false}, {"description": "", "follow_count": 0, "id": 92919, "is_following": false, "is_join_pending": false, "is_banned": false, "is_moderated": false, "name_readable": "Breach", "post_count": 0, "source_profile_id": 118054, "source_type": "profile", "image": {"picURL": "https://static1.personality-database.com/profile_images/d1aaeeecd8c3497bbf02a2169db62145.png"}, "join_to_post": false, "can_pin": false}, {"description": "Raze (codenamed Clay) is an Agent in VALORANT.", "follow_count": 0, "id": 92918, "is_following": false, "is_join_pending": false, "is_banned": false, "is_moderated": false, "name_readable": "Izzy \"Raze\"", "post_count": 0, "source_profile_id": 118053, "source_type": "profile", "image": {"picURL": "https://static1.personality-database.com/profile_images/8adb0698f0624f1795528d0ad84de82c.png"}, "join_to_post": false, "can_pin": false}, {"description": "", "follow_count": 0, "id": 82100, "is_following": false, "is_join_pending": false, "is_banned": false, "is_moderated": false, "name_readable": "Omen", "post_count": 0, "source_profile_id": 103066, "source_type": "profile", "image": {"picURL": "https://static1.personality-database.com/profile_images/3916fd709a9a49068fd7cfb038c302db.png"}, "join_to_post": false, "can_pin": false}, {"description": "Skye (codename Guide) is an Agent and Radiant in VALORANT.", "follow_count": 0, "id": 156856, "is_following": false, "is_join_pending": false, "is_banned": false, "is_moderated": false, "name_readable": "Emily \"Skye\"", "post_count": 0, "source_profile_id": 202938, "source_type": "profile", "image": {"picURL": "https://static1.personality-database.com/profile_images/999477a2662c4b77af320a48fcee65d0.png"}, "join_to_post": false, "can_pin": false}, {"description": "The 15th agent in Valorant", "follow_count": 0, "id": 213937, "is_following": false, "is_join_pending": false, "is_banned": false, "is_moderated": false, "name_readable": "Astra", "post_count": 0, "source_profile_id": 279486, "source_type": "profile", "image": {"picURL": "https://static1.personality-database.com/profile_images/9a381c8c186e485e813f05465167e6af.png"}, "join_to_post": false, "can_pin": false}], "subcategory": "VALORANT", "topic_image_url": "https://static1.personality-database.com/profile_images/6dd0a51e2da645f9a000444560270fdf.png", "source_location": {"cid": 11, "pid": 2, "sub_cat_id": 7738}, "can_post_image": false, "can_post_audio": false, "posts": {"posts": [{"username": "hiyoriistired_", "user_pic_path": "https://static1.personality-database.com/user_avatars/1304828/da38d6b6-1769-44ae-a7f5-0aa7698f12da_small.jpeg", "user_personality_type": "INTJ-5w4", "is_mod": false, "comment_count": 2, "reply_count": 2, "vote_type": 0, "topics_list": [{"id": 82093, "name_readable": "Sabine \"Viper\""}], "id": 1914546, "post_id": 1914546, "user_id": 1304828, "title": "hmm, yeah no. think that she's intj.", "content": "(deleted)", "create_date": 1670746071000, "unix_timestamp": 1670746071000, "update_date": 1670746071000, "vote_count": 0, "vote_count_down": 0, "is_reported": 0, "is_hidden": true, "is_pinned": false, "is_watching": false, "is_pro_user": false, "images": null, "audios": null, "function_list": [], "type": "post"}, {"username": "KRAUS", "user_pic_path": "https://lh3.googleusercontent.com/a-/AFdZucoQAvgjU8ZcCd-3KSsnvQfZYeiFQNzK0wNA5UZJ=s96-c", "user_personality_type": "ENTP-7w6-741", "is_mod": false, "comment_count": 3, "reply_count": 3, "vote_type": 0, "topics_list": [{"id": 82093, "name_readable": "Sabine \"Viper\""}], "id": 1737540, "post_id": 1737540, "user_id": 397603, "title": "", "content": "Weird, all the people protesting ISTJ and voting INTJ are not only not giving any argument at all, but also all happen to be flaired INTJ as well.\n\nFunny how that works. Kin voting perhaps? No, that's crazy...", "create_date": 1668403496000, "unix_timestamp": 1668403496000, "update_date": 1668403496000, "vote_count": 5, "vote_count_down": 0, "is_reported": 0, "is_hidden": false, "is_pinned": false, "is_watching": false, "is_pro_user": false, "images": null, "audios": null, "function_list": [], "type": "post"}, {"username": "KRAUS", "user_pic_path": "https://lh3.googleusercontent.com/a-/AFdZucoQAvgjU8ZcCd-3KSsnvQfZYeiFQNzK0wNA5UZJ=s96-c", "user_personality_type": "ENTP-7w6-741", "is_mod": false, "comment_count": 17, "reply_count": 17, "vote_type": 0, "topics_list": [{"id": 82093, "name_readable": "Sabine \"Viper\""}], "id": 1503168, "post_id": 1503168, "user_id": 397603, "title": "", "content": "This page is getting sad. Why are ISTJ voters still being asked to explain their votes when INTJ voters are the ones utterly incapable of doing so? Intuitive bias is one hell of a drug, please learn how the burden of proof works :)", "create_date": 1665447781000, "unix_timestamp": 1665447781000, "update_date": 1665448001000, "vote_count": 6, "vote_count_down": 0, "is_reported": 0, "is_hidden": false, "is_pinned": false, "is_watching": false, "is_pro_user": false, "images": null, "audios": null, "function_list": [], "type": "post"}]}}}}