{"id": 10319, "mbti_profile": "Phoenix Wright", "profile_name_searchable": "phoenixwright", "allow_commenting": true, "allow_voting": true, "user_id": 2034, "contributor": "RachelG", "contributor_create_date": "2018-02-23 17:21:35", "contributor_pic_path": "https://lh3.googleusercontent.com/a-/AAuE7mD93c1hMu5HdR5V2Zlkl1ASOz8f-b_Z2yhTHzje=s96-c", "display_order": 1000, "edit_lock": 0, "edit_lock_picture": 1, "is_active": true, "is_approved": true, "mbti_enneagram_type": "ENTP 6w7", "mbti_type": "ENTP 6w7", "pdb_comment_access": true, "pdb_page_owner": 0, "pdb_public_access": true, "wiki_description": "", "watch_count": 872, "comment_count": 582, "vote_count": 942, "vote_count_enneagram": 399, "vote_count_mbti": 942, "total_vote_counts": 1844, "personality_type": "ENTP - 6w7 - so/sp - 692 - IEE - SCUAI - EVLF - Sanguine-Phlegmatic - EN(F)", "type_updated_date": "2022-11-22 15:24:15", "enneagram_vote": "", "enneagram_vote_id": 0, "mbti_vote": "", "mbti_vote_id": 0, "is_watching": false, "image_exists": false, "profile_image_url": "https://static1.personality-database.com/profile_images/6344360b3b0240269ff919cf5a008d22.png", "profile_image_credit": "", "profile_image_credit_id": 0, "profile_image_credit_type": "0", "profile_image_credit_url": "", "alt_subcategory": "", "related_subcategories": "", "cat_id": 11, "category": "Gaming", "category_is_fictional": true, "sub_cat_id": 1380, "subcategory": "Ace Attorney", "subcat_link_info": {"sub_cat_id": 1380, "cat_id": 11, "property_id": 2, "subcategory": "Ace Attorney"}, "related_subcat_link_info": null, "related_profiles": [{"id": 10320, "mbti_profile": "Miles Edgeworth", "subcategory": "Ace Attorney", "profile_image_url": "https://static1.personality-database.com/profile_images/2f88b26f54184ee0825c5a6d09ebfa99.png", "profile_name": "Miles Edgeworth", "profile_subcat": "Ace Attorney", "sub_cat_id": 1380, "cat_id": 11, "property_id": 2, "mbti": "INTJ", "enneatype": "1w9"}, {"id": 44185, "mbti_profile": "Godot / Diego Armando", "subcategory": "Ace Attorney", "profile_image_url": "https://static1.personality-database.com/profile_images/d5689cc52c254b6989d14dc04d8f8afb.png", "profile_name": "Godot / Diego Armando", "profile_subcat": "Ace Attorney", "sub_cat_id": 1380, "cat_id": 11, "property_id": 2, "mbti": "ENTP", "enneatype": "8w9"}, {"id": 12184, "mbti_profile": "Dahlia Hawthorne", "subcategory": "Ace Attorney", "profile_image_url": "https://static1.personality-database.com/profile_images/11fb6fd03e574513878bfb872003001b.png", "profile_name": "Dahlia Hawthorne", "profile_subcat": "Ace Attorney", "sub_cat_id": 1380, "cat_id": 11, "property_id": 2, "mbti": "INFJ", "enneatype": "3w4"}, {"id": 10321, "mbti_profile": "Mia Fey", "subcategory": "Ace Attorney", "profile_image_url": "https://static1.personality-database.com/profile_images/bedac890be82471e9244c03aa948ccc3.png", "profile_name": "Mia Fey", "profile_subcat": "Ace Attorney", "sub_cat_id": 1380, "cat_id": 11, "property_id": 2, "mbti": "ENFJ", "enneatype": "1w2"}, {"id": 10323, "mbti_profile": "Dick Gumshoe", "subcategory": "Ace Attorney", "profile_image_url": "https://static1.personality-database.com/profile_images/0d60540638cf426198ba19144e897cbf.png", "profile_name": "Dick Gumshoe", "profile_subcat": "Ace Attorney", "sub_cat_id": 1380, "cat_id": 11, "property_id": 2, "mbti": "ESFJ", "enneatype": "2w3"}, {"id": 11134, "mbti_profile": "Kristoph Gavin", "subcategory": "Ace Attorney", "profile_image_url": "https://static1.personality-database.com/profile_images/f802ffc6aaa74789beb7b3dbb4900870.png", "profile_name": "Kristoph Gavin", "profile_subcat": "Ace Attorney", "sub_cat_id": 1380, "cat_id": 11, "property_id": 2, "mbti": "INTJ", "enneatype": "6w5"}, {"id": 52837, "mbti_profile": "Kazuma Asogi", "subcategory": "Ace Attorney", "profile_image_url": "https://static1.personality-database.com/profile_images/d33aa35d68014a6db209a222de031ea0.png", "profile_name": "Kazuma Asogi", "profile_subcat": "Ace Attorney", "sub_cat_id": 1380, "cat_id": 11, "property_id": 2, "mbti": "ENTJ", "enneatype": "8w7"}, {"id": 28318, "mbti_profile": "Ema Skye", "subcategory": "Ace Attorney", "profile_image_url": "https://static1.personality-database.com/profile_images/2614727b211d4c34afe7ed6c997627f9.png", "profile_name": "Ema Skye", "profile_subcat": "Ace Attorney", "sub_cat_id": 1380, "cat_id": 11, "property_id": 2, "mbti": "INTP", "enneatype": "5w6"}], "functions": ["Ne", "Ti", "Fe", "Si"], "systems": [{"hex_color": "#888888", "id": 1, "personality_type": "XXXX", "personality_type_id": 0, "system_name": "Four Letter", "system_vote_count": 925, "user_vote_type_id": 0, "vote_id": 0}, {"hex_color": "#006775", "id": 2, "personality_type": "XXXX", "personality_type_id": 0, "system_name": "Enneagram", "system_vote_count": 391, "user_vote_type_id": 0, "vote_id": 0}, {"hex_color": "#006775", "id": 5, "personality_type": "XXXX", "personality_type_id": 0, "system_name": "Instinctual Variant", "system_vote_count": 125, "user_vote_type_id": 0, "vote_id": 0}, {"hex_color": "#006775", "id": 6, "personality_type": "XXXX", "personality_type_id": 0, "system_name": "Tritype", "system_vote_count": 97, "user_vote_type_id": 0, "vote_id": 0}, {"hex_color": "#888888", "id": 3, "personality_type": "XXXX", "personality_type_id": 0, "system_name": "Socionics", "system_vote_count": 67, "user_vote_type_id": 0, "vote_id": 0}, {"hex_color": "#888888", "id": 9, "personality_type": "XXXX", "personality_type_id": 0, "system_name": "Big 5 (SLOAN)", "system_vote_count": 51, "user_vote_type_id": 0, "vote_id": 0}, {"hex_color": "#888888", "id": 8, "personality_type": "XXXX", "personality_type_id": 0, "system_name": "Attitudinal Psyche", "system_vote_count": 23, "user_vote_type_id": 0, "vote_id": 0}, {"hex_color": "#888888", "id": 7, "personality_type": "XXXX", "personality_type_id": 0, "system_name": "Temperaments", "system_vote_count": 88, "user_vote_type_id": 0, "vote_id": 0}, {"hex_color": "#888888", "id": 11, "personality_type": "XXXX", "personality_type_id": 0, "system_name": "Classic Jungian", "system_vote_count": 19, "user_vote_type_id": 0, "vote_id": 0}], "breakdown_systems": {"1": [{"myValue": "ENTP", "personality_system_id": 1, "personality_type": "ENTP", "theCount": 609}, {"myValue": "ENFP", "personality_system_id": 1, "personality_type": "ENFP", "theCount": 262}, {"myValue": "INFP", "personality_system_id": 1, "personality_type": "INFP", "theCount": 29}, {"myValue": "ENFJ", "personality_system_id": 1, "personality_type": "ENFJ", "theCount": 7}, {"myValue": "ENTJ", "personality_system_id": 1, "personality_type": "ENTJ", "theCount": 4}, {"myValue": "INFJ", "personality_system_id": 1, "personality_type": "INFJ", "theCount": 4}, {"myValue": "ESTP", "personality_system_id": 1, "personality_type": "ESTP", "theCount": 3}, {"myValue": "INTP", "personality_system_id": 1, "personality_type": "INTP", "theCount": 3}, {"myValue": "ESFP", "personality_system_id": 1, "personality_type": "ESFP", "theCount": 1}, {"myValue": "INTJ", "personality_system_id": 1, "personality_type": "INTJ", "theCount": 1}, {"myValue": "ISFJ", "personality_system_id": 1, "personality_type": "ISFJ", "theCount": 1}, {"myValue": "ISTJ", "personality_system_id": 1, "personality_type": "ISTJ", "theCount": 1}], "10": [{"myValue": "Right-brained Extrovert", "personality_system_id": 10, "personality_type": "Right-brained Extrovert", "theCount": 1}], "11": [{"myValue": "EN(F)", "personality_system_id": 11, "personality_type": "EN(F)", "theCount": 15}, {"myValue": "EF(N)", "personality_system_id": 11, "personality_type": "EF(N)", "theCount": 2}, {"myValue": "EN(T)", "personality_system_id": 11, "personality_type": "EN(T)", "theCount": 2}], "2": [{"myValue": "6w7", "personality_system_id": 2, "personality_type": "6w7", "theCount": 317}, {"myValue": "7w6", "personality_system_id": 2, "personality_type": "7w6", "theCount": 53}, {"myValue": "6w5", "personality_system_id": 2, "personality_type": "6w5", "theCount": 10}, {"myValue": "9w8", "personality_system_id": 2, "personality_type": "9w8", "theCount": 4}, {"myValue": "1w2", "personality_system_id": 2, "personality_type": "1w2", "theCount": 2}, {"myValue": "2w3", "personality_system_id": 2, "personality_type": "2w3", "theCount": 1}, {"myValue": "3w4", "personality_system_id": 2, "personality_type": "3w4", "theCount": 1}, {"myValue": "4w3", "personality_system_id": 2, "personality_type": "4w3", "theCount": 1}, {"myValue": "5w4", "personality_system_id": 2, "personality_type": "5w4", "theCount": 1}, {"myValue": "5w6", "personality_system_id": 2, "personality_type": "5w6", "theCount": 1}], "3": [{"myValue": "IEE", "personality_system_id": 3, "personality_type": "IEE", "theCount": 62}, {"myValue": "ILE", "personality_system_id": 3, "personality_type": "ILE", "theCount": 2}, {"myValue": "EII", "personality_system_id": 3, "personality_type": "EII", "theCount": 1}, {"myValue": "LIE", "personality_system_id": 3, "personality_type": "LIE", "theCount": 1}, {"myValue": "SEI", "personality_system_id": 3, "personality_type": "SEI", "theCount": 1}], "4": [{"myValue": "Neutral Good", "personality_system_id": 4, "personality_type": "Neutral Good", "theCount": 46}, {"myValue": "Lawful Good", "personality_system_id": 4, "personality_type": "Lawful Good", "theCount": 9}, {"myValue": "Chaotic Good", "personality_system_id": 4, "personality_type": "Chaotic Good", "theCount": 1}, {"myValue": "True Neutral", "personality_system_id": 4, "personality_type": "True Neutral", "theCount": 1}], "5": [{"myValue": "so/sp", "personality_system_id": 5, "personality_type": "so/sp", "theCount": 92}, {"myValue": "sp/so", "personality_system_id": 5, "personality_type": "sp/so", "theCount": 19}, {"myValue": "so/sx", "personality_system_id": 5, "personality_type": "so/sx", "theCount": 9}, {"myValue": "sx/so", "personality_system_id": 5, "personality_type": "sx/so", "theCount": 3}, {"myValue": "sp/sx", "personality_system_id": 5, "personality_type": "sp/sx", "theCount": 1}, {"myValue": "sx/sp", "personality_system_id": 5, "personality_type": "sx/sp", "theCount": 1}], "6": [{"myValue": "692", "personality_system_id": 6, "personality_type": "692", "theCount": 72}, {"myValue": "629", "personality_system_id": 6, "personality_type": "629", "theCount": 10}, {"myValue": "792", "personality_system_id": 6, "personality_type": "792", "theCount": 6}, {"myValue": "794", "personality_system_id": 6, "personality_type": "794", "theCount": 4}, {"myValue": "126", "personality_system_id": 6, "personality_type": "126", "theCount": 1}, {"myValue": "612", "personality_system_id": 6, "personality_type": "612", "theCount": 1}, {"myValue": "712", "personality_system_id": 6, "personality_type": "712", "theCount": 1}, {"myValue": "729", "personality_system_id": 6, "personality_type": "729", "theCount": 1}, {"myValue": "962", "personality_system_id": 6, "personality_type": "962", "theCount": 1}], "7": [{"myValue": "Sanguine-Phlegmatic", "personality_system_id": 7, "personality_type": "Sanguine-Phlegmatic", "theCount": 69}, {"myValue": "Phlegmatic-Sanguine", "personality_system_id": 7, "personality_type": "Phlegmatic-Sanguine", "theCount": 6}, {"myValue": "Choleric-Phlegmatic", "personality_system_id": 7, "personality_type": "Choleric-Phlegmatic", "theCount": 2}, {"myValue": "Phlegmatic-Melancholic", "personality_system_id": 7, "personality_type": "Phlegmatic-Melancholic", "theCount": 2}, {"myValue": "Sanguine [Dominant]", "personality_system_id": 7, "personality_type": "Sanguine [Dominant]", "theCount": 2}, {"myValue": "Choleric-Melancholic", "personality_system_id": 7, "personality_type": "Choleric-Melancholic", "theCount": 1}, {"myValue": "Choleric-Sanguine", "personality_system_id": 7, "personality_type": "Choleric-Sanguine", "theCount": 1}, {"myValue": "Melancholic-Phlegmatic", "personality_system_id": 7, "personality_type": "Melancholic-Phlegmatic", "theCount": 1}, {"myValue": "Phlegmatic [Dominant]", "personality_system_id": 7, "personality_type": "Phlegmatic [Dominant]", "theCount": 1}, {"myValue": "Phlegmatic-Choleric", "personality_system_id": 7, "personality_type": "Phlegmatic-Choleric", "theCount": 1}, {"myValue": "Sanguine-Choleric", "personality_system_id": 7, "personality_type": "Sanguine-Choleric", "theCount": 1}, {"myValue": "Sanguine-Melancholic", "personality_system_id": 7, "personality_type": "Sanguine-Melancholic", "theCount": 1}], "8": [{"myValue": "EVLF", "personality_system_id": 8, "personality_type": "EVLF", "theCount": 21}, {"myValue": "ELFV", "personality_system_id": 8, "personality_type": "ELFV", "theCount": 1}, {"myValue": "ELVF", "personality_system_id": 8, "personality_type": "ELVF", "theCount": 1}], "9": [{"myValue": "SCUAI", "personality_system_id": 9, "personality_type": "SCUAI", "theCount": 25}, {"myValue": "SLUAI", "personality_system_id": 9, "personality_type": "SLUAI", "theCount": 19}, {"myValue": "SCOAI", "personality_system_id": 9, "personality_type": "SCOAI", "theCount": 3}, {"myValue": "RCUAI", "personality_system_id": 9, "personality_type": "RCUAI", "theCount": 1}, {"myValue": "SCUEI", "personality_system_id": 9, "personality_type": "SCUEI", "theCount": 1}, {"myValue": "SLOAI", "personality_system_id": 9, "personality_type": "SLOAI", "theCount": 1}, {"myValue": "SLUEI", "personality_system_id": 9, "personality_type": "SLUEI", "theCount": 1}]}, "breakdown_config": {"expand": {"1": 3, "10": 1, "11": 1, "2": 3, "3": 1, "4": 1, "5": 1, "6": 1, "7": 1, "8": 1, "9": 2}, "fire": {"1": 0, "10": 0, "11": 0, "2": 0, "3": 0, "4": 0, "5": 0, "6": 0, "7": 0, "8": 0, "9": 1}}, "mbti_letter_stats": [{"type": "E", "percentage": "96%", "PercentageFloat": 0.9578378378378378}, {"type": "N", "percentage": "99%", "PercentageFloat": 0.9935135135135135}, {"type": "T", "percentage": "67%", "PercentageFloat": 0.6713513513513514}, {"type": "P", "percentage": "98%", "PercentageFloat": 0.9805405405405405}], "topic_info": {"can_generate": false, "topic": {"description": "", "follow_count": 0, "id": 9641, "is_following": false, "is_join_pending": false, "is_banned": false, "is_moderated": false, "name_readable": "Phoenix Wright", "post_count": 22, "source_profile_id": 10319, "source_type": "profile", "join_to_post": false, "can_pin": false, "related_topics": [{"description": "", "follow_count": 0, "id": 9641, "is_following": false, "is_join_pending": false, "is_banned": false, "is_moderated": false, "name_readable": "Phoenix Wright", "post_count": 22, "source_profile_id": 10319, "source_type": "profile", "image": {"picURL": "https://static1.personality-database.com/profile_images/6344360b3b0240269ff919cf5a008d22.png"}, "join_to_post": false, "can_pin": false}, {"description": "", "follow_count": 3, "id": 9642, "is_following": false, "is_join_pending": false, "is_banned": false, "is_moderated": false, "name_readable": "Miles Edgeworth", "post_count": 18, "source_profile_id": 10320, "source_type": "profile", "image": {"picURL": "https://static1.personality-database.com/profile_images/2f88b26f54184ee0825c5a6d09ebfa99.png"}, "join_to_post": false, "can_pin": false}, {"description": "", "follow_count": 2, "id": 45327, "is_following": false, "is_join_pending": false, "is_banned": false, "is_moderated": false, "name_readable": "Herlock Sholmes", "post_count": 8, "source_profile_id": 52831, "source_type": "profile", "image": {"picURL": "https://static1.personality-database.com/profile_images/61c330c238b645de82810ea23e3a2aa2.png"}, "join_to_post": false, "can_pin": false}, {"description": "", "follow_count": 0, "id": 35339, "is_following": false, "is_join_pending": false, "is_banned": false, "is_moderated": false, "name_readable": "April May", "post_count": 8, "source_profile_id": 39577, "source_type": "profile", "image": {"picURL": "https://static1.personality-database.com/profile_images/cd0019ff9de14070a1c0142d77d89985.png"}, "join_to_post": false, "can_pin": false}, {"description": "", "follow_count": 1, "id": 9645, "is_following": false, "is_join_pending": false, "is_banned": false, "is_moderated": false, "name_readable": "Dick Gumshoe", "post_count": 7, "source_profile_id": 10323, "source_type": "profile", "image": {"picURL": "https://static1.personality-database.com/profile_images/0d60540638cf426198ba19144e897cbf.png"}, "join_to_post": false, "can_pin": false}, {"description": "", "follow_count": 0, "id": 10390, "is_following": false, "is_join_pending": false, "is_banned": false, "is_moderated": false, "name_readable": "Klavier Gavin", "post_count": 7, "source_profile_id": 11133, "source_type": "profile", "image": {"picURL": "https://static1.personality-database.com/profile_images/5e0d060346b0425b9807bdc0c7b4723f.png"}, "join_to_post": false, "can_pin": false}, {"description": "", "follow_count": 1, "id": 45332, "is_following": false, "is_join_pending": false, "is_banned": false, "is_moderated": false, "name_readable": "Susato Mikotoba", "post_count": 4, "source_profile_id": 52836, "source_type": "profile", "image": {"picURL": "https://static1.personality-database.com/profile_images/a34830055db34e33a2a7e87204bf59a5.png"}, "join_to_post": false, "can_pin": false}, {"description": "Geiru Toneido was a balloon artist and rakugo performer who was a witness in the murder of her rakugo master, Taifu Toneido.", "follow_count": 0, "id": 333676, "is_following": false, "is_join_pending": false, "is_banned": false, "is_moderated": false, "name_readable": "Geiru Toneido", "post_count": 3, "source_profile_id": 475844, "source_type": "profile", "image": {"picURL": "https://static1.personality-database.com/profile_images/53534a3516db4d58ba0ae3f032ab760e.png"}, "join_to_post": false, "can_pin": false}, {"description": "", "follow_count": 0, "id": 11492, "is_following": false, "is_join_pending": false, "is_banned": false, "is_moderated": false, "name_readable": "Franziska von Karma", "post_count": 3, "source_profile_id": 12449, "source_type": "profile", "image": {"picURL": "https://static1.personality-database.com/profile_images/28381a1c2fd240d69a6a7ff35cd2ffa6.png"}, "join_to_post": false, "can_pin": false}, {"description": "", "follow_count": 0, "id": 9643, "is_following": false, "is_join_pending": false, "is_banned": false, "is_moderated": false, "name_readable": "Mia Fey", "post_count": 2, "source_profile_id": 10321, "source_type": "profile", "image": {"picURL": "https://static1.personality-database.com/profile_images/bedac890be82471e9244c03aa948ccc3.png"}, "join_to_post": false, "can_pin": false}, {"description": "", "follow_count": 0, "id": 9768, "is_following": false, "is_join_pending": false, "is_banned": false, "is_moderated": false, "name_readable": "Apollo Justice", "post_count": 2, "source_profile_id": 10449, "source_type": "profile", "image": {"picURL": "https://static1.personality-database.com/profile_images/69b74b6becbf4045a19c1888ede70747.png"}, "join_to_post": false, "can_pin": false}, {"description": "", "follow_count": 0, "id": 46269, "is_following": false, "is_join_pending": false, "is_banned": false, "is_moderated": false, "name_readable": "Sebastian Debeste", "post_count": 2, "source_profile_id": 54272, "source_type": "profile", "image": {"picURL": "https://static1.personality-database.com/profile_images/d3679301792948a0bc3368003cdac31d.png"}, "join_to_post": false, "can_pin": false}, {"description": "", "follow_count": 0, "id": 25521, "is_following": false, "is_join_pending": false, "is_banned": false, "is_moderated": false, "name_readable": "Trucy Wright", "post_count": 2, "source_profile_id": 28319, "source_type": "profile", "image": {"picURL": "https://static1.personality-database.com/profile_images/bfab7ea756b74e7c98d408db535d72a0.png"}, "join_to_post": false, "can_pin": false}, {"description": "", "follow_count": 0, "id": 103477, "is_following": false, "is_join_pending": false, "is_banned": false, "is_moderated": false, "name_readable": "Lawrence \u201cMoe\u201d Curls", "post_count": 2, "source_profile_id": 132663, "source_type": "profile", "image": {"picURL": "https://static1.personality-database.com/profile_images/e47e336b5a57454b9f808eb389f415cb.png"}, "join_to_post": false, "can_pin": false}, {"description": "", "follow_count": 2, "id": 25520, "is_following": false, "is_join_pending": false, "is_banned": false, "is_moderated": false, "name_readable": "Ema Skye", "post_count": 2, "source_profile_id": 28318, "source_type": "profile", "image": {"picURL": "https://static1.personality-database.com/profile_images/2614727b211d4c34afe7ed6c997627f9.png"}, "join_to_post": false, "can_pin": false}, {"description": "", "follow_count": 0, "id": 45333, "is_following": false, "is_join_pending": false, "is_banned": false, "is_moderated": false, "name_readable": "Kazuma Asogi", "post_count": 1, "source_profile_id": 52837, "source_type": "profile", "image": {"picURL": "https://static1.personality-database.com/profile_images/d33aa35d68014a6db209a222de031ea0.png"}, "join_to_post": false, "can_pin": false}], "subcategory": "Ace Attorney", "topic_image_url": "https://static1.personality-database.com/profile_images/6344360b3b0240269ff919cf5a008d22.png", "source_location": {"cid": 11, "pid": 2, "sub_cat_id": 1380}, "can_post_image": false, "can_post_audio": false, "posts": {"posts": [{"username": "Blue_Chan", "user_pic_path": "https://lh3.googleusercontent.com/a-/AFdZucpg90cuHCFrWwhq7od9vslb3RwHD7GMRkq0u29H=s96-c", "user_personality_type": "INFP-6w5-692", "is_mod": false, "comment_count": 0, "reply_count": 0, "vote_type": 0, "topics_list": [{"id": 9641, "name_readable": "Phoenix Wright"}], "id": 2172039, "post_id": 2172039, "user_id": 1120004, "title": "", "content": "Comment Section: Debating on ENTP vs ENFP vs INFP\nThis board: Do you guys know  about NaruMitsu?\n\n(It's not a hate comment)", "create_date": 1673526871000, "unix_timestamp": 1673526871000, "update_date": 1673526871000, "vote_count": 0, "vote_count_down": 0, "is_reported": 0, "is_hidden": false, "is_pinned": false, "is_watching": false, "is_pro_user": false, "images": null, "audios": null, "function_list": [], "type": "post"}, {"username": "TheHotterISTJ", "user_pic_path": "https://static1.personality-database.com/profile_images/a4ca127d183d41debea1c2046d29eb0a.png", "user_personality_type": "ISTJ-1w2-135", "is_mod": false, "comment_count": 0, "reply_count": 0, "vote_type": 0, "topics_list": [{"id": 9641, "name_readable": "Phoenix Wright"}], "id": 2138422, "post_id": 2138422, "user_id": 1620421, "title": "", "content": "His Fi dom is obvious \u2620\ufe0f", "create_date": 1673164244000, "unix_timestamp": 1673164244000, "update_date": 1673164244000, "vote_count": 0, "vote_count_down": 0, "is_reported": 0, "is_hidden": false, "is_pinned": false, "is_watching": false, "is_pro_user": false, "images": null, "audios": null, "function_list": [], "type": "post"}, {"username": "Blue_Chan", "user_pic_path": "https://lh3.googleusercontent.com/a-/AFdZucpg90cuHCFrWwhq7od9vslb3RwHD7GMRkq0u29H=s96-c", "user_personality_type": "INFP-6w5-692", "is_mod": false, "comment_count": 5, "reply_count": 5, "vote_type": 0, "topics_list": [{"id": 9641, "name_readable": "Phoenix Wright"}], "id": 2110777, "post_id": 2110777, "user_id": 1120004, "title": "", "content": "Are ENTP voters serious?. Where do they see Ti and Fe? When ENFP voters explain why he is an ENFP they are like, \"He can't have Te tert, it's a weak function\" but when it comes to Fe tert they are like, \"OMG his fe is very strong\". Please get help \ud83d\udc80\nAsk me and I will explain why he is an ENFP.", "create_date": 1672905026000, "unix_timestamp": 1672905026000, "update_date": 1673163268000, "vote_count": 0, "vote_count_down": 0, "is_reported": 0, "is_hidden": false, "is_pinned": false, "is_watching": false, "is_pro_user": false, "images": null, "audios": null, "function_list": [], "type": "post"}]}}}}