{"id": 10320, "mbti_profile": "Miles Edgeworth", "profile_name_searchable": "milesedgeworth", "allow_commenting": true, "allow_voting": true, "user_id": 2034, "contributor": "RachelG", "contributor_create_date": "2018-02-23 17:21:35", "contributor_pic_path": "https://lh3.googleusercontent.com/a-/AAuE7mD93c1hMu5HdR5V2Zlkl1ASOz8f-b_Z2yhTHzje=s96-c", "display_order": 995, "edit_lock": 0, "edit_lock_picture": 0, "is_active": true, "is_approved": true, "mbti_enneagram_type": "INTJ 1w9", "mbti_type": "INTJ 1w9", "pdb_comment_access": true, "pdb_page_owner": 0, "pdb_public_access": true, "wiki_description": "", "watch_count": 973, "comment_count": 110, "vote_count": 555, "vote_count_enneagram": 301, "vote_count_mbti": 555, "total_vote_counts": 1394, "personality_type": "INTJ - 1w9 - sp/so - 153 - LSI - RCOEI - LVFE - Choleric-Melancholic - ET(N)", "type_updated_date": "2023-01-16 11:03:25", "enneagram_vote": "", "enneagram_vote_id": 0, "mbti_vote": "", "mbti_vote_id": 0, "is_watching": false, "image_exists": false, "profile_image_url": "https://static1.personality-database.com/profile_images/2f88b26f54184ee0825c5a6d09ebfa99.png", "profile_image_credit": "", "profile_image_credit_id": 216046, "profile_image_credit_type": "0", "profile_image_credit_url": "", "alt_subcategory": "", "related_subcategories": "", "cat_id": 11, "category": "Gaming", "category_is_fictional": true, "sub_cat_id": 1380, "subcategory": "Ace Attorney", "subcat_link_info": {"sub_cat_id": 1380, "cat_id": 11, "property_id": 2, "subcategory": "Ace Attorney"}, "related_subcat_link_info": null, "related_profiles": [{"id": 10319, "mbti_profile": "Phoenix Wright", "subcategory": "Ace Attorney", "profile_image_url": "https://static1.personality-database.com/profile_images/6344360b3b0240269ff919cf5a008d22.png", "profile_name": "Phoenix Wright", "profile_subcat": "Ace Attorney", "sub_cat_id": 1380, "cat_id": 11, "property_id": 2, "mbti": "ENTP", "enneatype": "6w7"}, {"id": 44185, "mbti_profile": "Godot / Diego Armando", "subcategory": "Ace Attorney", "profile_image_url": "https://static1.personality-database.com/profile_images/d5689cc52c254b6989d14dc04d8f8afb.png", "profile_name": "Godot / Diego Armando", "profile_subcat": "Ace Attorney", "sub_cat_id": 1380, "cat_id": 11, "property_id": 2, "mbti": "ENTP", "enneatype": "8w9"}, {"id": 12184, "mbti_profile": "Dahlia Hawthorne", "subcategory": "Ace Attorney", "profile_image_url": "https://static1.personality-database.com/profile_images/11fb6fd03e574513878bfb872003001b.png", "profile_name": "Dahlia Hawthorne", "profile_subcat": "Ace Attorney", "sub_cat_id": 1380, "cat_id": 11, "property_id": 2, "mbti": "INFJ", "enneatype": "3w4"}, {"id": 10321, "mbti_profile": "Mia Fey", "subcategory": "Ace Attorney", "profile_image_url": "https://static1.personality-database.com/profile_images/bedac890be82471e9244c03aa948ccc3.png", "profile_name": "Mia Fey", "profile_subcat": "Ace Attorney", "sub_cat_id": 1380, "cat_id": 11, "property_id": 2, "mbti": "ENFJ", "enneatype": "1w2"}, {"id": 10323, "mbti_profile": "Dick Gumshoe", "subcategory": "Ace Attorney", "profile_image_url": "https://static1.personality-database.com/profile_images/0d60540638cf426198ba19144e897cbf.png", "profile_name": "Dick Gumshoe", "profile_subcat": "Ace Attorney", "sub_cat_id": 1380, "cat_id": 11, "property_id": 2, "mbti": "ESFJ", "enneatype": "2w3"}, {"id": 11134, "mbti_profile": "Kristoph Gavin", "subcategory": "Ace Attorney", "profile_image_url": "https://static1.personality-database.com/profile_images/f802ffc6aaa74789beb7b3dbb4900870.png", "profile_name": "Kristoph Gavin", "profile_subcat": "Ace Attorney", "sub_cat_id": 1380, "cat_id": 11, "property_id": 2, "mbti": "INTJ", "enneatype": "6w5"}, {"id": 52837, "mbti_profile": "Kazuma Asogi", "subcategory": "Ace Attorney", "profile_image_url": "https://static1.personality-database.com/profile_images/d33aa35d68014a6db209a222de031ea0.png", "profile_name": "Kazuma Asogi", "profile_subcat": "Ace Attorney", "sub_cat_id": 1380, "cat_id": 11, "property_id": 2, "mbti": "ENTJ", "enneatype": "8w7"}, {"id": 28318, "mbti_profile": "Ema Skye", "subcategory": "Ace Attorney", "profile_image_url": "https://static1.personality-database.com/profile_images/2614727b211d4c34afe7ed6c997627f9.png", "profile_name": "Ema Skye", "profile_subcat": "Ace Attorney", "sub_cat_id": 1380, "cat_id": 11, "property_id": 2, "mbti": "INTP", "enneatype": "5w6"}], "functions": ["Ni", "Te", "Fi", "Se"], "systems": [{"hex_color": "#888888", "id": 1, "personality_type": "XXXX", "personality_type_id": 0, "system_name": "Four Letter", "system_vote_count": 544, "user_vote_type_id": 0, "vote_id": 0}, {"hex_color": "#006775", "id": 2, "personality_type": "XXXX", "personality_type_id": 0, "system_name": "Enneagram", "system_vote_count": 296, "user_vote_type_id": 0, "vote_id": 0}, {"hex_color": "#006775", "id": 5, "personality_type": "XXXX", "personality_type_id": 0, "system_name": "Instinctual Variant", "system_vote_count": 128, "user_vote_type_id": 0, "vote_id": 0}, {"hex_color": "#006775", "id": 6, "personality_type": "XXXX", "personality_type_id": 0, "system_name": "Tritype", "system_vote_count": 127, "user_vote_type_id": 0, "vote_id": 0}, {"hex_color": "#888888", "id": 3, "personality_type": "XXXX", "personality_type_id": 0, "system_name": "Socionics", "system_vote_count": 63, "user_vote_type_id": 0, "vote_id": 0}, {"hex_color": "#888888", "id": 9, "personality_type": "XXXX", "personality_type_id": 0, "system_name": "Big 5 (SLOAN)", "system_vote_count": 58, "user_vote_type_id": 0, "vote_id": 0}, {"hex_color": "#888888", "id": 8, "personality_type": "XXXX", "personality_type_id": 0, "system_name": "Attitudinal Psyche", "system_vote_count": 46, "user_vote_type_id": 0, "vote_id": 0}, {"hex_color": "#888888", "id": 7, "personality_type": "XXXX", "personality_type_id": 0, "system_name": "Temperaments", "system_vote_count": 85, "user_vote_type_id": 0, "vote_id": 0}, {"hex_color": "#888888", "id": 11, "personality_type": "XXXX", "personality_type_id": 0, "system_name": "Classic Jungian", "system_vote_count": 10, "user_vote_type_id": 0, "vote_id": 0}], "breakdown_systems": {"1": [{"myValue": "INTJ", "personality_system_id": 1, "personality_type": "INTJ", "theCount": 478}, {"myValue": "ISTJ", "personality_system_id": 1, "personality_type": "ISTJ", "theCount": 48}, {"myValue": "ENTJ", "personality_system_id": 1, "personality_type": "ENTJ", "theCount": 7}, {"myValue": "INTP", "personality_system_id": 1, "personality_type": "INTP", "theCount": 4}, {"myValue": "ESTJ", "personality_system_id": 1, "personality_type": "ESTJ", "theCount": 2}, {"myValue": "INFJ", "personality_system_id": 1, "personality_type": "INFJ", "theCount": 2}, {"myValue": "ISFJ", "personality_system_id": 1, "personality_type": "ISFJ", "theCount": 1}, {"myValue": "ISFP", "personality_system_id": 1, "personality_type": "ISFP", "theCount": 1}, {"myValue": "ISTP", "personality_system_id": 1, "personality_type": "ISTP", "theCount": 1}], "10": [{"myValue": "Left-brained Introvert", "personality_system_id": 10, "personality_type": "Left-brained Introvert", "theCount": 3}], "11": [{"myValue": "ET(N)", "personality_system_id": 11, "personality_type": "ET(N)", "theCount": 4}, {"myValue": "IN(T)", "personality_system_id": 11, "personality_type": "IN(T)", "theCount": 3}, {"myValue": "IT(S)", "personality_system_id": 11, "personality_type": "IT(S)", "theCount": 2}, {"myValue": "ET(S)", "personality_system_id": 11, "personality_type": "ET(S)", "theCount": 1}], "2": [{"myValue": "1w9", "personality_system_id": 2, "personality_type": "1w9", "theCount": 283}, {"myValue": "4w5", "personality_system_id": 2, "personality_type": "4w5", "theCount": 4}, {"myValue": "6w5", "personality_system_id": 2, "personality_type": "6w5", "theCount": 4}, {"myValue": "5w6", "personality_system_id": 2, "personality_type": "5w6", "theCount": 2}, {"myValue": "1w2", "personality_system_id": 2, "personality_type": "1w2", "theCount": 1}, {"myValue": "2w1", "personality_system_id": 2, "personality_type": "2w1", "theCount": 1}, {"myValue": "3w4", "personality_system_id": 2, "personality_type": "3w4", "theCount": 1}], "3": [{"myValue": "LSI", "personality_system_id": 3, "personality_type": "LSI", "theCount": 56}, {"myValue": "LIE", "personality_system_id": 3, "personality_type": "LIE", "theCount": 4}, {"myValue": "ESI", "personality_system_id": 3, "personality_type": "ESI", "theCount": 1}, {"myValue": "IEE", "personality_system_id": 3, "personality_type": "IEE", "theCount": 1}, {"myValue": "LII", "personality_system_id": 3, "personality_type": "LII", "theCount": 1}], "4": [{"myValue": "Lawful Good", "personality_system_id": 4, "personality_type": "Lawful Good", "theCount": 23}, {"myValue": "Lawful Neutral", "personality_system_id": 4, "personality_type": "Lawful Neutral", "theCount": 9}, {"myValue": "Chaotic Good", "personality_system_id": 4, "personality_type": "Chaotic Good", "theCount": 1}, {"myValue": "True Neutral", "personality_system_id": 4, "personality_type": "True Neutral", "theCount": 1}], "5": [{"myValue": "sp/so", "personality_system_id": 5, "personality_type": "sp/so", "theCount": 73}, {"myValue": "so/sp", "personality_system_id": 5, "personality_type": "so/sp", "theCount": 48}, {"myValue": "so/sx", "personality_system_id": 5, "personality_type": "so/sx", "theCount": 3}, {"myValue": "sp/sx", "personality_system_id": 5, "personality_type": "sp/sx", "theCount": 2}, {"myValue": "sx/so", "personality_system_id": 5, "personality_type": "sx/so", "theCount": 1}, {"myValue": "sx/sp", "personality_system_id": 5, "personality_type": "sx/sp", "theCount": 1}], "6": [{"myValue": "153", "personality_system_id": 6, "personality_type": "153", "theCount": 82}, {"myValue": "154", "personality_system_id": 6, "personality_type": "154", "theCount": 34}, {"myValue": "136", "personality_system_id": 6, "personality_type": "136", "theCount": 2}, {"myValue": "164", "personality_system_id": 6, "personality_type": "164", "theCount": 2}, {"myValue": "125", "personality_system_id": 6, "personality_type": "125", "theCount": 1}, {"myValue": "135", "personality_system_id": 6, "personality_type": "135", "theCount": 1}, {"myValue": "163", "personality_system_id": 6, "personality_type": "163", "theCount": 1}, {"myValue": "316", "personality_system_id": 6, "personality_type": "316", "theCount": 1}, {"myValue": "514", "personality_system_id": 6, "personality_type": "514", "theCount": 1}, {"myValue": "541", "personality_system_id": 6, "personality_type": "541", "theCount": 1}, {"myValue": "613", "personality_system_id": 6, "personality_type": "613", "theCount": 1}], "7": [{"myValue": "Choleric-Melancholic", "personality_system_id": 7, "personality_type": "Choleric-Melancholic", "theCount": 72}, {"myValue": "Melancholic-Choleric", "personality_system_id": 7, "personality_type": "Melancholic-Choleric", "theCount": 7}, {"myValue": "Melancholic [Dominant]", "personality_system_id": 7, "personality_type": "Melancholic [Dominant]", "theCount": 5}, {"myValue": "Phlegmatic-Choleric", "personality_system_id": 7, "personality_type": "Phlegmatic-Choleric", "theCount": 1}], "8": [{"myValue": "LVFE", "personality_system_id": 8, "personality_type": "LVFE", "theCount": 34}, {"myValue": "LFVE", "personality_system_id": 8, "personality_type": "LFVE", "theCount": 8}, {"myValue": "VLEF", "personality_system_id": 8, "personality_type": "VLEF", "theCount": 3}, {"myValue": "EFVL", "personality_system_id": 8, "personality_type": "EFVL", "theCount": 1}], "9": [{"myValue": "RCOEI", "personality_system_id": 9, "personality_type": "RCOEI", "theCount": 40}, {"myValue": "RCOAI", "personality_system_id": 9, "personality_type": "RCOAI", "theCount": 15}, {"myValue": "RLOAI", "personality_system_id": 9, "personality_type": "RLOAI", "theCount": 2}, {"myValue": "RLOEI", "personality_system_id": 9, "personality_type": "RLOEI", "theCount": 1}]}, "breakdown_config": {"expand": {"1": 3, "10": 1, "11": 1, "2": 3, "3": 1, "4": 1, "5": 2, "6": 1, "7": 1, "8": 1, "9": 1}, "fire": {"1": 0, "10": 0, "11": 0, "2": 0, "3": 0, "4": 0, "5": 1, "6": 0, "7": 0, "8": 0, "9": 0}}, "mbti_letter_stats": [{"type": "I", "percentage": "98%", "PercentageFloat": 0.9834558823529411}, {"type": "N", "percentage": "90%", "PercentageFloat": 0.9025735294117647}, {"type": "T", "percentage": "99%", "PercentageFloat": 0.9926470588235294}, {"type": "J", "percentage": "99%", "PercentageFloat": 0.9889705882352942}], "topic_info": {"can_generate": false, "topic": {"description": "", "follow_count": 3, "id": 9642, "is_following": false, "is_join_pending": false, "is_banned": false, "is_moderated": false, "name_readable": "Miles Edgeworth", "post_count": 18, "source_profile_id": 10320, "source_type": "profile", "join_to_post": false, "can_pin": false, "related_topics": [{"description": "", "follow_count": 0, "id": 9641, "is_following": false, "is_join_pending": false, "is_banned": false, "is_moderated": false, "name_readable": "Phoenix Wright", "post_count": 22, "source_profile_id": 10319, "source_type": "profile", "image": {"picURL": "https://static1.personality-database.com/profile_images/6344360b3b0240269ff919cf5a008d22.png"}, "join_to_post": false, "can_pin": false}, {"description": "", "follow_count": 3, "id": 9642, "is_following": false, "is_join_pending": false, "is_banned": false, "is_moderated": false, "name_readable": "Miles Edgeworth", "post_count": 18, "source_profile_id": 10320, "source_type": "profile", "image": {"picURL": "https://static1.personality-database.com/profile_images/2f88b26f54184ee0825c5a6d09ebfa99.png"}, "join_to_post": false, "can_pin": false}, {"description": "", "follow_count": 2, "id": 45327, "is_following": false, "is_join_pending": false, "is_banned": false, "is_moderated": false, "name_readable": "Herlock Sholmes", "post_count": 8, "source_profile_id": 52831, "source_type": "profile", "image": {"picURL": "https://static1.personality-database.com/profile_images/61c330c238b645de82810ea23e3a2aa2.png"}, "join_to_post": false, "can_pin": false}, {"description": "", "follow_count": 0, "id": 35339, "is_following": false, "is_join_pending": false, "is_banned": false, "is_moderated": false, "name_readable": "April May", "post_count": 8, "source_profile_id": 39577, "source_type": "profile", "image": {"picURL": "https://static1.personality-database.com/profile_images/cd0019ff9de14070a1c0142d77d89985.png"}, "join_to_post": false, "can_pin": false}, {"description": "", "follow_count": 1, "id": 9645, "is_following": false, "is_join_pending": false, "is_banned": false, "is_moderated": false, "name_readable": "Dick Gumshoe", "post_count": 7, "source_profile_id": 10323, "source_type": "profile", "image": {"picURL": "https://static1.personality-database.com/profile_images/0d60540638cf426198ba19144e897cbf.png"}, "join_to_post": false, "can_pin": false}, {"description": "", "follow_count": 0, "id": 10390, "is_following": false, "is_join_pending": false, "is_banned": false, "is_moderated": false, "name_readable": "Klavier Gavin", "post_count": 7, "source_profile_id": 11133, "source_type": "profile", "image": {"picURL": "https://static1.personality-database.com/profile_images/5e0d060346b0425b9807bdc0c7b4723f.png"}, "join_to_post": false, "can_pin": false}, {"description": "", "follow_count": 1, "id": 45332, "is_following": false, "is_join_pending": false, "is_banned": false, "is_moderated": false, "name_readable": "Susato Mikotoba", "post_count": 4, "source_profile_id": 52836, "source_type": "profile", "image": {"picURL": "https://static1.personality-database.com/profile_images/a34830055db34e33a2a7e87204bf59a5.png"}, "join_to_post": false, "can_pin": false}, {"description": "Geiru Toneido was a balloon artist and rakugo performer who was a witness in the murder of her rakugo master, Taifu Toneido.", "follow_count": 0, "id": 333676, "is_following": false, "is_join_pending": false, "is_banned": false, "is_moderated": false, "name_readable": "Geiru Toneido", "post_count": 3, "source_profile_id": 475844, "source_type": "profile", "image": {"picURL": "https://static1.personality-database.com/profile_images/53534a3516db4d58ba0ae3f032ab760e.png"}, "join_to_post": false, "can_pin": false}, {"description": "", "follow_count": 0, "id": 11492, "is_following": false, "is_join_pending": false, "is_banned": false, "is_moderated": false, "name_readable": "Franziska von Karma", "post_count": 3, "source_profile_id": 12449, "source_type": "profile", "image": {"picURL": "https://static1.personality-database.com/profile_images/28381a1c2fd240d69a6a7ff35cd2ffa6.png"}, "join_to_post": false, "can_pin": false}, {"description": "", "follow_count": 0, "id": 9643, "is_following": false, "is_join_pending": false, "is_banned": false, "is_moderated": false, "name_readable": "Mia Fey", "post_count": 2, "source_profile_id": 10321, "source_type": "profile", "image": {"picURL": "https://static1.personality-database.com/profile_images/bedac890be82471e9244c03aa948ccc3.png"}, "join_to_post": false, "can_pin": false}, {"description": "", "follow_count": 0, "id": 9768, "is_following": false, "is_join_pending": false, "is_banned": false, "is_moderated": false, "name_readable": "Apollo Justice", "post_count": 2, "source_profile_id": 10449, "source_type": "profile", "image": {"picURL": "https://static1.personality-database.com/profile_images/69b74b6becbf4045a19c1888ede70747.png"}, "join_to_post": false, "can_pin": false}, {"description": "", "follow_count": 0, "id": 46269, "is_following": false, "is_join_pending": false, "is_banned": false, "is_moderated": false, "name_readable": "Sebastian Debeste", "post_count": 2, "source_profile_id": 54272, "source_type": "profile", "image": {"picURL": "https://static1.personality-database.com/profile_images/d3679301792948a0bc3368003cdac31d.png"}, "join_to_post": false, "can_pin": false}, {"description": "", "follow_count": 0, "id": 25521, "is_following": false, "is_join_pending": false, "is_banned": false, "is_moderated": false, "name_readable": "Trucy Wright", "post_count": 2, "source_profile_id": 28319, "source_type": "profile", "image": {"picURL": "https://static1.personality-database.com/profile_images/bfab7ea756b74e7c98d408db535d72a0.png"}, "join_to_post": false, "can_pin": false}, {"description": "", "follow_count": 0, "id": 103477, "is_following": false, "is_join_pending": false, "is_banned": false, "is_moderated": false, "name_readable": "Lawrence \u201cMoe\u201d Curls", "post_count": 2, "source_profile_id": 132663, "source_type": "profile", "image": {"picURL": "https://static1.personality-database.com/profile_images/e47e336b5a57454b9f808eb389f415cb.png"}, "join_to_post": false, "can_pin": false}, {"description": "", "follow_count": 2, "id": 25520, "is_following": false, "is_join_pending": false, "is_banned": false, "is_moderated": false, "name_readable": "Ema Skye", "post_count": 2, "source_profile_id": 28318, "source_type": "profile", "image": {"picURL": "https://static1.personality-database.com/profile_images/2614727b211d4c34afe7ed6c997627f9.png"}, "join_to_post": false, "can_pin": false}, {"description": "", "follow_count": 0, "id": 45333, "is_following": false, "is_join_pending": false, "is_banned": false, "is_moderated": false, "name_readable": "Kazuma Asogi", "post_count": 1, "source_profile_id": 52837, "source_type": "profile", "image": {"picURL": "https://static1.personality-database.com/profile_images/d33aa35d68014a6db209a222de031ea0.png"}, "join_to_post": false, "can_pin": false}], "subcategory": "Ace Attorney", "topic_image_url": "https://static1.personality-database.com/profile_images/2f88b26f54184ee0825c5a6d09ebfa99.png", "source_location": {"cid": 11, "pid": 2, "sub_cat_id": 1380}, "can_post_image": false, "can_post_audio": false, "posts": {"posts": [{"username": "Blue_Chan", "user_pic_path": "https://lh3.googleusercontent.com/a-/AFdZucpg90cuHCFrWwhq7od9vslb3RwHD7GMRkq0u29H=s96-c", "user_personality_type": "INFP-6w5-692", "is_mod": false, "comment_count": 0, "reply_count": 0, "vote_type": 0, "topics_list": [{"id": 9642, "name_readable": "Miles Edgeworth"}], "id": 2086477, "post_id": 2086477, "user_id": 1120004, "title": "", "content": "Is that my Yaoi soft boy?", "create_date": 1672664188000, "unix_timestamp": 1672664188000, "update_date": 1672664188000, "vote_count": 0, "vote_count_down": 0, "is_reported": 0, "is_hidden": false, "is_pinned": false, "is_watching": false, "is_pro_user": false, "images": null, "audios": null, "function_list": [], "type": "post"}, {"username": "ILoveISFPs", "user_pic_path": "https://static1.personality-database.com/user_avatars/671920/42ea9f14-1efa-4912-820c-bdf1a0278bd9_small.jpeg", "user_personality_type": "ISTP-9w8-854", "is_mod": false, "comment_count": 0, "reply_count": 0, "vote_type": 0, "topics_list": [{"id": 9642, "name_readable": "Miles Edgeworth"}], "id": 2047312, "post_id": 2047312, "user_id": 671920, "title": "", "content": "HARD SMASH WOOOF", "create_date": 1672288181000, "unix_timestamp": 1672288181000, "update_date": 1672288181000, "vote_count": 0, "vote_count_down": 0, "is_reported": 0, "is_hidden": false, "is_pinned": false, "is_watching": false, "is_pro_user": false, "images": null, "audios": null, "function_list": [], "type": "post"}, {"username": "theashesofthewake", "user_pic_path": "https://static1.personality-database.com/user_avatars/922518/cd1286a2-2547-42b8-813e-7b9fdbac3932.jpeg", "user_personality_type": "ISTP-6w5-684", "is_mod": false, "comment_count": 0, "reply_count": 0, "vote_type": 0, "topics_list": [{"id": 9642, "name_readable": "Miles Edgeworth"}], "id": 2034280, "post_id": 2034280, "user_id": 922518, "title": "", "content": "OBJECTION LACK OF FATHER", "create_date": 1672156157000, "unix_timestamp": 1672156157000, "update_date": 1672156157000, "vote_count": 5, "vote_count_down": 0, "is_reported": 0, "is_hidden": false, "is_pinned": false, "is_watching": false, "is_pro_user": false, "images": null, "audios": null, "function_list": [], "type": "post"}]}}}}