{"id": 11129, "mbti_profile": "Maki Harukawa", "profile_name_searchable": "makiharukawa", "allow_commenting": true, "allow_voting": true, "user_id": 3707, "contributor": "misa", "contributor_create_date": "2018-04-10 16:03:44", "contributor_pic_path": "https://lh6.googleusercontent.com/-BdRk8m-3VTk/AAAAAAAAAAI/AAAAAAAAAAA/AMZuuckmSMyvHKKxzmQV2Uddaj8-FQiTBw/s96-c/photo.jpg", "display_order": 0, "edit_lock": 1, "edit_lock_picture": 1, "is_active": true, "is_approved": true, "mbti_enneagram_type": "ISTJ 6w5", "mbti_type": "ISTJ 6w5", "pdb_comment_access": true, "pdb_page_owner": 0, "pdb_public_access": true, "wiki_description": "Maki Harukawa is a student in the Ultimate Academy for Gifted Juveniles and a participant of the Killing School Semester featured in Danganronpa V3: Killing Harmony. Her title is the Ultimate Child Caregiver.", "watch_count": 781, "comment_count": 407, "vote_count": 990, "vote_count_enneagram": 538, "vote_count_mbti": 990, "total_vote_counts": 2407, "personality_type": "ISTJ - 6w5 - sx/sp - 684 - ESI - RLOEN - VLFE - Melancholic-Choleric - IF(S)", "type_updated_date": "2022-11-15 11:40:59", "enneagram_vote": "", "enneagram_vote_id": 0, "mbti_vote": "", "mbti_vote_id": 0, "is_watching": false, "image_exists": false, "profile_image_url": "https://static1.personality-database.com/profile_images/0d8dee8e6c5b4bd289d8b7c2965936aa.png", "profile_image_credit": "", "profile_image_credit_id": 253254, "profile_image_credit_type": "0", "profile_image_credit_url": "", "alt_subcategory": "", "related_subcategories": "", "cat_id": 11, "category": "Gaming", "category_is_fictional": true, "sub_cat_id": 1403, "subcategory": "Danganronpa V3: Killing Harmony", "subcat_link_info": {"sub_cat_id": 1403, "cat_id": 11, "property_id": 2, "subcategory": "Danganronpa V3: Killing Harmony"}, "related_subcat_link_info": null, "related_profiles": [{"id": 10513, "mbti_profile": "Shuichi Saihara", "subcategory": "Danganronpa V3: Killing Harmony", "profile_image_url": "https://static1.personality-database.com/profile_images/d76ed437bc4c4b909a56487e6b79868f.png", "profile_name": "Shuichi Saihara", "profile_subcat": "Danganronpa V3: Killing Harmony", "sub_cat_id": 1403, "cat_id": 11, "property_id": 2, "mbti": "INTJ", "enneatype": "5w4"}, {"id": 12301, "mbti_profile": "Kokichi Ouma", "subcategory": "Danganronpa V3: Killing Harmony", "profile_image_url": "https://static1.personality-database.com/profile_images/57214a3d846b49c68a47eb767e7e5d98.png", "profile_name": "Kokichi Ouma", "profile_subcat": "Danganronpa V3: Killing Harmony", "sub_cat_id": 1403, "cat_id": 11, "property_id": 2, "mbti": "ENTP", "enneatype": "7w6"}, {"id": 12293, "mbti_profile": "Kaede Akamatsu", "subcategory": "Danganronpa V3: Killing Harmony", "profile_image_url": "https://static1.personality-database.com/profile_images/664c3febc71b4e90910a14339c904ef8.png", "profile_name": "Kaede Akamatsu", "profile_subcat": "Danganronpa V3: Killing Harmony", "sub_cat_id": 1403, "cat_id": 11, "property_id": 2, "mbti": "ENFJ", "enneatype": "2w3"}, {"id": 12302, "mbti_profile": "Miu Iruma", "subcategory": "Danganronpa V3: Killing Harmony", "profile_image_url": "https://static1.personality-database.com/profile_images/87b45e9189054be680f9a96351e99fa1.png", "profile_name": "Miu Iruma", "profile_subcat": "Danganronpa V3: Killing Harmony", "sub_cat_id": 1403, "cat_id": 11, "property_id": 2, "mbti": "ESTP", "enneatype": "6w7"}, {"id": 12300, "mbti_profile": "Korekiyo Shinguji", "subcategory": "Danganronpa V3: Killing Harmony", "profile_image_url": "https://static1.personality-database.com/profile_images/216a387726a64bfb80e76cf241eb0c0a.png", "profile_name": "Korekiyo Shinguji", "profile_subcat": "Danganronpa V3: Killing Harmony", "sub_cat_id": 1403, "cat_id": 11, "property_id": 2, "mbti": "INFJ", "enneatype": "5w4"}, {"id": 12295, "mbti_profile": "Rantaro Amami", "subcategory": "Danganronpa V3: Killing Harmony", "profile_image_url": "https://static1.personality-database.com/profile_images/e0eb1c33031f4e3b869118af1ec3e603.png", "profile_name": "Rantaro Amami", "profile_subcat": "Danganronpa V3: Killing Harmony", "sub_cat_id": 1403, "cat_id": 11, "property_id": 2, "mbti": "INTP", "enneatype": "5w6"}, {"id": 12298, "mbti_profile": "Angie Yonaga", "subcategory": "Danganronpa V3: Killing Harmony", "profile_image_url": "https://static1.personality-database.com/profile_images/49e4cd288a9346cf9fab486a316076bf.png", "profile_name": "Angie Yonaga", "profile_subcat": "Danganronpa V3: Killing Harmony", "sub_cat_id": 1403, "cat_id": 11, "property_id": 2, "mbti": "ESFJ", "enneatype": "2w3"}, {"id": 12305, "mbti_profile": "Tsumugi Shirogane", "subcategory": "Danganronpa V3: Killing Harmony", "profile_image_url": "https://static1.personality-database.com/profile_images/00f6d54ee31c48aca4974236332eb816.png", "profile_name": "Tsumugi Shirogane", "profile_subcat": "Danganronpa V3: Killing Harmony", "sub_cat_id": 1403, "cat_id": 11, "property_id": 2, "mbti": "ENFJ", "enneatype": "2w3"}], "functions": ["Si", "Te", "Fi", "Ne"], "systems": [{"hex_color": "#888888", "id": 1, "personality_type": "XXXX", "personality_type_id": 0, "system_name": "Four Letter", "system_vote_count": 973, "user_vote_type_id": 0, "vote_id": 0}, {"hex_color": "#006775", "id": 2, "personality_type": "XXXX", "personality_type_id": 0, "system_name": "Enneagram", "system_vote_count": 523, "user_vote_type_id": 0, "vote_id": 0}, {"hex_color": "#006775", "id": 5, "personality_type": "XXXX", "personality_type_id": 0, "system_name": "Instinctual Variant", "system_vote_count": 244, "user_vote_type_id": 0, "vote_id": 0}, {"hex_color": "#006775", "id": 6, "personality_type": "XXXX", "personality_type_id": 0, "system_name": "Tritype", "system_vote_count": 166, "user_vote_type_id": 0, "vote_id": 0}, {"hex_color": "#888888", "id": 3, "personality_type": "XXXX", "personality_type_id": 0, "system_name": "Socionics", "system_vote_count": 68, "user_vote_type_id": 0, "vote_id": 0}, {"hex_color": "#888888", "id": 9, "personality_type": "XXXX", "personality_type_id": 0, "system_name": "Big 5 (SLOAN)", "system_vote_count": 88, "user_vote_type_id": 0, "vote_id": 0}, {"hex_color": "#888888", "id": 8, "personality_type": "XXXX", "personality_type_id": 0, "system_name": "Attitudinal Psyche", "system_vote_count": 58, "user_vote_type_id": 0, "vote_id": 0}, {"hex_color": "#888888", "id": 7, "personality_type": "XXXX", "personality_type_id": 0, "system_name": "Temperaments", "system_vote_count": 167, "user_vote_type_id": 0, "vote_id": 0}, {"hex_color": "#888888", "id": 11, "personality_type": "XXXX", "personality_type_id": 0, "system_name": "Classic Jungian", "system_vote_count": 32, "user_vote_type_id": 0, "vote_id": 0}], "breakdown_systems": {"1": [{"myValue": "ISTJ", "personality_system_id": 1, "personality_type": "ISTJ", "theCount": 608}, {"myValue": "ENTJ", "personality_system_id": 1, "personality_type": "ENTJ", "theCount": 191}, {"myValue": "ISFP", "personality_system_id": 1, "personality_type": "ISFP", "theCount": 75}, {"myValue": "INTJ", "personality_system_id": 1, "personality_type": "INTJ", "theCount": 35}, {"myValue": "ESTJ", "personality_system_id": 1, "personality_type": "ESTJ", "theCount": 29}, {"myValue": "ISTP", "personality_system_id": 1, "personality_type": "ISTP", "theCount": 19}, {"myValue": "ISFJ", "personality_system_id": 1, "personality_type": "ISFJ", "theCount": 6}, {"myValue": "INTP", "personality_system_id": 1, "personality_type": "INTP", "theCount": 4}, {"myValue": "ENFP", "personality_system_id": 1, "personality_type": "ENFP", "theCount": 2}, {"myValue": "INFJ", "personality_system_id": 1, "personality_type": "INFJ", "theCount": 2}, {"myValue": "ESTP", "personality_system_id": 1, "personality_type": "ESTP", "theCount": 1}, {"myValue": "INFP", "personality_system_id": 1, "personality_type": "INFP", "theCount": 1}], "10": [{"myValue": "Left-brained Introvert", "personality_system_id": 10, "personality_type": "Left-brained Introvert", "theCount": 5}], "11": [{"myValue": "IF(S)", "personality_system_id": 11, "personality_type": "IF(S)", "theCount": 28}, {"myValue": "IS(F)", "personality_system_id": 11, "personality_type": "IS(F)", "theCount": 3}, {"myValue": "IS(T)", "personality_system_id": 11, "personality_type": "IS(T)", "theCount": 1}], "2": [{"myValue": "6w5", "personality_system_id": 2, "personality_type": "6w5", "theCount": 441}, {"myValue": "5w6", "personality_system_id": 2, "personality_type": "5w6", "theCount": 44}, {"myValue": "4w5", "personality_system_id": 2, "personality_type": "4w5", "theCount": 22}, {"myValue": "8w7", "personality_system_id": 2, "personality_type": "8w7", "theCount": 4}, {"myValue": "8w9", "personality_system_id": 2, "personality_type": "8w9", "theCount": 4}, {"myValue": "1w2", "personality_system_id": 2, "personality_type": "1w2", "theCount": 1}, {"myValue": "1w9", "personality_system_id": 2, "personality_type": "1w9", "theCount": 1}, {"myValue": "3w2", "personality_system_id": 2, "personality_type": "3w2", "theCount": 1}, {"myValue": "3w4", "personality_system_id": 2, "personality_type": "3w4", "theCount": 1}, {"myValue": "4w3", "personality_system_id": 2, "personality_type": "4w3", "theCount": 1}, {"myValue": "6w7", "personality_system_id": 2, "personality_type": "6w7", "theCount": 1}, {"myValue": "9w1", "personality_system_id": 2, "personality_type": "9w1", "theCount": 1}, {"myValue": "9w8", "personality_system_id": 2, "personality_type": "9w8", "theCount": 1}], "3": [{"myValue": "ESI", "personality_system_id": 3, "personality_type": "ESI", "theCount": 52}, {"myValue": "LSI", "personality_system_id": 3, "personality_type": "LSI", "theCount": 9}, {"myValue": "SLI", "personality_system_id": 3, "personality_type": "SLI", "theCount": 3}, {"myValue": "IEI", "personality_system_id": 3, "personality_type": "IEI", "theCount": 1}, {"myValue": "LIE", "personality_system_id": 3, "personality_type": "LIE", "theCount": 1}, {"myValue": "LSE", "personality_system_id": 3, "personality_type": "LSE", "theCount": 1}, {"myValue": "SEI", "personality_system_id": 3, "personality_type": "SEI", "theCount": 1}], "4": [{"myValue": "True Neutral", "personality_system_id": 4, "personality_type": "True Neutral", "theCount": 75}, {"myValue": "Lawful Neutral", "personality_system_id": 4, "personality_type": "Lawful Neutral", "theCount": 5}, {"myValue": "Neutral Good", "personality_system_id": 4, "personality_type": "Neutral Good", "theCount": 2}, {"myValue": "Chaotic Neutral", "personality_system_id": 4, "personality_type": "Chaotic Neutral", "theCount": 1}], "5": [{"myValue": "sx/sp", "personality_system_id": 5, "personality_type": "sx/sp", "theCount": 126}, {"myValue": "sp/sx", "personality_system_id": 5, "personality_type": "sp/sx", "theCount": 104}, {"myValue": "sx/so", "personality_system_id": 5, "personality_type": "sx/so", "theCount": 7}, {"myValue": "sp/so", "personality_system_id": 5, "personality_type": "sp/so", "theCount": 5}, {"myValue": "so/sp", "personality_system_id": 5, "personality_type": "so/sp", "theCount": 2}], "6": [{"myValue": "684", "personality_system_id": 6, "personality_type": "684", "theCount": 131}, {"myValue": "468", "personality_system_id": 6, "personality_type": "468", "theCount": 8}, {"myValue": "461", "personality_system_id": 6, "personality_type": "461", "theCount": 5}, {"myValue": "648", "personality_system_id": 6, "personality_type": "648", "theCount": 5}, {"myValue": "584", "personality_system_id": 6, "personality_type": "584", "theCount": 3}, {"myValue": "683", "personality_system_id": 6, "personality_type": "683", "theCount": 3}, {"myValue": "451", "personality_system_id": 6, "personality_type": "451", "theCount": 2}, {"myValue": "613", "personality_system_id": 6, "personality_type": "613", "theCount": 2}, {"myValue": "614", "personality_system_id": 6, "personality_type": "614", "theCount": 2}, {"myValue": "368", "personality_system_id": 6, "personality_type": "368", "theCount": 1}, {"myValue": "539", "personality_system_id": 6, "personality_type": "539", "theCount": 1}, {"myValue": "549", "personality_system_id": 6, "personality_type": "549", "theCount": 1}, {"myValue": "629", "personality_system_id": 6, "personality_type": "629", "theCount": 1}, {"myValue": "864", "personality_system_id": 6, "personality_type": "864", "theCount": 1}], "7": [{"myValue": "Melancholic-Choleric", "personality_system_id": 7, "personality_type": "Melancholic-Choleric", "theCount": 143}, {"myValue": "Choleric-Melancholic", "personality_system_id": 7, "personality_type": "Choleric-Melancholic", "theCount": 9}, {"myValue": "Melancholic [Dominant]", "personality_system_id": 7, "personality_type": "Melancholic [Dominant]", "theCount": 5}, {"myValue": "Phlegmatic-Choleric", "personality_system_id": 7, "personality_type": "Phlegmatic-Choleric", "theCount": 5}, {"myValue": "Phlegmatic [Dominant]", "personality_system_id": 7, "personality_type": "Phlegmatic [Dominant]", "theCount": 2}, {"myValue": "Choleric-Phlegmatic", "personality_system_id": 7, "personality_type": "Choleric-Phlegmatic", "theCount": 1}, {"myValue": "Phlegmatic-Melancholic", "personality_system_id": 7, "personality_type": "Phlegmatic-Melancholic", "theCount": 1}, {"myValue": "Sanguine [Dominant]", "personality_system_id": 7, "personality_type": "Sanguine [Dominant]", "theCount": 1}], "8": [{"myValue": "VLFE", "personality_system_id": 8, "personality_type": "VLFE", "theCount": 21}, {"myValue": "VFEL", "personality_system_id": 8, "personality_type": "VFEL", "theCount": 17}, {"myValue": "VLEF", "personality_system_id": 8, "personality_type": "VLEF", "theCount": 6}, {"myValue": "EFVL", "personality_system_id": 8, "personality_type": "EFVL", "theCount": 4}, {"myValue": "FVEL", "personality_system_id": 8, "personality_type": "FVEL", "theCount": 4}, {"myValue": "FLVE", "personality_system_id": 8, "personality_type": "FLVE", "theCount": 2}, {"myValue": "LFVE", "personality_system_id": 8, "personality_type": "LFVE", "theCount": 2}, {"myValue": "FELV", "personality_system_id": 8, "personality_type": "FELV", "theCount": 1}, {"myValue": "VEFL", "personality_system_id": 8, "personality_type": "VEFL", "theCount": 1}], "9": [{"myValue": "RLOEN", "personality_system_id": 9, "personality_type": "RLOEN", "theCount": 76}, {"myValue": "RCOEN", "personality_system_id": 9, "personality_type": "RCOEN", "theCount": 8}, {"myValue": "RCOEI", "personality_system_id": 9, "personality_type": "RCOEI", "theCount": 1}, {"myValue": "RLOAI", "personality_system_id": 9, "personality_type": "RLOAI", "theCount": 1}, {"myValue": "RLOEI", "personality_system_id": 9, "personality_type": "RLOEI", "theCount": 1}, {"myValue": "RLUEN", "personality_system_id": 9, "personality_type": "RLUEN", "theCount": 1}]}, "breakdown_config": {"expand": {"1": 3, "10": 1, "11": 1, "2": 3, "3": 1, "4": 1, "5": 2, "6": 1, "7": 1, "8": 2, "9": 1}, "fire": {"1": 0, "10": 0, "11": 0, "2": 0, "3": 0, "4": 0, "5": 1, "6": 0, "7": 0, "8": 1, "9": 0}}, "mbti_letter_stats": [{"type": "I", "percentage": "77%", "PercentageFloat": 0.7708119218910586}, {"type": "S", "percentage": "76%", "PercentageFloat": 0.7584789311408017}, {"type": "T", "percentage": "91%", "PercentageFloat": 0.9116135662898253}, {"type": "J", "percentage": "90%", "PercentageFloat": 0.895169578622816}], "topic_info": {"can_generate": false, "topic": {"description": "Maki Harukawa is a student in the Ultimate Academy for Gifted Juveniles and a participant of the Killing School Semester featured in Danganronpa V3: Killing Harmony. Her title is the Ultimate Child Caregiver.", "follow_count": 2, "id": 10387, "is_following": false, "is_join_pending": false, "is_banned": false, "is_moderated": false, "name_readable": "Maki Harukawa", "post_count": 21, "source_profile_id": 11129, "source_type": "profile", "join_to_post": false, "can_pin": false, "related_topics": [{"description": "Kokichi Ouma is a student in the Ultimate Academy for Gifted Juveniles and a participant of the Killing School Semester featured in Danganronpa V3: Killing Harmony. His title is the Ultimate Supreme Leader.", "follow_count": 27, "id": 11362, "is_following": false, "is_join_pending": false, "is_banned": false, "is_moderated": false, "name_readable": "Kokichi Ouma", "post_count": 122, "source_profile_id": 12301, "source_type": "profile", "image": {"picURL": "https://static1.personality-database.com/profile_images/57214a3d846b49c68a47eb767e7e5d98.png"}, "join_to_post": false, "can_pin": false}, {"description": "Shuichi Saihara is a student in the Ultimate Academy for Gifted Juveniles and a participant of the Killing School Semester featured in Danganronpa V3: Killing Harmony. His title is the Ultimate Detective.", "follow_count": 14, "id": 9818, "is_following": false, "is_join_pending": false, "is_banned": false, "is_moderated": false, "name_readable": "Shuichi Saihara", "post_count": 70, "source_profile_id": 10513, "source_type": "profile", "image": {"picURL": "https://static1.personality-database.com/profile_images/d76ed437bc4c4b909a56487e6b79868f.png"}, "join_to_post": false, "can_pin": false}, {"description": "Miu Iruma is a student in the Ultimate Academy for Gifted Juveniles and a participant of the Killing School Semester featured in Danganronpa V3: Killing Harmony. Her title is the Ultimate Inventor.", "follow_count": 6, "id": 11363, "is_following": false, "is_join_pending": false, "is_banned": false, "is_moderated": false, "name_readable": "Miu Iruma", "post_count": 42, "source_profile_id": 12302, "source_type": "profile", "image": {"picURL": "https://static1.personality-database.com/profile_images/87b45e9189054be680f9a96351e99fa1.png"}, "join_to_post": false, "can_pin": false}, {"description": "Korekiyo Shinguji, also known as Kiyo, is a student in the Ultimate Academy for Gifted Juveniles and a participant of the Killing School Semester featured in Danganronpa V3: Killing Harmony. His title is the Ultimate Anthropologist.", "follow_count": 6, "id": 11361, "is_following": false, "is_join_pending": false, "is_banned": false, "is_moderated": false, "name_readable": "Korekiyo Shinguji", "post_count": 33, "source_profile_id": 12300, "source_type": "profile", "image": {"picURL": "https://static1.personality-database.com/profile_images/216a387726a64bfb80e76cf241eb0c0a.png"}, "join_to_post": false, "can_pin": false}, {"description": "Kaede Akamatsu is a student in the Ultimate Academy for Gifted Juveniles and a participant of the Killing School Semester featured in Danganronpa V3: Killing Harmony. Her title is the Ultimate Pianist.", "follow_count": 11, "id": 11354, "is_following": false, "is_join_pending": false, "is_banned": false, "is_moderated": false, "name_readable": "Kaede Akamatsu", "post_count": 32, "source_profile_id": 12293, "source_type": "profile", "image": {"picURL": "https://static1.personality-database.com/profile_images/664c3febc71b4e90910a14339c904ef8.png"}, "join_to_post": false, "can_pin": false}, {"description": "Maki Harukawa is a student in the Ultimate Academy for Gifted Juveniles and a participant of the Killing School Semester featured in Danganronpa V3: Killing Harmony. Her title is the Ultimate Child Caregiver.", "follow_count": 2, "id": 10387, "is_following": false, "is_join_pending": false, "is_banned": false, "is_moderated": false, "name_readable": "Maki Harukawa", "post_count": 21, "source_profile_id": 11129, "source_type": "profile", "image": {"picURL": "https://static1.personality-database.com/profile_images/0d8dee8e6c5b4bd289d8b7c2965936aa.png"}, "join_to_post": false, "can_pin": false}, {"description": "Rantaro Amami is a student in the Ultimate Academy for Gifted Juveniles and a participant of the Killing School Semester featured in Danganronpa V3: Killing Harmony. He doesn't remember his talent at the beginning of the Killing Game, so his title is the Ultimate ???", "follow_count": 4, "id": 11356, "is_following": false, "is_join_pending": false, "is_banned": false, "is_moderated": false, "name_readable": "Rantaro Amami", "post_count": 18, "source_profile_id": 12295, "source_type": "profile", "image": {"picURL": "https://static1.personality-database.com/profile_images/e0eb1c33031f4e3b869118af1ec3e603.png"}, "join_to_post": false, "can_pin": false}, {"description": "Himiko Yumeno is a student in the Ultimate Academy for Gifted Juveniles and a participant of the Killing School Semester featured in Danganronpa V3: Killing Harmony. Her title is the Ultimate Magician. However she claims her \"true\", unofficial title is the Ultimate Mage.", "follow_count": 0, "id": 11240, "is_following": false, "is_join_pending": false, "is_banned": false, "is_moderated": false, "name_readable": "Himiko Yumeno", "post_count": 18, "source_profile_id": 12151, "source_type": "profile", "image": {"picURL": "https://static1.personality-database.com/profile_images/9b23926f482a41e5a59d6fa700061090.png"}, "join_to_post": false, "can_pin": false}, {"description": "K1-B0, also known as Keebo and Ki-Bo, is a student in the Ultimate Academy for Gifted Juveniles and a participant of the Killing School Semester featured in Danganronpa V3: Killing Harmony. His title is the Ultimate Robot.", "follow_count": 2, "id": 11365, "is_following": false, "is_join_pending": false, "is_banned": false, "is_moderated": false, "name_readable": "K1-B0", "post_count": 17, "source_profile_id": 12304, "source_type": "profile", "image": {"picURL": "https://static1.personality-database.com/profile_images/97a606de4b34444cb9348152687c2e9a.png"}, "join_to_post": false, "can_pin": false}, {"description": "Gonta Gokuhara is a student in the Ultimate Academy for Gifted Juveniles and a participant of the Killing School Semester featured in Danganronpa V3: Killing Harmony. His title is the Ultimate Entomologist.", "follow_count": 3, "id": 11364, "is_following": false, "is_join_pending": false, "is_banned": false, "is_moderated": false, "name_readable": "Gonta Gokuhara", "post_count": 15, "source_profile_id": 12303, "source_type": "profile", "image": {"picURL": "https://static1.personality-database.com/profile_images/d2d9a5a0ff1146338be05a2c9cc91c3d.png"}, "join_to_post": false, "can_pin": false}, {"description": "Kirumi Tojo is a student in the Ultimate Academy for Gifted Juveniles and a participant of the Killing School Semester featured in Danganronpa V3: Killing Harmony. Her title is the Ultimate Maid.", "follow_count": 1, "id": 11358, "is_following": false, "is_join_pending": false, "is_banned": false, "is_moderated": false, "name_readable": "Kirumi Tojo", "post_count": 14, "source_profile_id": 12297, "source_type": "profile", "image": {"picURL": "https://static1.personality-database.com/profile_images/db1c8e7780c54bd696e1766f80f720fe.png"}, "join_to_post": false, "can_pin": false}, {"description": "Angie Yonaga is a student in the Ultimate Academy for Gifted Juveniles and a participant of the Killing School Semester featured in Danganronpa V3: Killing Harmony. Her title is the Ultimate Artist.", "follow_count": 1, "id": 11359, "is_following": false, "is_join_pending": false, "is_banned": false, "is_moderated": false, "name_readable": "Angie Yonaga", "post_count": 14, "source_profile_id": 12298, "source_type": "profile", "image": {"picURL": "https://static1.personality-database.com/profile_images/49e4cd288a9346cf9fab486a316076bf.png"}, "join_to_post": false, "can_pin": false}, {"description": "Tsumugi Shirogane is a student in the Ultimate Academy for Gifted Juveniles and a participant of the Killing School Semester featured in Danganronpa V3: Killing Harmony. Her title is the Ultimate Cosplayer.", "follow_count": 1, "id": 11366, "is_following": false, "is_join_pending": false, "is_banned": false, "is_moderated": false, "name_readable": "Tsumugi Shirogane", "post_count": 9, "source_profile_id": 12305, "source_type": "profile", "image": {"picURL": "https://static1.personality-database.com/profile_images/00f6d54ee31c48aca4974236332eb816.png"}, "join_to_post": false, "can_pin": false}, {"description": "Ryoma Hoshi is a student in the Ultimate Academy for Gifted Juveniles and a participant of the Killing School Semester featured in Danganronpa V3: Killing Harmony. His title is the Ultimate Tennis Pro.", "follow_count": 0, "id": 11357, "is_following": false, "is_join_pending": false, "is_banned": false, "is_moderated": false, "name_readable": "Ryoma Hoshi", "post_count": 8, "source_profile_id": 12296, "source_type": "profile", "image": {"picURL": "https://static1.personality-database.com/profile_images/abc39926f0874327af39a31224d36bb0.png"}, "join_to_post": false, "can_pin": false}, {"description": "Tenko Chabashira is a student in the Ultimate Academy for Gifted Juveniles and a participant of the Killing School Semester featured in Danganronpa V3: Killing Harmony. Her title is the Ultimate Aikido Master.", "follow_count": 2, "id": 11360, "is_following": false, "is_join_pending": false, "is_banned": false, "is_moderated": false, "name_readable": "Tenko Chabashira", "post_count": 8, "source_profile_id": 12299, "source_type": "profile", "image": {"picURL": "https://static1.personality-database.com/profile_images/b93b398fd7a44fdf81ff697e73e4c035.png"}, "join_to_post": false, "can_pin": false}, {"description": "Kaito Momota is a student in the Ultimate Academy for Gifted Juveniles and a participant of the Killing School Semester featured in Danganronpa V3: Killing Harmony. His title is the Ultimate Astronaut.", "follow_count": 0, "id": 11355, "is_following": false, "is_join_pending": false, "is_banned": false, "is_moderated": false, "name_readable": "Kaito Momota", "post_count": 8, "source_profile_id": 12294, "source_type": "profile", "image": {"picURL": "https://static1.personality-database.com/profile_images/6b9888429a204e9d9707520fcaaa8890.png"}, "join_to_post": false, "can_pin": false}], "subcategory": "Danganronpa V3: Killing Harmony", "topic_image_url": "https://static1.personality-database.com/profile_images/0d8dee8e6c5b4bd289d8b7c2965936aa.png", "source_location": {"cid": 11, "pid": 2, "sub_cat_id": 1403}, "can_post_image": false, "can_post_audio": false, "posts": {"posts": [{"username": "mommygenocide", "user_pic_path": "https://static1.personality-database.com/user_avatars/1239124/19523443-e264-48a2-8c5e-22e3dbc28102_small.jpeg", "user_personality_type": "ENTJ-8w7", "is_mod": false, "comment_count": 0, "reply_count": 0, "vote_type": 0, "topics_list": [{"id": 10387, "name_readable": "Maki Harukawa"}], "id": 2024842, "post_id": 2024842, "user_id": 1239124, "title": "", "content": "She is INTJ yall need to shut up", "create_date": 1672061639000, "unix_timestamp": 1672061639000, "update_date": 1672061639000, "vote_count": 0, "vote_count_down": 0, "is_reported": 0, "is_hidden": false, "is_pinned": false, "is_watching": false, "is_pro_user": false, "images": null, "audios": null, "function_list": [], "type": "post"}, {"username": "arinaas", "user_pic_path": "https://static1.personality-database.com/user_avatars/1455902/77132ca5-e8d8-4f1f-a0b5-15b471cb5036_small.jpeg", "user_personality_type": "INTJ-3w4-315", "is_mod": false, "comment_count": 1, "reply_count": 1, "vote_type": 0, "topics_list": [{"id": 10387, "name_readable": "Maki Harukawa"}], "id": 1935963, "post_id": 1935963, "user_id": 1455902, "title": "", "content": "shes a healthy ISTJ, but people see a thinker with emotion and vote xxFP", "create_date": 1670741548000, "unix_timestamp": 1670741548000, "update_date": 1670741548000, "vote_count": 1, "vote_count_down": 2, "is_reported": 1, "is_hidden": false, "is_pinned": false, "is_watching": false, "is_pro_user": false, "images": null, "audios": null, "function_list": [], "type": "post"}, {"username": "ciel-", "user_pic_path": "https://static1.personality-database.com/user_avatars/568399/56e0cae9-ddcd-4583-a3bd-956921c60fe1.jpeg", "user_personality_type": "ISFP", "is_mod": false, "comment_count": 0, "reply_count": 0, "vote_type": 0, "topics_list": [{"id": 10387, "name_readable": "Maki Harukawa"}], "id": 1750194, "post_id": 1750194, "user_id": 568399, "title": "", "content": "i really hope maki is an ISFP so i can finally have my ESFP x ISFP ship", "create_date": 1668553196000, "unix_timestamp": 1668553196000, "update_date": 1668553196000, "vote_count": 3, "vote_count_down": 0, "is_reported": 0, "is_hidden": false, "is_pinned": false, "is_watching": false, "is_pro_user": false, "images": null, "audios": null, "function_list": [], "type": "post"}]}}}}