{"id": 11147, "mbti_profile": "Shieda Kayn", "profile_name_searchable": "kayn", "allow_commenting": true, "allow_voting": true, "user_id": 0, "contributor": "the nameless", "contributor_create_date": "2018-04-12 03:34:00", "contributor_pic_path": "https://www.personality-database.com/images/profile_transparent.png", "display_order": 0, "edit_lock": 0, "edit_lock_picture": 0, "is_active": true, "is_approved": true, "mbti_enneagram_type": "ENTJ 3w4", "mbti_type": "ENTJ 3w4", "pdb_comment_access": true, "pdb_page_owner": 0, "pdb_public_access": true, "wiki_description": "A peerless practitioner of lethal shadow magic, Shieda Kayn battles to achieve his true destiny\u2014to one day lead the Order of Shadow into a new era of Ionian supremacy. He wields the sentient darkin weapon Rhaast, undeterred by its creeping corruption of his body and mind. There are only two possible outcomes: either Kayn bends the weapon to his will... or the malevolent blade consumes him completely, paving the way for the destruction of all Runeterra.", "watch_count": 276, "comment_count": 176, "vote_count": 374, "vote_count_enneagram": 154, "vote_count_mbti": 374, "total_vote_counts": 731, "personality_type": "ENTJ - 3w4 - so/sp - 385 - SEE - RLUEI - VFLE - Choleric-Sanguine - ET(N)", "type_updated_date": "2023-01-08 19:31:02", "enneagram_vote": "", "enneagram_vote_id": 0, "mbti_vote": "", "mbti_vote_id": 0, "is_watching": false, "image_exists": false, "profile_image_url": "https://static1.personality-database.com/profile_images/ca6841725f224f6990807f2164cb7393.png", "profile_image_credit": "", "profile_image_credit_id": 452255, "profile_image_credit_type": "0", "profile_image_credit_url": "", "alt_subcategory": "", "related_subcategories": "", "cat_id": 11, "category": "Gaming", "category_is_fictional": true, "sub_cat_id": 434, "subcategory": "League of Legends", "subcat_link_info": {"sub_cat_id": 434, "cat_id": 11, "property_id": 2, "subcategory": "League of Legends"}, "related_subcat_link_info": null, "related_profiles": [{"id": 3440, "mbti_profile": "Jinx", "subcategory": "League of Legends", "profile_image_url": "https://static1.personality-database.com/profile_images/478f76aab2b44120ad902822d3b5f831.png", "profile_name": "Jinx", "profile_subcat": "League of Legends", "sub_cat_id": 434, "cat_id": 11, "property_id": 2, "mbti": "ENFP", "enneatype": "7w8"}, {"id": 4903, "mbti_profile": "Khada Jhin", "subcategory": "League of Legends", "profile_image_url": "https://static1.personality-database.com/profile_images/66dcc0f64feb431498bb76c7c90f5010.png", "profile_name": "Khada Jhin", "profile_subcat": "League of Legends", "sub_cat_id": 434, "cat_id": 11, "property_id": 2, "mbti": "ISFP", "enneatype": "4w3"}, {"id": 353483, "mbti_profile": "Vex", "subcategory": "League of Legends", "profile_image_url": "https://static1.personality-database.com/profile_images/a75394218bf246ffb3b4aea15b488f1c.png", "profile_name": "Vex", "profile_subcat": "League of Legends", "sub_cat_id": 434, "cat_id": 11, "property_id": 2, "mbti": "INFP", "enneatype": "4w5"}, {"id": 211022, "mbti_profile": "Viego Santiarul Molach vol Kalah Heigaari", "subcategory": "League of Legends", "profile_image_url": "https://static1.personality-database.com/profile_images/c72b0a6e4a244fe3b636cd52f20de518.png", "profile_name": "Viego Santiarul Molach vol Kalah Heigaari", "profile_subcat": "League of Legends", "sub_cat_id": 434, "cat_id": 11, "property_id": 2, "mbti": "ISFP", "enneatype": "4w3"}, {"id": 27903, "mbti_profile": "Sylas of Dregbourne", "subcategory": "League of Legends", "profile_image_url": "https://static1.personality-database.com/profile_images/a2d882917ba8481a87e269287a4ed04f.png", "profile_name": "Sylas of Dregbourne", "profile_subcat": "League of Legends", "sub_cat_id": 434, "cat_id": 11, "property_id": 2, "mbti": "INTJ", "enneatype": "8w7"}, {"id": 177452, "mbti_profile": "Seraphine", "subcategory": "League of Legends", "profile_image_url": "https://static1.personality-database.com/profile_images/f89239bc0530475ea0f73743ad57127f.png", "profile_name": "Seraphine", "profile_subcat": "League of Legends", "sub_cat_id": 434, "cat_id": 11, "property_id": 2, "mbti": "ESFJ", "enneatype": "2w3"}, {"id": 7544, "mbti_profile": "Xayah of the Lhotlan", "subcategory": "League of Legends", "profile_image_url": "https://static1.personality-database.com/profile_images/ad18dece6a124188a91b008f6aa2de76.png", "profile_name": "Xayah of the Lhotlan", "profile_subcat": "League of Legends", "sub_cat_id": 434, "cat_id": 11, "property_id": 2, "mbti": "INTJ", "enneatype": "8w9"}, {"id": 4900, "mbti_profile": "Morgana", "subcategory": "League of Legends", "profile_image_url": "https://static1.personality-database.com/profile_images/ebf964f620d44ec28414024b5326f583.png", "profile_name": "Morgana", "profile_subcat": "League of Legends", "sub_cat_id": 434, "cat_id": 11, "property_id": 2, "mbti": "INFP", "enneatype": "4w3"}], "functions": ["Te", "Ni", "Se", "Fi"], "systems": [{"hex_color": "#888888", "id": 1, "personality_type": "XXXX", "personality_type_id": 0, "system_name": "Four Letter", "system_vote_count": 355, "user_vote_type_id": 0, "vote_id": 0}, {"hex_color": "#006775", "id": 2, "personality_type": "XXXX", "personality_type_id": 0, "system_name": "Enneagram", "system_vote_count": 143, "user_vote_type_id": 0, "vote_id": 0}, {"hex_color": "#006775", "id": 5, "personality_type": "XXXX", "personality_type_id": 0, "system_name": "Instinctual Variant", "system_vote_count": 54, "user_vote_type_id": 0, "vote_id": 0}, {"hex_color": "#006775", "id": 6, "personality_type": "XXXX", "personality_type_id": 0, "system_name": "Tritype", "system_vote_count": 47, "user_vote_type_id": 0, "vote_id": 0}, {"hex_color": "#888888", "id": 3, "personality_type": "XXXX", "personality_type_id": 0, "system_name": "Socionics", "system_vote_count": 38, "user_vote_type_id": 0, "vote_id": 0}, {"hex_color": "#888888", "id": 9, "personality_type": "XXXX", "personality_type_id": 0, "system_name": "Big 5 (SLOAN)", "system_vote_count": 22, "user_vote_type_id": 0, "vote_id": 0}, {"hex_color": "#888888", "id": 8, "personality_type": "XXXX", "personality_type_id": 0, "system_name": "Attitudinal Psyche", "system_vote_count": 20, "user_vote_type_id": 0, "vote_id": 0}, {"hex_color": "#888888", "id": 7, "personality_type": "XXXX", "personality_type_id": 0, "system_name": "Temperaments", "system_vote_count": 43, "user_vote_type_id": 0, "vote_id": 0}, {"hex_color": "#888888", "id": 11, "personality_type": "XXXX", "personality_type_id": 0, "system_name": "Classic Jungian", "system_vote_count": 2, "user_vote_type_id": 0, "vote_id": 0}], "breakdown_systems": {"1": [{"myValue": "ENTJ", "personality_system_id": 1, "personality_type": "ENTJ", "theCount": 159}, {"myValue": "INTJ", "personality_system_id": 1, "personality_type": "INTJ", "theCount": 111}, {"myValue": "ESTP", "personality_system_id": 1, "personality_type": "ESTP", "theCount": 60}, {"myValue": "ENTP", "personality_system_id": 1, "personality_type": "ENTP", "theCount": 10}, {"myValue": "ISTP", "personality_system_id": 1, "personality_type": "ISTP", "theCount": 7}, {"myValue": "ENFP", "personality_system_id": 1, "personality_type": "ENFP", "theCount": 2}, {"myValue": "INFJ", "personality_system_id": 1, "personality_type": "INFJ", "theCount": 2}, {"myValue": "ESTJ", "personality_system_id": 1, "personality_type": "ESTJ", "theCount": 1}, {"myValue": "INTP", "personality_system_id": 1, "personality_type": "INTP", "theCount": 1}, {"myValue": "ISFP", "personality_system_id": 1, "personality_type": "ISFP", "theCount": 1}, {"myValue": "ISTJ", "personality_system_id": 1, "personality_type": "ISTJ", "theCount": 1}], "11": [{"myValue": "ET(N)", "personality_system_id": 11, "personality_type": "ET(N)", "theCount": 2}], "2": [{"myValue": "3w4", "personality_system_id": 2, "personality_type": "3w4", "theCount": 113}, {"myValue": "8w7", "personality_system_id": 2, "personality_type": "8w7", "theCount": 22}, {"myValue": "3w2", "personality_system_id": 2, "personality_type": "3w2", "theCount": 2}, {"myValue": "8w9", "personality_system_id": 2, "personality_type": "8w9", "theCount": 2}, {"myValue": "2w1", "personality_system_id": 2, "personality_type": "2w1", "theCount": 1}, {"myValue": "4w5", "personality_system_id": 2, "personality_type": "4w5", "theCount": 1}, {"myValue": "6w5", "personality_system_id": 2, "personality_type": "6w5", "theCount": 1}, {"myValue": "7w8", "personality_system_id": 2, "personality_type": "7w8", "theCount": 1}], "3": [{"myValue": "SEE", "personality_system_id": 3, "personality_type": "SEE", "theCount": 19}, {"myValue": "EIE", "personality_system_id": 3, "personality_type": "EIE", "theCount": 10}, {"myValue": "SLE", "personality_system_id": 3, "personality_type": "SLE", "theCount": 4}, {"myValue": "LIE", "personality_system_id": 3, "personality_type": "LIE", "theCount": 3}, {"myValue": "EII", "personality_system_id": 3, "personality_type": "EII", "theCount": 1}, {"myValue": "LSI", "personality_system_id": 3, "personality_type": "LSI", "theCount": 1}], "4": [{"myValue": "Chaotic Neutral", "personality_system_id": 4, "personality_type": "Chaotic Neutral", "theCount": 4}, {"myValue": "Chaotic Evil", "personality_system_id": 4, "personality_type": "Chaotic Evil", "theCount": 2}, {"myValue": "Neutral Evil", "personality_system_id": 4, "personality_type": "Neutral Evil", "theCount": 1}], "5": [{"myValue": "so/sp", "personality_system_id": 5, "personality_type": "so/sp", "theCount": 30}, {"myValue": "sp/sx", "personality_system_id": 5, "personality_type": "sp/sx", "theCount": 17}, {"myValue": "sp/so", "personality_system_id": 5, "personality_type": "sp/so", "theCount": 3}, {"myValue": "sx/so", "personality_system_id": 5, "personality_type": "sx/so", "theCount": 2}, {"myValue": "sx/sp", "personality_system_id": 5, "personality_type": "sx/sp", "theCount": 2}], "6": [{"myValue": "385", "personality_system_id": 6, "personality_type": "385", "theCount": 32}, {"myValue": "386", "personality_system_id": 6, "personality_type": "386", "theCount": 8}, {"myValue": "387", "personality_system_id": 6, "personality_type": "387", "theCount": 2}, {"myValue": "358", "personality_system_id": 6, "personality_type": "358", "theCount": 1}, {"myValue": "783", "personality_system_id": 6, "personality_type": "783", "theCount": 1}, {"myValue": "836", "personality_system_id": 6, "personality_type": "836", "theCount": 1}, {"myValue": "846", "personality_system_id": 6, "personality_type": "846", "theCount": 1}, {"myValue": "873", "personality_system_id": 6, "personality_type": "873", "theCount": 1}], "7": [{"myValue": "Choleric-Sanguine", "personality_system_id": 7, "personality_type": "Choleric-Sanguine", "theCount": 21}, {"myValue": "Choleric-Melancholic", "personality_system_id": 7, "personality_type": "Choleric-Melancholic", "theCount": 17}, {"myValue": "Choleric [Dominant]", "personality_system_id": 7, "personality_type": "Choleric [Dominant]", "theCount": 3}, {"myValue": "Melancholic-Choleric", "personality_system_id": 7, "personality_type": "Melancholic-Choleric", "theCount": 1}, {"myValue": "Phlegmatic-Melancholic", "personality_system_id": 7, "personality_type": "Phlegmatic-Melancholic", "theCount": 1}], "8": [{"myValue": "VFLE", "personality_system_id": 8, "personality_type": "VFLE", "theCount": 13}, {"myValue": "VLFE", "personality_system_id": 8, "personality_type": "VLFE", "theCount": 4}, {"myValue": "FLVE", "personality_system_id": 8, "personality_type": "FLVE", "theCount": 1}, {"myValue": "LEFV", "personality_system_id": 8, "personality_type": "LEFV", "theCount": 1}, {"myValue": "LEVF", "personality_system_id": 8, "personality_type": "LEVF", "theCount": 1}], "9": [{"myValue": "RLUEI", "personality_system_id": 9, "personality_type": "RLUEI", "theCount": 16}, {"myValue": "RLOAI", "personality_system_id": 9, "personality_type": "RLOAI", "theCount": 1}, {"myValue": "RLOEI", "personality_system_id": 9, "personality_type": "RLOEI", "theCount": 1}, {"myValue": "SCOEI", "personality_system_id": 9, "personality_type": "SCOEI", "theCount": 1}, {"myValue": "SCUEN", "personality_system_id": 9, "personality_type": "SCUEN", "theCount": 1}, {"myValue": "SLOEI", "personality_system_id": 9, "personality_type": "SLOEI", "theCount": 1}, {"myValue": "SLUEI", "personality_system_id": 9, "personality_type": "SLUEI", "theCount": 1}]}, "breakdown_config": {"expand": {"1": 3, "11": 1, "2": 3, "3": 2, "4": 1, "5": 2, "6": 1, "7": 2, "8": 1, "9": 1}, "fire": {"1": 1, "11": 0, "2": 0, "3": 1, "4": 0, "5": 1, "6": 0, "7": 1, "8": 0, "9": 0}}, "mbti_letter_stats": [{"type": "E", "percentage": "65%", "PercentageFloat": 0.6535211267605634}, {"type": "N", "percentage": "80%", "PercentageFloat": 0.8028169014084507}, {"type": "T", "percentage": "99%", "PercentageFloat": 0.9859154929577465}, {"type": "J", "percentage": "77%", "PercentageFloat": 0.7718309859154929}], "topic_info": {"can_generate": false, "topic": {"description": "", "follow_count": 2, "id": 10402, "is_following": false, "is_join_pending": false, "is_banned": false, "is_moderated": false, "name_readable": "Kayn", "post_count": 11, "source_profile_id": 11147, "source_type": "profile", "join_to_post": false, "can_pin": false, "related_topics": [{"description": "", "follow_count": 2, "id": 3166, "is_following": false, "is_join_pending": false, "is_banned": false, "is_moderated": false, "name_readable": "Jinx", "post_count": 28, "source_profile_id": 3440, "source_type": "profile", "image": {"picURL": "https://static1.personality-database.com/profile_images/478f76aab2b44120ad902822d3b5f831.png"}, "join_to_post": false, "can_pin": false}, {"description": "League of Legends champion from Zaun", "follow_count": 1, "id": 328111, "is_following": false, "is_join_pending": false, "is_banned": false, "is_moderated": false, "name_readable": "Zeri", "post_count": 13, "source_profile_id": 445517, "source_type": "profile", "image": {"picURL": "https://static1.personality-database.com/profile_images/23fcd408588a4389bfff64286f2a544f.png"}, "join_to_post": false, "can_pin": false}, {"description": "#TakehitoKoyasu", "follow_count": 0, "id": 60152, "is_following": false, "is_join_pending": false, "is_banned": false, "is_moderated": false, "name_readable": "Sett", "post_count": 12, "source_profile_id": 74155, "source_type": "profile", "image": {"picURL": "https://static1.personality-database.com/profile_images/da926ff5845043ee80ea593533d1e5d2.png"}, "join_to_post": false, "can_pin": false}, {"description": "", "follow_count": 2, "id": 10402, "is_following": false, "is_join_pending": false, "is_banned": false, "is_moderated": false, "name_readable": "Kayn", "post_count": 11, "source_profile_id": 11147, "source_type": "profile", "image": {"picURL": "https://static1.personality-database.com/profile_images/ca6841725f224f6990807f2164cb7393.png"}, "join_to_post": false, "can_pin": false}, {"description": "", "follow_count": 1, "id": 136667, "is_following": false, "is_join_pending": false, "is_banned": false, "is_moderated": false, "name_readable": "Seraphine", "post_count": 11, "source_profile_id": 177452, "source_type": "profile", "image": {"picURL": "https://static1.personality-database.com/profile_images/f89239bc0530475ea0f73743ad57127f.png"}, "join_to_post": false, "can_pin": false}, {"description": "", "follow_count": 2, "id": 57762, "is_following": false, "is_join_pending": false, "is_banned": false, "is_moderated": false, "name_readable": "Aphelios", "post_count": 9, "source_profile_id": 71168, "source_type": "profile", "image": {"picURL": "https://static1.personality-database.com/profile_images/511a8f9b941d480381c3cf5d9907b2d3.png"}, "join_to_post": false, "can_pin": false}, {"description": "", "follow_count": 0, "id": 9730, "is_following": false, "is_join_pending": false, "is_banned": false, "is_moderated": false, "name_readable": "Aatrox", "post_count": 9, "source_profile_id": 10410, "source_type": "profile", "image": {"picURL": "https://static1.personality-database.com/profile_images/44de18409bd0498db47d8a1f63530350.png"}, "join_to_post": false, "can_pin": false}, {"description": "", "follow_count": 1, "id": 20166, "is_following": false, "is_join_pending": false, "is_banned": false, "is_moderated": false, "name_readable": "Irelia", "post_count": 9, "source_profile_id": 22235, "source_type": "profile", "image": {"picURL": "https://static1.personality-database.com/profile_images/fd089cbbd18842869c6aef49dc9c6c32.png"}, "join_to_post": false, "can_pin": false}, {"description": "", "follow_count": 3, "id": 10403, "is_following": false, "is_join_pending": false, "is_banned": false, "is_moderated": false, "name_readable": "Yasuo", "post_count": 8, "source_profile_id": 11148, "source_type": "profile", "image": {"picURL": "https://static1.personality-database.com/profile_images/12401f348b744ce1bcb502f3d8f79384.png"}, "join_to_post": false, "can_pin": false}, {"description": "Morgana, the Fallen", "follow_count": 0, "id": 4543, "is_following": false, "is_join_pending": false, "is_banned": false, "is_moderated": false, "name_readable": "Morgana", "post_count": 8, "source_profile_id": 4900, "source_type": "profile", "image": {"picURL": "https://static1.personality-database.com/profile_images/ebf964f620d44ec28414024b5326f583.png"}, "join_to_post": false, "can_pin": false}, {"description": "", "follow_count": 2, "id": 25055, "is_following": false, "is_join_pending": false, "is_banned": false, "is_moderated": false, "name_readable": "Riven", "post_count": 7, "source_profile_id": 27828, "source_type": "profile", "image": {"picURL": "https://static1.personality-database.com/profile_images/f6d921a0fe1b4834ab4f18c46fdd0077.png"}, "join_to_post": false, "can_pin": false}, {"description": "", "follow_count": 0, "id": 19887, "is_following": false, "is_join_pending": false, "is_banned": false, "is_moderated": false, "name_readable": "Neeko", "post_count": 7, "source_profile_id": 21910, "source_type": "profile", "image": {"picURL": "https://static1.personality-database.com/profile_images/51e3e39ac6e04692b120e71238c0f344.png"}, "join_to_post": false, "can_pin": false}, {"description": "", "follow_count": 0, "id": 4541, "is_following": false, "is_join_pending": false, "is_banned": false, "is_moderated": false, "name_readable": "Nami", "post_count": 7, "source_profile_id": 4898, "source_type": "profile", "image": {"picURL": "https://static1.personality-database.com/profile_images/bed37848b2c048a1909cd3573bab9649.png"}, "join_to_post": false, "can_pin": false}, {"description": "", "follow_count": 1, "id": 4542, "is_following": false, "is_join_pending": false, "is_banned": false, "is_moderated": false, "name_readable": "Lux", "post_count": 7, "source_profile_id": 4899, "source_type": "profile", "image": {"picURL": "https://static1.personality-database.com/profile_images/1ce2eb69ffd64443834080bbb514d661.png"}, "join_to_post": false, "can_pin": false}, {"description": "", "follow_count": 0, "id": 136668, "is_following": false, "is_join_pending": false, "is_banned": false, "is_moderated": false, "name_readable": "Samira", "post_count": 5, "source_profile_id": 177453, "source_type": "profile", "image": {"picURL": "https://static1.personality-database.com/profile_images/63caeded972d427f88b6f92bf57b6317.png"}, "join_to_post": false, "can_pin": false}, {"description": "A Bilgewater captain famed for her looks but feared for her ruthlessness, Sarah Fortune paints a stark figure among the hardened criminals of the port city. As a child, she witnessed the reaver king Gangplank murder her family\u2014an act she brutally avenged years later, blowing up his flagship while he was still aboard. Those who underestimate her will face a beguiling and unpredictable opponent\u2026 and, likely, a bullet or two in their guts.", "follow_count": 2, "id": 25131, "is_following": false, "is_join_pending": false, "is_banned": false, "is_moderated": false, "name_readable": "Miss Fortune", "post_count": 5, "source_profile_id": 27906, "source_type": "profile", "image": {"picURL": "https://static1.personality-database.com/profile_images/da84004a761a48e6811719714ed286ed.png"}, "join_to_post": false, "can_pin": false}], "subcategory": "League of Legends", "topic_image_url": "https://static1.personality-database.com/profile_images/ca6841725f224f6990807f2164cb7393.png", "source_location": {"cid": 11, "pid": 2, "sub_cat_id": 434}, "can_post_image": false, "can_post_audio": false, "posts": {"posts": [{"username": "lerolerolero", "user_pic_path": "https://lh3.googleusercontent.com/a-/AOh14Gg-RSjcnE-4YS6FYpyCgTp408UQDm9UMEszONQt9A=s96-c", "user_personality_type": "INFP-6w5-693", "is_mod": false, "comment_count": 0, "reply_count": 0, "vote_type": 0, "topics_list": [{"id": 10402, "name_readable": "Kayn"}], "id": 1419551, "post_id": 1419551, "user_id": 570539, "title": "", "content": "Shieda Kayn,\nFrom: League of Legends\n\nn ligo pro mbti dele pq ele \u00e9 muito g0stozo", "create_date": 1664252536000, "unix_timestamp": 1664252536000, "update_date": 1664252536000, "vote_count": 1, "vote_count_down": 0, "is_reported": 1, "is_hidden": false, "is_pinned": false, "is_watching": false, "is_pro_user": false, "images": null, "audios": null, "function_list": [], "type": "post"}, {"username": "Imagine having asuka pfp", "user_pic_path": "https://lh3.googleusercontent.com/a-/AFdZucrOe7BCxG6Hb2gp0stau8Rhoo2UlmAnrz-aKZba=s96-c", "user_personality_type": "ENFJ-3w2-369", "is_mod": false, "comment_count": 0, "reply_count": 0, "vote_type": 0, "topics_list": [{"id": 10402, "name_readable": "Kayn"}], "id": 850107, "post_id": 850107, "user_id": 608237, "title": "", "content": "Shieda Kayn,\nFrom: League of Legends\n\nhe has hot daddy muscular syndrom", "create_date": 1654812635000, "unix_timestamp": 1654812635000, "update_date": 1654812635000, "vote_count": 5, "vote_count_down": 0, "is_reported": 1, "is_hidden": false, "is_pinned": false, "is_watching": false, "is_pro_user": false, "images": null, "audios": null, "function_list": [], "type": "post"}, {"username": "Kaeve", "user_pic_path": "https://static1.personality-database.com/user_avatars/92473/9fcd52f9-e6c8-4cb4-aaa7-ee4ac681a413_small.jpeg", "user_personality_type": "INFJ-4w5-451", "is_mod": false, "comment_count": 5, "reply_count": 5, "vote_type": 0, "topics_list": [{"id": 10402, "name_readable": "Kayn"}], "id": 836580, "post_id": 836580, "user_id": 92473, "title": "", "content": "Kayn is ENTJ. Rhaast is ESTP. I remember the days their types were switched on PDB\u2026", "create_date": 1654741614000, "unix_timestamp": 1654741614000, "update_date": 1654741614000, "vote_count": 4, "vote_count_down": 0, "is_reported": 0, "is_hidden": false, "is_pinned": false, "is_watching": false, "is_pro_user": false, "images": null, "audios": null, "function_list": [], "type": "post"}]}}}}