{"id": 12151, "mbti_profile": "Himiko Yumeno", "profile_name_searchable": "himikoyumeno", "allow_commenting": true, "allow_voting": true, "user_id": 5267, "contributor": "ljeffrey949", "contributor_create_date": "2018-05-20 17:55:23", "contributor_pic_path": "https://lh6.googleusercontent.com/-TCES3Gjg-D4/AAAAAAAAAAI/AAAAAAAAALk/DY7ZUEfgobA/s96-c/photo.jpg", "display_order": 0, "edit_lock": 1, "edit_lock_picture": 1, "is_active": true, "is_approved": true, "mbti_enneagram_type": "INFP 9w8", "mbti_type": "INFP 9w8", "pdb_comment_access": true, "pdb_page_owner": 0, "pdb_public_access": true, "wiki_description": "Himiko Yumeno is a student in the Ultimate Academy for Gifted Juveniles and a participant of the Killing School Semester featured in Danganronpa V3: Killing Harmony. Her title is the Ultimate Magician. However she claims her \"true\", unofficial title is the Ultimate Mage.", "watch_count": 1112, "comment_count": 123, "vote_count": 504, "vote_count_enneagram": 325, "vote_count_mbti": 504, "total_vote_counts": 1309, "personality_type": "INFP - 9w8 - sp/so - 946 - SLI - RCUAI - FELV - Phlegmatic [Dominant] - IS(F)", "type_updated_date": "2022-11-15 11:41:12", "enneagram_vote": "", "enneagram_vote_id": 0, "mbti_vote": "", "mbti_vote_id": 0, "is_watching": false, "image_exists": false, "profile_image_url": "https://static1.personality-database.com/profile_images/9b23926f482a41e5a59d6fa700061090.png", "profile_image_credit": "", "profile_image_credit_id": 157945, "profile_image_credit_type": "0", "profile_image_credit_url": "", "alt_subcategory": "", "related_subcategories": "", "cat_id": 11, "category": "Gaming", "category_is_fictional": true, "sub_cat_id": 1403, "subcategory": "Danganronpa V3: Killing Harmony", "subcat_link_info": {"sub_cat_id": 1403, "cat_id": 11, "property_id": 2, "subcategory": "Danganronpa V3: Killing Harmony"}, "related_subcat_link_info": null, "related_profiles": [{"id": 10513, "mbti_profile": "Shuichi Saihara", "subcategory": "Danganronpa V3: Killing Harmony", "profile_image_url": "https://static1.personality-database.com/profile_images/d76ed437bc4c4b909a56487e6b79868f.png", "profile_name": "Shuichi Saihara", "profile_subcat": "Danganronpa V3: Killing Harmony", "sub_cat_id": 1403, "cat_id": 11, "property_id": 2, "mbti": "INTJ", "enneatype": "5w4"}, {"id": 12301, "mbti_profile": "Kokichi Ouma", "subcategory": "Danganronpa V3: Killing Harmony", "profile_image_url": "https://static1.personality-database.com/profile_images/57214a3d846b49c68a47eb767e7e5d98.png", "profile_name": "Kokichi Ouma", "profile_subcat": "Danganronpa V3: Killing Harmony", "sub_cat_id": 1403, "cat_id": 11, "property_id": 2, "mbti": "ENTP", "enneatype": "7w6"}, {"id": 11129, "mbti_profile": "Maki Harukawa", "subcategory": "Danganronpa V3: Killing Harmony", "profile_image_url": "https://static1.personality-database.com/profile_images/0d8dee8e6c5b4bd289d8b7c2965936aa.png", "profile_name": "Maki Harukawa", "profile_subcat": "Danganronpa V3: Killing Harmony", "sub_cat_id": 1403, "cat_id": 11, "property_id": 2, "mbti": "ISTJ", "enneatype": "6w5"}, {"id": 12293, "mbti_profile": "Kaede Akamatsu", "subcategory": "Danganronpa V3: Killing Harmony", "profile_image_url": "https://static1.personality-database.com/profile_images/664c3febc71b4e90910a14339c904ef8.png", "profile_name": "Kaede Akamatsu", "profile_subcat": "Danganronpa V3: Killing Harmony", "sub_cat_id": 1403, "cat_id": 11, "property_id": 2, "mbti": "ENFJ", "enneatype": "2w3"}, {"id": 12302, "mbti_profile": "Miu Iruma", "subcategory": "Danganronpa V3: Killing Harmony", "profile_image_url": "https://static1.personality-database.com/profile_images/87b45e9189054be680f9a96351e99fa1.png", "profile_name": "Miu Iruma", "profile_subcat": "Danganronpa V3: Killing Harmony", "sub_cat_id": 1403, "cat_id": 11, "property_id": 2, "mbti": "ESTP", "enneatype": "6w7"}, {"id": 12300, "mbti_profile": "Korekiyo Shinguji", "subcategory": "Danganronpa V3: Killing Harmony", "profile_image_url": "https://static1.personality-database.com/profile_images/216a387726a64bfb80e76cf241eb0c0a.png", "profile_name": "Korekiyo Shinguji", "profile_subcat": "Danganronpa V3: Killing Harmony", "sub_cat_id": 1403, "cat_id": 11, "property_id": 2, "mbti": "INFJ", "enneatype": "5w4"}, {"id": 12295, "mbti_profile": "Rantaro Amami", "subcategory": "Danganronpa V3: Killing Harmony", "profile_image_url": "https://static1.personality-database.com/profile_images/e0eb1c33031f4e3b869118af1ec3e603.png", "profile_name": "Rantaro Amami", "profile_subcat": "Danganronpa V3: Killing Harmony", "sub_cat_id": 1403, "cat_id": 11, "property_id": 2, "mbti": "INTP", "enneatype": "5w6"}, {"id": 12298, "mbti_profile": "Angie Yonaga", "subcategory": "Danganronpa V3: Killing Harmony", "profile_image_url": "https://static1.personality-database.com/profile_images/49e4cd288a9346cf9fab486a316076bf.png", "profile_name": "Angie Yonaga", "profile_subcat": "Danganronpa V3: Killing Harmony", "sub_cat_id": 1403, "cat_id": 11, "property_id": 2, "mbti": "ESFJ", "enneatype": "2w3"}], "functions": ["Fi", "Ne", "Si", "Te"], "systems": [{"hex_color": "#888888", "id": 1, "personality_type": "XXXX", "personality_type_id": 0, "system_name": "Four Letter", "system_vote_count": 489, "user_vote_type_id": 0, "vote_id": 0}, {"hex_color": "#006775", "id": 2, "personality_type": "XXXX", "personality_type_id": 0, "system_name": "Enneagram", "system_vote_count": 315, "user_vote_type_id": 0, "vote_id": 0}, {"hex_color": "#006775", "id": 5, "personality_type": "XXXX", "personality_type_id": 0, "system_name": "Instinctual Variant", "system_vote_count": 112, "user_vote_type_id": 0, "vote_id": 0}, {"hex_color": "#006775", "id": 6, "personality_type": "XXXX", "personality_type_id": 0, "system_name": "Tritype", "system_vote_count": 105, "user_vote_type_id": 0, "vote_id": 0}, {"hex_color": "#888888", "id": 3, "personality_type": "XXXX", "personality_type_id": 0, "system_name": "Socionics", "system_vote_count": 39, "user_vote_type_id": 0, "vote_id": 0}, {"hex_color": "#888888", "id": 9, "personality_type": "XXXX", "personality_type_id": 0, "system_name": "Big 5 (SLOAN)", "system_vote_count": 82, "user_vote_type_id": 0, "vote_id": 0}, {"hex_color": "#888888", "id": 8, "personality_type": "XXXX", "personality_type_id": 0, "system_name": "Attitudinal Psyche", "system_vote_count": 28, "user_vote_type_id": 0, "vote_id": 0}, {"hex_color": "#888888", "id": 7, "personality_type": "XXXX", "personality_type_id": 0, "system_name": "Temperaments", "system_vote_count": 90, "user_vote_type_id": 0, "vote_id": 0}, {"hex_color": "#888888", "id": 11, "personality_type": "XXXX", "personality_type_id": 0, "system_name": "Classic Jungian", "system_vote_count": 14, "user_vote_type_id": 0, "vote_id": 0}], "breakdown_systems": {"1": [{"myValue": "INFP", "personality_system_id": 1, "personality_type": "INFP", "theCount": 438}, {"myValue": "ISFP", "personality_system_id": 1, "personality_type": "ISFP", "theCount": 32}, {"myValue": "INTP", "personality_system_id": 1, "personality_type": "INTP", "theCount": 6}, {"myValue": "ISFJ", "personality_system_id": 1, "personality_type": "ISFJ", "theCount": 5}, {"myValue": "ENFP", "personality_system_id": 1, "personality_type": "ENFP", "theCount": 3}, {"myValue": "ISTP", "personality_system_id": 1, "personality_type": "ISTP", "theCount": 3}, {"myValue": "ENTP", "personality_system_id": 1, "personality_type": "ENTP", "theCount": 1}, {"myValue": "ESTJ", "personality_system_id": 1, "personality_type": "ESTJ", "theCount": 1}], "10": [{"myValue": "Right-brained Introvert", "personality_system_id": 10, "personality_type": "Right-brained Introvert", "theCount": 1}], "11": [{"myValue": "IS(F)", "personality_system_id": 11, "personality_type": "IS(F)", "theCount": 7}, {"myValue": "IF(N)", "personality_system_id": 11, "personality_type": "IF(N)", "theCount": 3}, {"myValue": "IS(T)", "personality_system_id": 11, "personality_type": "IS(T)", "theCount": 3}, {"myValue": "IF(S)", "personality_system_id": 11, "personality_type": "IF(S)", "theCount": 1}], "2": [{"myValue": "9w8", "personality_system_id": 2, "personality_type": "9w8", "theCount": 267}, {"myValue": "4w3", "personality_system_id": 2, "personality_type": "4w3", "theCount": 26}, {"myValue": "4w5", "personality_system_id": 2, "personality_type": "4w5", "theCount": 8}, {"myValue": "9w1", "personality_system_id": 2, "personality_type": "9w1", "theCount": 8}, {"myValue": "7w6", "personality_system_id": 2, "personality_type": "7w6", "theCount": 2}, {"myValue": "8w9", "personality_system_id": 2, "personality_type": "8w9", "theCount": 2}, {"myValue": "5w4", "personality_system_id": 2, "personality_type": "5w4", "theCount": 1}, {"myValue": "5w6", "personality_system_id": 2, "personality_type": "5w6", "theCount": 1}], "3": [{"myValue": "SLI", "personality_system_id": 3, "personality_type": "SLI", "theCount": 25}, {"myValue": "SEI", "personality_system_id": 3, "personality_type": "SEI", "theCount": 8}, {"myValue": "IEI", "personality_system_id": 3, "personality_type": "IEI", "theCount": 2}, {"myValue": "ILE", "personality_system_id": 3, "personality_type": "ILE", "theCount": 2}, {"myValue": "EII", "personality_system_id": 3, "personality_type": "EII", "theCount": 1}, {"myValue": "ILI", "personality_system_id": 3, "personality_type": "ILI", "theCount": 1}], "4": [{"myValue": "True Neutral", "personality_system_id": 4, "personality_type": "True Neutral", "theCount": 29}, {"myValue": "Neutral Good", "personality_system_id": 4, "personality_type": "Neutral Good", "theCount": 4}, {"myValue": "Chaotic Good", "personality_system_id": 4, "personality_type": "Chaotic Good", "theCount": 1}], "5": [{"myValue": "sp/so", "personality_system_id": 5, "personality_type": "sp/so", "theCount": 65}, {"myValue": "sp/sx", "personality_system_id": 5, "personality_type": "sp/sx", "theCount": 42}, {"myValue": "so/sp", "personality_system_id": 5, "personality_type": "so/sp", "theCount": 2}, {"myValue": "so/sx", "personality_system_id": 5, "personality_type": "so/sx", "theCount": 1}, {"myValue": "sx/so", "personality_system_id": 5, "personality_type": "sx/so", "theCount": 1}, {"myValue": "sx/sp", "personality_system_id": 5, "personality_type": "sx/sp", "theCount": 1}], "6": [{"myValue": "946", "personality_system_id": 6, "personality_type": "946", "theCount": 74}, {"myValue": "496", "personality_system_id": 6, "personality_type": "496", "theCount": 11}, {"myValue": "945", "personality_system_id": 6, "personality_type": "945", "theCount": 3}, {"myValue": "964", "personality_system_id": 6, "personality_type": "964", "theCount": 3}, {"myValue": "469", "personality_system_id": 6, "personality_type": "469", "theCount": 2}, {"myValue": "947", "personality_system_id": 6, "personality_type": "947", "theCount": 2}, {"myValue": "952", "personality_system_id": 6, "personality_type": "952", "theCount": 2}, {"myValue": "954", "personality_system_id": 6, "personality_type": "954", "theCount": 2}, {"myValue": "459", "personality_system_id": 6, "personality_type": "459", "theCount": 1}, {"myValue": "497", "personality_system_id": 6, "personality_type": "497", "theCount": 1}, {"myValue": "594", "personality_system_id": 6, "personality_type": "594", "theCount": 1}, {"myValue": "853", "personality_system_id": 6, "personality_type": "853", "theCount": 1}, {"myValue": "953", "personality_system_id": 6, "personality_type": "953", "theCount": 1}, {"myValue": "962", "personality_system_id": 6, "personality_type": "962", "theCount": 1}], "7": [{"myValue": "Phlegmatic [Dominant]", "personality_system_id": 7, "personality_type": "Phlegmatic [Dominant]", "theCount": 78}, {"myValue": "Phlegmatic-Melancholic", "personality_system_id": 7, "personality_type": "Phlegmatic-Melancholic", "theCount": 9}, {"myValue": "Choleric-Melancholic", "personality_system_id": 7, "personality_type": "Choleric-Melancholic", "theCount": 1}, {"myValue": "Melancholic [Dominant]", "personality_system_id": 7, "personality_type": "Melancholic [Dominant]", "theCount": 1}, {"myValue": "Phlegmatic-Choleric", "personality_system_id": 7, "personality_type": "Phlegmatic-Choleric", "theCount": 1}], "8": [{"myValue": "FELV", "personality_system_id": 8, "personality_type": "FELV", "theCount": 18}, {"myValue": "FLEV", "personality_system_id": 8, "personality_type": "FLEV", "theCount": 6}, {"myValue": "EFLV", "personality_system_id": 8, "personality_type": "EFLV", "theCount": 3}, {"myValue": "VFLE", "personality_system_id": 8, "personality_type": "VFLE", "theCount": 1}], "9": [{"myValue": "RCUAI", "personality_system_id": 9, "personality_type": "RCUAI", "theCount": 34}, {"myValue": "RLUAI", "personality_system_id": 9, "personality_type": "RLUAI", "theCount": 21}, {"myValue": "RLUAN", "personality_system_id": 9, "personality_type": "RLUAN", "theCount": 13}, {"myValue": "RLUEI", "personality_system_id": 9, "personality_type": "RLUEI", "theCount": 7}, {"myValue": "RCUAN", "personality_system_id": 9, "personality_type": "RCUAN", "theCount": 3}, {"myValue": "RCUEN", "personality_system_id": 9, "personality_type": "RCUEN", "theCount": 2}, {"myValue": "RCUEI", "personality_system_id": 9, "personality_type": "RCUEI", "theCount": 1}, {"myValue": "RLOEN", "personality_system_id": 9, "personality_type": "RLOEN", "theCount": 1}]}, "breakdown_config": {"expand": {"1": 3, "10": 1, "11": 1, "2": 3, "3": 1, "4": 1, "5": 2, "6": 1, "7": 1, "8": 1, "9": 2}, "fire": {"1": 0, "10": 0, "11": 0, "2": 0, "3": 0, "4": 0, "5": 1, "6": 0, "7": 0, "8": 0, "9": 1}}, "mbti_letter_stats": [{"type": "I", "percentage": "99%", "PercentageFloat": 0.9897750511247444}, {"type": "N", "percentage": "92%", "PercentageFloat": 0.9161554192229039}, {"type": "F", "percentage": "98%", "PercentageFloat": 0.9775051124744376}, {"type": "P", "percentage": "99%", "PercentageFloat": 0.9877300613496932}], "topic_info": {"can_generate": false, "topic": {"description": "Himiko Yumeno is a student in the Ultimate Academy for Gifted Juveniles and a participant of the Killing School Semester featured in Danganronpa V3: Killing Harmony. Her title is the Ultimate Magician. However she claims her \"true\", unofficial title is the Ultimate Mage.", "follow_count": 0, "id": 11240, "is_following": false, "is_join_pending": false, "is_banned": false, "is_moderated": false, "name_readable": "Himiko Yumeno", "post_count": 18, "source_profile_id": 12151, "source_type": "profile", "join_to_post": false, "can_pin": false, "related_topics": [{"description": "Kokichi Ouma is a student in the Ultimate Academy for Gifted Juveniles and a participant of the Killing School Semester featured in Danganronpa V3: Killing Harmony. His title is the Ultimate Supreme Leader.", "follow_count": 27, "id": 11362, "is_following": false, "is_join_pending": false, "is_banned": false, "is_moderated": false, "name_readable": "Kokichi Ouma", "post_count": 122, "source_profile_id": 12301, "source_type": "profile", "image": {"picURL": "https://static1.personality-database.com/profile_images/57214a3d846b49c68a47eb767e7e5d98.png"}, "join_to_post": false, "can_pin": false}, {"description": "Shuichi Saihara is a student in the Ultimate Academy for Gifted Juveniles and a participant of the Killing School Semester featured in Danganronpa V3: Killing Harmony. His title is the Ultimate Detective.", "follow_count": 14, "id": 9818, "is_following": false, "is_join_pending": false, "is_banned": false, "is_moderated": false, "name_readable": "Shuichi Saihara", "post_count": 70, "source_profile_id": 10513, "source_type": "profile", "image": {"picURL": "https://static1.personality-database.com/profile_images/d76ed437bc4c4b909a56487e6b79868f.png"}, "join_to_post": false, "can_pin": false}, {"description": "Miu Iruma is a student in the Ultimate Academy for Gifted Juveniles and a participant of the Killing School Semester featured in Danganronpa V3: Killing Harmony. Her title is the Ultimate Inventor.", "follow_count": 6, "id": 11363, "is_following": false, "is_join_pending": false, "is_banned": false, "is_moderated": false, "name_readable": "Miu Iruma", "post_count": 42, "source_profile_id": 12302, "source_type": "profile", "image": {"picURL": "https://static1.personality-database.com/profile_images/87b45e9189054be680f9a96351e99fa1.png"}, "join_to_post": false, "can_pin": false}, {"description": "Korekiyo Shinguji, also known as Kiyo, is a student in the Ultimate Academy for Gifted Juveniles and a participant of the Killing School Semester featured in Danganronpa V3: Killing Harmony. His title is the Ultimate Anthropologist.", "follow_count": 6, "id": 11361, "is_following": false, "is_join_pending": false, "is_banned": false, "is_moderated": false, "name_readable": "Korekiyo Shinguji", "post_count": 33, "source_profile_id": 12300, "source_type": "profile", "image": {"picURL": "https://static1.personality-database.com/profile_images/216a387726a64bfb80e76cf241eb0c0a.png"}, "join_to_post": false, "can_pin": false}, {"description": "Kaede Akamatsu is a student in the Ultimate Academy for Gifted Juveniles and a participant of the Killing School Semester featured in Danganronpa V3: Killing Harmony. Her title is the Ultimate Pianist.", "follow_count": 11, "id": 11354, "is_following": false, "is_join_pending": false, "is_banned": false, "is_moderated": false, "name_readable": "Kaede Akamatsu", "post_count": 32, "source_profile_id": 12293, "source_type": "profile", "image": {"picURL": "https://static1.personality-database.com/profile_images/664c3febc71b4e90910a14339c904ef8.png"}, "join_to_post": false, "can_pin": false}, {"description": "Maki Harukawa is a student in the Ultimate Academy for Gifted Juveniles and a participant of the Killing School Semester featured in Danganronpa V3: Killing Harmony. Her title is the Ultimate Child Caregiver.", "follow_count": 2, "id": 10387, "is_following": false, "is_join_pending": false, "is_banned": false, "is_moderated": false, "name_readable": "Maki Harukawa", "post_count": 21, "source_profile_id": 11129, "source_type": "profile", "image": {"picURL": "https://static1.personality-database.com/profile_images/0d8dee8e6c5b4bd289d8b7c2965936aa.png"}, "join_to_post": false, "can_pin": false}, {"description": "Rantaro Amami is a student in the Ultimate Academy for Gifted Juveniles and a participant of the Killing School Semester featured in Danganronpa V3: Killing Harmony. He doesn't remember his talent at the beginning of the Killing Game, so his title is the Ultimate ???", "follow_count": 4, "id": 11356, "is_following": false, "is_join_pending": false, "is_banned": false, "is_moderated": false, "name_readable": "Rantaro Amami", "post_count": 18, "source_profile_id": 12295, "source_type": "profile", "image": {"picURL": "https://static1.personality-database.com/profile_images/e0eb1c33031f4e3b869118af1ec3e603.png"}, "join_to_post": false, "can_pin": false}, {"description": "Himiko Yumeno is a student in the Ultimate Academy for Gifted Juveniles and a participant of the Killing School Semester featured in Danganronpa V3: Killing Harmony. Her title is the Ultimate Magician. However she claims her \"true\", unofficial title is the Ultimate Mage.", "follow_count": 0, "id": 11240, "is_following": false, "is_join_pending": false, "is_banned": false, "is_moderated": false, "name_readable": "Himiko Yumeno", "post_count": 18, "source_profile_id": 12151, "source_type": "profile", "image": {"picURL": "https://static1.personality-database.com/profile_images/9b23926f482a41e5a59d6fa700061090.png"}, "join_to_post": false, "can_pin": false}, {"description": "K1-B0, also known as Keebo and Ki-Bo, is a student in the Ultimate Academy for Gifted Juveniles and a participant of the Killing School Semester featured in Danganronpa V3: Killing Harmony. His title is the Ultimate Robot.", "follow_count": 2, "id": 11365, "is_following": false, "is_join_pending": false, "is_banned": false, "is_moderated": false, "name_readable": "K1-B0", "post_count": 17, "source_profile_id": 12304, "source_type": "profile", "image": {"picURL": "https://static1.personality-database.com/profile_images/97a606de4b34444cb9348152687c2e9a.png"}, "join_to_post": false, "can_pin": false}, {"description": "Gonta Gokuhara is a student in the Ultimate Academy for Gifted Juveniles and a participant of the Killing School Semester featured in Danganronpa V3: Killing Harmony. His title is the Ultimate Entomologist.", "follow_count": 3, "id": 11364, "is_following": false, "is_join_pending": false, "is_banned": false, "is_moderated": false, "name_readable": "Gonta Gokuhara", "post_count": 15, "source_profile_id": 12303, "source_type": "profile", "image": {"picURL": "https://static1.personality-database.com/profile_images/d2d9a5a0ff1146338be05a2c9cc91c3d.png"}, "join_to_post": false, "can_pin": false}, {"description": "Kirumi Tojo is a student in the Ultimate Academy for Gifted Juveniles and a participant of the Killing School Semester featured in Danganronpa V3: Killing Harmony. Her title is the Ultimate Maid.", "follow_count": 1, "id": 11358, "is_following": false, "is_join_pending": false, "is_banned": false, "is_moderated": false, "name_readable": "Kirumi Tojo", "post_count": 14, "source_profile_id": 12297, "source_type": "profile", "image": {"picURL": "https://static1.personality-database.com/profile_images/db1c8e7780c54bd696e1766f80f720fe.png"}, "join_to_post": false, "can_pin": false}, {"description": "Angie Yonaga is a student in the Ultimate Academy for Gifted Juveniles and a participant of the Killing School Semester featured in Danganronpa V3: Killing Harmony. Her title is the Ultimate Artist.", "follow_count": 1, "id": 11359, "is_following": false, "is_join_pending": false, "is_banned": false, "is_moderated": false, "name_readable": "Angie Yonaga", "post_count": 14, "source_profile_id": 12298, "source_type": "profile", "image": {"picURL": "https://static1.personality-database.com/profile_images/49e4cd288a9346cf9fab486a316076bf.png"}, "join_to_post": false, "can_pin": false}, {"description": "Tsumugi Shirogane is a student in the Ultimate Academy for Gifted Juveniles and a participant of the Killing School Semester featured in Danganronpa V3: Killing Harmony. Her title is the Ultimate Cosplayer.", "follow_count": 1, "id": 11366, "is_following": false, "is_join_pending": false, "is_banned": false, "is_moderated": false, "name_readable": "Tsumugi Shirogane", "post_count": 9, "source_profile_id": 12305, "source_type": "profile", "image": {"picURL": "https://static1.personality-database.com/profile_images/00f6d54ee31c48aca4974236332eb816.png"}, "join_to_post": false, "can_pin": false}, {"description": "Ryoma Hoshi is a student in the Ultimate Academy for Gifted Juveniles and a participant of the Killing School Semester featured in Danganronpa V3: Killing Harmony. His title is the Ultimate Tennis Pro.", "follow_count": 0, "id": 11357, "is_following": false, "is_join_pending": false, "is_banned": false, "is_moderated": false, "name_readable": "Ryoma Hoshi", "post_count": 8, "source_profile_id": 12296, "source_type": "profile", "image": {"picURL": "https://static1.personality-database.com/profile_images/abc39926f0874327af39a31224d36bb0.png"}, "join_to_post": false, "can_pin": false}, {"description": "Tenko Chabashira is a student in the Ultimate Academy for Gifted Juveniles and a participant of the Killing School Semester featured in Danganronpa V3: Killing Harmony. Her title is the Ultimate Aikido Master.", "follow_count": 2, "id": 11360, "is_following": false, "is_join_pending": false, "is_banned": false, "is_moderated": false, "name_readable": "Tenko Chabashira", "post_count": 8, "source_profile_id": 12299, "source_type": "profile", "image": {"picURL": "https://static1.personality-database.com/profile_images/b93b398fd7a44fdf81ff697e73e4c035.png"}, "join_to_post": false, "can_pin": false}, {"description": "Kaito Momota is a student in the Ultimate Academy for Gifted Juveniles and a participant of the Killing School Semester featured in Danganronpa V3: Killing Harmony. His title is the Ultimate Astronaut.", "follow_count": 0, "id": 11355, "is_following": false, "is_join_pending": false, "is_banned": false, "is_moderated": false, "name_readable": "Kaito Momota", "post_count": 8, "source_profile_id": 12294, "source_type": "profile", "image": {"picURL": "https://static1.personality-database.com/profile_images/6b9888429a204e9d9707520fcaaa8890.png"}, "join_to_post": false, "can_pin": false}], "subcategory": "Danganronpa V3: Killing Harmony", "topic_image_url": "https://static1.personality-database.com/profile_images/9b23926f482a41e5a59d6fa700061090.png", "source_location": {"cid": 11, "pid": 2, "sub_cat_id": 1403}, "can_post_image": false, "can_post_audio": false, "posts": {"posts": [{"username": "Troll Fish", "user_pic_path": "https://lh3.googleusercontent.com/a-/AFdZucpDMM0tVJXloqEsBgpphO7f5mt22_xgjOsbU4cAuQ=s96-c", "user_personality_type": "INTP", "is_mod": false, "comment_count": 0, "reply_count": 0, "vote_type": 0, "topics_list": [{"id": 11240, "name_readable": "Himiko Yumeno"}], "id": 1650632, "post_id": 1650632, "user_id": 982367, "title": "", "content": "\"I'M THE WICKED WIENER!\" I love how that line helped Monokuma realize that the killing game was unethical, and he ended it right on the spot. What a hero she is!", "create_date": 1667011414000, "unix_timestamp": 1667011414000, "update_date": 1667011414000, "vote_count": 7, "vote_count_down": 0, "is_reported": 1, "is_hidden": false, "is_pinned": false, "is_watching": false, "is_pro_user": false, "images": null, "audios": null, "function_list": [], "type": "post"}, {"username": "icens0red", "user_pic_path": "https://static1.personality-database.com/user_avatars/629804/43dbce82-d155-42c4-aab4-3f66e0b24ca6_small.jpeg", "user_personality_type": "INFP-9w8-946", "is_mod": false, "comment_count": 0, "reply_count": 0, "vote_type": 0, "topics_list": [{"id": 11240, "name_readable": "Himiko Yumeno"}], "id": 1526838, "post_id": 1526838, "user_id": 629804, "title": "", "content": "how the hell is she literally me.", "create_date": 1665588310000, "unix_timestamp": 1665588310000, "update_date": 1665588310000, "vote_count": 2, "vote_count_down": 0, "is_reported": 1, "is_hidden": false, "is_pinned": false, "is_watching": false, "is_pro_user": false, "images": null, "audios": null, "function_list": [], "type": "post"}, {"username": "The Right hand of jewman", "user_pic_path": "https://lh3.googleusercontent.com/a-/AOh14GgIOmGsrA8YnnZgaZaqH3DP15eRVK71kIEo8KgStg=s96-c", "user_personality_type": "INFP-6w7-649", "is_mod": false, "comment_count": 0, "reply_count": 0, "vote_type": 0, "topics_list": [{"id": 11240, "name_readable": "Himiko Yumeno"}], "id": 1505552, "post_id": 1505552, "user_id": 24796, "title": "", "content": "Love the little mage child", "create_date": 1665490670000, "unix_timestamp": 1665490670000, "update_date": 1665490670000, "vote_count": 1, "vote_count_down": 0, "is_reported": 0, "is_hidden": false, "is_pinned": false, "is_watching": false, "is_pro_user": false, "images": null, "audios": null, "function_list": [], "type": "post"}]}}}}