{"id": 12299, "mbti_profile": "Tenko Chabashira", "profile_name_searchable": "tenkochabashira", "allow_commenting": true, "allow_voting": true, "user_id": 5267, "contributor": "ljeffrey949", "contributor_create_date": "2018-05-28 14:58:57", "contributor_pic_path": "https://lh6.googleusercontent.com/-TCES3Gjg-D4/AAAAAAAAAAI/AAAAAAAAALk/DY7ZUEfgobA/s96-c/photo.jpg", "display_order": 0, "edit_lock": 1, "edit_lock_picture": 1, "is_active": true, "is_approved": true, "mbti_enneagram_type": "ESFP 6w7", "mbti_type": "ESFP 6w7", "pdb_comment_access": true, "pdb_page_owner": 0, "pdb_public_access": true, "wiki_description": "Tenko Chabashira is a student in the Ultimate Academy for Gifted Juveniles and a participant of the Killing School Semester featured in Danganronpa V3: Killing Harmony. Her title is the Ultimate Aikido Master.", "watch_count": 276, "comment_count": 96, "vote_count": 406, "vote_count_enneagram": 228, "vote_count_mbti": 406, "total_vote_counts": 992, "personality_type": "ESFP - 6w7 - so/sx - 682 - SEE - SLUAN - EVLF - Sanguine-Choleric - ES(F)", "type_updated_date": "2022-12-28 08:59:35", "enneagram_vote": "", "enneagram_vote_id": 0, "mbti_vote": "", "mbti_vote_id": 0, "is_watching": false, "image_exists": false, "profile_image_url": "https://static1.personality-database.com/profile_images/b93b398fd7a44fdf81ff697e73e4c035.png", "profile_image_credit": "", "profile_image_credit_id": 157961, "profile_image_credit_type": "0", "profile_image_credit_url": "", "alt_subcategory": "", "related_subcategories": "", "cat_id": 11, "category": "Gaming", "category_is_fictional": true, "sub_cat_id": 1403, "subcategory": "Danganronpa V3: Killing Harmony", "subcat_link_info": {"sub_cat_id": 1403, "cat_id": 11, "property_id": 2, "subcategory": "Danganronpa V3: Killing Harmony"}, "related_subcat_link_info": null, "related_profiles": [{"id": 10513, "mbti_profile": "Shuichi Saihara", "subcategory": "Danganronpa V3: Killing Harmony", "profile_image_url": "https://static1.personality-database.com/profile_images/d76ed437bc4c4b909a56487e6b79868f.png", "profile_name": "Shuichi Saihara", "profile_subcat": "Danganronpa V3: Killing Harmony", "sub_cat_id": 1403, "cat_id": 11, "property_id": 2, "mbti": "INTJ", "enneatype": "5w4"}, {"id": 12301, "mbti_profile": "Kokichi Ouma", "subcategory": "Danganronpa V3: Killing Harmony", "profile_image_url": "https://static1.personality-database.com/profile_images/57214a3d846b49c68a47eb767e7e5d98.png", "profile_name": "Kokichi Ouma", "profile_subcat": "Danganronpa V3: Killing Harmony", "sub_cat_id": 1403, "cat_id": 11, "property_id": 2, "mbti": "ENTP", "enneatype": "7w6"}, {"id": 11129, "mbti_profile": "Maki Harukawa", "subcategory": "Danganronpa V3: Killing Harmony", "profile_image_url": "https://static1.personality-database.com/profile_images/0d8dee8e6c5b4bd289d8b7c2965936aa.png", "profile_name": "Maki Harukawa", "profile_subcat": "Danganronpa V3: Killing Harmony", "sub_cat_id": 1403, "cat_id": 11, "property_id": 2, "mbti": "ISTJ", "enneatype": "6w5"}, {"id": 12293, "mbti_profile": "Kaede Akamatsu", "subcategory": "Danganronpa V3: Killing Harmony", "profile_image_url": "https://static1.personality-database.com/profile_images/664c3febc71b4e90910a14339c904ef8.png", "profile_name": "Kaede Akamatsu", "profile_subcat": "Danganronpa V3: Killing Harmony", "sub_cat_id": 1403, "cat_id": 11, "property_id": 2, "mbti": "ENFJ", "enneatype": "2w3"}, {"id": 12302, "mbti_profile": "Miu Iruma", "subcategory": "Danganronpa V3: Killing Harmony", "profile_image_url": "https://static1.personality-database.com/profile_images/87b45e9189054be680f9a96351e99fa1.png", "profile_name": "Miu Iruma", "profile_subcat": "Danganronpa V3: Killing Harmony", "sub_cat_id": 1403, "cat_id": 11, "property_id": 2, "mbti": "ESTP", "enneatype": "6w7"}, {"id": 12300, "mbti_profile": "Korekiyo Shinguji", "subcategory": "Danganronpa V3: Killing Harmony", "profile_image_url": "https://static1.personality-database.com/profile_images/216a387726a64bfb80e76cf241eb0c0a.png", "profile_name": "Korekiyo Shinguji", "profile_subcat": "Danganronpa V3: Killing Harmony", "sub_cat_id": 1403, "cat_id": 11, "property_id": 2, "mbti": "INFJ", "enneatype": "5w4"}, {"id": 12295, "mbti_profile": "Rantaro Amami", "subcategory": "Danganronpa V3: Killing Harmony", "profile_image_url": "https://static1.personality-database.com/profile_images/e0eb1c33031f4e3b869118af1ec3e603.png", "profile_name": "Rantaro Amami", "profile_subcat": "Danganronpa V3: Killing Harmony", "sub_cat_id": 1403, "cat_id": 11, "property_id": 2, "mbti": "INTP", "enneatype": "5w6"}, {"id": 12298, "mbti_profile": "Angie Yonaga", "subcategory": "Danganronpa V3: Killing Harmony", "profile_image_url": "https://static1.personality-database.com/profile_images/49e4cd288a9346cf9fab486a316076bf.png", "profile_name": "Angie Yonaga", "profile_subcat": "Danganronpa V3: Killing Harmony", "sub_cat_id": 1403, "cat_id": 11, "property_id": 2, "mbti": "ESFJ", "enneatype": "2w3"}], "functions": ["Se", "Fi", "Te", "Ni"], "systems": [{"hex_color": "#888888", "id": 1, "personality_type": "XXXX", "personality_type_id": 0, "system_name": "Four Letter", "system_vote_count": 394, "user_vote_type_id": 0, "vote_id": 0}, {"hex_color": "#006775", "id": 2, "personality_type": "XXXX", "personality_type_id": 0, "system_name": "Enneagram", "system_vote_count": 221, "user_vote_type_id": 0, "vote_id": 0}, {"hex_color": "#006775", "id": 5, "personality_type": "XXXX", "personality_type_id": 0, "system_name": "Instinctual Variant", "system_vote_count": 86, "user_vote_type_id": 0, "vote_id": 0}, {"hex_color": "#006775", "id": 6, "personality_type": "XXXX", "personality_type_id": 0, "system_name": "Tritype", "system_vote_count": 69, "user_vote_type_id": 0, "vote_id": 0}, {"hex_color": "#888888", "id": 3, "personality_type": "XXXX", "personality_type_id": 0, "system_name": "Socionics", "system_vote_count": 36, "user_vote_type_id": 0, "vote_id": 0}, {"hex_color": "#888888", "id": 9, "personality_type": "XXXX", "personality_type_id": 0, "system_name": "Big 5 (SLOAN)", "system_vote_count": 53, "user_vote_type_id": 0, "vote_id": 0}, {"hex_color": "#888888", "id": 8, "personality_type": "XXXX", "personality_type_id": 0, "system_name": "Attitudinal Psyche", "system_vote_count": 29, "user_vote_type_id": 0, "vote_id": 0}, {"hex_color": "#888888", "id": 7, "personality_type": "XXXX", "personality_type_id": 0, "system_name": "Temperaments", "system_vote_count": 76, "user_vote_type_id": 0, "vote_id": 0}, {"hex_color": "#888888", "id": 11, "personality_type": "XXXX", "personality_type_id": 0, "system_name": "Classic Jungian", "system_vote_count": 4, "user_vote_type_id": 0, "vote_id": 0}], "breakdown_systems": {"1": [{"myValue": "ESFP", "personality_system_id": 1, "personality_type": "ESFP", "theCount": 332}, {"myValue": "ESFJ", "personality_system_id": 1, "personality_type": "ESFJ", "theCount": 42}, {"myValue": "ENFP", "personality_system_id": 1, "personality_type": "ENFP", "theCount": 6}, {"myValue": "ENFJ", "personality_system_id": 1, "personality_type": "ENFJ", "theCount": 3}, {"myValue": "ESTJ", "personality_system_id": 1, "personality_type": "ESTJ", "theCount": 3}, {"myValue": "ENTP", "personality_system_id": 1, "personality_type": "ENTP", "theCount": 2}, {"myValue": "INTJ", "personality_system_id": 1, "personality_type": "INTJ", "theCount": 2}, {"myValue": "ISFP", "personality_system_id": 1, "personality_type": "ISFP", "theCount": 2}, {"myValue": "INFP", "personality_system_id": 1, "personality_type": "INFP", "theCount": 1}, {"myValue": "ISFJ", "personality_system_id": 1, "personality_type": "ISFJ", "theCount": 1}], "10": [{"myValue": "Right-brained Extrovert", "personality_system_id": 10, "personality_type": "Right-brained Extrovert", "theCount": 1}], "11": [{"myValue": "ES(F)", "personality_system_id": 11, "personality_type": "ES(F)", "theCount": 3}, {"myValue": "EF(S)", "personality_system_id": 11, "personality_type": "EF(S)", "theCount": 1}], "2": [{"myValue": "6w7", "personality_system_id": 2, "personality_type": "6w7", "theCount": 197}, {"myValue": "8w7", "personality_system_id": 2, "personality_type": "8w7", "theCount": 13}, {"myValue": "7w6", "personality_system_id": 2, "personality_type": "7w6", "theCount": 3}, {"myValue": "2w3", "personality_system_id": 2, "personality_type": "2w3", "theCount": 2}, {"myValue": "5w6", "personality_system_id": 2, "personality_type": "5w6", "theCount": 2}, {"myValue": "1w2", "personality_system_id": 2, "personality_type": "1w2", "theCount": 1}, {"myValue": "3w4", "personality_system_id": 2, "personality_type": "3w4", "theCount": 1}, {"myValue": "5w4", "personality_system_id": 2, "personality_type": "5w4", "theCount": 1}, {"myValue": "9w8", "personality_system_id": 2, "personality_type": "9w8", "theCount": 1}], "3": [{"myValue": "SEE", "personality_system_id": 3, "personality_type": "SEE", "theCount": 26}, {"myValue": "ESI", "personality_system_id": 3, "personality_type": "ESI", "theCount": 8}, {"myValue": "ESE", "personality_system_id": 3, "personality_type": "ESE", "theCount": 1}, {"myValue": "LII", "personality_system_id": 3, "personality_type": "LII", "theCount": 1}], "4": [{"myValue": "Chaotic Good", "personality_system_id": 4, "personality_type": "Chaotic Good", "theCount": 18}, {"myValue": "Neutral Good", "personality_system_id": 4, "personality_type": "Neutral Good", "theCount": 4}, {"myValue": "Chaotic Neutral", "personality_system_id": 4, "personality_type": "Chaotic Neutral", "theCount": 1}], "5": [{"myValue": "so/sx", "personality_system_id": 5, "personality_type": "so/sx", "theCount": 59}, {"myValue": "sx/so", "personality_system_id": 5, "personality_type": "sx/so", "theCount": 16}, {"myValue": "so/sp", "personality_system_id": 5, "personality_type": "so/sp", "theCount": 7}, {"myValue": "sx/sp", "personality_system_id": 5, "personality_type": "sx/sp", "theCount": 2}, {"myValue": "sp/so", "personality_system_id": 5, "personality_type": "sp/so", "theCount": 1}, {"myValue": "sp/sx", "personality_system_id": 5, "personality_type": "sp/sx", "theCount": 1}], "6": [{"myValue": "682", "personality_system_id": 6, "personality_type": "682", "theCount": 53}, {"myValue": "826", "personality_system_id": 6, "personality_type": "826", "theCount": 6}, {"myValue": "683", "personality_system_id": 6, "personality_type": "683", "theCount": 2}, {"myValue": "684", "personality_system_id": 6, "personality_type": "684", "theCount": 2}, {"myValue": "268", "personality_system_id": 6, "personality_type": "268", "theCount": 1}, {"myValue": "278", "personality_system_id": 6, "personality_type": "278", "theCount": 1}, {"myValue": "528", "personality_system_id": 6, "personality_type": "528", "theCount": 1}, {"myValue": "593", "personality_system_id": 6, "personality_type": "593", "theCount": 1}, {"myValue": "784", "personality_system_id": 6, "personality_type": "784", "theCount": 1}, {"myValue": "862", "personality_system_id": 6, "personality_type": "862", "theCount": 1}], "7": [{"myValue": "Sanguine-Choleric", "personality_system_id": 7, "personality_type": "Sanguine-Choleric", "theCount": 48}, {"myValue": "Choleric-Sanguine", "personality_system_id": 7, "personality_type": "Choleric-Sanguine", "theCount": 23}, {"myValue": "Choleric [Dominant]", "personality_system_id": 7, "personality_type": "Choleric [Dominant]", "theCount": 1}, {"myValue": "Melancholic-Choleric", "personality_system_id": 7, "personality_type": "Melancholic-Choleric", "theCount": 1}, {"myValue": "Melancholic-Sanguine", "personality_system_id": 7, "personality_type": "Melancholic-Sanguine", "theCount": 1}, {"myValue": "Sanguine [Dominant]", "personality_system_id": 7, "personality_type": "Sanguine [Dominant]", "theCount": 1}, {"myValue": "Sanguine-Phlegmatic", "personality_system_id": 7, "personality_type": "Sanguine-Phlegmatic", "theCount": 1}], "8": [{"myValue": "EVLF", "personality_system_id": 8, "personality_type": "EVLF", "theCount": 17}, {"myValue": "EFVL", "personality_system_id": 8, "personality_type": "EFVL", "theCount": 5}, {"myValue": "EVFL", "personality_system_id": 8, "personality_type": "EVFL", "theCount": 2}, {"myValue": "VFLE", "personality_system_id": 8, "personality_type": "VFLE", "theCount": 2}, {"myValue": "LVEF", "personality_system_id": 8, "personality_type": "LVEF", "theCount": 1}, {"myValue": "VEFL", "personality_system_id": 8, "personality_type": "VEFL", "theCount": 1}, {"myValue": "VFEL", "personality_system_id": 8, "personality_type": "VFEL", "theCount": 1}], "9": [{"myValue": "SLUAN", "personality_system_id": 9, "personality_type": "SLUAN", "theCount": 37}, {"myValue": "SLUEN", "personality_system_id": 9, "personality_type": "SLUEN", "theCount": 12}, {"myValue": "RLUAI", "personality_system_id": 9, "personality_type": "RLUAI", "theCount": 1}, {"myValue": "RLUEI", "personality_system_id": 9, "personality_type": "RLUEI", "theCount": 1}, {"myValue": "SLOAN", "personality_system_id": 9, "personality_type": "SLOAN", "theCount": 1}, {"myValue": "SLUAI", "personality_system_id": 9, "personality_type": "SLUAI", "theCount": 1}]}, "breakdown_config": {"expand": {"1": 3, "10": 1, "11": 1, "2": 3, "3": 1, "4": 1, "5": 1, "6": 1, "7": 1, "8": 1, "9": 1}, "fire": {"1": 0, "10": 0, "11": 0, "2": 0, "3": 0, "4": 0, "5": 0, "6": 0, "7": 0, "8": 0, "9": 0}}, "mbti_letter_stats": [{"type": "E", "percentage": "98%", "PercentageFloat": 0.9847715736040609}, {"type": "S", "percentage": "96%", "PercentageFloat": 0.9644670050761421}, {"type": "F", "percentage": "98%", "PercentageFloat": 0.9822335025380711}, {"type": "P", "percentage": "87%", "PercentageFloat": 0.8705583756345178}], "topic_info": {"can_generate": false, "topic": {"description": "Tenko Chabashira is a student in the Ultimate Academy for Gifted Juveniles and a participant of the Killing School Semester featured in Danganronpa V3: Killing Harmony. Her title is the Ultimate Aikido Master.", "follow_count": 2, "id": 11360, "is_following": false, "is_join_pending": false, "is_banned": false, "is_moderated": false, "name_readable": "Tenko Chabashira", "post_count": 8, "source_profile_id": 12299, "source_type": "profile", "join_to_post": false, "can_pin": false, "related_topics": [{"description": "Kokichi Ouma is a student in the Ultimate Academy for Gifted Juveniles and a participant of the Killing School Semester featured in Danganronpa V3: Killing Harmony. His title is the Ultimate Supreme Leader.", "follow_count": 27, "id": 11362, "is_following": false, "is_join_pending": false, "is_banned": false, "is_moderated": false, "name_readable": "Kokichi Ouma", "post_count": 122, "source_profile_id": 12301, "source_type": "profile", "image": {"picURL": "https://static1.personality-database.com/profile_images/57214a3d846b49c68a47eb767e7e5d98.png"}, "join_to_post": false, "can_pin": false}, {"description": "Shuichi Saihara is a student in the Ultimate Academy for Gifted Juveniles and a participant of the Killing School Semester featured in Danganronpa V3: Killing Harmony. His title is the Ultimate Detective.", "follow_count": 14, "id": 9818, "is_following": false, "is_join_pending": false, "is_banned": false, "is_moderated": false, "name_readable": "Shuichi Saihara", "post_count": 70, "source_profile_id": 10513, "source_type": "profile", "image": {"picURL": "https://static1.personality-database.com/profile_images/d76ed437bc4c4b909a56487e6b79868f.png"}, "join_to_post": false, "can_pin": false}, {"description": "Miu Iruma is a student in the Ultimate Academy for Gifted Juveniles and a participant of the Killing School Semester featured in Danganronpa V3: Killing Harmony. Her title is the Ultimate Inventor.", "follow_count": 6, "id": 11363, "is_following": false, "is_join_pending": false, "is_banned": false, "is_moderated": false, "name_readable": "Miu Iruma", "post_count": 42, "source_profile_id": 12302, "source_type": "profile", "image": {"picURL": "https://static1.personality-database.com/profile_images/87b45e9189054be680f9a96351e99fa1.png"}, "join_to_post": false, "can_pin": false}, {"description": "Korekiyo Shinguji, also known as Kiyo, is a student in the Ultimate Academy for Gifted Juveniles and a participant of the Killing School Semester featured in Danganronpa V3: Killing Harmony. His title is the Ultimate Anthropologist.", "follow_count": 6, "id": 11361, "is_following": false, "is_join_pending": false, "is_banned": false, "is_moderated": false, "name_readable": "Korekiyo Shinguji", "post_count": 33, "source_profile_id": 12300, "source_type": "profile", "image": {"picURL": "https://static1.personality-database.com/profile_images/216a387726a64bfb80e76cf241eb0c0a.png"}, "join_to_post": false, "can_pin": false}, {"description": "Kaede Akamatsu is a student in the Ultimate Academy for Gifted Juveniles and a participant of the Killing School Semester featured in Danganronpa V3: Killing Harmony. Her title is the Ultimate Pianist.", "follow_count": 11, "id": 11354, "is_following": false, "is_join_pending": false, "is_banned": false, "is_moderated": false, "name_readable": "Kaede Akamatsu", "post_count": 32, "source_profile_id": 12293, "source_type": "profile", "image": {"picURL": "https://static1.personality-database.com/profile_images/664c3febc71b4e90910a14339c904ef8.png"}, "join_to_post": false, "can_pin": false}, {"description": "Maki Harukawa is a student in the Ultimate Academy for Gifted Juveniles and a participant of the Killing School Semester featured in Danganronpa V3: Killing Harmony. Her title is the Ultimate Child Caregiver.", "follow_count": 2, "id": 10387, "is_following": false, "is_join_pending": false, "is_banned": false, "is_moderated": false, "name_readable": "Maki Harukawa", "post_count": 21, "source_profile_id": 11129, "source_type": "profile", "image": {"picURL": "https://static1.personality-database.com/profile_images/0d8dee8e6c5b4bd289d8b7c2965936aa.png"}, "join_to_post": false, "can_pin": false}, {"description": "Rantaro Amami is a student in the Ultimate Academy for Gifted Juveniles and a participant of the Killing School Semester featured in Danganronpa V3: Killing Harmony. He doesn't remember his talent at the beginning of the Killing Game, so his title is the Ultimate ???", "follow_count": 4, "id": 11356, "is_following": false, "is_join_pending": false, "is_banned": false, "is_moderated": false, "name_readable": "Rantaro Amami", "post_count": 18, "source_profile_id": 12295, "source_type": "profile", "image": {"picURL": "https://static1.personality-database.com/profile_images/e0eb1c33031f4e3b869118af1ec3e603.png"}, "join_to_post": false, "can_pin": false}, {"description": "Himiko Yumeno is a student in the Ultimate Academy for Gifted Juveniles and a participant of the Killing School Semester featured in Danganronpa V3: Killing Harmony. Her title is the Ultimate Magician. However she claims her \"true\", unofficial title is the Ultimate Mage.", "follow_count": 0, "id": 11240, "is_following": false, "is_join_pending": false, "is_banned": false, "is_moderated": false, "name_readable": "Himiko Yumeno", "post_count": 18, "source_profile_id": 12151, "source_type": "profile", "image": {"picURL": "https://static1.personality-database.com/profile_images/9b23926f482a41e5a59d6fa700061090.png"}, "join_to_post": false, "can_pin": false}, {"description": "K1-B0, also known as Keebo and Ki-Bo, is a student in the Ultimate Academy for Gifted Juveniles and a participant of the Killing School Semester featured in Danganronpa V3: Killing Harmony. His title is the Ultimate Robot.", "follow_count": 2, "id": 11365, "is_following": false, "is_join_pending": false, "is_banned": false, "is_moderated": false, "name_readable": "K1-B0", "post_count": 17, "source_profile_id": 12304, "source_type": "profile", "image": {"picURL": "https://static1.personality-database.com/profile_images/97a606de4b34444cb9348152687c2e9a.png"}, "join_to_post": false, "can_pin": false}, {"description": "Gonta Gokuhara is a student in the Ultimate Academy for Gifted Juveniles and a participant of the Killing School Semester featured in Danganronpa V3: Killing Harmony. His title is the Ultimate Entomologist.", "follow_count": 3, "id": 11364, "is_following": false, "is_join_pending": false, "is_banned": false, "is_moderated": false, "name_readable": "Gonta Gokuhara", "post_count": 15, "source_profile_id": 12303, "source_type": "profile", "image": {"picURL": "https://static1.personality-database.com/profile_images/d2d9a5a0ff1146338be05a2c9cc91c3d.png"}, "join_to_post": false, "can_pin": false}, {"description": "Angie Yonaga is a student in the Ultimate Academy for Gifted Juveniles and a participant of the Killing School Semester featured in Danganronpa V3: Killing Harmony. Her title is the Ultimate Artist.", "follow_count": 1, "id": 11359, "is_following": false, "is_join_pending": false, "is_banned": false, "is_moderated": false, "name_readable": "Angie Yonaga", "post_count": 14, "source_profile_id": 12298, "source_type": "profile", "image": {"picURL": "https://static1.personality-database.com/profile_images/49e4cd288a9346cf9fab486a316076bf.png"}, "join_to_post": false, "can_pin": false}, {"description": "Kirumi Tojo is a student in the Ultimate Academy for Gifted Juveniles and a participant of the Killing School Semester featured in Danganronpa V3: Killing Harmony. Her title is the Ultimate Maid.", "follow_count": 1, "id": 11358, "is_following": false, "is_join_pending": false, "is_banned": false, "is_moderated": false, "name_readable": "Kirumi Tojo", "post_count": 14, "source_profile_id": 12297, "source_type": "profile", "image": {"picURL": "https://static1.personality-database.com/profile_images/db1c8e7780c54bd696e1766f80f720fe.png"}, "join_to_post": false, "can_pin": false}, {"description": "Tsumugi Shirogane is a student in the Ultimate Academy for Gifted Juveniles and a participant of the Killing School Semester featured in Danganronpa V3: Killing Harmony. Her title is the Ultimate Cosplayer.", "follow_count": 1, "id": 11366, "is_following": false, "is_join_pending": false, "is_banned": false, "is_moderated": false, "name_readable": "Tsumugi Shirogane", "post_count": 9, "source_profile_id": 12305, "source_type": "profile", "image": {"picURL": "https://static1.personality-database.com/profile_images/00f6d54ee31c48aca4974236332eb816.png"}, "join_to_post": false, "can_pin": false}, {"description": "Tenko Chabashira is a student in the Ultimate Academy for Gifted Juveniles and a participant of the Killing School Semester featured in Danganronpa V3: Killing Harmony. Her title is the Ultimate Aikido Master.", "follow_count": 2, "id": 11360, "is_following": false, "is_join_pending": false, "is_banned": false, "is_moderated": false, "name_readable": "Tenko Chabashira", "post_count": 8, "source_profile_id": 12299, "source_type": "profile", "image": {"picURL": "https://static1.personality-database.com/profile_images/b93b398fd7a44fdf81ff697e73e4c035.png"}, "join_to_post": false, "can_pin": false}, {"description": "Kaito Momota is a student in the Ultimate Academy for Gifted Juveniles and a participant of the Killing School Semester featured in Danganronpa V3: Killing Harmony. His title is the Ultimate Astronaut.", "follow_count": 0, "id": 11355, "is_following": false, "is_join_pending": false, "is_banned": false, "is_moderated": false, "name_readable": "Kaito Momota", "post_count": 8, "source_profile_id": 12294, "source_type": "profile", "image": {"picURL": "https://static1.personality-database.com/profile_images/6b9888429a204e9d9707520fcaaa8890.png"}, "join_to_post": false, "can_pin": false}, {"description": "Ryoma Hoshi is a student in the Ultimate Academy for Gifted Juveniles and a participant of the Killing School Semester featured in Danganronpa V3: Killing Harmony. His title is the Ultimate Tennis Pro.", "follow_count": 0, "id": 11357, "is_following": false, "is_join_pending": false, "is_banned": false, "is_moderated": false, "name_readable": "Ryoma Hoshi", "post_count": 8, "source_profile_id": 12296, "source_type": "profile", "image": {"picURL": "https://static1.personality-database.com/profile_images/abc39926f0874327af39a31224d36bb0.png"}, "join_to_post": false, "can_pin": false}], "subcategory": "Danganronpa V3: Killing Harmony", "topic_image_url": "https://static1.personality-database.com/profile_images/b93b398fd7a44fdf81ff697e73e4c035.png", "source_location": {"cid": 11, "pid": 2, "sub_cat_id": 1403}, "can_post_image": false, "can_post_audio": false, "posts": {"posts": [{"username": "Troll Fish", "user_pic_path": "https://lh3.googleusercontent.com/a-/AFdZucpDMM0tVJXloqEsBgpphO7f5mt22_xgjOsbU4cAuQ=s96-c", "user_personality_type": "INTP", "is_mod": false, "comment_count": 0, "reply_count": 0, "vote_type": 0, "topics_list": [{"id": 11360, "name_readable": "Tenko Chabashira"}], "id": 1650637, "post_id": 1650637, "user_id": 982367, "title": "", "content": "T I N K L E   C R A P A S H I T A", "create_date": 1667012213000, "unix_timestamp": 1667012213000, "update_date": 1667012213000, "vote_count": 4, "vote_count_down": 0, "is_reported": 1, "is_hidden": false, "is_pinned": false, "is_watching": false, "is_pro_user": false, "images": null, "audios": null, "function_list": [], "type": "post"}, {"username": "lolotte_rocket", "user_pic_path": "https://static1.personality-database.com/user_avatars/183896/fbc8cd1c-5f17-4dec-8079-dc563d41cdf8_small.jpeg", "user_personality_type": "ENTJ-3w4-386", "is_mod": false, "comment_count": 0, "reply_count": 0, "vote_type": 0, "topics_list": [{"id": 11360, "name_readable": "Tenko Chabashira"}], "id": 1344682, "post_id": 1344682, "user_id": 183896, "title": "You slayed", "content": "W", "create_date": 1663336776000, "unix_timestamp": 1663336776000, "update_date": 1663336776000, "vote_count": 0, "vote_count_down": 0, "is_reported": 0, "is_hidden": false, "is_pinned": false, "is_watching": false, "is_pro_user": false, "images": null, "audios": null, "function_list": [], "type": "post"}, {"username": "aisho", "user_pic_path": "https://static1.personality-database.com/user_avatars/552126/307257d9-31d1-46ce-b5be-bc1f27185283_small.jpeg", "user_personality_type": "ESFJ-2w3-269", "is_mod": false, "comment_count": 0, "reply_count": 0, "vote_type": 0, "topics_list": [{"id": 11360, "name_readable": "Tenko Chabashira"}], "id": 1158116, "post_id": 1158116, "user_id": 552126, "title": "", "content": "aint no way someone really thought shes an ESFJ.....", "create_date": 1660474484000, "unix_timestamp": 1660474484000, "update_date": 1660474484000, "vote_count": 5, "vote_count_down": 0, "is_reported": 0, "is_hidden": false, "is_pinned": false, "is_watching": false, "is_pro_user": false, "images": null, "audios": null, "function_list": [], "type": "post"}]}}}}