{"id": 39807, "mbti_profile": "Edelgard von Hresvelg", "profile_name_searchable": "edelgardvonhresvelg", "allow_commenting": true, "allow_voting": true, "user_id": 0, "contributor": "the nameless", "contributor_create_date": "2019-06-19 22:37:44", "contributor_pic_path": "https://www.personality-database.com/images/profile_transparent.png", "display_order": 990, "edit_lock": 0, "edit_lock_picture": 0, "is_active": true, "is_approved": true, "mbti_enneagram_type": "ENTJ 1w2", "mbti_type": "ENTJ 1w2", "pdb_comment_access": true, "pdb_page_owner": 0, "pdb_public_access": true, "wiki_description": "", "watch_count": 261, "comment_count": 103, "vote_count": 329, "vote_count_enneagram": 184, "vote_count_mbti": 329, "total_vote_counts": 799, "personality_type": "ENTJ - 1w2 - so/sp - 162 - LIE - SCOEI - VLFE - Choleric [Dominant] - ET(N)", "type_updated_date": "2022-11-21 07:05:55", "enneagram_vote": "", "enneagram_vote_id": 0, "mbti_vote": "", "mbti_vote_id": 0, "is_watching": false, "image_exists": false, "profile_image_url": "https://static1.personality-database.com/profile_images/70f9bbca3a954e2e8dc5da70f861eb70.png", "profile_image_credit": "", "profile_image_credit_id": 269512, "profile_image_credit_type": "0", "profile_image_credit_url": "", "alt_subcategory": "", "related_subcategories": "9534|||Super Smash Bros. Series", "cat_id": 11, "category": "Gaming", "category_is_fictional": true, "sub_cat_id": 23969, "subcategory": "Fire Emblem: Three Houses", "subcat_link_info": {"sub_cat_id": 23969, "cat_id": 11, "property_id": 2, "subcategory": "Fire Emblem: Three Houses"}, "related_subcat_link_info": [{"sub_cat_id": 9534, "cat_id": 11, "property_id": 2, "subcategory": "Super Smash Bros. Series"}], "related_profiles": [{"id": 39806, "mbti_profile": "Dimitri Alexandre Blaiddyd", "subcategory": "Fire Emblem: Three Houses", "profile_image_url": "https://static1.personality-database.com/profile_images/9c5308989fb64adca23e3d40aee66e9a.png", "profile_name": "Dimitri Alexandre Blaiddyd", "profile_subcat": "Fire Emblem: Three Houses", "sub_cat_id": 23969, "cat_id": 11, "property_id": 2, "mbti": "ISFJ", "enneatype": "1w2"}, {"id": 39805, "mbti_profile": "Claude von Riegan", "subcategory": "Fire Emblem: Three Houses", "profile_image_url": "https://static1.personality-database.com/profile_images/cef8f6b054f9424fbb1f50a028bc10ad.png", "profile_name": "Claude von Riegan", "profile_subcat": "Fire Emblem: Three Houses", "sub_cat_id": 23969, "cat_id": 11, "property_id": 2, "mbti": "ENTP", "enneatype": "7w8"}, {"id": 42512, "mbti_profile": "Felix Hugo Fraldarius", "subcategory": "Fire Emblem: Three Houses", "profile_image_url": "https://static1.personality-database.com/profile_images/16626b3c6e0c427281fb9c299f423512.png", "profile_name": "Felix Hugo Fraldarius", "profile_subcat": "Fire Emblem: Three Houses", "sub_cat_id": 23969, "cat_id": 11, "property_id": 2, "mbti": "ISTP", "enneatype": "6w5"}, {"id": 42508, "mbti_profile": "Sylvain Jose Gautier", "subcategory": "Fire Emblem: Three Houses", "profile_image_url": "https://static1.personality-database.com/profile_images/cf146854b9b040f087173db11ab11649.png", "profile_name": "Sylvain Jose Gautier", "profile_subcat": "Fire Emblem: Three Houses", "sub_cat_id": 23969, "cat_id": 11, "property_id": 2, "mbti": "ESTP", "enneatype": "7w8"}, {"id": 42505, "mbti_profile": "Linhardt von Hevring", "subcategory": "Fire Emblem: Three Houses", "profile_image_url": "https://static1.personality-database.com/profile_images/dc8fd81413ec4ebda9186486260a6e2d.png", "profile_name": "Linhardt von Hevring", "profile_subcat": "Fire Emblem: Three Houses", "sub_cat_id": 23969, "cat_id": 11, "property_id": 2, "mbti": "INTP", "enneatype": "5w4"}, {"id": 42528, "mbti_profile": "Hilda Valentine Goneril", "subcategory": "Fire Emblem: Three Houses", "profile_image_url": "https://static1.personality-database.com/profile_images/352b12b49eb1417d94db2d99c2ecf20e.png", "profile_name": "Hilda Valentine Goneril", "profile_subcat": "Fire Emblem: Three Houses", "sub_cat_id": 23969, "cat_id": 11, "property_id": 2, "mbti": "ESFP", "enneatype": "7w6"}, {"id": 87588, "mbti_profile": "Yuri Leclerc", "subcategory": "Fire Emblem: Three Houses", "profile_image_url": "https://static1.personality-database.com/profile_images/73579fe910254851b2d02ef9578ddd10.png", "profile_name": "Yuri Leclerc", "profile_subcat": "Fire Emblem: Three Houses", "sub_cat_id": 23969, "cat_id": 11, "property_id": 2, "mbti": "ENTJ", "enneatype": "3w2"}, {"id": 42541, "mbti_profile": "Rhea", "subcategory": "Fire Emblem: Three Houses", "profile_image_url": "https://static1.personality-database.com/profile_images/63b020e1d1ca4575a355d50eff2b9130.png", "profile_name": "Rhea", "profile_subcat": "Fire Emblem: Three Houses", "sub_cat_id": 23969, "cat_id": 11, "property_id": 2, "mbti": "ENFJ", "enneatype": "2w1"}], "functions": ["Te", "Ni", "Se", "Fi"], "systems": [{"hex_color": "#888888", "id": 1, "personality_type": "XXXX", "personality_type_id": 0, "system_name": "Four Letter", "system_vote_count": 320, "user_vote_type_id": 0, "vote_id": 0}, {"hex_color": "#006775", "id": 2, "personality_type": "XXXX", "personality_type_id": 0, "system_name": "Enneagram", "system_vote_count": 179, "user_vote_type_id": 0, "vote_id": 0}, {"hex_color": "#006775", "id": 5, "personality_type": "XXXX", "personality_type_id": 0, "system_name": "Instinctual Variant", "system_vote_count": 67, "user_vote_type_id": 0, "vote_id": 0}, {"hex_color": "#006775", "id": 6, "personality_type": "XXXX", "personality_type_id": 0, "system_name": "Tritype", "system_vote_count": 49, "user_vote_type_id": 0, "vote_id": 0}, {"hex_color": "#888888", "id": 3, "personality_type": "XXXX", "personality_type_id": 0, "system_name": "Socionics", "system_vote_count": 39, "user_vote_type_id": 0, "vote_id": 0}, {"hex_color": "#888888", "id": 9, "personality_type": "XXXX", "personality_type_id": 0, "system_name": "Big 5 (SLOAN)", "system_vote_count": 30, "user_vote_type_id": 0, "vote_id": 0}, {"hex_color": "#888888", "id": 8, "personality_type": "XXXX", "personality_type_id": 0, "system_name": "Attitudinal Psyche", "system_vote_count": 21, "user_vote_type_id": 0, "vote_id": 0}, {"hex_color": "#888888", "id": 7, "personality_type": "XXXX", "personality_type_id": 0, "system_name": "Temperaments", "system_vote_count": 49, "user_vote_type_id": 0, "vote_id": 0}, {"hex_color": "#888888", "id": 11, "personality_type": "XXXX", "personality_type_id": 0, "system_name": "Classic Jungian", "system_vote_count": 2, "user_vote_type_id": 0, "vote_id": 0}], "breakdown_systems": {"1": [{"myValue": "ENTJ", "personality_system_id": 1, "personality_type": "ENTJ", "theCount": 244}, {"myValue": "INTJ", "personality_system_id": 1, "personality_type": "INTJ", "theCount": 62}, {"myValue": "ESTJ", "personality_system_id": 1, "personality_type": "ESTJ", "theCount": 4}, {"myValue": "ENTP", "personality_system_id": 1, "personality_type": "ENTP", "theCount": 3}, {"myValue": "INFP", "personality_system_id": 1, "personality_type": "INFP", "theCount": 3}, {"myValue": "ENFJ", "personality_system_id": 1, "personality_type": "ENFJ", "theCount": 1}, {"myValue": "INFJ", "personality_system_id": 1, "personality_type": "INFJ", "theCount": 1}, {"myValue": "ISFP", "personality_system_id": 1, "personality_type": "ISFP", "theCount": 1}, {"myValue": "ISTJ", "personality_system_id": 1, "personality_type": "ISTJ", "theCount": 1}], "11": [{"myValue": "ET(N)", "personality_system_id": 11, "personality_type": "ET(N)", "theCount": 2}], "2": [{"myValue": "1w2", "personality_system_id": 2, "personality_type": "1w2", "theCount": 166}, {"myValue": "8w9", "personality_system_id": 2, "personality_type": "8w9", "theCount": 10}, {"myValue": "2w3", "personality_system_id": 2, "personality_type": "2w3", "theCount": 2}, {"myValue": "5w6", "personality_system_id": 2, "personality_type": "5w6", "theCount": 1}], "3": [{"myValue": "LIE", "personality_system_id": 3, "personality_type": "LIE", "theCount": 25}, {"myValue": "LSI", "personality_system_id": 3, "personality_type": "LSI", "theCount": 14}], "4": [{"myValue": "Lawful Neutral", "personality_system_id": 4, "personality_type": "Lawful Neutral", "theCount": 17}, {"myValue": "Lawful Good", "personality_system_id": 4, "personality_type": "Lawful Good", "theCount": 16}, {"myValue": "Lawful Evil", "personality_system_id": 4, "personality_type": "Lawful Evil", "theCount": 8}, {"myValue": "Chaotic Good", "personality_system_id": 4, "personality_type": "Chaotic Good", "theCount": 1}, {"myValue": "Chaotic Neutral", "personality_system_id": 4, "personality_type": "Chaotic Neutral", "theCount": 1}], "5": [{"myValue": "so/sp", "personality_system_id": 5, "personality_type": "so/sp", "theCount": 40}, {"myValue": "so/sx", "personality_system_id": 5, "personality_type": "so/sx", "theCount": 15}, {"myValue": "sx/so", "personality_system_id": 5, "personality_type": "sx/so", "theCount": 11}, {"myValue": "sp/so", "personality_system_id": 5, "personality_type": "sp/so", "theCount": 1}], "6": [{"myValue": "162", "personality_system_id": 6, "personality_type": "162", "theCount": 22}, {"myValue": "126", "personality_system_id": 6, "personality_type": "126", "theCount": 11}, {"myValue": "125", "personality_system_id": 6, "personality_type": "125", "theCount": 7}, {"myValue": "152", "personality_system_id": 6, "personality_type": "152", "theCount": 5}, {"myValue": "163", "personality_system_id": 6, "personality_type": "163", "theCount": 2}, {"myValue": "136", "personality_system_id": 6, "personality_type": "136", "theCount": 1}, {"myValue": "531", "personality_system_id": 6, "personality_type": "531", "theCount": 1}], "7": [{"myValue": "Choleric [Dominant]", "personality_system_id": 7, "personality_type": "Choleric [Dominant]", "theCount": 30}, {"myValue": "Choleric-Melancholic", "personality_system_id": 7, "personality_type": "Choleric-Melancholic", "theCount": 17}, {"myValue": "Choleric-Phlegmatic", "personality_system_id": 7, "personality_type": "Choleric-Phlegmatic", "theCount": 1}, {"myValue": "Sanguine-Melancholic", "personality_system_id": 7, "personality_type": "Sanguine-Melancholic", "theCount": 1}], "8": [{"myValue": "VLFE", "personality_system_id": 8, "personality_type": "VLFE", "theCount": 13}, {"myValue": "LVFE", "personality_system_id": 8, "personality_type": "LVFE", "theCount": 2}, {"myValue": "VFEL", "personality_system_id": 8, "personality_type": "VFEL", "theCount": 2}, {"myValue": "VFLE", "personality_system_id": 8, "personality_type": "VFLE", "theCount": 2}, {"myValue": "VLEF", "personality_system_id": 8, "personality_type": "VLEF", "theCount": 2}], "9": [{"myValue": "SCOEI", "personality_system_id": 9, "personality_type": "SCOEI", "theCount": 23}, {"myValue": "RCOEI", "personality_system_id": 9, "personality_type": "RCOEI", "theCount": 4}, {"myValue": "SLOEI", "personality_system_id": 9, "personality_type": "SLOEI", "theCount": 2}, {"myValue": "RLOEI", "personality_system_id": 9, "personality_type": "RLOEI", "theCount": 1}]}, "breakdown_config": {"expand": {"1": 3, "11": 1, "2": 3, "3": 2, "4": 2, "5": 1, "6": 1, "7": 2, "8": 1, "9": 1}, "fire": {"1": 0, "11": 0, "2": 0, "3": 1, "4": 1, "5": 0, "6": 0, "7": 1, "8": 0, "9": 0}}, "mbti_letter_stats": [{"type": "E", "percentage": "79%", "PercentageFloat": 0.7875}, {"type": "N", "percentage": "98%", "PercentageFloat": 0.98125}, {"type": "T", "percentage": "98%", "PercentageFloat": 0.98125}, {"type": "J", "percentage": "98%", "PercentageFloat": 0.978125}], "topic_info": {"can_generate": false, "topic": {"description": "", "follow_count": 0, "id": 35535, "is_following": false, "is_join_pending": false, "is_banned": false, "is_moderated": false, "name_readable": "Edelgard von Hresvelg", "post_count": 4, "source_profile_id": 39807, "source_type": "profile", "join_to_post": false, "can_pin": false, "related_topics": [{"description": "", "follow_count": 4, "id": 35534, "is_following": false, "is_join_pending": false, "is_banned": false, "is_moderated": false, "name_readable": "Dimitri Alexandre Blaiddyd", "post_count": 5, "source_profile_id": 39806, "source_type": "profile", "image": {"picURL": "https://static1.personality-database.com/profile_images/9c5308989fb64adca23e3d40aee66e9a.png"}, "join_to_post": false, "can_pin": false}, {"description": "", "follow_count": 0, "id": 37782, "is_following": false, "is_join_pending": false, "is_banned": false, "is_moderated": false, "name_readable": "Byleth Eisner", "post_count": 5, "source_profile_id": 42537, "source_type": "profile", "image": {"picURL": "https://static1.personality-database.com/profile_images/3e84b28964314282bd59b2e43f36f4c2.png"}, "join_to_post": false, "can_pin": false}, {"description": "", "follow_count": 0, "id": 35535, "is_following": false, "is_join_pending": false, "is_banned": false, "is_moderated": false, "name_readable": "Edelgard von Hresvelg", "post_count": 4, "source_profile_id": 39807, "source_type": "profile", "image": {"picURL": "https://static1.personality-database.com/profile_images/70f9bbca3a954e2e8dc5da70f861eb70.png"}, "join_to_post": false, "can_pin": false}, {"description": "", "follow_count": 1, "id": 37746, "is_following": false, "is_join_pending": false, "is_banned": false, "is_moderated": false, "name_readable": "Ferdinand von Aegir", "post_count": 4, "source_profile_id": 42501, "source_type": "profile", "image": {"picURL": "https://static1.personality-database.com/profile_images/f3878f532aea4ad4afa93a8d7f46a775.png"}, "join_to_post": false, "can_pin": false}, {"description": "", "follow_count": 1, "id": 37757, "is_following": false, "is_join_pending": false, "is_banned": false, "is_moderated": false, "name_readable": "Felix Hugo Fraldarius", "post_count": 4, "source_profile_id": 42512, "source_type": "profile", "image": {"picURL": "https://static1.personality-database.com/profile_images/16626b3c6e0c427281fb9c299f423512.png"}, "join_to_post": false, "can_pin": false}, {"description": "", "follow_count": 1, "id": 35533, "is_following": false, "is_join_pending": false, "is_banned": false, "is_moderated": false, "name_readable": "Claude von Riegan", "post_count": 3, "source_profile_id": 39805, "source_type": "profile", "image": {"picURL": "https://static1.personality-database.com/profile_images/cef8f6b054f9424fbb1f50a028bc10ad.png"}, "join_to_post": false, "can_pin": false}, {"description": "", "follow_count": 0, "id": 70921, "is_following": false, "is_join_pending": false, "is_banned": false, "is_moderated": false, "name_readable": "Yuri Leclerc", "post_count": 3, "source_profile_id": 87588, "source_type": "profile", "image": {"picURL": "https://static1.personality-database.com/profile_images/73579fe910254851b2d02ef9578ddd10.png"}, "join_to_post": false, "can_pin": false}, {"description": "", "follow_count": 1, "id": 37753, "is_following": false, "is_join_pending": false, "is_banned": false, "is_moderated": false, "name_readable": "Sylvain Jose Gautier", "post_count": 3, "source_profile_id": 42508, "source_type": "profile", "image": {"picURL": "https://static1.personality-database.com/profile_images/cf146854b9b040f087173db11ab11649.png"}, "join_to_post": false, "can_pin": false}, {"description": "", "follow_count": 0, "id": 37745, "is_following": false, "is_join_pending": false, "is_banned": false, "is_moderated": false, "name_readable": "Bernadetta von Varley", "post_count": 2, "source_profile_id": 42500, "source_type": "profile", "image": {"picURL": "https://static1.personality-database.com/profile_images/1d5b0a26b534451ab91d83f65e5dd639.png"}, "join_to_post": false, "can_pin": false}, {"description": "A solitary mercenary.\nHe sought to become a famed swordsman, but faced Jeralt's Mercenaries on a mission and was felled by the Ashen Demon. While training to seek revenge, he met the Officer's Academy students in the woods.", "follow_count": 0, "id": 332356, "is_following": false, "is_join_pending": false, "is_banned": false, "is_moderated": false, "name_readable": "Shez", "post_count": 1, "source_profile_id": 486000, "source_type": "profile", "image": {"picURL": "https://static1.personality-database.com/profile_images/b849c74a69ca4059bd38b79593770573.png"}, "join_to_post": false, "can_pin": false}, {"description": "", "follow_count": 0, "id": 70924, "is_following": false, "is_join_pending": false, "is_banned": false, "is_moderated": false, "name_readable": "Hapi", "post_count": 1, "source_profile_id": 87591, "source_type": "profile", "image": {"picURL": "https://static1.personality-database.com/profile_images/ca27352d78814581921ca1461d5a5be8.png"}, "join_to_post": false, "can_pin": false}, {"description": "", "follow_count": 0, "id": 70922, "is_following": false, "is_join_pending": false, "is_banned": false, "is_moderated": false, "name_readable": "Constance von Nuvelle", "post_count": 1, "source_profile_id": 87589, "source_type": "profile", "image": {"picURL": "https://static1.personality-database.com/profile_images/88964b682cf242418f62e0b5d89c2413.png"}, "join_to_post": false, "can_pin": false}, {"description": "", "follow_count": 0, "id": 37785, "is_following": false, "is_join_pending": false, "is_banned": false, "is_moderated": false, "name_readable": "Rhea", "post_count": 1, "source_profile_id": 42541, "source_type": "profile", "image": {"picURL": "https://static1.personality-database.com/profile_images/63b020e1d1ca4575a355d50eff2b9130.png"}, "join_to_post": false, "can_pin": false}, {"description": "", "follow_count": 1, "id": 37778, "is_following": false, "is_join_pending": false, "is_banned": false, "is_moderated": false, "name_readable": "Marianne von Edmund", "post_count": 1, "source_profile_id": 42533, "source_type": "profile", "image": {"picURL": "https://static1.personality-database.com/profile_images/d075955629894c07a5a6b93b372119fe.png"}, "join_to_post": false, "can_pin": false}, {"description": "", "follow_count": 0, "id": 37748, "is_following": false, "is_join_pending": false, "is_banned": false, "is_moderated": false, "name_readable": "Dorothea Arnault", "post_count": 1, "source_profile_id": 42503, "source_type": "profile", "image": {"picURL": "https://static1.personality-database.com/profile_images/62edb5c94e0048f58f112a26f73a4216.png"}, "join_to_post": false, "can_pin": false}, {"description": "", "follow_count": 0, "id": 37750, "is_following": false, "is_join_pending": false, "is_banned": false, "is_moderated": false, "name_readable": "Linhardt von Hevring", "post_count": 1, "source_profile_id": 42505, "source_type": "profile", "image": {"picURL": "https://static1.personality-database.com/profile_images/dc8fd81413ec4ebda9186486260a6e2d.png"}, "join_to_post": false, "can_pin": false}], "subcategory": "Fire Emblem: Three Houses", "topic_image_url": "https://static1.personality-database.com/profile_images/70f9bbca3a954e2e8dc5da70f861eb70.png", "source_location": {"cid": 11, "pid": 2, "sub_cat_id": 23969}, "can_post_image": false, "can_post_audio": false, "posts": {"posts": [{"username": "Piplup24", "user_pic_path": "https://static1.personality-database.com/user_avatars/239327/52eca453-7239-4171-b3a3-25bf20b1e691_small.jpeg", "user_personality_type": "INFP-9w1-962", "is_mod": false, "comment_count": 0, "reply_count": 0, "vote_type": 0, "topics_list": [{"id": 35535, "name_readable": "Edelgard von Hresvelg"}], "id": 1815393, "post_id": 1815393, "user_id": 239327, "title": "", "content": "So... it's been five months since the game came out. It's probably safe to talk about it now, so...\n\nWould Azure Gleam Edelgard be typed differently after the incident?", "create_date": 1669505759000, "unix_timestamp": 1669505759000, "update_date": 1669505759000, "vote_count": 0, "vote_count_down": 0, "is_reported": 0, "is_hidden": false, "is_pinned": false, "is_watching": false, "is_pro_user": false, "images": null, "audios": null, "function_list": [], "type": "post"}, {"username": "Ven Samort", "user_pic_path": "https://static1.personality-database.com/user_avatars/434753/d19fb941-6dd4-4259-9e48-ad791f249526_small.jpeg", "user_personality_type": "INFP-4w5-497", "is_mod": false, "comment_count": 0, "reply_count": 0, "vote_type": 0, "topics_list": [{"id": 35535, "name_readable": "Edelgard von Hresvelg"}], "id": 1563619, "post_id": 1563619, "user_id": 434753, "title": "", "content": "wtf shes ENFJ.", "create_date": 1666199942000, "unix_timestamp": 1666199942000, "update_date": 1666199942000, "vote_count": 0, "vote_count_down": 1, "is_reported": 0, "is_hidden": false, "is_pinned": false, "is_watching": false, "is_pro_user": false, "images": null, "audios": null, "function_list": [], "type": "post"}, {"username": "exPDBee554659", "user_pic_path": "", "user_personality_type": "XXXX", "is_mod": false, "comment_count": 0, "reply_count": 0, "vote_type": 0, "topics_list": [{"id": 35535, "name_readable": "Edelgard von Hresvelg"}], "id": 1165064, "post_id": 1165064, "user_id": 554659, "title": "", "content": "The most based war criminal and the only one I\u2019ll ever kin and excuse. + girlboss\n\nDown with the church and nobility.", "create_date": 1660583965000, "unix_timestamp": 1660583965000, "update_date": 1660583985000, "vote_count": 5, "vote_count_down": 0, "is_reported": 0, "is_hidden": false, "is_pinned": false, "is_watching": false, "is_pro_user": false, "images": null, "audios": null, "function_list": [], "type": "post"}]}}}}