{"id": 12305, "mbti_profile": "Tsumugi Shirogane", "profile_name_searchable": "tsumugishirogane", "allow_commenting": true, "allow_voting": true, "user_id": 5267, "contributor": "ljeffrey949", "contributor_create_date": "2018-05-28 15:00:03", "contributor_pic_path": "https://lh6.googleusercontent.com/-TCES3Gjg-D4/AAAAAAAAAAI/AAAAAAAAALk/DY7ZUEfgobA/s96-c/photo.jpg", "display_order": 0, "edit_lock": 1, "edit_lock_picture": 1, "is_active": true, "is_approved": true, "mbti_enneagram_type": "ENFJ 2w3", "mbti_type": "ENFJ 2w3", "pdb_comment_access": true, "pdb_page_owner": 0, "pdb_public_access": true, "wiki_description": "Tsumugi Shirogane is a student in the Ultimate Academy for Gifted Juveniles and a participant of the Killing School Semester featured in Danganronpa V3: Killing Harmony. Her title is the Ultimate Cosplayer.", "watch_count": 398, "comment_count": 159, "vote_count": 563, "vote_count_enneagram": 294, "vote_count_mbti": 563, "total_vote_counts": 1227, "personality_type": "ENFJ - 2w3 - so/sx - 268 - EIE - RCOEI - EFVL - Phlegmatic-Sanguine - EF(N)", "type_updated_date": "2022-11-19 22:10:16", "enneagram_vote": "", "enneagram_vote_id": 0, "mbti_vote": "", "mbti_vote_id": 0, "is_watching": false, "image_exists": false, "profile_image_url": "https://static1.personality-database.com/profile_images/00f6d54ee31c48aca4974236332eb816.png", "profile_image_credit": "", "profile_image_credit_id": 157962, "profile_image_credit_type": "0", "profile_image_credit_url": "", "alt_subcategory": "", "related_subcategories": "", "cat_id": 11, "category": "Gaming", "category_is_fictional": true, "sub_cat_id": 1403, "subcategory": "Danganronpa V3: Killing Harmony", "subcat_link_info": {"sub_cat_id": 1403, "cat_id": 11, "property_id": 2, "subcategory": "Danganronpa V3: Killing Harmony"}, "related_subcat_link_info": null, "related_profiles": [{"id": 10513, "mbti_profile": "Shuichi Saihara", "subcategory": "Danganronpa V3: Killing Harmony", "profile_image_url": "https://static1.personality-database.com/profile_images/d76ed437bc4c4b909a56487e6b79868f.png", "profile_name": "Shuichi Saihara", "profile_subcat": "Danganronpa V3: Killing Harmony", "sub_cat_id": 1403, "cat_id": 11, "property_id": 2, "mbti": "INTJ", "enneatype": "5w4"}, {"id": 12301, "mbti_profile": "Kokichi Ouma", "subcategory": "Danganronpa V3: Killing Harmony", "profile_image_url": "https://static1.personality-database.com/profile_images/57214a3d846b49c68a47eb767e7e5d98.png", "profile_name": "Kokichi Ouma", "profile_subcat": "Danganronpa V3: Killing Harmony", "sub_cat_id": 1403, "cat_id": 11, "property_id": 2, "mbti": "ENTP", "enneatype": "7w6"}, {"id": 11129, "mbti_profile": "Maki Harukawa", "subcategory": "Danganronpa V3: Killing Harmony", "profile_image_url": "https://static1.personality-database.com/profile_images/0d8dee8e6c5b4bd289d8b7c2965936aa.png", "profile_name": "Maki Harukawa", "profile_subcat": "Danganronpa V3: Killing Harmony", "sub_cat_id": 1403, "cat_id": 11, "property_id": 2, "mbti": "ISTJ", "enneatype": "6w5"}, {"id": 12293, "mbti_profile": "Kaede Akamatsu", "subcategory": "Danganronpa V3: Killing Harmony", "profile_image_url": "https://static1.personality-database.com/profile_images/664c3febc71b4e90910a14339c904ef8.png", "profile_name": "Kaede Akamatsu", "profile_subcat": "Danganronpa V3: Killing Harmony", "sub_cat_id": 1403, "cat_id": 11, "property_id": 2, "mbti": "ENFJ", "enneatype": "2w3"}, {"id": 12302, "mbti_profile": "Miu Iruma", "subcategory": "Danganronpa V3: Killing Harmony", "profile_image_url": "https://static1.personality-database.com/profile_images/87b45e9189054be680f9a96351e99fa1.png", "profile_name": "Miu Iruma", "profile_subcat": "Danganronpa V3: Killing Harmony", "sub_cat_id": 1403, "cat_id": 11, "property_id": 2, "mbti": "ESTP", "enneatype": "6w7"}, {"id": 12300, "mbti_profile": "Korekiyo Shinguji", "subcategory": "Danganronpa V3: Killing Harmony", "profile_image_url": "https://static1.personality-database.com/profile_images/216a387726a64bfb80e76cf241eb0c0a.png", "profile_name": "Korekiyo Shinguji", "profile_subcat": "Danganronpa V3: Killing Harmony", "sub_cat_id": 1403, "cat_id": 11, "property_id": 2, "mbti": "INFJ", "enneatype": "5w4"}, {"id": 12295, "mbti_profile": "Rantaro Amami", "subcategory": "Danganronpa V3: Killing Harmony", "profile_image_url": "https://static1.personality-database.com/profile_images/e0eb1c33031f4e3b869118af1ec3e603.png", "profile_name": "Rantaro Amami", "profile_subcat": "Danganronpa V3: Killing Harmony", "sub_cat_id": 1403, "cat_id": 11, "property_id": 2, "mbti": "INTP", "enneatype": "5w6"}, {"id": 12298, "mbti_profile": "Angie Yonaga", "subcategory": "Danganronpa V3: Killing Harmony", "profile_image_url": "https://static1.personality-database.com/profile_images/49e4cd288a9346cf9fab486a316076bf.png", "profile_name": "Angie Yonaga", "profile_subcat": "Danganronpa V3: Killing Harmony", "sub_cat_id": 1403, "cat_id": 11, "property_id": 2, "mbti": "ESFJ", "enneatype": "2w3"}], "functions": ["Fe", "Ni", "Se", "Ti"], "systems": [{"hex_color": "#888888", "id": 1, "personality_type": "XXXX", "personality_type_id": 0, "system_name": "Four Letter", "system_vote_count": 544, "user_vote_type_id": 0, "vote_id": 0}, {"hex_color": "#006775", "id": 2, "personality_type": "XXXX", "personality_type_id": 0, "system_name": "Enneagram", "system_vote_count": 283, "user_vote_type_id": 0, "vote_id": 0}, {"hex_color": "#006775", "id": 5, "personality_type": "XXXX", "personality_type_id": 0, "system_name": "Instinctual Variant", "system_vote_count": 90, "user_vote_type_id": 0, "vote_id": 0}, {"hex_color": "#006775", "id": 6, "personality_type": "XXXX", "personality_type_id": 0, "system_name": "Tritype", "system_vote_count": 85, "user_vote_type_id": 0, "vote_id": 0}, {"hex_color": "#888888", "id": 3, "personality_type": "XXXX", "personality_type_id": 0, "system_name": "Socionics", "system_vote_count": 36, "user_vote_type_id": 0, "vote_id": 0}, {"hex_color": "#888888", "id": 9, "personality_type": "XXXX", "personality_type_id": 0, "system_name": "Big 5 (SLOAN)", "system_vote_count": 53, "user_vote_type_id": 0, "vote_id": 0}, {"hex_color": "#888888", "id": 8, "personality_type": "XXXX", "personality_type_id": 0, "system_name": "Attitudinal Psyche", "system_vote_count": 21, "user_vote_type_id": 0, "vote_id": 0}, {"hex_color": "#888888", "id": 7, "personality_type": "XXXX", "personality_type_id": 0, "system_name": "Temperaments", "system_vote_count": 68, "user_vote_type_id": 0, "vote_id": 0}, {"hex_color": "#888888", "id": 11, "personality_type": "XXXX", "personality_type_id": 0, "system_name": "Classic Jungian", "system_vote_count": 6, "user_vote_type_id": 0, "vote_id": 0}], "breakdown_systems": {"1": [{"myValue": "ENFJ", "personality_system_id": 1, "personality_type": "ENFJ", "theCount": 241}, {"myValue": "INFJ", "personality_system_id": 1, "personality_type": "INFJ", "theCount": 176}, {"myValue": "ENFP", "personality_system_id": 1, "personality_type": "ENFP", "theCount": 68}, {"myValue": "INFP", "personality_system_id": 1, "personality_type": "INFP", "theCount": 26}, {"myValue": "ENTJ", "personality_system_id": 1, "personality_type": "ENTJ", "theCount": 8}, {"myValue": "ESFJ", "personality_system_id": 1, "personality_type": "ESFJ", "theCount": 4}, {"myValue": "INTP", "personality_system_id": 1, "personality_type": "INTP", "theCount": 4}, {"myValue": "ISTP", "personality_system_id": 1, "personality_type": "ISTP", "theCount": 4}, {"myValue": "ENTP", "personality_system_id": 1, "personality_type": "ENTP", "theCount": 3}, {"myValue": "ESTJ", "personality_system_id": 1, "personality_type": "ESTJ", "theCount": 2}, {"myValue": "ESTP", "personality_system_id": 1, "personality_type": "ESTP", "theCount": 2}, {"myValue": "INTJ", "personality_system_id": 1, "personality_type": "INTJ", "theCount": 2}, {"myValue": "ISFJ", "personality_system_id": 1, "personality_type": "ISFJ", "theCount": 2}, {"myValue": "ISFP", "personality_system_id": 1, "personality_type": "ISFP", "theCount": 2}], "11": [{"myValue": "EF(N)", "personality_system_id": 11, "personality_type": "EF(N)", "theCount": 5}, {"myValue": "IN(F)", "personality_system_id": 11, "personality_type": "IN(F)", "theCount": 1}], "2": [{"myValue": "2w3", "personality_system_id": 2, "personality_type": "2w3", "theCount": 117}, {"myValue": "4w3", "personality_system_id": 2, "personality_type": "4w3", "theCount": 75}, {"myValue": "3w2", "personality_system_id": 2, "personality_type": "3w2", "theCount": 41}, {"myValue": "3w4", "personality_system_id": 2, "personality_type": "3w4", "theCount": 38}, {"myValue": "4w5", "personality_system_id": 2, "personality_type": "4w5", "theCount": 8}, {"myValue": "1w2", "personality_system_id": 2, "personality_type": "1w2", "theCount": 1}, {"myValue": "7w6", "personality_system_id": 2, "personality_type": "7w6", "theCount": 1}, {"myValue": "7w8", "personality_system_id": 2, "personality_type": "7w8", "theCount": 1}, {"myValue": "9w8", "personality_system_id": 2, "personality_type": "9w8", "theCount": 1}], "3": [{"myValue": "EIE", "personality_system_id": 3, "personality_type": "EIE", "theCount": 32}, {"myValue": "IEI", "personality_system_id": 3, "personality_type": "IEI", "theCount": 2}, {"myValue": "EII", "personality_system_id": 3, "personality_type": "EII", "theCount": 1}, {"myValue": "LIE", "personality_system_id": 3, "personality_type": "LIE", "theCount": 1}], "4": [{"myValue": "Neutral Evil", "personality_system_id": 4, "personality_type": "Neutral Evil", "theCount": 29}, {"myValue": "Chaotic Neutral", "personality_system_id": 4, "personality_type": "Chaotic Neutral", "theCount": 6}, {"myValue": "Lawful Evil", "personality_system_id": 4, "personality_type": "Lawful Evil", "theCount": 5}, {"myValue": "True Neutral", "personality_system_id": 4, "personality_type": "True Neutral", "theCount": 1}], "5": [{"myValue": "so/sx", "personality_system_id": 5, "personality_type": "so/sx", "theCount": 69}, {"myValue": "sx/so", "personality_system_id": 5, "personality_type": "sx/so", "theCount": 10}, {"myValue": "so/sp", "personality_system_id": 5, "personality_type": "so/sp", "theCount": 5}, {"myValue": "sp/so", "personality_system_id": 5, "personality_type": "sp/so", "theCount": 4}, {"myValue": "sp/sx", "personality_system_id": 5, "personality_type": "sp/sx", "theCount": 2}], "6": [{"myValue": "268", "personality_system_id": 6, "personality_type": "268", "theCount": 20}, {"myValue": "269", "personality_system_id": 6, "personality_type": "269", "theCount": 14}, {"myValue": "369", "personality_system_id": 6, "personality_type": "369", "theCount": 10}, {"myValue": "468", "personality_system_id": 6, "personality_type": "468", "theCount": 9}, {"myValue": "361", "personality_system_id": 6, "personality_type": "361", "theCount": 8}, {"myValue": "368", "personality_system_id": 6, "personality_type": "368", "theCount": 5}, {"myValue": "371", "personality_system_id": 6, "personality_type": "371", "theCount": 3}, {"myValue": "278", "personality_system_id": 6, "personality_type": "278", "theCount": 2}, {"myValue": "379", "personality_system_id": 6, "personality_type": "379", "theCount": 2}, {"myValue": "495", "personality_system_id": 6, "personality_type": "495", "theCount": 2}, {"myValue": "127", "personality_system_id": 6, "personality_type": "127", "theCount": 1}, {"myValue": "216", "personality_system_id": 6, "personality_type": "216", "theCount": 1}, {"myValue": "258", "personality_system_id": 6, "personality_type": "258", "theCount": 1}, {"myValue": "286", "personality_system_id": 6, "personality_type": "286", "theCount": 1}, {"myValue": "316", "personality_system_id": 6, "personality_type": "316", "theCount": 1}, {"myValue": "378", "personality_system_id": 6, "personality_type": "378", "theCount": 1}, {"myValue": "416", "personality_system_id": 6, "personality_type": "416", "theCount": 1}, {"myValue": "458", "personality_system_id": 6, "personality_type": "458", "theCount": 1}, {"myValue": "478", "personality_system_id": 6, "personality_type": "478", "theCount": 1}, {"myValue": "486", "personality_system_id": 6, "personality_type": "486", "theCount": 1}], "7": [{"myValue": "Phlegmatic-Sanguine", "personality_system_id": 7, "personality_type": "Phlegmatic-Sanguine", "theCount": 47}, {"myValue": "Phlegmatic [Dominant]", "personality_system_id": 7, "personality_type": "Phlegmatic [Dominant]", "theCount": 9}, {"myValue": "Sanguine [Dominant]", "personality_system_id": 7, "personality_type": "Sanguine [Dominant]", "theCount": 4}, {"myValue": "Sanguine-Choleric", "personality_system_id": 7, "personality_type": "Sanguine-Choleric", "theCount": 3}, {"myValue": "Phlegmatic-Melancholic", "personality_system_id": 7, "personality_type": "Phlegmatic-Melancholic", "theCount": 2}, {"myValue": "Sanguine-Melancholic", "personality_system_id": 7, "personality_type": "Sanguine-Melancholic", "theCount": 2}, {"myValue": "Melancholic-Sanguine", "personality_system_id": 7, "personality_type": "Melancholic-Sanguine", "theCount": 1}], "8": [{"myValue": "EFVL", "personality_system_id": 8, "personality_type": "EFVL", "theCount": 10}, {"myValue": "FEVL", "personality_system_id": 8, "personality_type": "FEVL", "theCount": 5}, {"myValue": "EFLV", "personality_system_id": 8, "personality_type": "EFLV", "theCount": 2}, {"myValue": "VEFL", "personality_system_id": 8, "personality_type": "VEFL", "theCount": 2}, {"myValue": "ELFV", "personality_system_id": 8, "personality_type": "ELFV", "theCount": 1}, {"myValue": "VLEF", "personality_system_id": 8, "personality_type": "VLEF", "theCount": 1}], "9": [{"myValue": "RCOEI", "personality_system_id": 9, "personality_type": "RCOEI", "theCount": 28}, {"myValue": "SCOEI", "personality_system_id": 9, "personality_type": "SCOEI", "theCount": 9}, {"myValue": "RCOAI", "personality_system_id": 9, "personality_type": "RCOAI", "theCount": 8}, {"myValue": "RLOEI", "personality_system_id": 9, "personality_type": "RLOEI", "theCount": 3}, {"myValue": "RCOAN", "personality_system_id": 9, "personality_type": "RCOAN", "theCount": 2}, {"myValue": "SLOEI", "personality_system_id": 9, "personality_type": "SLOEI", "theCount": 2}, {"myValue": "RLOAI", "personality_system_id": 9, "personality_type": "RLOAI", "theCount": 1}]}, "breakdown_config": {"expand": {"1": 3, "11": 1, "2": 3, "3": 1, "4": 1, "5": 1, "6": 2, "7": 1, "8": 1, "9": 1}, "fire": {"1": 1, "11": 0, "2": 1, "3": 0, "4": 0, "5": 0, "6": 1, "7": 0, "8": 0, "9": 0}}, "mbti_letter_stats": [{"type": "E", "percentage": "60%", "PercentageFloat": 0.6029411764705882}, {"type": "N", "percentage": "97%", "PercentageFloat": 0.9705882352941176}, {"type": "F", "percentage": "95%", "PercentageFloat": 0.9540441176470589}, {"type": "J", "percentage": "80%", "PercentageFloat": 0.7996323529411765}], "topic_info": {"can_generate": false, "topic": {"description": "Tsumugi Shirogane is a student in the Ultimate Academy for Gifted Juveniles and a participant of the Killing School Semester featured in Danganronpa V3: Killing Harmony. Her title is the Ultimate Cosplayer.", "follow_count": 1, "id": 11366, "is_following": false, "is_join_pending": false, "is_banned": false, "is_moderated": false, "name_readable": "Tsumugi Shirogane", "post_count": 9, "source_profile_id": 12305, "source_type": "profile", "join_to_post": false, "can_pin": false, "related_topics": [{"description": "Kokichi Ouma is a student in the Ultimate Academy for Gifted Juveniles and a participant of the Killing School Semester featured in Danganronpa V3: Killing Harmony. His title is the Ultimate Supreme Leader.", "follow_count": 27, "id": 11362, "is_following": false, "is_join_pending": false, "is_banned": false, "is_moderated": false, "name_readable": "Kokichi Ouma", "post_count": 122, "source_profile_id": 12301, "source_type": "profile", "image": {"picURL": "https://static1.personality-database.com/profile_images/57214a3d846b49c68a47eb767e7e5d98.png"}, "join_to_post": false, "can_pin": false}, {"description": "Shuichi Saihara is a student in the Ultimate Academy for Gifted Juveniles and a participant of the Killing School Semester featured in Danganronpa V3: Killing Harmony. His title is the Ultimate Detective.", "follow_count": 14, "id": 9818, "is_following": false, "is_join_pending": false, "is_banned": false, "is_moderated": false, "name_readable": "Shuichi Saihara", "post_count": 70, "source_profile_id": 10513, "source_type": "profile", "image": {"picURL": "https://static1.personality-database.com/profile_images/d76ed437bc4c4b909a56487e6b79868f.png"}, "join_to_post": false, "can_pin": false}, {"description": "Miu Iruma is a student in the Ultimate Academy for Gifted Juveniles and a participant of the Killing School Semester featured in Danganronpa V3: Killing Harmony. Her title is the Ultimate Inventor.", "follow_count": 6, "id": 11363, "is_following": false, "is_join_pending": false, "is_banned": false, "is_moderated": false, "name_readable": "Miu Iruma", "post_count": 42, "source_profile_id": 12302, "source_type": "profile", "image": {"picURL": "https://static1.personality-database.com/profile_images/87b45e9189054be680f9a96351e99fa1.png"}, "join_to_post": false, "can_pin": false}, {"description": "Korekiyo Shinguji, also known as Kiyo, is a student in the Ultimate Academy for Gifted Juveniles and a participant of the Killing School Semester featured in Danganronpa V3: Killing Harmony. His title is the Ultimate Anthropologist.", "follow_count": 6, "id": 11361, "is_following": false, "is_join_pending": false, "is_banned": false, "is_moderated": false, "name_readable": "Korekiyo Shinguji", "post_count": 33, "source_profile_id": 12300, "source_type": "profile", "image": {"picURL": "https://static1.personality-database.com/profile_images/216a387726a64bfb80e76cf241eb0c0a.png"}, "join_to_post": false, "can_pin": false}, {"description": "Kaede Akamatsu is a student in the Ultimate Academy for Gifted Juveniles and a participant of the Killing School Semester featured in Danganronpa V3: Killing Harmony. Her title is the Ultimate Pianist.", "follow_count": 11, "id": 11354, "is_following": false, "is_join_pending": false, "is_banned": false, "is_moderated": false, "name_readable": "Kaede Akamatsu", "post_count": 32, "source_profile_id": 12293, "source_type": "profile", "image": {"picURL": "https://static1.personality-database.com/profile_images/664c3febc71b4e90910a14339c904ef8.png"}, "join_to_post": false, "can_pin": false}, {"description": "Maki Harukawa is a student in the Ultimate Academy for Gifted Juveniles and a participant of the Killing School Semester featured in Danganronpa V3: Killing Harmony. Her title is the Ultimate Child Caregiver.", "follow_count": 2, "id": 10387, "is_following": false, "is_join_pending": false, "is_banned": false, "is_moderated": false, "name_readable": "Maki Harukawa", "post_count": 21, "source_profile_id": 11129, "source_type": "profile", "image": {"picURL": "https://static1.personality-database.com/profile_images/0d8dee8e6c5b4bd289d8b7c2965936aa.png"}, "join_to_post": false, "can_pin": false}, {"description": "Rantaro Amami is a student in the Ultimate Academy for Gifted Juveniles and a participant of the Killing School Semester featured in Danganronpa V3: Killing Harmony. He doesn't remember his talent at the beginning of the Killing Game, so his title is the Ultimate ???", "follow_count": 4, "id": 11356, "is_following": false, "is_join_pending": false, "is_banned": false, "is_moderated": false, "name_readable": "Rantaro Amami", "post_count": 18, "source_profile_id": 12295, "source_type": "profile", "image": {"picURL": "https://static1.personality-database.com/profile_images/e0eb1c33031f4e3b869118af1ec3e603.png"}, "join_to_post": false, "can_pin": false}, {"description": "Himiko Yumeno is a student in the Ultimate Academy for Gifted Juveniles and a participant of the Killing School Semester featured in Danganronpa V3: Killing Harmony. Her title is the Ultimate Magician. However she claims her \"true\", unofficial title is the Ultimate Mage.", "follow_count": 0, "id": 11240, "is_following": false, "is_join_pending": false, "is_banned": false, "is_moderated": false, "name_readable": "Himiko Yumeno", "post_count": 18, "source_profile_id": 12151, "source_type": "profile", "image": {"picURL": "https://static1.personality-database.com/profile_images/9b23926f482a41e5a59d6fa700061090.png"}, "join_to_post": false, "can_pin": false}, {"description": "K1-B0, also known as Keebo and Ki-Bo, is a student in the Ultimate Academy for Gifted Juveniles and a participant of the Killing School Semester featured in Danganronpa V3: Killing Harmony. His title is the Ultimate Robot.", "follow_count": 2, "id": 11365, "is_following": false, "is_join_pending": false, "is_banned": false, "is_moderated": false, "name_readable": "K1-B0", "post_count": 17, "source_profile_id": 12304, "source_type": "profile", "image": {"picURL": "https://static1.personality-database.com/profile_images/97a606de4b34444cb9348152687c2e9a.png"}, "join_to_post": false, "can_pin": false}, {"description": "Gonta Gokuhara is a student in the Ultimate Academy for Gifted Juveniles and a participant of the Killing School Semester featured in Danganronpa V3: Killing Harmony. His title is the Ultimate Entomologist.", "follow_count": 3, "id": 11364, "is_following": false, "is_join_pending": false, "is_banned": false, "is_moderated": false, "name_readable": "Gonta Gokuhara", "post_count": 15, "source_profile_id": 12303, "source_type": "profile", "image": {"picURL": "https://static1.personality-database.com/profile_images/d2d9a5a0ff1146338be05a2c9cc91c3d.png"}, "join_to_post": false, "can_pin": false}, {"description": "Kirumi Tojo is a student in the Ultimate Academy for Gifted Juveniles and a participant of the Killing School Semester featured in Danganronpa V3: Killing Harmony. Her title is the Ultimate Maid.", "follow_count": 1, "id": 11358, "is_following": false, "is_join_pending": false, "is_banned": false, "is_moderated": false, "name_readable": "Kirumi Tojo", "post_count": 14, "source_profile_id": 12297, "source_type": "profile", "image": {"picURL": "https://static1.personality-database.com/profile_images/db1c8e7780c54bd696e1766f80f720fe.png"}, "join_to_post": false, "can_pin": false}, {"description": "Angie Yonaga is a student in the Ultimate Academy for Gifted Juveniles and a participant of the Killing School Semester featured in Danganronpa V3: Killing Harmony. Her title is the Ultimate Artist.", "follow_count": 1, "id": 11359, "is_following": false, "is_join_pending": false, "is_banned": false, "is_moderated": false, "name_readable": "Angie Yonaga", "post_count": 14, "source_profile_id": 12298, "source_type": "profile", "image": {"picURL": "https://static1.personality-database.com/profile_images/49e4cd288a9346cf9fab486a316076bf.png"}, "join_to_post": false, "can_pin": false}, {"description": "Tsumugi Shirogane is a student in the Ultimate Academy for Gifted Juveniles and a participant of the Killing School Semester featured in Danganronpa V3: Killing Harmony. Her title is the Ultimate Cosplayer.", "follow_count": 1, "id": 11366, "is_following": false, "is_join_pending": false, "is_banned": false, "is_moderated": false, "name_readable": "Tsumugi Shirogane", "post_count": 9, "source_profile_id": 12305, "source_type": "profile", "image": {"picURL": "https://static1.personality-database.com/profile_images/00f6d54ee31c48aca4974236332eb816.png"}, "join_to_post": false, "can_pin": false}, {"description": "Ryoma Hoshi is a student in the Ultimate Academy for Gifted Juveniles and a participant of the Killing School Semester featured in Danganronpa V3: Killing Harmony. His title is the Ultimate Tennis Pro.", "follow_count": 0, "id": 11357, "is_following": false, "is_join_pending": false, "is_banned": false, "is_moderated": false, "name_readable": "Ryoma Hoshi", "post_count": 8, "source_profile_id": 12296, "source_type": "profile", "image": {"picURL": "https://static1.personality-database.com/profile_images/abc39926f0874327af39a31224d36bb0.png"}, "join_to_post": false, "can_pin": false}, {"description": "Tenko Chabashira is a student in the Ultimate Academy for Gifted Juveniles and a participant of the Killing School Semester featured in Danganronpa V3: Killing Harmony. Her title is the Ultimate Aikido Master.", "follow_count": 2, "id": 11360, "is_following": false, "is_join_pending": false, "is_banned": false, "is_moderated": false, "name_readable": "Tenko Chabashira", "post_count": 8, "source_profile_id": 12299, "source_type": "profile", "image": {"picURL": "https://static1.personality-database.com/profile_images/b93b398fd7a44fdf81ff697e73e4c035.png"}, "join_to_post": false, "can_pin": false}, {"description": "Kaito Momota is a student in the Ultimate Academy for Gifted Juveniles and a participant of the Killing School Semester featured in Danganronpa V3: Killing Harmony. His title is the Ultimate Astronaut.", "follow_count": 0, "id": 11355, "is_following": false, "is_join_pending": false, "is_banned": false, "is_moderated": false, "name_readable": "Kaito Momota", "post_count": 8, "source_profile_id": 12294, "source_type": "profile", "image": {"picURL": "https://static1.personality-database.com/profile_images/6b9888429a204e9d9707520fcaaa8890.png"}, "join_to_post": false, "can_pin": false}], "subcategory": "Danganronpa V3: Killing Harmony", "topic_image_url": "https://static1.personality-database.com/profile_images/00f6d54ee31c48aca4974236332eb816.png", "source_location": {"cid": 11, "pid": 2, "sub_cat_id": 1403}, "can_post_image": false, "can_post_audio": false, "posts": {"posts": [{"username": "Troll Fish", "user_pic_path": "https://lh3.googleusercontent.com/a-/AFdZucpDMM0tVJXloqEsBgpphO7f5mt22_xgjOsbU4cAuQ=s96-c", "user_personality_type": "INTP", "is_mod": false, "comment_count": 0, "reply_count": 0, "vote_type": 0, "topics_list": [{"id": 11366, "name_readable": "Tsumugi Shirogane"}], "id": 1650633, "post_id": 1650633, "user_id": 982367, "title": "", "content": "\u3067\u304d\u306a\u3044\u4e16\u754c\u4e0b\u3055\u3044\u307e\u305b\u3093\u306e\u3067\u3068\u308a\u3042\u3048\u305a\uff1f", "create_date": 1667011763000, "unix_timestamp": 1667011763000, "update_date": 1667011763000, "vote_count": 1, "vote_count_down": 0, "is_reported": 1, "is_hidden": false, "is_pinned": false, "is_watching": false, "is_pro_user": false, "images": null, "audios": null, "function_list": [], "type": "post"}, {"username": "exPDBee274453", "user_pic_path": "", "user_personality_type": "XXXX", "is_mod": false, "comment_count": 2, "reply_count": 2, "vote_type": 0, "topics_list": [{"id": 11366, "name_readable": "Tsumugi Shirogane"}], "id": 1235220, "post_id": 1235220, "user_id": 274453, "title": "", "content": "(deleted)", "create_date": 1661662283000, "unix_timestamp": 1661662283000, "update_date": 1661662283000, "vote_count": 0, "vote_count_down": 0, "is_reported": 0, "is_hidden": true, "is_pinned": false, "is_watching": false, "is_pro_user": false, "images": null, "audios": null, "function_list": [], "type": "post"}, {"username": "INFPaburo-san666", "user_pic_path": "https://lh3.googleusercontent.com/a-/AOh14Ggo-hX-aVZjuiPBL5OW0HMGPsJhk5DhPL_miNgzlg=s96-c", "user_personality_type": "INFP-2w1-279", "is_mod": false, "comment_count": 8, "reply_count": 8, "vote_type": 0, "topics_list": [{"id": 11366, "name_readable": "Tsumugi Shirogane"}], "id": 457251, "post_id": 457251, "user_id": 192495, "title": "", "content": "WHY THE FYUCK DO SHE APPEAR ON HOMEPAGE? NO ONE CARES ABOUT DANGANRONPA\n/hj", "create_date": 1648126322000, "unix_timestamp": 1648126322000, "update_date": 1649517203000, "vote_count": 5, "vote_count_down": 8, "is_reported": 0, "is_hidden": false, "is_pinned": false, "is_watching": false, "is_pro_user": false, "images": null, "audios": null, "function_list": [], "type": "post"}]}}}}