{"id": 12303, "mbti_profile": "Gonta Gokuhara", "profile_name_searchable": "gontagokuhara", "allow_commenting": true, "allow_voting": true, "user_id": 5267, "contributor": "ljeffrey949", "contributor_create_date": "2018-05-28 14:59:42", "contributor_pic_path": "https://lh6.googleusercontent.com/-TCES3Gjg-D4/AAAAAAAAAAI/AAAAAAAAALk/DY7ZUEfgobA/s96-c/photo.jpg", "display_order": 0, "edit_lock": 1, "edit_lock_picture": 1, "is_active": true, "is_approved": true, "mbti_enneagram_type": "ESFJ 9w1", "mbti_type": "ESFJ 9w1", "pdb_comment_access": true, "pdb_page_owner": 0, "pdb_public_access": true, "wiki_description": "Gonta Gokuhara is a student in the Ultimate Academy for Gifted Juveniles and a participant of the Killing School Semester featured in Danganronpa V3: Killing Harmony. His title is the Ultimate Entomologist.", "watch_count": 268, "comment_count": 51, "vote_count": 383, "vote_count_enneagram": 269, "vote_count_mbti": 383, "total_vote_counts": 1008, "personality_type": "ESFJ - 9w1 - so/sx - 926 - ESE - SCOAN - EFLV - Sanguine-Phlegmatic - EF(S)", "type_updated_date": "2022-12-02 14:28:36", "enneagram_vote": "", "enneagram_vote_id": 0, "mbti_vote": "", "mbti_vote_id": 0, "is_watching": false, "image_exists": false, "profile_image_url": "https://static1.personality-database.com/profile_images/d2d9a5a0ff1146338be05a2c9cc91c3d.png", "profile_image_credit": "", "profile_image_credit_id": 157944, "profile_image_credit_type": "0", "profile_image_credit_url": "", "alt_subcategory": "", "related_subcategories": "", "cat_id": 11, "category": "Gaming", "category_is_fictional": true, "sub_cat_id": 1403, "subcategory": "Danganronpa V3: Killing Harmony", "subcat_link_info": {"sub_cat_id": 1403, "cat_id": 11, "property_id": 2, "subcategory": "Danganronpa V3: Killing Harmony"}, "related_subcat_link_info": null, "related_profiles": [{"id": 10513, "mbti_profile": "Shuichi Saihara", "subcategory": "Danganronpa V3: Killing Harmony", "profile_image_url": "https://static1.personality-database.com/profile_images/d76ed437bc4c4b909a56487e6b79868f.png", "profile_name": "Shuichi Saihara", "profile_subcat": "Danganronpa V3: Killing Harmony", "sub_cat_id": 1403, "cat_id": 11, "property_id": 2, "mbti": "INTJ", "enneatype": "5w4"}, {"id": 12301, "mbti_profile": "Kokichi Ouma", "subcategory": "Danganronpa V3: Killing Harmony", "profile_image_url": "https://static1.personality-database.com/profile_images/57214a3d846b49c68a47eb767e7e5d98.png", "profile_name": "Kokichi Ouma", "profile_subcat": "Danganronpa V3: Killing Harmony", "sub_cat_id": 1403, "cat_id": 11, "property_id": 2, "mbti": "ENTP", "enneatype": "7w6"}, {"id": 11129, "mbti_profile": "Maki Harukawa", "subcategory": "Danganronpa V3: Killing Harmony", "profile_image_url": "https://static1.personality-database.com/profile_images/0d8dee8e6c5b4bd289d8b7c2965936aa.png", "profile_name": "Maki Harukawa", "profile_subcat": "Danganronpa V3: Killing Harmony", "sub_cat_id": 1403, "cat_id": 11, "property_id": 2, "mbti": "ISTJ", "enneatype": "6w5"}, {"id": 12293, "mbti_profile": "Kaede Akamatsu", "subcategory": "Danganronpa V3: Killing Harmony", "profile_image_url": "https://static1.personality-database.com/profile_images/664c3febc71b4e90910a14339c904ef8.png", "profile_name": "Kaede Akamatsu", "profile_subcat": "Danganronpa V3: Killing Harmony", "sub_cat_id": 1403, "cat_id": 11, "property_id": 2, "mbti": "ENFJ", "enneatype": "2w3"}, {"id": 12302, "mbti_profile": "Miu Iruma", "subcategory": "Danganronpa V3: Killing Harmony", "profile_image_url": "https://static1.personality-database.com/profile_images/87b45e9189054be680f9a96351e99fa1.png", "profile_name": "Miu Iruma", "profile_subcat": "Danganronpa V3: Killing Harmony", "sub_cat_id": 1403, "cat_id": 11, "property_id": 2, "mbti": "ESTP", "enneatype": "6w7"}, {"id": 12300, "mbti_profile": "Korekiyo Shinguji", "subcategory": "Danganronpa V3: Killing Harmony", "profile_image_url": "https://static1.personality-database.com/profile_images/216a387726a64bfb80e76cf241eb0c0a.png", "profile_name": "Korekiyo Shinguji", "profile_subcat": "Danganronpa V3: Killing Harmony", "sub_cat_id": 1403, "cat_id": 11, "property_id": 2, "mbti": "INFJ", "enneatype": "5w4"}, {"id": 12295, "mbti_profile": "Rantaro Amami", "subcategory": "Danganronpa V3: Killing Harmony", "profile_image_url": "https://static1.personality-database.com/profile_images/e0eb1c33031f4e3b869118af1ec3e603.png", "profile_name": "Rantaro Amami", "profile_subcat": "Danganronpa V3: Killing Harmony", "sub_cat_id": 1403, "cat_id": 11, "property_id": 2, "mbti": "INTP", "enneatype": "5w6"}, {"id": 12298, "mbti_profile": "Angie Yonaga", "subcategory": "Danganronpa V3: Killing Harmony", "profile_image_url": "https://static1.personality-database.com/profile_images/49e4cd288a9346cf9fab486a316076bf.png", "profile_name": "Angie Yonaga", "profile_subcat": "Danganronpa V3: Killing Harmony", "sub_cat_id": 1403, "cat_id": 11, "property_id": 2, "mbti": "ESFJ", "enneatype": "2w3"}], "functions": ["Fe", "Si", "Ne", "Ti"], "systems": [{"hex_color": "#888888", "id": 1, "personality_type": "XXXX", "personality_type_id": 0, "system_name": "Four Letter", "system_vote_count": 370, "user_vote_type_id": 0, "vote_id": 0}, {"hex_color": "#006775", "id": 2, "personality_type": "XXXX", "personality_type_id": 0, "system_name": "Enneagram", "system_vote_count": 261, "user_vote_type_id": 0, "vote_id": 0}, {"hex_color": "#006775", "id": 5, "personality_type": "XXXX", "personality_type_id": 0, "system_name": "Instinctual Variant", "system_vote_count": 85, "user_vote_type_id": 0, "vote_id": 0}, {"hex_color": "#006775", "id": 6, "personality_type": "XXXX", "personality_type_id": 0, "system_name": "Tritype", "system_vote_count": 75, "user_vote_type_id": 0, "vote_id": 0}, {"hex_color": "#888888", "id": 3, "personality_type": "XXXX", "personality_type_id": 0, "system_name": "Socionics", "system_vote_count": 39, "user_vote_type_id": 0, "vote_id": 0}, {"hex_color": "#888888", "id": 9, "personality_type": "XXXX", "personality_type_id": 0, "system_name": "Big 5 (SLOAN)", "system_vote_count": 38, "user_vote_type_id": 0, "vote_id": 0}, {"hex_color": "#888888", "id": 8, "personality_type": "XXXX", "personality_type_id": 0, "system_name": "Attitudinal Psyche", "system_vote_count": 27, "user_vote_type_id": 0, "vote_id": 0}, {"hex_color": "#888888", "id": 7, "personality_type": "XXXX", "personality_type_id": 0, "system_name": "Temperaments", "system_vote_count": 78, "user_vote_type_id": 0, "vote_id": 0}, {"hex_color": "#888888", "id": 11, "personality_type": "XXXX", "personality_type_id": 0, "system_name": "Classic Jungian", "system_vote_count": 4, "user_vote_type_id": 0, "vote_id": 0}], "breakdown_systems": {"1": [{"myValue": "ESFJ", "personality_system_id": 1, "personality_type": "ESFJ", "theCount": 342}, {"myValue": "ESFP", "personality_system_id": 1, "personality_type": "ESFP", "theCount": 6}, {"myValue": "ISFJ", "personality_system_id": 1, "personality_type": "ISFJ", "theCount": 6}, {"myValue": "INFP", "personality_system_id": 1, "personality_type": "INFP", "theCount": 4}, {"myValue": "ENFP", "personality_system_id": 1, "personality_type": "ENFP", "theCount": 3}, {"myValue": "ISFP", "personality_system_id": 1, "personality_type": "ISFP", "theCount": 3}, {"myValue": "ENTJ", "personality_system_id": 1, "personality_type": "ENTJ", "theCount": 1}, {"myValue": "ESTJ", "personality_system_id": 1, "personality_type": "ESTJ", "theCount": 1}, {"myValue": "INFJ", "personality_system_id": 1, "personality_type": "INFJ", "theCount": 1}, {"myValue": "INTJ", "personality_system_id": 1, "personality_type": "INTJ", "theCount": 1}, {"myValue": "INTP", "personality_system_id": 1, "personality_type": "INTP", "theCount": 1}, {"myValue": "ISTJ", "personality_system_id": 1, "personality_type": "ISTJ", "theCount": 1}], "10": [{"myValue": "Right-brained Extrovert", "personality_system_id": 10, "personality_type": "Right-brained Extrovert", "theCount": 1}], "11": [{"myValue": "EF(S)", "personality_system_id": 11, "personality_type": "EF(S)", "theCount": 3}, {"myValue": "IS(F)", "personality_system_id": 11, "personality_type": "IS(F)", "theCount": 1}], "2": [{"myValue": "9w1", "personality_system_id": 2, "personality_type": "9w1", "theCount": 180}, {"myValue": "2w1", "personality_system_id": 2, "personality_type": "2w1", "theCount": 74}, {"myValue": "9w8", "personality_system_id": 2, "personality_type": "9w8", "theCount": 3}, {"myValue": "2w3", "personality_system_id": 2, "personality_type": "2w3", "theCount": 2}, {"myValue": "6w5", "personality_system_id": 2, "personality_type": "6w5", "theCount": 1}, {"myValue": "7w6", "personality_system_id": 2, "personality_type": "7w6", "theCount": 1}], "3": [{"myValue": "ESE", "personality_system_id": 3, "personality_type": "ESE", "theCount": 18}, {"myValue": "ESI", "personality_system_id": 3, "personality_type": "ESI", "theCount": 11}, {"myValue": "EII", "personality_system_id": 3, "personality_type": "EII", "theCount": 5}, {"myValue": "SEI", "personality_system_id": 3, "personality_type": "SEI", "theCount": 3}, {"myValue": "IEI", "personality_system_id": 3, "personality_type": "IEI", "theCount": 1}, {"myValue": "SEE", "personality_system_id": 3, "personality_type": "SEE", "theCount": 1}], "4": [{"myValue": "Lawful Good", "personality_system_id": 4, "personality_type": "Lawful Good", "theCount": 19}, {"myValue": "Neutral Good", "personality_system_id": 4, "personality_type": "Neutral Good", "theCount": 10}, {"myValue": "Lawful Evil", "personality_system_id": 4, "personality_type": "Lawful Evil", "theCount": 1}], "5": [{"myValue": "so/sx", "personality_system_id": 5, "personality_type": "so/sx", "theCount": 74}, {"myValue": "so/sp", "personality_system_id": 5, "personality_type": "so/sp", "theCount": 8}, {"myValue": "sp/so", "personality_system_id": 5, "personality_type": "sp/so", "theCount": 2}, {"myValue": "sx/sp", "personality_system_id": 5, "personality_type": "sx/sp", "theCount": 1}], "6": [{"myValue": "926", "personality_system_id": 6, "personality_type": "926", "theCount": 49}, {"myValue": "296", "personality_system_id": 6, "personality_type": "296", "theCount": 13}, {"myValue": "925", "personality_system_id": 6, "personality_type": "925", "theCount": 2}, {"myValue": "927", "personality_system_id": 6, "personality_type": "927", "theCount": 2}, {"myValue": "936", "personality_system_id": 6, "personality_type": "936", "theCount": 2}, {"myValue": "962", "personality_system_id": 6, "personality_type": "962", "theCount": 2}, {"myValue": "216", "personality_system_id": 6, "personality_type": "216", "theCount": 1}, {"myValue": "279", "personality_system_id": 6, "personality_type": "279", "theCount": 1}, {"myValue": "295", "personality_system_id": 6, "personality_type": "295", "theCount": 1}, {"myValue": "297", "personality_system_id": 6, "personality_type": "297", "theCount": 1}, {"myValue": "692", "personality_system_id": 6, "personality_type": "692", "theCount": 1}], "7": [{"myValue": "Sanguine-Phlegmatic", "personality_system_id": 7, "personality_type": "Sanguine-Phlegmatic", "theCount": 52}, {"myValue": "Phlegmatic-Sanguine", "personality_system_id": 7, "personality_type": "Phlegmatic-Sanguine", "theCount": 13}, {"myValue": "Phlegmatic [Dominant]", "personality_system_id": 7, "personality_type": "Phlegmatic [Dominant]", "theCount": 6}, {"myValue": "Sanguine [Dominant]", "personality_system_id": 7, "personality_type": "Sanguine [Dominant]", "theCount": 6}, {"myValue": "Melancholic-Phlegmatic", "personality_system_id": 7, "personality_type": "Melancholic-Phlegmatic", "theCount": 1}], "8": [{"myValue": "EFLV", "personality_system_id": 8, "personality_type": "EFLV", "theCount": 16}, {"myValue": "FELV", "personality_system_id": 8, "personality_type": "FELV", "theCount": 5}, {"myValue": "FVLE", "personality_system_id": 8, "personality_type": "FVLE", "theCount": 3}, {"myValue": "EFVL", "personality_system_id": 8, "personality_type": "EFVL", "theCount": 2}, {"myValue": "EVLF", "personality_system_id": 8, "personality_type": "EVLF", "theCount": 1}], "9": [{"myValue": "SCOAN", "personality_system_id": 9, "personality_type": "SCOAN", "theCount": 25}, {"myValue": "SLOAN", "personality_system_id": 9, "personality_type": "SLOAN", "theCount": 6}, {"myValue": "SCOAI", "personality_system_id": 9, "personality_type": "SCOAI", "theCount": 3}, {"myValue": "SLOAI", "personality_system_id": 9, "personality_type": "SLOAI", "theCount": 2}, {"myValue": "SCUAI", "personality_system_id": 9, "personality_type": "SCUAI", "theCount": 1}, {"myValue": "SLUAI", "personality_system_id": 9, "personality_type": "SLUAI", "theCount": 1}]}, "breakdown_config": {"expand": {"1": 3, "10": 1, "11": 1, "2": 3, "3": 2, "4": 2, "5": 1, "6": 1, "7": 1, "8": 1, "9": 1}, "fire": {"1": 0, "10": 0, "11": 0, "2": 0, "3": 1, "4": 1, "5": 0, "6": 0, "7": 0, "8": 0, "9": 0}}, "mbti_letter_stats": [{"type": "E", "percentage": "95%", "PercentageFloat": 0.9540540540540541}, {"type": "S", "percentage": "97%", "PercentageFloat": 0.9702702702702702}, {"type": "F", "percentage": "99%", "PercentageFloat": 0.9864864864864865}, {"type": "J", "percentage": "95%", "PercentageFloat": 0.9540540540540541}], "topic_info": {"can_generate": false, "topic": {"description": "Gonta Gokuhara is a student in the Ultimate Academy for Gifted Juveniles and a participant of the Killing School Semester featured in Danganronpa V3: Killing Harmony. His title is the Ultimate Entomologist.", "follow_count": 3, "id": 11364, "is_following": false, "is_join_pending": false, "is_banned": false, "is_moderated": false, "name_readable": "Gonta Gokuhara", "post_count": 15, "source_profile_id": 12303, "source_type": "profile", "join_to_post": false, "can_pin": false, "related_topics": [{"description": "Kokichi Ouma is a student in the Ultimate Academy for Gifted Juveniles and a participant of the Killing School Semester featured in Danganronpa V3: Killing Harmony. His title is the Ultimate Supreme Leader.", "follow_count": 27, "id": 11362, "is_following": false, "is_join_pending": false, "is_banned": false, "is_moderated": false, "name_readable": "Kokichi Ouma", "post_count": 122, "source_profile_id": 12301, "source_type": "profile", "image": {"picURL": "https://static1.personality-database.com/profile_images/57214a3d846b49c68a47eb767e7e5d98.png"}, "join_to_post": false, "can_pin": false}, {"description": "Shuichi Saihara is a student in the Ultimate Academy for Gifted Juveniles and a participant of the Killing School Semester featured in Danganronpa V3: Killing Harmony. His title is the Ultimate Detective.", "follow_count": 14, "id": 9818, "is_following": false, "is_join_pending": false, "is_banned": false, "is_moderated": false, "name_readable": "Shuichi Saihara", "post_count": 70, "source_profile_id": 10513, "source_type": "profile", "image": {"picURL": "https://static1.personality-database.com/profile_images/d76ed437bc4c4b909a56487e6b79868f.png"}, "join_to_post": false, "can_pin": false}, {"description": "Miu Iruma is a student in the Ultimate Academy for Gifted Juveniles and a participant of the Killing School Semester featured in Danganronpa V3: Killing Harmony. Her title is the Ultimate Inventor.", "follow_count": 6, "id": 11363, "is_following": false, "is_join_pending": false, "is_banned": false, "is_moderated": false, "name_readable": "Miu Iruma", "post_count": 42, "source_profile_id": 12302, "source_type": "profile", "image": {"picURL": "https://static1.personality-database.com/profile_images/87b45e9189054be680f9a96351e99fa1.png"}, "join_to_post": false, "can_pin": false}, {"description": "Korekiyo Shinguji, also known as Kiyo, is a student in the Ultimate Academy for Gifted Juveniles and a participant of the Killing School Semester featured in Danganronpa V3: Killing Harmony. His title is the Ultimate Anthropologist.", "follow_count": 6, "id": 11361, "is_following": false, "is_join_pending": false, "is_banned": false, "is_moderated": false, "name_readable": "Korekiyo Shinguji", "post_count": 33, "source_profile_id": 12300, "source_type": "profile", "image": {"picURL": "https://static1.personality-database.com/profile_images/216a387726a64bfb80e76cf241eb0c0a.png"}, "join_to_post": false, "can_pin": false}, {"description": "Kaede Akamatsu is a student in the Ultimate Academy for Gifted Juveniles and a participant of the Killing School Semester featured in Danganronpa V3: Killing Harmony. Her title is the Ultimate Pianist.", "follow_count": 11, "id": 11354, "is_following": false, "is_join_pending": false, "is_banned": false, "is_moderated": false, "name_readable": "Kaede Akamatsu", "post_count": 32, "source_profile_id": 12293, "source_type": "profile", "image": {"picURL": "https://static1.personality-database.com/profile_images/664c3febc71b4e90910a14339c904ef8.png"}, "join_to_post": false, "can_pin": false}, {"description": "Maki Harukawa is a student in the Ultimate Academy for Gifted Juveniles and a participant of the Killing School Semester featured in Danganronpa V3: Killing Harmony. Her title is the Ultimate Child Caregiver.", "follow_count": 2, "id": 10387, "is_following": false, "is_join_pending": false, "is_banned": false, "is_moderated": false, "name_readable": "Maki Harukawa", "post_count": 21, "source_profile_id": 11129, "source_type": "profile", "image": {"picURL": "https://static1.personality-database.com/profile_images/0d8dee8e6c5b4bd289d8b7c2965936aa.png"}, "join_to_post": false, "can_pin": false}, {"description": "Rantaro Amami is a student in the Ultimate Academy for Gifted Juveniles and a participant of the Killing School Semester featured in Danganronpa V3: Killing Harmony. He doesn't remember his talent at the beginning of the Killing Game, so his title is the Ultimate ???", "follow_count": 4, "id": 11356, "is_following": false, "is_join_pending": false, "is_banned": false, "is_moderated": false, "name_readable": "Rantaro Amami", "post_count": 18, "source_profile_id": 12295, "source_type": "profile", "image": {"picURL": "https://static1.personality-database.com/profile_images/e0eb1c33031f4e3b869118af1ec3e603.png"}, "join_to_post": false, "can_pin": false}, {"description": "Himiko Yumeno is a student in the Ultimate Academy for Gifted Juveniles and a participant of the Killing School Semester featured in Danganronpa V3: Killing Harmony. Her title is the Ultimate Magician. However she claims her \"true\", unofficial title is the Ultimate Mage.", "follow_count": 0, "id": 11240, "is_following": false, "is_join_pending": false, "is_banned": false, "is_moderated": false, "name_readable": "Himiko Yumeno", "post_count": 18, "source_profile_id": 12151, "source_type": "profile", "image": {"picURL": "https://static1.personality-database.com/profile_images/9b23926f482a41e5a59d6fa700061090.png"}, "join_to_post": false, "can_pin": false}, {"description": "K1-B0, also known as Keebo and Ki-Bo, is a student in the Ultimate Academy for Gifted Juveniles and a participant of the Killing School Semester featured in Danganronpa V3: Killing Harmony. His title is the Ultimate Robot.", "follow_count": 2, "id": 11365, "is_following": false, "is_join_pending": false, "is_banned": false, "is_moderated": false, "name_readable": "K1-B0", "post_count": 17, "source_profile_id": 12304, "source_type": "profile", "image": {"picURL": "https://static1.personality-database.com/profile_images/97a606de4b34444cb9348152687c2e9a.png"}, "join_to_post": false, "can_pin": false}, {"description": "Gonta Gokuhara is a student in the Ultimate Academy for Gifted Juveniles and a participant of the Killing School Semester featured in Danganronpa V3: Killing Harmony. His title is the Ultimate Entomologist.", "follow_count": 3, "id": 11364, "is_following": false, "is_join_pending": false, "is_banned": false, "is_moderated": false, "name_readable": "Gonta Gokuhara", "post_count": 15, "source_profile_id": 12303, "source_type": "profile", "image": {"picURL": "https://static1.personality-database.com/profile_images/d2d9a5a0ff1146338be05a2c9cc91c3d.png"}, "join_to_post": false, "can_pin": false}, {"description": "Kirumi Tojo is a student in the Ultimate Academy for Gifted Juveniles and a participant of the Killing School Semester featured in Danganronpa V3: Killing Harmony. Her title is the Ultimate Maid.", "follow_count": 1, "id": 11358, "is_following": false, "is_join_pending": false, "is_banned": false, "is_moderated": false, "name_readable": "Kirumi Tojo", "post_count": 14, "source_profile_id": 12297, "source_type": "profile", "image": {"picURL": "https://static1.personality-database.com/profile_images/db1c8e7780c54bd696e1766f80f720fe.png"}, "join_to_post": false, "can_pin": false}, {"description": "Angie Yonaga is a student in the Ultimate Academy for Gifted Juveniles and a participant of the Killing School Semester featured in Danganronpa V3: Killing Harmony. Her title is the Ultimate Artist.", "follow_count": 1, "id": 11359, "is_following": false, "is_join_pending": false, "is_banned": false, "is_moderated": false, "name_readable": "Angie Yonaga", "post_count": 14, "source_profile_id": 12298, "source_type": "profile", "image": {"picURL": "https://static1.personality-database.com/profile_images/49e4cd288a9346cf9fab486a316076bf.png"}, "join_to_post": false, "can_pin": false}, {"description": "Tsumugi Shirogane is a student in the Ultimate Academy for Gifted Juveniles and a participant of the Killing School Semester featured in Danganronpa V3: Killing Harmony. Her title is the Ultimate Cosplayer.", "follow_count": 1, "id": 11366, "is_following": false, "is_join_pending": false, "is_banned": false, "is_moderated": false, "name_readable": "Tsumugi Shirogane", "post_count": 9, "source_profile_id": 12305, "source_type": "profile", "image": {"picURL": "https://static1.personality-database.com/profile_images/00f6d54ee31c48aca4974236332eb816.png"}, "join_to_post": false, "can_pin": false}, {"description": "Ryoma Hoshi is a student in the Ultimate Academy for Gifted Juveniles and a participant of the Killing School Semester featured in Danganronpa V3: Killing Harmony. His title is the Ultimate Tennis Pro.", "follow_count": 0, "id": 11357, "is_following": false, "is_join_pending": false, "is_banned": false, "is_moderated": false, "name_readable": "Ryoma Hoshi", "post_count": 8, "source_profile_id": 12296, "source_type": "profile", "image": {"picURL": "https://static1.personality-database.com/profile_images/abc39926f0874327af39a31224d36bb0.png"}, "join_to_post": false, "can_pin": false}, {"description": "Tenko Chabashira is a student in the Ultimate Academy for Gifted Juveniles and a participant of the Killing School Semester featured in Danganronpa V3: Killing Harmony. Her title is the Ultimate Aikido Master.", "follow_count": 2, "id": 11360, "is_following": false, "is_join_pending": false, "is_banned": false, "is_moderated": false, "name_readable": "Tenko Chabashira", "post_count": 8, "source_profile_id": 12299, "source_type": "profile", "image": {"picURL": "https://static1.personality-database.com/profile_images/b93b398fd7a44fdf81ff697e73e4c035.png"}, "join_to_post": false, "can_pin": false}, {"description": "Kaito Momota is a student in the Ultimate Academy for Gifted Juveniles and a participant of the Killing School Semester featured in Danganronpa V3: Killing Harmony. His title is the Ultimate Astronaut.", "follow_count": 0, "id": 11355, "is_following": false, "is_join_pending": false, "is_banned": false, "is_moderated": false, "name_readable": "Kaito Momota", "post_count": 8, "source_profile_id": 12294, "source_type": "profile", "image": {"picURL": "https://static1.personality-database.com/profile_images/6b9888429a204e9d9707520fcaaa8890.png"}, "join_to_post": false, "can_pin": false}], "subcategory": "Danganronpa V3: Killing Harmony", "topic_image_url": "https://static1.personality-database.com/profile_images/d2d9a5a0ff1146338be05a2c9cc91c3d.png", "source_location": {"cid": 11, "pid": 2, "sub_cat_id": 1403}, "can_post_image": false, "can_post_audio": false, "posts": {"posts": [{"username": "ohmyisfj", "user_pic_path": "https://static1.personality-database.com/user_avatars/696272/84230c01-ce9f-46b2-bfd9-e63c1f9b711b_small.jpeg", "user_personality_type": "ISFJ-9w1", "is_mod": false, "comment_count": 0, "reply_count": 0, "vote_type": 0, "topics_list": [{"id": 11364, "name_readable": "Gonta Gokuhara"}], "id": 1331567, "post_id": 1331567, "user_id": 696272, "title": "", "content": "i love him sm!\nsuch an angel!\nspoilers ahead:\n\n\n\n\nkokichi i will not forgive u!!", "create_date": 1663111494000, "unix_timestamp": 1663111494000, "update_date": 1663111494000, "vote_count": 8, "vote_count_down": 0, "is_reported": 0, "is_hidden": false, "is_pinned": false, "is_watching": false, "is_pro_user": false, "images": null, "audios": null, "function_list": [], "type": "post"}, {"username": "maiya500", "user_pic_path": "https://static1.personality-database.com/user_avatars/697583/cede3ad4-154d-4f62-8720-a7d1a9520901_small.jpeg", "user_personality_type": "ISTJ-6w7", "is_mod": false, "comment_count": 1, "reply_count": 1, "vote_type": 0, "topics_list": [{"id": 11364, "name_readable": "Gonta Gokuhara"}], "id": 1137204, "post_id": 1137204, "user_id": 697583, "title": "", "content": "Bro who tf said ESFP \ud83d\udc80\ud83d\udc80\ud83d\udc80", "create_date": 1660110577000, "unix_timestamp": 1660110577000, "update_date": 1660110577000, "vote_count": 2, "vote_count_down": 0, "is_reported": 0, "is_hidden": false, "is_pinned": false, "is_watching": false, "is_pro_user": false, "images": null, "audios": null, "function_list": [], "type": "post"}, {"username": "Bored_catboy", "user_pic_path": "https://lh3.googleusercontent.com/a-/AOh14GizLZWWPv8Uw3JaYfQYu8CHwaU8Ki3ctWO-SesW=s96-c", "user_personality_type": "ENFP-7w8", "is_mod": false, "comment_count": 1, "reply_count": 1, "vote_type": 0, "topics_list": [{"id": 11364, "name_readable": "Gonta Gokuhara"}], "id": 1793438, "post_id": 1793438, "user_id": 430494, "title": "", "content": "2nd comfort character, i love him platonically more than anyone else", "create_date": 1651393150000, "unix_timestamp": 1651393150000, "update_date": 1651393150000, "vote_count": 17, "vote_count_down": 0, "is_reported": 1, "is_hidden": false, "is_pinned": false, "is_watching": false, "is_pro_user": false, "images": null, "audios": null, "function_list": [], "type": "post"}]}}}}