{"id": 12318, "mbti_profile": "Markus Manfred", "profile_name_searchable": "markusmanfred", "allow_commenting": true, "allow_voting": true, "user_id": 5359, "contributor": "xValkyx", "contributor_create_date": "2018-05-30 22:44:05", "contributor_pic_path": "https://lh3.googleusercontent.com/a-/AOh14Gj8DPm7OOI25KaFKTxgM7MUtUkvvbeR5_OWs7aS=s96-c", "display_order": 990, "edit_lock": 0, "edit_lock_picture": 0, "is_active": true, "is_approved": true, "mbti_enneagram_type": "INFJ 1w9", "mbti_type": "INFJ 1w9", "pdb_comment_access": true, "pdb_page_owner": 0, "pdb_public_access": true, "wiki_description": "Markus\u00a0is a RK200 android and one of the three protagonists of\u00a0Detroit:\u00a0Become Human. He is a domestic android owned by famous\u00a0Detroit\u00a0painter Carl Manfred. When Carl's son Leo attempts to steal his dad's art, Markus steps in at the wrong time, being shot down by police once they arrive. Markus, however, would later come back from the dead, finding and choosing to lead Jericho, a group of deviant androids, to either a peaceful protest or a revengeful revolution.\n\n#DBH #DetroitBecomeHuman", "watch_count": 757, "comment_count": 30, "vote_count": 446, "vote_count_enneagram": 190, "vote_count_mbti": 446, "total_vote_counts": 845, "personality_type": "INFJ - 1w9 - so/sx - 125 - EIE - SCOAI - VELF - Phlegmatic [Dominant] - EF(N)", "type_updated_date": "2022-12-12 17:17:06", "enneagram_vote": "", "enneagram_vote_id": 0, "mbti_vote": "", "mbti_vote_id": 0, "is_watching": false, "image_exists": false, "profile_image_url": "https://static1.personality-database.com/profile_images/480ad4a763964ebda79cd7e82e83eb7d.png", "profile_image_credit": "", "profile_image_credit_id": 0, "profile_image_credit_type": "0", "profile_image_credit_url": "", "alt_subcategory": "", "related_subcategories": "", "cat_id": 11, "category": "Gaming", "category_is_fictional": true, "sub_cat_id": 1591, "subcategory": "Detroit: Become Human", "subcat_link_info": {"sub_cat_id": 1591, "cat_id": 11, "property_id": 2, "subcategory": "Detroit: Become Human"}, "related_subcat_link_info": null, "related_profiles": [{"id": 12319, "mbti_profile": "Hank Anderson", "subcategory": "Detroit: Become Human", "profile_image_url": "https://static1.personality-database.com/profile_images/e930a8b43f5d4cae96f29adfccd24a52.png", "profile_name": "Hank Anderson", "profile_subcat": "Detroit: Become Human", "sub_cat_id": 1591, "cat_id": 11, "property_id": 2, "mbti": "ISFP", "enneatype": "9w8"}, {"id": 12316, "mbti_profile": "Deviant Connor", "subcategory": "Detroit: Become Human", "profile_image_url": "https://static1.personality-database.com/profile_images/3ab2edc99aa448f2920a62b6cac40d56.png", "profile_name": "Deviant Connor", "profile_subcat": "Detroit: Become Human", "sub_cat_id": 1591, "cat_id": 11, "property_id": 2, "mbti": "INTP", "enneatype": "5w6"}, {"id": 141183, "mbti_profile": "Machine Connor", "subcategory": "Detroit: Become Human", "profile_image_url": "https://static1.personality-database.com/profile_images/82a2742f71ff400baf29337e0037e165.png", "profile_name": "Machine Connor", "profile_subcat": "Detroit: Become Human", "sub_cat_id": 1591, "cat_id": 11, "property_id": 2, "mbti": "ESTJ", "enneatype": "1w9"}, {"id": 12747, "mbti_profile": "Elijah Kamski", "subcategory": "Detroit: Become Human", "profile_image_url": "https://static1.personality-database.com/profile_images/15db0e95206c4da9b7f83e5fbce53c2a.png", "profile_name": "Elijah Kamski", "profile_subcat": "Detroit: Become Human", "sub_cat_id": 1591, "cat_id": 11, "property_id": 2, "mbti": "INTJ", "enneatype": "3w4"}, {"id": 12698, "mbti_profile": "Carl Manfred", "subcategory": "Detroit: Become Human", "profile_image_url": "https://static1.personality-database.com/profile_images/fb88470392814514b1434d8820b34816.png", "profile_name": "Carl Manfred", "profile_subcat": "Detroit: Become Human", "sub_cat_id": 1591, "cat_id": 11, "property_id": 2, "mbti": "INFJ", "enneatype": "4w5"}, {"id": 12697, "mbti_profile": "Detective Gavin Reed", "subcategory": "Detroit: Become Human", "profile_image_url": "https://static1.personality-database.com/profile_images/6914702d67b64e25a4408c44946f8d86.png", "profile_name": "Detective Gavin Reed", "profile_subcat": "Detroit: Become Human", "sub_cat_id": 1591, "cat_id": 11, "property_id": 2, "mbti": "ESTP", "enneatype": "7w8"}, {"id": 12392, "mbti_profile": "North", "subcategory": "Detroit: Become Human", "profile_image_url": "https://static1.personality-database.com/profile_images/ea84ff5ac070439e838e2ef18936ce05.png", "profile_name": "North", "profile_subcat": "Detroit: Become Human", "sub_cat_id": 1591, "cat_id": 11, "property_id": 2, "mbti": "ESFP", "enneatype": "8w7"}, {"id": 12397, "mbti_profile": "Simon", "subcategory": "Detroit: Become Human", "profile_image_url": "https://static1.personality-database.com/profile_images/b0a5c17997a34ce3bc5a1cc819a38fac.png", "profile_name": "Simon", "profile_subcat": "Detroit: Become Human", "sub_cat_id": 1591, "cat_id": 11, "property_id": 2, "mbti": "ISFJ", "enneatype": "9w1"}], "functions": ["Ni", "Fe", "Ti", "Se"], "systems": [{"hex_color": "#888888", "id": 1, "personality_type": "XXXX", "personality_type_id": 0, "system_name": "Four Letter", "system_vote_count": 438, "user_vote_type_id": 0, "vote_id": 0}, {"hex_color": "#006775", "id": 2, "personality_type": "XXXX", "personality_type_id": 0, "system_name": "Enneagram", "system_vote_count": 185, "user_vote_type_id": 0, "vote_id": 0}, {"hex_color": "#006775", "id": 5, "personality_type": "XXXX", "personality_type_id": 0, "system_name": "Instinctual Variant", "system_vote_count": 41, "user_vote_type_id": 0, "vote_id": 0}, {"hex_color": "#006775", "id": 6, "personality_type": "XXXX", "personality_type_id": 0, "system_name": "Tritype", "system_vote_count": 49, "user_vote_type_id": 0, "vote_id": 0}, {"hex_color": "#888888", "id": 3, "personality_type": "XXXX", "personality_type_id": 0, "system_name": "Socionics", "system_vote_count": 32, "user_vote_type_id": 0, "vote_id": 0}, {"hex_color": "#888888", "id": 9, "personality_type": "XXXX", "personality_type_id": 0, "system_name": "Big 5 (SLOAN)", "system_vote_count": 25, "user_vote_type_id": 0, "vote_id": 0}, {"hex_color": "#888888", "id": 8, "personality_type": "XXXX", "personality_type_id": 0, "system_name": "Attitudinal Psyche", "system_vote_count": 10, "user_vote_type_id": 0, "vote_id": 0}, {"hex_color": "#888888", "id": 7, "personality_type": "XXXX", "personality_type_id": 0, "system_name": "Temperaments", "system_vote_count": 42, "user_vote_type_id": 0, "vote_id": 0}, {"hex_color": "#888888", "id": 11, "personality_type": "XXXX", "personality_type_id": 0, "system_name": "Classic Jungian", "system_vote_count": 5, "user_vote_type_id": 0, "vote_id": 0}], "breakdown_systems": {"1": [{"myValue": "INFJ", "personality_system_id": 1, "personality_type": "INFJ", "theCount": 382}, {"myValue": "ENFJ", "personality_system_id": 1, "personality_type": "ENFJ", "theCount": 38}, {"myValue": "INTJ", "personality_system_id": 1, "personality_type": "INTJ", "theCount": 8}, {"myValue": "INFP", "personality_system_id": 1, "personality_type": "INFP", "theCount": 3}, {"myValue": "ENTJ", "personality_system_id": 1, "personality_type": "ENTJ", "theCount": 2}, {"myValue": "ISFP", "personality_system_id": 1, "personality_type": "ISFP", "theCount": 2}, {"myValue": "ESTP", "personality_system_id": 1, "personality_type": "ESTP", "theCount": 1}, {"myValue": "ISFJ", "personality_system_id": 1, "personality_type": "ISFJ", "theCount": 1}, {"myValue": "ISTP", "personality_system_id": 1, "personality_type": "ISTP", "theCount": 1}], "11": [{"myValue": "EF(N)", "personality_system_id": 11, "personality_type": "EF(N)", "theCount": 5}], "2": [{"myValue": "1w9", "personality_system_id": 2, "personality_type": "1w9", "theCount": 151}, {"myValue": "1w2", "personality_system_id": 2, "personality_type": "1w2", "theCount": 14}, {"myValue": "4w5", "personality_system_id": 2, "personality_type": "4w5", "theCount": 4}, {"myValue": "2w1", "personality_system_id": 2, "personality_type": "2w1", "theCount": 3}, {"myValue": "7w6", "personality_system_id": 2, "personality_type": "7w6", "theCount": 3}, {"myValue": "9w1", "personality_system_id": 2, "personality_type": "9w1", "theCount": 3}, {"myValue": "2w3", "personality_system_id": 2, "personality_type": "2w3", "theCount": 2}, {"myValue": "9w8", "personality_system_id": 2, "personality_type": "9w8", "theCount": 2}, {"myValue": "4w3", "personality_system_id": 2, "personality_type": "4w3", "theCount": 1}, {"myValue": "6w5", "personality_system_id": 2, "personality_type": "6w5", "theCount": 1}, {"myValue": "8w9", "personality_system_id": 2, "personality_type": "8w9", "theCount": 1}], "3": [{"myValue": "EIE", "personality_system_id": 3, "personality_type": "EIE", "theCount": 23}, {"myValue": "IEI", "personality_system_id": 3, "personality_type": "IEI", "theCount": 5}, {"myValue": "LII", "personality_system_id": 3, "personality_type": "LII", "theCount": 2}, {"myValue": "EII", "personality_system_id": 3, "personality_type": "EII", "theCount": 1}, {"myValue": "ESI", "personality_system_id": 3, "personality_type": "ESI", "theCount": 1}], "4": [{"myValue": "Lawful Good", "personality_system_id": 4, "personality_type": "Lawful Good", "theCount": 15}, {"myValue": "Chaotic Good", "personality_system_id": 4, "personality_type": "Chaotic Good", "theCount": 3}], "5": [{"myValue": "so/sx", "personality_system_id": 5, "personality_type": "so/sx", "theCount": 30}, {"myValue": "so/sp", "personality_system_id": 5, "personality_type": "so/sp", "theCount": 6}, {"myValue": "sp/so", "personality_system_id": 5, "personality_type": "sp/so", "theCount": 2}, {"myValue": "sx/so", "personality_system_id": 5, "personality_type": "sx/so", "theCount": 2}, {"myValue": "sp/sx", "personality_system_id": 5, "personality_type": "sp/sx", "theCount": 1}], "6": [{"myValue": "125", "personality_system_id": 6, "personality_type": "125", "theCount": 31}, {"myValue": "145", "personality_system_id": 6, "personality_type": "145", "theCount": 3}, {"myValue": "154", "personality_system_id": 6, "personality_type": "154", "theCount": 3}, {"myValue": "712", "personality_system_id": 6, "personality_type": "712", "theCount": 3}, {"myValue": "126", "personality_system_id": 6, "personality_type": "126", "theCount": 2}, {"myValue": "146", "personality_system_id": 6, "personality_type": "146", "theCount": 1}, {"myValue": "215", "personality_system_id": 6, "personality_type": "215", "theCount": 1}, {"myValue": "268", "personality_system_id": 6, "personality_type": "268", "theCount": 1}, {"myValue": "296", "personality_system_id": 6, "personality_type": "296", "theCount": 1}, {"myValue": "415", "personality_system_id": 6, "personality_type": "415", "theCount": 1}, {"myValue": "468", "personality_system_id": 6, "personality_type": "468", "theCount": 1}, {"myValue": "612", "personality_system_id": 6, "personality_type": "612", "theCount": 1}], "7": [{"myValue": "Phlegmatic [Dominant]", "personality_system_id": 7, "personality_type": "Phlegmatic [Dominant]", "theCount": 26}, {"myValue": "Phlegmatic-Melancholic", "personality_system_id": 7, "personality_type": "Phlegmatic-Melancholic", "theCount": 13}, {"myValue": "Melancholic [Dominant]", "personality_system_id": 7, "personality_type": "Melancholic [Dominant]", "theCount": 1}, {"myValue": "Melancholic-Phlegmatic", "personality_system_id": 7, "personality_type": "Melancholic-Phlegmatic", "theCount": 1}, {"myValue": "Phlegmatic-Choleric", "personality_system_id": 7, "personality_type": "Phlegmatic-Choleric", "theCount": 1}], "8": [{"myValue": "VELF", "personality_system_id": 8, "personality_type": "VELF", "theCount": 7}, {"myValue": "LVEF", "personality_system_id": 8, "personality_type": "LVEF", "theCount": 2}, {"myValue": "EVLF", "personality_system_id": 8, "personality_type": "EVLF", "theCount": 1}], "9": [{"myValue": "SCOAI", "personality_system_id": 9, "personality_type": "SCOAI", "theCount": 18}, {"myValue": "RCOAI", "personality_system_id": 9, "personality_type": "RCOAI", "theCount": 3}, {"myValue": "SCOAN", "personality_system_id": 9, "personality_type": "SCOAN", "theCount": 2}, {"myValue": "RLOAI", "personality_system_id": 9, "personality_type": "RLOAI", "theCount": 1}, {"myValue": "SLOAN", "personality_system_id": 9, "personality_type": "SLOAN", "theCount": 1}]}, "breakdown_config": {"expand": {"1": 3, "11": 1, "2": 3, "3": 1, "4": 1, "5": 1, "6": 1, "7": 1, "8": 1, "9": 1}, "fire": {"1": 0, "11": 0, "2": 0, "3": 0, "4": 0, "5": 0, "6": 0, "7": 0, "8": 0, "9": 0}}, "mbti_letter_stats": [{"type": "I", "percentage": "91%", "PercentageFloat": 0.906392694063927}, {"type": "N", "percentage": "99%", "PercentageFloat": 0.9885844748858448}, {"type": "F", "percentage": "97%", "PercentageFloat": 0.9726027397260274}, {"type": "J", "percentage": "98%", "PercentageFloat": 0.9840182648401826}], "topic_info": {"can_generate": false, "topic": {"description": "Markus\u00a0is a RK200 android and one of the three protagonists of\u00a0Detroit:\u00a0Become Human. He is a domestic android owned by famous\u00a0Detroit\u00a0painter Carl Manfred. When Carl's son Leo attempts to steal his dad's art, Markus steps in at the wrong time, being shot down by police once they arrive. Markus, however, would later come back from the dead, finding and choosing to lead Jericho, a group of deviant androids, to either a peaceful protest or a revengeful revolution.\n\n#DBH #DetroitBecomeHuman", "follow_count": 4, "id": 11378, "is_following": false, "is_join_pending": false, "is_banned": false, "is_moderated": false, "name_readable": "Markus Manfred", "post_count": 24, "source_profile_id": 12318, "source_type": "profile", "join_to_post": false, "can_pin": false, "related_topics": [{"description": "Connor is a RK800 android and one of the three protagonists in Detroit: Become Human. Built as an advanced prototype, he is designed to assist human law enforcement; specifically in investigating cases involving deviant androids. His skills include reconstructing crime scenes, identifying and analyzing every type of model and person there is, and coin flipping from hand to hand with ease.", "follow_count": 3, "id": 109235, "is_following": false, "is_join_pending": false, "is_banned": false, "is_moderated": false, "name_readable": "Machine Connor", "post_count": 27, "source_profile_id": 141183, "source_type": "profile", "image": {"picURL": "https://static1.personality-database.com/profile_images/82a2742f71ff400baf29337e0037e165.png"}, "join_to_post": false, "can_pin": false}, {"description": "Markus\u00a0is a RK200 android and one of the three protagonists of\u00a0Detroit:\u00a0Become Human. He is a domestic android owned by famous\u00a0Detroit\u00a0painter Carl Manfred. When Carl's son Leo attempts to steal his dad's art, Markus steps in at the wrong time, being shot down by police once they arrive. Markus, however, would later come back from the dead, finding and choosing to lead Jericho, a group of deviant androids, to either a peaceful protest or a revengeful revolution.\n\n#DBH #DetroitBecomeHuman", "follow_count": 4, "id": 11378, "is_following": false, "is_join_pending": false, "is_banned": false, "is_moderated": false, "name_readable": "Markus Manfred", "post_count": 24, "source_profile_id": 12318, "source_type": "profile", "image": {"picURL": "https://static1.personality-database.com/profile_images/480ad4a763964ebda79cd7e82e83eb7d.png"}, "join_to_post": false, "can_pin": false}, {"description": "When Connor disobeys his commands to capture Markus, he becomes deviant, turning his back on Cyberlife and Amanda for the greater good. Deviant Conner becomes much more intuitive once he has control over how he thinks and feels, and aids Jericho rather than trying to destroy them.", "follow_count": 6, "id": 11376, "is_following": false, "is_join_pending": false, "is_banned": false, "is_moderated": false, "name_readable": "Deviant Connor", "post_count": 18, "source_profile_id": 12316, "source_type": "profile", "image": {"picURL": "https://static1.personality-database.com/profile_images/3ab2edc99aa448f2920a62b6cac40d56.png"}, "join_to_post": false, "can_pin": false}, {"description": "", "follow_count": 4, "id": 11379, "is_following": false, "is_join_pending": false, "is_banned": false, "is_moderated": false, "name_readable": "Hank Anderson", "post_count": 10, "source_profile_id": 12319, "source_type": "profile", "image": {"picURL": "https://static1.personality-database.com/profile_images/e930a8b43f5d4cae96f29adfccd24a52.png"}, "join_to_post": false, "can_pin": false}, {"description": "", "follow_count": 0, "id": 11770, "is_following": false, "is_join_pending": false, "is_banned": false, "is_moderated": false, "name_readable": "Elijah Kamski", "post_count": 4, "source_profile_id": 12747, "source_type": "profile", "image": {"picURL": "https://static1.personality-database.com/profile_images/15db0e95206c4da9b7f83e5fbce53c2a.png"}, "join_to_post": false, "can_pin": false}, {"description": "Carl\u00a0Manfred is a\u00a0human\u00a0in\u00a0Detroit:\u00a0Become Human. He is a celebrated painter and owner of the RK200 android Markus. He is a paraplegic and seems to have other unnamed medical conditions, so Markus acts as his nurse and assistant. Carl acts like a father to Markus, mostly because his own son, Leo, did not turn out the way Carl intended. Carl teaches Markus that humans are fragile machines, and that nobody can tell him what he can or cannot be.", "follow_count": 0, "id": 11722, "is_following": false, "is_join_pending": false, "is_banned": false, "is_moderated": false, "name_readable": "Carl Manfred", "post_count": 3, "source_profile_id": 12698, "source_type": "profile", "image": {"picURL": "https://static1.personality-database.com/profile_images/fb88470392814514b1434d8820b34816.png"}, "join_to_post": false, "can_pin": false}, {"description": "", "follow_count": 0, "id": 123808, "is_following": false, "is_join_pending": false, "is_banned": false, "is_moderated": false, "name_readable": "RK900", "post_count": 2, "source_profile_id": 159465, "source_type": "profile", "image": {"picURL": "https://static1.personality-database.com/profile_images/6a141091f6d84882abe68389cfcc3e46.png"}, "join_to_post": false, "can_pin": false}, {"description": "", "follow_count": 1, "id": 11442, "is_following": false, "is_join_pending": false, "is_banned": false, "is_moderated": false, "name_readable": "North", "post_count": 2, "source_profile_id": 12392, "source_type": "profile", "image": {"picURL": "https://static1.personality-database.com/profile_images/ea84ff5ac070439e838e2ef18936ce05.png"}, "join_to_post": false, "can_pin": false}, {"description": "Kara\u00a0is an AX400 android and one of the three main protagonists in Detroit: Become Human. She is a common housemaid android who serves in the home of her owner Todd Williams and cares for his daughter Alice. After an altercation where Todd threatens to hurt Alice, Kara becomes deviant and protects Alice from him, taking her and running away from Todd, thus becoming Alice's \"mother\" in the process.\n\n#ISFJHeroes", "follow_count": 1, "id": 11377, "is_following": false, "is_join_pending": false, "is_banned": false, "is_moderated": false, "name_readable": "Kara", "post_count": 1, "source_profile_id": 12317, "source_type": "profile", "image": {"picURL": "https://static1.personality-database.com/profile_images/fc9d85ce296045e3b66f1ab1b95bd042.png"}, "join_to_post": false, "can_pin": false}, {"description": "", "follow_count": 0, "id": 114231, "is_following": false, "is_join_pending": false, "is_banned": false, "is_moderated": false, "name_readable": "Lucy", "post_count": 1, "source_profile_id": 147517, "source_type": "profile", "image": {"picURL": "https://static1.personality-database.com/profile_images/a9ee8110eb324d8c8af1d707ff9b0c25.png"}, "join_to_post": false, "can_pin": false}, {"description": "", "follow_count": 0, "id": 95175, "is_following": false, "is_join_pending": false, "is_banned": false, "is_moderated": false, "name_readable": "Special Agent Perkins", "post_count": 1, "source_profile_id": 121334, "source_type": "profile", "image": {"picURL": "https://static1.personality-database.com/profile_images/3da7785b7bd84a16afbc20fab08a7488.png"}, "join_to_post": false, "can_pin": false}, {"description": "", "follow_count": 0, "id": 14004, "is_following": false, "is_join_pending": false, "is_banned": false, "is_moderated": false, "name_readable": "Daniel", "post_count": 1, "source_profile_id": 15219, "source_type": "profile", "image": {"picURL": "https://static1.personality-database.com/profile_images/f0aab543156646f68af20d8b6be85e82.png"}, "join_to_post": false, "can_pin": false}, {"description": "", "follow_count": 1, "id": 12206, "is_following": false, "is_join_pending": false, "is_banned": false, "is_moderated": false, "name_readable": "Ralph", "post_count": 1, "source_profile_id": 13212, "source_type": "profile", "image": {"picURL": "https://static1.personality-database.com/profile_images/ab2521748ac54c4882026f98aa68b861.png"}, "join_to_post": false, "can_pin": false}, {"description": "", "follow_count": 0, "id": 11720, "is_following": false, "is_join_pending": false, "is_banned": false, "is_moderated": false, "name_readable": "Luther", "post_count": 1, "source_profile_id": 12696, "source_type": "profile", "image": {"picURL": "https://static1.personality-database.com/profile_images/27420cbd92e741a883979631351a1200.png"}, "join_to_post": false, "can_pin": false}, {"description": "", "follow_count": 0, "id": 11718, "is_following": false, "is_join_pending": false, "is_banned": false, "is_moderated": false, "name_readable": "Todd Williams", "post_count": 1, "source_profile_id": 12694, "source_type": "profile", "image": {"picURL": "https://static1.personality-database.com/profile_images/a8fca7da850a43388d41c2b6969d08b7.png"}, "join_to_post": false, "can_pin": false}, {"description": "", "follow_count": 1, "id": 11721, "is_following": false, "is_join_pending": false, "is_banned": false, "is_moderated": false, "name_readable": "Detective Gavin Reed", "post_count": 1, "source_profile_id": 12697, "source_type": "profile", "image": {"picURL": "https://static1.personality-database.com/profile_images/6914702d67b64e25a4408c44946f8d86.png"}, "join_to_post": false, "can_pin": false}], "subcategory": "Detroit: Become Human", "topic_image_url": "https://static1.personality-database.com/profile_images/480ad4a763964ebda79cd7e82e83eb7d.png", "source_location": {"cid": 11, "pid": 2, "sub_cat_id": 1591}, "can_post_image": false, "can_post_audio": false, "posts": {"posts": [{"username": "AilusMind", "user_pic_path": "https://lh3.googleusercontent.com/a-/AOh14GjAuLtOvMaIEvZBJhie-WFf5hwQ2r4xVbymJPu8KA=s96-c", "user_personality_type": "INFJ", "is_mod": false, "comment_count": 0, "reply_count": 0, "vote_type": 0, "topics_list": [{"id": 11378, "name_readable": "Markus Manfred"}], "id": 2118643, "post_id": 2118643, "user_id": 592787, "title": "", "content": "He was my favorite character when I played this game, and now I realize he has the same 4-Letter and Enneagramm as me?! \ud83d\udc41\ufe0f\ud83d\udc44\ud83d\udc41\ufe0fLooove", "create_date": 1672941295000, "unix_timestamp": 1672941295000, "update_date": 1672941295000, "vote_count": 1, "vote_count_down": 0, "is_reported": 1, "is_hidden": false, "is_pinned": false, "is_watching": false, "is_pro_user": false, "images": null, "audios": null, "function_list": [], "type": "post"}, {"username": "Q Man", "user_pic_path": "https://lh3.googleusercontent.com/a-/AOh14GhAsjXAJiPoxgQcd7rhO22j-FNhu-mMvbfKAG_diQ=s96-c", "user_personality_type": "INTP-5w4-592", "is_mod": false, "comment_count": 0, "reply_count": 0, "vote_type": 0, "topics_list": [{"id": 11378, "name_readable": "Markus Manfred"}], "id": 1931895, "post_id": 1931895, "user_id": 600228, "title": "", "content": "Maybe the real jesus was the chaotic hitler we made along the way", "create_date": 1670922305000, "unix_timestamp": 1670922305000, "update_date": 1670922305000, "vote_count": 4, "vote_count_down": 0, "is_reported": 1, "is_hidden": false, "is_pinned": false, "is_watching": false, "is_pro_user": false, "images": null, "audios": null, "function_list": [], "type": "post"}, {"username": "uhhhhhhhhhhhhhh", "user_pic_path": "https://lh3.googleusercontent.com/a/ALm5wu1KEkmGOq9ynWeh1MdoROqzrFV8Xio60EjD4XrYXg=s96-c", "user_personality_type": "ENTP", "is_mod": false, "comment_count": 1, "reply_count": 1, "vote_type": 0, "topics_list": [{"id": 11378, "name_readable": "Markus Manfred"}], "id": 1931804, "post_id": 1931804, "user_id": 1271346, "title": "", "content": "android MLK obviously INFJ also possible robo Hitler path lol", "create_date": 1670068812000, "unix_timestamp": 1670068812000, "update_date": 1670068812000, "vote_count": 6, "vote_count_down": 0, "is_reported": 1, "is_hidden": false, "is_pinned": false, "is_watching": false, "is_pro_user": false, "images": null, "audios": null, "function_list": [], "type": "post"}]}}}}