{"id": 10023, "mbti_profile": "Christine Daa\u00e9", "profile_name_searchable": "christinedaa\u00e9", "allow_commenting": true, "allow_voting": true, "user_id": 1, "contributor": "Kicking Lettuce", "contributor_create_date": "2018-02-14 18:31:23", "contributor_pic_path": "https://lh3.googleusercontent.com/a-/AFdZucrdBMOKLDDI4aEj02a1UJKyINeog4FnWpea5P_8COM=s96-c", "display_order": 995, "edit_lock": 0, "edit_lock_picture": 0, "is_active": true, "is_approved": true, "mbti_enneagram_type": "INFP 9w1", "mbti_type": "INFP 9w1", "pdb_comment_access": true, "pdb_page_owner": 0, "pdb_public_access": true, "wiki_description": "", "watch_count": 200, "comment_count": 7, "vote_count": 153, "vote_count_enneagram": 48, "vote_count_mbti": 153, "total_vote_counts": 260, "personality_type": "INFP - 9w1 - sx/sp - 926 - EII - RCOAI - ELVF - Phlegmatic-Melancholic - IS(F)", "type_updated_date": "2023-01-10 00:03:26", "enneagram_vote": "", "enneagram_vote_id": 0, "mbti_vote": "", "mbti_vote_id": 0, "is_watching": false, "image_exists": false, "profile_image_url": "https://static1.personality-database.com/profile_images/089e180e9c174fc28435af47d8bc57f9.png", "profile_image_credit": "", "profile_image_credit_id": 0, "profile_image_credit_type": "0", "profile_image_credit_url": "", "alt_subcategory": "", "related_subcategories": "", "cat_id": 13, "category": "Theatre", "category_is_fictional": true, "sub_cat_id": 1362, "subcategory": "The Phantom of the Opera", "subcat_link_info": {"sub_cat_id": 1362, "cat_id": 13, "property_id": 2, "subcategory": "The Phantom of the Opera"}, "related_subcat_link_info": null, "related_profiles": [{"id": 10022, "mbti_profile": "The Phantom", "subcategory": "The Phantom of the Opera", "profile_image_url": "https://static1.personality-database.com/profile_images/2f4ef45667374c6e8da1282549ec0a4d.png", "profile_name": "The Phantom", "profile_subcat": "The Phantom of the Opera", "sub_cat_id": 1362, "cat_id": 13, "property_id": 2, "mbti": "INFP", "enneatype": "4w5"}, {"id": 10024, "mbti_profile": "Raoul", "subcategory": "The Phantom of the Opera", "profile_image_url": "https://static1.personality-database.com/profile_images/dfb82c5cfb4d49b8b04821e1a856e03a.png", "profile_name": "Raoul", "profile_subcat": "The Phantom of the Opera", "sub_cat_id": 1362, "cat_id": 13, "property_id": 2, "mbti": "ESFJ", "enneatype": "2w3"}, {"id": 153776, "mbti_profile": "Richard Firmin", "subcategory": "The Phantom of the Opera", "profile_image_url": "https://static1.personality-database.com/profile_images/41673ae725f34cd1a601087dc8723f4d.png", "profile_name": "Richard Firmin", "profile_subcat": "The Phantom of the Opera", "sub_cat_id": 1362, "cat_id": 13, "property_id": 2, "mbti": "ESTP", "enneatype": "9w8"}, {"id": 126396, "mbti_profile": "Meg Giry", "subcategory": "The Phantom of the Opera", "profile_image_url": "https://static1.personality-database.com/profile_images/fc142ca174224fd1b268fdb870d406bb.png", "profile_name": "Meg Giry", "profile_subcat": "The Phantom of the Opera", "sub_cat_id": 1362, "cat_id": 13, "property_id": 2, "mbti": "ENFP", "enneatype": "9w8"}, {"id": 126395, "mbti_profile": "Madame Giry", "subcategory": "The Phantom of the Opera", "profile_image_url": "https://static1.personality-database.com/profile_images/03b7c463f955452c8749b76232295528.png", "profile_name": "Madame Giry", "profile_subcat": "The Phantom of the Opera", "sub_cat_id": 1362, "cat_id": 13, "property_id": 2, "mbti": "ISTJ", "enneatype": "1w9"}, {"id": 11069, "mbti_profile": "Carlotta", "subcategory": "The Phantom of the Opera", "profile_image_url": "https://static1.personality-database.com/profile_images/b6d8c3e1f14f42d69bc36253a3c34657.png", "profile_name": "Carlotta", "profile_subcat": "The Phantom of the Opera", "sub_cat_id": 1362, "cat_id": 13, "property_id": 2, "mbti": "ESTJ", "enneatype": "3w4"}, {"id": 153777, "mbti_profile": "Gilles Andr\u00e9", "subcategory": "The Phantom of the Opera", "profile_image_url": "https://static1.personality-database.com/profile_images/838dc19252064e7782ce3946530ed126.png", "profile_name": "Gilles Andr\u00e9", "profile_subcat": "The Phantom of the Opera", "sub_cat_id": 1362, "cat_id": 13, "property_id": 2, "mbti": "ESTP", "enneatype": "9w8"}, {"id": 126393, "mbti_profile": "Piangi", "subcategory": "The Phantom of the Opera", "profile_image_url": "", "profile_name": "Piangi", "profile_subcat": "The Phantom of the Opera", "sub_cat_id": 1362, "cat_id": 13, "property_id": 2, "mbti": "ESTJ", "enneatype": "8w7"}], "functions": ["Fi", "Ne", "Si", "Te"], "systems": [{"hex_color": "#888888", "id": 1, "personality_type": "XXXX", "personality_type_id": 0, "system_name": "Four Letter", "system_vote_count": 153, "user_vote_type_id": 0, "vote_id": 0}, {"hex_color": "#006775", "id": 2, "personality_type": "XXXX", "personality_type_id": 0, "system_name": "Enneagram", "system_vote_count": 48, "user_vote_type_id": 0, "vote_id": 0}, {"hex_color": "#006775", "id": 5, "personality_type": "XXXX", "personality_type_id": 0, "system_name": "Instinctual Variant", "system_vote_count": 10, "user_vote_type_id": 0, "vote_id": 0}, {"hex_color": "#006775", "id": 6, "personality_type": "XXXX", "personality_type_id": 0, "system_name": "Tritype", "system_vote_count": 11, "user_vote_type_id": 0, "vote_id": 0}, {"hex_color": "#888888", "id": 3, "personality_type": "XXXX", "personality_type_id": 0, "system_name": "Socionics", "system_vote_count": 11, "user_vote_type_id": 0, "vote_id": 0}, {"hex_color": "#888888", "id": 9, "personality_type": "XXXX", "personality_type_id": 0, "system_name": "Big 5 (SLOAN)", "system_vote_count": 7, "user_vote_type_id": 0, "vote_id": 0}, {"hex_color": "#888888", "id": 8, "personality_type": "XXXX", "personality_type_id": 0, "system_name": "Attitudinal Psyche", "system_vote_count": 5, "user_vote_type_id": 0, "vote_id": 0}, {"hex_color": "#888888", "id": 7, "personality_type": "XXXX", "personality_type_id": 0, "system_name": "Temperaments", "system_vote_count": 10, "user_vote_type_id": 0, "vote_id": 0}, {"hex_color": "#888888", "id": 11, "personality_type": "XXXX", "personality_type_id": 0, "system_name": "Classic Jungian", "system_vote_count": 2, "user_vote_type_id": 0, "vote_id": 0}], "breakdown_systems": {"1": [{"myValue": "INFP", "personality_system_id": 1, "personality_type": "INFP", "theCount": 79}, {"myValue": "ISFJ", "personality_system_id": 1, "personality_type": "ISFJ", "theCount": 61}, {"myValue": "INFJ", "personality_system_id": 1, "personality_type": "INFJ", "theCount": 7}, {"myValue": "ENFP", "personality_system_id": 1, "personality_type": "ENFP", "theCount": 3}, {"myValue": "ISFP", "personality_system_id": 1, "personality_type": "ISFP", "theCount": 3}], "11": [{"myValue": "IN(F)", "personality_system_id": 11, "personality_type": "IN(F)", "theCount": 1}, {"myValue": "IS(F)", "personality_system_id": 11, "personality_type": "IS(F)", "theCount": 1}], "2": [{"myValue": "9w1", "personality_system_id": 2, "personality_type": "9w1", "theCount": 44}, {"myValue": "6w7", "personality_system_id": 2, "personality_type": "6w7", "theCount": 3}, {"myValue": "2w3", "personality_system_id": 2, "personality_type": "2w3", "theCount": 1}], "3": [{"myValue": "EII", "personality_system_id": 3, "personality_type": "EII", "theCount": 9}, {"myValue": "IEI", "personality_system_id": 3, "personality_type": "IEI", "theCount": 2}], "4": [{"myValue": "Lawful Good", "personality_system_id": 4, "personality_type": "Lawful Good", "theCount": 2}, {"myValue": "Neutral Good", "personality_system_id": 4, "personality_type": "Neutral Good", "theCount": 1}], "5": [{"myValue": "sx/sp", "personality_system_id": 5, "personality_type": "sx/sp", "theCount": 6}, {"myValue": "sx/so", "personality_system_id": 5, "personality_type": "sx/so", "theCount": 2}, {"myValue": "so/sp", "personality_system_id": 5, "personality_type": "so/sp", "theCount": 1}, {"myValue": "sp/so", "personality_system_id": 5, "personality_type": "sp/so", "theCount": 1}], "6": [{"myValue": "926", "personality_system_id": 6, "personality_type": "926", "theCount": 10}, {"myValue": "946", "personality_system_id": 6, "personality_type": "946", "theCount": 1}], "7": [{"myValue": "Phlegmatic-Melancholic", "personality_system_id": 7, "personality_type": "Phlegmatic-Melancholic", "theCount": 7}, {"myValue": "Phlegmatic [Dominant]", "personality_system_id": 7, "personality_type": "Phlegmatic [Dominant]", "theCount": 3}], "8": [{"myValue": "ELVF", "personality_system_id": 8, "personality_type": "ELVF", "theCount": 3}, {"myValue": "LEFV", "personality_system_id": 8, "personality_type": "LEFV", "theCount": 1}, {"myValue": "LEVF", "personality_system_id": 8, "personality_type": "LEVF", "theCount": 1}], "9": [{"myValue": "RCOAI", "personality_system_id": 9, "personality_type": "RCOAI", "theCount": 6}, {"myValue": "RLOAI", "personality_system_id": 9, "personality_type": "RLOAI", "theCount": 1}]}, "breakdown_config": {"expand": {"1": 3, "11": 1, "2": 3, "3": 1, "4": 1, "5": 1, "6": 1, "7": 1, "8": 1, "9": 1}, "fire": {"1": 1, "11": 0, "2": 0, "3": 0, "4": 0, "5": 0, "6": 0, "7": 0, "8": 0, "9": 0}}, "mbti_letter_stats": [{"type": "I", "percentage": "98%", "PercentageFloat": 0.9803921568627451}, {"type": "N", "percentage": "58%", "PercentageFloat": 0.5816993464052288}, {"type": "F", "percentage": "100%", "PercentageFloat": 1}, {"type": "P", "percentage": "56%", "PercentageFloat": 0.5555555555555556}], "topic_info": {"can_generate": false, "topic": {"description": "", "follow_count": 0, "id": 9358, "is_following": false, "is_join_pending": false, "is_banned": false, "is_moderated": false, "name_readable": "Christine Daa\u00e9", "post_count": 1, "source_profile_id": 10023, "source_type": "profile", "join_to_post": false, "can_pin": false, "related_topics": [{"description": "", "follow_count": 2, "id": 9357, "is_following": false, "is_join_pending": false, "is_banned": false, "is_moderated": false, "name_readable": "The Phantom", "post_count": 3, "source_profile_id": 10022, "source_type": "profile", "image": {"picURL": "https://static1.personality-database.com/profile_images/2f4ef45667374c6e8da1282549ec0a4d.png"}, "join_to_post": false, "can_pin": false}, {"description": "", "follow_count": 0, "id": 9358, "is_following": false, "is_join_pending": false, "is_banned": false, "is_moderated": false, "name_readable": "Christine Daa\u00e9", "post_count": 1, "source_profile_id": 10023, "source_type": "profile", "image": {"picURL": "https://static1.personality-database.com/profile_images/089e180e9c174fc28435af47d8bc57f9.png"}, "join_to_post": false, "can_pin": false}, {"description": "", "follow_count": 0, "id": 9359, "is_following": false, "is_join_pending": false, "is_banned": false, "is_moderated": false, "name_readable": "Raoul", "post_count": 0, "source_profile_id": 10024, "source_type": "profile", "image": {"picURL": "https://static1.personality-database.com/profile_images/dfb82c5cfb4d49b8b04821e1a856e03a.png"}, "join_to_post": false, "can_pin": false}, {"description": "", "follow_count": 0, "id": 10332, "is_following": false, "is_join_pending": false, "is_banned": false, "is_moderated": false, "name_readable": "Carlotta", "post_count": 0, "source_profile_id": 11069, "source_type": "profile", "image": {"picURL": "https://static1.personality-database.com/profile_images/b6d8c3e1f14f42d69bc36253a3c34657.png"}, "join_to_post": false, "can_pin": false}, {"description": "", "follow_count": 0, "id": 98837, "is_following": false, "is_join_pending": false, "is_banned": false, "is_moderated": false, "name_readable": "Piangi", "post_count": 0, "source_profile_id": 126393, "source_type": "profile", "image": {"picURL": "https://www.personality-database.com/images/profile_transparent.png"}, "join_to_post": false, "can_pin": false}, {"description": "", "follow_count": 0, "id": 98838, "is_following": false, "is_join_pending": false, "is_banned": false, "is_moderated": false, "name_readable": "Madame Giry", "post_count": 0, "source_profile_id": 126395, "source_type": "profile", "image": {"picURL": "https://static1.personality-database.com/profile_images/03b7c463f955452c8749b76232295528.png"}, "join_to_post": false, "can_pin": false}, {"description": "", "follow_count": 0, "id": 98839, "is_following": false, "is_join_pending": false, "is_banned": false, "is_moderated": false, "name_readable": "Meg Giry", "post_count": 0, "source_profile_id": 126396, "source_type": "profile", "image": {"picURL": "https://static1.personality-database.com/profile_images/fc142ca174224fd1b268fdb870d406bb.png"}, "join_to_post": false, "can_pin": false}, {"description": "", "follow_count": 0, "id": 119098, "is_following": false, "is_join_pending": false, "is_banned": false, "is_moderated": false, "name_readable": "Richard Firmin", "post_count": 0, "source_profile_id": 153776, "source_type": "profile", "image": {"picURL": "https://static1.personality-database.com/profile_images/41673ae725f34cd1a601087dc8723f4d.png"}, "join_to_post": false, "can_pin": false}, {"description": "", "follow_count": 0, "id": 119099, "is_following": false, "is_join_pending": false, "is_banned": false, "is_moderated": false, "name_readable": "Gilles Andr\u00e9", "post_count": 0, "source_profile_id": 153777, "source_type": "profile", "image": {"picURL": "https://static1.personality-database.com/profile_images/838dc19252064e7782ce3946530ed126.png"}, "join_to_post": false, "can_pin": false}], "subcategory": "The Phantom of the Opera", "topic_image_url": "https://static1.personality-database.com/profile_images/089e180e9c174fc28435af47d8bc57f9.png", "source_location": {"cid": 13, "pid": 2, "sub_cat_id": 1362}, "can_post_image": false, "can_post_audio": false, "posts": {"posts": [{"username": "menheragirl", "user_pic_path": "https://static1.personality-database.com/user_avatars/862357/2053ea48-bef0-4486-816b-b2a8f9d64b6b_small.jpeg", "user_personality_type": "INFP-9w1-925", "is_mod": false, "comment_count": 0, "reply_count": 0, "vote_type": 0, "topics_list": [{"id": 9358, "name_readable": "Christine Daa\u00e9"}], "id": 1604705, "post_id": 1604705, "user_id": 862357, "title": "We have the same exact personality ", "content": "Now.. I am honored.", "create_date": 1666664590000, "unix_timestamp": 1666664590000, "update_date": 1666664590000, "vote_count": 0, "vote_count_down": 0, "is_reported": 0, "is_hidden": false, "is_pinned": false, "is_watching": false, "is_pro_user": false, "images": null, "audios": null, "function_list": [], "type": "post"}]}}}}