{"id": 10022, "mbti_profile": "The Phantom", "profile_name_searchable": "thephantom", "allow_commenting": true, "allow_voting": true, "user_id": 1, "contributor": "Kicking Lettuce", "contributor_create_date": "2018-02-14 18:31:23", "contributor_pic_path": "https://lh3.googleusercontent.com/a-/AFdZucrdBMOKLDDI4aEj02a1UJKyINeog4FnWpea5P_8COM=s96-c", "display_order": 1000, "edit_lock": 0, "edit_lock_picture": 0, "is_active": true, "is_approved": true, "mbti_enneagram_type": "INFP 4w5", "mbti_type": "INFP 4w5", "pdb_comment_access": true, "pdb_page_owner": 0, "pdb_public_access": true, "wiki_description": "", "watch_count": 564, "comment_count": 57, "vote_count": 241, "vote_count_enneagram": 117, "vote_count_mbti": 241, "total_vote_counts": 510, "personality_type": "INFP - 4w5 - sx/sp - 458 - RLOEI - EFVL - Melancholic-Choleric - IN(F)", "type_updated_date": "2022-11-27 13:43:58", "enneagram_vote": "", "enneagram_vote_id": 0, "mbti_vote": "", "mbti_vote_id": 0, "is_watching": false, "image_exists": false, "profile_image_url": "https://static1.personality-database.com/profile_images/2f4ef45667374c6e8da1282549ec0a4d.png", "profile_image_credit": "", "profile_image_credit_id": 0, "profile_image_credit_type": "0", "profile_image_credit_url": "", "alt_subcategory": "", "related_subcategories": "", "cat_id": 13, "category": "Theatre", "category_is_fictional": true, "sub_cat_id": 1362, "subcategory": "The Phantom of the Opera", "subcat_link_info": {"sub_cat_id": 1362, "cat_id": 13, "property_id": 2, "subcategory": "The Phantom of the Opera"}, "related_subcat_link_info": null, "related_profiles": [{"id": 10023, "mbti_profile": "Christine Daa\u00e9", "subcategory": "The Phantom of the Opera", "profile_image_url": "https://static1.personality-database.com/profile_images/089e180e9c174fc28435af47d8bc57f9.png", "profile_name": "Christine Daa\u00e9", "profile_subcat": "The Phantom of the Opera", "sub_cat_id": 1362, "cat_id": 13, "property_id": 2, "mbti": "INFP", "enneatype": "9w1"}, {"id": 10024, "mbti_profile": "Raoul", "subcategory": "The Phantom of the Opera", "profile_image_url": "https://static1.personality-database.com/profile_images/dfb82c5cfb4d49b8b04821e1a856e03a.png", "profile_name": "Raoul", "profile_subcat": "The Phantom of the Opera", "sub_cat_id": 1362, "cat_id": 13, "property_id": 2, "mbti": "ESFJ", "enneatype": "2w3"}, {"id": 153776, "mbti_profile": "Richard Firmin", "subcategory": "The Phantom of the Opera", "profile_image_url": "https://static1.personality-database.com/profile_images/41673ae725f34cd1a601087dc8723f4d.png", "profile_name": "Richard Firmin", "profile_subcat": "The Phantom of the Opera", "sub_cat_id": 1362, "cat_id": 13, "property_id": 2, "mbti": "ESTP", "enneatype": "9w8"}, {"id": 126396, "mbti_profile": "Meg Giry", "subcategory": "The Phantom of the Opera", "profile_image_url": "https://static1.personality-database.com/profile_images/fc142ca174224fd1b268fdb870d406bb.png", "profile_name": "Meg Giry", "profile_subcat": "The Phantom of the Opera", "sub_cat_id": 1362, "cat_id": 13, "property_id": 2, "mbti": "ENFP", "enneatype": "9w8"}, {"id": 126395, "mbti_profile": "Madame Giry", "subcategory": "The Phantom of the Opera", "profile_image_url": "https://static1.personality-database.com/profile_images/03b7c463f955452c8749b76232295528.png", "profile_name": "Madame Giry", "profile_subcat": "The Phantom of the Opera", "sub_cat_id": 1362, "cat_id": 13, "property_id": 2, "mbti": "ISTJ", "enneatype": "1w9"}, {"id": 11069, "mbti_profile": "Carlotta", "subcategory": "The Phantom of the Opera", "profile_image_url": "https://static1.personality-database.com/profile_images/b6d8c3e1f14f42d69bc36253a3c34657.png", "profile_name": "Carlotta", "profile_subcat": "The Phantom of the Opera", "sub_cat_id": 1362, "cat_id": 13, "property_id": 2, "mbti": "ESTJ", "enneatype": "3w4"}, {"id": 153777, "mbti_profile": "Gilles Andr\u00e9", "subcategory": "The Phantom of the Opera", "profile_image_url": "https://static1.personality-database.com/profile_images/838dc19252064e7782ce3946530ed126.png", "profile_name": "Gilles Andr\u00e9", "profile_subcat": "The Phantom of the Opera", "sub_cat_id": 1362, "cat_id": 13, "property_id": 2, "mbti": "ESTP", "enneatype": "9w8"}, {"id": 126393, "mbti_profile": "Piangi", "subcategory": "The Phantom of the Opera", "profile_image_url": "", "profile_name": "Piangi", "profile_subcat": "The Phantom of the Opera", "sub_cat_id": 1362, "cat_id": 13, "property_id": 2, "mbti": "ESTJ", "enneatype": "8w7"}], "functions": ["Fi", "Ne", "Si", "Te"], "systems": [{"hex_color": "#888888", "id": 1, "personality_type": "XXXX", "personality_type_id": 0, "system_name": "Four Letter", "system_vote_count": 239, "user_vote_type_id": 0, "vote_id": 0}, {"hex_color": "#006775", "id": 2, "personality_type": "XXXX", "personality_type_id": 0, "system_name": "Enneagram", "system_vote_count": 117, "user_vote_type_id": 0, "vote_id": 0}, {"hex_color": "#006775", "id": 5, "personality_type": "XXXX", "personality_type_id": 0, "system_name": "Instinctual Variant", "system_vote_count": 39, "user_vote_type_id": 0, "vote_id": 0}, {"hex_color": "#006775", "id": 6, "personality_type": "XXXX", "personality_type_id": 0, "system_name": "Tritype", "system_vote_count": 28, "user_vote_type_id": 0, "vote_id": 0}, {"hex_color": "#888888", "id": 3, "personality_type": "XXXX", "personality_type_id": 0, "system_name": "Socionics", "system_vote_count": 17, "user_vote_type_id": 0, "vote_id": 0}, {"hex_color": "#888888", "id": 9, "personality_type": "XXXX", "personality_type_id": 0, "system_name": "Big 5 (SLOAN)", "system_vote_count": 16, "user_vote_type_id": 0, "vote_id": 0}, {"hex_color": "#888888", "id": 8, "personality_type": "XXXX", "personality_type_id": 0, "system_name": "Attitudinal Psyche", "system_vote_count": 7, "user_vote_type_id": 0, "vote_id": 0}, {"hex_color": "#888888", "id": 7, "personality_type": "XXXX", "personality_type_id": 0, "system_name": "Temperaments", "system_vote_count": 36, "user_vote_type_id": 0, "vote_id": 0}, {"hex_color": "#888888", "id": 11, "personality_type": "XXXX", "personality_type_id": 0, "system_name": "Classic Jungian", "system_vote_count": 3, "user_vote_type_id": 0, "vote_id": 0}], "breakdown_systems": {"1": [{"myValue": "INFP", "personality_system_id": 1, "personality_type": "INFP", "theCount": 132}, {"myValue": "INTJ", "personality_system_id": 1, "personality_type": "INTJ", "theCount": 81}, {"myValue": "INFJ", "personality_system_id": 1, "personality_type": "INFJ", "theCount": 20}, {"myValue": "INTP", "personality_system_id": 1, "personality_type": "INTP", "theCount": 2}, {"myValue": "ENTJ", "personality_system_id": 1, "personality_type": "ENTJ", "theCount": 1}, {"myValue": "ENTP", "personality_system_id": 1, "personality_type": "ENTP", "theCount": 1}, {"myValue": "ESFJ", "personality_system_id": 1, "personality_type": "ESFJ", "theCount": 1}, {"myValue": "ISFP", "personality_system_id": 1, "personality_type": "ISFP", "theCount": 1}], "11": [{"myValue": "IN(F)", "personality_system_id": 11, "personality_type": "IN(F)", "theCount": 3}], "2": [{"myValue": "4w5", "personality_system_id": 2, "personality_type": "4w5", "theCount": 109}, {"myValue": "5w4", "personality_system_id": 2, "personality_type": "5w4", "theCount": 4}, {"myValue": "4w3", "personality_system_id": 2, "personality_type": "4w3", "theCount": 2}, {"myValue": "5w6", "personality_system_id": 2, "personality_type": "5w6", "theCount": 1}, {"myValue": "6w5", "personality_system_id": 2, "personality_type": "6w5", "theCount": 1}], "3": [{"myValue": "IEI", "personality_system_id": 3, "personality_type": "IEI", "theCount": 9}, {"myValue": "EIE", "personality_system_id": 3, "personality_type": "EIE", "theCount": 8}], "4": [{"myValue": "Chaotic Neutral", "personality_system_id": 4, "personality_type": "Chaotic Neutral", "theCount": 6}, {"myValue": "Neutral Evil", "personality_system_id": 4, "personality_type": "Neutral Evil", "theCount": 2}], "5": [{"myValue": "sx/sp", "personality_system_id": 5, "personality_type": "sx/sp", "theCount": 35}, {"myValue": "sp/sx", "personality_system_id": 5, "personality_type": "sp/sx", "theCount": 2}, {"myValue": "sx/so", "personality_system_id": 5, "personality_type": "sx/so", "theCount": 2}], "6": [{"myValue": "458", "personality_system_id": 6, "personality_type": "458", "theCount": 21}, {"myValue": "485", "personality_system_id": 6, "personality_type": "485", "theCount": 4}, {"myValue": "451", "personality_system_id": 6, "personality_type": "451", "theCount": 1}, {"myValue": "548", "personality_system_id": 6, "personality_type": "548", "theCount": 1}, {"myValue": "648", "personality_system_id": 6, "personality_type": "648", "theCount": 1}], "7": [{"myValue": "Melancholic-Choleric", "personality_system_id": 7, "personality_type": "Melancholic-Choleric", "theCount": 31}, {"myValue": "Choleric-Melancholic", "personality_system_id": 7, "personality_type": "Choleric-Melancholic", "theCount": 2}, {"myValue": "Melancholic [Dominant]", "personality_system_id": 7, "personality_type": "Melancholic [Dominant]", "theCount": 2}, {"myValue": "Choleric [Dominant]", "personality_system_id": 7, "personality_type": "Choleric [Dominant]", "theCount": 1}], "8": [{"myValue": "EFVL", "personality_system_id": 8, "personality_type": "EFVL", "theCount": 5}, {"myValue": "EFLV", "personality_system_id": 8, "personality_type": "EFLV", "theCount": 1}, {"myValue": "EVLF", "personality_system_id": 8, "personality_type": "EVLF", "theCount": 1}], "9": [{"myValue": "RLOEI", "personality_system_id": 9, "personality_type": "RLOEI", "theCount": 13}, {"myValue": "RLUEI", "personality_system_id": 9, "personality_type": "RLUEI", "theCount": 3}]}, "breakdown_config": {"expand": {"1": 3, "11": 1, "2": 3, "3": 1, "4": 1, "5": 1, "6": 1, "7": 1, "8": 1, "9": 1}, "fire": {"1": 1, "11": 0, "2": 0, "3": 0, "4": 0, "5": 0, "6": 0, "7": 0, "8": 0, "9": 0}}, "mbti_letter_stats": [{"type": "I", "percentage": "99%", "PercentageFloat": 0.9874476987447699}, {"type": "N", "percentage": "99%", "PercentageFloat": 0.9916317991631799}, {"type": "F", "percentage": "64%", "PercentageFloat": 0.6443514644351465}, {"type": "P", "percentage": "57%", "PercentageFloat": 0.5690376569037657}], "topic_info": {"can_generate": false, "topic": {"description": "", "follow_count": 2, "id": 9357, "is_following": false, "is_join_pending": false, "is_banned": false, "is_moderated": false, "name_readable": "The Phantom", "post_count": 3, "source_profile_id": 10022, "source_type": "profile", "join_to_post": false, "can_pin": false, "related_topics": [{"description": "", "follow_count": 2, "id": 9357, "is_following": false, "is_join_pending": false, "is_banned": false, "is_moderated": false, "name_readable": "The Phantom", "post_count": 3, "source_profile_id": 10022, "source_type": "profile", "image": {"picURL": "https://static1.personality-database.com/profile_images/2f4ef45667374c6e8da1282549ec0a4d.png"}, "join_to_post": false, "can_pin": false}, {"description": "", "follow_count": 0, "id": 9358, "is_following": false, "is_join_pending": false, "is_banned": false, "is_moderated": false, "name_readable": "Christine Daa\u00e9", "post_count": 1, "source_profile_id": 10023, "source_type": "profile", "image": {"picURL": "https://static1.personality-database.com/profile_images/089e180e9c174fc28435af47d8bc57f9.png"}, "join_to_post": false, "can_pin": false}, {"description": "", "follow_count": 0, "id": 9359, "is_following": false, "is_join_pending": false, "is_banned": false, "is_moderated": false, "name_readable": "Raoul", "post_count": 0, "source_profile_id": 10024, "source_type": "profile", "image": {"picURL": "https://static1.personality-database.com/profile_images/dfb82c5cfb4d49b8b04821e1a856e03a.png"}, "join_to_post": false, "can_pin": false}, {"description": "", "follow_count": 0, "id": 10332, "is_following": false, "is_join_pending": false, "is_banned": false, "is_moderated": false, "name_readable": "Carlotta", "post_count": 0, "source_profile_id": 11069, "source_type": "profile", "image": {"picURL": "https://static1.personality-database.com/profile_images/b6d8c3e1f14f42d69bc36253a3c34657.png"}, "join_to_post": false, "can_pin": false}, {"description": "", "follow_count": 0, "id": 98837, "is_following": false, "is_join_pending": false, "is_banned": false, "is_moderated": false, "name_readable": "Piangi", "post_count": 0, "source_profile_id": 126393, "source_type": "profile", "image": {"picURL": "https://www.personality-database.com/images/profile_transparent.png"}, "join_to_post": false, "can_pin": false}, {"description": "", "follow_count": 0, "id": 98838, "is_following": false, "is_join_pending": false, "is_banned": false, "is_moderated": false, "name_readable": "Madame Giry", "post_count": 0, "source_profile_id": 126395, "source_type": "profile", "image": {"picURL": "https://static1.personality-database.com/profile_images/03b7c463f955452c8749b76232295528.png"}, "join_to_post": false, "can_pin": false}, {"description": "", "follow_count": 0, "id": 98839, "is_following": false, "is_join_pending": false, "is_banned": false, "is_moderated": false, "name_readable": "Meg Giry", "post_count": 0, "source_profile_id": 126396, "source_type": "profile", "image": {"picURL": "https://static1.personality-database.com/profile_images/fc142ca174224fd1b268fdb870d406bb.png"}, "join_to_post": false, "can_pin": false}, {"description": "", "follow_count": 0, "id": 119098, "is_following": false, "is_join_pending": false, "is_banned": false, "is_moderated": false, "name_readable": "Richard Firmin", "post_count": 0, "source_profile_id": 153776, "source_type": "profile", "image": {"picURL": "https://static1.personality-database.com/profile_images/41673ae725f34cd1a601087dc8723f4d.png"}, "join_to_post": false, "can_pin": false}, {"description": "", "follow_count": 0, "id": 119099, "is_following": false, "is_join_pending": false, "is_banned": false, "is_moderated": false, "name_readable": "Gilles Andr\u00e9", "post_count": 0, "source_profile_id": 153777, "source_type": "profile", "image": {"picURL": "https://static1.personality-database.com/profile_images/838dc19252064e7782ce3946530ed126.png"}, "join_to_post": false, "can_pin": false}], "subcategory": "The Phantom of the Opera", "topic_image_url": "https://static1.personality-database.com/profile_images/2f4ef45667374c6e8da1282549ec0a4d.png", "source_location": {"cid": 13, "pid": 2, "sub_cat_id": 1362}, "can_post_image": false, "can_post_audio": false, "posts": {"posts": [{"username": "menheragirl", "user_pic_path": "https://static1.personality-database.com/user_avatars/862357/2053ea48-bef0-4486-816b-b2a8f9d64b6b_small.jpeg", "user_personality_type": "INFP-9w1-925", "is_mod": false, "comment_count": 0, "reply_count": 0, "vote_type": 0, "topics_list": [{"id": 9357, "name_readable": "The Phantom"}], "id": 1896180, "post_id": 1896180, "user_id": 862357, "title": "As an infp myself", "content": "He just can\u2019t be one\u2026 impossible.. very much a INTJ in a dark mindset..", "create_date": 1670535984000, "unix_timestamp": 1670535984000, "update_date": 1670535984000, "vote_count": 1, "vote_count_down": 0, "is_reported": 0, "is_hidden": false, "is_pinned": false, "is_watching": false, "is_pro_user": false, "images": null, "audios": null, "function_list": [], "type": "post"}, {"username": "alexkea", "user_pic_path": "https://static1.personality-database.com/user_avatars/138224/42b56d04-147e-40a3-9d83-85253497f4bc.jpeg", "user_personality_type": "ISTP-6w5-614", "is_mod": false, "comment_count": 0, "reply_count": 0, "vote_type": 0, "topics_list": [{"id": 9357, "name_readable": "The Phantom"}], "id": 1404573, "post_id": 1404573, "user_id": 138224, "title": "", "content": "most handsome INTJ", "create_date": 1664194424000, "unix_timestamp": 1664194424000, "update_date": 1664194424000, "vote_count": 1, "vote_count_down": 0, "is_reported": 0, "is_hidden": false, "is_pinned": false, "is_watching": false, "is_pro_user": false, "images": null, "audios": null, "function_list": [], "type": "post"}, {"username": "blorbohead", "user_pic_path": "https://static1.personality-database.com/user_avatars/880660/f187fed6-e574-4abd-a9ea-cd68d2d43c35.jpeg", "user_personality_type": "INTJ-1w9-153", "is_mod": false, "comment_count": 0, "reply_count": 0, "vote_type": 0, "topics_list": [{"id": 9357, "name_readable": "The Phantom"}], "id": 1404305, "post_id": 1404305, "user_id": 880660, "title": "", "content": "well at least we can all agree that he has a 4 somewhere in his enneagram", "create_date": 1664190139000, "unix_timestamp": 1664190139000, "update_date": 1664190139000, "vote_count": 1, "vote_count_down": 0, "is_reported": 0, "is_hidden": false, "is_pinned": false, "is_watching": false, "is_pro_user": false, "images": null, "audios": null, "function_list": [], "type": "post"}]}}}}