{"id": 100713, "mbti_profile": "Emmett Forrest", "profile_name_searchable": "emmettforrest", "allow_commenting": true, "allow_voting": true, "user_id": 23963, "contributor": "wizard_pendragon", "contributor_create_date": "2020-02-22 03:53:07", "contributor_pic_path": "https://lh3.googleusercontent.com/a/AATXAJwonZMjb3troJiFKBaQ9Uw-AAO1B9SwP6JD_9RD=s96-c", "display_order": 0, "edit_lock": 0, "edit_lock_picture": 0, "is_active": true, "is_approved": true, "mbti_enneagram_type": "INTJ 3w4", "mbti_type": "INTJ 3w4", "pdb_comment_access": true, "pdb_page_owner": 0, "pdb_public_access": true, "wiki_description": "", "watch_count": 30, "comment_count": 4, "vote_count": 46, "vote_count_enneagram": 25, "vote_count_mbti": 46, "total_vote_counts": 102, "personality_type": "INTJ - 3w4 - sp/sx - 361 - LIE - RCOAI - VLFE - Phlegmatic-Choleric", "type_updated_date": "2022-12-10 20:30:52", "enneagram_vote": "", "enneagram_vote_id": 0, "mbti_vote": "", "mbti_vote_id": 0, "is_watching": false, "image_exists": false, "profile_image_url": "https://static1.personality-database.com/profile_images/fea6232195a043e4adb61e8d23da3977.png", "profile_image_credit": "", "profile_image_credit_id": 113440, "profile_image_credit_type": "0", "profile_image_credit_url": "", "alt_subcategory": "", "related_subcategories": "", "cat_id": 13, "category": "Theatre", "category_is_fictional": true, "sub_cat_id": 5435, "subcategory": "Legally Blonde (Musical)", "subcat_link_info": {"sub_cat_id": 5435, "cat_id": 13, "property_id": 2, "subcategory": "Legally Blonde (Musical)"}, "related_subcat_link_info": null, "related_profiles": [{"id": 64904, "mbti_profile": "Elle Woods", "subcategory": "Legally Blonde (Musical)", "profile_image_url": "https://static1.personality-database.com/profile_images/802891825f944d09a75c309e1e16e9b6.png", "profile_name": "Elle Woods", "profile_subcat": "Legally Blonde (Musical)", "sub_cat_id": 5435, "cat_id": 13, "property_id": 2, "mbti": "ENFP", "enneatype": "2w3"}, {"id": 114245, "mbti_profile": "Callahan", "subcategory": "Legally Blonde (Musical)", "profile_image_url": "https://static1.personality-database.com/profile_images/cbbc90a6f5c74983a928b0c0ad1d8257.png", "profile_name": "Callahan", "profile_subcat": "Legally Blonde (Musical)", "sub_cat_id": 5435, "cat_id": 13, "property_id": 2, "mbti": "ESTJ", "enneatype": "8w9"}, {"id": 114249, "mbti_profile": "Serena", "subcategory": "Legally Blonde (Musical)", "profile_image_url": "", "profile_name": "Serena", "profile_subcat": "Legally Blonde (Musical)", "sub_cat_id": 5435, "cat_id": 13, "property_id": 2, "mbti": "ESFP", "enneatype": ""}, {"id": 302695, "mbti_profile": "Greek Chorus", "subcategory": "Legally Blonde (Musical)", "profile_image_url": "https://static1.personality-database.com/profile_images/803645ebf35b4acd8be8d139b172a866.png", "profile_name": "Greek Chorus", "profile_subcat": "Legally Blonde (Musical)", "sub_cat_id": 5435, "cat_id": 13, "property_id": 2, "mbti": "ESFJ", "enneatype": "2w3"}, {"id": 114246, "mbti_profile": "Vivienne", "subcategory": "Legally Blonde (Musical)", "profile_image_url": "https://static1.personality-database.com/profile_images/1afb4f7dbed345c9b5c59ffe52facd3e.png", "profile_name": "Vivienne", "profile_subcat": "Legally Blonde (Musical)", "sub_cat_id": 5435, "cat_id": 13, "property_id": 2, "mbti": "ESTJ", "enneatype": "8w9"}, {"id": 114252, "mbti_profile": "Warner", "subcategory": "Legally Blonde (Musical)", "profile_image_url": "https://static1.personality-database.com/profile_images/83326c984ccb462ea62b1a355c38c6bc.png", "profile_name": "Warner", "profile_subcat": "Legally Blonde (Musical)", "sub_cat_id": 5435, "cat_id": 13, "property_id": 2, "mbti": "ESTP", "enneatype": "3w4"}, {"id": 114253, "mbti_profile": "Paulette", "subcategory": "Legally Blonde (Musical)", "profile_image_url": "https://static1.personality-database.com/profile_images/46b36da225e2414ebe2054fa13c39111.png", "profile_name": "Paulette", "profile_subcat": "Legally Blonde (Musical)", "sub_cat_id": 5435, "cat_id": 13, "property_id": 2, "mbti": "ESFJ", "enneatype": "2w1"}, {"id": 114247, "mbti_profile": "Brooke", "subcategory": "Legally Blonde (Musical)", "profile_image_url": "https://static1.personality-database.com/profile_images/b228a29d32c04434a28e2d1500de2767.png", "profile_name": "Brooke", "profile_subcat": "Legally Blonde (Musical)", "sub_cat_id": 5435, "cat_id": 13, "property_id": 2, "mbti": "ESFP", "enneatype": "3w2"}], "functions": ["Ni", "Te", "Fi", "Se"], "systems": [{"hex_color": "#888888", "id": 1, "personality_type": "XXXX", "personality_type_id": 0, "system_name": "Four Letter", "system_vote_count": 46, "user_vote_type_id": 0, "vote_id": 0}, {"hex_color": "#006775", "id": 2, "personality_type": "XXXX", "personality_type_id": 0, "system_name": "Enneagram", "system_vote_count": 25, "user_vote_type_id": 0, "vote_id": 0}, {"hex_color": "#006775", "id": 5, "personality_type": "XXXX", "personality_type_id": 0, "system_name": "Instinctual Variant", "system_vote_count": 11, "user_vote_type_id": 0, "vote_id": 0}, {"hex_color": "#006775", "id": 6, "personality_type": "XXXX", "personality_type_id": 0, "system_name": "Tritype", "system_vote_count": 5, "user_vote_type_id": 0, "vote_id": 0}, {"hex_color": "#888888", "id": 3, "personality_type": "XXXX", "personality_type_id": 0, "system_name": "Socionics", "system_vote_count": 3, "user_vote_type_id": 0, "vote_id": 0}, {"hex_color": "#888888", "id": 9, "personality_type": "XXXX", "personality_type_id": 0, "system_name": "Big 5 (SLOAN)", "system_vote_count": 3, "user_vote_type_id": 0, "vote_id": 0}, {"hex_color": "#888888", "id": 8, "personality_type": "XXXX", "personality_type_id": 0, "system_name": "Attitudinal Psyche", "system_vote_count": 6, "user_vote_type_id": 0, "vote_id": 0}, {"hex_color": "#888888", "id": 7, "personality_type": "XXXX", "personality_type_id": 0, "system_name": "Temperaments", "system_vote_count": 2, "user_vote_type_id": 0, "vote_id": 0}, {"hex_color": "#888888", "id": 11, "personality_type": "XXXX", "personality_type_id": 0, "system_name": "Classic Jungian", "system_vote_count": 0, "user_vote_type_id": 0, "vote_id": 0}], "breakdown_systems": {"1": [{"myValue": "INTJ", "personality_system_id": 1, "personality_type": "INTJ", "theCount": 33}, {"myValue": "ISTJ", "personality_system_id": 1, "personality_type": "ISTJ", "theCount": 4}, {"myValue": "INFP", "personality_system_id": 1, "personality_type": "INFP", "theCount": 3}, {"myValue": "INTP", "personality_system_id": 1, "personality_type": "INTP", "theCount": 2}, {"myValue": "ENTJ", "personality_system_id": 1, "personality_type": "ENTJ", "theCount": 1}, {"myValue": "INFJ", "personality_system_id": 1, "personality_type": "INFJ", "theCount": 1}, {"myValue": "ISFP", "personality_system_id": 1, "personality_type": "ISFP", "theCount": 1}, {"myValue": "ISTP", "personality_system_id": 1, "personality_type": "ISTP", "theCount": 1}], "11": [{"myValue": "XXXX", "personality_system_id": 0, "personality_type": "XXXX", "theCount": 0}], "2": [{"myValue": "3w4", "personality_system_id": 2, "personality_type": "3w4", "theCount": 13}, {"myValue": "6w5", "personality_system_id": 2, "personality_type": "6w5", "theCount": 11}, {"myValue": "5w6", "personality_system_id": 2, "personality_type": "5w6", "theCount": 1}], "3": [{"myValue": "LIE", "personality_system_id": 3, "personality_type": "LIE", "theCount": 2}, {"myValue": "ILI", "personality_system_id": 3, "personality_type": "ILI", "theCount": 1}], "4": [{"myValue": "Neutral Good", "personality_system_id": 4, "personality_type": "Neutral Good", "theCount": 1}], "5": [{"myValue": "sp/sx", "personality_system_id": 5, "personality_type": "sp/sx", "theCount": 8}, {"myValue": "sp/so", "personality_system_id": 5, "personality_type": "sp/so", "theCount": 2}, {"myValue": "so/sp", "personality_system_id": 5, "personality_type": "so/sp", "theCount": 1}], "6": [{"myValue": "361", "personality_system_id": 6, "personality_type": "361", "theCount": 3}, {"myValue": "631", "personality_system_id": 6, "personality_type": "631", "theCount": 2}], "7": [{"myValue": "Phlegmatic-Choleric", "personality_system_id": 7, "personality_type": "Phlegmatic-Choleric", "theCount": 2}], "8": [{"myValue": "VLFE", "personality_system_id": 8, "personality_type": "VLFE", "theCount": 4}, {"myValue": "LFVE", "personality_system_id": 8, "personality_type": "LFVE", "theCount": 1}, {"myValue": "LVFE", "personality_system_id": 8, "personality_type": "LVFE", "theCount": 1}], "9": [{"myValue": "RCOAI", "personality_system_id": 9, "personality_type": "RCOAI", "theCount": 3}]}, "breakdown_config": {"expand": {"1": 3, "11": 1, "2": 3, "3": 1, "4": 1, "5": 1, "6": 1, "7": 1, "8": 1, "9": 1}, "fire": {"1": 0, "11": 0, "2": 1, "3": 0, "4": 0, "5": 0, "6": 0, "7": 0, "8": 0, "9": 0}}, "mbti_letter_stats": [{"type": "I", "percentage": "98%", "PercentageFloat": 0.9782608695652174}, {"type": "N", "percentage": "87%", "PercentageFloat": 0.8695652173913043}, {"type": "T", "percentage": "89%", "PercentageFloat": 0.8913043478260869}, {"type": "J", "percentage": "85%", "PercentageFloat": 0.8478260869565217}], "topic_info": {"can_generate": false, "topic": {"description": "", "follow_count": 1, "id": 80603, "is_following": false, "is_join_pending": false, "is_banned": false, "is_moderated": false, "name_readable": "Emmett Forrest", "post_count": 1, "source_profile_id": 100713, "source_type": "profile", "join_to_post": false, "can_pin": false, "related_topics": [{"description": "", "follow_count": 0, "id": 54078, "is_following": false, "is_join_pending": false, "is_banned": false, "is_moderated": false, "name_readable": "Elle Woods", "post_count": 1, "source_profile_id": 64904, "source_type": "profile", "image": {"picURL": "https://static1.personality-database.com/profile_images/802891825f944d09a75c309e1e16e9b6.png"}, "join_to_post": false, "can_pin": false}, {"description": "", "follow_count": 1, "id": 80603, "is_following": false, "is_join_pending": false, "is_banned": false, "is_moderated": false, "name_readable": "Emmett Forrest", "post_count": 1, "source_profile_id": 100713, "source_type": "profile", "image": {"picURL": "https://static1.personality-database.com/profile_images/fea6232195a043e4adb61e8d23da3977.png"}, "join_to_post": false, "can_pin": false}, {"description": "", "follow_count": 0, "id": 206340, "is_following": false, "is_join_pending": false, "is_banned": false, "is_moderated": false, "name_readable": "Enid", "post_count": 1, "source_profile_id": 268401, "source_type": "profile", "image": {"picURL": "https://static1.personality-database.com/profile_images/f58658efde674aebbb94f19c953859b1.png"}, "join_to_post": false, "can_pin": false}, {"description": "", "follow_count": 0, "id": 90595, "is_following": false, "is_join_pending": false, "is_banned": false, "is_moderated": false, "name_readable": "Callahan", "post_count": 0, "source_profile_id": 114245, "source_type": "profile", "image": {"picURL": "https://static1.personality-database.com/profile_images/cbbc90a6f5c74983a928b0c0ad1d8257.png"}, "join_to_post": false, "can_pin": false}, {"description": "", "follow_count": 0, "id": 90596, "is_following": false, "is_join_pending": false, "is_banned": false, "is_moderated": false, "name_readable": "Vivienne", "post_count": 0, "source_profile_id": 114246, "source_type": "profile", "image": {"picURL": "https://static1.personality-database.com/profile_images/1afb4f7dbed345c9b5c59ffe52facd3e.png"}, "join_to_post": false, "can_pin": false}, {"description": "", "follow_count": 0, "id": 90597, "is_following": false, "is_join_pending": false, "is_banned": false, "is_moderated": false, "name_readable": "Brooke", "post_count": 0, "source_profile_id": 114247, "source_type": "profile", "image": {"picURL": "https://static1.personality-database.com/profile_images/b228a29d32c04434a28e2d1500de2767.png"}, "join_to_post": false, "can_pin": false}, {"description": "", "follow_count": 0, "id": 90598, "is_following": false, "is_join_pending": false, "is_banned": false, "is_moderated": false, "name_readable": "Margot", "post_count": 0, "source_profile_id": 114248, "source_type": "profile", "image": {"picURL": "https://www.personality-database.com/images/profile_transparent.png"}, "join_to_post": false, "can_pin": false}, {"description": "", "follow_count": 0, "id": 90599, "is_following": false, "is_join_pending": false, "is_banned": false, "is_moderated": false, "name_readable": "Serena", "post_count": 0, "source_profile_id": 114249, "source_type": "profile", "image": {"picURL": "https://www.personality-database.com/images/profile_transparent.png"}, "join_to_post": false, "can_pin": false}, {"description": "", "follow_count": 0, "id": 90600, "is_following": false, "is_join_pending": false, "is_banned": false, "is_moderated": false, "name_readable": "Pilar", "post_count": 0, "source_profile_id": 114250, "source_type": "profile", "image": {"picURL": "https://www.personality-database.com/images/profile_transparent.png"}, "join_to_post": false, "can_pin": false}, {"description": "", "follow_count": 0, "id": 90601, "is_following": false, "is_join_pending": false, "is_banned": false, "is_moderated": false, "name_readable": "Kate", "post_count": 0, "source_profile_id": 114251, "source_type": "profile", "image": {"picURL": "https://www.personality-database.com/images/profile_transparent.png"}, "join_to_post": false, "can_pin": false}, {"description": "", "follow_count": 0, "id": 90602, "is_following": false, "is_join_pending": false, "is_banned": false, "is_moderated": false, "name_readable": "Warner", "post_count": 0, "source_profile_id": 114252, "source_type": "profile", "image": {"picURL": "https://static1.personality-database.com/profile_images/83326c984ccb462ea62b1a355c38c6bc.png"}, "join_to_post": false, "can_pin": false}, {"description": "", "follow_count": 0, "id": 90603, "is_following": false, "is_join_pending": false, "is_banned": false, "is_moderated": false, "name_readable": "Paulette", "post_count": 0, "source_profile_id": 114253, "source_type": "profile", "image": {"picURL": "https://static1.personality-database.com/profile_images/46b36da225e2414ebe2054fa13c39111.png"}, "join_to_post": false, "can_pin": false}, {"description": "", "follow_count": 0, "id": 90604, "is_following": false, "is_join_pending": false, "is_banned": false, "is_moderated": false, "name_readable": "Chutney", "post_count": 0, "source_profile_id": 114254, "source_type": "profile", "image": {"picURL": "https://www.personality-database.com/images/profile_transparent.png"}, "join_to_post": false, "can_pin": false}, {"description": "", "follow_count": 0, "id": 232528, "is_following": false, "is_join_pending": false, "is_banned": false, "is_moderated": false, "name_readable": "Greek Chorus", "post_count": 0, "source_profile_id": 302695, "source_type": "profile", "image": {"picURL": "https://static1.personality-database.com/profile_images/803645ebf35b4acd8be8d139b172a866.png"}, "join_to_post": false, "can_pin": false}], "subcategory": "Legally Blonde (Musical)", "topic_image_url": "https://static1.personality-database.com/profile_images/fea6232195a043e4adb61e8d23da3977.png", "source_location": {"cid": 13, "pid": 2, "sub_cat_id": 5435}, "can_post_image": false, "can_post_audio": false, "posts": {"posts": [{"username": "Hoper likes MBTI", "user_pic_path": "https://lh3.googleusercontent.com/a-/AFdZucqRtLn-WEETH3EVL2rVYVDUq5drkKwRIl0c9jWerA=s96-c", "user_personality_type": "ENFP-7w6-714", "is_mod": false, "comment_count": 0, "reply_count": 0, "vote_type": 0, "topics_list": [{"id": 80603, "name_readable": "Emmett Forrest"}], "id": 818963, "post_id": 818963, "user_id": 216408, "title": "", "content": "I was in the musical and performed it 2 months ago. That being said INTJ 6 good freaking joke. This guy is the healthiest Te dom ever.", "create_date": 1651702088000, "unix_timestamp": 1651702088000, "update_date": 1651702088000, "vote_count": 5, "vote_count_down": 0, "is_reported": 1, "is_hidden": false, "is_pinned": false, "is_watching": false, "is_pro_user": false, "images": null, "audios": null, "function_list": [], "type": "post"}]}}}}