{"id": 10258, "mbti_profile": "Velma Von Tussle", "profile_name_searchable": "velmavontussle", "allow_commenting": true, "allow_voting": true, "user_id": 0, "contributor": "the nameless", "contributor_create_date": "2018-02-20 22:51:47", "contributor_pic_path": "https://www.personality-database.com/images/profile_transparent.png", "display_order": 0, "edit_lock": 0, "edit_lock_picture": 0, "is_active": true, "is_approved": true, "mbti_enneagram_type": "ENTJ 3w4", "mbti_type": "ENTJ 3w4", "pdb_comment_access": true, "pdb_page_owner": 0, "pdb_public_access": true, "wiki_description": "", "watch_count": 8, "comment_count": 3, "vote_count": 40, "vote_count_enneagram": 11, "vote_count_mbti": 40, "total_vote_counts": 63, "personality_type": "3w4 - so/sp - 316 - LSI - SCOEN - VFLE - Choleric-Melancholic", "type_updated_date": "2022-11-28 17:54:29", "enneagram_vote": "", "enneagram_vote_id": 0, "mbti_vote": "", "mbti_vote_id": 0, "is_watching": false, "image_exists": false, "profile_image_url": "https://static1.personality-database.com/profile_images/8b8341d0dc1f4baa86b074da7afc2954.png", "profile_image_credit": "", "profile_image_credit_id": 60892, "profile_image_credit_type": "0", "profile_image_credit_url": "", "alt_subcategory": "", "related_subcategories": "", "cat_id": 13, "category": "Theatre", "category_is_fictional": true, "sub_cat_id": 1359, "subcategory": "Hairspray (2008)", "subcat_link_info": {"sub_cat_id": 1359, "cat_id": 13, "property_id": 2, "subcategory": "Hairspray (2008)"}, "related_subcat_link_info": null, "related_profiles": [{"id": 126317, "mbti_profile": "Link Larkin", "subcategory": "Hairspray (2008)", "profile_image_url": "https://static1.personality-database.com/profile_images/6a4613deff274cca909567f47aa0e04a.png", "profile_name": "Link Larkin", "profile_subcat": "Hairspray (2008)", "sub_cat_id": 1359, "cat_id": 13, "property_id": 2, "mbti": "ESFP", "enneatype": "3w2"}, {"id": 27318, "mbti_profile": "Penny Pingleton", "subcategory": "Hairspray (2008)", "profile_image_url": "https://static1.personality-database.com/profile_images/7d084cf746d0432391642f7fc31a44ff.png", "profile_name": "Penny Pingleton", "profile_subcat": "Hairspray (2008)", "sub_cat_id": 1359, "cat_id": 13, "property_id": 2, "mbti": "INFP", "enneatype": "9w1"}, {"id": 8529, "mbti_profile": "Tracy Turnblad", "subcategory": "Hairspray (2008)", "profile_image_url": "https://static1.personality-database.com/profile_images/f79eaa13310e4b1db44a462d03307723.png", "profile_name": "Tracy Turnblad", "profile_subcat": "Hairspray (2008)", "sub_cat_id": 1359, "cat_id": 13, "property_id": 2, "mbti": "ENFP", "enneatype": "7w6"}, {"id": 126313, "mbti_profile": "Edna Turnblad", "subcategory": "Hairspray (2008)", "profile_image_url": "https://static1.personality-database.com/profile_images/4b39279a167146798c4bc92b2702e44c.png", "profile_name": "Edna Turnblad", "profile_subcat": "Hairspray (2008)", "sub_cat_id": 1359, "cat_id": 13, "property_id": 2, "mbti": "ISFJ", "enneatype": "6w7"}, {"id": 126315, "mbti_profile": "Wilbur Turnblad", "subcategory": "Hairspray (2008)", "profile_image_url": "https://static1.personality-database.com/profile_images/4284f286c5d3479a81ebc4e0692c2f75.png", "profile_name": "Wilbur Turnblad", "profile_subcat": "Hairspray (2008)", "sub_cat_id": 1359, "cat_id": 13, "property_id": 2, "mbti": "INTP", "enneatype": "6w7"}, {"id": 126310, "mbti_profile": "Seaweed J. Stubbs", "subcategory": "Hairspray (2008)", "profile_image_url": "https://static1.personality-database.com/profile_images/c6f89053bcd84081be54eb3ad36d9743.png", "profile_name": "Seaweed J. Stubbs", "profile_subcat": "Hairspray (2008)", "sub_cat_id": 1359, "cat_id": 13, "property_id": 2, "mbti": "ESFP", "enneatype": "7w6"}, {"id": 10402, "mbti_profile": "Amber Von Tussle", "subcategory": "Hairspray (2008)", "profile_image_url": "https://static1.personality-database.com/profile_images/2d78a14b02cf4ccaa4a5223780a68053.png", "profile_name": "Amber Von Tussle", "profile_subcat": "Hairspray (2008)", "sub_cat_id": 1359, "cat_id": 13, "property_id": 2, "mbti": "ESFJ", "enneatype": "3w4"}, {"id": 126312, "mbti_profile": "Corny Collins", "subcategory": "Hairspray (2008)", "profile_image_url": "https://static1.personality-database.com/profile_images/412736ca9b074b12a58b32392e0b6185.png", "profile_name": "Corny Collins", "profile_subcat": "Hairspray (2008)", "sub_cat_id": 1359, "cat_id": 13, "property_id": 2, "mbti": "ENFJ", "enneatype": "3w2"}], "functions": ["Te", "Ni", "Se", "Fi"], "systems": [{"hex_color": "#888888", "id": 1, "personality_type": "XXXX", "personality_type_id": 0, "system_name": "Four Letter", "system_vote_count": 35, "user_vote_type_id": 0, "vote_id": 0}, {"hex_color": "#006775", "id": 2, "personality_type": "XXXX", "personality_type_id": 0, "system_name": "Enneagram", "system_vote_count": 11, "user_vote_type_id": 0, "vote_id": 0}, {"hex_color": "#006775", "id": 5, "personality_type": "XXXX", "personality_type_id": 0, "system_name": "Instinctual Variant", "system_vote_count": 4, "user_vote_type_id": 0, "vote_id": 0}, {"hex_color": "#006775", "id": 6, "personality_type": "XXXX", "personality_type_id": 0, "system_name": "Tritype", "system_vote_count": 3, "user_vote_type_id": 0, "vote_id": 0}, {"hex_color": "#888888", "id": 3, "personality_type": "XXXX", "personality_type_id": 0, "system_name": "Socionics", "system_vote_count": 2, "user_vote_type_id": 0, "vote_id": 0}, {"hex_color": "#888888", "id": 9, "personality_type": "XXXX", "personality_type_id": 0, "system_name": "Big 5 (SLOAN)", "system_vote_count": 3, "user_vote_type_id": 0, "vote_id": 0}, {"hex_color": "#888888", "id": 8, "personality_type": "XXXX", "personality_type_id": 0, "system_name": "Attitudinal Psyche", "system_vote_count": 1, "user_vote_type_id": 0, "vote_id": 0}, {"hex_color": "#888888", "id": 7, "personality_type": "XXXX", "personality_type_id": 0, "system_name": "Temperaments", "system_vote_count": 3, "user_vote_type_id": 0, "vote_id": 0}, {"hex_color": "#888888", "id": 11, "personality_type": "XXXX", "personality_type_id": 0, "system_name": "Classic Jungian", "system_vote_count": 1, "user_vote_type_id": 0, "vote_id": 0}], "breakdown_systems": {"1": [{"myValue": "ENTJ", "personality_system_id": 1, "personality_type": "ENTJ", "theCount": 15}, {"myValue": "ESTJ", "personality_system_id": 1, "personality_type": "ESTJ", "theCount": 15}, {"myValue": "ISTJ", "personality_system_id": 1, "personality_type": "ISTJ", "theCount": 5}], "11": [{"myValue": "ET(S)", "personality_system_id": 11, "personality_type": "ET(S)", "theCount": 1}], "2": [{"myValue": "3w4", "personality_system_id": 2, "personality_type": "3w4", "theCount": 9}, {"myValue": "3w2", "personality_system_id": 2, "personality_type": "3w2", "theCount": 2}], "3": [{"myValue": "LIE", "personality_system_id": 3, "personality_type": "LIE", "theCount": 1}, {"myValue": "LSI", "personality_system_id": 3, "personality_type": "LSI", "theCount": 1}], "5": [{"myValue": "so/sp", "personality_system_id": 5, "personality_type": "so/sp", "theCount": 2}, {"myValue": "sp/so", "personality_system_id": 5, "personality_type": "sp/so", "theCount": 2}], "6": [{"myValue": "316", "personality_system_id": 6, "personality_type": "316", "theCount": 2}, {"myValue": "361", "personality_system_id": 6, "personality_type": "361", "theCount": 1}], "7": [{"myValue": "Choleric-Melancholic", "personality_system_id": 7, "personality_type": "Choleric-Melancholic", "theCount": 3}], "8": [{"myValue": "VFLE", "personality_system_id": 8, "personality_type": "VFLE", "theCount": 1}], "9": [{"myValue": "SCOEN", "personality_system_id": 9, "personality_type": "SCOEN", "theCount": 2}, {"myValue": "SLOEN", "personality_system_id": 9, "personality_type": "SLOEN", "theCount": 1}]}, "breakdown_config": {"expand": {"1": 3, "11": 1, "2": 3, "3": 1, "5": 1, "6": 1, "7": 1, "8": 1, "9": 1}, "fire": {"1": 1, "11": 0, "2": 0, "3": 0, "5": 0, "6": 0, "7": 0, "8": 0, "9": 0}}, "mbti_letter_stats": [{"type": "E", "percentage": "86%", "PercentageFloat": 0.8571428571428571}, {"type": "N", "percentage": "43%", "PercentageFloat": 0.42857142857142855}, {"type": "T", "percentage": "100%", "PercentageFloat": 1}, {"type": "J", "percentage": "100%", "PercentageFloat": 1}], "topic_info": {"can_generate": false, "topic": {"description": "", "follow_count": 0, "id": 9584, "is_following": false, "is_join_pending": false, "is_banned": false, "is_moderated": false, "name_readable": "Velma Von Tussle", "post_count": 0, "source_profile_id": 10258, "source_type": "profile", "join_to_post": false, "can_pin": false, "related_topics": [{"description": "", "follow_count": 0, "id": 7971, "is_following": false, "is_join_pending": false, "is_banned": false, "is_moderated": false, "name_readable": "Tracy Turnblad", "post_count": 3, "source_profile_id": 8529, "source_type": "profile", "image": {"picURL": "https://static1.personality-database.com/profile_images/f79eaa13310e4b1db44a462d03307723.png"}, "join_to_post": false, "can_pin": false}, {"description": "", "follow_count": 0, "id": 24562, "is_following": false, "is_join_pending": false, "is_banned": false, "is_moderated": false, "name_readable": "Penny Pingleton", "post_count": 1, "source_profile_id": 27318, "source_type": "profile", "image": {"picURL": "https://static1.personality-database.com/profile_images/7d084cf746d0432391642f7fc31a44ff.png"}, "join_to_post": false, "can_pin": false}, {"description": "", "follow_count": 0, "id": 9584, "is_following": false, "is_join_pending": false, "is_banned": false, "is_moderated": false, "name_readable": "Velma Von Tussle", "post_count": 0, "source_profile_id": 10258, "source_type": "profile", "image": {"picURL": "https://static1.personality-database.com/profile_images/8b8341d0dc1f4baa86b074da7afc2954.png"}, "join_to_post": false, "can_pin": false}, {"description": "#BrittanySnow", "follow_count": 0, "id": 9722, "is_following": false, "is_join_pending": false, "is_banned": false, "is_moderated": false, "name_readable": "Amber Von Tussle", "post_count": 0, "source_profile_id": 10402, "source_type": "profile", "image": {"picURL": "https://static1.personality-database.com/profile_images/2d78a14b02cf4ccaa4a5223780a68053.png"}, "join_to_post": false, "can_pin": false}, {"description": "", "follow_count": 0, "id": 24563, "is_following": false, "is_join_pending": false, "is_banned": false, "is_moderated": false, "name_readable": "Prudence Pingleton", "post_count": 0, "source_profile_id": 27319, "source_type": "profile", "image": {"picURL": "https://static1.personality-database.com/profile_images/573b0f1578ae4b88b7192d39bcd2cf08.png"}, "join_to_post": false, "can_pin": false}, {"description": "", "follow_count": 0, "id": 98786, "is_following": false, "is_join_pending": false, "is_banned": false, "is_moderated": false, "name_readable": "Seaweed J. Stubbs", "post_count": 0, "source_profile_id": 126310, "source_type": "profile", "image": {"picURL": "https://static1.personality-database.com/profile_images/c6f89053bcd84081be54eb3ad36d9743.png"}, "join_to_post": false, "can_pin": false}, {"description": "", "follow_count": 0, "id": 98787, "is_following": false, "is_join_pending": false, "is_banned": false, "is_moderated": false, "name_readable": "Lil Inez Stubbs", "post_count": 0, "source_profile_id": 126311, "source_type": "profile", "image": {"picURL": "https://static1.personality-database.com/profile_images/528148f24e5b4a9e93604114391583f1.png"}, "join_to_post": false, "can_pin": false}, {"description": "#JamesMarsden", "follow_count": 0, "id": 98788, "is_following": false, "is_join_pending": false, "is_banned": false, "is_moderated": false, "name_readable": "Corny Collins", "post_count": 0, "source_profile_id": 126312, "source_type": "profile", "image": {"picURL": "https://static1.personality-database.com/profile_images/412736ca9b074b12a58b32392e0b6185.png"}, "join_to_post": false, "can_pin": false}, {"description": "", "follow_count": 0, "id": 98789, "is_following": false, "is_join_pending": false, "is_banned": false, "is_moderated": false, "name_readable": "Edna Turnblad", "post_count": 0, "source_profile_id": 126313, "source_type": "profile", "image": {"picURL": "https://static1.personality-database.com/profile_images/4b39279a167146798c4bc92b2702e44c.png"}, "join_to_post": false, "can_pin": false}, {"description": "", "follow_count": 0, "id": 98791, "is_following": false, "is_join_pending": false, "is_banned": false, "is_moderated": false, "name_readable": "Wilbur Turnblad", "post_count": 0, "source_profile_id": 126315, "source_type": "profile", "image": {"picURL": "https://static1.personality-database.com/profile_images/4284f286c5d3479a81ebc4e0692c2f75.png"}, "join_to_post": false, "can_pin": false}, {"description": "", "follow_count": 0, "id": 98792, "is_following": false, "is_join_pending": false, "is_banned": false, "is_moderated": false, "name_readable": "Maybelle \"Motormouth\" Stubbs", "post_count": 0, "source_profile_id": 126316, "source_type": "profile", "image": {"picURL": "https://static1.personality-database.com/profile_images/6fea1a64c09347b49c921552a1d95c07.png"}, "join_to_post": false, "can_pin": false}, {"description": "", "follow_count": 0, "id": 98793, "is_following": false, "is_join_pending": false, "is_banned": false, "is_moderated": false, "name_readable": "Link Larkin", "post_count": 0, "source_profile_id": 126317, "source_type": "profile", "image": {"picURL": "https://static1.personality-database.com/profile_images/6a4613deff274cca909567f47aa0e04a.png"}, "join_to_post": false, "can_pin": false}], "subcategory": "Hairspray (2008)", "topic_image_url": "https://static1.personality-database.com/profile_images/8b8341d0dc1f4baa86b074da7afc2954.png", "source_location": {"cid": 13, "pid": 2, "sub_cat_id": 1359}, "can_post_image": false, "can_post_audio": false, "posts": {"posts": []}}}}