{"id": 333048, "mbti_profile": "Astoria Greengrass", "profile_name_searchable": "astoriagreengrass", "allow_commenting": true, "allow_voting": true, "user_id": 253602, "contributor": "princeyprice", "contributor_create_date": "2021-06-04 06:16:54", "contributor_pic_path": "https://lh3.googleusercontent.com/a-/AOh14Gj32723XPsGQvYlMTq7qwPjd98wdgUkUHXSR4g_-w=s96-c", "display_order": 0, "edit_lock": 0, "edit_lock_picture": 0, "is_active": true, "is_approved": true, "mbti_enneagram_type": "INFJ 9w1", "mbti_type": "INFJ 9w1", "pdb_comment_access": true, "pdb_page_owner": 0, "pdb_public_access": true, "wiki_description": "", "watch_count": 10, "comment_count": 0, "vote_count": 16, "vote_count_enneagram": 6, "vote_count_mbti": 16, "total_vote_counts": 41, "personality_type": "INFJ - 9w1 - so/sx - 962 - EII - RLOAI - LEVF - Phlegmatic-Sanguine - IN(F)", "type_updated_date": "2023-01-03 22:39:06", "enneagram_vote": "", "enneagram_vote_id": 0, "mbti_vote": "", "mbti_vote_id": 0, "is_watching": false, "image_exists": false, "profile_image_url": "https://static1.personality-database.com/profile_images/e805bd689e8743d0a80b85800d62950d.png", "profile_image_credit": "", "profile_image_credit_id": 371922, "profile_image_credit_type": "0", "profile_image_credit_url": "", "alt_subcategory": "", "related_subcategories": "", "cat_id": 13, "category": "Theatre", "category_is_fictional": true, "sub_cat_id": 10530, "subcategory": "Harry Potter and the Cursed Child", "subcat_link_info": {"sub_cat_id": 10530, "cat_id": 13, "property_id": 2, "subcategory": "Harry Potter and the Cursed Child"}, "related_subcat_link_info": null, "related_profiles": [{"id": 155089, "mbti_profile": "Scorpius Malfoy", "subcategory": "Harry Potter and the Cursed Child", "profile_image_url": "https://static1.personality-database.com/profile_images/e5b85b8d69584bdfa85e85207ae5dfec.png", "profile_name": "Scorpius Malfoy", "profile_subcat": "Harry Potter and the Cursed Child", "sub_cat_id": 10530, "cat_id": 13, "property_id": 2, "mbti": "INFP", "enneatype": "6w5"}, {"id": 155096, "mbti_profile": "Delphini", "subcategory": "Harry Potter and the Cursed Child", "profile_image_url": "https://static1.personality-database.com/profile_images/9381c46bf23946f18b6910a9117b1c9c.png", "profile_name": "Delphini", "profile_subcat": "Harry Potter and the Cursed Child", "sub_cat_id": 10530, "cat_id": 13, "property_id": 2, "mbti": "ENTJ", "enneatype": "3w4"}, {"id": 155086, "mbti_profile": "Albus Severus Potter", "subcategory": "Harry Potter and the Cursed Child", "profile_image_url": "https://static1.personality-database.com/profile_images/a02951db211c4a50864be0f52577b720.png", "profile_name": "Albus Severus Potter", "profile_subcat": "Harry Potter and the Cursed Child", "sub_cat_id": 10530, "cat_id": 13, "property_id": 2, "mbti": "ISFP", "enneatype": "6w5"}, {"id": 155093, "mbti_profile": "Harry Potter", "subcategory": "Harry Potter and the Cursed Child", "profile_image_url": "https://static1.personality-database.com/profile_images/89515b9d29ad42aa8a6d41753dcb8ca9.png", "profile_name": "Harry Potter", "profile_subcat": "Harry Potter and the Cursed Child", "sub_cat_id": 10530, "cat_id": 13, "property_id": 2, "mbti": "ISFP", "enneatype": "8w7"}, {"id": 155092, "mbti_profile": "Teddy Lupin", "subcategory": "Harry Potter and the Cursed Child", "profile_image_url": "", "profile_name": "Teddy Lupin", "profile_subcat": "Harry Potter and the Cursed Child", "sub_cat_id": 10530, "cat_id": 13, "property_id": 2, "mbti": "ENFP", "enneatype": "4w5"}, {"id": 155095, "mbti_profile": "Hermione Granger", "subcategory": "Harry Potter and the Cursed Child", "profile_image_url": "https://static1.personality-database.com/profile_images/e1411fd5da054656be766cf8eab86274.png", "profile_name": "Hermione Granger", "profile_subcat": "Harry Potter and the Cursed Child", "sub_cat_id": 10530, "cat_id": 13, "property_id": 2, "mbti": "ESTJ", "enneatype": "1w2"}, {"id": 601400, "mbti_profile": "Karl Jenkins", "subcategory": "Harry Potter and the Cursed Child", "profile_image_url": "", "profile_name": "Karl Jenkins", "profile_subcat": "Harry Potter and the Cursed Child", "sub_cat_id": 10530, "cat_id": 13, "property_id": 2, "mbti": "", "enneatype": ""}, {"id": 601398, "mbti_profile": "Yann Fredericks", "subcategory": "Harry Potter and the Cursed Child", "profile_image_url": "", "profile_name": "Yann Fredericks", "profile_subcat": "Harry Potter and the Cursed Child", "sub_cat_id": 10530, "cat_id": 13, "property_id": 2, "mbti": "", "enneatype": ""}], "functions": ["Ni", "Fe", "Ti", "Se"], "systems": [{"hex_color": "#888888", "id": 1, "personality_type": "XXXX", "personality_type_id": 0, "system_name": "Four Letter", "system_vote_count": 16, "user_vote_type_id": 0, "vote_id": 0}, {"hex_color": "#006775", "id": 2, "personality_type": "XXXX", "personality_type_id": 0, "system_name": "Enneagram", "system_vote_count": 6, "user_vote_type_id": 0, "vote_id": 0}, {"hex_color": "#006775", "id": 5, "personality_type": "XXXX", "personality_type_id": 0, "system_name": "Instinctual Variant", "system_vote_count": 2, "user_vote_type_id": 0, "vote_id": 0}, {"hex_color": "#006775", "id": 6, "personality_type": "XXXX", "personality_type_id": 0, "system_name": "Tritype", "system_vote_count": 3, "user_vote_type_id": 0, "vote_id": 0}, {"hex_color": "#888888", "id": 3, "personality_type": "XXXX", "personality_type_id": 0, "system_name": "Socionics", "system_vote_count": 3, "user_vote_type_id": 0, "vote_id": 0}, {"hex_color": "#888888", "id": 9, "personality_type": "XXXX", "personality_type_id": 0, "system_name": "Big 5 (SLOAN)", "system_vote_count": 2, "user_vote_type_id": 0, "vote_id": 0}, {"hex_color": "#888888", "id": 8, "personality_type": "XXXX", "personality_type_id": 0, "system_name": "Attitudinal Psyche", "system_vote_count": 2, "user_vote_type_id": 0, "vote_id": 0}, {"hex_color": "#888888", "id": 7, "personality_type": "XXXX", "personality_type_id": 0, "system_name": "Temperaments", "system_vote_count": 5, "user_vote_type_id": 0, "vote_id": 0}, {"hex_color": "#888888", "id": 11, "personality_type": "XXXX", "personality_type_id": 0, "system_name": "Classic Jungian", "system_vote_count": 2, "user_vote_type_id": 0, "vote_id": 0}], "breakdown_systems": {"1": [{"myValue": "INFJ", "personality_system_id": 1, "personality_type": "INFJ", "theCount": 12}, {"myValue": "INFP", "personality_system_id": 1, "personality_type": "INFP", "theCount": 3}, {"myValue": "ENFJ", "personality_system_id": 1, "personality_type": "ENFJ", "theCount": 1}], "11": [{"myValue": "IN(F)", "personality_system_id": 11, "personality_type": "IN(F)", "theCount": 2}], "2": [{"myValue": "9w1", "personality_system_id": 2, "personality_type": "9w1", "theCount": 4}, {"myValue": "2w3", "personality_system_id": 2, "personality_type": "2w3", "theCount": 2}], "3": [{"myValue": "EII", "personality_system_id": 3, "personality_type": "EII", "theCount": 3}], "5": [{"myValue": "so/sp", "personality_system_id": 5, "personality_type": "so/sp", "theCount": 1}, {"myValue": "so/sx", "personality_system_id": 5, "personality_type": "so/sx", "theCount": 1}], "6": [{"myValue": "926", "personality_system_id": 6, "personality_type": "926", "theCount": 2}, {"myValue": "962", "personality_system_id": 6, "personality_type": "962", "theCount": 1}], "7": [{"myValue": "Phlegmatic-Sanguine", "personality_system_id": 7, "personality_type": "Phlegmatic-Sanguine", "theCount": 3}, {"myValue": "Melancholic-Phlegmatic", "personality_system_id": 7, "personality_type": "Melancholic-Phlegmatic", "theCount": 1}, {"myValue": "Sanguine [Dominant]", "personality_system_id": 7, "personality_type": "Sanguine [Dominant]", "theCount": 1}], "8": [{"myValue": "LEVF", "personality_system_id": 8, "personality_type": "LEVF", "theCount": 1}, {"myValue": "VEFL", "personality_system_id": 8, "personality_type": "VEFL", "theCount": 1}], "9": [{"myValue": "RCOAI", "personality_system_id": 9, "personality_type": "RCOAI", "theCount": 1}, {"myValue": "RLOAI", "personality_system_id": 9, "personality_type": "RLOAI", "theCount": 1}]}, "breakdown_config": {"expand": {"1": 3, "11": 1, "2": 3, "3": 1, "5": 1, "6": 1, "7": 1, "8": 1, "9": 1}, "fire": {"1": 0, "11": 0, "2": 0, "3": 0, "5": 0, "6": 0, "7": 0, "8": 0, "9": 0}}, "mbti_letter_stats": [{"type": "I", "percentage": "94%", "PercentageFloat": 0.9375}, {"type": "N", "percentage": "100%", "PercentageFloat": 1}, {"type": "F", "percentage": "100%", "PercentageFloat": 1}, {"type": "J", "percentage": "81%", "PercentageFloat": 0.8125}], "topic_info": {"can_generate": false, "topic": {"description": "", "follow_count": 0, "id": 256374, "is_following": false, "is_join_pending": false, "is_banned": false, "is_moderated": false, "name_readable": "Astoria Greengrass", "post_count": 0, "source_profile_id": 333048, "source_type": "profile", "join_to_post": false, "can_pin": false, "related_topics": [{"description": "", "follow_count": 0, "id": 120235, "is_following": false, "is_join_pending": false, "is_banned": false, "is_moderated": false, "name_readable": "Scorpius Malfoy", "post_count": 2, "source_profile_id": 155089, "source_type": "profile", "image": {"picURL": "https://static1.personality-database.com/profile_images/e5b85b8d69584bdfa85e85207ae5dfec.png"}, "join_to_post": false, "can_pin": false}, {"description": "", "follow_count": 1, "id": 120243, "is_following": false, "is_join_pending": false, "is_banned": false, "is_moderated": false, "name_readable": "Draco Malfoy", "post_count": 1, "source_profile_id": 155097, "source_type": "profile", "image": {"picURL": "https://static1.personality-database.com/profile_images/13bcbdc98a5149e1aa3615c4d631203a.png"}, "join_to_post": false, "can_pin": false}, {"description": "", "follow_count": 0, "id": 120240, "is_following": false, "is_join_pending": false, "is_banned": false, "is_moderated": false, "name_readable": "Ron Weasley", "post_count": 0, "source_profile_id": 155094, "source_type": "profile", "image": {"picURL": "https://www.personality-database.com/images/profile_transparent.png"}, "join_to_post": false, "can_pin": false}, {"description": "", "follow_count": 0, "id": 256374, "is_following": false, "is_join_pending": false, "is_banned": false, "is_moderated": false, "name_readable": "Astoria Greengrass", "post_count": 0, "source_profile_id": 333048, "source_type": "profile", "image": {"picURL": "https://static1.personality-database.com/profile_images/e805bd689e8743d0a80b85800d62950d.png"}, "join_to_post": false, "can_pin": false}, {"description": "", "follow_count": 0, "id": 135369, "is_following": false, "is_join_pending": false, "is_banned": false, "is_moderated": false, "name_readable": "Ginny Potter (n\u00e9e Weasley)", "post_count": 0, "source_profile_id": 175786, "source_type": "profile", "image": {"picURL": "https://static1.personality-database.com/profile_images/284256d1a9b6471bac9197a5254d649a.png"}, "join_to_post": false, "can_pin": false}, {"description": "", "follow_count": 0, "id": 120246, "is_following": false, "is_join_pending": false, "is_banned": false, "is_moderated": false, "name_readable": "Amos Diggory", "post_count": 0, "source_profile_id": 155100, "source_type": "profile", "image": {"picURL": "https://www.personality-database.com/images/profile_transparent.png"}, "join_to_post": false, "can_pin": false}, {"description": "", "follow_count": 0, "id": 120245, "is_following": false, "is_join_pending": false, "is_banned": false, "is_moderated": false, "name_readable": "Minerva McGonagall", "post_count": 0, "source_profile_id": 155099, "source_type": "profile", "image": {"picURL": "https://www.personality-database.com/images/profile_transparent.png"}, "join_to_post": false, "can_pin": false}, {"description": "", "follow_count": 0, "id": 120244, "is_following": false, "is_join_pending": false, "is_banned": false, "is_moderated": false, "name_readable": "Polly Chapman", "post_count": 0, "source_profile_id": 155098, "source_type": "profile", "image": {"picURL": "https://www.personality-database.com/images/profile_transparent.png"}, "join_to_post": false, "can_pin": false}, {"description": "", "follow_count": 0, "id": 120242, "is_following": false, "is_join_pending": false, "is_banned": false, "is_moderated": false, "name_readable": "Delphini", "post_count": 0, "source_profile_id": 155096, "source_type": "profile", "image": {"picURL": "https://static1.personality-database.com/profile_images/9381c46bf23946f18b6910a9117b1c9c.png"}, "join_to_post": false, "can_pin": false}, {"description": "", "follow_count": 0, "id": 120241, "is_following": false, "is_join_pending": false, "is_banned": false, "is_moderated": false, "name_readable": "Hermione Granger", "post_count": 0, "source_profile_id": 155095, "source_type": "profile", "image": {"picURL": "https://static1.personality-database.com/profile_images/e1411fd5da054656be766cf8eab86274.png"}, "join_to_post": false, "can_pin": false}, {"description": "", "follow_count": 0, "id": 120232, "is_following": false, "is_join_pending": false, "is_banned": false, "is_moderated": false, "name_readable": "Albus Severus Potter", "post_count": 0, "source_profile_id": 155086, "source_type": "profile", "image": {"picURL": "https://static1.personality-database.com/profile_images/a02951db211c4a50864be0f52577b720.png"}, "join_to_post": false, "can_pin": false}, {"description": "", "follow_count": 0, "id": 120239, "is_following": false, "is_join_pending": false, "is_banned": false, "is_moderated": false, "name_readable": "Harry Potter", "post_count": 0, "source_profile_id": 155093, "source_type": "profile", "image": {"picURL": "https://static1.personality-database.com/profile_images/89515b9d29ad42aa8a6d41753dcb8ca9.png"}, "join_to_post": false, "can_pin": false}, {"description": "", "follow_count": 0, "id": 120238, "is_following": false, "is_join_pending": false, "is_banned": false, "is_moderated": false, "name_readable": "Teddy Lupin", "post_count": 0, "source_profile_id": 155092, "source_type": "profile", "image": {"picURL": "https://www.personality-database.com/images/profile_transparent.png"}, "join_to_post": false, "can_pin": false}, {"description": "", "follow_count": 0, "id": 120237, "is_following": false, "is_join_pending": false, "is_banned": false, "is_moderated": false, "name_readable": "Victoire Weasley", "post_count": 0, "source_profile_id": 155091, "source_type": "profile", "image": {"picURL": "https://www.personality-database.com/images/profile_transparent.png"}, "join_to_post": false, "can_pin": false}, {"description": "", "follow_count": 0, "id": 120236, "is_following": false, "is_join_pending": false, "is_banned": false, "is_moderated": false, "name_readable": "Rose Granger Weasley", "post_count": 0, "source_profile_id": 155090, "source_type": "profile", "image": {"picURL": "https://static1.personality-database.com/profile_images/fdfb73a7a8704aba8e5d00ae582831ce.png"}, "join_to_post": false, "can_pin": false}, {"description": "", "follow_count": 0, "id": 120234, "is_following": false, "is_join_pending": false, "is_banned": false, "is_moderated": false, "name_readable": "Lily Luna Potter", "post_count": 0, "source_profile_id": 155088, "source_type": "profile", "image": {"picURL": "https://www.personality-database.com/images/profile_transparent.png"}, "join_to_post": false, "can_pin": false}], "subcategory": "Harry Potter and the Cursed Child", "topic_image_url": "https://static1.personality-database.com/profile_images/e805bd689e8743d0a80b85800d62950d.png", "source_location": {"cid": 13, "pid": 2, "sub_cat_id": 10530}, "can_post_image": false, "can_post_audio": false, "posts": {"posts": []}}}}