{"id": 106825, "mbti_profile": "Lex Foster", "profile_name_searchable": "lexfoster", "allow_commenting": true, "allow_voting": true, "user_id": 15529, "contributor": "Imnoone", "contributor_create_date": "2020-03-14 18:46:59", "contributor_pic_path": "https://lh3.googleusercontent.com/a-/AOh14GgL-pUwvnPbO7cp7qgASmDsQWMmnBkn717_UQm6GA=s96-c", "display_order": 1000, "edit_lock": 0, "edit_lock_picture": 0, "is_active": true, "is_approved": true, "mbti_enneagram_type": "ISTP 6w7", "mbti_type": "ISTP 6w7", "pdb_comment_access": true, "pdb_page_owner": 0, "pdb_public_access": true, "wiki_description": "", "watch_count": 15, "comment_count": 1, "vote_count": 42, "vote_count_enneagram": 14, "vote_count_mbti": 42, "total_vote_counts": 80, "personality_type": "ISTP - 6w7 - sx/sp - SEI - RLUEN - Melancholic-Choleric", "type_updated_date": "2022-07-05 15:24:33", "enneagram_vote": "", "enneagram_vote_id": 0, "mbti_vote": "", "mbti_vote_id": 0, "is_watching": false, "image_exists": false, "profile_image_url": "https://static1.personality-database.com/profile_images/e9e4a12eabfe42fb98143cf7f4ae253f.png", "profile_image_credit": "", "profile_image_credit_id": 85860, "profile_image_credit_type": "0", "profile_image_credit_url": "", "alt_subcategory": "", "related_subcategories": "", "cat_id": 13, "category": "Theatre", "category_is_fictional": true, "sub_cat_id": 7899, "subcategory": "Black Friday", "subcat_link_info": {"sub_cat_id": 7899, "cat_id": 13, "property_id": 2, "subcategory": "Black Friday"}, "related_subcat_link_info": null, "related_profiles": [{"id": 106827, "mbti_profile": "Becky Barnes", "subcategory": "Black Friday", "profile_image_url": "https://static1.personality-database.com/profile_images/fa633faaa966463382d85e24955da48c.png", "profile_name": "Becky Barnes", "profile_subcat": "Black Friday", "sub_cat_id": 7899, "cat_id": 13, "property_id": 2, "mbti": "ESFJ", "enneatype": "1w2"}, {"id": 106833, "mbti_profile": "Linda Monroe", "subcategory": "Black Friday", "profile_image_url": "https://static1.personality-database.com/profile_images/b7c0b6b44483420391db7c8e02551277.png", "profile_name": "Linda Monroe", "profile_subcat": "Black Friday", "sub_cat_id": 7899, "cat_id": 13, "property_id": 2, "mbti": "ESTJ", "enneatype": "3w2"}, {"id": 106826, "mbti_profile": "Hannah Foster", "subcategory": "Black Friday", "profile_image_url": "https://static1.personality-database.com/profile_images/ddee9b0f5fa141768735b8bd78fda899.png", "profile_name": "Hannah Foster", "profile_subcat": "Black Friday", "sub_cat_id": 7899, "cat_id": 13, "property_id": 2, "mbti": "INFJ", "enneatype": "6w5"}, {"id": 152407, "mbti_profile": "Gary Goldstein", "subcategory": "Black Friday", "profile_image_url": "https://static1.personality-database.com/profile_images/da66f5a1cb64418db7f470bc3a52e410.png", "profile_name": "Gary Goldstein", "profile_subcat": "Black Friday", "sub_cat_id": 7899, "cat_id": 13, "property_id": 2, "mbti": "ENTP", "enneatype": "3w4"}, {"id": 106835, "mbti_profile": "Ethan Green", "subcategory": "Black Friday", "profile_image_url": "https://static1.personality-database.com/profile_images/92993b10d7b944df87c8b86510b22970.png", "profile_name": "Ethan Green", "profile_subcat": "Black Friday", "sub_cat_id": 7899, "cat_id": 13, "property_id": 2, "mbti": "ENFP", "enneatype": "7w8"}, {"id": 106828, "mbti_profile": "Tom Houston", "subcategory": "Black Friday", "profile_image_url": "https://static1.personality-database.com/profile_images/26b25a5199d645e0b2cc2a78399b8194.png", "profile_name": "Tom Houston", "profile_subcat": "Black Friday", "sub_cat_id": 7899, "cat_id": 13, "property_id": 2, "mbti": "INFP", "enneatype": "6w5"}, {"id": 106831, "mbti_profile": "General John McNamara", "subcategory": "Black Friday", "profile_image_url": "https://static1.personality-database.com/profile_images/9c682c65df234ce39de28bc42f1f7680.png", "profile_name": "General John McNamara", "profile_subcat": "Black Friday", "sub_cat_id": 7899, "cat_id": 13, "property_id": 2, "mbti": "ENTJ", "enneatype": "1w2"}, {"id": 106834, "mbti_profile": "Gerald", "subcategory": "Black Friday", "profile_image_url": "https://static1.personality-database.com/profile_images/71ce529df5124fce99e8f82ad136e02f.png", "profile_name": "Gerald", "profile_subcat": "Black Friday", "sub_cat_id": 7899, "cat_id": 13, "property_id": 2, "mbti": "ISFP", "enneatype": "7w6"}], "functions": ["Fi", "Se", "Ni", "Te"], "systems": [{"hex_color": "#888888", "id": 1, "personality_type": "XXXX", "personality_type_id": 0, "system_name": "Four Letter", "system_vote_count": 42, "user_vote_type_id": 0, "vote_id": 0}, {"hex_color": "#006775", "id": 2, "personality_type": "XXXX", "personality_type_id": 0, "system_name": "Enneagram", "system_vote_count": 14, "user_vote_type_id": 0, "vote_id": 0}, {"hex_color": "#006775", "id": 5, "personality_type": "XXXX", "personality_type_id": 0, "system_name": "Instinctual Variant", "system_vote_count": 4, "user_vote_type_id": 0, "vote_id": 0}, {"hex_color": "#006775", "id": 6, "personality_type": "XXXX", "personality_type_id": 0, "system_name": "Tritype", "system_vote_count": 7, "user_vote_type_id": 0, "vote_id": 0}, {"hex_color": "#888888", "id": 3, "personality_type": "XXXX", "personality_type_id": 0, "system_name": "Socionics", "system_vote_count": 1, "user_vote_type_id": 0, "vote_id": 0}, {"hex_color": "#888888", "id": 9, "personality_type": "XXXX", "personality_type_id": 0, "system_name": "Big 5 (SLOAN)", "system_vote_count": 3, "user_vote_type_id": 0, "vote_id": 0}, {"hex_color": "#888888", "id": 8, "personality_type": "XXXX", "personality_type_id": 0, "system_name": "Attitudinal Psyche", "system_vote_count": 4, "user_vote_type_id": 0, "vote_id": 0}, {"hex_color": "#888888", "id": 7, "personality_type": "XXXX", "personality_type_id": 0, "system_name": "Temperaments", "system_vote_count": 3, "user_vote_type_id": 0, "vote_id": 0}, {"hex_color": "#888888", "id": 11, "personality_type": "XXXX", "personality_type_id": 0, "system_name": "Classic Jungian", "system_vote_count": 0, "user_vote_type_id": 0, "vote_id": 0}], "breakdown_systems": {"1": [{"myValue": "ISTP", "personality_system_id": 1, "personality_type": "ISTP", "theCount": 19}, {"myValue": "INFP", "personality_system_id": 1, "personality_type": "INFP", "theCount": 18}, {"myValue": "ISFP", "personality_system_id": 1, "personality_type": "ISFP", "theCount": 4}, {"myValue": "ESTP", "personality_system_id": 1, "personality_type": "ESTP", "theCount": 1}], "11": [{"myValue": "XXXX", "personality_system_id": 0, "personality_type": "XXXX", "theCount": 0}], "2": [{"myValue": "6w7", "personality_system_id": 2, "personality_type": "6w7", "theCount": 8}, {"myValue": "4w5", "personality_system_id": 2, "personality_type": "4w5", "theCount": 6}], "3": [{"myValue": "SEI", "personality_system_id": 3, "personality_type": "SEI", "theCount": 1}], "4": [{"myValue": "True Neutral", "personality_system_id": 4, "personality_type": "True Neutral", "theCount": 2}], "5": [{"myValue": "sx/sp", "personality_system_id": 5, "personality_type": "sx/sp", "theCount": 4}], "6": [{"myValue": "648", "personality_system_id": 6, "personality_type": "648", "theCount": 3}, {"myValue": "487", "personality_system_id": 6, "personality_type": "487", "theCount": 2}, {"myValue": "684", "personality_system_id": 6, "personality_type": "684", "theCount": 2}], "7": [{"myValue": "Melancholic-Choleric", "personality_system_id": 7, "personality_type": "Melancholic-Choleric", "theCount": 3}], "8": [{"myValue": "ELFV", "personality_system_id": 8, "personality_type": "ELFV", "theCount": 2}, {"myValue": "EFVL", "personality_system_id": 8, "personality_type": "EFVL", "theCount": 1}, {"myValue": "ELVF", "personality_system_id": 8, "personality_type": "ELVF", "theCount": 1}], "9": [{"myValue": "RLUEN", "personality_system_id": 9, "personality_type": "RLUEN", "theCount": 2}, {"myValue": "RLUEI", "personality_system_id": 9, "personality_type": "RLUEI", "theCount": 1}]}, "breakdown_config": {"expand": {"1": 3, "11": 1, "2": 3, "3": 1, "4": 1, "5": 1, "6": 1, "7": 1, "8": 1, "9": 1}, "fire": {"1": 1, "11": 0, "2": 0, "3": 0, "4": 0, "5": 0, "6": 0, "7": 0, "8": 0, "9": 0}}, "mbti_letter_stats": [{"type": "I", "percentage": "98%", "PercentageFloat": 0.9761904761904762}, {"type": "S", "percentage": "57%", "PercentageFloat": 0.5714285714285714}, {"type": "T", "percentage": "48%", "PercentageFloat": 0.47619047619047616}, {"type": "P", "percentage": "100%", "PercentageFloat": 1}], "topic_info": {"can_generate": false, "topic": {"description": "", "follow_count": 0, "id": 85005, "is_following": false, "is_join_pending": false, "is_banned": false, "is_moderated": false, "name_readable": "Lex Foster", "post_count": 0, "source_profile_id": 106825, "source_type": "profile", "join_to_post": false, "can_pin": false, "related_topics": [{"description": "", "follow_count": 11, "id": 85016, "is_following": false, "is_join_pending": false, "is_banned": false, "is_moderated": false, "name_readable": "Wiggly", "post_count": 7, "source_profile_id": 106836, "source_type": "profile", "image": {"picURL": "https://static1.personality-database.com/profile_images/30510a96ba344a888a3b9d3e28a58d70.png"}, "join_to_post": false, "can_pin": false}, {"description": "", "follow_count": 0, "id": 123042, "is_following": false, "is_join_pending": false, "is_banned": false, "is_moderated": false, "name_readable": "Secretary of State", "post_count": 0, "source_profile_id": 158625, "source_type": "profile", "image": {"picURL": "https://static1.personality-database.com/profile_images/137ed549d82441e1abc1a109d32c9ca5.png"}, "join_to_post": false, "can_pin": false}, {"description": "", "follow_count": 0, "id": 123057, "is_following": false, "is_join_pending": false, "is_banned": false, "is_moderated": false, "name_readable": "Tim Houston", "post_count": 0, "source_profile_id": 158640, "source_type": "profile", "image": {"picURL": "https://static1.personality-database.com/profile_images/1deb9eaba3dc4227887cd97ac73e5af3.png"}, "join_to_post": false, "can_pin": false}, {"description": "", "follow_count": 0, "id": 123056, "is_following": false, "is_join_pending": false, "is_banned": false, "is_moderated": false, "name_readable": "Xander Lee", "post_count": 0, "source_profile_id": 158639, "source_type": "profile", "image": {"picURL": "https://static1.personality-database.com/profile_images/b915c8b4b6f84b578239d8ec7d74f4d6.png"}, "join_to_post": false, "can_pin": false}, {"description": "", "follow_count": 0, "id": 123055, "is_following": false, "is_join_pending": false, "is_banned": false, "is_moderated": false, "name_readable": "Bob Morris", "post_count": 0, "source_profile_id": 158638, "source_type": "profile", "image": {"picURL": "https://static1.personality-database.com/profile_images/ec8c336fb614437f95547975ca1131f0.png"}, "join_to_post": false, "can_pin": false}, {"description": "", "follow_count": 0, "id": 123054, "is_following": false, "is_join_pending": false, "is_banned": false, "is_moderated": false, "name_readable": "Security Guard", "post_count": 0, "source_profile_id": 158637, "source_type": "profile", "image": {"picURL": "https://static1.personality-database.com/profile_images/1a00193a1c504fcba1215f57df19d756.png"}, "join_to_post": false, "can_pin": false}, {"description": "", "follow_count": 0, "id": 123053, "is_following": false, "is_join_pending": false, "is_banned": false, "is_moderated": false, "name_readable": "James's Shopper", "post_count": 0, "source_profile_id": 158636, "source_type": "profile", "image": {"picURL": "https://static1.personality-database.com/profile_images/5d5cc71112bf4e60867b7c57b4d501ea.png"}, "join_to_post": false, "can_pin": false}, {"description": "", "follow_count": 0, "id": 123052, "is_following": false, "is_join_pending": false, "is_banned": false, "is_moderated": false, "name_readable": "Cineplex Teen", "post_count": 0, "source_profile_id": 158635, "source_type": "profile", "image": {"picURL": "https://static1.personality-database.com/profile_images/a049c092105f44fe81f4667956c98f93.png"}, "join_to_post": false, "can_pin": false}, {"description": "", "follow_count": 0, "id": 123051, "is_following": false, "is_join_pending": false, "is_banned": false, "is_moderated": false, "name_readable": "Homeless Man", "post_count": 0, "source_profile_id": 158634, "source_type": "profile", "image": {"picURL": "https://static1.personality-database.com/profile_images/28e2bdb596a9489b85b34386d5dc288b.png"}, "join_to_post": false, "can_pin": false}, {"description": "", "follow_count": 0, "id": 123050, "is_following": false, "is_join_pending": false, "is_banned": false, "is_moderated": false, "name_readable": "Curt's Shopper", "post_count": 0, "source_profile_id": 158633, "source_type": "profile", "image": {"picURL": "https://static1.personality-database.com/profile_images/24d2e27b84f349efae31175220fa5dcc.png"}, "join_to_post": false, "can_pin": false}, {"description": "", "follow_count": 0, "id": 123049, "is_following": false, "is_join_pending": false, "is_banned": false, "is_moderated": false, "name_readable": "Wallace McNeill", "post_count": 0, "source_profile_id": 158632, "source_type": "profile", "image": {"picURL": "https://static1.personality-database.com/profile_images/f93fb5952b834f6b919e3c43acd27c98.png"}, "join_to_post": false, "can_pin": false}, {"description": "", "follow_count": 0, "id": 123048, "is_following": false, "is_join_pending": false, "is_banned": false, "is_moderated": false, "name_readable": "PEIP Soldier", "post_count": 0, "source_profile_id": 158631, "source_type": "profile", "image": {"picURL": "https://static1.personality-database.com/profile_images/29c6a3fd192e45c7a00147749c8edb2c.png"}, "join_to_post": false, "can_pin": false}, {"description": "", "follow_count": 0, "id": 123047, "is_following": false, "is_join_pending": false, "is_banned": false, "is_moderated": false, "name_readable": "Robert's Shopper", "post_count": 0, "source_profile_id": 158630, "source_type": "profile", "image": {"picURL": "https://static1.personality-database.com/profile_images/b597d3f033d741aab1c3db878c6d767f.png"}, "join_to_post": false, "can_pin": false}, {"description": "", "follow_count": 0, "id": 123046, "is_following": false, "is_join_pending": false, "is_banned": false, "is_moderated": false, "name_readable": "Jangle", "post_count": 0, "source_profile_id": 158629, "source_type": "profile", "image": {"picURL": "https://static1.personality-database.com/profile_images/c80f6dedf75c45fcb443e01d138aa85b.png"}, "join_to_post": false, "can_pin": false}, {"description": "", "follow_count": 0, "id": 123045, "is_following": false, "is_join_pending": false, "is_banned": false, "is_moderated": false, "name_readable": "Jingle", "post_count": 0, "source_profile_id": 158628, "source_type": "profile", "image": {"picURL": "https://static1.personality-database.com/profile_images/f40ed655eeea4ddeb54b2f12be2e1066.png"}, "join_to_post": false, "can_pin": false}, {"description": "", "follow_count": 0, "id": 123044, "is_following": false, "is_join_pending": false, "is_banned": false, "is_moderated": false, "name_readable": "Man in a Hurry", "post_count": 0, "source_profile_id": 158627, "source_type": "profile", "image": {"picURL": "https://static1.personality-database.com/profile_images/e1b2ad72b438452db579d51d285d3782.png"}, "join_to_post": false, "can_pin": false}], "subcategory": "Black Friday", "topic_image_url": "https://static1.personality-database.com/profile_images/e9e4a12eabfe42fb98143cf7f4ae253f.png", "source_location": {"cid": 13, "pid": 2, "sub_cat_id": 7899}, "can_post_image": false, "can_post_audio": false, "posts": {"posts": []}}}}