{"id": 11023, "mbti_profile": "Mary Magdelene", "profile_name_searchable": "marymagdelene", "allow_commenting": true, "allow_voting": true, "user_id": 3326, "contributor": "jlyrand", "contributor_create_date": "2018-04-03 02:42:02", "contributor_pic_path": "https://lh3.googleusercontent.com/a-/AOh14GixfymCZa3Ldk_3-ExcKVwN9c2ity2rlixml8zI=s96-c", "display_order": 990, "edit_lock": 0, "edit_lock_picture": 0, "is_active": true, "is_approved": true, "mbti_enneagram_type": "ENFJ 2w1", "mbti_type": "ENFJ 2w1", "pdb_comment_access": true, "pdb_page_owner": 0, "pdb_public_access": true, "wiki_description": "", "watch_count": 5, "comment_count": 0, "vote_count": 23, "vote_count_enneagram": 5, "vote_count_mbti": 23, "total_vote_counts": 35, "personality_type": "ENFJ - 2w1 - sp/so - 296 - SEI - SLUAI - FLEV - Phlegmatic [Dominant]", "type_updated_date": "2021-05-29 14:54:21", "enneagram_vote": "", "enneagram_vote_id": 0, "mbti_vote": "", "mbti_vote_id": 0, "is_watching": false, "image_exists": false, "profile_image_url": "https://static1.personality-database.com/profile_images/b2c1f0bb4ed34aac916d1a49513694b1.png", "profile_image_credit": "", "profile_image_credit_id": 62862, "profile_image_credit_type": "0", "profile_image_credit_url": "", "alt_subcategory": "", "related_subcategories": "", "cat_id": 13, "category": "Theatre", "category_is_fictional": true, "sub_cat_id": 1459, "subcategory": "Jesus Christ Superstar", "subcat_link_info": {"sub_cat_id": 1459, "cat_id": 13, "property_id": 2, "subcategory": "Jesus Christ Superstar"}, "related_subcat_link_info": null, "related_profiles": [{"id": 11021, "mbti_profile": "Jesus", "subcategory": "Jesus Christ Superstar", "profile_image_url": "https://static1.personality-database.com/profile_images/346dc95cb10c4838acc23cb203036885.png", "profile_name": "Jesus", "profile_subcat": "Jesus Christ Superstar", "sub_cat_id": 1459, "cat_id": 13, "property_id": 2, "mbti": "INFJ", "enneatype": "9w8"}, {"id": 11022, "mbti_profile": "Judas", "subcategory": "Jesus Christ Superstar", "profile_image_url": "https://static1.personality-database.com/profile_images/519e805c8a2d43018e9f152d79b49b63.png", "profile_name": "Judas", "profile_subcat": "Jesus Christ Superstar", "sub_cat_id": 1459, "cat_id": 13, "property_id": 2, "mbti": "INFJ", "enneatype": "1w9"}, {"id": 73418, "mbti_profile": "Pontius Pilate", "subcategory": "Jesus Christ Superstar", "profile_image_url": "https://static1.personality-database.com/profile_images/76a6b437c5cd4988922d5f3217cd9dd8.png", "profile_name": "Pontius Pilate", "profile_subcat": "Jesus Christ Superstar", "sub_cat_id": 1459, "cat_id": 13, "property_id": 2, "mbti": "ISTJ", "enneatype": "6w5"}, {"id": 11024, "mbti_profile": "King Herod", "subcategory": "Jesus Christ Superstar", "profile_image_url": "https://static1.personality-database.com/profile_images/1165144b5f544a80ae09d047df340e7e.png", "profile_name": "King Herod", "profile_subcat": "Jesus Christ Superstar", "sub_cat_id": 1459, "cat_id": 13, "property_id": 2, "mbti": "ESTP", "enneatype": "7w8"}, {"id": 73424, "mbti_profile": "Caiaphas", "subcategory": "Jesus Christ Superstar", "profile_image_url": "https://static1.personality-database.com/profile_images/f5a5f623ea1547daa2debd3b7bde5c86.png", "profile_name": "Caiaphas", "profile_subcat": "Jesus Christ Superstar", "sub_cat_id": 1459, "cat_id": 13, "property_id": 2, "mbti": "ESTJ", "enneatype": ""}, {"id": 131069, "mbti_profile": "Annas", "subcategory": "Jesus Christ Superstar", "profile_image_url": "https://static1.personality-database.com/profile_images/8d68704d335347db97a9fe441951cb3a.png", "profile_name": "Annas", "profile_subcat": "Jesus Christ Superstar", "sub_cat_id": 1459, "cat_id": 13, "property_id": 2, "mbti": "ISTJ", "enneatype": ""}, {"id": 73412, "mbti_profile": "Simon Zealotes", "subcategory": "Jesus Christ Superstar", "profile_image_url": "https://static1.personality-database.com/profile_images/d02263d07cb54d30922c43d77d4e31de.png", "profile_name": "Simon Zealotes", "profile_subcat": "Jesus Christ Superstar", "sub_cat_id": 1459, "cat_id": 13, "property_id": 2, "mbti": "ESFP", "enneatype": "7w6"}], "functions": ["Fe", "Ni", "Se", "Ti"], "systems": [{"hex_color": "#888888", "id": 1, "personality_type": "XXXX", "personality_type_id": 0, "system_name": "Four Letter", "system_vote_count": 21, "user_vote_type_id": 0, "vote_id": 0}, {"hex_color": "#006775", "id": 2, "personality_type": "XXXX", "personality_type_id": 0, "system_name": "Enneagram", "system_vote_count": 5, "user_vote_type_id": 0, "vote_id": 0}, {"hex_color": "#006775", "id": 5, "personality_type": "XXXX", "personality_type_id": 0, "system_name": "Instinctual Variant", "system_vote_count": 2, "user_vote_type_id": 0, "vote_id": 0}, {"hex_color": "#006775", "id": 6, "personality_type": "XXXX", "personality_type_id": 0, "system_name": "Tritype", "system_vote_count": 3, "user_vote_type_id": 0, "vote_id": 0}, {"hex_color": "#888888", "id": 3, "personality_type": "XXXX", "personality_type_id": 0, "system_name": "Socionics", "system_vote_count": 1, "user_vote_type_id": 0, "vote_id": 0}, {"hex_color": "#888888", "id": 9, "personality_type": "XXXX", "personality_type_id": 0, "system_name": "Big 5 (SLOAN)", "system_vote_count": 1, "user_vote_type_id": 0, "vote_id": 0}, {"hex_color": "#888888", "id": 8, "personality_type": "XXXX", "personality_type_id": 0, "system_name": "Attitudinal Psyche", "system_vote_count": 1, "user_vote_type_id": 0, "vote_id": 0}, {"hex_color": "#888888", "id": 7, "personality_type": "XXXX", "personality_type_id": 0, "system_name": "Temperaments", "system_vote_count": 1, "user_vote_type_id": 0, "vote_id": 0}, {"hex_color": "#888888", "id": 11, "personality_type": "XXXX", "personality_type_id": 0, "system_name": "Classic Jungian", "system_vote_count": 0, "user_vote_type_id": 0, "vote_id": 0}], "breakdown_systems": {"1": [{"myValue": "ENFJ", "personality_system_id": 1, "personality_type": "ENFJ", "theCount": 9}, {"myValue": "INFP", "personality_system_id": 1, "personality_type": "INFP", "theCount": 6}, {"myValue": "ISFJ", "personality_system_id": 1, "personality_type": "ISFJ", "theCount": 2}, {"myValue": "ENFP", "personality_system_id": 1, "personality_type": "ENFP", "theCount": 1}, {"myValue": "ESFJ", "personality_system_id": 1, "personality_type": "ESFJ", "theCount": 1}, {"myValue": "INTP", "personality_system_id": 1, "personality_type": "INTP", "theCount": 1}, {"myValue": "ISFP", "personality_system_id": 1, "personality_type": "ISFP", "theCount": 1}], "11": [{"myValue": "XXXX", "personality_system_id": 0, "personality_type": "XXXX", "theCount": 0}], "2": [{"myValue": "2w1", "personality_system_id": 2, "personality_type": "2w1", "theCount": 5}], "3": [{"myValue": "SEI", "personality_system_id": 3, "personality_type": "SEI", "theCount": 1}], "5": [{"myValue": "sp/so", "personality_system_id": 5, "personality_type": "sp/so", "theCount": 1}, {"myValue": "sp/sx", "personality_system_id": 5, "personality_type": "sp/sx", "theCount": 1}], "6": [{"myValue": "296", "personality_system_id": 6, "personality_type": "296", "theCount": 3}], "7": [{"myValue": "Phlegmatic [Dominant]", "personality_system_id": 7, "personality_type": "Phlegmatic [Dominant]", "theCount": 1}], "8": [{"myValue": "FLEV", "personality_system_id": 8, "personality_type": "FLEV", "theCount": 1}], "9": [{"myValue": "SLUAI", "personality_system_id": 9, "personality_type": "SLUAI", "theCount": 1}]}, "breakdown_config": {"expand": {"1": 3, "11": 1, "2": 3, "3": 1, "5": 1, "6": 1, "7": 1, "8": 1, "9": 1}, "fire": {"1": 0, "11": 0, "2": 0, "3": 0, "5": 0, "6": 0, "7": 0, "8": 0, "9": 0}}, "mbti_letter_stats": [{"type": "E", "percentage": "52%", "PercentageFloat": 0.5238095238095238}, {"type": "N", "percentage": "81%", "PercentageFloat": 0.8095238095238095}, {"type": "F", "percentage": "95%", "PercentageFloat": 0.9523809523809523}, {"type": "J", "percentage": "57%", "PercentageFloat": 0.5714285714285714}], "topic_info": {"can_generate": false, "topic": {"description": "", "follow_count": 0, "id": 10288, "is_following": false, "is_join_pending": false, "is_banned": false, "is_moderated": false, "name_readable": "Mary Magdelene", "post_count": 0, "source_profile_id": 11023, "source_type": "profile", "join_to_post": false, "can_pin": false, "related_topics": [{"description": "", "follow_count": 0, "id": 10286, "is_following": false, "is_join_pending": false, "is_banned": false, "is_moderated": false, "name_readable": "Jesus", "post_count": 0, "source_profile_id": 11021, "source_type": "profile", "image": {"picURL": "https://static1.personality-database.com/profile_images/346dc95cb10c4838acc23cb203036885.png"}, "join_to_post": false, "can_pin": false}, {"description": "", "follow_count": 0, "id": 10287, "is_following": false, "is_join_pending": false, "is_banned": false, "is_moderated": false, "name_readable": "Judas", "post_count": 0, "source_profile_id": 11022, "source_type": "profile", "image": {"picURL": "https://static1.personality-database.com/profile_images/519e805c8a2d43018e9f152d79b49b63.png"}, "join_to_post": false, "can_pin": false}, {"description": "", "follow_count": 0, "id": 10288, "is_following": false, "is_join_pending": false, "is_banned": false, "is_moderated": false, "name_readable": "Mary Magdelene", "post_count": 0, "source_profile_id": 11023, "source_type": "profile", "image": {"picURL": "https://static1.personality-database.com/profile_images/b2c1f0bb4ed34aac916d1a49513694b1.png"}, "join_to_post": false, "can_pin": false}, {"description": "", "follow_count": 0, "id": 10289, "is_following": false, "is_join_pending": false, "is_banned": false, "is_moderated": false, "name_readable": "King Herod", "post_count": 0, "source_profile_id": 11024, "source_type": "profile", "image": {"picURL": "https://static1.personality-database.com/profile_images/1165144b5f544a80ae09d047df340e7e.png"}, "join_to_post": false, "can_pin": false}, {"description": "", "follow_count": 0, "id": 59559, "is_following": false, "is_join_pending": false, "is_banned": false, "is_moderated": false, "name_readable": "Simon Zealotes", "post_count": 0, "source_profile_id": 73412, "source_type": "profile", "image": {"picURL": "https://static1.personality-database.com/profile_images/d02263d07cb54d30922c43d77d4e31de.png"}, "join_to_post": false, "can_pin": false}, {"description": "", "follow_count": 0, "id": 59565, "is_following": false, "is_join_pending": false, "is_banned": false, "is_moderated": false, "name_readable": "Pontius Pilate", "post_count": 0, "source_profile_id": 73418, "source_type": "profile", "image": {"picURL": "https://static1.personality-database.com/profile_images/76a6b437c5cd4988922d5f3217cd9dd8.png"}, "join_to_post": false, "can_pin": false}, {"description": "", "follow_count": 0, "id": 59571, "is_following": false, "is_join_pending": false, "is_banned": false, "is_moderated": false, "name_readable": "Caiaphas", "post_count": 0, "source_profile_id": 73424, "source_type": "profile", "image": {"picURL": "https://static1.personality-database.com/profile_images/f5a5f623ea1547daa2debd3b7bde5c86.png"}, "join_to_post": false, "can_pin": false}, {"description": "", "follow_count": 0, "id": 102287, "is_following": false, "is_join_pending": false, "is_banned": false, "is_moderated": false, "name_readable": "Annas", "post_count": 0, "source_profile_id": 131069, "source_type": "profile", "image": {"picURL": "https://static1.personality-database.com/profile_images/8d68704d335347db97a9fe441951cb3a.png"}, "join_to_post": false, "can_pin": false}], "subcategory": "Jesus Christ Superstar", "topic_image_url": "https://static1.personality-database.com/profile_images/b2c1f0bb4ed34aac916d1a49513694b1.png", "source_location": {"cid": 13, "pid": 2, "sub_cat_id": 1459}, "can_post_image": false, "can_post_audio": false, "posts": {"posts": []}}}}