{"id": 11045, "mbti_profile": "Velma Kelly", "profile_name_searchable": "velmakelly", "allow_commenting": true, "allow_voting": true, "user_id": 1, "contributor": "Kicking Lettuce", "contributor_create_date": "2018-04-04 21:57:29", "contributor_pic_path": "https://lh3.googleusercontent.com/a-/AFdZucrdBMOKLDDI4aEj02a1UJKyINeog4FnWpea5P_8COM=s96-c", "display_order": 995, "edit_lock": 0, "edit_lock_picture": 0, "is_active": true, "is_approved": true, "mbti_enneagram_type": "ESTP 3w4", "mbti_type": "ESTP 3w4", "pdb_comment_access": true, "pdb_page_owner": 0, "pdb_public_access": true, "wiki_description": "", "watch_count": 30, "comment_count": 2, "vote_count": 51, "vote_count_enneagram": 25, "vote_count_mbti": 51, "total_vote_counts": 108, "personality_type": "ESTP - 3w4 - so/sp - 387 - SEE - SCUEI - Choleric [Dominant]", "type_updated_date": "2021-05-28 03:40:54", "enneagram_vote": "", "enneagram_vote_id": 0, "mbti_vote": "", "mbti_vote_id": 0, "is_watching": false, "image_exists": false, "profile_image_url": "https://static1.personality-database.com/profile_images/d1bdf732f1034d009092339317592861.png", "profile_image_credit": "", "profile_image_credit_id": 60849, "profile_image_credit_type": "0", "profile_image_credit_url": "", "alt_subcategory": "", "related_subcategories": "", "cat_id": 13, "category": "Theatre", "category_is_fictional": true, "sub_cat_id": 1464, "subcategory": "Chicago", "subcat_link_info": {"sub_cat_id": 1464, "cat_id": 13, "property_id": 2, "subcategory": "Chicago"}, "related_subcat_link_info": null, "related_profiles": [{"id": 11044, "mbti_profile": "Roxie Hart", "subcategory": "Chicago", "profile_image_url": "https://static1.personality-database.com/profile_images/65f5284f7a624fce8ac781bcca47b7e8.png", "profile_name": "Roxie Hart", "profile_subcat": "Chicago", "sub_cat_id": 1464, "cat_id": 13, "property_id": 2, "mbti": "ESFP", "enneatype": "3w2"}, {"id": 31485, "mbti_profile": "Amos Hart", "subcategory": "Chicago", "profile_image_url": "https://static1.personality-database.com/profile_images/53da509698d8466386dfe91c8f122749.png", "profile_name": "Amos Hart", "profile_subcat": "Chicago", "sub_cat_id": 1464, "cat_id": 13, "property_id": 2, "mbti": "ISFJ", "enneatype": "9w1"}, {"id": 11046, "mbti_profile": "Billy Flynn", "subcategory": "Chicago", "profile_image_url": "https://static1.personality-database.com/profile_images/650fa36855b14beaa23b225cfbeba319.png", "profile_name": "Billy Flynn", "profile_subcat": "Chicago", "sub_cat_id": 1464, "cat_id": 13, "property_id": 2, "mbti": "ENTP", "enneatype": "3w2"}, {"id": 31484, "mbti_profile": "Matron \u201cMama\u201d Morton", "subcategory": "Chicago", "profile_image_url": "https://static1.personality-database.com/profile_images/dae36df9c1b7415aa1fb8db1df5db094.png", "profile_name": "Matron \u201cMama\u201d Morton", "profile_subcat": "Chicago", "sub_cat_id": 1464, "cat_id": 13, "property_id": 2, "mbti": "ENTJ", "enneatype": "3w2"}, {"id": 64902, "mbti_profile": "Mona", "subcategory": "Chicago", "profile_image_url": "", "profile_name": "Mona", "profile_subcat": "Chicago", "sub_cat_id": 1464, "cat_id": 13, "property_id": 2, "mbti": "ISFP", "enneatype": ""}, {"id": 64903, "mbti_profile": "Hunyak", "subcategory": "Chicago", "profile_image_url": "", "profile_name": "Hunyak", "profile_subcat": "Chicago", "sub_cat_id": 1464, "cat_id": 13, "property_id": 2, "mbti": "ISFJ", "enneatype": "9w1"}, {"id": 31488, "mbti_profile": "Annie", "subcategory": "Chicago", "profile_image_url": "", "profile_name": "Annie", "profile_subcat": "Chicago", "sub_cat_id": 1464, "cat_id": 13, "property_id": 2, "mbti": "ENFP", "enneatype": ""}, {"id": 31487, "mbti_profile": "June", "subcategory": "Chicago", "profile_image_url": "", "profile_name": "June", "profile_subcat": "Chicago", "sub_cat_id": 1464, "cat_id": 13, "property_id": 2, "mbti": "ISFJ", "enneatype": ""}], "functions": ["Se", "Ti", "Fe", "Ni"], "systems": [{"hex_color": "#888888", "id": 1, "personality_type": "XXXX", "personality_type_id": 0, "system_name": "Four Letter", "system_vote_count": 50, "user_vote_type_id": 0, "vote_id": 0}, {"hex_color": "#006775", "id": 2, "personality_type": "XXXX", "personality_type_id": 0, "system_name": "Enneagram", "system_vote_count": 25, "user_vote_type_id": 0, "vote_id": 0}, {"hex_color": "#006775", "id": 5, "personality_type": "XXXX", "personality_type_id": 0, "system_name": "Instinctual Variant", "system_vote_count": 9, "user_vote_type_id": 0, "vote_id": 0}, {"hex_color": "#006775", "id": 6, "personality_type": "XXXX", "personality_type_id": 0, "system_name": "Tritype", "system_vote_count": 7, "user_vote_type_id": 0, "vote_id": 0}, {"hex_color": "#888888", "id": 3, "personality_type": "XXXX", "personality_type_id": 0, "system_name": "Socionics", "system_vote_count": 3, "user_vote_type_id": 0, "vote_id": 0}, {"hex_color": "#888888", "id": 9, "personality_type": "XXXX", "personality_type_id": 0, "system_name": "Big 5 (SLOAN)", "system_vote_count": 4, "user_vote_type_id": 0, "vote_id": 0}, {"hex_color": "#888888", "id": 8, "personality_type": "XXXX", "personality_type_id": 0, "system_name": "Attitudinal Psyche", "system_vote_count": 4, "user_vote_type_id": 0, "vote_id": 0}, {"hex_color": "#888888", "id": 7, "personality_type": "XXXX", "personality_type_id": 0, "system_name": "Temperaments", "system_vote_count": 6, "user_vote_type_id": 0, "vote_id": 0}, {"hex_color": "#888888", "id": 11, "personality_type": "XXXX", "personality_type_id": 0, "system_name": "Classic Jungian", "system_vote_count": 0, "user_vote_type_id": 0, "vote_id": 0}], "breakdown_systems": {"1": [{"myValue": "ESTP", "personality_system_id": 1, "personality_type": "ESTP", "theCount": 42}, {"myValue": "ENTJ", "personality_system_id": 1, "personality_type": "ENTJ", "theCount": 4}, {"myValue": "ESFP", "personality_system_id": 1, "personality_type": "ESFP", "theCount": 3}, {"myValue": "ESTJ", "personality_system_id": 1, "personality_type": "ESTJ", "theCount": 1}], "11": [{"myValue": "XXXX", "personality_system_id": 0, "personality_type": "XXXX", "theCount": 0}], "2": [{"myValue": "3w4", "personality_system_id": 2, "personality_type": "3w4", "theCount": 21}, {"myValue": "8w7", "personality_system_id": 2, "personality_type": "8w7", "theCount": 4}], "3": [{"myValue": "SEE", "personality_system_id": 3, "personality_type": "SEE", "theCount": 3}], "5": [{"myValue": "so/sp", "personality_system_id": 5, "personality_type": "so/sp", "theCount": 8}, {"myValue": "sp/so", "personality_system_id": 5, "personality_type": "sp/so", "theCount": 1}], "6": [{"myValue": "387", "personality_system_id": 6, "personality_type": "387", "theCount": 6}, {"myValue": "837", "personality_system_id": 6, "personality_type": "837", "theCount": 1}], "7": [{"myValue": "Choleric [Dominant]", "personality_system_id": 7, "personality_type": "Choleric [Dominant]", "theCount": 6}], "8": [{"myValue": "VFLE", "personality_system_id": 8, "personality_type": "VFLE", "theCount": 3}, {"myValue": "VLFE", "personality_system_id": 8, "personality_type": "VLFE", "theCount": 1}], "9": [{"myValue": "SCUEI", "personality_system_id": 9, "personality_type": "SCUEI", "theCount": 4}]}, "breakdown_config": {"expand": {"1": 3, "11": 1, "2": 3, "3": 1, "5": 1, "6": 1, "7": 1, "8": 1, "9": 1}, "fire": {"1": 0, "11": 0, "2": 0, "3": 0, "5": 0, "6": 0, "7": 0, "8": 0, "9": 0}}, "mbti_letter_stats": [{"type": "E", "percentage": "100%", "PercentageFloat": 1}, {"type": "S", "percentage": "92%", "PercentageFloat": 0.92}, {"type": "T", "percentage": "94%", "PercentageFloat": 0.94}, {"type": "P", "percentage": "90%", "PercentageFloat": 0.9}], "topic_info": {"can_generate": false, "topic": {"description": "", "follow_count": 0, "id": 10309, "is_following": false, "is_join_pending": false, "is_banned": false, "is_moderated": false, "name_readable": "Velma Kelly", "post_count": 0, "source_profile_id": 11045, "source_type": "profile", "join_to_post": false, "can_pin": false, "related_topics": [{"description": "", "follow_count": 0, "id": 10310, "is_following": false, "is_join_pending": false, "is_banned": false, "is_moderated": false, "name_readable": "Billy Flynn", "post_count": 1, "source_profile_id": 11046, "source_type": "profile", "image": {"picURL": "https://static1.personality-database.com/profile_images/650fa36855b14beaa23b225cfbeba319.png"}, "join_to_post": false, "can_pin": false}, {"description": "", "follow_count": 0, "id": 10308, "is_following": false, "is_join_pending": false, "is_banned": false, "is_moderated": false, "name_readable": "Roxie Hart", "post_count": 0, "source_profile_id": 11044, "source_type": "profile", "image": {"picURL": "https://static1.personality-database.com/profile_images/65f5284f7a624fce8ac781bcca47b7e8.png"}, "join_to_post": false, "can_pin": false}, {"description": "", "follow_count": 0, "id": 10309, "is_following": false, "is_join_pending": false, "is_banned": false, "is_moderated": false, "name_readable": "Velma Kelly", "post_count": 0, "source_profile_id": 11045, "source_type": "profile", "image": {"picURL": "https://static1.personality-database.com/profile_images/d1bdf732f1034d009092339317592861.png"}, "join_to_post": false, "can_pin": false}, {"description": "", "follow_count": 0, "id": 28389, "is_following": false, "is_join_pending": false, "is_banned": false, "is_moderated": false, "name_readable": "Matron \"Mama\" Morton", "post_count": 0, "source_profile_id": 31484, "source_type": "profile", "image": {"picURL": "https://static1.personality-database.com/profile_images/dae36df9c1b7415aa1fb8db1df5db094.png"}, "join_to_post": false, "can_pin": false}, {"description": "", "follow_count": 0, "id": 28390, "is_following": false, "is_join_pending": false, "is_banned": false, "is_moderated": false, "name_readable": "Amos Hart", "post_count": 0, "source_profile_id": 31485, "source_type": "profile", "image": {"picURL": "https://static1.personality-database.com/profile_images/53da509698d8466386dfe91c8f122749.png"}, "join_to_post": false, "can_pin": false}, {"description": "", "follow_count": 0, "id": 28391, "is_following": false, "is_join_pending": false, "is_banned": false, "is_moderated": false, "name_readable": "Liz", "post_count": 0, "source_profile_id": 31486, "source_type": "profile", "image": {"picURL": "https://www.personality-database.com/images/profile_transparent.png"}, "join_to_post": false, "can_pin": false}, {"description": "", "follow_count": 0, "id": 28392, "is_following": false, "is_join_pending": false, "is_banned": false, "is_moderated": false, "name_readable": "June", "post_count": 0, "source_profile_id": 31487, "source_type": "profile", "image": {"picURL": "https://www.personality-database.com/images/profile_transparent.png"}, "join_to_post": false, "can_pin": false}, {"description": "", "follow_count": 0, "id": 28393, "is_following": false, "is_join_pending": false, "is_banned": false, "is_moderated": false, "name_readable": "Annie", "post_count": 0, "source_profile_id": 31488, "source_type": "profile", "image": {"picURL": "https://www.personality-database.com/images/profile_transparent.png"}, "join_to_post": false, "can_pin": false}, {"description": "", "follow_count": 0, "id": 54076, "is_following": false, "is_join_pending": false, "is_banned": false, "is_moderated": false, "name_readable": "Mona", "post_count": 0, "source_profile_id": 64902, "source_type": "profile", "image": {"picURL": "https://www.personality-database.com/images/profile_transparent.png"}, "join_to_post": false, "can_pin": false}, {"description": "", "follow_count": 0, "id": 54077, "is_following": false, "is_join_pending": false, "is_banned": false, "is_moderated": false, "name_readable": "Hunyak", "post_count": 0, "source_profile_id": 64903, "source_type": "profile", "image": {"picURL": "https://www.personality-database.com/images/profile_transparent.png"}, "join_to_post": false, "can_pin": false}], "subcategory": "Chicago", "topic_image_url": "https://static1.personality-database.com/profile_images/d1bdf732f1034d009092339317592861.png", "source_location": {"cid": 13, "pid": 2, "sub_cat_id": 1464}, "can_post_image": false, "can_post_audio": false, "posts": {"posts": []}}}}