{"id": 11067, "mbti_profile": "Perchik", "profile_name_searchable": "perchik", "allow_commenting": true, "allow_voting": true, "user_id": 1, "contributor": "Kicking Lettuce", "contributor_create_date": "2018-04-05 04:17:37", "contributor_pic_path": "https://lh3.googleusercontent.com/a-/AFdZucrdBMOKLDDI4aEj02a1UJKyINeog4FnWpea5P_8COM=s96-c", "display_order": 0, "edit_lock": 0, "edit_lock_picture": 0, "is_active": true, "is_approved": true, "mbti_enneagram_type": "ENTP 5w4", "mbti_type": "ENTP 5w4", "pdb_comment_access": true, "pdb_page_owner": 0, "pdb_public_access": true, "wiki_description": "", "watch_count": 7, "comment_count": 0, "vote_count": 16, "vote_count_enneagram": 6, "vote_count_mbti": 16, "total_vote_counts": 30, "personality_type": "ENTP - 5w4 - so/sx - 584 - ILE - SLOAI - LEVF - Choleric-Sanguine", "type_updated_date": "2021-05-28 18:17:06", "enneagram_vote": "", "enneagram_vote_id": 0, "mbti_vote": "", "mbti_vote_id": 0, "is_watching": false, "image_exists": false, "profile_image_url": "https://static1.personality-database.com/profile_images/57117670cd4c49808844c79ee883dc62.png", "profile_image_credit": "", "profile_image_credit_id": 50231, "profile_image_credit_type": "0", "profile_image_credit_url": "https://www.imdb.com/title/tt0067093/mediaviewer/rm3631580416?ft0=name&fv0=nm0001274&ft1=image_type&fv1=still_frame", "alt_subcategory": "", "related_subcategories": "", "cat_id": 13, "category": "Theatre", "category_is_fictional": true, "sub_cat_id": 1469, "subcategory": "Fiddler on the Roof", "subcat_link_info": {"sub_cat_id": 1469, "cat_id": 13, "property_id": 2, "subcategory": "Fiddler on the Roof"}, "related_subcat_link_info": null, "related_profiles": [{"id": 11063, "mbti_profile": "Tevye", "subcategory": "Fiddler on the Roof", "profile_image_url": "https://static1.personality-database.com/profile_images/60c1e01ef75b4f7ca776882f3a09b6d0.png", "profile_name": "Tevye", "profile_subcat": "Fiddler on the Roof", "sub_cat_id": 1469, "cat_id": 13, "property_id": 2, "mbti": "ENFP", "enneatype": "9w8"}, {"id": 11066, "mbti_profile": "Motel", "subcategory": "Fiddler on the Roof", "profile_image_url": "https://static1.personality-database.com/profile_images/53acf03ac3634fbb8a749e9206f49ae8.png", "profile_name": "Motel", "profile_subcat": "Fiddler on the Roof", "sub_cat_id": 1469, "cat_id": 13, "property_id": 2, "mbti": "INFP", "enneatype": "9w1"}, {"id": 11065, "mbti_profile": "Tzeitel", "subcategory": "Fiddler on the Roof", "profile_image_url": "https://static1.personality-database.com/profile_images/bf257b338c854c64a78a166a27c5edeb.png", "profile_name": "Tzeitel", "profile_subcat": "Fiddler on the Roof", "sub_cat_id": 1469, "cat_id": 13, "property_id": 2, "mbti": "INFJ", "enneatype": "9w1"}, {"id": 11064, "mbti_profile": "Golde", "subcategory": "Fiddler on the Roof", "profile_image_url": "https://static1.personality-database.com/profile_images/ad2e9eb3502f49afaa0b24617db00ad4.png", "profile_name": "Golde", "profile_subcat": "Fiddler on the Roof", "sub_cat_id": 1469, "cat_id": 13, "property_id": 2, "mbti": "ESTJ", "enneatype": "1w2"}, {"id": 11068, "mbti_profile": "Lazar Wolf", "subcategory": "Fiddler on the Roof", "profile_image_url": "https://static1.personality-database.com/profile_images/0f7f230bb0bc4cfeb380c12415e8f61d.png", "profile_name": "Lazar Wolf", "profile_subcat": "Fiddler on the Roof", "sub_cat_id": 1469, "cat_id": 13, "property_id": 2, "mbti": "ESFP", "enneatype": "7w6"}, {"id": 159127, "mbti_profile": "Yente", "subcategory": "Fiddler on the Roof", "profile_image_url": "https://static1.personality-database.com/profile_images/018e7478f21440e18dacc3ffa54c7867.png", "profile_name": "Yente", "profile_subcat": "Fiddler on the Roof", "sub_cat_id": 1469, "cat_id": 13, "property_id": 2, "mbti": "ESFJ", "enneatype": ""}, {"id": 11131, "mbti_profile": "Chava", "subcategory": "Fiddler on the Roof", "profile_image_url": "https://static1.personality-database.com/profile_images/733a8b6e162c42a48e95140ae9c143bd.png", "profile_name": "Chava", "profile_subcat": "Fiddler on the Roof", "sub_cat_id": 1469, "cat_id": 13, "property_id": 2, "mbti": "INFP", "enneatype": "4w5"}, {"id": 16537, "mbti_profile": "Hodel", "subcategory": "Fiddler on the Roof", "profile_image_url": "https://static1.personality-database.com/profile_images/1d5f930f8ef144beb07b3f89493477e8.png", "profile_name": "Hodel", "profile_subcat": "Fiddler on the Roof", "sub_cat_id": 1469, "cat_id": 13, "property_id": 2, "mbti": "ESFJ", "enneatype": "2w1"}], "functions": ["Ne", "Ti", "Fe", "Si"], "systems": [{"hex_color": "#888888", "id": 1, "personality_type": "XXXX", "personality_type_id": 0, "system_name": "Four Letter", "system_vote_count": 16, "user_vote_type_id": 0, "vote_id": 0}, {"hex_color": "#006775", "id": 2, "personality_type": "XXXX", "personality_type_id": 0, "system_name": "Enneagram", "system_vote_count": 6, "user_vote_type_id": 0, "vote_id": 0}, {"hex_color": "#006775", "id": 5, "personality_type": "XXXX", "personality_type_id": 0, "system_name": "Instinctual Variant", "system_vote_count": 2, "user_vote_type_id": 0, "vote_id": 0}, {"hex_color": "#006775", "id": 6, "personality_type": "XXXX", "personality_type_id": 0, "system_name": "Tritype", "system_vote_count": 1, "user_vote_type_id": 0, "vote_id": 0}, {"hex_color": "#888888", "id": 3, "personality_type": "XXXX", "personality_type_id": 0, "system_name": "Socionics", "system_vote_count": 2, "user_vote_type_id": 0, "vote_id": 0}, {"hex_color": "#888888", "id": 9, "personality_type": "XXXX", "personality_type_id": 0, "system_name": "Big 5 (SLOAN)", "system_vote_count": 1, "user_vote_type_id": 0, "vote_id": 0}, {"hex_color": "#888888", "id": 8, "personality_type": "XXXX", "personality_type_id": 0, "system_name": "Attitudinal Psyche", "system_vote_count": 1, "user_vote_type_id": 0, "vote_id": 0}, {"hex_color": "#888888", "id": 7, "personality_type": "XXXX", "personality_type_id": 0, "system_name": "Temperaments", "system_vote_count": 1, "user_vote_type_id": 0, "vote_id": 0}, {"hex_color": "#888888", "id": 11, "personality_type": "XXXX", "personality_type_id": 0, "system_name": "Classic Jungian", "system_vote_count": 0, "user_vote_type_id": 0, "vote_id": 0}], "breakdown_systems": {"1": [{"myValue": "ENTP", "personality_system_id": 1, "personality_type": "ENTP", "theCount": 11}, {"myValue": "ENTJ", "personality_system_id": 1, "personality_type": "ENTJ", "theCount": 3}, {"myValue": "INTJ", "personality_system_id": 1, "personality_type": "INTJ", "theCount": 2}], "11": [{"myValue": "XXXX", "personality_system_id": 0, "personality_type": "XXXX", "theCount": 0}], "2": [{"myValue": "5w4", "personality_system_id": 2, "personality_type": "5w4", "theCount": 3}, {"myValue": "1w2", "personality_system_id": 2, "personality_type": "1w2", "theCount": 1}, {"myValue": "7w8", "personality_system_id": 2, "personality_type": "7w8", "theCount": 1}, {"myValue": "8w9", "personality_system_id": 2, "personality_type": "8w9", "theCount": 1}], "3": [{"myValue": "ILE", "personality_system_id": 3, "personality_type": "ILE", "theCount": 1}, {"myValue": "LSI", "personality_system_id": 3, "personality_type": "LSI", "theCount": 1}], "5": [{"myValue": "so/sx", "personality_system_id": 5, "personality_type": "so/sx", "theCount": 1}, {"myValue": "sx/so", "personality_system_id": 5, "personality_type": "sx/so", "theCount": 1}], "6": [{"myValue": "584", "personality_system_id": 6, "personality_type": "584", "theCount": 1}], "7": [{"myValue": "Choleric-Sanguine", "personality_system_id": 7, "personality_type": "Choleric-Sanguine", "theCount": 1}], "8": [{"myValue": "LEVF", "personality_system_id": 8, "personality_type": "LEVF", "theCount": 1}], "9": [{"myValue": "SLOAI", "personality_system_id": 9, "personality_type": "SLOAI", "theCount": 1}]}, "breakdown_config": {"expand": {"1": 3, "11": 1, "2": 3, "3": 1, "5": 1, "6": 1, "7": 1, "8": 1, "9": 1}, "fire": {"1": 0, "11": 0, "2": 0, "3": 0, "5": 0, "6": 0, "7": 0, "8": 0, "9": 0}}, "mbti_letter_stats": [{"type": "E", "percentage": "88%", "PercentageFloat": 0.875}, {"type": "N", "percentage": "100%", "PercentageFloat": 1}, {"type": "T", "percentage": "100%", "PercentageFloat": 1}, {"type": "P", "percentage": "69%", "PercentageFloat": 0.6875}], "topic_info": {"can_generate": false, "topic": {"description": "", "follow_count": 0, "id": 10330, "is_following": false, "is_join_pending": false, "is_banned": false, "is_moderated": false, "name_readable": "Perchik", "post_count": 0, "source_profile_id": 11067, "source_type": "profile", "join_to_post": false, "can_pin": false, "related_topics": [{"description": "", "follow_count": 0, "id": 10326, "is_following": false, "is_join_pending": false, "is_banned": false, "is_moderated": false, "name_readable": "Tevye", "post_count": 0, "source_profile_id": 11063, "source_type": "profile", "image": {"picURL": "https://static1.personality-database.com/profile_images/60c1e01ef75b4f7ca776882f3a09b6d0.png"}, "join_to_post": false, "can_pin": false}, {"description": "", "follow_count": 0, "id": 10327, "is_following": false, "is_join_pending": false, "is_banned": false, "is_moderated": false, "name_readable": "Golde", "post_count": 0, "source_profile_id": 11064, "source_type": "profile", "image": {"picURL": "https://static1.personality-database.com/profile_images/ad2e9eb3502f49afaa0b24617db00ad4.png"}, "join_to_post": false, "can_pin": false}, {"description": "", "follow_count": 0, "id": 10328, "is_following": false, "is_join_pending": false, "is_banned": false, "is_moderated": false, "name_readable": "Tzeitel", "post_count": 0, "source_profile_id": 11065, "source_type": "profile", "image": {"picURL": "https://static1.personality-database.com/profile_images/bf257b338c854c64a78a166a27c5edeb.png"}, "join_to_post": false, "can_pin": false}, {"description": "", "follow_count": 0, "id": 10329, "is_following": false, "is_join_pending": false, "is_banned": false, "is_moderated": false, "name_readable": "Motel", "post_count": 0, "source_profile_id": 11066, "source_type": "profile", "image": {"picURL": "https://static1.personality-database.com/profile_images/53acf03ac3634fbb8a749e9206f49ae8.png"}, "join_to_post": false, "can_pin": false}, {"description": "", "follow_count": 0, "id": 10330, "is_following": false, "is_join_pending": false, "is_banned": false, "is_moderated": false, "name_readable": "Perchik", "post_count": 0, "source_profile_id": 11067, "source_type": "profile", "image": {"picURL": "https://static1.personality-database.com/profile_images/57117670cd4c49808844c79ee883dc62.png"}, "join_to_post": false, "can_pin": false}, {"description": "", "follow_count": 0, "id": 10331, "is_following": false, "is_join_pending": false, "is_banned": false, "is_moderated": false, "name_readable": "Lazar Wolf", "post_count": 0, "source_profile_id": 11068, "source_type": "profile", "image": {"picURL": "https://static1.personality-database.com/profile_images/0f7f230bb0bc4cfeb380c12415e8f61d.png"}, "join_to_post": false, "can_pin": false}, {"description": "", "follow_count": 0, "id": 10389, "is_following": false, "is_join_pending": false, "is_banned": false, "is_moderated": false, "name_readable": "Chava", "post_count": 0, "source_profile_id": 11131, "source_type": "profile", "image": {"picURL": "https://static1.personality-database.com/profile_images/733a8b6e162c42a48e95140ae9c143bd.png"}, "join_to_post": false, "can_pin": false}, {"description": "", "follow_count": 0, "id": 15218, "is_following": false, "is_join_pending": false, "is_banned": false, "is_moderated": false, "name_readable": "Hodel", "post_count": 0, "source_profile_id": 16537, "source_type": "profile", "image": {"picURL": "https://static1.personality-database.com/profile_images/1d5f930f8ef144beb07b3f89493477e8.png"}, "join_to_post": false, "can_pin": false}, {"description": "", "follow_count": 0, "id": 123505, "is_following": false, "is_join_pending": false, "is_banned": false, "is_moderated": false, "name_readable": "Yente", "post_count": 0, "source_profile_id": 159127, "source_type": "profile", "image": {"picURL": "https://static1.personality-database.com/profile_images/018e7478f21440e18dacc3ffa54c7867.png"}, "join_to_post": false, "can_pin": false}], "subcategory": "Fiddler on the Roof", "topic_image_url": "https://static1.personality-database.com/profile_images/57117670cd4c49808844c79ee883dc62.png", "source_location": {"cid": 13, "pid": 2, "sub_cat_id": 1469}, "can_post_image": false, "can_post_audio": false, "posts": {"posts": []}}}}