{"id": 11063, "mbti_profile": "Tevye", "profile_name_searchable": "tevye", "allow_commenting": true, "allow_voting": true, "user_id": 1, "contributor": "Kicking Lettuce", "contributor_create_date": "2018-04-05 04:14:31", "contributor_pic_path": "https://lh3.googleusercontent.com/a-/AFdZucrdBMOKLDDI4aEj02a1UJKyINeog4FnWpea5P_8COM=s96-c", "display_order": 1000, "edit_lock": 0, "edit_lock_picture": 0, "is_active": true, "is_approved": true, "mbti_enneagram_type": "ENFP 9w8", "mbti_type": "ENFP 9w8", "pdb_comment_access": true, "pdb_page_owner": 0, "pdb_public_access": true, "wiki_description": "A humble Jewish milkman who must choose between his religion or his daughters more than once.", "watch_count": 16, "comment_count": 20, "vote_count": 48, "vote_count_enneagram": 14, "vote_count_mbti": 48, "total_vote_counts": 78, "personality_type": "ENFP - 9w8 - 962 - SEI - SLUAN - FEVL - Sanguine-Melancholic", "type_updated_date": "2022-12-25 03:38:56", "enneagram_vote": "", "enneagram_vote_id": 0, "mbti_vote": "", "mbti_vote_id": 0, "is_watching": false, "image_exists": true, "profile_image_url": "https://static1.personality-database.com/profile_images/60c1e01ef75b4f7ca776882f3a09b6d0.png", "profile_image_credit": "", "profile_image_credit_id": 0, "profile_image_credit_type": "0", "profile_image_credit_url": "", "alt_subcategory": "", "related_subcategories": "", "cat_id": 13, "category": "Theatre", "category_is_fictional": true, "sub_cat_id": 1469, "subcategory": "Fiddler on the Roof", "subcat_link_info": {"sub_cat_id": 1469, "cat_id": 13, "property_id": 2, "subcategory": "Fiddler on the Roof"}, "related_subcat_link_info": null, "related_profiles": [{"id": 11066, "mbti_profile": "Motel", "subcategory": "Fiddler on the Roof", "profile_image_url": "https://static1.personality-database.com/profile_images/53acf03ac3634fbb8a749e9206f49ae8.png", "profile_name": "Motel", "profile_subcat": "Fiddler on the Roof", "sub_cat_id": 1469, "cat_id": 13, "property_id": 2, "mbti": "INFP", "enneatype": "9w1"}, {"id": 11065, "mbti_profile": "Tzeitel", "subcategory": "Fiddler on the Roof", "profile_image_url": "https://static1.personality-database.com/profile_images/bf257b338c854c64a78a166a27c5edeb.png", "profile_name": "Tzeitel", "profile_subcat": "Fiddler on the Roof", "sub_cat_id": 1469, "cat_id": 13, "property_id": 2, "mbti": "INFJ", "enneatype": "9w1"}, {"id": 11064, "mbti_profile": "Golde", "subcategory": "Fiddler on the Roof", "profile_image_url": "https://static1.personality-database.com/profile_images/ad2e9eb3502f49afaa0b24617db00ad4.png", "profile_name": "Golde", "profile_subcat": "Fiddler on the Roof", "sub_cat_id": 1469, "cat_id": 13, "property_id": 2, "mbti": "ESTJ", "enneatype": "1w2"}, {"id": 11068, "mbti_profile": "Lazar Wolf", "subcategory": "Fiddler on the Roof", "profile_image_url": "https://static1.personality-database.com/profile_images/0f7f230bb0bc4cfeb380c12415e8f61d.png", "profile_name": "Lazar Wolf", "profile_subcat": "Fiddler on the Roof", "sub_cat_id": 1469, "cat_id": 13, "property_id": 2, "mbti": "ESFP", "enneatype": "7w6"}, {"id": 159127, "mbti_profile": "Yente", "subcategory": "Fiddler on the Roof", "profile_image_url": "https://static1.personality-database.com/profile_images/018e7478f21440e18dacc3ffa54c7867.png", "profile_name": "Yente", "profile_subcat": "Fiddler on the Roof", "sub_cat_id": 1469, "cat_id": 13, "property_id": 2, "mbti": "ESFJ", "enneatype": ""}, {"id": 11067, "mbti_profile": "Perchik", "subcategory": "Fiddler on the Roof", "profile_image_url": "https://static1.personality-database.com/profile_images/57117670cd4c49808844c79ee883dc62.png", "profile_name": "Perchik", "profile_subcat": "Fiddler on the Roof", "sub_cat_id": 1469, "cat_id": 13, "property_id": 2, "mbti": "ENTP", "enneatype": "5w4"}, {"id": 11131, "mbti_profile": "Chava", "subcategory": "Fiddler on the Roof", "profile_image_url": "https://static1.personality-database.com/profile_images/733a8b6e162c42a48e95140ae9c143bd.png", "profile_name": "Chava", "profile_subcat": "Fiddler on the Roof", "sub_cat_id": 1469, "cat_id": 13, "property_id": 2, "mbti": "INFP", "enneatype": "4w5"}, {"id": 16537, "mbti_profile": "Hodel", "subcategory": "Fiddler on the Roof", "profile_image_url": "https://static1.personality-database.com/profile_images/1d5f930f8ef144beb07b3f89493477e8.png", "profile_name": "Hodel", "profile_subcat": "Fiddler on the Roof", "sub_cat_id": 1469, "cat_id": 13, "property_id": 2, "mbti": "ESFJ", "enneatype": "2w1"}], "functions": ["Ne", "Fi", "Te", "Si"], "systems": [{"hex_color": "#888888", "id": 1, "personality_type": "XXXX", "personality_type_id": 0, "system_name": "Four Letter", "system_vote_count": 47, "user_vote_type_id": 0, "vote_id": 0}, {"hex_color": "#006775", "id": 2, "personality_type": "XXXX", "personality_type_id": 0, "system_name": "Enneagram", "system_vote_count": 13, "user_vote_type_id": 0, "vote_id": 0}, {"hex_color": "#006775", "id": 5, "personality_type": "XXXX", "personality_type_id": 0, "system_name": "Instinctual Variant", "system_vote_count": 3, "user_vote_type_id": 0, "vote_id": 0}, {"hex_color": "#006775", "id": 6, "personality_type": "XXXX", "personality_type_id": 0, "system_name": "Tritype", "system_vote_count": 4, "user_vote_type_id": 0, "vote_id": 0}, {"hex_color": "#888888", "id": 3, "personality_type": "XXXX", "personality_type_id": 0, "system_name": "Socionics", "system_vote_count": 2, "user_vote_type_id": 0, "vote_id": 0}, {"hex_color": "#888888", "id": 9, "personality_type": "XXXX", "personality_type_id": 0, "system_name": "Big 5 (SLOAN)", "system_vote_count": 3, "user_vote_type_id": 0, "vote_id": 0}, {"hex_color": "#888888", "id": 8, "personality_type": "XXXX", "personality_type_id": 0, "system_name": "Attitudinal Psyche", "system_vote_count": 1, "user_vote_type_id": 0, "vote_id": 0}, {"hex_color": "#888888", "id": 7, "personality_type": "XXXX", "personality_type_id": 0, "system_name": "Temperaments", "system_vote_count": 3, "user_vote_type_id": 0, "vote_id": 0}, {"hex_color": "#888888", "id": 11, "personality_type": "XXXX", "personality_type_id": 0, "system_name": "Classic Jungian", "system_vote_count": 0, "user_vote_type_id": 0, "vote_id": 0}], "breakdown_systems": {"1": [{"myValue": "ENFP", "personality_system_id": 1, "personality_type": "ENFP", "theCount": 23}, {"myValue": "ESFJ", "personality_system_id": 1, "personality_type": "ESFJ", "theCount": 19}, {"myValue": "ESFP", "personality_system_id": 1, "personality_type": "ESFP", "theCount": 2}, {"myValue": "ESTJ", "personality_system_id": 1, "personality_type": "ESTJ", "theCount": 2}, {"myValue": "INTP", "personality_system_id": 1, "personality_type": "INTP", "theCount": 1}], "11": [{"myValue": "XXXX", "personality_system_id": 0, "personality_type": "XXXX", "theCount": 0}], "2": [{"myValue": "9w8", "personality_system_id": 2, "personality_type": "9w8", "theCount": 7}, {"myValue": "6w7", "personality_system_id": 2, "personality_type": "6w7", "theCount": 4}, {"myValue": "7w6", "personality_system_id": 2, "personality_type": "7w6", "theCount": 2}], "3": [{"myValue": "IEE", "personality_system_id": 3, "personality_type": "IEE", "theCount": 1}, {"myValue": "SEI", "personality_system_id": 3, "personality_type": "SEI", "theCount": 1}], "4": [{"myValue": "Chaotic Good", "personality_system_id": 4, "personality_type": "Chaotic Good", "theCount": 2}], "5": [{"myValue": "so/sp", "personality_system_id": 5, "personality_type": "so/sp", "theCount": 2}, {"myValue": "so/sx", "personality_system_id": 5, "personality_type": "so/sx", "theCount": 1}], "6": [{"myValue": "962", "personality_system_id": 6, "personality_type": "962", "theCount": 2}, {"myValue": "629", "personality_system_id": 6, "personality_type": "629", "theCount": 1}, {"myValue": "682", "personality_system_id": 6, "personality_type": "682", "theCount": 1}], "7": [{"myValue": "Melancholic-Sanguine", "personality_system_id": 7, "personality_type": "Melancholic-Sanguine", "theCount": 1}, {"myValue": "Sanguine [Dominant]", "personality_system_id": 7, "personality_type": "Sanguine [Dominant]", "theCount": 1}, {"myValue": "Sanguine-Melancholic", "personality_system_id": 7, "personality_type": "Sanguine-Melancholic", "theCount": 1}], "8": [{"myValue": "FEVL", "personality_system_id": 8, "personality_type": "FEVL", "theCount": 1}], "9": [{"myValue": "SLUAN", "personality_system_id": 9, "personality_type": "SLUAN", "theCount": 2}, {"myValue": "SCUAI", "personality_system_id": 9, "personality_type": "SCUAI", "theCount": 1}]}, "breakdown_config": {"expand": {"1": 3, "11": 1, "2": 3, "3": 1, "4": 1, "5": 1, "6": 1, "7": 1, "8": 1, "9": 1}, "fire": {"1": 1, "11": 0, "2": 0, "3": 0, "4": 0, "5": 0, "6": 0, "7": 0, "8": 0, "9": 0}}, "mbti_letter_stats": [{"type": "E", "percentage": "98%", "PercentageFloat": 0.9787234042553191}, {"type": "N", "percentage": "51%", "PercentageFloat": 0.5106382978723404}, {"type": "F", "percentage": "94%", "PercentageFloat": 0.9361702127659575}, {"type": "P", "percentage": "55%", "PercentageFloat": 0.5531914893617021}], "topic_info": {"can_generate": false, "topic": {"description": "", "follow_count": 0, "id": 10326, "is_following": false, "is_join_pending": false, "is_banned": false, "is_moderated": false, "name_readable": "Tevye", "post_count": 0, "source_profile_id": 11063, "source_type": "profile", "join_to_post": false, "can_pin": false, "related_topics": [{"description": "", "follow_count": 0, "id": 10326, "is_following": false, "is_join_pending": false, "is_banned": false, "is_moderated": false, "name_readable": "Tevye", "post_count": 0, "source_profile_id": 11063, "source_type": "profile", "image": {"picURL": "https://static1.personality-database.com/profile_images/60c1e01ef75b4f7ca776882f3a09b6d0.png"}, "join_to_post": false, "can_pin": false}, {"description": "", "follow_count": 0, "id": 10327, "is_following": false, "is_join_pending": false, "is_banned": false, "is_moderated": false, "name_readable": "Golde", "post_count": 0, "source_profile_id": 11064, "source_type": "profile", "image": {"picURL": "https://static1.personality-database.com/profile_images/ad2e9eb3502f49afaa0b24617db00ad4.png"}, "join_to_post": false, "can_pin": false}, {"description": "", "follow_count": 0, "id": 10329, "is_following": false, "is_join_pending": false, "is_banned": false, "is_moderated": false, "name_readable": "Motel", "post_count": 0, "source_profile_id": 11066, "source_type": "profile", "image": {"picURL": "https://static1.personality-database.com/profile_images/53acf03ac3634fbb8a749e9206f49ae8.png"}, "join_to_post": false, "can_pin": false}, {"description": "", "follow_count": 0, "id": 10330, "is_following": false, "is_join_pending": false, "is_banned": false, "is_moderated": false, "name_readable": "Perchik", "post_count": 0, "source_profile_id": 11067, "source_type": "profile", "image": {"picURL": "https://static1.personality-database.com/profile_images/57117670cd4c49808844c79ee883dc62.png"}, "join_to_post": false, "can_pin": false}, {"description": "", "follow_count": 0, "id": 10328, "is_following": false, "is_join_pending": false, "is_banned": false, "is_moderated": false, "name_readable": "Tzeitel", "post_count": 0, "source_profile_id": 11065, "source_type": "profile", "image": {"picURL": "https://static1.personality-database.com/profile_images/bf257b338c854c64a78a166a27c5edeb.png"}, "join_to_post": false, "can_pin": false}, {"description": "", "follow_count": 0, "id": 10389, "is_following": false, "is_join_pending": false, "is_banned": false, "is_moderated": false, "name_readable": "Chava", "post_count": 0, "source_profile_id": 11131, "source_type": "profile", "image": {"picURL": "https://static1.personality-database.com/profile_images/733a8b6e162c42a48e95140ae9c143bd.png"}, "join_to_post": false, "can_pin": false}, {"description": "", "follow_count": 0, "id": 10331, "is_following": false, "is_join_pending": false, "is_banned": false, "is_moderated": false, "name_readable": "Lazar Wolf", "post_count": 0, "source_profile_id": 11068, "source_type": "profile", "image": {"picURL": "https://static1.personality-database.com/profile_images/0f7f230bb0bc4cfeb380c12415e8f61d.png"}, "join_to_post": false, "can_pin": false}, {"description": "", "follow_count": 0, "id": 15218, "is_following": false, "is_join_pending": false, "is_banned": false, "is_moderated": false, "name_readable": "Hodel", "post_count": 0, "source_profile_id": 16537, "source_type": "profile", "image": {"picURL": "https://static1.personality-database.com/profile_images/1d5f930f8ef144beb07b3f89493477e8.png"}, "join_to_post": false, "can_pin": false}, {"description": "", "follow_count": 0, "id": 123505, "is_following": false, "is_join_pending": false, "is_banned": false, "is_moderated": false, "name_readable": "Yente", "post_count": 0, "source_profile_id": 159127, "source_type": "profile", "image": {"picURL": "https://static1.personality-database.com/profile_images/018e7478f21440e18dacc3ffa54c7867.png"}, "join_to_post": false, "can_pin": false}], "subcategory": "Fiddler on the Roof", "topic_image_url": "https://static1.personality-database.com/profile_images/60c1e01ef75b4f7ca776882f3a09b6d0.png", "source_location": {"cid": 13, "pid": 2, "sub_cat_id": 1469}, "can_post_image": false, "can_post_audio": false, "posts": {"posts": []}}}}