{"id": 111925, "mbti_profile": "Judith Ford", "profile_name_searchable": "judithford", "allow_commenting": true, "allow_voting": true, "user_id": 36084, "contributor": "mayab322", "contributor_create_date": "2020-03-29 19:27:40", "contributor_pic_path": "https://lh3.googleusercontent.com/a-/AOh14Gj4NyLy18WSHV2orT0EyqE6Pc9aTQiS0TBaAyZiJw=s96-c", "display_order": 995, "edit_lock": 0, "edit_lock_picture": 0, "is_active": true, "is_approved": true, "mbti_enneagram_type": "ENFP 7w6", "mbti_type": "ENFP 7w6", "pdb_comment_access": true, "pdb_page_owner": 0, "pdb_public_access": true, "wiki_description": "", "watch_count": 12, "comment_count": 4, "vote_count": 31, "vote_count_enneagram": 20, "vote_count_mbti": 31, "total_vote_counts": 71, "personality_type": "ENFP - 7w6 - sx/sp - 729 - EIE - SLUAI - EVLF - Sanguine-Melancholic", "type_updated_date": "2021-05-15 01:03:58", "enneagram_vote": "", "enneagram_vote_id": 0, "mbti_vote": "", "mbti_vote_id": 0, "is_watching": false, "image_exists": false, "profile_image_url": "", "profile_image_credit": "", "profile_image_credit_id": 0, "profile_image_credit_type": "0", "profile_image_credit_url": "", "alt_subcategory": "", "related_subcategories": "", "cat_id": 13, "category": "Theatre", "category_is_fictional": true, "sub_cat_id": 8182, "subcategory": "36 Questions", "subcat_link_info": {"sub_cat_id": 8182, "cat_id": 13, "property_id": 2, "subcategory": "36 Questions"}, "related_subcat_link_info": null, "related_profiles": [{"id": 111924, "mbti_profile": "Jase Connolly", "subcategory": "36 Questions", "profile_image_url": "", "profile_name": "Jase Connolly", "profile_subcat": "36 Questions", "sub_cat_id": 8182, "cat_id": 13, "property_id": 2, "mbti": "INFP", "enneatype": "1w9"}, {"id": 309768, "mbti_profile": "Henry", "subcategory": "36 Questions", "profile_image_url": "", "profile_name": "Henry", "profile_subcat": "36 Questions", "sub_cat_id": 8182, "cat_id": 13, "property_id": 2, "mbti": "ESFJ", "enneatype": ""}], "functions": ["Ne", "Fi", "Te", "Si"], "systems": [{"hex_color": "#888888", "id": 1, "personality_type": "XXXX", "personality_type_id": 0, "system_name": "Four Letter", "system_vote_count": 29, "user_vote_type_id": 0, "vote_id": 0}, {"hex_color": "#006775", "id": 2, "personality_type": "XXXX", "personality_type_id": 0, "system_name": "Enneagram", "system_vote_count": 19, "user_vote_type_id": 0, "vote_id": 0}, {"hex_color": "#006775", "id": 5, "personality_type": "XXXX", "personality_type_id": 0, "system_name": "Instinctual Variant", "system_vote_count": 7, "user_vote_type_id": 0, "vote_id": 0}, {"hex_color": "#006775", "id": 6, "personality_type": "XXXX", "personality_type_id": 0, "system_name": "Tritype", "system_vote_count": 8, "user_vote_type_id": 0, "vote_id": 0}, {"hex_color": "#888888", "id": 3, "personality_type": "XXXX", "personality_type_id": 0, "system_name": "Socionics", "system_vote_count": 1, "user_vote_type_id": 0, "vote_id": 0}, {"hex_color": "#888888", "id": 9, "personality_type": "XXXX", "personality_type_id": 0, "system_name": "Big 5 (SLOAN)", "system_vote_count": 1, "user_vote_type_id": 0, "vote_id": 0}, {"hex_color": "#888888", "id": 8, "personality_type": "XXXX", "personality_type_id": 0, "system_name": "Attitudinal Psyche", "system_vote_count": 1, "user_vote_type_id": 0, "vote_id": 0}, {"hex_color": "#888888", "id": 7, "personality_type": "XXXX", "personality_type_id": 0, "system_name": "Temperaments", "system_vote_count": 4, "user_vote_type_id": 0, "vote_id": 0}, {"hex_color": "#888888", "id": 11, "personality_type": "XXXX", "personality_type_id": 0, "system_name": "Classic Jungian", "system_vote_count": 0, "user_vote_type_id": 0, "vote_id": 0}], "breakdown_systems": {"1": [{"myValue": "ENFP", "personality_system_id": 1, "personality_type": "ENFP", "theCount": 18}, {"myValue": "ESFP", "personality_system_id": 1, "personality_type": "ESFP", "theCount": 5}, {"myValue": "ENTP", "personality_system_id": 1, "personality_type": "ENTP", "theCount": 3}, {"myValue": "ESTP", "personality_system_id": 1, "personality_type": "ESTP", "theCount": 1}, {"myValue": "INFP", "personality_system_id": 1, "personality_type": "INFP", "theCount": 1}, {"myValue": "ISFJ", "personality_system_id": 1, "personality_type": "ISFJ", "theCount": 1}], "11": [{"myValue": "XXXX", "personality_system_id": 0, "personality_type": "XXXX", "theCount": 0}], "2": [{"myValue": "7w6", "personality_system_id": 2, "personality_type": "7w6", "theCount": 17}, {"myValue": "3w2", "personality_system_id": 2, "personality_type": "3w2", "theCount": 1}, {"myValue": "3w4", "personality_system_id": 2, "personality_type": "3w4", "theCount": 1}], "3": [{"myValue": "EIE", "personality_system_id": 3, "personality_type": "EIE", "theCount": 1}], "4": [{"myValue": "Neutral Good", "personality_system_id": 4, "personality_type": "Neutral Good", "theCount": 1}], "5": [{"myValue": "sx/sp", "personality_system_id": 5, "personality_type": "sx/sp", "theCount": 7}], "6": [{"myValue": "728", "personality_system_id": 6, "personality_type": "728", "theCount": 4}, {"myValue": "729", "personality_system_id": 6, "personality_type": "729", "theCount": 4}], "7": [{"myValue": "Sanguine-Melancholic", "personality_system_id": 7, "personality_type": "Sanguine-Melancholic", "theCount": 4}], "8": [{"myValue": "EVLF", "personality_system_id": 8, "personality_type": "EVLF", "theCount": 1}], "9": [{"myValue": "SLUAI", "personality_system_id": 9, "personality_type": "SLUAI", "theCount": 1}]}, "breakdown_config": {"expand": {"1": 3, "11": 1, "2": 3, "3": 1, "4": 1, "5": 1, "6": 1, "7": 1, "8": 1, "9": 1}, "fire": {"1": 0, "11": 0, "2": 0, "3": 0, "4": 0, "5": 0, "6": 0, "7": 0, "8": 0, "9": 0}}, "mbti_letter_stats": [{"type": "E", "percentage": "93%", "PercentageFloat": 0.9310344827586207}, {"type": "N", "percentage": "76%", "PercentageFloat": 0.7586206896551724}, {"type": "F", "percentage": "86%", "PercentageFloat": 0.8620689655172413}, {"type": "P", "percentage": "97%", "PercentageFloat": 0.9655172413793104}], "topic_info": {"can_generate": false, "topic": {"description": "", "follow_count": 0, "id": 88866, "is_following": false, "is_join_pending": false, "is_banned": false, "is_moderated": false, "name_readable": "Judith Ford", "post_count": 0, "source_profile_id": 111925, "source_type": "profile", "join_to_post": false, "can_pin": false, "related_topics": [{"description": "", "follow_count": 0, "id": 88865, "is_following": false, "is_join_pending": false, "is_banned": false, "is_moderated": false, "name_readable": "Jase Connolly", "post_count": 0, "source_profile_id": 111924, "source_type": "profile", "image": {"picURL": "https://www.personality-database.com/images/profile_transparent.png"}, "join_to_post": false, "can_pin": false}, {"description": "", "follow_count": 0, "id": 88866, "is_following": false, "is_join_pending": false, "is_banned": false, "is_moderated": false, "name_readable": "Judith Ford", "post_count": 0, "source_profile_id": 111925, "source_type": "profile", "image": {"picURL": "https://www.personality-database.com/images/profile_transparent.png"}, "join_to_post": false, "can_pin": false}, {"description": "", "follow_count": 0, "id": 238168, "is_following": false, "is_join_pending": false, "is_banned": false, "is_moderated": false, "name_readable": "Henry", "post_count": 0, "source_profile_id": 309768, "source_type": "profile", "image": {"picURL": "https://www.personality-database.com/images/profile_transparent.png"}, "join_to_post": false, "can_pin": false}], "subcategory": "36 Questions", "topic_image_url": "https://www.personality-database.com/images/profile_transparent.png", "source_location": {"cid": 13, "pid": 2, "sub_cat_id": 8182}, "can_post_image": false, "can_post_audio": false, "posts": {"posts": []}}}}