{"id": 11286, "mbti_profile": "Alexander Hamilton", "profile_name_searchable": "alexanderhamilton", "allow_commenting": true, "allow_voting": true, "user_id": 5034, "contributor": "Pixie Corpse", "contributor_create_date": "2018-04-20 06:33:48", "contributor_pic_path": "https://lh3.googleusercontent.com/a-/AOh14GhP11oLePJpse_uE9Avam1p-5603jw0OakH4qPw=s96-c", "display_order": 1000, "edit_lock": 0, "edit_lock_picture": 0, "is_active": true, "is_approved": true, "mbti_enneagram_type": "ENTJ 3w4", "mbti_type": "ENTJ 3w4", "pdb_comment_access": true, "pdb_page_owner": 0, "pdb_public_access": true, "wiki_description": "", "watch_count": 463, "comment_count": 336, "vote_count": 1109, "vote_count_enneagram": 499, "vote_count_mbti": 1109, "total_vote_counts": 2159, "personality_type": "ENTJ - 3w4 - so/sp - 387 - LIE - SLOEI - VLEF - Choleric-Sanguine - EN(T)", "type_updated_date": "2022-11-15 11:35:17", "enneagram_vote": "", "enneagram_vote_id": 0, "mbti_vote": "", "mbti_vote_id": 0, "is_watching": false, "image_exists": false, "profile_image_url": "https://static1.personality-database.com/profile_images/a89f744305224b3bba79e732694f904a.png", "profile_image_credit": "", "profile_image_credit_id": 252751, "profile_image_credit_type": "0", "profile_image_credit_url": "", "alt_subcategory": "", "related_subcategories": "", "cat_id": 13, "category": "Theatre", "category_is_fictional": true, "sub_cat_id": 1499, "subcategory": "Hamilton: An American Musical", "subcat_link_info": {"sub_cat_id": 1499, "cat_id": 13, "property_id": 2, "subcategory": "Hamilton: An American Musical"}, "related_subcat_link_info": null, "related_profiles": [{"id": 11287, "mbti_profile": "Aaron Burr", "subcategory": "Hamilton: An American Musical", "profile_image_url": "https://static1.personality-database.com/profile_images/082632d1c2ed4255ac6982ef28e38ad3.png", "profile_name": "Aaron Burr", "profile_subcat": "Hamilton: An American Musical", "sub_cat_id": 1499, "cat_id": 13, "property_id": 2, "mbti": "INFJ", "enneatype": "9w1"}, {"id": 11288, "mbti_profile": "Angelica Schuyler", "subcategory": "Hamilton: An American Musical", "profile_image_url": "https://static1.personality-database.com/profile_images/e55077763c2044b7854def89aa20463b.png", "profile_name": "Angelica Schuyler", "profile_subcat": "Hamilton: An American Musical", "sub_cat_id": 1499, "cat_id": 13, "property_id": 2, "mbti": "ENFJ", "enneatype": "8w9"}, {"id": 11289, "mbti_profile": "Eliza\u00a0Schuyler", "subcategory": "Hamilton: An American Musical", "profile_image_url": "https://static1.personality-database.com/profile_images/f75ee8f9811f4ccfbc08da9055a67170.png", "profile_name": "Eliza\u00a0Schuyler", "profile_subcat": "Hamilton: An American Musical", "sub_cat_id": 1499, "cat_id": 13, "property_id": 2, "mbti": "ISFJ", "enneatype": "9w1"}, {"id": 15455, "mbti_profile": "Thomas Jefferson", "subcategory": "Hamilton: An American Musical", "profile_image_url": "https://static1.personality-database.com/profile_images/bc45e6f77cd24a5693137e5b7ba97abc.png", "profile_name": "Thomas Jefferson", "profile_subcat": "Hamilton: An American Musical", "sub_cat_id": 1499, "cat_id": 13, "property_id": 2, "mbti": "ENTP", "enneatype": "7w8"}, {"id": 15451, "mbti_profile": "George Washington", "subcategory": "Hamilton: An American Musical", "profile_image_url": "https://static1.personality-database.com/profile_images/433171ad38f342f1835f73d0dc131e24.png", "profile_name": "George Washington", "profile_subcat": "Hamilton: An American Musical", "sub_cat_id": 1499, "cat_id": 13, "property_id": 2, "mbti": "INFJ", "enneatype": "1w9"}, {"id": 25535, "mbti_profile": "King George III", "subcategory": "Hamilton: An American Musical", "profile_image_url": "https://static1.personality-database.com/profile_images/0e583f1ea5fe4860b8fdb4d95d510a09.png", "profile_name": "King George III", "profile_subcat": "Hamilton: An American Musical", "sub_cat_id": 1499, "cat_id": 13, "property_id": 2, "mbti": "ESFP", "enneatype": "2w3"}, {"id": 15457, "mbti_profile": "Phillip Hamilton", "subcategory": "Hamilton: An American Musical", "profile_image_url": "https://static1.personality-database.com/profile_images/2f3e4d9e788d46b1b9d1df9ad8fe6300.png", "profile_name": "Phillip Hamilton", "profile_subcat": "Hamilton: An American Musical", "sub_cat_id": 1499, "cat_id": 13, "property_id": 2, "mbti": "ESFP", "enneatype": "6w7"}, {"id": 15452, "mbti_profile": "John Laurens", "subcategory": "Hamilton: An American Musical", "profile_image_url": "https://static1.personality-database.com/profile_images/fddcae76affd43a18a0ba337b0d1cd4d.png", "profile_name": "John Laurens", "profile_subcat": "Hamilton: An American Musical", "sub_cat_id": 1499, "cat_id": 13, "property_id": 2, "mbti": "ENFP", "enneatype": "2w3"}], "functions": ["Ne", "Ni", "Se", "Si"], "systems": [{"hex_color": "#888888", "id": 1, "personality_type": "XXXX", "personality_type_id": 0, "system_name": "Four Letter", "system_vote_count": 1090, "user_vote_type_id": 0, "vote_id": 0}, {"hex_color": "#006775", "id": 2, "personality_type": "XXXX", "personality_type_id": 0, "system_name": "Enneagram", "system_vote_count": 485, "user_vote_type_id": 0, "vote_id": 0}, {"hex_color": "#006775", "id": 5, "personality_type": "XXXX", "personality_type_id": 0, "system_name": "Instinctual Variant", "system_vote_count": 136, "user_vote_type_id": 0, "vote_id": 0}, {"hex_color": "#006775", "id": 6, "personality_type": "XXXX", "personality_type_id": 0, "system_name": "Tritype", "system_vote_count": 127, "user_vote_type_id": 0, "vote_id": 0}, {"hex_color": "#888888", "id": 3, "personality_type": "XXXX", "personality_type_id": 0, "system_name": "Socionics", "system_vote_count": 60, "user_vote_type_id": 0, "vote_id": 0}, {"hex_color": "#888888", "id": 9, "personality_type": "XXXX", "personality_type_id": 0, "system_name": "Big 5 (SLOAN)", "system_vote_count": 46, "user_vote_type_id": 0, "vote_id": 0}, {"hex_color": "#888888", "id": 8, "personality_type": "XXXX", "personality_type_id": 0, "system_name": "Attitudinal Psyche", "system_vote_count": 38, "user_vote_type_id": 0, "vote_id": 0}, {"hex_color": "#888888", "id": 7, "personality_type": "XXXX", "personality_type_id": 0, "system_name": "Temperaments", "system_vote_count": 110, "user_vote_type_id": 0, "vote_id": 0}, {"hex_color": "#888888", "id": 11, "personality_type": "XXXX", "personality_type_id": 0, "system_name": "Classic Jungian", "system_vote_count": 12, "user_vote_type_id": 0, "vote_id": 0}], "breakdown_systems": {"1": [{"myValue": "ENTJ", "personality_system_id": 1, "personality_type": "ENTJ", "theCount": 459}, {"myValue": "ENFP", "personality_system_id": 1, "personality_type": "ENFP", "theCount": 352}, {"myValue": "ENTP", "personality_system_id": 1, "personality_type": "ENTP", "theCount": 262}, {"myValue": "ENFJ", "personality_system_id": 1, "personality_type": "ENFJ", "theCount": 6}, {"myValue": "ESTJ", "personality_system_id": 1, "personality_type": "ESTJ", "theCount": 3}, {"myValue": "ESTP", "personality_system_id": 1, "personality_type": "ESTP", "theCount": 3}, {"myValue": "INTJ", "personality_system_id": 1, "personality_type": "INTJ", "theCount": 3}, {"myValue": "ESFJ", "personality_system_id": 1, "personality_type": "ESFJ", "theCount": 1}, {"myValue": "ISTJ", "personality_system_id": 1, "personality_type": "ISTJ", "theCount": 1}], "10": [{"myValue": "Left-brained Extrovert", "personality_system_id": 10, "personality_type": "Left-brained Extrovert", "theCount": 1}], "11": [{"myValue": "EN(T)", "personality_system_id": 11, "personality_type": "EN(T)", "theCount": 11}, {"myValue": "ET(N)", "personality_system_id": 11, "personality_type": "ET(N)", "theCount": 1}], "2": [{"myValue": "3w4", "personality_system_id": 2, "personality_type": "3w4", "theCount": 443}, {"myValue": "8w7", "personality_system_id": 2, "personality_type": "8w7", "theCount": 20}, {"myValue": "7w8", "personality_system_id": 2, "personality_type": "7w8", "theCount": 6}, {"myValue": "3w2", "personality_system_id": 2, "personality_type": "3w2", "theCount": 5}, {"myValue": "4w3", "personality_system_id": 2, "personality_type": "4w3", "theCount": 4}, {"myValue": "5w6", "personality_system_id": 2, "personality_type": "5w6", "theCount": 2}, {"myValue": "2w1", "personality_system_id": 2, "personality_type": "2w1", "theCount": 1}, {"myValue": "2w3", "personality_system_id": 2, "personality_type": "2w3", "theCount": 1}, {"myValue": "5w4", "personality_system_id": 2, "personality_type": "5w4", "theCount": 1}, {"myValue": "6w5", "personality_system_id": 2, "personality_type": "6w5", "theCount": 1}, {"myValue": "7w6", "personality_system_id": 2, "personality_type": "7w6", "theCount": 1}], "3": [{"myValue": "LIE", "personality_system_id": 3, "personality_type": "LIE", "theCount": 43}, {"myValue": "EIE", "personality_system_id": 3, "personality_type": "EIE", "theCount": 9}, {"myValue": "ILE", "personality_system_id": 3, "personality_type": "ILE", "theCount": 4}, {"myValue": "IEE", "personality_system_id": 3, "personality_type": "IEE", "theCount": 1}, {"myValue": "IEI", "personality_system_id": 3, "personality_type": "IEI", "theCount": 1}, {"myValue": "LII", "personality_system_id": 3, "personality_type": "LII", "theCount": 1}, {"myValue": "SLE", "personality_system_id": 3, "personality_type": "SLE", "theCount": 1}], "4": [{"myValue": "Chaotic Neutral", "personality_system_id": 4, "personality_type": "Chaotic Neutral", "theCount": 27}, {"myValue": "Lawful Neutral", "personality_system_id": 4, "personality_type": "Lawful Neutral", "theCount": 15}, {"myValue": "Chaotic Good", "personality_system_id": 4, "personality_type": "Chaotic Good", "theCount": 8}, {"myValue": "True Neutral", "personality_system_id": 4, "personality_type": "True Neutral", "theCount": 2}, {"myValue": "Lawful Good", "personality_system_id": 4, "personality_type": "Lawful Good", "theCount": 1}, {"myValue": "Neutral Good", "personality_system_id": 4, "personality_type": "Neutral Good", "theCount": 1}], "5": [{"myValue": "so/sp", "personality_system_id": 5, "personality_type": "so/sp", "theCount": 104}, {"myValue": "so/sx", "personality_system_id": 5, "personality_type": "so/sx", "theCount": 13}, {"myValue": "sp/so", "personality_system_id": 5, "personality_type": "sp/so", "theCount": 10}, {"myValue": "sx/so", "personality_system_id": 5, "personality_type": "sx/so", "theCount": 4}, {"myValue": "sx/sp", "personality_system_id": 5, "personality_type": "sx/sp", "theCount": 3}, {"myValue": "sp/sx", "personality_system_id": 5, "personality_type": "sp/sx", "theCount": 2}], "6": [{"myValue": "387", "personality_system_id": 6, "personality_type": "387", "theCount": 86}, {"myValue": "378", "personality_system_id": 6, "personality_type": "378", "theCount": 14}, {"myValue": "385", "personality_system_id": 6, "personality_type": "385", "theCount": 7}, {"myValue": "317", "personality_system_id": 6, "personality_type": "317", "theCount": 4}, {"myValue": "837", "personality_system_id": 6, "personality_type": "837", "theCount": 3}, {"myValue": "358", "personality_system_id": 6, "personality_type": "358", "theCount": 2}, {"myValue": "368", "personality_system_id": 6, "personality_type": "368", "theCount": 2}, {"myValue": "271", "personality_system_id": 6, "personality_type": "271", "theCount": 1}, {"myValue": "361", "personality_system_id": 6, "personality_type": "361", "theCount": 1}, {"myValue": "379", "personality_system_id": 6, "personality_type": "379", "theCount": 1}, {"myValue": "487", "personality_system_id": 6, "personality_type": "487", "theCount": 1}, {"myValue": "713", "personality_system_id": 6, "personality_type": "713", "theCount": 1}, {"myValue": "738", "personality_system_id": 6, "personality_type": "738", "theCount": 1}, {"myValue": "783", "personality_system_id": 6, "personality_type": "783", "theCount": 1}, {"myValue": "835", "personality_system_id": 6, "personality_type": "835", "theCount": 1}, {"myValue": "873", "personality_system_id": 6, "personality_type": "873", "theCount": 1}], "7": [{"myValue": "Choleric-Sanguine", "personality_system_id": 7, "personality_type": "Choleric-Sanguine", "theCount": 84}, {"myValue": "Choleric [Dominant]", "personality_system_id": 7, "personality_type": "Choleric [Dominant]", "theCount": 13}, {"myValue": "Melancholic-Choleric", "personality_system_id": 7, "personality_type": "Melancholic-Choleric", "theCount": 3}, {"myValue": "Sanguine-Choleric", "personality_system_id": 7, "personality_type": "Sanguine-Choleric", "theCount": 3}, {"myValue": "Choleric-Melancholic", "personality_system_id": 7, "personality_type": "Choleric-Melancholic", "theCount": 2}, {"myValue": "Choleric-Phlegmatic", "personality_system_id": 7, "personality_type": "Choleric-Phlegmatic", "theCount": 2}, {"myValue": "Melancholic [Dominant]", "personality_system_id": 7, "personality_type": "Melancholic [Dominant]", "theCount": 1}, {"myValue": "Phlegmatic-Choleric", "personality_system_id": 7, "personality_type": "Phlegmatic-Choleric", "theCount": 1}, {"myValue": "Sanguine-Phlegmatic", "personality_system_id": 7, "personality_type": "Sanguine-Phlegmatic", "theCount": 1}], "8": [{"myValue": "VLEF", "personality_system_id": 8, "personality_type": "VLEF", "theCount": 27}, {"myValue": "VLFE", "personality_system_id": 8, "personality_type": "VLFE", "theCount": 6}, {"myValue": "VFLE", "personality_system_id": 8, "personality_type": "VFLE", "theCount": 3}, {"myValue": "EVLF", "personality_system_id": 8, "personality_type": "EVLF", "theCount": 1}, {"myValue": "VELF", "personality_system_id": 8, "personality_type": "VELF", "theCount": 1}], "9": [{"myValue": "SLOEI", "personality_system_id": 9, "personality_type": "SLOEI", "theCount": 43}, {"myValue": "SCOAI", "personality_system_id": 9, "personality_type": "SCOAI", "theCount": 1}, {"myValue": "SCUAI", "personality_system_id": 9, "personality_type": "SCUAI", "theCount": 1}, {"myValue": "SLUEI", "personality_system_id": 9, "personality_type": "SLUEI", "theCount": 1}]}, "breakdown_config": {"expand": {"1": 3, "10": 1, "11": 1, "2": 3, "3": 1, "4": 2, "5": 1, "6": 1, "7": 1, "8": 1, "9": 1}, "fire": {"1": 1, "10": 0, "11": 0, "2": 0, "3": 0, "4": 1, "5": 0, "6": 0, "7": 0, "8": 0, "9": 0}}, "mbti_letter_stats": [{"type": "E", "percentage": "100%", "PercentageFloat": 0.9963302752293578}, {"type": "N", "percentage": "99%", "PercentageFloat": 0.9926605504587156}, {"type": "T", "percentage": "67%", "PercentageFloat": 0.6706422018348623}, {"type": "J", "percentage": "43%", "PercentageFloat": 0.43394495412844036}], "topic_info": {"can_generate": false, "topic": {"description": "", "follow_count": 3, "id": 10534, "is_following": false, "is_join_pending": false, "is_banned": false, "is_moderated": false, "name_readable": "Alexander Hamilton", "post_count": 41, "source_profile_id": 11286, "source_type": "profile", "join_to_post": false, "can_pin": false, "related_topics": [{"description": "", "follow_count": 3, "id": 10534, "is_following": false, "is_join_pending": false, "is_banned": false, "is_moderated": false, "name_readable": "Alexander Hamilton", "post_count": 41, "source_profile_id": 11286, "source_type": "profile", "image": {"picURL": "https://static1.personality-database.com/profile_images/a89f744305224b3bba79e732694f904a.png"}, "join_to_post": false, "can_pin": false}, {"description": "#JonathanGroff\n#ESFPVillans", "follow_count": 0, "id": 22944, "is_following": false, "is_join_pending": false, "is_banned": false, "is_moderated": false, "name_readable": "King George III", "post_count": 19, "source_profile_id": 25535, "source_type": "profile", "image": {"picURL": "https://static1.personality-database.com/profile_images/0e583f1ea5fe4860b8fdb4d95d510a09.png"}, "join_to_post": false, "can_pin": false}, {"description": "#DaveedDiggs", "follow_count": 0, "id": 14200, "is_following": false, "is_join_pending": false, "is_banned": false, "is_moderated": false, "name_readable": "Thomas Jefferson", "post_count": 7, "source_profile_id": 15455, "source_type": "profile", "image": {"picURL": "https://static1.personality-database.com/profile_images/bc45e6f77cd24a5693137e5b7ba97abc.png"}, "join_to_post": false, "can_pin": false}, {"description": "", "follow_count": 0, "id": 10536, "is_following": false, "is_join_pending": false, "is_banned": false, "is_moderated": false, "name_readable": "Angelica Schuyler", "post_count": 4, "source_profile_id": 11288, "source_type": "profile", "image": {"picURL": "https://static1.personality-database.com/profile_images/e55077763c2044b7854def89aa20463b.png"}, "join_to_post": false, "can_pin": false}, {"description": "", "follow_count": 2, "id": 10537, "is_following": false, "is_join_pending": false, "is_banned": false, "is_moderated": false, "name_readable": "Eliza\u00a0Schuyler", "post_count": 4, "source_profile_id": 11289, "source_type": "profile", "image": {"picURL": "https://static1.personality-database.com/profile_images/f75ee8f9811f4ccfbc08da9055a67170.png"}, "join_to_post": false, "can_pin": false}, {"description": "", "follow_count": 1, "id": 10535, "is_following": false, "is_join_pending": false, "is_banned": false, "is_moderated": false, "name_readable": "Aaron Burr", "post_count": 3, "source_profile_id": 11287, "source_type": "profile", "image": {"picURL": "https://static1.personality-database.com/profile_images/082632d1c2ed4255ac6982ef28e38ad3.png"}, "join_to_post": false, "can_pin": false}, {"description": "", "follow_count": 0, "id": 14202, "is_following": false, "is_join_pending": false, "is_banned": false, "is_moderated": false, "name_readable": "Phillip Hamilton", "post_count": 2, "source_profile_id": 15457, "source_type": "profile", "image": {"picURL": "https://static1.personality-database.com/profile_images/2f3e4d9e788d46b1b9d1df9ad8fe6300.png"}, "join_to_post": false, "can_pin": false}, {"description": "", "follow_count": 0, "id": 14196, "is_following": false, "is_join_pending": false, "is_banned": false, "is_moderated": false, "name_readable": "George Washington", "post_count": 1, "source_profile_id": 15451, "source_type": "profile", "image": {"picURL": "https://static1.personality-database.com/profile_images/433171ad38f342f1835f73d0dc131e24.png"}, "join_to_post": false, "can_pin": false}, {"description": "", "follow_count": 0, "id": 127085, "is_following": false, "is_join_pending": false, "is_banned": false, "is_moderated": false, "name_readable": "The Bullet", "post_count": 1, "source_profile_id": 163856, "source_type": "profile", "image": {"picURL": "https://static1.personality-database.com/profile_images/dc735e0bb0324b7f903ef7bbd245d922.png"}, "join_to_post": false, "can_pin": false}, {"description": "", "follow_count": 0, "id": 14199, "is_following": false, "is_join_pending": false, "is_banned": false, "is_moderated": false, "name_readable": "Hercules Mulligan", "post_count": 0, "source_profile_id": 15454, "source_type": "profile", "image": {"picURL": "https://static1.personality-database.com/profile_images/46dc3db3979447fe95a66bbc50222cf5.png"}, "join_to_post": false, "can_pin": false}, {"description": "#DaveedDiggs", "follow_count": 0, "id": 14198, "is_following": false, "is_join_pending": false, "is_banned": false, "is_moderated": false, "name_readable": "Marquis de Lafayette", "post_count": 0, "source_profile_id": 15453, "source_type": "profile", "image": {"picURL": "https://static1.personality-database.com/profile_images/ca3c515d8121435895a5d5881225ffca.png"}, "join_to_post": false, "can_pin": false}, {"description": "", "follow_count": 0, "id": 14201, "is_following": false, "is_join_pending": false, "is_banned": false, "is_moderated": false, "name_readable": "James Madison", "post_count": 0, "source_profile_id": 15456, "source_type": "profile", "image": {"picURL": "https://static1.personality-database.com/profile_images/1bcb70c97d714e17afc36d3936898675.png"}, "join_to_post": false, "can_pin": false}, {"description": "", "follow_count": 0, "id": 14197, "is_following": false, "is_join_pending": false, "is_banned": false, "is_moderated": false, "name_readable": "John Laurens", "post_count": 0, "source_profile_id": 15452, "source_type": "profile", "image": {"picURL": "https://static1.personality-database.com/profile_images/fddcae76affd43a18a0ba337b0d1cd4d.png"}, "join_to_post": false, "can_pin": false}, {"description": "", "follow_count": 0, "id": 32697, "is_following": false, "is_join_pending": false, "is_banned": false, "is_moderated": false, "name_readable": "Margarita \u201cPeggy\u201d Schuyler", "post_count": 0, "source_profile_id": 36558, "source_type": "profile", "image": {"picURL": "https://static1.personality-database.com/profile_images/13db051ef262482cbb1ba567937ebd95.png"}, "join_to_post": false, "can_pin": false}, {"description": "", "follow_count": 0, "id": 48312, "is_following": false, "is_join_pending": false, "is_banned": false, "is_moderated": false, "name_readable": "Maria Reynolds", "post_count": 0, "source_profile_id": 56946, "source_type": "profile", "image": {"picURL": "https://static1.personality-database.com/profile_images/4a4bca6b8cb541bab23b24afeaad56e4.png"}, "join_to_post": false, "can_pin": false}, {"description": "", "follow_count": 0, "id": 127088, "is_following": false, "is_join_pending": false, "is_banned": false, "is_moderated": false, "name_readable": "Samuel Seabury", "post_count": 0, "source_profile_id": 163859, "source_type": "profile", "image": {"picURL": "https://static1.personality-database.com/profile_images/5802e0cd5c834028b120a649984557ed.png"}, "join_to_post": false, "can_pin": false}], "subcategory": "Hamilton: An American Musical", "topic_image_url": "https://static1.personality-database.com/profile_images/a89f744305224b3bba79e732694f904a.png", "source_location": {"cid": 13, "pid": 2, "sub_cat_id": 1499}, "can_post_image": false, "can_post_audio": false, "posts": {"posts": [{"username": "wekimeki", "user_pic_path": "https://lh3.googleusercontent.com/a-/AOh14Gh8jmJE3b09lbU32EKzdv2tFDxlFjeI9Hy6NHY=s96-c", "user_personality_type": "1w2-163", "is_mod": false, "comment_count": 0, "reply_count": 0, "vote_type": 0, "topics_list": [{"id": 10534, "name_readable": "Alexander Hamilton"}], "id": 2170219, "post_id": 2170219, "user_id": 696905, "title": "", "content": "ENTP lie is compatible so", "create_date": 1673503065000, "unix_timestamp": 1673503065000, "update_date": 1673503065000, "vote_count": 0, "vote_count_down": 0, "is_reported": 0, "is_hidden": false, "is_pinned": false, "is_watching": false, "is_pro_user": false, "images": null, "audios": null, "function_list": [], "type": "post"}, {"username": "yepyep", "user_pic_path": "https://static1.personality-database.com/user_avatars/1148526/41a61ba2-f9a4-49e4-b726-abc258b12856_small.jpeg", "user_personality_type": "ESFP-8w7-792", "is_mod": false, "comment_count": 0, "reply_count": 0, "vote_type": 0, "topics_list": [{"id": 10534, "name_readable": "Alexander Hamilton"}], "id": 1782120, "post_id": 1782120, "user_id": 1148526, "title": "t amo Alexander ", "content": "#", "create_date": 1669012151000, "unix_timestamp": 1669012151000, "update_date": 1669012151000, "vote_count": 1, "vote_count_down": 0, "is_reported": 0, "is_hidden": false, "is_pinned": false, "is_watching": false, "is_pro_user": false, "images": null, "audios": null, "function_list": [], "type": "post"}, {"username": "IceyGod", "user_pic_path": "https://static1.personality-database.com/user_avatars/934069/ebbb9a82-97d1-4b16-88fb-74976668d811_small.jpeg", "user_personality_type": "ENTJ-1w2-135", "is_mod": false, "comment_count": 0, "reply_count": 0, "vote_type": 0, "topics_list": [{"id": 10534, "name_readable": "Alexander Hamilton"}], "id": 1726902, "post_id": 1726902, "user_id": 934069, "title": "Team Hamilton or Burr? I'm team Hamilton all the way ", "content": "Hamilton all the way!!!", "create_date": 1668285395000, "unix_timestamp": 1668285395000, "update_date": 1668285395000, "vote_count": 1, "vote_count_down": 0, "is_reported": 0, "is_hidden": false, "is_pinned": false, "is_watching": false, "is_pro_user": false, "images": null, "audios": null, "function_list": [], "type": "post"}]}}}}