{"id": 11287, "mbti_profile": "Aaron Burr", "profile_name_searchable": "aaronburrsir", "allow_commenting": true, "allow_voting": true, "user_id": 5034, "contributor": "Pixie Corpse", "contributor_create_date": "2018-04-20 06:33:48", "contributor_pic_path": "https://lh3.googleusercontent.com/a-/AOh14GhP11oLePJpse_uE9Avam1p-5603jw0OakH4qPw=s96-c", "display_order": 0, "edit_lock": 0, "edit_lock_picture": 0, "is_active": true, "is_approved": true, "mbti_enneagram_type": "INFJ 9w1", "mbti_type": "INFJ 9w1", "pdb_comment_access": true, "pdb_page_owner": 0, "pdb_public_access": true, "wiki_description": "", "watch_count": 573, "comment_count": 194, "vote_count": 474, "vote_count_enneagram": 314, "vote_count_mbti": 474, "total_vote_counts": 1081, "personality_type": "INFJ - 9w1 - sp/so - 936 - IEI - RCOAN - LEVF - Phlegmatic-Choleric - IN(F)", "type_updated_date": "2022-12-18 01:34:13", "enneagram_vote": "", "enneagram_vote_id": 0, "mbti_vote": "", "mbti_vote_id": 0, "is_watching": false, "image_exists": false, "profile_image_url": "https://static1.personality-database.com/profile_images/082632d1c2ed4255ac6982ef28e38ad3.png", "profile_image_credit": "", "profile_image_credit_id": 165642, "profile_image_credit_type": "0", "profile_image_credit_url": "https://www.smithsonianmag.com/history/there-was-hamilton-there-was-burr-180959295/", "alt_subcategory": "", "related_subcategories": "", "cat_id": 13, "category": "Theatre", "category_is_fictional": true, "sub_cat_id": 1499, "subcategory": "Hamilton: An American Musical", "subcat_link_info": {"sub_cat_id": 1499, "cat_id": 13, "property_id": 2, "subcategory": "Hamilton: An American Musical"}, "related_subcat_link_info": null, "related_profiles": [{"id": 11286, "mbti_profile": "Alexander Hamilton", "subcategory": "Hamilton: An American Musical", "profile_image_url": "https://static1.personality-database.com/profile_images/a89f744305224b3bba79e732694f904a.png", "profile_name": "Alexander Hamilton", "profile_subcat": "Hamilton: An American Musical", "sub_cat_id": 1499, "cat_id": 13, "property_id": 2, "mbti": "ENTJ", "enneatype": "3w4"}, {"id": 11288, "mbti_profile": "Angelica Schuyler", "subcategory": "Hamilton: An American Musical", "profile_image_url": "https://static1.personality-database.com/profile_images/e55077763c2044b7854def89aa20463b.png", "profile_name": "Angelica Schuyler", "profile_subcat": "Hamilton: An American Musical", "sub_cat_id": 1499, "cat_id": 13, "property_id": 2, "mbti": "ENFJ", "enneatype": "8w9"}, {"id": 11289, "mbti_profile": "Eliza\u00a0Schuyler", "subcategory": "Hamilton: An American Musical", "profile_image_url": "https://static1.personality-database.com/profile_images/f75ee8f9811f4ccfbc08da9055a67170.png", "profile_name": "Eliza\u00a0Schuyler", "profile_subcat": "Hamilton: An American Musical", "sub_cat_id": 1499, "cat_id": 13, "property_id": 2, "mbti": "ISFJ", "enneatype": "9w1"}, {"id": 15455, "mbti_profile": "Thomas Jefferson", "subcategory": "Hamilton: An American Musical", "profile_image_url": "https://static1.personality-database.com/profile_images/bc45e6f77cd24a5693137e5b7ba97abc.png", "profile_name": "Thomas Jefferson", "profile_subcat": "Hamilton: An American Musical", "sub_cat_id": 1499, "cat_id": 13, "property_id": 2, "mbti": "ENTP", "enneatype": "7w8"}, {"id": 15451, "mbti_profile": "George Washington", "subcategory": "Hamilton: An American Musical", "profile_image_url": "https://static1.personality-database.com/profile_images/433171ad38f342f1835f73d0dc131e24.png", "profile_name": "George Washington", "profile_subcat": "Hamilton: An American Musical", "sub_cat_id": 1499, "cat_id": 13, "property_id": 2, "mbti": "INFJ", "enneatype": "1w9"}, {"id": 25535, "mbti_profile": "King George III", "subcategory": "Hamilton: An American Musical", "profile_image_url": "https://static1.personality-database.com/profile_images/0e583f1ea5fe4860b8fdb4d95d510a09.png", "profile_name": "King George III", "profile_subcat": "Hamilton: An American Musical", "sub_cat_id": 1499, "cat_id": 13, "property_id": 2, "mbti": "ESFP", "enneatype": "2w3"}, {"id": 15457, "mbti_profile": "Phillip Hamilton", "subcategory": "Hamilton: An American Musical", "profile_image_url": "https://static1.personality-database.com/profile_images/2f3e4d9e788d46b1b9d1df9ad8fe6300.png", "profile_name": "Phillip Hamilton", "profile_subcat": "Hamilton: An American Musical", "sub_cat_id": 1499, "cat_id": 13, "property_id": 2, "mbti": "ESFP", "enneatype": "6w7"}, {"id": 15452, "mbti_profile": "John Laurens", "subcategory": "Hamilton: An American Musical", "profile_image_url": "https://static1.personality-database.com/profile_images/fddcae76affd43a18a0ba337b0d1cd4d.png", "profile_name": "John Laurens", "profile_subcat": "Hamilton: An American Musical", "sub_cat_id": 1499, "cat_id": 13, "property_id": 2, "mbti": "ENFP", "enneatype": "2w3"}], "functions": ["Ni", "Fe", "Ti", "Se"], "systems": [{"hex_color": "#888888", "id": 1, "personality_type": "XXXX", "personality_type_id": 0, "system_name": "Four Letter", "system_vote_count": 467, "user_vote_type_id": 0, "vote_id": 0}, {"hex_color": "#006775", "id": 2, "personality_type": "XXXX", "personality_type_id": 0, "system_name": "Enneagram", "system_vote_count": 309, "user_vote_type_id": 0, "vote_id": 0}, {"hex_color": "#006775", "id": 5, "personality_type": "XXXX", "personality_type_id": 0, "system_name": "Instinctual Variant", "system_vote_count": 93, "user_vote_type_id": 0, "vote_id": 0}, {"hex_color": "#006775", "id": 6, "personality_type": "XXXX", "personality_type_id": 0, "system_name": "Tritype", "system_vote_count": 84, "user_vote_type_id": 0, "vote_id": 0}, {"hex_color": "#888888", "id": 3, "personality_type": "XXXX", "personality_type_id": 0, "system_name": "Socionics", "system_vote_count": 24, "user_vote_type_id": 0, "vote_id": 0}, {"hex_color": "#888888", "id": 9, "personality_type": "XXXX", "personality_type_id": 0, "system_name": "Big 5 (SLOAN)", "system_vote_count": 20, "user_vote_type_id": 0, "vote_id": 0}, {"hex_color": "#888888", "id": 8, "personality_type": "XXXX", "personality_type_id": 0, "system_name": "Attitudinal Psyche", "system_vote_count": 18, "user_vote_type_id": 0, "vote_id": 0}, {"hex_color": "#888888", "id": 7, "personality_type": "XXXX", "personality_type_id": 0, "system_name": "Temperaments", "system_vote_count": 40, "user_vote_type_id": 0, "vote_id": 0}, {"hex_color": "#888888", "id": 11, "personality_type": "XXXX", "personality_type_id": 0, "system_name": "Classic Jungian", "system_vote_count": 5, "user_vote_type_id": 0, "vote_id": 0}], "breakdown_systems": {"1": [{"myValue": "INFJ", "personality_system_id": 1, "personality_type": "INFJ", "theCount": 343}, {"myValue": "INTJ", "personality_system_id": 1, "personality_type": "INTJ", "theCount": 58}, {"myValue": "ISFJ", "personality_system_id": 1, "personality_type": "ISFJ", "theCount": 38}, {"myValue": "ISTJ", "personality_system_id": 1, "personality_type": "ISTJ", "theCount": 14}, {"myValue": "ISTP", "personality_system_id": 1, "personality_type": "ISTP", "theCount": 4}, {"myValue": "INTP", "personality_system_id": 1, "personality_type": "INTP", "theCount": 3}, {"myValue": "ENTJ", "personality_system_id": 1, "personality_type": "ENTJ", "theCount": 2}, {"myValue": "ESTJ", "personality_system_id": 1, "personality_type": "ESTJ", "theCount": 2}, {"myValue": "ISFP", "personality_system_id": 1, "personality_type": "ISFP", "theCount": 2}, {"myValue": "ESFJ", "personality_system_id": 1, "personality_type": "ESFJ", "theCount": 1}], "11": [{"myValue": "IN(F)", "personality_system_id": 11, "personality_type": "IN(F)", "theCount": 4}, {"myValue": "IS(F)", "personality_system_id": 11, "personality_type": "IS(F)", "theCount": 1}], "2": [{"myValue": "9w1", "personality_system_id": 2, "personality_type": "9w1", "theCount": 159}, {"myValue": "6w5", "personality_system_id": 2, "personality_type": "6w5", "theCount": 82}, {"myValue": "1w9", "personality_system_id": 2, "personality_type": "1w9", "theCount": 22}, {"myValue": "3w4", "personality_system_id": 2, "personality_type": "3w4", "theCount": 16}, {"myValue": "5w6", "personality_system_id": 2, "personality_type": "5w6", "theCount": 12}, {"myValue": "3w2", "personality_system_id": 2, "personality_type": "3w2", "theCount": 9}, {"myValue": "1w2", "personality_system_id": 2, "personality_type": "1w2", "theCount": 4}, {"myValue": "9w8", "personality_system_id": 2, "personality_type": "9w8", "theCount": 3}, {"myValue": "4w3", "personality_system_id": 2, "personality_type": "4w3", "theCount": 1}, {"myValue": "5w4", "personality_system_id": 2, "personality_type": "5w4", "theCount": 1}], "3": [{"myValue": "IEI", "personality_system_id": 3, "personality_type": "IEI", "theCount": 10}, {"myValue": "EII", "personality_system_id": 3, "personality_type": "EII", "theCount": 8}, {"myValue": "EIE", "personality_system_id": 3, "personality_type": "EIE", "theCount": 1}, {"myValue": "ILI", "personality_system_id": 3, "personality_type": "ILI", "theCount": 1}, {"myValue": "LIE", "personality_system_id": 3, "personality_type": "LIE", "theCount": 1}, {"myValue": "LSE", "personality_system_id": 3, "personality_type": "LSE", "theCount": 1}, {"myValue": "LSI", "personality_system_id": 3, "personality_type": "LSI", "theCount": 1}, {"myValue": "SEI", "personality_system_id": 3, "personality_type": "SEI", "theCount": 1}], "4": [{"myValue": "Lawful Neutral", "personality_system_id": 4, "personality_type": "Lawful Neutral", "theCount": 19}, {"myValue": "True Neutral", "personality_system_id": 4, "personality_type": "True Neutral", "theCount": 2}], "5": [{"myValue": "sp/so", "personality_system_id": 5, "personality_type": "sp/so", "theCount": 70}, {"myValue": "so/sp", "personality_system_id": 5, "personality_type": "so/sp", "theCount": 15}, {"myValue": "sp/sx", "personality_system_id": 5, "personality_type": "sp/sx", "theCount": 7}, {"myValue": "sx/so", "personality_system_id": 5, "personality_type": "sx/so", "theCount": 1}], "6": [{"myValue": "639", "personality_system_id": 6, "personality_type": "639", "theCount": 26}, {"myValue": "936", "personality_system_id": 6, "personality_type": "936", "theCount": 26}, {"myValue": "935", "personality_system_id": 6, "personality_type": "935", "theCount": 13}, {"myValue": "693", "personality_system_id": 6, "personality_type": "693", "theCount": 6}, {"myValue": "396", "personality_system_id": 6, "personality_type": "396", "theCount": 4}, {"myValue": "136", "personality_system_id": 6, "personality_type": "136", "theCount": 2}, {"myValue": "361", "personality_system_id": 6, "personality_type": "361", "theCount": 2}, {"myValue": "963", "personality_system_id": 6, "personality_type": "963", "theCount": 2}, {"myValue": "163", "personality_system_id": 6, "personality_type": "163", "theCount": 1}, {"myValue": "359", "personality_system_id": 6, "personality_type": "359", "theCount": 1}, {"myValue": "549", "personality_system_id": 6, "personality_type": "549", "theCount": 1}], "7": [{"myValue": "Phlegmatic-Choleric", "personality_system_id": 7, "personality_type": "Phlegmatic-Choleric", "theCount": 29}, {"myValue": "Melancholic-Choleric", "personality_system_id": 7, "personality_type": "Melancholic-Choleric", "theCount": 3}, {"myValue": "Phlegmatic-Melancholic", "personality_system_id": 7, "personality_type": "Phlegmatic-Melancholic", "theCount": 3}, {"myValue": "Melancholic [Dominant]", "personality_system_id": 7, "personality_type": "Melancholic [Dominant]", "theCount": 2}, {"myValue": "Phlegmatic [Dominant]", "personality_system_id": 7, "personality_type": "Phlegmatic [Dominant]", "theCount": 2}, {"myValue": "Choleric-Melancholic", "personality_system_id": 7, "personality_type": "Choleric-Melancholic", "theCount": 1}], "8": [{"myValue": "LEVF", "personality_system_id": 8, "personality_type": "LEVF", "theCount": 14}, {"myValue": "LEFV", "personality_system_id": 8, "personality_type": "LEFV", "theCount": 2}, {"myValue": "ELFV", "personality_system_id": 8, "personality_type": "ELFV", "theCount": 1}, {"myValue": "FVLE", "personality_system_id": 8, "personality_type": "FVLE", "theCount": 1}], "9": [{"myValue": "RCOAN", "personality_system_id": 9, "personality_type": "RCOAN", "theCount": 9}, {"myValue": "RCOAI", "personality_system_id": 9, "personality_type": "RCOAI", "theCount": 8}, {"myValue": "RLOAI", "personality_system_id": 9, "personality_type": "RLOAI", "theCount": 2}, {"myValue": "RLOEI", "personality_system_id": 9, "personality_type": "RLOEI", "theCount": 1}]}, "breakdown_config": {"expand": {"1": 3, "11": 1, "2": 3, "3": 1, "4": 1, "5": 1, "6": 2, "7": 1, "8": 1, "9": 1}, "fire": {"1": 0, "11": 0, "2": 1, "3": 0, "4": 0, "5": 0, "6": 1, "7": 0, "8": 0, "9": 0}}, "mbti_letter_stats": [{"type": "I", "percentage": "99%", "PercentageFloat": 0.9892933618843683}, {"type": "N", "percentage": "87%", "PercentageFloat": 0.8693790149892934}, {"type": "F", "percentage": "82%", "PercentageFloat": 0.8222698072805139}, {"type": "J", "percentage": "98%", "PercentageFloat": 0.9807280513918629}], "topic_info": {"can_generate": false, "topic": {"description": "", "follow_count": 1, "id": 10535, "is_following": false, "is_join_pending": false, "is_banned": false, "is_moderated": false, "name_readable": "Aaron Burr", "post_count": 3, "source_profile_id": 11287, "source_type": "profile", "join_to_post": false, "can_pin": false, "related_topics": [{"description": "", "follow_count": 3, "id": 10534, "is_following": false, "is_join_pending": false, "is_banned": false, "is_moderated": false, "name_readable": "Alexander Hamilton", "post_count": 41, "source_profile_id": 11286, "source_type": "profile", "image": {"picURL": "https://static1.personality-database.com/profile_images/a89f744305224b3bba79e732694f904a.png"}, "join_to_post": false, "can_pin": false}, {"description": "#JonathanGroff\n#ESFPVillans", "follow_count": 0, "id": 22944, "is_following": false, "is_join_pending": false, "is_banned": false, "is_moderated": false, "name_readable": "King George III", "post_count": 19, "source_profile_id": 25535, "source_type": "profile", "image": {"picURL": "https://static1.personality-database.com/profile_images/0e583f1ea5fe4860b8fdb4d95d510a09.png"}, "join_to_post": false, "can_pin": false}, {"description": "#DaveedDiggs", "follow_count": 0, "id": 14200, "is_following": false, "is_join_pending": false, "is_banned": false, "is_moderated": false, "name_readable": "Thomas Jefferson", "post_count": 7, "source_profile_id": 15455, "source_type": "profile", "image": {"picURL": "https://static1.personality-database.com/profile_images/bc45e6f77cd24a5693137e5b7ba97abc.png"}, "join_to_post": false, "can_pin": false}, {"description": "", "follow_count": 0, "id": 10536, "is_following": false, "is_join_pending": false, "is_banned": false, "is_moderated": false, "name_readable": "Angelica Schuyler", "post_count": 4, "source_profile_id": 11288, "source_type": "profile", "image": {"picURL": "https://static1.personality-database.com/profile_images/e55077763c2044b7854def89aa20463b.png"}, "join_to_post": false, "can_pin": false}, {"description": "", "follow_count": 2, "id": 10537, "is_following": false, "is_join_pending": false, "is_banned": false, "is_moderated": false, "name_readable": "Eliza\u00a0Schuyler", "post_count": 4, "source_profile_id": 11289, "source_type": "profile", "image": {"picURL": "https://static1.personality-database.com/profile_images/f75ee8f9811f4ccfbc08da9055a67170.png"}, "join_to_post": false, "can_pin": false}, {"description": "", "follow_count": 1, "id": 10535, "is_following": false, "is_join_pending": false, "is_banned": false, "is_moderated": false, "name_readable": "Aaron Burr", "post_count": 3, "source_profile_id": 11287, "source_type": "profile", "image": {"picURL": "https://static1.personality-database.com/profile_images/082632d1c2ed4255ac6982ef28e38ad3.png"}, "join_to_post": false, "can_pin": false}, {"description": "", "follow_count": 0, "id": 14202, "is_following": false, "is_join_pending": false, "is_banned": false, "is_moderated": false, "name_readable": "Phillip Hamilton", "post_count": 2, "source_profile_id": 15457, "source_type": "profile", "image": {"picURL": "https://static1.personality-database.com/profile_images/2f3e4d9e788d46b1b9d1df9ad8fe6300.png"}, "join_to_post": false, "can_pin": false}, {"description": "", "follow_count": 0, "id": 14196, "is_following": false, "is_join_pending": false, "is_banned": false, "is_moderated": false, "name_readable": "George Washington", "post_count": 1, "source_profile_id": 15451, "source_type": "profile", "image": {"picURL": "https://static1.personality-database.com/profile_images/433171ad38f342f1835f73d0dc131e24.png"}, "join_to_post": false, "can_pin": false}, {"description": "", "follow_count": 0, "id": 127085, "is_following": false, "is_join_pending": false, "is_banned": false, "is_moderated": false, "name_readable": "The Bullet", "post_count": 1, "source_profile_id": 163856, "source_type": "profile", "image": {"picURL": "https://static1.personality-database.com/profile_images/dc735e0bb0324b7f903ef7bbd245d922.png"}, "join_to_post": false, "can_pin": false}, {"description": "", "follow_count": 0, "id": 14199, "is_following": false, "is_join_pending": false, "is_banned": false, "is_moderated": false, "name_readable": "Hercules Mulligan", "post_count": 0, "source_profile_id": 15454, "source_type": "profile", "image": {"picURL": "https://static1.personality-database.com/profile_images/46dc3db3979447fe95a66bbc50222cf5.png"}, "join_to_post": false, "can_pin": false}, {"description": "#DaveedDiggs", "follow_count": 0, "id": 14198, "is_following": false, "is_join_pending": false, "is_banned": false, "is_moderated": false, "name_readable": "Marquis de Lafayette", "post_count": 0, "source_profile_id": 15453, "source_type": "profile", "image": {"picURL": "https://static1.personality-database.com/profile_images/ca3c515d8121435895a5d5881225ffca.png"}, "join_to_post": false, "can_pin": false}, {"description": "", "follow_count": 0, "id": 14201, "is_following": false, "is_join_pending": false, "is_banned": false, "is_moderated": false, "name_readable": "James Madison", "post_count": 0, "source_profile_id": 15456, "source_type": "profile", "image": {"picURL": "https://static1.personality-database.com/profile_images/1bcb70c97d714e17afc36d3936898675.png"}, "join_to_post": false, "can_pin": false}, {"description": "", "follow_count": 0, "id": 14197, "is_following": false, "is_join_pending": false, "is_banned": false, "is_moderated": false, "name_readable": "John Laurens", "post_count": 0, "source_profile_id": 15452, "source_type": "profile", "image": {"picURL": "https://static1.personality-database.com/profile_images/fddcae76affd43a18a0ba337b0d1cd4d.png"}, "join_to_post": false, "can_pin": false}, {"description": "", "follow_count": 0, "id": 32697, "is_following": false, "is_join_pending": false, "is_banned": false, "is_moderated": false, "name_readable": "Margarita \u201cPeggy\u201d Schuyler", "post_count": 0, "source_profile_id": 36558, "source_type": "profile", "image": {"picURL": "https://static1.personality-database.com/profile_images/13db051ef262482cbb1ba567937ebd95.png"}, "join_to_post": false, "can_pin": false}, {"description": "", "follow_count": 0, "id": 48312, "is_following": false, "is_join_pending": false, "is_banned": false, "is_moderated": false, "name_readable": "Maria Reynolds", "post_count": 0, "source_profile_id": 56946, "source_type": "profile", "image": {"picURL": "https://static1.personality-database.com/profile_images/4a4bca6b8cb541bab23b24afeaad56e4.png"}, "join_to_post": false, "can_pin": false}, {"description": "", "follow_count": 0, "id": 127088, "is_following": false, "is_join_pending": false, "is_banned": false, "is_moderated": false, "name_readable": "Samuel Seabury", "post_count": 0, "source_profile_id": 163859, "source_type": "profile", "image": {"picURL": "https://static1.personality-database.com/profile_images/5802e0cd5c834028b120a649984557ed.png"}, "join_to_post": false, "can_pin": false}], "subcategory": "Hamilton: An American Musical", "topic_image_url": "https://static1.personality-database.com/profile_images/082632d1c2ed4255ac6982ef28e38ad3.png", "source_location": {"cid": 13, "pid": 2, "sub_cat_id": 1499}, "can_post_image": false, "can_post_audio": false, "posts": {"posts": [{"username": "kid_ava", "user_pic_path": "https://static1.personality-database.com/user_avatars/231165/9b2afb9a-bd6a-4e34-9850-a73ee65e9fa6.jpeg", "user_personality_type": "INFP-4w3-479", "is_mod": false, "comment_count": 0, "reply_count": 0, "vote_type": 0, "topics_list": [{"id": 10535, "name_readable": "Aaron Burr"}], "id": 792617, "post_id": 792617, "user_id": 231165, "title": "", "content": "aaron was so boring bruh, I don't remember anything about his character, motivations, or actions expect for the duel, dear theodosia (idk the point of that song either), and room where it happens", "create_date": 1653953522000, "unix_timestamp": 1653953522000, "update_date": 1653953522000, "vote_count": 2, "vote_count_down": 2, "is_reported": 0, "is_hidden": false, "is_pinned": false, "is_watching": false, "is_pro_user": false, "images": null, "audios": null, "function_list": [], "type": "post"}, {"username": "star_shine", "user_pic_path": "https://static1.personality-database.com/user_avatars/600871/1664566b-3d9c-4317-a534-afed5213da8e_small.jpeg", "user_personality_type": "9w1-954", "is_mod": false, "comment_count": 1, "reply_count": 1, "vote_type": 0, "topics_list": [{"id": 10535, "name_readable": "Aaron Burr"}], "id": 392899, "post_id": 392899, "user_id": 600871, "title": "", "content": "Why'd they have to change the name back :(", "create_date": 1646587124000, "unix_timestamp": 1646587124000, "update_date": 1646587124000, "vote_count": 2, "vote_count_down": 0, "is_reported": 0, "is_hidden": false, "is_pinned": false, "is_watching": false, "is_pro_user": false, "images": null, "audios": null, "function_list": [], "type": "post"}, {"username": "use.les.s", "user_pic_path": "https://lh3.googleusercontent.com/a/AATXAJw2YfgFJOK3IGnInACq4VWA80nb5KrGWYfFzslV=s96-c", "user_personality_type": "INFJ", "is_mod": false, "comment_count": 0, "reply_count": 0, "vote_type": 0, "topics_list": [{"id": 10535, "name_readable": "Aaron Burr"}], "id": 262876, "post_id": 262876, "user_id": 406467, "title": "", "content": "i don't think i have good arguments and i can't decide if he's an INFJ or INTJ but i'm pretty sure he is a ni dom as a ni dom myself", "create_date": 1643005953000, "unix_timestamp": 1643005953000, "update_date": 1643005953000, "vote_count": 2, "vote_count_down": 0, "is_reported": 0, "is_hidden": false, "is_pinned": false, "is_watching": false, "is_pro_user": false, "images": null, "audios": null, "function_list": [], "type": "post"}]}}}}