{"id": 11291, "mbti_profile": "Heather Duke", "profile_name_searchable": "heatherduke", "allow_commenting": true, "allow_voting": true, "user_id": 5034, "contributor": "Pixie Corpse", "contributor_create_date": "2018-04-20 06:39:18", "contributor_pic_path": "https://lh3.googleusercontent.com/a-/AOh14GhP11oLePJpse_uE9Avam1p-5603jw0OakH4qPw=s96-c", "display_order": 0, "edit_lock": 0, "edit_lock_picture": 0, "is_active": true, "is_approved": true, "mbti_enneagram_type": "ISTJ 8w9", "mbti_type": "ISTJ 8w9", "pdb_comment_access": true, "pdb_page_owner": 0, "pdb_public_access": true, "wiki_description": "", "watch_count": 53, "comment_count": 13, "vote_count": 73, "vote_count_enneagram": 44, "vote_count_mbti": 73, "total_vote_counts": 152, "personality_type": "ISTJ - 8w9 - 863 - LSI - RLOEN - VLFE - Choleric [Dominant]", "type_updated_date": "2021-05-21 20:12:34", "enneagram_vote": "", "enneagram_vote_id": 0, "mbti_vote": "", "mbti_vote_id": 0, "is_watching": false, "image_exists": false, "profile_image_url": "https://static1.personality-database.com/profile_images/7e429768f7f94054b9cfc961280f78c6.png", "profile_image_credit": "", "profile_image_credit_id": 0, "profile_image_credit_type": "0", "profile_image_credit_url": "", "alt_subcategory": "", "related_subcategories": "", "cat_id": 13, "category": "Theatre", "category_is_fictional": true, "sub_cat_id": 1500, "subcategory": "Heathers", "subcat_link_info": {"sub_cat_id": 1500, "cat_id": 13, "property_id": 2, "subcategory": "Heathers"}, "related_subcat_link_info": null, "related_profiles": [{"id": 15252, "mbti_profile": "Jason Dean \"J.D.\"", "subcategory": "Heathers", "profile_image_url": "https://static1.personality-database.com/profile_images/cb3e34fbb83b415187117320f8e18e84.png", "profile_name": "Jason Dean \"J.D.\"", "profile_subcat": "Heathers", "sub_cat_id": 1500, "cat_id": 13, "property_id": 2, "mbti": "ISFP", "enneatype": "4w3"}, {"id": 11290, "mbti_profile": "Veronica Sawyer", "subcategory": "Heathers", "profile_image_url": "https://static1.personality-database.com/profile_images/1a9342bc6ed34327920d0d519b69e9e2.png", "profile_name": "Veronica Sawyer", "profile_subcat": "Heathers", "sub_cat_id": 1500, "cat_id": 13, "property_id": 2, "mbti": "INFJ", "enneatype": "4w3"}, {"id": 15458, "mbti_profile": "Martha Dunstock", "subcategory": "Heathers", "profile_image_url": "https://static1.personality-database.com/profile_images/b10362084cd64d8690a9dbfad9b03237.png", "profile_name": "Martha Dunstock", "profile_subcat": "Heathers", "sub_cat_id": 1500, "cat_id": 13, "property_id": 2, "mbti": "INFP", "enneatype": "2w1"}, {"id": 11292, "mbti_profile": "Heather McNamara", "subcategory": "Heathers", "profile_image_url": "https://static1.personality-database.com/profile_images/f70d180f8cdd4798adc28662becd4cad.png", "profile_name": "Heather McNamara", "profile_subcat": "Heathers", "sub_cat_id": 1500, "cat_id": 13, "property_id": 2, "mbti": "ESFJ", "enneatype": "6w7"}, {"id": 11293, "mbti_profile": "Heather Chandler", "subcategory": "Heathers", "profile_image_url": "https://static1.personality-database.com/profile_images/f742b8b27ce5479bbb403b39903c5149.png", "profile_name": "Heather Chandler", "profile_subcat": "Heathers", "sub_cat_id": 1500, "cat_id": 13, "property_id": 2, "mbti": "ESTJ", "enneatype": "8w7"}, {"id": 121347, "mbti_profile": "Kurt Kelly", "subcategory": "Heathers", "profile_image_url": "https://static1.personality-database.com/profile_images/a3aa42678e114e85bebcc61fde2973f5.png", "profile_name": "Kurt Kelly", "profile_subcat": "Heathers", "sub_cat_id": 1500, "cat_id": 13, "property_id": 2, "mbti": "ESTP", "enneatype": "3w4"}, {"id": 121348, "mbti_profile": "Ram Sweeney", "subcategory": "Heathers", "profile_image_url": "https://static1.personality-database.com/profile_images/3b876353dcbf42a48ee7e753f58ba28e.png", "profile_name": "Ram Sweeney", "profile_subcat": "Heathers", "sub_cat_id": 1500, "cat_id": 13, "property_id": 2, "mbti": "ESTP", "enneatype": "3w2"}, {"id": 126401, "mbti_profile": "Mrs. Fleming", "subcategory": "Heathers", "profile_image_url": "https://static1.personality-database.com/profile_images/767ba8e004b54edb94f5e29361048ff2.png", "profile_name": "Mrs. Fleming", "profile_subcat": "Heathers", "sub_cat_id": 1500, "cat_id": 13, "property_id": 2, "mbti": "ENFP", "enneatype": "3w4"}], "functions": ["Si", "Te", "Fi", "Ne"], "systems": [{"hex_color": "#888888", "id": 1, "personality_type": "XXXX", "personality_type_id": 0, "system_name": "Four Letter", "system_vote_count": 69, "user_vote_type_id": 0, "vote_id": 0}, {"hex_color": "#006775", "id": 2, "personality_type": "XXXX", "personality_type_id": 0, "system_name": "Enneagram", "system_vote_count": 41, "user_vote_type_id": 0, "vote_id": 0}, {"hex_color": "#006775", "id": 5, "personality_type": "XXXX", "personality_type_id": 0, "system_name": "Instinctual Variant", "system_vote_count": 10, "user_vote_type_id": 0, "vote_id": 0}, {"hex_color": "#006775", "id": 6, "personality_type": "XXXX", "personality_type_id": 0, "system_name": "Tritype", "system_vote_count": 13, "user_vote_type_id": 0, "vote_id": 0}, {"hex_color": "#888888", "id": 3, "personality_type": "XXXX", "personality_type_id": 0, "system_name": "Socionics", "system_vote_count": 2, "user_vote_type_id": 0, "vote_id": 0}, {"hex_color": "#888888", "id": 9, "personality_type": "XXXX", "personality_type_id": 0, "system_name": "Big 5 (SLOAN)", "system_vote_count": 3, "user_vote_type_id": 0, "vote_id": 0}, {"hex_color": "#888888", "id": 8, "personality_type": "XXXX", "personality_type_id": 0, "system_name": "Attitudinal Psyche", "system_vote_count": 5, "user_vote_type_id": 0, "vote_id": 0}, {"hex_color": "#888888", "id": 7, "personality_type": "XXXX", "personality_type_id": 0, "system_name": "Temperaments", "system_vote_count": 7, "user_vote_type_id": 0, "vote_id": 0}, {"hex_color": "#888888", "id": 11, "personality_type": "XXXX", "personality_type_id": 0, "system_name": "Classic Jungian", "system_vote_count": 0, "user_vote_type_id": 0, "vote_id": 0}], "breakdown_systems": {"1": [{"myValue": "ISTJ", "personality_system_id": 1, "personality_type": "ISTJ", "theCount": 47}, {"myValue": "ESTJ", "personality_system_id": 1, "personality_type": "ESTJ", "theCount": 12}, {"myValue": "ENTJ", "personality_system_id": 1, "personality_type": "ENTJ", "theCount": 2}, {"myValue": "INTJ", "personality_system_id": 1, "personality_type": "INTJ", "theCount": 2}, {"myValue": "ISFJ", "personality_system_id": 1, "personality_type": "ISFJ", "theCount": 2}, {"myValue": "ISFP", "personality_system_id": 1, "personality_type": "ISFP", "theCount": 2}, {"myValue": "ESTP", "personality_system_id": 1, "personality_type": "ESTP", "theCount": 1}, {"myValue": "INTP", "personality_system_id": 1, "personality_type": "INTP", "theCount": 1}], "11": [{"myValue": "XXXX", "personality_system_id": 0, "personality_type": "XXXX", "theCount": 0}], "2": [{"myValue": "8w9", "personality_system_id": 2, "personality_type": "8w9", "theCount": 28}, {"myValue": "6w7", "personality_system_id": 2, "personality_type": "6w7", "theCount": 5}, {"myValue": "6w5", "personality_system_id": 2, "personality_type": "6w5", "theCount": 3}, {"myValue": "3w4", "personality_system_id": 2, "personality_type": "3w4", "theCount": 2}, {"myValue": "2w3", "personality_system_id": 2, "personality_type": "2w3", "theCount": 1}, {"myValue": "3w2", "personality_system_id": 2, "personality_type": "3w2", "theCount": 1}, {"myValue": "8w7", "personality_system_id": 2, "personality_type": "8w7", "theCount": 1}], "3": [{"myValue": "LSI", "personality_system_id": 3, "personality_type": "LSI", "theCount": 2}], "4": [{"myValue": "Neutral Evil", "personality_system_id": 4, "personality_type": "Neutral Evil", "theCount": 2}], "5": [{"myValue": "sx/so", "personality_system_id": 5, "personality_type": "sx/so", "theCount": 4}, {"myValue": "so/sp", "personality_system_id": 5, "personality_type": "so/sp", "theCount": 3}, {"myValue": "so/sx", "personality_system_id": 5, "personality_type": "so/sx", "theCount": 2}, {"myValue": "sp/sx", "personality_system_id": 5, "personality_type": "sp/sx", "theCount": 1}], "6": [{"myValue": "863", "personality_system_id": 6, "personality_type": "863", "theCount": 4}, {"myValue": "613", "personality_system_id": 6, "personality_type": "613", "theCount": 2}, {"myValue": "837", "personality_system_id": 6, "personality_type": "837", "theCount": 2}, {"myValue": "368", "personality_system_id": 6, "personality_type": "368", "theCount": 1}, {"myValue": "631", "personality_system_id": 6, "personality_type": "631", "theCount": 1}, {"myValue": "638", "personality_system_id": 6, "personality_type": "638", "theCount": 1}, {"myValue": "683", "personality_system_id": 6, "personality_type": "683", "theCount": 1}, {"myValue": "835", "personality_system_id": 6, "personality_type": "835", "theCount": 1}], "7": [{"myValue": "Choleric [Dominant]", "personality_system_id": 7, "personality_type": "Choleric [Dominant]", "theCount": 4}, {"myValue": "Choleric-Melancholic", "personality_system_id": 7, "personality_type": "Choleric-Melancholic", "theCount": 1}, {"myValue": "Melancholic-Choleric", "personality_system_id": 7, "personality_type": "Melancholic-Choleric", "theCount": 1}, {"myValue": "Phlegmatic [Dominant]", "personality_system_id": 7, "personality_type": "Phlegmatic [Dominant]", "theCount": 1}], "8": [{"myValue": "LFVE", "personality_system_id": 8, "personality_type": "LFVE", "theCount": 2}, {"myValue": "VLFE", "personality_system_id": 8, "personality_type": "VLFE", "theCount": 2}, {"myValue": "VFEL", "personality_system_id": 8, "personality_type": "VFEL", "theCount": 1}], "9": [{"myValue": "RLOEN", "personality_system_id": 9, "personality_type": "RLOEN", "theCount": 2}, {"myValue": "RLOEI", "personality_system_id": 9, "personality_type": "RLOEI", "theCount": 1}]}, "breakdown_config": {"expand": {"1": 3, "11": 1, "2": 3, "3": 1, "4": 1, "5": 1, "6": 1, "7": 1, "8": 1, "9": 1}, "fire": {"1": 0, "11": 0, "2": 0, "3": 0, "4": 0, "5": 0, "6": 0, "7": 0, "8": 0, "9": 0}}, "mbti_letter_stats": [{"type": "I", "percentage": "78%", "PercentageFloat": 0.782608695652174}, {"type": "S", "percentage": "93%", "PercentageFloat": 0.927536231884058}, {"type": "T", "percentage": "94%", "PercentageFloat": 0.9420289855072463}, {"type": "J", "percentage": "94%", "PercentageFloat": 0.9420289855072463}], "topic_info": {"can_generate": false, "topic": {"description": "", "follow_count": 0, "id": 10539, "is_following": false, "is_join_pending": false, "is_banned": false, "is_moderated": false, "name_readable": "Heather Duke", "post_count": 4, "source_profile_id": 11291, "source_type": "profile", "join_to_post": false, "can_pin": false, "related_topics": [{"description": "", "follow_count": 4, "id": 14028, "is_following": false, "is_join_pending": false, "is_banned": false, "is_moderated": false, "name_readable": "Jason Dean \"J.D.\"", "post_count": 10, "source_profile_id": 15252, "source_type": "profile", "image": {"picURL": "https://static1.personality-database.com/profile_images/cb3e34fbb83b415187117320f8e18e84.png"}, "join_to_post": false, "can_pin": false}, {"description": "", "follow_count": 0, "id": 10538, "is_following": false, "is_join_pending": false, "is_banned": false, "is_moderated": false, "name_readable": "Veronica Sawyer", "post_count": 9, "source_profile_id": 11290, "source_type": "profile", "image": {"picURL": "https://static1.personality-database.com/profile_images/1a9342bc6ed34327920d0d519b69e9e2.png"}, "join_to_post": false, "can_pin": false}, {"description": "", "follow_count": 0, "id": 10539, "is_following": false, "is_join_pending": false, "is_banned": false, "is_moderated": false, "name_readable": "Heather Duke", "post_count": 4, "source_profile_id": 11291, "source_type": "profile", "image": {"picURL": "https://static1.personality-database.com/profile_images/7e429768f7f94054b9cfc961280f78c6.png"}, "join_to_post": false, "can_pin": false}, {"description": "Heather Chandler was a senior at Westerburg High School. She is the ex-leader of The Heathers, a clique of three girls named \"Heather\" and Veronica Sawyer.", "follow_count": 0, "id": 10541, "is_following": false, "is_join_pending": false, "is_banned": false, "is_moderated": false, "name_readable": "Heather Chandler", "post_count": 2, "source_profile_id": 11293, "source_type": "profile", "image": {"picURL": "https://static1.personality-database.com/profile_images/f742b8b27ce5479bbb403b39903c5149.png"}, "join_to_post": false, "can_pin": false}, {"description": "", "follow_count": 0, "id": 14203, "is_following": false, "is_join_pending": false, "is_banned": false, "is_moderated": false, "name_readable": "Martha Dunstock", "post_count": 2, "source_profile_id": 15458, "source_type": "profile", "image": {"picURL": "https://static1.personality-database.com/profile_images/b10362084cd64d8690a9dbfad9b03237.png"}, "join_to_post": false, "can_pin": false}, {"description": "", "follow_count": 0, "id": 10540, "is_following": false, "is_join_pending": false, "is_banned": false, "is_moderated": false, "name_readable": "Heather McNamara", "post_count": 1, "source_profile_id": 11292, "source_type": "profile", "image": {"picURL": "https://static1.personality-database.com/profile_images/f70d180f8cdd4798adc28662becd4cad.png"}, "join_to_post": false, "can_pin": false}, {"description": "", "follow_count": 0, "id": 95179, "is_following": false, "is_join_pending": false, "is_banned": false, "is_moderated": false, "name_readable": "Kurt Kelly", "post_count": 1, "source_profile_id": 121347, "source_type": "profile", "image": {"picURL": "https://static1.personality-database.com/profile_images/a3aa42678e114e85bebcc61fde2973f5.png"}, "join_to_post": false, "can_pin": false}, {"description": "", "follow_count": 0, "id": 348626, "is_following": false, "is_join_pending": false, "is_banned": false, "is_moderated": false, "name_readable": "Goth girl", "post_count": 1, "source_profile_id": 595566, "source_type": "profile", "image": {"picURL": "https://static1.personality-database.com/profile_images/6736c3c20aae42bfabe91dc8e6a0cc38.png"}, "join_to_post": false, "can_pin": false}, {"description": "", "follow_count": 0, "id": 95180, "is_following": false, "is_join_pending": false, "is_banned": false, "is_moderated": false, "name_readable": "Ram Sweeney", "post_count": 0, "source_profile_id": 121348, "source_type": "profile", "image": {"picURL": "https://static1.personality-database.com/profile_images/3b876353dcbf42a48ee7e753f58ba28e.png"}, "join_to_post": false, "can_pin": false}, {"description": "", "follow_count": 0, "id": 98841, "is_following": false, "is_join_pending": false, "is_banned": false, "is_moderated": false, "name_readable": "Mrs. Sawyer", "post_count": 0, "source_profile_id": 126399, "source_type": "profile", "image": {"picURL": "https://www.personality-database.com/images/profile_transparent.png"}, "join_to_post": false, "can_pin": false}, {"description": "", "follow_count": 0, "id": 98842, "is_following": false, "is_join_pending": false, "is_banned": false, "is_moderated": false, "name_readable": "Mrs. Fleming", "post_count": 0, "source_profile_id": 126401, "source_type": "profile", "image": {"picURL": "https://static1.personality-database.com/profile_images/767ba8e004b54edb94f5e29361048ff2.png"}, "join_to_post": false, "can_pin": false}, {"description": "", "follow_count": 0, "id": 329537, "is_following": false, "is_join_pending": false, "is_banned": false, "is_moderated": false, "name_readable": "Jamie Domenech (Morci's Heathers)", "post_count": 0, "source_profile_id": 493153, "source_type": "profile", "image": {"picURL": "https://static1.personality-database.com/profile_images/90a3eaf3a8bb4eb29f8d0621658a2c3a.png"}, "join_to_post": false, "can_pin": false}], "subcategory": "Heathers", "topic_image_url": "https://static1.personality-database.com/profile_images/7e429768f7f94054b9cfc961280f78c6.png", "source_location": {"cid": 13, "pid": 2, "sub_cat_id": 1500}, "can_post_image": false, "can_post_audio": false, "posts": {"posts": [{"username": "logeek", "user_pic_path": "https://static1.personality-database.com/user_avatars/206648/a5cd28e9-5dd5-4d0e-a536-1abdf95ded37_small.jpeg", "user_personality_type": "ISFJ-9w1-964", "is_mod": false, "comment_count": 2, "reply_count": 2, "vote_type": 0, "topics_list": [{"id": 10539, "name_readable": "Heather Duke"}], "id": 1871687, "post_id": 1871687, "user_id": 206648, "title": "", "content": "She is horribly mistyped \ud83d\ude2d An SX6 argument will be dropping soon bc i can't stand looking at \"ISTJ 8w9\" much longer.", "create_date": 1670250905000, "unix_timestamp": 1670250905000, "update_date": 1671332762000, "vote_count": 4, "vote_count_down": 0, "is_reported": 0, "is_hidden": false, "is_pinned": false, "is_watching": false, "is_pro_user": false, "images": null, "audios": null, "function_list": [], "type": "post"}, {"username": "Hun Juli", "user_pic_path": "https://lh3.googleusercontent.com/a-/AOh14GjCV95K577qZhXfO7T-uT49jGlCajX9Z2VgQxzziQ=s96-c", "user_personality_type": "INTP-5w6", "is_mod": false, "comment_count": 0, "reply_count": 0, "vote_type": 0, "topics_list": [{"id": 10539, "name_readable": "Heather Duke"}], "id": 1225045, "post_id": 1225045, "user_id": 421909, "title": "", "content": "How did she came from ISTJ to ESTP?", "create_date": 1645901245000, "unix_timestamp": 1645901245000, "update_date": 1645901245000, "vote_count": 3, "vote_count_down": 0, "is_reported": 1, "is_hidden": false, "is_pinned": false, "is_watching": false, "is_pro_user": false, "images": null, "audios": null, "function_list": [], "type": "post"}, {"username": "sera\u2661", "user_pic_path": "https://lh3.googleusercontent.com/a-/AOh14GiEgvwUFCtcRZMpc10gs_03d4p8zDIxbuoZNTQtkg=s96-c", "user_personality_type": "ESFJ-3w2-369", "is_mod": false, "comment_count": 1, "reply_count": 1, "vote_type": 0, "topics_list": [{"id": 10539, "name_readable": "Heather Duke"}], "id": 85302, "post_id": 85302, "user_id": 70694, "title": "", "content": "she was so annoying in the musical, in the movie she was an icon but here she just seems like a tryhard", "create_date": 1605640343000, "unix_timestamp": 1605640343000, "update_date": 1605640343000, "vote_count": 8, "vote_count_down": 1, "is_reported": 1, "is_hidden": false, "is_pinned": false, "is_watching": false, "is_pro_user": false, "images": null, "audios": null, "function_list": [], "type": "post"}]}}}}