{"id": 11292, "mbti_profile": "Heather McNamara", "profile_name_searchable": "heathermcnamara", "allow_commenting": true, "allow_voting": true, "user_id": 5034, "contributor": "Pixie Corpse", "contributor_create_date": "2018-04-20 06:39:18", "contributor_pic_path": "https://lh3.googleusercontent.com/a-/AOh14GhP11oLePJpse_uE9Avam1p-5603jw0OakH4qPw=s96-c", "display_order": 990, "edit_lock": 0, "edit_lock_picture": 0, "is_active": true, "is_approved": true, "mbti_enneagram_type": "ESFJ 6w7", "mbti_type": "ESFJ 6w7", "pdb_comment_access": true, "pdb_page_owner": 0, "pdb_public_access": true, "wiki_description": "", "watch_count": 106, "comment_count": 11, "vote_count": 132, "vote_count_enneagram": 58, "vote_count_mbti": 132, "total_vote_counts": 255, "personality_type": "ESFJ - 6w7 - so/sx - 629 - ESE - SLUAN - EFVL - Phlegmatic-Sanguine", "type_updated_date": "2021-05-21 20:16:55", "enneagram_vote": "", "enneagram_vote_id": 0, "mbti_vote": "", "mbti_vote_id": 0, "is_watching": false, "image_exists": false, "profile_image_url": "https://static1.personality-database.com/profile_images/f70d180f8cdd4798adc28662becd4cad.png", "profile_image_credit": "", "profile_image_credit_id": 0, "profile_image_credit_type": "0", "profile_image_credit_url": "", "alt_subcategory": "", "related_subcategories": "", "cat_id": 13, "category": "Theatre", "category_is_fictional": true, "sub_cat_id": 1500, "subcategory": "Heathers", "subcat_link_info": {"sub_cat_id": 1500, "cat_id": 13, "property_id": 2, "subcategory": "Heathers"}, "related_subcat_link_info": null, "related_profiles": [{"id": 15252, "mbti_profile": "Jason Dean \"J.D.\"", "subcategory": "Heathers", "profile_image_url": "https://static1.personality-database.com/profile_images/cb3e34fbb83b415187117320f8e18e84.png", "profile_name": "Jason Dean \"J.D.\"", "profile_subcat": "Heathers", "sub_cat_id": 1500, "cat_id": 13, "property_id": 2, "mbti": "ISFP", "enneatype": "4w3"}, {"id": 11290, "mbti_profile": "Veronica Sawyer", "subcategory": "Heathers", "profile_image_url": "https://static1.personality-database.com/profile_images/1a9342bc6ed34327920d0d519b69e9e2.png", "profile_name": "Veronica Sawyer", "profile_subcat": "Heathers", "sub_cat_id": 1500, "cat_id": 13, "property_id": 2, "mbti": "INFJ", "enneatype": "4w3"}, {"id": 15458, "mbti_profile": "Martha Dunstock", "subcategory": "Heathers", "profile_image_url": "https://static1.personality-database.com/profile_images/b10362084cd64d8690a9dbfad9b03237.png", "profile_name": "Martha Dunstock", "profile_subcat": "Heathers", "sub_cat_id": 1500, "cat_id": 13, "property_id": 2, "mbti": "INFP", "enneatype": "2w1"}, {"id": 11291, "mbti_profile": "Heather Duke", "subcategory": "Heathers", "profile_image_url": "https://static1.personality-database.com/profile_images/7e429768f7f94054b9cfc961280f78c6.png", "profile_name": "Heather Duke", "profile_subcat": "Heathers", "sub_cat_id": 1500, "cat_id": 13, "property_id": 2, "mbti": "ISTJ", "enneatype": "8w9"}, {"id": 11293, "mbti_profile": "Heather Chandler", "subcategory": "Heathers", "profile_image_url": "https://static1.personality-database.com/profile_images/f742b8b27ce5479bbb403b39903c5149.png", "profile_name": "Heather Chandler", "profile_subcat": "Heathers", "sub_cat_id": 1500, "cat_id": 13, "property_id": 2, "mbti": "ESTJ", "enneatype": "8w7"}, {"id": 121347, "mbti_profile": "Kurt Kelly", "subcategory": "Heathers", "profile_image_url": "https://static1.personality-database.com/profile_images/a3aa42678e114e85bebcc61fde2973f5.png", "profile_name": "Kurt Kelly", "profile_subcat": "Heathers", "sub_cat_id": 1500, "cat_id": 13, "property_id": 2, "mbti": "ESTP", "enneatype": "3w4"}, {"id": 121348, "mbti_profile": "Ram Sweeney", "subcategory": "Heathers", "profile_image_url": "https://static1.personality-database.com/profile_images/3b876353dcbf42a48ee7e753f58ba28e.png", "profile_name": "Ram Sweeney", "profile_subcat": "Heathers", "sub_cat_id": 1500, "cat_id": 13, "property_id": 2, "mbti": "ESTP", "enneatype": "3w2"}, {"id": 126401, "mbti_profile": "Mrs. Fleming", "subcategory": "Heathers", "profile_image_url": "https://static1.personality-database.com/profile_images/767ba8e004b54edb94f5e29361048ff2.png", "profile_name": "Mrs. Fleming", "profile_subcat": "Heathers", "sub_cat_id": 1500, "cat_id": 13, "property_id": 2, "mbti": "ENFP", "enneatype": "3w4"}], "functions": ["Fe", "Si", "Ne", "Ti"], "systems": [{"hex_color": "#888888", "id": 1, "personality_type": "XXXX", "personality_type_id": 0, "system_name": "Four Letter", "system_vote_count": 127, "user_vote_type_id": 0, "vote_id": 0}, {"hex_color": "#006775", "id": 2, "personality_type": "XXXX", "personality_type_id": 0, "system_name": "Enneagram", "system_vote_count": 56, "user_vote_type_id": 0, "vote_id": 0}, {"hex_color": "#006775", "id": 5, "personality_type": "XXXX", "personality_type_id": 0, "system_name": "Instinctual Variant", "system_vote_count": 16, "user_vote_type_id": 0, "vote_id": 0}, {"hex_color": "#006775", "id": 6, "personality_type": "XXXX", "personality_type_id": 0, "system_name": "Tritype", "system_vote_count": 18, "user_vote_type_id": 0, "vote_id": 0}, {"hex_color": "#888888", "id": 3, "personality_type": "XXXX", "personality_type_id": 0, "system_name": "Socionics", "system_vote_count": 6, "user_vote_type_id": 0, "vote_id": 0}, {"hex_color": "#888888", "id": 9, "personality_type": "XXXX", "personality_type_id": 0, "system_name": "Big 5 (SLOAN)", "system_vote_count": 4, "user_vote_type_id": 0, "vote_id": 0}, {"hex_color": "#888888", "id": 8, "personality_type": "XXXX", "personality_type_id": 0, "system_name": "Attitudinal Psyche", "system_vote_count": 5, "user_vote_type_id": 0, "vote_id": 0}, {"hex_color": "#888888", "id": 7, "personality_type": "XXXX", "personality_type_id": 0, "system_name": "Temperaments", "system_vote_count": 18, "user_vote_type_id": 0, "vote_id": 0}, {"hex_color": "#888888", "id": 11, "personality_type": "XXXX", "personality_type_id": 0, "system_name": "Classic Jungian", "system_vote_count": 1, "user_vote_type_id": 0, "vote_id": 0}], "breakdown_systems": {"1": [{"myValue": "ESFJ", "personality_system_id": 1, "personality_type": "ESFJ", "theCount": 95}, {"myValue": "ISFP", "personality_system_id": 1, "personality_type": "ISFP", "theCount": 15}, {"myValue": "ENFP", "personality_system_id": 1, "personality_type": "ENFP", "theCount": 6}, {"myValue": "ENFJ", "personality_system_id": 1, "personality_type": "ENFJ", "theCount": 4}, {"myValue": "ESFP", "personality_system_id": 1, "personality_type": "ESFP", "theCount": 4}, {"myValue": "INFP", "personality_system_id": 1, "personality_type": "INFP", "theCount": 3}], "11": [{"myValue": "EF(S)", "personality_system_id": 11, "personality_type": "EF(S)", "theCount": 1}], "2": [{"myValue": "6w7", "personality_system_id": 2, "personality_type": "6w7", "theCount": 46}, {"myValue": "9w1", "personality_system_id": 2, "personality_type": "9w1", "theCount": 7}, {"myValue": "9w8", "personality_system_id": 2, "personality_type": "9w8", "theCount": 2}, {"myValue": "2w3", "personality_system_id": 2, "personality_type": "2w3", "theCount": 1}], "3": [{"myValue": "ESE", "personality_system_id": 3, "personality_type": "ESE", "theCount": 5}, {"myValue": "ESI", "personality_system_id": 3, "personality_type": "ESI", "theCount": 1}], "4": [{"myValue": "Lawful Neutral", "personality_system_id": 4, "personality_type": "Lawful Neutral", "theCount": 2}, {"myValue": "True Neutral", "personality_system_id": 4, "personality_type": "True Neutral", "theCount": 2}], "5": [{"myValue": "so/sx", "personality_system_id": 5, "personality_type": "so/sx", "theCount": 12}, {"myValue": "sp/so", "personality_system_id": 5, "personality_type": "sp/so", "theCount": 2}, {"myValue": "so/sp", "personality_system_id": 5, "personality_type": "so/sp", "theCount": 1}, {"myValue": "sx/so", "personality_system_id": 5, "personality_type": "sx/so", "theCount": 1}], "6": [{"myValue": "629", "personality_system_id": 6, "personality_type": "629", "theCount": 10}, {"myValue": "962", "personality_system_id": 6, "personality_type": "962", "theCount": 5}, {"myValue": "269", "personality_system_id": 6, "personality_type": "269", "theCount": 1}, {"myValue": "692", "personality_system_id": 6, "personality_type": "692", "theCount": 1}, {"myValue": "963", "personality_system_id": 6, "personality_type": "963", "theCount": 1}], "7": [{"myValue": "Phlegmatic-Sanguine", "personality_system_id": 7, "personality_type": "Phlegmatic-Sanguine", "theCount": 10}, {"myValue": "Melancholic-Sanguine", "personality_system_id": 7, "personality_type": "Melancholic-Sanguine", "theCount": 6}, {"myValue": "Sanguine [Dominant]", "personality_system_id": 7, "personality_type": "Sanguine [Dominant]", "theCount": 1}, {"myValue": "Sanguine-Melancholic", "personality_system_id": 7, "personality_type": "Sanguine-Melancholic", "theCount": 1}], "8": [{"myValue": "EFVL", "personality_system_id": 8, "personality_type": "EFVL", "theCount": 2}, {"myValue": "EFLV", "personality_system_id": 8, "personality_type": "EFLV", "theCount": 1}, {"myValue": "EVFL", "personality_system_id": 8, "personality_type": "EVFL", "theCount": 1}, {"myValue": "FEVL", "personality_system_id": 8, "personality_type": "FEVL", "theCount": 1}], "9": [{"myValue": "SLUAN", "personality_system_id": 9, "personality_type": "SLUAN", "theCount": 4}]}, "breakdown_config": {"expand": {"1": 3, "11": 1, "2": 3, "3": 1, "4": 1, "5": 1, "6": 1, "7": 1, "8": 1, "9": 1}, "fire": {"1": 0, "11": 0, "2": 0, "3": 0, "4": 0, "5": 0, "6": 0, "7": 0, "8": 0, "9": 0}}, "mbti_letter_stats": [{"type": "E", "percentage": "86%", "PercentageFloat": 0.8582677165354331}, {"type": "S", "percentage": "90%", "PercentageFloat": 0.8976377952755905}, {"type": "F", "percentage": "100%", "PercentageFloat": 1}, {"type": "J", "percentage": "78%", "PercentageFloat": 0.7795275590551181}], "topic_info": {"can_generate": false, "topic": {"description": "", "follow_count": 0, "id": 10540, "is_following": false, "is_join_pending": false, "is_banned": false, "is_moderated": false, "name_readable": "Heather McNamara", "post_count": 1, "source_profile_id": 11292, "source_type": "profile", "join_to_post": false, "can_pin": false, "related_topics": [{"description": "", "follow_count": 4, "id": 14028, "is_following": false, "is_join_pending": false, "is_banned": false, "is_moderated": false, "name_readable": "Jason Dean \"J.D.\"", "post_count": 10, "source_profile_id": 15252, "source_type": "profile", "image": {"picURL": "https://static1.personality-database.com/profile_images/cb3e34fbb83b415187117320f8e18e84.png"}, "join_to_post": false, "can_pin": false}, {"description": "", "follow_count": 0, "id": 10538, "is_following": false, "is_join_pending": false, "is_banned": false, "is_moderated": false, "name_readable": "Veronica Sawyer", "post_count": 9, "source_profile_id": 11290, "source_type": "profile", "image": {"picURL": "https://static1.personality-database.com/profile_images/1a9342bc6ed34327920d0d519b69e9e2.png"}, "join_to_post": false, "can_pin": false}, {"description": "", "follow_count": 0, "id": 10539, "is_following": false, "is_join_pending": false, "is_banned": false, "is_moderated": false, "name_readable": "Heather Duke", "post_count": 4, "source_profile_id": 11291, "source_type": "profile", "image": {"picURL": "https://static1.personality-database.com/profile_images/7e429768f7f94054b9cfc961280f78c6.png"}, "join_to_post": false, "can_pin": false}, {"description": "Heather Chandler was a senior at Westerburg High School. She is the ex-leader of The Heathers, a clique of three girls named \"Heather\" and Veronica Sawyer.", "follow_count": 0, "id": 10541, "is_following": false, "is_join_pending": false, "is_banned": false, "is_moderated": false, "name_readable": "Heather Chandler", "post_count": 2, "source_profile_id": 11293, "source_type": "profile", "image": {"picURL": "https://static1.personality-database.com/profile_images/f742b8b27ce5479bbb403b39903c5149.png"}, "join_to_post": false, "can_pin": false}, {"description": "", "follow_count": 0, "id": 14203, "is_following": false, "is_join_pending": false, "is_banned": false, "is_moderated": false, "name_readable": "Martha Dunstock", "post_count": 2, "source_profile_id": 15458, "source_type": "profile", "image": {"picURL": "https://static1.personality-database.com/profile_images/b10362084cd64d8690a9dbfad9b03237.png"}, "join_to_post": false, "can_pin": false}, {"description": "", "follow_count": 0, "id": 10540, "is_following": false, "is_join_pending": false, "is_banned": false, "is_moderated": false, "name_readable": "Heather McNamara", "post_count": 1, "source_profile_id": 11292, "source_type": "profile", "image": {"picURL": "https://static1.personality-database.com/profile_images/f70d180f8cdd4798adc28662becd4cad.png"}, "join_to_post": false, "can_pin": false}, {"description": "", "follow_count": 0, "id": 95179, "is_following": false, "is_join_pending": false, "is_banned": false, "is_moderated": false, "name_readable": "Kurt Kelly", "post_count": 1, "source_profile_id": 121347, "source_type": "profile", "image": {"picURL": "https://static1.personality-database.com/profile_images/a3aa42678e114e85bebcc61fde2973f5.png"}, "join_to_post": false, "can_pin": false}, {"description": "", "follow_count": 0, "id": 348626, "is_following": false, "is_join_pending": false, "is_banned": false, "is_moderated": false, "name_readable": "Goth girl", "post_count": 1, "source_profile_id": 595566, "source_type": "profile", "image": {"picURL": "https://static1.personality-database.com/profile_images/6736c3c20aae42bfabe91dc8e6a0cc38.png"}, "join_to_post": false, "can_pin": false}, {"description": "", "follow_count": 0, "id": 95180, "is_following": false, "is_join_pending": false, "is_banned": false, "is_moderated": false, "name_readable": "Ram Sweeney", "post_count": 0, "source_profile_id": 121348, "source_type": "profile", "image": {"picURL": "https://static1.personality-database.com/profile_images/3b876353dcbf42a48ee7e753f58ba28e.png"}, "join_to_post": false, "can_pin": false}, {"description": "", "follow_count": 0, "id": 98841, "is_following": false, "is_join_pending": false, "is_banned": false, "is_moderated": false, "name_readable": "Mrs. Sawyer", "post_count": 0, "source_profile_id": 126399, "source_type": "profile", "image": {"picURL": "https://www.personality-database.com/images/profile_transparent.png"}, "join_to_post": false, "can_pin": false}, {"description": "", "follow_count": 0, "id": 98842, "is_following": false, "is_join_pending": false, "is_banned": false, "is_moderated": false, "name_readable": "Mrs. Fleming", "post_count": 0, "source_profile_id": 126401, "source_type": "profile", "image": {"picURL": "https://static1.personality-database.com/profile_images/767ba8e004b54edb94f5e29361048ff2.png"}, "join_to_post": false, "can_pin": false}, {"description": "", "follow_count": 0, "id": 329537, "is_following": false, "is_join_pending": false, "is_banned": false, "is_moderated": false, "name_readable": "Jamie Domenech (Morci's Heathers)", "post_count": 0, "source_profile_id": 493153, "source_type": "profile", "image": {"picURL": "https://static1.personality-database.com/profile_images/90a3eaf3a8bb4eb29f8d0621658a2c3a.png"}, "join_to_post": false, "can_pin": false}], "subcategory": "Heathers", "topic_image_url": "https://static1.personality-database.com/profile_images/f70d180f8cdd4798adc28662becd4cad.png", "source_location": {"cid": 13, "pid": 2, "sub_cat_id": 1500}, "can_post_image": false, "can_post_audio": false, "posts": {"posts": [{"username": "logeek", "user_pic_path": "https://static1.personality-database.com/user_avatars/206648/a5cd28e9-5dd5-4d0e-a536-1abdf95ded37_small.jpeg", "user_personality_type": "ISFJ-9w1-964", "is_mod": false, "comment_count": 0, "reply_count": 0, "vote_type": 0, "topics_list": [{"id": 10540, "name_readable": "Heather McNamara"}], "id": 1994354, "post_id": 1994354, "user_id": 206648, "title": "", "content": "The EFVL + SO6 consensus have me in tears", "create_date": 1671702837000, "unix_timestamp": 1671702837000, "update_date": 1671702837000, "vote_count": 3, "vote_count_down": 0, "is_reported": 0, "is_hidden": false, "is_pinned": false, "is_watching": false, "is_pro_user": false, "images": null, "audios": null, "function_list": [], "type": "post"}, {"username": "your_father_in_panties", "user_pic_path": "https://lh3.googleusercontent.com/a-/AOh14Gj1m7e9oA0lOeSsWyiSi87-p5K1mqzd3eplH5yMKg=s96-c", "user_personality_type": "ENFP-4w5", "is_mod": false, "comment_count": 0, "reply_count": 0, "vote_type": 0, "topics_list": [{"id": 10540, "name_readable": "Heather McNamara"}], "id": 86203, "post_id": 86203, "user_id": 160954, "title": "", "content": "baby", "create_date": 1611987056000, "unix_timestamp": 1611987056000, "update_date": 1611987056000, "vote_count": 4, "vote_count_down": 0, "is_reported": 1, "is_hidden": false, "is_pinned": false, "is_watching": false, "is_pro_user": false, "images": null, "audios": null, "function_list": [], "type": "post"}, {"username": "SoSooya", "user_pic_path": "https://lh3.googleusercontent.com/a-/AOh14GjMux4DAUuK9v5_qVdnbI2mRCmrW4SxWtQpJYcl4g=s96-c", "user_personality_type": "INFJ", "is_mod": false, "comment_count": 0, "reply_count": 0, "vote_type": 0, "topics_list": [{"id": 10540, "name_readable": "Heather McNamara"}], "id": 85357, "post_id": 85357, "user_id": 23366, "title": "", "content": "a sweetheart ! <3", "create_date": 1605991413000, "unix_timestamp": 1605991413000, "update_date": 1605991413000, "vote_count": 3, "vote_count_down": 0, "is_reported": 1, "is_hidden": false, "is_pinned": false, "is_watching": false, "is_pro_user": false, "images": null, "audios": null, "function_list": [], "type": "post"}]}}}}