{"id": 114120, "mbti_profile": "Alice Spencer/Alice", "profile_name_searchable": "alicespenceralice", "allow_commenting": true, "allow_voting": true, "user_id": 0, "contributor": "the nameless", "contributor_create_date": "2020-04-04 00:33:18", "contributor_pic_path": "https://www.personality-database.com/images/profile_transparent.png", "display_order": 1000, "edit_lock": 0, "edit_lock_picture": 0, "is_active": true, "is_approved": true, "mbti_enneagram_type": "ENFP 7w6", "mbti_type": "ENFP 7w6", "pdb_comment_access": true, "pdb_page_owner": 0, "pdb_public_access": true, "wiki_description": "", "watch_count": 3, "comment_count": 1, "vote_count": 18, "vote_count_enneagram": 7, "vote_count_mbti": 18, "total_vote_counts": 33, "personality_type": "ENFP - 7w6 - sx/so - 748 - ESE - SLUAI - Sanguine [Dominant]", "type_updated_date": "2021-10-18 08:26:07", "enneagram_vote": "", "enneagram_vote_id": 0, "mbti_vote": "", "mbti_vote_id": 0, "is_watching": false, "image_exists": false, "profile_image_url": "https://static1.personality-database.com/profile_images/5fa71f5f42254439963396769d81bb0f.png", "profile_image_credit": "", "profile_image_credit_id": 68737, "profile_image_credit_type": "0", "profile_image_credit_url": "", "alt_subcategory": "", "related_subcategories": "", "cat_id": 13, "category": "Theatre", "category_is_fictional": true, "sub_cat_id": 8324, "subcategory": "Alice By Heart", "subcat_link_info": {"sub_cat_id": 8324, "cat_id": 13, "property_id": 2, "subcategory": "Alice By Heart"}, "related_subcat_link_info": null, "related_profiles": [{"id": 114121, "mbti_profile": "Alfred Hallam/White Rabbit", "subcategory": "Alice By Heart", "profile_image_url": "", "profile_name": "Alfred Hallam/White Rabbit", "profile_subcat": "Alice By Heart", "sub_cat_id": 8324, "cat_id": 13, "property_id": 2, "mbti": "INFJ", "enneatype": "9w1"}, {"id": 114126, "mbti_profile": "King of hearts", "subcategory": "Alice By Heart", "profile_image_url": "", "profile_name": "King of hearts", "profile_subcat": "Alice By Heart", "sub_cat_id": 8324, "cat_id": 13, "property_id": 2, "mbti": "INFP", "enneatype": "5w4"}, {"id": 114123, "mbti_profile": "Tabitha/Cheshire Cat", "subcategory": "Alice By Heart", "profile_image_url": "", "profile_name": "Tabitha/Cheshire Cat", "profile_subcat": "Alice By Heart", "sub_cat_id": 8324, "cat_id": 13, "property_id": 2, "mbti": "INFJ", "enneatype": "2w1"}, {"id": 114124, "mbti_profile": "Red Cross Nurse/Queen Of Hearts", "subcategory": "Alice By Heart", "profile_image_url": "", "profile_name": "Red Cross Nurse/Queen Of Hearts", "profile_subcat": "Alice By Heart", "sub_cat_id": 8324, "cat_id": 13, "property_id": 2, "mbti": "ESTJ", "enneatype": "8w7"}, {"id": 114122, "mbti_profile": "Harold/Mad Hatter", "subcategory": "Alice By Heart", "profile_image_url": "", "profile_name": "Harold/Mad Hatter", "profile_subcat": "Alice By Heart", "sub_cat_id": 8324, "cat_id": 13, "property_id": 2, "mbti": "ENTP", "enneatype": "7w8"}, {"id": 114125, "mbti_profile": "Doormouse", "subcategory": "Alice By Heart", "profile_image_url": "", "profile_name": "Doormouse", "profile_subcat": "Alice By Heart", "sub_cat_id": 8324, "cat_id": 13, "property_id": 2, "mbti": "ISFP", "enneatype": "7w6"}, {"id": 332413, "mbti_profile": "Angus/Caterpillar", "subcategory": "Alice By Heart", "profile_image_url": "", "profile_name": "Angus/Caterpillar", "profile_subcat": "Alice By Heart", "sub_cat_id": 8324, "cat_id": 13, "property_id": 2, "mbti": "ESTP", "enneatype": "8w9"}, {"id": 334608, "mbti_profile": "March Hare", "subcategory": "Alice By Heart", "profile_image_url": "", "profile_name": "March Hare", "profile_subcat": "Alice By Heart", "sub_cat_id": 8324, "cat_id": 13, "property_id": 2, "mbti": "ESTP", "enneatype": "8w7"}], "functions": ["Ne", "Fi", "Te", "Si"], "systems": [{"hex_color": "#888888", "id": 1, "personality_type": "XXXX", "personality_type_id": 0, "system_name": "Four Letter", "system_vote_count": 18, "user_vote_type_id": 0, "vote_id": 0}, {"hex_color": "#006775", "id": 2, "personality_type": "XXXX", "personality_type_id": 0, "system_name": "Enneagram", "system_vote_count": 7, "user_vote_type_id": 0, "vote_id": 0}, {"hex_color": "#006775", "id": 5, "personality_type": "XXXX", "personality_type_id": 0, "system_name": "Instinctual Variant", "system_vote_count": 2, "user_vote_type_id": 0, "vote_id": 0}, {"hex_color": "#006775", "id": 6, "personality_type": "XXXX", "personality_type_id": 0, "system_name": "Tritype", "system_vote_count": 1, "user_vote_type_id": 0, "vote_id": 0}, {"hex_color": "#888888", "id": 3, "personality_type": "XXXX", "personality_type_id": 0, "system_name": "Socionics", "system_vote_count": 1, "user_vote_type_id": 0, "vote_id": 0}, {"hex_color": "#888888", "id": 9, "personality_type": "XXXX", "personality_type_id": 0, "system_name": "Big 5 (SLOAN)", "system_vote_count": 1, "user_vote_type_id": 0, "vote_id": 0}, {"hex_color": "#888888", "id": 8, "personality_type": "XXXX", "personality_type_id": 0, "system_name": "Attitudinal Psyche", "system_vote_count": 2, "user_vote_type_id": 0, "vote_id": 0}, {"hex_color": "#888888", "id": 7, "personality_type": "XXXX", "personality_type_id": 0, "system_name": "Temperaments", "system_vote_count": 1, "user_vote_type_id": 0, "vote_id": 0}, {"hex_color": "#888888", "id": 11, "personality_type": "XXXX", "personality_type_id": 0, "system_name": "Classic Jungian", "system_vote_count": 0, "user_vote_type_id": 0, "vote_id": 0}], "breakdown_systems": {"1": [{"myValue": "ENFP", "personality_system_id": 1, "personality_type": "ENFP", "theCount": 10}, {"myValue": "INFP", "personality_system_id": 1, "personality_type": "INFP", "theCount": 8}], "11": [{"myValue": "XXXX", "personality_system_id": 0, "personality_type": "XXXX", "theCount": 0}], "2": [{"myValue": "7w6", "personality_system_id": 2, "personality_type": "7w6", "theCount": 4}, {"myValue": "7w8", "personality_system_id": 2, "personality_type": "7w8", "theCount": 3}], "3": [{"myValue": "ESE", "personality_system_id": 3, "personality_type": "ESE", "theCount": 1}], "5": [{"myValue": "sx/so", "personality_system_id": 5, "personality_type": "sx/so", "theCount": 2}], "6": [{"myValue": "748", "personality_system_id": 6, "personality_type": "748", "theCount": 1}], "7": [{"myValue": "Sanguine [Dominant]", "personality_system_id": 7, "personality_type": "Sanguine [Dominant]", "theCount": 1}], "8": [{"myValue": "EVFL", "personality_system_id": 8, "personality_type": "EVFL", "theCount": 1}, {"myValue": "VFEL", "personality_system_id": 8, "personality_type": "VFEL", "theCount": 1}], "9": [{"myValue": "SLUAI", "personality_system_id": 9, "personality_type": "SLUAI", "theCount": 1}]}, "breakdown_config": {"expand": {"1": 3, "11": 1, "2": 3, "3": 1, "5": 1, "6": 1, "7": 1, "8": 1, "9": 1}, "fire": {"1": 0, "11": 0, "2": 0, "3": 0, "5": 0, "6": 0, "7": 0, "8": 0, "9": 0}}, "mbti_letter_stats": [{"type": "E", "percentage": "56%", "PercentageFloat": 0.5555555555555556}, {"type": "N", "percentage": "100%", "PercentageFloat": 1}, {"type": "F", "percentage": "100%", "PercentageFloat": 1}, {"type": "P", "percentage": "100%", "PercentageFloat": 1}], "topic_info": {"can_generate": false, "topic": {"description": "", "follow_count": 0, "id": 90511, "is_following": false, "is_join_pending": false, "is_banned": false, "is_moderated": false, "name_readable": "Alice Spencer/Alice", "post_count": 0, "source_profile_id": 114120, "source_type": "profile", "join_to_post": false, "can_pin": false, "related_topics": [{"description": "", "follow_count": 0, "id": 90511, "is_following": false, "is_join_pending": false, "is_banned": false, "is_moderated": false, "name_readable": "Alice Spencer/Alice", "post_count": 0, "source_profile_id": 114120, "source_type": "profile", "image": {"picURL": "https://static1.personality-database.com/profile_images/5fa71f5f42254439963396769d81bb0f.png"}, "join_to_post": false, "can_pin": false}, {"description": "", "follow_count": 0, "id": 90512, "is_following": false, "is_join_pending": false, "is_banned": false, "is_moderated": false, "name_readable": "Alfred Hallam/White Rabbit", "post_count": 0, "source_profile_id": 114121, "source_type": "profile", "image": {"picURL": "https://www.personality-database.com/images/profile_transparent.png"}, "join_to_post": false, "can_pin": false}, {"description": "", "follow_count": 0, "id": 90513, "is_following": false, "is_join_pending": false, "is_banned": false, "is_moderated": false, "name_readable": "Harold/Mad Hatter", "post_count": 0, "source_profile_id": 114122, "source_type": "profile", "image": {"picURL": "https://www.personality-database.com/images/profile_transparent.png"}, "join_to_post": false, "can_pin": false}, {"description": "", "follow_count": 0, "id": 90514, "is_following": false, "is_join_pending": false, "is_banned": false, "is_moderated": false, "name_readable": "Tabitha/Cheshire Cat", "post_count": 0, "source_profile_id": 114123, "source_type": "profile", "image": {"picURL": "https://www.personality-database.com/images/profile_transparent.png"}, "join_to_post": false, "can_pin": false}, {"description": "", "follow_count": 0, "id": 90515, "is_following": false, "is_join_pending": false, "is_banned": false, "is_moderated": false, "name_readable": "Red Cross Nurse/Queen Of Hearts", "post_count": 0, "source_profile_id": 114124, "source_type": "profile", "image": {"picURL": "https://www.personality-database.com/images/profile_transparent.png"}, "join_to_post": false, "can_pin": false}, {"description": "", "follow_count": 0, "id": 90516, "is_following": false, "is_join_pending": false, "is_banned": false, "is_moderated": false, "name_readable": "Doormouse", "post_count": 0, "source_profile_id": 114125, "source_type": "profile", "image": {"picURL": "https://www.personality-database.com/images/profile_transparent.png"}, "join_to_post": false, "can_pin": false}, {"description": "", "follow_count": 0, "id": 90517, "is_following": false, "is_join_pending": false, "is_banned": false, "is_moderated": false, "name_readable": "King of hearts", "post_count": 0, "source_profile_id": 114126, "source_type": "profile", "image": {"picURL": "https://www.personality-database.com/images/profile_transparent.png"}, "join_to_post": false, "can_pin": false}, {"description": "", "follow_count": 0, "id": 255897, "is_following": false, "is_join_pending": false, "is_banned": false, "is_moderated": false, "name_readable": "Angus/Caterpillar", "post_count": 0, "source_profile_id": 332413, "source_type": "profile", "image": {"picURL": "https://www.personality-database.com/images/profile_transparent.png"}, "join_to_post": false, "can_pin": false}, {"description": "", "follow_count": 0, "id": 257575, "is_following": false, "is_join_pending": false, "is_banned": false, "is_moderated": false, "name_readable": "March Hare", "post_count": 0, "source_profile_id": 334608, "source_type": "profile", "image": {"picURL": "https://www.personality-database.com/images/profile_transparent.png"}, "join_to_post": false, "can_pin": false}], "subcategory": "Alice By Heart", "topic_image_url": "https://static1.personality-database.com/profile_images/5fa71f5f42254439963396769d81bb0f.png", "source_location": {"cid": 13, "pid": 2, "sub_cat_id": 8324}, "can_post_image": false, "can_post_audio": false, "posts": {"posts": []}}}}