{"id": 114245, "mbti_profile": "Callahan", "profile_name_searchable": "callahan", "allow_commenting": true, "allow_voting": true, "user_id": 15321, "contributor": "devilspersona", "contributor_create_date": "2020-04-04 10:23:04", "contributor_pic_path": "https://lh3.googleusercontent.com/a-/AOh14GgirNU-Xoa7CMjgSO7VKndyMcjQRZXxEE8yszVW=s96-c", "display_order": 0, "edit_lock": 0, "edit_lock_picture": 0, "is_active": true, "is_approved": true, "mbti_enneagram_type": "ESTJ 8w9", "mbti_type": "ESTJ 8w9", "pdb_comment_access": true, "pdb_page_owner": 0, "pdb_public_access": true, "wiki_description": "", "watch_count": 1, "comment_count": 2, "vote_count": 16, "vote_count_enneagram": 6, "vote_count_mbti": 16, "total_vote_counts": 30, "personality_type": "ESTJ - 8w9 - SLI - SCOEN - VLEF - Choleric-Melancholic", "type_updated_date": "2021-05-29 18:52:45", "enneagram_vote": "", "enneagram_vote_id": 0, "mbti_vote": "", "mbti_vote_id": 0, "is_watching": false, "image_exists": false, "profile_image_url": "https://static1.personality-database.com/profile_images/cbbc90a6f5c74983a928b0c0ad1d8257.png", "profile_image_credit": "", "profile_image_credit_id": 206240, "profile_image_credit_type": "0", "profile_image_credit_url": "", "alt_subcategory": "", "related_subcategories": "", "cat_id": 13, "category": "Theatre", "category_is_fictional": true, "sub_cat_id": 5435, "subcategory": "Legally Blonde (Musical)", "subcat_link_info": {"sub_cat_id": 5435, "cat_id": 13, "property_id": 2, "subcategory": "Legally Blonde (Musical)"}, "related_subcat_link_info": null, "related_profiles": [{"id": 64904, "mbti_profile": "Elle Woods", "subcategory": "Legally Blonde (Musical)", "profile_image_url": "https://static1.personality-database.com/profile_images/802891825f944d09a75c309e1e16e9b6.png", "profile_name": "Elle Woods", "profile_subcat": "Legally Blonde (Musical)", "sub_cat_id": 5435, "cat_id": 13, "property_id": 2, "mbti": "ENFP", "enneatype": "2w3"}, {"id": 100713, "mbti_profile": "Emmett Forrest", "subcategory": "Legally Blonde (Musical)", "profile_image_url": "https://static1.personality-database.com/profile_images/fea6232195a043e4adb61e8d23da3977.png", "profile_name": "Emmett Forrest", "profile_subcat": "Legally Blonde (Musical)", "sub_cat_id": 5435, "cat_id": 13, "property_id": 2, "mbti": "INTJ", "enneatype": "3w4"}, {"id": 114249, "mbti_profile": "Serena", "subcategory": "Legally Blonde (Musical)", "profile_image_url": "", "profile_name": "Serena", "profile_subcat": "Legally Blonde (Musical)", "sub_cat_id": 5435, "cat_id": 13, "property_id": 2, "mbti": "ESFP", "enneatype": ""}, {"id": 302695, "mbti_profile": "Greek Chorus", "subcategory": "Legally Blonde (Musical)", "profile_image_url": "https://static1.personality-database.com/profile_images/803645ebf35b4acd8be8d139b172a866.png", "profile_name": "Greek Chorus", "profile_subcat": "Legally Blonde (Musical)", "sub_cat_id": 5435, "cat_id": 13, "property_id": 2, "mbti": "ESFJ", "enneatype": "2w3"}, {"id": 114246, "mbti_profile": "Vivienne", "subcategory": "Legally Blonde (Musical)", "profile_image_url": "https://static1.personality-database.com/profile_images/1afb4f7dbed345c9b5c59ffe52facd3e.png", "profile_name": "Vivienne", "profile_subcat": "Legally Blonde (Musical)", "sub_cat_id": 5435, "cat_id": 13, "property_id": 2, "mbti": "ESTJ", "enneatype": "8w9"}, {"id": 114252, "mbti_profile": "Warner", "subcategory": "Legally Blonde (Musical)", "profile_image_url": "https://static1.personality-database.com/profile_images/83326c984ccb462ea62b1a355c38c6bc.png", "profile_name": "Warner", "profile_subcat": "Legally Blonde (Musical)", "sub_cat_id": 5435, "cat_id": 13, "property_id": 2, "mbti": "ESTP", "enneatype": "3w4"}, {"id": 114253, "mbti_profile": "Paulette", "subcategory": "Legally Blonde (Musical)", "profile_image_url": "https://static1.personality-database.com/profile_images/46b36da225e2414ebe2054fa13c39111.png", "profile_name": "Paulette", "profile_subcat": "Legally Blonde (Musical)", "sub_cat_id": 5435, "cat_id": 13, "property_id": 2, "mbti": "ESFJ", "enneatype": "2w1"}, {"id": 114247, "mbti_profile": "Brooke", "subcategory": "Legally Blonde (Musical)", "profile_image_url": "https://static1.personality-database.com/profile_images/b228a29d32c04434a28e2d1500de2767.png", "profile_name": "Brooke", "profile_subcat": "Legally Blonde (Musical)", "sub_cat_id": 5435, "cat_id": 13, "property_id": 2, "mbti": "ESFP", "enneatype": "3w2"}], "functions": ["Te", "Si", "Ne", "Fi"], "systems": [{"hex_color": "#888888", "id": 1, "personality_type": "XXXX", "personality_type_id": 0, "system_name": "Four Letter", "system_vote_count": 16, "user_vote_type_id": 0, "vote_id": 0}, {"hex_color": "#006775", "id": 2, "personality_type": "XXXX", "personality_type_id": 0, "system_name": "Enneagram", "system_vote_count": 6, "user_vote_type_id": 0, "vote_id": 0}, {"hex_color": "#006775", "id": 5, "personality_type": "XXXX", "personality_type_id": 0, "system_name": "Instinctual Variant", "system_vote_count": 2, "user_vote_type_id": 0, "vote_id": 0}, {"hex_color": "#006775", "id": 6, "personality_type": "XXXX", "personality_type_id": 0, "system_name": "Tritype", "system_vote_count": 2, "user_vote_type_id": 0, "vote_id": 0}, {"hex_color": "#888888", "id": 3, "personality_type": "XXXX", "personality_type_id": 0, "system_name": "Socionics", "system_vote_count": 1, "user_vote_type_id": 0, "vote_id": 0}, {"hex_color": "#888888", "id": 9, "personality_type": "XXXX", "personality_type_id": 0, "system_name": "Big 5 (SLOAN)", "system_vote_count": 1, "user_vote_type_id": 0, "vote_id": 0}, {"hex_color": "#888888", "id": 8, "personality_type": "XXXX", "personality_type_id": 0, "system_name": "Attitudinal Psyche", "system_vote_count": 1, "user_vote_type_id": 0, "vote_id": 0}, {"hex_color": "#888888", "id": 7, "personality_type": "XXXX", "personality_type_id": 0, "system_name": "Temperaments", "system_vote_count": 1, "user_vote_type_id": 0, "vote_id": 0}, {"hex_color": "#888888", "id": 11, "personality_type": "XXXX", "personality_type_id": 0, "system_name": "Classic Jungian", "system_vote_count": 0, "user_vote_type_id": 0, "vote_id": 0}], "breakdown_systems": {"1": [{"myValue": "ESTJ", "personality_system_id": 1, "personality_type": "ESTJ", "theCount": 10}, {"myValue": "ENTJ", "personality_system_id": 1, "personality_type": "ENTJ", "theCount": 5}, {"myValue": "INTJ", "personality_system_id": 1, "personality_type": "INTJ", "theCount": 1}], "11": [{"myValue": "XXXX", "personality_system_id": 0, "personality_type": "XXXX", "theCount": 0}], "2": [{"myValue": "8w9", "personality_system_id": 2, "personality_type": "8w9", "theCount": 5}, {"myValue": "1w9", "personality_system_id": 2, "personality_type": "1w9", "theCount": 1}], "3": [{"myValue": "SLI", "personality_system_id": 3, "personality_type": "SLI", "theCount": 1}], "5": [{"myValue": "so/sx", "personality_system_id": 5, "personality_type": "so/sx", "theCount": 1}, {"myValue": "sp/so", "personality_system_id": 5, "personality_type": "sp/so", "theCount": 1}], "6": [{"myValue": "153", "personality_system_id": 6, "personality_type": "153", "theCount": 1}, {"myValue": "835", "personality_system_id": 6, "personality_type": "835", "theCount": 1}], "7": [{"myValue": "Choleric-Melancholic", "personality_system_id": 7, "personality_type": "Choleric-Melancholic", "theCount": 1}], "8": [{"myValue": "VLEF", "personality_system_id": 8, "personality_type": "VLEF", "theCount": 1}], "9": [{"myValue": "SCOEN", "personality_system_id": 9, "personality_type": "SCOEN", "theCount": 1}]}, "breakdown_config": {"expand": {"1": 3, "11": 1, "2": 3, "3": 1, "5": 1, "6": 1, "7": 1, "8": 1, "9": 1}, "fire": {"1": 0, "11": 0, "2": 0, "3": 0, "5": 0, "6": 0, "7": 0, "8": 0, "9": 0}}, "mbti_letter_stats": [{"type": "E", "percentage": "94%", "PercentageFloat": 0.9375}, {"type": "S", "percentage": "62%", "PercentageFloat": 0.625}, {"type": "T", "percentage": "100%", "PercentageFloat": 1}, {"type": "J", "percentage": "100%", "PercentageFloat": 1}], "topic_info": {"can_generate": false, "topic": {"description": "", "follow_count": 0, "id": 90595, "is_following": false, "is_join_pending": false, "is_banned": false, "is_moderated": false, "name_readable": "Callahan", "post_count": 0, "source_profile_id": 114245, "source_type": "profile", "join_to_post": false, "can_pin": false, "related_topics": [{"description": "", "follow_count": 0, "id": 54078, "is_following": false, "is_join_pending": false, "is_banned": false, "is_moderated": false, "name_readable": "Elle Woods", "post_count": 1, "source_profile_id": 64904, "source_type": "profile", "image": {"picURL": "https://static1.personality-database.com/profile_images/802891825f944d09a75c309e1e16e9b6.png"}, "join_to_post": false, "can_pin": false}, {"description": "", "follow_count": 1, "id": 80603, "is_following": false, "is_join_pending": false, "is_banned": false, "is_moderated": false, "name_readable": "Emmett Forrest", "post_count": 1, "source_profile_id": 100713, "source_type": "profile", "image": {"picURL": "https://static1.personality-database.com/profile_images/fea6232195a043e4adb61e8d23da3977.png"}, "join_to_post": false, "can_pin": false}, {"description": "", "follow_count": 0, "id": 206340, "is_following": false, "is_join_pending": false, "is_banned": false, "is_moderated": false, "name_readable": "Enid", "post_count": 1, "source_profile_id": 268401, "source_type": "profile", "image": {"picURL": "https://static1.personality-database.com/profile_images/f58658efde674aebbb94f19c953859b1.png"}, "join_to_post": false, "can_pin": false}, {"description": "", "follow_count": 0, "id": 90595, "is_following": false, "is_join_pending": false, "is_banned": false, "is_moderated": false, "name_readable": "Callahan", "post_count": 0, "source_profile_id": 114245, "source_type": "profile", "image": {"picURL": "https://static1.personality-database.com/profile_images/cbbc90a6f5c74983a928b0c0ad1d8257.png"}, "join_to_post": false, "can_pin": false}, {"description": "", "follow_count": 0, "id": 90596, "is_following": false, "is_join_pending": false, "is_banned": false, "is_moderated": false, "name_readable": "Vivienne", "post_count": 0, "source_profile_id": 114246, "source_type": "profile", "image": {"picURL": "https://static1.personality-database.com/profile_images/1afb4f7dbed345c9b5c59ffe52facd3e.png"}, "join_to_post": false, "can_pin": false}, {"description": "", "follow_count": 0, "id": 90597, "is_following": false, "is_join_pending": false, "is_banned": false, "is_moderated": false, "name_readable": "Brooke", "post_count": 0, "source_profile_id": 114247, "source_type": "profile", "image": {"picURL": "https://static1.personality-database.com/profile_images/b228a29d32c04434a28e2d1500de2767.png"}, "join_to_post": false, "can_pin": false}, {"description": "", "follow_count": 0, "id": 90598, "is_following": false, "is_join_pending": false, "is_banned": false, "is_moderated": false, "name_readable": "Margot", "post_count": 0, "source_profile_id": 114248, "source_type": "profile", "image": {"picURL": "https://www.personality-database.com/images/profile_transparent.png"}, "join_to_post": false, "can_pin": false}, {"description": "", "follow_count": 0, "id": 90599, "is_following": false, "is_join_pending": false, "is_banned": false, "is_moderated": false, "name_readable": "Serena", "post_count": 0, "source_profile_id": 114249, "source_type": "profile", "image": {"picURL": "https://www.personality-database.com/images/profile_transparent.png"}, "join_to_post": false, "can_pin": false}, {"description": "", "follow_count": 0, "id": 90600, "is_following": false, "is_join_pending": false, "is_banned": false, "is_moderated": false, "name_readable": "Pilar", "post_count": 0, "source_profile_id": 114250, "source_type": "profile", "image": {"picURL": "https://www.personality-database.com/images/profile_transparent.png"}, "join_to_post": false, "can_pin": false}, {"description": "", "follow_count": 0, "id": 90601, "is_following": false, "is_join_pending": false, "is_banned": false, "is_moderated": false, "name_readable": "Kate", "post_count": 0, "source_profile_id": 114251, "source_type": "profile", "image": {"picURL": "https://www.personality-database.com/images/profile_transparent.png"}, "join_to_post": false, "can_pin": false}, {"description": "", "follow_count": 0, "id": 90602, "is_following": false, "is_join_pending": false, "is_banned": false, "is_moderated": false, "name_readable": "Warner", "post_count": 0, "source_profile_id": 114252, "source_type": "profile", "image": {"picURL": "https://static1.personality-database.com/profile_images/83326c984ccb462ea62b1a355c38c6bc.png"}, "join_to_post": false, "can_pin": false}, {"description": "", "follow_count": 0, "id": 90603, "is_following": false, "is_join_pending": false, "is_banned": false, "is_moderated": false, "name_readable": "Paulette", "post_count": 0, "source_profile_id": 114253, "source_type": "profile", "image": {"picURL": "https://static1.personality-database.com/profile_images/46b36da225e2414ebe2054fa13c39111.png"}, "join_to_post": false, "can_pin": false}, {"description": "", "follow_count": 0, "id": 90604, "is_following": false, "is_join_pending": false, "is_banned": false, "is_moderated": false, "name_readable": "Chutney", "post_count": 0, "source_profile_id": 114254, "source_type": "profile", "image": {"picURL": "https://www.personality-database.com/images/profile_transparent.png"}, "join_to_post": false, "can_pin": false}, {"description": "", "follow_count": 0, "id": 232528, "is_following": false, "is_join_pending": false, "is_banned": false, "is_moderated": false, "name_readable": "Greek Chorus", "post_count": 0, "source_profile_id": 302695, "source_type": "profile", "image": {"picURL": "https://static1.personality-database.com/profile_images/803645ebf35b4acd8be8d139b172a866.png"}, "join_to_post": false, "can_pin": false}], "subcategory": "Legally Blonde (Musical)", "topic_image_url": "https://static1.personality-database.com/profile_images/cbbc90a6f5c74983a928b0c0ad1d8257.png", "source_location": {"cid": 13, "pid": 2, "sub_cat_id": 5435}, "can_post_image": false, "can_post_audio": false, "posts": {"posts": []}}}}