{"id": 121368, "mbti_profile": "Nigel Bottom", "profile_name_searchable": "nigelbottom", "allow_commenting": true, "allow_voting": true, "user_id": 0, "contributor": "the nameless", "contributor_create_date": "2020-04-17 19:33:17", "contributor_pic_path": "https://www.personality-database.com/images/profile_transparent.png", "display_order": 990, "edit_lock": 0, "edit_lock_picture": 0, "is_active": true, "is_approved": true, "mbti_enneagram_type": "INFP 4w5", "mbti_type": "INFP 4w5", "pdb_comment_access": true, "pdb_page_owner": 0, "pdb_public_access": true, "wiki_description": "", "watch_count": 9, "comment_count": 2, "vote_count": 15, "vote_count_enneagram": 9, "vote_count_mbti": 15, "total_vote_counts": 31, "personality_type": "INFP - 4w5 - sx/sp - 496 - Melancholic-Sanguine", "type_updated_date": "2021-01-14 19:31:44", "enneagram_vote": "", "enneagram_vote_id": 0, "mbti_vote": "", "mbti_vote_id": 0, "is_watching": false, "image_exists": false, "profile_image_url": "https://static1.personality-database.com/profile_images/f53f6e804a2440db9066e56e95873a76.png", "profile_image_credit": "", "profile_image_credit_id": 206255, "profile_image_credit_type": "0", "profile_image_credit_url": "", "alt_subcategory": "", "related_subcategories": "", "cat_id": 13, "category": "Theatre", "category_is_fictional": true, "sub_cat_id": 8606, "subcategory": "Something Rotten!", "subcat_link_info": {"sub_cat_id": 8606, "cat_id": 13, "property_id": 2, "subcategory": "Something Rotten!"}, "related_subcat_link_info": null, "related_profiles": [{"id": 121367, "mbti_profile": "William Shakespeare", "subcategory": "Something Rotten!", "profile_image_url": "https://static1.personality-database.com/profile_images/1215d0f2ce354a73a36720a7b8bd1960.png", "profile_name": "William Shakespeare", "profile_subcat": "Something Rotten!", "sub_cat_id": 8606, "cat_id": 13, "property_id": 2, "mbti": "ENTP", "enneatype": "3w4"}, {"id": 121369, "mbti_profile": "Bea", "subcategory": "Something Rotten!", "profile_image_url": "https://static1.personality-database.com/profile_images/5a2f660a120447928137022252b8e608.png", "profile_name": "Bea", "profile_subcat": "Something Rotten!", "sub_cat_id": 8606, "cat_id": 13, "property_id": 2, "mbti": "ENFJ", "enneatype": "2w3"}, {"id": 121372, "mbti_profile": "Portia", "subcategory": "Something Rotten!", "profile_image_url": "https://static1.personality-database.com/profile_images/a59766944e454c80a477ff983ece3d6c.png", "profile_name": "Portia", "profile_subcat": "Something Rotten!", "sub_cat_id": 8606, "cat_id": 13, "property_id": 2, "mbti": "INFJ", "enneatype": "9w1"}, {"id": 121366, "mbti_profile": "Nick Bottom", "subcategory": "Something Rotten!", "profile_image_url": "https://static1.personality-database.com/profile_images/d0f7cd765d1641d086ea9c59b1eaab3a.png", "profile_name": "Nick Bottom", "profile_subcat": "Something Rotten!", "sub_cat_id": 8606, "cat_id": 13, "property_id": 2, "mbti": "ESTP", "enneatype": "3w2"}, {"id": 121370, "mbti_profile": "Nostradamus", "subcategory": "Something Rotten!", "profile_image_url": "https://static1.personality-database.com/profile_images/9451a5c1a31246f48f0f93eb00528ba7.png", "profile_name": "Nostradamus", "profile_subcat": "Something Rotten!", "sub_cat_id": 8606, "cat_id": 13, "property_id": 2, "mbti": "ENFP", "enneatype": "7w6"}, {"id": 408453, "mbti_profile": "Brother Jeremiah", "subcategory": "Something Rotten!", "profile_image_url": "", "profile_name": "Brother Jeremiah", "profile_subcat": "Something Rotten!", "sub_cat_id": 8606, "cat_id": 13, "property_id": 2, "mbti": "ESTJ", "enneatype": "8w9"}], "functions": ["Fi", "Ne", "Si", "Te"], "systems": [{"hex_color": "#888888", "id": 1, "personality_type": "XXXX", "personality_type_id": 0, "system_name": "Four Letter", "system_vote_count": 15, "user_vote_type_id": 0, "vote_id": 0}, {"hex_color": "#006775", "id": 2, "personality_type": "XXXX", "personality_type_id": 0, "system_name": "Enneagram", "system_vote_count": 9, "user_vote_type_id": 0, "vote_id": 0}, {"hex_color": "#006775", "id": 5, "personality_type": "XXXX", "personality_type_id": 0, "system_name": "Instinctual Variant", "system_vote_count": 2, "user_vote_type_id": 0, "vote_id": 0}, {"hex_color": "#006775", "id": 6, "personality_type": "XXXX", "personality_type_id": 0, "system_name": "Tritype", "system_vote_count": 2, "user_vote_type_id": 0, "vote_id": 0}, {"hex_color": "#888888", "id": 3, "personality_type": "XXXX", "personality_type_id": 0, "system_name": "Socionics", "system_vote_count": 0, "user_vote_type_id": 0, "vote_id": 0}, {"hex_color": "#888888", "id": 9, "personality_type": "XXXX", "personality_type_id": 0, "system_name": "Big 5 (SLOAN)", "system_vote_count": 1, "user_vote_type_id": 0, "vote_id": 0}, {"hex_color": "#888888", "id": 8, "personality_type": "XXXX", "personality_type_id": 0, "system_name": "Attitudinal Psyche", "system_vote_count": 0, "user_vote_type_id": 0, "vote_id": 0}, {"hex_color": "#888888", "id": 7, "personality_type": "XXXX", "personality_type_id": 0, "system_name": "Temperaments", "system_vote_count": 1, "user_vote_type_id": 0, "vote_id": 0}, {"hex_color": "#888888", "id": 11, "personality_type": "XXXX", "personality_type_id": 0, "system_name": "Classic Jungian", "system_vote_count": 0, "user_vote_type_id": 0, "vote_id": 0}], "breakdown_systems": {"1": [{"myValue": "INFP", "personality_system_id": 1, "personality_type": "INFP", "theCount": 13}, {"myValue": "INFJ", "personality_system_id": 1, "personality_type": "INFJ", "theCount": 2}], "11": [{"myValue": "XXXX", "personality_system_id": 0, "personality_type": "XXXX", "theCount": 0}], "2": [{"myValue": "4w5", "personality_system_id": 2, "personality_type": "4w5", "theCount": 9}], "3": [{"myValue": "XXXX", "personality_system_id": 0, "personality_type": "XXXX", "theCount": 0}], "4": [{"myValue": "Neutral Good", "personality_system_id": 4, "personality_type": "Neutral Good", "theCount": 1}], "5": [{"myValue": "sx/sp", "personality_system_id": 5, "personality_type": "sx/sp", "theCount": 2}], "6": [{"myValue": "496", "personality_system_id": 6, "personality_type": "496", "theCount": 2}], "7": [{"myValue": "Melancholic-Sanguine", "personality_system_id": 7, "personality_type": "Melancholic-Sanguine", "theCount": 1}], "8": [{"myValue": "XXXX", "personality_system_id": 0, "personality_type": "XXXX", "theCount": 0}], "9": [{"myValue": "RLUAI", "personality_system_id": 9, "personality_type": "RLUAI", "theCount": 1}]}, "breakdown_config": {"expand": {"1": 3, "11": 1, "2": 3, "3": 1, "4": 1, "5": 1, "6": 1, "7": 1, "8": 1, "9": 1}, "fire": {"1": 0, "11": 0, "2": 0, "3": 0, "4": 0, "5": 0, "6": 0, "7": 0, "8": 0, "9": 0}}, "mbti_letter_stats": [{"type": "I", "percentage": "100%", "PercentageFloat": 1}, {"type": "N", "percentage": "100%", "PercentageFloat": 1}, {"type": "F", "percentage": "100%", "PercentageFloat": 1}, {"type": "P", "percentage": "87%", "PercentageFloat": 0.8666666666666667}], "topic_info": {"can_generate": false, "topic": {"description": "", "follow_count": 0, "id": 95189, "is_following": false, "is_join_pending": false, "is_banned": false, "is_moderated": false, "name_readable": "Nigel Bottom", "post_count": 0, "source_profile_id": 121368, "source_type": "profile", "join_to_post": false, "can_pin": false, "related_topics": [{"description": "", "follow_count": 0, "id": 95187, "is_following": false, "is_join_pending": false, "is_banned": false, "is_moderated": false, "name_readable": "Nick Bottom", "post_count": 0, "source_profile_id": 121366, "source_type": "profile", "image": {"picURL": "https://static1.personality-database.com/profile_images/d0f7cd765d1641d086ea9c59b1eaab3a.png"}, "join_to_post": false, "can_pin": false}, {"description": "", "follow_count": 0, "id": 95188, "is_following": false, "is_join_pending": false, "is_banned": false, "is_moderated": false, "name_readable": "William Shakespeare", "post_count": 0, "source_profile_id": 121367, "source_type": "profile", "image": {"picURL": "https://static1.personality-database.com/profile_images/1215d0f2ce354a73a36720a7b8bd1960.png"}, "join_to_post": false, "can_pin": false}, {"description": "", "follow_count": 0, "id": 95189, "is_following": false, "is_join_pending": false, "is_banned": false, "is_moderated": false, "name_readable": "Nigel Bottom", "post_count": 0, "source_profile_id": 121368, "source_type": "profile", "image": {"picURL": "https://static1.personality-database.com/profile_images/f53f6e804a2440db9066e56e95873a76.png"}, "join_to_post": false, "can_pin": false}, {"description": "", "follow_count": 0, "id": 95190, "is_following": false, "is_join_pending": false, "is_banned": false, "is_moderated": false, "name_readable": "Bea", "post_count": 0, "source_profile_id": 121369, "source_type": "profile", "image": {"picURL": "https://static1.personality-database.com/profile_images/5a2f660a120447928137022252b8e608.png"}, "join_to_post": false, "can_pin": false}, {"description": "", "follow_count": 0, "id": 95191, "is_following": false, "is_join_pending": false, "is_banned": false, "is_moderated": false, "name_readable": "Nostradamus", "post_count": 0, "source_profile_id": 121370, "source_type": "profile", "image": {"picURL": "https://static1.personality-database.com/profile_images/9451a5c1a31246f48f0f93eb00528ba7.png"}, "join_to_post": false, "can_pin": false}, {"description": "", "follow_count": 0, "id": 95192, "is_following": false, "is_join_pending": false, "is_banned": false, "is_moderated": false, "name_readable": "Portia", "post_count": 0, "source_profile_id": 121372, "source_type": "profile", "image": {"picURL": "https://static1.personality-database.com/profile_images/a59766944e454c80a477ff983ece3d6c.png"}, "join_to_post": false, "can_pin": false}, {"description": "", "follow_count": 0, "id": 313294, "is_following": false, "is_join_pending": false, "is_banned": false, "is_moderated": false, "name_readable": "Brother Jeremiah", "post_count": 0, "source_profile_id": 408453, "source_type": "profile", "image": {"picURL": "https://www.personality-database.com/images/profile_transparent.png"}, "join_to_post": false, "can_pin": false}], "subcategory": "Something Rotten!", "topic_image_url": "https://static1.personality-database.com/profile_images/f53f6e804a2440db9066e56e95873a76.png", "source_location": {"cid": 13, "pid": 2, "sub_cat_id": 8606}, "can_post_image": false, "can_post_audio": false, "posts": {"posts": []}}}}