{"id": 12175, "mbti_profile": "Cyrano de Bergerac", "profile_name_searchable": "cyranodebergerac", "allow_commenting": true, "allow_voting": true, "user_id": 5296, "contributor": "aura5296", "contributor_create_date": "2018-05-23 15:32:49", "contributor_pic_path": "https://lh4.googleusercontent.com/-lIfI20HQYr4/AAAAAAAAAAI/AAAAAAAAAAA/ACHi3rcM8gtaqdMP3Py5VM--Md51K6H76w/s96-c/photo.jpg", "display_order": 1000, "edit_lock": 0, "edit_lock_picture": 0, "is_active": true, "is_approved": true, "mbti_enneagram_type": "ENFP 4w3", "mbti_type": "ENFP 4w3", "pdb_comment_access": true, "pdb_page_owner": 0, "pdb_public_access": true, "wiki_description": "A poet and soldier whose wit, poetry improvisation talent and sword combat skills are unmatched. There's only one problem... he has a large nose, and obsesses over this. And he desperately wants to tell his cousin Roxane how much he loves her but can't out of fear of being rejected.", "watch_count": 26, "comment_count": 12, "vote_count": 29, "vote_count_enneagram": 12, "vote_count_mbti": 29, "total_vote_counts": 64, "personality_type": "ENFP - 4w3 - sx/so - 487 - EIE - SLUEI - VEFL - Melancholic-Choleric", "type_updated_date": "2021-07-20 21:57:18", "enneagram_vote": "", "enneagram_vote_id": 0, "mbti_vote": "", "mbti_vote_id": 0, "is_watching": false, "image_exists": false, "profile_image_url": "https://static1.personality-database.com/profile_images/9e8804dc0daf4460aa7618bc85bcba25.png", "profile_image_credit": "", "profile_image_credit_id": 241513, "profile_image_credit_type": "0", "profile_image_credit_url": "", "alt_subcategory": "", "related_subcategories": "", "cat_id": 13, "category": "Theatre", "category_is_fictional": true, "sub_cat_id": 1571, "subcategory": "Cyrano de Bergerac", "subcat_link_info": {"sub_cat_id": 1571, "cat_id": 13, "property_id": 2, "subcategory": "Cyrano de Bergerac"}, "related_subcat_link_info": null, "related_profiles": [{"id": 12176, "mbti_profile": "Madeleine \"Roxane\" Robin", "subcategory": "Cyrano de Bergerac", "profile_image_url": "", "profile_name": "Madeleine \"Roxane\" Robin", "profile_subcat": "Cyrano de Bergerac", "sub_cat_id": 1571, "cat_id": 13, "property_id": 2, "mbti": "INFJ", "enneatype": "2w1"}, {"id": 12177, "mbti_profile": "Baron Christian de Neuvillette", "subcategory": "Cyrano de Bergerac", "profile_image_url": "", "profile_name": "Baron Christian de Neuvillette", "profile_subcat": "Cyrano de Bergerac", "sub_cat_id": 1571, "cat_id": 13, "property_id": 2, "mbti": "ESTP", "enneatype": "7w8"}, {"id": 324997, "mbti_profile": "Count de Guiche", "subcategory": "Cyrano de Bergerac", "profile_image_url": "", "profile_name": "Count de Guiche", "profile_subcat": "Cyrano de Bergerac", "sub_cat_id": 1571, "cat_id": 13, "property_id": 2, "mbti": "ENTJ", "enneatype": ""}, {"id": 580969, "mbti_profile": "Ragueneau", "subcategory": "Cyrano de Bergerac", "profile_image_url": "", "profile_name": "Ragueneau", "profile_subcat": "Cyrano de Bergerac", "sub_cat_id": 1571, "cat_id": 13, "property_id": 2, "mbti": "ENFP", "enneatype": "7w6"}, {"id": 580970, "mbti_profile": "Le Bret", "subcategory": "Cyrano de Bergerac", "profile_image_url": "", "profile_name": "Le Bret", "profile_subcat": "Cyrano de Bergerac", "sub_cat_id": 1571, "cat_id": 13, "property_id": 2, "mbti": "INTJ", "enneatype": "5w6"}, {"id": 580972, "mbti_profile": "Captain Carbon de Castel-Jaloux", "subcategory": "Cyrano de Bergerac", "profile_image_url": "", "profile_name": "Captain Carbon de Castel-Jaloux", "profile_subcat": "Cyrano de Bergerac", "sub_cat_id": 1571, "cat_id": 13, "property_id": 2, "mbti": "INTJ", "enneatype": "8w9"}, {"id": 580973, "mbti_profile": "Viscount de Valvert", "subcategory": "Cyrano de Bergerac", "profile_image_url": "", "profile_name": "Viscount de Valvert", "profile_subcat": "Cyrano de Bergerac", "sub_cat_id": 1571, "cat_id": 13, "property_id": 2, "mbti": "", "enneatype": ""}], "functions": ["Ne", "Fi", "Te", "Si"], "systems": [{"hex_color": "#888888", "id": 1, "personality_type": "XXXX", "personality_type_id": 0, "system_name": "Four Letter", "system_vote_count": 29, "user_vote_type_id": 0, "vote_id": 0}, {"hex_color": "#006775", "id": 2, "personality_type": "XXXX", "personality_type_id": 0, "system_name": "Enneagram", "system_vote_count": 12, "user_vote_type_id": 0, "vote_id": 0}, {"hex_color": "#006775", "id": 5, "personality_type": "XXXX", "personality_type_id": 0, "system_name": "Instinctual Variant", "system_vote_count": 6, "user_vote_type_id": 0, "vote_id": 0}, {"hex_color": "#006775", "id": 6, "personality_type": "XXXX", "personality_type_id": 0, "system_name": "Tritype", "system_vote_count": 5, "user_vote_type_id": 0, "vote_id": 0}, {"hex_color": "#888888", "id": 3, "personality_type": "XXXX", "personality_type_id": 0, "system_name": "Socionics", "system_vote_count": 5, "user_vote_type_id": 0, "vote_id": 0}, {"hex_color": "#888888", "id": 9, "personality_type": "XXXX", "personality_type_id": 0, "system_name": "Big 5 (SLOAN)", "system_vote_count": 1, "user_vote_type_id": 0, "vote_id": 0}, {"hex_color": "#888888", "id": 8, "personality_type": "XXXX", "personality_type_id": 0, "system_name": "Attitudinal Psyche", "system_vote_count": 1, "user_vote_type_id": 0, "vote_id": 0}, {"hex_color": "#888888", "id": 7, "personality_type": "XXXX", "personality_type_id": 0, "system_name": "Temperaments", "system_vote_count": 4, "user_vote_type_id": 0, "vote_id": 0}, {"hex_color": "#888888", "id": 11, "personality_type": "XXXX", "personality_type_id": 0, "system_name": "Classic Jungian", "system_vote_count": 0, "user_vote_type_id": 0, "vote_id": 0}], "breakdown_systems": {"1": [{"myValue": "ENFP", "personality_system_id": 1, "personality_type": "ENFP", "theCount": 13}, {"myValue": "INFP", "personality_system_id": 1, "personality_type": "INFP", "theCount": 10}, {"myValue": "ISFP", "personality_system_id": 1, "personality_type": "ISFP", "theCount": 2}, {"myValue": "ENFJ", "personality_system_id": 1, "personality_type": "ENFJ", "theCount": 1}, {"myValue": "ENTP", "personality_system_id": 1, "personality_type": "ENTP", "theCount": 1}, {"myValue": "INTP", "personality_system_id": 1, "personality_type": "INTP", "theCount": 1}, {"myValue": "ISTP", "personality_system_id": 1, "personality_type": "ISTP", "theCount": 1}], "11": [{"myValue": "XXXX", "personality_system_id": 0, "personality_type": "XXXX", "theCount": 0}], "2": [{"myValue": "4w3", "personality_system_id": 2, "personality_type": "4w3", "theCount": 8}, {"myValue": "8w7", "personality_system_id": 2, "personality_type": "8w7", "theCount": 2}, {"myValue": "2w3", "personality_system_id": 2, "personality_type": "2w3", "theCount": 1}, {"myValue": "3w4", "personality_system_id": 2, "personality_type": "3w4", "theCount": 1}], "3": [{"myValue": "EIE", "personality_system_id": 3, "personality_type": "EIE", "theCount": 3}, {"myValue": "IEE", "personality_system_id": 3, "personality_type": "IEE", "theCount": 1}, {"myValue": "ILE", "personality_system_id": 3, "personality_type": "ILE", "theCount": 1}], "4": [{"myValue": "Chaotic Good", "personality_system_id": 4, "personality_type": "Chaotic Good", "theCount": 1}], "5": [{"myValue": "sx/so", "personality_system_id": 5, "personality_type": "sx/so", "theCount": 5}, {"myValue": "so/sx", "personality_system_id": 5, "personality_type": "so/sx", "theCount": 1}], "6": [{"myValue": "487", "personality_system_id": 6, "personality_type": "487", "theCount": 3}, {"myValue": "458", "personality_system_id": 6, "personality_type": "458", "theCount": 1}, {"myValue": "847", "personality_system_id": 6, "personality_type": "847", "theCount": 1}], "7": [{"myValue": "Choleric [Dominant]", "personality_system_id": 7, "personality_type": "Choleric [Dominant]", "theCount": 1}, {"myValue": "Choleric-Sanguine", "personality_system_id": 7, "personality_type": "Choleric-Sanguine", "theCount": 1}, {"myValue": "Melancholic-Choleric", "personality_system_id": 7, "personality_type": "Melancholic-Choleric", "theCount": 1}, {"myValue": "Sanguine-Melancholic", "personality_system_id": 7, "personality_type": "Sanguine-Melancholic", "theCount": 1}], "8": [{"myValue": "VEFL", "personality_system_id": 8, "personality_type": "VEFL", "theCount": 1}], "9": [{"myValue": "SLUEI", "personality_system_id": 9, "personality_type": "SLUEI", "theCount": 1}]}, "breakdown_config": {"expand": {"1": 3, "11": 1, "2": 3, "3": 1, "4": 1, "5": 1, "6": 1, "7": 1, "8": 1, "9": 1}, "fire": {"1": 1, "11": 0, "2": 0, "3": 0, "4": 0, "5": 0, "6": 0, "7": 0, "8": 0, "9": 0}}, "mbti_letter_stats": [{"type": "E", "percentage": "52%", "PercentageFloat": 0.5172413793103449}, {"type": "N", "percentage": "90%", "PercentageFloat": 0.896551724137931}, {"type": "F", "percentage": "90%", "PercentageFloat": 0.896551724137931}, {"type": "P", "percentage": "97%", "PercentageFloat": 0.9655172413793104}], "topic_info": {"can_generate": false, "topic": {"description": "", "follow_count": 0, "id": 11260, "is_following": false, "is_join_pending": false, "is_banned": false, "is_moderated": false, "name_readable": "Cyrano de Bergerac", "post_count": 0, "source_profile_id": 12175, "source_type": "profile", "join_to_post": false, "can_pin": false, "related_topics": [{"description": "", "follow_count": 0, "id": 11260, "is_following": false, "is_join_pending": false, "is_banned": false, "is_moderated": false, "name_readable": "Cyrano de Bergerac", "post_count": 0, "source_profile_id": 12175, "source_type": "profile", "image": {"picURL": "https://static1.personality-database.com/profile_images/9e8804dc0daf4460aa7618bc85bcba25.png"}, "join_to_post": false, "can_pin": false}, {"description": "", "follow_count": 0, "id": 11261, "is_following": false, "is_join_pending": false, "is_banned": false, "is_moderated": false, "name_readable": "Magdeleine 'Roxane' Robin", "post_count": 0, "source_profile_id": 12176, "source_type": "profile", "image": {"picURL": "https://www.personality-database.com/images/profile_transparent.png"}, "join_to_post": false, "can_pin": false}, {"description": "", "follow_count": 0, "id": 11262, "is_following": false, "is_join_pending": false, "is_banned": false, "is_moderated": false, "name_readable": "Christian de Neuvillette", "post_count": 0, "source_profile_id": 12177, "source_type": "profile", "image": {"picURL": "https://www.personality-database.com/images/profile_transparent.png"}, "join_to_post": false, "can_pin": false}, {"description": "", "follow_count": 0, "id": 250133, "is_following": false, "is_join_pending": false, "is_banned": false, "is_moderated": false, "name_readable": "De Guiche", "post_count": 0, "source_profile_id": 324997, "source_type": "profile", "image": {"picURL": "https://www.personality-database.com/images/profile_transparent.png"}, "join_to_post": false, "can_pin": false}], "subcategory": "Cyrano de Bergerac", "topic_image_url": "https://static1.personality-database.com/profile_images/9e8804dc0daf4460aa7618bc85bcba25.png", "source_location": {"cid": 13, "pid": 2, "sub_cat_id": 1571}, "can_post_image": false, "can_post_audio": false, "posts": {"posts": []}}}}