{"id": 12232, "mbti_profile": "Jared Kleinman", "profile_name_searchable": "jaredkleinman", "allow_commenting": true, "allow_voting": true, "user_id": 4982, "contributor": "snow(o whats this)", "contributor_create_date": "2018-05-25 19:58:31", "contributor_pic_path": "https://lh3.googleusercontent.com/a-/AOh14GiqOAAPbN7kM2Q6yRMzPQxDJ40ytj76clBU7k54aA=s96-c", "display_order": 0, "edit_lock": 0, "edit_lock_picture": 0, "is_active": true, "is_approved": true, "mbti_enneagram_type": "INTP 7w8", "mbti_type": "INTP 7w8", "pdb_comment_access": true, "pdb_page_owner": 0, "pdb_public_access": true, "wiki_description": "", "watch_count": 68, "comment_count": 17, "vote_count": 150, "vote_count_enneagram": 70, "vote_count_mbti": 150, "total_vote_counts": 278, "personality_type": "INTP - 7w8 - sp/sx - 782 - ILE - SCUEI - LVEF - Sanguine [Dominant]", "type_updated_date": "2022-12-30 01:40:57", "enneagram_vote": "", "enneagram_vote_id": 0, "mbti_vote": "", "mbti_vote_id": 0, "is_watching": false, "image_exists": true, "profile_image_url": "https://static1.personality-database.com/profile_images/e35ce377846f4402981a39f02cd36da6.png", "profile_image_credit": "", "profile_image_credit_id": 44690, "profile_image_credit_type": "0", "profile_image_credit_url": "", "alt_subcategory": "", "related_subcategories": "", "cat_id": 13, "category": "Theatre", "category_is_fictional": true, "sub_cat_id": 1360, "subcategory": "Dear Evan Hansen", "subcat_link_info": {"sub_cat_id": 1360, "cat_id": 13, "property_id": 2, "subcategory": "Dear Evan Hansen"}, "related_subcat_link_info": null, "related_profiles": [{"id": 8528, "mbti_profile": "Evan Hansen", "subcategory": "Dear Evan Hansen", "profile_image_url": "https://static1.personality-database.com/profile_images/2b451f95c2f54eb29a50198b31082f86.png", "profile_name": "Evan Hansen", "profile_subcat": "Dear Evan Hansen", "sub_cat_id": 1360, "cat_id": 13, "property_id": 2, "mbti": "INFP", "enneatype": "9w1"}, {"id": 17600, "mbti_profile": "Connor Murphy", "subcategory": "Dear Evan Hansen", "profile_image_url": "https://static1.personality-database.com/profile_images/1291636fa0054dba90c1f88b576fbae7.png", "profile_name": "Connor Murphy", "profile_subcat": "Dear Evan Hansen", "sub_cat_id": 1360, "cat_id": 13, "property_id": 2, "mbti": "ESFP", "enneatype": "4w5"}, {"id": 29837, "mbti_profile": "Alana Beck", "subcategory": "Dear Evan Hansen", "profile_image_url": "https://static1.personality-database.com/profile_images/2b12d4df4e1f4128b182682e544b9e0d.png", "profile_name": "Alana Beck", "profile_subcat": "Dear Evan Hansen", "sub_cat_id": 1360, "cat_id": 13, "property_id": 2, "mbti": "ENTJ", "enneatype": "3w2"}, {"id": 29839, "mbti_profile": "Larry Murphy", "subcategory": "Dear Evan Hansen", "profile_image_url": "https://static1.personality-database.com/profile_images/c2a849e2ee7448b3a9145cc13a7a4820.png", "profile_name": "Larry Murphy", "profile_subcat": "Dear Evan Hansen", "sub_cat_id": 1360, "cat_id": 13, "property_id": 2, "mbti": "ISTJ", "enneatype": "1w9"}, {"id": 29840, "mbti_profile": "Heidi Hansen", "subcategory": "Dear Evan Hansen", "profile_image_url": "https://static1.personality-database.com/profile_images/fc4fee2efe3249f19ed836c1daa7be38.png", "profile_name": "Heidi Hansen", "profile_subcat": "Dear Evan Hansen", "sub_cat_id": 1360, "cat_id": 13, "property_id": 2, "mbti": "ESFJ", "enneatype": "2w3"}, {"id": 14926, "mbti_profile": "Zoe Murphy", "subcategory": "Dear Evan Hansen", "profile_image_url": "https://static1.personality-database.com/profile_images/b26404f900bb44868ff3a391521e5950.png", "profile_name": "Zoe Murphy", "profile_subcat": "Dear Evan Hansen", "sub_cat_id": 1360, "cat_id": 13, "property_id": 2, "mbti": "ISFP", "enneatype": "9w1"}, {"id": 29838, "mbti_profile": "Cynthia Murphy", "subcategory": "Dear Evan Hansen", "profile_image_url": "https://static1.personality-database.com/profile_images/a43210031d034549bf2371b30f44aaf6.png", "profile_name": "Cynthia Murphy", "profile_subcat": "Dear Evan Hansen", "sub_cat_id": 1360, "cat_id": 13, "property_id": 2, "mbti": "ISFJ", "enneatype": "2w1"}], "functions": ["Ti", "Ne", "Si", "Fe"], "systems": [{"hex_color": "#888888", "id": 1, "personality_type": "XXXX", "personality_type_id": 0, "system_name": "Four Letter", "system_vote_count": 144, "user_vote_type_id": 0, "vote_id": 0}, {"hex_color": "#006775", "id": 2, "personality_type": "XXXX", "personality_type_id": 0, "system_name": "Enneagram", "system_vote_count": 68, "user_vote_type_id": 0, "vote_id": 0}, {"hex_color": "#006775", "id": 5, "personality_type": "XXXX", "personality_type_id": 0, "system_name": "Instinctual Variant", "system_vote_count": 11, "user_vote_type_id": 0, "vote_id": 0}, {"hex_color": "#006775", "id": 6, "personality_type": "XXXX", "personality_type_id": 0, "system_name": "Tritype", "system_vote_count": 18, "user_vote_type_id": 0, "vote_id": 0}, {"hex_color": "#888888", "id": 3, "personality_type": "XXXX", "personality_type_id": 0, "system_name": "Socionics", "system_vote_count": 7, "user_vote_type_id": 0, "vote_id": 0}, {"hex_color": "#888888", "id": 9, "personality_type": "XXXX", "personality_type_id": 0, "system_name": "Big 5 (SLOAN)", "system_vote_count": 8, "user_vote_type_id": 0, "vote_id": 0}, {"hex_color": "#888888", "id": 8, "personality_type": "XXXX", "personality_type_id": 0, "system_name": "Attitudinal Psyche", "system_vote_count": 3, "user_vote_type_id": 0, "vote_id": 0}, {"hex_color": "#888888", "id": 7, "personality_type": "XXXX", "personality_type_id": 0, "system_name": "Temperaments", "system_vote_count": 13, "user_vote_type_id": 0, "vote_id": 0}, {"hex_color": "#888888", "id": 11, "personality_type": "XXXX", "personality_type_id": 0, "system_name": "Classic Jungian", "system_vote_count": 0, "user_vote_type_id": 0, "vote_id": 0}], "breakdown_systems": {"1": [{"myValue": "INTP", "personality_system_id": 1, "personality_type": "INTP", "theCount": 75}, {"myValue": "ENTP", "personality_system_id": 1, "personality_type": "ENTP", "theCount": 64}, {"myValue": "ESTP", "personality_system_id": 1, "personality_type": "ESTP", "theCount": 2}, {"myValue": "INTJ", "personality_system_id": 1, "personality_type": "INTJ", "theCount": 2}, {"myValue": "ISTP", "personality_system_id": 1, "personality_type": "ISTP", "theCount": 1}], "11": [{"myValue": "XXXX", "personality_system_id": 0, "personality_type": "XXXX", "theCount": 0}], "2": [{"myValue": "7w8", "personality_system_id": 2, "personality_type": "7w8", "theCount": 39}, {"myValue": "5w4", "personality_system_id": 2, "personality_type": "5w4", "theCount": 18}, {"myValue": "6w5", "personality_system_id": 2, "personality_type": "6w5", "theCount": 4}, {"myValue": "5w6", "personality_system_id": 2, "personality_type": "5w6", "theCount": 3}, {"myValue": "6w7", "personality_system_id": 2, "personality_type": "6w7", "theCount": 2}, {"myValue": "3w2", "personality_system_id": 2, "personality_type": "3w2", "theCount": 1}, {"myValue": "8w7", "personality_system_id": 2, "personality_type": "8w7", "theCount": 1}], "3": [{"myValue": "ILE", "personality_system_id": 3, "personality_type": "ILE", "theCount": 5}, {"myValue": "ILI", "personality_system_id": 3, "personality_type": "ILI", "theCount": 2}], "4": [{"myValue": "Chaotic Neutral", "personality_system_id": 4, "personality_type": "Chaotic Neutral", "theCount": 6}], "5": [{"myValue": "sp/sx", "personality_system_id": 5, "personality_type": "sp/sx", "theCount": 10}, {"myValue": "sp/so", "personality_system_id": 5, "personality_type": "sp/so", "theCount": 1}], "6": [{"myValue": "782", "personality_system_id": 6, "personality_type": "782", "theCount": 7}, {"myValue": "582", "personality_system_id": 6, "personality_type": "582", "theCount": 5}, {"myValue": "583", "personality_system_id": 6, "personality_type": "583", "theCount": 2}, {"myValue": "385", "personality_system_id": 6, "personality_type": "385", "theCount": 1}, {"myValue": "638", "personality_system_id": 6, "personality_type": "638", "theCount": 1}, {"myValue": "739", "personality_system_id": 6, "personality_type": "739", "theCount": 1}, {"myValue": "783", "personality_system_id": 6, "personality_type": "783", "theCount": 1}], "7": [{"myValue": "Sanguine [Dominant]", "personality_system_id": 7, "personality_type": "Sanguine [Dominant]", "theCount": 9}, {"myValue": "Sanguine-Melancholic", "personality_system_id": 7, "personality_type": "Sanguine-Melancholic", "theCount": 2}, {"myValue": "Phlegmatic [Dominant]", "personality_system_id": 7, "personality_type": "Phlegmatic [Dominant]", "theCount": 1}, {"myValue": "Sanguine-Choleric", "personality_system_id": 7, "personality_type": "Sanguine-Choleric", "theCount": 1}], "8": [{"myValue": "LVEF", "personality_system_id": 8, "personality_type": "LVEF", "theCount": 2}, {"myValue": "FLEV", "personality_system_id": 8, "personality_type": "FLEV", "theCount": 1}], "9": [{"myValue": "SCUEI", "personality_system_id": 9, "personality_type": "SCUEI", "theCount": 4}, {"myValue": "RCOEI", "personality_system_id": 9, "personality_type": "RCOEI", "theCount": 2}, {"myValue": "RCUEI", "personality_system_id": 9, "personality_type": "RCUEI", "theCount": 1}, {"myValue": "SLUEI", "personality_system_id": 9, "personality_type": "SLUEI", "theCount": 1}]}, "breakdown_config": {"expand": {"1": 3, "11": 1, "2": 3, "3": 1, "4": 1, "5": 1, "6": 1, "7": 1, "8": 1, "9": 1}, "fire": {"1": 1, "11": 0, "2": 0, "3": 0, "4": 0, "5": 0, "6": 0, "7": 0, "8": 0, "9": 0}}, "mbti_letter_stats": [{"type": "I", "percentage": "54%", "PercentageFloat": 0.5416666666666666}, {"type": "N", "percentage": "98%", "PercentageFloat": 0.9791666666666666}, {"type": "T", "percentage": "100%", "PercentageFloat": 1}, {"type": "P", "percentage": "99%", "PercentageFloat": 0.9861111111111112}], "topic_info": {"can_generate": false, "topic": {"description": "", "follow_count": 0, "id": 11308, "is_following": false, "is_join_pending": false, "is_banned": false, "is_moderated": false, "name_readable": "Jared Kleinman", "post_count": 2, "source_profile_id": 12232, "source_type": "profile", "join_to_post": false, "can_pin": false, "related_topics": [{"description": "", "follow_count": 0, "id": 7970, "is_following": false, "is_join_pending": false, "is_banned": false, "is_moderated": false, "name_readable": "Evan Hansen", "post_count": 17, "source_profile_id": 8528, "source_type": "profile", "image": {"picURL": "https://static1.personality-database.com/profile_images/2b451f95c2f54eb29a50198b31082f86.png"}, "join_to_post": false, "can_pin": false}, {"description": "", "follow_count": 0, "id": 11308, "is_following": false, "is_join_pending": false, "is_banned": false, "is_moderated": false, "name_readable": "Jared Kleinman", "post_count": 2, "source_profile_id": 12232, "source_type": "profile", "image": {"picURL": "https://static1.personality-database.com/profile_images/e35ce377846f4402981a39f02cd36da6.png"}, "join_to_post": false, "can_pin": false}, {"description": "", "follow_count": 0, "id": 13755, "is_following": false, "is_join_pending": false, "is_banned": false, "is_moderated": false, "name_readable": "Zoe Murphy", "post_count": 2, "source_profile_id": 14926, "source_type": "profile", "image": {"picURL": "https://static1.personality-database.com/profile_images/b26404f900bb44868ff3a391521e5950.png"}, "join_to_post": false, "can_pin": false}, {"description": "", "follow_count": 0, "id": 16175, "is_following": false, "is_join_pending": false, "is_banned": false, "is_moderated": false, "name_readable": "Connor Murphy", "post_count": 0, "source_profile_id": 17600, "source_type": "profile", "image": {"picURL": "https://static1.personality-database.com/profile_images/1291636fa0054dba90c1f88b576fbae7.png"}, "join_to_post": false, "can_pin": false}, {"description": "", "follow_count": 0, "id": 26897, "is_following": false, "is_join_pending": false, "is_banned": false, "is_moderated": false, "name_readable": "Alana Beck", "post_count": 0, "source_profile_id": 29837, "source_type": "profile", "image": {"picURL": "https://static1.personality-database.com/profile_images/2b12d4df4e1f4128b182682e544b9e0d.png"}, "join_to_post": false, "can_pin": false}, {"description": "", "follow_count": 0, "id": 26898, "is_following": false, "is_join_pending": false, "is_banned": false, "is_moderated": false, "name_readable": "Cynthia Murphy", "post_count": 0, "source_profile_id": 29838, "source_type": "profile", "image": {"picURL": "https://static1.personality-database.com/profile_images/a43210031d034549bf2371b30f44aaf6.png"}, "join_to_post": false, "can_pin": false}, {"description": "", "follow_count": 0, "id": 26899, "is_following": false, "is_join_pending": false, "is_banned": false, "is_moderated": false, "name_readable": "Larry Murphy", "post_count": 0, "source_profile_id": 29839, "source_type": "profile", "image": {"picURL": "https://static1.personality-database.com/profile_images/c2a849e2ee7448b3a9145cc13a7a4820.png"}, "join_to_post": false, "can_pin": false}, {"description": "", "follow_count": 0, "id": 26900, "is_following": false, "is_join_pending": false, "is_banned": false, "is_moderated": false, "name_readable": "Heidi Hansen", "post_count": 0, "source_profile_id": 29840, "source_type": "profile", "image": {"picURL": "https://static1.personality-database.com/profile_images/fc4fee2efe3249f19ed836c1daa7be38.png"}, "join_to_post": false, "can_pin": false}], "subcategory": "Dear Evan Hansen", "topic_image_url": "https://static1.personality-database.com/profile_images/e35ce377846f4402981a39f02cd36da6.png", "source_location": {"cid": 13, "pid": 2, "sub_cat_id": 1360}, "can_post_image": false, "can_post_audio": false, "posts": {"posts": [{"username": "Mr-No-Chill-Kid", "user_pic_path": "https://lh3.googleusercontent.com/a/ALm5wu0Sxg99joU2xBtckrgBB0mpaxTHF0hcMx37Ia8F=s96-c", "user_personality_type": "INTP", "is_mod": false, "comment_count": 0, "reply_count": 0, "vote_type": 0, "topics_list": [{"id": 11308, "name_readable": "Jared Kleinman"}], "id": 1788464, "post_id": 1788464, "user_id": 1462982, "title": "", "content": "I'm pretty sure Jared's an ENTP tho...\nStereotypically speaking, I don't think INTPs would actually have the audacity to go \u201cHey, Connor. Lovin' the new hair length! Very\u2014 School-shooter-chique\u201d.\nAlso, i actually think Ne\uff1e Ti in his case. \nJust think of his lines in Sincerely, Me, and Goin' Viral(deleted verse).", "create_date": 1669114225000, "unix_timestamp": 1669114225000, "update_date": 1669114225000, "vote_count": 1, "vote_count_down": 0, "is_reported": 0, "is_hidden": false, "is_pinned": false, "is_watching": false, "is_pro_user": false, "images": null, "audios": null, "function_list": [], "type": "post"}, {"username": "Layne Staley", "user_pic_path": "https://static1.personality-database.com/user_avatars/750463/75481310-d40b-4feb-ba69-fec72f23d8f7_small.webp", "user_personality_type": "ENTP-7w8-738", "is_mod": false, "comment_count": 0, "reply_count": 0, "vote_type": 0, "topics_list": [{"id": 11308, "name_readable": "Jared Kleinman"}], "id": 1522939, "post_id": 1522939, "user_id": 750463, "title": "", "content": "Personally I see more Ne usage than Ti.", "create_date": 1659965967000, "unix_timestamp": 1659965967000, "update_date": 1659965967000, "vote_count": 3, "vote_count_down": 0, "is_reported": 1, "is_hidden": false, "is_pinned": false, "is_watching": false, "is_pro_user": false, "images": null, "audios": null, "function_list": [], "type": "post"}]}}}}