{"id": 12328, "mbti_profile": "Pierre Kirillovich Bezukhov", "profile_name_searchable": "pierrekirillovichbezukhov", "allow_commenting": true, "allow_voting": true, "user_id": 857, "contributor": "Shawna Gardner", "contributor_create_date": "2018-06-01 02:08:11", "contributor_pic_path": "https://lh3.googleusercontent.com/a-/AOh14GivZqkbf5U0qzrqrxeqCcNxRD_5rn_7dERR2D0vw00=s96-c", "display_order": 1000, "edit_lock": 0, "edit_lock_picture": 0, "is_active": true, "is_approved": true, "mbti_enneagram_type": "INFP 5w4", "mbti_type": "INFP 5w4", "pdb_comment_access": true, "pdb_page_owner": 0, "pdb_public_access": true, "wiki_description": "", "watch_count": 29, "comment_count": 12, "vote_count": 64, "vote_count_enneagram": 37, "vote_count_mbti": 64, "total_vote_counts": 137, "personality_type": "INFP - 5w4 - sp/so - 541 - ILE - RLUEI - LEVF", "type_updated_date": "2021-05-30 01:55:39", "enneagram_vote": "", "enneagram_vote_id": 0, "mbti_vote": "", "mbti_vote_id": 0, "is_watching": false, "image_exists": false, "profile_image_url": "https://static1.personality-database.com/profile_images/d1e01dfd44d1494aac2ae3bbb1c29a62.png", "profile_image_credit": "", "profile_image_credit_id": 70061, "profile_image_credit_type": "0", "profile_image_credit_url": "", "alt_subcategory": "", "related_subcategories": "", "cat_id": 13, "category": "Theatre", "category_is_fictional": true, "sub_cat_id": 1593, "subcategory": "Natasha, Pierre, and the Great Comet of 1812", "subcat_link_info": {"sub_cat_id": 1593, "cat_id": 13, "property_id": 2, "subcategory": "Natasha, Pierre, and the Great Comet of 1812"}, "related_subcat_link_info": null, "related_profiles": [{"id": 12329, "mbti_profile": "Natasha Ilyinichna Rostova", "subcategory": "Natasha, Pierre, and the Great Comet of 1812", "profile_image_url": "https://static1.personality-database.com/profile_images/e7e0aabdec794533845408bcacd58208.png", "profile_name": "Natasha Ilyinichna Rostova", "profile_subcat": "Natasha, Pierre, and the Great Comet of 1812", "sub_cat_id": 1593, "cat_id": 13, "property_id": 2, "mbti": "ENFP", "enneatype": "7w6"}, {"id": 15663, "mbti_profile": "Fedya Dolokhov", "subcategory": "Natasha, Pierre, and the Great Comet of 1812", "profile_image_url": "https://static1.personality-database.com/profile_images/1c390fa8b4a7469985545b2ef56611b1.png", "profile_name": "Fedya Dolokhov", "profile_subcat": "Natasha, Pierre, and the Great Comet of 1812", "sub_cat_id": 1593, "cat_id": 13, "property_id": 2, "mbti": "ESTP", "enneatype": "8w7"}, {"id": 15662, "mbti_profile": "Anatole Kuragin", "subcategory": "Natasha, Pierre, and the Great Comet of 1812", "profile_image_url": "https://static1.personality-database.com/profile_images/6a30db33d45248189c7e2f5ad3ab7601.png", "profile_name": "Anatole Kuragin", "profile_subcat": "Natasha, Pierre, and the Great Comet of 1812", "sub_cat_id": 1593, "cat_id": 13, "property_id": 2, "mbti": "ESFP", "enneatype": "7w8"}, {"id": 12330, "mbti_profile": "Sonya Alexandrovna Rostova", "subcategory": "Natasha, Pierre, and the Great Comet of 1812", "profile_image_url": "https://static1.personality-database.com/profile_images/5dc87171a4e74a388194fabf8ddc011c.png", "profile_name": "Sonya Alexandrovna Rostova", "profile_subcat": "Natasha, Pierre, and the Great Comet of 1812", "sub_cat_id": 1593, "cat_id": 13, "property_id": 2, "mbti": "ISFJ", "enneatype": "2w1"}, {"id": 16736, "mbti_profile": "H\u00e9l\u00e8ne Kuragina", "subcategory": "Natasha, Pierre, and the Great Comet of 1812", "profile_image_url": "https://static1.personality-database.com/profile_images/0884004ac105466894b044d1983c14c1.png", "profile_name": "H\u00e9l\u00e8ne Kuragina", "profile_subcat": "Natasha, Pierre, and the Great Comet of 1812", "sub_cat_id": 1593, "cat_id": 13, "property_id": 2, "mbti": "ESTP", "enneatype": "3w2"}, {"id": 12331, "mbti_profile": "Marya Dmitrievna", "subcategory": "Natasha, Pierre, and the Great Comet of 1812", "profile_image_url": "https://static1.personality-database.com/profile_images/87830e987502490c957f79fff434fd96.png", "profile_name": "Marya Dmitrievna", "profile_subcat": "Natasha, Pierre, and the Great Comet of 1812", "sub_cat_id": 1593, "cat_id": 13, "property_id": 2, "mbti": "ESTJ", "enneatype": "1w2"}, {"id": 16738, "mbti_profile": "Mary Bolkonskya", "subcategory": "Natasha, Pierre, and the Great Comet of 1812", "profile_image_url": "https://static1.personality-database.com/profile_images/93f7d12449104b1db268b7243af2edf2.png", "profile_name": "Mary Bolkonskya", "profile_subcat": "Natasha, Pierre, and the Great Comet of 1812", "sub_cat_id": 1593, "cat_id": 13, "property_id": 2, "mbti": "ISFJ", "enneatype": "1w2"}, {"id": 159642, "mbti_profile": "Prince Bolkonsky", "subcategory": "Natasha, Pierre, and the Great Comet of 1812", "profile_image_url": "https://static1.personality-database.com/profile_images/716627439c76466581774a36854e5a22.png", "profile_name": "Prince Bolkonsky", "profile_subcat": "Natasha, Pierre, and the Great Comet of 1812", "sub_cat_id": 1593, "cat_id": 13, "property_id": 2, "mbti": "ESTJ", "enneatype": "4w3"}], "functions": ["Fi", "Ne", "Si", "Te"], "systems": [{"hex_color": "#888888", "id": 1, "personality_type": "XXXX", "personality_type_id": 0, "system_name": "Four Letter", "system_vote_count": 63, "user_vote_type_id": 0, "vote_id": 0}, {"hex_color": "#006775", "id": 2, "personality_type": "XXXX", "personality_type_id": 0, "system_name": "Enneagram", "system_vote_count": 36, "user_vote_type_id": 0, "vote_id": 0}, {"hex_color": "#006775", "id": 5, "personality_type": "XXXX", "personality_type_id": 0, "system_name": "Instinctual Variant", "system_vote_count": 9, "user_vote_type_id": 0, "vote_id": 0}, {"hex_color": "#006775", "id": 6, "personality_type": "XXXX", "personality_type_id": 0, "system_name": "Tritype", "system_vote_count": 10, "user_vote_type_id": 0, "vote_id": 0}, {"hex_color": "#888888", "id": 3, "personality_type": "XXXX", "personality_type_id": 0, "system_name": "Socionics", "system_vote_count": 2, "user_vote_type_id": 0, "vote_id": 0}, {"hex_color": "#888888", "id": 9, "personality_type": "XXXX", "personality_type_id": 0, "system_name": "Big 5 (SLOAN)", "system_vote_count": 4, "user_vote_type_id": 0, "vote_id": 0}, {"hex_color": "#888888", "id": 8, "personality_type": "XXXX", "personality_type_id": 0, "system_name": "Attitudinal Psyche", "system_vote_count": 3, "user_vote_type_id": 0, "vote_id": 0}, {"hex_color": "#888888", "id": 7, "personality_type": "XXXX", "personality_type_id": 0, "system_name": "Temperaments", "system_vote_count": 8, "user_vote_type_id": 0, "vote_id": 0}, {"hex_color": "#888888", "id": 11, "personality_type": "XXXX", "personality_type_id": 0, "system_name": "Classic Jungian", "system_vote_count": 1, "user_vote_type_id": 0, "vote_id": 0}], "breakdown_systems": {"1": [{"myValue": "INFP", "personality_system_id": 1, "personality_type": "INFP", "theCount": 32}, {"myValue": "INTP", "personality_system_id": 1, "personality_type": "INTP", "theCount": 27}, {"myValue": "INFJ", "personality_system_id": 1, "personality_type": "INFJ", "theCount": 3}, {"myValue": "ENTP", "personality_system_id": 1, "personality_type": "ENTP", "theCount": 1}], "11": [{"myValue": "IN(T)", "personality_system_id": 11, "personality_type": "IN(T)", "theCount": 1}], "2": [{"myValue": "5w4", "personality_system_id": 2, "personality_type": "5w4", "theCount": 21}, {"myValue": "4w5", "personality_system_id": 2, "personality_type": "4w5", "theCount": 11}, {"myValue": "1w2", "personality_system_id": 2, "personality_type": "1w2", "theCount": 2}, {"myValue": "9w1", "personality_system_id": 2, "personality_type": "9w1", "theCount": 2}], "3": [{"myValue": "ILE", "personality_system_id": 3, "personality_type": "ILE", "theCount": 1}, {"myValue": "ILI", "personality_system_id": 3, "personality_type": "ILI", "theCount": 1}], "4": [{"myValue": "Neutral Good", "personality_system_id": 4, "personality_type": "Neutral Good", "theCount": 1}], "5": [{"myValue": "sp/so", "personality_system_id": 5, "personality_type": "sp/so", "theCount": 5}, {"myValue": "sp/sx", "personality_system_id": 5, "personality_type": "sp/sx", "theCount": 2}, {"myValue": "so/sp", "personality_system_id": 5, "personality_type": "so/sp", "theCount": 1}, {"myValue": "sx/so", "personality_system_id": 5, "personality_type": "sx/so", "theCount": 1}], "6": [{"myValue": "541", "personality_system_id": 6, "personality_type": "541", "theCount": 3}, {"myValue": "451", "personality_system_id": 6, "personality_type": "451", "theCount": 2}, {"myValue": "154", "personality_system_id": 6, "personality_type": "154", "theCount": 1}, {"myValue": "459", "personality_system_id": 6, "personality_type": "459", "theCount": 1}, {"myValue": "514", "personality_system_id": 6, "personality_type": "514", "theCount": 1}, {"myValue": "549", "personality_system_id": 6, "personality_type": "549", "theCount": 1}, {"myValue": "945", "personality_system_id": 6, "personality_type": "945", "theCount": 1}], "7": [{"myValue": "Melancholic-Phlegmatic", "personality_system_id": 7, "personality_type": "Melancholic-Phlegmatic", "theCount": 4}, {"myValue": "Melancholic-Choleric", "personality_system_id": 7, "personality_type": "Melancholic-Choleric", "theCount": 3}, {"myValue": "Melancholic [Dominant]", "personality_system_id": 7, "personality_type": "Melancholic [Dominant]", "theCount": 1}], "8": [{"myValue": "LEVF", "personality_system_id": 8, "personality_type": "LEVF", "theCount": 2}, {"myValue": "LFEV", "personality_system_id": 8, "personality_type": "LFEV", "theCount": 1}], "9": [{"myValue": "RLUAI", "personality_system_id": 9, "personality_type": "RLUAI", "theCount": 2}, {"myValue": "RLUEI", "personality_system_id": 9, "personality_type": "RLUEI", "theCount": 2}]}, "breakdown_config": {"expand": {"1": 3, "11": 1, "2": 3, "3": 1, "4": 1, "5": 1, "6": 1, "7": 1, "8": 1, "9": 1}, "fire": {"1": 1, "11": 0, "2": 1, "3": 0, "4": 0, "5": 0, "6": 0, "7": 0, "8": 0, "9": 0}}, "mbti_letter_stats": [{"type": "I", "percentage": "98%", "PercentageFloat": 0.9841269841269841}, {"type": "N", "percentage": "100%", "PercentageFloat": 1}, {"type": "F", "percentage": "56%", "PercentageFloat": 0.5555555555555556}, {"type": "P", "percentage": "95%", "PercentageFloat": 0.9523809523809523}], "topic_info": {"can_generate": false, "topic": {"description": "", "follow_count": 0, "id": 11388, "is_following": false, "is_join_pending": false, "is_banned": false, "is_moderated": false, "name_readable": "Pierre Kirillovich Bezukhov", "post_count": 0, "source_profile_id": 12328, "source_type": "profile", "join_to_post": false, "can_pin": false, "related_topics": [{"description": "", "follow_count": 0, "id": 15385, "is_following": false, "is_join_pending": false, "is_banned": false, "is_moderated": false, "name_readable": "H\u00e9l\u00e8ne Kuragina", "post_count": 1, "source_profile_id": 16736, "source_type": "profile", "image": {"picURL": "https://static1.personality-database.com/profile_images/0884004ac105466894b044d1983c14c1.png"}, "join_to_post": false, "can_pin": false}, {"description": "", "follow_count": 0, "id": 11388, "is_following": false, "is_join_pending": false, "is_banned": false, "is_moderated": false, "name_readable": "Pierre Kirillovich Bezukhov", "post_count": 0, "source_profile_id": 12328, "source_type": "profile", "image": {"picURL": "https://static1.personality-database.com/profile_images/d1e01dfd44d1494aac2ae3bbb1c29a62.png"}, "join_to_post": false, "can_pin": false}, {"description": "", "follow_count": 0, "id": 11389, "is_following": false, "is_join_pending": false, "is_banned": false, "is_moderated": false, "name_readable": "Natasha Ilyinichna Rostova", "post_count": 0, "source_profile_id": 12329, "source_type": "profile", "image": {"picURL": "https://static1.personality-database.com/profile_images/e7e0aabdec794533845408bcacd58208.png"}, "join_to_post": false, "can_pin": false}, {"description": "", "follow_count": 0, "id": 11390, "is_following": false, "is_join_pending": false, "is_banned": false, "is_moderated": false, "name_readable": "Sonya Alexandrovna Rostova", "post_count": 0, "source_profile_id": 12330, "source_type": "profile", "image": {"picURL": "https://static1.personality-database.com/profile_images/5dc87171a4e74a388194fabf8ddc011c.png"}, "join_to_post": false, "can_pin": false}, {"description": "", "follow_count": 0, "id": 11391, "is_following": false, "is_join_pending": false, "is_banned": false, "is_moderated": false, "name_readable": "Marya Dmitrievna", "post_count": 0, "source_profile_id": 12331, "source_type": "profile", "image": {"picURL": "https://static1.personality-database.com/profile_images/87830e987502490c957f79fff434fd96.png"}, "join_to_post": false, "can_pin": false}, {"description": "", "follow_count": 0, "id": 14401, "is_following": false, "is_join_pending": false, "is_banned": false, "is_moderated": false, "name_readable": "Anatole Kuragin", "post_count": 0, "source_profile_id": 15662, "source_type": "profile", "image": {"picURL": "https://static1.personality-database.com/profile_images/6a30db33d45248189c7e2f5ad3ab7601.png"}, "join_to_post": false, "can_pin": false}, {"description": "", "follow_count": 0, "id": 14402, "is_following": false, "is_join_pending": false, "is_banned": false, "is_moderated": false, "name_readable": "Fedya Dolokhov", "post_count": 0, "source_profile_id": 15663, "source_type": "profile", "image": {"picURL": "https://static1.personality-database.com/profile_images/1c390fa8b4a7469985545b2ef56611b1.png"}, "join_to_post": false, "can_pin": false}, {"description": "", "follow_count": 0, "id": 15386, "is_following": false, "is_join_pending": false, "is_banned": false, "is_moderated": false, "name_readable": "Andrei Bolkonsky", "post_count": 0, "source_profile_id": 16737, "source_type": "profile", "image": {"picURL": "https://static1.personality-database.com/profile_images/c391a9a6bde146089cb80460f22436b7.png"}, "join_to_post": false, "can_pin": false}, {"description": "", "follow_count": 0, "id": 15387, "is_following": false, "is_join_pending": false, "is_banned": false, "is_moderated": false, "name_readable": "Mary Bolkonskya", "post_count": 0, "source_profile_id": 16738, "source_type": "profile", "image": {"picURL": "https://static1.personality-database.com/profile_images/93f7d12449104b1db268b7243af2edf2.png"}, "join_to_post": false, "can_pin": false}, {"description": "", "follow_count": 0, "id": 123941, "is_following": false, "is_join_pending": false, "is_banned": false, "is_moderated": false, "name_readable": "Prince Bolkonsky", "post_count": 0, "source_profile_id": 159642, "source_type": "profile", "image": {"picURL": "https://static1.personality-database.com/profile_images/716627439c76466581774a36854e5a22.png"}, "join_to_post": false, "can_pin": false}], "subcategory": "Natasha, Pierre, and the Great Comet of 1812", "topic_image_url": "https://static1.personality-database.com/profile_images/d1e01dfd44d1494aac2ae3bbb1c29a62.png", "source_location": {"cid": 13, "pid": 2, "sub_cat_id": 1593}, "can_post_image": false, "can_post_audio": false, "posts": {"posts": []}}}}