{"id": 155644, "mbti_profile": "Emma Nolan", "profile_name_searchable": "emmanolan", "allow_commenting": true, "allow_voting": true, "user_id": 41321, "contributor": "choerry's gf", "contributor_create_date": "2020-07-01 18:45:13", "contributor_pic_path": "https://lh3.googleusercontent.com/a-/AOh14GgZPkXU_1Wo7l7P2dbVhURKdF6CHK5OepzDkR-JPg=s96-c", "display_order": 1000, "edit_lock": 0, "edit_lock_picture": 0, "is_active": true, "is_approved": true, "mbti_enneagram_type": "INFP 6w5", "mbti_type": "INFP 6w5", "pdb_comment_access": true, "pdb_page_owner": 0, "pdb_public_access": true, "wiki_description": "", "watch_count": 9, "comment_count": 2, "vote_count": 15, "vote_count_enneagram": 7, "vote_count_mbti": 15, "total_vote_counts": 29, "personality_type": "INFP - 6w5 - so/sx - EIE - SLUEI - VELF - Choleric-Melancholic", "type_updated_date": "2021-05-30 18:42:49", "enneagram_vote": "", "enneagram_vote_id": 0, "mbti_vote": "", "mbti_vote_id": 0, "is_watching": false, "image_exists": true, "profile_image_url": "https://static1.personality-database.com/profile_images/f58b060947a84f57b2267cd3d535078b.png", "profile_image_credit": "", "profile_image_credit_id": 136617, "profile_image_credit_type": "0", "profile_image_credit_url": "", "alt_subcategory": "", "related_subcategories": "", "cat_id": 13, "category": "Theatre", "category_is_fictional": true, "sub_cat_id": 10526, "subcategory": "The Prom", "subcat_link_info": {"sub_cat_id": 10526, "cat_id": 13, "property_id": 2, "subcategory": "The Prom"}, "related_subcat_link_info": null, "related_profiles": [{"id": 155645, "mbti_profile": "Alyssa Greene", "subcategory": "The Prom", "profile_image_url": "https://static1.personality-database.com/profile_images/757dfb9a4696441c8506dc1174b20b54.png", "profile_name": "Alyssa Greene", "profile_subcat": "The Prom", "sub_cat_id": 10526, "cat_id": 13, "property_id": 2, "mbti": "ESFJ", "enneatype": "9w1"}, {"id": 155648, "mbti_profile": "Dee Dee Allen", "subcategory": "The Prom", "profile_image_url": "https://static1.personality-database.com/profile_images/cbedc0fd0b204a298d99cd5036eee055.png", "profile_name": "Dee Dee Allen", "profile_subcat": "The Prom", "sub_cat_id": 10526, "cat_id": 13, "property_id": 2, "mbti": "ESFP", "enneatype": "3w2"}, {"id": 155649, "mbti_profile": "Tom Hawkins", "subcategory": "The Prom", "profile_image_url": "", "profile_name": "Tom Hawkins", "profile_subcat": "The Prom", "sub_cat_id": 10526, "cat_id": 13, "property_id": 2, "mbti": "INFJ", "enneatype": "1w9"}, {"id": 283049, "mbti_profile": "Mrs. Greene", "subcategory": "The Prom", "profile_image_url": "https://static1.personality-database.com/profile_images/6b6ec5fa4a2a42d0803ca9f22dfbb3fd.png", "profile_name": "Mrs. Greene", "profile_subcat": "The Prom", "sub_cat_id": 10526, "cat_id": 13, "property_id": 2, "mbti": "ESTJ", "enneatype": "3w2"}, {"id": 155647, "mbti_profile": "Barry Glickman", "subcategory": "The Prom", "profile_image_url": "https://static1.personality-database.com/profile_images/4540e92fa3f0467eb1156cd9b562551b.png", "profile_name": "Barry Glickman", "profile_subcat": "The Prom", "sub_cat_id": 10526, "cat_id": 13, "property_id": 2, "mbti": "ESFP", "enneatype": "7w8"}, {"id": 155650, "mbti_profile": "Angie Dickinson", "subcategory": "The Prom", "profile_image_url": "https://static1.personality-database.com/profile_images/ccb4154660084ff687a8de8317e97105.png", "profile_name": "Angie Dickinson", "profile_subcat": "The Prom", "sub_cat_id": 10526, "cat_id": 13, "property_id": 2, "mbti": "ESTJ", "enneatype": "8w7"}, {"id": 155651, "mbti_profile": "Trent Oliver", "subcategory": "The Prom", "profile_image_url": "", "profile_name": "Trent Oliver", "profile_subcat": "The Prom", "sub_cat_id": 10526, "cat_id": 13, "property_id": 2, "mbti": "ESTP", "enneatype": "7w6"}], "functions": ["Fi", "Ne", "Si", "Te"], "systems": [{"hex_color": "#888888", "id": 1, "personality_type": "XXXX", "personality_type_id": 0, "system_name": "Four Letter", "system_vote_count": 15, "user_vote_type_id": 0, "vote_id": 0}, {"hex_color": "#006775", "id": 2, "personality_type": "XXXX", "personality_type_id": 0, "system_name": "Enneagram", "system_vote_count": 7, "user_vote_type_id": 0, "vote_id": 0}, {"hex_color": "#006775", "id": 5, "personality_type": "XXXX", "personality_type_id": 0, "system_name": "Instinctual Variant", "system_vote_count": 1, "user_vote_type_id": 0, "vote_id": 0}, {"hex_color": "#006775", "id": 6, "personality_type": "XXXX", "personality_type_id": 0, "system_name": "Tritype", "system_vote_count": 2, "user_vote_type_id": 0, "vote_id": 0}, {"hex_color": "#888888", "id": 3, "personality_type": "XXXX", "personality_type_id": 0, "system_name": "Socionics", "system_vote_count": 1, "user_vote_type_id": 0, "vote_id": 0}, {"hex_color": "#888888", "id": 9, "personality_type": "XXXX", "personality_type_id": 0, "system_name": "Big 5 (SLOAN)", "system_vote_count": 1, "user_vote_type_id": 0, "vote_id": 0}, {"hex_color": "#888888", "id": 8, "personality_type": "XXXX", "personality_type_id": 0, "system_name": "Attitudinal Psyche", "system_vote_count": 1, "user_vote_type_id": 0, "vote_id": 0}, {"hex_color": "#888888", "id": 7, "personality_type": "XXXX", "personality_type_id": 0, "system_name": "Temperaments", "system_vote_count": 1, "user_vote_type_id": 0, "vote_id": 0}, {"hex_color": "#888888", "id": 11, "personality_type": "XXXX", "personality_type_id": 0, "system_name": "Classic Jungian", "system_vote_count": 0, "user_vote_type_id": 0, "vote_id": 0}], "breakdown_systems": {"1": [{"myValue": "INFP", "personality_system_id": 1, "personality_type": "INFP", "theCount": 9}, {"myValue": "ISFP", "personality_system_id": 1, "personality_type": "ISFP", "theCount": 6}], "11": [{"myValue": "XXXX", "personality_system_id": 0, "personality_type": "XXXX", "theCount": 0}], "2": [{"myValue": "6w5", "personality_system_id": 2, "personality_type": "6w5", "theCount": 6}, {"myValue": "5w4", "personality_system_id": 2, "personality_type": "5w4", "theCount": 1}], "3": [{"myValue": "EIE", "personality_system_id": 3, "personality_type": "EIE", "theCount": 1}], "5": [{"myValue": "so/sx", "personality_system_id": 5, "personality_type": "so/sx", "theCount": 1}], "6": [{"myValue": "648", "personality_system_id": 6, "personality_type": "648", "theCount": 1}, {"myValue": "649", "personality_system_id": 6, "personality_type": "649", "theCount": 1}], "7": [{"myValue": "Choleric-Melancholic", "personality_system_id": 7, "personality_type": "Choleric-Melancholic", "theCount": 1}], "8": [{"myValue": "VELF", "personality_system_id": 8, "personality_type": "VELF", "theCount": 1}], "9": [{"myValue": "SLUEI", "personality_system_id": 9, "personality_type": "SLUEI", "theCount": 1}]}, "breakdown_config": {"expand": {"1": 3, "11": 1, "2": 3, "3": 1, "5": 1, "6": 1, "7": 1, "8": 1, "9": 1}, "fire": {"1": 0, "11": 0, "2": 0, "3": 0, "5": 0, "6": 0, "7": 0, "8": 0, "9": 0}}, "mbti_letter_stats": [{"type": "I", "percentage": "100%", "PercentageFloat": 1}, {"type": "N", "percentage": "60%", "PercentageFloat": 0.6}, {"type": "F", "percentage": "100%", "PercentageFloat": 1}, {"type": "P", "percentage": "100%", "PercentageFloat": 1}], "topic_info": {"can_generate": false, "topic": {"description": "", "follow_count": 0, "id": 120719, "is_following": false, "is_join_pending": false, "is_banned": false, "is_moderated": false, "name_readable": "Emma Nolan", "post_count": 0, "source_profile_id": 155644, "source_type": "profile", "join_to_post": false, "can_pin": false, "related_topics": [{"description": "", "follow_count": 0, "id": 120720, "is_following": false, "is_join_pending": false, "is_banned": false, "is_moderated": false, "name_readable": "Alyssa Greene", "post_count": 0, "source_profile_id": 155645, "source_type": "profile", "image": {"picURL": "https://static1.personality-database.com/profile_images/757dfb9a4696441c8506dc1174b20b54.png"}, "join_to_post": false, "can_pin": false}, {"description": "", "follow_count": 0, "id": 120719, "is_following": false, "is_join_pending": false, "is_banned": false, "is_moderated": false, "name_readable": "Emma Nolan", "post_count": 0, "source_profile_id": 155644, "source_type": "profile", "image": {"picURL": "https://static1.personality-database.com/profile_images/f58b060947a84f57b2267cd3d535078b.png"}, "join_to_post": false, "can_pin": false}, {"description": "", "follow_count": 0, "id": 120723, "is_following": false, "is_join_pending": false, "is_banned": false, "is_moderated": false, "name_readable": "Dee Dee Allen", "post_count": 0, "source_profile_id": 155648, "source_type": "profile", "image": {"picURL": "https://static1.personality-database.com/profile_images/cbedc0fd0b204a298d99cd5036eee055.png"}, "join_to_post": false, "can_pin": false}, {"description": "", "follow_count": 0, "id": 120724, "is_following": false, "is_join_pending": false, "is_banned": false, "is_moderated": false, "name_readable": "Tom Hawkins", "post_count": 0, "source_profile_id": 155649, "source_type": "profile", "image": {"picURL": "https://www.personality-database.com/images/profile_transparent.png"}, "join_to_post": false, "can_pin": false}, {"description": "", "follow_count": 0, "id": 216796, "is_following": false, "is_join_pending": false, "is_banned": false, "is_moderated": false, "name_readable": "Mrs. Greene", "post_count": 0, "source_profile_id": 283049, "source_type": "profile", "image": {"picURL": "https://static1.personality-database.com/profile_images/6b6ec5fa4a2a42d0803ca9f22dfbb3fd.png"}, "join_to_post": false, "can_pin": false}, {"description": "", "follow_count": 0, "id": 120722, "is_following": false, "is_join_pending": false, "is_banned": false, "is_moderated": false, "name_readable": "Barry Glickman", "post_count": 0, "source_profile_id": 155647, "source_type": "profile", "image": {"picURL": "https://static1.personality-database.com/profile_images/4540e92fa3f0467eb1156cd9b562551b.png"}, "join_to_post": false, "can_pin": false}, {"description": "", "follow_count": 0, "id": 120725, "is_following": false, "is_join_pending": false, "is_banned": false, "is_moderated": false, "name_readable": "Angie Dickinson", "post_count": 0, "source_profile_id": 155650, "source_type": "profile", "image": {"picURL": "https://static1.personality-database.com/profile_images/ccb4154660084ff687a8de8317e97105.png"}, "join_to_post": false, "can_pin": false}, {"description": "", "follow_count": 0, "id": 120726, "is_following": false, "is_join_pending": false, "is_banned": false, "is_moderated": false, "name_readable": "Trent Oliver", "post_count": 0, "source_profile_id": 155651, "source_type": "profile", "image": {"picURL": "https://www.personality-database.com/images/profile_transparent.png"}, "join_to_post": false, "can_pin": false}], "subcategory": "The Prom", "topic_image_url": "https://static1.personality-database.com/profile_images/f58b060947a84f57b2267cd3d535078b.png", "source_location": {"cid": 13, "pid": 2, "sub_cat_id": 10526}, "can_post_image": false, "can_post_audio": false, "posts": {"posts": []}}}}