{"id": 124717, "mbti_profile": "Anya / Grand Duchess Anastasia Nikolaevna of Russia", "profile_name_searchable": "anyagrandduchessanastasianikolaevnaofrussia", "allow_commenting": true, "allow_voting": true, "user_id": 11336, "contributor": "Sepia", "contributor_create_date": "2020-04-24 10:48:43", "contributor_pic_path": "https://lh3.googleusercontent.com/a-/AOh14GjvhMuBGYJfLjHRMYeJ5rzSxCNasxB0bPzKksiy=s96-c", "display_order": 1000, "edit_lock": 0, "edit_lock_picture": 0, "is_active": true, "is_approved": true, "mbti_enneagram_type": "INFP 6w7", "mbti_type": "INFP 6w7", "pdb_comment_access": true, "pdb_page_owner": 0, "pdb_public_access": true, "wiki_description": "", "watch_count": 52, "comment_count": 4, "vote_count": 47, "vote_count_enneagram": 8, "vote_count_mbti": 47, "total_vote_counts": 67, "personality_type": "INFP - 6w7 - sx/sp - 694 - ESE - RCUAI - EVFL - Sanguine-Melancholic", "type_updated_date": "2021-05-15 23:39:05", "enneagram_vote": "", "enneagram_vote_id": 0, "mbti_vote": "", "mbti_vote_id": 0, "is_watching": false, "image_exists": false, "profile_image_url": "https://static1.personality-database.com/profile_images/a594e26641e84f84aa35e4ee9d7264b0.png", "profile_image_credit": "", "profile_image_credit_id": 158186, "profile_image_credit_type": "0", "profile_image_credit_url": "", "alt_subcategory": "", "related_subcategories": "", "cat_id": 13, "category": "Theatre", "category_is_fictional": true, "sub_cat_id": 8766, "subcategory": "Anastasia (Musical)", "subcat_link_info": {"sub_cat_id": 8766, "cat_id": 13, "property_id": 2, "subcategory": "Anastasia (Musical)"}, "related_subcat_link_info": null, "related_profiles": [{"id": 124718, "mbti_profile": "Dmitry", "subcategory": "Anastasia (Musical)", "profile_image_url": "https://static1.personality-database.com/profile_images/04d91c981325400a82bdb781602d2c3c.png", "profile_name": "Dmitry", "profile_subcat": "Anastasia (Musical)", "sub_cat_id": 8766, "cat_id": 13, "property_id": 2, "mbti": "ENTP", "enneatype": "8w7"}, {"id": 166179, "mbti_profile": "Countess Lily Malevsky-Malevitch", "subcategory": "Anastasia (Musical)", "profile_image_url": "https://static1.personality-database.com/profile_images/f04f8032617d49b98680af6b36594352.png", "profile_name": "Countess Lily Malevsky-Malevitch", "profile_subcat": "Anastasia (Musical)", "sub_cat_id": 8766, "cat_id": 13, "property_id": 2, "mbti": "ESFP", "enneatype": "7w8"}, {"id": 124720, "mbti_profile": "Gleb Vaganov", "subcategory": "Anastasia (Musical)", "profile_image_url": "https://static1.personality-database.com/profile_images/c6d9a1141cb94db49033381d1143c178.png", "profile_name": "Gleb Vaganov", "profile_subcat": "Anastasia (Musical)", "sub_cat_id": 8766, "cat_id": 13, "property_id": 2, "mbti": "ISTJ", "enneatype": "1w9"}, {"id": 166180, "mbti_profile": "Dowager Empress Maria Feodorovna of Russia", "subcategory": "Anastasia (Musical)", "profile_image_url": "https://static1.personality-database.com/profile_images/d0a2958ab59744ba918acfaa6b818693.png", "profile_name": "Dowager Empress Maria Feodorovna of Russia", "profile_subcat": "Anastasia (Musical)", "sub_cat_id": 8766, "cat_id": 13, "property_id": 2, "mbti": "ISFJ", "enneatype": "1w9"}, {"id": 124719, "mbti_profile": "Vladimir Popov", "subcategory": "Anastasia (Musical)", "profile_image_url": "https://static1.personality-database.com/profile_images/194af025192c4b188478a2b95fd5bb8d.png", "profile_name": "Vladimir Popov", "profile_subcat": "Anastasia (Musical)", "sub_cat_id": 8766, "cat_id": 13, "property_id": 2, "mbti": "ESFJ", "enneatype": "3w2"}, {"id": 373119, "mbti_profile": "Count Ipolitov", "subcategory": "Anastasia (Musical)", "profile_image_url": "https://static1.personality-database.com/profile_images/9ee73c58b9e14465811cf7b2bc3c422d.png", "profile_name": "Count Ipolitov", "profile_subcat": "Anastasia (Musical)", "sub_cat_id": 8766, "cat_id": 13, "property_id": 2, "mbti": "ISFP", "enneatype": "6w5"}], "functions": ["Fi", "Ne", "Si", "Te"], "systems": [{"hex_color": "#888888", "id": 1, "personality_type": "XXXX", "personality_type_id": 0, "system_name": "Four Letter", "system_vote_count": 44, "user_vote_type_id": 0, "vote_id": 0}, {"hex_color": "#006775", "id": 2, "personality_type": "XXXX", "personality_type_id": 0, "system_name": "Enneagram", "system_vote_count": 8, "user_vote_type_id": 0, "vote_id": 0}, {"hex_color": "#006775", "id": 5, "personality_type": "XXXX", "personality_type_id": 0, "system_name": "Instinctual Variant", "system_vote_count": 1, "user_vote_type_id": 0, "vote_id": 0}, {"hex_color": "#006775", "id": 6, "personality_type": "XXXX", "personality_type_id": 0, "system_name": "Tritype", "system_vote_count": 3, "user_vote_type_id": 0, "vote_id": 0}, {"hex_color": "#888888", "id": 3, "personality_type": "XXXX", "personality_type_id": 0, "system_name": "Socionics", "system_vote_count": 1, "user_vote_type_id": 0, "vote_id": 0}, {"hex_color": "#888888", "id": 9, "personality_type": "XXXX", "personality_type_id": 0, "system_name": "Big 5 (SLOAN)", "system_vote_count": 2, "user_vote_type_id": 0, "vote_id": 0}, {"hex_color": "#888888", "id": 8, "personality_type": "XXXX", "personality_type_id": 0, "system_name": "Attitudinal Psyche", "system_vote_count": 1, "user_vote_type_id": 0, "vote_id": 0}, {"hex_color": "#888888", "id": 7, "personality_type": "XXXX", "personality_type_id": 0, "system_name": "Temperaments", "system_vote_count": 5, "user_vote_type_id": 0, "vote_id": 0}, {"hex_color": "#888888", "id": 11, "personality_type": "XXXX", "personality_type_id": 0, "system_name": "Classic Jungian", "system_vote_count": 1, "user_vote_type_id": 0, "vote_id": 0}], "breakdown_systems": {"1": [{"myValue": "INFP", "personality_system_id": 1, "personality_type": "INFP", "theCount": 29}, {"myValue": "ENFP", "personality_system_id": 1, "personality_type": "ENFP", "theCount": 14}, {"myValue": "INFJ", "personality_system_id": 1, "personality_type": "INFJ", "theCount": 1}], "11": [{"myValue": "IF(N)", "personality_system_id": 11, "personality_type": "IF(N)", "theCount": 1}], "2": [{"myValue": "6w7", "personality_system_id": 2, "personality_type": "6w7", "theCount": 7}, {"myValue": "4w5", "personality_system_id": 2, "personality_type": "4w5", "theCount": 1}], "3": [{"myValue": "ESE", "personality_system_id": 3, "personality_type": "ESE", "theCount": 1}], "4": [{"myValue": "Neutral Good", "personality_system_id": 4, "personality_type": "Neutral Good", "theCount": 1}], "5": [{"myValue": "sx/sp", "personality_system_id": 5, "personality_type": "sx/sp", "theCount": 1}], "6": [{"myValue": "694", "personality_system_id": 6, "personality_type": "694", "theCount": 3}], "7": [{"myValue": "Sanguine-Melancholic", "personality_system_id": 7, "personality_type": "Sanguine-Melancholic", "theCount": 4}, {"myValue": "Choleric [Dominant]", "personality_system_id": 7, "personality_type": "Choleric [Dominant]", "theCount": 1}], "8": [{"myValue": "EVFL", "personality_system_id": 8, "personality_type": "EVFL", "theCount": 1}], "9": [{"myValue": "RCUAI", "personality_system_id": 9, "personality_type": "RCUAI", "theCount": 2}]}, "breakdown_config": {"expand": {"1": 3, "11": 1, "2": 3, "3": 1, "4": 1, "5": 1, "6": 1, "7": 1, "8": 1, "9": 1}, "fire": {"1": 0, "11": 0, "2": 0, "3": 0, "4": 0, "5": 0, "6": 0, "7": 0, "8": 0, "9": 0}}, "mbti_letter_stats": [{"type": "I", "percentage": "68%", "PercentageFloat": 0.6818181818181818}, {"type": "N", "percentage": "100%", "PercentageFloat": 1}, {"type": "F", "percentage": "100%", "PercentageFloat": 1}, {"type": "P", "percentage": "98%", "PercentageFloat": 0.9772727272727273}], "topic_info": {"can_generate": false, "topic": {"description": "", "follow_count": 0, "id": 97567, "is_following": false, "is_join_pending": false, "is_banned": false, "is_moderated": false, "name_readable": "Anya / Grand Duchess Anastasia Nikolaevna of Russia", "post_count": 0, "source_profile_id": 124717, "source_type": "profile", "join_to_post": false, "can_pin": false, "related_topics": [{"description": "", "follow_count": 0, "id": 97567, "is_following": false, "is_join_pending": false, "is_banned": false, "is_moderated": false, "name_readable": "Anya / Grand Duchess Anastasia Nikolaevna of Russia", "post_count": 0, "source_profile_id": 124717, "source_type": "profile", "image": {"picURL": "https://static1.personality-database.com/profile_images/a594e26641e84f84aa35e4ee9d7264b0.png"}, "join_to_post": false, "can_pin": false}, {"description": "", "follow_count": 0, "id": 97568, "is_following": false, "is_join_pending": false, "is_banned": false, "is_moderated": false, "name_readable": "Dmitry", "post_count": 0, "source_profile_id": 124718, "source_type": "profile", "image": {"picURL": "https://static1.personality-database.com/profile_images/04d91c981325400a82bdb781602d2c3c.png"}, "join_to_post": false, "can_pin": false}, {"description": "", "follow_count": 0, "id": 128727, "is_following": false, "is_join_pending": false, "is_banned": false, "is_moderated": false, "name_readable": "Countess Lily Malevsky-Malevitch", "post_count": 0, "source_profile_id": 166179, "source_type": "profile", "image": {"picURL": "https://static1.personality-database.com/profile_images/f04f8032617d49b98680af6b36594352.png"}, "join_to_post": false, "can_pin": false}, {"description": "", "follow_count": 0, "id": 97570, "is_following": false, "is_join_pending": false, "is_banned": false, "is_moderated": false, "name_readable": "Gleb Vaganov", "post_count": 0, "source_profile_id": 124720, "source_type": "profile", "image": {"picURL": "https://static1.personality-database.com/profile_images/c6d9a1141cb94db49033381d1143c178.png"}, "join_to_post": false, "can_pin": false}, {"description": "", "follow_count": 0, "id": 128728, "is_following": false, "is_join_pending": false, "is_banned": false, "is_moderated": false, "name_readable": "Dowager Empress Maria Feodorovna of Russia", "post_count": 0, "source_profile_id": 166180, "source_type": "profile", "image": {"picURL": "https://static1.personality-database.com/profile_images/d0a2958ab59744ba918acfaa6b818693.png"}, "join_to_post": false, "can_pin": false}, {"description": "", "follow_count": 0, "id": 97569, "is_following": false, "is_join_pending": false, "is_banned": false, "is_moderated": false, "name_readable": "Vladimir Popov", "post_count": 0, "source_profile_id": 124719, "source_type": "profile", "image": {"picURL": "https://static1.personality-database.com/profile_images/194af025192c4b188478a2b95fd5bb8d.png"}, "join_to_post": false, "can_pin": false}, {"description": "", "follow_count": 0, "id": 286973, "is_following": false, "is_join_pending": false, "is_banned": false, "is_moderated": false, "name_readable": "Count Ipolitov", "post_count": 0, "source_profile_id": 373119, "source_type": "profile", "image": {"picURL": "https://static1.personality-database.com/profile_images/9ee73c58b9e14465811cf7b2bc3c422d.png"}, "join_to_post": false, "can_pin": false}], "subcategory": "Anastasia (Musical)", "topic_image_url": "https://static1.personality-database.com/profile_images/a594e26641e84f84aa35e4ee9d7264b0.png", "source_location": {"cid": 13, "pid": 2, "sub_cat_id": 8766}, "can_post_image": false, "can_post_audio": false, "posts": {"posts": []}}}}