{"id": 129092, "mbti_profile": "Willy Loman", "profile_name_searchable": "willyloman", "allow_commenting": true, "allow_voting": true, "user_id": 0, "contributor": "the nameless", "contributor_create_date": "2020-05-04 06:54:19", "contributor_pic_path": "https://www.personality-database.com/images/profile_transparent.png", "display_order": 1000, "edit_lock": 0, "edit_lock_picture": 0, "is_active": true, "is_approved": true, "mbti_enneagram_type": "ISTJ 3w4", "mbti_type": "ISTJ 3w4", "pdb_comment_access": true, "pdb_page_owner": 0, "pdb_public_access": true, "wiki_description": "", "watch_count": 4, "comment_count": 5, "vote_count": 19, "vote_count_enneagram": 18, "vote_count_mbti": 19, "total_vote_counts": 46, "personality_type": "ISTJ - 3w4 - so/sp - 368 - RLUEN - Choleric [Dominant]", "type_updated_date": "2021-07-10 22:17:02", "enneagram_vote": "", "enneagram_vote_id": 0, "mbti_vote": "", "mbti_vote_id": 0, "is_watching": false, "image_exists": true, "profile_image_url": "https://static1.personality-database.com/profile_images/24130eb4544b48f8aeae0da86d6daa6a.png", "profile_image_credit": "", "profile_image_credit_id": 213767, "profile_image_credit_type": "0", "profile_image_credit_url": "", "alt_subcategory": "", "related_subcategories": "", "cat_id": 13, "category": "Theatre", "category_is_fictional": true, "sub_cat_id": 9017, "subcategory": "Death of a Salesman", "subcat_link_info": {"sub_cat_id": 9017, "cat_id": 13, "property_id": 2, "subcategory": "Death of a Salesman"}, "related_subcat_link_info": null, "related_profiles": [{"id": 133882, "mbti_profile": "Biff Loman", "subcategory": "Death of a Salesman", "profile_image_url": "https://static1.personality-database.com/profile_images/c90c899da119441fa760f51627ff381c.png", "profile_name": "Biff Loman", "profile_subcat": "Death of a Salesman", "sub_cat_id": 9017, "cat_id": 13, "property_id": 2, "mbti": "INFP", "enneatype": "4w3"}, {"id": 129093, "mbti_profile": "Linda", "subcategory": "Death of a Salesman", "profile_image_url": "", "profile_name": "Linda", "profile_subcat": "Death of a Salesman", "sub_cat_id": 9017, "cat_id": 13, "property_id": 2, "mbti": "ENFJ", "enneatype": "2w1"}, {"id": 133883, "mbti_profile": "Happy Loman", "subcategory": "Death of a Salesman", "profile_image_url": "", "profile_name": "Happy Loman", "profile_subcat": "Death of a Salesman", "sub_cat_id": 9017, "cat_id": 13, "property_id": 2, "mbti": "ESTP", "enneatype": "3w4"}, {"id": 133884, "mbti_profile": "Bernard", "subcategory": "Death of a Salesman", "profile_image_url": "", "profile_name": "Bernard", "profile_subcat": "Death of a Salesman", "sub_cat_id": 9017, "cat_id": 13, "property_id": 2, "mbti": "ESFJ", "enneatype": "2w3"}, {"id": 133885, "mbti_profile": "Charley", "subcategory": "Death of a Salesman", "profile_image_url": "", "profile_name": "Charley", "profile_subcat": "Death of a Salesman", "sub_cat_id": 9017, "cat_id": 13, "property_id": 2, "mbti": "ISTP", "enneatype": "9w1"}, {"id": 354105, "mbti_profile": "The Woman", "subcategory": "Death of a Salesman", "profile_image_url": "", "profile_name": "The Woman", "profile_subcat": "Death of a Salesman", "sub_cat_id": 9017, "cat_id": 13, "property_id": 2, "mbti": "ESFJ", "enneatype": ""}], "functions": ["Si", "Te", "Fi", "Ne"], "systems": [{"hex_color": "#888888", "id": 1, "personality_type": "XXXX", "personality_type_id": 0, "system_name": "Four Letter", "system_vote_count": 19, "user_vote_type_id": 0, "vote_id": 0}, {"hex_color": "#006775", "id": 2, "personality_type": "XXXX", "personality_type_id": 0, "system_name": "Enneagram", "system_vote_count": 18, "user_vote_type_id": 0, "vote_id": 0}, {"hex_color": "#006775", "id": 5, "personality_type": "XXXX", "personality_type_id": 0, "system_name": "Instinctual Variant", "system_vote_count": 2, "user_vote_type_id": 0, "vote_id": 0}, {"hex_color": "#006775", "id": 6, "personality_type": "XXXX", "personality_type_id": 0, "system_name": "Tritype", "system_vote_count": 2, "user_vote_type_id": 0, "vote_id": 0}, {"hex_color": "#888888", "id": 3, "personality_type": "XXXX", "personality_type_id": 0, "system_name": "Socionics", "system_vote_count": 0, "user_vote_type_id": 0, "vote_id": 0}, {"hex_color": "#888888", "id": 9, "personality_type": "XXXX", "personality_type_id": 0, "system_name": "Big 5 (SLOAN)", "system_vote_count": 1, "user_vote_type_id": 0, "vote_id": 0}, {"hex_color": "#888888", "id": 8, "personality_type": "XXXX", "personality_type_id": 0, "system_name": "Attitudinal Psyche", "system_vote_count": 0, "user_vote_type_id": 0, "vote_id": 0}, {"hex_color": "#888888", "id": 7, "personality_type": "XXXX", "personality_type_id": 0, "system_name": "Temperaments", "system_vote_count": 3, "user_vote_type_id": 0, "vote_id": 0}, {"hex_color": "#888888", "id": 11, "personality_type": "XXXX", "personality_type_id": 0, "system_name": "Classic Jungian", "system_vote_count": 0, "user_vote_type_id": 0, "vote_id": 0}], "breakdown_systems": {"1": [{"myValue": "ISTJ", "personality_system_id": 1, "personality_type": "ISTJ", "theCount": 9}, {"myValue": "ESTJ", "personality_system_id": 1, "personality_type": "ESTJ", "theCount": 4}, {"myValue": "INFP", "personality_system_id": 1, "personality_type": "INFP", "theCount": 3}, {"myValue": "ESTP", "personality_system_id": 1, "personality_type": "ESTP", "theCount": 1}, {"myValue": "ISFJ", "personality_system_id": 1, "personality_type": "ISFJ", "theCount": 1}, {"myValue": "ISFP", "personality_system_id": 1, "personality_type": "ISFP", "theCount": 1}], "11": [{"myValue": "XXXX", "personality_system_id": 0, "personality_type": "XXXX", "theCount": 0}], "2": [{"myValue": "3w4", "personality_system_id": 2, "personality_type": "3w4", "theCount": 12}, {"myValue": "4w3", "personality_system_id": 2, "personality_type": "4w3", "theCount": 4}, {"myValue": "3w2", "personality_system_id": 2, "personality_type": "3w2", "theCount": 2}], "3": [{"myValue": "XXXX", "personality_system_id": 0, "personality_type": "XXXX", "theCount": 0}], "4": [{"myValue": "Chaotic Neutral", "personality_system_id": 4, "personality_type": "Chaotic Neutral", "theCount": 1}], "5": [{"myValue": "so/sp", "personality_system_id": 5, "personality_type": "so/sp", "theCount": 1}, {"myValue": "so/sx", "personality_system_id": 5, "personality_type": "so/sx", "theCount": 1}], "6": [{"myValue": "368", "personality_system_id": 6, "personality_type": "368", "theCount": 1}, {"myValue": "369", "personality_system_id": 6, "personality_type": "369", "theCount": 1}], "7": [{"myValue": "Choleric [Dominant]", "personality_system_id": 7, "personality_type": "Choleric [Dominant]", "theCount": 3}], "8": [{"myValue": "XXXX", "personality_system_id": 0, "personality_type": "XXXX", "theCount": 0}], "9": [{"myValue": "RLUEN", "personality_system_id": 9, "personality_type": "RLUEN", "theCount": 1}]}, "breakdown_config": {"expand": {"1": 3, "11": 1, "2": 3, "3": 1, "4": 1, "5": 1, "6": 1, "7": 1, "8": 1, "9": 1}, "fire": {"1": 0, "11": 0, "2": 0, "3": 0, "4": 0, "5": 0, "6": 0, "7": 0, "8": 0, "9": 0}}, "mbti_letter_stats": [{"type": "I", "percentage": "74%", "PercentageFloat": 0.7368421052631579}, {"type": "S", "percentage": "84%", "PercentageFloat": 0.8421052631578947}, {"type": "T", "percentage": "74%", "PercentageFloat": 0.7368421052631579}, {"type": "J", "percentage": "74%", "PercentageFloat": 0.7368421052631579}], "topic_info": {"can_generate": false, "topic": {"description": "", "follow_count": 0, "id": 100818, "is_following": false, "is_join_pending": false, "is_banned": false, "is_moderated": false, "name_readable": "Willy Loman", "post_count": 0, "source_profile_id": 129092, "source_type": "profile", "join_to_post": false, "can_pin": false, "related_topics": [{"description": "", "follow_count": 0, "id": 100818, "is_following": false, "is_join_pending": false, "is_banned": false, "is_moderated": false, "name_readable": "Willy Loman", "post_count": 0, "source_profile_id": 129092, "source_type": "profile", "image": {"picURL": "https://static1.personality-database.com/profile_images/24130eb4544b48f8aeae0da86d6daa6a.png"}, "join_to_post": false, "can_pin": false}, {"description": "", "follow_count": 0, "id": 100819, "is_following": false, "is_join_pending": false, "is_banned": false, "is_moderated": false, "name_readable": "Linda", "post_count": 0, "source_profile_id": 129093, "source_type": "profile", "image": {"picURL": "https://www.personality-database.com/images/profile_transparent.png"}, "join_to_post": false, "can_pin": false}, {"description": "", "follow_count": 0, "id": 104395, "is_following": false, "is_join_pending": false, "is_banned": false, "is_moderated": false, "name_readable": "Biff Loman", "post_count": 0, "source_profile_id": 133882, "source_type": "profile", "image": {"picURL": "https://static1.personality-database.com/profile_images/c90c899da119441fa760f51627ff381c.png"}, "join_to_post": false, "can_pin": false}, {"description": "", "follow_count": 0, "id": 104396, "is_following": false, "is_join_pending": false, "is_banned": false, "is_moderated": false, "name_readable": "Happy Loman", "post_count": 0, "source_profile_id": 133883, "source_type": "profile", "image": {"picURL": "https://www.personality-database.com/images/profile_transparent.png"}, "join_to_post": false, "can_pin": false}, {"description": "", "follow_count": 0, "id": 104397, "is_following": false, "is_join_pending": false, "is_banned": false, "is_moderated": false, "name_readable": "Bernard", "post_count": 0, "source_profile_id": 133884, "source_type": "profile", "image": {"picURL": "https://www.personality-database.com/images/profile_transparent.png"}, "join_to_post": false, "can_pin": false}, {"description": "", "follow_count": 0, "id": 104398, "is_following": false, "is_join_pending": false, "is_banned": false, "is_moderated": false, "name_readable": "Charley", "post_count": 0, "source_profile_id": 133885, "source_type": "profile", "image": {"picURL": "https://www.personality-database.com/images/profile_transparent.png"}, "join_to_post": false, "can_pin": false}, {"description": "", "follow_count": 0, "id": 272494, "is_following": false, "is_join_pending": false, "is_banned": false, "is_moderated": false, "name_readable": "The Woman", "post_count": 0, "source_profile_id": 354105, "source_type": "profile", "image": {"picURL": "https://www.personality-database.com/images/profile_transparent.png"}, "join_to_post": false, "can_pin": false}], "subcategory": "Death of a Salesman", "topic_image_url": "https://static1.personality-database.com/profile_images/24130eb4544b48f8aeae0da86d6daa6a.png", "source_location": {"cid": 13, "pid": 2, "sub_cat_id": 9017}, "can_post_image": false, "can_post_audio": false, "posts": {"posts": []}}}}