{"id": 131684, "mbti_profile": "Cathy Hiatt", "profile_name_searchable": "cathyhiatt", "allow_commenting": true, "allow_voting": true, "user_id": 23469, "contributor": "xornwaswrong", "contributor_create_date": "2020-05-10 00:34:33", "contributor_pic_path": "https://lh3.googleusercontent.com/a-/AOh14GhjHnjx3eubFK8eeJLvqABwo1Wx7em35mUaTIkt=s96-c", "display_order": 1000, "edit_lock": 0, "edit_lock_picture": 0, "is_active": true, "is_approved": true, "mbti_enneagram_type": "ENFP 4w3", "mbti_type": "ENFP 4w3", "pdb_comment_access": true, "pdb_page_owner": 0, "pdb_public_access": true, "wiki_description": "", "watch_count": 7, "comment_count": 1, "vote_count": 17, "vote_count_enneagram": 8, "vote_count_mbti": 17, "total_vote_counts": 33, "personality_type": "ENFP - 4w3 - sx/so - 479 - SLOAN - Sanguine-Phlegmatic", "type_updated_date": "2021-10-09 04:47:14", "enneagram_vote": "", "enneagram_vote_id": 0, "mbti_vote": "", "mbti_vote_id": 0, "is_watching": false, "image_exists": false, "profile_image_url": "https://static1.personality-database.com/profile_images/ce14919d706f42eb8a2e91a5e13cb74a.png", "profile_image_credit": "", "profile_image_credit_id": 65719, "profile_image_credit_type": "0", "profile_image_credit_url": "", "alt_subcategory": "", "related_subcategories": "", "cat_id": 13, "category": "Theatre", "category_is_fictional": true, "sub_cat_id": 9171, "subcategory": "The Last 5 Years", "subcat_link_info": {"sub_cat_id": 9171, "cat_id": 13, "property_id": 2, "subcategory": "The Last 5 Years"}, "related_subcat_link_info": null, "related_profiles": [{"id": 131685, "mbti_profile": "Jamie Wellerstein", "subcategory": "The Last 5 Years", "profile_image_url": "https://static1.personality-database.com/profile_images/be2e16309d244f19b165c4da727a09db.png", "profile_name": "Jamie Wellerstein", "profile_subcat": "The Last 5 Years", "sub_cat_id": 9171, "cat_id": 13, "property_id": 2, "mbti": "ENTP", "enneatype": "3w4"}], "functions": ["Ne", "Fi", "Te", "Si"], "systems": [{"hex_color": "#888888", "id": 1, "personality_type": "XXXX", "personality_type_id": 0, "system_name": "Four Letter", "system_vote_count": 17, "user_vote_type_id": 0, "vote_id": 0}, {"hex_color": "#006775", "id": 2, "personality_type": "XXXX", "personality_type_id": 0, "system_name": "Enneagram", "system_vote_count": 8, "user_vote_type_id": 0, "vote_id": 0}, {"hex_color": "#006775", "id": 5, "personality_type": "XXXX", "personality_type_id": 0, "system_name": "Instinctual Variant", "system_vote_count": 1, "user_vote_type_id": 0, "vote_id": 0}, {"hex_color": "#006775", "id": 6, "personality_type": "XXXX", "personality_type_id": 0, "system_name": "Tritype", "system_vote_count": 5, "user_vote_type_id": 0, "vote_id": 0}, {"hex_color": "#888888", "id": 3, "personality_type": "XXXX", "personality_type_id": 0, "system_name": "Socionics", "system_vote_count": 0, "user_vote_type_id": 0, "vote_id": 0}, {"hex_color": "#888888", "id": 9, "personality_type": "XXXX", "personality_type_id": 0, "system_name": "Big 5 (SLOAN)", "system_vote_count": 1, "user_vote_type_id": 0, "vote_id": 0}, {"hex_color": "#888888", "id": 8, "personality_type": "XXXX", "personality_type_id": 0, "system_name": "Attitudinal Psyche", "system_vote_count": 0, "user_vote_type_id": 0, "vote_id": 0}, {"hex_color": "#888888", "id": 7, "personality_type": "XXXX", "personality_type_id": 0, "system_name": "Temperaments", "system_vote_count": 1, "user_vote_type_id": 0, "vote_id": 0}, {"hex_color": "#888888", "id": 11, "personality_type": "XXXX", "personality_type_id": 0, "system_name": "Classic Jungian", "system_vote_count": 0, "user_vote_type_id": 0, "vote_id": 0}], "breakdown_systems": {"1": [{"myValue": "ENFP", "personality_system_id": 1, "personality_type": "ENFP", "theCount": 12}, {"myValue": "INFP", "personality_system_id": 1, "personality_type": "INFP", "theCount": 3}, {"myValue": "ESFP", "personality_system_id": 1, "personality_type": "ESFP", "theCount": 2}], "11": [{"myValue": "XXXX", "personality_system_id": 0, "personality_type": "XXXX", "theCount": 0}], "2": [{"myValue": "4w3", "personality_system_id": 2, "personality_type": "4w3", "theCount": 8}], "3": [{"myValue": "XXXX", "personality_system_id": 0, "personality_type": "XXXX", "theCount": 0}], "5": [{"myValue": "sx/so", "personality_system_id": 5, "personality_type": "sx/so", "theCount": 1}], "6": [{"myValue": "479", "personality_system_id": 6, "personality_type": "479", "theCount": 3}, {"myValue": "469", "personality_system_id": 6, "personality_type": "469", "theCount": 1}, {"myValue": "471", "personality_system_id": 6, "personality_type": "471", "theCount": 1}], "7": [{"myValue": "Sanguine-Phlegmatic", "personality_system_id": 7, "personality_type": "Sanguine-Phlegmatic", "theCount": 1}], "8": [{"myValue": "XXXX", "personality_system_id": 0, "personality_type": "XXXX", "theCount": 0}], "9": [{"myValue": "SLOAN", "personality_system_id": 9, "personality_type": "SLOAN", "theCount": 1}]}, "breakdown_config": {"expand": {"1": 3, "11": 1, "2": 3, "3": 1, "5": 1, "6": 1, "7": 1, "8": 1, "9": 1}, "fire": {"1": 0, "11": 0, "2": 0, "3": 0, "5": 0, "6": 0, "7": 0, "8": 0, "9": 0}}, "mbti_letter_stats": [{"type": "E", "percentage": "82%", "PercentageFloat": 0.8235294117647058}, {"type": "N", "percentage": "88%", "PercentageFloat": 0.8823529411764706}, {"type": "F", "percentage": "100%", "PercentageFloat": 1}, {"type": "P", "percentage": "100%", "PercentageFloat": 1}], "topic_info": {"can_generate": false, "topic": {"description": "", "follow_count": 1, "id": 102738, "is_following": false, "is_join_pending": false, "is_banned": false, "is_moderated": false, "name_readable": "Cathy Hiatt", "post_count": 0, "source_profile_id": 131684, "source_type": "profile", "join_to_post": false, "can_pin": false, "related_topics": [{"description": "", "follow_count": 1, "id": 102738, "is_following": false, "is_join_pending": false, "is_banned": false, "is_moderated": false, "name_readable": "Cathy Hiatt", "post_count": 0, "source_profile_id": 131684, "source_type": "profile", "image": {"picURL": "https://static1.personality-database.com/profile_images/ce14919d706f42eb8a2e91a5e13cb74a.png"}, "join_to_post": false, "can_pin": false}, {"description": "", "follow_count": 0, "id": 102739, "is_following": false, "is_join_pending": false, "is_banned": false, "is_moderated": false, "name_readable": "Jamie Wellerstein", "post_count": 0, "source_profile_id": 131685, "source_type": "profile", "image": {"picURL": "https://static1.personality-database.com/profile_images/be2e16309d244f19b165c4da727a09db.png"}, "join_to_post": false, "can_pin": false}], "subcategory": "The Last 5 Years", "topic_image_url": "https://static1.personality-database.com/profile_images/ce14919d706f42eb8a2e91a5e13cb74a.png", "source_location": {"cid": 13, "pid": 2, "sub_cat_id": 9171}, "can_post_image": false, "can_post_audio": false, "posts": {"posts": []}}}}