{"id": 136508, "mbti_profile": "Killer Queen", "profile_name_searchable": "killerqueen", "allow_commenting": true, "allow_voting": true, "user_id": 55721, "contributor": "borealis", "contributor_create_date": "2020-05-19 18:42:27", "contributor_pic_path": "https://lh3.googleusercontent.com/a-/AOh14GhniApYL4S0m6y2hs9Ekog3Euu6lmS2THecHbc8=s96-c", "display_order": 1000, "edit_lock": 0, "edit_lock_picture": 0, "is_active": true, "is_approved": true, "mbti_enneagram_type": "ENTP 8w7", "mbti_type": "ENTP 8w7", "pdb_comment_access": true, "pdb_page_owner": 0, "pdb_public_access": true, "wiki_description": "", "watch_count": 15, "comment_count": 0, "vote_count": 28, "vote_count_enneagram": 15, "vote_count_mbti": 28, "total_vote_counts": 68, "personality_type": "ENTP - 8w7 - sp/so - 837 - SCOEI - VLFE - Choleric-Melancholic", "type_updated_date": "2022-09-02 09:08:42", "enneagram_vote": "", "enneagram_vote_id": 0, "mbti_vote": "", "mbti_vote_id": 0, "is_watching": false, "image_exists": false, "profile_image_url": "", "profile_image_credit": "", "profile_image_credit_id": 0, "profile_image_credit_type": "0", "profile_image_credit_url": "", "alt_subcategory": "", "related_subcategories": "", "cat_id": 13, "category": "Theatre", "category_is_fictional": true, "sub_cat_id": 9442, "subcategory": "We Will Rock You", "subcat_link_info": {"sub_cat_id": 9442, "cat_id": 13, "property_id": 2, "subcategory": "We Will Rock You"}, "related_subcat_link_info": null, "related_profiles": [{"id": 136510, "mbti_profile": "Scaramouche", "subcategory": "We Will Rock You", "profile_image_url": "", "profile_name": "Scaramouche", "profile_subcat": "We Will Rock You", "sub_cat_id": 9442, "cat_id": 13, "property_id": 2, "mbti": "ENTJ", "enneatype": "8w7"}, {"id": 136509, "mbti_profile": "Galileo Figaro", "subcategory": "We Will Rock You", "profile_image_url": "", "profile_name": "Galileo Figaro", "profile_subcat": "We Will Rock You", "sub_cat_id": 9442, "cat_id": 13, "property_id": 2, "mbti": "ENFP", "enneatype": "4w5"}, {"id": 136511, "mbti_profile": "Kashoggi", "subcategory": "We Will Rock You", "profile_image_url": "", "profile_name": "Kashoggi", "profile_subcat": "We Will Rock You", "sub_cat_id": 9442, "cat_id": 13, "property_id": 2, "mbti": "INTJ", "enneatype": "1w2"}], "functions": ["Ne", "Ti", "Fe", "Si"], "systems": [{"hex_color": "#888888", "id": 1, "personality_type": "XXXX", "personality_type_id": 0, "system_name": "Four Letter", "system_vote_count": 28, "user_vote_type_id": 0, "vote_id": 0}, {"hex_color": "#006775", "id": 2, "personality_type": "XXXX", "personality_type_id": 0, "system_name": "Enneagram", "system_vote_count": 15, "user_vote_type_id": 0, "vote_id": 0}, {"hex_color": "#006775", "id": 5, "personality_type": "XXXX", "personality_type_id": 0, "system_name": "Instinctual Variant", "system_vote_count": 4, "user_vote_type_id": 0, "vote_id": 0}, {"hex_color": "#006775", "id": 6, "personality_type": "XXXX", "personality_type_id": 0, "system_name": "Tritype", "system_vote_count": 6, "user_vote_type_id": 0, "vote_id": 0}, {"hex_color": "#888888", "id": 3, "personality_type": "XXXX", "personality_type_id": 0, "system_name": "Socionics", "system_vote_count": 3, "user_vote_type_id": 0, "vote_id": 0}, {"hex_color": "#888888", "id": 9, "personality_type": "XXXX", "personality_type_id": 0, "system_name": "Big 5 (SLOAN)", "system_vote_count": 4, "user_vote_type_id": 0, "vote_id": 0}, {"hex_color": "#888888", "id": 8, "personality_type": "XXXX", "personality_type_id": 0, "system_name": "Attitudinal Psyche", "system_vote_count": 5, "user_vote_type_id": 0, "vote_id": 0}, {"hex_color": "#888888", "id": 7, "personality_type": "XXXX", "personality_type_id": 0, "system_name": "Temperaments", "system_vote_count": 3, "user_vote_type_id": 0, "vote_id": 0}, {"hex_color": "#888888", "id": 11, "personality_type": "XXXX", "personality_type_id": 0, "system_name": "Classic Jungian", "system_vote_count": 0, "user_vote_type_id": 0, "vote_id": 0}], "breakdown_systems": {"1": [{"myValue": "ENTP", "personality_system_id": 1, "personality_type": "ENTP", "theCount": 13}, {"myValue": "ENTJ", "personality_system_id": 1, "personality_type": "ENTJ", "theCount": 10}, {"myValue": "ESTP", "personality_system_id": 1, "personality_type": "ESTP", "theCount": 3}, {"myValue": "INTJ", "personality_system_id": 1, "personality_type": "INTJ", "theCount": 2}], "11": [{"myValue": "XXXX", "personality_system_id": 0, "personality_type": "XXXX", "theCount": 0}], "2": [{"myValue": "8w7", "personality_system_id": 2, "personality_type": "8w7", "theCount": 9}, {"myValue": "4w5", "personality_system_id": 2, "personality_type": "4w5", "theCount": 3}, {"myValue": "7w8", "personality_system_id": 2, "personality_type": "7w8", "theCount": 2}, {"myValue": "3w4", "personality_system_id": 2, "personality_type": "3w4", "theCount": 1}], "3": [{"myValue": "SLE", "personality_system_id": 3, "personality_type": "SLE", "theCount": 2}, {"myValue": "EIE", "personality_system_id": 3, "personality_type": "EIE", "theCount": 1}], "5": [{"myValue": "sp/so", "personality_system_id": 5, "personality_type": "sp/so", "theCount": 4}], "6": [{"myValue": "837", "personality_system_id": 6, "personality_type": "837", "theCount": 4}, {"myValue": "317", "personality_system_id": 6, "personality_type": "317", "theCount": 1}, {"myValue": "872", "personality_system_id": 6, "personality_type": "872", "theCount": 1}], "7": [{"myValue": "Choleric-Melancholic", "personality_system_id": 7, "personality_type": "Choleric-Melancholic", "theCount": 2}, {"myValue": "Choleric [Dominant]", "personality_system_id": 7, "personality_type": "Choleric [Dominant]", "theCount": 1}], "8": [{"myValue": "VLFE", "personality_system_id": 8, "personality_type": "VLFE", "theCount": 3}, {"myValue": "EFVL", "personality_system_id": 8, "personality_type": "EFVL", "theCount": 1}, {"myValue": "VFEL", "personality_system_id": 8, "personality_type": "VFEL", "theCount": 1}], "9": [{"myValue": "SCOEI", "personality_system_id": 9, "personality_type": "SCOEI", "theCount": 3}, {"myValue": "SCOEN", "personality_system_id": 9, "personality_type": "SCOEN", "theCount": 1}]}, "breakdown_config": {"expand": {"1": 3, "11": 1, "2": 3, "3": 1, "5": 1, "6": 1, "7": 1, "8": 1, "9": 1}, "fire": {"1": 1, "11": 0, "2": 0, "3": 0, "5": 0, "6": 0, "7": 0, "8": 0, "9": 0}}, "mbti_letter_stats": [{"type": "E", "percentage": "93%", "PercentageFloat": 0.9285714285714286}, {"type": "N", "percentage": "89%", "PercentageFloat": 0.8928571428571429}, {"type": "T", "percentage": "100%", "PercentageFloat": 1}, {"type": "P", "percentage": "57%", "PercentageFloat": 0.5714285714285714}], "topic_info": {"can_generate": false, "topic": {"description": "", "follow_count": 0, "id": 106270, "is_following": false, "is_join_pending": false, "is_banned": false, "is_moderated": false, "name_readable": "Killer Queen", "post_count": 0, "source_profile_id": 136508, "source_type": "profile", "join_to_post": false, "can_pin": false, "related_topics": [{"description": "", "follow_count": 0, "id": 106270, "is_following": false, "is_join_pending": false, "is_banned": false, "is_moderated": false, "name_readable": "Killer Queen", "post_count": 0, "source_profile_id": 136508, "source_type": "profile", "image": {"picURL": "https://www.personality-database.com/images/profile_transparent.png"}, "join_to_post": false, "can_pin": false}, {"description": "", "follow_count": 0, "id": 106271, "is_following": false, "is_join_pending": false, "is_banned": false, "is_moderated": false, "name_readable": "Galileo Figaro", "post_count": 0, "source_profile_id": 136509, "source_type": "profile", "image": {"picURL": "https://www.personality-database.com/images/profile_transparent.png"}, "join_to_post": false, "can_pin": false}, {"description": "", "follow_count": 1, "id": 106272, "is_following": false, "is_join_pending": false, "is_banned": false, "is_moderated": false, "name_readable": "Scaramouche", "post_count": 0, "source_profile_id": 136510, "source_type": "profile", "image": {"picURL": "https://www.personality-database.com/images/profile_transparent.png"}, "join_to_post": false, "can_pin": false}, {"description": "", "follow_count": 0, "id": 106273, "is_following": false, "is_join_pending": false, "is_banned": false, "is_moderated": false, "name_readable": "Kashoggi", "post_count": 0, "source_profile_id": 136511, "source_type": "profile", "image": {"picURL": "https://www.personality-database.com/images/profile_transparent.png"}, "join_to_post": false, "can_pin": false}], "subcategory": "We Will Rock You", "topic_image_url": "https://www.personality-database.com/images/profile_transparent.png", "source_location": {"cid": 13, "pid": 2, "sub_cat_id": 9442}, "can_post_image": false, "can_post_audio": false, "posts": {"posts": []}}}}