{"id": 136510, "mbti_profile": "Scaramouche", "profile_name_searchable": "scaramouche", "allow_commenting": true, "allow_voting": true, "user_id": 55721, "contributor": "borealis", "contributor_create_date": "2020-05-19 18:42:27", "contributor_pic_path": "https://lh3.googleusercontent.com/a-/AOh14GhniApYL4S0m6y2hs9Ekog3Euu6lmS2THecHbc8=s96-c", "display_order": 990, "edit_lock": 0, "edit_lock_picture": 0, "is_active": true, "is_approved": true, "mbti_enneagram_type": "ENTJ 8w7", "mbti_type": "ENTJ 8w7", "pdb_comment_access": true, "pdb_page_owner": 0, "pdb_public_access": true, "wiki_description": "", "watch_count": 20, "comment_count": 5, "vote_count": 37, "vote_count_enneagram": 12, "vote_count_mbti": 37, "total_vote_counts": 91, "personality_type": "ENTJ - 8w7", "type_updated_date": "2022-12-07 11:24:27", "enneagram_vote": "", "enneagram_vote_id": 0, "mbti_vote": "", "mbti_vote_id": 0, "is_watching": false, "image_exists": false, "profile_image_url": "", "profile_image_credit": "", "profile_image_credit_id": 0, "profile_image_credit_type": "0", "profile_image_credit_url": "", "alt_subcategory": "", "related_subcategories": "", "cat_id": 13, "category": "Theatre", "category_is_fictional": true, "sub_cat_id": 9442, "subcategory": "We Will Rock You", "subcat_link_info": {"sub_cat_id": 9442, "cat_id": 13, "property_id": 2, "subcategory": "We Will Rock You"}, "related_subcat_link_info": null, "related_profiles": [{"id": 136508, "mbti_profile": "Killer Queen", "subcategory": "We Will Rock You", "profile_image_url": "", "profile_name": "Killer Queen", "profile_subcat": "We Will Rock You", "sub_cat_id": 9442, "cat_id": 13, "property_id": 2, "mbti": "ENTP", "enneatype": "8w7"}, {"id": 136509, "mbti_profile": "Galileo Figaro", "subcategory": "We Will Rock You", "profile_image_url": "", "profile_name": "Galileo Figaro", "profile_subcat": "We Will Rock You", "sub_cat_id": 9442, "cat_id": 13, "property_id": 2, "mbti": "ENFP", "enneatype": "4w5"}, {"id": 136511, "mbti_profile": "Kashoggi", "subcategory": "We Will Rock You", "profile_image_url": "", "profile_name": "Kashoggi", "profile_subcat": "We Will Rock You", "sub_cat_id": 9442, "cat_id": 13, "property_id": 2, "mbti": "INTJ", "enneatype": "1w2"}], "functions": ["Te", "Ni", "Se", "Fi"], "systems": [{"hex_color": "#888888", "id": 1, "personality_type": "XXXX", "personality_type_id": 0, "system_name": "Four Letter", "system_vote_count": 37, "user_vote_type_id": 0, "vote_id": 0}, {"hex_color": "#006775", "id": 2, "personality_type": "XXXX", "personality_type_id": 0, "system_name": "Enneagram", "system_vote_count": 12, "user_vote_type_id": 0, "vote_id": 0}, {"hex_color": "#006775", "id": 5, "personality_type": "XXXX", "personality_type_id": 0, "system_name": "Instinctual Variant", "system_vote_count": 8, "user_vote_type_id": 0, "vote_id": 0}, {"hex_color": "#006775", "id": 6, "personality_type": "XXXX", "personality_type_id": 0, "system_name": "Tritype", "system_vote_count": 7, "user_vote_type_id": 0, "vote_id": 0}, {"hex_color": "#888888", "id": 3, "personality_type": "XXXX", "personality_type_id": 0, "system_name": "Socionics", "system_vote_count": 7, "user_vote_type_id": 0, "vote_id": 0}, {"hex_color": "#888888", "id": 9, "personality_type": "XXXX", "personality_type_id": 0, "system_name": "Big 5 (SLOAN)", "system_vote_count": 6, "user_vote_type_id": 0, "vote_id": 0}, {"hex_color": "#888888", "id": 8, "personality_type": "XXXX", "personality_type_id": 0, "system_name": "Attitudinal Psyche", "system_vote_count": 6, "user_vote_type_id": 0, "vote_id": 0}, {"hex_color": "#888888", "id": 7, "personality_type": "XXXX", "personality_type_id": 0, "system_name": "Temperaments", "system_vote_count": 8, "user_vote_type_id": 0, "vote_id": 0}, {"hex_color": "#888888", "id": 11, "personality_type": "XXXX", "personality_type_id": 0, "system_name": "Classic Jungian", "system_vote_count": 0, "user_vote_type_id": 0, "vote_id": 0}], "breakdown_systems": {"1": [{"myValue": "ENTJ", "personality_system_id": 1, "personality_type": "ENTJ", "theCount": 18}, {"myValue": "INTJ", "personality_system_id": 1, "personality_type": "INTJ", "theCount": 15}, {"myValue": "ESTJ", "personality_system_id": 1, "personality_type": "ESTJ", "theCount": 2}, {"myValue": "ENTP", "personality_system_id": 1, "personality_type": "ENTP", "theCount": 1}, {"myValue": "ESFJ", "personality_system_id": 1, "personality_type": "ESFJ", "theCount": 1}], "11": [{"myValue": "XXXX", "personality_system_id": 0, "personality_type": "XXXX", "theCount": 0}], "2": [{"myValue": "8w7", "personality_system_id": 2, "personality_type": "8w7", "theCount": 6}, {"myValue": "6w5", "personality_system_id": 2, "personality_type": "6w5", "theCount": 4}, {"myValue": "3w4", "personality_system_id": 2, "personality_type": "3w4", "theCount": 1}, {"myValue": "4w3", "personality_system_id": 2, "personality_type": "4w3", "theCount": 1}], "3": [{"myValue": "ESI", "personality_system_id": 3, "personality_type": "ESI", "theCount": 2}, {"myValue": "LII", "personality_system_id": 3, "personality_type": "LII", "theCount": 2}, {"myValue": "ESE", "personality_system_id": 3, "personality_type": "ESE", "theCount": 1}, {"myValue": "ILI", "personality_system_id": 3, "personality_type": "ILI", "theCount": 1}, {"myValue": "SLE", "personality_system_id": 3, "personality_type": "SLE", "theCount": 1}], "5": [{"myValue": "so/sx", "personality_system_id": 5, "personality_type": "so/sx", "theCount": 2}, {"myValue": "sp/so", "personality_system_id": 5, "personality_type": "sp/so", "theCount": 2}, {"myValue": "sx/so", "personality_system_id": 5, "personality_type": "sx/so", "theCount": 2}, {"myValue": "sp/sx", "personality_system_id": 5, "personality_type": "sp/sx", "theCount": 1}, {"myValue": "sx/sp", "personality_system_id": 5, "personality_type": "sx/sp", "theCount": 1}], "6": [{"myValue": "126", "personality_system_id": 6, "personality_type": "126", "theCount": 2}, {"myValue": "127", "personality_system_id": 6, "personality_type": "127", "theCount": 2}, {"myValue": "628", "personality_system_id": 6, "personality_type": "628", "theCount": 2}, {"myValue": "974", "personality_system_id": 6, "personality_type": "974", "theCount": 1}], "7": [{"myValue": "Choleric [Dominant]", "personality_system_id": 7, "personality_type": "Choleric [Dominant]", "theCount": 2}, {"myValue": "Choleric-Phlegmatic", "personality_system_id": 7, "personality_type": "Choleric-Phlegmatic", "theCount": 2}, {"myValue": "Sanguine [Dominant]", "personality_system_id": 7, "personality_type": "Sanguine [Dominant]", "theCount": 2}, {"myValue": "Choleric-Melancholic", "personality_system_id": 7, "personality_type": "Choleric-Melancholic", "theCount": 1}, {"myValue": "Melancholic-Sanguine", "personality_system_id": 7, "personality_type": "Melancholic-Sanguine", "theCount": 1}], "8": [{"myValue": "EVFL", "personality_system_id": 8, "personality_type": "EVFL", "theCount": 2}, {"myValue": "ELVF", "personality_system_id": 8, "personality_type": "ELVF", "theCount": 1}, {"myValue": "LFVE", "personality_system_id": 8, "personality_type": "LFVE", "theCount": 1}, {"myValue": "LVEF", "personality_system_id": 8, "personality_type": "LVEF", "theCount": 1}, {"myValue": "LVFE", "personality_system_id": 8, "personality_type": "LVFE", "theCount": 1}], "9": [{"myValue": "RLOAN", "personality_system_id": 9, "personality_type": "RLOAN", "theCount": 2}, {"myValue": "RCOAI", "personality_system_id": 9, "personality_type": "RCOAI", "theCount": 1}, {"myValue": "RCOAN", "personality_system_id": 9, "personality_type": "RCOAN", "theCount": 1}, {"myValue": "RLUAI", "personality_system_id": 9, "personality_type": "RLUAI", "theCount": 1}, {"myValue": "SLUEI", "personality_system_id": 9, "personality_type": "SLUEI", "theCount": 1}]}, "breakdown_config": {"expand": {"1": 3, "11": 1, "2": 3, "3": 1, "5": 1, "6": 1, "7": 1, "8": 1, "9": 1}, "fire": {"1": 1, "11": 0, "2": 0, "3": 0, "5": 0, "6": 0, "7": 0, "8": 0, "9": 0}}, "mbti_letter_stats": [{"type": "E", "percentage": "59%", "PercentageFloat": 0.5945945945945946}, {"type": "N", "percentage": "92%", "PercentageFloat": 0.918918918918919}, {"type": "T", "percentage": "97%", "PercentageFloat": 0.972972972972973}, {"type": "J", "percentage": "97%", "PercentageFloat": 0.972972972972973}], "topic_info": {"can_generate": false, "topic": {"description": "", "follow_count": 1, "id": 106272, "is_following": false, "is_join_pending": false, "is_banned": false, "is_moderated": false, "name_readable": "Scaramouche", "post_count": 0, "source_profile_id": 136510, "source_type": "profile", "join_to_post": false, "can_pin": false, "related_topics": [{"description": "", "follow_count": 0, "id": 106270, "is_following": false, "is_join_pending": false, "is_banned": false, "is_moderated": false, "name_readable": "Killer Queen", "post_count": 0, "source_profile_id": 136508, "source_type": "profile", "image": {"picURL": "https://www.personality-database.com/images/profile_transparent.png"}, "join_to_post": false, "can_pin": false}, {"description": "", "follow_count": 0, "id": 106271, "is_following": false, "is_join_pending": false, "is_banned": false, "is_moderated": false, "name_readable": "Galileo Figaro", "post_count": 0, "source_profile_id": 136509, "source_type": "profile", "image": {"picURL": "https://www.personality-database.com/images/profile_transparent.png"}, "join_to_post": false, "can_pin": false}, {"description": "", "follow_count": 1, "id": 106272, "is_following": false, "is_join_pending": false, "is_banned": false, "is_moderated": false, "name_readable": "Scaramouche", "post_count": 0, "source_profile_id": 136510, "source_type": "profile", "image": {"picURL": "https://www.personality-database.com/images/profile_transparent.png"}, "join_to_post": false, "can_pin": false}, {"description": "", "follow_count": 0, "id": 106273, "is_following": false, "is_join_pending": false, "is_banned": false, "is_moderated": false, "name_readable": "Kashoggi", "post_count": 0, "source_profile_id": 136511, "source_type": "profile", "image": {"picURL": "https://www.personality-database.com/images/profile_transparent.png"}, "join_to_post": false, "can_pin": false}], "subcategory": "We Will Rock You", "topic_image_url": "https://www.personality-database.com/images/profile_transparent.png", "source_location": {"cid": 13, "pid": 2, "sub_cat_id": 9442}, "can_post_image": false, "can_post_audio": false, "posts": {"posts": []}}}}