{"id": 13738, "mbti_profile": "Sweeney Todd", "profile_name_searchable": "sweeneytodd", "allow_commenting": true, "allow_voting": true, "user_id": 5034, "contributor": "Pixie Corpse", "contributor_create_date": "2018-07-20 07:07:05", "contributor_pic_path": "https://lh3.googleusercontent.com/a-/AOh14GhP11oLePJpse_uE9Avam1p-5603jw0OakH4qPw=s96-c", "display_order": 1000, "edit_lock": 0, "edit_lock_picture": 0, "is_active": true, "is_approved": true, "mbti_enneagram_type": "INFP 4w3", "mbti_type": "INFP 4w3", "pdb_comment_access": true, "pdb_page_owner": 0, "pdb_public_access": true, "wiki_description": "", "watch_count": 54, "comment_count": 6, "vote_count": 67, "vote_count_enneagram": 28, "vote_count_mbti": 67, "total_vote_counts": 136, "personality_type": "INFP - 4w3 - sp/sx - 468 - ILI - RLUEI - LFEV - Melancholic [Dominant]", "type_updated_date": "2021-05-24 02:30:25", "enneagram_vote": "", "enneagram_vote_id": 0, "mbti_vote": "", "mbti_vote_id": 0, "is_watching": false, "image_exists": true, "profile_image_url": "https://static1.personality-database.com/profile_images/2912a9630ca94877962ebd8e54f3133d.png", "profile_image_credit": "", "profile_image_credit_id": 269045, "profile_image_credit_type": "0", "profile_image_credit_url": "", "alt_subcategory": "", "related_subcategories": "", "cat_id": 13, "category": "Theatre", "category_is_fictional": true, "sub_cat_id": 1732, "subcategory": "Sweeney Todd: The Demon Barber of Fleet Street", "subcat_link_info": {"sub_cat_id": 1732, "cat_id": 13, "property_id": 2, "subcategory": "Sweeney Todd: The Demon Barber of Fleet Street"}, "related_subcat_link_info": null, "related_profiles": [{"id": 13740, "mbti_profile": "Johanna", "subcategory": "Sweeney Todd: The Demon Barber of Fleet Street", "profile_image_url": "https://static1.personality-database.com/profile_images/3680fe8992514e50b582f36e49cdeaef.png", "profile_name": "Johanna", "profile_subcat": "Sweeney Todd: The Demon Barber of Fleet Street", "sub_cat_id": 1732, "cat_id": 13, "property_id": 2, "mbti": "INFP", "enneatype": "9w1"}, {"id": 13739, "mbti_profile": "Mrs. Lovett", "subcategory": "Sweeney Todd: The Demon Barber of Fleet Street", "profile_image_url": "https://static1.personality-database.com/profile_images/347e571da09a4153bcbe2873779e4acb.png", "profile_name": "Mrs. Lovett", "profile_subcat": "Sweeney Todd: The Demon Barber of Fleet Street", "sub_cat_id": 1732, "cat_id": 13, "property_id": 2, "mbti": "ENFJ", "enneatype": "3w2"}, {"id": 13742, "mbti_profile": "Anthony", "subcategory": "Sweeney Todd: The Demon Barber of Fleet Street", "profile_image_url": "", "profile_name": "Anthony", "profile_subcat": "Sweeney Todd: The Demon Barber of Fleet Street", "sub_cat_id": 1732, "cat_id": 13, "property_id": 2, "mbti": "INFJ", "enneatype": "4w3"}, {"id": 13741, "mbti_profile": "Judge Turpin", "subcategory": "Sweeney Todd: The Demon Barber of Fleet Street", "profile_image_url": "https://static1.personality-database.com/profile_images/4c9caa96dbe346bfbeec04b67468e093.png", "profile_name": "Judge Turpin", "profile_subcat": "Sweeney Todd: The Demon Barber of Fleet Street", "sub_cat_id": 1732, "cat_id": 13, "property_id": 2, "mbti": "", "enneatype": ""}, {"id": 13743, "mbti_profile": "Lucy Barker", "subcategory": "Sweeney Todd: The Demon Barber of Fleet Street", "profile_image_url": "", "profile_name": "Lucy Barker", "profile_subcat": "Sweeney Todd: The Demon Barber of Fleet Street", "sub_cat_id": 1732, "cat_id": 13, "property_id": 2, "mbti": "ISFJ", "enneatype": ""}, {"id": 13745, "mbti_profile": "Tobias Ragg", "subcategory": "Sweeney Todd: The Demon Barber of Fleet Street", "profile_image_url": "", "profile_name": "Tobias Ragg", "profile_subcat": "Sweeney Todd: The Demon Barber of Fleet Street", "sub_cat_id": 1732, "cat_id": 13, "property_id": 2, "mbti": "ESFJ", "enneatype": "9w8"}, {"id": 13744, "mbti_profile": "Beadle Bamford", "subcategory": "Sweeney Todd: The Demon Barber of Fleet Street", "profile_image_url": "", "profile_name": "Beadle Bamford", "profile_subcat": "Sweeney Todd: The Demon Barber of Fleet Street", "sub_cat_id": 1732, "cat_id": 13, "property_id": 2, "mbti": "ESTJ", "enneatype": "3w4"}, {"id": 361880, "mbti_profile": "Pirelli", "subcategory": "Sweeney Todd: The Demon Barber of Fleet Street", "profile_image_url": "", "profile_name": "Pirelli", "profile_subcat": "Sweeney Todd: The Demon Barber of Fleet Street", "sub_cat_id": 1732, "cat_id": 13, "property_id": 2, "mbti": "ESTP", "enneatype": "3w4"}], "functions": ["Fi", "Ne", "Si", "Te"], "systems": [{"hex_color": "#888888", "id": 1, "personality_type": "XXXX", "personality_type_id": 0, "system_name": "Four Letter", "system_vote_count": 67, "user_vote_type_id": 0, "vote_id": 0}, {"hex_color": "#006775", "id": 2, "personality_type": "XXXX", "personality_type_id": 0, "system_name": "Enneagram", "system_vote_count": 28, "user_vote_type_id": 0, "vote_id": 0}, {"hex_color": "#006775", "id": 5, "personality_type": "XXXX", "personality_type_id": 0, "system_name": "Instinctual Variant", "system_vote_count": 7, "user_vote_type_id": 0, "vote_id": 0}, {"hex_color": "#006775", "id": 6, "personality_type": "XXXX", "personality_type_id": 0, "system_name": "Tritype", "system_vote_count": 7, "user_vote_type_id": 0, "vote_id": 0}, {"hex_color": "#888888", "id": 3, "personality_type": "XXXX", "personality_type_id": 0, "system_name": "Socionics", "system_vote_count": 4, "user_vote_type_id": 0, "vote_id": 0}, {"hex_color": "#888888", "id": 9, "personality_type": "XXXX", "personality_type_id": 0, "system_name": "Big 5 (SLOAN)", "system_vote_count": 5, "user_vote_type_id": 0, "vote_id": 0}, {"hex_color": "#888888", "id": 8, "personality_type": "XXXX", "personality_type_id": 0, "system_name": "Attitudinal Psyche", "system_vote_count": 2, "user_vote_type_id": 0, "vote_id": 0}, {"hex_color": "#888888", "id": 7, "personality_type": "XXXX", "personality_type_id": 0, "system_name": "Temperaments", "system_vote_count": 10, "user_vote_type_id": 0, "vote_id": 0}, {"hex_color": "#888888", "id": 11, "personality_type": "XXXX", "personality_type_id": 0, "system_name": "Classic Jungian", "system_vote_count": 0, "user_vote_type_id": 0, "vote_id": 0}], "breakdown_systems": {"1": [{"myValue": "INFP", "personality_system_id": 1, "personality_type": "INFP", "theCount": 44}, {"myValue": "INTJ", "personality_system_id": 1, "personality_type": "INTJ", "theCount": 7}, {"myValue": "ISTJ", "personality_system_id": 1, "personality_type": "ISTJ", "theCount": 6}, {"myValue": "INFJ", "personality_system_id": 1, "personality_type": "INFJ", "theCount": 5}, {"myValue": "ISFP", "personality_system_id": 1, "personality_type": "ISFP", "theCount": 4}, {"myValue": "INTP", "personality_system_id": 1, "personality_type": "INTP", "theCount": 1}], "11": [{"myValue": "XXXX", "personality_system_id": 0, "personality_type": "XXXX", "theCount": 0}], "2": [{"myValue": "4w3", "personality_system_id": 2, "personality_type": "4w3", "theCount": 22}, {"myValue": "1w9", "personality_system_id": 2, "personality_type": "1w9", "theCount": 2}, {"myValue": "4w5", "personality_system_id": 2, "personality_type": "4w5", "theCount": 2}, {"myValue": "1w2", "personality_system_id": 2, "personality_type": "1w2", "theCount": 1}, {"myValue": "5w4", "personality_system_id": 2, "personality_type": "5w4", "theCount": 1}], "3": [{"myValue": "ILI", "personality_system_id": 3, "personality_type": "ILI", "theCount": 3}, {"myValue": "LII", "personality_system_id": 3, "personality_type": "LII", "theCount": 1}], "4": [{"myValue": "Chaotic Evil", "personality_system_id": 4, "personality_type": "Chaotic Evil", "theCount": 4}, {"myValue": "Chaotic Neutral", "personality_system_id": 4, "personality_type": "Chaotic Neutral", "theCount": 2}], "5": [{"myValue": "sp/sx", "personality_system_id": 5, "personality_type": "sp/sx", "theCount": 5}, {"myValue": "sx/so", "personality_system_id": 5, "personality_type": "sx/so", "theCount": 2}], "6": [{"myValue": "468", "personality_system_id": 6, "personality_type": "468", "theCount": 5}, {"myValue": "145", "personality_system_id": 6, "personality_type": "145", "theCount": 1}, {"myValue": "146", "personality_system_id": 6, "personality_type": "146", "theCount": 1}], "7": [{"myValue": "Melancholic [Dominant]", "personality_system_id": 7, "personality_type": "Melancholic [Dominant]", "theCount": 6}, {"myValue": "Choleric-Melancholic", "personality_system_id": 7, "personality_type": "Choleric-Melancholic", "theCount": 4}], "8": [{"myValue": "LFEV", "personality_system_id": 8, "personality_type": "LFEV", "theCount": 2}], "9": [{"myValue": "RLUEI", "personality_system_id": 9, "personality_type": "RLUEI", "theCount": 5}]}, "breakdown_config": {"expand": {"1": 3, "11": 1, "2": 3, "3": 1, "4": 1, "5": 1, "6": 1, "7": 1, "8": 1, "9": 1}, "fire": {"1": 0, "11": 0, "2": 0, "3": 0, "4": 0, "5": 0, "6": 0, "7": 0, "8": 0, "9": 0}}, "mbti_letter_stats": [{"type": "I", "percentage": "100%", "PercentageFloat": 1}, {"type": "N", "percentage": "85%", "PercentageFloat": 0.8507462686567164}, {"type": "F", "percentage": "79%", "PercentageFloat": 0.7910447761194029}, {"type": "P", "percentage": "73%", "PercentageFloat": 0.7313432835820896}], "topic_info": {"can_generate": false, "topic": {"description": "#INFPVillains", "follow_count": 0, "id": 12669, "is_following": false, "is_join_pending": false, "is_banned": false, "is_moderated": false, "name_readable": "Sweeney Todd", "post_count": 0, "source_profile_id": 13738, "source_type": "profile", "join_to_post": false, "can_pin": false, "related_topics": [{"description": "#INFPVillains", "follow_count": 0, "id": 12669, "is_following": false, "is_join_pending": false, "is_banned": false, "is_moderated": false, "name_readable": "Sweeney Todd", "post_count": 0, "source_profile_id": 13738, "source_type": "profile", "image": {"picURL": "https://static1.personality-database.com/profile_images/2912a9630ca94877962ebd8e54f3133d.png"}, "join_to_post": false, "can_pin": false}, {"description": "", "follow_count": 0, "id": 12670, "is_following": false, "is_join_pending": false, "is_banned": false, "is_moderated": false, "name_readable": "Mrs. Lovett", "post_count": 0, "source_profile_id": 13739, "source_type": "profile", "image": {"picURL": "https://static1.personality-database.com/profile_images/347e571da09a4153bcbe2873779e4acb.png"}, "join_to_post": false, "can_pin": false}, {"description": "", "follow_count": 0, "id": 12671, "is_following": false, "is_join_pending": false, "is_banned": false, "is_moderated": false, "name_readable": "Johanna", "post_count": 0, "source_profile_id": 13740, "source_type": "profile", "image": {"picURL": "https://static1.personality-database.com/profile_images/3680fe8992514e50b582f36e49cdeaef.png"}, "join_to_post": false, "can_pin": false}, {"description": "", "follow_count": 0, "id": 12673, "is_following": false, "is_join_pending": false, "is_banned": false, "is_moderated": false, "name_readable": "Anthony", "post_count": 0, "source_profile_id": 13742, "source_type": "profile", "image": {"picURL": "https://www.personality-database.com/images/profile_transparent.png"}, "join_to_post": false, "can_pin": false}, {"description": "", "follow_count": 0, "id": 12672, "is_following": false, "is_join_pending": false, "is_banned": false, "is_moderated": false, "name_readable": "Judge Turpin", "post_count": 0, "source_profile_id": 13741, "source_type": "profile", "image": {"picURL": "https://static1.personality-database.com/profile_images/4c9caa96dbe346bfbeec04b67468e093.png"}, "join_to_post": false, "can_pin": false}, {"description": "", "follow_count": 0, "id": 12674, "is_following": false, "is_join_pending": false, "is_banned": false, "is_moderated": false, "name_readable": "Lucy Barker", "post_count": 0, "source_profile_id": 13743, "source_type": "profile", "image": {"picURL": "https://www.personality-database.com/images/profile_transparent.png"}, "join_to_post": false, "can_pin": false}, {"description": "", "follow_count": 0, "id": 12676, "is_following": false, "is_join_pending": false, "is_banned": false, "is_moderated": false, "name_readable": "Tobias Ragg", "post_count": 0, "source_profile_id": 13745, "source_type": "profile", "image": {"picURL": "https://www.personality-database.com/images/profile_transparent.png"}, "join_to_post": false, "can_pin": false}, {"description": "", "follow_count": 0, "id": 12675, "is_following": false, "is_join_pending": false, "is_banned": false, "is_moderated": false, "name_readable": "Beadle Bamford", "post_count": 0, "source_profile_id": 13744, "source_type": "profile", "image": {"picURL": "https://www.personality-database.com/images/profile_transparent.png"}, "join_to_post": false, "can_pin": false}, {"description": "", "follow_count": 0, "id": 278229, "is_following": false, "is_join_pending": false, "is_banned": false, "is_moderated": false, "name_readable": "Pirelli", "post_count": 0, "source_profile_id": 361880, "source_type": "profile", "image": {"picURL": "https://www.personality-database.com/images/profile_transparent.png"}, "join_to_post": false, "can_pin": false}], "subcategory": "Sweeney Todd: The Demon Barber of Fleet Street", "topic_image_url": "https://static1.personality-database.com/profile_images/2912a9630ca94877962ebd8e54f3133d.png", "source_location": {"cid": 13, "pid": 2, "sub_cat_id": 1732}, "can_post_image": false, "can_post_audio": false, "posts": {"posts": []}}}}