{"id": 13739, "mbti_profile": "Mrs. Lovett", "profile_name_searchable": "mrs.lovett", "allow_commenting": true, "allow_voting": true, "user_id": 5034, "contributor": "Pixie Corpse", "contributor_create_date": "2018-07-20 07:07:05", "contributor_pic_path": "https://lh3.googleusercontent.com/a-/AOh14GhP11oLePJpse_uE9Avam1p-5603jw0OakH4qPw=s96-c", "display_order": 995, "edit_lock": 0, "edit_lock_picture": 0, "is_active": true, "is_approved": true, "mbti_enneagram_type": "ENFJ 3w2", "mbti_type": "ENFJ 3w2", "pdb_comment_access": true, "pdb_page_owner": 0, "pdb_public_access": true, "wiki_description": "", "watch_count": 14, "comment_count": 2, "vote_count": 56, "vote_count_enneagram": 11, "vote_count_mbti": 56, "total_vote_counts": 84, "personality_type": "ENFJ - 3w2 - 361 - LSE - SCUAI - LFVE - Sanguine [Dominant]", "type_updated_date": "2021-05-24 02:28:56", "enneagram_vote": "", "enneagram_vote_id": 0, "mbti_vote": "", "mbti_vote_id": 0, "is_watching": false, "image_exists": false, "profile_image_url": "https://static1.personality-database.com/profile_images/347e571da09a4153bcbe2873779e4acb.png", "profile_image_credit": "", "profile_image_credit_id": 275659, "profile_image_credit_type": "0", "profile_image_credit_url": "", "alt_subcategory": "", "related_subcategories": "", "cat_id": 13, "category": "Theatre", "category_is_fictional": true, "sub_cat_id": 1732, "subcategory": "Sweeney Todd: The Demon Barber of Fleet Street", "subcat_link_info": {"sub_cat_id": 1732, "cat_id": 13, "property_id": 2, "subcategory": "Sweeney Todd: The Demon Barber of Fleet Street"}, "related_subcat_link_info": null, "related_profiles": [{"id": 13738, "mbti_profile": "Sweeney Todd", "subcategory": "Sweeney Todd: The Demon Barber of Fleet Street", "profile_image_url": "https://static1.personality-database.com/profile_images/2912a9630ca94877962ebd8e54f3133d.png", "profile_name": "Sweeney Todd", "profile_subcat": "Sweeney Todd: The Demon Barber of Fleet Street", "sub_cat_id": 1732, "cat_id": 13, "property_id": 2, "mbti": "INFP", "enneatype": "4w3"}, {"id": 13740, "mbti_profile": "Johanna", "subcategory": "Sweeney Todd: The Demon Barber of Fleet Street", "profile_image_url": "https://static1.personality-database.com/profile_images/3680fe8992514e50b582f36e49cdeaef.png", "profile_name": "Johanna", "profile_subcat": "Sweeney Todd: The Demon Barber of Fleet Street", "sub_cat_id": 1732, "cat_id": 13, "property_id": 2, "mbti": "INFP", "enneatype": "9w1"}, {"id": 13742, "mbti_profile": "Anthony", "subcategory": "Sweeney Todd: The Demon Barber of Fleet Street", "profile_image_url": "", "profile_name": "Anthony", "profile_subcat": "Sweeney Todd: The Demon Barber of Fleet Street", "sub_cat_id": 1732, "cat_id": 13, "property_id": 2, "mbti": "INFJ", "enneatype": "4w3"}, {"id": 13741, "mbti_profile": "Judge Turpin", "subcategory": "Sweeney Todd: The Demon Barber of Fleet Street", "profile_image_url": "https://static1.personality-database.com/profile_images/4c9caa96dbe346bfbeec04b67468e093.png", "profile_name": "Judge Turpin", "profile_subcat": "Sweeney Todd: The Demon Barber of Fleet Street", "sub_cat_id": 1732, "cat_id": 13, "property_id": 2, "mbti": "", "enneatype": ""}, {"id": 13743, "mbti_profile": "Lucy Barker", "subcategory": "Sweeney Todd: The Demon Barber of Fleet Street", "profile_image_url": "", "profile_name": "Lucy Barker", "profile_subcat": "Sweeney Todd: The Demon Barber of Fleet Street", "sub_cat_id": 1732, "cat_id": 13, "property_id": 2, "mbti": "ISFJ", "enneatype": ""}, {"id": 13745, "mbti_profile": "Tobias Ragg", "subcategory": "Sweeney Todd: The Demon Barber of Fleet Street", "profile_image_url": "", "profile_name": "Tobias Ragg", "profile_subcat": "Sweeney Todd: The Demon Barber of Fleet Street", "sub_cat_id": 1732, "cat_id": 13, "property_id": 2, "mbti": "ESFJ", "enneatype": "9w8"}, {"id": 13744, "mbti_profile": "Beadle Bamford", "subcategory": "Sweeney Todd: The Demon Barber of Fleet Street", "profile_image_url": "", "profile_name": "Beadle Bamford", "profile_subcat": "Sweeney Todd: The Demon Barber of Fleet Street", "sub_cat_id": 1732, "cat_id": 13, "property_id": 2, "mbti": "ESTJ", "enneatype": "3w4"}, {"id": 361880, "mbti_profile": "Pirelli", "subcategory": "Sweeney Todd: The Demon Barber of Fleet Street", "profile_image_url": "", "profile_name": "Pirelli", "profile_subcat": "Sweeney Todd: The Demon Barber of Fleet Street", "sub_cat_id": 1732, "cat_id": 13, "property_id": 2, "mbti": "ESTP", "enneatype": "3w4"}], "functions": ["Fe", "Ni", "Se", "Ti"], "systems": [{"hex_color": "#888888", "id": 1, "personality_type": "XXXX", "personality_type_id": 0, "system_name": "Four Letter", "system_vote_count": 56, "user_vote_type_id": 0, "vote_id": 0}, {"hex_color": "#006775", "id": 2, "personality_type": "XXXX", "personality_type_id": 0, "system_name": "Enneagram", "system_vote_count": 11, "user_vote_type_id": 0, "vote_id": 0}, {"hex_color": "#006775", "id": 5, "personality_type": "XXXX", "personality_type_id": 0, "system_name": "Instinctual Variant", "system_vote_count": 4, "user_vote_type_id": 0, "vote_id": 0}, {"hex_color": "#006775", "id": 6, "personality_type": "XXXX", "personality_type_id": 0, "system_name": "Tritype", "system_vote_count": 4, "user_vote_type_id": 0, "vote_id": 0}, {"hex_color": "#888888", "id": 3, "personality_type": "XXXX", "personality_type_id": 0, "system_name": "Socionics", "system_vote_count": 1, "user_vote_type_id": 0, "vote_id": 0}, {"hex_color": "#888888", "id": 9, "personality_type": "XXXX", "personality_type_id": 0, "system_name": "Big 5 (SLOAN)", "system_vote_count": 2, "user_vote_type_id": 0, "vote_id": 0}, {"hex_color": "#888888", "id": 8, "personality_type": "XXXX", "personality_type_id": 0, "system_name": "Attitudinal Psyche", "system_vote_count": 1, "user_vote_type_id": 0, "vote_id": 0}, {"hex_color": "#888888", "id": 7, "personality_type": "XXXX", "personality_type_id": 0, "system_name": "Temperaments", "system_vote_count": 3, "user_vote_type_id": 0, "vote_id": 0}, {"hex_color": "#888888", "id": 11, "personality_type": "XXXX", "personality_type_id": 0, "system_name": "Classic Jungian", "system_vote_count": 0, "user_vote_type_id": 0, "vote_id": 0}], "breakdown_systems": {"1": [{"myValue": "ENFJ", "personality_system_id": 1, "personality_type": "ENFJ", "theCount": 20}, {"myValue": "ENTJ", "personality_system_id": 1, "personality_type": "ENTJ", "theCount": 17}, {"myValue": "ENFP", "personality_system_id": 1, "personality_type": "ENFP", "theCount": 10}, {"myValue": "ENTP", "personality_system_id": 1, "personality_type": "ENTP", "theCount": 4}, {"myValue": "ESTJ", "personality_system_id": 1, "personality_type": "ESTJ", "theCount": 2}, {"myValue": "INTJ", "personality_system_id": 1, "personality_type": "INTJ", "theCount": 2}, {"myValue": "ESFP", "personality_system_id": 1, "personality_type": "ESFP", "theCount": 1}], "11": [{"myValue": "XXXX", "personality_system_id": 0, "personality_type": "XXXX", "theCount": 0}], "2": [{"myValue": "3w2", "personality_system_id": 2, "personality_type": "3w2", "theCount": 8}, {"myValue": "5w4", "personality_system_id": 2, "personality_type": "5w4", "theCount": 1}, {"myValue": "5w6", "personality_system_id": 2, "personality_type": "5w6", "theCount": 1}, {"myValue": "7w6", "personality_system_id": 2, "personality_type": "7w6", "theCount": 1}], "3": [{"myValue": "LSE", "personality_system_id": 3, "personality_type": "LSE", "theCount": 1}], "4": [{"myValue": "Chaotic Neutral", "personality_system_id": 4, "personality_type": "Chaotic Neutral", "theCount": 1}, {"myValue": "Neutral Evil", "personality_system_id": 4, "personality_type": "Neutral Evil", "theCount": 1}], "5": [{"myValue": "sx/so", "personality_system_id": 5, "personality_type": "sx/so", "theCount": 2}, {"myValue": "sp/sx", "personality_system_id": 5, "personality_type": "sp/sx", "theCount": 1}, {"myValue": "sx/sp", "personality_system_id": 5, "personality_type": "sx/sp", "theCount": 1}], "6": [{"myValue": "361", "personality_system_id": 6, "personality_type": "361", "theCount": 2}, {"myValue": "378", "personality_system_id": 6, "personality_type": "378", "theCount": 1}, {"myValue": "387", "personality_system_id": 6, "personality_type": "387", "theCount": 1}], "7": [{"myValue": "Sanguine [Dominant]", "personality_system_id": 7, "personality_type": "Sanguine [Dominant]", "theCount": 2}, {"myValue": "Choleric-Sanguine", "personality_system_id": 7, "personality_type": "Choleric-Sanguine", "theCount": 1}], "8": [{"myValue": "LFVE", "personality_system_id": 8, "personality_type": "LFVE", "theCount": 1}], "9": [{"myValue": "SCUAI", "personality_system_id": 9, "personality_type": "SCUAI", "theCount": 2}]}, "breakdown_config": {"expand": {"1": 3, "11": 1, "2": 3, "3": 1, "4": 1, "5": 1, "6": 1, "7": 1, "8": 1, "9": 1}, "fire": {"1": 1, "11": 0, "2": 0, "3": 0, "4": 0, "5": 0, "6": 0, "7": 0, "8": 0, "9": 0}}, "mbti_letter_stats": [{"type": "E", "percentage": "96%", "PercentageFloat": 0.9642857142857143}, {"type": "N", "percentage": "95%", "PercentageFloat": 0.9464285714285714}, {"type": "F", "percentage": "55%", "PercentageFloat": 0.5535714285714286}, {"type": "J", "percentage": "73%", "PercentageFloat": 0.7321428571428571}], "topic_info": {"can_generate": false, "topic": {"description": "", "follow_count": 0, "id": 12670, "is_following": false, "is_join_pending": false, "is_banned": false, "is_moderated": false, "name_readable": "Mrs. Lovett", "post_count": 0, "source_profile_id": 13739, "source_type": "profile", "join_to_post": false, "can_pin": false, "related_topics": [{"description": "#INFPVillains", "follow_count": 0, "id": 12669, "is_following": false, "is_join_pending": false, "is_banned": false, "is_moderated": false, "name_readable": "Sweeney Todd", "post_count": 0, "source_profile_id": 13738, "source_type": "profile", "image": {"picURL": "https://static1.personality-database.com/profile_images/2912a9630ca94877962ebd8e54f3133d.png"}, "join_to_post": false, "can_pin": false}, {"description": "", "follow_count": 0, "id": 12670, "is_following": false, "is_join_pending": false, "is_banned": false, "is_moderated": false, "name_readable": "Mrs. Lovett", "post_count": 0, "source_profile_id": 13739, "source_type": "profile", "image": {"picURL": "https://static1.personality-database.com/profile_images/347e571da09a4153bcbe2873779e4acb.png"}, "join_to_post": false, "can_pin": false}, {"description": "", "follow_count": 0, "id": 12671, "is_following": false, "is_join_pending": false, "is_banned": false, "is_moderated": false, "name_readable": "Johanna", "post_count": 0, "source_profile_id": 13740, "source_type": "profile", "image": {"picURL": "https://static1.personality-database.com/profile_images/3680fe8992514e50b582f36e49cdeaef.png"}, "join_to_post": false, "can_pin": false}, {"description": "", "follow_count": 0, "id": 12672, "is_following": false, "is_join_pending": false, "is_banned": false, "is_moderated": false, "name_readable": "Judge Turpin", "post_count": 0, "source_profile_id": 13741, "source_type": "profile", "image": {"picURL": "https://static1.personality-database.com/profile_images/4c9caa96dbe346bfbeec04b67468e093.png"}, "join_to_post": false, "can_pin": false}, {"description": "", "follow_count": 0, "id": 12673, "is_following": false, "is_join_pending": false, "is_banned": false, "is_moderated": false, "name_readable": "Anthony", "post_count": 0, "source_profile_id": 13742, "source_type": "profile", "image": {"picURL": "https://www.personality-database.com/images/profile_transparent.png"}, "join_to_post": false, "can_pin": false}, {"description": "", "follow_count": 0, "id": 12674, "is_following": false, "is_join_pending": false, "is_banned": false, "is_moderated": false, "name_readable": "Lucy Barker", "post_count": 0, "source_profile_id": 13743, "source_type": "profile", "image": {"picURL": "https://www.personality-database.com/images/profile_transparent.png"}, "join_to_post": false, "can_pin": false}, {"description": "", "follow_count": 0, "id": 12675, "is_following": false, "is_join_pending": false, "is_banned": false, "is_moderated": false, "name_readable": "Beadle Bamford", "post_count": 0, "source_profile_id": 13744, "source_type": "profile", "image": {"picURL": "https://www.personality-database.com/images/profile_transparent.png"}, "join_to_post": false, "can_pin": false}, {"description": "", "follow_count": 0, "id": 12676, "is_following": false, "is_join_pending": false, "is_banned": false, "is_moderated": false, "name_readable": "Tobias Ragg", "post_count": 0, "source_profile_id": 13745, "source_type": "profile", "image": {"picURL": "https://www.personality-database.com/images/profile_transparent.png"}, "join_to_post": false, "can_pin": false}, {"description": "", "follow_count": 0, "id": 278229, "is_following": false, "is_join_pending": false, "is_banned": false, "is_moderated": false, "name_readable": "Pirelli", "post_count": 0, "source_profile_id": 361880, "source_type": "profile", "image": {"picURL": "https://www.personality-database.com/images/profile_transparent.png"}, "join_to_post": false, "can_pin": false}], "subcategory": "Sweeney Todd: The Demon Barber of Fleet Street", "topic_image_url": "https://static1.personality-database.com/profile_images/347e571da09a4153bcbe2873779e4acb.png", "source_location": {"cid": 13, "pid": 2, "sub_cat_id": 1732}, "can_post_image": false, "can_post_audio": false, "posts": {"posts": []}}}}