{"id": 143387, "mbti_profile": "Sara Berry", "profile_name_searchable": "saraberry", "allow_commenting": true, "allow_voting": true, "user_id": 13320, "contributor": "addendumbeekeeper", "contributor_create_date": "2020-06-03 02:23:41", "contributor_pic_path": "https://lh3.googleusercontent.com/a-/AOh14GhHDFQaDwEhlDj6WY5DK2KpwxToAfidc-8HdSz5-DU=s96-c", "display_order": 1000, "edit_lock": 0, "edit_lock_picture": 0, "is_active": true, "is_approved": true, "mbti_enneagram_type": "ESFP 3w4", "mbti_type": "ESFP 3w4", "pdb_comment_access": true, "pdb_page_owner": 0, "pdb_public_access": true, "wiki_description": "", "watch_count": 10, "comment_count": 6, "vote_count": 33, "vote_count_enneagram": 19, "vote_count_mbti": 33, "total_vote_counts": 64, "personality_type": "ESFP - 3w4 - so/sp - EIE - Sanguine [Dominant]", "type_updated_date": "2022-04-26 00:49:09", "enneagram_vote": "", "enneagram_vote_id": 0, "mbti_vote": "", "mbti_vote_id": 0, "is_watching": false, "image_exists": false, "profile_image_url": "https://static1.personality-database.com/profile_images/9eae4890cc7f4303a6a9e3c0179113c5.png", "profile_image_credit": "", "profile_image_credit_id": 122610, "profile_image_credit_type": "0", "profile_image_credit_url": "", "alt_subcategory": "", "related_subcategories": "", "cat_id": 13, "category": "Theatre", "category_is_fictional": true, "sub_cat_id": 9775, "subcategory": "35mm: A Musical Exhibition", "subcat_link_info": {"sub_cat_id": 9775, "cat_id": 13, "property_id": 2, "subcategory": "35mm: A Musical Exhibition"}, "related_subcat_link_info": null, "related_profiles": [{"id": 173792, "mbti_profile": "Luanne", "subcategory": "35mm: A Musical Exhibition", "profile_image_url": "https://static1.personality-database.com/profile_images/5a7c07742233458f98915582baefde65.png", "profile_name": "Luanne", "profile_subcat": "35mm: A Musical Exhibition", "sub_cat_id": 9775, "cat_id": 13, "property_id": 2, "mbti": "ISFJ", "enneatype": "6w7"}, {"id": 196373, "mbti_profile": "Caralee", "subcategory": "35mm: A Musical Exhibition", "profile_image_url": "", "profile_name": "Caralee", "profile_subcat": "35mm: A Musical Exhibition", "sub_cat_id": 9775, "cat_id": 13, "property_id": 2, "mbti": "ESFP", "enneatype": ""}, {"id": 196371, "mbti_profile": "Jessie", "subcategory": "35mm: A Musical Exhibition", "profile_image_url": "", "profile_name": "Jessie", "profile_subcat": "35mm: A Musical Exhibition", "sub_cat_id": 9775, "cat_id": 13, "property_id": 2, "mbti": "ESFJ", "enneatype": "2w3"}, {"id": 196372, "mbti_profile": "Jules", "subcategory": "35mm: A Musical Exhibition", "profile_image_url": "", "profile_name": "Jules", "profile_subcat": "35mm: A Musical Exhibition", "sub_cat_id": 9775, "cat_id": 13, "property_id": 2, "mbti": "INFJ", "enneatype": ""}, {"id": 283382, "mbti_profile": "Idle Boy", "subcategory": "35mm: A Musical Exhibition", "profile_image_url": "", "profile_name": "Idle Boy", "profile_subcat": "35mm: A Musical Exhibition", "sub_cat_id": 9775, "cat_id": 13, "property_id": 2, "mbti": "INFP", "enneatype": "9w1"}], "functions": ["Se", "Fi", "Te", "Ni"], "systems": [{"hex_color": "#888888", "id": 1, "personality_type": "XXXX", "personality_type_id": 0, "system_name": "Four Letter", "system_vote_count": 33, "user_vote_type_id": 0, "vote_id": 0}, {"hex_color": "#006775", "id": 2, "personality_type": "XXXX", "personality_type_id": 0, "system_name": "Enneagram", "system_vote_count": 19, "user_vote_type_id": 0, "vote_id": 0}, {"hex_color": "#006775", "id": 5, "personality_type": "XXXX", "personality_type_id": 0, "system_name": "Instinctual Variant", "system_vote_count": 3, "user_vote_type_id": 0, "vote_id": 0}, {"hex_color": "#006775", "id": 6, "personality_type": "XXXX", "personality_type_id": 0, "system_name": "Tritype", "system_vote_count": 2, "user_vote_type_id": 0, "vote_id": 0}, {"hex_color": "#888888", "id": 3, "personality_type": "XXXX", "personality_type_id": 0, "system_name": "Socionics", "system_vote_count": 0, "user_vote_type_id": 0, "vote_id": 0}, {"hex_color": "#888888", "id": 9, "personality_type": "XXXX", "personality_type_id": 0, "system_name": "Big 5 (SLOAN)", "system_vote_count": 2, "user_vote_type_id": 0, "vote_id": 0}, {"hex_color": "#888888", "id": 8, "personality_type": "XXXX", "personality_type_id": 0, "system_name": "Attitudinal Psyche", "system_vote_count": 0, "user_vote_type_id": 0, "vote_id": 0}, {"hex_color": "#888888", "id": 7, "personality_type": "XXXX", "personality_type_id": 0, "system_name": "Temperaments", "system_vote_count": 5, "user_vote_type_id": 0, "vote_id": 0}, {"hex_color": "#888888", "id": 11, "personality_type": "XXXX", "personality_type_id": 0, "system_name": "Classic Jungian", "system_vote_count": 0, "user_vote_type_id": 0, "vote_id": 0}], "breakdown_systems": {"1": [{"myValue": "ESFP", "personality_system_id": 1, "personality_type": "ESFP", "theCount": 20}, {"myValue": "ENTJ", "personality_system_id": 1, "personality_type": "ENTJ", "theCount": 5}, {"myValue": "ESFJ", "personality_system_id": 1, "personality_type": "ESFJ", "theCount": 5}, {"myValue": "ISFP", "personality_system_id": 1, "personality_type": "ISFP", "theCount": 2}, {"myValue": "ENFJ", "personality_system_id": 1, "personality_type": "ENFJ", "theCount": 1}], "11": [{"myValue": "XXXX", "personality_system_id": 0, "personality_type": "XXXX", "theCount": 0}], "2": [{"myValue": "3w4", "personality_system_id": 2, "personality_type": "3w4", "theCount": 13}, {"myValue": "3w2", "personality_system_id": 2, "personality_type": "3w2", "theCount": 5}, {"myValue": "4w3", "personality_system_id": 2, "personality_type": "4w3", "theCount": 1}], "3": [{"myValue": "XXXX", "personality_system_id": 0, "personality_type": "XXXX", "theCount": 0}], "5": [{"myValue": "so/sp", "personality_system_id": 5, "personality_type": "so/sp", "theCount": 3}], "6": [{"myValue": "358", "personality_system_id": 6, "personality_type": "358", "theCount": 1}, {"myValue": "368", "personality_system_id": 6, "personality_type": "368", "theCount": 1}], "7": [{"myValue": "Sanguine [Dominant]", "personality_system_id": 7, "personality_type": "Sanguine [Dominant]", "theCount": 3}, {"myValue": "Choleric-Sanguine", "personality_system_id": 7, "personality_type": "Choleric-Sanguine", "theCount": 1}, {"myValue": "Sanguine-Choleric", "personality_system_id": 7, "personality_type": "Sanguine-Choleric", "theCount": 1}], "8": [{"myValue": "XXXX", "personality_system_id": 0, "personality_type": "XXXX", "theCount": 0}], "9": [{"myValue": "SLUEI", "personality_system_id": 9, "personality_type": "SLUEI", "theCount": 2}]}, "breakdown_config": {"expand": {"1": 3, "11": 1, "2": 3, "3": 1, "5": 1, "6": 1, "7": 1, "8": 1, "9": 1}, "fire": {"1": 0, "11": 0, "2": 0, "3": 0, "5": 0, "6": 0, "7": 0, "8": 0, "9": 0}}, "mbti_letter_stats": [{"type": "E", "percentage": "94%", "PercentageFloat": 0.9393939393939394}, {"type": "S", "percentage": "82%", "PercentageFloat": 0.8181818181818182}, {"type": "F", "percentage": "85%", "PercentageFloat": 0.8484848484848485}, {"type": "P", "percentage": "67%", "PercentageFloat": 0.6666666666666666}], "topic_info": {"can_generate": false, "topic": {"description": "", "follow_count": 0, "id": 110972, "is_following": false, "is_join_pending": false, "is_banned": false, "is_moderated": false, "name_readable": "Sara Berry", "post_count": 0, "source_profile_id": 143387, "source_type": "profile", "join_to_post": false, "can_pin": false, "related_topics": [{"description": "", "follow_count": 0, "id": 110972, "is_following": false, "is_join_pending": false, "is_banned": false, "is_moderated": false, "name_readable": "Sara Berry", "post_count": 0, "source_profile_id": 143387, "source_type": "profile", "image": {"picURL": "https://static1.personality-database.com/profile_images/9eae4890cc7f4303a6a9e3c0179113c5.png"}, "join_to_post": false, "can_pin": false}, {"description": "", "follow_count": 0, "id": 134018, "is_following": false, "is_join_pending": false, "is_banned": false, "is_moderated": false, "name_readable": "Luanne", "post_count": 0, "source_profile_id": 173792, "source_type": "profile", "image": {"picURL": "https://static1.personality-database.com/profile_images/5a7c07742233458f98915582baefde65.png"}, "join_to_post": false, "can_pin": false}, {"description": "", "follow_count": 0, "id": 151704, "is_following": false, "is_join_pending": false, "is_banned": false, "is_moderated": false, "name_readable": "Jessie", "post_count": 0, "source_profile_id": 196371, "source_type": "profile", "image": {"picURL": "https://www.personality-database.com/images/profile_transparent.png"}, "join_to_post": false, "can_pin": false}, {"description": "", "follow_count": 0, "id": 151705, "is_following": false, "is_join_pending": false, "is_banned": false, "is_moderated": false, "name_readable": "Jules", "post_count": 0, "source_profile_id": 196372, "source_type": "profile", "image": {"picURL": "https://www.personality-database.com/images/profile_transparent.png"}, "join_to_post": false, "can_pin": false}, {"description": "", "follow_count": 0, "id": 151706, "is_following": false, "is_join_pending": false, "is_banned": false, "is_moderated": false, "name_readable": "Caralee", "post_count": 0, "source_profile_id": 196373, "source_type": "profile", "image": {"picURL": "https://www.personality-database.com/images/profile_transparent.png"}, "join_to_post": false, "can_pin": false}, {"description": "", "follow_count": 0, "id": 217090, "is_following": false, "is_join_pending": false, "is_banned": false, "is_moderated": false, "name_readable": "Idle Boy", "post_count": 0, "source_profile_id": 283382, "source_type": "profile", "image": {"picURL": "https://www.personality-database.com/images/profile_transparent.png"}, "join_to_post": false, "can_pin": false}], "subcategory": "35mm: A Musical Exhibition", "topic_image_url": "https://static1.personality-database.com/profile_images/9eae4890cc7f4303a6a9e3c0179113c5.png", "source_location": {"cid": 13, "pid": 2, "sub_cat_id": 9775}, "can_post_image": false, "can_post_audio": false, "posts": {"posts": []}}}}