{"id": 14653, "mbti_profile": "Marvin", "profile_name_searchable": "marvin", "allow_commenting": true, "allow_voting": true, "user_id": 5829, "contributor": "\u2661Mayu\u2661", "contributor_create_date": "2018-08-02 18:59:08", "contributor_pic_path": "https://lh3.googleusercontent.com/a-/AOh14Gj7yu7gl_jtKUr2xhY9JJRDYVFavo8A-LxoIhGIQg=s96-c", "display_order": 1000, "edit_lock": 0, "edit_lock_picture": 0, "is_active": true, "is_approved": true, "mbti_enneagram_type": "INTJ 1w2", "mbti_type": "INTJ 1w2", "pdb_comment_access": true, "pdb_page_owner": 0, "pdb_public_access": true, "wiki_description": "", "watch_count": 50, "comment_count": 25, "vote_count": 78, "vote_count_enneagram": 55, "vote_count_mbti": 78, "total_vote_counts": 218, "personality_type": "INTJ - 1w2 - sx/sp - 136 - LSI - RLOEN - Melancholic-Choleric - IN(T)", "type_updated_date": "2022-11-21 14:03:55", "enneagram_vote": "", "enneagram_vote_id": 0, "mbti_vote": "", "mbti_vote_id": 0, "is_watching": false, "image_exists": false, "profile_image_url": "https://static1.personality-database.com/profile_images/0f15845dff0546f8822bfe5685bd6b9b.png", "profile_image_credit": "", "profile_image_credit_id": 188474, "profile_image_credit_type": "0", "profile_image_credit_url": "", "alt_subcategory": "", "related_subcategories": "", "cat_id": 13, "category": "Theatre", "category_is_fictional": true, "sub_cat_id": 1823, "subcategory": "Falsettos", "subcat_link_info": {"sub_cat_id": 1823, "cat_id": 13, "property_id": 2, "subcategory": "Falsettos"}, "related_subcat_link_info": null, "related_profiles": [{"id": 14654, "mbti_profile": "Whizzer", "subcategory": "Falsettos", "profile_image_url": "https://static1.personality-database.com/profile_images/955adad12cdd42feac5982f2d08f8eef.png", "profile_name": "Whizzer", "profile_subcat": "Falsettos", "sub_cat_id": 1823, "cat_id": 13, "property_id": 2, "mbti": "ESFP", "enneatype": "7w8"}, {"id": 14655, "mbti_profile": "Mendel", "subcategory": "Falsettos", "profile_image_url": "https://static1.personality-database.com/profile_images/b6de87bcb4ca4d199c669a419d67f4dd.png", "profile_name": "Mendel", "profile_subcat": "Falsettos", "sub_cat_id": 1823, "cat_id": 13, "property_id": 2, "mbti": "INTP", "enneatype": "5w6"}, {"id": 14656, "mbti_profile": "Jason", "subcategory": "Falsettos", "profile_image_url": "https://static1.personality-database.com/profile_images/825400b19b234b059fc31d7ee787c25e.png", "profile_name": "Jason", "profile_subcat": "Falsettos", "sub_cat_id": 1823, "cat_id": 13, "property_id": 2, "mbti": "INTP", "enneatype": "5w4"}, {"id": 17601, "mbti_profile": "Trina", "subcategory": "Falsettos", "profile_image_url": "https://static1.personality-database.com/profile_images/fe404d80ca10448ea7ae955d2bc66ee1.png", "profile_name": "Trina", "profile_subcat": "Falsettos", "sub_cat_id": 1823, "cat_id": 13, "property_id": 2, "mbti": "ISFJ", "enneatype": "2w1"}, {"id": 17602, "mbti_profile": "Cordelia", "subcategory": "Falsettos", "profile_image_url": "https://static1.personality-database.com/profile_images/49594ca60c6c4de6a3a02e26a5da6111.png", "profile_name": "Cordelia", "profile_subcat": "Falsettos", "sub_cat_id": 1823, "cat_id": 13, "property_id": 2, "mbti": "ENFP", "enneatype": "2w3"}, {"id": 387556, "mbti_profile": "Caroline/Diane", "subcategory": "Falsettos", "profile_image_url": "https://static1.personality-database.com/profile_images/a90825e3e9854eacb917079e156a06f5.png", "profile_name": "Caroline/Diane", "profile_subcat": "Falsettos", "sub_cat_id": 1823, "cat_id": 13, "property_id": 2, "mbti": "ISFJ", "enneatype": "6w5"}, {"id": 17603, "mbti_profile": "Charlotte", "subcategory": "Falsettos", "profile_image_url": "https://static1.personality-database.com/profile_images/16e5e5d51ed9416788779d13a5f5438a.png", "profile_name": "Charlotte", "profile_subcat": "Falsettos", "sub_cat_id": 1823, "cat_id": 13, "property_id": 2, "mbti": "ENTJ", "enneatype": "3w2"}], "functions": ["Ni", "Te", "Fi", "Se"], "systems": [{"hex_color": "#888888", "id": 1, "personality_type": "XXXX", "personality_type_id": 0, "system_name": "Four Letter", "system_vote_count": 77, "user_vote_type_id": 0, "vote_id": 0}, {"hex_color": "#006775", "id": 2, "personality_type": "XXXX", "personality_type_id": 0, "system_name": "Enneagram", "system_vote_count": 53, "user_vote_type_id": 0, "vote_id": 0}, {"hex_color": "#006775", "id": 5, "personality_type": "XXXX", "personality_type_id": 0, "system_name": "Instinctual Variant", "system_vote_count": 24, "user_vote_type_id": 0, "vote_id": 0}, {"hex_color": "#006775", "id": 6, "personality_type": "XXXX", "personality_type_id": 0, "system_name": "Tritype", "system_vote_count": 20, "user_vote_type_id": 0, "vote_id": 0}, {"hex_color": "#888888", "id": 3, "personality_type": "XXXX", "personality_type_id": 0, "system_name": "Socionics", "system_vote_count": 5, "user_vote_type_id": 0, "vote_id": 0}, {"hex_color": "#888888", "id": 9, "personality_type": "XXXX", "personality_type_id": 0, "system_name": "Big 5 (SLOAN)", "system_vote_count": 11, "user_vote_type_id": 0, "vote_id": 0}, {"hex_color": "#888888", "id": 8, "personality_type": "XXXX", "personality_type_id": 0, "system_name": "Attitudinal Psyche", "system_vote_count": 4, "user_vote_type_id": 0, "vote_id": 0}, {"hex_color": "#888888", "id": 7, "personality_type": "XXXX", "personality_type_id": 0, "system_name": "Temperaments", "system_vote_count": 14, "user_vote_type_id": 0, "vote_id": 0}, {"hex_color": "#888888", "id": 11, "personality_type": "XXXX", "personality_type_id": 0, "system_name": "Classic Jungian", "system_vote_count": 4, "user_vote_type_id": 0, "vote_id": 0}], "breakdown_systems": {"1": [{"myValue": "INTJ", "personality_system_id": 1, "personality_type": "INTJ", "theCount": 58}, {"myValue": "ENTJ", "personality_system_id": 1, "personality_type": "ENTJ", "theCount": 7}, {"myValue": "ISTJ", "personality_system_id": 1, "personality_type": "ISTJ", "theCount": 7}, {"myValue": "ESTJ", "personality_system_id": 1, "personality_type": "ESTJ", "theCount": 3}, {"myValue": "ENTP", "personality_system_id": 1, "personality_type": "ENTP", "theCount": 1}, {"myValue": "INFP", "personality_system_id": 1, "personality_type": "INFP", "theCount": 1}], "11": [{"myValue": "IN(T)", "personality_system_id": 11, "personality_type": "IN(T)", "theCount": 3}, {"myValue": "IT(N)", "personality_system_id": 11, "personality_type": "IT(N)", "theCount": 1}], "2": [{"myValue": "1w2", "personality_system_id": 2, "personality_type": "1w2", "theCount": 32}, {"myValue": "8w9", "personality_system_id": 2, "personality_type": "8w9", "theCount": 8}, {"myValue": "8w7", "personality_system_id": 2, "personality_type": "8w7", "theCount": 7}, {"myValue": "6w5", "personality_system_id": 2, "personality_type": "6w5", "theCount": 3}, {"myValue": "3w4", "personality_system_id": 2, "personality_type": "3w4", "theCount": 2}, {"myValue": "2w1", "personality_system_id": 2, "personality_type": "2w1", "theCount": 1}], "3": [{"myValue": "LSI", "personality_system_id": 3, "personality_type": "LSI", "theCount": 3}, {"myValue": "ILI", "personality_system_id": 3, "personality_type": "ILI", "theCount": 2}], "4": [{"myValue": "Chaotic Neutral", "personality_system_id": 4, "personality_type": "Chaotic Neutral", "theCount": 2}, {"myValue": "True Neutral", "personality_system_id": 4, "personality_type": "True Neutral", "theCount": 2}, {"myValue": "Lawful Neutral", "personality_system_id": 4, "personality_type": "Lawful Neutral", "theCount": 1}, {"myValue": "Neutral Evil", "personality_system_id": 4, "personality_type": "Neutral Evil", "theCount": 1}], "5": [{"myValue": "sx/sp", "personality_system_id": 5, "personality_type": "sx/sp", "theCount": 12}, {"myValue": "sx/so", "personality_system_id": 5, "personality_type": "sx/so", "theCount": 5}, {"myValue": "so/sx", "personality_system_id": 5, "personality_type": "so/sx", "theCount": 4}, {"myValue": "sp/sx", "personality_system_id": 5, "personality_type": "sp/sx", "theCount": 2}, {"myValue": "so/sp", "personality_system_id": 5, "personality_type": "so/sp", "theCount": 1}], "6": [{"myValue": "136", "personality_system_id": 6, "personality_type": "136", "theCount": 9}, {"myValue": "836", "personality_system_id": 6, "personality_type": "836", "theCount": 4}, {"myValue": "126", "personality_system_id": 6, "personality_type": "126", "theCount": 2}, {"myValue": "163", "personality_system_id": 6, "personality_type": "163", "theCount": 2}, {"myValue": "153", "personality_system_id": 6, "personality_type": "153", "theCount": 1}, {"myValue": "386", "personality_system_id": 6, "personality_type": "386", "theCount": 1}, {"myValue": "852", "personality_system_id": 6, "personality_type": "852", "theCount": 1}], "7": [{"myValue": "Melancholic-Choleric", "personality_system_id": 7, "personality_type": "Melancholic-Choleric", "theCount": 11}, {"myValue": "Choleric-Melancholic", "personality_system_id": 7, "personality_type": "Choleric-Melancholic", "theCount": 3}], "8": [{"myValue": "LFEV", "personality_system_id": 8, "personality_type": "LFEV", "theCount": 2}, {"myValue": "VELF", "personality_system_id": 8, "personality_type": "VELF", "theCount": 1}, {"myValue": "VLEF", "personality_system_id": 8, "personality_type": "VLEF", "theCount": 1}], "9": [{"myValue": "RLOEN", "personality_system_id": 9, "personality_type": "RLOEN", "theCount": 9}, {"myValue": "RCOEI", "personality_system_id": 9, "personality_type": "RCOEI", "theCount": 2}]}, "breakdown_config": {"expand": {"1": 3, "11": 1, "2": 3, "3": 1, "4": 1, "5": 1, "6": 1, "7": 1, "8": 1, "9": 1}, "fire": {"1": 0, "11": 0, "2": 0, "3": 0, "4": 0, "5": 0, "6": 0, "7": 0, "8": 0, "9": 0}}, "mbti_letter_stats": [{"type": "I", "percentage": "86%", "PercentageFloat": 0.8571428571428571}, {"type": "N", "percentage": "87%", "PercentageFloat": 0.8701298701298701}, {"type": "T", "percentage": "99%", "PercentageFloat": 0.987012987012987}, {"type": "J", "percentage": "97%", "PercentageFloat": 0.974025974025974}], "topic_info": {"can_generate": false, "topic": {"description": "", "follow_count": 0, "id": 13500, "is_following": false, "is_join_pending": false, "is_banned": false, "is_moderated": false, "name_readable": "Marvin", "post_count": 1, "source_profile_id": 14653, "source_type": "profile", "join_to_post": false, "can_pin": false, "related_topics": [{"description": "", "follow_count": 0, "id": 13500, "is_following": false, "is_join_pending": false, "is_banned": false, "is_moderated": false, "name_readable": "Marvin", "post_count": 1, "source_profile_id": 14653, "source_type": "profile", "image": {"picURL": "https://static1.personality-database.com/profile_images/0f15845dff0546f8822bfe5685bd6b9b.png"}, "join_to_post": false, "can_pin": false}, {"description": "", "follow_count": 0, "id": 13501, "is_following": false, "is_join_pending": false, "is_banned": false, "is_moderated": false, "name_readable": "Whizzer", "post_count": 1, "source_profile_id": 14654, "source_type": "profile", "image": {"picURL": "https://static1.personality-database.com/profile_images/955adad12cdd42feac5982f2d08f8eef.png"}, "join_to_post": false, "can_pin": false}, {"description": "", "follow_count": 0, "id": 13502, "is_following": false, "is_join_pending": false, "is_banned": false, "is_moderated": false, "name_readable": "Mendel", "post_count": 0, "source_profile_id": 14655, "source_type": "profile", "image": {"picURL": "https://static1.personality-database.com/profile_images/b6de87bcb4ca4d199c669a419d67f4dd.png"}, "join_to_post": false, "can_pin": false}, {"description": "", "follow_count": 0, "id": 13503, "is_following": false, "is_join_pending": false, "is_banned": false, "is_moderated": false, "name_readable": "Jason", "post_count": 0, "source_profile_id": 14656, "source_type": "profile", "image": {"picURL": "https://static1.personality-database.com/profile_images/825400b19b234b059fc31d7ee787c25e.png"}, "join_to_post": false, "can_pin": false}, {"description": "", "follow_count": 0, "id": 16176, "is_following": false, "is_join_pending": false, "is_banned": false, "is_moderated": false, "name_readable": "Trina", "post_count": 0, "source_profile_id": 17601, "source_type": "profile", "image": {"picURL": "https://static1.personality-database.com/profile_images/fe404d80ca10448ea7ae955d2bc66ee1.png"}, "join_to_post": false, "can_pin": false}, {"description": "", "follow_count": 0, "id": 16177, "is_following": false, "is_join_pending": false, "is_banned": false, "is_moderated": false, "name_readable": "Cordelia", "post_count": 0, "source_profile_id": 17602, "source_type": "profile", "image": {"picURL": "https://static1.personality-database.com/profile_images/49594ca60c6c4de6a3a02e26a5da6111.png"}, "join_to_post": false, "can_pin": false}, {"description": "", "follow_count": 0, "id": 16178, "is_following": false, "is_join_pending": false, "is_banned": false, "is_moderated": false, "name_readable": "Charlotte", "post_count": 0, "source_profile_id": 17603, "source_type": "profile", "image": {"picURL": "https://static1.personality-database.com/profile_images/16e5e5d51ed9416788779d13a5f5438a.png"}, "join_to_post": false, "can_pin": false}, {"description": "", "follow_count": 0, "id": 298155, "is_following": false, "is_join_pending": false, "is_banned": false, "is_moderated": false, "name_readable": "Caroline/Diane", "post_count": 0, "source_profile_id": 387556, "source_type": "profile", "image": {"picURL": "https://static1.personality-database.com/profile_images/a90825e3e9854eacb917079e156a06f5.png"}, "join_to_post": false, "can_pin": false}], "subcategory": "Falsettos", "topic_image_url": "https://static1.personality-database.com/profile_images/0f15845dff0546f8822bfe5685bd6b9b.png", "source_location": {"cid": 13, "pid": 2, "sub_cat_id": 1823}, "can_post_image": false, "can_post_audio": false, "posts": {"posts": [{"username": "Mono_Ruffman", "user_pic_path": "https://lh3.googleusercontent.com/a-/AOh14GiBeiDaaIsjXPyApIkAHOrHtljRnU0aEkVI2PM0Tw=s96-c", "user_personality_type": "ENFP-7w6-721", "is_mod": false, "comment_count": 0, "reply_count": 0, "vote_type": 0, "topics_list": [{"id": 13500, "name_readable": "Marvin"}], "id": 198714, "post_id": 198714, "user_id": 196543, "title": "", "content": "HE'S FINALLY A 1W2 LETS GOOOOOOO", "create_date": 1638323326000, "unix_timestamp": 1638323326000, "update_date": 1638323326000, "vote_count": 3, "vote_count_down": 0, "is_reported": 0, "is_hidden": false, "is_pinned": false, "is_watching": false, "is_pro_user": false, "images": null, "audios": null, "function_list": [], "type": "post"}]}}}}