{"id": 14650, "mbti_profile": "Wendla Bergman", "profile_name_searchable": "wendlabergman", "allow_commenting": true, "allow_voting": true, "user_id": 5829, "contributor": "\u2661Mayu\u2661", "contributor_create_date": "2018-08-02 18:54:53", "contributor_pic_path": "https://lh3.googleusercontent.com/a-/AOh14Gj7yu7gl_jtKUr2xhY9JJRDYVFavo8A-LxoIhGIQg=s96-c", "display_order": 995, "edit_lock": 0, "edit_lock_picture": 0, "is_active": true, "is_approved": true, "mbti_enneagram_type": "INFP 9w1", "mbti_type": "INFP 9w1", "pdb_comment_access": true, "pdb_page_owner": 0, "pdb_public_access": true, "wiki_description": "", "watch_count": 20, "comment_count": 2, "vote_count": 22, "vote_count_enneagram": 6, "vote_count_mbti": 22, "total_vote_counts": 41, "personality_type": "INFP - 9w1 - so/sx - SEI - RLUAN - EVFL - Melancholic-Phlegmatic", "type_updated_date": "2021-05-30 16:36:10", "enneagram_vote": "", "enneagram_vote_id": 0, "mbti_vote": "", "mbti_vote_id": 0, "is_watching": false, "image_exists": false, "profile_image_url": "https://static1.personality-database.com/profile_images/fa2a51df5fc747a0abb714e7584447e5.png", "profile_image_credit": "", "profile_image_credit_id": 99810, "profile_image_credit_type": "0", "profile_image_credit_url": "https://www.google.com/url?sa=i&url=https%3A%2F%2Fspringawakening.fandom.com%2Fwiki%2FFrau_Bergmann&psig=AOvVaw3Vsxv84HYyC-gWgOiduDl8&ust=1596849602821000&source=images&cd=vfe&ved=0CAMQjB1qFwoTCICW9bz2h-sCFQAAAAAdAAAAABAS", "alt_subcategory": "", "related_subcategories": "", "cat_id": 13, "category": "Theatre", "category_is_fictional": true, "sub_cat_id": 1822, "subcategory": "Spring Awakening", "subcat_link_info": {"sub_cat_id": 1822, "cat_id": 13, "property_id": 2, "subcategory": "Spring Awakening"}, "related_subcat_link_info": null, "related_profiles": [{"id": 14651, "mbti_profile": "Moritz Stiefel", "subcategory": "Spring Awakening", "profile_image_url": "https://static1.personality-database.com/profile_images/dc45d6ec30ee45eea285a7c37226458f.png", "profile_name": "Moritz Stiefel", "profile_subcat": "Spring Awakening", "sub_cat_id": 1822, "cat_id": 13, "property_id": 2, "mbti": "INFJ", "enneatype": "6w5"}, {"id": 14649, "mbti_profile": "Melchior Gabor", "subcategory": "Spring Awakening", "profile_image_url": "https://static1.personality-database.com/profile_images/8d7cdeda774148c7a2d7158e83ad608f.png", "profile_name": "Melchior Gabor", "profile_subcat": "Spring Awakening", "sub_cat_id": 1822, "cat_id": 13, "property_id": 2, "mbti": "ENTP", "enneatype": "8w7"}, {"id": 14652, "mbti_profile": "Hanschen", "subcategory": "Spring Awakening", "profile_image_url": "https://static1.personality-database.com/profile_images/8d84c70fd8964fa2a5e444097f84b8b2.png", "profile_name": "Hanschen", "profile_subcat": "Spring Awakening", "sub_cat_id": 1822, "cat_id": 13, "property_id": 2, "mbti": "ENTJ", "enneatype": "3w4"}, {"id": 83288, "mbti_profile": "ilse neumann", "subcategory": "Spring Awakening", "profile_image_url": "https://static1.personality-database.com/profile_images/38d659aeb53d48cd8cc99440886fa5bb.png", "profile_name": "ilse neumann", "profile_subcat": "Spring Awakening", "sub_cat_id": 1822, "cat_id": 13, "property_id": 2, "mbti": "ENFP", "enneatype": "7w6"}, {"id": 83289, "mbti_profile": "ernst", "subcategory": "Spring Awakening", "profile_image_url": "", "profile_name": "ernst", "profile_subcat": "Spring Awakening", "sub_cat_id": 1822, "cat_id": 13, "property_id": 2, "mbti": "INFP", "enneatype": "2w1"}, {"id": 312111, "mbti_profile": "Martha", "subcategory": "Spring Awakening", "profile_image_url": "", "profile_name": "Martha", "profile_subcat": "Spring Awakening", "sub_cat_id": 1822, "cat_id": 13, "property_id": 2, "mbti": "ISFJ", "enneatype": "6w5"}, {"id": 83290, "mbti_profile": "georg", "subcategory": "Spring Awakening", "profile_image_url": "", "profile_name": "georg", "profile_subcat": "Spring Awakening", "sub_cat_id": 1822, "cat_id": 13, "property_id": 2, "mbti": "ISTP", "enneatype": "7w6"}, {"id": 83291, "mbti_profile": "otto", "subcategory": "Spring Awakening", "profile_image_url": "", "profile_name": "otto", "profile_subcat": "Spring Awakening", "sub_cat_id": 1822, "cat_id": 13, "property_id": 2, "mbti": "ISFP", "enneatype": "9w8"}], "functions": ["Fi", "Ne", "Si", "Te"], "systems": [{"hex_color": "#888888", "id": 1, "personality_type": "XXXX", "personality_type_id": 0, "system_name": "Four Letter", "system_vote_count": 22, "user_vote_type_id": 0, "vote_id": 0}, {"hex_color": "#006775", "id": 2, "personality_type": "XXXX", "personality_type_id": 0, "system_name": "Enneagram", "system_vote_count": 6, "user_vote_type_id": 0, "vote_id": 0}, {"hex_color": "#006775", "id": 5, "personality_type": "XXXX", "personality_type_id": 0, "system_name": "Instinctual Variant", "system_vote_count": 3, "user_vote_type_id": 0, "vote_id": 0}, {"hex_color": "#006775", "id": 6, "personality_type": "XXXX", "personality_type_id": 0, "system_name": "Tritype", "system_vote_count": 1, "user_vote_type_id": 0, "vote_id": 0}, {"hex_color": "#888888", "id": 3, "personality_type": "XXXX", "personality_type_id": 0, "system_name": "Socionics", "system_vote_count": 2, "user_vote_type_id": 0, "vote_id": 0}, {"hex_color": "#888888", "id": 9, "personality_type": "XXXX", "personality_type_id": 0, "system_name": "Big 5 (SLOAN)", "system_vote_count": 3, "user_vote_type_id": 0, "vote_id": 0}, {"hex_color": "#888888", "id": 8, "personality_type": "XXXX", "personality_type_id": 0, "system_name": "Attitudinal Psyche", "system_vote_count": 1, "user_vote_type_id": 0, "vote_id": 0}, {"hex_color": "#888888", "id": 7, "personality_type": "XXXX", "personality_type_id": 0, "system_name": "Temperaments", "system_vote_count": 1, "user_vote_type_id": 0, "vote_id": 0}, {"hex_color": "#888888", "id": 11, "personality_type": "XXXX", "personality_type_id": 0, "system_name": "Classic Jungian", "system_vote_count": 0, "user_vote_type_id": 0, "vote_id": 0}], "breakdown_systems": {"1": [{"myValue": "INFP", "personality_system_id": 1, "personality_type": "INFP", "theCount": 15}, {"myValue": "ENFP", "personality_system_id": 1, "personality_type": "ENFP", "theCount": 4}, {"myValue": "ISFJ", "personality_system_id": 1, "personality_type": "ISFJ", "theCount": 2}, {"myValue": "INFJ", "personality_system_id": 1, "personality_type": "INFJ", "theCount": 1}], "11": [{"myValue": "XXXX", "personality_system_id": 0, "personality_type": "XXXX", "theCount": 0}], "2": [{"myValue": "9w1", "personality_system_id": 2, "personality_type": "9w1", "theCount": 6}], "3": [{"myValue": "SEI", "personality_system_id": 3, "personality_type": "SEI", "theCount": 2}], "4": [{"myValue": "Lawful Good", "personality_system_id": 4, "personality_type": "Lawful Good", "theCount": 1}, {"myValue": "Neutral Good", "personality_system_id": 4, "personality_type": "Neutral Good", "theCount": 1}], "5": [{"myValue": "so/sx", "personality_system_id": 5, "personality_type": "so/sx", "theCount": 3}], "6": [{"myValue": "962", "personality_system_id": 6, "personality_type": "962", "theCount": 1}], "7": [{"myValue": "Melancholic-Phlegmatic", "personality_system_id": 7, "personality_type": "Melancholic-Phlegmatic", "theCount": 1}], "8": [{"myValue": "EVFL", "personality_system_id": 8, "personality_type": "EVFL", "theCount": 1}], "9": [{"myValue": "RLUAN", "personality_system_id": 9, "personality_type": "RLUAN", "theCount": 2}, {"myValue": "RLUEN", "personality_system_id": 9, "personality_type": "RLUEN", "theCount": 1}]}, "breakdown_config": {"expand": {"1": 3, "11": 1, "2": 3, "3": 1, "4": 1, "5": 1, "6": 1, "7": 1, "8": 1, "9": 1}, "fire": {"1": 0, "11": 0, "2": 0, "3": 0, "4": 0, "5": 0, "6": 0, "7": 0, "8": 0, "9": 0}}, "mbti_letter_stats": [{"type": "I", "percentage": "82%", "PercentageFloat": 0.8181818181818182}, {"type": "N", "percentage": "91%", "PercentageFloat": 0.9090909090909091}, {"type": "F", "percentage": "100%", "PercentageFloat": 1}, {"type": "P", "percentage": "86%", "PercentageFloat": 0.8636363636363636}], "topic_info": {"can_generate": false, "topic": {"description": "", "follow_count": 0, "id": 13497, "is_following": false, "is_join_pending": false, "is_banned": false, "is_moderated": false, "name_readable": "Wendla Bergman", "post_count": 0, "source_profile_id": 14650, "source_type": "profile", "join_to_post": false, "can_pin": false, "related_topics": [{"description": "", "follow_count": 0, "id": 13496, "is_following": false, "is_join_pending": false, "is_banned": false, "is_moderated": false, "name_readable": "Melchior Gabor", "post_count": 0, "source_profile_id": 14649, "source_type": "profile", "image": {"picURL": "https://static1.personality-database.com/profile_images/8d7cdeda774148c7a2d7158e83ad608f.png"}, "join_to_post": false, "can_pin": false}, {"description": "", "follow_count": 0, "id": 13497, "is_following": false, "is_join_pending": false, "is_banned": false, "is_moderated": false, "name_readable": "Wendla Bergman", "post_count": 0, "source_profile_id": 14650, "source_type": "profile", "image": {"picURL": "https://static1.personality-database.com/profile_images/fa2a51df5fc747a0abb714e7584447e5.png"}, "join_to_post": false, "can_pin": false}, {"description": "", "follow_count": 0, "id": 13498, "is_following": false, "is_join_pending": false, "is_banned": false, "is_moderated": false, "name_readable": "Moritz Stiefel", "post_count": 0, "source_profile_id": 14651, "source_type": "profile", "image": {"picURL": "https://static1.personality-database.com/profile_images/dc45d6ec30ee45eea285a7c37226458f.png"}, "join_to_post": false, "can_pin": false}, {"description": "", "follow_count": 0, "id": 13499, "is_following": false, "is_join_pending": false, "is_banned": false, "is_moderated": false, "name_readable": "Hanschen", "post_count": 0, "source_profile_id": 14652, "source_type": "profile", "image": {"picURL": "https://static1.personality-database.com/profile_images/8d84c70fd8964fa2a5e444097f84b8b2.png"}, "join_to_post": false, "can_pin": false}, {"description": "", "follow_count": 0, "id": 67536, "is_following": false, "is_join_pending": false, "is_banned": false, "is_moderated": false, "name_readable": "ilse neumann", "post_count": 0, "source_profile_id": 83288, "source_type": "profile", "image": {"picURL": "https://static1.personality-database.com/profile_images/38d659aeb53d48cd8cc99440886fa5bb.png"}, "join_to_post": false, "can_pin": false}, {"description": "", "follow_count": 0, "id": 67537, "is_following": false, "is_join_pending": false, "is_banned": false, "is_moderated": false, "name_readable": "ernst", "post_count": 0, "source_profile_id": 83289, "source_type": "profile", "image": {"picURL": "https://www.personality-database.com/images/profile_transparent.png"}, "join_to_post": false, "can_pin": false}, {"description": "", "follow_count": 0, "id": 67538, "is_following": false, "is_join_pending": false, "is_banned": false, "is_moderated": false, "name_readable": "georg", "post_count": 0, "source_profile_id": 83290, "source_type": "profile", "image": {"picURL": "https://www.personality-database.com/images/profile_transparent.png"}, "join_to_post": false, "can_pin": false}, {"description": "", "follow_count": 0, "id": 67539, "is_following": false, "is_join_pending": false, "is_banned": false, "is_moderated": false, "name_readable": "otto", "post_count": 0, "source_profile_id": 83291, "source_type": "profile", "image": {"picURL": "https://www.personality-database.com/images/profile_transparent.png"}, "join_to_post": false, "can_pin": false}, {"description": "", "follow_count": 0, "id": 239853, "is_following": false, "is_join_pending": false, "is_banned": false, "is_moderated": false, "name_readable": "Martha", "post_count": 0, "source_profile_id": 312111, "source_type": "profile", "image": {"picURL": "https://www.personality-database.com/images/profile_transparent.png"}, "join_to_post": false, "can_pin": false}], "subcategory": "Spring Awakening", "topic_image_url": "https://static1.personality-database.com/profile_images/fa2a51df5fc747a0abb714e7584447e5.png", "source_location": {"cid": 13, "pid": 2, "sub_cat_id": 1822}, "can_post_image": false, "can_post_audio": false, "posts": {"posts": []}}}}