{"id": 14656, "mbti_profile": "Jason", "profile_name_searchable": "jason", "allow_commenting": true, "allow_voting": true, "user_id": 5829, "contributor": "\u2661Mayu\u2661", "contributor_create_date": "2018-08-02 18:59:08", "contributor_pic_path": "https://lh3.googleusercontent.com/a-/AOh14Gj7yu7gl_jtKUr2xhY9JJRDYVFavo8A-LxoIhGIQg=s96-c", "display_order": 985, "edit_lock": 0, "edit_lock_picture": 0, "is_active": true, "is_approved": true, "mbti_enneagram_type": "XXXX 5w4", "mbti_type": "XXXX 5w4", "pdb_comment_access": true, "pdb_page_owner": 0, "pdb_public_access": true, "wiki_description": "", "watch_count": 20, "comment_count": 7, "vote_count": 42, "vote_count_enneagram": 29, "vote_count_mbti": 42, "total_vote_counts": 111, "personality_type": "INTP - 5w4 - so/sp - 549 - LII - RLOEI - LVEF - Sanguine-Melancholic", "type_updated_date": "2023-01-16 01:21:35", "enneagram_vote": "", "enneagram_vote_id": 0, "mbti_vote": "", "mbti_vote_id": 0, "is_watching": false, "image_exists": false, "profile_image_url": "https://static1.personality-database.com/profile_images/825400b19b234b059fc31d7ee787c25e.png", "profile_image_credit": "", "profile_image_credit_id": 0, "profile_image_credit_type": "0", "profile_image_credit_url": "", "alt_subcategory": "", "related_subcategories": "", "cat_id": 13, "category": "Theatre", "category_is_fictional": true, "sub_cat_id": 1823, "subcategory": "Falsettos", "subcat_link_info": {"sub_cat_id": 1823, "cat_id": 13, "property_id": 2, "subcategory": "Falsettos"}, "related_subcat_link_info": null, "related_profiles": [{"id": 14653, "mbti_profile": "Marvin", "subcategory": "Falsettos", "profile_image_url": "https://static1.personality-database.com/profile_images/0f15845dff0546f8822bfe5685bd6b9b.png", "profile_name": "Marvin", "profile_subcat": "Falsettos", "sub_cat_id": 1823, "cat_id": 13, "property_id": 2, "mbti": "INTJ", "enneatype": "1w2"}, {"id": 14654, "mbti_profile": "Whizzer", "subcategory": "Falsettos", "profile_image_url": "https://static1.personality-database.com/profile_images/955adad12cdd42feac5982f2d08f8eef.png", "profile_name": "Whizzer", "profile_subcat": "Falsettos", "sub_cat_id": 1823, "cat_id": 13, "property_id": 2, "mbti": "ESFP", "enneatype": "7w8"}, {"id": 14655, "mbti_profile": "Mendel", "subcategory": "Falsettos", "profile_image_url": "https://static1.personality-database.com/profile_images/b6de87bcb4ca4d199c669a419d67f4dd.png", "profile_name": "Mendel", "profile_subcat": "Falsettos", "sub_cat_id": 1823, "cat_id": 13, "property_id": 2, "mbti": "INTP", "enneatype": "5w6"}, {"id": 17601, "mbti_profile": "Trina", "subcategory": "Falsettos", "profile_image_url": "https://static1.personality-database.com/profile_images/fe404d80ca10448ea7ae955d2bc66ee1.png", "profile_name": "Trina", "profile_subcat": "Falsettos", "sub_cat_id": 1823, "cat_id": 13, "property_id": 2, "mbti": "ISFJ", "enneatype": "2w1"}, {"id": 17602, "mbti_profile": "Cordelia", "subcategory": "Falsettos", "profile_image_url": "https://static1.personality-database.com/profile_images/49594ca60c6c4de6a3a02e26a5da6111.png", "profile_name": "Cordelia", "profile_subcat": "Falsettos", "sub_cat_id": 1823, "cat_id": 13, "property_id": 2, "mbti": "ENFP", "enneatype": "2w3"}, {"id": 387556, "mbti_profile": "Caroline/Diane", "subcategory": "Falsettos", "profile_image_url": "https://static1.personality-database.com/profile_images/a90825e3e9854eacb917079e156a06f5.png", "profile_name": "Caroline/Diane", "profile_subcat": "Falsettos", "sub_cat_id": 1823, "cat_id": 13, "property_id": 2, "mbti": "ISFJ", "enneatype": "6w5"}, {"id": 17603, "mbti_profile": "Charlotte", "subcategory": "Falsettos", "profile_image_url": "https://static1.personality-database.com/profile_images/16e5e5d51ed9416788779d13a5f5438a.png", "profile_name": "Charlotte", "profile_subcat": "Falsettos", "sub_cat_id": 1823, "cat_id": 13, "property_id": 2, "mbti": "ENTJ", "enneatype": "3w2"}], "functions": ["Ti", "Ne", "Si", "Fe"], "systems": [{"hex_color": "#888888", "id": 1, "personality_type": "XXXX", "personality_type_id": 0, "system_name": "Four Letter", "system_vote_count": 41, "user_vote_type_id": 0, "vote_id": 0}, {"hex_color": "#006775", "id": 2, "personality_type": "XXXX", "personality_type_id": 0, "system_name": "Enneagram", "system_vote_count": 28, "user_vote_type_id": 0, "vote_id": 0}, {"hex_color": "#006775", "id": 5, "personality_type": "XXXX", "personality_type_id": 0, "system_name": "Instinctual Variant", "system_vote_count": 7, "user_vote_type_id": 0, "vote_id": 0}, {"hex_color": "#006775", "id": 6, "personality_type": "XXXX", "personality_type_id": 0, "system_name": "Tritype", "system_vote_count": 8, "user_vote_type_id": 0, "vote_id": 0}, {"hex_color": "#888888", "id": 3, "personality_type": "XXXX", "personality_type_id": 0, "system_name": "Socionics", "system_vote_count": 5, "user_vote_type_id": 0, "vote_id": 0}, {"hex_color": "#888888", "id": 9, "personality_type": "XXXX", "personality_type_id": 0, "system_name": "Big 5 (SLOAN)", "system_vote_count": 8, "user_vote_type_id": 0, "vote_id": 0}, {"hex_color": "#888888", "id": 8, "personality_type": "XXXX", "personality_type_id": 0, "system_name": "Attitudinal Psyche", "system_vote_count": 4, "user_vote_type_id": 0, "vote_id": 0}, {"hex_color": "#888888", "id": 7, "personality_type": "XXXX", "personality_type_id": 0, "system_name": "Temperaments", "system_vote_count": 8, "user_vote_type_id": 0, "vote_id": 0}, {"hex_color": "#888888", "id": 11, "personality_type": "XXXX", "personality_type_id": 0, "system_name": "Classic Jungian", "system_vote_count": 1, "user_vote_type_id": 0, "vote_id": 0}], "breakdown_systems": {"1": [{"myValue": "INTP", "personality_system_id": 1, "personality_type": "INTP", "theCount": 21}, {"myValue": "INTJ", "personality_system_id": 1, "personality_type": "INTJ", "theCount": 20}], "11": [{"myValue": "IT(N)", "personality_system_id": 11, "personality_type": "IT(N)", "theCount": 1}], "2": [{"myValue": "5w4", "personality_system_id": 2, "personality_type": "5w4", "theCount": 26}, {"myValue": "4w5", "personality_system_id": 2, "personality_type": "4w5", "theCount": 1}, {"myValue": "6w5", "personality_system_id": 2, "personality_type": "6w5", "theCount": 1}], "3": [{"myValue": "LII", "personality_system_id": 3, "personality_type": "LII", "theCount": 4}, {"myValue": "ILI", "personality_system_id": 3, "personality_type": "ILI", "theCount": 1}], "4": [{"myValue": "Chaotic Good", "personality_system_id": 4, "personality_type": "Chaotic Good", "theCount": 1}], "5": [{"myValue": "so/sp", "personality_system_id": 5, "personality_type": "so/sp", "theCount": 4}, {"myValue": "sp/so", "personality_system_id": 5, "personality_type": "sp/so", "theCount": 2}, {"myValue": "sp/sx", "personality_system_id": 5, "personality_type": "sp/sx", "theCount": 1}], "6": [{"myValue": "549", "personality_system_id": 6, "personality_type": "549", "theCount": 5}, {"myValue": "594", "personality_system_id": 6, "personality_type": "594", "theCount": 2}, {"myValue": "539", "personality_system_id": 6, "personality_type": "539", "theCount": 1}], "7": [{"myValue": "Sanguine-Melancholic", "personality_system_id": 7, "personality_type": "Sanguine-Melancholic", "theCount": 4}, {"myValue": "Melancholic [Dominant]", "personality_system_id": 7, "personality_type": "Melancholic [Dominant]", "theCount": 2}, {"myValue": "Choleric-Melancholic", "personality_system_id": 7, "personality_type": "Choleric-Melancholic", "theCount": 1}, {"myValue": "Melancholic-Phlegmatic", "personality_system_id": 7, "personality_type": "Melancholic-Phlegmatic", "theCount": 1}], "8": [{"myValue": "LFEV", "personality_system_id": 8, "personality_type": "LFEV", "theCount": 1}, {"myValue": "LFVE", "personality_system_id": 8, "personality_type": "LFVE", "theCount": 1}, {"myValue": "LVEF", "personality_system_id": 8, "personality_type": "LVEF", "theCount": 1}, {"myValue": "LVFE", "personality_system_id": 8, "personality_type": "LVFE", "theCount": 1}], "9": [{"myValue": "RLOEI", "personality_system_id": 9, "personality_type": "RLOEI", "theCount": 4}, {"myValue": "RLOEN", "personality_system_id": 9, "personality_type": "RLOEN", "theCount": 3}, {"myValue": "RCOEI", "personality_system_id": 9, "personality_type": "RCOEI", "theCount": 1}]}, "breakdown_config": {"expand": {"1": 3, "11": 1, "2": 3, "3": 1, "4": 1, "5": 1, "6": 1, "7": 1, "8": 1, "9": 1}, "fire": {"1": 1, "11": 0, "2": 0, "3": 0, "4": 0, "5": 0, "6": 0, "7": 0, "8": 0, "9": 0}}, "mbti_letter_stats": [{"type": "I", "percentage": "100%", "PercentageFloat": 1}, {"type": "N", "percentage": "100%", "PercentageFloat": 1}, {"type": "T", "percentage": "100%", "PercentageFloat": 1}, {"type": "P", "percentage": "51%", "PercentageFloat": 0.5121951219512195}], "topic_info": {"can_generate": false, "topic": {"description": "", "follow_count": 0, "id": 13503, "is_following": false, "is_join_pending": false, "is_banned": false, "is_moderated": false, "name_readable": "Jason", "post_count": 0, "source_profile_id": 14656, "source_type": "profile", "join_to_post": false, "can_pin": false, "related_topics": [{"description": "", "follow_count": 0, "id": 13500, "is_following": false, "is_join_pending": false, "is_banned": false, "is_moderated": false, "name_readable": "Marvin", "post_count": 1, "source_profile_id": 14653, "source_type": "profile", "image": {"picURL": "https://static1.personality-database.com/profile_images/0f15845dff0546f8822bfe5685bd6b9b.png"}, "join_to_post": false, "can_pin": false}, {"description": "", "follow_count": 0, "id": 13501, "is_following": false, "is_join_pending": false, "is_banned": false, "is_moderated": false, "name_readable": "Whizzer", "post_count": 1, "source_profile_id": 14654, "source_type": "profile", "image": {"picURL": "https://static1.personality-database.com/profile_images/955adad12cdd42feac5982f2d08f8eef.png"}, "join_to_post": false, "can_pin": false}, {"description": "", "follow_count": 0, "id": 13502, "is_following": false, "is_join_pending": false, "is_banned": false, "is_moderated": false, "name_readable": "Mendel", "post_count": 0, "source_profile_id": 14655, "source_type": "profile", "image": {"picURL": "https://static1.personality-database.com/profile_images/b6de87bcb4ca4d199c669a419d67f4dd.png"}, "join_to_post": false, "can_pin": false}, {"description": "", "follow_count": 0, "id": 13503, "is_following": false, "is_join_pending": false, "is_banned": false, "is_moderated": false, "name_readable": "Jason", "post_count": 0, "source_profile_id": 14656, "source_type": "profile", "image": {"picURL": "https://static1.personality-database.com/profile_images/825400b19b234b059fc31d7ee787c25e.png"}, "join_to_post": false, "can_pin": false}, {"description": "", "follow_count": 0, "id": 16176, "is_following": false, "is_join_pending": false, "is_banned": false, "is_moderated": false, "name_readable": "Trina", "post_count": 0, "source_profile_id": 17601, "source_type": "profile", "image": {"picURL": "https://static1.personality-database.com/profile_images/fe404d80ca10448ea7ae955d2bc66ee1.png"}, "join_to_post": false, "can_pin": false}, {"description": "", "follow_count": 0, "id": 16177, "is_following": false, "is_join_pending": false, "is_banned": false, "is_moderated": false, "name_readable": "Cordelia", "post_count": 0, "source_profile_id": 17602, "source_type": "profile", "image": {"picURL": "https://static1.personality-database.com/profile_images/49594ca60c6c4de6a3a02e26a5da6111.png"}, "join_to_post": false, "can_pin": false}, {"description": "", "follow_count": 0, "id": 16178, "is_following": false, "is_join_pending": false, "is_banned": false, "is_moderated": false, "name_readable": "Charlotte", "post_count": 0, "source_profile_id": 17603, "source_type": "profile", "image": {"picURL": "https://static1.personality-database.com/profile_images/16e5e5d51ed9416788779d13a5f5438a.png"}, "join_to_post": false, "can_pin": false}, {"description": "", "follow_count": 0, "id": 298155, "is_following": false, "is_join_pending": false, "is_banned": false, "is_moderated": false, "name_readable": "Caroline/Diane", "post_count": 0, "source_profile_id": 387556, "source_type": "profile", "image": {"picURL": "https://static1.personality-database.com/profile_images/a90825e3e9854eacb917079e156a06f5.png"}, "join_to_post": false, "can_pin": false}], "subcategory": "Falsettos", "topic_image_url": "https://static1.personality-database.com/profile_images/825400b19b234b059fc31d7ee787c25e.png", "source_location": {"cid": 13, "pid": 2, "sub_cat_id": 1823}, "can_post_image": false, "can_post_audio": false, "posts": {"posts": []}}}}