{"id": 14655, "mbti_profile": "Mendel", "profile_name_searchable": "mendel", "allow_commenting": true, "allow_voting": true, "user_id": 5829, "contributor": "\u2661Mayu\u2661", "contributor_create_date": "2018-08-02 18:59:08", "contributor_pic_path": "https://lh3.googleusercontent.com/a-/AOh14Gj7yu7gl_jtKUr2xhY9JJRDYVFavo8A-LxoIhGIQg=s96-c", "display_order": 990, "edit_lock": 0, "edit_lock_picture": 0, "is_active": true, "is_approved": true, "mbti_enneagram_type": "INTP 5w6", "mbti_type": "INTP 5w6", "pdb_comment_access": true, "pdb_page_owner": 0, "pdb_public_access": true, "wiki_description": "", "watch_count": 36, "comment_count": 9, "vote_count": 50, "vote_count_enneagram": 27, "vote_count_mbti": 50, "total_vote_counts": 110, "personality_type": "INTP - 5w6 - sx/sp - 592 - LII - RLOEI - LEVF - Sanguine-Melancholic", "type_updated_date": "2021-05-28 16:31:10", "enneagram_vote": "", "enneagram_vote_id": 0, "mbti_vote": "", "mbti_vote_id": 0, "is_watching": false, "image_exists": false, "profile_image_url": "https://static1.personality-database.com/profile_images/b6de87bcb4ca4d199c669a419d67f4dd.png", "profile_image_credit": "", "profile_image_credit_id": 0, "profile_image_credit_type": "0", "profile_image_credit_url": "", "alt_subcategory": "", "related_subcategories": "", "cat_id": 13, "category": "Theatre", "category_is_fictional": true, "sub_cat_id": 1823, "subcategory": "Falsettos", "subcat_link_info": {"sub_cat_id": 1823, "cat_id": 13, "property_id": 2, "subcategory": "Falsettos"}, "related_subcat_link_info": null, "related_profiles": [{"id": 14653, "mbti_profile": "Marvin", "subcategory": "Falsettos", "profile_image_url": "https://static1.personality-database.com/profile_images/0f15845dff0546f8822bfe5685bd6b9b.png", "profile_name": "Marvin", "profile_subcat": "Falsettos", "sub_cat_id": 1823, "cat_id": 13, "property_id": 2, "mbti": "INTJ", "enneatype": "1w2"}, {"id": 14654, "mbti_profile": "Whizzer", "subcategory": "Falsettos", "profile_image_url": "https://static1.personality-database.com/profile_images/955adad12cdd42feac5982f2d08f8eef.png", "profile_name": "Whizzer", "profile_subcat": "Falsettos", "sub_cat_id": 1823, "cat_id": 13, "property_id": 2, "mbti": "ESFP", "enneatype": "7w8"}, {"id": 14656, "mbti_profile": "Jason", "subcategory": "Falsettos", "profile_image_url": "https://static1.personality-database.com/profile_images/825400b19b234b059fc31d7ee787c25e.png", "profile_name": "Jason", "profile_subcat": "Falsettos", "sub_cat_id": 1823, "cat_id": 13, "property_id": 2, "mbti": "INTP", "enneatype": "5w4"}, {"id": 17601, "mbti_profile": "Trina", "subcategory": "Falsettos", "profile_image_url": "https://static1.personality-database.com/profile_images/fe404d80ca10448ea7ae955d2bc66ee1.png", "profile_name": "Trina", "profile_subcat": "Falsettos", "sub_cat_id": 1823, "cat_id": 13, "property_id": 2, "mbti": "ISFJ", "enneatype": "2w1"}, {"id": 17602, "mbti_profile": "Cordelia", "subcategory": "Falsettos", "profile_image_url": "https://static1.personality-database.com/profile_images/49594ca60c6c4de6a3a02e26a5da6111.png", "profile_name": "Cordelia", "profile_subcat": "Falsettos", "sub_cat_id": 1823, "cat_id": 13, "property_id": 2, "mbti": "ENFP", "enneatype": "2w3"}, {"id": 387556, "mbti_profile": "Caroline/Diane", "subcategory": "Falsettos", "profile_image_url": "https://static1.personality-database.com/profile_images/a90825e3e9854eacb917079e156a06f5.png", "profile_name": "Caroline/Diane", "profile_subcat": "Falsettos", "sub_cat_id": 1823, "cat_id": 13, "property_id": 2, "mbti": "ISFJ", "enneatype": "6w5"}, {"id": 17603, "mbti_profile": "Charlotte", "subcategory": "Falsettos", "profile_image_url": "https://static1.personality-database.com/profile_images/16e5e5d51ed9416788779d13a5f5438a.png", "profile_name": "Charlotte", "profile_subcat": "Falsettos", "sub_cat_id": 1823, "cat_id": 13, "property_id": 2, "mbti": "ENTJ", "enneatype": "3w2"}], "functions": ["Ti", "Ne", "Si", "Fe"], "systems": [{"hex_color": "#888888", "id": 1, "personality_type": "XXXX", "personality_type_id": 0, "system_name": "Four Letter", "system_vote_count": 49, "user_vote_type_id": 0, "vote_id": 0}, {"hex_color": "#006775", "id": 2, "personality_type": "XXXX", "personality_type_id": 0, "system_name": "Enneagram", "system_vote_count": 26, "user_vote_type_id": 0, "vote_id": 0}, {"hex_color": "#006775", "id": 5, "personality_type": "XXXX", "personality_type_id": 0, "system_name": "Instinctual Variant", "system_vote_count": 11, "user_vote_type_id": 0, "vote_id": 0}, {"hex_color": "#006775", "id": 6, "personality_type": "XXXX", "personality_type_id": 0, "system_name": "Tritype", "system_vote_count": 9, "user_vote_type_id": 0, "vote_id": 0}, {"hex_color": "#888888", "id": 3, "personality_type": "XXXX", "personality_type_id": 0, "system_name": "Socionics", "system_vote_count": 4, "user_vote_type_id": 0, "vote_id": 0}, {"hex_color": "#888888", "id": 9, "personality_type": "XXXX", "personality_type_id": 0, "system_name": "Big 5 (SLOAN)", "system_vote_count": 4, "user_vote_type_id": 0, "vote_id": 0}, {"hex_color": "#888888", "id": 8, "personality_type": "XXXX", "personality_type_id": 0, "system_name": "Attitudinal Psyche", "system_vote_count": 1, "user_vote_type_id": 0, "vote_id": 0}, {"hex_color": "#888888", "id": 7, "personality_type": "XXXX", "personality_type_id": 0, "system_name": "Temperaments", "system_vote_count": 4, "user_vote_type_id": 0, "vote_id": 0}, {"hex_color": "#888888", "id": 11, "personality_type": "XXXX", "personality_type_id": 0, "system_name": "Classic Jungian", "system_vote_count": 1, "user_vote_type_id": 0, "vote_id": 0}], "breakdown_systems": {"1": [{"myValue": "INTP", "personality_system_id": 1, "personality_type": "INTP", "theCount": 38}, {"myValue": "INFP", "personality_system_id": 1, "personality_type": "INFP", "theCount": 9}, {"myValue": "ENFP", "personality_system_id": 1, "personality_type": "ENFP", "theCount": 2}], "11": [{"myValue": "IT(N)", "personality_system_id": 11, "personality_type": "IT(N)", "theCount": 1}], "2": [{"myValue": "5w6", "personality_system_id": 2, "personality_type": "5w6", "theCount": 22}, {"myValue": "6w5", "personality_system_id": 2, "personality_type": "6w5", "theCount": 4}], "3": [{"myValue": "LII", "personality_system_id": 3, "personality_type": "LII", "theCount": 4}], "4": [{"myValue": "Neutral Good", "personality_system_id": 4, "personality_type": "Neutral Good", "theCount": 1}], "5": [{"myValue": "sx/sp", "personality_system_id": 5, "personality_type": "sx/sp", "theCount": 5}, {"myValue": "sp/so", "personality_system_id": 5, "personality_type": "sp/so", "theCount": 4}, {"myValue": "sx/so", "personality_system_id": 5, "personality_type": "sx/so", "theCount": 2}], "6": [{"myValue": "592", "personality_system_id": 6, "personality_type": "592", "theCount": 6}, {"myValue": "692", "personality_system_id": 6, "personality_type": "692", "theCount": 3}], "7": [{"myValue": "Sanguine-Melancholic", "personality_system_id": 7, "personality_type": "Sanguine-Melancholic", "theCount": 4}], "8": [{"myValue": "LEVF", "personality_system_id": 8, "personality_type": "LEVF", "theCount": 1}], "9": [{"myValue": "RLOEI", "personality_system_id": 9, "personality_type": "RLOEI", "theCount": 2}, {"myValue": "RCUAI", "personality_system_id": 9, "personality_type": "RCUAI", "theCount": 1}, {"myValue": "RLUEI", "personality_system_id": 9, "personality_type": "RLUEI", "theCount": 1}]}, "breakdown_config": {"expand": {"1": 3, "11": 1, "2": 3, "3": 1, "4": 1, "5": 1, "6": 1, "7": 1, "8": 1, "9": 1}, "fire": {"1": 0, "11": 0, "2": 0, "3": 0, "4": 0, "5": 0, "6": 0, "7": 0, "8": 0, "9": 0}}, "mbti_letter_stats": [{"type": "I", "percentage": "96%", "PercentageFloat": 0.9591836734693877}, {"type": "N", "percentage": "100%", "PercentageFloat": 1}, {"type": "T", "percentage": "78%", "PercentageFloat": 0.7755102040816326}, {"type": "P", "percentage": "100%", "PercentageFloat": 1}], "topic_info": {"can_generate": false, "topic": {"description": "", "follow_count": 0, "id": 13502, "is_following": false, "is_join_pending": false, "is_banned": false, "is_moderated": false, "name_readable": "Mendel", "post_count": 0, "source_profile_id": 14655, "source_type": "profile", "join_to_post": false, "can_pin": false, "related_topics": [{"description": "", "follow_count": 0, "id": 13500, "is_following": false, "is_join_pending": false, "is_banned": false, "is_moderated": false, "name_readable": "Marvin", "post_count": 1, "source_profile_id": 14653, "source_type": "profile", "image": {"picURL": "https://static1.personality-database.com/profile_images/0f15845dff0546f8822bfe5685bd6b9b.png"}, "join_to_post": false, "can_pin": false}, {"description": "", "follow_count": 0, "id": 13501, "is_following": false, "is_join_pending": false, "is_banned": false, "is_moderated": false, "name_readable": "Whizzer", "post_count": 1, "source_profile_id": 14654, "source_type": "profile", "image": {"picURL": "https://static1.personality-database.com/profile_images/955adad12cdd42feac5982f2d08f8eef.png"}, "join_to_post": false, "can_pin": false}, {"description": "", "follow_count": 0, "id": 13502, "is_following": false, "is_join_pending": false, "is_banned": false, "is_moderated": false, "name_readable": "Mendel", "post_count": 0, "source_profile_id": 14655, "source_type": "profile", "image": {"picURL": "https://static1.personality-database.com/profile_images/b6de87bcb4ca4d199c669a419d67f4dd.png"}, "join_to_post": false, "can_pin": false}, {"description": "", "follow_count": 0, "id": 13503, "is_following": false, "is_join_pending": false, "is_banned": false, "is_moderated": false, "name_readable": "Jason", "post_count": 0, "source_profile_id": 14656, "source_type": "profile", "image": {"picURL": "https://static1.personality-database.com/profile_images/825400b19b234b059fc31d7ee787c25e.png"}, "join_to_post": false, "can_pin": false}, {"description": "", "follow_count": 0, "id": 16176, "is_following": false, "is_join_pending": false, "is_banned": false, "is_moderated": false, "name_readable": "Trina", "post_count": 0, "source_profile_id": 17601, "source_type": "profile", "image": {"picURL": "https://static1.personality-database.com/profile_images/fe404d80ca10448ea7ae955d2bc66ee1.png"}, "join_to_post": false, "can_pin": false}, {"description": "", "follow_count": 0, "id": 16177, "is_following": false, "is_join_pending": false, "is_banned": false, "is_moderated": false, "name_readable": "Cordelia", "post_count": 0, "source_profile_id": 17602, "source_type": "profile", "image": {"picURL": "https://static1.personality-database.com/profile_images/49594ca60c6c4de6a3a02e26a5da6111.png"}, "join_to_post": false, "can_pin": false}, {"description": "", "follow_count": 0, "id": 16178, "is_following": false, "is_join_pending": false, "is_banned": false, "is_moderated": false, "name_readable": "Charlotte", "post_count": 0, "source_profile_id": 17603, "source_type": "profile", "image": {"picURL": "https://static1.personality-database.com/profile_images/16e5e5d51ed9416788779d13a5f5438a.png"}, "join_to_post": false, "can_pin": false}, {"description": "", "follow_count": 0, "id": 298155, "is_following": false, "is_join_pending": false, "is_banned": false, "is_moderated": false, "name_readable": "Caroline/Diane", "post_count": 0, "source_profile_id": 387556, "source_type": "profile", "image": {"picURL": "https://static1.personality-database.com/profile_images/a90825e3e9854eacb917079e156a06f5.png"}, "join_to_post": false, "can_pin": false}], "subcategory": "Falsettos", "topic_image_url": "https://static1.personality-database.com/profile_images/b6de87bcb4ca4d199c669a419d67f4dd.png", "source_location": {"cid": 13, "pid": 2, "sub_cat_id": 1823}, "can_post_image": false, "can_post_audio": false, "posts": {"posts": []}}}}