{"id": 14654, "mbti_profile": "Whizzer", "profile_name_searchable": "whizzer", "allow_commenting": true, "allow_voting": true, "user_id": 5829, "contributor": "\u2661Mayu\u2661", "contributor_create_date": "2018-08-02 18:59:08", "contributor_pic_path": "https://lh3.googleusercontent.com/a-/AOh14Gj7yu7gl_jtKUr2xhY9JJRDYVFavo8A-LxoIhGIQg=s96-c", "display_order": 995, "edit_lock": 0, "edit_lock_picture": 0, "is_active": true, "is_approved": true, "mbti_enneagram_type": "ESFP 7w8", "mbti_type": "ESFP 7w8", "pdb_comment_access": true, "pdb_page_owner": 0, "pdb_public_access": true, "wiki_description": "", "watch_count": 37, "comment_count": 9, "vote_count": 62, "vote_count_enneagram": 29, "vote_count_mbti": 62, "total_vote_counts": 138, "personality_type": "ESFP - 7w8 - sx/so - 783 - SEE - SLUEN - FEVL - Sanguine-Choleric", "type_updated_date": "2021-05-28 16:33:12", "enneagram_vote": "", "enneagram_vote_id": 0, "mbti_vote": "", "mbti_vote_id": 0, "is_watching": false, "image_exists": false, "profile_image_url": "https://static1.personality-database.com/profile_images/955adad12cdd42feac5982f2d08f8eef.png", "profile_image_credit": "", "profile_image_credit_id": 30768, "profile_image_credit_type": "0", "profile_image_credit_url": "", "alt_subcategory": "", "related_subcategories": "", "cat_id": 13, "category": "Theatre", "category_is_fictional": true, "sub_cat_id": 1823, "subcategory": "Falsettos", "subcat_link_info": {"sub_cat_id": 1823, "cat_id": 13, "property_id": 2, "subcategory": "Falsettos"}, "related_subcat_link_info": null, "related_profiles": [{"id": 14653, "mbti_profile": "Marvin", "subcategory": "Falsettos", "profile_image_url": "https://static1.personality-database.com/profile_images/0f15845dff0546f8822bfe5685bd6b9b.png", "profile_name": "Marvin", "profile_subcat": "Falsettos", "sub_cat_id": 1823, "cat_id": 13, "property_id": 2, "mbti": "INTJ", "enneatype": "1w2"}, {"id": 14655, "mbti_profile": "Mendel", "subcategory": "Falsettos", "profile_image_url": "https://static1.personality-database.com/profile_images/b6de87bcb4ca4d199c669a419d67f4dd.png", "profile_name": "Mendel", "profile_subcat": "Falsettos", "sub_cat_id": 1823, "cat_id": 13, "property_id": 2, "mbti": "INTP", "enneatype": "5w6"}, {"id": 14656, "mbti_profile": "Jason", "subcategory": "Falsettos", "profile_image_url": "https://static1.personality-database.com/profile_images/825400b19b234b059fc31d7ee787c25e.png", "profile_name": "Jason", "profile_subcat": "Falsettos", "sub_cat_id": 1823, "cat_id": 13, "property_id": 2, "mbti": "INTP", "enneatype": "5w4"}, {"id": 17601, "mbti_profile": "Trina", "subcategory": "Falsettos", "profile_image_url": "https://static1.personality-database.com/profile_images/fe404d80ca10448ea7ae955d2bc66ee1.png", "profile_name": "Trina", "profile_subcat": "Falsettos", "sub_cat_id": 1823, "cat_id": 13, "property_id": 2, "mbti": "ISFJ", "enneatype": "2w1"}, {"id": 17602, "mbti_profile": "Cordelia", "subcategory": "Falsettos", "profile_image_url": "https://static1.personality-database.com/profile_images/49594ca60c6c4de6a3a02e26a5da6111.png", "profile_name": "Cordelia", "profile_subcat": "Falsettos", "sub_cat_id": 1823, "cat_id": 13, "property_id": 2, "mbti": "ENFP", "enneatype": "2w3"}, {"id": 387556, "mbti_profile": "Caroline/Diane", "subcategory": "Falsettos", "profile_image_url": "https://static1.personality-database.com/profile_images/a90825e3e9854eacb917079e156a06f5.png", "profile_name": "Caroline/Diane", "profile_subcat": "Falsettos", "sub_cat_id": 1823, "cat_id": 13, "property_id": 2, "mbti": "ISFJ", "enneatype": "6w5"}, {"id": 17603, "mbti_profile": "Charlotte", "subcategory": "Falsettos", "profile_image_url": "https://static1.personality-database.com/profile_images/16e5e5d51ed9416788779d13a5f5438a.png", "profile_name": "Charlotte", "profile_subcat": "Falsettos", "sub_cat_id": 1823, "cat_id": 13, "property_id": 2, "mbti": "ENTJ", "enneatype": "3w2"}], "functions": ["Se", "Fi", "Te", "Ni"], "systems": [{"hex_color": "#888888", "id": 1, "personality_type": "XXXX", "personality_type_id": 0, "system_name": "Four Letter", "system_vote_count": 60, "user_vote_type_id": 0, "vote_id": 0}, {"hex_color": "#006775", "id": 2, "personality_type": "XXXX", "personality_type_id": 0, "system_name": "Enneagram", "system_vote_count": 26, "user_vote_type_id": 0, "vote_id": 0}, {"hex_color": "#006775", "id": 5, "personality_type": "XXXX", "personality_type_id": 0, "system_name": "Instinctual Variant", "system_vote_count": 11, "user_vote_type_id": 0, "vote_id": 0}, {"hex_color": "#006775", "id": 6, "personality_type": "XXXX", "personality_type_id": 0, "system_name": "Tritype", "system_vote_count": 13, "user_vote_type_id": 0, "vote_id": 0}, {"hex_color": "#888888", "id": 3, "personality_type": "XXXX", "personality_type_id": 0, "system_name": "Socionics", "system_vote_count": 5, "user_vote_type_id": 0, "vote_id": 0}, {"hex_color": "#888888", "id": 9, "personality_type": "XXXX", "personality_type_id": 0, "system_name": "Big 5 (SLOAN)", "system_vote_count": 6, "user_vote_type_id": 0, "vote_id": 0}, {"hex_color": "#888888", "id": 8, "personality_type": "XXXX", "personality_type_id": 0, "system_name": "Attitudinal Psyche", "system_vote_count": 3, "user_vote_type_id": 0, "vote_id": 0}, {"hex_color": "#888888", "id": 7, "personality_type": "XXXX", "personality_type_id": 0, "system_name": "Temperaments", "system_vote_count": 9, "user_vote_type_id": 0, "vote_id": 0}, {"hex_color": "#888888", "id": 11, "personality_type": "XXXX", "personality_type_id": 0, "system_name": "Classic Jungian", "system_vote_count": 1, "user_vote_type_id": 0, "vote_id": 0}], "breakdown_systems": {"1": [{"myValue": "ESFP", "personality_system_id": 1, "personality_type": "ESFP", "theCount": 49}, {"myValue": "ENFP", "personality_system_id": 1, "personality_type": "ENFP", "theCount": 4}, {"myValue": "ESTP", "personality_system_id": 1, "personality_type": "ESTP", "theCount": 3}, {"myValue": "ENTP", "personality_system_id": 1, "personality_type": "ENTP", "theCount": 2}, {"myValue": "ESFJ", "personality_system_id": 1, "personality_type": "ESFJ", "theCount": 1}, {"myValue": "INTJ", "personality_system_id": 1, "personality_type": "INTJ", "theCount": 1}], "11": [{"myValue": "ES(F)", "personality_system_id": 11, "personality_type": "ES(F)", "theCount": 1}], "2": [{"myValue": "7w8", "personality_system_id": 2, "personality_type": "7w8", "theCount": 24}, {"myValue": "2w3", "personality_system_id": 2, "personality_type": "2w3", "theCount": 1}, {"myValue": "8w7", "personality_system_id": 2, "personality_type": "8w7", "theCount": 1}], "3": [{"myValue": "SEE", "personality_system_id": 3, "personality_type": "SEE", "theCount": 5}], "4": [{"myValue": "True Neutral", "personality_system_id": 4, "personality_type": "True Neutral", "theCount": 3}, {"myValue": "Chaotic Neutral", "personality_system_id": 4, "personality_type": "Chaotic Neutral", "theCount": 1}], "5": [{"myValue": "sx/so", "personality_system_id": 5, "personality_type": "sx/so", "theCount": 6}, {"myValue": "sp/sx", "personality_system_id": 5, "personality_type": "sp/sx", "theCount": 3}, {"myValue": "so/sx", "personality_system_id": 5, "personality_type": "so/sx", "theCount": 1}, {"myValue": "sx/sp", "personality_system_id": 5, "personality_type": "sx/sp", "theCount": 1}], "6": [{"myValue": "783", "personality_system_id": 6, "personality_type": "783", "theCount": 9}, {"myValue": "782", "personality_system_id": 6, "personality_type": "782", "theCount": 2}, {"myValue": "728", "personality_system_id": 6, "personality_type": "728", "theCount": 1}, {"myValue": "873", "personality_system_id": 6, "personality_type": "873", "theCount": 1}], "7": [{"myValue": "Sanguine-Choleric", "personality_system_id": 7, "personality_type": "Sanguine-Choleric", "theCount": 7}, {"myValue": "Choleric-Melancholic", "personality_system_id": 7, "personality_type": "Choleric-Melancholic", "theCount": 1}, {"myValue": "Sanguine [Dominant]", "personality_system_id": 7, "personality_type": "Sanguine [Dominant]", "theCount": 1}], "8": [{"myValue": "FEVL", "personality_system_id": 8, "personality_type": "FEVL", "theCount": 1}, {"myValue": "FVLE", "personality_system_id": 8, "personality_type": "FVLE", "theCount": 1}, {"myValue": "VFEL", "personality_system_id": 8, "personality_type": "VFEL", "theCount": 1}], "9": [{"myValue": "SLUEN", "personality_system_id": 9, "personality_type": "SLUEN", "theCount": 3}, {"myValue": "SLOEN", "personality_system_id": 9, "personality_type": "SLOEN", "theCount": 2}, {"myValue": "SLUAI", "personality_system_id": 9, "personality_type": "SLUAI", "theCount": 1}]}, "breakdown_config": {"expand": {"1": 3, "11": 1, "2": 3, "3": 1, "4": 1, "5": 1, "6": 1, "7": 1, "8": 1, "9": 1}, "fire": {"1": 0, "11": 0, "2": 0, "3": 0, "4": 0, "5": 0, "6": 0, "7": 0, "8": 0, "9": 0}}, "mbti_letter_stats": [{"type": "E", "percentage": "98%", "PercentageFloat": 0.9833333333333333}, {"type": "S", "percentage": "88%", "PercentageFloat": 0.8833333333333333}, {"type": "F", "percentage": "90%", "PercentageFloat": 0.9}, {"type": "P", "percentage": "97%", "PercentageFloat": 0.9666666666666667}], "topic_info": {"can_generate": false, "topic": {"description": "", "follow_count": 0, "id": 13501, "is_following": false, "is_join_pending": false, "is_banned": false, "is_moderated": false, "name_readable": "Whizzer", "post_count": 1, "source_profile_id": 14654, "source_type": "profile", "join_to_post": false, "can_pin": false, "related_topics": [{"description": "", "follow_count": 0, "id": 13500, "is_following": false, "is_join_pending": false, "is_banned": false, "is_moderated": false, "name_readable": "Marvin", "post_count": 1, "source_profile_id": 14653, "source_type": "profile", "image": {"picURL": "https://static1.personality-database.com/profile_images/0f15845dff0546f8822bfe5685bd6b9b.png"}, "join_to_post": false, "can_pin": false}, {"description": "", "follow_count": 0, "id": 13501, "is_following": false, "is_join_pending": false, "is_banned": false, "is_moderated": false, "name_readable": "Whizzer", "post_count": 1, "source_profile_id": 14654, "source_type": "profile", "image": {"picURL": "https://static1.personality-database.com/profile_images/955adad12cdd42feac5982f2d08f8eef.png"}, "join_to_post": false, "can_pin": false}, {"description": "", "follow_count": 0, "id": 13502, "is_following": false, "is_join_pending": false, "is_banned": false, "is_moderated": false, "name_readable": "Mendel", "post_count": 0, "source_profile_id": 14655, "source_type": "profile", "image": {"picURL": "https://static1.personality-database.com/profile_images/b6de87bcb4ca4d199c669a419d67f4dd.png"}, "join_to_post": false, "can_pin": false}, {"description": "", "follow_count": 0, "id": 13503, "is_following": false, "is_join_pending": false, "is_banned": false, "is_moderated": false, "name_readable": "Jason", "post_count": 0, "source_profile_id": 14656, "source_type": "profile", "image": {"picURL": "https://static1.personality-database.com/profile_images/825400b19b234b059fc31d7ee787c25e.png"}, "join_to_post": false, "can_pin": false}, {"description": "", "follow_count": 0, "id": 16176, "is_following": false, "is_join_pending": false, "is_banned": false, "is_moderated": false, "name_readable": "Trina", "post_count": 0, "source_profile_id": 17601, "source_type": "profile", "image": {"picURL": "https://static1.personality-database.com/profile_images/fe404d80ca10448ea7ae955d2bc66ee1.png"}, "join_to_post": false, "can_pin": false}, {"description": "", "follow_count": 0, "id": 16178, "is_following": false, "is_join_pending": false, "is_banned": false, "is_moderated": false, "name_readable": "Charlotte", "post_count": 0, "source_profile_id": 17603, "source_type": "profile", "image": {"picURL": "https://static1.personality-database.com/profile_images/16e5e5d51ed9416788779d13a5f5438a.png"}, "join_to_post": false, "can_pin": false}, {"description": "", "follow_count": 0, "id": 16177, "is_following": false, "is_join_pending": false, "is_banned": false, "is_moderated": false, "name_readable": "Cordelia", "post_count": 0, "source_profile_id": 17602, "source_type": "profile", "image": {"picURL": "https://static1.personality-database.com/profile_images/49594ca60c6c4de6a3a02e26a5da6111.png"}, "join_to_post": false, "can_pin": false}, {"description": "", "follow_count": 0, "id": 298155, "is_following": false, "is_join_pending": false, "is_banned": false, "is_moderated": false, "name_readable": "Caroline/Diane", "post_count": 0, "source_profile_id": 387556, "source_type": "profile", "image": {"picURL": "https://static1.personality-database.com/profile_images/a90825e3e9854eacb917079e156a06f5.png"}, "join_to_post": false, "can_pin": false}], "subcategory": "Falsettos", "topic_image_url": "https://static1.personality-database.com/profile_images/955adad12cdd42feac5982f2d08f8eef.png", "source_location": {"cid": 13, "pid": 2, "sub_cat_id": 1823}, "can_post_image": false, "can_post_audio": false, "posts": {"posts": [{"username": "euryderia", "user_pic_path": "https://static1.personality-database.com/user_avatars/274397/edc0f27e-0027-4aa6-8ab2-248d041ccf37.jpeg", "user_personality_type": "ENTJ-8w7-836", "is_mod": false, "comment_count": 0, "reply_count": 0, "vote_type": 0, "topics_list": [{"id": 13501, "name_readable": "Whizzer"}], "id": 1835807, "post_id": 1835807, "user_id": 274397, "title": "", "content": "easily the most superior character imo", "create_date": 1669775942000, "unix_timestamp": 1669775942000, "update_date": 1669775942000, "vote_count": 1, "vote_count_down": 0, "is_reported": 0, "is_hidden": false, "is_pinned": false, "is_watching": false, "is_pro_user": false, "images": null, "audios": null, "function_list": [], "type": "post"}]}}}}