{"id": 14855, "mbti_profile": "Karen Smith", "profile_name_searchable": "karensmith", "allow_commenting": true, "allow_voting": true, "user_id": 5034, "contributor": "Pixie Corpse", "contributor_create_date": "2018-08-08 04:44:03", "contributor_pic_path": "https://lh3.googleusercontent.com/a-/AOh14GhP11oLePJpse_uE9Avam1p-5603jw0OakH4qPw=s96-c", "display_order": 995, "edit_lock": 0, "edit_lock_picture": 0, "is_active": true, "is_approved": true, "mbti_enneagram_type": "ENFP 7w6", "mbti_type": "ENFP 7w6", "pdb_comment_access": true, "pdb_page_owner": 0, "pdb_public_access": true, "wiki_description": "", "watch_count": 45, "comment_count": 8, "vote_count": 72, "vote_count_enneagram": 20, "vote_count_mbti": 72, "total_vote_counts": 119, "personality_type": "ENFP - 7w6 - sx/so - 792 - IEE - SCUAI - EFLV - Sanguine [Dominant]", "type_updated_date": "2021-05-29 23:48:38", "enneagram_vote": "", "enneagram_vote_id": 0, "mbti_vote": "", "mbti_vote_id": 0, "is_watching": false, "image_exists": false, "profile_image_url": "https://static1.personality-database.com/profile_images/926358d3ee8c41e6b40b22435e5dcbc9.png", "profile_image_credit": "", "profile_image_credit_id": 57066, "profile_image_credit_type": "0", "profile_image_credit_url": "", "alt_subcategory": "", "related_subcategories": "", "cat_id": 13, "category": "Theatre", "category_is_fictional": true, "sub_cat_id": 1842, "subcategory": "Mean Girls", "subcat_link_info": {"sub_cat_id": 1842, "cat_id": 13, "property_id": 2, "subcategory": "Mean Girls"}, "related_subcat_link_info": null, "related_profiles": [{"id": 14860, "mbti_profile": "Janis Sarkisian", "subcategory": "Mean Girls", "profile_image_url": "https://static1.personality-database.com/profile_images/45186c37c2d24f67999c1e91ae0aeb46.png", "profile_name": "Janis Sarkisian", "profile_subcat": "Mean Girls", "sub_cat_id": 1842, "cat_id": 13, "property_id": 2, "mbti": "ISFP", "enneatype": "4w5"}, {"id": 14854, "mbti_profile": "Cady Heron", "subcategory": "Mean Girls", "profile_image_url": "https://static1.personality-database.com/profile_images/0fc66f16843f4b24a0adf39fa844ff63.png", "profile_name": "Cady Heron", "profile_subcat": "Mean Girls", "sub_cat_id": 1842, "cat_id": 13, "property_id": 2, "mbti": "ISFJ", "enneatype": "9w8"}, {"id": 14856, "mbti_profile": "Regina George", "subcategory": "Mean Girls", "profile_image_url": "https://static1.personality-database.com/profile_images/dca1e750303f43d9acff96f4373973a3.png", "profile_name": "Regina George", "profile_subcat": "Mean Girls", "sub_cat_id": 1842, "cat_id": 13, "property_id": 2, "mbti": "ESTJ", "enneatype": "8w7"}, {"id": 14857, "mbti_profile": "Gretchen Wieners", "subcategory": "Mean Girls", "profile_image_url": "https://static1.personality-database.com/profile_images/86ed4064507447c1833d03c9a7f14d77.png", "profile_name": "Gretchen Wieners", "profile_subcat": "Mean Girls", "sub_cat_id": 1842, "cat_id": 13, "property_id": 2, "mbti": "ESFJ", "enneatype": "6w5"}, {"id": 14859, "mbti_profile": "Damian Hubbard", "subcategory": "Mean Girls", "profile_image_url": "https://static1.personality-database.com/profile_images/b6335e3aef7d4995a937a33118ab1a04.png", "profile_name": "Damian Hubbard", "profile_subcat": "Mean Girls", "sub_cat_id": 1842, "cat_id": 13, "property_id": 2, "mbti": "ENFP", "enneatype": "7w6"}, {"id": 14861, "mbti_profile": "Mrs. George", "subcategory": "Mean Girls", "profile_image_url": "https://static1.personality-database.com/profile_images/479847dd71384610adf66e0163fd58f5.png", "profile_name": "Mrs. George", "profile_subcat": "Mean Girls", "sub_cat_id": 1842, "cat_id": 13, "property_id": 2, "mbti": "ENFJ", "enneatype": "6w7"}, {"id": 14863, "mbti_profile": "Ms. Norbury", "subcategory": "Mean Girls", "profile_image_url": "https://static1.personality-database.com/profile_images/2480e9d0ab0e4b2b9ba4a5d1c08748d0.png", "profile_name": "Ms. Norbury", "profile_subcat": "Mean Girls", "sub_cat_id": 1842, "cat_id": 13, "property_id": 2, "mbti": "INFJ", "enneatype": "1w2"}, {"id": 14858, "mbti_profile": "Aaron Samuels", "subcategory": "Mean Girls", "profile_image_url": "https://static1.personality-database.com/profile_images/d69933ef280446dfb206fb6e7bab552a.png", "profile_name": "Aaron Samuels", "profile_subcat": "Mean Girls", "sub_cat_id": 1842, "cat_id": 13, "property_id": 2, "mbti": "ISFJ", "enneatype": "9w1"}], "functions": ["Ne", "Fi", "Te", "Si"], "systems": [{"hex_color": "#888888", "id": 1, "personality_type": "XXXX", "personality_type_id": 0, "system_name": "Four Letter", "system_vote_count": 71, "user_vote_type_id": 0, "vote_id": 0}, {"hex_color": "#006775", "id": 2, "personality_type": "XXXX", "personality_type_id": 0, "system_name": "Enneagram", "system_vote_count": 20, "user_vote_type_id": 0, "vote_id": 0}, {"hex_color": "#006775", "id": 5, "personality_type": "XXXX", "personality_type_id": 0, "system_name": "Instinctual Variant", "system_vote_count": 5, "user_vote_type_id": 0, "vote_id": 0}, {"hex_color": "#006775", "id": 6, "personality_type": "XXXX", "personality_type_id": 0, "system_name": "Tritype", "system_vote_count": 6, "user_vote_type_id": 0, "vote_id": 0}, {"hex_color": "#888888", "id": 3, "personality_type": "XXXX", "personality_type_id": 0, "system_name": "Socionics", "system_vote_count": 3, "user_vote_type_id": 0, "vote_id": 0}, {"hex_color": "#888888", "id": 9, "personality_type": "XXXX", "personality_type_id": 0, "system_name": "Big 5 (SLOAN)", "system_vote_count": 5, "user_vote_type_id": 0, "vote_id": 0}, {"hex_color": "#888888", "id": 8, "personality_type": "XXXX", "personality_type_id": 0, "system_name": "Attitudinal Psyche", "system_vote_count": 3, "user_vote_type_id": 0, "vote_id": 0}, {"hex_color": "#888888", "id": 7, "personality_type": "XXXX", "personality_type_id": 0, "system_name": "Temperaments", "system_vote_count": 6, "user_vote_type_id": 0, "vote_id": 0}, {"hex_color": "#888888", "id": 11, "personality_type": "XXXX", "personality_type_id": 0, "system_name": "Classic Jungian", "system_vote_count": 0, "user_vote_type_id": 0, "vote_id": 0}], "breakdown_systems": {"1": [{"myValue": "ENFP", "personality_system_id": 1, "personality_type": "ENFP", "theCount": 41}, {"myValue": "ESFP", "personality_system_id": 1, "personality_type": "ESFP", "theCount": 27}, {"myValue": "ENTP", "personality_system_id": 1, "personality_type": "ENTP", "theCount": 1}, {"myValue": "INFJ", "personality_system_id": 1, "personality_type": "INFJ", "theCount": 1}, {"myValue": "ISFP", "personality_system_id": 1, "personality_type": "ISFP", "theCount": 1}], "11": [{"myValue": "XXXX", "personality_system_id": 0, "personality_type": "XXXX", "theCount": 0}], "2": [{"myValue": "7w6", "personality_system_id": 2, "personality_type": "7w6", "theCount": 19}, {"myValue": "2w3", "personality_system_id": 2, "personality_type": "2w3", "theCount": 1}], "3": [{"myValue": "IEE", "personality_system_id": 3, "personality_type": "IEE", "theCount": 3}], "5": [{"myValue": "sx/so", "personality_system_id": 5, "personality_type": "sx/so", "theCount": 5}], "6": [{"myValue": "792", "personality_system_id": 6, "personality_type": "792", "theCount": 4}, {"myValue": "729", "personality_system_id": 6, "personality_type": "729", "theCount": 2}], "7": [{"myValue": "Sanguine [Dominant]", "personality_system_id": 7, "personality_type": "Sanguine [Dominant]", "theCount": 5}, {"myValue": "Phlegmatic-Sanguine", "personality_system_id": 7, "personality_type": "Phlegmatic-Sanguine", "theCount": 1}], "8": [{"myValue": "EFLV", "personality_system_id": 8, "personality_type": "EFLV", "theCount": 2}, {"myValue": "EFVL", "personality_system_id": 8, "personality_type": "EFVL", "theCount": 1}], "9": [{"myValue": "SCUAI", "personality_system_id": 9, "personality_type": "SCUAI", "theCount": 5}]}, "breakdown_config": {"expand": {"1": 3, "11": 1, "2": 3, "3": 1, "5": 1, "6": 1, "7": 1, "8": 1, "9": 1}, "fire": {"1": 1, "11": 0, "2": 0, "3": 0, "5": 0, "6": 0, "7": 0, "8": 0, "9": 0}}, "mbti_letter_stats": [{"type": "E", "percentage": "97%", "PercentageFloat": 0.971830985915493}, {"type": "N", "percentage": "61%", "PercentageFloat": 0.6056338028169014}, {"type": "F", "percentage": "99%", "PercentageFloat": 0.9859154929577465}, {"type": "P", "percentage": "99%", "PercentageFloat": 0.9859154929577465}], "topic_info": {"can_generate": false, "topic": {"description": "", "follow_count": 0, "id": 13685, "is_following": false, "is_join_pending": false, "is_banned": false, "is_moderated": false, "name_readable": "Karen Smith", "post_count": 1, "source_profile_id": 14855, "source_type": "profile", "join_to_post": false, "can_pin": false, "related_topics": [{"description": "", "follow_count": 0, "id": 13685, "is_following": false, "is_join_pending": false, "is_banned": false, "is_moderated": false, "name_readable": "Karen Smith", "post_count": 1, "source_profile_id": 14855, "source_type": "profile", "image": {"picURL": "https://static1.personality-database.com/profile_images/926358d3ee8c41e6b40b22435e5dcbc9.png"}, "join_to_post": false, "can_pin": false}, {"description": "", "follow_count": 0, "id": 13684, "is_following": false, "is_join_pending": false, "is_banned": false, "is_moderated": false, "name_readable": "Cady Heron", "post_count": 0, "source_profile_id": 14854, "source_type": "profile", "image": {"picURL": "https://static1.personality-database.com/profile_images/0fc66f16843f4b24a0adf39fa844ff63.png"}, "join_to_post": false, "can_pin": false}, {"description": "", "follow_count": 1, "id": 13686, "is_following": false, "is_join_pending": false, "is_banned": false, "is_moderated": false, "name_readable": "Regina George", "post_count": 0, "source_profile_id": 14856, "source_type": "profile", "image": {"picURL": "https://static1.personality-database.com/profile_images/dca1e750303f43d9acff96f4373973a3.png"}, "join_to_post": false, "can_pin": false}, {"description": "", "follow_count": 0, "id": 13687, "is_following": false, "is_join_pending": false, "is_banned": false, "is_moderated": false, "name_readable": "Gretchen Wieners", "post_count": 0, "source_profile_id": 14857, "source_type": "profile", "image": {"picURL": "https://static1.personality-database.com/profile_images/86ed4064507447c1833d03c9a7f14d77.png"}, "join_to_post": false, "can_pin": false}, {"description": "", "follow_count": 0, "id": 13688, "is_following": false, "is_join_pending": false, "is_banned": false, "is_moderated": false, "name_readable": "Aaron Samuels", "post_count": 0, "source_profile_id": 14858, "source_type": "profile", "image": {"picURL": "https://static1.personality-database.com/profile_images/d69933ef280446dfb206fb6e7bab552a.png"}, "join_to_post": false, "can_pin": false}, {"description": "", "follow_count": 0, "id": 13689, "is_following": false, "is_join_pending": false, "is_banned": false, "is_moderated": false, "name_readable": "Damian Hubbard", "post_count": 0, "source_profile_id": 14859, "source_type": "profile", "image": {"picURL": "https://static1.personality-database.com/profile_images/b6335e3aef7d4995a937a33118ab1a04.png"}, "join_to_post": false, "can_pin": false}, {"description": "", "follow_count": 0, "id": 13690, "is_following": false, "is_join_pending": false, "is_banned": false, "is_moderated": false, "name_readable": "Janis Sarkisian", "post_count": 0, "source_profile_id": 14860, "source_type": "profile", "image": {"picURL": "https://static1.personality-database.com/profile_images/45186c37c2d24f67999c1e91ae0aeb46.png"}, "join_to_post": false, "can_pin": false}, {"description": "", "follow_count": 0, "id": 13691, "is_following": false, "is_join_pending": false, "is_banned": false, "is_moderated": false, "name_readable": "Mrs. George", "post_count": 0, "source_profile_id": 14861, "source_type": "profile", "image": {"picURL": "https://static1.personality-database.com/profile_images/479847dd71384610adf66e0163fd58f5.png"}, "join_to_post": false, "can_pin": false}, {"description": "", "follow_count": 0, "id": 13692, "is_following": false, "is_join_pending": false, "is_banned": false, "is_moderated": false, "name_readable": "Principle Duvall", "post_count": 0, "source_profile_id": 14862, "source_type": "profile", "image": {"picURL": "https://static1.personality-database.com/profile_images/6085605db6d84ec58563103685e4282e.png"}, "join_to_post": false, "can_pin": false}, {"description": "", "follow_count": 0, "id": 13693, "is_following": false, "is_join_pending": false, "is_banned": false, "is_moderated": false, "name_readable": "Ms. Norbury", "post_count": 0, "source_profile_id": 14863, "source_type": "profile", "image": {"picURL": "https://static1.personality-database.com/profile_images/2480e9d0ab0e4b2b9ba4a5d1c08748d0.png"}, "join_to_post": false, "can_pin": false}, {"description": "", "follow_count": 0, "id": 86873, "is_following": false, "is_join_pending": false, "is_banned": false, "is_moderated": false, "name_readable": "Kevin Gnapoor", "post_count": 0, "source_profile_id": 109268, "source_type": "profile", "image": {"picURL": "https://static1.personality-database.com/profile_images/14b31808046d42c582606c9e6eb12d7b.png"}, "join_to_post": false, "can_pin": false}], "subcategory": "Mean Girls", "topic_image_url": "https://static1.personality-database.com/profile_images/926358d3ee8c41e6b40b22435e5dcbc9.png", "source_location": {"cid": 13, "pid": 2, "sub_cat_id": 1842}, "can_post_image": false, "can_post_audio": false, "posts": {"posts": [{"username": "winonassw1fe", "user_pic_path": "https://static1.personality-database.com/user_avatars/1142196/80dc65dd-a197-4e9e-bc56-0ccc9235adba_small.jpeg", "user_personality_type": "ENFP-8w7", "is_mod": false, "comment_count": 0, "reply_count": 0, "vote_type": 0, "topics_list": [{"id": 13685, "name_readable": "Karen Smith"}], "id": 1351659, "post_id": 1351659, "user_id": 1142196, "title": "", "content": "THIS MAKES ME SO HAPPY", "create_date": 1663439982000, "unix_timestamp": 1663439982000, "update_date": 1663439982000, "vote_count": 1, "vote_count_down": 0, "is_reported": 0, "is_hidden": false, "is_pinned": false, "is_watching": false, "is_pro_user": false, "images": null, "audios": null, "function_list": [], "type": "post"}]}}}}