{"id": 14860, "mbti_profile": "Janis Sarkisian", "profile_name_searchable": "janissarkisian", "allow_commenting": true, "allow_voting": true, "user_id": 5034, "contributor": "Pixie Corpse", "contributor_create_date": "2018-08-08 04:45:24", "contributor_pic_path": "https://lh3.googleusercontent.com/a-/AOh14GhP11oLePJpse_uE9Avam1p-5603jw0OakH4qPw=s96-c", "display_order": 0, "edit_lock": 0, "edit_lock_picture": 0, "is_active": true, "is_approved": true, "mbti_enneagram_type": "ISFP 4w5", "mbti_type": "ISFP 4w5", "pdb_comment_access": true, "pdb_page_owner": 0, "pdb_public_access": true, "wiki_description": "", "watch_count": 35, "comment_count": 6, "vote_count": 64, "vote_count_enneagram": 29, "vote_count_mbti": 64, "total_vote_counts": 100, "personality_type": "ISFP - 4w5 - 487 - SEE - SLUEI - FVLE - Melancholic-Choleric", "type_updated_date": "2021-05-29 23:47:19", "enneagram_vote": "", "enneagram_vote_id": 0, "mbti_vote": "", "mbti_vote_id": 0, "is_watching": false, "image_exists": false, "profile_image_url": "https://static1.personality-database.com/profile_images/45186c37c2d24f67999c1e91ae0aeb46.png", "profile_image_credit": "", "profile_image_credit_id": 57077, "profile_image_credit_type": "0", "profile_image_credit_url": "", "alt_subcategory": "", "related_subcategories": "", "cat_id": 13, "category": "Theatre", "category_is_fictional": true, "sub_cat_id": 1842, "subcategory": "Mean Girls", "subcat_link_info": {"sub_cat_id": 1842, "cat_id": 13, "property_id": 2, "subcategory": "Mean Girls"}, "related_subcat_link_info": null, "related_profiles": [{"id": 14855, "mbti_profile": "Karen Smith", "subcategory": "Mean Girls", "profile_image_url": "https://static1.personality-database.com/profile_images/926358d3ee8c41e6b40b22435e5dcbc9.png", "profile_name": "Karen Smith", "profile_subcat": "Mean Girls", "sub_cat_id": 1842, "cat_id": 13, "property_id": 2, "mbti": "ENFP", "enneatype": "7w6"}, {"id": 14854, "mbti_profile": "Cady Heron", "subcategory": "Mean Girls", "profile_image_url": "https://static1.personality-database.com/profile_images/0fc66f16843f4b24a0adf39fa844ff63.png", "profile_name": "Cady Heron", "profile_subcat": "Mean Girls", "sub_cat_id": 1842, "cat_id": 13, "property_id": 2, "mbti": "ISFJ", "enneatype": "9w8"}, {"id": 14856, "mbti_profile": "Regina George", "subcategory": "Mean Girls", "profile_image_url": "https://static1.personality-database.com/profile_images/dca1e750303f43d9acff96f4373973a3.png", "profile_name": "Regina George", "profile_subcat": "Mean Girls", "sub_cat_id": 1842, "cat_id": 13, "property_id": 2, "mbti": "ESTJ", "enneatype": "8w7"}, {"id": 14857, "mbti_profile": "Gretchen Wieners", "subcategory": "Mean Girls", "profile_image_url": "https://static1.personality-database.com/profile_images/86ed4064507447c1833d03c9a7f14d77.png", "profile_name": "Gretchen Wieners", "profile_subcat": "Mean Girls", "sub_cat_id": 1842, "cat_id": 13, "property_id": 2, "mbti": "ESFJ", "enneatype": "6w5"}, {"id": 14859, "mbti_profile": "Damian Hubbard", "subcategory": "Mean Girls", "profile_image_url": "https://static1.personality-database.com/profile_images/b6335e3aef7d4995a937a33118ab1a04.png", "profile_name": "Damian Hubbard", "profile_subcat": "Mean Girls", "sub_cat_id": 1842, "cat_id": 13, "property_id": 2, "mbti": "ENFP", "enneatype": "7w6"}, {"id": 14861, "mbti_profile": "Mrs. George", "subcategory": "Mean Girls", "profile_image_url": "https://static1.personality-database.com/profile_images/479847dd71384610adf66e0163fd58f5.png", "profile_name": "Mrs. George", "profile_subcat": "Mean Girls", "sub_cat_id": 1842, "cat_id": 13, "property_id": 2, "mbti": "ENFJ", "enneatype": "6w7"}, {"id": 14863, "mbti_profile": "Ms. Norbury", "subcategory": "Mean Girls", "profile_image_url": "https://static1.personality-database.com/profile_images/2480e9d0ab0e4b2b9ba4a5d1c08748d0.png", "profile_name": "Ms. Norbury", "profile_subcat": "Mean Girls", "sub_cat_id": 1842, "cat_id": 13, "property_id": 2, "mbti": "INFJ", "enneatype": "1w2"}, {"id": 14858, "mbti_profile": "Aaron Samuels", "subcategory": "Mean Girls", "profile_image_url": "https://static1.personality-database.com/profile_images/d69933ef280446dfb206fb6e7bab552a.png", "profile_name": "Aaron Samuels", "profile_subcat": "Mean Girls", "sub_cat_id": 1842, "cat_id": 13, "property_id": 2, "mbti": "ISFJ", "enneatype": "9w1"}], "functions": ["Fi", "Se", "Ni", "Te"], "systems": [{"hex_color": "#888888", "id": 1, "personality_type": "XXXX", "personality_type_id": 0, "system_name": "Four Letter", "system_vote_count": 56, "user_vote_type_id": 0, "vote_id": 0}, {"hex_color": "#006775", "id": 2, "personality_type": "XXXX", "personality_type_id": 0, "system_name": "Enneagram", "system_vote_count": 23, "user_vote_type_id": 0, "vote_id": 0}, {"hex_color": "#006775", "id": 5, "personality_type": "XXXX", "personality_type_id": 0, "system_name": "Instinctual Variant", "system_vote_count": 3, "user_vote_type_id": 0, "vote_id": 0}, {"hex_color": "#006775", "id": 6, "personality_type": "XXXX", "personality_type_id": 0, "system_name": "Tritype", "system_vote_count": 5, "user_vote_type_id": 0, "vote_id": 0}, {"hex_color": "#888888", "id": 3, "personality_type": "XXXX", "personality_type_id": 0, "system_name": "Socionics", "system_vote_count": 1, "user_vote_type_id": 0, "vote_id": 0}, {"hex_color": "#888888", "id": 9, "personality_type": "XXXX", "personality_type_id": 0, "system_name": "Big 5 (SLOAN)", "system_vote_count": 2, "user_vote_type_id": 0, "vote_id": 0}, {"hex_color": "#888888", "id": 8, "personality_type": "XXXX", "personality_type_id": 0, "system_name": "Attitudinal Psyche", "system_vote_count": 2, "user_vote_type_id": 0, "vote_id": 0}, {"hex_color": "#888888", "id": 7, "personality_type": "XXXX", "personality_type_id": 0, "system_name": "Temperaments", "system_vote_count": 5, "user_vote_type_id": 0, "vote_id": 0}, {"hex_color": "#888888", "id": 11, "personality_type": "XXXX", "personality_type_id": 0, "system_name": "Classic Jungian", "system_vote_count": 0, "user_vote_type_id": 0, "vote_id": 0}], "breakdown_systems": {"1": [{"myValue": "ISFP", "personality_system_id": 1, "personality_type": "ISFP", "theCount": 39}, {"myValue": "ENTP", "personality_system_id": 1, "personality_type": "ENTP", "theCount": 7}, {"myValue": "ESFP", "personality_system_id": 1, "personality_type": "ESFP", "theCount": 6}, {"myValue": "INFP", "personality_system_id": 1, "personality_type": "INFP", "theCount": 4}], "11": [{"myValue": "XXXX", "personality_system_id": 0, "personality_type": "XXXX", "theCount": 0}], "2": [{"myValue": "4w5", "personality_system_id": 2, "personality_type": "4w5", "theCount": 21}, {"myValue": "4w3", "personality_system_id": 2, "personality_type": "4w3", "theCount": 1}, {"myValue": "8w7", "personality_system_id": 2, "personality_type": "8w7", "theCount": 1}], "3": [{"myValue": "SEI", "personality_system_id": 3, "personality_type": "SEI", "theCount": 1}], "4": [{"myValue": "Chaotic Neutral", "personality_system_id": 4, "personality_type": "Chaotic Neutral", "theCount": 3}], "5": [{"myValue": "so/sp", "personality_system_id": 5, "personality_type": "so/sp", "theCount": 1}, {"myValue": "sp/so", "personality_system_id": 5, "personality_type": "sp/so", "theCount": 1}, {"myValue": "sx/sp", "personality_system_id": 5, "personality_type": "sx/sp", "theCount": 1}], "6": [{"myValue": "487", "personality_system_id": 6, "personality_type": "487", "theCount": 2}, {"myValue": "468", "personality_system_id": 6, "personality_type": "468", "theCount": 1}, {"myValue": "478", "personality_system_id": 6, "personality_type": "478", "theCount": 1}, {"myValue": "479", "personality_system_id": 6, "personality_type": "479", "theCount": 1}], "7": [{"myValue": "Melancholic-Choleric", "personality_system_id": 7, "personality_type": "Melancholic-Choleric", "theCount": 3}, {"myValue": "Choleric-Melancholic", "personality_system_id": 7, "personality_type": "Choleric-Melancholic", "theCount": 1}, {"myValue": "Choleric-Phlegmatic", "personality_system_id": 7, "personality_type": "Choleric-Phlegmatic", "theCount": 1}], "8": [{"myValue": "FVLE", "personality_system_id": 8, "personality_type": "FVLE", "theCount": 1}, {"myValue": "VELF", "personality_system_id": 8, "personality_type": "VELF", "theCount": 1}], "9": [{"myValue": "RLOEI", "personality_system_id": 9, "personality_type": "RLOEI", "theCount": 1}, {"myValue": "SLUEI", "personality_system_id": 9, "personality_type": "SLUEI", "theCount": 1}]}, "breakdown_config": {"expand": {"1": 3, "11": 1, "2": 3, "3": 1, "4": 1, "5": 1, "6": 1, "7": 1, "8": 1, "9": 1}, "fire": {"1": 0, "11": 0, "2": 0, "3": 0, "4": 0, "5": 0, "6": 0, "7": 0, "8": 0, "9": 0}}, "mbti_letter_stats": [{"type": "I", "percentage": "77%", "PercentageFloat": 0.7678571428571429}, {"type": "S", "percentage": "80%", "PercentageFloat": 0.8035714285714286}, {"type": "F", "percentage": "88%", "PercentageFloat": 0.875}, {"type": "P", "percentage": "100%", "PercentageFloat": 1}], "topic_info": {"can_generate": false, "topic": {"description": "", "follow_count": 0, "id": 13690, "is_following": false, "is_join_pending": false, "is_banned": false, "is_moderated": false, "name_readable": "Janis Sarkisian", "post_count": 0, "source_profile_id": 14860, "source_type": "profile", "join_to_post": false, "can_pin": false, "related_topics": [{"description": "", "follow_count": 0, "id": 13685, "is_following": false, "is_join_pending": false, "is_banned": false, "is_moderated": false, "name_readable": "Karen Smith", "post_count": 1, "source_profile_id": 14855, "source_type": "profile", "image": {"picURL": "https://static1.personality-database.com/profile_images/926358d3ee8c41e6b40b22435e5dcbc9.png"}, "join_to_post": false, "can_pin": false}, {"description": "", "follow_count": 0, "id": 13684, "is_following": false, "is_join_pending": false, "is_banned": false, "is_moderated": false, "name_readable": "Cady Heron", "post_count": 0, "source_profile_id": 14854, "source_type": "profile", "image": {"picURL": "https://static1.personality-database.com/profile_images/0fc66f16843f4b24a0adf39fa844ff63.png"}, "join_to_post": false, "can_pin": false}, {"description": "", "follow_count": 1, "id": 13686, "is_following": false, "is_join_pending": false, "is_banned": false, "is_moderated": false, "name_readable": "Regina George", "post_count": 0, "source_profile_id": 14856, "source_type": "profile", "image": {"picURL": "https://static1.personality-database.com/profile_images/dca1e750303f43d9acff96f4373973a3.png"}, "join_to_post": false, "can_pin": false}, {"description": "", "follow_count": 0, "id": 13687, "is_following": false, "is_join_pending": false, "is_banned": false, "is_moderated": false, "name_readable": "Gretchen Wieners", "post_count": 0, "source_profile_id": 14857, "source_type": "profile", "image": {"picURL": "https://static1.personality-database.com/profile_images/86ed4064507447c1833d03c9a7f14d77.png"}, "join_to_post": false, "can_pin": false}, {"description": "", "follow_count": 0, "id": 13688, "is_following": false, "is_join_pending": false, "is_banned": false, "is_moderated": false, "name_readable": "Aaron Samuels", "post_count": 0, "source_profile_id": 14858, "source_type": "profile", "image": {"picURL": "https://static1.personality-database.com/profile_images/d69933ef280446dfb206fb6e7bab552a.png"}, "join_to_post": false, "can_pin": false}, {"description": "", "follow_count": 0, "id": 13689, "is_following": false, "is_join_pending": false, "is_banned": false, "is_moderated": false, "name_readable": "Damian Hubbard", "post_count": 0, "source_profile_id": 14859, "source_type": "profile", "image": {"picURL": "https://static1.personality-database.com/profile_images/b6335e3aef7d4995a937a33118ab1a04.png"}, "join_to_post": false, "can_pin": false}, {"description": "", "follow_count": 0, "id": 13690, "is_following": false, "is_join_pending": false, "is_banned": false, "is_moderated": false, "name_readable": "Janis Sarkisian", "post_count": 0, "source_profile_id": 14860, "source_type": "profile", "image": {"picURL": "https://static1.personality-database.com/profile_images/45186c37c2d24f67999c1e91ae0aeb46.png"}, "join_to_post": false, "can_pin": false}, {"description": "", "follow_count": 0, "id": 13691, "is_following": false, "is_join_pending": false, "is_banned": false, "is_moderated": false, "name_readable": "Mrs. George", "post_count": 0, "source_profile_id": 14861, "source_type": "profile", "image": {"picURL": "https://static1.personality-database.com/profile_images/479847dd71384610adf66e0163fd58f5.png"}, "join_to_post": false, "can_pin": false}, {"description": "", "follow_count": 0, "id": 13692, "is_following": false, "is_join_pending": false, "is_banned": false, "is_moderated": false, "name_readable": "Principle Duvall", "post_count": 0, "source_profile_id": 14862, "source_type": "profile", "image": {"picURL": "https://static1.personality-database.com/profile_images/6085605db6d84ec58563103685e4282e.png"}, "join_to_post": false, "can_pin": false}, {"description": "", "follow_count": 0, "id": 13693, "is_following": false, "is_join_pending": false, "is_banned": false, "is_moderated": false, "name_readable": "Ms. Norbury", "post_count": 0, "source_profile_id": 14863, "source_type": "profile", "image": {"picURL": "https://static1.personality-database.com/profile_images/2480e9d0ab0e4b2b9ba4a5d1c08748d0.png"}, "join_to_post": false, "can_pin": false}, {"description": "", "follow_count": 0, "id": 86873, "is_following": false, "is_join_pending": false, "is_banned": false, "is_moderated": false, "name_readable": "Kevin Gnapoor", "post_count": 0, "source_profile_id": 109268, "source_type": "profile", "image": {"picURL": "https://static1.personality-database.com/profile_images/14b31808046d42c582606c9e6eb12d7b.png"}, "join_to_post": false, "can_pin": false}], "subcategory": "Mean Girls", "topic_image_url": "https://static1.personality-database.com/profile_images/45186c37c2d24f67999c1e91ae0aeb46.png", "source_location": {"cid": 13, "pid": 2, "sub_cat_id": 1842}, "can_post_image": false, "can_post_audio": false, "posts": {"posts": []}}}}