{"id": 148820, "mbti_profile": "Henry", "profile_name_searchable": "henry", "allow_commenting": true, "allow_voting": true, "user_id": 0, "contributor": "the nameless", "contributor_create_date": "2020-06-15 19:20:44", "contributor_pic_path": "https://www.personality-database.com/images/profile_transparent.png", "display_order": 0, "edit_lock": 0, "edit_lock_picture": 0, "is_active": true, "is_approved": true, "mbti_enneagram_type": "INTP 7w6", "mbti_type": "INTP 7w6", "pdb_comment_access": true, "pdb_page_owner": 0, "pdb_public_access": true, "wiki_description": "", "watch_count": 3, "comment_count": 2, "vote_count": 19, "vote_count_enneagram": 8, "vote_count_mbti": 19, "total_vote_counts": 29, "personality_type": "INTP - 7w6 - sx/sp - 729", "type_updated_date": "2021-05-31 18:45:28", "enneagram_vote": "", "enneagram_vote_id": 0, "mbti_vote": "", "mbti_vote_id": 0, "is_watching": false, "image_exists": false, "profile_image_url": "https://static1.personality-database.com/profile_images/73051e0d9dd544419642e460588a22ea.png", "profile_image_credit": "", "profile_image_credit_id": 136605, "profile_image_credit_type": "0", "profile_image_credit_url": "", "alt_subcategory": "", "related_subcategories": "", "cat_id": 13, "category": "Theatre", "category_is_fictional": true, "sub_cat_id": 10039, "subcategory": "Next to Normal", "subcat_link_info": {"sub_cat_id": 10039, "cat_id": 13, "property_id": 2, "subcategory": "Next to Normal"}, "related_subcat_link_info": null, "related_profiles": [{"id": 148816, "mbti_profile": "Natalie Goodman", "subcategory": "Next to Normal", "profile_image_url": "https://static1.personality-database.com/profile_images/7e26fd5d1dac452987176569a7173050.png", "profile_name": "Natalie Goodman", "profile_subcat": "Next to Normal", "sub_cat_id": 10039, "cat_id": 13, "property_id": 2, "mbti": "INTJ", "enneatype": "1w9"}, {"id": 148815, "mbti_profile": "Dan Goodman", "subcategory": "Next to Normal", "profile_image_url": "https://static1.personality-database.com/profile_images/0d0fc89927244c67b189f1f203c9ff20.png", "profile_name": "Dan Goodman", "profile_subcat": "Next to Normal", "sub_cat_id": 10039, "cat_id": 13, "property_id": 2, "mbti": "ISFJ", "enneatype": ""}, {"id": 148817, "mbti_profile": "Gabe Goodman", "subcategory": "Next to Normal", "profile_image_url": "https://static1.personality-database.com/profile_images/90e24c9734d3410285aaec51d6cdf2bc.png", "profile_name": "Gabe Goodman", "profile_subcat": "Next to Normal", "sub_cat_id": 10039, "cat_id": 13, "property_id": 2, "mbti": "ENFJ", "enneatype": "8w9"}, {"id": 148814, "mbti_profile": "Diana Goodman", "subcategory": "Next to Normal", "profile_image_url": "https://static1.personality-database.com/profile_images/61ed61e9a8d543b8a533e4e8c117aaf0.png", "profile_name": "Diana Goodman", "profile_subcat": "Next to Normal", "sub_cat_id": 10039, "cat_id": 13, "property_id": 2, "mbti": "ENFP", "enneatype": "4w3"}, {"id": 148821, "mbti_profile": "Dr. Fine", "subcategory": "Next to Normal", "profile_image_url": "https://static1.personality-database.com/profile_images/f700611662ce4604b60e78fde0cd95df.png", "profile_name": "Dr. Fine", "profile_subcat": "Next to Normal", "sub_cat_id": 10039, "cat_id": 13, "property_id": 2, "mbti": "INTJ", "enneatype": "3w2"}, {"id": 148822, "mbti_profile": "Dr. Madden", "subcategory": "Next to Normal", "profile_image_url": "https://static1.personality-database.com/profile_images/7af7c96d90ee48aca5ced632ff63ba91.png", "profile_name": "Dr. Madden", "profile_subcat": "Next to Normal", "sub_cat_id": 10039, "cat_id": 13, "property_id": 2, "mbti": "", "enneatype": "3w2"}], "functions": ["Ti", "Ne", "Si", "Fe"], "systems": [{"hex_color": "#888888", "id": 1, "personality_type": "XXXX", "personality_type_id": 0, "system_name": "Four Letter", "system_vote_count": 19, "user_vote_type_id": 0, "vote_id": 0}, {"hex_color": "#006775", "id": 2, "personality_type": "XXXX", "personality_type_id": 0, "system_name": "Enneagram", "system_vote_count": 8, "user_vote_type_id": 0, "vote_id": 0}, {"hex_color": "#006775", "id": 5, "personality_type": "XXXX", "personality_type_id": 0, "system_name": "Instinctual Variant", "system_vote_count": 1, "user_vote_type_id": 0, "vote_id": 0}, {"hex_color": "#006775", "id": 6, "personality_type": "XXXX", "personality_type_id": 0, "system_name": "Tritype", "system_vote_count": 1, "user_vote_type_id": 0, "vote_id": 0}, {"hex_color": "#888888", "id": 3, "personality_type": "XXXX", "personality_type_id": 0, "system_name": "Socionics", "system_vote_count": 0, "user_vote_type_id": 0, "vote_id": 0}, {"hex_color": "#888888", "id": 9, "personality_type": "XXXX", "personality_type_id": 0, "system_name": "Big 5 (SLOAN)", "system_vote_count": 0, "user_vote_type_id": 0, "vote_id": 0}, {"hex_color": "#888888", "id": 8, "personality_type": "XXXX", "personality_type_id": 0, "system_name": "Attitudinal Psyche", "system_vote_count": 0, "user_vote_type_id": 0, "vote_id": 0}, {"hex_color": "#888888", "id": 7, "personality_type": "XXXX", "personality_type_id": 0, "system_name": "Temperaments", "system_vote_count": 0, "user_vote_type_id": 0, "vote_id": 0}, {"hex_color": "#888888", "id": 11, "personality_type": "XXXX", "personality_type_id": 0, "system_name": "Classic Jungian", "system_vote_count": 0, "user_vote_type_id": 0, "vote_id": 0}], "breakdown_systems": {"1": [{"myValue": "INTP", "personality_system_id": 1, "personality_type": "INTP", "theCount": 11}, {"myValue": "INFP", "personality_system_id": 1, "personality_type": "INFP", "theCount": 3}, {"myValue": "ISFP", "personality_system_id": 1, "personality_type": "ISFP", "theCount": 3}, {"myValue": "ENTP", "personality_system_id": 1, "personality_type": "ENTP", "theCount": 1}, {"myValue": "ESFJ", "personality_system_id": 1, "personality_type": "ESFJ", "theCount": 1}], "11": [{"myValue": "XXXX", "personality_system_id": 0, "personality_type": "XXXX", "theCount": 0}], "2": [{"myValue": "7w6", "personality_system_id": 2, "personality_type": "7w6", "theCount": 6}, {"myValue": "7w8", "personality_system_id": 2, "personality_type": "7w8", "theCount": 1}, {"myValue": "9w8", "personality_system_id": 2, "personality_type": "9w8", "theCount": 1}], "3": [{"myValue": "XXXX", "personality_system_id": 0, "personality_type": "XXXX", "theCount": 0}], "5": [{"myValue": "sx/sp", "personality_system_id": 5, "personality_type": "sx/sp", "theCount": 1}], "6": [{"myValue": "729", "personality_system_id": 6, "personality_type": "729", "theCount": 1}], "7": [{"myValue": "XXXX", "personality_system_id": 0, "personality_type": "XXXX", "theCount": 0}], "8": [{"myValue": "XXXX", "personality_system_id": 0, "personality_type": "XXXX", "theCount": 0}], "9": [{"myValue": "XXXX", "personality_system_id": 0, "personality_type": "XXXX", "theCount": 0}]}, "breakdown_config": {"expand": {"1": 3, "11": 1, "2": 3, "3": 1, "5": 1, "6": 1, "7": 1, "8": 1, "9": 1}, "fire": {"1": 0, "11": 0, "2": 0, "3": 0, "5": 0, "6": 0, "7": 0, "8": 0, "9": 0}}, "mbti_letter_stats": [{"type": "I", "percentage": "89%", "PercentageFloat": 0.8947368421052632}, {"type": "N", "percentage": "79%", "PercentageFloat": 0.7894736842105263}, {"type": "T", "percentage": "63%", "PercentageFloat": 0.631578947368421}, {"type": "P", "percentage": "95%", "PercentageFloat": 0.9473684210526315}], "topic_info": {"can_generate": false, "topic": {"description": "", "follow_count": 0, "id": 115276, "is_following": false, "is_join_pending": false, "is_banned": false, "is_moderated": false, "name_readable": "Henry", "post_count": 0, "source_profile_id": 148820, "source_type": "profile", "join_to_post": false, "can_pin": false, "related_topics": [{"description": "", "follow_count": 0, "id": 115270, "is_following": false, "is_join_pending": false, "is_banned": false, "is_moderated": false, "name_readable": "Diana Goodman", "post_count": 0, "source_profile_id": 148814, "source_type": "profile", "image": {"picURL": "https://static1.personality-database.com/profile_images/61ed61e9a8d543b8a533e4e8c117aaf0.png"}, "join_to_post": false, "can_pin": false}, {"description": "", "follow_count": 0, "id": 115271, "is_following": false, "is_join_pending": false, "is_banned": false, "is_moderated": false, "name_readable": "Dan Goodman", "post_count": 0, "source_profile_id": 148815, "source_type": "profile", "image": {"picURL": "https://static1.personality-database.com/profile_images/0d0fc89927244c67b189f1f203c9ff20.png"}, "join_to_post": false, "can_pin": false}, {"description": "", "follow_count": 0, "id": 115272, "is_following": false, "is_join_pending": false, "is_banned": false, "is_moderated": false, "name_readable": "Natalie Goodman", "post_count": 0, "source_profile_id": 148816, "source_type": "profile", "image": {"picURL": "https://static1.personality-database.com/profile_images/7e26fd5d1dac452987176569a7173050.png"}, "join_to_post": false, "can_pin": false}, {"description": "", "follow_count": 0, "id": 115273, "is_following": false, "is_join_pending": false, "is_banned": false, "is_moderated": false, "name_readable": "Gabe Goodman", "post_count": 0, "source_profile_id": 148817, "source_type": "profile", "image": {"picURL": "https://static1.personality-database.com/profile_images/90e24c9734d3410285aaec51d6cdf2bc.png"}, "join_to_post": false, "can_pin": false}, {"description": "", "follow_count": 0, "id": 115276, "is_following": false, "is_join_pending": false, "is_banned": false, "is_moderated": false, "name_readable": "Henry", "post_count": 0, "source_profile_id": 148820, "source_type": "profile", "image": {"picURL": "https://static1.personality-database.com/profile_images/73051e0d9dd544419642e460588a22ea.png"}, "join_to_post": false, "can_pin": false}, {"description": "", "follow_count": 0, "id": 115277, "is_following": false, "is_join_pending": false, "is_banned": false, "is_moderated": false, "name_readable": "Dr. Fine", "post_count": 0, "source_profile_id": 148821, "source_type": "profile", "image": {"picURL": "https://static1.personality-database.com/profile_images/f700611662ce4604b60e78fde0cd95df.png"}, "join_to_post": false, "can_pin": false}, {"description": "", "follow_count": 0, "id": 115278, "is_following": false, "is_join_pending": false, "is_banned": false, "is_moderated": false, "name_readable": "Dr. Madden", "post_count": 0, "source_profile_id": 148822, "source_type": "profile", "image": {"picURL": "https://static1.personality-database.com/profile_images/7af7c96d90ee48aca5ced632ff63ba91.png"}, "join_to_post": false, "can_pin": false}], "subcategory": "Next to Normal", "topic_image_url": "https://static1.personality-database.com/profile_images/73051e0d9dd544419642e460588a22ea.png", "source_location": {"cid": 13, "pid": 2, "sub_cat_id": 10039}, "can_post_image": false, "can_post_audio": false, "posts": {"posts": []}}}}