{"id": 148816, "mbti_profile": "Natalie Goodman", "profile_name_searchable": "nataliegoodman", "allow_commenting": true, "allow_voting": true, "user_id": 0, "contributor": "the nameless", "contributor_create_date": "2020-06-15 19:18:45", "contributor_pic_path": "https://www.personality-database.com/images/profile_transparent.png", "display_order": 990, "edit_lock": 0, "edit_lock_picture": 0, "is_active": true, "is_approved": true, "mbti_enneagram_type": "INTJ 1w9", "mbti_type": "INTJ 1w9", "pdb_comment_access": true, "pdb_page_owner": 0, "pdb_public_access": true, "wiki_description": "", "watch_count": 9, "comment_count": 7, "vote_count": 18, "vote_count_enneagram": 13, "vote_count_mbti": 18, "total_vote_counts": 45, "personality_type": "INTJ - 1w9 - sp/sx - 135 - ILI - RLOEI - VLEF - Melancholic-Choleric", "type_updated_date": "2021-05-22 23:52:26", "enneagram_vote": "", "enneagram_vote_id": 0, "mbti_vote": "", "mbti_vote_id": 0, "is_watching": false, "image_exists": false, "profile_image_url": "https://static1.personality-database.com/profile_images/7e26fd5d1dac452987176569a7173050.png", "profile_image_credit": "", "profile_image_credit_id": 136602, "profile_image_credit_type": "0", "profile_image_credit_url": "", "alt_subcategory": "", "related_subcategories": "", "cat_id": 13, "category": "Theatre", "category_is_fictional": true, "sub_cat_id": 10039, "subcategory": "Next to Normal", "subcat_link_info": {"sub_cat_id": 10039, "cat_id": 13, "property_id": 2, "subcategory": "Next to Normal"}, "related_subcat_link_info": null, "related_profiles": [{"id": 148820, "mbti_profile": "Henry", "subcategory": "Next to Normal", "profile_image_url": "https://static1.personality-database.com/profile_images/73051e0d9dd544419642e460588a22ea.png", "profile_name": "Henry", "profile_subcat": "Next to Normal", "sub_cat_id": 10039, "cat_id": 13, "property_id": 2, "mbti": "INTP", "enneatype": "7w6"}, {"id": 148815, "mbti_profile": "Dan Goodman", "subcategory": "Next to Normal", "profile_image_url": "https://static1.personality-database.com/profile_images/0d0fc89927244c67b189f1f203c9ff20.png", "profile_name": "Dan Goodman", "profile_subcat": "Next to Normal", "sub_cat_id": 10039, "cat_id": 13, "property_id": 2, "mbti": "ISFJ", "enneatype": ""}, {"id": 148817, "mbti_profile": "Gabe Goodman", "subcategory": "Next to Normal", "profile_image_url": "https://static1.personality-database.com/profile_images/90e24c9734d3410285aaec51d6cdf2bc.png", "profile_name": "Gabe Goodman", "profile_subcat": "Next to Normal", "sub_cat_id": 10039, "cat_id": 13, "property_id": 2, "mbti": "ENFJ", "enneatype": "8w9"}, {"id": 148814, "mbti_profile": "Diana Goodman", "subcategory": "Next to Normal", "profile_image_url": "https://static1.personality-database.com/profile_images/61ed61e9a8d543b8a533e4e8c117aaf0.png", "profile_name": "Diana Goodman", "profile_subcat": "Next to Normal", "sub_cat_id": 10039, "cat_id": 13, "property_id": 2, "mbti": "ENFP", "enneatype": "4w3"}, {"id": 148821, "mbti_profile": "Dr. Fine", "subcategory": "Next to Normal", "profile_image_url": "https://static1.personality-database.com/profile_images/f700611662ce4604b60e78fde0cd95df.png", "profile_name": "Dr. Fine", "profile_subcat": "Next to Normal", "sub_cat_id": 10039, "cat_id": 13, "property_id": 2, "mbti": "INTJ", "enneatype": "3w2"}, {"id": 148822, "mbti_profile": "Dr. Madden", "subcategory": "Next to Normal", "profile_image_url": "https://static1.personality-database.com/profile_images/7af7c96d90ee48aca5ced632ff63ba91.png", "profile_name": "Dr. Madden", "profile_subcat": "Next to Normal", "sub_cat_id": 10039, "cat_id": 13, "property_id": 2, "mbti": "", "enneatype": "3w2"}], "functions": ["Ni", "Te", "Fi", "Se"], "systems": [{"hex_color": "#888888", "id": 1, "personality_type": "XXXX", "personality_type_id": 0, "system_name": "Four Letter", "system_vote_count": 17, "user_vote_type_id": 0, "vote_id": 0}, {"hex_color": "#006775", "id": 2, "personality_type": "XXXX", "personality_type_id": 0, "system_name": "Enneagram", "system_vote_count": 12, "user_vote_type_id": 0, "vote_id": 0}, {"hex_color": "#006775", "id": 5, "personality_type": "XXXX", "personality_type_id": 0, "system_name": "Instinctual Variant", "system_vote_count": 3, "user_vote_type_id": 0, "vote_id": 0}, {"hex_color": "#006775", "id": 6, "personality_type": "XXXX", "personality_type_id": 0, "system_name": "Tritype", "system_vote_count": 5, "user_vote_type_id": 0, "vote_id": 0}, {"hex_color": "#888888", "id": 3, "personality_type": "XXXX", "personality_type_id": 0, "system_name": "Socionics", "system_vote_count": 1, "user_vote_type_id": 0, "vote_id": 0}, {"hex_color": "#888888", "id": 9, "personality_type": "XXXX", "personality_type_id": 0, "system_name": "Big 5 (SLOAN)", "system_vote_count": 2, "user_vote_type_id": 0, "vote_id": 0}, {"hex_color": "#888888", "id": 8, "personality_type": "XXXX", "personality_type_id": 0, "system_name": "Attitudinal Psyche", "system_vote_count": 1, "user_vote_type_id": 0, "vote_id": 0}, {"hex_color": "#888888", "id": 7, "personality_type": "XXXX", "personality_type_id": 0, "system_name": "Temperaments", "system_vote_count": 3, "user_vote_type_id": 0, "vote_id": 0}, {"hex_color": "#888888", "id": 11, "personality_type": "XXXX", "personality_type_id": 0, "system_name": "Classic Jungian", "system_vote_count": 0, "user_vote_type_id": 0, "vote_id": 0}], "breakdown_systems": {"1": [{"myValue": "INTJ", "personality_system_id": 1, "personality_type": "INTJ", "theCount": 14}, {"myValue": "INTP", "personality_system_id": 1, "personality_type": "INTP", "theCount": 2}, {"myValue": "INFP", "personality_system_id": 1, "personality_type": "INFP", "theCount": 1}], "11": [{"myValue": "XXXX", "personality_system_id": 0, "personality_type": "XXXX", "theCount": 0}], "2": [{"myValue": "1w9", "personality_system_id": 2, "personality_type": "1w9", "theCount": 9}, {"myValue": "1w2", "personality_system_id": 2, "personality_type": "1w2", "theCount": 2}, {"myValue": "6w5", "personality_system_id": 2, "personality_type": "6w5", "theCount": 1}], "3": [{"myValue": "ILI", "personality_system_id": 3, "personality_type": "ILI", "theCount": 1}], "4": [{"myValue": "Lawful Neutral", "personality_system_id": 4, "personality_type": "Lawful Neutral", "theCount": 1}], "5": [{"myValue": "sp/sx", "personality_system_id": 5, "personality_type": "sp/sx", "theCount": 3}], "6": [{"myValue": "135", "personality_system_id": 6, "personality_type": "135", "theCount": 4}, {"myValue": "163", "personality_system_id": 6, "personality_type": "163", "theCount": 1}], "7": [{"myValue": "Melancholic-Choleric", "personality_system_id": 7, "personality_type": "Melancholic-Choleric", "theCount": 3}], "8": [{"myValue": "VLEF", "personality_system_id": 8, "personality_type": "VLEF", "theCount": 1}], "9": [{"myValue": "RLOEI", "personality_system_id": 9, "personality_type": "RLOEI", "theCount": 2}]}, "breakdown_config": {"expand": {"1": 3, "11": 1, "2": 3, "3": 1, "4": 1, "5": 1, "6": 1, "7": 1, "8": 1, "9": 1}, "fire": {"1": 0, "11": 0, "2": 0, "3": 0, "4": 0, "5": 0, "6": 0, "7": 0, "8": 0, "9": 0}}, "mbti_letter_stats": [{"type": "I", "percentage": "100%", "PercentageFloat": 1}, {"type": "N", "percentage": "100%", "PercentageFloat": 1}, {"type": "T", "percentage": "94%", "PercentageFloat": 0.9411764705882353}, {"type": "J", "percentage": "82%", "PercentageFloat": 0.8235294117647058}], "topic_info": {"can_generate": false, "topic": {"description": "", "follow_count": 0, "id": 115272, "is_following": false, "is_join_pending": false, "is_banned": false, "is_moderated": false, "name_readable": "Natalie Goodman", "post_count": 0, "source_profile_id": 148816, "source_type": "profile", "join_to_post": false, "can_pin": false, "related_topics": [{"description": "", "follow_count": 0, "id": 115270, "is_following": false, "is_join_pending": false, "is_banned": false, "is_moderated": false, "name_readable": "Diana Goodman", "post_count": 0, "source_profile_id": 148814, "source_type": "profile", "image": {"picURL": "https://static1.personality-database.com/profile_images/61ed61e9a8d543b8a533e4e8c117aaf0.png"}, "join_to_post": false, "can_pin": false}, {"description": "", "follow_count": 0, "id": 115271, "is_following": false, "is_join_pending": false, "is_banned": false, "is_moderated": false, "name_readable": "Dan Goodman", "post_count": 0, "source_profile_id": 148815, "source_type": "profile", "image": {"picURL": "https://static1.personality-database.com/profile_images/0d0fc89927244c67b189f1f203c9ff20.png"}, "join_to_post": false, "can_pin": false}, {"description": "", "follow_count": 0, "id": 115272, "is_following": false, "is_join_pending": false, "is_banned": false, "is_moderated": false, "name_readable": "Natalie Goodman", "post_count": 0, "source_profile_id": 148816, "source_type": "profile", "image": {"picURL": "https://static1.personality-database.com/profile_images/7e26fd5d1dac452987176569a7173050.png"}, "join_to_post": false, "can_pin": false}, {"description": "", "follow_count": 0, "id": 115273, "is_following": false, "is_join_pending": false, "is_banned": false, "is_moderated": false, "name_readable": "Gabe Goodman", "post_count": 0, "source_profile_id": 148817, "source_type": "profile", "image": {"picURL": "https://static1.personality-database.com/profile_images/90e24c9734d3410285aaec51d6cdf2bc.png"}, "join_to_post": false, "can_pin": false}, {"description": "", "follow_count": 0, "id": 115276, "is_following": false, "is_join_pending": false, "is_banned": false, "is_moderated": false, "name_readable": "Henry", "post_count": 0, "source_profile_id": 148820, "source_type": "profile", "image": {"picURL": "https://static1.personality-database.com/profile_images/73051e0d9dd544419642e460588a22ea.png"}, "join_to_post": false, "can_pin": false}, {"description": "", "follow_count": 0, "id": 115277, "is_following": false, "is_join_pending": false, "is_banned": false, "is_moderated": false, "name_readable": "Dr. Fine", "post_count": 0, "source_profile_id": 148821, "source_type": "profile", "image": {"picURL": "https://static1.personality-database.com/profile_images/f700611662ce4604b60e78fde0cd95df.png"}, "join_to_post": false, "can_pin": false}, {"description": "", "follow_count": 0, "id": 115278, "is_following": false, "is_join_pending": false, "is_banned": false, "is_moderated": false, "name_readable": "Dr. Madden", "post_count": 0, "source_profile_id": 148822, "source_type": "profile", "image": {"picURL": "https://static1.personality-database.com/profile_images/7af7c96d90ee48aca5ced632ff63ba91.png"}, "join_to_post": false, "can_pin": false}], "subcategory": "Next to Normal", "topic_image_url": "https://static1.personality-database.com/profile_images/7e26fd5d1dac452987176569a7173050.png", "source_location": {"cid": 13, "pid": 2, "sub_cat_id": 10039}, "can_post_image": false, "can_post_audio": false, "posts": {"posts": []}}}}