{"id": 14896, "mbti_profile": "Michael Mell", "profile_name_searchable": "michaelmell", "allow_commenting": true, "allow_voting": true, "user_id": 74515, "contributor": "televidalia", "contributor_create_date": "2018-08-09 18:22:30", "contributor_pic_path": "https://lh3.googleusercontent.com/a-/AOh14GiD75G45XFtz9N4WQs89_LEW8RE9etDb-e8_ui1=s96-c", "display_order": 995, "edit_lock": 0, "edit_lock_picture": 0, "is_active": true, "is_approved": true, "mbti_enneagram_type": "ISFP 6w7", "mbti_type": "ISFP 6w7", "pdb_comment_access": true, "pdb_page_owner": 0, "pdb_public_access": true, "wiki_description": "Jeremy's geeky best friend.", "watch_count": 157, "comment_count": 18, "vote_count": 184, "vote_count_enneagram": 61, "vote_count_mbti": 184, "total_vote_counts": 304, "personality_type": "ISFP - 6w7 - 694 - SEI - SLUAI - EFLV - Sanguine-Phlegmatic", "type_updated_date": "2021-05-19 20:36:07", "enneagram_vote": "", "enneagram_vote_id": 0, "mbti_vote": "", "mbti_vote_id": 0, "is_watching": false, "image_exists": false, "profile_image_url": "https://static1.personality-database.com/profile_images/d5a601a1bc4b4a7eb88ae550715c3956.png", "profile_image_credit": "", "profile_image_credit_id": 477457, "profile_image_credit_type": "0", "profile_image_credit_url": "", "alt_subcategory": "", "related_subcategories": "", "cat_id": 13, "category": "Theatre", "category_is_fictional": true, "sub_cat_id": 1846, "subcategory": "Be More Chill", "subcat_link_info": {"sub_cat_id": 1846, "cat_id": 13, "property_id": 2, "subcategory": "Be More Chill"}, "related_subcat_link_info": null, "related_profiles": [{"id": 14895, "mbti_profile": "Jeremy Heere", "subcategory": "Be More Chill", "profile_image_url": "https://static1.personality-database.com/profile_images/92e7043c79e74c818d82453fa215be32.png", "profile_name": "Jeremy Heere", "profile_subcat": "Be More Chill", "sub_cat_id": 1846, "cat_id": 13, "property_id": 2, "mbti": "INTP", "enneatype": "6w5"}, {"id": 16846, "mbti_profile": "The SQUIP", "subcategory": "Be More Chill", "profile_image_url": "https://static1.personality-database.com/profile_images/befe89d823814e27908f920b49448760.png", "profile_name": "The SQUIP", "profile_subcat": "Be More Chill", "sub_cat_id": 1846, "cat_id": 13, "property_id": 2, "mbti": "ENTJ", "enneatype": "3w2"}, {"id": 14897, "mbti_profile": "Christine Canigula", "subcategory": "Be More Chill", "profile_image_url": "https://static1.personality-database.com/profile_images/a3235c3ee95e49e394f791435f932694.png", "profile_name": "Christine Canigula", "profile_subcat": "Be More Chill", "sub_cat_id": 1846, "cat_id": 13, "property_id": 2, "mbti": "ENFP", "enneatype": "7w6"}, {"id": 16845, "mbti_profile": "Chloe Valentine", "subcategory": "Be More Chill", "profile_image_url": "https://static1.personality-database.com/profile_images/b802c1a0c5264fce95ebbea6dd7ee1ba.png", "profile_name": "Chloe Valentine", "profile_subcat": "Be More Chill", "sub_cat_id": 1846, "cat_id": 13, "property_id": 2, "mbti": "ESFJ", "enneatype": "3w4"}, {"id": 16847, "mbti_profile": "Brooke Lohst", "subcategory": "Be More Chill", "profile_image_url": "https://static1.personality-database.com/profile_images/ef93d9b9f7e4483c9e350174aa5f6b81.png", "profile_name": "Brooke Lohst", "profile_subcat": "Be More Chill", "sub_cat_id": 1846, "cat_id": 13, "property_id": 2, "mbti": "ESFJ", "enneatype": "6w7"}, {"id": 16849, "mbti_profile": "Rich Goranski", "subcategory": "Be More Chill", "profile_image_url": "https://static1.personality-database.com/profile_images/77b7a1a2972a495c91d0067578a4f124.png", "profile_name": "Rich Goranski", "profile_subcat": "Be More Chill", "sub_cat_id": 1846, "cat_id": 13, "property_id": 2, "mbti": "ESFP", "enneatype": "3w4"}, {"id": 16853, "mbti_profile": "Jake Dillinger", "subcategory": "Be More Chill", "profile_image_url": "https://static1.personality-database.com/profile_images/69ee5d49c2354a15a907a6290f10384a.png", "profile_name": "Jake Dillinger", "profile_subcat": "Be More Chill", "sub_cat_id": 1846, "cat_id": 13, "property_id": 2, "mbti": "ESFP", "enneatype": "3w4"}, {"id": 16850, "mbti_profile": "Jenna Rolan", "subcategory": "Be More Chill", "profile_image_url": "https://static1.personality-database.com/profile_images/b69caf461d8a4a2fbda56ab1436485dc.png", "profile_name": "Jenna Rolan", "profile_subcat": "Be More Chill", "sub_cat_id": 1846, "cat_id": 13, "property_id": 2, "mbti": "ESTP", "enneatype": "7w8"}], "functions": ["Fi", "Se", "Ni", "Te"], "systems": [{"hex_color": "#888888", "id": 1, "personality_type": "XXXX", "personality_type_id": 0, "system_name": "Four Letter", "system_vote_count": 181, "user_vote_type_id": 0, "vote_id": 0}, {"hex_color": "#006775", "id": 2, "personality_type": "XXXX", "personality_type_id": 0, "system_name": "Enneagram", "system_vote_count": 59, "user_vote_type_id": 0, "vote_id": 0}, {"hex_color": "#006775", "id": 5, "personality_type": "XXXX", "personality_type_id": 0, "system_name": "Instinctual Variant", "system_vote_count": 18, "user_vote_type_id": 0, "vote_id": 0}, {"hex_color": "#006775", "id": 6, "personality_type": "XXXX", "personality_type_id": 0, "system_name": "Tritype", "system_vote_count": 10, "user_vote_type_id": 0, "vote_id": 0}, {"hex_color": "#888888", "id": 3, "personality_type": "XXXX", "personality_type_id": 0, "system_name": "Socionics", "system_vote_count": 4, "user_vote_type_id": 0, "vote_id": 0}, {"hex_color": "#888888", "id": 9, "personality_type": "XXXX", "personality_type_id": 0, "system_name": "Big 5 (SLOAN)", "system_vote_count": 5, "user_vote_type_id": 0, "vote_id": 0}, {"hex_color": "#888888", "id": 8, "personality_type": "XXXX", "personality_type_id": 0, "system_name": "Attitudinal Psyche", "system_vote_count": 5, "user_vote_type_id": 0, "vote_id": 0}, {"hex_color": "#888888", "id": 7, "personality_type": "XXXX", "personality_type_id": 0, "system_name": "Temperaments", "system_vote_count": 16, "user_vote_type_id": 0, "vote_id": 0}, {"hex_color": "#888888", "id": 11, "personality_type": "XXXX", "personality_type_id": 0, "system_name": "Classic Jungian", "system_vote_count": 1, "user_vote_type_id": 0, "vote_id": 0}], "breakdown_systems": {"1": [{"myValue": "ISFP", "personality_system_id": 1, "personality_type": "ISFP", "theCount": 118}, {"myValue": "INFP", "personality_system_id": 1, "personality_type": "INFP", "theCount": 41}, {"myValue": "ENFP", "personality_system_id": 1, "personality_type": "ENFP", "theCount": 15}, {"myValue": "INTP", "personality_system_id": 1, "personality_type": "INTP", "theCount": 3}, {"myValue": "ISFJ", "personality_system_id": 1, "personality_type": "ISFJ", "theCount": 2}, {"myValue": "ENTP", "personality_system_id": 1, "personality_type": "ENTP", "theCount": 1}, {"myValue": "ESFP", "personality_system_id": 1, "personality_type": "ESFP", "theCount": 1}], "11": [{"myValue": "IF(N)", "personality_system_id": 11, "personality_type": "IF(N)", "theCount": 1}], "2": [{"myValue": "6w7", "personality_system_id": 2, "personality_type": "6w7", "theCount": 52}, {"myValue": "4w5", "personality_system_id": 2, "personality_type": "4w5", "theCount": 3}, {"myValue": "4w3", "personality_system_id": 2, "personality_type": "4w3", "theCount": 1}, {"myValue": "6w5", "personality_system_id": 2, "personality_type": "6w5", "theCount": 1}, {"myValue": "7w6", "personality_system_id": 2, "personality_type": "7w6", "theCount": 1}, {"myValue": "9w8", "personality_system_id": 2, "personality_type": "9w8", "theCount": 1}], "3": [{"myValue": "SEI", "personality_system_id": 3, "personality_type": "SEI", "theCount": 4}], "4": [{"myValue": "Chaotic Good", "personality_system_id": 4, "personality_type": "Chaotic Good", "theCount": 4}, {"myValue": "Neutral Good", "personality_system_id": 4, "personality_type": "Neutral Good", "theCount": 1}], "5": [{"myValue": "sx/so", "personality_system_id": 5, "personality_type": "sx/so", "theCount": 5}, {"myValue": "sx/sp", "personality_system_id": 5, "personality_type": "sx/sp", "theCount": 5}, {"myValue": "so/sx", "personality_system_id": 5, "personality_type": "so/sx", "theCount": 4}, {"myValue": "sp/sx", "personality_system_id": 5, "personality_type": "sp/sx", "theCount": 3}, {"myValue": "sp/so", "personality_system_id": 5, "personality_type": "sp/so", "theCount": 1}], "6": [{"myValue": "694", "personality_system_id": 6, "personality_type": "694", "theCount": 7}, {"myValue": "135", "personality_system_id": 6, "personality_type": "135", "theCount": 1}, {"myValue": "649", "personality_system_id": 6, "personality_type": "649", "theCount": 1}, {"myValue": "972", "personality_system_id": 6, "personality_type": "972", "theCount": 1}], "7": [{"myValue": "Sanguine-Phlegmatic", "personality_system_id": 7, "personality_type": "Sanguine-Phlegmatic", "theCount": 7}, {"myValue": "Sanguine-Melancholic", "personality_system_id": 7, "personality_type": "Sanguine-Melancholic", "theCount": 6}, {"myValue": "Melancholic-Sanguine", "personality_system_id": 7, "personality_type": "Melancholic-Sanguine", "theCount": 2}, {"myValue": "Phlegmatic-Sanguine", "personality_system_id": 7, "personality_type": "Phlegmatic-Sanguine", "theCount": 1}], "8": [{"myValue": "EFLV", "personality_system_id": 8, "personality_type": "EFLV", "theCount": 3}, {"myValue": "EFVL", "personality_system_id": 8, "personality_type": "EFVL", "theCount": 1}, {"myValue": "FELV", "personality_system_id": 8, "personality_type": "FELV", "theCount": 1}], "9": [{"myValue": "SLUAI", "personality_system_id": 9, "personality_type": "SLUAI", "theCount": 2}, {"myValue": "RCUAI", "personality_system_id": 9, "personality_type": "RCUAI", "theCount": 1}, {"myValue": "RLUAI", "personality_system_id": 9, "personality_type": "RLUAI", "theCount": 1}, {"myValue": "RLUEI", "personality_system_id": 9, "personality_type": "RLUEI", "theCount": 1}]}, "breakdown_config": {"expand": {"1": 3, "11": 1, "2": 3, "3": 1, "4": 1, "5": 1, "6": 1, "7": 1, "8": 1, "9": 1}, "fire": {"1": 0, "11": 0, "2": 0, "3": 0, "4": 0, "5": 0, "6": 0, "7": 0, "8": 0, "9": 0}}, "mbti_letter_stats": [{"type": "I", "percentage": "91%", "PercentageFloat": 0.9060773480662984}, {"type": "S", "percentage": "67%", "PercentageFloat": 0.6685082872928176}, {"type": "F", "percentage": "98%", "PercentageFloat": 0.9779005524861878}, {"type": "P", "percentage": "99%", "PercentageFloat": 0.988950276243094}], "topic_info": {"can_generate": false, "topic": {"description": "", "follow_count": 0, "id": 13725, "is_following": false, "is_join_pending": false, "is_banned": false, "is_moderated": false, "name_readable": "Michael Mell", "post_count": 2, "source_profile_id": 14896, "source_type": "profile", "join_to_post": false, "can_pin": false, "related_topics": [{"description": "", "follow_count": 0, "id": 13725, "is_following": false, "is_join_pending": false, "is_banned": false, "is_moderated": false, "name_readable": "Michael Mell", "post_count": 2, "source_profile_id": 14896, "source_type": "profile", "image": {"picURL": "https://static1.personality-database.com/profile_images/d5a601a1bc4b4a7eb88ae550715c3956.png"}, "join_to_post": false, "can_pin": false}, {"description": "", "follow_count": 0, "id": 13726, "is_following": false, "is_join_pending": false, "is_banned": false, "is_moderated": false, "name_readable": "Christine Canigula", "post_count": 1, "source_profile_id": 14897, "source_type": "profile", "image": {"picURL": "https://static1.personality-database.com/profile_images/a3235c3ee95e49e394f791435f932694.png"}, "join_to_post": false, "can_pin": false}, {"description": "", "follow_count": 1, "id": 15496, "is_following": false, "is_join_pending": false, "is_banned": false, "is_moderated": false, "name_readable": "Jake Dillinger", "post_count": 1, "source_profile_id": 16853, "source_type": "profile", "image": {"picURL": "https://static1.personality-database.com/profile_images/69ee5d49c2354a15a907a6290f10384a.png"}, "join_to_post": false, "can_pin": false}, {"description": "", "follow_count": 0, "id": 13724, "is_following": false, "is_join_pending": false, "is_banned": false, "is_moderated": false, "name_readable": "Jeremy Heere", "post_count": 0, "source_profile_id": 14895, "source_type": "profile", "image": {"picURL": "https://static1.personality-database.com/profile_images/92e7043c79e74c818d82453fa215be32.png"}, "join_to_post": false, "can_pin": false}, {"description": "", "follow_count": 0, "id": 15488, "is_following": false, "is_join_pending": false, "is_banned": false, "is_moderated": false, "name_readable": "Chloe Valentine", "post_count": 0, "source_profile_id": 16845, "source_type": "profile", "image": {"picURL": "https://static1.personality-database.com/profile_images/b802c1a0c5264fce95ebbea6dd7ee1ba.png"}, "join_to_post": false, "can_pin": false}, {"description": "", "follow_count": 0, "id": 15489, "is_following": false, "is_join_pending": false, "is_banned": false, "is_moderated": false, "name_readable": "The SQUIP", "post_count": 0, "source_profile_id": 16846, "source_type": "profile", "image": {"picURL": "https://static1.personality-database.com/profile_images/befe89d823814e27908f920b49448760.png"}, "join_to_post": false, "can_pin": false}, {"description": "", "follow_count": 0, "id": 15490, "is_following": false, "is_join_pending": false, "is_banned": false, "is_moderated": false, "name_readable": "Brooke Lohst", "post_count": 0, "source_profile_id": 16847, "source_type": "profile", "image": {"picURL": "https://static1.personality-database.com/profile_images/ef93d9b9f7e4483c9e350174aa5f6b81.png"}, "join_to_post": false, "can_pin": false}, {"description": "", "follow_count": 0, "id": 15491, "is_following": false, "is_join_pending": false, "is_banned": false, "is_moderated": false, "name_readable": "Mr. Heere", "post_count": 0, "source_profile_id": 16848, "source_type": "profile", "image": {"picURL": "https://static1.personality-database.com/profile_images/e38db86abb114c44870e65d4b9803d51.png"}, "join_to_post": false, "can_pin": false}, {"description": "", "follow_count": 0, "id": 15492, "is_following": false, "is_join_pending": false, "is_banned": false, "is_moderated": false, "name_readable": "Rich Goranski", "post_count": 0, "source_profile_id": 16849, "source_type": "profile", "image": {"picURL": "https://static1.personality-database.com/profile_images/77b7a1a2972a495c91d0067578a4f124.png"}, "join_to_post": false, "can_pin": false}, {"description": "", "follow_count": 0, "id": 15493, "is_following": false, "is_join_pending": false, "is_banned": false, "is_moderated": false, "name_readable": "Jenna Rolan", "post_count": 0, "source_profile_id": 16850, "source_type": "profile", "image": {"picURL": "https://static1.personality-database.com/profile_images/b69caf461d8a4a2fbda56ab1436485dc.png"}, "join_to_post": false, "can_pin": false}, {"description": "", "follow_count": 1, "id": 15494, "is_following": false, "is_join_pending": false, "is_banned": false, "is_moderated": false, "name_readable": "Scary Stockboy", "post_count": 0, "source_profile_id": 16851, "source_type": "profile", "image": {"picURL": "https://www.personality-database.com/images/profile_transparent.png"}, "join_to_post": false, "can_pin": false}, {"description": "", "follow_count": 0, "id": 15495, "is_following": false, "is_join_pending": false, "is_banned": false, "is_moderated": false, "name_readable": "Mr. Reyes", "post_count": 0, "source_profile_id": 16852, "source_type": "profile", "image": {"picURL": "https://static1.personality-database.com/profile_images/169c5fa3e95e4b559768e965fff7fe02.png"}, "join_to_post": false, "can_pin": false}], "subcategory": "Be More Chill", "topic_image_url": "https://static1.personality-database.com/profile_images/d5a601a1bc4b4a7eb88ae550715c3956.png", "source_location": {"cid": 13, "pid": 2, "sub_cat_id": 1846}, "can_post_image": false, "can_post_audio": false, "posts": {"posts": [{"username": "itspronouncedbahgulnotbaygul", "user_pic_path": "https://static1.personality-database.com/user_avatars/867718/bc66f14c-c859-4c1a-8bd6-6dd684fbd247.jpeg", "user_personality_type": "ENFP-4w3-459", "is_mod": false, "comment_count": 0, "reply_count": 0, "vote_type": 0, "topics_list": [{"id": 13725, "name_readable": "Michael Mell"}], "id": 2089280, "post_id": 2089280, "user_id": 867718, "title": "", "content": "He\u2019s an extrovert, sorry not sorry", "create_date": 1672687782000, "unix_timestamp": 1672687782000, "update_date": 1672687782000, "vote_count": 0, "vote_count_down": 0, "is_reported": 0, "is_hidden": false, "is_pinned": false, "is_watching": false, "is_pro_user": false, "images": null, "audios": null, "function_list": [], "type": "post"}, {"username": "mello", "user_pic_path": "https://lh3.googleusercontent.com/a-/AFdZucoRdSA1-1Xcb8SXgtqDXBBj3f62xhSuKLxKKZafWQ=s96-c", "user_personality_type": "INFJ-4w5-451", "is_mod": false, "comment_count": 0, "reply_count": 0, "vote_type": 0, "topics_list": [{"id": 13725, "name_readable": "Michael Mell"}], "id": 1790681, "post_id": 1790681, "user_id": 36247, "title": "", "content": "he was the saving grace of an otherwise very average musical", "create_date": 1606856639000, "unix_timestamp": 1606856639000, "update_date": 1606856639000, "vote_count": 42, "vote_count_down": 0, "is_reported": 1, "is_hidden": false, "is_pinned": false, "is_watching": false, "is_pro_user": false, "images": null, "audios": null, "function_list": [], "type": "post"}]}}}}