{"id": 14928, "mbti_profile": "Prince Fiyero Tiggular/The Scarecrow", "profile_name_searchable": "fiyero", "allow_commenting": true, "allow_voting": true, "user_id": 5034, "contributor": "Pixie Corpse", "contributor_create_date": "2018-08-10 19:49:53", "contributor_pic_path": "https://lh3.googleusercontent.com/a-/AOh14GhP11oLePJpse_uE9Avam1p-5603jw0OakH4qPw=s96-c", "display_order": 0, "edit_lock": 0, "edit_lock_picture": 0, "is_active": true, "is_approved": true, "mbti_enneagram_type": "ESFP 7w6", "mbti_type": "ESFP 7w6", "pdb_comment_access": true, "pdb_page_owner": 0, "pdb_public_access": true, "wiki_description": "\"Life is fraught-less when you're thoughtless. Those who don't try never look foolish.'\"", "watch_count": 13, "comment_count": 8, "vote_count": 30, "vote_count_enneagram": 11, "vote_count_mbti": 30, "total_vote_counts": 63, "personality_type": "ESFP - 7w6 - sx/sp - 792 - SEE - SCUAN - FVEL - Sanguine [Dominant]", "type_updated_date": "2022-04-22 16:31:48", "enneagram_vote": "", "enneagram_vote_id": 0, "mbti_vote": "", "mbti_vote_id": 0, "is_watching": false, "image_exists": false, "profile_image_url": "https://static1.personality-database.com/profile_images/a0db39a9ac704989942cf429f02bd7b9.png", "profile_image_credit": "", "profile_image_credit_id": 50398, "profile_image_credit_type": "0", "profile_image_credit_url": "https://wicked.fandom.com/wiki/Fiyero_Tigelaar", "alt_subcategory": "", "related_subcategories": "", "cat_id": 13, "category": "Theatre", "category_is_fictional": true, "sub_cat_id": 1361, "subcategory": "Wicked", "subcat_link_info": {"sub_cat_id": 1361, "cat_id": 13, "property_id": 2, "subcategory": "Wicked"}, "related_subcat_link_info": null, "related_profiles": [{"id": 8527, "mbti_profile": "Elphaba Thropp/The Wicked Witch of the West", "subcategory": "Wicked", "profile_image_url": "https://static1.personality-database.com/profile_images/0833b9bb68b44e3392ea9255cc8f2573.png", "profile_name": "Elphaba Thropp/The Wicked Witch of the West", "profile_subcat": "Wicked", "sub_cat_id": 1361, "cat_id": 13, "property_id": 2, "mbti": "INTJ", "enneatype": "4w3"}, {"id": 50154, "mbti_profile": "Nessarose Thropp/The Wicked Witch of the East", "subcategory": "Wicked", "profile_image_url": "https://static1.personality-database.com/profile_images/34732a8b06224c90a7807f7a04004a7f.png", "profile_name": "Nessarose Thropp/The Wicked Witch of the East", "profile_subcat": "Wicked", "sub_cat_id": 1361, "cat_id": 13, "property_id": 2, "mbti": "ISFJ", "enneatype": "1w9"}, {"id": 50155, "mbti_profile": "The Wizard", "subcategory": "Wicked", "profile_image_url": "https://static1.personality-database.com/profile_images/d3013b311d164382ad73008763ec5772.png", "profile_name": "The Wizard", "profile_subcat": "Wicked", "sub_cat_id": 1361, "cat_id": 13, "property_id": 2, "mbti": "ENTP", "enneatype": "3w4"}, {"id": 337917, "mbti_profile": "Dr. Dillamond", "subcategory": "Wicked", "profile_image_url": "https://static1.personality-database.com/profile_images/280acf87e37f45f38a3c5f3239b13527.png", "profile_name": "Dr. Dillamond", "profile_subcat": "Wicked", "sub_cat_id": 1361, "cat_id": 13, "property_id": 2, "mbti": "INFJ", "enneatype": "5w4"}, {"id": 50153, "mbti_profile": "Boq/The Tin-Man", "subcategory": "Wicked", "profile_image_url": "https://static1.personality-database.com/profile_images/5e66ce3ef1514557b5d6c2587ecb1fd1.png", "profile_name": "Boq/The Tin-Man", "profile_subcat": "Wicked", "sub_cat_id": 1361, "cat_id": 13, "property_id": 2, "mbti": "ISFJ", "enneatype": "9w1"}, {"id": 14927, "mbti_profile": "Lady Glinda Upland/Glinda, The Good", "subcategory": "Wicked", "profile_image_url": "https://static1.personality-database.com/profile_images/12289586c60b4cebbb7d352ba7e63909.png", "profile_name": "Lady Glinda Upland/Glinda, The Good", "profile_subcat": "Wicked", "sub_cat_id": 1361, "cat_id": 13, "property_id": 2, "mbti": "ESFJ", "enneatype": "3w2"}, {"id": 187411, "mbti_profile": "Madame Morrible", "subcategory": "Wicked", "profile_image_url": "https://static1.personality-database.com/profile_images/8f633796946847f09add3a69c0013372.png", "profile_name": "Madame Morrible", "profile_subcat": "Wicked", "sub_cat_id": 1361, "cat_id": 13, "property_id": 2, "mbti": "ESTJ", "enneatype": "3w4"}, {"id": 385213, "mbti_profile": "Chistery", "subcategory": "Wicked", "profile_image_url": "https://static1.personality-database.com/profile_images/15dfcf428c7c4340bf5ce887ac03f20b.png", "profile_name": "Chistery", "profile_subcat": "Wicked", "sub_cat_id": 1361, "cat_id": 13, "property_id": 2, "mbti": "ISFP", "enneatype": "6w5"}], "functions": ["Se", "Fi", "Te", "Ni"], "systems": [{"hex_color": "#888888", "id": 1, "personality_type": "XXXX", "personality_type_id": 0, "system_name": "Four Letter", "system_vote_count": 30, "user_vote_type_id": 0, "vote_id": 0}, {"hex_color": "#006775", "id": 2, "personality_type": "XXXX", "personality_type_id": 0, "system_name": "Enneagram", "system_vote_count": 11, "user_vote_type_id": 0, "vote_id": 0}, {"hex_color": "#006775", "id": 5, "personality_type": "XXXX", "personality_type_id": 0, "system_name": "Instinctual Variant", "system_vote_count": 2, "user_vote_type_id": 0, "vote_id": 0}, {"hex_color": "#006775", "id": 6, "personality_type": "XXXX", "personality_type_id": 0, "system_name": "Tritype", "system_vote_count": 5, "user_vote_type_id": 0, "vote_id": 0}, {"hex_color": "#888888", "id": 3, "personality_type": "XXXX", "personality_type_id": 0, "system_name": "Socionics", "system_vote_count": 2, "user_vote_type_id": 0, "vote_id": 0}, {"hex_color": "#888888", "id": 9, "personality_type": "XXXX", "personality_type_id": 0, "system_name": "Big 5 (SLOAN)", "system_vote_count": 3, "user_vote_type_id": 0, "vote_id": 0}, {"hex_color": "#888888", "id": 8, "personality_type": "XXXX", "personality_type_id": 0, "system_name": "Attitudinal Psyche", "system_vote_count": 4, "user_vote_type_id": 0, "vote_id": 0}, {"hex_color": "#888888", "id": 7, "personality_type": "XXXX", "personality_type_id": 0, "system_name": "Temperaments", "system_vote_count": 4, "user_vote_type_id": 0, "vote_id": 0}, {"hex_color": "#888888", "id": 11, "personality_type": "XXXX", "personality_type_id": 0, "system_name": "Classic Jungian", "system_vote_count": 1, "user_vote_type_id": 0, "vote_id": 0}], "breakdown_systems": {"1": [{"myValue": "ESFP", "personality_system_id": 1, "personality_type": "ESFP", "theCount": 27}, {"myValue": "ENFP", "personality_system_id": 1, "personality_type": "ENFP", "theCount": 1}, {"myValue": "ESTP", "personality_system_id": 1, "personality_type": "ESTP", "theCount": 1}, {"myValue": "ISFJ", "personality_system_id": 1, "personality_type": "ISFJ", "theCount": 1}], "11": [{"myValue": "ES(F)", "personality_system_id": 11, "personality_type": "ES(F)", "theCount": 1}], "2": [{"myValue": "7w6", "personality_system_id": 2, "personality_type": "7w6", "theCount": 8}, {"myValue": "7w8", "personality_system_id": 2, "personality_type": "7w8", "theCount": 2}, {"myValue": "3w2", "personality_system_id": 2, "personality_type": "3w2", "theCount": 1}], "3": [{"myValue": "SEE", "personality_system_id": 3, "personality_type": "SEE", "theCount": 2}], "4": [{"myValue": "Chaotic Good", "personality_system_id": 4, "personality_type": "Chaotic Good", "theCount": 1}], "5": [{"myValue": "sx/sp", "personality_system_id": 5, "personality_type": "sx/sp", "theCount": 2}], "6": [{"myValue": "792", "personality_system_id": 6, "personality_type": "792", "theCount": 2}, {"myValue": "729", "personality_system_id": 6, "personality_type": "729", "theCount": 1}, {"myValue": "739", "personality_system_id": 6, "personality_type": "739", "theCount": 1}, {"myValue": "794", "personality_system_id": 6, "personality_type": "794", "theCount": 1}], "7": [{"myValue": "Sanguine [Dominant]", "personality_system_id": 7, "personality_type": "Sanguine [Dominant]", "theCount": 4}], "8": [{"myValue": "FEVL", "personality_system_id": 8, "personality_type": "FEVL", "theCount": 2}, {"myValue": "FVEL", "personality_system_id": 8, "personality_type": "FVEL", "theCount": 2}], "9": [{"myValue": "SCUAN", "personality_system_id": 9, "personality_type": "SCUAN", "theCount": 2}, {"myValue": "SCUEI", "personality_system_id": 9, "personality_type": "SCUEI", "theCount": 1}]}, "breakdown_config": {"expand": {"1": 3, "11": 1, "2": 3, "3": 1, "4": 1, "5": 1, "6": 1, "7": 1, "8": 1, "9": 1}, "fire": {"1": 0, "11": 0, "2": 0, "3": 0, "4": 0, "5": 0, "6": 0, "7": 0, "8": 0, "9": 0}}, "mbti_letter_stats": [{"type": "E", "percentage": "97%", "PercentageFloat": 0.9666666666666667}, {"type": "S", "percentage": "97%", "PercentageFloat": 0.9666666666666667}, {"type": "F", "percentage": "97%", "PercentageFloat": 0.9666666666666667}, {"type": "P", "percentage": "97%", "PercentageFloat": 0.9666666666666667}], "topic_info": {"can_generate": false, "topic": {"description": "", "follow_count": 0, "id": 13757, "is_following": false, "is_join_pending": false, "is_banned": false, "is_moderated": false, "name_readable": "Fiyero", "post_count": 0, "source_profile_id": 14928, "source_type": "profile", "join_to_post": false, "can_pin": false, "related_topics": [{"description": "", "follow_count": 0, "id": 7969, "is_following": false, "is_join_pending": false, "is_banned": false, "is_moderated": false, "name_readable": "Elphaba", "post_count": 1, "source_profile_id": 8527, "source_type": "profile", "image": {"picURL": "https://static1.personality-database.com/profile_images/0833b9bb68b44e3392ea9255cc8f2573.png"}, "join_to_post": false, "can_pin": false}, {"description": "", "follow_count": 0, "id": 13756, "is_following": false, "is_join_pending": false, "is_banned": false, "is_moderated": false, "name_readable": "Glinda", "post_count": 0, "source_profile_id": 14927, "source_type": "profile", "image": {"picURL": "https://static1.personality-database.com/profile_images/12289586c60b4cebbb7d352ba7e63909.png"}, "join_to_post": false, "can_pin": false}, {"description": "", "follow_count": 0, "id": 13757, "is_following": false, "is_join_pending": false, "is_banned": false, "is_moderated": false, "name_readable": "Fiyero", "post_count": 0, "source_profile_id": 14928, "source_type": "profile", "image": {"picURL": "https://static1.personality-database.com/profile_images/a0db39a9ac704989942cf429f02bd7b9.png"}, "join_to_post": false, "can_pin": false}, {"description": "", "follow_count": 0, "id": 43954, "is_following": false, "is_join_pending": false, "is_banned": false, "is_moderated": false, "name_readable": "Boq", "post_count": 0, "source_profile_id": 50153, "source_type": "profile", "image": {"picURL": "https://static1.personality-database.com/profile_images/5e66ce3ef1514557b5d6c2587ecb1fd1.png"}, "join_to_post": false, "can_pin": false}, {"description": "", "follow_count": 0, "id": 43955, "is_following": false, "is_join_pending": false, "is_banned": false, "is_moderated": false, "name_readable": "Nessarose", "post_count": 0, "source_profile_id": 50154, "source_type": "profile", "image": {"picURL": "https://static1.personality-database.com/profile_images/34732a8b06224c90a7807f7a04004a7f.png"}, "join_to_post": false, "can_pin": false}, {"description": "", "follow_count": 0, "id": 43956, "is_following": false, "is_join_pending": false, "is_banned": false, "is_moderated": false, "name_readable": "The Wizard", "post_count": 0, "source_profile_id": 50155, "source_type": "profile", "image": {"picURL": "https://static1.personality-database.com/profile_images/d3013b311d164382ad73008763ec5772.png"}, "join_to_post": false, "can_pin": false}, {"description": "", "follow_count": 0, "id": 144523, "is_following": false, "is_join_pending": false, "is_banned": false, "is_moderated": false, "name_readable": "Madame Morrible", "post_count": 0, "source_profile_id": 187411, "source_type": "profile", "image": {"picURL": "https://static1.personality-database.com/profile_images/8f633796946847f09add3a69c0013372.png"}, "join_to_post": false, "can_pin": false}, {"description": "", "follow_count": 0, "id": 259953, "is_following": false, "is_join_pending": false, "is_banned": false, "is_moderated": false, "name_readable": "Dr. Dillamond", "post_count": 0, "source_profile_id": 337917, "source_type": "profile", "image": {"picURL": "https://static1.personality-database.com/profile_images/280acf87e37f45f38a3c5f3239b13527.png"}, "join_to_post": false, "can_pin": false}, {"description": "", "follow_count": 0, "id": 296339, "is_following": false, "is_join_pending": false, "is_banned": false, "is_moderated": false, "name_readable": "Chistery", "post_count": 0, "source_profile_id": 385213, "source_type": "profile", "image": {"picURL": "https://static1.personality-database.com/profile_images/15dfcf428c7c4340bf5ce887ac03f20b.png"}, "join_to_post": false, "can_pin": false}], "subcategory": "Wicked", "topic_image_url": "https://static1.personality-database.com/profile_images/a0db39a9ac704989942cf429f02bd7b9.png", "source_location": {"cid": 13, "pid": 2, "sub_cat_id": 1361}, "can_post_image": false, "can_post_audio": false, "posts": {"posts": []}}}}