{"id": 14927, "mbti_profile": "Lady Glinda Upland/Glinda, The Good", "profile_name_searchable": "glinda", "allow_commenting": true, "allow_voting": true, "user_id": 5034, "contributor": "Pixie Corpse", "contributor_create_date": "2018-08-10 19:49:38", "contributor_pic_path": "https://lh3.googleusercontent.com/a-/AOh14GhP11oLePJpse_uE9Avam1p-5603jw0OakH4qPw=s96-c", "display_order": 0, "edit_lock": 0, "edit_lock_picture": 0, "is_active": true, "is_approved": true, "mbti_enneagram_type": "ESFJ 3w2", "mbti_type": "ESFJ 3w2", "pdb_comment_access": true, "pdb_page_owner": 0, "pdb_public_access": true, "wiki_description": "", "watch_count": 43, "comment_count": 0, "vote_count": 107, "vote_count_enneagram": 52, "vote_count_mbti": 107, "total_vote_counts": 212, "personality_type": "ESFJ - 3w2 - so/sx - 379 - ESE - SCOEN - VEFL - Sanguine [Dominant] - EF(S)", "type_updated_date": "2022-12-17 16:05:23", "enneagram_vote": "", "enneagram_vote_id": 0, "mbti_vote": "", "mbti_vote_id": 0, "is_watching": false, "image_exists": false, "profile_image_url": "https://static1.personality-database.com/profile_images/12289586c60b4cebbb7d352ba7e63909.png", "profile_image_credit": "", "profile_image_credit_id": 50396, "profile_image_credit_type": "0", "profile_image_credit_url": "https://wicked.fandom.com/wiki/Glinda_Upland/Musical", "alt_subcategory": "", "related_subcategories": "", "cat_id": 13, "category": "Theatre", "category_is_fictional": true, "sub_cat_id": 1361, "subcategory": "Wicked", "subcat_link_info": {"sub_cat_id": 1361, "cat_id": 13, "property_id": 2, "subcategory": "Wicked"}, "related_subcat_link_info": null, "related_profiles": [{"id": 8527, "mbti_profile": "Elphaba Thropp/The Wicked Witch of the West", "subcategory": "Wicked", "profile_image_url": "https://static1.personality-database.com/profile_images/0833b9bb68b44e3392ea9255cc8f2573.png", "profile_name": "Elphaba Thropp/The Wicked Witch of the West", "profile_subcat": "Wicked", "sub_cat_id": 1361, "cat_id": 13, "property_id": 2, "mbti": "INTJ", "enneatype": "4w3"}, {"id": 14928, "mbti_profile": "Prince Fiyero Tiggular/The Scarecrow", "subcategory": "Wicked", "profile_image_url": "https://static1.personality-database.com/profile_images/a0db39a9ac704989942cf429f02bd7b9.png", "profile_name": "Prince Fiyero Tiggular/The Scarecrow", "profile_subcat": "Wicked", "sub_cat_id": 1361, "cat_id": 13, "property_id": 2, "mbti": "ESFP", "enneatype": "7w6"}, {"id": 50154, "mbti_profile": "Nessarose Thropp/The Wicked Witch of the East", "subcategory": "Wicked", "profile_image_url": "https://static1.personality-database.com/profile_images/34732a8b06224c90a7807f7a04004a7f.png", "profile_name": "Nessarose Thropp/The Wicked Witch of the East", "profile_subcat": "Wicked", "sub_cat_id": 1361, "cat_id": 13, "property_id": 2, "mbti": "ISFJ", "enneatype": "1w9"}, {"id": 50155, "mbti_profile": "The Wizard", "subcategory": "Wicked", "profile_image_url": "https://static1.personality-database.com/profile_images/d3013b311d164382ad73008763ec5772.png", "profile_name": "The Wizard", "profile_subcat": "Wicked", "sub_cat_id": 1361, "cat_id": 13, "property_id": 2, "mbti": "ENTP", "enneatype": "3w4"}, {"id": 337917, "mbti_profile": "Dr. Dillamond", "subcategory": "Wicked", "profile_image_url": "https://static1.personality-database.com/profile_images/280acf87e37f45f38a3c5f3239b13527.png", "profile_name": "Dr. Dillamond", "profile_subcat": "Wicked", "sub_cat_id": 1361, "cat_id": 13, "property_id": 2, "mbti": "INFJ", "enneatype": "5w4"}, {"id": 50153, "mbti_profile": "Boq/The Tin-Man", "subcategory": "Wicked", "profile_image_url": "https://static1.personality-database.com/profile_images/5e66ce3ef1514557b5d6c2587ecb1fd1.png", "profile_name": "Boq/The Tin-Man", "profile_subcat": "Wicked", "sub_cat_id": 1361, "cat_id": 13, "property_id": 2, "mbti": "ISFJ", "enneatype": "9w1"}, {"id": 187411, "mbti_profile": "Madame Morrible", "subcategory": "Wicked", "profile_image_url": "https://static1.personality-database.com/profile_images/8f633796946847f09add3a69c0013372.png", "profile_name": "Madame Morrible", "profile_subcat": "Wicked", "sub_cat_id": 1361, "cat_id": 13, "property_id": 2, "mbti": "ESTJ", "enneatype": "3w4"}, {"id": 385213, "mbti_profile": "Chistery", "subcategory": "Wicked", "profile_image_url": "https://static1.personality-database.com/profile_images/15dfcf428c7c4340bf5ce887ac03f20b.png", "profile_name": "Chistery", "profile_subcat": "Wicked", "sub_cat_id": 1361, "cat_id": 13, "property_id": 2, "mbti": "ISFP", "enneatype": "6w5"}], "functions": ["Fe", "Si", "Ne", "Ti"], "systems": [{"hex_color": "#888888", "id": 1, "personality_type": "XXXX", "personality_type_id": 0, "system_name": "Four Letter", "system_vote_count": 105, "user_vote_type_id": 0, "vote_id": 0}, {"hex_color": "#006775", "id": 2, "personality_type": "XXXX", "personality_type_id": 0, "system_name": "Enneagram", "system_vote_count": 51, "user_vote_type_id": 0, "vote_id": 0}, {"hex_color": "#006775", "id": 5, "personality_type": "XXXX", "personality_type_id": 0, "system_name": "Instinctual Variant", "system_vote_count": 10, "user_vote_type_id": 0, "vote_id": 0}, {"hex_color": "#006775", "id": 6, "personality_type": "XXXX", "personality_type_id": 0, "system_name": "Tritype", "system_vote_count": 16, "user_vote_type_id": 0, "vote_id": 0}, {"hex_color": "#888888", "id": 3, "personality_type": "XXXX", "personality_type_id": 0, "system_name": "Socionics", "system_vote_count": 5, "user_vote_type_id": 0, "vote_id": 0}, {"hex_color": "#888888", "id": 9, "personality_type": "XXXX", "personality_type_id": 0, "system_name": "Big 5 (SLOAN)", "system_vote_count": 6, "user_vote_type_id": 0, "vote_id": 0}, {"hex_color": "#888888", "id": 8, "personality_type": "XXXX", "personality_type_id": 0, "system_name": "Attitudinal Psyche", "system_vote_count": 5, "user_vote_type_id": 0, "vote_id": 0}, {"hex_color": "#888888", "id": 7, "personality_type": "XXXX", "personality_type_id": 0, "system_name": "Temperaments", "system_vote_count": 10, "user_vote_type_id": 0, "vote_id": 0}, {"hex_color": "#888888", "id": 11, "personality_type": "XXXX", "personality_type_id": 0, "system_name": "Classic Jungian", "system_vote_count": 2, "user_vote_type_id": 0, "vote_id": 0}], "breakdown_systems": {"1": [{"myValue": "ESFJ", "personality_system_id": 1, "personality_type": "ESFJ", "theCount": 91}, {"myValue": "ESFP", "personality_system_id": 1, "personality_type": "ESFP", "theCount": 9}, {"myValue": "ENFJ", "personality_system_id": 1, "personality_type": "ENFJ", "theCount": 3}, {"myValue": "ENFP", "personality_system_id": 1, "personality_type": "ENFP", "theCount": 1}, {"myValue": "ENTP", "personality_system_id": 1, "personality_type": "ENTP", "theCount": 1}], "11": [{"myValue": "EF(S)", "personality_system_id": 11, "personality_type": "EF(S)", "theCount": 2}], "2": [{"myValue": "3w2", "personality_system_id": 2, "personality_type": "3w2", "theCount": 44}, {"myValue": "2w3", "personality_system_id": 2, "personality_type": "2w3", "theCount": 5}, {"myValue": "3w4", "personality_system_id": 2, "personality_type": "3w4", "theCount": 1}, {"myValue": "4w3", "personality_system_id": 2, "personality_type": "4w3", "theCount": 1}], "3": [{"myValue": "ESE", "personality_system_id": 3, "personality_type": "ESE", "theCount": 3}, {"myValue": "EIE", "personality_system_id": 3, "personality_type": "EIE", "theCount": 2}], "4": [{"myValue": "Neutral Good", "personality_system_id": 4, "personality_type": "Neutral Good", "theCount": 2}], "5": [{"myValue": "so/sx", "personality_system_id": 5, "personality_type": "so/sx", "theCount": 10}], "6": [{"myValue": "379", "personality_system_id": 6, "personality_type": "379", "theCount": 10}, {"myValue": "279", "personality_system_id": 6, "personality_type": "279", "theCount": 2}, {"myValue": "137", "personality_system_id": 6, "personality_type": "137", "theCount": 1}, {"myValue": "369", "personality_system_id": 6, "personality_type": "369", "theCount": 1}, {"myValue": "371", "personality_system_id": 6, "personality_type": "371", "theCount": 1}, {"myValue": "378", "personality_system_id": 6, "personality_type": "378", "theCount": 1}], "7": [{"myValue": "Sanguine [Dominant]", "personality_system_id": 7, "personality_type": "Sanguine [Dominant]", "theCount": 9}, {"myValue": "Sanguine-Choleric", "personality_system_id": 7, "personality_type": "Sanguine-Choleric", "theCount": 1}], "8": [{"myValue": "VEFL", "personality_system_id": 8, "personality_type": "VEFL", "theCount": 3}, {"myValue": "ELFV", "personality_system_id": 8, "personality_type": "ELFV", "theCount": 1}, {"myValue": "FELV", "personality_system_id": 8, "personality_type": "FELV", "theCount": 1}], "9": [{"myValue": "SCOEN", "personality_system_id": 9, "personality_type": "SCOEN", "theCount": 4}, {"myValue": "SCOAN", "personality_system_id": 9, "personality_type": "SCOAN", "theCount": 1}, {"myValue": "SLOAN", "personality_system_id": 9, "personality_type": "SLOAN", "theCount": 1}]}, "breakdown_config": {"expand": {"1": 3, "11": 1, "2": 3, "3": 1, "4": 1, "5": 1, "6": 1, "7": 1, "8": 1, "9": 1}, "fire": {"1": 0, "11": 0, "2": 0, "3": 0, "4": 0, "5": 0, "6": 0, "7": 0, "8": 0, "9": 0}}, "mbti_letter_stats": [{"type": "E", "percentage": "100%", "PercentageFloat": 1}, {"type": "S", "percentage": "95%", "PercentageFloat": 0.9523809523809523}, {"type": "F", "percentage": "99%", "PercentageFloat": 0.9904761904761905}, {"type": "J", "percentage": "90%", "PercentageFloat": 0.8952380952380953}], "topic_info": {"can_generate": false, "topic": {"description": "", "follow_count": 0, "id": 13756, "is_following": false, "is_join_pending": false, "is_banned": false, "is_moderated": false, "name_readable": "Glinda", "post_count": 0, "source_profile_id": 14927, "source_type": "profile", "join_to_post": false, "can_pin": false, "related_topics": [{"description": "", "follow_count": 0, "id": 7969, "is_following": false, "is_join_pending": false, "is_banned": false, "is_moderated": false, "name_readable": "Elphaba", "post_count": 1, "source_profile_id": 8527, "source_type": "profile", "image": {"picURL": "https://static1.personality-database.com/profile_images/0833b9bb68b44e3392ea9255cc8f2573.png"}, "join_to_post": false, "can_pin": false}, {"description": "", "follow_count": 0, "id": 13756, "is_following": false, "is_join_pending": false, "is_banned": false, "is_moderated": false, "name_readable": "Glinda", "post_count": 0, "source_profile_id": 14927, "source_type": "profile", "image": {"picURL": "https://static1.personality-database.com/profile_images/12289586c60b4cebbb7d352ba7e63909.png"}, "join_to_post": false, "can_pin": false}, {"description": "", "follow_count": 0, "id": 13757, "is_following": false, "is_join_pending": false, "is_banned": false, "is_moderated": false, "name_readable": "Fiyero", "post_count": 0, "source_profile_id": 14928, "source_type": "profile", "image": {"picURL": "https://static1.personality-database.com/profile_images/a0db39a9ac704989942cf429f02bd7b9.png"}, "join_to_post": false, "can_pin": false}, {"description": "", "follow_count": 0, "id": 43954, "is_following": false, "is_join_pending": false, "is_banned": false, "is_moderated": false, "name_readable": "Boq", "post_count": 0, "source_profile_id": 50153, "source_type": "profile", "image": {"picURL": "https://static1.personality-database.com/profile_images/5e66ce3ef1514557b5d6c2587ecb1fd1.png"}, "join_to_post": false, "can_pin": false}, {"description": "", "follow_count": 0, "id": 43955, "is_following": false, "is_join_pending": false, "is_banned": false, "is_moderated": false, "name_readable": "Nessarose", "post_count": 0, "source_profile_id": 50154, "source_type": "profile", "image": {"picURL": "https://static1.personality-database.com/profile_images/34732a8b06224c90a7807f7a04004a7f.png"}, "join_to_post": false, "can_pin": false}, {"description": "", "follow_count": 0, "id": 43956, "is_following": false, "is_join_pending": false, "is_banned": false, "is_moderated": false, "name_readable": "The Wizard", "post_count": 0, "source_profile_id": 50155, "source_type": "profile", "image": {"picURL": "https://static1.personality-database.com/profile_images/d3013b311d164382ad73008763ec5772.png"}, "join_to_post": false, "can_pin": false}, {"description": "", "follow_count": 0, "id": 144523, "is_following": false, "is_join_pending": false, "is_banned": false, "is_moderated": false, "name_readable": "Madame Morrible", "post_count": 0, "source_profile_id": 187411, "source_type": "profile", "image": {"picURL": "https://static1.personality-database.com/profile_images/8f633796946847f09add3a69c0013372.png"}, "join_to_post": false, "can_pin": false}, {"description": "", "follow_count": 0, "id": 259953, "is_following": false, "is_join_pending": false, "is_banned": false, "is_moderated": false, "name_readable": "Dr. Dillamond", "post_count": 0, "source_profile_id": 337917, "source_type": "profile", "image": {"picURL": "https://static1.personality-database.com/profile_images/280acf87e37f45f38a3c5f3239b13527.png"}, "join_to_post": false, "can_pin": false}, {"description": "", "follow_count": 0, "id": 296339, "is_following": false, "is_join_pending": false, "is_banned": false, "is_moderated": false, "name_readable": "Chistery", "post_count": 0, "source_profile_id": 385213, "source_type": "profile", "image": {"picURL": "https://static1.personality-database.com/profile_images/15dfcf428c7c4340bf5ce887ac03f20b.png"}, "join_to_post": false, "can_pin": false}], "subcategory": "Wicked", "topic_image_url": "https://static1.personality-database.com/profile_images/12289586c60b4cebbb7d352ba7e63909.png", "source_location": {"cid": 13, "pid": 2, "sub_cat_id": 1361}, "can_post_image": false, "can_post_audio": false, "posts": {"posts": []}}}}