{"id": 14926, "mbti_profile": "Zoe Murphy", "profile_name_searchable": "zoemurphy", "allow_commenting": true, "allow_voting": true, "user_id": 5034, "contributor": "Pixie Corpse", "contributor_create_date": "2018-08-10 19:44:41", "contributor_pic_path": "https://lh3.googleusercontent.com/a-/AOh14GhP11oLePJpse_uE9Avam1p-5603jw0OakH4qPw=s96-c", "display_order": 0, "edit_lock": 0, "edit_lock_picture": 0, "is_active": true, "is_approved": true, "mbti_enneagram_type": "ISFP 9w1", "mbti_type": "ISFP 9w1", "pdb_comment_access": true, "pdb_page_owner": 0, "pdb_public_access": true, "wiki_description": "", "watch_count": 36, "comment_count": 2, "vote_count": 87, "vote_count_enneagram": 44, "vote_count_mbti": 87, "total_vote_counts": 159, "personality_type": "ISFP - 9w1 - sx/sp - 947 - EIE - RCOAI - FELV - Phlegmatic-Melancholic", "type_updated_date": "2021-05-21 17:57:19", "enneagram_vote": "", "enneagram_vote_id": 0, "mbti_vote": "", "mbti_vote_id": 0, "is_watching": false, "image_exists": true, "profile_image_url": "https://static1.personality-database.com/profile_images/b26404f900bb44868ff3a391521e5950.png", "profile_image_credit": "", "profile_image_credit_id": 188175, "profile_image_credit_type": "0", "profile_image_credit_url": "", "alt_subcategory": "", "related_subcategories": "", "cat_id": 13, "category": "Theatre", "category_is_fictional": true, "sub_cat_id": 1360, "subcategory": "Dear Evan Hansen", "subcat_link_info": {"sub_cat_id": 1360, "cat_id": 13, "property_id": 2, "subcategory": "Dear Evan Hansen"}, "related_subcat_link_info": null, "related_profiles": [{"id": 8528, "mbti_profile": "Evan Hansen", "subcategory": "Dear Evan Hansen", "profile_image_url": "https://static1.personality-database.com/profile_images/2b451f95c2f54eb29a50198b31082f86.png", "profile_name": "Evan Hansen", "profile_subcat": "Dear Evan Hansen", "sub_cat_id": 1360, "cat_id": 13, "property_id": 2, "mbti": "INFP", "enneatype": "9w1"}, {"id": 17600, "mbti_profile": "Connor Murphy", "subcategory": "Dear Evan Hansen", "profile_image_url": "https://static1.personality-database.com/profile_images/1291636fa0054dba90c1f88b576fbae7.png", "profile_name": "Connor Murphy", "profile_subcat": "Dear Evan Hansen", "sub_cat_id": 1360, "cat_id": 13, "property_id": 2, "mbti": "ESFP", "enneatype": "4w5"}, {"id": 12232, "mbti_profile": "Jared Kleinman", "subcategory": "Dear Evan Hansen", "profile_image_url": "https://static1.personality-database.com/profile_images/e35ce377846f4402981a39f02cd36da6.png", "profile_name": "Jared Kleinman", "profile_subcat": "Dear Evan Hansen", "sub_cat_id": 1360, "cat_id": 13, "property_id": 2, "mbti": "INTP", "enneatype": "7w8"}, {"id": 29837, "mbti_profile": "Alana Beck", "subcategory": "Dear Evan Hansen", "profile_image_url": "https://static1.personality-database.com/profile_images/2b12d4df4e1f4128b182682e544b9e0d.png", "profile_name": "Alana Beck", "profile_subcat": "Dear Evan Hansen", "sub_cat_id": 1360, "cat_id": 13, "property_id": 2, "mbti": "ENTJ", "enneatype": "3w2"}, {"id": 29839, "mbti_profile": "Larry Murphy", "subcategory": "Dear Evan Hansen", "profile_image_url": "https://static1.personality-database.com/profile_images/c2a849e2ee7448b3a9145cc13a7a4820.png", "profile_name": "Larry Murphy", "profile_subcat": "Dear Evan Hansen", "sub_cat_id": 1360, "cat_id": 13, "property_id": 2, "mbti": "ISTJ", "enneatype": "1w9"}, {"id": 29840, "mbti_profile": "Heidi Hansen", "subcategory": "Dear Evan Hansen", "profile_image_url": "https://static1.personality-database.com/profile_images/fc4fee2efe3249f19ed836c1daa7be38.png", "profile_name": "Heidi Hansen", "profile_subcat": "Dear Evan Hansen", "sub_cat_id": 1360, "cat_id": 13, "property_id": 2, "mbti": "ESFJ", "enneatype": "2w3"}, {"id": 29838, "mbti_profile": "Cynthia Murphy", "subcategory": "Dear Evan Hansen", "profile_image_url": "https://static1.personality-database.com/profile_images/a43210031d034549bf2371b30f44aaf6.png", "profile_name": "Cynthia Murphy", "profile_subcat": "Dear Evan Hansen", "sub_cat_id": 1360, "cat_id": 13, "property_id": 2, "mbti": "ISFJ", "enneatype": "2w1"}], "functions": ["Fi", "Se", "Ni", "Te"], "systems": [{"hex_color": "#888888", "id": 1, "personality_type": "XXXX", "personality_type_id": 0, "system_name": "Four Letter", "system_vote_count": 86, "user_vote_type_id": 0, "vote_id": 0}, {"hex_color": "#006775", "id": 2, "personality_type": "XXXX", "personality_type_id": 0, "system_name": "Enneagram", "system_vote_count": 43, "user_vote_type_id": 0, "vote_id": 0}, {"hex_color": "#006775", "id": 5, "personality_type": "XXXX", "personality_type_id": 0, "system_name": "Instinctual Variant", "system_vote_count": 6, "user_vote_type_id": 0, "vote_id": 0}, {"hex_color": "#006775", "id": 6, "personality_type": "XXXX", "personality_type_id": 0, "system_name": "Tritype", "system_vote_count": 5, "user_vote_type_id": 0, "vote_id": 0}, {"hex_color": "#888888", "id": 3, "personality_type": "XXXX", "personality_type_id": 0, "system_name": "Socionics", "system_vote_count": 3, "user_vote_type_id": 0, "vote_id": 0}, {"hex_color": "#888888", "id": 9, "personality_type": "XXXX", "personality_type_id": 0, "system_name": "Big 5 (SLOAN)", "system_vote_count": 4, "user_vote_type_id": 0, "vote_id": 0}, {"hex_color": "#888888", "id": 8, "personality_type": "XXXX", "personality_type_id": 0, "system_name": "Attitudinal Psyche", "system_vote_count": 3, "user_vote_type_id": 0, "vote_id": 0}, {"hex_color": "#888888", "id": 7, "personality_type": "XXXX", "personality_type_id": 0, "system_name": "Temperaments", "system_vote_count": 8, "user_vote_type_id": 0, "vote_id": 0}, {"hex_color": "#888888", "id": 11, "personality_type": "XXXX", "personality_type_id": 0, "system_name": "Classic Jungian", "system_vote_count": 0, "user_vote_type_id": 0, "vote_id": 0}], "breakdown_systems": {"1": [{"myValue": "ISFP", "personality_system_id": 1, "personality_type": "ISFP", "theCount": 71}, {"myValue": "INFP", "personality_system_id": 1, "personality_type": "INFP", "theCount": 10}, {"myValue": "ENFP", "personality_system_id": 1, "personality_type": "ENFP", "theCount": 1}, {"myValue": "ESFJ", "personality_system_id": 1, "personality_type": "ESFJ", "theCount": 1}, {"myValue": "ESFP", "personality_system_id": 1, "personality_type": "ESFP", "theCount": 1}, {"myValue": "ESTP", "personality_system_id": 1, "personality_type": "ESTP", "theCount": 1}, {"myValue": "ISFJ", "personality_system_id": 1, "personality_type": "ISFJ", "theCount": 1}], "11": [{"myValue": "XXXX", "personality_system_id": 0, "personality_type": "XXXX", "theCount": 0}], "2": [{"myValue": "9w1", "personality_system_id": 2, "personality_type": "9w1", "theCount": 35}, {"myValue": "9w8", "personality_system_id": 2, "personality_type": "9w8", "theCount": 4}, {"myValue": "1w9", "personality_system_id": 2, "personality_type": "1w9", "theCount": 2}, {"myValue": "4w3", "personality_system_id": 2, "personality_type": "4w3", "theCount": 1}, {"myValue": "4w5", "personality_system_id": 2, "personality_type": "4w5", "theCount": 1}], "3": [{"myValue": "EIE", "personality_system_id": 3, "personality_type": "EIE", "theCount": 2}, {"myValue": "ESI", "personality_system_id": 3, "personality_type": "ESI", "theCount": 1}], "4": [{"myValue": "Chaotic Neutral", "personality_system_id": 4, "personality_type": "Chaotic Neutral", "theCount": 1}], "5": [{"myValue": "sx/sp", "personality_system_id": 5, "personality_type": "sx/sp", "theCount": 5}, {"myValue": "sp/sx", "personality_system_id": 5, "personality_type": "sp/sx", "theCount": 1}], "6": [{"myValue": "947", "personality_system_id": 6, "personality_type": "947", "theCount": 4}, {"myValue": "459", "personality_system_id": 6, "personality_type": "459", "theCount": 1}], "7": [{"myValue": "Phlegmatic-Melancholic", "personality_system_id": 7, "personality_type": "Phlegmatic-Melancholic", "theCount": 8}], "8": [{"myValue": "FELV", "personality_system_id": 8, "personality_type": "FELV", "theCount": 2}, {"myValue": "EFVL", "personality_system_id": 8, "personality_type": "EFVL", "theCount": 1}], "9": [{"myValue": "RCOAI", "personality_system_id": 9, "personality_type": "RCOAI", "theCount": 3}, {"myValue": "RCOAN", "personality_system_id": 9, "personality_type": "RCOAN", "theCount": 1}]}, "breakdown_config": {"expand": {"1": 3, "11": 1, "2": 3, "3": 1, "4": 1, "5": 1, "6": 1, "7": 1, "8": 1, "9": 1}, "fire": {"1": 0, "11": 0, "2": 0, "3": 0, "4": 0, "5": 0, "6": 0, "7": 0, "8": 0, "9": 0}}, "mbti_letter_stats": [{"type": "I", "percentage": "95%", "PercentageFloat": 0.9534883720930233}, {"type": "S", "percentage": "87%", "PercentageFloat": 0.872093023255814}, {"type": "F", "percentage": "99%", "PercentageFloat": 0.9883720930232558}, {"type": "P", "percentage": "98%", "PercentageFloat": 0.9767441860465116}], "topic_info": {"can_generate": false, "topic": {"description": "", "follow_count": 0, "id": 13755, "is_following": false, "is_join_pending": false, "is_banned": false, "is_moderated": false, "name_readable": "Zoe Murphy", "post_count": 2, "source_profile_id": 14926, "source_type": "profile", "join_to_post": false, "can_pin": false, "related_topics": [{"description": "", "follow_count": 0, "id": 7970, "is_following": false, "is_join_pending": false, "is_banned": false, "is_moderated": false, "name_readable": "Evan Hansen", "post_count": 17, "source_profile_id": 8528, "source_type": "profile", "image": {"picURL": "https://static1.personality-database.com/profile_images/2b451f95c2f54eb29a50198b31082f86.png"}, "join_to_post": false, "can_pin": false}, {"description": "", "follow_count": 0, "id": 11308, "is_following": false, "is_join_pending": false, "is_banned": false, "is_moderated": false, "name_readable": "Jared Kleinman", "post_count": 2, "source_profile_id": 12232, "source_type": "profile", "image": {"picURL": "https://static1.personality-database.com/profile_images/e35ce377846f4402981a39f02cd36da6.png"}, "join_to_post": false, "can_pin": false}, {"description": "", "follow_count": 0, "id": 13755, "is_following": false, "is_join_pending": false, "is_banned": false, "is_moderated": false, "name_readable": "Zoe Murphy", "post_count": 2, "source_profile_id": 14926, "source_type": "profile", "image": {"picURL": "https://static1.personality-database.com/profile_images/b26404f900bb44868ff3a391521e5950.png"}, "join_to_post": false, "can_pin": false}, {"description": "", "follow_count": 0, "id": 16175, "is_following": false, "is_join_pending": false, "is_banned": false, "is_moderated": false, "name_readable": "Connor Murphy", "post_count": 0, "source_profile_id": 17600, "source_type": "profile", "image": {"picURL": "https://static1.personality-database.com/profile_images/1291636fa0054dba90c1f88b576fbae7.png"}, "join_to_post": false, "can_pin": false}, {"description": "", "follow_count": 0, "id": 26897, "is_following": false, "is_join_pending": false, "is_banned": false, "is_moderated": false, "name_readable": "Alana Beck", "post_count": 0, "source_profile_id": 29837, "source_type": "profile", "image": {"picURL": "https://static1.personality-database.com/profile_images/2b12d4df4e1f4128b182682e544b9e0d.png"}, "join_to_post": false, "can_pin": false}, {"description": "", "follow_count": 0, "id": 26898, "is_following": false, "is_join_pending": false, "is_banned": false, "is_moderated": false, "name_readable": "Cynthia Murphy", "post_count": 0, "source_profile_id": 29838, "source_type": "profile", "image": {"picURL": "https://static1.personality-database.com/profile_images/a43210031d034549bf2371b30f44aaf6.png"}, "join_to_post": false, "can_pin": false}, {"description": "", "follow_count": 0, "id": 26899, "is_following": false, "is_join_pending": false, "is_banned": false, "is_moderated": false, "name_readable": "Larry Murphy", "post_count": 0, "source_profile_id": 29839, "source_type": "profile", "image": {"picURL": "https://static1.personality-database.com/profile_images/c2a849e2ee7448b3a9145cc13a7a4820.png"}, "join_to_post": false, "can_pin": false}, {"description": "", "follow_count": 0, "id": 26900, "is_following": false, "is_join_pending": false, "is_banned": false, "is_moderated": false, "name_readable": "Heidi Hansen", "post_count": 0, "source_profile_id": 29840, "source_type": "profile", "image": {"picURL": "https://static1.personality-database.com/profile_images/fc4fee2efe3249f19ed836c1daa7be38.png"}, "join_to_post": false, "can_pin": false}], "subcategory": "Dear Evan Hansen", "topic_image_url": "https://static1.personality-database.com/profile_images/b26404f900bb44868ff3a391521e5950.png", "source_location": {"cid": 13, "pid": 2, "sub_cat_id": 1360}, "can_post_image": false, "can_post_audio": false, "posts": {"posts": [{"username": "MusicalBlondie", "user_pic_path": "https://lh3.googleusercontent.com/a-/AOh14GjzJn0Lp7E6R43z4F7twtwjNcwYH1YNCeKbzv95oA=s96-c", "user_personality_type": "INFP-4w3-479", "is_mod": false, "comment_count": 0, "reply_count": 0, "vote_type": 0, "topics_list": [{"id": 13755, "name_readable": "Zoe Murphy"}], "id": 913294, "post_id": 913294, "user_id": 290254, "title": "", "content": "are y\u2019all fr this is the most INFP mf that ever INFP\u2019d", "create_date": 1656293641000, "unix_timestamp": 1656293641000, "update_date": 1656293641000, "vote_count": 1, "vote_count_down": 0, "is_reported": 0, "is_hidden": false, "is_pinned": false, "is_watching": false, "is_pro_user": false, "images": null, "audios": null, "function_list": [], "type": "post"}, {"username": "flightytenor", "user_pic_path": "https://lh3.googleusercontent.com/a-/AFdZucqvvRwD4pIXgM-vWc_ceULDwYNUKJrZ1cdHTAgJ=s96-c", "user_personality_type": "ISFP-4w3-479", "is_mod": false, "comment_count": 0, "reply_count": 0, "vote_type": 0, "topics_list": [{"id": 13755, "name_readable": "Zoe Murphy"}], "id": 89489, "post_id": 89489, "user_id": 147905, "title": "", "content": "Oh my god no wonder I relate to her. We both have such crazy fi", "create_date": 1626708058000, "unix_timestamp": 1626708058000, "update_date": 1626708058000, "vote_count": 1, "vote_count_down": 0, "is_reported": 1, "is_hidden": false, "is_pinned": false, "is_watching": false, "is_pro_user": false, "images": null, "audios": null, "function_list": [], "type": "post"}]}}}}