{"id": 15176, "mbti_profile": "Macbeth", "profile_name_searchable": "macbeth", "allow_commenting": true, "allow_voting": true, "user_id": 6093, "contributor": "ester.weimerova", "contributor_create_date": "2018-08-20 08:35:21", "contributor_pic_path": "https://lh4.googleusercontent.com/-28XSEw2yYJc/AAAAAAAAAAI/AAAAAAAAAAA/ACHi3rfosVaiAQMBm1x3F2BJzylUKrNjKQ/s96-c/photo.jpg", "display_order": 1000, "edit_lock": 0, "edit_lock_picture": 0, "is_active": true, "is_approved": true, "mbti_enneagram_type": "ISFP 6w5", "mbti_type": "ISFP 6w5", "pdb_comment_access": true, "pdb_page_owner": 0, "pdb_public_access": true, "wiki_description": "The Villain Protagonist of the play.", "watch_count": 71, "comment_count": 38, "vote_count": 170, "vote_count_enneagram": 94, "vote_count_mbti": 170, "total_vote_counts": 310, "personality_type": "ISFP - 6w5 - sx/so - 396 - EIE - RLUEN - EVLF - Melancholic-Choleric", "type_updated_date": "2023-01-15 02:26:08", "enneagram_vote": "", "enneagram_vote_id": 0, "mbti_vote": "", "mbti_vote_id": 0, "is_watching": false, "image_exists": false, "profile_image_url": "https://static1.personality-database.com/profile_images/f2809d1d6fee4d4c9e2e8e30feae3db4.png", "profile_image_credit": "", "profile_image_credit_id": 126515, "profile_image_credit_type": "0", "profile_image_credit_url": "", "alt_subcategory": "", "related_subcategories": "", "cat_id": 13, "category": "Theatre", "category_is_fictional": true, "sub_cat_id": 1868, "subcategory": "Macbeth", "subcat_link_info": {"sub_cat_id": 1868, "cat_id": 13, "property_id": 2, "subcategory": "Macbeth"}, "related_subcat_link_info": null, "related_profiles": [{"id": 15177, "mbti_profile": "Lady Macbeth", "subcategory": "Macbeth", "profile_image_url": "https://static1.personality-database.com/profile_images/faeca1b57ced46219c1ab2b764ae8332.png", "profile_name": "Lady Macbeth", "profile_subcat": "Macbeth", "sub_cat_id": 1868, "cat_id": 13, "property_id": 2, "mbti": "ENTJ", "enneatype": "3w4"}, {"id": 22878, "mbti_profile": "Banquo", "subcategory": "Macbeth", "profile_image_url": "https://static1.personality-database.com/profile_images/b3821400e20e4111a152f55712983f36.png", "profile_name": "Banquo", "profile_subcat": "Macbeth", "sub_cat_id": 1868, "cat_id": 13, "property_id": 2, "mbti": "INFJ", "enneatype": "1w9"}, {"id": 293711, "mbti_profile": "Porter", "subcategory": "Macbeth", "profile_image_url": "https://static1.personality-database.com/profile_images/3ddb21bde406439ba2c5f06275a62948.png", "profile_name": "Porter", "profile_subcat": "Macbeth", "sub_cat_id": 1868, "cat_id": 13, "property_id": 2, "mbti": "ESTP", "enneatype": "7w8"}, {"id": 280898, "mbti_profile": "Three Witches", "subcategory": "Macbeth", "profile_image_url": "https://static1.personality-database.com/profile_images/cef4940b7ef94c87baf3765e74fe545a.png", "profile_name": "Three Witches", "profile_subcat": "Macbeth", "sub_cat_id": 1868, "cat_id": 13, "property_id": 2, "mbti": "INTJ", "enneatype": "5w4"}, {"id": 15180, "mbti_profile": "Macduff's son", "subcategory": "Macbeth", "profile_image_url": "", "profile_name": "Macduff's son", "profile_subcat": "Macbeth", "sub_cat_id": 1868, "cat_id": 13, "property_id": 2, "mbti": "ENTP", "enneatype": "7w6"}, {"id": 15181, "mbti_profile": "Macduff", "subcategory": "Macbeth", "profile_image_url": "https://static1.personality-database.com/profile_images/15e7176fabae443d9e4fe4838971918a.png", "profile_name": "Macduff", "profile_subcat": "Macbeth", "sub_cat_id": 1868, "cat_id": 13, "property_id": 2, "mbti": "ESFJ", "enneatype": ""}, {"id": 447148, "mbti_profile": "Siward", "subcategory": "Macbeth", "profile_image_url": "", "profile_name": "Siward", "profile_subcat": "Macbeth", "sub_cat_id": 1868, "cat_id": 13, "property_id": 2, "mbti": "", "enneatype": ""}, {"id": 447147, "mbti_profile": "Caithness", "subcategory": "Macbeth", "profile_image_url": "", "profile_name": "Caithness", "profile_subcat": "Macbeth", "sub_cat_id": 1868, "cat_id": 13, "property_id": 2, "mbti": "", "enneatype": ""}], "functions": ["Fi", "Se", "Ni", "Te"], "systems": [{"hex_color": "#888888", "id": 1, "personality_type": "XXXX", "personality_type_id": 0, "system_name": "Four Letter", "system_vote_count": 111, "user_vote_type_id": 0, "vote_id": 0}, {"hex_color": "#006775", "id": 2, "personality_type": "XXXX", "personality_type_id": 0, "system_name": "Enneagram", "system_vote_count": 93, "user_vote_type_id": 0, "vote_id": 0}, {"hex_color": "#006775", "id": 5, "personality_type": "XXXX", "personality_type_id": 0, "system_name": "Instinctual Variant", "system_vote_count": 35, "user_vote_type_id": 0, "vote_id": 0}, {"hex_color": "#006775", "id": 6, "personality_type": "XXXX", "personality_type_id": 0, "system_name": "Tritype", "system_vote_count": 29, "user_vote_type_id": 0, "vote_id": 0}, {"hex_color": "#888888", "id": 3, "personality_type": "XXXX", "personality_type_id": 0, "system_name": "Socionics", "system_vote_count": 12, "user_vote_type_id": 0, "vote_id": 0}, {"hex_color": "#888888", "id": 9, "personality_type": "XXXX", "personality_type_id": 0, "system_name": "Big 5 (SLOAN)", "system_vote_count": 9, "user_vote_type_id": 0, "vote_id": 0}, {"hex_color": "#888888", "id": 8, "personality_type": "XXXX", "personality_type_id": 0, "system_name": "Attitudinal Psyche", "system_vote_count": 8, "user_vote_type_id": 0, "vote_id": 0}, {"hex_color": "#888888", "id": 7, "personality_type": "XXXX", "personality_type_id": 0, "system_name": "Temperaments", "system_vote_count": 9, "user_vote_type_id": 0, "vote_id": 0}, {"hex_color": "#888888", "id": 11, "personality_type": "XXXX", "personality_type_id": 0, "system_name": "Classic Jungian", "system_vote_count": 1, "user_vote_type_id": 0, "vote_id": 0}], "breakdown_systems": {"1": [{"myValue": "ISFP", "personality_system_id": 1, "personality_type": "ISFP", "theCount": 84}, {"myValue": "ESFP", "personality_system_id": 1, "personality_type": "ESFP", "theCount": 9}, {"myValue": "ISFJ", "personality_system_id": 1, "personality_type": "ISFJ", "theCount": 6}, {"myValue": "ESTP", "personality_system_id": 1, "personality_type": "ESTP", "theCount": 4}, {"myValue": "ISTP", "personality_system_id": 1, "personality_type": "ISTP", "theCount": 4}, {"myValue": "INFP", "personality_system_id": 1, "personality_type": "INFP", "theCount": 2}, {"myValue": "ENTJ", "personality_system_id": 1, "personality_type": "ENTJ", "theCount": 1}, {"myValue": "ESTJ", "personality_system_id": 1, "personality_type": "ESTJ", "theCount": 1}], "11": [{"myValue": "IF(S)", "personality_system_id": 11, "personality_type": "IF(S)", "theCount": 1}], "2": [{"myValue": "6w5", "personality_system_id": 2, "personality_type": "6w5", "theCount": 41}, {"myValue": "3w4", "personality_system_id": 2, "personality_type": "3w4", "theCount": 40}, {"myValue": "6w7", "personality_system_id": 2, "personality_type": "6w7", "theCount": 6}, {"myValue": "3w2", "personality_system_id": 2, "personality_type": "3w2", "theCount": 3}, {"myValue": "4w3", "personality_system_id": 2, "personality_type": "4w3", "theCount": 1}, {"myValue": "7w6", "personality_system_id": 2, "personality_type": "7w6", "theCount": 1}, {"myValue": "9w8", "personality_system_id": 2, "personality_type": "9w8", "theCount": 1}], "3": [{"myValue": "EIE", "personality_system_id": 3, "personality_type": "EIE", "theCount": 8}, {"myValue": "ESI", "personality_system_id": 3, "personality_type": "ESI", "theCount": 2}, {"myValue": "LIE", "personality_system_id": 3, "personality_type": "LIE", "theCount": 1}, {"myValue": "LSI", "personality_system_id": 3, "personality_type": "LSI", "theCount": 1}], "4": [{"myValue": "Chaotic Neutral", "personality_system_id": 4, "personality_type": "Chaotic Neutral", "theCount": 3}], "5": [{"myValue": "sx/so", "personality_system_id": 5, "personality_type": "sx/so", "theCount": 14}, {"myValue": "sp/so", "personality_system_id": 5, "personality_type": "sp/so", "theCount": 7}, {"myValue": "sp/sx", "personality_system_id": 5, "personality_type": "sp/sx", "theCount": 5}, {"myValue": "sx/sp", "personality_system_id": 5, "personality_type": "sx/sp", "theCount": 5}, {"myValue": "so/sp", "personality_system_id": 5, "personality_type": "so/sp", "theCount": 3}, {"myValue": "so/sx", "personality_system_id": 5, "personality_type": "so/sx", "theCount": 1}], "6": [{"myValue": "396", "personality_system_id": 6, "personality_type": "396", "theCount": 12}, {"myValue": "639", "personality_system_id": 6, "personality_type": "639", "theCount": 8}, {"myValue": "369", "personality_system_id": 6, "personality_type": "369", "theCount": 3}, {"myValue": "358", "personality_system_id": 6, "personality_type": "358", "theCount": 1}, {"myValue": "361", "personality_system_id": 6, "personality_type": "361", "theCount": 1}, {"myValue": "612", "personality_system_id": 6, "personality_type": "612", "theCount": 1}, {"myValue": "638", "personality_system_id": 6, "personality_type": "638", "theCount": 1}, {"myValue": "683", "personality_system_id": 6, "personality_type": "683", "theCount": 1}, {"myValue": "694", "personality_system_id": 6, "personality_type": "694", "theCount": 1}], "7": [{"myValue": "Melancholic-Choleric", "personality_system_id": 7, "personality_type": "Melancholic-Choleric", "theCount": 7}, {"myValue": "Choleric [Dominant]", "personality_system_id": 7, "personality_type": "Choleric [Dominant]", "theCount": 1}, {"myValue": "Sanguine-Choleric", "personality_system_id": 7, "personality_type": "Sanguine-Choleric", "theCount": 1}], "8": [{"myValue": "EVLF", "personality_system_id": 8, "personality_type": "EVLF", "theCount": 4}, {"myValue": "EFVL", "personality_system_id": 8, "personality_type": "EFVL", "theCount": 2}, {"myValue": "VFEL", "personality_system_id": 8, "personality_type": "VFEL", "theCount": 1}, {"myValue": "VLFE", "personality_system_id": 8, "personality_type": "VLFE", "theCount": 1}], "9": [{"myValue": "RLUEN", "personality_system_id": 9, "personality_type": "RLUEN", "theCount": 6}, {"myValue": "SCOEI", "personality_system_id": 9, "personality_type": "SCOEI", "theCount": 1}, {"myValue": "SLOEN", "personality_system_id": 9, "personality_type": "SLOEN", "theCount": 1}, {"myValue": "SLUAN", "personality_system_id": 9, "personality_type": "SLUAN", "theCount": 1}]}, "breakdown_config": {"expand": {"1": 3, "11": 1, "2": 3, "3": 1, "4": 1, "5": 1, "6": 2, "7": 1, "8": 1, "9": 1}, "fire": {"1": 0, "11": 0, "2": 1, "3": 0, "4": 0, "5": 0, "6": 1, "7": 0, "8": 0, "9": 0}}, "mbti_letter_stats": [{"type": "I", "percentage": "86%", "PercentageFloat": 0.8648648648648649}, {"type": "S", "percentage": "97%", "PercentageFloat": 0.972972972972973}, {"type": "F", "percentage": "91%", "PercentageFloat": 0.9099099099099099}, {"type": "P", "percentage": "93%", "PercentageFloat": 0.9279279279279279}], "topic_info": {"can_generate": false, "topic": {"description": "", "follow_count": 0, "id": 13962, "is_following": false, "is_join_pending": false, "is_banned": false, "is_moderated": false, "name_readable": "Macbeth", "post_count": 1, "source_profile_id": 15176, "source_type": "profile", "join_to_post": false, "can_pin": false, "related_topics": [{"description": "", "follow_count": 0, "id": 13963, "is_following": false, "is_join_pending": false, "is_banned": false, "is_moderated": false, "name_readable": "Lady Macbeth", "post_count": 1, "source_profile_id": 15177, "source_type": "profile", "image": {"picURL": "https://static1.personality-database.com/profile_images/faeca1b57ced46219c1ab2b764ae8332.png"}, "join_to_post": false, "can_pin": false}, {"description": "", "follow_count": 0, "id": 13962, "is_following": false, "is_join_pending": false, "is_banned": false, "is_moderated": false, "name_readable": "Macbeth", "post_count": 1, "source_profile_id": 15176, "source_type": "profile", "image": {"picURL": "https://static1.personality-database.com/profile_images/f2809d1d6fee4d4c9e2e8e30feae3db4.png"}, "join_to_post": false, "can_pin": false}, {"description": "", "follow_count": 0, "id": 13966, "is_following": false, "is_join_pending": false, "is_banned": false, "is_moderated": false, "name_readable": "Macduff's son", "post_count": 1, "source_profile_id": 15180, "source_type": "profile", "image": {"picURL": "https://www.personality-database.com/images/profile_transparent.png"}, "join_to_post": false, "can_pin": false}, {"description": "", "follow_count": 0, "id": 225610, "is_following": false, "is_join_pending": false, "is_banned": false, "is_moderated": false, "name_readable": "Porter", "post_count": 0, "source_profile_id": 293711, "source_type": "profile", "image": {"picURL": "https://static1.personality-database.com/profile_images/3ddb21bde406439ba2c5f06275a62948.png"}, "join_to_post": false, "can_pin": false}, {"description": "", "follow_count": 0, "id": 225609, "is_following": false, "is_join_pending": false, "is_banned": false, "is_moderated": false, "name_readable": "Seyton", "post_count": 0, "source_profile_id": 293710, "source_type": "profile", "image": {"picURL": "https://www.personality-database.com/images/profile_transparent.png"}, "join_to_post": false, "can_pin": false}, {"description": "", "follow_count": 0, "id": 225608, "is_following": false, "is_join_pending": false, "is_banned": false, "is_moderated": false, "name_readable": "Old Man", "post_count": 0, "source_profile_id": 293709, "source_type": "profile", "image": {"picURL": "https://www.personality-database.com/images/profile_transparent.png"}, "join_to_post": false, "can_pin": false}, {"description": "", "follow_count": 0, "id": 225607, "is_following": false, "is_join_pending": false, "is_banned": false, "is_moderated": false, "name_readable": "Young Siward", "post_count": 0, "source_profile_id": 293708, "source_type": "profile", "image": {"picURL": "https://www.personality-database.com/images/profile_transparent.png"}, "join_to_post": false, "can_pin": false}, {"description": "", "follow_count": 0, "id": 225606, "is_following": false, "is_join_pending": false, "is_banned": false, "is_moderated": false, "name_readable": "Lady Macduff", "post_count": 0, "source_profile_id": 293707, "source_type": "profile", "image": {"picURL": "https://www.personality-database.com/images/profile_transparent.png"}, "join_to_post": false, "can_pin": false}, {"description": "", "follow_count": 0, "id": 225605, "is_following": false, "is_join_pending": false, "is_banned": false, "is_moderated": false, "name_readable": "Donalbain", "post_count": 0, "source_profile_id": 293706, "source_type": "profile", "image": {"picURL": "https://www.personality-database.com/images/profile_transparent.png"}, "join_to_post": false, "can_pin": false}, {"description": "", "follow_count": 0, "id": 225604, "is_following": false, "is_join_pending": false, "is_banned": false, "is_moderated": false, "name_readable": "Hecate", "post_count": 0, "source_profile_id": 293705, "source_type": "profile", "image": {"picURL": "https://www.personality-database.com/images/profile_transparent.png"}, "join_to_post": false, "can_pin": false}, {"description": "", "follow_count": 0, "id": 225603, "is_following": false, "is_join_pending": false, "is_banned": false, "is_moderated": false, "name_readable": "Ross", "post_count": 0, "source_profile_id": 293704, "source_type": "profile", "image": {"picURL": "https://www.personality-database.com/images/profile_transparent.png"}, "join_to_post": false, "can_pin": false}, {"description": "", "follow_count": 0, "id": 225602, "is_following": false, "is_join_pending": false, "is_banned": false, "is_moderated": false, "name_readable": "Lennox", "post_count": 0, "source_profile_id": 293703, "source_type": "profile", "image": {"picURL": "https://www.personality-database.com/images/profile_transparent.png"}, "join_to_post": false, "can_pin": false}, {"description": "", "follow_count": 1, "id": 215066, "is_following": false, "is_join_pending": false, "is_banned": false, "is_moderated": false, "name_readable": "Three Witches", "post_count": 0, "source_profile_id": 280898, "source_type": "profile", "image": {"picURL": "https://static1.personality-database.com/profile_images/cef4940b7ef94c87baf3765e74fe545a.png"}, "join_to_post": false, "can_pin": false}, {"description": "", "follow_count": 0, "id": 20684, "is_following": false, "is_join_pending": false, "is_banned": false, "is_moderated": false, "name_readable": "Fleance", "post_count": 0, "source_profile_id": 22879, "source_type": "profile", "image": {"picURL": "https://static1.personality-database.com/profile_images/ce2ac0a39a104f78a08f39e6611a7138.png"}, "join_to_post": false, "can_pin": false}, {"description": "", "follow_count": 0, "id": 20683, "is_following": false, "is_join_pending": false, "is_banned": false, "is_moderated": false, "name_readable": "Banquo", "post_count": 0, "source_profile_id": 22878, "source_type": "profile", "image": {"picURL": "https://static1.personality-database.com/profile_images/b3821400e20e4111a152f55712983f36.png"}, "join_to_post": false, "can_pin": false}, {"description": "", "follow_count": 0, "id": 13967, "is_following": false, "is_join_pending": false, "is_banned": false, "is_moderated": false, "name_readable": "Macduff", "post_count": 0, "source_profile_id": 15181, "source_type": "profile", "image": {"picURL": "https://static1.personality-database.com/profile_images/15e7176fabae443d9e4fe4838971918a.png"}, "join_to_post": false, "can_pin": false}], "subcategory": "Macbeth", "topic_image_url": "https://static1.personality-database.com/profile_images/f2809d1d6fee4d4c9e2e8e30feae3db4.png", "source_location": {"cid": 13, "pid": 2, "sub_cat_id": 1868}, "can_post_image": false, "can_post_audio": false, "posts": {"posts": [{"username": "Mace_the_mbti_master", "user_pic_path": "https://static1.personality-database.com/user_avatars/545675/eb90cdf3-8ec4-4e08-8398-181c60f51c56_small.jpeg", "user_personality_type": "INFP-4w3-416", "is_mod": false, "comment_count": 5, "reply_count": 5, "vote_type": 0, "topics_list": [{"id": 13962, "name_readable": "Macbeth"}], "id": 1791643, "post_id": 1791643, "user_id": 545675, "title": "", "content": "#trying to make gcse english lit revision better by linking the play we're reading to one of my interests", "create_date": 1657377333000, "unix_timestamp": 1657377333000, "update_date": 1657377333000, "vote_count": 22, "vote_count_down": 0, "is_reported": 1, "is_hidden": false, "is_pinned": false, "is_watching": false, "is_pro_user": false, "images": null, "audios": null, "function_list": [], "type": "post"}]}}}}