{"id": 15177, "mbti_profile": "Lady Macbeth", "profile_name_searchable": "ladymacbeth", "allow_commenting": true, "allow_voting": true, "user_id": 6093, "contributor": "ester.weimerova", "contributor_create_date": "2018-08-20 08:35:21", "contributor_pic_path": "https://lh4.googleusercontent.com/-28XSEw2yYJc/AAAAAAAAAAI/AAAAAAAAAAA/ACHi3rfosVaiAQMBm1x3F2BJzylUKrNjKQ/s96-c/photo.jpg", "display_order": 995, "edit_lock": 0, "edit_lock_picture": 0, "is_active": true, "is_approved": true, "mbti_enneagram_type": "ENTJ 3w4", "mbti_type": "ENTJ 3w4", "pdb_comment_access": true, "pdb_page_owner": 0, "pdb_public_access": true, "wiki_description": "Macbeth's wife, who's such an iconic villain she started a trend of wives who encourage their husbands to evil.", "watch_count": 140, "comment_count": 40, "vote_count": 167, "vote_count_enneagram": 90, "vote_count_mbti": 167, "total_vote_counts": 359, "personality_type": "ENTJ - 3w4 - sp/sx - 385 - LSI - SLOEI - Choleric [Dominant]", "type_updated_date": "2022-09-29 19:26:04", "enneagram_vote": "", "enneagram_vote_id": 0, "mbti_vote": "", "mbti_vote_id": 0, "is_watching": false, "image_exists": false, "profile_image_url": "https://static1.personality-database.com/profile_images/faeca1b57ced46219c1ab2b764ae8332.png", "profile_image_credit": "", "profile_image_credit_id": 126514, "profile_image_credit_type": "0", "profile_image_credit_url": "", "alt_subcategory": "", "related_subcategories": "", "cat_id": 13, "category": "Theatre", "category_is_fictional": true, "sub_cat_id": 1868, "subcategory": "Macbeth", "subcat_link_info": {"sub_cat_id": 1868, "cat_id": 13, "property_id": 2, "subcategory": "Macbeth"}, "related_subcat_link_info": null, "related_profiles": [{"id": 15176, "mbti_profile": "Macbeth", "subcategory": "Macbeth", "profile_image_url": "https://static1.personality-database.com/profile_images/f2809d1d6fee4d4c9e2e8e30feae3db4.png", "profile_name": "Macbeth", "profile_subcat": "Macbeth", "sub_cat_id": 1868, "cat_id": 13, "property_id": 2, "mbti": "ISFP", "enneatype": "6w5"}, {"id": 22878, "mbti_profile": "Banquo", "subcategory": "Macbeth", "profile_image_url": "https://static1.personality-database.com/profile_images/b3821400e20e4111a152f55712983f36.png", "profile_name": "Banquo", "profile_subcat": "Macbeth", "sub_cat_id": 1868, "cat_id": 13, "property_id": 2, "mbti": "INFJ", "enneatype": "1w9"}, {"id": 293711, "mbti_profile": "Porter", "subcategory": "Macbeth", "profile_image_url": "https://static1.personality-database.com/profile_images/3ddb21bde406439ba2c5f06275a62948.png", "profile_name": "Porter", "profile_subcat": "Macbeth", "sub_cat_id": 1868, "cat_id": 13, "property_id": 2, "mbti": "ESTP", "enneatype": "7w8"}, {"id": 280898, "mbti_profile": "Three Witches", "subcategory": "Macbeth", "profile_image_url": "https://static1.personality-database.com/profile_images/cef4940b7ef94c87baf3765e74fe545a.png", "profile_name": "Three Witches", "profile_subcat": "Macbeth", "sub_cat_id": 1868, "cat_id": 13, "property_id": 2, "mbti": "INTJ", "enneatype": "5w4"}, {"id": 15180, "mbti_profile": "Macduff's son", "subcategory": "Macbeth", "profile_image_url": "", "profile_name": "Macduff's son", "profile_subcat": "Macbeth", "sub_cat_id": 1868, "cat_id": 13, "property_id": 2, "mbti": "ENTP", "enneatype": "7w6"}, {"id": 15181, "mbti_profile": "Macduff", "subcategory": "Macbeth", "profile_image_url": "https://static1.personality-database.com/profile_images/15e7176fabae443d9e4fe4838971918a.png", "profile_name": "Macduff", "profile_subcat": "Macbeth", "sub_cat_id": 1868, "cat_id": 13, "property_id": 2, "mbti": "ESFJ", "enneatype": ""}, {"id": 447148, "mbti_profile": "Siward", "subcategory": "Macbeth", "profile_image_url": "", "profile_name": "Siward", "profile_subcat": "Macbeth", "sub_cat_id": 1868, "cat_id": 13, "property_id": 2, "mbti": "", "enneatype": ""}, {"id": 447147, "mbti_profile": "Caithness", "subcategory": "Macbeth", "profile_image_url": "", "profile_name": "Caithness", "profile_subcat": "Macbeth", "sub_cat_id": 1868, "cat_id": 13, "property_id": 2, "mbti": "", "enneatype": ""}], "functions": ["Te", "Ni", "Se", "Fi"], "systems": [{"hex_color": "#888888", "id": 1, "personality_type": "XXXX", "personality_type_id": 0, "system_name": "Four Letter", "system_vote_count": 162, "user_vote_type_id": 0, "vote_id": 0}, {"hex_color": "#006775", "id": 2, "personality_type": "XXXX", "personality_type_id": 0, "system_name": "Enneagram", "system_vote_count": 87, "user_vote_type_id": 0, "vote_id": 0}, {"hex_color": "#006775", "id": 5, "personality_type": "XXXX", "personality_type_id": 0, "system_name": "Instinctual Variant", "system_vote_count": 30, "user_vote_type_id": 0, "vote_id": 0}, {"hex_color": "#006775", "id": 6, "personality_type": "XXXX", "personality_type_id": 0, "system_name": "Tritype", "system_vote_count": 27, "user_vote_type_id": 0, "vote_id": 0}, {"hex_color": "#888888", "id": 3, "personality_type": "XXXX", "personality_type_id": 0, "system_name": "Socionics", "system_vote_count": 14, "user_vote_type_id": 0, "vote_id": 0}, {"hex_color": "#888888", "id": 9, "personality_type": "XXXX", "personality_type_id": 0, "system_name": "Big 5 (SLOAN)", "system_vote_count": 10, "user_vote_type_id": 0, "vote_id": 0}, {"hex_color": "#888888", "id": 8, "personality_type": "XXXX", "personality_type_id": 0, "system_name": "Attitudinal Psyche", "system_vote_count": 6, "user_vote_type_id": 0, "vote_id": 0}, {"hex_color": "#888888", "id": 7, "personality_type": "XXXX", "personality_type_id": 0, "system_name": "Temperaments", "system_vote_count": 22, "user_vote_type_id": 0, "vote_id": 0}, {"hex_color": "#888888", "id": 11, "personality_type": "XXXX", "personality_type_id": 0, "system_name": "Classic Jungian", "system_vote_count": 0, "user_vote_type_id": 0, "vote_id": 0}], "breakdown_systems": {"1": [{"myValue": "ENTJ", "personality_system_id": 1, "personality_type": "ENTJ", "theCount": 147}, {"myValue": "INTJ", "personality_system_id": 1, "personality_type": "INTJ", "theCount": 6}, {"myValue": "ESTP", "personality_system_id": 1, "personality_type": "ESTP", "theCount": 3}, {"myValue": "ENTP", "personality_system_id": 1, "personality_type": "ENTP", "theCount": 2}, {"myValue": "INFP", "personality_system_id": 1, "personality_type": "INFP", "theCount": 2}, {"myValue": "ENFJ", "personality_system_id": 1, "personality_type": "ENFJ", "theCount": 1}, {"myValue": "ESFJ", "personality_system_id": 1, "personality_type": "ESFJ", "theCount": 1}], "11": [{"myValue": "XXXX", "personality_system_id": 0, "personality_type": "XXXX", "theCount": 0}], "2": [{"myValue": "3w4", "personality_system_id": 2, "personality_type": "3w4", "theCount": 68}, {"myValue": "8w9", "personality_system_id": 2, "personality_type": "8w9", "theCount": 13}, {"myValue": "4w3", "personality_system_id": 2, "personality_type": "4w3", "theCount": 2}, {"myValue": "8w7", "personality_system_id": 2, "personality_type": "8w7", "theCount": 2}, {"myValue": "2w3", "personality_system_id": 2, "personality_type": "2w3", "theCount": 1}, {"myValue": "3w2", "personality_system_id": 2, "personality_type": "3w2", "theCount": 1}], "3": [{"myValue": "EIE", "personality_system_id": 3, "personality_type": "EIE", "theCount": 5}, {"myValue": "LSI", "personality_system_id": 3, "personality_type": "LSI", "theCount": 5}, {"myValue": "ILI", "personality_system_id": 3, "personality_type": "ILI", "theCount": 1}, {"myValue": "LIE", "personality_system_id": 3, "personality_type": "LIE", "theCount": 1}, {"myValue": "SEE", "personality_system_id": 3, "personality_type": "SEE", "theCount": 1}, {"myValue": "SLE", "personality_system_id": 3, "personality_type": "SLE", "theCount": 1}], "4": [{"myValue": "Neutral Evil", "personality_system_id": 4, "personality_type": "Neutral Evil", "theCount": 1}], "5": [{"myValue": "sp/sx", "personality_system_id": 5, "personality_type": "sp/sx", "theCount": 13}, {"myValue": "sx/sp", "personality_system_id": 5, "personality_type": "sx/sp", "theCount": 6}, {"myValue": "so/sp", "personality_system_id": 5, "personality_type": "so/sp", "theCount": 5}, {"myValue": "sp/so", "personality_system_id": 5, "personality_type": "sp/so", "theCount": 3}, {"myValue": "sx/so", "personality_system_id": 5, "personality_type": "sx/so", "theCount": 2}, {"myValue": "so/sx", "personality_system_id": 5, "personality_type": "so/sx", "theCount": 1}], "6": [{"myValue": "385", "personality_system_id": 6, "personality_type": "385", "theCount": 13}, {"myValue": "835", "personality_system_id": 6, "personality_type": "835", "theCount": 5}, {"myValue": "358", "personality_system_id": 6, "personality_type": "358", "theCount": 4}, {"myValue": "837", "personality_system_id": 6, "personality_type": "837", "theCount": 2}, {"myValue": "386", "personality_system_id": 6, "personality_type": "386", "theCount": 1}, {"myValue": "395", "personality_system_id": 6, "personality_type": "395", "theCount": 1}, {"myValue": "468", "personality_system_id": 6, "personality_type": "468", "theCount": 1}], "7": [{"myValue": "Choleric [Dominant]", "personality_system_id": 7, "personality_type": "Choleric [Dominant]", "theCount": 16}, {"myValue": "Choleric-Melancholic", "personality_system_id": 7, "personality_type": "Choleric-Melancholic", "theCount": 4}, {"myValue": "Choleric-Sanguine", "personality_system_id": 7, "personality_type": "Choleric-Sanguine", "theCount": 1}, {"myValue": "Melancholic-Choleric", "personality_system_id": 7, "personality_type": "Melancholic-Choleric", "theCount": 1}], "8": [{"myValue": "VLFE", "personality_system_id": 8, "personality_type": "VLFE", "theCount": 3}, {"myValue": "EFVL", "personality_system_id": 8, "personality_type": "EFVL", "theCount": 2}, {"myValue": "VLEF", "personality_system_id": 8, "personality_type": "VLEF", "theCount": 1}], "9": [{"myValue": "SLOEI", "personality_system_id": 9, "personality_type": "SLOEI", "theCount": 7}, {"myValue": "RCOEN", "personality_system_id": 9, "personality_type": "RCOEN", "theCount": 1}, {"myValue": "RLOEI", "personality_system_id": 9, "personality_type": "RLOEI", "theCount": 1}, {"myValue": "SCUEN", "personality_system_id": 9, "personality_type": "SCUEN", "theCount": 1}]}, "breakdown_config": {"expand": {"1": 3, "11": 1, "2": 3, "3": 1, "4": 1, "5": 1, "6": 1, "7": 1, "8": 1, "9": 1}, "fire": {"1": 0, "11": 0, "2": 0, "3": 0, "4": 0, "5": 0, "6": 0, "7": 0, "8": 0, "9": 0}}, "mbti_letter_stats": [{"type": "E", "percentage": "95%", "PercentageFloat": 0.9506172839506173}, {"type": "N", "percentage": "98%", "PercentageFloat": 0.9753086419753086}, {"type": "T", "percentage": "98%", "PercentageFloat": 0.9753086419753086}, {"type": "J", "percentage": "96%", "PercentageFloat": 0.9567901234567902}], "topic_info": {"can_generate": false, "topic": {"description": "", "follow_count": 0, "id": 13963, "is_following": false, "is_join_pending": false, "is_banned": false, "is_moderated": false, "name_readable": "Lady Macbeth", "post_count": 1, "source_profile_id": 15177, "source_type": "profile", "join_to_post": false, "can_pin": false, "related_topics": [{"description": "", "follow_count": 0, "id": 13963, "is_following": false, "is_join_pending": false, "is_banned": false, "is_moderated": false, "name_readable": "Lady Macbeth", "post_count": 1, "source_profile_id": 15177, "source_type": "profile", "image": {"picURL": "https://static1.personality-database.com/profile_images/faeca1b57ced46219c1ab2b764ae8332.png"}, "join_to_post": false, "can_pin": false}, {"description": "", "follow_count": 0, "id": 13962, "is_following": false, "is_join_pending": false, "is_banned": false, "is_moderated": false, "name_readable": "Macbeth", "post_count": 1, "source_profile_id": 15176, "source_type": "profile", "image": {"picURL": "https://static1.personality-database.com/profile_images/f2809d1d6fee4d4c9e2e8e30feae3db4.png"}, "join_to_post": false, "can_pin": false}, {"description": "", "follow_count": 0, "id": 13966, "is_following": false, "is_join_pending": false, "is_banned": false, "is_moderated": false, "name_readable": "Macduff's son", "post_count": 1, "source_profile_id": 15180, "source_type": "profile", "image": {"picURL": "https://www.personality-database.com/images/profile_transparent.png"}, "join_to_post": false, "can_pin": false}, {"description": "", "follow_count": 0, "id": 225610, "is_following": false, "is_join_pending": false, "is_banned": false, "is_moderated": false, "name_readable": "Porter", "post_count": 0, "source_profile_id": 293711, "source_type": "profile", "image": {"picURL": "https://static1.personality-database.com/profile_images/3ddb21bde406439ba2c5f06275a62948.png"}, "join_to_post": false, "can_pin": false}, {"description": "", "follow_count": 0, "id": 225609, "is_following": false, "is_join_pending": false, "is_banned": false, "is_moderated": false, "name_readable": "Seyton", "post_count": 0, "source_profile_id": 293710, "source_type": "profile", "image": {"picURL": "https://www.personality-database.com/images/profile_transparent.png"}, "join_to_post": false, "can_pin": false}, {"description": "", "follow_count": 0, "id": 225608, "is_following": false, "is_join_pending": false, "is_banned": false, "is_moderated": false, "name_readable": "Old Man", "post_count": 0, "source_profile_id": 293709, "source_type": "profile", "image": {"picURL": "https://www.personality-database.com/images/profile_transparent.png"}, "join_to_post": false, "can_pin": false}, {"description": "", "follow_count": 0, "id": 225607, "is_following": false, "is_join_pending": false, "is_banned": false, "is_moderated": false, "name_readable": "Young Siward", "post_count": 0, "source_profile_id": 293708, "source_type": "profile", "image": {"picURL": "https://www.personality-database.com/images/profile_transparent.png"}, "join_to_post": false, "can_pin": false}, {"description": "", "follow_count": 0, "id": 225606, "is_following": false, "is_join_pending": false, "is_banned": false, "is_moderated": false, "name_readable": "Lady Macduff", "post_count": 0, "source_profile_id": 293707, "source_type": "profile", "image": {"picURL": "https://www.personality-database.com/images/profile_transparent.png"}, "join_to_post": false, "can_pin": false}, {"description": "", "follow_count": 0, "id": 225605, "is_following": false, "is_join_pending": false, "is_banned": false, "is_moderated": false, "name_readable": "Donalbain", "post_count": 0, "source_profile_id": 293706, "source_type": "profile", "image": {"picURL": "https://www.personality-database.com/images/profile_transparent.png"}, "join_to_post": false, "can_pin": false}, {"description": "", "follow_count": 0, "id": 225604, "is_following": false, "is_join_pending": false, "is_banned": false, "is_moderated": false, "name_readable": "Hecate", "post_count": 0, "source_profile_id": 293705, "source_type": "profile", "image": {"picURL": "https://www.personality-database.com/images/profile_transparent.png"}, "join_to_post": false, "can_pin": false}, {"description": "", "follow_count": 0, "id": 225603, "is_following": false, "is_join_pending": false, "is_banned": false, "is_moderated": false, "name_readable": "Ross", "post_count": 0, "source_profile_id": 293704, "source_type": "profile", "image": {"picURL": "https://www.personality-database.com/images/profile_transparent.png"}, "join_to_post": false, "can_pin": false}, {"description": "", "follow_count": 0, "id": 225602, "is_following": false, "is_join_pending": false, "is_banned": false, "is_moderated": false, "name_readable": "Lennox", "post_count": 0, "source_profile_id": 293703, "source_type": "profile", "image": {"picURL": "https://www.personality-database.com/images/profile_transparent.png"}, "join_to_post": false, "can_pin": false}, {"description": "", "follow_count": 1, "id": 215066, "is_following": false, "is_join_pending": false, "is_banned": false, "is_moderated": false, "name_readable": "Three Witches", "post_count": 0, "source_profile_id": 280898, "source_type": "profile", "image": {"picURL": "https://static1.personality-database.com/profile_images/cef4940b7ef94c87baf3765e74fe545a.png"}, "join_to_post": false, "can_pin": false}, {"description": "", "follow_count": 0, "id": 20684, "is_following": false, "is_join_pending": false, "is_banned": false, "is_moderated": false, "name_readable": "Fleance", "post_count": 0, "source_profile_id": 22879, "source_type": "profile", "image": {"picURL": "https://static1.personality-database.com/profile_images/ce2ac0a39a104f78a08f39e6611a7138.png"}, "join_to_post": false, "can_pin": false}, {"description": "", "follow_count": 0, "id": 20683, "is_following": false, "is_join_pending": false, "is_banned": false, "is_moderated": false, "name_readable": "Banquo", "post_count": 0, "source_profile_id": 22878, "source_type": "profile", "image": {"picURL": "https://static1.personality-database.com/profile_images/b3821400e20e4111a152f55712983f36.png"}, "join_to_post": false, "can_pin": false}, {"description": "", "follow_count": 0, "id": 13967, "is_following": false, "is_join_pending": false, "is_banned": false, "is_moderated": false, "name_readable": "Macduff", "post_count": 0, "source_profile_id": 15181, "source_type": "profile", "image": {"picURL": "https://static1.personality-database.com/profile_images/15e7176fabae443d9e4fe4838971918a.png"}, "join_to_post": false, "can_pin": false}], "subcategory": "Macbeth", "topic_image_url": "https://static1.personality-database.com/profile_images/faeca1b57ced46219c1ab2b764ae8332.png", "source_location": {"cid": 13, "pid": 2, "sub_cat_id": 1868}, "can_post_image": false, "can_post_audio": false, "posts": {"posts": [{"username": "ilovesuou75", "user_pic_path": "https://static1.personality-database.com/user_avatars/16174/a433c20d-75db-4d86-bed6-fa4212ee1296.jpeg", "user_personality_type": "ESTP-8w7-837", "is_mod": false, "comment_count": 1, "reply_count": 1, "vote_type": 0, "topics_list": [{"id": 13963, "name_readable": "Lady Macbeth"}], "id": 198573, "post_id": 198573, "user_id": 16174, "title": "", "content": "unsure as to why she\u2019d be an 8w9 over an 8w7\u2026", "create_date": 1638297124000, "unix_timestamp": 1638297124000, "update_date": 1638297124000, "vote_count": 0, "vote_count_down": 0, "is_reported": 0, "is_hidden": false, "is_pinned": false, "is_watching": false, "is_pro_user": false, "images": null, "audios": null, "function_list": [], "type": "post"}]}}}}