{"id": 179608, "mbti_profile": "Claude Frollo", "profile_name_searchable": "claudefrollo", "allow_commenting": true, "allow_voting": true, "user_id": 11336, "contributor": "Sepia", "contributor_create_date": "2020-08-25 12:00:36", "contributor_pic_path": "https://lh3.googleusercontent.com/a-/AOh14GjvhMuBGYJfLjHRMYeJ5rzSxCNasxB0bPzKksiy=s96-c", "display_order": 985, "edit_lock": 0, "edit_lock_picture": 0, "is_active": true, "is_approved": true, "mbti_enneagram_type": "INFJ 1w2", "mbti_type": "INFJ 1w2", "pdb_comment_access": true, "pdb_page_owner": 0, "pdb_public_access": true, "wiki_description": "", "watch_count": 10, "comment_count": 1, "vote_count": 16, "vote_count_enneagram": 6, "vote_count_mbti": 16, "total_vote_counts": 42, "personality_type": "INFJ - 1w2 - sx/so - EIE - RLOAI - VELF - Melancholic-Choleric", "type_updated_date": "2022-06-08 00:10:48", "enneagram_vote": "", "enneagram_vote_id": 0, "mbti_vote": "", "mbti_vote_id": 0, "is_watching": false, "image_exists": false, "profile_image_url": "https://static1.personality-database.com/profile_images/98bdfcfdb5b24f758c3af48f24186a49.png", "profile_image_credit": "", "profile_image_credit_id": 217174, "profile_image_credit_type": "0", "profile_image_credit_url": "", "alt_subcategory": "", "related_subcategories": "", "cat_id": 13, "category": "Theatre", "category_is_fictional": true, "sub_cat_id": 11915, "subcategory": "The Hunchback of Notre Dame (Musical)", "subcat_link_info": {"sub_cat_id": 11915, "cat_id": 13, "property_id": 2, "subcategory": "The Hunchback of Notre Dame (Musical)"}, "related_subcat_link_info": null, "related_profiles": [{"id": 179606, "mbti_profile": "Esmeralda", "subcategory": "The Hunchback of Notre Dame (Musical)", "profile_image_url": "https://static1.personality-database.com/profile_images/543d044ba60c4c8e9da3f98f22e71a95.png", "profile_name": "Esmeralda", "profile_subcat": "The Hunchback of Notre Dame (Musical)", "sub_cat_id": 11915, "cat_id": 13, "property_id": 2, "mbti": "ESFP", "enneatype": "7w8"}, {"id": 179607, "mbti_profile": "Phoebus de Martin", "subcategory": "The Hunchback of Notre Dame (Musical)", "profile_image_url": "", "profile_name": "Phoebus de Martin", "profile_subcat": "The Hunchback of Notre Dame (Musical)", "sub_cat_id": 11915, "cat_id": 13, "property_id": 2, "mbti": "ESFP", "enneatype": "7w8"}, {"id": 179605, "mbti_profile": "Quasimodo", "subcategory": "The Hunchback of Notre Dame (Musical)", "profile_image_url": "https://static1.personality-database.com/profile_images/123c48cde0fc4c528f4c33bfd905b41f.png", "profile_name": "Quasimodo", "profile_subcat": "The Hunchback of Notre Dame (Musical)", "sub_cat_id": 11915, "cat_id": 13, "property_id": 2, "mbti": "INFP", "enneatype": "9w1"}, {"id": 179609, "mbti_profile": "Jehan Frollo", "subcategory": "The Hunchback of Notre Dame (Musical)", "profile_image_url": "", "profile_name": "Jehan Frollo", "profile_subcat": "The Hunchback of Notre Dame (Musical)", "sub_cat_id": 11915, "cat_id": 13, "property_id": 2, "mbti": "ESFP", "enneatype": "7w8"}, {"id": 179610, "mbti_profile": "Clopin Trouillefou", "subcategory": "The Hunchback of Notre Dame (Musical)", "profile_image_url": "https://static1.personality-database.com/profile_images/69007d32f8b94d2ebb29ffe88c09e316.png", "profile_name": "Clopin Trouillefou", "profile_subcat": "The Hunchback of Notre Dame (Musical)", "sub_cat_id": 11915, "cat_id": 13, "property_id": 2, "mbti": "ENTP", "enneatype": "7w8"}], "functions": ["Ni", "Fe", "Ti", "Se"], "systems": [{"hex_color": "#888888", "id": 1, "personality_type": "XXXX", "personality_type_id": 0, "system_name": "Four Letter", "system_vote_count": 16, "user_vote_type_id": 0, "vote_id": 0}, {"hex_color": "#006775", "id": 2, "personality_type": "XXXX", "personality_type_id": 0, "system_name": "Enneagram", "system_vote_count": 6, "user_vote_type_id": 0, "vote_id": 0}, {"hex_color": "#006775", "id": 5, "personality_type": "XXXX", "personality_type_id": 0, "system_name": "Instinctual Variant", "system_vote_count": 4, "user_vote_type_id": 0, "vote_id": 0}, {"hex_color": "#006775", "id": 6, "personality_type": "XXXX", "personality_type_id": 0, "system_name": "Tritype", "system_vote_count": 4, "user_vote_type_id": 0, "vote_id": 0}, {"hex_color": "#888888", "id": 3, "personality_type": "XXXX", "personality_type_id": 0, "system_name": "Socionics", "system_vote_count": 3, "user_vote_type_id": 0, "vote_id": 0}, {"hex_color": "#888888", "id": 9, "personality_type": "XXXX", "personality_type_id": 0, "system_name": "Big 5 (SLOAN)", "system_vote_count": 3, "user_vote_type_id": 0, "vote_id": 0}, {"hex_color": "#888888", "id": 8, "personality_type": "XXXX", "personality_type_id": 0, "system_name": "Attitudinal Psyche", "system_vote_count": 3, "user_vote_type_id": 0, "vote_id": 0}, {"hex_color": "#888888", "id": 7, "personality_type": "XXXX", "personality_type_id": 0, "system_name": "Temperaments", "system_vote_count": 3, "user_vote_type_id": 0, "vote_id": 0}, {"hex_color": "#888888", "id": 11, "personality_type": "XXXX", "personality_type_id": 0, "system_name": "Classic Jungian", "system_vote_count": 0, "user_vote_type_id": 0, "vote_id": 0}], "breakdown_systems": {"1": [{"myValue": "INFJ", "personality_system_id": 1, "personality_type": "INFJ", "theCount": 12}, {"myValue": "INTJ", "personality_system_id": 1, "personality_type": "INTJ", "theCount": 4}], "11": [{"myValue": "XXXX", "personality_system_id": 0, "personality_type": "XXXX", "theCount": 0}], "2": [{"myValue": "1w2", "personality_system_id": 2, "personality_type": "1w2", "theCount": 5}, {"myValue": "4w5", "personality_system_id": 2, "personality_type": "4w5", "theCount": 1}], "3": [{"myValue": "EIE", "personality_system_id": 3, "personality_type": "EIE", "theCount": 3}], "5": [{"myValue": "sx/so", "personality_system_id": 5, "personality_type": "sx/so", "theCount": 4}], "6": [{"myValue": "125", "personality_system_id": 6, "personality_type": "125", "theCount": 1}, {"myValue": "162", "personality_system_id": 6, "personality_type": "162", "theCount": 1}, {"myValue": "164", "personality_system_id": 6, "personality_type": "164", "theCount": 1}, {"myValue": "415", "personality_system_id": 6, "personality_type": "415", "theCount": 1}], "7": [{"myValue": "Melancholic-Choleric", "personality_system_id": 7, "personality_type": "Melancholic-Choleric", "theCount": 3}], "8": [{"myValue": "VELF", "personality_system_id": 8, "personality_type": "VELF", "theCount": 2}, {"myValue": "VLEF", "personality_system_id": 8, "personality_type": "VLEF", "theCount": 1}], "9": [{"myValue": "RLOAI", "personality_system_id": 9, "personality_type": "RLOAI", "theCount": 2}, {"myValue": "RLOEI", "personality_system_id": 9, "personality_type": "RLOEI", "theCount": 1}]}, "breakdown_config": {"expand": {"1": 3, "11": 1, "2": 3, "3": 1, "5": 1, "6": 1, "7": 1, "8": 1, "9": 1}, "fire": {"1": 0, "11": 0, "2": 0, "3": 0, "5": 0, "6": 0, "7": 0, "8": 0, "9": 0}}, "mbti_letter_stats": [{"type": "I", "percentage": "100%", "PercentageFloat": 1}, {"type": "N", "percentage": "100%", "PercentageFloat": 1}, {"type": "F", "percentage": "75%", "PercentageFloat": 0.75}, {"type": "J", "percentage": "100%", "PercentageFloat": 1}], "topic_info": {"can_generate": false, "topic": {"description": "", "follow_count": 0, "id": 138357, "is_following": false, "is_join_pending": false, "is_banned": false, "is_moderated": false, "name_readable": "Claude Frollo", "post_count": 0, "source_profile_id": 179608, "source_type": "profile", "join_to_post": false, "can_pin": false, "related_topics": [{"description": "", "follow_count": 0, "id": 138355, "is_following": false, "is_join_pending": false, "is_banned": false, "is_moderated": false, "name_readable": "Esmeralda", "post_count": 0, "source_profile_id": 179606, "source_type": "profile", "image": {"picURL": "https://static1.personality-database.com/profile_images/543d044ba60c4c8e9da3f98f22e71a95.png"}, "join_to_post": false, "can_pin": false}, {"description": "", "follow_count": 0, "id": 138357, "is_following": false, "is_join_pending": false, "is_banned": false, "is_moderated": false, "name_readable": "Claude Frollo", "post_count": 0, "source_profile_id": 179608, "source_type": "profile", "image": {"picURL": "https://static1.personality-database.com/profile_images/98bdfcfdb5b24f758c3af48f24186a49.png"}, "join_to_post": false, "can_pin": false}, {"description": "", "follow_count": 0, "id": 138354, "is_following": false, "is_join_pending": false, "is_banned": false, "is_moderated": false, "name_readable": "Quasimodo", "post_count": 0, "source_profile_id": 179605, "source_type": "profile", "image": {"picURL": "https://static1.personality-database.com/profile_images/123c48cde0fc4c528f4c33bfd905b41f.png"}, "join_to_post": false, "can_pin": false}, {"description": "", "follow_count": 0, "id": 138358, "is_following": false, "is_join_pending": false, "is_banned": false, "is_moderated": false, "name_readable": "Jehan Frollo", "post_count": 0, "source_profile_id": 179609, "source_type": "profile", "image": {"picURL": "https://www.personality-database.com/images/profile_transparent.png"}, "join_to_post": false, "can_pin": false}, {"description": "", "follow_count": 0, "id": 138356, "is_following": false, "is_join_pending": false, "is_banned": false, "is_moderated": false, "name_readable": "Phoebus de Martin", "post_count": 0, "source_profile_id": 179607, "source_type": "profile", "image": {"picURL": "https://www.personality-database.com/images/profile_transparent.png"}, "join_to_post": false, "can_pin": false}, {"description": "", "follow_count": 0, "id": 138359, "is_following": false, "is_join_pending": false, "is_banned": false, "is_moderated": false, "name_readable": "Clopin Trouillefou", "post_count": 0, "source_profile_id": 179610, "source_type": "profile", "image": {"picURL": "https://static1.personality-database.com/profile_images/69007d32f8b94d2ebb29ffe88c09e316.png"}, "join_to_post": false, "can_pin": false}], "subcategory": "The Hunchback of Notre Dame (Musical)", "topic_image_url": "https://static1.personality-database.com/profile_images/98bdfcfdb5b24f758c3af48f24186a49.png", "source_location": {"cid": 13, "pid": 2, "sub_cat_id": 11915}, "can_post_image": false, "can_post_audio": false, "posts": {"posts": []}}}}