{"id": 152384, "mbti_profile": "Owen Carvour", "profile_name_searchable": "owencarvour", "allow_commenting": true, "allow_voting": true, "user_id": 76070, "contributor": "mintbeetle", "contributor_create_date": "2020-06-24 02:35:18", "contributor_pic_path": "https://lh3.googleusercontent.com/a-/AOh14Gh-VbaJ6R7zvbVP35gvns7tmb0P8air0-5H5XZVPg=s96-c", "display_order": 0, "edit_lock": 0, "edit_lock_picture": 0, "is_active": true, "is_approved": true, "mbti_enneagram_type": "INTJ 8w7", "mbti_type": "INTJ 8w7", "pdb_comment_access": true, "pdb_page_owner": 0, "pdb_public_access": true, "wiki_description": "", "watch_count": 8, "comment_count": 3, "vote_count": 30, "vote_count_enneagram": 14, "vote_count_mbti": 30, "total_vote_counts": 50, "personality_type": "INTJ - 8w7 - sp/sx - 385 - Choleric-Melancholic", "type_updated_date": "2023-01-05 22:37:01", "enneagram_vote": "", "enneagram_vote_id": 0, "mbti_vote": "", "mbti_vote_id": 0, "is_watching": false, "image_exists": false, "profile_image_url": "https://static1.personality-database.com/profile_images/83e06ec286cd4564a56430de8dd647d8.png", "profile_image_credit": "", "profile_image_credit_id": 0, "profile_image_credit_type": "0", "profile_image_credit_url": "", "alt_subcategory": "", "related_subcategories": "", "cat_id": 13, "category": "Theatre", "category_is_fictional": true, "sub_cat_id": 10272, "subcategory": "Spies Are Forever", "subcat_link_info": {"sub_cat_id": 10272, "cat_id": 13, "property_id": 2, "subcategory": "Spies Are Forever"}, "related_subcat_link_info": null, "related_profiles": [{"id": 152381, "mbti_profile": "Cynthia Houston", "subcategory": "Spies Are Forever", "profile_image_url": "https://static1.personality-database.com/profile_images/08d423fbbe264b048f46fcd3bdb74046.png", "profile_name": "Cynthia Houston", "profile_subcat": "Spies Are Forever", "sub_cat_id": 10272, "cat_id": 13, "property_id": 2, "mbti": "ESTJ", "enneatype": "8w7"}, {"id": 152390, "mbti_profile": "Mrs. Mega", "subcategory": "Spies Are Forever", "profile_image_url": "https://static1.personality-database.com/profile_images/28eca84dc15d4093859e10b4c3a8cf21.png", "profile_name": "Mrs. Mega", "profile_subcat": "Spies Are Forever", "sub_cat_id": 10272, "cat_id": 13, "property_id": 2, "mbti": "ESFJ", "enneatype": "7w6"}, {"id": 152379, "mbti_profile": "Tatiana Slozhno", "subcategory": "Spies Are Forever", "profile_image_url": "https://static1.personality-database.com/profile_images/5865dd026191499a80926ffe65ad1d0a.png", "profile_name": "Tatiana Slozhno", "profile_subcat": "Spies Are Forever", "sub_cat_id": 10272, "cat_id": 13, "property_id": 2, "mbti": "ENTJ", "enneatype": "8w9"}, {"id": 152378, "mbti_profile": "Agent Curt Mega", "subcategory": "Spies Are Forever", "profile_image_url": "https://static1.personality-database.com/profile_images/2d55656a3860448cafca95ee43174cfa.png", "profile_name": "Agent Curt Mega", "profile_subcat": "Spies Are Forever", "sub_cat_id": 10272, "cat_id": 13, "property_id": 2, "mbti": "ESFP", "enneatype": "3w4"}, {"id": 152380, "mbti_profile": "Barbara Lavernor", "subcategory": "Spies Are Forever", "profile_image_url": "https://static1.personality-database.com/profile_images/57ab04a439d549f78fb274c741685cb3.png", "profile_name": "Barbara Lavernor", "profile_subcat": "Spies Are Forever", "sub_cat_id": 10272, "cat_id": 13, "property_id": 2, "mbti": "INTP", "enneatype": "2w1"}, {"id": 152388, "mbti_profile": "Sergio Santos", "subcategory": "Spies Are Forever", "profile_image_url": "https://static1.personality-database.com/profile_images/87b7f663b3e24c20a7eb9fbf381a70ae.png", "profile_name": "Sergio Santos", "profile_subcat": "Spies Are Forever", "sub_cat_id": 10272, "cat_id": 13, "property_id": 2, "mbti": "ISFJ", "enneatype": "6w7"}, {"id": 152385, "mbti_profile": "Richard (Dick) Big", "subcategory": "Spies Are Forever", "profile_image_url": "https://static1.personality-database.com/profile_images/0a2cf9157ff14945a8c1d850c0753741.png", "profile_name": "Richard (Dick) Big", "profile_subcat": "Spies Are Forever", "sub_cat_id": 10272, "cat_id": 13, "property_id": 2, "mbti": "ESTP", "enneatype": "3w2"}, {"id": 200048, "mbti_profile": "Deadliest Man Alive", "subcategory": "Spies Are Forever", "profile_image_url": "https://static1.personality-database.com/profile_images/0271af3900c543a5867b14cb992a6bb9.png", "profile_name": "Deadliest Man Alive", "profile_subcat": "Spies Are Forever", "sub_cat_id": 10272, "cat_id": 13, "property_id": 2, "mbti": "ISTP", "enneatype": "8w7"}], "functions": ["Ni", "Te", "Fi", "Se"], "systems": [{"hex_color": "#888888", "id": 1, "personality_type": "XXXX", "personality_type_id": 0, "system_name": "Four Letter", "system_vote_count": 30, "user_vote_type_id": 0, "vote_id": 0}, {"hex_color": "#006775", "id": 2, "personality_type": "XXXX", "personality_type_id": 0, "system_name": "Enneagram", "system_vote_count": 14, "user_vote_type_id": 0, "vote_id": 0}, {"hex_color": "#006775", "id": 5, "personality_type": "XXXX", "personality_type_id": 0, "system_name": "Instinctual Variant", "system_vote_count": 1, "user_vote_type_id": 0, "vote_id": 0}, {"hex_color": "#006775", "id": 6, "personality_type": "XXXX", "personality_type_id": 0, "system_name": "Tritype", "system_vote_count": 1, "user_vote_type_id": 0, "vote_id": 0}, {"hex_color": "#888888", "id": 3, "personality_type": "XXXX", "personality_type_id": 0, "system_name": "Socionics", "system_vote_count": 0, "user_vote_type_id": 0, "vote_id": 0}, {"hex_color": "#888888", "id": 9, "personality_type": "XXXX", "personality_type_id": 0, "system_name": "Big 5 (SLOAN)", "system_vote_count": 0, "user_vote_type_id": 0, "vote_id": 0}, {"hex_color": "#888888", "id": 8, "personality_type": "XXXX", "personality_type_id": 0, "system_name": "Attitudinal Psyche", "system_vote_count": 0, "user_vote_type_id": 0, "vote_id": 0}, {"hex_color": "#888888", "id": 7, "personality_type": "XXXX", "personality_type_id": 0, "system_name": "Temperaments", "system_vote_count": 3, "user_vote_type_id": 0, "vote_id": 0}, {"hex_color": "#888888", "id": 11, "personality_type": "XXXX", "personality_type_id": 0, "system_name": "Classic Jungian", "system_vote_count": 0, "user_vote_type_id": 0, "vote_id": 0}], "breakdown_systems": {"1": [{"myValue": "INTJ", "personality_system_id": 1, "personality_type": "INTJ", "theCount": 15}, {"myValue": "ENTJ", "personality_system_id": 1, "personality_type": "ENTJ", "theCount": 14}, {"myValue": "ENTP", "personality_system_id": 1, "personality_type": "ENTP", "theCount": 1}], "11": [{"myValue": "XXXX", "personality_system_id": 0, "personality_type": "XXXX", "theCount": 0}], "2": [{"myValue": "8w7", "personality_system_id": 2, "personality_type": "8w7", "theCount": 12}, {"myValue": "3w2", "personality_system_id": 2, "personality_type": "3w2", "theCount": 2}], "3": [{"myValue": "XXXX", "personality_system_id": 0, "personality_type": "XXXX", "theCount": 0}], "4": [{"myValue": "Neutral Evil", "personality_system_id": 4, "personality_type": "Neutral Evil", "theCount": 1}], "5": [{"myValue": "sp/sx", "personality_system_id": 5, "personality_type": "sp/sx", "theCount": 1}], "6": [{"myValue": "385", "personality_system_id": 6, "personality_type": "385", "theCount": 1}], "7": [{"myValue": "Choleric-Melancholic", "personality_system_id": 7, "personality_type": "Choleric-Melancholic", "theCount": 3}], "8": [{"myValue": "XXXX", "personality_system_id": 0, "personality_type": "XXXX", "theCount": 0}], "9": [{"myValue": "XXXX", "personality_system_id": 0, "personality_type": "XXXX", "theCount": 0}]}, "breakdown_config": {"expand": {"1": 3, "11": 1, "2": 3, "3": 1, "4": 1, "5": 1, "6": 1, "7": 1, "8": 1, "9": 1}, "fire": {"1": 1, "11": 0, "2": 0, "3": 0, "4": 0, "5": 0, "6": 0, "7": 0, "8": 0, "9": 0}}, "mbti_letter_stats": [{"type": "I", "percentage": "50%", "PercentageFloat": 0.5}, {"type": "N", "percentage": "100%", "PercentageFloat": 1}, {"type": "T", "percentage": "100%", "PercentageFloat": 1}, {"type": "J", "percentage": "97%", "PercentageFloat": 0.9666666666666667}], "topic_info": {"can_generate": false, "topic": {"description": "", "follow_count": 0, "id": 118048, "is_following": false, "is_join_pending": false, "is_banned": false, "is_moderated": false, "name_readable": "Owen Carvour", "post_count": 0, "source_profile_id": 152384, "source_type": "profile", "join_to_post": false, "can_pin": false, "related_topics": [{"description": "", "follow_count": 0, "id": 118042, "is_following": false, "is_join_pending": false, "is_banned": false, "is_moderated": false, "name_readable": "Agent Curt Mega", "post_count": 0, "source_profile_id": 152378, "source_type": "profile", "image": {"picURL": "https://static1.personality-database.com/profile_images/2d55656a3860448cafca95ee43174cfa.png"}, "join_to_post": false, "can_pin": false}, {"description": "", "follow_count": 0, "id": 118043, "is_following": false, "is_join_pending": false, "is_banned": false, "is_moderated": false, "name_readable": "Tatiana Slozhno", "post_count": 0, "source_profile_id": 152379, "source_type": "profile", "image": {"picURL": "https://static1.personality-database.com/profile_images/5865dd026191499a80926ffe65ad1d0a.png"}, "join_to_post": false, "can_pin": false}, {"description": "", "follow_count": 0, "id": 118044, "is_following": false, "is_join_pending": false, "is_banned": false, "is_moderated": false, "name_readable": "Barbara Lavernor", "post_count": 0, "source_profile_id": 152380, "source_type": "profile", "image": {"picURL": "https://static1.personality-database.com/profile_images/57ab04a439d549f78fb274c741685cb3.png"}, "join_to_post": false, "can_pin": false}, {"description": "", "follow_count": 0, "id": 118045, "is_following": false, "is_join_pending": false, "is_banned": false, "is_moderated": false, "name_readable": "Cynthia Houston", "post_count": 0, "source_profile_id": 152381, "source_type": "profile", "image": {"picURL": "https://static1.personality-database.com/profile_images/08d423fbbe264b048f46fcd3bdb74046.png"}, "join_to_post": false, "can_pin": false}, {"description": "", "follow_count": 0, "id": 118046, "is_following": false, "is_join_pending": false, "is_banned": false, "is_moderated": false, "name_readable": "The Informant", "post_count": 0, "source_profile_id": 152382, "source_type": "profile", "image": {"picURL": "https://static1.personality-database.com/profile_images/b2712f77776844929bdf1a4572e06c46.png"}, "join_to_post": false, "can_pin": false}, {"description": "", "follow_count": 0, "id": 118047, "is_following": false, "is_join_pending": false, "is_banned": false, "is_moderated": false, "name_readable": "Susan", "post_count": 0, "source_profile_id": 152383, "source_type": "profile", "image": {"picURL": "https://static1.personality-database.com/profile_images/41c234664f564b5b91460120e19422a0.png"}, "join_to_post": false, "can_pin": false}, {"description": "", "follow_count": 0, "id": 118048, "is_following": false, "is_join_pending": false, "is_banned": false, "is_moderated": false, "name_readable": "Owen Carvour", "post_count": 0, "source_profile_id": 152384, "source_type": "profile", "image": {"picURL": "https://static1.personality-database.com/profile_images/83e06ec286cd4564a56430de8dd647d8.png"}, "join_to_post": false, "can_pin": false}, {"description": "", "follow_count": 0, "id": 118049, "is_following": false, "is_join_pending": false, "is_banned": false, "is_moderated": false, "name_readable": "Richard (Dick) Big", "post_count": 0, "source_profile_id": 152385, "source_type": "profile", "image": {"picURL": "https://static1.personality-database.com/profile_images/0a2cf9157ff14945a8c1d850c0753741.png"}, "join_to_post": false, "can_pin": false}, {"description": "", "follow_count": 0, "id": 118051, "is_following": false, "is_join_pending": false, "is_banned": false, "is_moderated": false, "name_readable": "Sergio Santos", "post_count": 0, "source_profile_id": 152388, "source_type": "profile", "image": {"picURL": "https://static1.personality-database.com/profile_images/87b7f663b3e24c20a7eb9fbf381a70ae.png"}, "join_to_post": false, "can_pin": false}, {"description": "", "follow_count": 0, "id": 118052, "is_following": false, "is_join_pending": false, "is_banned": false, "is_moderated": false, "name_readable": "Vanger Borschtit", "post_count": 0, "source_profile_id": 152389, "source_type": "profile", "image": {"picURL": "https://static1.personality-database.com/profile_images/b6880a4811214c458487ee600df62cb7.png"}, "join_to_post": false, "can_pin": false}, {"description": "", "follow_count": 0, "id": 118053, "is_following": false, "is_join_pending": false, "is_banned": false, "is_moderated": false, "name_readable": "Mrs. Mega", "post_count": 0, "source_profile_id": 152390, "source_type": "profile", "image": {"picURL": "https://static1.personality-database.com/profile_images/28eca84dc15d4093859e10b4c3a8cf21.png"}, "join_to_post": false, "can_pin": false}, {"description": "", "follow_count": 0, "id": 154662, "is_following": false, "is_join_pending": false, "is_banned": false, "is_moderated": false, "name_readable": "Deadliest Man Alive", "post_count": 0, "source_profile_id": 200048, "source_type": "profile", "image": {"picURL": "https://static1.personality-database.com/profile_images/0271af3900c543a5867b14cb992a6bb9.png"}, "join_to_post": false, "can_pin": false}, {"description": "", "follow_count": 0, "id": 160799, "is_following": false, "is_join_pending": false, "is_banned": false, "is_moderated": false, "name_readable": "Baron Von Nazi", "post_count": 0, "source_profile_id": 208139, "source_type": "profile", "image": {"picURL": "https://static1.personality-database.com/profile_images/9c79e47c7a3a406089792d4c5ff43970.png"}, "join_to_post": false, "can_pin": false}], "subcategory": "Spies Are Forever", "topic_image_url": "https://static1.personality-database.com/profile_images/83e06ec286cd4564a56430de8dd647d8.png", "source_location": {"cid": 13, "pid": 2, "sub_cat_id": 10272}, "can_post_image": false, "can_post_audio": false, "posts": {"posts": []}}}}