{"id": 15252, "mbti_profile": "Jason Dean \"J.D.\"", "profile_name_searchable": "jasondean\"j.d.\"", "allow_commenting": true, "allow_voting": true, "user_id": 5829, "contributor": "\u2661Mayu\u2661", "contributor_create_date": "2018-08-23 16:21:22", "contributor_pic_path": "https://lh3.googleusercontent.com/a-/AOh14Gj7yu7gl_jtKUr2xhY9JJRDYVFavo8A-LxoIhGIQg=s96-c", "display_order": 1005, "edit_lock": 0, "edit_lock_picture": 0, "is_active": true, "is_approved": true, "mbti_enneagram_type": "ISFP 4w3", "mbti_type": "ISFP 4w3", "pdb_comment_access": true, "pdb_page_owner": 0, "pdb_public_access": true, "wiki_description": "", "watch_count": 565, "comment_count": 177, "vote_count": 559, "vote_count_enneagram": 204, "vote_count_mbti": 559, "total_vote_counts": 969, "personality_type": "ISFP - 4w3 - sx/sp - 468 - IEI - RLUEI - EVFL - Melancholic-Choleric - IF(S)", "type_updated_date": "2022-12-31 02:19:45", "enneagram_vote": "", "enneagram_vote_id": 0, "mbti_vote": "", "mbti_vote_id": 0, "is_watching": false, "image_exists": false, "profile_image_url": "https://static1.personality-database.com/profile_images/cb3e34fbb83b415187117320f8e18e84.png", "profile_image_credit": "", "profile_image_credit_id": 0, "profile_image_credit_type": "0", "profile_image_credit_url": "", "alt_subcategory": "", "related_subcategories": "", "cat_id": 13, "category": "Theatre", "category_is_fictional": true, "sub_cat_id": 1500, "subcategory": "Heathers", "subcat_link_info": {"sub_cat_id": 1500, "cat_id": 13, "property_id": 2, "subcategory": "Heathers"}, "related_subcat_link_info": null, "related_profiles": [{"id": 11290, "mbti_profile": "Veronica Sawyer", "subcategory": "Heathers", "profile_image_url": "https://static1.personality-database.com/profile_images/1a9342bc6ed34327920d0d519b69e9e2.png", "profile_name": "Veronica Sawyer", "profile_subcat": "Heathers", "sub_cat_id": 1500, "cat_id": 13, "property_id": 2, "mbti": "INFJ", "enneatype": "4w3"}, {"id": 15458, "mbti_profile": "Martha Dunstock", "subcategory": "Heathers", "profile_image_url": "https://static1.personality-database.com/profile_images/b10362084cd64d8690a9dbfad9b03237.png", "profile_name": "Martha Dunstock", "profile_subcat": "Heathers", "sub_cat_id": 1500, "cat_id": 13, "property_id": 2, "mbti": "INFP", "enneatype": "2w1"}, {"id": 11291, "mbti_profile": "Heather Duke", "subcategory": "Heathers", "profile_image_url": "https://static1.personality-database.com/profile_images/7e429768f7f94054b9cfc961280f78c6.png", "profile_name": "Heather Duke", "profile_subcat": "Heathers", "sub_cat_id": 1500, "cat_id": 13, "property_id": 2, "mbti": "ISTJ", "enneatype": "8w9"}, {"id": 11292, "mbti_profile": "Heather McNamara", "subcategory": "Heathers", "profile_image_url": "https://static1.personality-database.com/profile_images/f70d180f8cdd4798adc28662becd4cad.png", "profile_name": "Heather McNamara", "profile_subcat": "Heathers", "sub_cat_id": 1500, "cat_id": 13, "property_id": 2, "mbti": "ESFJ", "enneatype": "6w7"}, {"id": 11293, "mbti_profile": "Heather Chandler", "subcategory": "Heathers", "profile_image_url": "https://static1.personality-database.com/profile_images/f742b8b27ce5479bbb403b39903c5149.png", "profile_name": "Heather Chandler", "profile_subcat": "Heathers", "sub_cat_id": 1500, "cat_id": 13, "property_id": 2, "mbti": "ESTJ", "enneatype": "8w7"}, {"id": 121347, "mbti_profile": "Kurt Kelly", "subcategory": "Heathers", "profile_image_url": "https://static1.personality-database.com/profile_images/a3aa42678e114e85bebcc61fde2973f5.png", "profile_name": "Kurt Kelly", "profile_subcat": "Heathers", "sub_cat_id": 1500, "cat_id": 13, "property_id": 2, "mbti": "ESTP", "enneatype": "3w4"}, {"id": 121348, "mbti_profile": "Ram Sweeney", "subcategory": "Heathers", "profile_image_url": "https://static1.personality-database.com/profile_images/3b876353dcbf42a48ee7e753f58ba28e.png", "profile_name": "Ram Sweeney", "profile_subcat": "Heathers", "sub_cat_id": 1500, "cat_id": 13, "property_id": 2, "mbti": "ESTP", "enneatype": "3w2"}, {"id": 126401, "mbti_profile": "Mrs. Fleming", "subcategory": "Heathers", "profile_image_url": "https://static1.personality-database.com/profile_images/767ba8e004b54edb94f5e29361048ff2.png", "profile_name": "Mrs. Fleming", "profile_subcat": "Heathers", "sub_cat_id": 1500, "cat_id": 13, "property_id": 2, "mbti": "ENFP", "enneatype": "3w4"}], "functions": ["Fi", "Se", "Ni", "Te"], "systems": [{"hex_color": "#888888", "id": 1, "personality_type": "XXXX", "personality_type_id": 0, "system_name": "Four Letter", "system_vote_count": 537, "user_vote_type_id": 0, "vote_id": 0}, {"hex_color": "#006775", "id": 2, "personality_type": "XXXX", "personality_type_id": 0, "system_name": "Enneagram", "system_vote_count": 192, "user_vote_type_id": 0, "vote_id": 0}, {"hex_color": "#006775", "id": 5, "personality_type": "XXXX", "personality_type_id": 0, "system_name": "Instinctual Variant", "system_vote_count": 69, "user_vote_type_id": 0, "vote_id": 0}, {"hex_color": "#006775", "id": 6, "personality_type": "XXXX", "personality_type_id": 0, "system_name": "Tritype", "system_vote_count": 50, "user_vote_type_id": 0, "vote_id": 0}, {"hex_color": "#888888", "id": 3, "personality_type": "XXXX", "personality_type_id": 0, "system_name": "Socionics", "system_vote_count": 15, "user_vote_type_id": 0, "vote_id": 0}, {"hex_color": "#888888", "id": 9, "personality_type": "XXXX", "personality_type_id": 0, "system_name": "Big 5 (SLOAN)", "system_vote_count": 22, "user_vote_type_id": 0, "vote_id": 0}, {"hex_color": "#888888", "id": 8, "personality_type": "XXXX", "personality_type_id": 0, "system_name": "Attitudinal Psyche", "system_vote_count": 13, "user_vote_type_id": 0, "vote_id": 0}, {"hex_color": "#888888", "id": 7, "personality_type": "XXXX", "personality_type_id": 0, "system_name": "Temperaments", "system_vote_count": 56, "user_vote_type_id": 0, "vote_id": 0}, {"hex_color": "#888888", "id": 11, "personality_type": "XXXX", "personality_type_id": 0, "system_name": "Classic Jungian", "system_vote_count": 4, "user_vote_type_id": 0, "vote_id": 0}], "breakdown_systems": {"1": [{"myValue": "ISFP", "personality_system_id": 1, "personality_type": "ISFP", "theCount": 223}, {"myValue": "INFP", "personality_system_id": 1, "personality_type": "INFP", "theCount": 177}, {"myValue": "ENTP", "personality_system_id": 1, "personality_type": "ENTP", "theCount": 74}, {"myValue": "INTJ", "personality_system_id": 1, "personality_type": "INTJ", "theCount": 14}, {"myValue": "INTP", "personality_system_id": 1, "personality_type": "INTP", "theCount": 11}, {"myValue": "ENTJ", "personality_system_id": 1, "personality_type": "ENTJ", "theCount": 10}, {"myValue": "INFJ", "personality_system_id": 1, "personality_type": "INFJ", "theCount": 8}, {"myValue": "ISTP", "personality_system_id": 1, "personality_type": "ISTP", "theCount": 8}, {"myValue": "ENFP", "personality_system_id": 1, "personality_type": "ENFP", "theCount": 5}, {"myValue": "ESTP", "personality_system_id": 1, "personality_type": "ESTP", "theCount": 3}, {"myValue": "ESFP", "personality_system_id": 1, "personality_type": "ESFP", "theCount": 2}, {"myValue": "ISTJ", "personality_system_id": 1, "personality_type": "ISTJ", "theCount": 2}], "11": [{"myValue": "IF(S)", "personality_system_id": 11, "personality_type": "IF(S)", "theCount": 3}, {"myValue": "IF(N)", "personality_system_id": 11, "personality_type": "IF(N)", "theCount": 1}], "2": [{"myValue": "4w3", "personality_system_id": 2, "personality_type": "4w3", "theCount": 122}, {"myValue": "6w7", "personality_system_id": 2, "personality_type": "6w7", "theCount": 26}, {"myValue": "4w5", "personality_system_id": 2, "personality_type": "4w5", "theCount": 18}, {"myValue": "7w6", "personality_system_id": 2, "personality_type": "7w6", "theCount": 13}, {"myValue": "3w4", "personality_system_id": 2, "personality_type": "3w4", "theCount": 5}, {"myValue": "7w8", "personality_system_id": 2, "personality_type": "7w8", "theCount": 3}, {"myValue": "2w3", "personality_system_id": 2, "personality_type": "2w3", "theCount": 2}, {"myValue": "8w7", "personality_system_id": 2, "personality_type": "8w7", "theCount": 2}, {"myValue": "6w5", "personality_system_id": 2, "personality_type": "6w5", "theCount": 1}], "3": [{"myValue": "IEI", "personality_system_id": 3, "personality_type": "IEI", "theCount": 14}, {"myValue": "EIE", "personality_system_id": 3, "personality_type": "EIE", "theCount": 1}], "4": [{"myValue": "Chaotic Evil", "personality_system_id": 4, "personality_type": "Chaotic Evil", "theCount": 7}, {"myValue": "Chaotic Neutral", "personality_system_id": 4, "personality_type": "Chaotic Neutral", "theCount": 3}, {"myValue": "Neutral Evil", "personality_system_id": 4, "personality_type": "Neutral Evil", "theCount": 1}], "5": [{"myValue": "sx/sp", "personality_system_id": 5, "personality_type": "sx/sp", "theCount": 62}, {"myValue": "sx/so", "personality_system_id": 5, "personality_type": "sx/so", "theCount": 4}, {"myValue": "sp/sx", "personality_system_id": 5, "personality_type": "sp/sx", "theCount": 3}], "6": [{"myValue": "468", "personality_system_id": 6, "personality_type": "468", "theCount": 31}, {"myValue": "648", "personality_system_id": 6, "personality_type": "648", "theCount": 7}, {"myValue": "486", "personality_system_id": 6, "personality_type": "486", "theCount": 3}, {"myValue": "684", "personality_system_id": 6, "personality_type": "684", "theCount": 3}, {"myValue": "487", "personality_system_id": 6, "personality_type": "487", "theCount": 2}, {"myValue": "268", "personality_system_id": 6, "personality_type": "268", "theCount": 1}, {"myValue": "358", "personality_system_id": 6, "personality_type": "358", "theCount": 1}, {"myValue": "469", "personality_system_id": 6, "personality_type": "469", "theCount": 1}, {"myValue": "873", "personality_system_id": 6, "personality_type": "873", "theCount": 1}], "7": [{"myValue": "Melancholic-Choleric", "personality_system_id": 7, "personality_type": "Melancholic-Choleric", "theCount": 49}, {"myValue": "Choleric-Melancholic", "personality_system_id": 7, "personality_type": "Choleric-Melancholic", "theCount": 3}, {"myValue": "Melancholic [Dominant]", "personality_system_id": 7, "personality_type": "Melancholic [Dominant]", "theCount": 3}, {"myValue": "Choleric-Sanguine", "personality_system_id": 7, "personality_type": "Choleric-Sanguine", "theCount": 1}], "8": [{"myValue": "EVFL", "personality_system_id": 8, "personality_type": "EVFL", "theCount": 7}, {"myValue": "ELVF", "personality_system_id": 8, "personality_type": "ELVF", "theCount": 3}, {"myValue": "EFVL", "personality_system_id": 8, "personality_type": "EFVL", "theCount": 1}, {"myValue": "EVLF", "personality_system_id": 8, "personality_type": "EVLF", "theCount": 1}, {"myValue": "VELF", "personality_system_id": 8, "personality_type": "VELF", "theCount": 1}], "9": [{"myValue": "RLUEI", "personality_system_id": 9, "personality_type": "RLUEI", "theCount": 20}, {"myValue": "RLOAI", "personality_system_id": 9, "personality_type": "RLOAI", "theCount": 1}, {"myValue": "RLUEN", "personality_system_id": 9, "personality_type": "RLUEN", "theCount": 1}]}, "breakdown_config": {"expand": {"1": 3, "11": 1, "2": 3, "3": 1, "4": 1, "5": 1, "6": 1, "7": 1, "8": 1, "9": 1}, "fire": {"1": 1, "11": 0, "2": 0, "3": 0, "4": 0, "5": 0, "6": 0, "7": 0, "8": 0, "9": 0}}, "mbti_letter_stats": [{"type": "I", "percentage": "82%", "PercentageFloat": 0.8249534450651769}, {"type": "S", "percentage": "44%", "PercentageFloat": 0.44320297951582865}, {"type": "F", "percentage": "77%", "PercentageFloat": 0.7728119180633147}, {"type": "P", "percentage": "94%", "PercentageFloat": 0.9366852886405959}], "topic_info": {"can_generate": false, "topic": {"description": "", "follow_count": 4, "id": 14028, "is_following": false, "is_join_pending": false, "is_banned": false, "is_moderated": false, "name_readable": "Jason Dean \"J.D.\"", "post_count": 10, "source_profile_id": 15252, "source_type": "profile", "join_to_post": false, "can_pin": false, "related_topics": [{"description": "", "follow_count": 4, "id": 14028, "is_following": false, "is_join_pending": false, "is_banned": false, "is_moderated": false, "name_readable": "Jason Dean \"J.D.\"", "post_count": 10, "source_profile_id": 15252, "source_type": "profile", "image": {"picURL": "https://static1.personality-database.com/profile_images/cb3e34fbb83b415187117320f8e18e84.png"}, "join_to_post": false, "can_pin": false}, {"description": "", "follow_count": 0, "id": 10538, "is_following": false, "is_join_pending": false, "is_banned": false, "is_moderated": false, "name_readable": "Veronica Sawyer", "post_count": 9, "source_profile_id": 11290, "source_type": "profile", "image": {"picURL": "https://static1.personality-database.com/profile_images/1a9342bc6ed34327920d0d519b69e9e2.png"}, "join_to_post": false, "can_pin": false}, {"description": "", "follow_count": 0, "id": 10539, "is_following": false, "is_join_pending": false, "is_banned": false, "is_moderated": false, "name_readable": "Heather Duke", "post_count": 4, "source_profile_id": 11291, "source_type": "profile", "image": {"picURL": "https://static1.personality-database.com/profile_images/7e429768f7f94054b9cfc961280f78c6.png"}, "join_to_post": false, "can_pin": false}, {"description": "Heather Chandler was a senior at Westerburg High School. She is the ex-leader of The Heathers, a clique of three girls named \"Heather\" and Veronica Sawyer.", "follow_count": 0, "id": 10541, "is_following": false, "is_join_pending": false, "is_banned": false, "is_moderated": false, "name_readable": "Heather Chandler", "post_count": 2, "source_profile_id": 11293, "source_type": "profile", "image": {"picURL": "https://static1.personality-database.com/profile_images/f742b8b27ce5479bbb403b39903c5149.png"}, "join_to_post": false, "can_pin": false}, {"description": "", "follow_count": 0, "id": 14203, "is_following": false, "is_join_pending": false, "is_banned": false, "is_moderated": false, "name_readable": "Martha Dunstock", "post_count": 2, "source_profile_id": 15458, "source_type": "profile", "image": {"picURL": "https://static1.personality-database.com/profile_images/b10362084cd64d8690a9dbfad9b03237.png"}, "join_to_post": false, "can_pin": false}, {"description": "", "follow_count": 0, "id": 10540, "is_following": false, "is_join_pending": false, "is_banned": false, "is_moderated": false, "name_readable": "Heather McNamara", "post_count": 1, "source_profile_id": 11292, "source_type": "profile", "image": {"picURL": "https://static1.personality-database.com/profile_images/f70d180f8cdd4798adc28662becd4cad.png"}, "join_to_post": false, "can_pin": false}, {"description": "", "follow_count": 0, "id": 95179, "is_following": false, "is_join_pending": false, "is_banned": false, "is_moderated": false, "name_readable": "Kurt Kelly", "post_count": 1, "source_profile_id": 121347, "source_type": "profile", "image": {"picURL": "https://static1.personality-database.com/profile_images/a3aa42678e114e85bebcc61fde2973f5.png"}, "join_to_post": false, "can_pin": false}, {"description": "", "follow_count": 0, "id": 348626, "is_following": false, "is_join_pending": false, "is_banned": false, "is_moderated": false, "name_readable": "Goth girl", "post_count": 1, "source_profile_id": 595566, "source_type": "profile", "image": {"picURL": "https://static1.personality-database.com/profile_images/6736c3c20aae42bfabe91dc8e6a0cc38.png"}, "join_to_post": false, "can_pin": false}, {"description": "", "follow_count": 0, "id": 95180, "is_following": false, "is_join_pending": false, "is_banned": false, "is_moderated": false, "name_readable": "Ram Sweeney", "post_count": 0, "source_profile_id": 121348, "source_type": "profile", "image": {"picURL": "https://static1.personality-database.com/profile_images/3b876353dcbf42a48ee7e753f58ba28e.png"}, "join_to_post": false, "can_pin": false}, {"description": "", "follow_count": 0, "id": 98841, "is_following": false, "is_join_pending": false, "is_banned": false, "is_moderated": false, "name_readable": "Mrs. Sawyer", "post_count": 0, "source_profile_id": 126399, "source_type": "profile", "image": {"picURL": "https://www.personality-database.com/images/profile_transparent.png"}, "join_to_post": false, "can_pin": false}, {"description": "", "follow_count": 0, "id": 98842, "is_following": false, "is_join_pending": false, "is_banned": false, "is_moderated": false, "name_readable": "Mrs. Fleming", "post_count": 0, "source_profile_id": 126401, "source_type": "profile", "image": {"picURL": "https://static1.personality-database.com/profile_images/767ba8e004b54edb94f5e29361048ff2.png"}, "join_to_post": false, "can_pin": false}, {"description": "", "follow_count": 0, "id": 329537, "is_following": false, "is_join_pending": false, "is_banned": false, "is_moderated": false, "name_readable": "Jamie Domenech (Morci's Heathers)", "post_count": 0, "source_profile_id": 493153, "source_type": "profile", "image": {"picURL": "https://static1.personality-database.com/profile_images/90a3eaf3a8bb4eb29f8d0621658a2c3a.png"}, "join_to_post": false, "can_pin": false}], "subcategory": "Heathers", "topic_image_url": "https://static1.personality-database.com/profile_images/cb3e34fbb83b415187117320f8e18e84.png", "source_location": {"cid": 13, "pid": 2, "sub_cat_id": 1500}, "can_post_image": false, "can_post_audio": false, "posts": {"posts": [{"username": "Akemi_Lmao", "user_pic_path": "https://static1.personality-database.com/user_avatars/365802/773dbbe9-d8eb-4bb3-a987-dc04cdf119a2_small.jpeg", "user_personality_type": "ESFP-8w7-837", "is_mod": false, "comment_count": 46, "reply_count": 46, "vote_type": 0, "topics_list": [{"id": 14028, "name_readable": "Jason Dean \"J.D.\""}], "id": 1861531, "post_id": 1861531, "user_id": 365802, "title": "", "content": "All is forgiven baby, come out and get dressed, you are my date to the pep rally tonight!", "create_date": 1670121218000, "unix_timestamp": 1670121218000, "update_date": 1670121218000, "vote_count": 3, "vote_count_down": 0, "is_reported": 0, "is_hidden": false, "is_pinned": false, "is_watching": false, "is_pro_user": false, "images": null, "audios": null, "function_list": [], "type": "post"}, {"username": "Sookie", "user_pic_path": "https://static1.personality-database.com/user_avatars/779661/db4a6831-1bb6-419c-bba0-68f70ddd76fb.jpeg", "user_personality_type": "ESFJ-9w1", "is_mod": false, "comment_count": 1, "reply_count": 1, "vote_type": 0, "topics_list": [{"id": 14028, "name_readable": "Jason Dean \"J.D.\""}], "id": 1233580, "post_id": 1233580, "user_id": 779661, "title": "he is definitely infp", "content": "#canon", "create_date": 1661638622000, "unix_timestamp": 1661638622000, "update_date": 1661638622000, "vote_count": 0, "vote_count_down": 0, "is_reported": 0, "is_hidden": false, "is_pinned": false, "is_watching": false, "is_pro_user": false, "images": null, "audios": null, "function_list": [], "type": "post"}, {"username": "rusya", "user_pic_path": "https://lh3.googleusercontent.com/a-/AOh14GgckIl79YKMxOmOsq4vuiceRpBz8kkfHuqFXXjSpg=s96-c", "user_personality_type": "ISFP-4w3-497", "is_mod": false, "comment_count": 0, "reply_count": 0, "vote_type": 0, "topics_list": [{"id": 14028, "name_readable": "Jason Dean \"J.D.\""}], "id": 1065374, "post_id": 1065374, "user_id": 173708, "title": "", "content": "not me both kinning him and having the same enneagram and instinctual variant as him\ud83d\udc80\n(yes, I am diagnosed with bpd)", "create_date": 1658916170000, "unix_timestamp": 1658916170000, "update_date": 1658916170000, "vote_count": 8, "vote_count_down": 0, "is_reported": 0, "is_hidden": false, "is_pinned": false, "is_watching": false, "is_pro_user": false, "images": null, "audios": null, "function_list": [], "type": "post"}]}}}}