{"id": 15457, "mbti_profile": "Phillip Hamilton", "profile_name_searchable": "philliphamilton", "allow_commenting": true, "allow_voting": true, "user_id": 6233, "contributor": "meeliabb", "contributor_create_date": "2018-08-30 17:52:23", "contributor_pic_path": "https://lh3.googleusercontent.com/a-/AOh14GibEpqcU-0Yl45zhArxXEp24HCWTES2C2mf4jIe=s96-c", "display_order": 0, "edit_lock": 0, "edit_lock_picture": 0, "is_active": true, "is_approved": true, "mbti_enneagram_type": "ESFP 6w7", "mbti_type": "ESFP 6w7", "pdb_comment_access": true, "pdb_page_owner": 0, "pdb_public_access": true, "wiki_description": "", "watch_count": 61, "comment_count": 17, "vote_count": 92, "vote_count_enneagram": 36, "vote_count_mbti": 92, "total_vote_counts": 172, "personality_type": "ESFP - 6w7 - so/sx - 684 - Sanguine [Dominant]", "type_updated_date": "2020-10-05 22:17:36", "enneagram_vote": "", "enneagram_vote_id": 0, "mbti_vote": "", "mbti_vote_id": 0, "is_watching": false, "image_exists": false, "profile_image_url": "https://static1.personality-database.com/profile_images/2f3e4d9e788d46b1b9d1df9ad8fe6300.png", "profile_image_credit": "", "profile_image_credit_id": 427395, "profile_image_credit_type": "0", "profile_image_credit_url": "", "alt_subcategory": "", "related_subcategories": "", "cat_id": 13, "category": "Theatre", "category_is_fictional": true, "sub_cat_id": 1499, "subcategory": "Hamilton: An American Musical", "subcat_link_info": {"sub_cat_id": 1499, "cat_id": 13, "property_id": 2, "subcategory": "Hamilton: An American Musical"}, "related_subcat_link_info": null, "related_profiles": [{"id": 11286, "mbti_profile": "Alexander Hamilton", "subcategory": "Hamilton: An American Musical", "profile_image_url": "https://static1.personality-database.com/profile_images/a89f744305224b3bba79e732694f904a.png", "profile_name": "Alexander Hamilton", "profile_subcat": "Hamilton: An American Musical", "sub_cat_id": 1499, "cat_id": 13, "property_id": 2, "mbti": "ENTJ", "enneatype": "3w4"}, {"id": 11287, "mbti_profile": "Aaron Burr", "subcategory": "Hamilton: An American Musical", "profile_image_url": "https://static1.personality-database.com/profile_images/082632d1c2ed4255ac6982ef28e38ad3.png", "profile_name": "Aaron Burr", "profile_subcat": "Hamilton: An American Musical", "sub_cat_id": 1499, "cat_id": 13, "property_id": 2, "mbti": "INFJ", "enneatype": "9w1"}, {"id": 11288, "mbti_profile": "Angelica Schuyler", "subcategory": "Hamilton: An American Musical", "profile_image_url": "https://static1.personality-database.com/profile_images/e55077763c2044b7854def89aa20463b.png", "profile_name": "Angelica Schuyler", "profile_subcat": "Hamilton: An American Musical", "sub_cat_id": 1499, "cat_id": 13, "property_id": 2, "mbti": "ENFJ", "enneatype": "8w9"}, {"id": 11289, "mbti_profile": "Eliza\u00a0Schuyler", "subcategory": "Hamilton: An American Musical", "profile_image_url": "https://static1.personality-database.com/profile_images/f75ee8f9811f4ccfbc08da9055a67170.png", "profile_name": "Eliza\u00a0Schuyler", "profile_subcat": "Hamilton: An American Musical", "sub_cat_id": 1499, "cat_id": 13, "property_id": 2, "mbti": "ISFJ", "enneatype": "9w1"}, {"id": 15455, "mbti_profile": "Thomas Jefferson", "subcategory": "Hamilton: An American Musical", "profile_image_url": "https://static1.personality-database.com/profile_images/bc45e6f77cd24a5693137e5b7ba97abc.png", "profile_name": "Thomas Jefferson", "profile_subcat": "Hamilton: An American Musical", "sub_cat_id": 1499, "cat_id": 13, "property_id": 2, "mbti": "ENTP", "enneatype": "7w8"}, {"id": 15451, "mbti_profile": "George Washington", "subcategory": "Hamilton: An American Musical", "profile_image_url": "https://static1.personality-database.com/profile_images/433171ad38f342f1835f73d0dc131e24.png", "profile_name": "George Washington", "profile_subcat": "Hamilton: An American Musical", "sub_cat_id": 1499, "cat_id": 13, "property_id": 2, "mbti": "INFJ", "enneatype": "1w9"}, {"id": 25535, "mbti_profile": "King George III", "subcategory": "Hamilton: An American Musical", "profile_image_url": "https://static1.personality-database.com/profile_images/0e583f1ea5fe4860b8fdb4d95d510a09.png", "profile_name": "King George III", "profile_subcat": "Hamilton: An American Musical", "sub_cat_id": 1499, "cat_id": 13, "property_id": 2, "mbti": "ESFP", "enneatype": "2w3"}, {"id": 15452, "mbti_profile": "John Laurens", "subcategory": "Hamilton: An American Musical", "profile_image_url": "https://static1.personality-database.com/profile_images/fddcae76affd43a18a0ba337b0d1cd4d.png", "profile_name": "John Laurens", "profile_subcat": "Hamilton: An American Musical", "sub_cat_id": 1499, "cat_id": 13, "property_id": 2, "mbti": "ENFP", "enneatype": "2w3"}], "functions": ["Se", "Fi", "Te", "Ni"], "systems": [{"hex_color": "#888888", "id": 1, "personality_type": "XXXX", "personality_type_id": 0, "system_name": "Four Letter", "system_vote_count": 89, "user_vote_type_id": 0, "vote_id": 0}, {"hex_color": "#006775", "id": 2, "personality_type": "XXXX", "personality_type_id": 0, "system_name": "Enneagram", "system_vote_count": 35, "user_vote_type_id": 0, "vote_id": 0}, {"hex_color": "#006775", "id": 5, "personality_type": "XXXX", "personality_type_id": 0, "system_name": "Instinctual Variant", "system_vote_count": 10, "user_vote_type_id": 0, "vote_id": 0}, {"hex_color": "#006775", "id": 6, "personality_type": "XXXX", "personality_type_id": 0, "system_name": "Tritype", "system_vote_count": 8, "user_vote_type_id": 0, "vote_id": 0}, {"hex_color": "#888888", "id": 3, "personality_type": "XXXX", "personality_type_id": 0, "system_name": "Socionics", "system_vote_count": 7, "user_vote_type_id": 0, "vote_id": 0}, {"hex_color": "#888888", "id": 9, "personality_type": "XXXX", "personality_type_id": 0, "system_name": "Big 5 (SLOAN)", "system_vote_count": 4, "user_vote_type_id": 0, "vote_id": 0}, {"hex_color": "#888888", "id": 8, "personality_type": "XXXX", "personality_type_id": 0, "system_name": "Attitudinal Psyche", "system_vote_count": 3, "user_vote_type_id": 0, "vote_id": 0}, {"hex_color": "#888888", "id": 7, "personality_type": "XXXX", "personality_type_id": 0, "system_name": "Temperaments", "system_vote_count": 9, "user_vote_type_id": 0, "vote_id": 0}, {"hex_color": "#888888", "id": 11, "personality_type": "XXXX", "personality_type_id": 0, "system_name": "Classic Jungian", "system_vote_count": 0, "user_vote_type_id": 0, "vote_id": 0}], "breakdown_systems": {"1": [{"myValue": "ESFP", "personality_system_id": 1, "personality_type": "ESFP", "theCount": 71}, {"myValue": "ENFP", "personality_system_id": 1, "personality_type": "ENFP", "theCount": 14}, {"myValue": "ESFJ", "personality_system_id": 1, "personality_type": "ESFJ", "theCount": 1}, {"myValue": "INFP", "personality_system_id": 1, "personality_type": "INFP", "theCount": 1}, {"myValue": "ISFP", "personality_system_id": 1, "personality_type": "ISFP", "theCount": 1}, {"myValue": "ISTP", "personality_system_id": 1, "personality_type": "ISTP", "theCount": 1}], "11": [{"myValue": "XXXX", "personality_system_id": 0, "personality_type": "XXXX", "theCount": 0}], "2": [{"myValue": "6w7", "personality_system_id": 2, "personality_type": "6w7", "theCount": 29}, {"myValue": "4w3", "personality_system_id": 2, "personality_type": "4w3", "theCount": 5}, {"myValue": "2w3", "personality_system_id": 2, "personality_type": "2w3", "theCount": 1}], "3": [{"myValue": "SEE", "personality_system_id": 3, "personality_type": "SEE", "theCount": 4}, {"myValue": "IEE", "personality_system_id": 3, "personality_type": "IEE", "theCount": 3}], "4": [{"myValue": "Chaotic Good", "personality_system_id": 4, "personality_type": "Chaotic Good", "theCount": 5}, {"myValue": "Lawful Neutral", "personality_system_id": 4, "personality_type": "Lawful Neutral", "theCount": 1}, {"myValue": "Neutral Good", "personality_system_id": 4, "personality_type": "Neutral Good", "theCount": 1}], "5": [{"myValue": "so/sx", "personality_system_id": 5, "personality_type": "so/sx", "theCount": 7}, {"myValue": "sx/so", "personality_system_id": 5, "personality_type": "sx/so", "theCount": 3}], "6": [{"myValue": "684", "personality_system_id": 6, "personality_type": "684", "theCount": 4}, {"myValue": "683", "personality_system_id": 6, "personality_type": "683", "theCount": 2}, {"myValue": "468", "personality_system_id": 6, "personality_type": "468", "theCount": 1}, {"myValue": "694", "personality_system_id": 6, "personality_type": "694", "theCount": 1}], "7": [{"myValue": "Sanguine [Dominant]", "personality_system_id": 7, "personality_type": "Sanguine [Dominant]", "theCount": 7}, {"myValue": "Sanguine-Choleric", "personality_system_id": 7, "personality_type": "Sanguine-Choleric", "theCount": 2}], "8": [{"myValue": "EFLV", "personality_system_id": 8, "personality_type": "EFLV", "theCount": 2}, {"myValue": "FVLE", "personality_system_id": 8, "personality_type": "FVLE", "theCount": 1}], "9": [{"myValue": "SLOEI", "personality_system_id": 9, "personality_type": "SLOEI", "theCount": 2}, {"myValue": "SLUEI", "personality_system_id": 9, "personality_type": "SLUEI", "theCount": 2}]}, "breakdown_config": {"expand": {"1": 3, "11": 1, "2": 3, "3": 1, "4": 1, "5": 1, "6": 1, "7": 1, "8": 1, "9": 1}, "fire": {"1": 0, "11": 0, "2": 0, "3": 0, "4": 0, "5": 0, "6": 0, "7": 0, "8": 0, "9": 0}}, "mbti_letter_stats": [{"type": "E", "percentage": "97%", "PercentageFloat": 0.9662921348314607}, {"type": "S", "percentage": "83%", "PercentageFloat": 0.8314606741573034}, {"type": "F", "percentage": "99%", "PercentageFloat": 0.9887640449438202}, {"type": "P", "percentage": "99%", "PercentageFloat": 0.9887640449438202}], "topic_info": {"can_generate": false, "topic": {"description": "", "follow_count": 0, "id": 14202, "is_following": false, "is_join_pending": false, "is_banned": false, "is_moderated": false, "name_readable": "Phillip Hamilton", "post_count": 2, "source_profile_id": 15457, "source_type": "profile", "join_to_post": false, "can_pin": false, "related_topics": [{"description": "", "follow_count": 3, "id": 10534, "is_following": false, "is_join_pending": false, "is_banned": false, "is_moderated": false, "name_readable": "Alexander Hamilton", "post_count": 41, "source_profile_id": 11286, "source_type": "profile", "image": {"picURL": "https://static1.personality-database.com/profile_images/a89f744305224b3bba79e732694f904a.png"}, "join_to_post": false, "can_pin": false}, {"description": "#JonathanGroff\n#ESFPVillans", "follow_count": 0, "id": 22944, "is_following": false, "is_join_pending": false, "is_banned": false, "is_moderated": false, "name_readable": "King George III", "post_count": 19, "source_profile_id": 25535, "source_type": "profile", "image": {"picURL": "https://static1.personality-database.com/profile_images/0e583f1ea5fe4860b8fdb4d95d510a09.png"}, "join_to_post": false, "can_pin": false}, {"description": "#DaveedDiggs", "follow_count": 0, "id": 14200, "is_following": false, "is_join_pending": false, "is_banned": false, "is_moderated": false, "name_readable": "Thomas Jefferson", "post_count": 7, "source_profile_id": 15455, "source_type": "profile", "image": {"picURL": "https://static1.personality-database.com/profile_images/bc45e6f77cd24a5693137e5b7ba97abc.png"}, "join_to_post": false, "can_pin": false}, {"description": "", "follow_count": 0, "id": 10536, "is_following": false, "is_join_pending": false, "is_banned": false, "is_moderated": false, "name_readable": "Angelica Schuyler", "post_count": 4, "source_profile_id": 11288, "source_type": "profile", "image": {"picURL": "https://static1.personality-database.com/profile_images/e55077763c2044b7854def89aa20463b.png"}, "join_to_post": false, "can_pin": false}, {"description": "", "follow_count": 2, "id": 10537, "is_following": false, "is_join_pending": false, "is_banned": false, "is_moderated": false, "name_readable": "Eliza\u00a0Schuyler", "post_count": 4, "source_profile_id": 11289, "source_type": "profile", "image": {"picURL": "https://static1.personality-database.com/profile_images/f75ee8f9811f4ccfbc08da9055a67170.png"}, "join_to_post": false, "can_pin": false}, {"description": "", "follow_count": 1, "id": 10535, "is_following": false, "is_join_pending": false, "is_banned": false, "is_moderated": false, "name_readable": "Aaron Burr", "post_count": 3, "source_profile_id": 11287, "source_type": "profile", "image": {"picURL": "https://static1.personality-database.com/profile_images/082632d1c2ed4255ac6982ef28e38ad3.png"}, "join_to_post": false, "can_pin": false}, {"description": "", "follow_count": 0, "id": 14202, "is_following": false, "is_join_pending": false, "is_banned": false, "is_moderated": false, "name_readable": "Phillip Hamilton", "post_count": 2, "source_profile_id": 15457, "source_type": "profile", "image": {"picURL": "https://static1.personality-database.com/profile_images/2f3e4d9e788d46b1b9d1df9ad8fe6300.png"}, "join_to_post": false, "can_pin": false}, {"description": "", "follow_count": 0, "id": 14196, "is_following": false, "is_join_pending": false, "is_banned": false, "is_moderated": false, "name_readable": "George Washington", "post_count": 1, "source_profile_id": 15451, "source_type": "profile", "image": {"picURL": "https://static1.personality-database.com/profile_images/433171ad38f342f1835f73d0dc131e24.png"}, "join_to_post": false, "can_pin": false}, {"description": "", "follow_count": 0, "id": 127085, "is_following": false, "is_join_pending": false, "is_banned": false, "is_moderated": false, "name_readable": "The Bullet", "post_count": 1, "source_profile_id": 163856, "source_type": "profile", "image": {"picURL": "https://static1.personality-database.com/profile_images/dc735e0bb0324b7f903ef7bbd245d922.png"}, "join_to_post": false, "can_pin": false}, {"description": "", "follow_count": 0, "id": 14199, "is_following": false, "is_join_pending": false, "is_banned": false, "is_moderated": false, "name_readable": "Hercules Mulligan", "post_count": 0, "source_profile_id": 15454, "source_type": "profile", "image": {"picURL": "https://static1.personality-database.com/profile_images/46dc3db3979447fe95a66bbc50222cf5.png"}, "join_to_post": false, "can_pin": false}, {"description": "#DaveedDiggs", "follow_count": 0, "id": 14198, "is_following": false, "is_join_pending": false, "is_banned": false, "is_moderated": false, "name_readable": "Marquis de Lafayette", "post_count": 0, "source_profile_id": 15453, "source_type": "profile", "image": {"picURL": "https://static1.personality-database.com/profile_images/ca3c515d8121435895a5d5881225ffca.png"}, "join_to_post": false, "can_pin": false}, {"description": "", "follow_count": 0, "id": 14201, "is_following": false, "is_join_pending": false, "is_banned": false, "is_moderated": false, "name_readable": "James Madison", "post_count": 0, "source_profile_id": 15456, "source_type": "profile", "image": {"picURL": "https://static1.personality-database.com/profile_images/1bcb70c97d714e17afc36d3936898675.png"}, "join_to_post": false, "can_pin": false}, {"description": "", "follow_count": 0, "id": 14197, "is_following": false, "is_join_pending": false, "is_banned": false, "is_moderated": false, "name_readable": "John Laurens", "post_count": 0, "source_profile_id": 15452, "source_type": "profile", "image": {"picURL": "https://static1.personality-database.com/profile_images/fddcae76affd43a18a0ba337b0d1cd4d.png"}, "join_to_post": false, "can_pin": false}, {"description": "", "follow_count": 0, "id": 32697, "is_following": false, "is_join_pending": false, "is_banned": false, "is_moderated": false, "name_readable": "Margarita \u201cPeggy\u201d Schuyler", "post_count": 0, "source_profile_id": 36558, "source_type": "profile", "image": {"picURL": "https://static1.personality-database.com/profile_images/13db051ef262482cbb1ba567937ebd95.png"}, "join_to_post": false, "can_pin": false}, {"description": "", "follow_count": 0, "id": 48312, "is_following": false, "is_join_pending": false, "is_banned": false, "is_moderated": false, "name_readable": "Maria Reynolds", "post_count": 0, "source_profile_id": 56946, "source_type": "profile", "image": {"picURL": "https://static1.personality-database.com/profile_images/4a4bca6b8cb541bab23b24afeaad56e4.png"}, "join_to_post": false, "can_pin": false}, {"description": "", "follow_count": 0, "id": 127088, "is_following": false, "is_join_pending": false, "is_banned": false, "is_moderated": false, "name_readable": "Samuel Seabury", "post_count": 0, "source_profile_id": 163859, "source_type": "profile", "image": {"picURL": "https://static1.personality-database.com/profile_images/5802e0cd5c834028b120a649984557ed.png"}, "join_to_post": false, "can_pin": false}], "subcategory": "Hamilton: An American Musical", "topic_image_url": "https://static1.personality-database.com/profile_images/2f3e4d9e788d46b1b9d1df9ad8fe6300.png", "source_location": {"cid": 13, "pid": 2, "sub_cat_id": 1499}, "can_post_image": false, "can_post_audio": false, "posts": {"posts": [{"username": "makeshift_corsetier_8973", "user_pic_path": "https://static1.personality-database.com/user_avatars/1093088/5eddfda1-30c7-4e63-a5dc-f795be16e23d.jpeg", "user_personality_type": "XXXX", "is_mod": false, "comment_count": 0, "reply_count": 0, "vote_type": 0, "topics_list": [{"id": 14202, "name_readable": "Phillip Hamilton"}], "id": 1992671, "post_id": 1992671, "user_id": 1093088, "title": "", "content": "my name is poet, I am a Phillip.", "create_date": 1671671468000, "unix_timestamp": 1671671468000, "update_date": 1671671468000, "vote_count": 0, "vote_count_down": 0, "is_reported": 0, "is_hidden": false, "is_pinned": false, "is_watching": false, "is_pro_user": false, "images": null, "audios": null, "function_list": [], "type": "post"}, {"username": "dying_sanity", "user_pic_path": "https://static1.personality-database.com/user_avatars/911608/94a3af8a-c813-4a4e-a719-c343f193ab86.jpeg", "user_personality_type": "INFJ-9w1-945", "is_mod": false, "comment_count": 1, "reply_count": 1, "vote_type": 0, "topics_list": [{"id": 14202, "name_readable": "Phillip Hamilton"}], "id": 1786079, "post_id": 1786079, "user_id": 911608, "title": "", "content": "Not gonna lie, he kind of asked for it.", "create_date": 1669068824000, "unix_timestamp": 1669068824000, "update_date": 1669068824000, "vote_count": 0, "vote_count_down": 0, "is_reported": 0, "is_hidden": false, "is_pinned": false, "is_watching": false, "is_pro_user": false, "images": null, "audios": null, "function_list": [], "type": "post"}]}}}}