{"id": 15458, "mbti_profile": "Martha Dunstock", "profile_name_searchable": "marthadunstock", "allow_commenting": true, "allow_voting": true, "user_id": 6233, "contributor": "meeliabb", "contributor_create_date": "2018-08-30 17:53:29", "contributor_pic_path": "https://lh3.googleusercontent.com/a-/AOh14GibEpqcU-0Yl45zhArxXEp24HCWTES2C2mf4jIe=s96-c", "display_order": 0, "edit_lock": 0, "edit_lock_picture": 0, "is_active": true, "is_approved": true, "mbti_enneagram_type": "INFP 2w1", "mbti_type": "INFP 2w1", "pdb_comment_access": true, "pdb_page_owner": 0, "pdb_public_access": true, "wiki_description": "", "watch_count": 164, "comment_count": 24, "vote_count": 92, "vote_count_enneagram": 37, "vote_count_mbti": 92, "total_vote_counts": 165, "personality_type": "INFP - 2w1 - 296 - EII - SCUAI - EVFL - Sanguine-Melancholic", "type_updated_date": "2022-10-23 15:58:25", "enneagram_vote": "", "enneagram_vote_id": 0, "mbti_vote": "", "mbti_vote_id": 0, "is_watching": false, "image_exists": false, "profile_image_url": "https://static1.personality-database.com/profile_images/b10362084cd64d8690a9dbfad9b03237.png", "profile_image_credit": "", "profile_image_credit_id": 0, "profile_image_credit_type": "0", "profile_image_credit_url": "", "alt_subcategory": "", "related_subcategories": "", "cat_id": 13, "category": "Theatre", "category_is_fictional": true, "sub_cat_id": 1500, "subcategory": "Heathers", "subcat_link_info": {"sub_cat_id": 1500, "cat_id": 13, "property_id": 2, "subcategory": "Heathers"}, "related_subcat_link_info": null, "related_profiles": [{"id": 15252, "mbti_profile": "Jason Dean \"J.D.\"", "subcategory": "Heathers", "profile_image_url": "https://static1.personality-database.com/profile_images/cb3e34fbb83b415187117320f8e18e84.png", "profile_name": "Jason Dean \"J.D.\"", "profile_subcat": "Heathers", "sub_cat_id": 1500, "cat_id": 13, "property_id": 2, "mbti": "ISFP", "enneatype": "4w3"}, {"id": 11290, "mbti_profile": "Veronica Sawyer", "subcategory": "Heathers", "profile_image_url": "https://static1.personality-database.com/profile_images/1a9342bc6ed34327920d0d519b69e9e2.png", "profile_name": "Veronica Sawyer", "profile_subcat": "Heathers", "sub_cat_id": 1500, "cat_id": 13, "property_id": 2, "mbti": "INFJ", "enneatype": "4w3"}, {"id": 11291, "mbti_profile": "Heather Duke", "subcategory": "Heathers", "profile_image_url": "https://static1.personality-database.com/profile_images/7e429768f7f94054b9cfc961280f78c6.png", "profile_name": "Heather Duke", "profile_subcat": "Heathers", "sub_cat_id": 1500, "cat_id": 13, "property_id": 2, "mbti": "ISTJ", "enneatype": "8w9"}, {"id": 11292, "mbti_profile": "Heather McNamara", "subcategory": "Heathers", "profile_image_url": "https://static1.personality-database.com/profile_images/f70d180f8cdd4798adc28662becd4cad.png", "profile_name": "Heather McNamara", "profile_subcat": "Heathers", "sub_cat_id": 1500, "cat_id": 13, "property_id": 2, "mbti": "ESFJ", "enneatype": "6w7"}, {"id": 11293, "mbti_profile": "Heather Chandler", "subcategory": "Heathers", "profile_image_url": "https://static1.personality-database.com/profile_images/f742b8b27ce5479bbb403b39903c5149.png", "profile_name": "Heather Chandler", "profile_subcat": "Heathers", "sub_cat_id": 1500, "cat_id": 13, "property_id": 2, "mbti": "ESTJ", "enneatype": "8w7"}, {"id": 121347, "mbti_profile": "Kurt Kelly", "subcategory": "Heathers", "profile_image_url": "https://static1.personality-database.com/profile_images/a3aa42678e114e85bebcc61fde2973f5.png", "profile_name": "Kurt Kelly", "profile_subcat": "Heathers", "sub_cat_id": 1500, "cat_id": 13, "property_id": 2, "mbti": "ESTP", "enneatype": "3w4"}, {"id": 121348, "mbti_profile": "Ram Sweeney", "subcategory": "Heathers", "profile_image_url": "https://static1.personality-database.com/profile_images/3b876353dcbf42a48ee7e753f58ba28e.png", "profile_name": "Ram Sweeney", "profile_subcat": "Heathers", "sub_cat_id": 1500, "cat_id": 13, "property_id": 2, "mbti": "ESTP", "enneatype": "3w2"}, {"id": 126401, "mbti_profile": "Mrs. Fleming", "subcategory": "Heathers", "profile_image_url": "https://static1.personality-database.com/profile_images/767ba8e004b54edb94f5e29361048ff2.png", "profile_name": "Mrs. Fleming", "profile_subcat": "Heathers", "sub_cat_id": 1500, "cat_id": 13, "property_id": 2, "mbti": "ENFP", "enneatype": "3w4"}], "functions": ["Fi", "Ne", "Si", "Te"], "systems": [{"hex_color": "#888888", "id": 1, "personality_type": "XXXX", "personality_type_id": 0, "system_name": "Four Letter", "system_vote_count": 89, "user_vote_type_id": 0, "vote_id": 0}, {"hex_color": "#006775", "id": 2, "personality_type": "XXXX", "personality_type_id": 0, "system_name": "Enneagram", "system_vote_count": 35, "user_vote_type_id": 0, "vote_id": 0}, {"hex_color": "#006775", "id": 5, "personality_type": "XXXX", "personality_type_id": 0, "system_name": "Instinctual Variant", "system_vote_count": 8, "user_vote_type_id": 0, "vote_id": 0}, {"hex_color": "#006775", "id": 6, "personality_type": "XXXX", "personality_type_id": 0, "system_name": "Tritype", "system_vote_count": 10, "user_vote_type_id": 0, "vote_id": 0}, {"hex_color": "#888888", "id": 3, "personality_type": "XXXX", "personality_type_id": 0, "system_name": "Socionics", "system_vote_count": 1, "user_vote_type_id": 0, "vote_id": 0}, {"hex_color": "#888888", "id": 9, "personality_type": "XXXX", "personality_type_id": 0, "system_name": "Big 5 (SLOAN)", "system_vote_count": 5, "user_vote_type_id": 0, "vote_id": 0}, {"hex_color": "#888888", "id": 8, "personality_type": "XXXX", "personality_type_id": 0, "system_name": "Attitudinal Psyche", "system_vote_count": 2, "user_vote_type_id": 0, "vote_id": 0}, {"hex_color": "#888888", "id": 7, "personality_type": "XXXX", "personality_type_id": 0, "system_name": "Temperaments", "system_vote_count": 9, "user_vote_type_id": 0, "vote_id": 0}, {"hex_color": "#888888", "id": 11, "personality_type": "XXXX", "personality_type_id": 0, "system_name": "Classic Jungian", "system_vote_count": 0, "user_vote_type_id": 0, "vote_id": 0}], "breakdown_systems": {"1": [{"myValue": "INFP", "personality_system_id": 1, "personality_type": "INFP", "theCount": 64}, {"myValue": "ENFJ", "personality_system_id": 1, "personality_type": "ENFJ", "theCount": 10}, {"myValue": "ENFP", "personality_system_id": 1, "personality_type": "ENFP", "theCount": 6}, {"myValue": "INFJ", "personality_system_id": 1, "personality_type": "INFJ", "theCount": 3}, {"myValue": "ESFJ", "personality_system_id": 1, "personality_type": "ESFJ", "theCount": 2}, {"myValue": "ISFJ", "personality_system_id": 1, "personality_type": "ISFJ", "theCount": 2}, {"myValue": "ESFP", "personality_system_id": 1, "personality_type": "ESFP", "theCount": 1}, {"myValue": "ISFP", "personality_system_id": 1, "personality_type": "ISFP", "theCount": 1}], "11": [{"myValue": "XXXX", "personality_system_id": 0, "personality_type": "XXXX", "theCount": 0}], "2": [{"myValue": "2w1", "personality_system_id": 2, "personality_type": "2w1", "theCount": 23}, {"myValue": "2w3", "personality_system_id": 2, "personality_type": "2w3", "theCount": 7}, {"myValue": "9w1", "personality_system_id": 2, "personality_type": "9w1", "theCount": 5}], "3": [{"myValue": "EII", "personality_system_id": 3, "personality_type": "EII", "theCount": 1}], "4": [{"myValue": "Lawful Good", "personality_system_id": 4, "personality_type": "Lawful Good", "theCount": 5}, {"myValue": "Neutral Good", "personality_system_id": 4, "personality_type": "Neutral Good", "theCount": 1}], "5": [{"myValue": "sx/sp", "personality_system_id": 5, "personality_type": "sx/sp", "theCount": 4}, {"myValue": "sx/so", "personality_system_id": 5, "personality_type": "sx/so", "theCount": 3}, {"myValue": "sp/sx", "personality_system_id": 5, "personality_type": "sp/sx", "theCount": 1}], "6": [{"myValue": "296", "personality_system_id": 6, "personality_type": "296", "theCount": 5}, {"myValue": "926", "personality_system_id": 6, "personality_type": "926", "theCount": 3}, {"myValue": "269", "personality_system_id": 6, "personality_type": "269", "theCount": 1}, {"myValue": "297", "personality_system_id": 6, "personality_type": "297", "theCount": 1}], "7": [{"myValue": "Sanguine-Melancholic", "personality_system_id": 7, "personality_type": "Sanguine-Melancholic", "theCount": 4}, {"myValue": "Sanguine [Dominant]", "personality_system_id": 7, "personality_type": "Sanguine [Dominant]", "theCount": 3}, {"myValue": "Melancholic [Dominant]", "personality_system_id": 7, "personality_type": "Melancholic [Dominant]", "theCount": 1}, {"myValue": "Phlegmatic [Dominant]", "personality_system_id": 7, "personality_type": "Phlegmatic [Dominant]", "theCount": 1}], "8": [{"myValue": "EFLV", "personality_system_id": 8, "personality_type": "EFLV", "theCount": 1}, {"myValue": "EVFL", "personality_system_id": 8, "personality_type": "EVFL", "theCount": 1}], "9": [{"myValue": "RLUAN", "personality_system_id": 9, "personality_type": "RLUAN", "theCount": 2}, {"myValue": "SCUAI", "personality_system_id": 9, "personality_type": "SCUAI", "theCount": 2}, {"myValue": "SLUAI", "personality_system_id": 9, "personality_type": "SLUAI", "theCount": 1}]}, "breakdown_config": {"expand": {"1": 3, "11": 1, "2": 3, "3": 1, "4": 1, "5": 1, "6": 1, "7": 1, "8": 1, "9": 1}, "fire": {"1": 0, "11": 0, "2": 0, "3": 0, "4": 0, "5": 0, "6": 0, "7": 0, "8": 0, "9": 0}}, "mbti_letter_stats": [{"type": "I", "percentage": "79%", "PercentageFloat": 0.7865168539325843}, {"type": "N", "percentage": "93%", "PercentageFloat": 0.9325842696629213}, {"type": "F", "percentage": "100%", "PercentageFloat": 1}, {"type": "P", "percentage": "81%", "PercentageFloat": 0.8089887640449438}], "topic_info": {"can_generate": false, "topic": {"description": "", "follow_count": 0, "id": 14203, "is_following": false, "is_join_pending": false, "is_banned": false, "is_moderated": false, "name_readable": "Martha Dunstock", "post_count": 2, "source_profile_id": 15458, "source_type": "profile", "join_to_post": false, "can_pin": false, "related_topics": [{"description": "", "follow_count": 4, "id": 14028, "is_following": false, "is_join_pending": false, "is_banned": false, "is_moderated": false, "name_readable": "Jason Dean \"J.D.\"", "post_count": 10, "source_profile_id": 15252, "source_type": "profile", "image": {"picURL": "https://static1.personality-database.com/profile_images/cb3e34fbb83b415187117320f8e18e84.png"}, "join_to_post": false, "can_pin": false}, {"description": "", "follow_count": 0, "id": 10538, "is_following": false, "is_join_pending": false, "is_banned": false, "is_moderated": false, "name_readable": "Veronica Sawyer", "post_count": 9, "source_profile_id": 11290, "source_type": "profile", "image": {"picURL": "https://static1.personality-database.com/profile_images/1a9342bc6ed34327920d0d519b69e9e2.png"}, "join_to_post": false, "can_pin": false}, {"description": "", "follow_count": 0, "id": 10539, "is_following": false, "is_join_pending": false, "is_banned": false, "is_moderated": false, "name_readable": "Heather Duke", "post_count": 4, "source_profile_id": 11291, "source_type": "profile", "image": {"picURL": "https://static1.personality-database.com/profile_images/7e429768f7f94054b9cfc961280f78c6.png"}, "join_to_post": false, "can_pin": false}, {"description": "Heather Chandler was a senior at Westerburg High School. She is the ex-leader of The Heathers, a clique of three girls named \"Heather\" and Veronica Sawyer.", "follow_count": 0, "id": 10541, "is_following": false, "is_join_pending": false, "is_banned": false, "is_moderated": false, "name_readable": "Heather Chandler", "post_count": 2, "source_profile_id": 11293, "source_type": "profile", "image": {"picURL": "https://static1.personality-database.com/profile_images/f742b8b27ce5479bbb403b39903c5149.png"}, "join_to_post": false, "can_pin": false}, {"description": "", "follow_count": 0, "id": 14203, "is_following": false, "is_join_pending": false, "is_banned": false, "is_moderated": false, "name_readable": "Martha Dunstock", "post_count": 2, "source_profile_id": 15458, "source_type": "profile", "image": {"picURL": "https://static1.personality-database.com/profile_images/b10362084cd64d8690a9dbfad9b03237.png"}, "join_to_post": false, "can_pin": false}, {"description": "", "follow_count": 0, "id": 10540, "is_following": false, "is_join_pending": false, "is_banned": false, "is_moderated": false, "name_readable": "Heather McNamara", "post_count": 1, "source_profile_id": 11292, "source_type": "profile", "image": {"picURL": "https://static1.personality-database.com/profile_images/f70d180f8cdd4798adc28662becd4cad.png"}, "join_to_post": false, "can_pin": false}, {"description": "", "follow_count": 0, "id": 95179, "is_following": false, "is_join_pending": false, "is_banned": false, "is_moderated": false, "name_readable": "Kurt Kelly", "post_count": 1, "source_profile_id": 121347, "source_type": "profile", "image": {"picURL": "https://static1.personality-database.com/profile_images/a3aa42678e114e85bebcc61fde2973f5.png"}, "join_to_post": false, "can_pin": false}, {"description": "", "follow_count": 0, "id": 348626, "is_following": false, "is_join_pending": false, "is_banned": false, "is_moderated": false, "name_readable": "Goth girl", "post_count": 1, "source_profile_id": 595566, "source_type": "profile", "image": {"picURL": "https://static1.personality-database.com/profile_images/6736c3c20aae42bfabe91dc8e6a0cc38.png"}, "join_to_post": false, "can_pin": false}, {"description": "", "follow_count": 0, "id": 95180, "is_following": false, "is_join_pending": false, "is_banned": false, "is_moderated": false, "name_readable": "Ram Sweeney", "post_count": 0, "source_profile_id": 121348, "source_type": "profile", "image": {"picURL": "https://static1.personality-database.com/profile_images/3b876353dcbf42a48ee7e753f58ba28e.png"}, "join_to_post": false, "can_pin": false}, {"description": "", "follow_count": 0, "id": 98841, "is_following": false, "is_join_pending": false, "is_banned": false, "is_moderated": false, "name_readable": "Mrs. Sawyer", "post_count": 0, "source_profile_id": 126399, "source_type": "profile", "image": {"picURL": "https://www.personality-database.com/images/profile_transparent.png"}, "join_to_post": false, "can_pin": false}, {"description": "", "follow_count": 0, "id": 98842, "is_following": false, "is_join_pending": false, "is_banned": false, "is_moderated": false, "name_readable": "Mrs. Fleming", "post_count": 0, "source_profile_id": 126401, "source_type": "profile", "image": {"picURL": "https://static1.personality-database.com/profile_images/767ba8e004b54edb94f5e29361048ff2.png"}, "join_to_post": false, "can_pin": false}, {"description": "", "follow_count": 0, "id": 329537, "is_following": false, "is_join_pending": false, "is_banned": false, "is_moderated": false, "name_readable": "Jamie Domenech (Morci's Heathers)", "post_count": 0, "source_profile_id": 493153, "source_type": "profile", "image": {"picURL": "https://static1.personality-database.com/profile_images/90a3eaf3a8bb4eb29f8d0621658a2c3a.png"}, "join_to_post": false, "can_pin": false}], "subcategory": "Heathers", "topic_image_url": "https://static1.personality-database.com/profile_images/b10362084cd64d8690a9dbfad9b03237.png", "source_location": {"cid": 13, "pid": 2, "sub_cat_id": 1500}, "can_post_image": false, "can_post_audio": false, "posts": {"posts": [{"username": "batzz", "user_pic_path": "https://static1.personality-database.com/user_avatars/943632/1cdf8854-49e9-404a-8491-a57eeb1ccee0.jpeg", "user_personality_type": "ENTP-3w4-378", "is_mod": false, "comment_count": 0, "reply_count": 0, "vote_type": 0, "topics_list": [{"id": 14203, "name_readable": "Martha Dunstock"}], "id": 2010733, "post_id": 2010733, "user_id": 943632, "title": "", "content": "she\u2019s so cute i love her sm", "create_date": 1671899662000, "unix_timestamp": 1671899662000, "update_date": 1671899662000, "vote_count": 0, "vote_count_down": 0, "is_reported": 0, "is_hidden": false, "is_pinned": false, "is_watching": false, "is_pro_user": false, "images": null, "audios": null, "function_list": [], "type": "post"}, {"username": "Lilith Weaslith", "user_pic_path": "https://static1.personality-database.com/user_avatars/761105/33978e08-088a-4f55-9789-7be59f53cdd0.jpeg", "user_personality_type": "ENFP-7w6-748", "is_mod": false, "comment_count": 3, "reply_count": 3, "vote_type": 0, "topics_list": [{"id": 14203, "name_readable": "Martha Dunstock"}], "id": 1236961, "post_id": 1236961, "user_id": 761105, "title": "", "content": "(minor spoilers)\n\n\n\n\nDid Veronica ever apologize to her for treating her dirty? I don't think I remember.", "create_date": 1661695760000, "unix_timestamp": 1661695760000, "update_date": 1661695995000, "vote_count": 1, "vote_count_down": 0, "is_reported": 0, "is_hidden": false, "is_pinned": false, "is_watching": false, "is_pro_user": false, "images": null, "audios": null, "function_list": [], "type": "post"}]}}}}