{"id": 15452, "mbti_profile": "John Laurens", "profile_name_searchable": "johnlaurens", "allow_commenting": true, "allow_voting": true, "user_id": 6233, "contributor": "meeliabb", "contributor_create_date": "2018-08-30 17:49:38", "contributor_pic_path": "https://lh3.googleusercontent.com/a-/AOh14GibEpqcU-0Yl45zhArxXEp24HCWTES2C2mf4jIe=s96-c", "display_order": 0, "edit_lock": 0, "edit_lock_picture": 0, "is_active": true, "is_approved": true, "mbti_enneagram_type": "ENFP 2w3", "mbti_type": "ENFP 2w3", "pdb_comment_access": true, "pdb_page_owner": 0, "pdb_public_access": true, "wiki_description": "", "watch_count": 184, "comment_count": 16, "vote_count": 135, "vote_count_enneagram": 46, "vote_count_mbti": 135, "total_vote_counts": 206, "personality_type": "ENFP - 2w3 - so/sx - EIE - SCUAI - Sanguine [Dominant]", "type_updated_date": "2021-03-17 10:44:33", "enneagram_vote": "", "enneagram_vote_id": 0, "mbti_vote": "", "mbti_vote_id": 0, "is_watching": false, "image_exists": false, "profile_image_url": "https://static1.personality-database.com/profile_images/fddcae76affd43a18a0ba337b0d1cd4d.png", "profile_image_credit": "", "profile_image_credit_id": 237313, "profile_image_credit_type": "0", "profile_image_credit_url": "", "alt_subcategory": "", "related_subcategories": "", "cat_id": 13, "category": "Theatre", "category_is_fictional": true, "sub_cat_id": 1499, "subcategory": "Hamilton: An American Musical", "subcat_link_info": {"sub_cat_id": 1499, "cat_id": 13, "property_id": 2, "subcategory": "Hamilton: An American Musical"}, "related_subcat_link_info": null, "related_profiles": [{"id": 11286, "mbti_profile": "Alexander Hamilton", "subcategory": "Hamilton: An American Musical", "profile_image_url": "https://static1.personality-database.com/profile_images/a89f744305224b3bba79e732694f904a.png", "profile_name": "Alexander Hamilton", "profile_subcat": "Hamilton: An American Musical", "sub_cat_id": 1499, "cat_id": 13, "property_id": 2, "mbti": "ENTJ", "enneatype": "3w4"}, {"id": 11287, "mbti_profile": "Aaron Burr", "subcategory": "Hamilton: An American Musical", "profile_image_url": "https://static1.personality-database.com/profile_images/082632d1c2ed4255ac6982ef28e38ad3.png", "profile_name": "Aaron Burr", "profile_subcat": "Hamilton: An American Musical", "sub_cat_id": 1499, "cat_id": 13, "property_id": 2, "mbti": "INFJ", "enneatype": "9w1"}, {"id": 11288, "mbti_profile": "Angelica Schuyler", "subcategory": "Hamilton: An American Musical", "profile_image_url": "https://static1.personality-database.com/profile_images/e55077763c2044b7854def89aa20463b.png", "profile_name": "Angelica Schuyler", "profile_subcat": "Hamilton: An American Musical", "sub_cat_id": 1499, "cat_id": 13, "property_id": 2, "mbti": "ENFJ", "enneatype": "8w9"}, {"id": 11289, "mbti_profile": "Eliza\u00a0Schuyler", "subcategory": "Hamilton: An American Musical", "profile_image_url": "https://static1.personality-database.com/profile_images/f75ee8f9811f4ccfbc08da9055a67170.png", "profile_name": "Eliza\u00a0Schuyler", "profile_subcat": "Hamilton: An American Musical", "sub_cat_id": 1499, "cat_id": 13, "property_id": 2, "mbti": "ISFJ", "enneatype": "9w1"}, {"id": 15455, "mbti_profile": "Thomas Jefferson", "subcategory": "Hamilton: An American Musical", "profile_image_url": "https://static1.personality-database.com/profile_images/bc45e6f77cd24a5693137e5b7ba97abc.png", "profile_name": "Thomas Jefferson", "profile_subcat": "Hamilton: An American Musical", "sub_cat_id": 1499, "cat_id": 13, "property_id": 2, "mbti": "ENTP", "enneatype": "7w8"}, {"id": 15451, "mbti_profile": "George Washington", "subcategory": "Hamilton: An American Musical", "profile_image_url": "https://static1.personality-database.com/profile_images/433171ad38f342f1835f73d0dc131e24.png", "profile_name": "George Washington", "profile_subcat": "Hamilton: An American Musical", "sub_cat_id": 1499, "cat_id": 13, "property_id": 2, "mbti": "INFJ", "enneatype": "1w9"}, {"id": 25535, "mbti_profile": "King George III", "subcategory": "Hamilton: An American Musical", "profile_image_url": "https://static1.personality-database.com/profile_images/0e583f1ea5fe4860b8fdb4d95d510a09.png", "profile_name": "King George III", "profile_subcat": "Hamilton: An American Musical", "sub_cat_id": 1499, "cat_id": 13, "property_id": 2, "mbti": "ESFP", "enneatype": "2w3"}, {"id": 15457, "mbti_profile": "Phillip Hamilton", "subcategory": "Hamilton: An American Musical", "profile_image_url": "https://static1.personality-database.com/profile_images/2f3e4d9e788d46b1b9d1df9ad8fe6300.png", "profile_name": "Phillip Hamilton", "profile_subcat": "Hamilton: An American Musical", "sub_cat_id": 1499, "cat_id": 13, "property_id": 2, "mbti": "ESFP", "enneatype": "6w7"}], "functions": ["Ne", "Fi", "Te", "Si"], "systems": [{"hex_color": "#888888", "id": 1, "personality_type": "XXXX", "personality_type_id": 0, "system_name": "Four Letter", "system_vote_count": 134, "user_vote_type_id": 0, "vote_id": 0}, {"hex_color": "#006775", "id": 2, "personality_type": "XXXX", "personality_type_id": 0, "system_name": "Enneagram", "system_vote_count": 46, "user_vote_type_id": 0, "vote_id": 0}, {"hex_color": "#006775", "id": 5, "personality_type": "XXXX", "personality_type_id": 0, "system_name": "Instinctual Variant", "system_vote_count": 3, "user_vote_type_id": 0, "vote_id": 0}, {"hex_color": "#006775", "id": 6, "personality_type": "XXXX", "personality_type_id": 0, "system_name": "Tritype", "system_vote_count": 5, "user_vote_type_id": 0, "vote_id": 0}, {"hex_color": "#888888", "id": 3, "personality_type": "XXXX", "personality_type_id": 0, "system_name": "Socionics", "system_vote_count": 2, "user_vote_type_id": 0, "vote_id": 0}, {"hex_color": "#888888", "id": 9, "personality_type": "XXXX", "personality_type_id": 0, "system_name": "Big 5 (SLOAN)", "system_vote_count": 4, "user_vote_type_id": 0, "vote_id": 0}, {"hex_color": "#888888", "id": 8, "personality_type": "XXXX", "personality_type_id": 0, "system_name": "Attitudinal Psyche", "system_vote_count": 0, "user_vote_type_id": 0, "vote_id": 0}, {"hex_color": "#888888", "id": 7, "personality_type": "XXXX", "personality_type_id": 0, "system_name": "Temperaments", "system_vote_count": 6, "user_vote_type_id": 0, "vote_id": 0}, {"hex_color": "#888888", "id": 11, "personality_type": "XXXX", "personality_type_id": 0, "system_name": "Classic Jungian", "system_vote_count": 0, "user_vote_type_id": 0, "vote_id": 0}], "breakdown_systems": {"1": [{"myValue": "ENFP", "personality_system_id": 1, "personality_type": "ENFP", "theCount": 109}, {"myValue": "INFP", "personality_system_id": 1, "personality_type": "INFP", "theCount": 14}, {"myValue": "ESFP", "personality_system_id": 1, "personality_type": "ESFP", "theCount": 4}, {"myValue": "ENFJ", "personality_system_id": 1, "personality_type": "ENFJ", "theCount": 3}, {"myValue": "ISFP", "personality_system_id": 1, "personality_type": "ISFP", "theCount": 2}, {"myValue": "INFJ", "personality_system_id": 1, "personality_type": "INFJ", "theCount": 1}, {"myValue": "INTJ", "personality_system_id": 1, "personality_type": "INTJ", "theCount": 1}], "11": [{"myValue": "XXXX", "personality_system_id": 0, "personality_type": "XXXX", "theCount": 0}], "2": [{"myValue": "2w3", "personality_system_id": 2, "personality_type": "2w3", "theCount": 42}, {"myValue": "7w6", "personality_system_id": 2, "personality_type": "7w6", "theCount": 2}, {"myValue": "6w7", "personality_system_id": 2, "personality_type": "6w7", "theCount": 1}, {"myValue": "8w9", "personality_system_id": 2, "personality_type": "8w9", "theCount": 1}], "3": [{"myValue": "EIE", "personality_system_id": 3, "personality_type": "EIE", "theCount": 2}], "4": [{"myValue": "Chaotic Good", "personality_system_id": 4, "personality_type": "Chaotic Good", "theCount": 5}, {"myValue": "Neutral Good", "personality_system_id": 4, "personality_type": "Neutral Good", "theCount": 1}], "5": [{"myValue": "so/sx", "personality_system_id": 5, "personality_type": "so/sx", "theCount": 3}], "6": [{"myValue": "268", "personality_system_id": 6, "personality_type": "268", "theCount": 2}, {"myValue": "269", "personality_system_id": 6, "personality_type": "269", "theCount": 2}, {"myValue": "261", "personality_system_id": 6, "personality_type": "261", "theCount": 1}], "7": [{"myValue": "Sanguine [Dominant]", "personality_system_id": 7, "personality_type": "Sanguine [Dominant]", "theCount": 4}, {"myValue": "Choleric [Dominant]", "personality_system_id": 7, "personality_type": "Choleric [Dominant]", "theCount": 1}, {"myValue": "Sanguine-Choleric", "personality_system_id": 7, "personality_type": "Sanguine-Choleric", "theCount": 1}], "8": [{"myValue": "XXXX", "personality_system_id": 0, "personality_type": "XXXX", "theCount": 0}], "9": [{"myValue": "SCUAI", "personality_system_id": 9, "personality_type": "SCUAI", "theCount": 4}]}, "breakdown_config": {"expand": {"1": 3, "11": 1, "2": 3, "3": 1, "4": 1, "5": 1, "6": 1, "7": 1, "8": 1, "9": 1}, "fire": {"1": 0, "11": 0, "2": 0, "3": 0, "4": 0, "5": 0, "6": 0, "7": 0, "8": 0, "9": 0}}, "mbti_letter_stats": [{"type": "E", "percentage": "87%", "PercentageFloat": 0.8656716417910447}, {"type": "N", "percentage": "96%", "PercentageFloat": 0.9552238805970149}, {"type": "F", "percentage": "99%", "PercentageFloat": 0.9925373134328358}, {"type": "P", "percentage": "96%", "PercentageFloat": 0.9626865671641791}], "topic_info": {"can_generate": false, "topic": {"description": "", "follow_count": 0, "id": 14197, "is_following": false, "is_join_pending": false, "is_banned": false, "is_moderated": false, "name_readable": "John Laurens", "post_count": 0, "source_profile_id": 15452, "source_type": "profile", "join_to_post": false, "can_pin": false, "related_topics": [{"description": "", "follow_count": 3, "id": 10534, "is_following": false, "is_join_pending": false, "is_banned": false, "is_moderated": false, "name_readable": "Alexander Hamilton", "post_count": 41, "source_profile_id": 11286, "source_type": "profile", "image": {"picURL": "https://static1.personality-database.com/profile_images/a89f744305224b3bba79e732694f904a.png"}, "join_to_post": false, "can_pin": false}, {"description": "#JonathanGroff\n#ESFPVillans", "follow_count": 0, "id": 22944, "is_following": false, "is_join_pending": false, "is_banned": false, "is_moderated": false, "name_readable": "King George III", "post_count": 19, "source_profile_id": 25535, "source_type": "profile", "image": {"picURL": "https://static1.personality-database.com/profile_images/0e583f1ea5fe4860b8fdb4d95d510a09.png"}, "join_to_post": false, "can_pin": false}, {"description": "#DaveedDiggs", "follow_count": 0, "id": 14200, "is_following": false, "is_join_pending": false, "is_banned": false, "is_moderated": false, "name_readable": "Thomas Jefferson", "post_count": 7, "source_profile_id": 15455, "source_type": "profile", "image": {"picURL": "https://static1.personality-database.com/profile_images/bc45e6f77cd24a5693137e5b7ba97abc.png"}, "join_to_post": false, "can_pin": false}, {"description": "", "follow_count": 0, "id": 10536, "is_following": false, "is_join_pending": false, "is_banned": false, "is_moderated": false, "name_readable": "Angelica Schuyler", "post_count": 4, "source_profile_id": 11288, "source_type": "profile", "image": {"picURL": "https://static1.personality-database.com/profile_images/e55077763c2044b7854def89aa20463b.png"}, "join_to_post": false, "can_pin": false}, {"description": "", "follow_count": 2, "id": 10537, "is_following": false, "is_join_pending": false, "is_banned": false, "is_moderated": false, "name_readable": "Eliza\u00a0Schuyler", "post_count": 4, "source_profile_id": 11289, "source_type": "profile", "image": {"picURL": "https://static1.personality-database.com/profile_images/f75ee8f9811f4ccfbc08da9055a67170.png"}, "join_to_post": false, "can_pin": false}, {"description": "", "follow_count": 1, "id": 10535, "is_following": false, "is_join_pending": false, "is_banned": false, "is_moderated": false, "name_readable": "Aaron Burr", "post_count": 3, "source_profile_id": 11287, "source_type": "profile", "image": {"picURL": "https://static1.personality-database.com/profile_images/082632d1c2ed4255ac6982ef28e38ad3.png"}, "join_to_post": false, "can_pin": false}, {"description": "", "follow_count": 0, "id": 14202, "is_following": false, "is_join_pending": false, "is_banned": false, "is_moderated": false, "name_readable": "Phillip Hamilton", "post_count": 2, "source_profile_id": 15457, "source_type": "profile", "image": {"picURL": "https://static1.personality-database.com/profile_images/2f3e4d9e788d46b1b9d1df9ad8fe6300.png"}, "join_to_post": false, "can_pin": false}, {"description": "", "follow_count": 0, "id": 14196, "is_following": false, "is_join_pending": false, "is_banned": false, "is_moderated": false, "name_readable": "George Washington", "post_count": 1, "source_profile_id": 15451, "source_type": "profile", "image": {"picURL": "https://static1.personality-database.com/profile_images/433171ad38f342f1835f73d0dc131e24.png"}, "join_to_post": false, "can_pin": false}, {"description": "", "follow_count": 0, "id": 127085, "is_following": false, "is_join_pending": false, "is_banned": false, "is_moderated": false, "name_readable": "The Bullet", "post_count": 1, "source_profile_id": 163856, "source_type": "profile", "image": {"picURL": "https://static1.personality-database.com/profile_images/dc735e0bb0324b7f903ef7bbd245d922.png"}, "join_to_post": false, "can_pin": false}, {"description": "", "follow_count": 0, "id": 14199, "is_following": false, "is_join_pending": false, "is_banned": false, "is_moderated": false, "name_readable": "Hercules Mulligan", "post_count": 0, "source_profile_id": 15454, "source_type": "profile", "image": {"picURL": "https://static1.personality-database.com/profile_images/46dc3db3979447fe95a66bbc50222cf5.png"}, "join_to_post": false, "can_pin": false}, {"description": "#DaveedDiggs", "follow_count": 0, "id": 14198, "is_following": false, "is_join_pending": false, "is_banned": false, "is_moderated": false, "name_readable": "Marquis de Lafayette", "post_count": 0, "source_profile_id": 15453, "source_type": "profile", "image": {"picURL": "https://static1.personality-database.com/profile_images/ca3c515d8121435895a5d5881225ffca.png"}, "join_to_post": false, "can_pin": false}, {"description": "", "follow_count": 0, "id": 14201, "is_following": false, "is_join_pending": false, "is_banned": false, "is_moderated": false, "name_readable": "James Madison", "post_count": 0, "source_profile_id": 15456, "source_type": "profile", "image": {"picURL": "https://static1.personality-database.com/profile_images/1bcb70c97d714e17afc36d3936898675.png"}, "join_to_post": false, "can_pin": false}, {"description": "", "follow_count": 0, "id": 14197, "is_following": false, "is_join_pending": false, "is_banned": false, "is_moderated": false, "name_readable": "John Laurens", "post_count": 0, "source_profile_id": 15452, "source_type": "profile", "image": {"picURL": "https://static1.personality-database.com/profile_images/fddcae76affd43a18a0ba337b0d1cd4d.png"}, "join_to_post": false, "can_pin": false}, {"description": "", "follow_count": 0, "id": 32697, "is_following": false, "is_join_pending": false, "is_banned": false, "is_moderated": false, "name_readable": "Margarita \u201cPeggy\u201d Schuyler", "post_count": 0, "source_profile_id": 36558, "source_type": "profile", "image": {"picURL": "https://static1.personality-database.com/profile_images/13db051ef262482cbb1ba567937ebd95.png"}, "join_to_post": false, "can_pin": false}, {"description": "", "follow_count": 0, "id": 48312, "is_following": false, "is_join_pending": false, "is_banned": false, "is_moderated": false, "name_readable": "Maria Reynolds", "post_count": 0, "source_profile_id": 56946, "source_type": "profile", "image": {"picURL": "https://static1.personality-database.com/profile_images/4a4bca6b8cb541bab23b24afeaad56e4.png"}, "join_to_post": false, "can_pin": false}, {"description": "", "follow_count": 0, "id": 127088, "is_following": false, "is_join_pending": false, "is_banned": false, "is_moderated": false, "name_readable": "Samuel Seabury", "post_count": 0, "source_profile_id": 163859, "source_type": "profile", "image": {"picURL": "https://static1.personality-database.com/profile_images/5802e0cd5c834028b120a649984557ed.png"}, "join_to_post": false, "can_pin": false}], "subcategory": "Hamilton: An American Musical", "topic_image_url": "https://static1.personality-database.com/profile_images/fddcae76affd43a18a0ba337b0d1cd4d.png", "source_location": {"cid": 13, "pid": 2, "sub_cat_id": 1499}, "can_post_image": false, "can_post_audio": false, "posts": {"posts": [{"username": "Amy Fletcher", "user_pic_path": "https://lh3.googleusercontent.com/a-/AOh14GgI5QlPP22CpuckYcoSwoq9LJ8WTI-HVYYdYucLmw=s96-c", "user_personality_type": "ENFP-4w3", "is_mod": false, "comment_count": 0, "reply_count": 0, "vote_type": 0, "topics_list": [{"id": 14197, "name_readable": "John Laurens"}], "id": 87783, "post_id": 87783, "user_id": 161362, "title": "", "content": "Baby", "create_date": 1619510568000, "unix_timestamp": 1619510568000, "update_date": 1619510568000, "vote_count": 6, "vote_count_down": 0, "is_reported": 1, "is_hidden": false, "is_pinned": false, "is_watching": false, "is_pro_user": false, "images": null, "audios": null, "function_list": [], "type": "post"}]}}}}