{"id": 155097, "mbti_profile": "Draco Malfoy", "profile_name_searchable": "dracomalfoy", "allow_commenting": true, "allow_voting": true, "user_id": 0, "contributor": "the nameless", "contributor_create_date": "2020-06-30 06:55:40", "contributor_pic_path": "https://www.personality-database.com/images/profile_transparent.png", "display_order": 0, "edit_lock": 0, "edit_lock_picture": 0, "is_active": true, "is_approved": true, "mbti_enneagram_type": "INTJ 6w5", "mbti_type": "INTJ 6w5", "pdb_comment_access": true, "pdb_page_owner": 0, "pdb_public_access": true, "wiki_description": "", "watch_count": 14, "comment_count": 0, "vote_count": 24, "vote_count_enneagram": 4, "vote_count_mbti": 24, "total_vote_counts": 47, "personality_type": "INTJ - 6w5 - so/sp - 638 - LII - RLOEI - LVFE - Melancholic-Choleric - IN(T)", "type_updated_date": "2023-01-12 09:39:27", "enneagram_vote": "", "enneagram_vote_id": 0, "mbti_vote": "", "mbti_vote_id": 0, "is_watching": false, "image_exists": false, "profile_image_url": "https://static1.personality-database.com/profile_images/13bcbdc98a5149e1aa3615c4d631203a.png", "profile_image_credit": "", "profile_image_credit_id": 103148, "profile_image_credit_type": "0", "profile_image_credit_url": "", "alt_subcategory": "", "related_subcategories": "", "cat_id": 13, "category": "Theatre", "category_is_fictional": true, "sub_cat_id": 10530, "subcategory": "Harry Potter and the Cursed Child", "subcat_link_info": {"sub_cat_id": 10530, "cat_id": 13, "property_id": 2, "subcategory": "Harry Potter and the Cursed Child"}, "related_subcat_link_info": null, "related_profiles": [{"id": 155089, "mbti_profile": "Scorpius Malfoy", "subcategory": "Harry Potter and the Cursed Child", "profile_image_url": "https://static1.personality-database.com/profile_images/e5b85b8d69584bdfa85e85207ae5dfec.png", "profile_name": "Scorpius Malfoy", "profile_subcat": "Harry Potter and the Cursed Child", "sub_cat_id": 10530, "cat_id": 13, "property_id": 2, "mbti": "INFP", "enneatype": "6w5"}, {"id": 155096, "mbti_profile": "Delphini", "subcategory": "Harry Potter and the Cursed Child", "profile_image_url": "https://static1.personality-database.com/profile_images/9381c46bf23946f18b6910a9117b1c9c.png", "profile_name": "Delphini", "profile_subcat": "Harry Potter and the Cursed Child", "sub_cat_id": 10530, "cat_id": 13, "property_id": 2, "mbti": "ENTJ", "enneatype": "3w4"}, {"id": 155086, "mbti_profile": "Albus Severus Potter", "subcategory": "Harry Potter and the Cursed Child", "profile_image_url": "https://static1.personality-database.com/profile_images/a02951db211c4a50864be0f52577b720.png", "profile_name": "Albus Severus Potter", "profile_subcat": "Harry Potter and the Cursed Child", "sub_cat_id": 10530, "cat_id": 13, "property_id": 2, "mbti": "ISFP", "enneatype": "6w5"}, {"id": 155093, "mbti_profile": "Harry Potter", "subcategory": "Harry Potter and the Cursed Child", "profile_image_url": "https://static1.personality-database.com/profile_images/89515b9d29ad42aa8a6d41753dcb8ca9.png", "profile_name": "Harry Potter", "profile_subcat": "Harry Potter and the Cursed Child", "sub_cat_id": 10530, "cat_id": 13, "property_id": 2, "mbti": "ISFP", "enneatype": "8w7"}, {"id": 155092, "mbti_profile": "Teddy Lupin", "subcategory": "Harry Potter and the Cursed Child", "profile_image_url": "", "profile_name": "Teddy Lupin", "profile_subcat": "Harry Potter and the Cursed Child", "sub_cat_id": 10530, "cat_id": 13, "property_id": 2, "mbti": "ENFP", "enneatype": "4w5"}, {"id": 155095, "mbti_profile": "Hermione Granger", "subcategory": "Harry Potter and the Cursed Child", "profile_image_url": "https://static1.personality-database.com/profile_images/e1411fd5da054656be766cf8eab86274.png", "profile_name": "Hermione Granger", "profile_subcat": "Harry Potter and the Cursed Child", "sub_cat_id": 10530, "cat_id": 13, "property_id": 2, "mbti": "ESTJ", "enneatype": "1w2"}, {"id": 601400, "mbti_profile": "Karl Jenkins", "subcategory": "Harry Potter and the Cursed Child", "profile_image_url": "", "profile_name": "Karl Jenkins", "profile_subcat": "Harry Potter and the Cursed Child", "sub_cat_id": 10530, "cat_id": 13, "property_id": 2, "mbti": "", "enneatype": ""}, {"id": 601398, "mbti_profile": "Yann Fredericks", "subcategory": "Harry Potter and the Cursed Child", "profile_image_url": "", "profile_name": "Yann Fredericks", "profile_subcat": "Harry Potter and the Cursed Child", "sub_cat_id": 10530, "cat_id": 13, "property_id": 2, "mbti": "", "enneatype": ""}], "functions": ["Ni", "Te", "Fi", "Se"], "systems": [{"hex_color": "#888888", "id": 1, "personality_type": "XXXX", "personality_type_id": 0, "system_name": "Four Letter", "system_vote_count": 24, "user_vote_type_id": 0, "vote_id": 0}, {"hex_color": "#006775", "id": 2, "personality_type": "XXXX", "personality_type_id": 0, "system_name": "Enneagram", "system_vote_count": 4, "user_vote_type_id": 0, "vote_id": 0}, {"hex_color": "#006775", "id": 5, "personality_type": "XXXX", "personality_type_id": 0, "system_name": "Instinctual Variant", "system_vote_count": 4, "user_vote_type_id": 0, "vote_id": 0}, {"hex_color": "#006775", "id": 6, "personality_type": "XXXX", "personality_type_id": 0, "system_name": "Tritype", "system_vote_count": 2, "user_vote_type_id": 0, "vote_id": 0}, {"hex_color": "#888888", "id": 3, "personality_type": "XXXX", "personality_type_id": 0, "system_name": "Socionics", "system_vote_count": 3, "user_vote_type_id": 0, "vote_id": 0}, {"hex_color": "#888888", "id": 9, "personality_type": "XXXX", "personality_type_id": 0, "system_name": "Big 5 (SLOAN)", "system_vote_count": 2, "user_vote_type_id": 0, "vote_id": 0}, {"hex_color": "#888888", "id": 8, "personality_type": "XXXX", "personality_type_id": 0, "system_name": "Attitudinal Psyche", "system_vote_count": 2, "user_vote_type_id": 0, "vote_id": 0}, {"hex_color": "#888888", "id": 7, "personality_type": "XXXX", "personality_type_id": 0, "system_name": "Temperaments", "system_vote_count": 4, "user_vote_type_id": 0, "vote_id": 0}, {"hex_color": "#888888", "id": 11, "personality_type": "XXXX", "personality_type_id": 0, "system_name": "Classic Jungian", "system_vote_count": 2, "user_vote_type_id": 0, "vote_id": 0}], "breakdown_systems": {"1": [{"myValue": "INTJ", "personality_system_id": 1, "personality_type": "INTJ", "theCount": 11}, {"myValue": "ESTJ", "personality_system_id": 1, "personality_type": "ESTJ", "theCount": 9}, {"myValue": "ISFJ", "personality_system_id": 1, "personality_type": "ISFJ", "theCount": 3}, {"myValue": "ISTJ", "personality_system_id": 1, "personality_type": "ISTJ", "theCount": 1}], "11": [{"myValue": "IN(T)", "personality_system_id": 11, "personality_type": "IN(T)", "theCount": 2}], "2": [{"myValue": "6w5", "personality_system_id": 2, "personality_type": "6w5", "theCount": 3}, {"myValue": "3w4", "personality_system_id": 2, "personality_type": "3w4", "theCount": 1}], "3": [{"myValue": "LII", "personality_system_id": 3, "personality_type": "LII", "theCount": 3}], "5": [{"myValue": "so/sp", "personality_system_id": 5, "personality_type": "so/sp", "theCount": 2}, {"myValue": "sp/sx", "personality_system_id": 5, "personality_type": "sp/sx", "theCount": 2}], "6": [{"myValue": "612", "personality_system_id": 6, "personality_type": "612", "theCount": 1}, {"myValue": "638", "personality_system_id": 6, "personality_type": "638", "theCount": 1}], "7": [{"myValue": "Melancholic-Choleric", "personality_system_id": 7, "personality_type": "Melancholic-Choleric", "theCount": 2}, {"myValue": "Choleric [Dominant]", "personality_system_id": 7, "personality_type": "Choleric [Dominant]", "theCount": 1}, {"myValue": "Choleric-Melancholic", "personality_system_id": 7, "personality_type": "Choleric-Melancholic", "theCount": 1}], "8": [{"myValue": "LVEF", "personality_system_id": 8, "personality_type": "LVEF", "theCount": 1}, {"myValue": "LVFE", "personality_system_id": 8, "personality_type": "LVFE", "theCount": 1}], "9": [{"myValue": "RLOEI", "personality_system_id": 9, "personality_type": "RLOEI", "theCount": 1}, {"myValue": "SCOAI", "personality_system_id": 9, "personality_type": "SCOAI", "theCount": 1}]}, "breakdown_config": {"expand": {"1": 3, "11": 1, "2": 3, "3": 1, "5": 1, "6": 1, "7": 1, "8": 1, "9": 1}, "fire": {"1": 1, "11": 0, "2": 0, "3": 0, "5": 0, "6": 0, "7": 0, "8": 0, "9": 0}}, "mbti_letter_stats": [{"type": "I", "percentage": "62%", "PercentageFloat": 0.625}, {"type": "N", "percentage": "46%", "PercentageFloat": 0.4583333333333333}, {"type": "T", "percentage": "88%", "PercentageFloat": 0.875}, {"type": "J", "percentage": "100%", "PercentageFloat": 1}], "topic_info": {"can_generate": false, "topic": {"description": "", "follow_count": 1, "id": 120243, "is_following": false, "is_join_pending": false, "is_banned": false, "is_moderated": false, "name_readable": "Draco Malfoy", "post_count": 1, "source_profile_id": 155097, "source_type": "profile", "join_to_post": false, "can_pin": false, "related_topics": [{"description": "", "follow_count": 0, "id": 120235, "is_following": false, "is_join_pending": false, "is_banned": false, "is_moderated": false, "name_readable": "Scorpius Malfoy", "post_count": 2, "source_profile_id": 155089, "source_type": "profile", "image": {"picURL": "https://static1.personality-database.com/profile_images/e5b85b8d69584bdfa85e85207ae5dfec.png"}, "join_to_post": false, "can_pin": false}, {"description": "", "follow_count": 1, "id": 120243, "is_following": false, "is_join_pending": false, "is_banned": false, "is_moderated": false, "name_readable": "Draco Malfoy", "post_count": 1, "source_profile_id": 155097, "source_type": "profile", "image": {"picURL": "https://static1.personality-database.com/profile_images/13bcbdc98a5149e1aa3615c4d631203a.png"}, "join_to_post": false, "can_pin": false}, {"description": "", "follow_count": 0, "id": 120240, "is_following": false, "is_join_pending": false, "is_banned": false, "is_moderated": false, "name_readable": "Ron Weasley", "post_count": 0, "source_profile_id": 155094, "source_type": "profile", "image": {"picURL": "https://www.personality-database.com/images/profile_transparent.png"}, "join_to_post": false, "can_pin": false}, {"description": "", "follow_count": 0, "id": 256374, "is_following": false, "is_join_pending": false, "is_banned": false, "is_moderated": false, "name_readable": "Astoria Greengrass", "post_count": 0, "source_profile_id": 333048, "source_type": "profile", "image": {"picURL": "https://static1.personality-database.com/profile_images/e805bd689e8743d0a80b85800d62950d.png"}, "join_to_post": false, "can_pin": false}, {"description": "", "follow_count": 0, "id": 135369, "is_following": false, "is_join_pending": false, "is_banned": false, "is_moderated": false, "name_readable": "Ginny Potter (n\u00e9e Weasley)", "post_count": 0, "source_profile_id": 175786, "source_type": "profile", "image": {"picURL": "https://static1.personality-database.com/profile_images/284256d1a9b6471bac9197a5254d649a.png"}, "join_to_post": false, "can_pin": false}, {"description": "", "follow_count": 0, "id": 120246, "is_following": false, "is_join_pending": false, "is_banned": false, "is_moderated": false, "name_readable": "Amos Diggory", "post_count": 0, "source_profile_id": 155100, "source_type": "profile", "image": {"picURL": "https://www.personality-database.com/images/profile_transparent.png"}, "join_to_post": false, "can_pin": false}, {"description": "", "follow_count": 0, "id": 120245, "is_following": false, "is_join_pending": false, "is_banned": false, "is_moderated": false, "name_readable": "Minerva McGonagall", "post_count": 0, "source_profile_id": 155099, "source_type": "profile", "image": {"picURL": "https://www.personality-database.com/images/profile_transparent.png"}, "join_to_post": false, "can_pin": false}, {"description": "", "follow_count": 0, "id": 120244, "is_following": false, "is_join_pending": false, "is_banned": false, "is_moderated": false, "name_readable": "Polly Chapman", "post_count": 0, "source_profile_id": 155098, "source_type": "profile", "image": {"picURL": "https://www.personality-database.com/images/profile_transparent.png"}, "join_to_post": false, "can_pin": false}, {"description": "", "follow_count": 0, "id": 120242, "is_following": false, "is_join_pending": false, "is_banned": false, "is_moderated": false, "name_readable": "Delphini", "post_count": 0, "source_profile_id": 155096, "source_type": "profile", "image": {"picURL": "https://static1.personality-database.com/profile_images/9381c46bf23946f18b6910a9117b1c9c.png"}, "join_to_post": false, "can_pin": false}, {"description": "", "follow_count": 0, "id": 120241, "is_following": false, "is_join_pending": false, "is_banned": false, "is_moderated": false, "name_readable": "Hermione Granger", "post_count": 0, "source_profile_id": 155095, "source_type": "profile", "image": {"picURL": "https://static1.personality-database.com/profile_images/e1411fd5da054656be766cf8eab86274.png"}, "join_to_post": false, "can_pin": false}, {"description": "", "follow_count": 0, "id": 120232, "is_following": false, "is_join_pending": false, "is_banned": false, "is_moderated": false, "name_readable": "Albus Severus Potter", "post_count": 0, "source_profile_id": 155086, "source_type": "profile", "image": {"picURL": "https://static1.personality-database.com/profile_images/a02951db211c4a50864be0f52577b720.png"}, "join_to_post": false, "can_pin": false}, {"description": "", "follow_count": 0, "id": 120239, "is_following": false, "is_join_pending": false, "is_banned": false, "is_moderated": false, "name_readable": "Harry Potter", "post_count": 0, "source_profile_id": 155093, "source_type": "profile", "image": {"picURL": "https://static1.personality-database.com/profile_images/89515b9d29ad42aa8a6d41753dcb8ca9.png"}, "join_to_post": false, "can_pin": false}, {"description": "", "follow_count": 0, "id": 120238, "is_following": false, "is_join_pending": false, "is_banned": false, "is_moderated": false, "name_readable": "Teddy Lupin", "post_count": 0, "source_profile_id": 155092, "source_type": "profile", "image": {"picURL": "https://www.personality-database.com/images/profile_transparent.png"}, "join_to_post": false, "can_pin": false}, {"description": "", "follow_count": 0, "id": 120237, "is_following": false, "is_join_pending": false, "is_banned": false, "is_moderated": false, "name_readable": "Victoire Weasley", "post_count": 0, "source_profile_id": 155091, "source_type": "profile", "image": {"picURL": "https://www.personality-database.com/images/profile_transparent.png"}, "join_to_post": false, "can_pin": false}, {"description": "", "follow_count": 0, "id": 120236, "is_following": false, "is_join_pending": false, "is_banned": false, "is_moderated": false, "name_readable": "Rose Granger Weasley", "post_count": 0, "source_profile_id": 155090, "source_type": "profile", "image": {"picURL": "https://static1.personality-database.com/profile_images/fdfb73a7a8704aba8e5d00ae582831ce.png"}, "join_to_post": false, "can_pin": false}, {"description": "", "follow_count": 0, "id": 120234, "is_following": false, "is_join_pending": false, "is_banned": false, "is_moderated": false, "name_readable": "Lily Luna Potter", "post_count": 0, "source_profile_id": 155088, "source_type": "profile", "image": {"picURL": "https://www.personality-database.com/images/profile_transparent.png"}, "join_to_post": false, "can_pin": false}], "subcategory": "Harry Potter and the Cursed Child", "topic_image_url": "https://static1.personality-database.com/profile_images/13bcbdc98a5149e1aa3615c4d631203a.png", "source_location": {"cid": 13, "pid": 2, "sub_cat_id": 10530}, "can_post_image": false, "can_post_audio": false, "posts": {"posts": [{"username": "Benedetta Rosselli", "user_pic_path": "https://static1.personality-database.com/user_avatars/968226/93f67b24-9cf6-48b3-a9c3-0c50d7de6210_small.jpeg", "user_personality_type": "INTJ-6w5-638", "is_mod": false, "comment_count": 1, "reply_count": 1, "vote_type": 0, "topics_list": [{"id": 120243, "name_readable": "Draco Malfoy"}], "id": 1665409, "post_id": 1665409, "user_id": 968226, "title": "", "content": "finally here draco is typed correctly, yes maybe it\u2019s an unpopular opinion, but canonically for me draco is clearly an INTJ unhealthy with a several grip of his functions.\nhe acts like an ESFP 3w4, because he\u2019s in grip, and this is common when a person is unhealthy, i don\u2019t know why people still see him extroverted only because he talks and he\u2019s not shy, he only recreates lucius personality for making him fierce of his son. \nhe is introspective, and deep in reality, he only wears a mask for protection.", "create_date": 1667491023000, "unix_timestamp": 1667491023000, "update_date": 1667491023000, "vote_count": 2, "vote_count_down": 1, "is_reported": 0, "is_hidden": false, "is_pinned": false, "is_watching": false, "is_pro_user": false, "images": null, "audios": null, "function_list": [], "type": "post"}]}}}}