{"id": 155089, "mbti_profile": "Scorpius Malfoy", "profile_name_searchable": "scorpiusmalfoy", "allow_commenting": true, "allow_voting": true, "user_id": 0, "contributor": "the nameless", "contributor_create_date": "2020-06-30 06:37:04", "contributor_pic_path": "https://www.personality-database.com/images/profile_transparent.png", "display_order": 985, "edit_lock": 0, "edit_lock_picture": 0, "is_active": true, "is_approved": true, "mbti_enneagram_type": "INFP 6w5", "mbti_type": "INFP 6w5", "pdb_comment_access": true, "pdb_page_owner": 0, "pdb_public_access": true, "wiki_description": "", "watch_count": 205, "comment_count": 17, "vote_count": 111, "vote_count_enneagram": 42, "vote_count_mbti": 111, "total_vote_counts": 232, "personality_type": "INFP - 6w5 - sp/so - 649 - EII - RLUAI - LEVF - Melancholic-Phlegmatic", "type_updated_date": "2023-01-03 14:57:05", "enneagram_vote": "", "enneagram_vote_id": 0, "mbti_vote": "", "mbti_vote_id": 0, "is_watching": false, "image_exists": false, "profile_image_url": "https://static1.personality-database.com/profile_images/e5b85b8d69584bdfa85e85207ae5dfec.png", "profile_image_credit": "", "profile_image_credit_id": 103145, "profile_image_credit_type": "0", "profile_image_credit_url": "", "alt_subcategory": "", "related_subcategories": "", "cat_id": 13, "category": "Theatre", "category_is_fictional": true, "sub_cat_id": 10530, "subcategory": "Harry Potter and the Cursed Child", "subcat_link_info": {"sub_cat_id": 10530, "cat_id": 13, "property_id": 2, "subcategory": "Harry Potter and the Cursed Child"}, "related_subcat_link_info": null, "related_profiles": [{"id": 155096, "mbti_profile": "Delphini", "subcategory": "Harry Potter and the Cursed Child", "profile_image_url": "https://static1.personality-database.com/profile_images/9381c46bf23946f18b6910a9117b1c9c.png", "profile_name": "Delphini", "profile_subcat": "Harry Potter and the Cursed Child", "sub_cat_id": 10530, "cat_id": 13, "property_id": 2, "mbti": "ENTJ", "enneatype": "3w4"}, {"id": 155086, "mbti_profile": "Albus Severus Potter", "subcategory": "Harry Potter and the Cursed Child", "profile_image_url": "https://static1.personality-database.com/profile_images/a02951db211c4a50864be0f52577b720.png", "profile_name": "Albus Severus Potter", "profile_subcat": "Harry Potter and the Cursed Child", "sub_cat_id": 10530, "cat_id": 13, "property_id": 2, "mbti": "ISFP", "enneatype": "6w5"}, {"id": 155093, "mbti_profile": "Harry Potter", "subcategory": "Harry Potter and the Cursed Child", "profile_image_url": "https://static1.personality-database.com/profile_images/89515b9d29ad42aa8a6d41753dcb8ca9.png", "profile_name": "Harry Potter", "profile_subcat": "Harry Potter and the Cursed Child", "sub_cat_id": 10530, "cat_id": 13, "property_id": 2, "mbti": "ISFP", "enneatype": "8w7"}, {"id": 155092, "mbti_profile": "Teddy Lupin", "subcategory": "Harry Potter and the Cursed Child", "profile_image_url": "", "profile_name": "Teddy Lupin", "profile_subcat": "Harry Potter and the Cursed Child", "sub_cat_id": 10530, "cat_id": 13, "property_id": 2, "mbti": "ENFP", "enneatype": "4w5"}, {"id": 155095, "mbti_profile": "Hermione Granger", "subcategory": "Harry Potter and the Cursed Child", "profile_image_url": "https://static1.personality-database.com/profile_images/e1411fd5da054656be766cf8eab86274.png", "profile_name": "Hermione Granger", "profile_subcat": "Harry Potter and the Cursed Child", "sub_cat_id": 10530, "cat_id": 13, "property_id": 2, "mbti": "ESTJ", "enneatype": "1w2"}, {"id": 155091, "mbti_profile": "Victoire Weasley", "subcategory": "Harry Potter and the Cursed Child", "profile_image_url": "", "profile_name": "Victoire Weasley", "profile_subcat": "Harry Potter and the Cursed Child", "sub_cat_id": 10530, "cat_id": 13, "property_id": 2, "mbti": "INFJ", "enneatype": "3w2"}, {"id": 601400, "mbti_profile": "Karl Jenkins", "subcategory": "Harry Potter and the Cursed Child", "profile_image_url": "", "profile_name": "Karl Jenkins", "profile_subcat": "Harry Potter and the Cursed Child", "sub_cat_id": 10530, "cat_id": 13, "property_id": 2, "mbti": "", "enneatype": ""}, {"id": 601398, "mbti_profile": "Yann Fredericks", "subcategory": "Harry Potter and the Cursed Child", "profile_image_url": "", "profile_name": "Yann Fredericks", "profile_subcat": "Harry Potter and the Cursed Child", "sub_cat_id": 10530, "cat_id": 13, "property_id": 2, "mbti": "", "enneatype": ""}], "functions": ["Fi", "Ne", "Si", "Te"], "systems": [{"hex_color": "#888888", "id": 1, "personality_type": "XXXX", "personality_type_id": 0, "system_name": "Four Letter", "system_vote_count": 110, "user_vote_type_id": 0, "vote_id": 0}, {"hex_color": "#006775", "id": 2, "personality_type": "XXXX", "personality_type_id": 0, "system_name": "Enneagram", "system_vote_count": 41, "user_vote_type_id": 0, "vote_id": 0}, {"hex_color": "#006775", "id": 5, "personality_type": "XXXX", "personality_type_id": 0, "system_name": "Instinctual Variant", "system_vote_count": 13, "user_vote_type_id": 0, "vote_id": 0}, {"hex_color": "#006775", "id": 6, "personality_type": "XXXX", "personality_type_id": 0, "system_name": "Tritype", "system_vote_count": 14, "user_vote_type_id": 0, "vote_id": 0}, {"hex_color": "#888888", "id": 3, "personality_type": "XXXX", "personality_type_id": 0, "system_name": "Socionics", "system_vote_count": 8, "user_vote_type_id": 0, "vote_id": 0}, {"hex_color": "#888888", "id": 9, "personality_type": "XXXX", "personality_type_id": 0, "system_name": "Big 5 (SLOAN)", "system_vote_count": 9, "user_vote_type_id": 0, "vote_id": 0}, {"hex_color": "#888888", "id": 8, "personality_type": "XXXX", "personality_type_id": 0, "system_name": "Attitudinal Psyche", "system_vote_count": 6, "user_vote_type_id": 0, "vote_id": 0}, {"hex_color": "#888888", "id": 7, "personality_type": "XXXX", "personality_type_id": 0, "system_name": "Temperaments", "system_vote_count": 20, "user_vote_type_id": 0, "vote_id": 0}, {"hex_color": "#888888", "id": 11, "personality_type": "XXXX", "personality_type_id": 0, "system_name": "Classic Jungian", "system_vote_count": 3, "user_vote_type_id": 0, "vote_id": 0}], "breakdown_systems": {"1": [{"myValue": "INFP", "personality_system_id": 1, "personality_type": "INFP", "theCount": 73}, {"myValue": "INFJ", "personality_system_id": 1, "personality_type": "INFJ", "theCount": 18}, {"myValue": "ISFJ", "personality_system_id": 1, "personality_type": "ISFJ", "theCount": 9}, {"myValue": "ENFP", "personality_system_id": 1, "personality_type": "ENFP", "theCount": 4}, {"myValue": "INTJ", "personality_system_id": 1, "personality_type": "INTJ", "theCount": 3}, {"myValue": "ISFP", "personality_system_id": 1, "personality_type": "ISFP", "theCount": 2}, {"myValue": "INTP", "personality_system_id": 1, "personality_type": "INTP", "theCount": 1}], "11": [{"myValue": "IN(F)", "personality_system_id": 11, "personality_type": "IN(F)", "theCount": 2}, {"myValue": "IS(F)", "personality_system_id": 11, "personality_type": "IS(F)", "theCount": 1}], "2": [{"myValue": "6w5", "personality_system_id": 2, "personality_type": "6w5", "theCount": 36}, {"myValue": "4w5", "personality_system_id": 2, "personality_type": "4w5", "theCount": 2}, {"myValue": "5w4", "personality_system_id": 2, "personality_type": "5w4", "theCount": 1}, {"myValue": "6w7", "personality_system_id": 2, "personality_type": "6w7", "theCount": 1}, {"myValue": "9w1", "personality_system_id": 2, "personality_type": "9w1", "theCount": 1}], "3": [{"myValue": "EII", "personality_system_id": 3, "personality_type": "EII", "theCount": 6}, {"myValue": "IEI", "personality_system_id": 3, "personality_type": "IEI", "theCount": 2}], "4": [{"myValue": "Neutral Good", "personality_system_id": 4, "personality_type": "Neutral Good", "theCount": 8}], "5": [{"myValue": "sp/so", "personality_system_id": 5, "personality_type": "sp/so", "theCount": 9}, {"myValue": "so/sx", "personality_system_id": 5, "personality_type": "so/sx", "theCount": 2}, {"myValue": "sp/sx", "personality_system_id": 5, "personality_type": "sp/sx", "theCount": 2}], "6": [{"myValue": "649", "personality_system_id": 6, "personality_type": "649", "theCount": 7}, {"myValue": "692", "personality_system_id": 6, "personality_type": "692", "theCount": 4}, {"myValue": "621", "personality_system_id": 6, "personality_type": "621", "theCount": 1}, {"myValue": "641", "personality_system_id": 6, "personality_type": "641", "theCount": 1}, {"myValue": "694", "personality_system_id": 6, "personality_type": "694", "theCount": 1}], "7": [{"myValue": "Melancholic-Phlegmatic", "personality_system_id": 7, "personality_type": "Melancholic-Phlegmatic", "theCount": 14}, {"myValue": "Melancholic [Dominant]", "personality_system_id": 7, "personality_type": "Melancholic [Dominant]", "theCount": 2}, {"myValue": "Phlegmatic-Melancholic", "personality_system_id": 7, "personality_type": "Phlegmatic-Melancholic", "theCount": 2}, {"myValue": "Phlegmatic [Dominant]", "personality_system_id": 7, "personality_type": "Phlegmatic [Dominant]", "theCount": 1}, {"myValue": "Sanguine-Melancholic", "personality_system_id": 7, "personality_type": "Sanguine-Melancholic", "theCount": 1}], "8": [{"myValue": "LEVF", "personality_system_id": 8, "personality_type": "LEVF", "theCount": 3}, {"myValue": "LEFV", "personality_system_id": 8, "personality_type": "LEFV", "theCount": 2}, {"myValue": "VEFL", "personality_system_id": 8, "personality_type": "VEFL", "theCount": 1}], "9": [{"myValue": "RLUAI", "personality_system_id": 9, "personality_type": "RLUAI", "theCount": 4}, {"myValue": "RLOAI", "personality_system_id": 9, "personality_type": "RLOAI", "theCount": 3}, {"myValue": "RLOAN", "personality_system_id": 9, "personality_type": "RLOAN", "theCount": 1}, {"myValue": "SCOAI", "personality_system_id": 9, "personality_type": "SCOAI", "theCount": 1}]}, "breakdown_config": {"expand": {"1": 3, "11": 1, "2": 3, "3": 1, "4": 1, "5": 1, "6": 1, "7": 1, "8": 1, "9": 1}, "fire": {"1": 0, "11": 0, "2": 0, "3": 0, "4": 0, "5": 0, "6": 0, "7": 0, "8": 0, "9": 0}}, "mbti_letter_stats": [{"type": "I", "percentage": "96%", "PercentageFloat": 0.9636363636363636}, {"type": "N", "percentage": "90%", "PercentageFloat": 0.9}, {"type": "F", "percentage": "96%", "PercentageFloat": 0.9636363636363636}, {"type": "P", "percentage": "73%", "PercentageFloat": 0.7272727272727273}], "topic_info": {"can_generate": false, "topic": {"description": "", "follow_count": 0, "id": 120235, "is_following": false, "is_join_pending": false, "is_banned": false, "is_moderated": false, "name_readable": "Scorpius Malfoy", "post_count": 2, "source_profile_id": 155089, "source_type": "profile", "join_to_post": false, "can_pin": false, "related_topics": [{"description": "", "follow_count": 0, "id": 120235, "is_following": false, "is_join_pending": false, "is_banned": false, "is_moderated": false, "name_readable": "Scorpius Malfoy", "post_count": 2, "source_profile_id": 155089, "source_type": "profile", "image": {"picURL": "https://static1.personality-database.com/profile_images/e5b85b8d69584bdfa85e85207ae5dfec.png"}, "join_to_post": false, "can_pin": false}, {"description": "", "follow_count": 1, "id": 120243, "is_following": false, "is_join_pending": false, "is_banned": false, "is_moderated": false, "name_readable": "Draco Malfoy", "post_count": 1, "source_profile_id": 155097, "source_type": "profile", "image": {"picURL": "https://static1.personality-database.com/profile_images/13bcbdc98a5149e1aa3615c4d631203a.png"}, "join_to_post": false, "can_pin": false}, {"description": "", "follow_count": 0, "id": 120240, "is_following": false, "is_join_pending": false, "is_banned": false, "is_moderated": false, "name_readable": "Ron Weasley", "post_count": 0, "source_profile_id": 155094, "source_type": "profile", "image": {"picURL": "https://www.personality-database.com/images/profile_transparent.png"}, "join_to_post": false, "can_pin": false}, {"description": "", "follow_count": 0, "id": 256374, "is_following": false, "is_join_pending": false, "is_banned": false, "is_moderated": false, "name_readable": "Astoria Greengrass", "post_count": 0, "source_profile_id": 333048, "source_type": "profile", "image": {"picURL": "https://static1.personality-database.com/profile_images/e805bd689e8743d0a80b85800d62950d.png"}, "join_to_post": false, "can_pin": false}, {"description": "", "follow_count": 0, "id": 135369, "is_following": false, "is_join_pending": false, "is_banned": false, "is_moderated": false, "name_readable": "Ginny Potter (n\u00e9e Weasley)", "post_count": 0, "source_profile_id": 175786, "source_type": "profile", "image": {"picURL": "https://static1.personality-database.com/profile_images/284256d1a9b6471bac9197a5254d649a.png"}, "join_to_post": false, "can_pin": false}, {"description": "", "follow_count": 0, "id": 120246, "is_following": false, "is_join_pending": false, "is_banned": false, "is_moderated": false, "name_readable": "Amos Diggory", "post_count": 0, "source_profile_id": 155100, "source_type": "profile", "image": {"picURL": "https://www.personality-database.com/images/profile_transparent.png"}, "join_to_post": false, "can_pin": false}, {"description": "", "follow_count": 0, "id": 120245, "is_following": false, "is_join_pending": false, "is_banned": false, "is_moderated": false, "name_readable": "Minerva McGonagall", "post_count": 0, "source_profile_id": 155099, "source_type": "profile", "image": {"picURL": "https://www.personality-database.com/images/profile_transparent.png"}, "join_to_post": false, "can_pin": false}, {"description": "", "follow_count": 0, "id": 120244, "is_following": false, "is_join_pending": false, "is_banned": false, "is_moderated": false, "name_readable": "Polly Chapman", "post_count": 0, "source_profile_id": 155098, "source_type": "profile", "image": {"picURL": "https://www.personality-database.com/images/profile_transparent.png"}, "join_to_post": false, "can_pin": false}, {"description": "", "follow_count": 0, "id": 120242, "is_following": false, "is_join_pending": false, "is_banned": false, "is_moderated": false, "name_readable": "Delphini", "post_count": 0, "source_profile_id": 155096, "source_type": "profile", "image": {"picURL": "https://static1.personality-database.com/profile_images/9381c46bf23946f18b6910a9117b1c9c.png"}, "join_to_post": false, "can_pin": false}, {"description": "", "follow_count": 0, "id": 120241, "is_following": false, "is_join_pending": false, "is_banned": false, "is_moderated": false, "name_readable": "Hermione Granger", "post_count": 0, "source_profile_id": 155095, "source_type": "profile", "image": {"picURL": "https://static1.personality-database.com/profile_images/e1411fd5da054656be766cf8eab86274.png"}, "join_to_post": false, "can_pin": false}, {"description": "", "follow_count": 0, "id": 120232, "is_following": false, "is_join_pending": false, "is_banned": false, "is_moderated": false, "name_readable": "Albus Severus Potter", "post_count": 0, "source_profile_id": 155086, "source_type": "profile", "image": {"picURL": "https://static1.personality-database.com/profile_images/a02951db211c4a50864be0f52577b720.png"}, "join_to_post": false, "can_pin": false}, {"description": "", "follow_count": 0, "id": 120239, "is_following": false, "is_join_pending": false, "is_banned": false, "is_moderated": false, "name_readable": "Harry Potter", "post_count": 0, "source_profile_id": 155093, "source_type": "profile", "image": {"picURL": "https://static1.personality-database.com/profile_images/89515b9d29ad42aa8a6d41753dcb8ca9.png"}, "join_to_post": false, "can_pin": false}, {"description": "", "follow_count": 0, "id": 120238, "is_following": false, "is_join_pending": false, "is_banned": false, "is_moderated": false, "name_readable": "Teddy Lupin", "post_count": 0, "source_profile_id": 155092, "source_type": "profile", "image": {"picURL": "https://www.personality-database.com/images/profile_transparent.png"}, "join_to_post": false, "can_pin": false}, {"description": "", "follow_count": 0, "id": 120237, "is_following": false, "is_join_pending": false, "is_banned": false, "is_moderated": false, "name_readable": "Victoire Weasley", "post_count": 0, "source_profile_id": 155091, "source_type": "profile", "image": {"picURL": "https://www.personality-database.com/images/profile_transparent.png"}, "join_to_post": false, "can_pin": false}, {"description": "", "follow_count": 0, "id": 120236, "is_following": false, "is_join_pending": false, "is_banned": false, "is_moderated": false, "name_readable": "Rose Granger Weasley", "post_count": 0, "source_profile_id": 155090, "source_type": "profile", "image": {"picURL": "https://static1.personality-database.com/profile_images/fdfb73a7a8704aba8e5d00ae582831ce.png"}, "join_to_post": false, "can_pin": false}, {"description": "", "follow_count": 0, "id": 120234, "is_following": false, "is_join_pending": false, "is_banned": false, "is_moderated": false, "name_readable": "Lily Luna Potter", "post_count": 0, "source_profile_id": 155088, "source_type": "profile", "image": {"picURL": "https://www.personality-database.com/images/profile_transparent.png"}, "join_to_post": false, "can_pin": false}], "subcategory": "Harry Potter and the Cursed Child", "topic_image_url": "https://static1.personality-database.com/profile_images/e5b85b8d69584bdfa85e85207ae5dfec.png", "source_location": {"cid": 13, "pid": 2, "sub_cat_id": 10530}, "can_post_image": false, "can_post_audio": false, "posts": {"posts": [{"username": "runeth", "user_pic_path": "https://static1.personality-database.com/user_avatars/444530/f777e37f-ef1f-4916-b6bc-be50a1809b29.jpeg", "user_personality_type": "ENTP-7w6-739", "is_mod": false, "comment_count": 0, "reply_count": 0, "vote_type": 0, "topics_list": [{"id": 120235, "name_readable": "Scorpius Malfoy"}], "id": 1121632, "post_id": 1121632, "user_id": 444530, "title": "I JUST WATCHED HPCC", "content": "AND I LOVE THIS LITTLE MAN\n\nMWAH MWAH MWAH", "create_date": 1659857495000, "unix_timestamp": 1659857495000, "update_date": 1659857495000, "vote_count": 1, "vote_count_down": 0, "is_reported": 0, "is_hidden": false, "is_pinned": false, "is_watching": false, "is_pro_user": false, "images": null, "audios": null, "function_list": [], "type": "post"}, {"username": "GhostKing", "user_pic_path": "https://static1.personality-database.com/user_avatars/331284/53067a5b-e18d-4802-892f-85f72d23cbe7.jpeg", "user_personality_type": "INTJ-5w4-541", "is_mod": false, "comment_count": 0, "reply_count": 0, "vote_type": 0, "topics_list": [{"id": 120235, "name_readable": "Scorpius Malfoy"}], "id": 374461, "post_id": 374461, "user_id": 331284, "title": "", "content": "I dont really understand where the Fi is coming from. \nAlso you can see the dominat Ni in him. \"Introverted Intuition is focused inwards, on the internal world of thoughts, ideas, and concepts as opposed to an extraverted function which is focused on the world that is external to the mind. i.e. the real physical world\"\nThis is pretty much what Scorp does.", "create_date": 1646069671000, "unix_timestamp": 1646069671000, "update_date": 1646069671000, "vote_count": 0, "vote_count_down": 0, "is_reported": 0, "is_hidden": false, "is_pinned": false, "is_watching": false, "is_pro_user": false, "images": null, "audios": null, "function_list": [], "type": "post"}]}}}}