{"id": 161743, "mbti_profile": "Odile", "profile_name_searchable": "odile", "allow_commenting": true, "allow_voting": true, "user_id": 71060, "contributor": "chicagoworldfair1893", "contributor_create_date": "2020-07-14 06:06:47", "contributor_pic_path": "https://lh3.googleusercontent.com/a-/AOh14GjDxQx5NwxXPyQGXguRPJHSGFWM2mRoPvE_Kti1sg=s96-c", "display_order": 985, "edit_lock": 0, "edit_lock_picture": 0, "is_active": true, "is_approved": true, "mbti_enneagram_type": "ENTP 3w4", "mbti_type": "ENTP 3w4", "pdb_comment_access": true, "pdb_page_owner": 0, "pdb_public_access": true, "wiki_description": "", "watch_count": 38, "comment_count": 3, "vote_count": 35, "vote_count_enneagram": 16, "vote_count_mbti": 35, "total_vote_counts": 82, "personality_type": "ENTP - 3w4 - sx/sp - 378 - SEE - SCOEI - Choleric [Dominant]", "type_updated_date": "2022-11-02 03:24:19", "enneagram_vote": "", "enneagram_vote_id": 0, "mbti_vote": "", "mbti_vote_id": 0, "is_watching": false, "image_exists": true, "profile_image_url": "https://static1.personality-database.com/profile_images/569e7a1e1b4e4396bde8c515259ecd84.png", "profile_image_credit": "", "profile_image_credit_id": 120423, "profile_image_credit_type": "0", "profile_image_credit_url": "", "alt_subcategory": "", "related_subcategories": "", "cat_id": 13, "category": "Theatre", "category_is_fictional": true, "sub_cat_id": 10883, "subcategory": "Swan Lake (Ballet)", "subcat_link_info": {"sub_cat_id": 10883, "cat_id": 13, "property_id": 2, "subcategory": "Swan Lake (Ballet)"}, "related_subcat_link_info": null, "related_profiles": [{"id": 161740, "mbti_profile": "Odette", "subcategory": "Swan Lake (Ballet)", "profile_image_url": "https://static1.personality-database.com/profile_images/e906d74a64c9458694d16e83fa035309.png", "profile_name": "Odette", "profile_subcat": "Swan Lake (Ballet)", "sub_cat_id": 10883, "cat_id": 13, "property_id": 2, "mbti": "ISFJ", "enneatype": "9w1"}, {"id": 161742, "mbti_profile": "Rothbart", "subcategory": "Swan Lake (Ballet)", "profile_image_url": "https://static1.personality-database.com/profile_images/f9a0533ecd294b2eadb16e26a86bd78b.png", "profile_name": "Rothbart", "profile_subcat": "Swan Lake (Ballet)", "sub_cat_id": 10883, "cat_id": 13, "property_id": 2, "mbti": "ENTJ", "enneatype": "8w7"}, {"id": 161741, "mbti_profile": "Siegfried", "subcategory": "Swan Lake (Ballet)", "profile_image_url": "https://static1.personality-database.com/profile_images/b70c9be617f34ac58deaab48675bbfc8.png", "profile_name": "Siegfried", "profile_subcat": "Swan Lake (Ballet)", "sub_cat_id": 10883, "cat_id": 13, "property_id": 2, "mbti": "ENFP", "enneatype": "7w6"}, {"id": 564897, "mbti_profile": "Court Jester", "subcategory": "Swan Lake (Ballet)", "profile_image_url": "https://static1.personality-database.com/profile_images/5af19d0cb0874c6ab4a05245d6c591b8.png", "profile_name": "Court Jester", "profile_subcat": "Swan Lake (Ballet)", "sub_cat_id": 10883, "cat_id": 13, "property_id": 2, "mbti": "ENTP", "enneatype": ""}], "functions": ["Ne", "Ti", "Fe", "Si"], "systems": [{"hex_color": "#888888", "id": 1, "personality_type": "XXXX", "personality_type_id": 0, "system_name": "Four Letter", "system_vote_count": 35, "user_vote_type_id": 0, "vote_id": 0}, {"hex_color": "#006775", "id": 2, "personality_type": "XXXX", "personality_type_id": 0, "system_name": "Enneagram", "system_vote_count": 16, "user_vote_type_id": 0, "vote_id": 0}, {"hex_color": "#006775", "id": 5, "personality_type": "XXXX", "personality_type_id": 0, "system_name": "Instinctual Variant", "system_vote_count": 8, "user_vote_type_id": 0, "vote_id": 0}, {"hex_color": "#006775", "id": 6, "personality_type": "XXXX", "personality_type_id": 0, "system_name": "Tritype", "system_vote_count": 6, "user_vote_type_id": 0, "vote_id": 0}, {"hex_color": "#888888", "id": 3, "personality_type": "XXXX", "personality_type_id": 0, "system_name": "Socionics", "system_vote_count": 2, "user_vote_type_id": 0, "vote_id": 0}, {"hex_color": "#888888", "id": 9, "personality_type": "XXXX", "personality_type_id": 0, "system_name": "Big 5 (SLOAN)", "system_vote_count": 1, "user_vote_type_id": 0, "vote_id": 0}, {"hex_color": "#888888", "id": 8, "personality_type": "XXXX", "personality_type_id": 0, "system_name": "Attitudinal Psyche", "system_vote_count": 2, "user_vote_type_id": 0, "vote_id": 0}, {"hex_color": "#888888", "id": 7, "personality_type": "XXXX", "personality_type_id": 0, "system_name": "Temperaments", "system_vote_count": 8, "user_vote_type_id": 0, "vote_id": 0}, {"hex_color": "#888888", "id": 11, "personality_type": "XXXX", "personality_type_id": 0, "system_name": "Classic Jungian", "system_vote_count": 0, "user_vote_type_id": 0, "vote_id": 0}], "breakdown_systems": {"1": [{"myValue": "ENTP", "personality_system_id": 1, "personality_type": "ENTP", "theCount": 11}, {"myValue": "ISFP", "personality_system_id": 1, "personality_type": "ISFP", "theCount": 8}, {"myValue": "ENTJ", "personality_system_id": 1, "personality_type": "ENTJ", "theCount": 7}, {"myValue": "ENFJ", "personality_system_id": 1, "personality_type": "ENFJ", "theCount": 2}, {"myValue": "ESTJ", "personality_system_id": 1, "personality_type": "ESTJ", "theCount": 2}, {"myValue": "INTJ", "personality_system_id": 1, "personality_type": "INTJ", "theCount": 2}, {"myValue": "ESFP", "personality_system_id": 1, "personality_type": "ESFP", "theCount": 1}, {"myValue": "ESTP", "personality_system_id": 1, "personality_type": "ESTP", "theCount": 1}, {"myValue": "INFJ", "personality_system_id": 1, "personality_type": "INFJ", "theCount": 1}], "11": [{"myValue": "XXXX", "personality_system_id": 0, "personality_type": "XXXX", "theCount": 0}], "2": [{"myValue": "3w4", "personality_system_id": 2, "personality_type": "3w4", "theCount": 12}, {"myValue": "2w3", "personality_system_id": 2, "personality_type": "2w3", "theCount": 1}, {"myValue": "6w5", "personality_system_id": 2, "personality_type": "6w5", "theCount": 1}, {"myValue": "8w7", "personality_system_id": 2, "personality_type": "8w7", "theCount": 1}, {"myValue": "8w9", "personality_system_id": 2, "personality_type": "8w9", "theCount": 1}], "3": [{"myValue": "EIE", "personality_system_id": 3, "personality_type": "EIE", "theCount": 1}, {"myValue": "SEE", "personality_system_id": 3, "personality_type": "SEE", "theCount": 1}], "4": [{"myValue": "Lawful Evil", "personality_system_id": 4, "personality_type": "Lawful Evil", "theCount": 3}, {"myValue": "Neutral Evil", "personality_system_id": 4, "personality_type": "Neutral Evil", "theCount": 1}], "5": [{"myValue": "sx/sp", "personality_system_id": 5, "personality_type": "sx/sp", "theCount": 6}, {"myValue": "so/sx", "personality_system_id": 5, "personality_type": "so/sx", "theCount": 1}, {"myValue": "sx/so", "personality_system_id": 5, "personality_type": "sx/so", "theCount": 1}], "6": [{"myValue": "378", "personality_system_id": 6, "personality_type": "378", "theCount": 4}, {"myValue": "278", "personality_system_id": 6, "personality_type": "278", "theCount": 1}, {"myValue": "638", "personality_system_id": 6, "personality_type": "638", "theCount": 1}], "7": [{"myValue": "Choleric [Dominant]", "personality_system_id": 7, "personality_type": "Choleric [Dominant]", "theCount": 6}, {"myValue": "Choleric-Melancholic", "personality_system_id": 7, "personality_type": "Choleric-Melancholic", "theCount": 1}, {"myValue": "Choleric-Sanguine", "personality_system_id": 7, "personality_type": "Choleric-Sanguine", "theCount": 1}], "8": [{"myValue": "FEVL", "personality_system_id": 8, "personality_type": "FEVL", "theCount": 1}, {"myValue": "VFLE", "personality_system_id": 8, "personality_type": "VFLE", "theCount": 1}], "9": [{"myValue": "SCOEI", "personality_system_id": 9, "personality_type": "SCOEI", "theCount": 1}]}, "breakdown_config": {"expand": {"1": 3, "11": 1, "2": 3, "3": 1, "4": 1, "5": 1, "6": 1, "7": 1, "8": 1, "9": 1}, "fire": {"1": 1, "11": 0, "2": 0, "3": 0, "4": 0, "5": 0, "6": 0, "7": 0, "8": 0, "9": 0}}, "mbti_letter_stats": [{"type": "E", "percentage": "69%", "PercentageFloat": 0.6857142857142857}, {"type": "N", "percentage": "66%", "PercentageFloat": 0.6571428571428571}, {"type": "T", "percentage": "66%", "PercentageFloat": 0.6571428571428571}, {"type": "P", "percentage": "60%", "PercentageFloat": 0.6}], "topic_info": {"can_generate": false, "topic": {"description": "", "follow_count": 0, "id": 125576, "is_following": false, "is_join_pending": false, "is_banned": false, "is_moderated": false, "name_readable": "Odile", "post_count": 0, "source_profile_id": 161743, "source_type": "profile", "join_to_post": false, "can_pin": false, "related_topics": [{"description": "", "follow_count": 0, "id": 125573, "is_following": false, "is_join_pending": false, "is_banned": false, "is_moderated": false, "name_readable": "Odette", "post_count": 0, "source_profile_id": 161740, "source_type": "profile", "image": {"picURL": "https://static1.personality-database.com/profile_images/e906d74a64c9458694d16e83fa035309.png"}, "join_to_post": false, "can_pin": false}, {"description": "", "follow_count": 0, "id": 125574, "is_following": false, "is_join_pending": false, "is_banned": false, "is_moderated": false, "name_readable": "Siegfried", "post_count": 0, "source_profile_id": 161741, "source_type": "profile", "image": {"picURL": "https://static1.personality-database.com/profile_images/b70c9be617f34ac58deaab48675bbfc8.png"}, "join_to_post": false, "can_pin": false}, {"description": "", "follow_count": 0, "id": 125575, "is_following": false, "is_join_pending": false, "is_banned": false, "is_moderated": false, "name_readable": "Rothbart", "post_count": 0, "source_profile_id": 161742, "source_type": "profile", "image": {"picURL": "https://static1.personality-database.com/profile_images/f9a0533ecd294b2eadb16e26a86bd78b.png"}, "join_to_post": false, "can_pin": false}, {"description": "", "follow_count": 0, "id": 125576, "is_following": false, "is_join_pending": false, "is_banned": false, "is_moderated": false, "name_readable": "Odile", "post_count": 0, "source_profile_id": 161743, "source_type": "profile", "image": {"picURL": "https://static1.personality-database.com/profile_images/569e7a1e1b4e4396bde8c515259ecd84.png"}, "join_to_post": false, "can_pin": false}], "subcategory": "Swan Lake (Ballet)", "topic_image_url": "https://static1.personality-database.com/profile_images/569e7a1e1b4e4396bde8c515259ecd84.png", "source_location": {"cid": 13, "pid": 2, "sub_cat_id": 10883}, "can_post_image": false, "can_post_audio": false, "posts": {"posts": []}}}}