{"id": 161740, "mbti_profile": "Odette", "profile_name_searchable": "odette", "allow_commenting": true, "allow_voting": true, "user_id": 71060, "contributor": "chicagoworldfair1893", "contributor_create_date": "2020-07-14 06:06:47", "contributor_pic_path": "https://lh3.googleusercontent.com/a-/AOh14GjDxQx5NwxXPyQGXguRPJHSGFWM2mRoPvE_Kti1sg=s96-c", "display_order": 1000, "edit_lock": 0, "edit_lock_picture": 0, "is_active": true, "is_approved": true, "mbti_enneagram_type": "ISFJ 9w1", "mbti_type": "ISFJ 9w1", "pdb_comment_access": true, "pdb_page_owner": 0, "pdb_public_access": true, "wiki_description": "", "watch_count": 37, "comment_count": 0, "vote_count": 26, "vote_count_enneagram": 16, "vote_count_mbti": 26, "total_vote_counts": 67, "personality_type": "ISFJ - 9w1 - sx/so - 946 - SEI - RLOAI - EFLV - Phlegmatic-Melancholic", "type_updated_date": "2022-02-11 12:00:49", "enneagram_vote": "", "enneagram_vote_id": 0, "mbti_vote": "", "mbti_vote_id": 0, "is_watching": false, "image_exists": false, "profile_image_url": "https://static1.personality-database.com/profile_images/e906d74a64c9458694d16e83fa035309.png", "profile_image_credit": "", "profile_image_credit_id": 92215, "profile_image_credit_type": "0", "profile_image_credit_url": "", "alt_subcategory": "", "related_subcategories": "", "cat_id": 13, "category": "Theatre", "category_is_fictional": true, "sub_cat_id": 10883, "subcategory": "Swan Lake (Ballet)", "subcat_link_info": {"sub_cat_id": 10883, "cat_id": 13, "property_id": 2, "subcategory": "Swan Lake (Ballet)"}, "related_subcat_link_info": null, "related_profiles": [{"id": 161743, "mbti_profile": "Odile", "subcategory": "Swan Lake (Ballet)", "profile_image_url": "https://static1.personality-database.com/profile_images/569e7a1e1b4e4396bde8c515259ecd84.png", "profile_name": "Odile", "profile_subcat": "Swan Lake (Ballet)", "sub_cat_id": 10883, "cat_id": 13, "property_id": 2, "mbti": "ENTP", "enneatype": "3w4"}, {"id": 161742, "mbti_profile": "Rothbart", "subcategory": "Swan Lake (Ballet)", "profile_image_url": "https://static1.personality-database.com/profile_images/f9a0533ecd294b2eadb16e26a86bd78b.png", "profile_name": "Rothbart", "profile_subcat": "Swan Lake (Ballet)", "sub_cat_id": 10883, "cat_id": 13, "property_id": 2, "mbti": "ENTJ", "enneatype": "8w7"}, {"id": 161741, "mbti_profile": "Siegfried", "subcategory": "Swan Lake (Ballet)", "profile_image_url": "https://static1.personality-database.com/profile_images/b70c9be617f34ac58deaab48675bbfc8.png", "profile_name": "Siegfried", "profile_subcat": "Swan Lake (Ballet)", "sub_cat_id": 10883, "cat_id": 13, "property_id": 2, "mbti": "ENFP", "enneatype": "7w6"}, {"id": 564897, "mbti_profile": "Court Jester", "subcategory": "Swan Lake (Ballet)", "profile_image_url": "https://static1.personality-database.com/profile_images/5af19d0cb0874c6ab4a05245d6c591b8.png", "profile_name": "Court Jester", "profile_subcat": "Swan Lake (Ballet)", "sub_cat_id": 10883, "cat_id": 13, "property_id": 2, "mbti": "ENTP", "enneatype": ""}], "functions": ["Si", "Fe", "Ti", "Ne"], "systems": [{"hex_color": "#888888", "id": 1, "personality_type": "XXXX", "personality_type_id": 0, "system_name": "Four Letter", "system_vote_count": 26, "user_vote_type_id": 0, "vote_id": 0}, {"hex_color": "#006775", "id": 2, "personality_type": "XXXX", "personality_type_id": 0, "system_name": "Enneagram", "system_vote_count": 16, "user_vote_type_id": 0, "vote_id": 0}, {"hex_color": "#006775", "id": 5, "personality_type": "XXXX", "personality_type_id": 0, "system_name": "Instinctual Variant", "system_vote_count": 5, "user_vote_type_id": 0, "vote_id": 0}, {"hex_color": "#006775", "id": 6, "personality_type": "XXXX", "personality_type_id": 0, "system_name": "Tritype", "system_vote_count": 5, "user_vote_type_id": 0, "vote_id": 0}, {"hex_color": "#888888", "id": 3, "personality_type": "XXXX", "personality_type_id": 0, "system_name": "Socionics", "system_vote_count": 1, "user_vote_type_id": 0, "vote_id": 0}, {"hex_color": "#888888", "id": 9, "personality_type": "XXXX", "personality_type_id": 0, "system_name": "Big 5 (SLOAN)", "system_vote_count": 4, "user_vote_type_id": 0, "vote_id": 0}, {"hex_color": "#888888", "id": 8, "personality_type": "XXXX", "personality_type_id": 0, "system_name": "Attitudinal Psyche", "system_vote_count": 2, "user_vote_type_id": 0, "vote_id": 0}, {"hex_color": "#888888", "id": 7, "personality_type": "XXXX", "personality_type_id": 0, "system_name": "Temperaments", "system_vote_count": 5, "user_vote_type_id": 0, "vote_id": 0}, {"hex_color": "#888888", "id": 11, "personality_type": "XXXX", "personality_type_id": 0, "system_name": "Classic Jungian", "system_vote_count": 0, "user_vote_type_id": 0, "vote_id": 0}], "breakdown_systems": {"1": [{"myValue": "ISFJ", "personality_system_id": 1, "personality_type": "ISFJ", "theCount": 18}, {"myValue": "INFP", "personality_system_id": 1, "personality_type": "INFP", "theCount": 5}, {"myValue": "INFJ", "personality_system_id": 1, "personality_type": "INFJ", "theCount": 2}, {"myValue": "ISFP", "personality_system_id": 1, "personality_type": "ISFP", "theCount": 1}], "11": [{"myValue": "XXXX", "personality_system_id": 0, "personality_type": "XXXX", "theCount": 0}], "2": [{"myValue": "9w1", "personality_system_id": 2, "personality_type": "9w1", "theCount": 15}, {"myValue": "6w5", "personality_system_id": 2, "personality_type": "6w5", "theCount": 1}], "3": [{"myValue": "SEI", "personality_system_id": 3, "personality_type": "SEI", "theCount": 1}], "4": [{"myValue": "Lawful Good", "personality_system_id": 4, "personality_type": "Lawful Good", "theCount": 3}], "5": [{"myValue": "sx/so", "personality_system_id": 5, "personality_type": "sx/so", "theCount": 2}, {"myValue": "so/sx", "personality_system_id": 5, "personality_type": "so/sx", "theCount": 1}, {"myValue": "sp/so", "personality_system_id": 5, "personality_type": "sp/so", "theCount": 1}, {"myValue": "sp/sx", "personality_system_id": 5, "personality_type": "sp/sx", "theCount": 1}], "6": [{"myValue": "946", "personality_system_id": 6, "personality_type": "946", "theCount": 3}, {"myValue": "417", "personality_system_id": 6, "personality_type": "417", "theCount": 1}, {"myValue": "694", "personality_system_id": 6, "personality_type": "694", "theCount": 1}], "7": [{"myValue": "Phlegmatic-Melancholic", "personality_system_id": 7, "personality_type": "Phlegmatic-Melancholic", "theCount": 3}, {"myValue": "Melancholic-Phlegmatic", "personality_system_id": 7, "personality_type": "Melancholic-Phlegmatic", "theCount": 1}, {"myValue": "Phlegmatic-Sanguine", "personality_system_id": 7, "personality_type": "Phlegmatic-Sanguine", "theCount": 1}], "8": [{"myValue": "EFLV", "personality_system_id": 8, "personality_type": "EFLV", "theCount": 1}, {"myValue": "FEVL", "personality_system_id": 8, "personality_type": "FEVL", "theCount": 1}], "9": [{"myValue": "RLOAI", "personality_system_id": 9, "personality_type": "RLOAI", "theCount": 3}, {"myValue": "SLUEN", "personality_system_id": 9, "personality_type": "SLUEN", "theCount": 1}]}, "breakdown_config": {"expand": {"1": 3, "11": 1, "2": 3, "3": 1, "4": 1, "5": 1, "6": 1, "7": 1, "8": 1, "9": 1}, "fire": {"1": 0, "11": 0, "2": 0, "3": 0, "4": 0, "5": 0, "6": 0, "7": 0, "8": 0, "9": 0}}, "mbti_letter_stats": [{"type": "I", "percentage": "100%", "PercentageFloat": 1}, {"type": "S", "percentage": "73%", "PercentageFloat": 0.7307692307692307}, {"type": "F", "percentage": "100%", "PercentageFloat": 1}, {"type": "J", "percentage": "77%", "PercentageFloat": 0.7692307692307693}], "topic_info": {"can_generate": false, "topic": {"description": "", "follow_count": 0, "id": 125573, "is_following": false, "is_join_pending": false, "is_banned": false, "is_moderated": false, "name_readable": "Odette", "post_count": 0, "source_profile_id": 161740, "source_type": "profile", "join_to_post": false, "can_pin": false, "related_topics": [{"description": "", "follow_count": 0, "id": 125573, "is_following": false, "is_join_pending": false, "is_banned": false, "is_moderated": false, "name_readable": "Odette", "post_count": 0, "source_profile_id": 161740, "source_type": "profile", "image": {"picURL": "https://static1.personality-database.com/profile_images/e906d74a64c9458694d16e83fa035309.png"}, "join_to_post": false, "can_pin": false}, {"description": "", "follow_count": 0, "id": 125574, "is_following": false, "is_join_pending": false, "is_banned": false, "is_moderated": false, "name_readable": "Siegfried", "post_count": 0, "source_profile_id": 161741, "source_type": "profile", "image": {"picURL": "https://static1.personality-database.com/profile_images/b70c9be617f34ac58deaab48675bbfc8.png"}, "join_to_post": false, "can_pin": false}, {"description": "", "follow_count": 0, "id": 125575, "is_following": false, "is_join_pending": false, "is_banned": false, "is_moderated": false, "name_readable": "Rothbart", "post_count": 0, "source_profile_id": 161742, "source_type": "profile", "image": {"picURL": "https://static1.personality-database.com/profile_images/f9a0533ecd294b2eadb16e26a86bd78b.png"}, "join_to_post": false, "can_pin": false}, {"description": "", "follow_count": 0, "id": 125576, "is_following": false, "is_join_pending": false, "is_banned": false, "is_moderated": false, "name_readable": "Odile", "post_count": 0, "source_profile_id": 161743, "source_type": "profile", "image": {"picURL": "https://static1.personality-database.com/profile_images/569e7a1e1b4e4396bde8c515259ecd84.png"}, "join_to_post": false, "can_pin": false}], "subcategory": "Swan Lake (Ballet)", "topic_image_url": "https://static1.personality-database.com/profile_images/e906d74a64c9458694d16e83fa035309.png", "source_location": {"cid": 13, "pid": 2, "sub_cat_id": 10883}, "can_post_image": false, "can_post_audio": false, "posts": {"posts": []}}}}