{"id": 161744, "mbti_profile": "Giselle", "profile_name_searchable": "giselle", "allow_commenting": true, "allow_voting": true, "user_id": 71060, "contributor": "chicagoworldfair1893", "contributor_create_date": "2020-07-14 06:12:52", "contributor_pic_path": "https://lh3.googleusercontent.com/a-/AOh14GjDxQx5NwxXPyQGXguRPJHSGFWM2mRoPvE_Kti1sg=s96-c", "display_order": 1000, "edit_lock": 0, "edit_lock_picture": 0, "is_active": true, "is_approved": true, "mbti_enneagram_type": "INFP 7w6", "mbti_type": "INFP 7w6", "pdb_comment_access": true, "pdb_page_owner": 0, "pdb_public_access": true, "wiki_description": "", "watch_count": 21, "comment_count": 2, "vote_count": 26, "vote_count_enneagram": 8, "vote_count_mbti": 26, "total_vote_counts": 44, "personality_type": "INFP - 7w6 - sx/so - Melancholic-Sanguine", "type_updated_date": "2022-07-15 04:36:08", "enneagram_vote": "", "enneagram_vote_id": 0, "mbti_vote": "", "mbti_vote_id": 0, "is_watching": false, "image_exists": false, "profile_image_url": "https://static1.personality-database.com/profile_images/92a1b414cb7a4885b482b7233ea9aaef.png", "profile_image_credit": "", "profile_image_credit_id": 92240, "profile_image_credit_type": "0", "profile_image_credit_url": "", "alt_subcategory": "", "related_subcategories": "", "cat_id": 13, "category": "Theatre", "category_is_fictional": true, "sub_cat_id": 10884, "subcategory": "Giselle (Ballet)", "subcat_link_info": {"sub_cat_id": 10884, "cat_id": 13, "property_id": 2, "subcategory": "Giselle (Ballet)"}, "related_subcat_link_info": null, "related_profiles": [{"id": 161747, "mbti_profile": "Myrtha", "subcategory": "Giselle (Ballet)", "profile_image_url": "https://static1.personality-database.com/profile_images/b00153dae39941029eae70aa60d13ccb.png", "profile_name": "Myrtha", "profile_subcat": "Giselle (Ballet)", "sub_cat_id": 10884, "cat_id": 13, "property_id": 2, "mbti": "ESTJ", "enneatype": ""}, {"id": 161745, "mbti_profile": "Albrecht", "subcategory": "Giselle (Ballet)", "profile_image_url": "https://static1.personality-database.com/profile_images/e7983ff6e4e6453eacd00647c4ecb1e4.png", "profile_name": "Albrecht", "profile_subcat": "Giselle (Ballet)", "sub_cat_id": 10884, "cat_id": 13, "property_id": 2, "mbti": "ESTP", "enneatype": "7w8"}, {"id": 161746, "mbti_profile": "Hilarion", "subcategory": "Giselle (Ballet)", "profile_image_url": "https://static1.personality-database.com/profile_images/25b3f0bea61b4ff89c3d8d1d54b329c8.png", "profile_name": "Hilarion", "profile_subcat": "Giselle (Ballet)", "sub_cat_id": 10884, "cat_id": 13, "property_id": 2, "mbti": "ISFJ", "enneatype": "2w3"}, {"id": 499892, "mbti_profile": "Berthe", "subcategory": "Giselle (Ballet)", "profile_image_url": "https://static1.personality-database.com/profile_images/44822b77bc2540bd9f30448159d28f70.png", "profile_name": "Berthe", "profile_subcat": "Giselle (Ballet)", "sub_cat_id": 10884, "cat_id": 13, "property_id": 2, "mbti": "ISFJ", "enneatype": "6w5"}, {"id": 500397, "mbti_profile": "Bathilde", "subcategory": "Giselle (Ballet)", "profile_image_url": "https://static1.personality-database.com/profile_images/e0da992440534f7aaea3ab8fb92964ab.png", "profile_name": "Bathilde", "profile_subcat": "Giselle (Ballet)", "sub_cat_id": 10884, "cat_id": 13, "property_id": 2, "mbti": "ENFJ", "enneatype": ""}, {"id": 575217, "mbti_profile": "Zulma", "subcategory": "Giselle (Ballet)", "profile_image_url": "", "profile_name": "Zulma", "profile_subcat": "Giselle (Ballet)", "sub_cat_id": 10884, "cat_id": 13, "property_id": 2, "mbti": "ESFP", "enneatype": ""}, {"id": 575218, "mbti_profile": "Moyna", "subcategory": "Giselle (Ballet)", "profile_image_url": "", "profile_name": "Moyna", "profile_subcat": "Giselle (Ballet)", "sub_cat_id": 10884, "cat_id": 13, "property_id": 2, "mbti": "ISTP", "enneatype": ""}], "functions": ["Fi", "Ne", "Si", "Te"], "systems": [{"hex_color": "#888888", "id": 1, "personality_type": "XXXX", "personality_type_id": 0, "system_name": "Four Letter", "system_vote_count": 26, "user_vote_type_id": 0, "vote_id": 0}, {"hex_color": "#006775", "id": 2, "personality_type": "XXXX", "personality_type_id": 0, "system_name": "Enneagram", "system_vote_count": 7, "user_vote_type_id": 0, "vote_id": 0}, {"hex_color": "#006775", "id": 5, "personality_type": "XXXX", "personality_type_id": 0, "system_name": "Instinctual Variant", "system_vote_count": 3, "user_vote_type_id": 0, "vote_id": 0}, {"hex_color": "#006775", "id": 6, "personality_type": "XXXX", "personality_type_id": 0, "system_name": "Tritype", "system_vote_count": 3, "user_vote_type_id": 0, "vote_id": 0}, {"hex_color": "#888888", "id": 3, "personality_type": "XXXX", "personality_type_id": 0, "system_name": "Socionics", "system_vote_count": 0, "user_vote_type_id": 0, "vote_id": 0}, {"hex_color": "#888888", "id": 9, "personality_type": "XXXX", "personality_type_id": 0, "system_name": "Big 5 (SLOAN)", "system_vote_count": 1, "user_vote_type_id": 0, "vote_id": 0}, {"hex_color": "#888888", "id": 8, "personality_type": "XXXX", "personality_type_id": 0, "system_name": "Attitudinal Psyche", "system_vote_count": 0, "user_vote_type_id": 0, "vote_id": 0}, {"hex_color": "#888888", "id": 7, "personality_type": "XXXX", "personality_type_id": 0, "system_name": "Temperaments", "system_vote_count": 3, "user_vote_type_id": 0, "vote_id": 0}, {"hex_color": "#888888", "id": 11, "personality_type": "XXXX", "personality_type_id": 0, "system_name": "Classic Jungian", "system_vote_count": 0, "user_vote_type_id": 0, "vote_id": 0}], "breakdown_systems": {"1": [{"myValue": "INFP", "personality_system_id": 1, "personality_type": "INFP", "theCount": 13}, {"myValue": "ISFP", "personality_system_id": 1, "personality_type": "ISFP", "theCount": 10}, {"myValue": "ISFJ", "personality_system_id": 1, "personality_type": "ISFJ", "theCount": 2}, {"myValue": "ENFP", "personality_system_id": 1, "personality_type": "ENFP", "theCount": 1}], "11": [{"myValue": "XXXX", "personality_system_id": 0, "personality_type": "XXXX", "theCount": 0}], "2": [{"myValue": "7w6", "personality_system_id": 2, "personality_type": "7w6", "theCount": 4}, {"myValue": "6w7", "personality_system_id": 2, "personality_type": "6w7", "theCount": 2}, {"myValue": "2w3", "personality_system_id": 2, "personality_type": "2w3", "theCount": 1}], "3": [{"myValue": "XXXX", "personality_system_id": 0, "personality_type": "XXXX", "theCount": 0}], "4": [{"myValue": "Neutral Good", "personality_system_id": 4, "personality_type": "Neutral Good", "theCount": 1}], "5": [{"myValue": "sx/so", "personality_system_id": 5, "personality_type": "sx/so", "theCount": 3}], "6": [{"myValue": "629", "personality_system_id": 6, "personality_type": "629", "theCount": 2}, {"myValue": "621", "personality_system_id": 6, "personality_type": "621", "theCount": 1}], "7": [{"myValue": "Melancholic-Sanguine", "personality_system_id": 7, "personality_type": "Melancholic-Sanguine", "theCount": 2}, {"myValue": "Phlegmatic-Sanguine", "personality_system_id": 7, "personality_type": "Phlegmatic-Sanguine", "theCount": 1}], "8": [{"myValue": "XXXX", "personality_system_id": 0, "personality_type": "XXXX", "theCount": 0}], "9": [{"myValue": "SLUAI", "personality_system_id": 9, "personality_type": "SLUAI", "theCount": 1}]}, "breakdown_config": {"expand": {"1": 3, "11": 1, "2": 3, "3": 1, "4": 1, "5": 1, "6": 1, "7": 1, "8": 1, "9": 1}, "fire": {"1": 1, "11": 0, "2": 0, "3": 0, "4": 0, "5": 0, "6": 0, "7": 0, "8": 0, "9": 0}}, "mbti_letter_stats": [{"type": "I", "percentage": "96%", "PercentageFloat": 0.9615384615384616}, {"type": "N", "percentage": "54%", "PercentageFloat": 0.5384615384615384}, {"type": "F", "percentage": "100%", "PercentageFloat": 1}, {"type": "P", "percentage": "92%", "PercentageFloat": 0.9230769230769231}], "topic_info": {"can_generate": false, "topic": {"description": "", "follow_count": 0, "id": 125577, "is_following": false, "is_join_pending": false, "is_banned": false, "is_moderated": false, "name_readable": "Giselle", "post_count": 0, "source_profile_id": 161744, "source_type": "profile", "join_to_post": false, "can_pin": false, "related_topics": [{"description": "", "follow_count": 0, "id": 125577, "is_following": false, "is_join_pending": false, "is_banned": false, "is_moderated": false, "name_readable": "Giselle", "post_count": 0, "source_profile_id": 161744, "source_type": "profile", "image": {"picURL": "https://static1.personality-database.com/profile_images/92a1b414cb7a4885b482b7233ea9aaef.png"}, "join_to_post": false, "can_pin": false}, {"description": "", "follow_count": 0, "id": 125578, "is_following": false, "is_join_pending": false, "is_banned": false, "is_moderated": false, "name_readable": "Albrecht", "post_count": 0, "source_profile_id": 161745, "source_type": "profile", "image": {"picURL": "https://static1.personality-database.com/profile_images/e7983ff6e4e6453eacd00647c4ecb1e4.png"}, "join_to_post": false, "can_pin": false}, {"description": "", "follow_count": 0, "id": 125579, "is_following": false, "is_join_pending": false, "is_banned": false, "is_moderated": false, "name_readable": "Hilarion", "post_count": 0, "source_profile_id": 161746, "source_type": "profile", "image": {"picURL": "https://static1.personality-database.com/profile_images/25b3f0bea61b4ff89c3d8d1d54b329c8.png"}, "join_to_post": false, "can_pin": false}, {"description": "", "follow_count": 0, "id": 125580, "is_following": false, "is_join_pending": false, "is_banned": false, "is_moderated": false, "name_readable": "Myrtha", "post_count": 0, "source_profile_id": 161747, "source_type": "profile", "image": {"picURL": "https://static1.personality-database.com/profile_images/b00153dae39941029eae70aa60d13ccb.png"}, "join_to_post": false, "can_pin": false}], "subcategory": "Giselle (Ballet)", "topic_image_url": "https://static1.personality-database.com/profile_images/92a1b414cb7a4885b482b7233ea9aaef.png", "source_location": {"cid": 13, "pid": 2, "sub_cat_id": 10884}, "can_post_image": false, "can_post_audio": false, "posts": {"posts": []}}}}