{"id": 163864, "mbti_profile": "General Charles Lee", "profile_name_searchable": "generalcharleslee", "allow_commenting": true, "allow_voting": true, "user_id": 82451, "contributor": "Something Starry", "contributor_create_date": "2020-07-19 20:54:02", "contributor_pic_path": "https://lh3.googleusercontent.com/a-/AOh14Gg3ImbQSiFWKc8iMNGQfMjBHm6Y1JWucteK9c-W=s96-c", "display_order": 0, "edit_lock": 0, "edit_lock_picture": 0, "is_active": true, "is_approved": true, "mbti_enneagram_type": "ESTJ 6w5", "mbti_type": "ESTJ 6w5", "pdb_comment_access": true, "pdb_page_owner": 0, "pdb_public_access": true, "wiki_description": "", "watch_count": 9, "comment_count": 8, "vote_count": 31, "vote_count_enneagram": 11, "vote_count_mbti": 31, "total_vote_counts": 49, "personality_type": "ESTJ - 6w5 - so/sx - 638 - SEE - SLUEN - Sanguine-Choleric", "type_updated_date": "2021-12-25 16:22:37", "enneagram_vote": "", "enneagram_vote_id": 0, "mbti_vote": "", "mbti_vote_id": 0, "is_watching": false, "image_exists": true, "profile_image_url": "https://static1.personality-database.com/profile_images/8a7a1fa85afe47c5a9735325070009b1.png", "profile_image_credit": "", "profile_image_credit_id": 335831, "profile_image_credit_type": "0", "profile_image_credit_url": "undefined", "alt_subcategory": "", "related_subcategories": "", "cat_id": 13, "category": "Theatre", "category_is_fictional": true, "sub_cat_id": 1499, "subcategory": "Hamilton: An American Musical", "subcat_link_info": {"sub_cat_id": 1499, "cat_id": 13, "property_id": 2, "subcategory": "Hamilton: An American Musical"}, "related_subcat_link_info": null, "related_profiles": [{"id": 11286, "mbti_profile": "Alexander Hamilton", "subcategory": "Hamilton: An American Musical", "profile_image_url": "https://static1.personality-database.com/profile_images/a89f744305224b3bba79e732694f904a.png", "profile_name": "Alexander Hamilton", "profile_subcat": "Hamilton: An American Musical", "sub_cat_id": 1499, "cat_id": 13, "property_id": 2, "mbti": "ENTJ", "enneatype": "3w4"}, {"id": 11287, "mbti_profile": "Aaron Burr", "subcategory": "Hamilton: An American Musical", "profile_image_url": "https://static1.personality-database.com/profile_images/082632d1c2ed4255ac6982ef28e38ad3.png", "profile_name": "Aaron Burr", "profile_subcat": "Hamilton: An American Musical", "sub_cat_id": 1499, "cat_id": 13, "property_id": 2, "mbti": "INFJ", "enneatype": "9w1"}, {"id": 11288, "mbti_profile": "Angelica Schuyler", "subcategory": "Hamilton: An American Musical", "profile_image_url": "https://static1.personality-database.com/profile_images/e55077763c2044b7854def89aa20463b.png", "profile_name": "Angelica Schuyler", "profile_subcat": "Hamilton: An American Musical", "sub_cat_id": 1499, "cat_id": 13, "property_id": 2, "mbti": "ENFJ", "enneatype": "8w9"}, {"id": 11289, "mbti_profile": "Eliza\u00a0Schuyler", "subcategory": "Hamilton: An American Musical", "profile_image_url": "https://static1.personality-database.com/profile_images/f75ee8f9811f4ccfbc08da9055a67170.png", "profile_name": "Eliza\u00a0Schuyler", "profile_subcat": "Hamilton: An American Musical", "sub_cat_id": 1499, "cat_id": 13, "property_id": 2, "mbti": "ISFJ", "enneatype": "9w1"}, {"id": 15455, "mbti_profile": "Thomas Jefferson", "subcategory": "Hamilton: An American Musical", "profile_image_url": "https://static1.personality-database.com/profile_images/bc45e6f77cd24a5693137e5b7ba97abc.png", "profile_name": "Thomas Jefferson", "profile_subcat": "Hamilton: An American Musical", "sub_cat_id": 1499, "cat_id": 13, "property_id": 2, "mbti": "ENTP", "enneatype": "7w8"}, {"id": 15451, "mbti_profile": "George Washington", "subcategory": "Hamilton: An American Musical", "profile_image_url": "https://static1.personality-database.com/profile_images/433171ad38f342f1835f73d0dc131e24.png", "profile_name": "George Washington", "profile_subcat": "Hamilton: An American Musical", "sub_cat_id": 1499, "cat_id": 13, "property_id": 2, "mbti": "INFJ", "enneatype": "1w9"}, {"id": 25535, "mbti_profile": "King George III", "subcategory": "Hamilton: An American Musical", "profile_image_url": "https://static1.personality-database.com/profile_images/0e583f1ea5fe4860b8fdb4d95d510a09.png", "profile_name": "King George III", "profile_subcat": "Hamilton: An American Musical", "sub_cat_id": 1499, "cat_id": 13, "property_id": 2, "mbti": "ESFP", "enneatype": "2w3"}, {"id": 15457, "mbti_profile": "Phillip Hamilton", "subcategory": "Hamilton: An American Musical", "profile_image_url": "https://static1.personality-database.com/profile_images/2f3e4d9e788d46b1b9d1df9ad8fe6300.png", "profile_name": "Phillip Hamilton", "profile_subcat": "Hamilton: An American Musical", "sub_cat_id": 1499, "cat_id": 13, "property_id": 2, "mbti": "ESFP", "enneatype": "6w7"}], "functions": ["Te", "Si", "Ne", "Fi"], "systems": [{"hex_color": "#888888", "id": 1, "personality_type": "XXXX", "personality_type_id": 0, "system_name": "Four Letter", "system_vote_count": 31, "user_vote_type_id": 0, "vote_id": 0}, {"hex_color": "#006775", "id": 2, "personality_type": "XXXX", "personality_type_id": 0, "system_name": "Enneagram", "system_vote_count": 11, "user_vote_type_id": 0, "vote_id": 0}, {"hex_color": "#006775", "id": 5, "personality_type": "XXXX", "personality_type_id": 0, "system_name": "Instinctual Variant", "system_vote_count": 1, "user_vote_type_id": 0, "vote_id": 0}, {"hex_color": "#006775", "id": 6, "personality_type": "XXXX", "personality_type_id": 0, "system_name": "Tritype", "system_vote_count": 1, "user_vote_type_id": 0, "vote_id": 0}, {"hex_color": "#888888", "id": 3, "personality_type": "XXXX", "personality_type_id": 0, "system_name": "Socionics", "system_vote_count": 1, "user_vote_type_id": 0, "vote_id": 0}, {"hex_color": "#888888", "id": 9, "personality_type": "XXXX", "personality_type_id": 0, "system_name": "Big 5 (SLOAN)", "system_vote_count": 1, "user_vote_type_id": 0, "vote_id": 0}, {"hex_color": "#888888", "id": 8, "personality_type": "XXXX", "personality_type_id": 0, "system_name": "Attitudinal Psyche", "system_vote_count": 0, "user_vote_type_id": 0, "vote_id": 0}, {"hex_color": "#888888", "id": 7, "personality_type": "XXXX", "personality_type_id": 0, "system_name": "Temperaments", "system_vote_count": 1, "user_vote_type_id": 0, "vote_id": 0}, {"hex_color": "#888888", "id": 11, "personality_type": "XXXX", "personality_type_id": 0, "system_name": "Classic Jungian", "system_vote_count": 0, "user_vote_type_id": 0, "vote_id": 0}], "breakdown_systems": {"1": [{"myValue": "ESTJ", "personality_system_id": 1, "personality_type": "ESTJ", "theCount": 23}, {"myValue": "ESTP", "personality_system_id": 1, "personality_type": "ESTP", "theCount": 5}, {"myValue": "ENFP", "personality_system_id": 1, "personality_type": "ENFP", "theCount": 1}, {"myValue": "ESFJ", "personality_system_id": 1, "personality_type": "ESFJ", "theCount": 1}, {"myValue": "INFP", "personality_system_id": 1, "personality_type": "INFP", "theCount": 1}], "11": [{"myValue": "XXXX", "personality_system_id": 0, "personality_type": "XXXX", "theCount": 0}], "2": [{"myValue": "6w5", "personality_system_id": 2, "personality_type": "6w5", "theCount": 9}, {"myValue": "7w6", "personality_system_id": 2, "personality_type": "7w6", "theCount": 1}, {"myValue": "7w8", "personality_system_id": 2, "personality_type": "7w8", "theCount": 1}], "3": [{"myValue": "SEE", "personality_system_id": 3, "personality_type": "SEE", "theCount": 1}], "4": [{"myValue": "Lawful Evil", "personality_system_id": 4, "personality_type": "Lawful Evil", "theCount": 1}, {"myValue": "Neutral Evil", "personality_system_id": 4, "personality_type": "Neutral Evil", "theCount": 1}], "5": [{"myValue": "so/sx", "personality_system_id": 5, "personality_type": "so/sx", "theCount": 1}], "6": [{"myValue": "638", "personality_system_id": 6, "personality_type": "638", "theCount": 1}], "7": [{"myValue": "Sanguine-Choleric", "personality_system_id": 7, "personality_type": "Sanguine-Choleric", "theCount": 1}], "8": [{"myValue": "XXXX", "personality_system_id": 0, "personality_type": "XXXX", "theCount": 0}], "9": [{"myValue": "SLUEN", "personality_system_id": 9, "personality_type": "SLUEN", "theCount": 1}]}, "breakdown_config": {"expand": {"1": 3, "11": 1, "2": 3, "3": 1, "4": 1, "5": 1, "6": 1, "7": 1, "8": 1, "9": 1}, "fire": {"1": 0, "11": 0, "2": 0, "3": 0, "4": 0, "5": 0, "6": 0, "7": 0, "8": 0, "9": 0}}, "mbti_letter_stats": [{"type": "E", "percentage": "97%", "PercentageFloat": 0.967741935483871}, {"type": "S", "percentage": "94%", "PercentageFloat": 0.9354838709677419}, {"type": "T", "percentage": "90%", "PercentageFloat": 0.9032258064516129}, {"type": "J", "percentage": "77%", "PercentageFloat": 0.7741935483870968}], "topic_info": {"can_generate": false, "topic": {"description": "", "follow_count": 0, "id": 127093, "is_following": false, "is_join_pending": false, "is_banned": false, "is_moderated": false, "name_readable": "General Charles Lee", "post_count": 0, "source_profile_id": 163864, "source_type": "profile", "join_to_post": false, "can_pin": false, "related_topics": [{"description": "", "follow_count": 3, "id": 10534, "is_following": false, "is_join_pending": false, "is_banned": false, "is_moderated": false, "name_readable": "Alexander Hamilton", "post_count": 41, "source_profile_id": 11286, "source_type": "profile", "image": {"picURL": "https://static1.personality-database.com/profile_images/a89f744305224b3bba79e732694f904a.png"}, "join_to_post": false, "can_pin": false}, {"description": "#JonathanGroff\n#ESFPVillans", "follow_count": 0, "id": 22944, "is_following": false, "is_join_pending": false, "is_banned": false, "is_moderated": false, "name_readable": "King George III", "post_count": 19, "source_profile_id": 25535, "source_type": "profile", "image": {"picURL": "https://static1.personality-database.com/profile_images/0e583f1ea5fe4860b8fdb4d95d510a09.png"}, "join_to_post": false, "can_pin": false}, {"description": "#DaveedDiggs", "follow_count": 0, "id": 14200, "is_following": false, "is_join_pending": false, "is_banned": false, "is_moderated": false, "name_readable": "Thomas Jefferson", "post_count": 7, "source_profile_id": 15455, "source_type": "profile", "image": {"picURL": "https://static1.personality-database.com/profile_images/bc45e6f77cd24a5693137e5b7ba97abc.png"}, "join_to_post": false, "can_pin": false}, {"description": "", "follow_count": 2, "id": 10537, "is_following": false, "is_join_pending": false, "is_banned": false, "is_moderated": false, "name_readable": "Eliza\u00a0Schuyler", "post_count": 4, "source_profile_id": 11289, "source_type": "profile", "image": {"picURL": "https://static1.personality-database.com/profile_images/f75ee8f9811f4ccfbc08da9055a67170.png"}, "join_to_post": false, "can_pin": false}, {"description": "", "follow_count": 0, "id": 10536, "is_following": false, "is_join_pending": false, "is_banned": false, "is_moderated": false, "name_readable": "Angelica Schuyler", "post_count": 4, "source_profile_id": 11288, "source_type": "profile", "image": {"picURL": "https://static1.personality-database.com/profile_images/e55077763c2044b7854def89aa20463b.png"}, "join_to_post": false, "can_pin": false}, {"description": "", "follow_count": 1, "id": 10535, "is_following": false, "is_join_pending": false, "is_banned": false, "is_moderated": false, "name_readable": "Aaron Burr", "post_count": 3, "source_profile_id": 11287, "source_type": "profile", "image": {"picURL": "https://static1.personality-database.com/profile_images/082632d1c2ed4255ac6982ef28e38ad3.png"}, "join_to_post": false, "can_pin": false}, {"description": "", "follow_count": 0, "id": 14202, "is_following": false, "is_join_pending": false, "is_banned": false, "is_moderated": false, "name_readable": "Phillip Hamilton", "post_count": 2, "source_profile_id": 15457, "source_type": "profile", "image": {"picURL": "https://static1.personality-database.com/profile_images/2f3e4d9e788d46b1b9d1df9ad8fe6300.png"}, "join_to_post": false, "can_pin": false}, {"description": "", "follow_count": 0, "id": 14196, "is_following": false, "is_join_pending": false, "is_banned": false, "is_moderated": false, "name_readable": "George Washington", "post_count": 1, "source_profile_id": 15451, "source_type": "profile", "image": {"picURL": "https://static1.personality-database.com/profile_images/433171ad38f342f1835f73d0dc131e24.png"}, "join_to_post": false, "can_pin": false}, {"description": "", "follow_count": 0, "id": 127085, "is_following": false, "is_join_pending": false, "is_banned": false, "is_moderated": false, "name_readable": "The Bullet", "post_count": 1, "source_profile_id": 163856, "source_type": "profile", "image": {"picURL": "https://static1.personality-database.com/profile_images/dc735e0bb0324b7f903ef7bbd245d922.png"}, "join_to_post": false, "can_pin": false}, {"description": "Peggy, Angelica, Eliza's father, the one who makes his way across the room to you, shakes your hand and says 'Be true.'", "follow_count": 0, "id": 310361, "is_following": false, "is_join_pending": false, "is_banned": false, "is_moderated": false, "name_readable": "Phillip Schuyler", "post_count": 0, "source_profile_id": 404391, "source_type": "profile", "image": {"picURL": "https://www.personality-database.com/images/profile_transparent.png"}, "join_to_post": false, "can_pin": false}, {"description": "", "follow_count": 0, "id": 127095, "is_following": false, "is_join_pending": false, "is_banned": false, "is_moderated": false, "name_readable": "George Eacker", "post_count": 0, "source_profile_id": 163868, "source_type": "profile", "image": {"picURL": "https://static1.personality-database.com/profile_images/3320c76d751444718d9da747a641f68b.png"}, "join_to_post": false, "can_pin": false}, {"description": "", "follow_count": 0, "id": 141848, "is_following": false, "is_join_pending": false, "is_banned": false, "is_moderated": false, "name_readable": "John Adams (Demonic Voice)", "post_count": 0, "source_profile_id": 184352, "source_type": "profile", "image": {"picURL": "https://static1.personality-database.com/profile_images/42ab488aa41846bf9926630d605dcac2.png"}, "join_to_post": false, "can_pin": false}, {"description": "", "follow_count": 0, "id": 127094, "is_following": false, "is_join_pending": false, "is_banned": false, "is_moderated": false, "name_readable": "James Reynolds", "post_count": 0, "source_profile_id": 163865, "source_type": "profile", "image": {"picURL": "https://static1.personality-database.com/profile_images/7ced8f50e868467cb96f3f30b54dd80e.png"}, "join_to_post": false, "can_pin": false}, {"description": "", "follow_count": 0, "id": 127088, "is_following": false, "is_join_pending": false, "is_banned": false, "is_moderated": false, "name_readable": "Samuel Seabury", "post_count": 0, "source_profile_id": 163859, "source_type": "profile", "image": {"picURL": "https://static1.personality-database.com/profile_images/5802e0cd5c834028b120a649984557ed.png"}, "join_to_post": false, "can_pin": false}, {"description": "", "follow_count": 0, "id": 127093, "is_following": false, "is_join_pending": false, "is_banned": false, "is_moderated": false, "name_readable": "General Charles Lee", "post_count": 0, "source_profile_id": 163864, "source_type": "profile", "image": {"picURL": "https://static1.personality-database.com/profile_images/8a7a1fa85afe47c5a9735325070009b1.png"}, "join_to_post": false, "can_pin": false}, {"description": "", "follow_count": 0, "id": 14201, "is_following": false, "is_join_pending": false, "is_banned": false, "is_moderated": false, "name_readable": "James Madison", "post_count": 0, "source_profile_id": 15456, "source_type": "profile", "image": {"picURL": "https://static1.personality-database.com/profile_images/1bcb70c97d714e17afc36d3936898675.png"}, "join_to_post": false, "can_pin": false}], "subcategory": "Hamilton: An American Musical", "topic_image_url": "https://static1.personality-database.com/profile_images/8a7a1fa85afe47c5a9735325070009b1.png", "source_location": {"cid": 13, "pid": 2, "sub_cat_id": 1499}, "can_post_image": false, "can_post_audio": false, "posts": {"posts": [{"username": "stvrrynite", "user_pic_path": "https://lh3.googleusercontent.com/a-/AOh14GgP7rFxvk5-p0XipLKUaANyqTaKNmgqZBoIvOi_=s96-c", "user_personality_type": "INFJ-3w4-397", "is_mod": false, "comment_count": 0, "reply_count": 0, "vote_type": 0, "topics_list": [{"id": 127093, "name_readable": "General Charles Lee"}], "id": 89114, "post_id": 89114, "user_id": 240852, "title": "", "content": "I'M A GENERAL,,,,,WHEEEEEEEEEEEEEEEEEEEEEEEEEEEE", "create_date": 1625407931000, "unix_timestamp": 1625407931000, "update_date": 1625407931000, "vote_count": 3, "vote_count_down": 0, "is_reported": 1, "is_hidden": false, "is_pinned": false, "is_watching": false, "is_pro_user": false, "images": null, "audios": null, "function_list": [], "type": "post"}, {"username": "AnnaCath", "user_pic_path": "https://lh3.googleusercontent.com/a-/AOh14GiCCPUspg6vt_iEgkStTlTr6d2r5ZlTBjFFQaoA=s96-c", "user_personality_type": "INFP-4w5", "is_mod": false, "comment_count": 0, "reply_count": 0, "vote_type": 0, "topics_list": [{"id": 127093, "name_readable": "General Charles Lee"}], "id": 88591, "post_id": 88591, "user_id": 275470, "title": "", "content": "I\u2019M A GENERAL\nWHEEEEEEEEEEE", "create_date": 1623339772000, "unix_timestamp": 1623339772000, "update_date": 1623339772000, "vote_count": 5, "vote_count_down": 0, "is_reported": 1, "is_hidden": false, "is_pinned": false, "is_watching": false, "is_pro_user": false, "images": null, "audios": null, "function_list": [], "type": "post"}, {"username": "Zemo", "user_pic_path": "https://lh3.googleusercontent.com/a-/AOh14GhSzZ3105dGALxrn2KwSVkROY_bbDElBE97XAkVxD4=s96-c", "user_personality_type": "ENTP-8w7-853", "is_mod": false, "comment_count": 0, "reply_count": 0, "vote_type": 0, "topics_list": [{"id": 127093, "name_readable": "General Charles Lee"}], "id": 88365, "post_id": 88365, "user_id": 230419, "title": "", "content": "Im a general, WHEEEEEEEEEEEEEEEEEEEEEEE", "create_date": 1622013317000, "unix_timestamp": 1622013317000, "update_date": 1622013317000, "vote_count": 4, "vote_count_down": 0, "is_reported": 1, "is_hidden": false, "is_pinned": false, "is_watching": false, "is_pro_user": false, "images": null, "audios": null, "function_list": [], "type": "post"}]}}}}