{"id": 1978, "mbti_profile": "Leonard Snart \"Captain Cold\"", "profile_name_searchable": "leonardsnart\"captaincold\"", "allow_commenting": true, "allow_voting": true, "user_id": 0, "contributor": "the nameless", "contributor_create_date": "2015-11-29 17:29:42", "contributor_pic_path": "https://www.personality-database.com/images/profile_transparent.png", "display_order": 0, "edit_lock": 0, "edit_lock_picture": 0, "is_active": true, "is_approved": true, "mbti_enneagram_type": "ISTP 5w6", "mbti_type": "ISTP 5w6", "pdb_comment_access": true, "pdb_page_owner": 0, "pdb_public_access": true, "wiki_description": "", "watch_count": 91, "comment_count": 7, "vote_count": 114, "vote_count_enneagram": 30, "vote_count_mbti": 114, "total_vote_counts": 178, "personality_type": "ISTP - 5w6 - sp/sx - 583 - SLI - RCOEI - FLVE - Melancholic-Choleric - IS(T)", "type_updated_date": "2022-11-16 02:45:16", "enneagram_vote": "", "enneagram_vote_id": 0, "mbti_vote": "", "mbti_vote_id": 0, "is_watching": false, "image_exists": false, "profile_image_url": "https://static1.personality-database.com/profile_images/9c2650f55cbd4e8398a8ab0b35c17062.png", "profile_image_credit": "", "profile_image_credit_id": 118085, "profile_image_credit_type": "0", "profile_image_credit_url": "", "alt_subcategory": "", "related_subcategories": "100|||The Flash (2014)", "cat_id": 27, "category": "Superheroes", "category_is_fictional": true, "sub_cat_id": 252, "subcategory": "Legends of Tomorrow (2016)", "subcat_link_info": {"sub_cat_id": 252, "cat_id": 27, "property_id": 2, "subcategory": "Legends of Tomorrow (2016)"}, "related_subcat_link_info": [{"sub_cat_id": 100, "cat_id": 27, "property_id": 2, "subcategory": "The Flash (2014)"}], "related_profiles": [{"id": 842, "mbti_profile": "Ray Palmer \"Atom\"", "subcategory": "Legends of Tomorrow (2016)", "profile_image_url": "https://static1.personality-database.com/profile_images/56d2dd5fd8914791b3d317e1bce60ffe.png", "profile_name": "Ray Palmer \"Atom\"", "profile_subcat": "Legends of Tomorrow (2016)", "sub_cat_id": 252, "cat_id": 27, "property_id": 2, "mbti": "ENFP", "enneatype": "7w6"}, {"id": 150189, "mbti_profile": "Gary Green", "subcategory": "Legends of Tomorrow (2016)", "profile_image_url": "https://static1.personality-database.com/profile_images/637167add0574a79a7d0533b44b4a81c.png", "profile_name": "Gary Green", "profile_subcat": "Legends of Tomorrow (2016)", "sub_cat_id": 252, "cat_id": 27, "property_id": 2, "mbti": "INFP", "enneatype": "6w7"}, {"id": 4059, "mbti_profile": "Nathaniel Heywood \"Citizen Steel\"", "subcategory": "Legends of Tomorrow (2016)", "profile_image_url": "https://static1.personality-database.com/profile_images/51aa5e42f90f4635b2794aea6d3faef1.png", "profile_name": "Nathaniel Heywood \"Citizen Steel\"", "profile_subcat": "Legends of Tomorrow (2016)", "sub_cat_id": 252, "cat_id": 27, "property_id": 2, "mbti": "ENFJ", "enneatype": "3w2"}, {"id": 1979, "mbti_profile": "Mick Rory \"Heat Wave\"", "subcategory": "Legends of Tomorrow (2016)", "profile_image_url": "https://static1.personality-database.com/profile_images/2e5c4fb9340d4c48923fa20f8a54ea36.png", "profile_name": "Mick Rory \"Heat Wave\"", "profile_subcat": "Legends of Tomorrow (2016)", "sub_cat_id": 252, "cat_id": 27, "property_id": 2, "mbti": "ESTP", "enneatype": "8w9"}, {"id": 22467, "mbti_profile": "Zari Tomaz", "subcategory": "Legends of Tomorrow (2016)", "profile_image_url": "https://static1.personality-database.com/profile_images/3a244d03635f45e0bb90b3a863ecf698.png", "profile_name": "Zari Tomaz", "profile_subcat": "Legends of Tomorrow (2016)", "sub_cat_id": 252, "cat_id": 27, "property_id": 2, "mbti": "INTP", "enneatype": "5w6"}, {"id": 1962, "mbti_profile": "Sara Lance \"White Canary\"", "subcategory": "Legends of Tomorrow (2016)", "profile_image_url": "https://static1.personality-database.com/profile_images/8962af47d8224d3cbc3ee204c206dfb9.png", "profile_name": "Sara Lance \"White Canary\"", "profile_subcat": "Legends of Tomorrow (2016)", "sub_cat_id": 252, "cat_id": 27, "property_id": 2, "mbti": "ISTP", "enneatype": "8w9"}, {"id": 1971, "mbti_profile": "Jefferson Jackson \"Firestorm\"", "subcategory": "Legends of Tomorrow (2016)", "profile_image_url": "https://static1.personality-database.com/profile_images/190e72eeee6f45408d15a322aa62ae16.png", "profile_name": "Jefferson Jackson \"Firestorm\"", "profile_subcat": "Legends of Tomorrow (2016)", "sub_cat_id": 252, "cat_id": 27, "property_id": 2, "mbti": "ISTP", "enneatype": "3w2"}, {"id": 152144, "mbti_profile": "Lita", "subcategory": "Legends of Tomorrow (2016)", "profile_image_url": "https://static1.personality-database.com/profile_images/73c387d316be4a79bc1531afb03dc9d9.png", "profile_name": "Lita", "profile_subcat": "Legends of Tomorrow (2016)", "sub_cat_id": 252, "cat_id": 27, "property_id": 2, "mbti": "ISFP", "enneatype": ""}], "functions": ["Ti", "Se", "Ni", "Fe"], "systems": [{"hex_color": "#888888", "id": 1, "personality_type": "XXXX", "personality_type_id": 0, "system_name": "Four Letter", "system_vote_count": 112, "user_vote_type_id": 0, "vote_id": 0}, {"hex_color": "#006775", "id": 2, "personality_type": "XXXX", "personality_type_id": 0, "system_name": "Enneagram", "system_vote_count": 29, "user_vote_type_id": 0, "vote_id": 0}, {"hex_color": "#006775", "id": 5, "personality_type": "XXXX", "personality_type_id": 0, "system_name": "Instinctual Variant", "system_vote_count": 4, "user_vote_type_id": 0, "vote_id": 0}, {"hex_color": "#006775", "id": 6, "personality_type": "XXXX", "personality_type_id": 0, "system_name": "Tritype", "system_vote_count": 6, "user_vote_type_id": 0, "vote_id": 0}, {"hex_color": "#888888", "id": 3, "personality_type": "XXXX", "personality_type_id": 0, "system_name": "Socionics", "system_vote_count": 6, "user_vote_type_id": 0, "vote_id": 0}, {"hex_color": "#888888", "id": 9, "personality_type": "XXXX", "personality_type_id": 0, "system_name": "Big 5 (SLOAN)", "system_vote_count": 5, "user_vote_type_id": 0, "vote_id": 0}, {"hex_color": "#888888", "id": 8, "personality_type": "XXXX", "personality_type_id": 0, "system_name": "Attitudinal Psyche", "system_vote_count": 2, "user_vote_type_id": 0, "vote_id": 0}, {"hex_color": "#888888", "id": 7, "personality_type": "XXXX", "personality_type_id": 0, "system_name": "Temperaments", "system_vote_count": 7, "user_vote_type_id": 0, "vote_id": 0}, {"hex_color": "#888888", "id": 11, "personality_type": "XXXX", "personality_type_id": 0, "system_name": "Classic Jungian", "system_vote_count": 1, "user_vote_type_id": 0, "vote_id": 0}], "breakdown_systems": {"1": [{"myValue": "ISTP", "personality_system_id": 1, "personality_type": "ISTP", "theCount": 59}, {"myValue": "INTJ", "personality_system_id": 1, "personality_type": "INTJ", "theCount": 45}, {"myValue": "INTP", "personality_system_id": 1, "personality_type": "INTP", "theCount": 3}, {"myValue": "ESTJ", "personality_system_id": 1, "personality_type": "ESTJ", "theCount": 2}, {"myValue": "ENTP", "personality_system_id": 1, "personality_type": "ENTP", "theCount": 1}, {"myValue": "ESTP", "personality_system_id": 1, "personality_type": "ESTP", "theCount": 1}, {"myValue": "ISTJ", "personality_system_id": 1, "personality_type": "ISTJ", "theCount": 1}], "11": [{"myValue": "IT(S)", "personality_system_id": 11, "personality_type": "IT(S)", "theCount": 1}], "2": [{"myValue": "5w6", "personality_system_id": 2, "personality_type": "5w6", "theCount": 28}, {"myValue": "5w4", "personality_system_id": 2, "personality_type": "5w4", "theCount": 1}], "3": [{"myValue": "SLI", "personality_system_id": 3, "personality_type": "SLI", "theCount": 4}, {"myValue": "LSE", "personality_system_id": 3, "personality_type": "LSE", "theCount": 2}], "4": [{"myValue": "Chaotic Neutral", "personality_system_id": 4, "personality_type": "Chaotic Neutral", "theCount": 5}, {"myValue": "Lawful Evil", "personality_system_id": 4, "personality_type": "Lawful Evil", "theCount": 1}], "5": [{"myValue": "sp/sx", "personality_system_id": 5, "personality_type": "sp/sx", "theCount": 2}, {"myValue": "sp/so", "personality_system_id": 5, "personality_type": "sp/so", "theCount": 1}, {"myValue": "sx/sp", "personality_system_id": 5, "personality_type": "sx/sp", "theCount": 1}], "6": [{"myValue": "583", "personality_system_id": 6, "personality_type": "583", "theCount": 5}, {"myValue": "538", "personality_system_id": 6, "personality_type": "538", "theCount": 1}], "7": [{"myValue": "Melancholic-Choleric", "personality_system_id": 7, "personality_type": "Melancholic-Choleric", "theCount": 5}, {"myValue": "Choleric-Phlegmatic", "personality_system_id": 7, "personality_type": "Choleric-Phlegmatic", "theCount": 2}], "8": [{"myValue": "FLVE", "personality_system_id": 8, "personality_type": "FLVE", "theCount": 2}], "9": [{"myValue": "RCOEI", "personality_system_id": 9, "personality_type": "RCOEI", "theCount": 3}, {"myValue": "RLUEN", "personality_system_id": 9, "personality_type": "RLUEN", "theCount": 1}, {"myValue": "SCOEN", "personality_system_id": 9, "personality_type": "SCOEN", "theCount": 1}]}, "breakdown_config": {"expand": {"1": 3, "11": 1, "2": 3, "3": 1, "4": 1, "5": 1, "6": 1, "7": 1, "8": 1, "9": 1}, "fire": {"1": 1, "11": 0, "2": 0, "3": 0, "4": 0, "5": 0, "6": 0, "7": 0, "8": 0, "9": 0}}, "mbti_letter_stats": [{"type": "I", "percentage": "96%", "PercentageFloat": 0.9642857142857143}, {"type": "S", "percentage": "56%", "PercentageFloat": 0.5625}, {"type": "T", "percentage": "100%", "PercentageFloat": 1}, {"type": "P", "percentage": "57%", "PercentageFloat": 0.5714285714285714}], "topic_info": {"can_generate": false, "topic": {"description": "", "follow_count": 0, "id": 1846, "is_following": false, "is_join_pending": false, "is_banned": false, "is_moderated": false, "name_readable": "Leonard Snart \"Captain Cold\"", "post_count": 0, "source_profile_id": 1978, "source_type": "profile", "join_to_post": false, "can_pin": false, "related_topics": [{"description": "", "follow_count": 0, "id": 3775, "is_following": false, "is_join_pending": false, "is_banned": false, "is_moderated": false, "name_readable": "Rex Tyler \"Hourman\"", "post_count": 0, "source_profile_id": 4097, "source_type": "profile", "image": {"picURL": "https://static1.personality-database.com/profile_images/d85641a6ea914716849e58777cee41a1.png"}, "join_to_post": false, "can_pin": false}, {"description": "", "follow_count": 0, "id": 258611, "is_following": false, "is_join_pending": false, "is_banned": false, "is_moderated": false, "name_readable": "Bishop", "post_count": 0, "source_profile_id": 336078, "source_type": "profile", "image": {"picURL": "https://static1.personality-database.com/profile_images/4095c12400c74da7a58832d05fa5a65e.png"}, "join_to_post": false, "can_pin": false}, {"description": "", "follow_count": 0, "id": 245136, "is_following": false, "is_join_pending": false, "is_banned": false, "is_moderated": false, "name_readable": "Esperanza \u201cSpooner\u201d Cruz", "post_count": 0, "source_profile_id": 318909, "source_type": "profile", "image": {"picURL": "https://static1.personality-database.com/profile_images/e88d5645d5ef4c998c1b91bc74d0be8a.png"}, "join_to_post": false, "can_pin": false}, {"description": "She is the AI in the timeship that assists the Legends", "follow_count": 0, "id": 216189, "is_following": false, "is_join_pending": false, "is_banned": false, "is_moderated": false, "name_readable": "Gideon", "post_count": 0, "source_profile_id": 282293, "source_type": "profile", "image": {"picURL": "https://static1.personality-database.com/profile_images/256cea7eee534bba8846a0b4a55c682f.png"}, "join_to_post": false, "can_pin": false}, {"description": "", "follow_count": 0, "id": 193435, "is_following": false, "is_join_pending": false, "is_banned": false, "is_moderated": false, "name_readable": "Ava Sharpe", "post_count": 0, "source_profile_id": 250839, "source_type": "profile", "image": {"picURL": "https://static1.personality-database.com/profile_images/58f28111fb46459e81b0abe3deb80550.png"}, "join_to_post": false, "can_pin": false}, {"description": "", "follow_count": 0, "id": 117883, "is_following": false, "is_join_pending": false, "is_banned": false, "is_moderated": false, "name_readable": "Charlie \"Clotho\"", "post_count": 0, "source_profile_id": 152145, "source_type": "profile", "image": {"picURL": "https://static1.personality-database.com/profile_images/f7a2920c7cd9414d9445222e472a4f5f.png"}, "join_to_post": false, "can_pin": false}, {"description": "", "follow_count": 0, "id": 117882, "is_following": false, "is_join_pending": false, "is_banned": false, "is_moderated": false, "name_readable": "Lita", "post_count": 0, "source_profile_id": 152144, "source_type": "profile", "image": {"picURL": "https://static1.personality-database.com/profile_images/73c387d316be4a79bc1531afb03dc9d9.png"}, "join_to_post": false, "can_pin": false}, {"description": "", "follow_count": 0, "id": 117880, "is_following": false, "is_join_pending": false, "is_banned": false, "is_moderated": false, "name_readable": "Zari Tarazi", "post_count": 0, "source_profile_id": 152142, "source_type": "profile", "image": {"picURL": "https://static1.personality-database.com/profile_images/68ffc10cf72a401cb1b82a8f03894b8a.png"}, "join_to_post": false, "can_pin": false}, {"description": "", "follow_count": 0, "id": 116331, "is_following": false, "is_join_pending": false, "is_banned": false, "is_moderated": false, "name_readable": "Mona Wu", "post_count": 0, "source_profile_id": 150190, "source_type": "profile", "image": {"picURL": "https://static1.personality-database.com/profile_images/609a136c0e7840009f18e6bc36d96497.png"}, "join_to_post": false, "can_pin": false}, {"description": "", "follow_count": 0, "id": 116330, "is_following": false, "is_join_pending": false, "is_banned": false, "is_moderated": false, "name_readable": "Gary Green", "post_count": 0, "source_profile_id": 150189, "source_type": "profile", "image": {"picURL": "https://static1.personality-database.com/profile_images/637167add0574a79a7d0533b44b4a81c.png"}, "join_to_post": false, "can_pin": false}, {"description": "", "follow_count": 0, "id": 116329, "is_following": false, "is_join_pending": false, "is_banned": false, "is_moderated": false, "name_readable": "Astra Logue", "post_count": 0, "source_profile_id": 150188, "source_type": "profile", "image": {"picURL": "https://static1.personality-database.com/profile_images/0f61028915a94941b04e5812f590060a.png"}, "join_to_post": false, "can_pin": false}, {"description": "", "follow_count": 0, "id": 116328, "is_following": false, "is_join_pending": false, "is_banned": false, "is_moderated": false, "name_readable": "Behrad Tarazi", "post_count": 0, "source_profile_id": 150187, "source_type": "profile", "image": {"picURL": "https://static1.personality-database.com/profile_images/2cc889314b634c3790671ecde66c5d20.png"}, "join_to_post": false, "can_pin": false}, {"description": "", "follow_count": 0, "id": 94589, "is_following": false, "is_join_pending": false, "is_banned": false, "is_moderated": false, "name_readable": "Nora Darhk", "post_count": 0, "source_profile_id": 120348, "source_type": "profile", "image": {"picURL": "https://static1.personality-database.com/profile_images/f5aa1c9d4d42451db165a614c636aafe.png"}, "join_to_post": false, "can_pin": false}, {"description": "", "follow_count": 0, "id": 20353, "is_following": false, "is_join_pending": false, "is_banned": false, "is_moderated": false, "name_readable": "Zari Tomaz", "post_count": 0, "source_profile_id": 22467, "source_type": "profile", "image": {"picURL": "https://static1.personality-database.com/profile_images/3a244d03635f45e0bb90b3a863ecf698.png"}, "join_to_post": false, "can_pin": false}, {"description": "", "follow_count": 0, "id": 3776, "is_following": false, "is_join_pending": false, "is_banned": false, "is_moderated": false, "name_readable": "Todd Rice \"Obsidian\"", "post_count": 0, "source_profile_id": 4098, "source_type": "profile", "image": {"picURL": "https://static1.personality-database.com/profile_images/94a123dd987e485c944f8484ce2df452.png"}, "join_to_post": false, "can_pin": false}, {"description": "", "follow_count": 0, "id": 789, "is_following": false, "is_join_pending": false, "is_banned": false, "is_moderated": false, "name_readable": "Ray Palmer \"Atom\"", "post_count": 0, "source_profile_id": 842, "source_type": "profile", "image": {"picURL": "https://static1.personality-database.com/profile_images/56d2dd5fd8914791b3d317e1bce60ffe.png"}, "join_to_post": false, "can_pin": false}], "subcategory": "Legends of Tomorrow (2016)", "topic_image_url": "https://static1.personality-database.com/profile_images/9c2650f55cbd4e8398a8ab0b35c17062.png", "source_location": {"cid": 27, "pid": 2, "sub_cat_id": 252}, "can_post_image": false, "can_post_audio": false, "posts": {"posts": []}}}}