{"id": 10125, "mbti_profile": "Jon Osterman / Dr. Manhattan", "profile_name_searchable": "jonostermandr.manhattan", "allow_commenting": true, "allow_voting": true, "user_id": 4496, "contributor": "M4496", "contributor_create_date": "2018-02-19 17:52:48", "contributor_pic_path": "https://lh4.googleusercontent.com/-sxarHeC6pK0/AAAAAAAAAAI/AAAAAAAAAAA/AMZuucmQekzUQljlY57RoA-ZRG3DJhCSXw/s96-c/photo.jpg", "display_order": 1000, "edit_lock": 0, "edit_lock_picture": 0, "is_active": true, "is_approved": true, "mbti_enneagram_type": "INTP 5w4", "mbti_type": "INTP 5w4", "pdb_comment_access": true, "pdb_page_owner": 0, "pdb_public_access": true, "wiki_description": "", "watch_count": 138, "comment_count": 62, "vote_count": 165, "vote_count_enneagram": 72, "vote_count_mbti": 165, "total_vote_counts": 303, "personality_type": "INTP - 5w4 - sp/sx - 594 - ILI - RCOEI - LVEF - Melancholic [Dominant]", "type_updated_date": "2022-11-07 17:14:06", "enneagram_vote": "", "enneagram_vote_id": 0, "mbti_vote": "", "mbti_vote_id": 0, "is_watching": false, "image_exists": true, "profile_image_url": "https://static1.personality-database.com/profile_images/13d4f7f830734c11a25bcc9993032169.png", "profile_image_credit": "", "profile_image_credit_id": 0, "profile_image_credit_type": "0", "profile_image_credit_url": "", "alt_subcategory": "", "related_subcategories": "", "cat_id": 27, "category": "Superheroes", "category_is_fictional": true, "sub_cat_id": 1367, "subcategory": "Watchmen (2009)", "subcat_link_info": {"sub_cat_id": 1367, "cat_id": 27, "property_id": 2, "subcategory": "Watchmen (2009)"}, "related_subcat_link_info": null, "related_profiles": [{"id": 10127, "mbti_profile": "Walter Kovacs / Rorschach", "subcategory": "Watchmen (2009)", "profile_image_url": "https://static1.personality-database.com/profile_images/d18b9f1388ec41c7980d412b1a1152b8.png", "profile_name": "Walter Kovacs / Rorschach", "profile_subcat": "Watchmen (2009)", "sub_cat_id": 1367, "cat_id": 27, "property_id": 2, "mbti": "ISTJ", "enneatype": "1w9"}, {"id": 10124, "mbti_profile": "Adrian Veidt / Ozymandias", "subcategory": "Watchmen (2009)", "profile_image_url": "https://static1.personality-database.com/profile_images/c6b2988ece0e4c79815cc888d08da3d5.png", "profile_name": "Adrian Veidt / Ozymandias", "profile_subcat": "Watchmen (2009)", "sub_cat_id": 1367, "cat_id": 27, "property_id": 2, "mbti": "INTJ", "enneatype": "1w9"}, {"id": 11123, "mbti_profile": "Edward Blake / The Comedian", "subcategory": "Watchmen (2009)", "profile_image_url": "https://static1.personality-database.com/profile_images/fa95c61c3fd349ecb5c55f964a8a4781.png", "profile_name": "Edward Blake / The Comedian", "profile_subcat": "Watchmen (2009)", "sub_cat_id": 1367, "cat_id": 27, "property_id": 2, "mbti": "ESTP", "enneatype": "8w7"}, {"id": 307689, "mbti_profile": "Silhoutte", "subcategory": "Watchmen (2009)", "profile_image_url": "", "profile_name": "Silhoutte", "profile_subcat": "Watchmen (2009)", "sub_cat_id": 1367, "cat_id": 27, "property_id": 2, "mbti": "ESTP", "enneatype": "3w4"}, {"id": 10126, "mbti_profile": "Daniel Dreiberg / Nite Owl II", "subcategory": "Watchmen (2009)", "profile_image_url": "https://static1.personality-database.com/profile_images/d5909fb560c44053bfb07b13db641f1e.png", "profile_name": "Daniel Dreiberg / Nite Owl II", "profile_subcat": "Watchmen (2009)", "sub_cat_id": 1367, "cat_id": 27, "property_id": 2, "mbti": "ISFJ", "enneatype": "1w2"}, {"id": 307692, "mbti_profile": "Janey Slater", "subcategory": "Watchmen (2009)", "profile_image_url": "", "profile_name": "Janey Slater", "profile_subcat": "Watchmen (2009)", "sub_cat_id": 1367, "cat_id": 27, "property_id": 2, "mbti": "ENFJ", "enneatype": "3w2"}, {"id": 11124, "mbti_profile": "Laurie Juspeczyk / Silk Spectre II", "subcategory": "Watchmen (2009)", "profile_image_url": "https://static1.personality-database.com/profile_images/878f32d585bc469ca319597a338673d0.png", "profile_name": "Laurie Juspeczyk / Silk Spectre II", "profile_subcat": "Watchmen (2009)", "sub_cat_id": 1367, "cat_id": 27, "property_id": 2, "mbti": "ISFP", "enneatype": "4w3"}, {"id": 65452, "mbti_profile": "Sally Jupiter / Silk Spectre", "subcategory": "Watchmen (2009)", "profile_image_url": "https://static1.personality-database.com/profile_images/0193ae84756040498d7b2fd5fd0edf0f.png", "profile_name": "Sally Jupiter / Silk Spectre", "profile_subcat": "Watchmen (2009)", "sub_cat_id": 1367, "cat_id": 27, "property_id": 2, "mbti": "ESFJ", "enneatype": "2w3"}], "functions": ["Ti", "Ne", "Si", "Fe"], "systems": [{"hex_color": "#888888", "id": 1, "personality_type": "XXXX", "personality_type_id": 0, "system_name": "Four Letter", "system_vote_count": 161, "user_vote_type_id": 0, "vote_id": 0}, {"hex_color": "#006775", "id": 2, "personality_type": "XXXX", "personality_type_id": 0, "system_name": "Enneagram", "system_vote_count": 66, "user_vote_type_id": 0, "vote_id": 0}, {"hex_color": "#006775", "id": 5, "personality_type": "XXXX", "personality_type_id": 0, "system_name": "Instinctual Variant", "system_vote_count": 13, "user_vote_type_id": 0, "vote_id": 0}, {"hex_color": "#006775", "id": 6, "personality_type": "XXXX", "personality_type_id": 0, "system_name": "Tritype", "system_vote_count": 15, "user_vote_type_id": 0, "vote_id": 0}, {"hex_color": "#888888", "id": 3, "personality_type": "XXXX", "personality_type_id": 0, "system_name": "Socionics", "system_vote_count": 12, "user_vote_type_id": 0, "vote_id": 0}, {"hex_color": "#888888", "id": 9, "personality_type": "XXXX", "personality_type_id": 0, "system_name": "Big 5 (SLOAN)", "system_vote_count": 5, "user_vote_type_id": 0, "vote_id": 0}, {"hex_color": "#888888", "id": 8, "personality_type": "XXXX", "personality_type_id": 0, "system_name": "Attitudinal Psyche", "system_vote_count": 2, "user_vote_type_id": 0, "vote_id": 0}, {"hex_color": "#888888", "id": 7, "personality_type": "XXXX", "personality_type_id": 0, "system_name": "Temperaments", "system_vote_count": 21, "user_vote_type_id": 0, "vote_id": 0}, {"hex_color": "#888888", "id": 11, "personality_type": "XXXX", "personality_type_id": 0, "system_name": "Classic Jungian", "system_vote_count": 1, "user_vote_type_id": 0, "vote_id": 0}], "breakdown_systems": {"1": [{"myValue": "INTP", "personality_system_id": 1, "personality_type": "INTP", "theCount": 127}, {"myValue": "INFJ", "personality_system_id": 1, "personality_type": "INFJ", "theCount": 27}, {"myValue": "INTJ", "personality_system_id": 1, "personality_type": "INTJ", "theCount": 6}, {"myValue": "ENTP", "personality_system_id": 1, "personality_type": "ENTP", "theCount": 1}], "11": [{"myValue": "IT(N)", "personality_system_id": 11, "personality_type": "IT(N)", "theCount": 1}], "2": [{"myValue": "5w4", "personality_system_id": 2, "personality_type": "5w4", "theCount": 56}, {"myValue": "5w6", "personality_system_id": 2, "personality_type": "5w6", "theCount": 5}, {"myValue": "9w8", "personality_system_id": 2, "personality_type": "9w8", "theCount": 2}, {"myValue": "4w5", "personality_system_id": 2, "personality_type": "4w5", "theCount": 1}, {"myValue": "6w5", "personality_system_id": 2, "personality_type": "6w5", "theCount": 1}, {"myValue": "7w6", "personality_system_id": 2, "personality_type": "7w6", "theCount": 1}], "3": [{"myValue": "ILI", "personality_system_id": 3, "personality_type": "ILI", "theCount": 9}, {"myValue": "LII", "personality_system_id": 3, "personality_type": "LII", "theCount": 3}], "4": [{"myValue": "True Neutral", "personality_system_id": 4, "personality_type": "True Neutral", "theCount": 7}], "5": [{"myValue": "sp/sx", "personality_system_id": 5, "personality_type": "sp/sx", "theCount": 12}, {"myValue": "so/sp", "personality_system_id": 5, "personality_type": "so/sp", "theCount": 1}], "6": [{"myValue": "594", "personality_system_id": 6, "personality_type": "594", "theCount": 13}, {"myValue": "549", "personality_system_id": 6, "personality_type": "549", "theCount": 1}, {"myValue": "649", "personality_system_id": 6, "personality_type": "649", "theCount": 1}], "7": [{"myValue": "Melancholic [Dominant]", "personality_system_id": 7, "personality_type": "Melancholic [Dominant]", "theCount": 12}, {"myValue": "Melancholic-Phlegmatic", "personality_system_id": 7, "personality_type": "Melancholic-Phlegmatic", "theCount": 8}, {"myValue": "Phlegmatic [Dominant]", "personality_system_id": 7, "personality_type": "Phlegmatic [Dominant]", "theCount": 1}], "8": [{"myValue": "LVEF", "personality_system_id": 8, "personality_type": "LVEF", "theCount": 2}], "9": [{"myValue": "RCOEI", "personality_system_id": 9, "personality_type": "RCOEI", "theCount": 4}, {"myValue": "RLUEI", "personality_system_id": 9, "personality_type": "RLUEI", "theCount": 1}]}, "breakdown_config": {"expand": {"1": 3, "11": 1, "2": 3, "3": 1, "4": 1, "5": 1, "6": 1, "7": 2, "8": 1, "9": 1}, "fire": {"1": 0, "11": 0, "2": 0, "3": 0, "4": 0, "5": 0, "6": 0, "7": 1, "8": 0, "9": 0}}, "mbti_letter_stats": [{"type": "I", "percentage": "99%", "PercentageFloat": 0.9937888198757764}, {"type": "N", "percentage": "100%", "PercentageFloat": 1}, {"type": "T", "percentage": "83%", "PercentageFloat": 0.8322981366459627}, {"type": "P", "percentage": "80%", "PercentageFloat": 0.7950310559006211}], "topic_info": {"can_generate": false, "topic": {"description": "", "follow_count": 1, "id": 9455, "is_following": false, "is_join_pending": false, "is_banned": false, "is_moderated": false, "name_readable": "Jon Osterman / Dr. Manhattan", "post_count": 0, "source_profile_id": 10125, "source_type": "profile", "join_to_post": false, "can_pin": false, "related_topics": [{"description": "#MatthewGoode", "follow_count": 0, "id": 9454, "is_following": false, "is_join_pending": false, "is_banned": false, "is_moderated": false, "name_readable": "Adrian Veidt / Ozymandias", "post_count": 0, "source_profile_id": 10124, "source_type": "profile", "image": {"picURL": "https://static1.personality-database.com/profile_images/c6b2988ece0e4c79815cc888d08da3d5.png"}, "join_to_post": false, "can_pin": false}, {"description": "", "follow_count": 1, "id": 9455, "is_following": false, "is_join_pending": false, "is_banned": false, "is_moderated": false, "name_readable": "Jon Osterman / Dr. Manhattan", "post_count": 0, "source_profile_id": 10125, "source_type": "profile", "image": {"picURL": "https://static1.personality-database.com/profile_images/13d4f7f830734c11a25bcc9993032169.png"}, "join_to_post": false, "can_pin": false}, {"description": "", "follow_count": 0, "id": 9456, "is_following": false, "is_join_pending": false, "is_banned": false, "is_moderated": false, "name_readable": "Daniel Dreiberg / Nite Owl II", "post_count": 0, "source_profile_id": 10126, "source_type": "profile", "image": {"picURL": "https://static1.personality-database.com/profile_images/d5909fb560c44053bfb07b13db641f1e.png"}, "join_to_post": false, "can_pin": false}, {"description": "", "follow_count": 0, "id": 9457, "is_following": false, "is_join_pending": false, "is_banned": false, "is_moderated": false, "name_readable": "Walter Kovacs / Rorschach", "post_count": 0, "source_profile_id": 10127, "source_type": "profile", "image": {"picURL": "https://static1.personality-database.com/profile_images/d18b9f1388ec41c7980d412b1a1152b8.png"}, "join_to_post": false, "can_pin": false}, {"description": "#JeffreyDeanMorgan", "follow_count": 0, "id": 10381, "is_following": false, "is_join_pending": false, "is_banned": false, "is_moderated": false, "name_readable": "Edward Blake / The Comedian", "post_count": 0, "source_profile_id": 11123, "source_type": "profile", "image": {"picURL": "https://static1.personality-database.com/profile_images/fa95c61c3fd349ecb5c55f964a8a4781.png"}, "join_to_post": false, "can_pin": false}, {"description": "", "follow_count": 0, "id": 10382, "is_following": false, "is_join_pending": false, "is_banned": false, "is_moderated": false, "name_readable": "Laurie Juspeczyk / Silk Spectre II", "post_count": 0, "source_profile_id": 11124, "source_type": "profile", "image": {"picURL": "https://static1.personality-database.com/profile_images/878f32d585bc469ca319597a338673d0.png"}, "join_to_post": false, "can_pin": false}, {"description": "#CarlaGugino", "follow_count": 0, "id": 54554, "is_following": false, "is_join_pending": false, "is_banned": false, "is_moderated": false, "name_readable": "Sally Jupiter / Silk Spectre", "post_count": 0, "source_profile_id": 65452, "source_type": "profile", "image": {"picURL": "https://static1.personality-database.com/profile_images/0193ae84756040498d7b2fd5fd0edf0f.png"}, "join_to_post": false, "can_pin": false}, {"description": "", "follow_count": 0, "id": 236331, "is_following": false, "is_join_pending": false, "is_banned": false, "is_moderated": false, "name_readable": "Richard Nixon", "post_count": 0, "source_profile_id": 307330, "source_type": "profile", "image": {"picURL": "https://www.personality-database.com/images/profile_transparent.png"}, "join_to_post": false, "can_pin": false}, {"description": "an elderly man who owned a newsstand outside the Institute for Extraspatial Studies on Fortieth and Seventh. Walter Kovacs was a regular customer, usually purchasing a copy of the New Frontiersman. Other customers were Malcolm Long, Joey, Derf and Bernie.", "follow_count": 0, "id": 236332, "is_following": false, "is_join_pending": false, "is_banned": false, "is_moderated": false, "name_readable": "Bernard", "post_count": 0, "source_profile_id": 307331, "source_type": "profile", "image": {"picURL": "https://www.personality-database.com/images/profile_transparent.png"}, "join_to_post": false, "can_pin": false}, {"description": "#MattFrewer", "follow_count": 0, "id": 236588, "is_following": false, "is_join_pending": false, "is_banned": false, "is_moderated": false, "name_readable": "Moloch", "post_count": 0, "source_profile_id": 307686, "source_type": "profile", "image": {"picURL": "https://www.personality-database.com/images/profile_transparent.png"}, "join_to_post": false, "can_pin": false}, {"description": "#StephenMcHattie", "follow_count": 0, "id": 236589, "is_following": false, "is_join_pending": false, "is_banned": false, "is_moderated": false, "name_readable": "Hollis Mason", "post_count": 0, "source_profile_id": 307687, "source_type": "profile", "image": {"picURL": "https://www.personality-database.com/images/profile_transparent.png"}, "join_to_post": false, "can_pin": false}, {"description": "", "follow_count": 0, "id": 236590, "is_following": false, "is_join_pending": false, "is_banned": false, "is_moderated": false, "name_readable": "Wally Weaver", "post_count": 0, "source_profile_id": 307688, "source_type": "profile", "image": {"picURL": "https://www.personality-database.com/images/profile_transparent.png"}, "join_to_post": false, "can_pin": false}, {"description": "#ApolloniaVanova", "follow_count": 0, "id": 236591, "is_following": false, "is_join_pending": false, "is_banned": false, "is_moderated": false, "name_readable": "Silhoutte", "post_count": 0, "source_profile_id": 307689, "source_type": "profile", "image": {"picURL": "https://www.personality-database.com/images/profile_transparent.png"}, "join_to_post": false, "can_pin": false}, {"description": "", "follow_count": 0, "id": 236592, "is_following": false, "is_join_pending": false, "is_banned": false, "is_moderated": false, "name_readable": "Hooded Justice", "post_count": 0, "source_profile_id": 307690, "source_type": "profile", "image": {"picURL": "https://www.personality-database.com/images/profile_transparent.png"}, "join_to_post": false, "can_pin": false}, {"description": "Jon's ex.\n\n#LauraMennell", "follow_count": 0, "id": 236593, "is_following": false, "is_join_pending": false, "is_banned": false, "is_moderated": false, "name_readable": "Janey Slater", "post_count": 0, "source_profile_id": 307692, "source_type": "profile", "image": {"picURL": "https://www.personality-database.com/images/profile_transparent.png"}, "join_to_post": false, "can_pin": false}], "subcategory": "Watchmen (2009)", "topic_image_url": "https://static1.personality-database.com/profile_images/13d4f7f830734c11a25bcc9993032169.png", "source_location": {"cid": 27, "pid": 2, "sub_cat_id": 1367}, "can_post_image": false, "can_post_audio": false, "posts": {"posts": []}}}}