{"id": 1064, "mbti_profile": "Dick Grayson \u201cRobin\u201d / \u201cNightwing\u201d", "profile_name_searchable": "dickgrayson\"robin\"\"nightwing\"", "allow_commenting": true, "allow_voting": true, "user_id": 180, "contributor": "scifigrl", "contributor_create_date": "2015-08-19 05:35:17", "contributor_pic_path": "https://lh5.googleusercontent.com/-XA0MB1vAGVA/AAAAAAAAAAI/AAAAAAAAPfs/-5N_swRtp2I/photo.jpg", "display_order": 0, "edit_lock": 0, "edit_lock_picture": 0, "is_active": true, "is_approved": true, "mbti_enneagram_type": "ENTP 5w6", "mbti_type": "ENTP 5w6", "pdb_comment_access": true, "pdb_page_owner": 0, "pdb_public_access": true, "wiki_description": "", "watch_count": 444, "comment_count": 39, "vote_count": 173, "vote_count_enneagram": 83, "vote_count_mbti": 173, "total_vote_counts": 368, "personality_type": "ENTP - 5w6 - sp/so - 713 - LIE - SCOAI - Sanguine-Choleric - EN(T)", "type_updated_date": "2023-01-15 07:13:44", "enneagram_vote": "", "enneagram_vote_id": 0, "mbti_vote": "", "mbti_vote_id": 0, "is_watching": false, "image_exists": false, "profile_image_url": "https://static1.personality-database.com/profile_images/52d56d51348f496bb190b7a4ff346837.png", "profile_image_credit": "", "profile_image_credit_id": 0, "profile_image_credit_type": "0", "profile_image_credit_url": "", "alt_subcategory": "", "related_subcategories": "", "cat_id": 27, "category": "Superheroes", "category_is_fictional": true, "sub_cat_id": 116, "subcategory": "Young Justice (2010)", "subcat_link_info": {"sub_cat_id": 116, "cat_id": 27, "property_id": 2, "subcategory": "Young Justice (2010)"}, "related_subcat_link_info": null, "related_profiles": [{"id": 4697, "mbti_profile": "Conner Kent \u201cSuperboy\u201d", "subcategory": "Young Justice (2010)", "profile_image_url": "https://static1.personality-database.com/profile_images/c6ed03110fef4b37a2cc990bafe210e4.png", "profile_name": "Conner Kent \u201cSuperboy\u201d", "profile_subcat": "Young Justice (2010)", "sub_cat_id": 116, "cat_id": 27, "property_id": 2, "mbti": "ISFP", "enneatype": "8w9"}, {"id": 4696, "mbti_profile": "Kaldur\u2019ahm \u201cAqualad\u201d", "subcategory": "Young Justice (2010)", "profile_image_url": "https://static1.personality-database.com/profile_images/4b7cacf59d244186805819c5c3d4c779.png", "profile_name": "Kaldur\u2019ahm \u201cAqualad\u201d", "profile_subcat": "Young Justice (2010)", "sub_cat_id": 116, "cat_id": 27, "property_id": 2, "mbti": "ISTJ", "enneatype": "1w2"}, {"id": 4698, "mbti_profile": "Artemis Crock \u201cTigress\u201d", "subcategory": "Young Justice (2010)", "profile_image_url": "https://static1.personality-database.com/profile_images/0ee15290b8a4433b93a65f61e63ca946.png", "profile_name": "Artemis Crock \u201cTigress\u201d", "profile_subcat": "Young Justice (2010)", "sub_cat_id": 116, "cat_id": 27, "property_id": 2, "mbti": "ISTP", "enneatype": "6w7"}, {"id": 7092, "mbti_profile": "Bart Allen \u201cImpulse\u201d / \u201cKid Flash\u201d", "subcategory": "Young Justice (2010)", "profile_image_url": "https://static1.personality-database.com/profile_images/851b8ef805e24ecaabb1d3b9d1b975b4.png", "profile_name": "Bart Allen \u201cImpulse\u201d / \u201cKid Flash\u201d", "profile_subcat": "Young Justice (2010)", "sub_cat_id": 116, "cat_id": 27, "property_id": 2, "mbti": "ENTP", "enneatype": "7w6"}, {"id": 1065, "mbti_profile": "M\u2019gann M\u2019orzz \u201cMiss Martian\u201d", "subcategory": "Young Justice (2010)", "profile_image_url": "https://static1.personality-database.com/profile_images/b876de7fe5a64b09a28ba442e8b84e62.png", "profile_name": "M\u2019gann M\u2019orzz \u201cMiss Martian\u201d", "profile_subcat": "Young Justice (2010)", "sub_cat_id": 116, "cat_id": 27, "property_id": 2, "mbti": "ESFJ", "enneatype": "2w3"}, {"id": 4699, "mbti_profile": "Zatanna", "subcategory": "Young Justice (2010)", "profile_image_url": "https://static1.personality-database.com/profile_images/c9ca47460f044d12abb453a4aa03a837.png", "profile_name": "Zatanna", "profile_subcat": "Young Justice (2010)", "sub_cat_id": 116, "cat_id": 27, "property_id": 2, "mbti": "INFP", "enneatype": "5w4"}, {"id": 1068, "mbti_profile": "Wally West \u201cKid Flash\u201d", "subcategory": "Young Justice (2010)", "profile_image_url": "https://static1.personality-database.com/profile_images/901ad952e2f2406ba4366543d8d3c0d0.png", "profile_name": "Wally West \u201cKid Flash\u201d", "profile_subcat": "Young Justice (2010)", "sub_cat_id": 116, "cat_id": 27, "property_id": 2, "mbti": "ESTP", "enneatype": "7w8"}, {"id": 164766, "mbti_profile": "Bruce Wayne \u201cBatman\u201d", "subcategory": "Young Justice (2010)", "profile_image_url": "https://static1.personality-database.com/profile_images/755c4d75846b4c2a99aba02555e86b02.png", "profile_name": "Bruce Wayne \u201cBatman\u201d", "profile_subcat": "Young Justice (2010)", "sub_cat_id": 116, "cat_id": 27, "property_id": 2, "mbti": "INTJ", "enneatype": "1w9"}], "functions": ["Ne", "Ti", "Fe", "Si"], "systems": [{"hex_color": "#888888", "id": 1, "personality_type": "XXXX", "personality_type_id": 0, "system_name": "Four Letter", "system_vote_count": 167, "user_vote_type_id": 0, "vote_id": 0}, {"hex_color": "#006775", "id": 2, "personality_type": "XXXX", "personality_type_id": 0, "system_name": "Enneagram", "system_vote_count": 79, "user_vote_type_id": 0, "vote_id": 0}, {"hex_color": "#006775", "id": 5, "personality_type": "XXXX", "personality_type_id": 0, "system_name": "Instinctual Variant", "system_vote_count": 29, "user_vote_type_id": 0, "vote_id": 0}, {"hex_color": "#006775", "id": 6, "personality_type": "XXXX", "personality_type_id": 0, "system_name": "Tritype", "system_vote_count": 34, "user_vote_type_id": 0, "vote_id": 0}, {"hex_color": "#888888", "id": 3, "personality_type": "XXXX", "personality_type_id": 0, "system_name": "Socionics", "system_vote_count": 17, "user_vote_type_id": 0, "vote_id": 0}, {"hex_color": "#888888", "id": 9, "personality_type": "XXXX", "personality_type_id": 0, "system_name": "Big 5 (SLOAN)", "system_vote_count": 9, "user_vote_type_id": 0, "vote_id": 0}, {"hex_color": "#888888", "id": 8, "personality_type": "XXXX", "personality_type_id": 0, "system_name": "Attitudinal Psyche", "system_vote_count": 7, "user_vote_type_id": 0, "vote_id": 0}, {"hex_color": "#888888", "id": 7, "personality_type": "XXXX", "personality_type_id": 0, "system_name": "Temperaments", "system_vote_count": 15, "user_vote_type_id": 0, "vote_id": 0}, {"hex_color": "#888888", "id": 11, "personality_type": "XXXX", "personality_type_id": 0, "system_name": "Classic Jungian", "system_vote_count": 4, "user_vote_type_id": 0, "vote_id": 0}], "breakdown_systems": {"1": [{"myValue": "ENTP", "personality_system_id": 1, "personality_type": "ENTP", "theCount": 140}, {"myValue": "ESTP", "personality_system_id": 1, "personality_type": "ESTP", "theCount": 8}, {"myValue": "ENFJ", "personality_system_id": 1, "personality_type": "ENFJ", "theCount": 6}, {"myValue": "ENFP", "personality_system_id": 1, "personality_type": "ENFP", "theCount": 6}, {"myValue": "ENTJ", "personality_system_id": 1, "personality_type": "ENTJ", "theCount": 2}, {"myValue": "INTP", "personality_system_id": 1, "personality_type": "INTP", "theCount": 2}, {"myValue": "ESTJ", "personality_system_id": 1, "personality_type": "ESTJ", "theCount": 1}, {"myValue": "INTJ", "personality_system_id": 1, "personality_type": "INTJ", "theCount": 1}, {"myValue": "ISTP", "personality_system_id": 1, "personality_type": "ISTP", "theCount": 1}], "11": [{"myValue": "EN(T)", "personality_system_id": 11, "personality_type": "EN(T)", "theCount": 4}], "2": [{"myValue": "5w6", "personality_system_id": 2, "personality_type": "5w6", "theCount": 37}, {"myValue": "7w6", "personality_system_id": 2, "personality_type": "7w6", "theCount": 20}, {"myValue": "3w4", "personality_system_id": 2, "personality_type": "3w4", "theCount": 11}, {"myValue": "7w8", "personality_system_id": 2, "personality_type": "7w8", "theCount": 4}, {"myValue": "3w2", "personality_system_id": 2, "personality_type": "3w2", "theCount": 2}, {"myValue": "6w5", "personality_system_id": 2, "personality_type": "6w5", "theCount": 2}, {"myValue": "4w3", "personality_system_id": 2, "personality_type": "4w3", "theCount": 1}, {"myValue": "5w4", "personality_system_id": 2, "personality_type": "5w4", "theCount": 1}, {"myValue": "8w7", "personality_system_id": 2, "personality_type": "8w7", "theCount": 1}], "3": [{"myValue": "LIE", "personality_system_id": 3, "personality_type": "LIE", "theCount": 9}, {"myValue": "ILE", "personality_system_id": 3, "personality_type": "ILE", "theCount": 7}, {"myValue": "SLE", "personality_system_id": 3, "personality_type": "SLE", "theCount": 1}], "4": [{"myValue": "Chaotic Good", "personality_system_id": 4, "personality_type": "Chaotic Good", "theCount": 6}, {"myValue": "Neutral Good", "personality_system_id": 4, "personality_type": "Neutral Good", "theCount": 1}], "5": [{"myValue": "sp/so", "personality_system_id": 5, "personality_type": "sp/so", "theCount": 12}, {"myValue": "so/sx", "personality_system_id": 5, "personality_type": "so/sx", "theCount": 8}, {"myValue": "so/sp", "personality_system_id": 5, "personality_type": "so/sp", "theCount": 3}, {"myValue": "sp/sx", "personality_system_id": 5, "personality_type": "sp/sx", "theCount": 2}, {"myValue": "sx/so", "personality_system_id": 5, "personality_type": "sx/so", "theCount": 2}, {"myValue": "sx/sp", "personality_system_id": 5, "personality_type": "sx/sp", "theCount": 2}], "6": [{"myValue": "713", "personality_system_id": 6, "personality_type": "713", "theCount": 11}, {"myValue": "583", "personality_system_id": 6, "personality_type": "583", "theCount": 6}, {"myValue": "378", "personality_system_id": 6, "personality_type": "378", "theCount": 4}, {"myValue": "358", "personality_system_id": 6, "personality_type": "358", "theCount": 2}, {"myValue": "513", "personality_system_id": 6, "personality_type": "513", "theCount": 2}, {"myValue": "531", "personality_system_id": 6, "personality_type": "531", "theCount": 2}, {"myValue": "538", "personality_system_id": 6, "personality_type": "538", "theCount": 2}, {"myValue": "371", "personality_system_id": 6, "personality_type": "371", "theCount": 1}, {"myValue": "387", "personality_system_id": 6, "personality_type": "387", "theCount": 1}, {"myValue": "612", "personality_system_id": 6, "personality_type": "612", "theCount": 1}, {"myValue": "641", "personality_system_id": 6, "personality_type": "641", "theCount": 1}, {"myValue": "783", "personality_system_id": 6, "personality_type": "783", "theCount": 1}], "7": [{"myValue": "Sanguine-Choleric", "personality_system_id": 7, "personality_type": "Sanguine-Choleric", "theCount": 11}, {"myValue": "Sanguine-Phlegmatic", "personality_system_id": 7, "personality_type": "Sanguine-Phlegmatic", "theCount": 2}, {"myValue": "Phlegmatic-Sanguine", "personality_system_id": 7, "personality_type": "Phlegmatic-Sanguine", "theCount": 1}, {"myValue": "Sanguine-Melancholic", "personality_system_id": 7, "personality_type": "Sanguine-Melancholic", "theCount": 1}], "8": [{"myValue": "VLFE", "personality_system_id": 8, "personality_type": "VLFE", "theCount": 3}, {"myValue": "LFVE", "personality_system_id": 8, "personality_type": "LFVE", "theCount": 2}, {"myValue": "LVFE", "personality_system_id": 8, "personality_type": "LVFE", "theCount": 2}], "9": [{"myValue": "SCOAI", "personality_system_id": 9, "personality_type": "SCOAI", "theCount": 5}, {"myValue": "RCOAI", "personality_system_id": 9, "personality_type": "RCOAI", "theCount": 3}, {"myValue": "SCUAI", "personality_system_id": 9, "personality_type": "SCUAI", "theCount": 1}]}, "breakdown_config": {"expand": {"1": 3, "11": 1, "2": 3, "3": 1, "4": 1, "5": 2, "6": 2, "7": 1, "8": 1, "9": 1}, "fire": {"1": 0, "11": 0, "2": 1, "3": 0, "4": 0, "5": 1, "6": 1, "7": 0, "8": 0, "9": 0}}, "mbti_letter_stats": [{"type": "E", "percentage": "98%", "PercentageFloat": 0.9760479041916168}, {"type": "N", "percentage": "94%", "PercentageFloat": 0.9401197604790419}, {"type": "T", "percentage": "93%", "PercentageFloat": 0.9281437125748503}, {"type": "P", "percentage": "94%", "PercentageFloat": 0.9401197604790419}], "topic_info": {"can_generate": false, "topic": {"description": "", "follow_count": 0, "id": 1001, "is_following": false, "is_join_pending": false, "is_banned": false, "is_moderated": false, "name_readable": "Dick Grayson \"Robin\" / \"Nightwing\"", "post_count": 4, "source_profile_id": 1064, "source_type": "profile", "join_to_post": false, "can_pin": false, "related_topics": [{"description": "", "follow_count": 0, "id": 1001, "is_following": false, "is_join_pending": false, "is_banned": false, "is_moderated": false, "name_readable": "Dick Grayson \"Robin\" / \"Nightwing\"", "post_count": 4, "source_profile_id": 1064, "source_type": "profile", "image": {"picURL": "https://static1.personality-database.com/profile_images/52d56d51348f496bb190b7a4ff346837.png"}, "join_to_post": false, "can_pin": false}, {"description": "", "follow_count": 0, "id": 4348, "is_following": false, "is_join_pending": false, "is_banned": false, "is_moderated": false, "name_readable": "Artemis Crock \"Tigress\"", "post_count": 2, "source_profile_id": 4698, "source_type": "profile", "image": {"picURL": "https://static1.personality-database.com/profile_images/0ee15290b8a4433b93a65f61e63ca946.png"}, "join_to_post": false, "can_pin": false}, {"description": "", "follow_count": 0, "id": 183298, "is_following": false, "is_join_pending": false, "is_banned": false, "is_moderated": false, "name_readable": "Dinah Lance \"Black Canary\"", "post_count": 1, "source_profile_id": 237228, "source_type": "profile", "image": {"picURL": "https://static1.personality-database.com/profile_images/2dbaca297be9444493d2f5997e201c27.png"}, "join_to_post": false, "can_pin": false}, {"description": "", "follow_count": 0, "id": 183296, "is_following": false, "is_join_pending": false, "is_banned": false, "is_moderated": false, "name_readable": "The Joker", "post_count": 1, "source_profile_id": 237226, "source_type": "profile", "image": {"picURL": "https://static1.personality-database.com/profile_images/e79eb8ecf1864795aba729075c9c0a14.png"}, "join_to_post": false, "can_pin": false}, {"description": "", "follow_count": 0, "id": 4347, "is_following": false, "is_join_pending": false, "is_banned": false, "is_moderated": false, "name_readable": "Conner Kent \"Superboy\"", "post_count": 1, "source_profile_id": 4697, "source_type": "profile", "image": {"picURL": "https://static1.personality-database.com/profile_images/c6ed03110fef4b37a2cc990bafe210e4.png"}, "join_to_post": false, "can_pin": false}, {"description": "", "follow_count": 0, "id": 4349, "is_following": false, "is_join_pending": false, "is_banned": false, "is_moderated": false, "name_readable": "Zatanna", "post_count": 1, "source_profile_id": 4699, "source_type": "profile", "image": {"picURL": "https://static1.personality-database.com/profile_images/c9ca47460f044d12abb453a4aa03a837.png"}, "join_to_post": false, "can_pin": false}, {"description": "", "follow_count": 0, "id": 182841, "is_following": false, "is_join_pending": false, "is_banned": false, "is_moderated": false, "name_readable": "Frederick DeLamb \"Baron Bedlam\"", "post_count": 0, "source_profile_id": 236641, "source_type": "profile", "image": {"picURL": "https://static1.personality-database.com/profile_images/3295c1f9f68246ddb315a4bc023a9e36.png"}, "join_to_post": false, "can_pin": false}, {"description": "", "follow_count": 0, "id": 183204, "is_following": false, "is_join_pending": false, "is_banned": false, "is_moderated": false, "name_readable": "Maurice Bodaway", "post_count": 0, "source_profile_id": 237127, "source_type": "profile", "image": {"picURL": "https://static1.personality-database.com/profile_images/5b63a7b6f5f44e6eb498d6eb3f54d29e.png"}, "join_to_post": false, "can_pin": false}, {"description": "#GreyDelisleGriffin", "follow_count": 0, "id": 183303, "is_following": false, "is_join_pending": false, "is_banned": false, "is_moderated": false, "name_readable": "Lois Lane", "post_count": 0, "source_profile_id": 237235, "source_type": "profile", "image": {"picURL": "https://static1.personality-database.com/profile_images/10bf60400bd14dfeaa1879b6c3321151.png"}, "join_to_post": false, "can_pin": false}, {"description": "", "follow_count": 0, "id": 183304, "is_following": false, "is_join_pending": false, "is_banned": false, "is_moderated": false, "name_readable": "B'arzz O'oomm\"Green Beetle\"", "post_count": 0, "source_profile_id": 237236, "source_type": "profile", "image": {"picURL": "https://static1.personality-database.com/profile_images/4e0899ffa1884ba492d8dc470475de62.png"}, "join_to_post": false, "can_pin": false}, {"description": "", "follow_count": 0, "id": 289388, "is_following": false, "is_join_pending": false, "is_banned": false, "is_moderated": false, "name_readable": "Tracie Thurston \"Thirteen\"", "post_count": 0, "source_profile_id": 376172, "source_type": "profile", "image": {"picURL": "https://static1.personality-database.com/profile_images/f351044a13a946cdbc58f204bb1adb5e.png"}, "join_to_post": false, "can_pin": false}, {"description": "", "follow_count": 0, "id": 182804, "is_following": false, "is_join_pending": false, "is_banned": false, "is_moderated": false, "name_readable": "Count Werner Vertigo", "post_count": 0, "source_profile_id": 236603, "source_type": "profile", "image": {"picURL": "https://static1.personality-database.com/profile_images/6e45dcf194fb4322981f65b9598242bf.png"}, "join_to_post": false, "can_pin": false}, {"description": "", "follow_count": 0, "id": 182806, "is_following": false, "is_join_pending": false, "is_banned": false, "is_moderated": false, "name_readable": "Eduardo Dorado Sr.", "post_count": 0, "source_profile_id": 236606, "source_type": "profile", "image": {"picURL": "https://static1.personality-database.com/profile_images/32b1f2a8aa1d48648e918df214a8227d.png"}, "join_to_post": false, "can_pin": false}, {"description": "", "follow_count": 0, "id": 182810, "is_following": false, "is_join_pending": false, "is_banned": false, "is_moderated": false, "name_readable": "Devastation", "post_count": 0, "source_profile_id": 236610, "source_type": "profile", "image": {"picURL": "https://static1.personality-database.com/profile_images/252dc924dcbe4276b10341f743e24586.png"}, "join_to_post": false, "can_pin": false}, {"description": "", "follow_count": 0, "id": 182823, "is_following": false, "is_join_pending": false, "is_banned": false, "is_moderated": false, "name_readable": "Wyynde", "post_count": 0, "source_profile_id": 236623, "source_type": "profile", "image": {"picURL": "https://static1.personality-database.com/profile_images/062b7d49de9c4efdbb06649cc88271fc.png"}, "join_to_post": false, "can_pin": false}, {"description": "", "follow_count": 0, "id": 183193, "is_following": false, "is_join_pending": false, "is_banned": false, "is_moderated": false, "name_readable": "Fatherbox", "post_count": 0, "source_profile_id": 237116, "source_type": "profile", "image": {"picURL": "https://static1.personality-database.com/profile_images/8fdab6b40f634f109384713fa37aef24.png"}, "join_to_post": false, "can_pin": false}], "subcategory": "Young Justice (2010)", "topic_image_url": "https://static1.personality-database.com/profile_images/52d56d51348f496bb190b7a4ff346837.png", "source_location": {"cid": 27, "pid": 2, "sub_cat_id": 116}, "can_post_image": false, "can_post_audio": false, "posts": {"posts": [{"username": "sneakman", "user_pic_path": "https://static1.personality-database.com/user_avatars/825793/940aebdd-1186-4863-ab7b-83cf30dea3b0.jpeg", "user_personality_type": "7w8", "is_mod": false, "comment_count": 0, "reply_count": 0, "vote_type": 0, "topics_list": [{"id": 1001, "name_readable": "Dick Grayson \"Robin\" / \"Nightwing\""}], "id": 1987926, "post_id": 1987926, "user_id": 825793, "title": "ok entp makes sense but ennea 5?", "content": "I'm not entirely sure about his enneagram but sp5 just doesn't fit. In theory that subtype would be one of the more \"typical\" of 5s and those characteristics do not fit mister Whelmed here. I guess if you look at his need to prove his worth and step out from Bruce's shadow, you could say that points to him being a 5, but that still seems like a stretch.", "create_date": 1671626127000, "unix_timestamp": 1671626127000, "update_date": 1671626127000, "vote_count": 0, "vote_count_down": 0, "is_reported": 0, "is_hidden": false, "is_pinned": false, "is_watching": false, "is_pro_user": false, "images": null, "audios": null, "function_list": [], "type": "post"}, {"username": "exPDBee622256", "user_pic_path": "", "user_personality_type": "XXXX", "is_mod": false, "comment_count": 1, "reply_count": 1, "vote_type": 0, "topics_list": [{"id": 1001, "name_readable": "Dick Grayson \"Robin\" / \"Nightwing\""}], "id": 1315399, "post_id": 1315399, "user_id": 622256, "title": "", "content": "5?\n\nand here I was thinking he was the biggest sp7 I've ever seen-", "create_date": 1662861776000, "unix_timestamp": 1662861776000, "update_date": 1662861776000, "vote_count": 1, "vote_count_down": 0, "is_reported": 0, "is_hidden": false, "is_pinned": false, "is_watching": false, "is_pro_user": false, "images": null, "audios": null, "function_list": [], "type": "post"}, {"username": "waelking", "user_pic_path": "https://static1.personality-database.com/user_avatars/641941/fcbe2f5b-2a2a-4692-b014-af535f84ba8e.jpeg", "user_personality_type": "ENTP-6w7-146", "is_mod": false, "comment_count": 0, "reply_count": 0, "vote_type": 0, "topics_list": [{"id": 1001, "name_readable": "Dick Grayson \"Robin\" / \"Nightwing\""}], "id": 1067463, "post_id": 1067463, "user_id": 641941, "title": "I love this version of Nightwing, maybe the best version of it", "content": "#mbti", "create_date": 1658951348000, "unix_timestamp": 1658951348000, "update_date": 1658951348000, "vote_count": 3, "vote_count_down": 0, "is_reported": 0, "is_hidden": false, "is_pinned": false, "is_watching": false, "is_pro_user": false, "images": null, "audios": null, "function_list": [], "type": "post"}]}}}}