{"id": 1073, "mbti_profile": "Margaret Elizabeth \u201cPeggy\u201d Carter", "profile_name_searchable": "margaretelizabeth\u201cpeggy\u201dcarter", "allow_commenting": true, "allow_voting": true, "user_id": 0, "contributor": "the nameless", "contributor_create_date": "2015-08-19 14:12:19", "contributor_pic_path": "https://www.personality-database.com/images/profile_transparent.png", "display_order": 1000, "edit_lock": 0, "edit_lock_picture": 0, "is_active": true, "is_approved": true, "mbti_enneagram_type": "ENTJ 8w9", "mbti_type": "ENTJ 8w9", "pdb_comment_access": true, "pdb_page_owner": 0, "pdb_public_access": true, "wiki_description": "Margaret \u201cPeggy\u201d Elizabeth Carter was one of the most prominent agents of the Strategic Scientific Reserve during and after World War II and one of the founders of S.H.I.E.L.D.. Originally a code-breaker working at Bletchley Park, she joined the Special Operations Executive following her brother's death. Carter later joined the SSR, formed to fight HYDRA. On the mission in Germany, she saved Abraham Erskine from Johann Schmidt. The success of her mission enabled the SSR to start Project Rebirth and develop their Super Soldier Serum to make the army of Super Soldiers. During the project, she had befriended Steve Rogers, one of the project's candidates.", "watch_count": 619, "comment_count": 67, "vote_count": 391, "vote_count_enneagram": 178, "vote_count_mbti": 391, "total_vote_counts": 712, "personality_type": "ENTJ - 8w9 - sp/so - 835 - LIE - SCOEI - VLFE - Choleric [Dominant] - ET(S)", "type_updated_date": "2022-12-17 16:29:13", "enneagram_vote": "", "enneagram_vote_id": 0, "mbti_vote": "", "mbti_vote_id": 0, "is_watching": false, "image_exists": false, "profile_image_url": "https://static1.personality-database.com/profile_images/a52cb9f01a8d413e822e96d232da0df3.png", "profile_image_credit": "", "profile_image_credit_id": 463099, "profile_image_credit_type": "0", "profile_image_credit_url": "", "alt_subcategory": "", "related_subcategories": "39|||MCU: The Heroes", "cat_id": 27, "category": "Superheroes", "category_is_fictional": true, "sub_cat_id": 117, "subcategory": "Agent Carter", "subcat_link_info": {"sub_cat_id": 117, "cat_id": 27, "property_id": 2, "subcategory": "Agent Carter"}, "related_subcat_link_info": [{"sub_cat_id": 39, "cat_id": 27, "property_id": 2, "subcategory": "MCU: The Heroes"}], "related_profiles": [{"id": 1076, "mbti_profile": "Daniel Sousa", "subcategory": "Agent Carter", "profile_image_url": "https://static1.personality-database.com/profile_images/5108e71c0721424687c08b9c4ae4503b.png", "profile_name": "Daniel Sousa", "profile_subcat": "Agent Carter", "sub_cat_id": 117, "cat_id": 27, "property_id": 2, "mbti": "INFP", "enneatype": "6w5"}, {"id": 1074, "mbti_profile": "Edwin Jarvis", "subcategory": "Agent Carter", "profile_image_url": "https://static1.personality-database.com/profile_images/216d46678bdc4c7c84a4f68df0811899.png", "profile_name": "Edwin Jarvis", "profile_subcat": "Agent Carter", "sub_cat_id": 117, "cat_id": 27, "property_id": 2, "mbti": "ISFJ", "enneatype": "9w1"}, {"id": 1077, "mbti_profile": "Howard Stark", "subcategory": "Agent Carter", "profile_image_url": "https://static1.personality-database.com/profile_images/81665a3acf78438ca8e79aa9decdcea1.png", "profile_name": "Howard Stark", "profile_subcat": "Agent Carter", "sub_cat_id": 117, "cat_id": 27, "property_id": 2, "mbti": "ESTP", "enneatype": "7w8"}, {"id": 2306, "mbti_profile": "Whitney Frost / Agnes Cully", "subcategory": "Agent Carter", "profile_image_url": "https://static1.personality-database.com/profile_images/18ae3719be82482fb59b9631f9718c3c.png", "profile_name": "Whitney Frost / Agnes Cully", "profile_subcat": "Agent Carter", "sub_cat_id": 117, "cat_id": 27, "property_id": 2, "mbti": "ENTJ", "enneatype": "3w4"}, {"id": 103746, "mbti_profile": "Agent Yauch", "subcategory": "Agent Carter", "profile_image_url": "https://static1.personality-database.com/profile_images/d166d74ad95643b6aef8fdf19b2a45c5.png", "profile_name": "Agent Yauch", "profile_subcat": "Agent Carter", "sub_cat_id": 117, "cat_id": 27, "property_id": 2, "mbti": "ISFJ", "enneatype": ""}, {"id": 407418, "mbti_profile": "Wilma Cully", "subcategory": "Agent Carter", "profile_image_url": "", "profile_name": "Wilma Cully", "profile_subcat": "Agent Carter", "sub_cat_id": 117, "cat_id": 27, "property_id": 2, "mbti": "ENTP", "enneatype": ""}, {"id": 17399, "mbti_profile": "Ray Krzeminski", "subcategory": "Agent Carter", "profile_image_url": "https://static1.personality-database.com/profile_images/280b4c30d2084327afd4fd5b8305434f.png", "profile_name": "Ray Krzeminski", "profile_subcat": "Agent Carter", "sub_cat_id": 117, "cat_id": 27, "property_id": 2, "mbti": "ESTP", "enneatype": "7w8"}, {"id": 17406, "mbti_profile": "Rose Roberts", "subcategory": "Agent Carter", "profile_image_url": "https://static1.personality-database.com/profile_images/a612d2464b1041a1b2bdaf799047c3a6.png", "profile_name": "Rose Roberts", "profile_subcat": "Agent Carter", "sub_cat_id": 117, "cat_id": 27, "property_id": 2, "mbti": "ESFJ", "enneatype": "2w3"}], "functions": ["Te", "Ni", "Se", "Fi"], "systems": [{"hex_color": "#888888", "id": 1, "personality_type": "XXXX", "personality_type_id": 0, "system_name": "Four Letter", "system_vote_count": 382, "user_vote_type_id": 0, "vote_id": 0}, {"hex_color": "#006775", "id": 2, "personality_type": "XXXX", "personality_type_id": 0, "system_name": "Enneagram", "system_vote_count": 173, "user_vote_type_id": 0, "vote_id": 0}, {"hex_color": "#006775", "id": 5, "personality_type": "XXXX", "personality_type_id": 0, "system_name": "Instinctual Variant", "system_vote_count": 34, "user_vote_type_id": 0, "vote_id": 0}, {"hex_color": "#006775", "id": 6, "personality_type": "XXXX", "personality_type_id": 0, "system_name": "Tritype", "system_vote_count": 32, "user_vote_type_id": 0, "vote_id": 0}, {"hex_color": "#888888", "id": 3, "personality_type": "XXXX", "personality_type_id": 0, "system_name": "Socionics", "system_vote_count": 19, "user_vote_type_id": 0, "vote_id": 0}, {"hex_color": "#888888", "id": 9, "personality_type": "XXXX", "personality_type_id": 0, "system_name": "Big 5 (SLOAN)", "system_vote_count": 15, "user_vote_type_id": 0, "vote_id": 0}, {"hex_color": "#888888", "id": 8, "personality_type": "XXXX", "personality_type_id": 0, "system_name": "Attitudinal Psyche", "system_vote_count": 12, "user_vote_type_id": 0, "vote_id": 0}, {"hex_color": "#888888", "id": 7, "personality_type": "XXXX", "personality_type_id": 0, "system_name": "Temperaments", "system_vote_count": 37, "user_vote_type_id": 0, "vote_id": 0}, {"hex_color": "#888888", "id": 11, "personality_type": "XXXX", "personality_type_id": 0, "system_name": "Classic Jungian", "system_vote_count": 2, "user_vote_type_id": 0, "vote_id": 0}], "breakdown_systems": {"1": [{"myValue": "ENTJ", "personality_system_id": 1, "personality_type": "ENTJ", "theCount": 334}, {"myValue": "ESTJ", "personality_system_id": 1, "personality_type": "ESTJ", "theCount": 11}, {"myValue": "INTJ", "personality_system_id": 1, "personality_type": "INTJ", "theCount": 10}, {"myValue": "INFP", "personality_system_id": 1, "personality_type": "INFP", "theCount": 7}, {"myValue": "ESTP", "personality_system_id": 1, "personality_type": "ESTP", "theCount": 6}, {"myValue": "ISTJ", "personality_system_id": 1, "personality_type": "ISTJ", "theCount": 4}, {"myValue": "ENFJ", "personality_system_id": 1, "personality_type": "ENFJ", "theCount": 2}, {"myValue": "INFJ", "personality_system_id": 1, "personality_type": "INFJ", "theCount": 2}, {"myValue": "ISTP", "personality_system_id": 1, "personality_type": "ISTP", "theCount": 2}, {"myValue": "ENFP", "personality_system_id": 1, "personality_type": "ENFP", "theCount": 1}, {"myValue": "ESFP", "personality_system_id": 1, "personality_type": "ESFP", "theCount": 1}, {"myValue": "INTP", "personality_system_id": 1, "personality_type": "INTP", "theCount": 1}, {"myValue": "ISFP", "personality_system_id": 1, "personality_type": "ISFP", "theCount": 1}], "11": [{"myValue": "ET(S)", "personality_system_id": 11, "personality_type": "ET(S)", "theCount": 2}], "2": [{"myValue": "8w9", "personality_system_id": 2, "personality_type": "8w9", "theCount": 155}, {"myValue": "8w7", "personality_system_id": 2, "personality_type": "8w7", "theCount": 15}, {"myValue": "1w2", "personality_system_id": 2, "personality_type": "1w2", "theCount": 1}, {"myValue": "1w9", "personality_system_id": 2, "personality_type": "1w9", "theCount": 1}, {"myValue": "3w2", "personality_system_id": 2, "personality_type": "3w2", "theCount": 1}], "3": [{"myValue": "LIE", "personality_system_id": 3, "personality_type": "LIE", "theCount": 18}, {"myValue": "ESI", "personality_system_id": 3, "personality_type": "ESI", "theCount": 1}], "4": [{"myValue": "Neutral Good", "personality_system_id": 4, "personality_type": "Neutral Good", "theCount": 4}, {"myValue": "Lawful Good", "personality_system_id": 4, "personality_type": "Lawful Good", "theCount": 2}], "5": [{"myValue": "sp/so", "personality_system_id": 5, "personality_type": "sp/so", "theCount": 28}, {"myValue": "so/sp", "personality_system_id": 5, "personality_type": "so/sp", "theCount": 2}, {"myValue": "so/sx", "personality_system_id": 5, "personality_type": "so/sx", "theCount": 2}, {"myValue": "sx/so", "personality_system_id": 5, "personality_type": "sx/so", "theCount": 2}], "6": [{"myValue": "835", "personality_system_id": 6, "personality_type": "835", "theCount": 24}, {"myValue": "853", "personality_system_id": 6, "personality_type": "853", "theCount": 4}, {"myValue": "836", "personality_system_id": 6, "personality_type": "836", "theCount": 2}, {"myValue": "135", "personality_system_id": 6, "personality_type": "135", "theCount": 1}, {"myValue": "837", "personality_system_id": 6, "personality_type": "837", "theCount": 1}], "7": [{"myValue": "Choleric [Dominant]", "personality_system_id": 7, "personality_type": "Choleric [Dominant]", "theCount": 30}, {"myValue": "Choleric-Melancholic", "personality_system_id": 7, "personality_type": "Choleric-Melancholic", "theCount": 3}, {"myValue": "Phlegmatic-Choleric", "personality_system_id": 7, "personality_type": "Phlegmatic-Choleric", "theCount": 2}, {"myValue": "Choleric-Phlegmatic", "personality_system_id": 7, "personality_type": "Choleric-Phlegmatic", "theCount": 1}, {"myValue": "Sanguine-Choleric", "personality_system_id": 7, "personality_type": "Sanguine-Choleric", "theCount": 1}], "8": [{"myValue": "VLFE", "personality_system_id": 8, "personality_type": "VLFE", "theCount": 12}], "9": [{"myValue": "SCOEI", "personality_system_id": 9, "personality_type": "SCOEI", "theCount": 14}, {"myValue": "SCOAI", "personality_system_id": 9, "personality_type": "SCOAI", "theCount": 1}]}, "breakdown_config": {"expand": {"1": 3, "11": 1, "2": 3, "3": 1, "4": 1, "5": 1, "6": 1, "7": 1, "8": 1, "9": 1}, "fire": {"1": 0, "11": 0, "2": 0, "3": 0, "4": 0, "5": 0, "6": 0, "7": 0, "8": 0, "9": 0}}, "mbti_letter_stats": [{"type": "E", "percentage": "93%", "PercentageFloat": 0.9293193717277487}, {"type": "N", "percentage": "93%", "PercentageFloat": 0.9345549738219895}, {"type": "T", "percentage": "96%", "PercentageFloat": 0.9633507853403142}, {"type": "J", "percentage": "95%", "PercentageFloat": 0.9502617801047121}], "topic_info": {"can_generate": false, "topic": {"description": "Margaret \u201cPeggy\u201d Elizabeth Carter was one of the most prominent agents of the Strategic Scientific Reserve during and after World War II and one of the founders of S.H.I.E.L.D.. Originally a code-breaker working at Bletchley Park, she joined the Special Operations Executive following her brother's death. Carter later joined the SSR, formed to fight HYDRA. On the mission in Germany, she saved Abraham Erskine from Johann Schmidt. The success of her mission enabled the SSR to start Project Rebirth and develop their Super Soldier Serum to make the army of Super Soldiers. During the project, she had befriended Steve Rogers, one of the project's candidates.\n\n#ENTJHeroes", "follow_count": 0, "id": 1010, "is_following": false, "is_join_pending": false, "is_banned": false, "is_moderated": false, "name_readable": "Margaret Elizabeth \u201cPeggy\u201d Carter", "post_count": 5, "source_profile_id": 1073, "source_type": "profile", "join_to_post": false, "can_pin": false, "related_topics": [{"description": "Margaret \u201cPeggy\u201d Elizabeth Carter was one of the most prominent agents of the Strategic Scientific Reserve during and after World War II and one of the founders of S.H.I.E.L.D.. Originally a code-breaker working at Bletchley Park, she joined the Special Operations Executive following her brother's death. Carter later joined the SSR, formed to fight HYDRA. On the mission in Germany, she saved Abraham Erskine from Johann Schmidt. The success of her mission enabled the SSR to start Project Rebirth and develop their Super Soldier Serum to make the army of Super Soldiers. During the project, she had befriended Steve Rogers, one of the project's candidates.\n\n#ENTJHeroes", "follow_count": 0, "id": 1010, "is_following": false, "is_join_pending": false, "is_banned": false, "is_moderated": false, "name_readable": "Margaret Elizabeth \u201cPeggy\u201d Carter", "post_count": 5, "source_profile_id": 1073, "source_type": "profile", "image": {"picURL": "https://static1.personality-database.com/profile_images/a52cb9f01a8d413e822e96d232da0df3.png"}, "join_to_post": false, "can_pin": false}, {"description": "Howard Anthony Walter Stark was an inventor, scientist, engineer, businessman and movie director. The founder of Stark Industries, Stark worked on various government projects during World War II, including the Manhattan Project and Project Rebirth, the latter of which resulted in using the Super Soldier Serum to create Captain America. Presenting Rogers with his vibranium shield, Stark aided him, as well as the United States Army and the Strategic Scientific Reserve, in the fight against HYDRA.", "follow_count": 0, "id": 1014, "is_following": false, "is_join_pending": false, "is_banned": false, "is_moderated": false, "name_readable": "Howard Stark", "post_count": 1, "source_profile_id": 1077, "source_type": "profile", "image": {"picURL": "https://static1.personality-database.com/profile_images/81665a3acf78438ca8e79aa9decdcea1.png"}, "join_to_post": false, "can_pin": false}, {"description": "", "follow_count": 0, "id": 82647, "is_following": false, "is_join_pending": false, "is_banned": false, "is_moderated": false, "name_readable": "Sasha Demidov", "post_count": 0, "source_profile_id": 103742, "source_type": "profile", "image": {"picURL": "https://static1.personality-database.com/profile_images/b9fe00c3640840b88eaea432f19db7d9.png"}, "join_to_post": false, "can_pin": false}, {"description": "", "follow_count": 0, "id": 15986, "is_following": false, "is_join_pending": false, "is_banned": false, "is_moderated": false, "name_readable": "Rose Roberts", "post_count": 0, "source_profile_id": 17406, "source_type": "profile", "image": {"picURL": "https://static1.personality-database.com/profile_images/a612d2464b1041a1b2bdaf799047c3a6.png"}, "join_to_post": false, "can_pin": false}, {"description": "", "follow_count": 0, "id": 15987, "is_following": false, "is_join_pending": false, "is_banned": false, "is_moderated": false, "name_readable": "Angie Martinelli", "post_count": 0, "source_profile_id": 17407, "source_type": "profile", "image": {"picURL": "https://static1.personality-database.com/profile_images/7196c75ccc5c4b58958ef4d5b0079cdc.png"}, "join_to_post": false, "can_pin": false}, {"description": "", "follow_count": 0, "id": 15988, "is_following": false, "is_join_pending": false, "is_banned": false, "is_moderated": false, "name_readable": "Miriam Fry", "post_count": 0, "source_profile_id": 17408, "source_type": "profile", "image": {"picURL": "https://static1.personality-database.com/profile_images/70e696e9e501410e8e5dc8aa8aac1987.png"}, "join_to_post": false, "can_pin": false}, {"description": "", "follow_count": 0, "id": 15989, "is_following": false, "is_join_pending": false, "is_banned": false, "is_moderated": false, "name_readable": "Timothy \"Dum Dum\" Dugan", "post_count": 0, "source_profile_id": 17409, "source_type": "profile", "image": {"picURL": "https://static1.personality-database.com/profile_images/ee6b7a98f38a48a0a1c0dd0dc6ae2846.png"}, "join_to_post": false, "can_pin": false}, {"description": "", "follow_count": 0, "id": 23688, "is_following": false, "is_join_pending": false, "is_banned": false, "is_moderated": false, "name_readable": "Leet Brannis", "post_count": 0, "source_profile_id": 26363, "source_type": "profile", "image": {"picURL": "https://static1.personality-database.com/profile_images/791fbe00caa1457091c9ab5ce364d97d.png"}, "join_to_post": false, "can_pin": false}, {"description": "", "follow_count": 0, "id": 32116, "is_following": false, "is_join_pending": false, "is_banned": false, "is_moderated": false, "name_readable": "Violet", "post_count": 0, "source_profile_id": 35869, "source_type": "profile", "image": {"picURL": "https://static1.personality-database.com/profile_images/45e119c96c714f6ca08d4012efc3f896.png"}, "join_to_post": false, "can_pin": false}, {"description": "", "follow_count": 0, "id": 82646, "is_following": false, "is_join_pending": false, "is_banned": false, "is_moderated": false, "name_readable": "Otto Mink", "post_count": 0, "source_profile_id": 103740, "source_type": "profile", "image": {"picURL": "https://static1.personality-database.com/profile_images/584ba48bc7184b91b788cd10edcb5dc8.png"}, "join_to_post": false, "can_pin": false}, {"description": "", "follow_count": 0, "id": 15984, "is_following": false, "is_join_pending": false, "is_banned": false, "is_moderated": false, "name_readable": "Anton Vanko", "post_count": 0, "source_profile_id": 17404, "source_type": "profile", "image": {"picURL": "https://static1.personality-database.com/profile_images/39f083ca66ef49ebaaf29d2960ec3e17.png"}, "join_to_post": false, "can_pin": false}, {"description": "", "follow_count": 0, "id": 82648, "is_following": false, "is_join_pending": false, "is_banned": false, "is_moderated": false, "name_readable": "Sheldon McFee", "post_count": 0, "source_profile_id": 103743, "source_type": "profile", "image": {"picURL": "https://static1.personality-database.com/profile_images/85cedad31e2c4be3b13921a1e166303f.png"}, "join_to_post": false, "can_pin": false}, {"description": "", "follow_count": 0, "id": 82649, "is_following": false, "is_join_pending": false, "is_banned": false, "is_moderated": false, "name_readable": "Spider Raymond", "post_count": 0, "source_profile_id": 103745, "source_type": "profile", "image": {"picURL": "https://static1.personality-database.com/profile_images/24ebe2927a7744fb87d81a25386fb98d.png"}, "join_to_post": false, "can_pin": false}, {"description": "", "follow_count": 0, "id": 82650, "is_following": false, "is_join_pending": false, "is_banned": false, "is_moderated": false, "name_readable": "Agent Yauch", "post_count": 0, "source_profile_id": 103746, "source_type": "profile", "image": {"picURL": "https://static1.personality-database.com/profile_images/d166d74ad95643b6aef8fdf19b2a45c5.png"}, "join_to_post": false, "can_pin": false}, {"description": "", "follow_count": 0, "id": 82651, "is_following": false, "is_join_pending": false, "is_banned": false, "is_moderated": false, "name_readable": "Michael Carter", "post_count": 0, "source_profile_id": 103747, "source_type": "profile", "image": {"picURL": "https://static1.personality-database.com/profile_images/028f7a6a55e34f1a851896b1ec17890a.png"}, "join_to_post": false, "can_pin": false}, {"description": "", "follow_count": 0, "id": 82652, "is_following": false, "is_join_pending": false, "is_banned": false, "is_moderated": false, "name_readable": "Thomas Gloucester", "post_count": 0, "source_profile_id": 103748, "source_type": "profile", "image": {"picURL": "https://static1.personality-database.com/profile_images/6d46b0a8157f41f6ba236d8ff58dbc9c.png"}, "join_to_post": false, "can_pin": false}], "subcategory": "Agent Carter", "topic_image_url": "https://static1.personality-database.com/profile_images/a52cb9f01a8d413e822e96d232da0df3.png", "source_location": {"cid": 27, "pid": 2, "sub_cat_id": 117}, "can_post_image": false, "can_post_audio": false, "posts": {"posts": [{"username": "Kaeve", "user_pic_path": "https://static1.personality-database.com/user_avatars/92473/9fcd52f9-e6c8-4cb4-aaa7-ee4ac681a413_small.jpeg", "user_personality_type": "INFJ-4w5-451", "is_mod": false, "comment_count": 0, "reply_count": 0, "vote_type": 0, "topics_list": [{"id": 1010, "name_readable": "Margaret Elizabeth \u201cPeggy\u201d Carter"}], "id": 1729408, "post_id": 1729408, "user_id": 92473, "title": "", "content": "ofc Captain and Peggy are duals", "create_date": 1668311806000, "unix_timestamp": 1668311806000, "update_date": 1668311806000, "vote_count": 3, "vote_count_down": 0, "is_reported": 0, "is_hidden": false, "is_pinned": false, "is_watching": false, "is_pro_user": false, "images": null, "audios": null, "function_list": [], "type": "post"}, {"username": "serenesam", "user_pic_path": "https://lh3.googleusercontent.com/a-/AOh14Gix7FT8vnWqZDvLD-0FdNmSBk1qYU5QWs29JyswlA=s96-c", "user_personality_type": "5w4-582", "is_mod": false, "comment_count": 0, "reply_count": 0, "vote_type": 0, "topics_list": [{"id": 1010, "name_readable": "Margaret Elizabeth \u201cPeggy\u201d Carter"}], "id": 920923, "post_id": 920923, "user_id": 10186, "title": "", "content": "It's official, her Tritype with the incorporation of Wings is 8w7 3w4 5w6.", "create_date": 1656437813000, "unix_timestamp": 1656437813000, "update_date": 1656437813000, "vote_count": 0, "vote_count_down": 0, "is_reported": 0, "is_hidden": false, "is_pinned": false, "is_watching": false, "is_pro_user": false, "images": null, "audios": null, "function_list": [], "type": "post"}, {"username": "olalola", "user_pic_path": "https://lh3.googleusercontent.com/a-/AOh14GhKMlgGnpeUQK1gHPmDYwrwWGoduHWPqHJd3lBb0g=s96-c", "user_personality_type": "ENTP-9w8", "is_mod": false, "comment_count": 0, "reply_count": 0, "vote_type": 0, "topics_list": [{"id": 1010, "name_readable": "Margaret Elizabeth \u201cPeggy\u201d Carter"}], "id": 337334, "post_id": 337334, "user_id": 79179, "title": "we stan boss lady ^3^", "content": "anyone else notice the boss lady archetype, ENTJ-8w9-835-sp/so", "create_date": 1645130372000, "unix_timestamp": 1645130372000, "update_date": 1645130372000, "vote_count": 6, "vote_count_down": 0, "is_reported": 0, "is_hidden": false, "is_pinned": false, "is_watching": false, "is_pro_user": false, "images": null, "audios": null, "function_list": [], "type": "post"}]}}}}