{"id": 1084, "mbti_profile": "Harry Osborn", "profile_name_searchable": "harryosborn", "allow_commenting": true, "allow_voting": true, "user_id": 0, "contributor": "the nameless", "contributor_create_date": "2015-08-19 19:10:02", "contributor_pic_path": "https://www.personality-database.com/images/profile_transparent.png", "display_order": 985, "edit_lock": 0, "edit_lock_picture": 0, "is_active": true, "is_approved": true, "mbti_enneagram_type": "ESFP 3w2", "mbti_type": "ESFP 3w2", "pdb_comment_access": true, "pdb_page_owner": 0, "pdb_public_access": true, "wiki_description": "Harry Osborn is Peter Parker\u2019s best friend.", "watch_count": 191, "comment_count": 62, "vote_count": 258, "vote_count_enneagram": 100, "vote_count_mbti": 258, "total_vote_counts": 427, "personality_type": "ESFP - 3w2 - so/sp - 386 - SEE - SLUAN - VEFL - Choleric-Melancholic - EN(F)", "type_updated_date": "2022-12-08 19:35:46", "enneagram_vote": "", "enneagram_vote_id": 0, "mbti_vote": "", "mbti_vote_id": 0, "is_watching": false, "image_exists": false, "profile_image_url": "https://static1.personality-database.com/profile_images/ce0f0255756f4ec4b0f4df082bb6a4c2.png", "profile_image_credit": "", "profile_image_credit_id": 0, "profile_image_credit_type": "0", "profile_image_credit_url": "", "alt_subcategory": "", "related_subcategories": "", "cat_id": 27, "category": "Superheroes", "category_is_fictional": true, "sub_cat_id": 111, "subcategory": "The Spider-Man Trilogy (2002)", "subcat_link_info": {"sub_cat_id": 111, "cat_id": 27, "property_id": 2, "subcategory": "The Spider-Man Trilogy (2002)"}, "related_subcat_link_info": null, "related_profiles": [{"id": 477, "mbti_profile": "Peter Parker \u201cSpider-Man\u201d", "subcategory": "The Spider-Man Trilogy (2002)", "profile_image_url": "https://static1.personality-database.com/profile_images/0672dda1832541d8946364904348baaa.png", "profile_name": "Peter Parker \u201cSpider-Man\u201d", "profile_subcat": "The Spider-Man Trilogy (2002)", "sub_cat_id": 111, "cat_id": 27, "property_id": 2, "mbti": "INFP", "enneatype": "9w1"}, {"id": 1083, "mbti_profile": "Norman Osborn", "subcategory": "The Spider-Man Trilogy (2002)", "profile_image_url": "https://static1.personality-database.com/profile_images/7a96fc75bbcd474f95fa260e5631187e.png", "profile_name": "Norman Osborn", "profile_subcat": "The Spider-Man Trilogy (2002)", "sub_cat_id": 111, "cat_id": 27, "property_id": 2, "mbti": "ENTJ", "enneatype": "3w4"}, {"id": 1086, "mbti_profile": "Dr. Otto Octavius \u201cDoctor Octopus\u201d", "subcategory": "The Spider-Man Trilogy (2002)", "profile_image_url": "https://static1.personality-database.com/profile_images/6262c28e5cb540e38b971b12e7a36b59.png", "profile_name": "Dr. Otto Octavius \u201cDoctor Octopus\u201d", "profile_subcat": "The Spider-Man Trilogy (2002)", "sub_cat_id": 111, "cat_id": 27, "property_id": 2, "mbti": "INTJ", "enneatype": "5w6"}, {"id": 921, "mbti_profile": "Mary Jane Watson", "subcategory": "The Spider-Man Trilogy (2002)", "profile_image_url": "https://static1.personality-database.com/profile_images/66ead15b7f0645f48229fd59c6e4ded8.png", "profile_name": "Mary Jane Watson", "profile_subcat": "The Spider-Man Trilogy (2002)", "sub_cat_id": 111, "cat_id": 27, "property_id": 2, "mbti": "ISFP", "enneatype": "3w2"}, {"id": 1085, "mbti_profile": "J. Jonah Jameson", "subcategory": "The Spider-Man Trilogy (2002)", "profile_image_url": "https://static1.personality-database.com/profile_images/0e2bab07526f4255975f90083a4a065c.png", "profile_name": "J. Jonah Jameson", "profile_subcat": "The Spider-Man Trilogy (2002)", "sub_cat_id": 111, "cat_id": 27, "property_id": 2, "mbti": "ESTJ", "enneatype": "8w7"}, {"id": 1088, "mbti_profile": "Flint Marko \u201cSandman\u201d", "subcategory": "The Spider-Man Trilogy (2002)", "profile_image_url": "https://static1.personality-database.com/profile_images/a0a32414c865475683a2967c98a9e367.png", "profile_name": "Flint Marko \u201cSandman\u201d", "profile_subcat": "The Spider-Man Trilogy (2002)", "sub_cat_id": 111, "cat_id": 27, "property_id": 2, "mbti": "ISFP", "enneatype": "9w8"}, {"id": 474299, "mbti_profile": "Green Goblin (Personality)", "subcategory": "The Spider-Man Trilogy (2002)", "profile_image_url": "https://static1.personality-database.com/profile_images/bf2b38e63581469889910333c7718433.png", "profile_name": "Green Goblin (Personality)", "profile_subcat": "The Spider-Man Trilogy (2002)", "sub_cat_id": 111, "cat_id": 27, "property_id": 2, "mbti": "ESTP", "enneatype": "8w7"}, {"id": 144820, "mbti_profile": "Mr. Ditkovich", "subcategory": "The Spider-Man Trilogy (2002)", "profile_image_url": "https://static1.personality-database.com/profile_images/e0d6f3b19e2e48dbb13a1d02b2c2007c.png", "profile_name": "Mr. Ditkovich", "profile_subcat": "The Spider-Man Trilogy (2002)", "sub_cat_id": 111, "cat_id": 27, "property_id": 2, "mbti": "ESFJ", "enneatype": "6w7"}], "functions": ["Se", "Fi", "Te", "Ni"], "systems": [{"hex_color": "#888888", "id": 1, "personality_type": "XXXX", "personality_type_id": 0, "system_name": "Four Letter", "system_vote_count": 253, "user_vote_type_id": 0, "vote_id": 0}, {"hex_color": "#006775", "id": 2, "personality_type": "XXXX", "personality_type_id": 0, "system_name": "Enneagram", "system_vote_count": 95, "user_vote_type_id": 0, "vote_id": 0}, {"hex_color": "#006775", "id": 5, "personality_type": "XXXX", "personality_type_id": 0, "system_name": "Instinctual Variant", "system_vote_count": 16, "user_vote_type_id": 0, "vote_id": 0}, {"hex_color": "#006775", "id": 6, "personality_type": "XXXX", "personality_type_id": 0, "system_name": "Tritype", "system_vote_count": 19, "user_vote_type_id": 0, "vote_id": 0}, {"hex_color": "#888888", "id": 3, "personality_type": "XXXX", "personality_type_id": 0, "system_name": "Socionics", "system_vote_count": 8, "user_vote_type_id": 0, "vote_id": 0}, {"hex_color": "#888888", "id": 9, "personality_type": "XXXX", "personality_type_id": 0, "system_name": "Big 5 (SLOAN)", "system_vote_count": 8, "user_vote_type_id": 0, "vote_id": 0}, {"hex_color": "#888888", "id": 8, "personality_type": "XXXX", "personality_type_id": 0, "system_name": "Attitudinal Psyche", "system_vote_count": 3, "user_vote_type_id": 0, "vote_id": 0}, {"hex_color": "#888888", "id": 7, "personality_type": "XXXX", "personality_type_id": 0, "system_name": "Temperaments", "system_vote_count": 19, "user_vote_type_id": 0, "vote_id": 0}, {"hex_color": "#888888", "id": 11, "personality_type": "XXXX", "personality_type_id": 0, "system_name": "Classic Jungian", "system_vote_count": 1, "user_vote_type_id": 0, "vote_id": 0}], "breakdown_systems": {"1": [{"myValue": "ESFP", "personality_system_id": 1, "personality_type": "ESFP", "theCount": 125}, {"myValue": "ENFP", "personality_system_id": 1, "personality_type": "ENFP", "theCount": 82}, {"myValue": "ENTP", "personality_system_id": 1, "personality_type": "ENTP", "theCount": 18}, {"myValue": "ISFP", "personality_system_id": 1, "personality_type": "ISFP", "theCount": 7}, {"myValue": "ESTP", "personality_system_id": 1, "personality_type": "ESTP", "theCount": 6}, {"myValue": "ENFJ", "personality_system_id": 1, "personality_type": "ENFJ", "theCount": 3}, {"myValue": "INTP", "personality_system_id": 1, "personality_type": "INTP", "theCount": 3}, {"myValue": "INFJ", "personality_system_id": 1, "personality_type": "INFJ", "theCount": 2}, {"myValue": "INFP", "personality_system_id": 1, "personality_type": "INFP", "theCount": 2}, {"myValue": "ISFJ", "personality_system_id": 1, "personality_type": "ISFJ", "theCount": 2}, {"myValue": "ENTJ", "personality_system_id": 1, "personality_type": "ENTJ", "theCount": 1}, {"myValue": "ESFJ", "personality_system_id": 1, "personality_type": "ESFJ", "theCount": 1}, {"myValue": "ISTP", "personality_system_id": 1, "personality_type": "ISTP", "theCount": 1}], "11": [{"myValue": "ES(F)", "personality_system_id": 11, "personality_type": "ES(F)", "theCount": 1}], "2": [{"myValue": "3w2", "personality_system_id": 2, "personality_type": "3w2", "theCount": 72}, {"myValue": "8w9", "personality_system_id": 2, "personality_type": "8w9", "theCount": 11}, {"myValue": "3w4", "personality_system_id": 2, "personality_type": "3w4", "theCount": 5}, {"myValue": "2w3", "personality_system_id": 2, "personality_type": "2w3", "theCount": 2}, {"myValue": "4w3", "personality_system_id": 2, "personality_type": "4w3", "theCount": 1}, {"myValue": "5w4", "personality_system_id": 2, "personality_type": "5w4", "theCount": 1}, {"myValue": "6w7", "personality_system_id": 2, "personality_type": "6w7", "theCount": 1}, {"myValue": "7w6", "personality_system_id": 2, "personality_type": "7w6", "theCount": 1}, {"myValue": "9w1", "personality_system_id": 2, "personality_type": "9w1", "theCount": 1}], "3": [{"myValue": "SEE", "personality_system_id": 3, "personality_type": "SEE", "theCount": 6}, {"myValue": "SLE", "personality_system_id": 3, "personality_type": "SLE", "theCount": 2}], "4": [{"myValue": "Chaotic Neutral", "personality_system_id": 4, "personality_type": "Chaotic Neutral", "theCount": 5}], "5": [{"myValue": "so/sp", "personality_system_id": 5, "personality_type": "so/sp", "theCount": 13}, {"myValue": "so/sx", "personality_system_id": 5, "personality_type": "so/sx", "theCount": 1}, {"myValue": "sp/so", "personality_system_id": 5, "personality_type": "sp/so", "theCount": 1}, {"myValue": "sp/sx", "personality_system_id": 5, "personality_type": "sp/sx", "theCount": 1}], "6": [{"myValue": "386", "personality_system_id": 6, "personality_type": "386", "theCount": 15}, {"myValue": "368", "personality_system_id": 6, "personality_type": "368", "theCount": 3}, {"myValue": "863", "personality_system_id": 6, "personality_type": "863", "theCount": 1}], "7": [{"myValue": "Choleric-Melancholic", "personality_system_id": 7, "personality_type": "Choleric-Melancholic", "theCount": 12}, {"myValue": "Choleric-Sanguine", "personality_system_id": 7, "personality_type": "Choleric-Sanguine", "theCount": 2}, {"myValue": "Sanguine-Choleric", "personality_system_id": 7, "personality_type": "Sanguine-Choleric", "theCount": 2}, {"myValue": "Choleric [Dominant]", "personality_system_id": 7, "personality_type": "Choleric [Dominant]", "theCount": 1}, {"myValue": "Melancholic-Choleric", "personality_system_id": 7, "personality_type": "Melancholic-Choleric", "theCount": 1}, {"myValue": "Sanguine [Dominant]", "personality_system_id": 7, "personality_type": "Sanguine [Dominant]", "theCount": 1}], "8": [{"myValue": "VEFL", "personality_system_id": 8, "personality_type": "VEFL", "theCount": 2}, {"myValue": "VELF", "personality_system_id": 8, "personality_type": "VELF", "theCount": 1}], "9": [{"myValue": "SLUAN", "personality_system_id": 9, "personality_type": "SLUAN", "theCount": 8}]}, "breakdown_config": {"expand": {"1": 3, "11": 1, "2": 3, "3": 1, "4": 1, "5": 1, "6": 1, "7": 1, "8": 1, "9": 1}, "fire": {"1": 1, "11": 0, "2": 0, "3": 0, "4": 0, "5": 0, "6": 0, "7": 0, "8": 0, "9": 0}}, "mbti_letter_stats": [{"type": "E", "percentage": "93%", "PercentageFloat": 0.932806324110672}, {"type": "S", "percentage": "56%", "PercentageFloat": 0.5612648221343873}, {"type": "F", "percentage": "89%", "PercentageFloat": 0.8853754940711462}, {"type": "P", "percentage": "96%", "PercentageFloat": 0.9644268774703557}], "topic_info": {"can_generate": false, "topic": {"description": "", "follow_count": 0, "id": 1021, "is_following": false, "is_join_pending": false, "is_banned": false, "is_moderated": false, "name_readable": "Harry Osborn", "post_count": 1, "source_profile_id": 1084, "source_type": "profile", "join_to_post": false, "can_pin": false, "related_topics": [{"description": "Portrayed by #TobeyMaguire", "follow_count": 5, "id": 438, "is_following": false, "is_join_pending": false, "is_banned": false, "is_moderated": false, "name_readable": "Peter Parker \u201cSpider-Man\u201d", "post_count": 25, "source_profile_id": 477, "source_type": "profile", "image": {"picURL": "https://static1.personality-database.com/profile_images/0672dda1832541d8946364904348baaa.png"}, "join_to_post": false, "can_pin": false}, {"description": "Dr. Octopus", "follow_count": 1, "id": 1023, "is_following": false, "is_join_pending": false, "is_banned": false, "is_moderated": false, "name_readable": "Dr. Otto Octavius \"Doctor Octopus\"", "post_count": 19, "source_profile_id": 1086, "source_type": "profile", "image": {"picURL": "https://static1.personality-database.com/profile_images/6262c28e5cb540e38b971b12e7a36b59.png"}, "join_to_post": false, "can_pin": false}, {"description": "#WillemDafoe", "follow_count": 4, "id": 1020, "is_following": false, "is_join_pending": false, "is_banned": false, "is_moderated": false, "name_readable": "Norman Osborn \"Green Goblin\"", "post_count": 18, "source_profile_id": 1083, "source_type": "profile", "image": {"picURL": "https://static1.personality-database.com/profile_images/7a96fc75bbcd474f95fa260e5631187e.png"}, "join_to_post": false, "can_pin": false}, {"description": "#KirstenDunst", "follow_count": 0, "id": 859, "is_following": false, "is_join_pending": false, "is_banned": false, "is_moderated": false, "name_readable": "Mary Jane Watson", "post_count": 16, "source_profile_id": 921, "source_type": "profile", "image": {"picURL": "https://static1.personality-database.com/profile_images/66ead15b7f0645f48229fd59c6e4ded8.png"}, "join_to_post": false, "can_pin": false}, {"description": "#JKSimmons", "follow_count": 0, "id": 1022, "is_following": false, "is_join_pending": false, "is_banned": false, "is_moderated": false, "name_readable": "J. Jonah Jameson", "post_count": 14, "source_profile_id": 1085, "source_type": "profile", "image": {"picURL": "https://static1.personality-database.com/profile_images/0e2bab07526f4255975f90083a4a065c.png"}, "join_to_post": false, "can_pin": false}, {"description": "#ESFPVillains", "follow_count": 0, "id": 1026, "is_following": false, "is_join_pending": false, "is_banned": false, "is_moderated": false, "name_readable": "Eddie Brock \u201cVenom\u201d", "post_count": 3, "source_profile_id": 1089, "source_type": "profile", "image": {"picURL": "https://static1.personality-database.com/profile_images/99b59f596b9d49579628024dbe5b5212.png"}, "join_to_post": false, "can_pin": false}, {"description": "After the formula injected into Norman Osborn caused him to develop unforeseen side effects, and alternate personality known as the \u201cGreen Goblin\u201d was created.", "follow_count": 0, "id": 328911, "is_following": false, "is_join_pending": false, "is_banned": false, "is_moderated": false, "name_readable": "Green Goblin (Personality)", "post_count": 1, "source_profile_id": 474299, "source_type": "profile", "image": {"picURL": "https://static1.personality-database.com/profile_images/bf2b38e63581469889910333c7718433.png"}, "join_to_post": false, "can_pin": false}, {"description": "\"I missed the part where that's my problem.\"", "follow_count": 0, "id": 291394, "is_following": false, "is_join_pending": false, "is_banned": false, "is_moderated": false, "name_readable": "Bully Maguire (Original)", "post_count": 1, "source_profile_id": 378654, "source_type": "profile", "image": {"picURL": "https://static1.personality-database.com/profile_images/8dd3ce6790d9489580fff487e3c15372.png"}, "join_to_post": false, "can_pin": false}, {"description": "", "follow_count": 0, "id": 24370, "is_following": false, "is_join_pending": false, "is_banned": false, "is_moderated": false, "name_readable": "Gwen Stacy", "post_count": 1, "source_profile_id": 27114, "source_type": "profile", "image": {"picURL": "https://static1.personality-database.com/profile_images/5c78455dd7df4bde971a8965329780ed.png"}, "join_to_post": false, "can_pin": false}, {"description": "", "follow_count": 0, "id": 1021, "is_following": false, "is_join_pending": false, "is_banned": false, "is_moderated": false, "name_readable": "Harry Osborn", "post_count": 1, "source_profile_id": 1084, "source_type": "profile", "image": {"picURL": "https://static1.personality-database.com/profile_images/ce0f0255756f4ec4b0f4df082bb6a4c2.png"}, "join_to_post": false, "can_pin": false}, {"description": "", "follow_count": 0, "id": 1025, "is_following": false, "is_join_pending": false, "is_banned": false, "is_moderated": false, "name_readable": "Flint Marko \"Sandman\"", "post_count": 1, "source_profile_id": 1088, "source_type": "profile", "image": {"picURL": "https://static1.personality-database.com/profile_images/a0a32414c865475683a2967c98a9e367.png"}, "join_to_post": false, "can_pin": false}, {"description": "", "follow_count": 0, "id": 275541, "is_following": false, "is_join_pending": false, "is_banned": false, "is_moderated": false, "name_readable": "Mendel Stromm", "post_count": 0, "source_profile_id": 358233, "source_type": "profile", "image": {"picURL": "https://static1.personality-database.com/profile_images/0e1701ec4ebe4efca667b2bd64c71a27.png"}, "join_to_post": false, "can_pin": false}, {"description": "", "follow_count": 0, "id": 275452, "is_following": false, "is_join_pending": false, "is_banned": false, "is_moderated": false, "name_readable": "Ring Announcer", "post_count": 0, "source_profile_id": 358042, "source_type": "profile", "image": {"picURL": "https://static1.personality-database.com/profile_images/8959c587957d4445a8972985196c23ae.png"}, "join_to_post": false, "can_pin": false}, {"description": "", "follow_count": 0, "id": 275533, "is_following": false, "is_join_pending": false, "is_banned": false, "is_moderated": false, "name_readable": "General Slocum", "post_count": 0, "source_profile_id": 358225, "source_type": "profile", "image": {"picURL": "https://static1.personality-database.com/profile_images/982acf3fc6494719bea5296b6c68a890.png"}, "join_to_post": false, "can_pin": false}, {"description": "", "follow_count": 0, "id": 275454, "is_following": false, "is_join_pending": false, "is_banned": false, "is_moderated": false, "name_readable": "The French Maitre", "post_count": 0, "source_profile_id": 358044, "source_type": "profile", "image": {"picURL": "https://static1.personality-database.com/profile_images/71e64027b9654c20932d5c3d57e0f411.png"}, "join_to_post": false, "can_pin": false}, {"description": "", "follow_count": 0, "id": 275453, "is_following": false, "is_join_pending": false, "is_banned": false, "is_moderated": false, "name_readable": "Snooty Usher", "post_count": 0, "source_profile_id": 358043, "source_type": "profile", "image": {"picURL": "https://static1.personality-database.com/profile_images/e192e55784ed44bea349511d91ebd02f.png"}, "join_to_post": false, "can_pin": false}], "subcategory": "The Spider-Man Trilogy (2002)", "topic_image_url": "https://static1.personality-database.com/profile_images/ce0f0255756f4ec4b0f4df082bb6a4c2.png", "source_location": {"cid": 27, "pid": 2, "sub_cat_id": 111}, "can_post_image": false, "can_post_audio": false, "posts": {"posts": [{"username": "Architect13", "user_pic_path": "", "user_personality_type": "INTJ-5w6", "is_mod": false, "comment_count": 0, "reply_count": 0, "vote_type": 0, "topics_list": [{"id": 1021, "name_readable": "Harry Osborn"}], "id": 1643976, "post_id": 1643976, "user_id": 962151, "title": "Himbo ", "content": "A true himbo", "create_date": 1667205119000, "unix_timestamp": 1667205119000, "update_date": 1667205119000, "vote_count": 2, "vote_count_down": 0, "is_reported": 0, "is_hidden": false, "is_pinned": false, "is_watching": false, "is_pro_user": false, "images": null, "audios": null, "function_list": [], "type": "post"}]}}}}