{"id": 1086, "mbti_profile": "Dr. Otto Octavius \u201cDoctor Octopus\u201d", "profile_name_searchable": "dr.ottooctaviusdoctoroctopus", "allow_commenting": true, "allow_voting": true, "user_id": 0, "contributor": "the nameless", "contributor_create_date": "2015-08-19 19:10:58", "contributor_pic_path": "https://www.personality-database.com/images/profile_transparent.png", "display_order": 975, "edit_lock": 0, "edit_lock_picture": 0, "is_active": true, "is_approved": true, "mbti_enneagram_type": "INTJ 5w6", "mbti_type": "INTJ 5w6", "pdb_comment_access": true, "pdb_page_owner": 0, "pdb_public_access": true, "wiki_description": "Doctor Otto Gunther Octavius is a nuclear scientist and inventor of a set of mechanical limbs to help his experiments. Unfortunately, the tentacles fused to Octavius' body in a lab accident, and their artificial intelligence corrupted his brain. Nicknamed Doctor Octopus or simply Doc Ock, he clashed with Spider-Man, until eventually Doctor Octopus drowned with his reactor. Under the thrall of his tentacles, Octavius, while he was Doctor Octopus, was bitter and hostile, with a stubborn temper that was difficult to reason with, due to the A.I. system of his tentacles being constantly in his head. Also, Octavius was unsure of trusting others and constantly complaining about everything, as shown when he was confounded by the young Peter Parker's insistence on giving him and the other villains a second chance. As a scientist, Octavius rebuffed the existence of magic, calling Doctor Strange a \"clown\", until he witnessed him use his powers, much to his astonishment.\n\n#AlfredMolina", "watch_count": 750, "comment_count": 58, "vote_count": 348, "vote_count_enneagram": 171, "vote_count_mbti": 348, "total_vote_counts": 711, "personality_type": "INTJ - 5w6 - sp/so - 513 - LII - RCOEI - LVFE - Melancholic-Choleric - IT(N)", "type_updated_date": "2023-01-15 22:02:32", "enneagram_vote": "", "enneagram_vote_id": 0, "mbti_vote": "", "mbti_vote_id": 0, "is_watching": false, "image_exists": false, "profile_image_url": "https://static1.personality-database.com/profile_images/6262c28e5cb540e38b971b12e7a36b59.png", "profile_image_credit": "", "profile_image_credit_id": 334368, "profile_image_credit_type": "0", "profile_image_credit_url": "undefined", "alt_subcategory": "", "related_subcategories": "18877|||MCU: The Villains", "cat_id": 27, "category": "Superheroes", "category_is_fictional": true, "sub_cat_id": 111, "subcategory": "The Spider-Man Trilogy (2002)", "subcat_link_info": {"sub_cat_id": 111, "cat_id": 27, "property_id": 2, "subcategory": "The Spider-Man Trilogy (2002)"}, "related_subcat_link_info": [{"sub_cat_id": 18877, "cat_id": 27, "property_id": 2, "subcategory": "MCU: The Villains"}], "related_profiles": [{"id": 477, "mbti_profile": "Peter Parker \u201cSpider-Man\u201d", "subcategory": "The Spider-Man Trilogy (2002)", "profile_image_url": "https://static1.personality-database.com/profile_images/0672dda1832541d8946364904348baaa.png", "profile_name": "Peter Parker \u201cSpider-Man\u201d", "profile_subcat": "The Spider-Man Trilogy (2002)", "sub_cat_id": 111, "cat_id": 27, "property_id": 2, "mbti": "INFP", "enneatype": "9w1"}, {"id": 1083, "mbti_profile": "Norman Osborn", "subcategory": "The Spider-Man Trilogy (2002)", "profile_image_url": "https://static1.personality-database.com/profile_images/7a96fc75bbcd474f95fa260e5631187e.png", "profile_name": "Norman Osborn", "profile_subcat": "The Spider-Man Trilogy (2002)", "sub_cat_id": 111, "cat_id": 27, "property_id": 2, "mbti": "ENTJ", "enneatype": "3w4"}, {"id": 1084, "mbti_profile": "Harry Osborn", "subcategory": "The Spider-Man Trilogy (2002)", "profile_image_url": "https://static1.personality-database.com/profile_images/ce0f0255756f4ec4b0f4df082bb6a4c2.png", "profile_name": "Harry Osborn", "profile_subcat": "The Spider-Man Trilogy (2002)", "sub_cat_id": 111, "cat_id": 27, "property_id": 2, "mbti": "ESFP", "enneatype": "3w2"}, {"id": 921, "mbti_profile": "Mary Jane Watson", "subcategory": "The Spider-Man Trilogy (2002)", "profile_image_url": "https://static1.personality-database.com/profile_images/66ead15b7f0645f48229fd59c6e4ded8.png", "profile_name": "Mary Jane Watson", "profile_subcat": "The Spider-Man Trilogy (2002)", "sub_cat_id": 111, "cat_id": 27, "property_id": 2, "mbti": "ISFP", "enneatype": "3w2"}, {"id": 1085, "mbti_profile": "J. Jonah Jameson", "subcategory": "The Spider-Man Trilogy (2002)", "profile_image_url": "https://static1.personality-database.com/profile_images/0e2bab07526f4255975f90083a4a065c.png", "profile_name": "J. Jonah Jameson", "profile_subcat": "The Spider-Man Trilogy (2002)", "sub_cat_id": 111, "cat_id": 27, "property_id": 2, "mbti": "ESTJ", "enneatype": "8w7"}, {"id": 1088, "mbti_profile": "Flint Marko \u201cSandman\u201d", "subcategory": "The Spider-Man Trilogy (2002)", "profile_image_url": "https://static1.personality-database.com/profile_images/a0a32414c865475683a2967c98a9e367.png", "profile_name": "Flint Marko \u201cSandman\u201d", "profile_subcat": "The Spider-Man Trilogy (2002)", "sub_cat_id": 111, "cat_id": 27, "property_id": 2, "mbti": "ISFP", "enneatype": "9w8"}, {"id": 474299, "mbti_profile": "Green Goblin (Personality)", "subcategory": "The Spider-Man Trilogy (2002)", "profile_image_url": "https://static1.personality-database.com/profile_images/bf2b38e63581469889910333c7718433.png", "profile_name": "Green Goblin (Personality)", "profile_subcat": "The Spider-Man Trilogy (2002)", "sub_cat_id": 111, "cat_id": 27, "property_id": 2, "mbti": "ESTP", "enneatype": "8w7"}, {"id": 144820, "mbti_profile": "Mr. Ditkovich", "subcategory": "The Spider-Man Trilogy (2002)", "profile_image_url": "https://static1.personality-database.com/profile_images/e0d6f3b19e2e48dbb13a1d02b2c2007c.png", "profile_name": "Mr. Ditkovich", "profile_subcat": "The Spider-Man Trilogy (2002)", "sub_cat_id": 111, "cat_id": 27, "property_id": 2, "mbti": "ESFJ", "enneatype": "6w7"}], "functions": ["Ni", "Te", "Fi", "Se"], "systems": [{"hex_color": "#888888", "id": 1, "personality_type": "XXXX", "personality_type_id": 0, "system_name": "Four Letter", "system_vote_count": 331, "user_vote_type_id": 0, "vote_id": 0}, {"hex_color": "#006775", "id": 2, "personality_type": "XXXX", "personality_type_id": 0, "system_name": "Enneagram", "system_vote_count": 156, "user_vote_type_id": 0, "vote_id": 0}, {"hex_color": "#006775", "id": 5, "personality_type": "XXXX", "personality_type_id": 0, "system_name": "Instinctual Variant", "system_vote_count": 40, "user_vote_type_id": 0, "vote_id": 0}, {"hex_color": "#006775", "id": 6, "personality_type": "XXXX", "personality_type_id": 0, "system_name": "Tritype", "system_vote_count": 38, "user_vote_type_id": 0, "vote_id": 0}, {"hex_color": "#888888", "id": 3, "personality_type": "XXXX", "personality_type_id": 0, "system_name": "Socionics", "system_vote_count": 45, "user_vote_type_id": 0, "vote_id": 0}, {"hex_color": "#888888", "id": 9, "personality_type": "XXXX", "personality_type_id": 0, "system_name": "Big 5 (SLOAN)", "system_vote_count": 34, "user_vote_type_id": 0, "vote_id": 0}, {"hex_color": "#888888", "id": 8, "personality_type": "XXXX", "personality_type_id": 0, "system_name": "Attitudinal Psyche", "system_vote_count": 14, "user_vote_type_id": 0, "vote_id": 0}, {"hex_color": "#888888", "id": 7, "personality_type": "XXXX", "personality_type_id": 0, "system_name": "Temperaments", "system_vote_count": 45, "user_vote_type_id": 0, "vote_id": 0}, {"hex_color": "#888888", "id": 11, "personality_type": "XXXX", "personality_type_id": 0, "system_name": "Classic Jungian", "system_vote_count": 4, "user_vote_type_id": 0, "vote_id": 0}], "breakdown_systems": {"1": [{"myValue": "INTJ", "personality_system_id": 1, "personality_type": "INTJ", "theCount": 291}, {"myValue": "INTP", "personality_system_id": 1, "personality_type": "INTP", "theCount": 17}, {"myValue": "INFJ", "personality_system_id": 1, "personality_type": "INFJ", "theCount": 15}, {"myValue": "ENTJ", "personality_system_id": 1, "personality_type": "ENTJ", "theCount": 5}, {"myValue": "ENFJ", "personality_system_id": 1, "personality_type": "ENFJ", "theCount": 1}, {"myValue": "INFP", "personality_system_id": 1, "personality_type": "INFP", "theCount": 1}, {"myValue": "ISFJ", "personality_system_id": 1, "personality_type": "ISFJ", "theCount": 1}], "11": [{"myValue": "IN(T)", "personality_system_id": 11, "personality_type": "IN(T)", "theCount": 2}, {"myValue": "IT(N)", "personality_system_id": 11, "personality_type": "IT(N)", "theCount": 2}], "2": [{"myValue": "5w6", "personality_system_id": 2, "personality_type": "5w6", "theCount": 138}, {"myValue": "5w4", "personality_system_id": 2, "personality_type": "5w4", "theCount": 5}, {"myValue": "8w9", "personality_system_id": 2, "personality_type": "8w9", "theCount": 4}, {"myValue": "1w9", "personality_system_id": 2, "personality_type": "1w9", "theCount": 3}, {"myValue": "1w2", "personality_system_id": 2, "personality_type": "1w2", "theCount": 1}, {"myValue": "2w1", "personality_system_id": 2, "personality_type": "2w1", "theCount": 1}, {"myValue": "3w4", "personality_system_id": 2, "personality_type": "3w4", "theCount": 1}, {"myValue": "4w5", "personality_system_id": 2, "personality_type": "4w5", "theCount": 1}, {"myValue": "6w5", "personality_system_id": 2, "personality_type": "6w5", "theCount": 1}, {"myValue": "8w7", "personality_system_id": 2, "personality_type": "8w7", "theCount": 1}], "3": [{"myValue": "LII", "personality_system_id": 3, "personality_type": "LII", "theCount": 21}, {"myValue": "LSI", "personality_system_id": 3, "personality_type": "LSI", "theCount": 19}, {"myValue": "ILI", "personality_system_id": 3, "personality_type": "ILI", "theCount": 3}, {"myValue": "EII", "personality_system_id": 3, "personality_type": "EII", "theCount": 1}, {"myValue": "LSE", "personality_system_id": 3, "personality_type": "LSE", "theCount": 1}], "4": [{"myValue": "True Neutral", "personality_system_id": 4, "personality_type": "True Neutral", "theCount": 4}], "5": [{"myValue": "sp/so", "personality_system_id": 5, "personality_type": "sp/so", "theCount": 21}, {"myValue": "so/sp", "personality_system_id": 5, "personality_type": "so/sp", "theCount": 14}, {"myValue": "sx/sp", "personality_system_id": 5, "personality_type": "sx/sp", "theCount": 4}, {"myValue": "sx/so", "personality_system_id": 5, "personality_type": "sx/so", "theCount": 1}], "6": [{"myValue": "513", "personality_system_id": 6, "personality_type": "513", "theCount": 24}, {"myValue": "531", "personality_system_id": 6, "personality_type": "531", "theCount": 4}, {"myValue": "853", "personality_system_id": 6, "personality_type": "853", "theCount": 2}, {"myValue": "136", "personality_system_id": 6, "personality_type": "136", "theCount": 1}, {"myValue": "216", "personality_system_id": 6, "personality_type": "216", "theCount": 1}, {"myValue": "512", "personality_system_id": 6, "personality_type": "512", "theCount": 1}, {"myValue": "514", "personality_system_id": 6, "personality_type": "514", "theCount": 1}, {"myValue": "538", "personality_system_id": 6, "personality_type": "538", "theCount": 1}, {"myValue": "539", "personality_system_id": 6, "personality_type": "539", "theCount": 1}, {"myValue": "584", "personality_system_id": 6, "personality_type": "584", "theCount": 1}, {"myValue": "854", "personality_system_id": 6, "personality_type": "854", "theCount": 1}], "7": [{"myValue": "Melancholic-Choleric", "personality_system_id": 7, "personality_type": "Melancholic-Choleric", "theCount": 30}, {"myValue": "Choleric-Melancholic", "personality_system_id": 7, "personality_type": "Choleric-Melancholic", "theCount": 8}, {"myValue": "Phlegmatic-Choleric", "personality_system_id": 7, "personality_type": "Phlegmatic-Choleric", "theCount": 3}, {"myValue": "Choleric [Dominant]", "personality_system_id": 7, "personality_type": "Choleric [Dominant]", "theCount": 1}, {"myValue": "Choleric-Phlegmatic", "personality_system_id": 7, "personality_type": "Choleric-Phlegmatic", "theCount": 1}, {"myValue": "Melancholic-Phlegmatic", "personality_system_id": 7, "personality_type": "Melancholic-Phlegmatic", "theCount": 1}, {"myValue": "Phlegmatic [Dominant]", "personality_system_id": 7, "personality_type": "Phlegmatic [Dominant]", "theCount": 1}], "8": [{"myValue": "LVFE", "personality_system_id": 8, "personality_type": "LVFE", "theCount": 11}, {"myValue": "EVLF", "personality_system_id": 8, "personality_type": "EVLF", "theCount": 1}, {"myValue": "LVEF", "personality_system_id": 8, "personality_type": "LVEF", "theCount": 1}, {"myValue": "VLFE", "personality_system_id": 8, "personality_type": "VLFE", "theCount": 1}], "9": [{"myValue": "RCOEI", "personality_system_id": 9, "personality_type": "RCOEI", "theCount": 15}, {"myValue": "RCOAI", "personality_system_id": 9, "personality_type": "RCOAI", "theCount": 6}, {"myValue": "RLOAI", "personality_system_id": 9, "personality_type": "RLOAI", "theCount": 6}, {"myValue": "RLOEI", "personality_system_id": 9, "personality_type": "RLOEI", "theCount": 2}, {"myValue": "SCOEI", "personality_system_id": 9, "personality_type": "SCOEI", "theCount": 2}, {"myValue": "RCOAN", "personality_system_id": 9, "personality_type": "RCOAN", "theCount": 1}, {"myValue": "RCUEI", "personality_system_id": 9, "personality_type": "RCUEI", "theCount": 1}, {"myValue": "SLOEI", "personality_system_id": 9, "personality_type": "SLOEI", "theCount": 1}]}, "breakdown_config": {"expand": {"1": 3, "11": 1, "2": 3, "3": 2, "4": 1, "5": 2, "6": 1, "7": 1, "8": 1, "9": 1}, "fire": {"1": 0, "11": 0, "2": 0, "3": 1, "4": 0, "5": 1, "6": 0, "7": 0, "8": 0, "9": 0}}, "mbti_letter_stats": [{"type": "I", "percentage": "98%", "PercentageFloat": 0.9818731117824774}, {"type": "N", "percentage": "100%", "PercentageFloat": 0.9969788519637462}, {"type": "T", "percentage": "95%", "PercentageFloat": 0.945619335347432}, {"type": "J", "percentage": "95%", "PercentageFloat": 0.945619335347432}], "topic_info": {"can_generate": false, "topic": {"description": "Dr. Octopus", "follow_count": 1, "id": 1023, "is_following": false, "is_join_pending": false, "is_banned": false, "is_moderated": false, "name_readable": "Dr. Otto Octavius \"Doctor Octopus\"", "post_count": 19, "source_profile_id": 1086, "source_type": "profile", "join_to_post": false, "can_pin": false, "related_topics": [{"description": "Portrayed by #TobeyMaguire", "follow_count": 5, "id": 438, "is_following": false, "is_join_pending": false, "is_banned": false, "is_moderated": false, "name_readable": "Peter Parker \u201cSpider-Man\u201d", "post_count": 25, "source_profile_id": 477, "source_type": "profile", "image": {"picURL": "https://static1.personality-database.com/profile_images/0672dda1832541d8946364904348baaa.png"}, "join_to_post": false, "can_pin": false}, {"description": "Dr. Octopus", "follow_count": 1, "id": 1023, "is_following": false, "is_join_pending": false, "is_banned": false, "is_moderated": false, "name_readable": "Dr. Otto Octavius \"Doctor Octopus\"", "post_count": 19, "source_profile_id": 1086, "source_type": "profile", "image": {"picURL": "https://static1.personality-database.com/profile_images/6262c28e5cb540e38b971b12e7a36b59.png"}, "join_to_post": false, "can_pin": false}, {"description": "#WillemDafoe", "follow_count": 4, "id": 1020, "is_following": false, "is_join_pending": false, "is_banned": false, "is_moderated": false, "name_readable": "Norman Osborn \"Green Goblin\"", "post_count": 18, "source_profile_id": 1083, "source_type": "profile", "image": {"picURL": "https://static1.personality-database.com/profile_images/7a96fc75bbcd474f95fa260e5631187e.png"}, "join_to_post": false, "can_pin": false}, {"description": "#KirstenDunst", "follow_count": 0, "id": 859, "is_following": false, "is_join_pending": false, "is_banned": false, "is_moderated": false, "name_readable": "Mary Jane Watson", "post_count": 16, "source_profile_id": 921, "source_type": "profile", "image": {"picURL": "https://static1.personality-database.com/profile_images/66ead15b7f0645f48229fd59c6e4ded8.png"}, "join_to_post": false, "can_pin": false}, {"description": "#JKSimmons", "follow_count": 0, "id": 1022, "is_following": false, "is_join_pending": false, "is_banned": false, "is_moderated": false, "name_readable": "J. Jonah Jameson", "post_count": 14, "source_profile_id": 1085, "source_type": "profile", "image": {"picURL": "https://static1.personality-database.com/profile_images/0e2bab07526f4255975f90083a4a065c.png"}, "join_to_post": false, "can_pin": false}, {"description": "#ESFPVillains", "follow_count": 0, "id": 1026, "is_following": false, "is_join_pending": false, "is_banned": false, "is_moderated": false, "name_readable": "Eddie Brock \u201cVenom\u201d", "post_count": 3, "source_profile_id": 1089, "source_type": "profile", "image": {"picURL": "https://static1.personality-database.com/profile_images/99b59f596b9d49579628024dbe5b5212.png"}, "join_to_post": false, "can_pin": false}, {"description": "After the formula injected into Norman Osborn caused him to develop unforeseen side effects, and alternate personality known as the \u201cGreen Goblin\u201d was created.", "follow_count": 0, "id": 328911, "is_following": false, "is_join_pending": false, "is_banned": false, "is_moderated": false, "name_readable": "Green Goblin (Personality)", "post_count": 1, "source_profile_id": 474299, "source_type": "profile", "image": {"picURL": "https://static1.personality-database.com/profile_images/bf2b38e63581469889910333c7718433.png"}, "join_to_post": false, "can_pin": false}, {"description": "\"I missed the part where that's my problem.\"", "follow_count": 0, "id": 291394, "is_following": false, "is_join_pending": false, "is_banned": false, "is_moderated": false, "name_readable": "Bully Maguire (Original)", "post_count": 1, "source_profile_id": 378654, "source_type": "profile", "image": {"picURL": "https://static1.personality-database.com/profile_images/8dd3ce6790d9489580fff487e3c15372.png"}, "join_to_post": false, "can_pin": false}, {"description": "", "follow_count": 0, "id": 24370, "is_following": false, "is_join_pending": false, "is_banned": false, "is_moderated": false, "name_readable": "Gwen Stacy", "post_count": 1, "source_profile_id": 27114, "source_type": "profile", "image": {"picURL": "https://static1.personality-database.com/profile_images/5c78455dd7df4bde971a8965329780ed.png"}, "join_to_post": false, "can_pin": false}, {"description": "", "follow_count": 0, "id": 1021, "is_following": false, "is_join_pending": false, "is_banned": false, "is_moderated": false, "name_readable": "Harry Osborn", "post_count": 1, "source_profile_id": 1084, "source_type": "profile", "image": {"picURL": "https://static1.personality-database.com/profile_images/ce0f0255756f4ec4b0f4df082bb6a4c2.png"}, "join_to_post": false, "can_pin": false}, {"description": "", "follow_count": 0, "id": 1025, "is_following": false, "is_join_pending": false, "is_banned": false, "is_moderated": false, "name_readable": "Flint Marko \"Sandman\"", "post_count": 1, "source_profile_id": 1088, "source_type": "profile", "image": {"picURL": "https://static1.personality-database.com/profile_images/a0a32414c865475683a2967c98a9e367.png"}, "join_to_post": false, "can_pin": false}, {"description": "", "follow_count": 0, "id": 275541, "is_following": false, "is_join_pending": false, "is_banned": false, "is_moderated": false, "name_readable": "Mendel Stromm", "post_count": 0, "source_profile_id": 358233, "source_type": "profile", "image": {"picURL": "https://static1.personality-database.com/profile_images/0e1701ec4ebe4efca667b2bd64c71a27.png"}, "join_to_post": false, "can_pin": false}, {"description": "", "follow_count": 0, "id": 275452, "is_following": false, "is_join_pending": false, "is_banned": false, "is_moderated": false, "name_readable": "Ring Announcer", "post_count": 0, "source_profile_id": 358042, "source_type": "profile", "image": {"picURL": "https://static1.personality-database.com/profile_images/8959c587957d4445a8972985196c23ae.png"}, "join_to_post": false, "can_pin": false}, {"description": "", "follow_count": 0, "id": 275533, "is_following": false, "is_join_pending": false, "is_banned": false, "is_moderated": false, "name_readable": "General Slocum", "post_count": 0, "source_profile_id": 358225, "source_type": "profile", "image": {"picURL": "https://static1.personality-database.com/profile_images/982acf3fc6494719bea5296b6c68a890.png"}, "join_to_post": false, "can_pin": false}, {"description": "", "follow_count": 0, "id": 275454, "is_following": false, "is_join_pending": false, "is_banned": false, "is_moderated": false, "name_readable": "The French Maitre", "post_count": 0, "source_profile_id": 358044, "source_type": "profile", "image": {"picURL": "https://static1.personality-database.com/profile_images/71e64027b9654c20932d5c3d57e0f411.png"}, "join_to_post": false, "can_pin": false}, {"description": "", "follow_count": 0, "id": 275453, "is_following": false, "is_join_pending": false, "is_banned": false, "is_moderated": false, "name_readable": "Snooty Usher", "post_count": 0, "source_profile_id": 358043, "source_type": "profile", "image": {"picURL": "https://static1.personality-database.com/profile_images/e192e55784ed44bea349511d91ebd02f.png"}, "join_to_post": false, "can_pin": false}], "subcategory": "The Spider-Man Trilogy (2002)", "topic_image_url": "https://static1.personality-database.com/profile_images/6262c28e5cb540e38b971b12e7a36b59.png", "source_location": {"cid": 27, "pid": 2, "sub_cat_id": 111}, "can_post_image": false, "can_post_audio": false, "posts": {"posts": [{"username": "evaluvr", "user_pic_path": "https://static1.personality-database.com/user_avatars/223694/8753fb9e-abe0-43cb-a442-ed73e761cee7.jpeg", "user_personality_type": "ISTJ-1w2-125", "is_mod": false, "comment_count": 1, "reply_count": 1, "vote_type": 0, "topics_list": [{"id": 1023, "name_readable": "Dr. Otto Octavius \"Doctor Octopus\""}], "id": 411896, "post_id": 411896, "user_id": 223694, "title": "", "content": "he's definitely an INTJ in the comics but im getting more fe in the film versions", "create_date": 1643682892000, "unix_timestamp": 1643682892000, "update_date": 1643682892000, "vote_count": 9, "vote_count_down": 0, "is_reported": 1, "is_hidden": false, "is_pinned": false, "is_watching": false, "is_pro_user": false, "images": null, "audios": null, "function_list": [], "type": "post"}, {"username": "iLvs92", "user_pic_path": "https://lh3.googleusercontent.com/a-/AFdZucr_W7hn2_Lp5rMGOp9PjFDAV3NSB1iar7-fpRcztg=s96-c", "user_personality_type": "ESTJ-3w4-368", "is_mod": false, "comment_count": 0, "reply_count": 0, "vote_type": 0, "topics_list": [{"id": 1023, "name_readable": "Dr. Otto Octavius \"Doctor Octopus\""}], "id": 238381, "post_id": 238381, "user_id": 510857, "title": "", "content": "i liked him more than peter in the last movie ngl he stole the spotlight", "create_date": 1641966537000, "unix_timestamp": 1641966537000, "update_date": 1641966537000, "vote_count": 27, "vote_count_down": 0, "is_reported": 0, "is_hidden": false, "is_pinned": false, "is_watching": false, "is_pro_user": false, "images": null, "audios": null, "function_list": [], "type": "post"}, {"username": "Jemster", "user_pic_path": "https://lh3.googleusercontent.com/a-/AOh14GiF8NTRL5giN1eSdgH1WQy-JrDjRuiGBZLCoGTO7Q=s96-c", "user_personality_type": "INTP-5w6-548", "is_mod": false, "comment_count": 1, "reply_count": 1, "vote_type": 0, "topics_list": [{"id": 1023, "name_readable": "Dr. Otto Octavius \"Doctor Octopus\""}], "id": 233945, "post_id": 233945, "user_id": 538548, "title": "INTP", "content": "He will always be an INTP to me. Especially after seeing No Way Home.", "create_date": 1641754174000, "unix_timestamp": 1641754174000, "update_date": 1641754174000, "vote_count": 3, "vote_count_down": 0, "is_reported": 0, "is_hidden": false, "is_pinned": false, "is_watching": false, "is_pro_user": false, "images": null, "audios": null, "function_list": [], "type": "post"}]}}}}