{"id": 1094, "mbti_profile": "Max Dillon \u201cElectro\u201d", "profile_name_searchable": "maxdillon\u201celectro\u201d", "allow_commenting": true, "allow_voting": true, "user_id": 0, "contributor": "the nameless", "contributor_create_date": "2015-08-19 19:13:53", "contributor_pic_path": "https://www.personality-database.com/images/profile_transparent.png", "display_order": 970, "edit_lock": 0, "edit_lock_picture": 0, "is_active": true, "is_approved": true, "mbti_enneagram_type": "ISFP 4w3", "mbti_type": "ISFP 4w3", "pdb_comment_access": true, "pdb_page_owner": 0, "pdb_public_access": true, "wiki_description": "Maxwell Dillon is an electrical engineer and the former supervillain known as Electro. Shunned for most of his life, Dillon was extremely insecure and lonely, seeing himself as a self-proclaimed nobody in spite of designing New York's Power grid for Oscorp Industries. However, Dillon was saved by Spider-Man on his way to work one day, in one of the latter's fights against the Russian Mob. Treated with kindness by the superhero, Max became obsessed with Spider-Man, coming to reimagine his life as a fantasy in which he and the latter were best friends, and even becoming more confident and social. Before he became Electro, Dillon is a self-described \"nobody\" in society: awkward, timid, and deeply introverted but naturally kind nonetheless. After gaining his electrical powers and became Electro, Dillon became an egotistical, cocky, and arrogant individual who takes great pride in his powers with the desire to play god as well, as it made him feel noticed and gain other people\u2019s attention.", "watch_count": 155, "comment_count": 21, "vote_count": 148, "vote_count_enneagram": 73, "vote_count_mbti": 148, "total_vote_counts": 309, "personality_type": "ISFP - 4w3 - sx/so - 469 - SEI - RLOEN - EFVL - Melancholic-Choleric", "type_updated_date": "2022-12-13 16:10:02", "enneagram_vote": "", "enneagram_vote_id": 0, "mbti_vote": "", "mbti_vote_id": 0, "is_watching": false, "image_exists": false, "profile_image_url": "https://static1.personality-database.com/profile_images/ddb88b2c97874eeda67d0b4568148379.png", "profile_image_credit": "", "profile_image_credit_id": 332860, "profile_image_credit_type": "0", "profile_image_credit_url": "undefined", "alt_subcategory": "", "related_subcategories": "18877|||MCU: The Villains", "cat_id": 27, "category": "Superheroes", "category_is_fictional": true, "sub_cat_id": 112, "subcategory": "The Amazing Spider-Man (2012)", "subcat_link_info": {"sub_cat_id": 112, "cat_id": 27, "property_id": 2, "subcategory": "The Amazing Spider-Man (2012)"}, "related_subcat_link_info": [{"sub_cat_id": 18877, "cat_id": 27, "property_id": 2, "subcategory": "MCU: The Villains"}], "related_profiles": [{"id": 920, "mbti_profile": "Peter Parker \u201cSpider-Man\u201d", "subcategory": "The Amazing Spider-Man (2012)", "profile_image_url": "https://static1.personality-database.com/profile_images/8c9e18abc7604add92eaae81933f53f6.png", "profile_name": "Peter Parker \u201cSpider-Man\u201d", "profile_subcat": "The Amazing Spider-Man (2012)", "sub_cat_id": 112, "cat_id": 27, "property_id": 2, "mbti": "ISTP", "enneatype": "5w4"}, {"id": 1095, "mbti_profile": "Harry Osborn \"Green Goblin\"", "subcategory": "The Amazing Spider-Man (2012)", "profile_image_url": "https://static1.personality-database.com/profile_images/acbf1cfdbee14838bf89ef0556cc3ef7.png", "profile_name": "Harry Osborn \"Green Goblin\"", "profile_subcat": "The Amazing Spider-Man (2012)", "sub_cat_id": 112, "cat_id": 27, "property_id": 2, "mbti": "INFP", "enneatype": "4w3"}, {"id": 596, "mbti_profile": "Gwen Stacy", "subcategory": "The Amazing Spider-Man (2012)", "profile_image_url": "https://static1.personality-database.com/profile_images/763af87493de4e80bc17559af7b91d75.png", "profile_name": "Gwen Stacy", "profile_subcat": "The Amazing Spider-Man (2012)", "sub_cat_id": 112, "cat_id": 27, "property_id": 2, "mbti": "ENFJ", "enneatype": "2w3"}, {"id": 1091, "mbti_profile": "Curt Connors \u201cThe Lizard\u201d", "subcategory": "The Amazing Spider-Man (2012)", "profile_image_url": "https://static1.personality-database.com/profile_images/730103817d844a4b90dffdc9d788eeed.png", "profile_name": "Curt Connors \u201cThe Lizard\u201d", "profile_subcat": "The Amazing Spider-Man (2012)", "sub_cat_id": 112, "cat_id": 27, "property_id": 2, "mbti": "INTJ", "enneatype": "1w2"}, {"id": 120415, "mbti_profile": "Felicia Hardy", "subcategory": "The Amazing Spider-Man (2012)", "profile_image_url": "https://static1.personality-database.com/profile_images/6ff6d94d725246c4b3a5e35938219108.png", "profile_name": "Felicia Hardy", "profile_subcat": "The Amazing Spider-Man (2012)", "sub_cat_id": 112, "cat_id": 27, "property_id": 2, "mbti": "ESTP", "enneatype": "7w8"}, {"id": 40915, "mbti_profile": "Ben Parker", "subcategory": "The Amazing Spider-Man (2012)", "profile_image_url": "https://static1.personality-database.com/profile_images/a66692d073014705a2d7497a1576a6d1.png", "profile_name": "Ben Parker", "profile_subcat": "The Amazing Spider-Man (2012)", "sub_cat_id": 112, "cat_id": 27, "property_id": 2, "mbti": "INFJ", "enneatype": "1w2"}, {"id": 380181, "mbti_profile": "Simon Stacy", "subcategory": "The Amazing Spider-Man (2012)", "profile_image_url": "https://static1.personality-database.com/profile_images/a7c2a16c5248422fac15b96224d76fb0.png", "profile_name": "Simon Stacy", "profile_subcat": "The Amazing Spider-Man (2012)", "sub_cat_id": 112, "cat_id": 27, "property_id": 2, "mbti": "ENTP", "enneatype": "7w8"}, {"id": 1092, "mbti_profile": "Captain Stacy", "subcategory": "The Amazing Spider-Man (2012)", "profile_image_url": "https://static1.personality-database.com/profile_images/a048b3fd1d964fbd9f3980043d91ecf6.png", "profile_name": "Captain Stacy", "profile_subcat": "The Amazing Spider-Man (2012)", "sub_cat_id": 112, "cat_id": 27, "property_id": 2, "mbti": "ESTJ", "enneatype": "1w9"}], "functions": ["Fi", "Se", "Ni", "Te"], "systems": [{"hex_color": "#888888", "id": 1, "personality_type": "XXXX", "personality_type_id": 0, "system_name": "Four Letter", "system_vote_count": 134, "user_vote_type_id": 0, "vote_id": 0}, {"hex_color": "#006775", "id": 2, "personality_type": "XXXX", "personality_type_id": 0, "system_name": "Enneagram", "system_vote_count": 70, "user_vote_type_id": 0, "vote_id": 0}, {"hex_color": "#006775", "id": 5, "personality_type": "XXXX", "personality_type_id": 0, "system_name": "Instinctual Variant", "system_vote_count": 34, "user_vote_type_id": 0, "vote_id": 0}, {"hex_color": "#006775", "id": 6, "personality_type": "XXXX", "personality_type_id": 0, "system_name": "Tritype", "system_vote_count": 20, "user_vote_type_id": 0, "vote_id": 0}, {"hex_color": "#888888", "id": 3, "personality_type": "XXXX", "personality_type_id": 0, "system_name": "Socionics", "system_vote_count": 11, "user_vote_type_id": 0, "vote_id": 0}, {"hex_color": "#888888", "id": 9, "personality_type": "XXXX", "personality_type_id": 0, "system_name": "Big 5 (SLOAN)", "system_vote_count": 14, "user_vote_type_id": 0, "vote_id": 0}, {"hex_color": "#888888", "id": 8, "personality_type": "XXXX", "personality_type_id": 0, "system_name": "Attitudinal Psyche", "system_vote_count": 7, "user_vote_type_id": 0, "vote_id": 0}, {"hex_color": "#888888", "id": 7, "personality_type": "XXXX", "personality_type_id": 0, "system_name": "Temperaments", "system_vote_count": 19, "user_vote_type_id": 0, "vote_id": 0}, {"hex_color": "#888888", "id": 11, "personality_type": "XXXX", "personality_type_id": 0, "system_name": "Classic Jungian", "system_vote_count": 0, "user_vote_type_id": 0, "vote_id": 0}], "breakdown_systems": {"1": [{"myValue": "ISFP", "personality_system_id": 1, "personality_type": "ISFP", "theCount": 71}, {"myValue": "ISFJ", "personality_system_id": 1, "personality_type": "ISFJ", "theCount": 32}, {"myValue": "INFP", "personality_system_id": 1, "personality_type": "INFP", "theCount": 14}, {"myValue": "INFJ", "personality_system_id": 1, "personality_type": "INFJ", "theCount": 9}, {"myValue": "ESFP", "personality_system_id": 1, "personality_type": "ESFP", "theCount": 2}, {"myValue": "ISTJ", "personality_system_id": 1, "personality_type": "ISTJ", "theCount": 2}, {"myValue": "ENFP", "personality_system_id": 1, "personality_type": "ENFP", "theCount": 1}, {"myValue": "ESFJ", "personality_system_id": 1, "personality_type": "ESFJ", "theCount": 1}, {"myValue": "ESTP", "personality_system_id": 1, "personality_type": "ESTP", "theCount": 1}, {"myValue": "INTP", "personality_system_id": 1, "personality_type": "INTP", "theCount": 1}], "11": [{"myValue": "XXXX", "personality_system_id": 0, "personality_type": "XXXX", "theCount": 0}], "2": [{"myValue": "4w3", "personality_system_id": 2, "personality_type": "4w3", "theCount": 53}, {"myValue": "2w1", "personality_system_id": 2, "personality_type": "2w1", "theCount": 7}, {"myValue": "2w3", "personality_system_id": 2, "personality_type": "2w3", "theCount": 3}, {"myValue": "4w5", "personality_system_id": 2, "personality_type": "4w5", "theCount": 3}, {"myValue": "6w7", "personality_system_id": 2, "personality_type": "6w7", "theCount": 2}, {"myValue": "3w4", "personality_system_id": 2, "personality_type": "3w4", "theCount": 1}, {"myValue": "9w8", "personality_system_id": 2, "personality_type": "9w8", "theCount": 1}], "3": [{"myValue": "IEI", "personality_system_id": 3, "personality_type": "IEI", "theCount": 5}, {"myValue": "SEI", "personality_system_id": 3, "personality_type": "SEI", "theCount": 5}, {"myValue": "EIE", "personality_system_id": 3, "personality_type": "EIE", "theCount": 1}], "5": [{"myValue": "sx/so", "personality_system_id": 5, "personality_type": "sx/so", "theCount": 18}, {"myValue": "so/sx", "personality_system_id": 5, "personality_type": "so/sx", "theCount": 9}, {"myValue": "sx/sp", "personality_system_id": 5, "personality_type": "sx/sp", "theCount": 3}, {"myValue": "so/sp", "personality_system_id": 5, "personality_type": "so/sp", "theCount": 2}, {"myValue": "sp/so", "personality_system_id": 5, "personality_type": "sp/so", "theCount": 2}], "6": [{"myValue": "469", "personality_system_id": 6, "personality_type": "469", "theCount": 7}, {"myValue": "461", "personality_system_id": 6, "personality_type": "461", "theCount": 3}, {"myValue": "468", "personality_system_id": 6, "personality_type": "468", "theCount": 2}, {"myValue": "487", "personality_system_id": 6, "personality_type": "487", "theCount": 2}, {"myValue": "261", "personality_system_id": 6, "personality_type": "261", "theCount": 1}, {"myValue": "369", "personality_system_id": 6, "personality_type": "369", "theCount": 1}, {"myValue": "486", "personality_system_id": 6, "personality_type": "486", "theCount": 1}, {"myValue": "495", "personality_system_id": 6, "personality_type": "495", "theCount": 1}, {"myValue": "649", "personality_system_id": 6, "personality_type": "649", "theCount": 1}, {"myValue": "946", "personality_system_id": 6, "personality_type": "946", "theCount": 1}], "7": [{"myValue": "Melancholic-Choleric", "personality_system_id": 7, "personality_type": "Melancholic-Choleric", "theCount": 9}, {"myValue": "Melancholic-Sanguine", "personality_system_id": 7, "personality_type": "Melancholic-Sanguine", "theCount": 6}, {"myValue": "Choleric-Melancholic", "personality_system_id": 7, "personality_type": "Choleric-Melancholic", "theCount": 2}, {"myValue": "Melancholic [Dominant]", "personality_system_id": 7, "personality_type": "Melancholic [Dominant]", "theCount": 2}], "8": [{"myValue": "EFVL", "personality_system_id": 8, "personality_type": "EFVL", "theCount": 3}, {"myValue": "EVFL", "personality_system_id": 8, "personality_type": "EVFL", "theCount": 1}, {"myValue": "EVLF", "personality_system_id": 8, "personality_type": "EVLF", "theCount": 1}, {"myValue": "FVLE", "personality_system_id": 8, "personality_type": "FVLE", "theCount": 1}, {"myValue": "LEFV", "personality_system_id": 8, "personality_type": "LEFV", "theCount": 1}], "9": [{"myValue": "RLOEN", "personality_system_id": 9, "personality_type": "RLOEN", "theCount": 7}, {"myValue": "RLOAN", "personality_system_id": 9, "personality_type": "RLOAN", "theCount": 2}, {"myValue": "RLUAN", "personality_system_id": 9, "personality_type": "RLUAN", "theCount": 1}, {"myValue": "RLUEI", "personality_system_id": 9, "personality_type": "RLUEI", "theCount": 1}, {"myValue": "RLUEN", "personality_system_id": 9, "personality_type": "RLUEN", "theCount": 1}, {"myValue": "SLUEI", "personality_system_id": 9, "personality_type": "SLUEI", "theCount": 1}, {"myValue": "SLUEN", "personality_system_id": 9, "personality_type": "SLUEN", "theCount": 1}]}, "breakdown_config": {"expand": {"1": 3, "11": 1, "2": 3, "3": 1, "5": 1, "6": 1, "7": 1, "8": 1, "9": 1}, "fire": {"1": 0, "11": 0, "2": 0, "3": 0, "5": 0, "6": 0, "7": 0, "8": 0, "9": 0}}, "mbti_letter_stats": [{"type": "I", "percentage": "96%", "PercentageFloat": 0.9626865671641791}, {"type": "S", "percentage": "81%", "PercentageFloat": 0.8134328358208955}, {"type": "F", "percentage": "97%", "PercentageFloat": 0.9701492537313433}, {"type": "P", "percentage": "67%", "PercentageFloat": 0.6716417910447762}], "topic_info": {"can_generate": false, "topic": {"description": "#ISFJVillains", "follow_count": 0, "id": 1031, "is_following": false, "is_join_pending": false, "is_banned": false, "is_moderated": false, "name_readable": "Max Dillon \u201cElectro\u201d", "post_count": 9, "source_profile_id": 1094, "source_type": "profile", "join_to_post": false, "can_pin": false, "related_topics": [{"description": "#AndrewGarfield #ISTPHeroes", "follow_count": 9, "id": 858, "is_following": false, "is_join_pending": false, "is_banned": false, "is_moderated": false, "name_readable": "Peter Parker \u201cSpider-Man\u201d", "post_count": 101, "source_profile_id": 920, "source_type": "profile", "image": {"picURL": "https://static1.personality-database.com/profile_images/8c9e18abc7604add92eaae81933f53f6.png"}, "join_to_post": false, "can_pin": false}, {"description": "#ISFJVillains", "follow_count": 0, "id": 1031, "is_following": false, "is_join_pending": false, "is_banned": false, "is_moderated": false, "name_readable": "Max Dillon \u201cElectro\u201d", "post_count": 9, "source_profile_id": 1094, "source_type": "profile", "image": {"picURL": "https://static1.personality-database.com/profile_images/ddb88b2c97874eeda67d0b4568148379.png"}, "join_to_post": false, "can_pin": false}, {"description": "", "follow_count": 0, "id": 1028, "is_following": false, "is_join_pending": false, "is_banned": false, "is_moderated": false, "name_readable": "Curt Connors \"The Lizard\"", "post_count": 3, "source_profile_id": 1091, "source_type": "profile", "image": {"picURL": "https://static1.personality-database.com/profile_images/730103817d844a4b90dffdc9d788eeed.png"}, "join_to_post": false, "can_pin": false}, {"description": "#EmmaStone as Gwen Stacy", "follow_count": 0, "id": 554, "is_following": false, "is_join_pending": false, "is_banned": false, "is_moderated": false, "name_readable": "Gwen Stacy", "post_count": 2, "source_profile_id": 596, "source_type": "profile", "image": {"picURL": "https://static1.personality-database.com/profile_images/763af87493de4e80bc17559af7b91d75.png"}, "join_to_post": false, "can_pin": false}, {"description": "#DaneDeHaan", "follow_count": 1, "id": 1032, "is_following": false, "is_join_pending": false, "is_banned": false, "is_moderated": false, "name_readable": "Harry Osborn \"Green Goblin\"", "post_count": 2, "source_profile_id": 1095, "source_type": "profile", "image": {"picURL": "https://static1.personality-database.com/profile_images/acbf1cfdbee14838bf89ef0556cc3ef7.png"}, "join_to_post": false, "can_pin": false}, {"description": "#MartinSheen", "follow_count": 0, "id": 36429, "is_following": false, "is_join_pending": false, "is_banned": false, "is_moderated": false, "name_readable": "Ben Parker", "post_count": 1, "source_profile_id": 40915, "source_type": "profile", "image": {"picURL": "https://static1.personality-database.com/profile_images/a66692d073014705a2d7497a1576a6d1.png"}, "join_to_post": false, "can_pin": false}, {"description": "The store clerk who refused to give Peter chocolate milk", "follow_count": 0, "id": 328126, "is_following": false, "is_join_pending": false, "is_banned": false, "is_moderated": false, "name_readable": "T-Bone", "post_count": 0, "source_profile_id": 447628, "source_type": "profile", "image": {"picURL": "https://static1.personality-database.com/profile_images/a9d9efc9fd8d431ca39d03f1d0408936.png"}, "join_to_post": false, "can_pin": false}, {"description": "#BJNovak", "follow_count": 0, "id": 332966, "is_following": false, "is_join_pending": false, "is_banned": false, "is_moderated": false, "name_readable": "Alistair Smythe", "post_count": 0, "source_profile_id": 429539, "source_type": "profile", "image": {"picURL": "https://www.personality-database.com/images/profile_transparent.png"}, "join_to_post": false, "can_pin": false}, {"description": "", "follow_count": 0, "id": 309903, "is_following": false, "is_join_pending": false, "is_banned": false, "is_moderated": false, "name_readable": "Dr. Kafka", "post_count": 0, "source_profile_id": 403685, "source_type": "profile", "image": {"picURL": "https://www.personality-database.com/images/profile_transparent.png"}, "join_to_post": false, "can_pin": false}, {"description": "", "follow_count": 0, "id": 295691, "is_following": false, "is_join_pending": false, "is_banned": false, "is_moderated": false, "name_readable": "May Parker", "post_count": 0, "source_profile_id": 384371, "source_type": "profile", "image": {"picURL": "https://static1.personality-database.com/profile_images/2b8016929e514cfdb8b443c38937fe52.png"}, "join_to_post": false, "can_pin": false}, {"description": "Helen Stacy is the widow of George Stacy and the mother of Gwen Stacy, Philip Stacy, Howard Stacy and Simon Stacy.", "follow_count": 0, "id": 292584, "is_following": false, "is_join_pending": false, "is_banned": false, "is_moderated": false, "name_readable": "Helen Stacy", "post_count": 0, "source_profile_id": 380183, "source_type": "profile", "image": {"picURL": "https://static1.personality-database.com/profile_images/95861e9418a94411ae0084fcf9c1e88d.png"}, "join_to_post": false, "can_pin": false}, {"description": "Simon Stacy is one of the brothers of Gwen Stacy, and the son of Helen Stacy and the late George Stacy.", "follow_count": 0, "id": 292583, "is_following": false, "is_join_pending": false, "is_banned": false, "is_moderated": false, "name_readable": "Simon Stacy", "post_count": 0, "source_profile_id": 380181, "source_type": "profile", "image": {"picURL": "https://static1.personality-database.com/profile_images/a7c2a16c5248422fac15b96224d76fb0.png"}, "join_to_post": false, "can_pin": false}, {"description": "Philip Stacy was the eldest brother of Gwen Stacy.", "follow_count": 0, "id": 292581, "is_following": false, "is_join_pending": false, "is_banned": false, "is_moderated": false, "name_readable": "Philip Stacy", "post_count": 0, "source_profile_id": 380179, "source_type": "profile", "image": {"picURL": "https://static1.personality-database.com/profile_images/669c9cd7dca24178aae67452e5c8f448.png"}, "join_to_post": false, "can_pin": false}, {"description": "Rajit Ratha was a high-level scientist and businessman who worked for Oscorp with Dr. Curt Connors. He was the overseer of Connors' limb regeneration project, as well as Richard Parker's spider project.", "follow_count": 0, "id": 292580, "is_following": false, "is_join_pending": false, "is_banned": false, "is_moderated": false, "name_readable": "Rajit Ratha", "post_count": 0, "source_profile_id": 380178, "source_type": "profile", "image": {"picURL": "https://static1.personality-database.com/profile_images/df143ff61b644efaab5c469d9f2efe4e.png"}, "join_to_post": false, "can_pin": false}, {"description": "Howard Stacy was the middle brother of Gwen Stacy.", "follow_count": 0, "id": 292579, "is_following": false, "is_join_pending": false, "is_banned": false, "is_moderated": false, "name_readable": "Howard Stacy", "post_count": 0, "source_profile_id": 380177, "source_type": "profile", "image": {"picURL": "https://static1.personality-database.com/profile_images/6a4e8b61dc09451280ef84817c05d89a.png"}, "join_to_post": false, "can_pin": false}, {"description": "Missy Kallenback was a student at Midtown Science High School who had a crush on Peter Parker.", "follow_count": 0, "id": 292578, "is_following": false, "is_join_pending": false, "is_banned": false, "is_moderated": false, "name_readable": "Missy Kallenback", "post_count": 0, "source_profile_id": 380176, "source_type": "profile", "image": {"picURL": "https://static1.personality-database.com/profile_images/3a103b6b03964cedbb6d3ca8c2af1ae0.png"}, "join_to_post": false, "can_pin": false}], "subcategory": "The Amazing Spider-Man (2012)", "topic_image_url": "https://static1.personality-database.com/profile_images/ddb88b2c97874eeda67d0b4568148379.png", "source_location": {"cid": 27, "pid": 2, "sub_cat_id": 112}, "can_post_image": false, "can_post_audio": false, "posts": {"posts": [{"username": "JactheJanus", "user_pic_path": "https://lh3.googleusercontent.com/a-/AOh14GhsPzfoMeH74bLInKFFnOZ93cfaCx362XN7C5YJoA=s96-c", "user_personality_type": "", "is_mod": false, "comment_count": 0, "reply_count": 0, "vote_type": 0, "topics_list": [{"id": 1031, "name_readable": "Max Dillon \u201cElectro\u201d"}], "id": 1811167, "post_id": 1811167, "user_id": 230343, "title": "Socionic Type", "content": "Does anyone have any argument for SEI or IEI?", "create_date": 1669453017000, "unix_timestamp": 1669453017000, "update_date": 1669453017000, "vote_count": 1, "vote_count_down": 0, "is_reported": 0, "is_hidden": false, "is_pinned": false, "is_watching": false, "is_pro_user": false, "images": null, "audios": null, "function_list": [], "type": "post"}, {"username": "akkuma.owo", "user_pic_path": "https://static1.personality-database.com/user_avatars/575496/5c070c84-fba3-41a2-959f-50ff626e2fe8_small.jpeg", "user_personality_type": "INFJ-6w5-641", "is_mod": false, "comment_count": 0, "reply_count": 0, "vote_type": 0, "topics_list": [{"id": 1031, "name_readable": "Max Dillon \u201cElectro\u201d"}], "id": 414125, "post_id": 414125, "user_id": 575496, "title": "", "content": "4 de asada spiderman", "create_date": 1647114860000, "unix_timestamp": 1647114860000, "update_date": 1647114860000, "vote_count": 2, "vote_count_down": 0, "is_reported": 0, "is_hidden": false, "is_pinned": false, "is_watching": false, "is_pro_user": false, "images": null, "audios": null, "function_list": [], "type": "post"}, {"username": "De Chris", "user_pic_path": "https://lh3.googleusercontent.com/a-/AOh14GgxozkHmhQvAAXivOHDKgVV2oBTipT8zy98IDwcLA=s96-c", "user_personality_type": "ESFP-7w6", "is_mod": false, "comment_count": 0, "reply_count": 0, "vote_type": 0, "topics_list": [{"id": 1031, "name_readable": "Max Dillon \u201cElectro\u201d"}], "id": 250160, "post_id": 250160, "user_id": 135234, "title": "", "content": "madafaka just straight up becomes a complete different person", "create_date": 1641728433000, "unix_timestamp": 1641728433000, "update_date": 1641728433000, "vote_count": 14, "vote_count_down": 0, "is_reported": 1, "is_hidden": false, "is_pinned": false, "is_watching": false, "is_pro_user": false, "images": null, "audios": null, "function_list": [], "type": "post"}]}}}}