{"id": 11224, "mbti_profile": "Rogue", "profile_name_searchable": "rogue", "allow_commenting": true, "allow_voting": true, "user_id": 3261, "contributor": "Jachn", "contributor_create_date": "2018-04-15 20:39:37", "contributor_pic_path": "https://lh5.googleusercontent.com/-7BVlTf580JM/AAAAAAAAAAI/AAAAAAAAFpA/fhDHaMjGnqM/s96-c/photo.jpg", "display_order": 0, "edit_lock": 0, "edit_lock_picture": 0, "is_active": true, "is_approved": true, "mbti_enneagram_type": "INFP 4w5", "mbti_type": "INFP 4w5", "pdb_comment_access": true, "pdb_page_owner": 0, "pdb_public_access": true, "wiki_description": "", "watch_count": 358, "comment_count": 6, "vote_count": 343, "vote_count_enneagram": 58, "vote_count_mbti": 343, "total_vote_counts": 360, "personality_type": "INFP - 4w5 - sx/sp - 458 - IEI - RLUEI - ELVF - Melancholic [Dominant] - IF(N)", "type_updated_date": "2022-11-15 14:39:44", "enneagram_vote": "", "enneagram_vote_id": 0, "mbti_vote": "", "mbti_vote_id": 0, "is_watching": false, "image_exists": false, "profile_image_url": "https://static1.personality-database.com/profile_images/8119f2e9378345c9bcb551e0892e8624.png", "profile_image_credit": "", "profile_image_credit_id": 259582, "profile_image_credit_type": "0", "profile_image_credit_url": "", "alt_subcategory": "", "related_subcategories": "", "cat_id": 27, "category": "Superheroes", "category_is_fictional": true, "sub_cat_id": 1493, "subcategory": "X-Men: Evolution", "subcat_link_info": {"sub_cat_id": 1493, "cat_id": 27, "property_id": 2, "subcategory": "X-Men: Evolution"}, "related_subcat_link_info": null, "related_profiles": [{"id": 11225, "mbti_profile": "Kitty Pryde \"Shadowcat\"", "subcategory": "X-Men: Evolution", "profile_image_url": "https://static1.personality-database.com/profile_images/d2a2b2eaae2049d38071b1dc3687dde1.png", "profile_name": "Kitty Pryde \"Shadowcat\"", "profile_subcat": "X-Men: Evolution", "sub_cat_id": 1493, "cat_id": 27, "property_id": 2, "mbti": "ENFP", "enneatype": "7w8"}, {"id": 11219, "mbti_profile": "Jean Grey", "subcategory": "X-Men: Evolution", "profile_image_url": "https://static1.personality-database.com/profile_images/2bbd3c69220b4fa09060c4cf32e502eb.png", "profile_name": "Jean Grey", "profile_subcat": "X-Men: Evolution", "sub_cat_id": 1493, "cat_id": 27, "property_id": 2, "mbti": "ENFJ", "enneatype": "2w1"}, {"id": 11221, "mbti_profile": "Ororo Munroe \"Storm\"", "subcategory": "X-Men: Evolution", "profile_image_url": "https://static1.personality-database.com/profile_images/0c751b7779cd474ab7947c3e413bfe2b.png", "profile_name": "Ororo Munroe \"Storm\"", "profile_subcat": "X-Men: Evolution", "sub_cat_id": 1493, "cat_id": 27, "property_id": 2, "mbti": "INTJ", "enneatype": "1w9"}, {"id": 11226, "mbti_profile": "Kurt Wagner \"Nightcrawler\"", "subcategory": "X-Men: Evolution", "profile_image_url": "https://static1.personality-database.com/profile_images/5560ee519191497e8074de113676dc71.png", "profile_name": "Kurt Wagner \"Nightcrawler\"", "profile_subcat": "X-Men: Evolution", "sub_cat_id": 1493, "cat_id": 27, "property_id": 2, "mbti": "ENFP", "enneatype": "7w6"}, {"id": 11235, "mbti_profile": "X-23", "subcategory": "X-Men: Evolution", "profile_image_url": "https://static1.personality-database.com/profile_images/2290ca44cf4b4f4eb688b15a6dad2fca.png", "profile_name": "X-23", "profile_subcat": "X-Men: Evolution", "sub_cat_id": 1493, "cat_id": 27, "property_id": 2, "mbti": "ISTP", "enneatype": "8w9"}, {"id": 11218, "mbti_profile": "Scott Summers \"Cyclops\"", "subcategory": "X-Men: Evolution", "profile_image_url": "https://static1.personality-database.com/profile_images/3a5fecc5635e401c8e562c976aee83e0.png", "profile_name": "Scott Summers \"Cyclops\"", "profile_subcat": "X-Men: Evolution", "sub_cat_id": 1493, "cat_id": 27, "property_id": 2, "mbti": "ISTJ", "enneatype": "3w2"}, {"id": 11220, "mbti_profile": "Logan \"Wolverine\"", "subcategory": "X-Men: Evolution", "profile_image_url": "https://static1.personality-database.com/profile_images/1272e6f077c4402c821aefa273987607.png", "profile_name": "Logan \"Wolverine\"", "profile_subcat": "X-Men: Evolution", "sub_cat_id": 1493, "cat_id": 27, "property_id": 2, "mbti": "ISTP", "enneatype": "8w9"}, {"id": 11234, "mbti_profile": "Erik Lehnsherr \"Magneto\"", "subcategory": "X-Men: Evolution", "profile_image_url": "https://static1.personality-database.com/profile_images/a1be0ebf60994796af906cf1041985dc.png", "profile_name": "Erik Lehnsherr \"Magneto\"", "profile_subcat": "X-Men: Evolution", "sub_cat_id": 1493, "cat_id": 27, "property_id": 2, "mbti": "INTJ", "enneatype": "8w9"}], "functions": ["Fi", "Ne", "Si", "Te"], "systems": [{"hex_color": "#888888", "id": 1, "personality_type": "XXXX", "personality_type_id": 0, "system_name": "Four Letter", "system_vote_count": 105, "user_vote_type_id": 0, "vote_id": 0}, {"hex_color": "#006775", "id": 2, "personality_type": "XXXX", "personality_type_id": 0, "system_name": "Enneagram", "system_vote_count": 58, "user_vote_type_id": 0, "vote_id": 0}, {"hex_color": "#006775", "id": 5, "personality_type": "XXXX", "personality_type_id": 0, "system_name": "Instinctual Variant", "system_vote_count": 32, "user_vote_type_id": 0, "vote_id": 0}, {"hex_color": "#006775", "id": 6, "personality_type": "XXXX", "personality_type_id": 0, "system_name": "Tritype", "system_vote_count": 33, "user_vote_type_id": 0, "vote_id": 0}, {"hex_color": "#888888", "id": 3, "personality_type": "XXXX", "personality_type_id": 0, "system_name": "Socionics", "system_vote_count": 30, "user_vote_type_id": 0, "vote_id": 0}, {"hex_color": "#888888", "id": 9, "personality_type": "XXXX", "personality_type_id": 0, "system_name": "Big 5 (SLOAN)", "system_vote_count": 29, "user_vote_type_id": 0, "vote_id": 0}, {"hex_color": "#888888", "id": 8, "personality_type": "XXXX", "personality_type_id": 0, "system_name": "Attitudinal Psyche", "system_vote_count": 29, "user_vote_type_id": 0, "vote_id": 0}, {"hex_color": "#888888", "id": 7, "personality_type": "XXXX", "personality_type_id": 0, "system_name": "Temperaments", "system_vote_count": 35, "user_vote_type_id": 0, "vote_id": 0}, {"hex_color": "#888888", "id": 11, "personality_type": "XXXX", "personality_type_id": 0, "system_name": "Classic Jungian", "system_vote_count": 7, "user_vote_type_id": 0, "vote_id": 0}], "breakdown_systems": {"1": [{"myValue": "INFP", "personality_system_id": 1, "personality_type": "INFP", "theCount": 66}, {"myValue": "ISFP", "personality_system_id": 1, "personality_type": "ISFP", "theCount": 33}, {"myValue": "INTP", "personality_system_id": 1, "personality_type": "INTP", "theCount": 3}, {"myValue": "ISTP", "personality_system_id": 1, "personality_type": "ISTP", "theCount": 2}, {"myValue": "INTJ", "personality_system_id": 1, "personality_type": "INTJ", "theCount": 1}], "11": [{"myValue": "IF(N)", "personality_system_id": 11, "personality_type": "IF(N)", "theCount": 7}], "2": [{"myValue": "4w5", "personality_system_id": 2, "personality_type": "4w5", "theCount": 54}, {"myValue": "4w3", "personality_system_id": 2, "personality_type": "4w3", "theCount": 3}, {"myValue": "7w8", "personality_system_id": 2, "personality_type": "7w8", "theCount": 1}], "3": [{"myValue": "IEI", "personality_system_id": 3, "personality_type": "IEI", "theCount": 27}, {"myValue": "ESI", "personality_system_id": 3, "personality_type": "ESI", "theCount": 3}], "4": [{"myValue": "Chaotic Good", "personality_system_id": 4, "personality_type": "Chaotic Good", "theCount": 1}, {"myValue": "Neutral Good", "personality_system_id": 4, "personality_type": "Neutral Good", "theCount": 1}], "5": [{"myValue": "sx/sp", "personality_system_id": 5, "personality_type": "sx/sp", "theCount": 27}, {"myValue": "sp/sx", "personality_system_id": 5, "personality_type": "sp/sx", "theCount": 4}, {"myValue": "sx/so", "personality_system_id": 5, "personality_type": "sx/so", "theCount": 1}], "6": [{"myValue": "458", "personality_system_id": 6, "personality_type": "458", "theCount": 29}, {"myValue": "468", "personality_system_id": 6, "personality_type": "468", "theCount": 3}, {"myValue": "459", "personality_system_id": 6, "personality_type": "459", "theCount": 1}], "7": [{"myValue": "Melancholic [Dominant]", "personality_system_id": 7, "personality_type": "Melancholic [Dominant]", "theCount": 29}, {"myValue": "Choleric-Melancholic", "personality_system_id": 7, "personality_type": "Choleric-Melancholic", "theCount": 2}, {"myValue": "Melancholic-Choleric", "personality_system_id": 7, "personality_type": "Melancholic-Choleric", "theCount": 2}, {"myValue": "Melancholic-Phlegmatic", "personality_system_id": 7, "personality_type": "Melancholic-Phlegmatic", "theCount": 1}, {"myValue": "Phlegmatic-Melancholic", "personality_system_id": 7, "personality_type": "Phlegmatic-Melancholic", "theCount": 1}], "8": [{"myValue": "ELVF", "personality_system_id": 8, "personality_type": "ELVF", "theCount": 27}, {"myValue": "EFVL", "personality_system_id": 8, "personality_type": "EFVL", "theCount": 1}, {"myValue": "ELFV", "personality_system_id": 8, "personality_type": "ELFV", "theCount": 1}], "9": [{"myValue": "RLUEI", "personality_system_id": 9, "personality_type": "RLUEI", "theCount": 29}]}, "breakdown_config": {"expand": {"1": 3, "11": 1, "2": 3, "3": 1, "4": 1, "5": 1, "6": 1, "7": 1, "8": 1, "9": 1}, "fire": {"1": 0, "11": 0, "2": 0, "3": 0, "4": 0, "5": 0, "6": 0, "7": 0, "8": 0, "9": 0}}, "mbti_letter_stats": [{"type": "I", "percentage": "100%", "PercentageFloat": 1}, {"type": "N", "percentage": "67%", "PercentageFloat": 0.6666666666666666}, {"type": "F", "percentage": "94%", "PercentageFloat": 0.9428571428571428}, {"type": "P", "percentage": "99%", "PercentageFloat": 0.9904761904761905}], "topic_info": {"can_generate": false, "topic": {"description": "", "follow_count": 0, "id": 10477, "is_following": false, "is_join_pending": false, "is_banned": false, "is_moderated": false, "name_readable": "Rogue", "post_count": 0, "source_profile_id": 11224, "source_type": "profile", "join_to_post": false, "can_pin": false, "related_topics": [{"description": "", "follow_count": 0, "id": 10486, "is_following": false, "is_join_pending": false, "is_banned": false, "is_moderated": false, "name_readable": "Tabitha Smith \"Boom-Boom\"", "post_count": 1, "source_profile_id": 11233, "source_type": "profile", "image": {"picURL": "https://static1.personality-database.com/profile_images/a3046701b680440eab43681494abfbcd.png"}, "join_to_post": false, "can_pin": false}, {"description": "", "follow_count": 0, "id": 10482, "is_following": false, "is_join_pending": false, "is_banned": false, "is_moderated": false, "name_readable": "Todd Tolansky \"Toad\"", "post_count": 1, "source_profile_id": 11229, "source_type": "profile", "image": {"picURL": "https://static1.personality-database.com/profile_images/399fcf9106c5475ea08afe41c346ece4.png"}, "join_to_post": false, "can_pin": false}, {"description": "", "follow_count": 0, "id": 65721, "is_following": false, "is_join_pending": false, "is_banned": false, "is_moderated": false, "name_readable": "Scaleface", "post_count": 0, "source_profile_id": 81066, "source_type": "profile", "image": {"picURL": "https://static1.personality-database.com/profile_images/65a67304fae1411487330d7cc484eb4a.png"}, "join_to_post": false, "can_pin": false}, {"description": "", "follow_count": 1, "id": 65727, "is_following": false, "is_join_pending": false, "is_banned": false, "is_moderated": false, "name_readable": "Amanda Sefton", "post_count": 0, "source_profile_id": 81072, "source_type": "profile", "image": {"picURL": "https://static1.personality-database.com/profile_images/a182ba85570a47d38e864a112ff52891.png"}, "join_to_post": false, "can_pin": false}, {"description": "", "follow_count": 0, "id": 65726, "is_following": false, "is_join_pending": false, "is_banned": false, "is_moderated": false, "name_readable": "Taryn Fujioka", "post_count": 0, "source_profile_id": 81071, "source_type": "profile", "image": {"picURL": "https://static1.personality-database.com/profile_images/81acbdbfa53749f19d0e7461d482b3a5.png"}, "join_to_post": false, "can_pin": false}, {"description": "", "follow_count": 0, "id": 65725, "is_following": false, "is_join_pending": false, "is_banned": false, "is_moderated": false, "name_readable": "Edward Kelly/ Principal Kelly", "post_count": 0, "source_profile_id": 81070, "source_type": "profile", "image": {"picURL": "https://static1.personality-database.com/profile_images/6f46f6f855e6495e821afc18e08a41ab.png"}, "join_to_post": false, "can_pin": false}, {"description": "", "follow_count": 0, "id": 65724, "is_following": false, "is_join_pending": false, "is_banned": false, "is_moderated": false, "name_readable": "Sentinels", "post_count": 0, "source_profile_id": 81069, "source_type": "profile", "image": {"picURL": "https://static1.personality-database.com/profile_images/05eb3976ee5b42908140146fc213aeab.png"}, "join_to_post": false, "can_pin": false}, {"description": "", "follow_count": 0, "id": 65723, "is_following": false, "is_join_pending": false, "is_banned": false, "is_moderated": false, "name_readable": "Cain Marko \"Juggernaut\"", "post_count": 0, "source_profile_id": 81068, "source_type": "profile", "image": {"picURL": "https://static1.personality-database.com/profile_images/5499fe4ddfad429e8401034f151f33f2.png"}, "join_to_post": false, "can_pin": false}, {"description": "", "follow_count": 0, "id": 65722, "is_following": false, "is_join_pending": false, "is_banned": false, "is_moderated": false, "name_readable": "Torpid", "post_count": 0, "source_profile_id": 81067, "source_type": "profile", "image": {"picURL": "https://static1.personality-database.com/profile_images/e7a4426227a44ed69ebf1eb88e069cb6.png"}, "join_to_post": false, "can_pin": false}, {"description": "", "follow_count": 0, "id": 65717, "is_following": false, "is_join_pending": false, "is_banned": false, "is_moderated": false, "name_readable": "Callisto", "post_count": 0, "source_profile_id": 81062, "source_type": "profile", "image": {"picURL": "https://static1.personality-database.com/profile_images/1d788b2af5c344b1bc92fc1f91833c68.png"}, "join_to_post": false, "can_pin": false}, {"description": "", "follow_count": 0, "id": 65713, "is_following": false, "is_join_pending": false, "is_banned": false, "is_moderated": false, "name_readable": "Forge", "post_count": 0, "source_profile_id": 81058, "source_type": "profile", "image": {"picURL": "https://static1.personality-database.com/profile_images/371bf016ea214b59b2d1a62506c87591.png"}, "join_to_post": false, "can_pin": false}, {"description": "", "follow_count": 0, "id": 65714, "is_following": false, "is_join_pending": false, "is_banned": false, "is_moderated": false, "name_readable": "Alex Masters \"Havok\"", "post_count": 0, "source_profile_id": 81059, "source_type": "profile", "image": {"picURL": "https://static1.personality-database.com/profile_images/a791985ef208467bb7c60b112d8f0321.png"}, "join_to_post": false, "can_pin": false}, {"description": "", "follow_count": 0, "id": 65715, "is_following": false, "is_join_pending": false, "is_banned": false, "is_moderated": false, "name_readable": "Warren Worthington III \"Angel\"", "post_count": 0, "source_profile_id": 81060, "source_type": "profile", "image": {"picURL": "https://static1.personality-database.com/profile_images/cbcdf52a8799418594368898a997fef5.png"}, "join_to_post": false, "can_pin": false}, {"description": "", "follow_count": 0, "id": 65716, "is_following": false, "is_join_pending": false, "is_banned": false, "is_moderated": false, "name_readable": "Caliban", "post_count": 0, "source_profile_id": 81061, "source_type": "profile", "image": {"picURL": "https://static1.personality-database.com/profile_images/614d933305404689a3b0ff1ed78947bf.png"}, "join_to_post": false, "can_pin": false}, {"description": "", "follow_count": 0, "id": 65719, "is_following": false, "is_join_pending": false, "is_banned": false, "is_moderated": false, "name_readable": "Fa\u00e7ade", "post_count": 0, "source_profile_id": 81064, "source_type": "profile", "image": {"picURL": "https://static1.personality-database.com/profile_images/e813f04717044135a6fc11cf50fe9013.png"}, "join_to_post": false, "can_pin": false}, {"description": "", "follow_count": 0, "id": 65720, "is_following": false, "is_join_pending": false, "is_banned": false, "is_moderated": false, "name_readable": "Lucid", "post_count": 0, "source_profile_id": 81065, "source_type": "profile", "image": {"picURL": "https://static1.personality-database.com/profile_images/a9b0dac4c1c14f63ba5ff25169f8506b.png"}, "join_to_post": false, "can_pin": false}], "subcategory": "X-Men: Evolution", "topic_image_url": "https://static1.personality-database.com/profile_images/8119f2e9378345c9bcb551e0892e8624.png", "source_location": {"cid": 27, "pid": 2, "sub_cat_id": 1493}, "can_post_image": false, "can_post_audio": false, "posts": {"posts": []}}}}