{"id": 11363, "mbti_profile": "Jerome Valeska", "profile_name_searchable": "jeromevaleska", "allow_commenting": true, "allow_voting": true, "user_id": 5034, "contributor": "Pixie Corpse", "contributor_create_date": "2018-04-22 04:57:14", "contributor_pic_path": "https://lh3.googleusercontent.com/a-/AOh14GhP11oLePJpse_uE9Avam1p-5603jw0OakH4qPw=s96-c", "display_order": 0, "edit_lock": 0, "edit_lock_picture": 0, "is_active": true, "is_approved": true, "mbti_enneagram_type": "ENTP 7w8", "mbti_type": "ENTP 7w8", "pdb_comment_access": true, "pdb_page_owner": 0, "pdb_public_access": true, "wiki_description": "Jerome is a nihilistic anarchist, sharing many similarities with the Joker. When Monaghan was cast as Jerome in \"The Blind Fortune Teller\", he avoided drawing inspiration from the actors who had played the Joker throughout the various Batman films. However, he did take inspiration from Mark Hamill's voice performance, in addition to reading as many comics featuring the character as he could to prepare for the role. After breaking him out of Arkham, Theo Galavan served as a mentor and father figure to Jerome, shaping his viewpoint of the world as a performance stage for evil. This stopped Jerome from limiting himself to smaller-scale acts of crime. A recurring theme on the show is how the Joker's ideology acts like a virus that can be spread through multiple characters, which executive producer Danny Cannon describes as \"the opposite of Bruce Wayne, somebody who just wants to destroy... that could be anyone.\"\nPortrayed by #CameronMonaghan #CompleteMonster", "watch_count": 431, "comment_count": 18, "vote_count": 187, "vote_count_enneagram": 109, "vote_count_mbti": 187, "total_vote_counts": 453, "personality_type": "ENTP - 7w8 - sx/so - 738 - EIE - SLUEI - VFEL - Sanguine [Dominant] - EN(T)", "type_updated_date": "2022-11-29 03:11:00", "enneagram_vote": "", "enneagram_vote_id": 0, "mbti_vote": "", "mbti_vote_id": 0, "is_watching": false, "image_exists": false, "profile_image_url": "https://static1.personality-database.com/profile_images/c102ffcf97914237a88003390c4cacf2.png", "profile_image_credit": "", "profile_image_credit_id": 462054, "profile_image_credit_type": "0", "profile_image_credit_url": "", "alt_subcategory": "", "related_subcategories": "", "cat_id": 27, "category": "Superheroes", "category_is_fictional": true, "sub_cat_id": 221, "subcategory": "Gotham (2014)", "subcat_link_info": {"sub_cat_id": 221, "cat_id": 27, "property_id": 2, "subcategory": "Gotham (2014)"}, "related_subcat_link_info": null, "related_profiles": [{"id": 1710, "mbti_profile": "Oswald Cobblepot \u201cThe Penguin\u201d", "subcategory": "Gotham (2014)", "profile_image_url": "https://static1.personality-database.com/profile_images/82a1b6e89ba3424e982c9bf340d9ab7e.png", "profile_name": "Oswald Cobblepot \u201cThe Penguin\u201d", "profile_subcat": "Gotham (2014)", "sub_cat_id": 221, "cat_id": 27, "property_id": 2, "mbti": "INFP", "enneatype": "3w4"}, {"id": 1768, "mbti_profile": "Edward Nygma \u201cThe Riddler\u201d", "subcategory": "Gotham (2014)", "profile_image_url": "https://static1.personality-database.com/profile_images/034d017d27f8471c94b6e0d45c758aef.png", "profile_name": "Edward Nygma \u201cThe Riddler\u201d", "profile_subcat": "Gotham (2014)", "sub_cat_id": 221, "cat_id": 27, "property_id": 2, "mbti": "INTP", "enneatype": "5w4"}, {"id": 1708, "mbti_profile": "James \u201cJim\u201d Gordon", "subcategory": "Gotham (2014)", "profile_image_url": "https://static1.personality-database.com/profile_images/758dfd4ba92647e2af5abac16db6b13e.png", "profile_name": "James \u201cJim\u201d Gordon", "profile_subcat": "Gotham (2014)", "sub_cat_id": 221, "cat_id": 27, "property_id": 2, "mbti": "ISTJ", "enneatype": "1w9"}, {"id": 1712, "mbti_profile": "Barbara Kean", "subcategory": "Gotham (2014)", "profile_image_url": "https://static1.personality-database.com/profile_images/6f965226549540b6a195b3ca000f7236.png", "profile_name": "Barbara Kean", "profile_subcat": "Gotham (2014)", "sub_cat_id": 221, "cat_id": 27, "property_id": 2, "mbti": "ESFP", "enneatype": "4w3"}, {"id": 1805, "mbti_profile": "Bruce Wayne", "subcategory": "Gotham (2014)", "profile_image_url": "https://static1.personality-database.com/profile_images/ed8a0a4d72cb4a269d85115923e9be28.png", "profile_name": "Bruce Wayne", "profile_subcat": "Gotham (2014)", "sub_cat_id": 221, "cat_id": 27, "property_id": 2, "mbti": "INTJ", "enneatype": "5w6"}, {"id": 110666, "mbti_profile": "J", "subcategory": "Gotham (2014)", "profile_image_url": "https://static1.personality-database.com/profile_images/25bcad49ce764a7b80a608fae7a091b8.png", "profile_name": "J", "profile_subcat": "Gotham (2014)", "sub_cat_id": 221, "cat_id": 27, "property_id": 2, "mbti": "ENTP", "enneatype": "7w8"}, {"id": 102955, "mbti_profile": "Jason Skolimski", "subcategory": "Gotham (2014)", "profile_image_url": "https://static1.personality-database.com/profile_images/7c02b07a9dbd438187f3bdbfb0dd885f.png", "profile_name": "Jason Skolimski", "profile_subcat": "Gotham (2014)", "sub_cat_id": 221, "cat_id": 27, "property_id": 2, "mbti": "ENTJ", "enneatype": "3w2"}, {"id": 1711, "mbti_profile": "Selina Kyle", "subcategory": "Gotham (2014)", "profile_image_url": "https://static1.personality-database.com/profile_images/d85e7112ae054f1383df9336b7dd2202.png", "profile_name": "Selina Kyle", "profile_subcat": "Gotham (2014)", "sub_cat_id": 221, "cat_id": 27, "property_id": 2, "mbti": "ISTP", "enneatype": "6w5"}], "functions": ["Ne", "Ti", "Fe", "Si"], "systems": [{"hex_color": "#888888", "id": 1, "personality_type": "XXXX", "personality_type_id": 0, "system_name": "Four Letter", "system_vote_count": 180, "user_vote_type_id": 0, "vote_id": 0}, {"hex_color": "#006775", "id": 2, "personality_type": "XXXX", "personality_type_id": 0, "system_name": "Enneagram", "system_vote_count": 105, "user_vote_type_id": 0, "vote_id": 0}, {"hex_color": "#006775", "id": 5, "personality_type": "XXXX", "personality_type_id": 0, "system_name": "Instinctual Variant", "system_vote_count": 34, "user_vote_type_id": 0, "vote_id": 0}, {"hex_color": "#006775", "id": 6, "personality_type": "XXXX", "personality_type_id": 0, "system_name": "Tritype", "system_vote_count": 31, "user_vote_type_id": 0, "vote_id": 0}, {"hex_color": "#888888", "id": 3, "personality_type": "XXXX", "personality_type_id": 0, "system_name": "Socionics", "system_vote_count": 19, "user_vote_type_id": 0, "vote_id": 0}, {"hex_color": "#888888", "id": 9, "personality_type": "XXXX", "personality_type_id": 0, "system_name": "Big 5 (SLOAN)", "system_vote_count": 16, "user_vote_type_id": 0, "vote_id": 0}, {"hex_color": "#888888", "id": 8, "personality_type": "XXXX", "personality_type_id": 0, "system_name": "Attitudinal Psyche", "system_vote_count": 13, "user_vote_type_id": 0, "vote_id": 0}, {"hex_color": "#888888", "id": 7, "personality_type": "XXXX", "personality_type_id": 0, "system_name": "Temperaments", "system_vote_count": 35, "user_vote_type_id": 0, "vote_id": 0}, {"hex_color": "#888888", "id": 11, "personality_type": "XXXX", "personality_type_id": 0, "system_name": "Classic Jungian", "system_vote_count": 5, "user_vote_type_id": 0, "vote_id": 0}], "breakdown_systems": {"1": [{"myValue": "ENTP", "personality_system_id": 1, "personality_type": "ENTP", "theCount": 167}, {"myValue": "ENFP", "personality_system_id": 1, "personality_type": "ENFP", "theCount": 6}, {"myValue": "ESTP", "personality_system_id": 1, "personality_type": "ESTP", "theCount": 4}, {"myValue": "ESFP", "personality_system_id": 1, "personality_type": "ESFP", "theCount": 2}, {"myValue": "ENFJ", "personality_system_id": 1, "personality_type": "ENFJ", "theCount": 1}], "10": [{"myValue": "Left-brained Extrovert", "personality_system_id": 10, "personality_type": "Left-brained Extrovert", "theCount": 1}], "11": [{"myValue": "EN(T)", "personality_system_id": 11, "personality_type": "EN(T)", "theCount": 5}], "2": [{"myValue": "7w8", "personality_system_id": 2, "personality_type": "7w8", "theCount": 82}, {"myValue": "3w4", "personality_system_id": 2, "personality_type": "3w4", "theCount": 14}, {"myValue": "8w7", "personality_system_id": 2, "personality_type": "8w7", "theCount": 6}, {"myValue": "4w3", "personality_system_id": 2, "personality_type": "4w3", "theCount": 2}, {"myValue": "6w7", "personality_system_id": 2, "personality_type": "6w7", "theCount": 1}], "3": [{"myValue": "EIE", "personality_system_id": 3, "personality_type": "EIE", "theCount": 16}, {"myValue": "ILE", "personality_system_id": 3, "personality_type": "ILE", "theCount": 3}], "4": [{"myValue": "Chaotic Evil", "personality_system_id": 4, "personality_type": "Chaotic Evil", "theCount": 14}], "5": [{"myValue": "sx/so", "personality_system_id": 5, "personality_type": "sx/so", "theCount": 31}, {"myValue": "so/sx", "personality_system_id": 5, "personality_type": "so/sx", "theCount": 2}, {"myValue": "sx/sp", "personality_system_id": 5, "personality_type": "sx/sp", "theCount": 1}], "6": [{"myValue": "738", "personality_system_id": 6, "personality_type": "738", "theCount": 24}, {"myValue": "748", "personality_system_id": 6, "personality_type": "748", "theCount": 2}, {"myValue": "784", "personality_system_id": 6, "personality_type": "784", "theCount": 2}, {"myValue": "378", "personality_system_id": 6, "personality_type": "378", "theCount": 1}, {"myValue": "783", "personality_system_id": 6, "personality_type": "783", "theCount": 1}, {"myValue": "837", "personality_system_id": 6, "personality_type": "837", "theCount": 1}], "7": [{"myValue": "Sanguine [Dominant]", "personality_system_id": 7, "personality_type": "Sanguine [Dominant]", "theCount": 19}, {"myValue": "Sanguine-Choleric", "personality_system_id": 7, "personality_type": "Sanguine-Choleric", "theCount": 13}, {"myValue": "Choleric-Sanguine", "personality_system_id": 7, "personality_type": "Choleric-Sanguine", "theCount": 2}, {"myValue": "Choleric [Dominant]", "personality_system_id": 7, "personality_type": "Choleric [Dominant]", "theCount": 1}], "8": [{"myValue": "VFEL", "personality_system_id": 8, "personality_type": "VFEL", "theCount": 6}, {"myValue": "VLEF", "personality_system_id": 8, "personality_type": "VLEF", "theCount": 4}, {"myValue": "EVFL", "personality_system_id": 8, "personality_type": "EVFL", "theCount": 1}, {"myValue": "FLEV", "personality_system_id": 8, "personality_type": "FLEV", "theCount": 1}, {"myValue": "VFLE", "personality_system_id": 8, "personality_type": "VFLE", "theCount": 1}], "9": [{"myValue": "SLUEI", "personality_system_id": 9, "personality_type": "SLUEI", "theCount": 15}, {"myValue": "SCUEI", "personality_system_id": 9, "personality_type": "SCUEI", "theCount": 1}]}, "breakdown_config": {"expand": {"1": 3, "10": 1, "11": 1, "2": 3, "3": 1, "4": 1, "5": 1, "6": 1, "7": 2, "8": 1, "9": 1}, "fire": {"1": 0, "10": 0, "11": 0, "2": 0, "3": 0, "4": 0, "5": 0, "6": 0, "7": 1, "8": 0, "9": 0}}, "mbti_letter_stats": [{"type": "E", "percentage": "100%", "PercentageFloat": 1}, {"type": "N", "percentage": "97%", "PercentageFloat": 0.9666666666666667}, {"type": "T", "percentage": "95%", "PercentageFloat": 0.95}, {"type": "P", "percentage": "99%", "PercentageFloat": 0.9944444444444445}], "topic_info": {"can_generate": false, "topic": {"description": "Jerome is a nihilistic anarchist, sharing many similarities with the Joker. When Monaghan was cast as Jerome in \"The Blind Fortune Teller\", he avoided drawing inspiration from the actors who had played the Joker throughout the various Batman films. However, he did take inspiration from Mark Hamill's voice performance, in addition to reading as many comics featuring the character as he could to prepare for the role. After breaking him out of Arkham, Theo Galavan served as a mentor and father figure to Jerome, shaping his viewpoint of the world as a performance stage for evil. This stopped Jerome from limiting himself to smaller-scale acts of crime. A recurring theme on the show is how the Joker's ideology acts like a virus that can be spread through multiple characters, which executive producer Danny Cannon describes as \"the opposite of Bruce Wayne, somebody who just wants to destroy... that could be anyone.\"\nPortrayed by #CameronMonaghan.", "follow_count": 0, "id": 10611, "is_following": false, "is_join_pending": false, "is_banned": false, "is_moderated": false, "name_readable": "Jerome Valeska", "post_count": 5, "source_profile_id": 11363, "source_type": "profile", "join_to_post": false, "can_pin": false, "related_topics": [{"description": "#INTPVillains", "follow_count": 2, "id": 1651, "is_following": false, "is_join_pending": false, "is_banned": false, "is_moderated": false, "name_readable": "Edward Nygma \u201cThe Riddler\u201d", "post_count": 16, "source_profile_id": 1768, "source_type": "profile", "image": {"picURL": "https://static1.personality-database.com/profile_images/034d017d27f8471c94b6e0d45c758aef.png"}, "join_to_post": false, "can_pin": false}, {"description": "Oswald Cobblepot is a cunning, ruthless criminal who wants to rule Gotham's criminal underworld, and is willing \u2013 and often eager \u2013 to kill anyone who stands in his way. Nevertheless, he is patient, methodical and Machiavellian, using his sharp intellect to concoct intricate plans in which his every move is premeditated toward achieving a given end. His last name is an anglicization of \"Kapelput\"; his mother, Gertrud Kapelput (Carol Kane), is an immigrant from Austria-Hungary. He is very close to his mother, with their connection often interpreted as unhealthy. \nThis is the first version of the character who is LGBT; he has complicated romantic feelings for fellow criminal and best friend Edward Nygma (Cory Michael Smith). Taylor, who is gay, has said that he does not consider the character to be explicitly homosexual or bisexual, and that Cobblepot's feelings for Nygma constitute \"a romantic, yearning need to connect with somebody\" rather than strictly sexual interest.\n#INFPVillains", "follow_count": 2, "id": 1598, "is_following": false, "is_join_pending": false, "is_banned": false, "is_moderated": false, "name_readable": "Oswald Cobblepot \u201cPenguin\u201d", "post_count": 9, "source_profile_id": 1710, "source_type": "profile", "image": {"picURL": "https://static1.personality-database.com/profile_images/82a1b6e89ba3424e982c9bf340d9ab7e.png"}, "join_to_post": false, "can_pin": false}, {"description": "", "follow_count": 0, "id": 56844, "is_following": false, "is_join_pending": false, "is_banned": false, "is_moderated": false, "name_readable": "Isabella", "post_count": 6, "source_profile_id": 69878, "source_type": "profile", "image": {"picURL": "https://static1.personality-database.com/profile_images/e97cfd73e90645e5873da85ba0cb6f6b.png"}, "join_to_post": false, "can_pin": false}, {"description": "Jerome is a nihilistic anarchist, sharing many similarities with the Joker. When Monaghan was cast as Jerome in \"The Blind Fortune Teller\", he avoided drawing inspiration from the actors who had played the Joker throughout the various Batman films. However, he did take inspiration from Mark Hamill's voice performance, in addition to reading as many comics featuring the character as he could to prepare for the role. After breaking him out of Arkham, Theo Galavan served as a mentor and father figure to Jerome, shaping his viewpoint of the world as a performance stage for evil. This stopped Jerome from limiting himself to smaller-scale acts of crime. A recurring theme on the show is how the Joker's ideology acts like a virus that can be spread through multiple characters, which executive producer Danny Cannon describes as \"the opposite of Bruce Wayne, somebody who just wants to destroy... that could be anyone.\"\nPortrayed by #CameronMonaghan.", "follow_count": 0, "id": 10611, "is_following": false, "is_join_pending": false, "is_banned": false, "is_moderated": false, "name_readable": "Jerome Valeska", "post_count": 5, "source_profile_id": 11363, "source_type": "profile", "image": {"picURL": "https://static1.personality-database.com/profile_images/c102ffcf97914237a88003390c4cacf2.png"}, "join_to_post": false, "can_pin": false}, {"description": "Gordon is introduced as a homicide detective and Iraq War veteran who has recently been transferred to Gotham City, where he lives with his fianc\u00e9e, Barbara Kean. As his first case, Gordon and his partner, Detective Harvey Bullock are assigned to investigate Thomas and Martha Wayne's murder. After arriving at the crime scene, he comforts the Waynes' son, Bruce, who witnessed his parents' murder, promising him that he would do everything in his power to find the murderer and bring him to justice.\n", "follow_count": 2, "id": 1596, "is_following": false, "is_join_pending": false, "is_banned": false, "is_moderated": false, "name_readable": "James \u201cJim\u201d Gordon", "post_count": 2, "source_profile_id": 1708, "source_type": "profile", "image": {"picURL": "https://static1.personality-database.com/profile_images/758dfd4ba92647e2af5abac16db6b13e.png"}, "join_to_post": false, "can_pin": false}, {"description": "The social identity of Jeremiah Valeska for the majority of his life and architectural career, it was utilized by him to gain distance and protection from potential harassment and violence of his allegedly insane, abusive and criminal twin brother, Jerome. \nHowever, this identity was finally buried when Jerome, as a parting gift, vengefully orchestrated Jeremiah's descent into sheer insanity through a specific version of the 'Laughing Toxin', set up as a springtrap in a jack-in-a-box, therefore forcefully inspiring Jeremiah to continue Jerome's unfinished legacy of terror and madness. ", "follow_count": 0, "id": 339847, "is_following": false, "is_join_pending": false, "is_banned": false, "is_moderated": false, "name_readable": "'Xander Wilde' (Jeremiah Valeska)", "post_count": 1, "source_profile_id": 466867, "source_type": "profile", "image": {"picURL": "https://static1.personality-database.com/profile_images/d20cf036719f44ce9a948cf925a0d2de.png"}, "join_to_post": false, "can_pin": false}, {"description": "", "follow_count": 0, "id": 28290, "is_following": false, "is_join_pending": false, "is_banned": false, "is_moderated": false, "name_readable": "Ra\u2019s al Ghul", "post_count": 1, "source_profile_id": 31364, "source_type": "profile", "image": {"picURL": "https://static1.personality-database.com/profile_images/317e18833c504fb2bef65b872d6315ca.png"}, "join_to_post": false, "can_pin": false}, {"description": "", "follow_count": 0, "id": 167879, "is_following": false, "is_join_pending": false, "is_banned": false, "is_moderated": false, "name_readable": "Lazlo Valentine (Professor Pyg)", "post_count": 1, "source_profile_id": 217399, "source_type": "profile", "image": {"picURL": "https://static1.personality-database.com/profile_images/02a55c220817424784ba7f786186016a.png"}, "join_to_post": false, "can_pin": false}, {"description": "", "follow_count": 0, "id": 77849, "is_following": false, "is_join_pending": false, "is_banned": false, "is_moderated": false, "name_readable": "Nyssa Al Ghul", "post_count": 0, "source_profile_id": 96667, "source_type": "profile", "image": {"picURL": "https://static1.personality-database.com/profile_images/0c1cdfeddc2a4915b303fde9cfe30603.png"}, "join_to_post": false, "can_pin": false}, {"description": "", "follow_count": 0, "id": 116401, "is_following": false, "is_join_pending": false, "is_banned": false, "is_moderated": false, "name_readable": "Valerie Vale", "post_count": 0, "source_profile_id": 150289, "source_type": "profile", "image": {"picURL": "https://static1.personality-database.com/profile_images/406ac518d3f142159160876658570516.png"}, "join_to_post": false, "can_pin": false}, {"description": "", "follow_count": 0, "id": 115240, "is_following": false, "is_join_pending": false, "is_banned": false, "is_moderated": false, "name_readable": "Peter \"Puck\" Davies", "post_count": 0, "source_profile_id": 148777, "source_type": "profile", "image": {"picURL": "https://static1.personality-database.com/profile_images/9f558388520e466fb6723e5f02fa8df3.png"}, "join_to_post": false, "can_pin": false}, {"description": "", "follow_count": 0, "id": 108307, "is_following": false, "is_join_pending": false, "is_banned": false, "is_moderated": false, "name_readable": "Stan Potolsky", "post_count": 0, "source_profile_id": 139719, "source_type": "profile", "image": {"picURL": "https://www.personality-database.com/images/profile_transparent.png"}, "join_to_post": false, "can_pin": false}, {"description": "", "follow_count": 0, "id": 108306, "is_following": false, "is_join_pending": false, "is_banned": false, "is_moderated": false, "name_readable": "Salvatore Maroni", "post_count": 0, "source_profile_id": 139716, "source_type": "profile", "image": {"picURL": "https://static1.personality-database.com/profile_images/d95aaf96058d44b2a6668ad5673f2cb3.png"}, "join_to_post": false, "can_pin": false}, {"description": "", "follow_count": 0, "id": 28303, "is_following": false, "is_join_pending": false, "is_banned": false, "is_moderated": false, "name_readable": "Solomon Grundy", "post_count": 0, "source_profile_id": 31377, "source_type": "profile", "image": {"picURL": "https://static1.personality-database.com/profile_images/49e513bb102c48faaa2868ffa2dbe24f.png"}, "join_to_post": false, "can_pin": false}, {"description": "", "follow_count": 0, "id": 77572, "is_following": false, "is_join_pending": false, "is_banned": false, "is_moderated": false, "name_readable": "Vanessa Harper", "post_count": 0, "source_profile_id": 96081, "source_type": "profile", "image": {"picURL": "https://static1.personality-database.com/profile_images/b6c2b7ec5cee4f8abf0ccea303485944.png"}, "join_to_post": false, "can_pin": false}, {"description": "", "follow_count": 0, "id": 77848, "is_following": false, "is_join_pending": false, "is_banned": false, "is_moderated": false, "name_readable": "Eduardo Dorrance \u201cBane\u201d", "post_count": 0, "source_profile_id": 96666, "source_type": "profile", "image": {"picURL": "https://static1.personality-database.com/profile_images/66cd03c0f7e84707bcc06595eefb8f48.png"}, "join_to_post": false, "can_pin": false}], "subcategory": "Gotham (2014)", "topic_image_url": "https://static1.personality-database.com/profile_images/c102ffcf97914237a88003390c4cacf2.png", "source_location": {"cid": 27, "pid": 2, "sub_cat_id": 221}, "can_post_image": false, "can_post_audio": false, "posts": {"posts": [{"username": "garbage_papi69", "user_pic_path": "https://static1.personality-database.com/user_avatars/935074/0ff39c32-6e91-419b-bc13-d357db2c0801.jpeg", "user_personality_type": "INTJ-5w6-513", "is_mod": false, "comment_count": 2, "reply_count": 2, "vote_type": 0, "topics_list": [{"id": 10611, "name_readable": "Jerome Valeska"}], "id": 1912249, "post_id": 1912249, "user_id": 935074, "title": "", "content": "I was down bad for this man back in 2015, you have no idea", "create_date": 1670713241000, "unix_timestamp": 1670713241000, "update_date": 1670713241000, "vote_count": 2, "vote_count_down": 0, "is_reported": 0, "is_hidden": false, "is_pinned": false, "is_watching": false, "is_pro_user": false, "images": null, "audios": null, "function_list": [], "type": "post"}, {"username": "exPDBee1050316", "user_pic_path": "", "user_personality_type": "XXXX", "is_mod": false, "comment_count": 0, "reply_count": 0, "vote_type": 0, "topics_list": [{"id": 10611, "name_readable": "Jerome Valeska"}], "id": 1283742, "post_id": 1283742, "user_id": 1050316, "title": "", "content": "He is just like me /hj \ud83d\ude01", "create_date": 1662409230000, "unix_timestamp": 1662409230000, "update_date": 1664847853000, "vote_count": 0, "vote_count_down": 0, "is_reported": 0, "is_hidden": false, "is_pinned": false, "is_watching": false, "is_pro_user": false, "images": null, "audios": null, "function_list": [], "type": "post"}, {"username": "Aeffith", "user_pic_path": "https://lh3.googleusercontent.com/a-/AFdZucp1-YRVlJsWILbh7Xdj_YlKXzXU4FuTj5FVRQHP=s96-c", "user_personality_type": "", "is_mod": false, "comment_count": 1, "reply_count": 1, "vote_type": 0, "topics_list": [{"id": 10611, "name_readable": "Jerome Valeska"}], "id": 381839, "post_id": 381839, "user_id": 494382, "title": "", "content": "THE KING \ud83e\udd73\ud83d\ude01\ud83e\udec0\ud83e\udec0\ud83e\udec0\nbest ginger joker ever", "create_date": 1646230952000, "unix_timestamp": 1646230952000, "update_date": 1646230952000, "vote_count": 5, "vote_count_down": 0, "is_reported": 1, "is_hidden": false, "is_pinned": false, "is_watching": false, "is_pro_user": false, "images": null, "audios": null, "function_list": [], "type": "post"}]}}}}