{"id": 116125, "mbti_profile": "Alexei Shostakov \"Red Guardian\"", "profile_name_searchable": "alexeishostakov\"redguardian\"", "allow_commenting": true, "allow_voting": true, "user_id": 22741, "contributor": "\u00d1Lex", "contributor_create_date": "2020-04-07 06:01:24", "contributor_pic_path": "https://lh3.googleusercontent.com/a-/AOh14Ghm0h8utPxud10AxVLytJVHwUDME_1QPsha_zUi3w=s96-c", "display_order": 0, "edit_lock": 0, "edit_lock_picture": 0, "is_active": true, "is_approved": true, "mbti_enneagram_type": "ESTP 3w2", "mbti_type": "ESTP 3w2", "pdb_comment_access": true, "pdb_page_owner": 0, "pdb_public_access": true, "wiki_description": "Alexei Alanovich Shostakov (Russian: \u0410\u043b\u0435\u043a\u0441\u0435\u0439 \u0410\u043b\u0430\u043d\u043e\u0432\u0438\u0447 \u0428\u0435\u0441\u0442\u0430\u043a\u043e\u0432), also known as the Red Guardian (Russian: \u041a\u0440\u0430\u0441\u043d\u044b\u0439 \u0441\u0442\u0440\u0430\u0436), is the first Soviet-Russian super soldier. During his career in the Soviet Armed Forces, Shostakov became an ally of General Dreykov, the head of the Red Room. Alexei Shostakov is a kind, jovial and overall good man and loving father, albeit with several flaws that hinder his relationships. He truly loves Natasha Romanoff and Yelena Belova as his daughters and was genuinely happy to see them again after twenty-one years, even having their names tattooed on his right arm in Cyrillic. He is also very fond of his undercover wife Melina Vostokoff, with the two giving each other flirting banters after being apart for two decades. However, his longing for fame and glory resulted in Yelena believing he never cared about them and saw them as just a simple burden of a task.\n\n#DavidHarbour", "watch_count": 43, "comment_count": 12, "vote_count": 168, "vote_count_enneagram": 86, "vote_count_mbti": 168, "total_vote_counts": 302, "personality_type": "ESTP - 3w2 - so/sx - 378 - SLE - SCUEN - FVLE - Sanguine-Choleric", "type_updated_date": "2021-07-13 02:16:29", "enneagram_vote": "", "enneagram_vote_id": 0, "mbti_vote": "", "mbti_vote_id": 0, "is_watching": false, "image_exists": false, "profile_image_url": "https://static1.personality-database.com/profile_images/90d33fb77cac420986a0bd9b2dc111c0.png", "profile_image_credit": "", "profile_image_credit_id": 369848, "profile_image_credit_type": "0", "profile_image_credit_url": "https://marvelcinematicuniverse.fandom.com/wiki/Black_Widow_(film)/Gallery", "alt_subcategory": "", "related_subcategories": "21590|||Black Widow (2021)", "cat_id": 27, "category": "Superheroes", "category_is_fictional": true, "sub_cat_id": 18879, "subcategory": "MCU: Everyone Else", "subcat_link_info": {"sub_cat_id": 18879, "cat_id": 27, "property_id": 2, "subcategory": "MCU: Everyone Else"}, "related_subcat_link_info": [{"sub_cat_id": 21590, "cat_id": 3, "property_id": 2, "subcategory": "Black Widow (2021)"}], "related_profiles": [{"id": 416992, "mbti_profile": "Druig", "subcategory": "MCU: Everyone Else", "profile_image_url": "https://static1.personality-database.com/profile_images/1585286442e040b98a5085d22c0e2fa7.png", "profile_name": "Druig", "profile_subcat": "MCU: Everyone Else", "sub_cat_id": 18879, "cat_id": 27, "property_id": 2, "mbti": "INTJ", "enneatype": "1w9"}, {"id": 495555, "mbti_profile": "Reed Richards  \u201cMister Fantastic\u201d (Universe 838)", "subcategory": "MCU: Everyone Else", "profile_image_url": "https://static1.personality-database.com/profile_images/65d1305b95bf48d0a610e4523da8f4c0.png", "profile_name": "Reed Richards  \u201cMister Fantastic\u201d (Universe 838)", "profile_subcat": "MCU: Everyone Else", "sub_cat_id": 18879, "cat_id": 27, "property_id": 2, "mbti": "INTP", "enneatype": "5w6"}, {"id": 258345, "mbti_profile": "Billy Maximoff \"Wiccan\"", "subcategory": "MCU: Everyone Else", "profile_image_url": "https://static1.personality-database.com/profile_images/adf821bc9808456ba4be55ccbc3be836.png", "profile_name": "Billy Maximoff \"Wiccan\"", "profile_subcat": "MCU: Everyone Else", "sub_cat_id": 18879, "cat_id": 27, "property_id": 2, "mbti": "INFJ", "enneatype": "4w5"}, {"id": 17426, "mbti_profile": "James E. \u201cJimmy\u201d Woo", "subcategory": "MCU: Everyone Else", "profile_image_url": "https://static1.personality-database.com/profile_images/146eab9b6a1748c582d4f04e4308c95b.png", "profile_name": "James E. \u201cJimmy\u201d Woo", "profile_subcat": "MCU: Everyone Else", "sub_cat_id": 18879, "cat_id": 27, "property_id": 2, "mbti": "ISFJ", "enneatype": "9w1"}, {"id": 126868, "mbti_profile": "Melina Vostokoff", "subcategory": "MCU: Everyone Else", "profile_image_url": "https://static1.personality-database.com/profile_images/51580fdadd1544408e3640aa0dc84417.png", "profile_name": "Melina Vostokoff", "profile_subcat": "MCU: Everyone Else", "sub_cat_id": 18879, "cat_id": 27, "property_id": 2, "mbti": "ISTJ", "enneatype": "5w6"}, {"id": 37518, "mbti_profile": "Cloak of Levitation", "subcategory": "MCU: Everyone Else", "profile_image_url": "https://static1.personality-database.com/profile_images/9aac48226f5341cb96e027afdce3306b.png", "profile_name": "Cloak of Levitation", "profile_subcat": "MCU: Everyone Else", "sub_cat_id": 18879, "cat_id": 27, "property_id": 2, "mbti": "ENTP", "enneatype": "7w6"}, {"id": 17461, "mbti_profile": "Dr. Darcy Lewis", "subcategory": "MCU: Everyone Else", "profile_image_url": "https://static1.personality-database.com/profile_images/bd975c4b192848809f3b3c47ec03769f.png", "profile_name": "Dr. Darcy Lewis", "profile_subcat": "MCU: Everyone Else", "sub_cat_id": 18879, "cat_id": 27, "property_id": 2, "mbti": "ENTP", "enneatype": "7w6"}, {"id": 258346, "mbti_profile": "Tommy Maximoff \u201cSpeed\u201d", "subcategory": "MCU: Everyone Else", "profile_image_url": "https://static1.personality-database.com/profile_images/c04af761f089479aa255acf3b8a29bf5.png", "profile_name": "Tommy Maximoff \u201cSpeed\u201d", "profile_subcat": "MCU: Everyone Else", "sub_cat_id": 18879, "cat_id": 27, "property_id": 2, "mbti": "ESFP", "enneatype": "7w8"}], "functions": ["Se", "Ti", "Fe", "Ni"], "systems": [{"hex_color": "#888888", "id": 1, "personality_type": "XXXX", "personality_type_id": 0, "system_name": "Four Letter", "system_vote_count": 161, "user_vote_type_id": 0, "vote_id": 0}, {"hex_color": "#006775", "id": 2, "personality_type": "XXXX", "personality_type_id": 0, "system_name": "Enneagram", "system_vote_count": 83, "user_vote_type_id": 0, "vote_id": 0}, {"hex_color": "#006775", "id": 5, "personality_type": "XXXX", "personality_type_id": 0, "system_name": "Instinctual Variant", "system_vote_count": 13, "user_vote_type_id": 0, "vote_id": 0}, {"hex_color": "#006775", "id": 6, "personality_type": "XXXX", "personality_type_id": 0, "system_name": "Tritype", "system_vote_count": 19, "user_vote_type_id": 0, "vote_id": 0}, {"hex_color": "#888888", "id": 3, "personality_type": "XXXX", "personality_type_id": 0, "system_name": "Socionics", "system_vote_count": 5, "user_vote_type_id": 0, "vote_id": 0}, {"hex_color": "#888888", "id": 9, "personality_type": "XXXX", "personality_type_id": 0, "system_name": "Big 5 (SLOAN)", "system_vote_count": 7, "user_vote_type_id": 0, "vote_id": 0}, {"hex_color": "#888888", "id": 8, "personality_type": "XXXX", "personality_type_id": 0, "system_name": "Attitudinal Psyche", "system_vote_count": 4, "user_vote_type_id": 0, "vote_id": 0}, {"hex_color": "#888888", "id": 7, "personality_type": "XXXX", "personality_type_id": 0, "system_name": "Temperaments", "system_vote_count": 10, "user_vote_type_id": 0, "vote_id": 0}, {"hex_color": "#888888", "id": 11, "personality_type": "XXXX", "personality_type_id": 0, "system_name": "Classic Jungian", "system_vote_count": 0, "user_vote_type_id": 0, "vote_id": 0}], "breakdown_systems": {"1": [{"myValue": "ESTP", "personality_system_id": 1, "personality_type": "ESTP", "theCount": 121}, {"myValue": "ESFP", "personality_system_id": 1, "personality_type": "ESFP", "theCount": 37}, {"myValue": "ENTP", "personality_system_id": 1, "personality_type": "ENTP", "theCount": 1}, {"myValue": "ISFP", "personality_system_id": 1, "personality_type": "ISFP", "theCount": 1}, {"myValue": "ISTP", "personality_system_id": 1, "personality_type": "ISTP", "theCount": 1}], "11": [{"myValue": "XXXX", "personality_system_id": 0, "personality_type": "XXXX", "theCount": 0}], "2": [{"myValue": "3w2", "personality_system_id": 2, "personality_type": "3w2", "theCount": 67}, {"myValue": "8w7", "personality_system_id": 2, "personality_type": "8w7", "theCount": 8}, {"myValue": "3w4", "personality_system_id": 2, "personality_type": "3w4", "theCount": 4}, {"myValue": "7w8", "personality_system_id": 2, "personality_type": "7w8", "theCount": 2}, {"myValue": "4w3", "personality_system_id": 2, "personality_type": "4w3", "theCount": 1}, {"myValue": "8w9", "personality_system_id": 2, "personality_type": "8w9", "theCount": 1}], "3": [{"myValue": "SLE", "personality_system_id": 3, "personality_type": "SLE", "theCount": 4}, {"myValue": "SEE", "personality_system_id": 3, "personality_type": "SEE", "theCount": 1}], "5": [{"myValue": "so/sx", "personality_system_id": 5, "personality_type": "so/sx", "theCount": 6}, {"myValue": "so/sp", "personality_system_id": 5, "personality_type": "so/sp", "theCount": 5}, {"myValue": "sx/so", "personality_system_id": 5, "personality_type": "sx/so", "theCount": 2}], "6": [{"myValue": "378", "personality_system_id": 6, "personality_type": "378", "theCount": 14}, {"myValue": "387", "personality_system_id": 6, "personality_type": "387", "theCount": 2}, {"myValue": "837", "personality_system_id": 6, "personality_type": "837", "theCount": 2}, {"myValue": "368", "personality_system_id": 6, "personality_type": "368", "theCount": 1}], "7": [{"myValue": "Sanguine-Choleric", "personality_system_id": 7, "personality_type": "Sanguine-Choleric", "theCount": 9}, {"myValue": "Phlegmatic-Choleric", "personality_system_id": 7, "personality_type": "Phlegmatic-Choleric", "theCount": 1}], "8": [{"myValue": "FVLE", "personality_system_id": 8, "personality_type": "FVLE", "theCount": 3}, {"myValue": "VFLE", "personality_system_id": 8, "personality_type": "VFLE", "theCount": 1}], "9": [{"myValue": "SCUEN", "personality_system_id": 9, "personality_type": "SCUEN", "theCount": 7}]}, "breakdown_config": {"expand": {"1": 3, "11": 1, "2": 3, "3": 1, "5": 1, "6": 1, "7": 1, "8": 1, "9": 1}, "fire": {"1": 0, "11": 0, "2": 0, "3": 0, "5": 0, "6": 0, "7": 0, "8": 0, "9": 0}}, "mbti_letter_stats": [{"type": "E", "percentage": "99%", "PercentageFloat": 0.9875776397515528}, {"type": "S", "percentage": "99%", "PercentageFloat": 0.9937888198757764}, {"type": "T", "percentage": "76%", "PercentageFloat": 0.7639751552795031}, {"type": "P", "percentage": "100%", "PercentageFloat": 1}], "topic_info": {"can_generate": false, "topic": {"description": "#DavidHarbour", "follow_count": 0, "id": 91641, "is_following": false, "is_join_pending": false, "is_banned": false, "is_moderated": false, "name_readable": "Alexei Shostakov \"Red Guardian\"", "post_count": 0, "source_profile_id": 116125, "source_type": "profile", "join_to_post": false, "can_pin": false, "related_topics": [{"description": "Druig is an Eternal on Earth who opposes other members of his race and allies with the Deviants, their historical enemies.", "follow_count": 1, "id": 319839, "is_following": false, "is_join_pending": false, "is_banned": false, "is_moderated": false, "name_readable": "Druig", "post_count": 23, "source_profile_id": 416992, "source_type": "profile", "image": {"picURL": "https://static1.personality-database.com/profile_images/1585286442e040b98a5085d22c0e2fa7.png"}, "join_to_post": false, "can_pin": false}, {"description": "Portrayed by #KatDennings", "follow_count": 0, "id": 16040, "is_following": false, "is_join_pending": false, "is_banned": false, "is_moderated": false, "name_readable": "Darcy Lewis", "post_count": 11, "source_profile_id": 17461, "source_type": "profile", "image": {"picURL": "https://static1.personality-database.com/profile_images/bd975c4b192848809f3b3c47ec03769f.png"}, "join_to_post": false, "can_pin": false}, {"description": "", "follow_count": 0, "id": 15962, "is_following": false, "is_join_pending": false, "is_banned": false, "is_moderated": false, "name_readable": "May Parker", "post_count": 9, "source_profile_id": 17379, "source_type": "profile", "image": {"picURL": "https://static1.personality-database.com/profile_images/a374c272d4dd43caad9c79db19a321d0.png"}, "join_to_post": false, "can_pin": false}, {"description": " ", "follow_count": 0, "id": 329493, "is_following": false, "is_join_pending": false, "is_banned": false, "is_moderated": false, "name_readable": "Reed Richards  \u201cMister Fantastic\u201d", "post_count": 8, "source_profile_id": 495555, "source_type": "profile", "image": {"picURL": "https://static1.personality-database.com/profile_images/65d1305b95bf48d0a610e4523da8f4c0.png"}, "join_to_post": false, "can_pin": false}, {"description": "", "follow_count": 0, "id": 15990, "is_following": false, "is_join_pending": false, "is_banned": false, "is_moderated": false, "name_readable": "Harley Keener", "post_count": 4, "source_profile_id": 17410, "source_type": "profile", "image": {"picURL": "https://static1.personality-database.com/profile_images/ba3b4481d385426a83648022744915e0.png"}, "join_to_post": false, "can_pin": false}, {"description": "Dane Whitman is a warrior who holds the title of the Black Knight.", "follow_count": 0, "id": 321713, "is_following": false, "is_join_pending": false, "is_banned": false, "is_moderated": false, "name_readable": "Dane Whitman \"Black Knight\"", "post_count": 3, "source_profile_id": 419317, "source_type": "profile", "image": {"picURL": "https://static1.personality-database.com/profile_images/ca6f4b454c204f8895222d731b0a3d69.png"}, "join_to_post": false, "can_pin": false}, {"description": "", "follow_count": 0, "id": 38045, "is_following": false, "is_join_pending": false, "is_banned": false, "is_moderated": false, "name_readable": "J.A.R.V.I.S.", "post_count": 2, "source_profile_id": 42841, "source_type": "profile", "image": {"picURL": "https://static1.personality-database.com/profile_images/f83cc8fa139b421c89ea75ae871239f7.png"}, "join_to_post": false, "can_pin": false}, {"description": "", "follow_count": 0, "id": 16000, "is_following": false, "is_join_pending": false, "is_banned": false, "is_moderated": false, "name_readable": "Flash Thompson", "post_count": 2, "source_profile_id": 17421, "source_type": "profile", "image": {"picURL": "https://static1.personality-database.com/profile_images/ffe3018501444a608c70daa96332116a.png"}, "join_to_post": false, "can_pin": false}, {"description": "#MartinFreeman", "follow_count": 0, "id": 9459, "is_following": false, "is_join_pending": false, "is_banned": false, "is_moderated": false, "name_readable": "Everett K. Ross", "post_count": 2, "source_profile_id": 10129, "source_type": "profile", "image": {"picURL": "https://static1.personality-database.com/profile_images/6cbc3b6e115c4081996b64f9215fa0e8.png"}, "join_to_post": false, "can_pin": false}, {"description": "This cameo was mind blowing.", "follow_count": 0, "id": 330118, "is_following": false, "is_join_pending": false, "is_banned": false, "is_moderated": false, "name_readable": "Blackagar Boltagon \"Black Bolt\"", "post_count": 2, "source_profile_id": 495954, "source_type": "profile", "image": {"picURL": "https://static1.personality-database.com/profile_images/6e367bf186404c0a8fb760a7f31787a1.png"}, "join_to_post": false, "can_pin": false}, {"description": "", "follow_count": 0, "id": 19292, "is_following": false, "is_join_pending": false, "is_banned": false, "is_moderated": false, "name_readable": "Ho Yinsen", "post_count": 2, "source_profile_id": 21186, "source_type": "profile", "image": {"picURL": "https://static1.personality-database.com/profile_images/0a4cf8191daa489cbb3575decbe9ab1a.png"}, "join_to_post": false, "can_pin": false}, {"description": "", "follow_count": 0, "id": 330121, "is_following": false, "is_join_pending": false, "is_banned": false, "is_moderated": false, "name_readable": "Margaret Elizabeth \"Peggy\" Carter \u201cCaptain Carter\u201d", "post_count": 2, "source_profile_id": 495212, "source_type": "profile", "image": {"picURL": "https://static1.personality-database.com/profile_images/d97e46c2c50c471a8869c4ac593574f5.png"}, "join_to_post": false, "can_pin": false}, {"description": "#RachelMcAdams", "follow_count": 0, "id": 4081, "is_following": false, "is_join_pending": false, "is_banned": false, "is_moderated": false, "name_readable": "Christine Palmer", "post_count": 2, "source_profile_id": 4424, "source_type": "profile", "image": {"picURL": "https://static1.personality-database.com/profile_images/09a97ecc7ee34d4087994caee1c5edfb.png"}, "join_to_post": false, "can_pin": false}, {"description": "", "follow_count": 0, "id": 26129, "is_following": false, "is_join_pending": false, "is_banned": false, "is_moderated": false, "name_readable": "Talos", "post_count": 1, "source_profile_id": 29003, "source_type": "profile", "image": {"picURL": "https://static1.personality-database.com/profile_images/6cc0e06f120144aaa79eddacf8dce405.png"}, "join_to_post": false, "can_pin": false}, {"description": "The wife of Xu Wenwu and the mother of Shang-Chi and Xu Xialing.", "follow_count": 0, "id": 300340, "is_following": false, "is_join_pending": false, "is_banned": false, "is_moderated": false, "name_readable": "Jiang Li / Ying Li", "post_count": 1, "source_profile_id": 390393, "source_type": "profile", "image": {"picURL": "https://static1.personality-database.com/profile_images/55a66f1440e04a409a8909a9e329aee1.png"}, "join_to_post": false, "can_pin": false}, {"description": "", "follow_count": 0, "id": 15975, "is_following": false, "is_join_pending": false, "is_banned": false, "is_moderated": false, "name_readable": "Ramonda", "post_count": 1, "source_profile_id": 17395, "source_type": "profile", "image": {"picURL": "https://static1.personality-database.com/profile_images/9bbcfca454544e22822fbab9ce20e112.png"}, "join_to_post": false, "can_pin": false}], "subcategory": "MCU: Everyone Else", "topic_image_url": "https://static1.personality-database.com/profile_images/90d33fb77cac420986a0bd9b2dc111c0.png", "source_location": {"cid": 27, "pid": 2, "sub_cat_id": 18879}, "can_post_image": false, "can_post_audio": false, "posts": {"posts": []}}}}