{"id": 1168, "mbti_profile": "John \u201cRobin\u201d Blake", "profile_name_searchable": "john\u201crobin\u201dblake", "allow_commenting": true, "allow_voting": true, "user_id": 180, "contributor": "scifigrl", "contributor_create_date": "2015-08-20 21:16:31", "contributor_pic_path": "https://lh5.googleusercontent.com/-XA0MB1vAGVA/AAAAAAAAAAI/AAAAAAAAPfs/-5N_swRtp2I/photo.jpg", "display_order": 0, "edit_lock": 0, "edit_lock_picture": 0, "is_active": true, "is_approved": true, "mbti_enneagram_type": "INTP 1w9", "mbti_type": "INTP 1w9", "pdb_comment_access": true, "pdb_page_owner": 0, "pdb_public_access": true, "wiki_description": "", "watch_count": 68, "comment_count": 9, "vote_count": 133, "vote_count_enneagram": 38, "vote_count_mbti": 133, "total_vote_counts": 193, "personality_type": "INTP - 1w9 - sp/so - LEVF - Phlegmatic [Dominant]", "type_updated_date": "2022-03-30 14:41:54", "enneagram_vote": "", "enneagram_vote_id": 0, "mbti_vote": "", "mbti_vote_id": 0, "is_watching": false, "image_exists": false, "profile_image_url": "https://static1.personality-database.com/profile_images/96c254007e5140f1ab365bfd36b7d0b3.png", "profile_image_credit": "", "profile_image_credit_id": 0, "profile_image_credit_type": "0", "profile_image_credit_url": "", "alt_subcategory": "", "related_subcategories": "", "cat_id": 27, "category": "Superheroes", "category_is_fictional": true, "sub_cat_id": 38, "subcategory": "The Dark Knight Trilogy (2005)", "subcat_link_info": {"sub_cat_id": 38, "cat_id": 27, "property_id": 2, "subcategory": "The Dark Knight Trilogy (2005)"}, "related_subcat_link_info": null, "related_profiles": [{"id": 203, "mbti_profile": "The Joker", "subcategory": "The Dark Knight Trilogy (2005)", "profile_image_url": "https://static1.personality-database.com/profile_images/cb88c06eed854f95ba3ccba791b09775.png", "profile_name": "The Joker", "profile_subcat": "The Dark Knight Trilogy (2005)", "sub_cat_id": 38, "cat_id": 27, "property_id": 2, "mbti": "ENTP", "enneatype": "7w8"}, {"id": 153, "mbti_profile": "Bruce Wayne \u201cBatman\u201d", "subcategory": "The Dark Knight Trilogy (2005)", "profile_image_url": "https://static1.personality-database.com/profile_images/32a57ac8f4174d5ea51b111b3c04a505.png", "profile_name": "Bruce Wayne \u201cBatman\u201d", "profile_subcat": "The Dark Knight Trilogy (2005)", "sub_cat_id": 38, "cat_id": 27, "property_id": 2, "mbti": "INTJ", "enneatype": "1w9"}, {"id": 435, "mbti_profile": "Bane", "subcategory": "The Dark Knight Trilogy (2005)", "profile_image_url": "https://static1.personality-database.com/profile_images/4b95702b574f416d83fa53c4ec353c30.png", "profile_name": "Bane", "profile_subcat": "The Dark Knight Trilogy (2005)", "sub_cat_id": 38, "cat_id": 27, "property_id": 2, "mbti": "ENTJ", "enneatype": "8w7"}, {"id": 439, "mbti_profile": "Ra\u2019s Al Ghul / \u201cHenri Ducard\u201d", "subcategory": "The Dark Knight Trilogy (2005)", "profile_image_url": "https://static1.personality-database.com/profile_images/f7151e18515c4903909e8b843acfb263.png", "profile_name": "Ra\u2019s Al Ghul / \u201cHenri Ducard\u201d", "profile_subcat": "The Dark Knight Trilogy (2005)", "sub_cat_id": 38, "cat_id": 27, "property_id": 2, "mbti": "INFJ", "enneatype": "1w2"}, {"id": 441, "mbti_profile": "Harvey Dent \u201cTwo-Face\u201d", "subcategory": "The Dark Knight Trilogy (2005)", "profile_image_url": "https://static1.personality-database.com/profile_images/b04e32853fe84972a69d3f1c0341cdcc.png", "profile_name": "Harvey Dent \u201cTwo-Face\u201d", "profile_subcat": "The Dark Knight Trilogy (2005)", "sub_cat_id": 38, "cat_id": 27, "property_id": 2, "mbti": "ENFJ", "enneatype": "3w2"}, {"id": 438, "mbti_profile": "Jonathan Crane \u201cScarecrow\u201d", "subcategory": "The Dark Knight Trilogy (2005)", "profile_image_url": "https://static1.personality-database.com/profile_images/d622c4b9bedf4d2db31cef776e930e03.png", "profile_name": "Jonathan Crane \u201cScarecrow\u201d", "profile_subcat": "The Dark Knight Trilogy (2005)", "sub_cat_id": 38, "cat_id": 27, "property_id": 2, "mbti": "INTP", "enneatype": "5w6"}, {"id": 440, "mbti_profile": "Rachel Dawes", "subcategory": "The Dark Knight Trilogy (2005)", "profile_image_url": "https://static1.personality-database.com/profile_images/f9ee35d2c55f4ad7b7b25644ab0af20b.png", "profile_name": "Rachel Dawes", "profile_subcat": "The Dark Knight Trilogy (2005)", "sub_cat_id": 38, "cat_id": 27, "property_id": 2, "mbti": "ESFJ", "enneatype": "1w2"}, {"id": 142932, "mbti_profile": "The Guy On The Boat", "subcategory": "The Dark Knight Trilogy (2005)", "profile_image_url": "https://static1.personality-database.com/profile_images/0b4823895aae41a6a05d1ffd3a4cb960.png", "profile_name": "The Guy On The Boat", "profile_subcat": "The Dark Knight Trilogy (2005)", "sub_cat_id": 38, "cat_id": 27, "property_id": 2, "mbti": "ENFJ", "enneatype": "6w7"}], "functions": ["Ti", "Ne", "Si", "Fe"], "systems": [{"hex_color": "#888888", "id": 1, "personality_type": "XXXX", "personality_type_id": 0, "system_name": "Four Letter", "system_vote_count": 132, "user_vote_type_id": 0, "vote_id": 0}, {"hex_color": "#006775", "id": 2, "personality_type": "XXXX", "personality_type_id": 0, "system_name": "Enneagram", "system_vote_count": 36, "user_vote_type_id": 0, "vote_id": 0}, {"hex_color": "#006775", "id": 5, "personality_type": "XXXX", "personality_type_id": 0, "system_name": "Instinctual Variant", "system_vote_count": 6, "user_vote_type_id": 0, "vote_id": 0}, {"hex_color": "#006775", "id": 6, "personality_type": "XXXX", "personality_type_id": 0, "system_name": "Tritype", "system_vote_count": 4, "user_vote_type_id": 0, "vote_id": 0}, {"hex_color": "#888888", "id": 3, "personality_type": "XXXX", "personality_type_id": 0, "system_name": "Socionics", "system_vote_count": 2, "user_vote_type_id": 0, "vote_id": 0}, {"hex_color": "#888888", "id": 9, "personality_type": "XXXX", "personality_type_id": 0, "system_name": "Big 5 (SLOAN)", "system_vote_count": 3, "user_vote_type_id": 0, "vote_id": 0}, {"hex_color": "#888888", "id": 8, "personality_type": "XXXX", "personality_type_id": 0, "system_name": "Attitudinal Psyche", "system_vote_count": 2, "user_vote_type_id": 0, "vote_id": 0}, {"hex_color": "#888888", "id": 7, "personality_type": "XXXX", "personality_type_id": 0, "system_name": "Temperaments", "system_vote_count": 7, "user_vote_type_id": 0, "vote_id": 0}, {"hex_color": "#888888", "id": 11, "personality_type": "XXXX", "personality_type_id": 0, "system_name": "Classic Jungian", "system_vote_count": 0, "user_vote_type_id": 0, "vote_id": 0}], "breakdown_systems": {"1": [{"myValue": "INTP", "personality_system_id": 1, "personality_type": "INTP", "theCount": 53}, {"myValue": "ISFP", "personality_system_id": 1, "personality_type": "ISFP", "theCount": 36}, {"myValue": "ISTJ", "personality_system_id": 1, "personality_type": "ISTJ", "theCount": 22}, {"myValue": "INFP", "personality_system_id": 1, "personality_type": "INFP", "theCount": 8}, {"myValue": "ESFJ", "personality_system_id": 1, "personality_type": "ESFJ", "theCount": 4}, {"myValue": "INFJ", "personality_system_id": 1, "personality_type": "INFJ", "theCount": 3}, {"myValue": "ISTP", "personality_system_id": 1, "personality_type": "ISTP", "theCount": 2}, {"myValue": "ENFP", "personality_system_id": 1, "personality_type": "ENFP", "theCount": 1}, {"myValue": "ENTP", "personality_system_id": 1, "personality_type": "ENTP", "theCount": 1}, {"myValue": "ESTJ", "personality_system_id": 1, "personality_type": "ESTJ", "theCount": 1}, {"myValue": "ISFJ", "personality_system_id": 1, "personality_type": "ISFJ", "theCount": 1}], "11": [{"myValue": "XXXX", "personality_system_id": 0, "personality_type": "XXXX", "theCount": 0}], "2": [{"myValue": "1w9", "personality_system_id": 2, "personality_type": "1w9", "theCount": 26}, {"myValue": "1w2", "personality_system_id": 2, "personality_type": "1w2", "theCount": 5}, {"myValue": "6w5", "personality_system_id": 2, "personality_type": "6w5", "theCount": 4}, {"myValue": "5w6", "personality_system_id": 2, "personality_type": "5w6", "theCount": 1}], "3": [{"myValue": "LII", "personality_system_id": 3, "personality_type": "LII", "theCount": 1}, {"myValue": "LSI", "personality_system_id": 3, "personality_type": "LSI", "theCount": 1}], "4": [{"myValue": "Chaotic Good", "personality_system_id": 4, "personality_type": "Chaotic Good", "theCount": 1}], "5": [{"myValue": "sp/so", "personality_system_id": 5, "personality_type": "sp/so", "theCount": 5}, {"myValue": "so/sp", "personality_system_id": 5, "personality_type": "so/sp", "theCount": 1}], "6": [{"myValue": "152", "personality_system_id": 6, "personality_type": "152", "theCount": 2}, {"myValue": "163", "personality_system_id": 6, "personality_type": "163", "theCount": 1}, {"myValue": "612", "personality_system_id": 6, "personality_type": "612", "theCount": 1}], "7": [{"myValue": "Phlegmatic [Dominant]", "personality_system_id": 7, "personality_type": "Phlegmatic [Dominant]", "theCount": 5}, {"myValue": "Choleric-Melancholic", "personality_system_id": 7, "personality_type": "Choleric-Melancholic", "theCount": 1}, {"myValue": "Melancholic-Phlegmatic", "personality_system_id": 7, "personality_type": "Melancholic-Phlegmatic", "theCount": 1}], "8": [{"myValue": "LEVF", "personality_system_id": 8, "personality_type": "LEVF", "theCount": 2}], "9": [{"myValue": "RCOAI", "personality_system_id": 9, "personality_type": "RCOAI", "theCount": 2}, {"myValue": "RCUAI", "personality_system_id": 9, "personality_type": "RCUAI", "theCount": 1}]}, "breakdown_config": {"expand": {"1": 3, "11": 1, "2": 3, "3": 1, "4": 1, "5": 1, "6": 1, "7": 1, "8": 1, "9": 1}, "fire": {"1": 1, "11": 0, "2": 0, "3": 0, "4": 0, "5": 0, "6": 0, "7": 0, "8": 0, "9": 0}}, "mbti_letter_stats": [{"type": "I", "percentage": "95%", "PercentageFloat": 0.946969696969697}, {"type": "N", "percentage": "50%", "PercentageFloat": 0.5}, {"type": "T", "percentage": "60%", "PercentageFloat": 0.5984848484848485}, {"type": "P", "percentage": "77%", "PercentageFloat": 0.7651515151515151}], "topic_info": {"can_generate": false, "topic": {"description": "", "follow_count": 0, "id": 1092, "is_following": false, "is_join_pending": false, "is_banned": false, "is_moderated": false, "name_readable": "John \u201cRobin\u201d Blake", "post_count": 0, "source_profile_id": 1168, "source_type": "profile", "join_to_post": false, "can_pin": false, "related_topics": [{"description": "#HeathLedger", "follow_count": 7, "id": 205, "is_following": false, "is_join_pending": false, "is_banned": false, "is_moderated": false, "name_readable": "The Joker", "post_count": 50, "source_profile_id": 203, "source_type": "profile", "image": {"picURL": "https://static1.personality-database.com/profile_images/cb88c06eed854f95ba3ccba791b09775.png"}, "join_to_post": false, "can_pin": false}, {"description": "#CillianMurphy", "follow_count": 0, "id": 402, "is_following": false, "is_join_pending": false, "is_banned": false, "is_moderated": false, "name_readable": "Jonathan Crane \u201cScarecrow\u201d", "post_count": 31, "source_profile_id": 438, "source_type": "profile", "image": {"picURL": "https://static1.personality-database.com/profile_images/d622c4b9bedf4d2db31cef776e930e03.png"}, "join_to_post": false, "can_pin": false}, {"description": "#ChristianBale", "follow_count": 3, "id": 156, "is_following": false, "is_join_pending": false, "is_banned": false, "is_moderated": false, "name_readable": "Bruce Wayne \u201cBatman\u201d", "post_count": 27, "source_profile_id": 153, "source_type": "profile", "image": {"picURL": "https://static1.personality-database.com/profile_images/32a57ac8f4174d5ea51b111b3c04a505.png"}, "join_to_post": false, "can_pin": false}, {"description": "#AnneHathaway as Selina Kyle.", "follow_count": 0, "id": 1115, "is_following": false, "is_join_pending": false, "is_banned": false, "is_moderated": false, "name_readable": "Selina Kyle \u201cCatwoman\u201d", "post_count": 3, "source_profile_id": 1191, "source_type": "profile", "image": {"picURL": "https://static1.personality-database.com/profile_images/6bfd2bb5a54b40a39d92330055da1839.png"}, "join_to_post": false, "can_pin": false}, {"description": "", "follow_count": 0, "id": 20570, "is_following": false, "is_join_pending": false, "is_banned": false, "is_moderated": false, "name_readable": "James Gordon", "post_count": 1, "source_profile_id": 22738, "source_type": "profile", "image": {"picURL": "https://static1.personality-database.com/profile_images/35333930a6ae4545aa430672768bf47c.png"}, "join_to_post": false, "can_pin": false}, {"description": "#ENFJVillains", "follow_count": 1, "id": 405, "is_following": false, "is_join_pending": false, "is_banned": false, "is_moderated": false, "name_readable": "Harvey Dent \u201cTwo-Face\u201d", "post_count": 1, "source_profile_id": 441, "source_type": "profile", "image": {"picURL": "https://static1.personality-database.com/profile_images/b04e32853fe84972a69d3f1c0341cdcc.png"}, "join_to_post": false, "can_pin": false}, {"description": "", "follow_count": 0, "id": 145601, "is_following": false, "is_join_pending": false, "is_banned": false, "is_moderated": false, "name_readable": "Arnold Flass", "post_count": 0, "source_profile_id": 188797, "source_type": "profile", "image": {"picURL": "https://static1.personality-database.com/profile_images/d362fc38a63f4085bcd0b67140195167.png"}, "join_to_post": false, "can_pin": false}, {"description": "", "follow_count": 0, "id": 145593, "is_following": false, "is_join_pending": false, "is_banned": false, "is_moderated": false, "name_readable": "Coleman Reese", "post_count": 0, "source_profile_id": 188789, "source_type": "profile", "image": {"picURL": "https://static1.personality-database.com/profile_images/0f99c94f14094626806312483c4ce13d.png"}, "join_to_post": false, "can_pin": false}, {"description": "", "follow_count": 0, "id": 145594, "is_following": false, "is_join_pending": false, "is_banned": false, "is_moderated": false, "name_readable": "Gillian B. Loeb", "post_count": 0, "source_profile_id": 188790, "source_type": "profile", "image": {"picURL": "https://static1.personality-database.com/profile_images/81434aa3139e4df6857cca9be442d91a.png"}, "join_to_post": false, "can_pin": false}, {"description": "", "follow_count": 0, "id": 145595, "is_following": false, "is_join_pending": false, "is_banned": false, "is_moderated": false, "name_readable": "Victor Zsasz", "post_count": 0, "source_profile_id": 188791, "source_type": "profile", "image": {"picURL": "https://static1.personality-database.com/profile_images/74c041563db54afb8aa5b871b40d7b39.png"}, "join_to_post": false, "can_pin": false}, {"description": "", "follow_count": 0, "id": 145596, "is_following": false, "is_join_pending": false, "is_banned": false, "is_moderated": false, "name_readable": "Michael Wuertz", "post_count": 0, "source_profile_id": 188792, "source_type": "profile", "image": {"picURL": "https://static1.personality-database.com/profile_images/16da2824a7844227843a65a9b44a0714.png"}, "join_to_post": false, "can_pin": false}, {"description": "", "follow_count": 0, "id": 145597, "is_following": false, "is_join_pending": false, "is_banned": false, "is_moderated": false, "name_readable": "Anthony Garcia", "post_count": 0, "source_profile_id": 188793, "source_type": "profile", "image": {"picURL": "https://static1.personality-database.com/profile_images/ad370d11e4b04e2798a8aa41f201d723.png"}, "join_to_post": false, "can_pin": false}, {"description": "", "follow_count": 0, "id": 145598, "is_following": false, "is_join_pending": false, "is_banned": false, "is_moderated": false, "name_readable": "Gerard Stephens", "post_count": 0, "source_profile_id": 188794, "source_type": "profile", "image": {"picURL": "https://static1.personality-database.com/profile_images/b3000137f3ee4f5c80a1841f8660be62.png"}, "join_to_post": false, "can_pin": false}, {"description": "", "follow_count": 0, "id": 145599, "is_following": false, "is_join_pending": false, "is_banned": false, "is_moderated": false, "name_readable": "Roland Daggett", "post_count": 0, "source_profile_id": 188795, "source_type": "profile", "image": {"picURL": "https://static1.personality-database.com/profile_images/a1f68cf258eb4dc0a824b47e4c751ad2.png"}, "join_to_post": false, "can_pin": false}, {"description": "", "follow_count": 0, "id": 145600, "is_following": false, "is_join_pending": false, "is_banned": false, "is_moderated": false, "name_readable": "Leonid Pavel", "post_count": 0, "source_profile_id": 188796, "source_type": "profile", "image": {"picURL": "https://static1.personality-database.com/profile_images/8216c0618ddd49659a707daeb6dfcf2a.png"}, "join_to_post": false, "can_pin": false}, {"description": "", "follow_count": 0, "id": 145609, "is_following": false, "is_join_pending": false, "is_banned": false, "is_moderated": false, "name_readable": "John Barsad", "post_count": 0, "source_profile_id": 188807, "source_type": "profile", "image": {"picURL": "https://static1.personality-database.com/profile_images/ceddb3bb9d50460f9aa89e5a98eedf68.png"}, "join_to_post": false, "can_pin": false}], "subcategory": "The Dark Knight Trilogy (2005)", "topic_image_url": "https://static1.personality-database.com/profile_images/96c254007e5140f1ab365bfd36b7d0b3.png", "source_location": {"cid": 27, "pid": 2, "sub_cat_id": 38}, "can_post_image": false, "can_post_audio": false, "posts": {"posts": []}}}}