{"id": 1191, "mbti_profile": "Selina Kyle \u201cCatwoman\u201d", "profile_name_searchable": "selinakyle\u201ccatwoman\u201d", "allow_commenting": true, "allow_voting": true, "user_id": 0, "contributor": "the nameless", "contributor_create_date": "2015-08-22 21:55:13", "contributor_pic_path": "https://www.personality-database.com/images/profile_transparent.png", "display_order": 0, "edit_lock": 0, "edit_lock_picture": 0, "is_active": true, "is_approved": true, "mbti_enneagram_type": "ESTP 7w8", "mbti_type": "ESTP 7w8", "pdb_comment_access": true, "pdb_page_owner": 0, "pdb_public_access": true, "wiki_description": "#AnneHathaway as Selina Kyle.", "watch_count": 147, "comment_count": 3, "vote_count": 210, "vote_count_enneagram": 78, "vote_count_mbti": 210, "total_vote_counts": 369, "personality_type": "ESTP - 7w8 - sp/sx - 738 - SEE - SCUEN - FVEL - Choleric [Dominant] - IS(T)", "type_updated_date": "2023-01-11 01:06:57", "enneagram_vote": "", "enneagram_vote_id": 0, "mbti_vote": "", "mbti_vote_id": 0, "is_watching": false, "image_exists": false, "profile_image_url": "https://static1.personality-database.com/profile_images/6bfd2bb5a54b40a39d92330055da1839.png", "profile_image_credit": "", "profile_image_credit_id": 19302, "profile_image_credit_type": "0", "profile_image_credit_url": "", "alt_subcategory": "", "related_subcategories": "", "cat_id": 27, "category": "Superheroes", "category_is_fictional": true, "sub_cat_id": 38, "subcategory": "The Dark Knight Trilogy (2005)", "subcat_link_info": {"sub_cat_id": 38, "cat_id": 27, "property_id": 2, "subcategory": "The Dark Knight Trilogy (2005)"}, "related_subcat_link_info": null, "related_profiles": [{"id": 203, "mbti_profile": "The Joker", "subcategory": "The Dark Knight Trilogy (2005)", "profile_image_url": "https://static1.personality-database.com/profile_images/cb88c06eed854f95ba3ccba791b09775.png", "profile_name": "The Joker", "profile_subcat": "The Dark Knight Trilogy (2005)", "sub_cat_id": 38, "cat_id": 27, "property_id": 2, "mbti": "ENTP", "enneatype": "7w8"}, {"id": 153, "mbti_profile": "Bruce Wayne \u201cBatman\u201d", "subcategory": "The Dark Knight Trilogy (2005)", "profile_image_url": "https://static1.personality-database.com/profile_images/32a57ac8f4174d5ea51b111b3c04a505.png", "profile_name": "Bruce Wayne \u201cBatman\u201d", "profile_subcat": "The Dark Knight Trilogy (2005)", "sub_cat_id": 38, "cat_id": 27, "property_id": 2, "mbti": "INTJ", "enneatype": "1w9"}, {"id": 435, "mbti_profile": "Bane", "subcategory": "The Dark Knight Trilogy (2005)", "profile_image_url": "https://static1.personality-database.com/profile_images/4b95702b574f416d83fa53c4ec353c30.png", "profile_name": "Bane", "profile_subcat": "The Dark Knight Trilogy (2005)", "sub_cat_id": 38, "cat_id": 27, "property_id": 2, "mbti": "ENTJ", "enneatype": "8w7"}, {"id": 439, "mbti_profile": "Ra\u2019s Al Ghul / \u201cHenri Ducard\u201d", "subcategory": "The Dark Knight Trilogy (2005)", "profile_image_url": "https://static1.personality-database.com/profile_images/f7151e18515c4903909e8b843acfb263.png", "profile_name": "Ra\u2019s Al Ghul / \u201cHenri Ducard\u201d", "profile_subcat": "The Dark Knight Trilogy (2005)", "sub_cat_id": 38, "cat_id": 27, "property_id": 2, "mbti": "INFJ", "enneatype": "1w2"}, {"id": 441, "mbti_profile": "Harvey Dent \u201cTwo-Face\u201d", "subcategory": "The Dark Knight Trilogy (2005)", "profile_image_url": "https://static1.personality-database.com/profile_images/b04e32853fe84972a69d3f1c0341cdcc.png", "profile_name": "Harvey Dent \u201cTwo-Face\u201d", "profile_subcat": "The Dark Knight Trilogy (2005)", "sub_cat_id": 38, "cat_id": 27, "property_id": 2, "mbti": "ENFJ", "enneatype": "3w2"}, {"id": 440, "mbti_profile": "Rachel Dawes", "subcategory": "The Dark Knight Trilogy (2005)", "profile_image_url": "https://static1.personality-database.com/profile_images/f9ee35d2c55f4ad7b7b25644ab0af20b.png", "profile_name": "Rachel Dawes", "profile_subcat": "The Dark Knight Trilogy (2005)", "sub_cat_id": 38, "cat_id": 27, "property_id": 2, "mbti": "ESFJ", "enneatype": "1w2"}, {"id": 438, "mbti_profile": "Jonathan Crane \u201cScarecrow\u201d", "subcategory": "The Dark Knight Trilogy (2005)", "profile_image_url": "https://static1.personality-database.com/profile_images/d622c4b9bedf4d2db31cef776e930e03.png", "profile_name": "Jonathan Crane \u201cScarecrow\u201d", "profile_subcat": "The Dark Knight Trilogy (2005)", "sub_cat_id": 38, "cat_id": 27, "property_id": 2, "mbti": "INTP", "enneatype": "5w6"}, {"id": 142932, "mbti_profile": "The Guy On The Boat", "subcategory": "The Dark Knight Trilogy (2005)", "profile_image_url": "https://static1.personality-database.com/profile_images/0b4823895aae41a6a05d1ffd3a4cb960.png", "profile_name": "The Guy On The Boat", "profile_subcat": "The Dark Knight Trilogy (2005)", "sub_cat_id": 38, "cat_id": 27, "property_id": 2, "mbti": "ENFJ", "enneatype": "6w7"}], "functions": ["Se", "Ti", "Fe", "Ni"], "systems": [{"hex_color": "#888888", "id": 1, "personality_type": "XXXX", "personality_type_id": 0, "system_name": "Four Letter", "system_vote_count": 207, "user_vote_type_id": 0, "vote_id": 0}, {"hex_color": "#006775", "id": 2, "personality_type": "XXXX", "personality_type_id": 0, "system_name": "Enneagram", "system_vote_count": 77, "user_vote_type_id": 0, "vote_id": 0}, {"hex_color": "#006775", "id": 5, "personality_type": "XXXX", "personality_type_id": 0, "system_name": "Instinctual Variant", "system_vote_count": 23, "user_vote_type_id": 0, "vote_id": 0}, {"hex_color": "#006775", "id": 6, "personality_type": "XXXX", "personality_type_id": 0, "system_name": "Tritype", "system_vote_count": 13, "user_vote_type_id": 0, "vote_id": 0}, {"hex_color": "#888888", "id": 3, "personality_type": "XXXX", "personality_type_id": 0, "system_name": "Socionics", "system_vote_count": 9, "user_vote_type_id": 0, "vote_id": 0}, {"hex_color": "#888888", "id": 9, "personality_type": "XXXX", "personality_type_id": 0, "system_name": "Big 5 (SLOAN)", "system_vote_count": 6, "user_vote_type_id": 0, "vote_id": 0}, {"hex_color": "#888888", "id": 8, "personality_type": "XXXX", "personality_type_id": 0, "system_name": "Attitudinal Psyche", "system_vote_count": 3, "user_vote_type_id": 0, "vote_id": 0}, {"hex_color": "#888888", "id": 7, "personality_type": "XXXX", "personality_type_id": 0, "system_name": "Temperaments", "system_vote_count": 21, "user_vote_type_id": 0, "vote_id": 0}, {"hex_color": "#888888", "id": 11, "personality_type": "XXXX", "personality_type_id": 0, "system_name": "Classic Jungian", "system_vote_count": 2, "user_vote_type_id": 0, "vote_id": 0}], "breakdown_systems": {"1": [{"myValue": "ESTP", "personality_system_id": 1, "personality_type": "ESTP", "theCount": 137}, {"myValue": "ISTP", "personality_system_id": 1, "personality_type": "ISTP", "theCount": 48}, {"myValue": "ENTP", "personality_system_id": 1, "personality_type": "ENTP", "theCount": 9}, {"myValue": "ESFP", "personality_system_id": 1, "personality_type": "ESFP", "theCount": 7}, {"myValue": "ISTJ", "personality_system_id": 1, "personality_type": "ISTJ", "theCount": 3}, {"myValue": "INFP", "personality_system_id": 1, "personality_type": "INFP", "theCount": 2}, {"myValue": "INFJ", "personality_system_id": 1, "personality_type": "INFJ", "theCount": 1}], "11": [{"myValue": "ES(T)", "personality_system_id": 11, "personality_type": "ES(T)", "theCount": 1}, {"myValue": "IS(T)", "personality_system_id": 11, "personality_type": "IS(T)", "theCount": 1}], "2": [{"myValue": "7w8", "personality_system_id": 2, "personality_type": "7w8", "theCount": 72}, {"myValue": "8w7", "personality_system_id": 2, "personality_type": "8w7", "theCount": 3}, {"myValue": "6w7", "personality_system_id": 2, "personality_type": "6w7", "theCount": 1}, {"myValue": "7w6", "personality_system_id": 2, "personality_type": "7w6", "theCount": 1}], "3": [{"myValue": "SEE", "personality_system_id": 3, "personality_type": "SEE", "theCount": 8}, {"myValue": "ILE", "personality_system_id": 3, "personality_type": "ILE", "theCount": 1}], "4": [{"myValue": "Chaotic Neutral", "personality_system_id": 4, "personality_type": "Chaotic Neutral", "theCount": 7}, {"myValue": "True Neutral", "personality_system_id": 4, "personality_type": "True Neutral", "theCount": 1}], "5": [{"myValue": "sp/sx", "personality_system_id": 5, "personality_type": "sp/sx", "theCount": 16}, {"myValue": "sx/sp", "personality_system_id": 5, "personality_type": "sx/sp", "theCount": 4}, {"myValue": "so/sx", "personality_system_id": 5, "personality_type": "so/sx", "theCount": 2}, {"myValue": "sx/so", "personality_system_id": 5, "personality_type": "sx/so", "theCount": 1}], "6": [{"myValue": "738", "personality_system_id": 6, "personality_type": "738", "theCount": 7}, {"myValue": "783", "personality_system_id": 6, "personality_type": "783", "theCount": 5}, {"myValue": "784", "personality_system_id": 6, "personality_type": "784", "theCount": 1}], "7": [{"myValue": "Choleric [Dominant]", "personality_system_id": 7, "personality_type": "Choleric [Dominant]", "theCount": 9}, {"myValue": "Choleric-Phlegmatic", "personality_system_id": 7, "personality_type": "Choleric-Phlegmatic", "theCount": 7}, {"myValue": "Choleric-Sanguine", "personality_system_id": 7, "personality_type": "Choleric-Sanguine", "theCount": 3}, {"myValue": "Sanguine [Dominant]", "personality_system_id": 7, "personality_type": "Sanguine [Dominant]", "theCount": 1}, {"myValue": "Sanguine-Choleric", "personality_system_id": 7, "personality_type": "Sanguine-Choleric", "theCount": 1}], "8": [{"myValue": "FVEL", "personality_system_id": 8, "personality_type": "FVEL", "theCount": 2}, {"myValue": "FVLE", "personality_system_id": 8, "personality_type": "FVLE", "theCount": 1}], "9": [{"myValue": "SCUEN", "personality_system_id": 9, "personality_type": "SCUEN", "theCount": 4}, {"myValue": "RCOEN", "personality_system_id": 9, "personality_type": "RCOEN", "theCount": 1}, {"myValue": "SCUEI", "personality_system_id": 9, "personality_type": "SCUEI", "theCount": 1}]}, "breakdown_config": {"expand": {"1": 3, "11": 1, "2": 3, "3": 1, "4": 1, "5": 1, "6": 1, "7": 1, "8": 1, "9": 1}, "fire": {"1": 0, "11": 0, "2": 0, "3": 0, "4": 0, "5": 0, "6": 0, "7": 0, "8": 0, "9": 0}}, "mbti_letter_stats": [{"type": "E", "percentage": "74%", "PercentageFloat": 0.7391304347826086}, {"type": "S", "percentage": "94%", "PercentageFloat": 0.9420289855072463}, {"type": "T", "percentage": "95%", "PercentageFloat": 0.9516908212560387}, {"type": "P", "percentage": "98%", "PercentageFloat": 0.9806763285024155}], "topic_info": {"can_generate": false, "topic": {"description": "#AnneHathaway as Selina Kyle.", "follow_count": 0, "id": 1115, "is_following": false, "is_join_pending": false, "is_banned": false, "is_moderated": false, "name_readable": "Selina Kyle \u201cCatwoman\u201d", "post_count": 3, "source_profile_id": 1191, "source_type": "profile", "join_to_post": false, "can_pin": false, "related_topics": [{"description": "#HeathLedger", "follow_count": 7, "id": 205, "is_following": false, "is_join_pending": false, "is_banned": false, "is_moderated": false, "name_readable": "The Joker", "post_count": 50, "source_profile_id": 203, "source_type": "profile", "image": {"picURL": "https://static1.personality-database.com/profile_images/cb88c06eed854f95ba3ccba791b09775.png"}, "join_to_post": false, "can_pin": false}, {"description": "#CillianMurphy", "follow_count": 0, "id": 402, "is_following": false, "is_join_pending": false, "is_banned": false, "is_moderated": false, "name_readable": "Jonathan Crane \u201cScarecrow\u201d", "post_count": 31, "source_profile_id": 438, "source_type": "profile", "image": {"picURL": "https://static1.personality-database.com/profile_images/d622c4b9bedf4d2db31cef776e930e03.png"}, "join_to_post": false, "can_pin": false}, {"description": "#ChristianBale", "follow_count": 3, "id": 156, "is_following": false, "is_join_pending": false, "is_banned": false, "is_moderated": false, "name_readable": "Bruce Wayne \u201cBatman\u201d", "post_count": 27, "source_profile_id": 153, "source_type": "profile", "image": {"picURL": "https://static1.personality-database.com/profile_images/32a57ac8f4174d5ea51b111b3c04a505.png"}, "join_to_post": false, "can_pin": false}, {"description": "#AnneHathaway as Selina Kyle.", "follow_count": 0, "id": 1115, "is_following": false, "is_join_pending": false, "is_banned": false, "is_moderated": false, "name_readable": "Selina Kyle \u201cCatwoman\u201d", "post_count": 3, "source_profile_id": 1191, "source_type": "profile", "image": {"picURL": "https://static1.personality-database.com/profile_images/6bfd2bb5a54b40a39d92330055da1839.png"}, "join_to_post": false, "can_pin": false}, {"description": "", "follow_count": 0, "id": 20570, "is_following": false, "is_join_pending": false, "is_banned": false, "is_moderated": false, "name_readable": "James Gordon", "post_count": 1, "source_profile_id": 22738, "source_type": "profile", "image": {"picURL": "https://static1.personality-database.com/profile_images/35333930a6ae4545aa430672768bf47c.png"}, "join_to_post": false, "can_pin": false}, {"description": "#ENFJVillains", "follow_count": 1, "id": 405, "is_following": false, "is_join_pending": false, "is_banned": false, "is_moderated": false, "name_readable": "Harvey Dent \u201cTwo-Face\u201d", "post_count": 1, "source_profile_id": 441, "source_type": "profile", "image": {"picURL": "https://static1.personality-database.com/profile_images/b04e32853fe84972a69d3f1c0341cdcc.png"}, "join_to_post": false, "can_pin": false}, {"description": "", "follow_count": 0, "id": 145601, "is_following": false, "is_join_pending": false, "is_banned": false, "is_moderated": false, "name_readable": "Arnold Flass", "post_count": 0, "source_profile_id": 188797, "source_type": "profile", "image": {"picURL": "https://static1.personality-database.com/profile_images/d362fc38a63f4085bcd0b67140195167.png"}, "join_to_post": false, "can_pin": false}, {"description": "", "follow_count": 0, "id": 145593, "is_following": false, "is_join_pending": false, "is_banned": false, "is_moderated": false, "name_readable": "Coleman Reese", "post_count": 0, "source_profile_id": 188789, "source_type": "profile", "image": {"picURL": "https://static1.personality-database.com/profile_images/0f99c94f14094626806312483c4ce13d.png"}, "join_to_post": false, "can_pin": false}, {"description": "", "follow_count": 0, "id": 145594, "is_following": false, "is_join_pending": false, "is_banned": false, "is_moderated": false, "name_readable": "Gillian B. Loeb", "post_count": 0, "source_profile_id": 188790, "source_type": "profile", "image": {"picURL": "https://static1.personality-database.com/profile_images/81434aa3139e4df6857cca9be442d91a.png"}, "join_to_post": false, "can_pin": false}, {"description": "", "follow_count": 0, "id": 145595, "is_following": false, "is_join_pending": false, "is_banned": false, "is_moderated": false, "name_readable": "Victor Zsasz", "post_count": 0, "source_profile_id": 188791, "source_type": "profile", "image": {"picURL": "https://static1.personality-database.com/profile_images/74c041563db54afb8aa5b871b40d7b39.png"}, "join_to_post": false, "can_pin": false}, {"description": "", "follow_count": 0, "id": 145596, "is_following": false, "is_join_pending": false, "is_banned": false, "is_moderated": false, "name_readable": "Michael Wuertz", "post_count": 0, "source_profile_id": 188792, "source_type": "profile", "image": {"picURL": "https://static1.personality-database.com/profile_images/16da2824a7844227843a65a9b44a0714.png"}, "join_to_post": false, "can_pin": false}, {"description": "", "follow_count": 0, "id": 145597, "is_following": false, "is_join_pending": false, "is_banned": false, "is_moderated": false, "name_readable": "Anthony Garcia", "post_count": 0, "source_profile_id": 188793, "source_type": "profile", "image": {"picURL": "https://static1.personality-database.com/profile_images/ad370d11e4b04e2798a8aa41f201d723.png"}, "join_to_post": false, "can_pin": false}, {"description": "", "follow_count": 0, "id": 145598, "is_following": false, "is_join_pending": false, "is_banned": false, "is_moderated": false, "name_readable": "Gerard Stephens", "post_count": 0, "source_profile_id": 188794, "source_type": "profile", "image": {"picURL": "https://static1.personality-database.com/profile_images/b3000137f3ee4f5c80a1841f8660be62.png"}, "join_to_post": false, "can_pin": false}, {"description": "", "follow_count": 0, "id": 145599, "is_following": false, "is_join_pending": false, "is_banned": false, "is_moderated": false, "name_readable": "Roland Daggett", "post_count": 0, "source_profile_id": 188795, "source_type": "profile", "image": {"picURL": "https://static1.personality-database.com/profile_images/a1f68cf258eb4dc0a824b47e4c751ad2.png"}, "join_to_post": false, "can_pin": false}, {"description": "", "follow_count": 0, "id": 145600, "is_following": false, "is_join_pending": false, "is_banned": false, "is_moderated": false, "name_readable": "Leonid Pavel", "post_count": 0, "source_profile_id": 188796, "source_type": "profile", "image": {"picURL": "https://static1.personality-database.com/profile_images/8216c0618ddd49659a707daeb6dfcf2a.png"}, "join_to_post": false, "can_pin": false}, {"description": "", "follow_count": 0, "id": 145609, "is_following": false, "is_join_pending": false, "is_banned": false, "is_moderated": false, "name_readable": "John Barsad", "post_count": 0, "source_profile_id": 188807, "source_type": "profile", "image": {"picURL": "https://static1.personality-database.com/profile_images/ceddb3bb9d50460f9aa89e5a98eedf68.png"}, "join_to_post": false, "can_pin": false}], "subcategory": "The Dark Knight Trilogy (2005)", "topic_image_url": "https://static1.personality-database.com/profile_images/6bfd2bb5a54b40a39d92330055da1839.png", "source_location": {"cid": 27, "pid": 2, "sub_cat_id": 38}, "can_post_image": false, "can_post_audio": false, "posts": {"posts": [{"username": "Theoneandonly", "user_pic_path": "", "user_personality_type": "", "is_mod": false, "comment_count": 2, "reply_count": 2, "vote_type": 0, "topics_list": [{"id": 1115, "name_readable": "Selina Kyle \u201cCatwoman\u201d"}], "id": 1844860, "post_id": 1844860, "user_id": 753805, "title": "", "content": "The only woman in the whole trilogy i found attractive", "create_date": 1658077743000, "unix_timestamp": 1658077743000, "update_date": 1658077743000, "vote_count": 5, "vote_count_down": 0, "is_reported": 1, "is_hidden": false, "is_pinned": false, "is_watching": false, "is_pro_user": false, "images": null, "audios": null, "function_list": [], "type": "post"}, {"username": "nazrrrr", "user_pic_path": "https://lh3.googleusercontent.com/a-/AOh14Gjs9E-sbl2YG0XFMJQSaEqn41V7OGrVDG624cQN=s96-c", "user_personality_type": "ISFP-4w3-486", "is_mod": false, "comment_count": 0, "reply_count": 0, "vote_type": 0, "topics_list": [{"id": 1115, "name_readable": "Selina Kyle \u201cCatwoman\u201d"}], "id": 1838979, "post_id": 1838979, "user_id": 624230, "title": "", "content": "ESTP women nice job marry me", "create_date": 1643050111000, "unix_timestamp": 1643050111000, "update_date": 1643050111000, "vote_count": 8, "vote_count_down": 0, "is_reported": 1, "is_hidden": false, "is_pinned": false, "is_watching": false, "is_pro_user": false, "images": null, "audios": null, "function_list": [], "type": "post"}, {"username": "ME1819", "user_pic_path": "https://api.personality-database.com/profile_images/0.png", "user_personality_type": "ENTP", "is_mod": false, "comment_count": 0, "reply_count": 0, "vote_type": 0, "topics_list": [{"id": 1115, "name_readable": "Selina Kyle \u201cCatwoman\u201d"}], "id": 1838958, "post_id": 1838958, "user_id": 1819, "title": "", "content": "No, I really think she's an extrovert.", "create_date": 1482694449000, "unix_timestamp": 1482694449000, "update_date": 1482694449000, "vote_count": 24, "vote_count_down": 1, "is_reported": 1, "is_hidden": false, "is_pinned": false, "is_watching": false, "is_pro_user": false, "images": null, "audios": null, "function_list": [], "type": "post"}]}}}}