{"id": 12225, "mbti_profile": "Vanessa Carlysle", "profile_name_searchable": "vanessacarlysle", "allow_commenting": true, "allow_voting": true, "user_id": 1, "contributor": "Kicking Lettuce", "contributor_create_date": "2018-05-25 19:05:27", "contributor_pic_path": "https://lh3.googleusercontent.com/a-/AFdZucrdBMOKLDDI4aEj02a1UJKyINeog4FnWpea5P_8COM=s96-c", "display_order": 0, "edit_lock": 0, "edit_lock_picture": 0, "is_active": true, "is_approved": true, "mbti_enneagram_type": "INFJ 6w7", "mbti_type": "INFJ 6w7", "pdb_comment_access": true, "pdb_page_owner": 0, "pdb_public_access": true, "wiki_description": "", "watch_count": 191, "comment_count": 31, "vote_count": 141, "vote_count_enneagram": 28, "vote_count_mbti": 141, "total_vote_counts": 185, "personality_type": "INFJ - 6w7 - sx/sp - 629 - SEI - RCUAN - Sanguine-Phlegmatic", "type_updated_date": "2021-05-05 03:18:37", "enneagram_vote": "", "enneagram_vote_id": 0, "mbti_vote": "", "mbti_vote_id": 0, "is_watching": false, "image_exists": false, "profile_image_url": "https://static1.personality-database.com/profile_images/8cdfeb2dd18d492fbf6b633ade90886c.png", "profile_image_credit": "", "profile_image_credit_id": 150811, "profile_image_credit_type": "0", "profile_image_credit_url": "", "alt_subcategory": "", "related_subcategories": "", "cat_id": 27, "category": "Superheroes", "category_is_fictional": true, "sub_cat_id": 430, "subcategory": "Deadpool (2016)", "subcat_link_info": {"sub_cat_id": 430, "cat_id": 27, "property_id": 2, "subcategory": "Deadpool (2016)"}, "related_subcat_link_info": null, "related_profiles": [{"id": 478, "mbti_profile": "Wade Wilson \u201cDeadpool\u201d", "subcategory": "Deadpool (2016)", "profile_image_url": "https://static1.personality-database.com/profile_images/099ae68b1b344c12b7fba01f2bc0928a.png", "profile_name": "Wade Wilson \u201cDeadpool\u201d", "profile_subcat": "Deadpool (2016)", "sub_cat_id": 430, "cat_id": 27, "property_id": 2, "mbti": "ENTP", "enneatype": "7w8"}, {"id": 12226, "mbti_profile": "Firefist", "subcategory": "Deadpool (2016)", "profile_image_url": "https://static1.personality-database.com/profile_images/869a338a679d491cb29e926b526244e6.png", "profile_name": "Firefist", "profile_subcat": "Deadpool (2016)", "sub_cat_id": 430, "cat_id": 27, "property_id": 2, "mbti": "ISFP", "enneatype": "8w7"}, {"id": 2544, "mbti_profile": "Pietr Rasputin \u201cColossus\u201d", "subcategory": "Deadpool (2016)", "profile_image_url": "https://static1.personality-database.com/profile_images/9d0221fbebb44ca7ac076bc701089868.png", "profile_name": "Pietr Rasputin \u201cColossus\u201d", "profile_subcat": "Deadpool (2016)", "sub_cat_id": 430, "cat_id": 27, "property_id": 2, "mbti": "ISFJ", "enneatype": "1w9"}, {"id": 12118, "mbti_profile": "Cable", "subcategory": "Deadpool (2016)", "profile_image_url": "https://static1.personality-database.com/profile_images/ef846579ab774ddb87f803be2d6db535.png", "profile_name": "Cable", "profile_subcat": "Deadpool (2016)", "sub_cat_id": 430, "cat_id": 27, "property_id": 2, "mbti": "ESTJ", "enneatype": "8w9"}, {"id": 3954, "mbti_profile": "Francis Freeman \u201cAjax\u201d", "subcategory": "Deadpool (2016)", "profile_image_url": "https://static1.personality-database.com/profile_images/af60df36d75c4f6ebee6f7671fce78d9.png", "profile_name": "Francis Freeman \u201cAjax\u201d", "profile_subcat": "Deadpool (2016)", "sub_cat_id": 430, "cat_id": 27, "property_id": 2, "mbti": "ISTP", "enneatype": "8w7"}, {"id": 72732, "mbti_profile": "Yukio", "subcategory": "Deadpool (2016)", "profile_image_url": "https://static1.personality-database.com/profile_images/fb42dcd5e8e14368bd0743256a84345f.png", "profile_name": "Yukio", "profile_subcat": "Deadpool (2016)", "sub_cat_id": 430, "cat_id": 27, "property_id": 2, "mbti": "ENFP", "enneatype": "9w1"}, {"id": 4775, "mbti_profile": "Weasel", "subcategory": "Deadpool (2016)", "profile_image_url": "https://static1.personality-database.com/profile_images/09bb5dfb961c4e52b56d33b22eb75915.png", "profile_name": "Weasel", "profile_subcat": "Deadpool (2016)", "sub_cat_id": 430, "cat_id": 27, "property_id": 2, "mbti": "ENTP", "enneatype": "6w7"}, {"id": 12156, "mbti_profile": "Blind Al", "subcategory": "Deadpool (2016)", "profile_image_url": "https://static1.personality-database.com/profile_images/26592b202afd452ca3d00b6a2ff9803b.png", "profile_name": "Blind Al", "profile_subcat": "Deadpool (2016)", "sub_cat_id": 430, "cat_id": 27, "property_id": 2, "mbti": "ESTP", "enneatype": "9w8"}], "functions": ["Ni", "Fe", "Ti", "Se"], "systems": [{"hex_color": "#888888", "id": 1, "personality_type": "XXXX", "personality_type_id": 0, "system_name": "Four Letter", "system_vote_count": 140, "user_vote_type_id": 0, "vote_id": 0}, {"hex_color": "#006775", "id": 2, "personality_type": "XXXX", "personality_type_id": 0, "system_name": "Enneagram", "system_vote_count": 27, "user_vote_type_id": 0, "vote_id": 0}, {"hex_color": "#006775", "id": 5, "personality_type": "XXXX", "personality_type_id": 0, "system_name": "Instinctual Variant", "system_vote_count": 7, "user_vote_type_id": 0, "vote_id": 0}, {"hex_color": "#006775", "id": 6, "personality_type": "XXXX", "personality_type_id": 0, "system_name": "Tritype", "system_vote_count": 3, "user_vote_type_id": 0, "vote_id": 0}, {"hex_color": "#888888", "id": 3, "personality_type": "XXXX", "personality_type_id": 0, "system_name": "Socionics", "system_vote_count": 1, "user_vote_type_id": 0, "vote_id": 0}, {"hex_color": "#888888", "id": 9, "personality_type": "XXXX", "personality_type_id": 0, "system_name": "Big 5 (SLOAN)", "system_vote_count": 1, "user_vote_type_id": 0, "vote_id": 0}, {"hex_color": "#888888", "id": 8, "personality_type": "XXXX", "personality_type_id": 0, "system_name": "Attitudinal Psyche", "system_vote_count": 0, "user_vote_type_id": 0, "vote_id": 0}, {"hex_color": "#888888", "id": 7, "personality_type": "XXXX", "personality_type_id": 0, "system_name": "Temperaments", "system_vote_count": 5, "user_vote_type_id": 0, "vote_id": 0}, {"hex_color": "#888888", "id": 11, "personality_type": "XXXX", "personality_type_id": 0, "system_name": "Classic Jungian", "system_vote_count": 0, "user_vote_type_id": 0, "vote_id": 0}], "breakdown_systems": {"1": [{"myValue": "INFJ", "personality_system_id": 1, "personality_type": "INFJ", "theCount": 71}, {"myValue": "ISFP", "personality_system_id": 1, "personality_type": "ISFP", "theCount": 44}, {"myValue": "ENTJ", "personality_system_id": 1, "personality_type": "ENTJ", "theCount": 8}, {"myValue": "ENFP", "personality_system_id": 1, "personality_type": "ENFP", "theCount": 5}, {"myValue": "ENFJ", "personality_system_id": 1, "personality_type": "ENFJ", "theCount": 4}, {"myValue": "ESTP", "personality_system_id": 1, "personality_type": "ESTP", "theCount": 4}, {"myValue": "ESFP", "personality_system_id": 1, "personality_type": "ESFP", "theCount": 2}, {"myValue": "INFP", "personality_system_id": 1, "personality_type": "INFP", "theCount": 1}, {"myValue": "INTJ", "personality_system_id": 1, "personality_type": "INTJ", "theCount": 1}], "11": [{"myValue": "XXXX", "personality_system_id": 0, "personality_type": "XXXX", "theCount": 0}], "2": [{"myValue": "6w7", "personality_system_id": 2, "personality_type": "6w7", "theCount": 19}, {"myValue": "9w8", "personality_system_id": 2, "personality_type": "9w8", "theCount": 3}, {"myValue": "2w1", "personality_system_id": 2, "personality_type": "2w1", "theCount": 1}, {"myValue": "3w2", "personality_system_id": 2, "personality_type": "3w2", "theCount": 1}, {"myValue": "6w5", "personality_system_id": 2, "personality_type": "6w5", "theCount": 1}, {"myValue": "7w6", "personality_system_id": 2, "personality_type": "7w6", "theCount": 1}, {"myValue": "8w7", "personality_system_id": 2, "personality_type": "8w7", "theCount": 1}], "3": [{"myValue": "SEI", "personality_system_id": 3, "personality_type": "SEI", "theCount": 1}], "4": [{"myValue": "Neutral Good", "personality_system_id": 4, "personality_type": "Neutral Good", "theCount": 1}], "5": [{"myValue": "sx/sp", "personality_system_id": 5, "personality_type": "sx/sp", "theCount": 5}, {"myValue": "sp/sx", "personality_system_id": 5, "personality_type": "sp/sx", "theCount": 1}, {"myValue": "sx/so", "personality_system_id": 5, "personality_type": "sx/so", "theCount": 1}], "6": [{"myValue": "629", "personality_system_id": 6, "personality_type": "629", "theCount": 2}, {"myValue": "872", "personality_system_id": 6, "personality_type": "872", "theCount": 1}], "7": [{"myValue": "Sanguine-Phlegmatic", "personality_system_id": 7, "personality_type": "Sanguine-Phlegmatic", "theCount": 4}, {"myValue": "Sanguine [Dominant]", "personality_system_id": 7, "personality_type": "Sanguine [Dominant]", "theCount": 1}], "8": [{"myValue": "XXXX", "personality_system_id": 0, "personality_type": "XXXX", "theCount": 0}], "9": [{"myValue": "RCUAN", "personality_system_id": 9, "personality_type": "RCUAN", "theCount": 1}]}, "breakdown_config": {"expand": {"1": 3, "11": 1, "2": 3, "3": 1, "4": 1, "5": 1, "6": 1, "7": 1, "8": 1, "9": 1}, "fire": {"1": 1, "11": 0, "2": 0, "3": 0, "4": 0, "5": 0, "6": 0, "7": 0, "8": 0, "9": 0}}, "mbti_letter_stats": [{"type": "I", "percentage": "84%", "PercentageFloat": 0.8357142857142857}, {"type": "N", "percentage": "64%", "PercentageFloat": 0.6428571428571429}, {"type": "F", "percentage": "91%", "PercentageFloat": 0.9071428571428571}, {"type": "J", "percentage": "60%", "PercentageFloat": 0.6}], "topic_info": {"can_generate": false, "topic": {"description": "", "follow_count": 0, "id": 11306, "is_following": false, "is_join_pending": false, "is_banned": false, "is_moderated": false, "name_readable": "Vanessa Carlysle", "post_count": 1, "source_profile_id": 12225, "source_type": "profile", "join_to_post": false, "can_pin": false, "related_topics": [{"description": "#RyanReynolds", "follow_count": 2, "id": 439, "is_following": false, "is_join_pending": false, "is_banned": false, "is_moderated": false, "name_readable": "Wade Wilson \u201cDeadpool\u201d", "post_count": 30, "source_profile_id": 478, "source_type": "profile", "image": {"picURL": "https://static1.personality-database.com/profile_images/099ae68b1b344c12b7fba01f2bc0928a.png"}, "join_to_post": false, "can_pin": false}, {"description": "", "follow_count": 0, "id": 3641, "is_following": false, "is_join_pending": false, "is_banned": false, "is_moderated": false, "name_readable": "Francis Freeman \u201cAjax\u201d", "post_count": 2, "source_profile_id": 3954, "source_type": "profile", "image": {"picURL": "https://static1.personality-database.com/profile_images/af60df36d75c4f6ebee6f7671fce78d9.png"}, "join_to_post": false, "can_pin": false}, {"description": "", "follow_count": 0, "id": 11306, "is_following": false, "is_join_pending": false, "is_banned": false, "is_moderated": false, "name_readable": "Vanessa Carlysle", "post_count": 1, "source_profile_id": 12225, "source_type": "profile", "image": {"picURL": "https://static1.personality-database.com/profile_images/8cdfeb2dd18d492fbf6b633ade90886c.png"}, "join_to_post": false, "can_pin": false}, {"description": "", "follow_count": 0, "id": 2320, "is_following": false, "is_join_pending": false, "is_banned": false, "is_moderated": false, "name_readable": "Pietr Rasputin \u201cColossus\u201d", "post_count": 0, "source_profile_id": 2544, "source_type": "profile", "image": {"picURL": "https://static1.personality-database.com/profile_images/9d0221fbebb44ca7ac076bc701089868.png"}, "join_to_post": false, "can_pin": false}, {"description": "#BriannaHildebrand\n#ISTPHeroes", "follow_count": 0, "id": 2321, "is_following": false, "is_join_pending": false, "is_banned": false, "is_moderated": false, "name_readable": "Negasonic Teenage Warhead", "post_count": 0, "source_profile_id": 2545, "source_type": "profile", "image": {"picURL": "https://static1.personality-database.com/profile_images/1ec5ed73215c4b52bb95191f54c2c1d7.png"}, "join_to_post": false, "can_pin": false}, {"description": "", "follow_count": 0, "id": 4424, "is_following": false, "is_join_pending": false, "is_banned": false, "is_moderated": false, "name_readable": "Weasel", "post_count": 0, "source_profile_id": 4775, "source_type": "profile", "image": {"picURL": "https://static1.personality-database.com/profile_images/09bb5dfb961c4e52b56d33b22eb75915.png"}, "join_to_post": false, "can_pin": false}, {"description": "#GinaCarano", "follow_count": 0, "id": 4425, "is_following": false, "is_join_pending": false, "is_banned": false, "is_moderated": false, "name_readable": "Angel Dust", "post_count": 0, "source_profile_id": 4776, "source_type": "profile", "image": {"picURL": "https://static1.personality-database.com/profile_images/75f08463816d4f3c99fd63361bd1ee18.png"}, "join_to_post": false, "can_pin": false}, {"description": "#JoshBrolin", "follow_count": 0, "id": 11215, "is_following": false, "is_join_pending": false, "is_banned": false, "is_moderated": false, "name_readable": "Cable", "post_count": 0, "source_profile_id": 12118, "source_type": "profile", "image": {"picURL": "https://static1.personality-database.com/profile_images/ef846579ab774ddb87f803be2d6db535.png"}, "join_to_post": false, "can_pin": false}, {"description": "#ZazieBeetz\n#ISTPHeroes", "follow_count": 0, "id": 11242, "is_following": false, "is_join_pending": false, "is_banned": false, "is_moderated": false, "name_readable": "Domino", "post_count": 0, "source_profile_id": 12155, "source_type": "profile", "image": {"picURL": "https://static1.personality-database.com/profile_images/cae67dcb322643abacb452e48ca246ec.png"}, "join_to_post": false, "can_pin": false}, {"description": "", "follow_count": 0, "id": 11243, "is_following": false, "is_join_pending": false, "is_banned": false, "is_moderated": false, "name_readable": "Blind Al", "post_count": 0, "source_profile_id": 12156, "source_type": "profile", "image": {"picURL": "https://static1.personality-database.com/profile_images/26592b202afd452ca3d00b6a2ff9803b.png"}, "join_to_post": false, "can_pin": false}, {"description": "", "follow_count": 0, "id": 11307, "is_following": false, "is_join_pending": false, "is_banned": false, "is_moderated": false, "name_readable": "Firefist", "post_count": 0, "source_profile_id": 12226, "source_type": "profile", "image": {"picURL": "https://static1.personality-database.com/profile_images/869a338a679d491cb29e926b526244e6.png"}, "join_to_post": false, "can_pin": false}, {"description": "", "follow_count": 0, "id": 40357, "is_following": false, "is_join_pending": false, "is_banned": false, "is_moderated": false, "name_readable": "Dopinder", "post_count": 0, "source_profile_id": 45745, "source_type": "profile", "image": {"picURL": "https://static1.personality-database.com/profile_images/765416ca2a474055b76fda8fea0df351.png"}, "join_to_post": false, "can_pin": false}, {"description": "", "follow_count": 0, "id": 59028, "is_following": false, "is_join_pending": false, "is_banned": false, "is_moderated": false, "name_readable": "Yukio", "post_count": 0, "source_profile_id": 72732, "source_type": "profile", "image": {"picURL": "https://static1.personality-database.com/profile_images/fb42dcd5e8e14368bd0743256a84345f.png"}, "join_to_post": false, "can_pin": false}], "subcategory": "Deadpool (2016)", "topic_image_url": "https://static1.personality-database.com/profile_images/8cdfeb2dd18d492fbf6b633ade90886c.png", "source_location": {"cid": 27, "pid": 2, "sub_cat_id": 430}, "can_post_image": false, "can_post_audio": false, "posts": {"posts": [{"username": "Schlondpoofa", "user_pic_path": "https://lh3.googleusercontent.com/a-/AFdZucp5-BC7qarFCx_PWbUbdKuA09Lj8MwHJQ08RnfG=s96-c", "user_personality_type": "ENFP-4w3-468", "is_mod": false, "comment_count": 0, "reply_count": 0, "vote_type": 0, "topics_list": [{"id": 11306, "name_readable": "Vanessa Carlysle"}], "id": 693135, "post_id": 693135, "user_id": 171795, "title": "", "content": "She doesn\u2019t have a personality complex or interesting enough to type\u2026 she\u2019s the embodiment of the \u201ccool girl\u201d written by misogynistic men who want their fantasies fulfilled-all the while refusing to view women in a realistic or humanizing way.", "create_date": 1652374807000, "unix_timestamp": 1652374807000, "update_date": 1652374807000, "vote_count": 10, "vote_count_down": 0, "is_reported": 0, "is_hidden": false, "is_pinned": false, "is_watching": false, "is_pro_user": false, "images": null, "audios": null, "function_list": [], "type": "post"}]}}}}