{"id": 126868, "mbti_profile": "Melina Vostokoff", "profile_name_searchable": "melinavostokoff", "allow_commenting": true, "allow_voting": true, "user_id": 6965, "contributor": "Evil Unicorn", "contributor_create_date": "2020-04-28 02:14:51", "contributor_pic_path": "https://lh3.googleusercontent.com/a-/AOh14GgMKByXQi_egmmpBMInSohuU5Lmj486mvMhIyCelw=s96-c", "display_order": 0, "edit_lock": 0, "edit_lock_picture": 0, "is_active": true, "is_approved": true, "mbti_enneagram_type": "ISTJ 5w6", "mbti_type": "ISTJ 5w6", "pdb_comment_access": true, "pdb_page_owner": 0, "pdb_public_access": true, "wiki_description": "Melina Vostokoff (Russian: \u041c\u0435\u043b\u0438\u043d\u0430 \u0412\u043e\u0441\u0442\u043e\u043a\u043e\u0432) is a scientist and a Red Room operative who has been through the Black Widow program four times, as well as the adoptive mother of Natasha Romanoff and Yelena Belova. While working for Dreykov, Vostokoff helped him develop a brainwashing mechanism that he used on Black Widows after Romanoff's defection. After reuniting with Romanoff, Belova, and Alexei Shostakov, Vostokoff joined them in their mission to liberate the Widows and terminate the Red Room once and for all. Melina is shown to be very compassionate and sweet to others such as Yelena Belova or Natasha Romanoff when she and Alexei Shostakov were looking after them while trying to access data from S.H.I.E.L.D. She has also show signs of loyalty to the \"Family\" and towards the Red Room and Dreykov, having served under them for a long time, but was willing to listen and be persuaded by Natasha that Dreykov needed to be killed. \n\n#MagnificentBastard", "watch_count": 85, "comment_count": 22, "vote_count": 185, "vote_count_enneagram": 80, "vote_count_mbti": 185, "total_vote_counts": 318, "personality_type": "ISTJ - 5w6 - sp/so - 512 - LII - RCOAI - VLFE - Phlegmatic [Dominant]", "type_updated_date": "2021-07-17 03:49:42", "enneagram_vote": "", "enneagram_vote_id": 0, "mbti_vote": "", "mbti_vote_id": 0, "is_watching": false, "image_exists": false, "profile_image_url": "https://static1.personality-database.com/profile_images/51580fdadd1544408e3640aa0dc84417.png", "profile_image_credit": "", "profile_image_credit_id": 369846, "profile_image_credit_type": "0", "profile_image_credit_url": "https://marvelcinematicuniverse.fandom.com/wiki/Black_Widow_(film)/Gallery", "alt_subcategory": "", "related_subcategories": "21590|||Black Widow (2021)", "cat_id": 27, "category": "Superheroes", "category_is_fictional": true, "sub_cat_id": 18879, "subcategory": "MCU: Everyone Else", "subcat_link_info": {"sub_cat_id": 18879, "cat_id": 27, "property_id": 2, "subcategory": "MCU: Everyone Else"}, "related_subcat_link_info": [{"sub_cat_id": 21590, "cat_id": 3, "property_id": 2, "subcategory": "Black Widow (2021)"}], "related_profiles": [{"id": 416992, "mbti_profile": "Druig", "subcategory": "MCU: Everyone Else", "profile_image_url": "https://static1.personality-database.com/profile_images/1585286442e040b98a5085d22c0e2fa7.png", "profile_name": "Druig", "profile_subcat": "MCU: Everyone Else", "sub_cat_id": 18879, "cat_id": 27, "property_id": 2, "mbti": "INTJ", "enneatype": "1w9"}, {"id": 495555, "mbti_profile": "Reed Richards  \u201cMister Fantastic\u201d (Universe 838)", "subcategory": "MCU: Everyone Else", "profile_image_url": "https://static1.personality-database.com/profile_images/65d1305b95bf48d0a610e4523da8f4c0.png", "profile_name": "Reed Richards  \u201cMister Fantastic\u201d (Universe 838)", "profile_subcat": "MCU: Everyone Else", "sub_cat_id": 18879, "cat_id": 27, "property_id": 2, "mbti": "INTP", "enneatype": "5w6"}, {"id": 258345, "mbti_profile": "Billy Maximoff \"Wiccan\"", "subcategory": "MCU: Everyone Else", "profile_image_url": "https://static1.personality-database.com/profile_images/adf821bc9808456ba4be55ccbc3be836.png", "profile_name": "Billy Maximoff \"Wiccan\"", "profile_subcat": "MCU: Everyone Else", "sub_cat_id": 18879, "cat_id": 27, "property_id": 2, "mbti": "INFJ", "enneatype": "4w5"}, {"id": 17426, "mbti_profile": "James E. \u201cJimmy\u201d Woo", "subcategory": "MCU: Everyone Else", "profile_image_url": "https://static1.personality-database.com/profile_images/146eab9b6a1748c582d4f04e4308c95b.png", "profile_name": "James E. \u201cJimmy\u201d Woo", "profile_subcat": "MCU: Everyone Else", "sub_cat_id": 18879, "cat_id": 27, "property_id": 2, "mbti": "ISFJ", "enneatype": "9w1"}, {"id": 37518, "mbti_profile": "Cloak of Levitation", "subcategory": "MCU: Everyone Else", "profile_image_url": "https://static1.personality-database.com/profile_images/9aac48226f5341cb96e027afdce3306b.png", "profile_name": "Cloak of Levitation", "profile_subcat": "MCU: Everyone Else", "sub_cat_id": 18879, "cat_id": 27, "property_id": 2, "mbti": "ENTP", "enneatype": "7w6"}, {"id": 17461, "mbti_profile": "Dr. Darcy Lewis", "subcategory": "MCU: Everyone Else", "profile_image_url": "https://static1.personality-database.com/profile_images/bd975c4b192848809f3b3c47ec03769f.png", "profile_name": "Dr. Darcy Lewis", "profile_subcat": "MCU: Everyone Else", "sub_cat_id": 18879, "cat_id": 27, "property_id": 2, "mbti": "ENTP", "enneatype": "7w6"}, {"id": 258346, "mbti_profile": "Tommy Maximoff \u201cSpeed\u201d", "subcategory": "MCU: Everyone Else", "profile_image_url": "https://static1.personality-database.com/profile_images/c04af761f089479aa255acf3b8a29bf5.png", "profile_name": "Tommy Maximoff \u201cSpeed\u201d", "profile_subcat": "MCU: Everyone Else", "sub_cat_id": 18879, "cat_id": 27, "property_id": 2, "mbti": "ESFP", "enneatype": "7w8"}, {"id": 116125, "mbti_profile": "Alexei Shostakov \"Red Guardian\"", "subcategory": "MCU: Everyone Else", "profile_image_url": "https://static1.personality-database.com/profile_images/90d33fb77cac420986a0bd9b2dc111c0.png", "profile_name": "Alexei Shostakov \"Red Guardian\"", "profile_subcat": "MCU: Everyone Else", "sub_cat_id": 18879, "cat_id": 27, "property_id": 2, "mbti": "ESTP", "enneatype": "3w2"}], "functions": ["Si", "Te", "Fi", "Ne"], "systems": [{"hex_color": "#888888", "id": 1, "personality_type": "XXXX", "personality_type_id": 0, "system_name": "Four Letter", "system_vote_count": 175, "user_vote_type_id": 0, "vote_id": 0}, {"hex_color": "#006775", "id": 2, "personality_type": "XXXX", "personality_type_id": 0, "system_name": "Enneagram", "system_vote_count": 78, "user_vote_type_id": 0, "vote_id": 0}, {"hex_color": "#006775", "id": 5, "personality_type": "XXXX", "personality_type_id": 0, "system_name": "Instinctual Variant", "system_vote_count": 12, "user_vote_type_id": 0, "vote_id": 0}, {"hex_color": "#006775", "id": 6, "personality_type": "XXXX", "personality_type_id": 0, "system_name": "Tritype", "system_vote_count": 18, "user_vote_type_id": 0, "vote_id": 0}, {"hex_color": "#888888", "id": 3, "personality_type": "XXXX", "personality_type_id": 0, "system_name": "Socionics", "system_vote_count": 7, "user_vote_type_id": 0, "vote_id": 0}, {"hex_color": "#888888", "id": 9, "personality_type": "XXXX", "personality_type_id": 0, "system_name": "Big 5 (SLOAN)", "system_vote_count": 5, "user_vote_type_id": 0, "vote_id": 0}, {"hex_color": "#888888", "id": 8, "personality_type": "XXXX", "personality_type_id": 0, "system_name": "Attitudinal Psyche", "system_vote_count": 3, "user_vote_type_id": 0, "vote_id": 0}, {"hex_color": "#888888", "id": 7, "personality_type": "XXXX", "personality_type_id": 0, "system_name": "Temperaments", "system_vote_count": 20, "user_vote_type_id": 0, "vote_id": 0}, {"hex_color": "#888888", "id": 11, "personality_type": "XXXX", "personality_type_id": 0, "system_name": "Classic Jungian", "system_vote_count": 0, "user_vote_type_id": 0, "vote_id": 0}], "breakdown_systems": {"1": [{"myValue": "ISTJ", "personality_system_id": 1, "personality_type": "ISTJ", "theCount": 99}, {"myValue": "INTP", "personality_system_id": 1, "personality_type": "INTP", "theCount": 46}, {"myValue": "INTJ", "personality_system_id": 1, "personality_type": "INTJ", "theCount": 28}, {"myValue": "ESTJ", "personality_system_id": 1, "personality_type": "ESTJ", "theCount": 2}], "11": [{"myValue": "XXXX", "personality_system_id": 0, "personality_type": "XXXX", "theCount": 0}], "2": [{"myValue": "5w6", "personality_system_id": 2, "personality_type": "5w6", "theCount": 62}, {"myValue": "1w9", "personality_system_id": 2, "personality_type": "1w9", "theCount": 12}, {"myValue": "5w4", "personality_system_id": 2, "personality_type": "5w4", "theCount": 3}, {"myValue": "6w5", "personality_system_id": 2, "personality_type": "6w5", "theCount": 1}], "3": [{"myValue": "LII", "personality_system_id": 3, "personality_type": "LII", "theCount": 5}, {"myValue": "IEI", "personality_system_id": 3, "personality_type": "IEI", "theCount": 1}, {"myValue": "ILE", "personality_system_id": 3, "personality_type": "ILE", "theCount": 1}], "5": [{"myValue": "sp/so", "personality_system_id": 5, "personality_type": "sp/so", "theCount": 11}, {"myValue": "sp/sx", "personality_system_id": 5, "personality_type": "sp/sx", "theCount": 1}], "6": [{"myValue": "512", "personality_system_id": 6, "personality_type": "512", "theCount": 13}, {"myValue": "152", "personality_system_id": 6, "personality_type": "152", "theCount": 2}, {"myValue": "513", "personality_system_id": 6, "personality_type": "513", "theCount": 2}, {"myValue": "153", "personality_system_id": 6, "personality_type": "153", "theCount": 1}], "7": [{"myValue": "Phlegmatic [Dominant]", "personality_system_id": 7, "personality_type": "Phlegmatic [Dominant]", "theCount": 10}, {"myValue": "Phlegmatic-Melancholic", "personality_system_id": 7, "personality_type": "Phlegmatic-Melancholic", "theCount": 7}, {"myValue": "Choleric-Melancholic", "personality_system_id": 7, "personality_type": "Choleric-Melancholic", "theCount": 1}, {"myValue": "Melancholic-Phlegmatic", "personality_system_id": 7, "personality_type": "Melancholic-Phlegmatic", "theCount": 1}, {"myValue": "Phlegmatic-Choleric", "personality_system_id": 7, "personality_type": "Phlegmatic-Choleric", "theCount": 1}], "8": [{"myValue": "VLFE", "personality_system_id": 8, "personality_type": "VLFE", "theCount": 3}], "9": [{"myValue": "RCOAI", "personality_system_id": 9, "personality_type": "RCOAI", "theCount": 5}]}, "breakdown_config": {"expand": {"1": 3, "11": 1, "2": 3, "3": 1, "5": 1, "6": 1, "7": 1, "8": 1, "9": 1}, "fire": {"1": 0, "11": 0, "2": 0, "3": 0, "5": 0, "6": 0, "7": 0, "8": 0, "9": 0}}, "mbti_letter_stats": [{"type": "I", "percentage": "99%", "PercentageFloat": 0.9885714285714285}, {"type": "S", "percentage": "58%", "PercentageFloat": 0.5771428571428572}, {"type": "T", "percentage": "100%", "PercentageFloat": 1}, {"type": "J", "percentage": "74%", "PercentageFloat": 0.7371428571428571}], "topic_info": {"can_generate": false, "topic": {"description": "", "follow_count": 0, "id": 99129, "is_following": false, "is_join_pending": false, "is_banned": false, "is_moderated": false, "name_readable": "Melina Vostokoff", "post_count": 1, "source_profile_id": 126868, "source_type": "profile", "join_to_post": false, "can_pin": false, "related_topics": [{"description": "Druig is an Eternal on Earth who opposes other members of his race and allies with the Deviants, their historical enemies.", "follow_count": 1, "id": 319839, "is_following": false, "is_join_pending": false, "is_banned": false, "is_moderated": false, "name_readable": "Druig", "post_count": 23, "source_profile_id": 416992, "source_type": "profile", "image": {"picURL": "https://static1.personality-database.com/profile_images/1585286442e040b98a5085d22c0e2fa7.png"}, "join_to_post": false, "can_pin": false}, {"description": "Portrayed by #KatDennings", "follow_count": 0, "id": 16040, "is_following": false, "is_join_pending": false, "is_banned": false, "is_moderated": false, "name_readable": "Darcy Lewis", "post_count": 11, "source_profile_id": 17461, "source_type": "profile", "image": {"picURL": "https://static1.personality-database.com/profile_images/bd975c4b192848809f3b3c47ec03769f.png"}, "join_to_post": false, "can_pin": false}, {"description": "", "follow_count": 0, "id": 15962, "is_following": false, "is_join_pending": false, "is_banned": false, "is_moderated": false, "name_readable": "May Parker", "post_count": 9, "source_profile_id": 17379, "source_type": "profile", "image": {"picURL": "https://static1.personality-database.com/profile_images/a374c272d4dd43caad9c79db19a321d0.png"}, "join_to_post": false, "can_pin": false}, {"description": " ", "follow_count": 0, "id": 329493, "is_following": false, "is_join_pending": false, "is_banned": false, "is_moderated": false, "name_readable": "Reed Richards  \u201cMister Fantastic\u201d", "post_count": 8, "source_profile_id": 495555, "source_type": "profile", "image": {"picURL": "https://static1.personality-database.com/profile_images/65d1305b95bf48d0a610e4523da8f4c0.png"}, "join_to_post": false, "can_pin": false}, {"description": "", "follow_count": 0, "id": 15990, "is_following": false, "is_join_pending": false, "is_banned": false, "is_moderated": false, "name_readable": "Harley Keener", "post_count": 4, "source_profile_id": 17410, "source_type": "profile", "image": {"picURL": "https://static1.personality-database.com/profile_images/ba3b4481d385426a83648022744915e0.png"}, "join_to_post": false, "can_pin": false}, {"description": "Dane Whitman is a warrior who holds the title of the Black Knight.", "follow_count": 0, "id": 321713, "is_following": false, "is_join_pending": false, "is_banned": false, "is_moderated": false, "name_readable": "Dane Whitman \"Black Knight\"", "post_count": 3, "source_profile_id": 419317, "source_type": "profile", "image": {"picURL": "https://static1.personality-database.com/profile_images/ca6f4b454c204f8895222d731b0a3d69.png"}, "join_to_post": false, "can_pin": false}, {"description": "", "follow_count": 0, "id": 38045, "is_following": false, "is_join_pending": false, "is_banned": false, "is_moderated": false, "name_readable": "J.A.R.V.I.S.", "post_count": 2, "source_profile_id": 42841, "source_type": "profile", "image": {"picURL": "https://static1.personality-database.com/profile_images/f83cc8fa139b421c89ea75ae871239f7.png"}, "join_to_post": false, "can_pin": false}, {"description": "", "follow_count": 0, "id": 16000, "is_following": false, "is_join_pending": false, "is_banned": false, "is_moderated": false, "name_readable": "Flash Thompson", "post_count": 2, "source_profile_id": 17421, "source_type": "profile", "image": {"picURL": "https://static1.personality-database.com/profile_images/ffe3018501444a608c70daa96332116a.png"}, "join_to_post": false, "can_pin": false}, {"description": "#MartinFreeman", "follow_count": 0, "id": 9459, "is_following": false, "is_join_pending": false, "is_banned": false, "is_moderated": false, "name_readable": "Everett K. Ross", "post_count": 2, "source_profile_id": 10129, "source_type": "profile", "image": {"picURL": "https://static1.personality-database.com/profile_images/6cbc3b6e115c4081996b64f9215fa0e8.png"}, "join_to_post": false, "can_pin": false}, {"description": "This cameo was mind blowing.", "follow_count": 0, "id": 330118, "is_following": false, "is_join_pending": false, "is_banned": false, "is_moderated": false, "name_readable": "Blackagar Boltagon \"Black Bolt\"", "post_count": 2, "source_profile_id": 495954, "source_type": "profile", "image": {"picURL": "https://static1.personality-database.com/profile_images/6e367bf186404c0a8fb760a7f31787a1.png"}, "join_to_post": false, "can_pin": false}, {"description": "", "follow_count": 0, "id": 19292, "is_following": false, "is_join_pending": false, "is_banned": false, "is_moderated": false, "name_readable": "Ho Yinsen", "post_count": 2, "source_profile_id": 21186, "source_type": "profile", "image": {"picURL": "https://static1.personality-database.com/profile_images/0a4cf8191daa489cbb3575decbe9ab1a.png"}, "join_to_post": false, "can_pin": false}, {"description": "", "follow_count": 0, "id": 330121, "is_following": false, "is_join_pending": false, "is_banned": false, "is_moderated": false, "name_readable": "Margaret Elizabeth \"Peggy\" Carter \u201cCaptain Carter\u201d", "post_count": 2, "source_profile_id": 495212, "source_type": "profile", "image": {"picURL": "https://static1.personality-database.com/profile_images/d97e46c2c50c471a8869c4ac593574f5.png"}, "join_to_post": false, "can_pin": false}, {"description": "#RachelMcAdams", "follow_count": 0, "id": 4081, "is_following": false, "is_join_pending": false, "is_banned": false, "is_moderated": false, "name_readable": "Christine Palmer", "post_count": 2, "source_profile_id": 4424, "source_type": "profile", "image": {"picURL": "https://static1.personality-database.com/profile_images/09a97ecc7ee34d4087994caee1c5edfb.png"}, "join_to_post": false, "can_pin": false}, {"description": "", "follow_count": 0, "id": 26129, "is_following": false, "is_join_pending": false, "is_banned": false, "is_moderated": false, "name_readable": "Talos", "post_count": 1, "source_profile_id": 29003, "source_type": "profile", "image": {"picURL": "https://static1.personality-database.com/profile_images/6cc0e06f120144aaa79eddacf8dce405.png"}, "join_to_post": false, "can_pin": false}, {"description": "The wife of Xu Wenwu and the mother of Shang-Chi and Xu Xialing.", "follow_count": 0, "id": 300340, "is_following": false, "is_join_pending": false, "is_banned": false, "is_moderated": false, "name_readable": "Jiang Li / Ying Li", "post_count": 1, "source_profile_id": 390393, "source_type": "profile", "image": {"picURL": "https://static1.personality-database.com/profile_images/55a66f1440e04a409a8909a9e329aee1.png"}, "join_to_post": false, "can_pin": false}, {"description": "", "follow_count": 0, "id": 15975, "is_following": false, "is_join_pending": false, "is_banned": false, "is_moderated": false, "name_readable": "Ramonda", "post_count": 1, "source_profile_id": 17395, "source_type": "profile", "image": {"picURL": "https://static1.personality-database.com/profile_images/9bbcfca454544e22822fbab9ce20e112.png"}, "join_to_post": false, "can_pin": false}], "subcategory": "MCU: Everyone Else", "topic_image_url": "https://static1.personality-database.com/profile_images/51580fdadd1544408e3640aa0dc84417.png", "source_location": {"cid": 27, "pid": 2, "sub_cat_id": 18879}, "can_post_image": false, "can_post_audio": false, "posts": {"posts": [{"username": "hashtag girlboss", "user_pic_path": "https://lh3.googleusercontent.com/a-/AOh14Gh5dh6NQWZg3JexYfMMgxmg17Jrbp_aIxjnnQCUlw=s96-c", "user_personality_type": "ENFP-7w6-731", "is_mod": false, "comment_count": 0, "reply_count": 0, "vote_type": 0, "topics_list": [{"id": 99129, "name_readable": "Melina Vostokoff"}], "id": 218555, "post_id": 218555, "user_id": 235379, "title": "", "content": "the rachel weisz girlboss cinematic universe", "create_date": 1640579092000, "unix_timestamp": 1640579092000, "update_date": 1640579092000, "vote_count": 5, "vote_count_down": 0, "is_reported": 0, "is_hidden": false, "is_pinned": false, "is_watching": false, "is_pro_user": false, "images": null, "audios": null, "function_list": [], "type": "post"}]}}}}