{"id": 135312, "mbti_profile": "Illyana Rasputin \u201cMagik\u201d", "profile_name_searchable": "illyanarasputin\u201cmagik\u201d", "allow_commenting": true, "allow_voting": true, "user_id": 0, "contributor": "the nameless", "contributor_create_date": "2020-05-16 16:00:46", "contributor_pic_path": "https://www.personality-database.com/images/profile_transparent.png", "display_order": 0, "edit_lock": 0, "edit_lock_picture": 0, "is_active": true, "is_approved": true, "mbti_enneagram_type": "ENTP 8w7", "mbti_type": "ENTP 8w7", "pdb_comment_access": true, "pdb_page_owner": 0, "pdb_public_access": true, "wiki_description": "", "watch_count": 251, "comment_count": 12, "vote_count": 125, "vote_count_enneagram": 82, "vote_count_mbti": 125, "total_vote_counts": 360, "personality_type": "ENTP - 8w7 - so/sp - 836 - ILE - SLUEI - VFLE - Melancholic-Choleric", "type_updated_date": "2021-04-26 12:04:47", "enneagram_vote": "", "enneagram_vote_id": 0, "mbti_vote": "", "mbti_vote_id": 0, "is_watching": false, "image_exists": false, "profile_image_url": "https://static1.personality-database.com/profile_images/ae97370523af475cafc86d33c26e32c8.png", "profile_image_credit": "", "profile_image_credit_id": 175128, "profile_image_credit_type": "0", "profile_image_credit_url": "", "alt_subcategory": "", "related_subcategories": "", "cat_id": 27, "category": "Superheroes", "category_is_fictional": true, "sub_cat_id": 5199, "subcategory": "X-Men Cinematic Universe (2011-2020)", "subcat_link_info": {"sub_cat_id": 5199, "cat_id": 27, "property_id": 2, "subcategory": "X-Men Cinematic Universe (2011-2020)"}, "related_subcat_link_info": null, "related_profiles": [{"id": 60317, "mbti_profile": "Charles Xavier \u201cProfessor X\u201d", "subcategory": "X-Men Cinematic Universe (2011-2020)", "profile_image_url": "https://static1.personality-database.com/profile_images/da7a507ab2d342d3a4634ddd53bcc1df.png", "profile_name": "Charles Xavier \u201cProfessor X\u201d", "profile_subcat": "X-Men Cinematic Universe (2011-2020)", "sub_cat_id": 5199, "cat_id": 27, "property_id": 2, "mbti": "INFJ", "enneatype": "1w2"}, {"id": 7062, "mbti_profile": "Peter Maximoff \u201cQuicksilver\u201d", "subcategory": "X-Men Cinematic Universe (2011-2020)", "profile_image_url": "https://static1.personality-database.com/profile_images/bc71b32e9ad64a20a693d07e5f40deb9.png", "profile_name": "Peter Maximoff \u201cQuicksilver\u201d", "profile_subcat": "X-Men Cinematic Universe (2011-2020)", "sub_cat_id": 5199, "cat_id": 27, "property_id": 2, "mbti": "ESTP", "enneatype": "7w8"}, {"id": 60318, "mbti_profile": "Erik Lehnsherr \u201cMagneto\u201d", "subcategory": "X-Men Cinematic Universe (2011-2020)", "profile_image_url": "https://static1.personality-database.com/profile_images/4b35f3b569c24374b91093dc886abbea.png", "profile_name": "Erik Lehnsherr \u201cMagneto\u201d", "profile_subcat": "X-Men Cinematic Universe (2011-2020)", "sub_cat_id": 5199, "cat_id": 27, "property_id": 2, "mbti": "INTJ", "enneatype": "8w9"}, {"id": 3846, "mbti_profile": "Hank McCoy \u201cBeast\u201d", "subcategory": "X-Men Cinematic Universe (2011-2020)", "profile_image_url": "https://static1.personality-database.com/profile_images/a17ac73ed55145a2b8c6c064a7f41e95.png", "profile_name": "Hank McCoy \u201cBeast\u201d", "profile_subcat": "X-Men Cinematic Universe (2011-2020)", "sub_cat_id": 5199, "cat_id": 27, "property_id": 2, "mbti": "INTP", "enneatype": "5w6"}, {"id": 60319, "mbti_profile": "Raven Darkh\u00f6lme \u201cMystique\u201d", "subcategory": "X-Men Cinematic Universe (2011-2020)", "profile_image_url": "https://static1.personality-database.com/profile_images/8ece04bd9f7d42b6a67bd8b5650df698.png", "profile_name": "Raven Darkh\u00f6lme \u201cMystique\u201d", "profile_subcat": "X-Men Cinematic Universe (2011-2020)", "sub_cat_id": 5199, "cat_id": 27, "property_id": 2, "mbti": "ESTP", "enneatype": "6w7"}, {"id": 60321, "mbti_profile": "Jean Grey \u201cPhoenix\u201d", "subcategory": "X-Men Cinematic Universe (2011-2020)", "profile_image_url": "https://static1.personality-database.com/profile_images/46a2365ab97d4fb19c339b5ab0800866.png", "profile_name": "Jean Grey \u201cPhoenix\u201d", "profile_subcat": "X-Men Cinematic Universe (2011-2020)", "sub_cat_id": 5199, "cat_id": 27, "property_id": 2, "mbti": "ISFP", "enneatype": "4w3"}, {"id": 59672, "mbti_profile": "Vuk", "subcategory": "X-Men Cinematic Universe (2011-2020)", "profile_image_url": "https://static1.personality-database.com/profile_images/9260117cd7c84af1b6d73db539cab1ee.png", "profile_name": "Vuk", "profile_subcat": "X-Men Cinematic Universe (2011-2020)", "sub_cat_id": 5199, "cat_id": 27, "property_id": 2, "mbti": "INTJ", "enneatype": "8w9"}, {"id": 68495, "mbti_profile": "Bolivar Trask", "subcategory": "X-Men Cinematic Universe (2011-2020)", "profile_image_url": "https://static1.personality-database.com/profile_images/2618ec083781433391da790262c4728e.png", "profile_name": "Bolivar Trask", "profile_subcat": "X-Men Cinematic Universe (2011-2020)", "sub_cat_id": 5199, "cat_id": 27, "property_id": 2, "mbti": "INTJ", "enneatype": "6w5"}], "functions": ["Ne", "Ti", "Fe", "Si"], "systems": [{"hex_color": "#888888", "id": 1, "personality_type": "XXXX", "personality_type_id": 0, "system_name": "Four Letter", "system_vote_count": 124, "user_vote_type_id": 0, "vote_id": 0}, {"hex_color": "#006775", "id": 2, "personality_type": "XXXX", "personality_type_id": 0, "system_name": "Enneagram", "system_vote_count": 82, "user_vote_type_id": 0, "vote_id": 0}, {"hex_color": "#006775", "id": 5, "personality_type": "XXXX", "personality_type_id": 0, "system_name": "Instinctual Variant", "system_vote_count": 37, "user_vote_type_id": 0, "vote_id": 0}, {"hex_color": "#006775", "id": 6, "personality_type": "XXXX", "personality_type_id": 0, "system_name": "Tritype", "system_vote_count": 30, "user_vote_type_id": 0, "vote_id": 0}, {"hex_color": "#888888", "id": 3, "personality_type": "XXXX", "personality_type_id": 0, "system_name": "Socionics", "system_vote_count": 18, "user_vote_type_id": 0, "vote_id": 0}, {"hex_color": "#888888", "id": 9, "personality_type": "XXXX", "personality_type_id": 0, "system_name": "Big 5 (SLOAN)", "system_vote_count": 11, "user_vote_type_id": 0, "vote_id": 0}, {"hex_color": "#888888", "id": 8, "personality_type": "XXXX", "personality_type_id": 0, "system_name": "Attitudinal Psyche", "system_vote_count": 6, "user_vote_type_id": 0, "vote_id": 0}, {"hex_color": "#888888", "id": 7, "personality_type": "XXXX", "personality_type_id": 0, "system_name": "Temperaments", "system_vote_count": 29, "user_vote_type_id": 0, "vote_id": 0}, {"hex_color": "#888888", "id": 11, "personality_type": "XXXX", "personality_type_id": 0, "system_name": "Classic Jungian", "system_vote_count": 1, "user_vote_type_id": 0, "vote_id": 0}], "breakdown_systems": {"1": [{"myValue": "ENTP", "personality_system_id": 1, "personality_type": "ENTP", "theCount": 98}, {"myValue": "ESTJ", "personality_system_id": 1, "personality_type": "ESTJ", "theCount": 15}, {"myValue": "ENTJ", "personality_system_id": 1, "personality_type": "ENTJ", "theCount": 6}, {"myValue": "ESTP", "personality_system_id": 1, "personality_type": "ESTP", "theCount": 4}, {"myValue": "ISFP", "personality_system_id": 1, "personality_type": "ISFP", "theCount": 1}], "11": [{"myValue": "EN(T)", "personality_system_id": 11, "personality_type": "EN(T)", "theCount": 1}], "2": [{"myValue": "8w7", "personality_system_id": 2, "personality_type": "8w7", "theCount": 60}, {"myValue": "3w2", "personality_system_id": 2, "personality_type": "3w2", "theCount": 8}, {"myValue": "7w8", "personality_system_id": 2, "personality_type": "7w8", "theCount": 6}, {"myValue": "7w6", "personality_system_id": 2, "personality_type": "7w6", "theCount": 5}, {"myValue": "6w7", "personality_system_id": 2, "personality_type": "6w7", "theCount": 2}, {"myValue": "1w2", "personality_system_id": 2, "personality_type": "1w2", "theCount": 1}], "3": [{"myValue": "ILE", "personality_system_id": 3, "personality_type": "ILE", "theCount": 14}, {"myValue": "SLE", "personality_system_id": 3, "personality_type": "SLE", "theCount": 3}, {"myValue": "LSE", "personality_system_id": 3, "personality_type": "LSE", "theCount": 1}], "4": [{"myValue": "Chaotic Good", "personality_system_id": 4, "personality_type": "Chaotic Good", "theCount": 14}, {"myValue": "Chaotic Neutral", "personality_system_id": 4, "personality_type": "Chaotic Neutral", "theCount": 8}], "5": [{"myValue": "so/sp", "personality_system_id": 5, "personality_type": "so/sp", "theCount": 14}, {"myValue": "sx/sp", "personality_system_id": 5, "personality_type": "sx/sp", "theCount": 13}, {"myValue": "sp/so", "personality_system_id": 5, "personality_type": "sp/so", "theCount": 7}, {"myValue": "sp/sx", "personality_system_id": 5, "personality_type": "sp/sx", "theCount": 2}, {"myValue": "sx/so", "personality_system_id": 5, "personality_type": "sx/so", "theCount": 1}], "6": [{"myValue": "836", "personality_system_id": 6, "personality_type": "836", "theCount": 14}, {"myValue": "386", "personality_system_id": 6, "personality_type": "386", "theCount": 4}, {"myValue": "738", "personality_system_id": 6, "personality_type": "738", "theCount": 3}, {"myValue": "863", "personality_system_id": 6, "personality_type": "863", "theCount": 2}, {"myValue": "874", "personality_system_id": 6, "personality_type": "874", "theCount": 2}, {"myValue": "638", "personality_system_id": 6, "personality_type": "638", "theCount": 1}, {"myValue": "683", "personality_system_id": 6, "personality_type": "683", "theCount": 1}, {"myValue": "783", "personality_system_id": 6, "personality_type": "783", "theCount": 1}, {"myValue": "837", "personality_system_id": 6, "personality_type": "837", "theCount": 1}, {"myValue": "873", "personality_system_id": 6, "personality_type": "873", "theCount": 1}], "7": [{"myValue": "Melancholic-Choleric", "personality_system_id": 7, "personality_type": "Melancholic-Choleric", "theCount": 15}, {"myValue": "Choleric-Melancholic", "personality_system_id": 7, "personality_type": "Choleric-Melancholic", "theCount": 6}, {"myValue": "Choleric [Dominant]", "personality_system_id": 7, "personality_type": "Choleric [Dominant]", "theCount": 5}, {"myValue": "Choleric-Sanguine", "personality_system_id": 7, "personality_type": "Choleric-Sanguine", "theCount": 2}, {"myValue": "Phlegmatic-Choleric", "personality_system_id": 7, "personality_type": "Phlegmatic-Choleric", "theCount": 1}], "8": [{"myValue": "VFLE", "personality_system_id": 8, "personality_type": "VFLE", "theCount": 4}, {"myValue": "VLFE", "personality_system_id": 8, "personality_type": "VLFE", "theCount": 2}], "9": [{"myValue": "SLUEI", "personality_system_id": 9, "personality_type": "SLUEI", "theCount": 8}, {"myValue": "SCUEI", "personality_system_id": 9, "personality_type": "SCUEI", "theCount": 2}, {"myValue": "SLOEN", "personality_system_id": 9, "personality_type": "SLOEN", "theCount": 1}]}, "breakdown_config": {"expand": {"1": 3, "11": 1, "2": 3, "3": 1, "4": 2, "5": 2, "6": 1, "7": 1, "8": 1, "9": 1}, "fire": {"1": 0, "11": 0, "2": 0, "3": 0, "4": 1, "5": 1, "6": 0, "7": 0, "8": 0, "9": 0}}, "mbti_letter_stats": [{"type": "E", "percentage": "99%", "PercentageFloat": 0.9919354838709677}, {"type": "N", "percentage": "84%", "PercentageFloat": 0.8387096774193549}, {"type": "T", "percentage": "99%", "PercentageFloat": 0.9919354838709677}, {"type": "P", "percentage": "83%", "PercentageFloat": 0.8306451612903226}], "topic_info": {"can_generate": false, "topic": {"description": "Portrayed by #AnyaTaylorJoy", "follow_count": 0, "id": 105395, "is_following": false, "is_join_pending": false, "is_banned": false, "is_moderated": false, "name_readable": "Illyana Rasputin \u201cMagik\u201d", "post_count": 1, "source_profile_id": 135312, "source_type": "profile", "join_to_post": false, "can_pin": false, "related_topics": [{"description": "Peter Maximoff \u201cQuicksilver\u201d is a quick-witted young speedster (Portrayed by #EvanPeters). He is the son of Magneto, and appears in X-Men: Days of Future Past, X-Men: Apocalypse, X-Men: Dark Phoenix, as well as a cameo in Deadpool 2 and appearances in various commercials.\n\n#ESTPHeroes", "follow_count": 1, "id": 6596, "is_following": false, "is_join_pending": false, "is_banned": false, "is_moderated": false, "name_readable": "Peter Maximoff \u201cQuicksilver\u201d", "post_count": 6, "source_profile_id": 7062, "source_type": "profile", "image": {"picURL": "https://static1.personality-database.com/profile_images/bc71b32e9ad64a20a693d07e5f40deb9.png"}, "join_to_post": false, "can_pin": false}, {"description": "Professor X (born Charles Francis Xavier) is a mutant, the leader and creator of the X-Men and the founder of the Xavier School for Gifted Youngsters and one of the most powerful telepaths in the world (rivaled only by Jean Grey). His dream of a peaceful coexistence between mutants and humanity has long been the driving force for the X-Men. An immensely powerful telepath and scientific genius, Professor X was mainly known as the heart and soul of the X-Men, having first formed the team of mutants back in 1962.\n#JamesMcAvoy", "follow_count": 0, "id": 50812, "is_following": false, "is_join_pending": false, "is_banned": false, "is_moderated": false, "name_readable": "Charles Xavier \u201cProfessor X\u201d", "post_count": 6, "source_profile_id": 60317, "source_type": "profile", "image": {"picURL": "https://static1.personality-database.com/profile_images/da7a507ab2d342d3a4634ddd53bcc1df.png"}, "join_to_post": false, "can_pin": false}, {"description": "#AntiVillains\n#MichaelFassbender", "follow_count": 0, "id": 50813, "is_following": false, "is_join_pending": false, "is_banned": false, "is_moderated": false, "name_readable": "Erik Lehnsherr \u201cMagneto\u201d", "post_count": 3, "source_profile_id": 60318, "source_type": "profile", "image": {"picURL": "https://static1.personality-database.com/profile_images/4b35f3b569c24374b91093dc886abbea.png"}, "join_to_post": false, "can_pin": false}, {"description": "Portrayed by #AnyaTaylorJoy", "follow_count": 0, "id": 105395, "is_following": false, "is_join_pending": false, "is_banned": false, "is_moderated": false, "name_readable": "Illyana Rasputin \u201cMagik\u201d", "post_count": 1, "source_profile_id": 135312, "source_type": "profile", "image": {"picURL": "https://static1.personality-database.com/profile_images/ae97370523af475cafc86d33c26e32c8.png"}, "join_to_post": false, "can_pin": false}, {"description": "", "follow_count": 0, "id": 77672, "is_following": false, "is_join_pending": false, "is_banned": false, "is_moderated": false, "name_readable": "Blob", "post_count": 0, "source_profile_id": 96205, "source_type": "profile", "image": {"picURL": "https://static1.personality-database.com/profile_images/973d798129264860aa4a77fc6e9d3012.png"}, "join_to_post": false, "can_pin": false}, {"description": "", "follow_count": 0, "id": 65459, "is_following": false, "is_join_pending": false, "is_banned": false, "is_moderated": false, "name_readable": "Ophelia Sarkissian \"Dr. Green\"/\"Viper\"", "post_count": 0, "source_profile_id": 80773, "source_type": "profile", "image": {"picURL": "https://static1.personality-database.com/profile_images/7860ed999bb748d3bd5778889ce6ca0b.png"}, "join_to_post": false, "can_pin": false}, {"description": "", "follow_count": 0, "id": 65460, "is_following": false, "is_join_pending": false, "is_banned": false, "is_moderated": false, "name_readable": "Kenuichio Harada", "post_count": 0, "source_profile_id": 80774, "source_type": "profile", "image": {"picURL": "https://static1.personality-database.com/profile_images/6c9e810a7dbf42f5a62a9bc342847bd8.png"}, "join_to_post": false, "can_pin": false}, {"description": "", "follow_count": 0, "id": 65461, "is_following": false, "is_join_pending": false, "is_banned": false, "is_moderated": false, "name_readable": "Yukio", "post_count": 0, "source_profile_id": 80775, "source_type": "profile", "image": {"picURL": "https://static1.personality-database.com/profile_images/f14e79c86ab245738cf0473cbe3d8038.png"}, "join_to_post": false, "can_pin": false}, {"description": "", "follow_count": 0, "id": 65462, "is_following": false, "is_join_pending": false, "is_banned": false, "is_moderated": false, "name_readable": "Shingen Yashida", "post_count": 0, "source_profile_id": 80776, "source_type": "profile", "image": {"picURL": "https://static1.personality-database.com/profile_images/1de1435507d74f9490a8ab3fb6f65f2b.png"}, "join_to_post": false, "can_pin": false}, {"description": "", "follow_count": 0, "id": 65463, "is_following": false, "is_join_pending": false, "is_banned": false, "is_moderated": false, "name_readable": "Mariko Yashida", "post_count": 0, "source_profile_id": 80777, "source_type": "profile", "image": {"picURL": "https://static1.personality-database.com/profile_images/0999def594f74f6e80d631bfc0b206c9.png"}, "join_to_post": false, "can_pin": false}, {"description": "", "follow_count": 0, "id": 65464, "is_following": false, "is_join_pending": false, "is_banned": false, "is_moderated": false, "name_readable": "Ichir\u014d Yashida \u201cSilver Samurai\u201d", "post_count": 0, "source_profile_id": 80778, "source_type": "profile", "image": {"picURL": "https://static1.personality-database.com/profile_images/b547cb66bee64d3c98f40f08f85f68e1.png"}, "join_to_post": false, "can_pin": false}, {"description": "", "follow_count": 0, "id": 65465, "is_following": false, "is_join_pending": false, "is_banned": false, "is_moderated": false, "name_readable": "Noburo Mori", "post_count": 0, "source_profile_id": 80779, "source_type": "profile", "image": {"picURL": "https://static1.personality-database.com/profile_images/a3fdbae87f4b42a68506af46b22690bc.png"}, "join_to_post": false, "can_pin": false}, {"description": "", "follow_count": 0, "id": 75118, "is_following": false, "is_join_pending": false, "is_banned": false, "is_moderated": false, "name_readable": "Dr Zander Rice", "post_count": 0, "source_profile_id": 93111, "source_type": "profile", "image": {"picURL": "https://static1.personality-database.com/profile_images/ab337183d2024c6080302df00498ec70.png"}, "join_to_post": false, "can_pin": false}, {"description": "Portrayed by Caleb Landry Jones.", "follow_count": 0, "id": 77671, "is_following": false, "is_join_pending": false, "is_banned": false, "is_moderated": false, "name_readable": "Sean Cassidy \"Banshee\"", "post_count": 0, "source_profile_id": 96198, "source_type": "profile", "image": {"picURL": "https://static1.personality-database.com/profile_images/0bd2b9a7be634d719fdc6d3c0c2959e5.png"}, "join_to_post": false, "can_pin": false}, {"description": "", "follow_count": 0, "id": 166752, "is_following": false, "is_join_pending": false, "is_banned": false, "is_moderated": false, "name_readable": "Janos Quested \u201cRiptide\u201d", "post_count": 0, "source_profile_id": 215970, "source_type": "profile", "image": {"picURL": "https://static1.personality-database.com/profile_images/bac89b76e3b545ea9aab74e8c6303275.png"}, "join_to_post": false, "can_pin": false}, {"description": "", "follow_count": 0, "id": 137632, "is_following": false, "is_join_pending": false, "is_banned": false, "is_moderated": false, "name_readable": "Dr. Cecilia Reyes", "post_count": 0, "source_profile_id": 178705, "source_type": "profile", "image": {"picURL": "https://static1.personality-database.com/profile_images/8f06a729c62749979b902be9fac7f439.png"}, "join_to_post": false, "can_pin": false}], "subcategory": "X-Men Cinematic Universe (2011-2020)", "topic_image_url": "https://static1.personality-database.com/profile_images/ae97370523af475cafc86d33c26e32c8.png", "source_location": {"cid": 27, "pid": 2, "sub_cat_id": 5199}, "can_post_image": false, "can_post_audio": false, "posts": {"posts": [{"username": "witchlys", "user_pic_path": "https://lh3.googleusercontent.com/a-/AOh14Ghq7a-qErzPNzXd3HqgaTQDfwXARkSUa8WhzfAd9Q=s96-c", "user_personality_type": "INFJ-2w3-295", "is_mod": false, "comment_count": 0, "reply_count": 0, "vote_type": 0, "topics_list": [{"id": 105395, "name_readable": "Illyana Rasputin \u201cMagik\u201d"}], "id": 1958516, "post_id": 1958516, "user_id": 22188, "title": "", "content": "3w2 in the comics definitely but in this movie?  She seems totally 8w7.", "create_date": 1605912620000, "unix_timestamp": 1605912620000, "update_date": 1605912620000, "vote_count": 10, "vote_count_down": 0, "is_reported": 1, "is_hidden": false, "is_pinned": false, "is_watching": false, "is_pro_user": false, "images": null, "audios": null, "function_list": [], "type": "post"}]}}}}