{"id": 13584, "mbti_profile": "Terra", "profile_name_searchable": "terra", "allow_commenting": true, "allow_voting": true, "user_id": 5690, "contributor": "TheTealT3", "contributor_create_date": "2018-07-18 20:15:10", "contributor_pic_path": "https://lh3.googleusercontent.com/a/AATXAJwd05yTOGS5BkGSgrCi2tf9xVgZBgAe_5uwtkq-tQ=s96-c", "display_order": 0, "edit_lock": 0, "edit_lock_picture": 0, "is_active": true, "is_approved": true, "mbti_enneagram_type": "ISFP 6w7", "mbti_type": "ISFP 6w7", "pdb_comment_access": true, "pdb_page_owner": 0, "pdb_public_access": true, "wiki_description": "Terra was envisioned as a lighter adaptation of the infamous \"Judas Contract Arc\" character, who was a stone-cold psycho hired by Slade from the beginning to infiltrate the Teen Titans and managed to creep HIM out. The animated Terra, on the other hand, was envisioned as a more sympathetic, confused character \u2014 no longer caring about good or evil, just wanting to no longer be hurt.\n\na history of having attempted to settle down and do good, but causing disaster when her powers invariably went out of control and everyone turning against her for it. When she first met the Teen Titans, the possibility of her finally finding a home arose... but her paranoia meant that she would destroy this chance, and her friendship with them.", "watch_count": 319, "comment_count": 9, "vote_count": 170, "vote_count_enneagram": 86, "vote_count_mbti": 170, "total_vote_counts": 343, "personality_type": "ISFP - 6w7 - sx/sp - 648 - SEE - RLUEN - FEVL - Melancholic-Sanguine - IF(S)", "type_updated_date": "2022-11-20 03:21:24", "enneagram_vote": "", "enneagram_vote_id": 0, "mbti_vote": "", "mbti_vote_id": 0, "is_watching": false, "image_exists": false, "profile_image_url": "https://static1.personality-database.com/profile_images/5e96d3c3170340d1b21bde9fca554800.png", "profile_image_credit": "", "profile_image_credit_id": 360907, "profile_image_credit_type": "0", "profile_image_credit_url": "", "alt_subcategory": "", "related_subcategories": "", "cat_id": 27, "category": "Superheroes", "category_is_fictional": true, "sub_cat_id": 336, "subcategory": "Teen Titans (2003)", "subcat_link_info": {"sub_cat_id": 336, "cat_id": 27, "property_id": 2, "subcategory": "Teen Titans (2003)"}, "related_subcat_link_info": null, "related_profiles": [{"id": 2645, "mbti_profile": "Raven", "subcategory": "Teen Titans (2003)", "profile_image_url": "https://static1.personality-database.com/profile_images/6437c79762814575a81a7c65b354cf6a.png", "profile_name": "Raven", "profile_subcat": "Teen Titans (2003)", "sub_cat_id": 336, "cat_id": 27, "property_id": 2, "mbti": "INTJ", "enneatype": "5w4"}, {"id": 2644, "mbti_profile": "Robin", "subcategory": "Teen Titans (2003)", "profile_image_url": "https://static1.personality-database.com/profile_images/7c4e75ca1e964b34a3e06f931d93621c.png", "profile_name": "Robin", "profile_subcat": "Teen Titans (2003)", "sub_cat_id": 336, "cat_id": 27, "property_id": 2, "mbti": "ISTJ", "enneatype": "6w5"}, {"id": 2647, "mbti_profile": "Beast Boy", "subcategory": "Teen Titans (2003)", "profile_image_url": "https://static1.personality-database.com/profile_images/df29461c8d8a4b07858b291a1b55525e.png", "profile_name": "Beast Boy", "profile_subcat": "Teen Titans (2003)", "sub_cat_id": 336, "cat_id": 27, "property_id": 2, "mbti": "ESFP", "enneatype": "7w6"}, {"id": 2646, "mbti_profile": "Starfire", "subcategory": "Teen Titans (2003)", "profile_image_url": "https://static1.personality-database.com/profile_images/77edc6854ba442a5bbd76417fd378d0a.png", "profile_name": "Starfire", "profile_subcat": "Teen Titans (2003)", "sub_cat_id": 336, "cat_id": 27, "property_id": 2, "mbti": "ESFJ", "enneatype": "2w1"}, {"id": 52863, "mbti_profile": "Blackfire", "subcategory": "Teen Titans (2003)", "profile_image_url": "https://static1.personality-database.com/profile_images/bd5544a0aaee4f888a9e9d737898af99.png", "profile_name": "Blackfire", "profile_subcat": "Teen Titans (2003)", "sub_cat_id": 336, "cat_id": 27, "property_id": 2, "mbti": "ENTP", "enneatype": "3w2"}, {"id": 2648, "mbti_profile": "Cyborg", "subcategory": "Teen Titans (2003)", "profile_image_url": "https://static1.personality-database.com/profile_images/799f09cdd366473f83f0849339c4ad65.png", "profile_name": "Cyborg", "profile_subcat": "Teen Titans (2003)", "sub_cat_id": 336, "cat_id": 27, "property_id": 2, "mbti": "ESTP", "enneatype": "3w2"}, {"id": 13606, "mbti_profile": "Jinx", "subcategory": "Teen Titans (2003)", "profile_image_url": "https://static1.personality-database.com/profile_images/fcf33950823448bba3625d8ac05ccc4f.png", "profile_name": "Jinx", "profile_subcat": "Teen Titans (2003)", "sub_cat_id": 336, "cat_id": 27, "property_id": 2, "mbti": "ESTJ", "enneatype": "3w4"}, {"id": 13604, "mbti_profile": "Slade", "subcategory": "Teen Titans (2003)", "profile_image_url": "https://static1.personality-database.com/profile_images/4bc7f53300184126909a59d559340749.png", "profile_name": "Slade", "profile_subcat": "Teen Titans (2003)", "sub_cat_id": 336, "cat_id": 27, "property_id": 2, "mbti": "ENTJ", "enneatype": "8w9"}], "functions": ["Fi", "Se", "Ni", "Te"], "systems": [{"hex_color": "#888888", "id": 1, "personality_type": "XXXX", "personality_type_id": 0, "system_name": "Four Letter", "system_vote_count": 160, "user_vote_type_id": 0, "vote_id": 0}, {"hex_color": "#006775", "id": 2, "personality_type": "XXXX", "personality_type_id": 0, "system_name": "Enneagram", "system_vote_count": 79, "user_vote_type_id": 0, "vote_id": 0}, {"hex_color": "#006775", "id": 5, "personality_type": "XXXX", "personality_type_id": 0, "system_name": "Instinctual Variant", "system_vote_count": 24, "user_vote_type_id": 0, "vote_id": 0}, {"hex_color": "#006775", "id": 6, "personality_type": "XXXX", "personality_type_id": 0, "system_name": "Tritype", "system_vote_count": 28, "user_vote_type_id": 0, "vote_id": 0}, {"hex_color": "#888888", "id": 3, "personality_type": "XXXX", "personality_type_id": 0, "system_name": "Socionics", "system_vote_count": 9, "user_vote_type_id": 0, "vote_id": 0}, {"hex_color": "#888888", "id": 9, "personality_type": "XXXX", "personality_type_id": 0, "system_name": "Big 5 (SLOAN)", "system_vote_count": 14, "user_vote_type_id": 0, "vote_id": 0}, {"hex_color": "#888888", "id": 8, "personality_type": "XXXX", "personality_type_id": 0, "system_name": "Attitudinal Psyche", "system_vote_count": 5, "user_vote_type_id": 0, "vote_id": 0}, {"hex_color": "#888888", "id": 7, "personality_type": "XXXX", "personality_type_id": 0, "system_name": "Temperaments", "system_vote_count": 18, "user_vote_type_id": 0, "vote_id": 0}, {"hex_color": "#888888", "id": 11, "personality_type": "XXXX", "personality_type_id": 0, "system_name": "Classic Jungian", "system_vote_count": 1, "user_vote_type_id": 0, "vote_id": 0}], "breakdown_systems": {"1": [{"myValue": "ISFP", "personality_system_id": 1, "personality_type": "ISFP", "theCount": 151}, {"myValue": "ESFP", "personality_system_id": 1, "personality_type": "ESFP", "theCount": 3}, {"myValue": "ENFP", "personality_system_id": 1, "personality_type": "ENFP", "theCount": 2}, {"myValue": "INFP", "personality_system_id": 1, "personality_type": "INFP", "theCount": 2}, {"myValue": "ENTJ", "personality_system_id": 1, "personality_type": "ENTJ", "theCount": 1}, {"myValue": "ISFJ", "personality_system_id": 1, "personality_type": "ISFJ", "theCount": 1}], "11": [{"myValue": "IF(S)", "personality_system_id": 11, "personality_type": "IF(S)", "theCount": 1}], "2": [{"myValue": "6w7", "personality_system_id": 2, "personality_type": "6w7", "theCount": 65}, {"myValue": "4w5", "personality_system_id": 2, "personality_type": "4w5", "theCount": 12}, {"myValue": "6w5", "personality_system_id": 2, "personality_type": "6w5", "theCount": 2}], "3": [{"myValue": "SEE", "personality_system_id": 3, "personality_type": "SEE", "theCount": 6}, {"myValue": "EIE", "personality_system_id": 3, "personality_type": "EIE", "theCount": 1}, {"myValue": "ESI", "personality_system_id": 3, "personality_type": "ESI", "theCount": 1}, {"myValue": "SEI", "personality_system_id": 3, "personality_type": "SEI", "theCount": 1}], "4": [{"myValue": "Chaotic Neutral", "personality_system_id": 4, "personality_type": "Chaotic Neutral", "theCount": 3}, {"myValue": "Lawful Evil", "personality_system_id": 4, "personality_type": "Lawful Evil", "theCount": 1}, {"myValue": "Neutral Evil", "personality_system_id": 4, "personality_type": "Neutral Evil", "theCount": 1}], "5": [{"myValue": "sx/sp", "personality_system_id": 5, "personality_type": "sx/sp", "theCount": 21}, {"myValue": "sp/sx", "personality_system_id": 5, "personality_type": "sp/sx", "theCount": 2}, {"myValue": "sx/so", "personality_system_id": 5, "personality_type": "sx/so", "theCount": 1}], "6": [{"myValue": "648", "personality_system_id": 6, "personality_type": "648", "theCount": 20}, {"myValue": "649", "personality_system_id": 6, "personality_type": "649", "theCount": 5}, {"myValue": "461", "personality_system_id": 6, "personality_type": "461", "theCount": 3}], "7": [{"myValue": "Melancholic-Sanguine", "personality_system_id": 7, "personality_type": "Melancholic-Sanguine", "theCount": 14}, {"myValue": "Choleric-Melancholic", "personality_system_id": 7, "personality_type": "Choleric-Melancholic", "theCount": 3}, {"myValue": "Melancholic-Choleric", "personality_system_id": 7, "personality_type": "Melancholic-Choleric", "theCount": 1}], "8": [{"myValue": "FEVL", "personality_system_id": 8, "personality_type": "FEVL", "theCount": 5}], "9": [{"myValue": "RLUEN", "personality_system_id": 9, "personality_type": "RLUEN", "theCount": 13}, {"myValue": "SLUAN", "personality_system_id": 9, "personality_type": "SLUAN", "theCount": 1}]}, "breakdown_config": {"expand": {"1": 3, "11": 1, "2": 3, "3": 1, "4": 1, "5": 1, "6": 1, "7": 1, "8": 1, "9": 1}, "fire": {"1": 0, "11": 0, "2": 0, "3": 0, "4": 0, "5": 0, "6": 0, "7": 0, "8": 0, "9": 0}}, "mbti_letter_stats": [{"type": "I", "percentage": "96%", "PercentageFloat": 0.9625}, {"type": "S", "percentage": "97%", "PercentageFloat": 0.96875}, {"type": "F", "percentage": "99%", "PercentageFloat": 0.99375}, {"type": "P", "percentage": "99%", "PercentageFloat": 0.9875}], "topic_info": {"can_generate": false, "topic": {"description": "Terra\u00a0was a former member of the\u00a0Teen Titans, whose role as a hero or villain is complicated. Until the episodes \"Aftershock - Part 1\" and \"Part 2\", she was confused and insecure, only wishing to be a heroine and a friend of the Teen Titans. However, she was led astray by\u00a0Slade, who tempted her by promising her that he could teach her to control her powers, in return for her unwavering loyalty and devoted apprenticeship. #ISFPVillains", "follow_count": 1, "id": 12529, "is_following": false, "is_join_pending": false, "is_banned": false, "is_moderated": false, "name_readable": "Terra", "post_count": 6, "source_profile_id": 13584, "source_type": "profile", "join_to_post": false, "can_pin": false, "related_topics": [{"description": "Raven\u00a0is a human-demon hybrid, originating from the parallel dimension of\u00a0Azarath, and is one of five founding members of the\u00a0Teen Titans. Raven is one of the most mysterious characters throughout the series. She is quiet, troubled, brooding, grim, moody, seemingly emotionless, intelligent, studious and sarcastic. She can always come up with a smart remark, specifically in reply to most of the Teen Titans' antics and attempts at humor. However, as much as she may seem slightly distant and anti-social, producer Sam Register describes her as a \"...dark character, but a character everyone can relate to. She's a recluse and sort of to herself. We thought that would be a good dynamic with the rest of the team. She does have a dark background in the comic.\" Robin also said that she is \"the most hopeful person he has ever known.\"\n#KuudereCharacters", "follow_count": 5, "id": 2418, "is_following": false, "is_join_pending": false, "is_banned": false, "is_moderated": false, "name_readable": "Raven", "post_count": 43, "source_profile_id": 2645, "source_type": "profile", "image": {"picURL": "https://static1.personality-database.com/profile_images/6437c79762814575a81a7c65b354cf6a.png"}, "join_to_post": false, "can_pin": false}, {"description": "Terra\u00a0was a former member of the\u00a0Teen Titans, whose role as a hero or villain is complicated. Until the episodes \"Aftershock - Part 1\" and \"Part 2\", she was confused and insecure, only wishing to be a heroine and a friend of the Teen Titans. However, she was led astray by\u00a0Slade, who tempted her by promising her that he could teach her to control her powers, in return for her unwavering loyalty and devoted apprenticeship. #ISFPVillains", "follow_count": 1, "id": 12529, "is_following": false, "is_join_pending": false, "is_banned": false, "is_moderated": false, "name_readable": "Terra", "post_count": 6, "source_profile_id": 13584, "source_type": "profile", "image": {"picURL": "https://static1.personality-database.com/profile_images/5e96d3c3170340d1b21bde9fca554800.png"}, "join_to_post": false, "can_pin": false}, {"description": "Robin\u00a0is the leader and one of the five founding members of the\u00a0Teen Titans. Before that, he was trained by, and served as the sidekick to\u00a0Batman. He is also\u00a0Starfire's main love interest and finally becomes her boyfriend in\u00a0the series finale movie.\n\nWith his fellow Teen Titans, self-appointed protectors of\u00a0Jump City, Robin encountered\u00a0Slade, the mastermind villain who is Robin's arch rival, responsible for the majority of the villains the Titans clashed with during this time, including the\u00a0H.I.V.E.\u00a0and\u00a0Thunder and Lightning.\n\n#ISTJHeroes", "follow_count": 1, "id": 2417, "is_following": false, "is_join_pending": false, "is_banned": false, "is_moderated": false, "name_readable": "Robin", "post_count": 5, "source_profile_id": 2644, "source_type": "profile", "image": {"picURL": "https://static1.personality-database.com/profile_images/7c4e75ca1e964b34a3e06f931d93621c.png"}, "join_to_post": false, "can_pin": false}, {"description": "Beast Boy\u00a0(sometimes\u00a0\"B.B.\") is a former member of the\u00a0Doom Patrol\u00a0and one of the five founding members of the\u00a0Teen Titans.\n#ESFPheroes", "follow_count": 1, "id": 2420, "is_following": false, "is_join_pending": false, "is_banned": false, "is_moderated": false, "name_readable": "Beast Boy", "post_count": 4, "source_profile_id": 2647, "source_type": "profile", "image": {"picURL": "https://static1.personality-database.com/profile_images/df29461c8d8a4b07858b291a1b55525e.png"}, "join_to_post": false, "can_pin": false}, {"description": "Even though Blackfire is Starfire's older sister, the two are polar opposites as Blackfire is grim, cunning, deceitful, immoral, sadistic and unremorseful who also has the optimum qualities of a villain. The two almost never get along well, except when Blackfire tricks Starfire into thinking she's being nice. Blackfire is constantly trying to, in some way, do away with Starfire, first with getting her arrested and then trying to marry her to an ooze alien. Blackfire loves fighting her sister and rubbing the fact that she is older and stronger in her little sister's face. The two of them are poster children for sibling rivalry. She has a very sarcastic sense of humor and always hurts Starfire's feelings. Blackfire is also quite vain and loves telling stories about herself. Blackfire is also quite pretty, and she knows it and uses it to her advantage when around boys.\n\n#ENTPVillains", "follow_count": 0, "id": 45347, "is_following": false, "is_join_pending": false, "is_banned": false, "is_moderated": false, "name_readable": "Blackfire", "post_count": 2, "source_profile_id": 52863, "source_type": "profile", "image": {"picURL": "https://static1.personality-database.com/profile_images/bd5544a0aaee4f888a9e9d737898af99.png"}, "join_to_post": false, "can_pin": false}, {"description": "Nega Beast Boy is an evil clone of Beast Boy created by Trigon. He appears in the episode \u201cThe End - Part 2\u201d", "follow_count": 0, "id": 348297, "is_following": false, "is_join_pending": false, "is_banned": false, "is_moderated": false, "name_readable": "Nega Beast Boy", "post_count": 1, "source_profile_id": 445248, "source_type": "profile", "image": {"picURL": "https://static1.personality-database.com/profile_images/2fd78aeaa0724db0a2127a6d466620b4.png"}, "join_to_post": false, "can_pin": false}, {"description": "Aqualad is a fairly noble-hearted, charming, calm and collected individual. He is extremely intelligent and a super genius. He and Robin are the two most intelligent geniuses on the show. He has his doubts, but does not disrespect an authority's commands. He is fairly competitive, especially with Beast Boy, and is confident that he can accomplish whatever he sets his mind to. Aqualad does not seem to notice his good looks, and instead of bragging about it or trying to impress girls, he feels rather uncomfortable with girls who are infatuated with him. Beast Boy thinks he is a little arrogant with all the bluffing.\n\nAqualad is shown to have a strong fondness for sea creatures, especially fish. When presented with fish tacos from Speedy, Aqualad freaked out, stating that \"those were probably friends of [his]!\" and feels sick.", "follow_count": 0, "id": 66807, "is_following": false, "is_join_pending": false, "is_banned": false, "is_moderated": false, "name_readable": "Aqualad", "post_count": 1, "source_profile_id": 82443, "source_type": "profile", "image": {"picURL": "https://static1.personality-database.com/profile_images/8f47379ed6274494a4d83f8ebb0adc77.png"}, "join_to_post": false, "can_pin": false}, {"description": "", "follow_count": 0, "id": 25306, "is_following": false, "is_join_pending": false, "is_banned": false, "is_moderated": false, "name_readable": "Jericho", "post_count": 1, "source_profile_id": 28087, "source_type": "profile", "image": {"picURL": "https://static1.personality-database.com/profile_images/b77f78931efb4f608859e6ca7358cc0b.png"}, "join_to_post": false, "can_pin": false}, {"description": "Nega Cyborg is an evil clone of Cyborg created by Trigon. He appears in the episode \u201cThe End - Part 2\u201d", "follow_count": 0, "id": 348298, "is_following": false, "is_join_pending": false, "is_banned": false, "is_moderated": false, "name_readable": "Nega Cyborg", "post_count": 1, "source_profile_id": 445250, "source_type": "profile", "image": {"picURL": "https://static1.personality-database.com/profile_images/2ba3ad7373e8456d92a024cfaf4c219b.png"}, "join_to_post": false, "can_pin": false}, {"description": "As the Master of Games once described, Gizmo is a nasty little boy with an enormous brain. He shows no appreciation, care, or respect to anyone, even his own teammates. It is very common for Gizmo to call other people names, such as \"slug-faces\", \"crud-munchers\", or \"pie-for-brains\". However, despite his immaturity and lack of respect for his teammates, he does show some respect to his adults and those who intimidate him, like Brother Blood, Raven, and even Madame Rouge, likely out of fear.", "follow_count": 0, "id": 12570, "is_following": false, "is_join_pending": false, "is_banned": false, "is_moderated": false, "name_readable": "Gizmo", "post_count": 1, "source_profile_id": 13626, "source_type": "profile", "image": {"picURL": "https://static1.personality-database.com/profile_images/db43e23e8e2b452a91e57b0307130fe1.png"}, "join_to_post": false, "can_pin": false}, {"description": "Starfire, sometimes \"Star\" (real name: Princess Koriand'r) is an alien princess from the distant world of\u00a0Tamaran, and one of the five founding members of the\u00a0Teen Titans. She is also\u00a0Robin's main love interest and finally becomes his girlfriend in\u00a0the series finale movie.\n\n#ESFJHeroes", "follow_count": 2, "id": 2419, "is_following": false, "is_join_pending": false, "is_banned": false, "is_moderated": false, "name_readable": "Starfire", "post_count": 1, "source_profile_id": 2646, "source_type": "profile", "image": {"picURL": "https://static1.personality-database.com/profile_images/77edc6854ba442a5bbd76417fd378d0a.png"}, "join_to_post": false, "can_pin": false}, {"description": "Cyborg\u00a0(sometimes\u00a0\"Cy\") is the half-cybernetic half-man, chief technological expert and one of the five founding members of the\u00a0Teen Titans.\n\n#ESTPHeroes", "follow_count": 0, "id": 2421, "is_following": false, "is_join_pending": false, "is_banned": false, "is_moderated": false, "name_readable": "Cyborg", "post_count": 1, "source_profile_id": 2648, "source_type": "profile", "image": {"picURL": "https://static1.personality-database.com/profile_images/799f09cdd366473f83f0849339c4ad65.png"}, "join_to_post": false, "can_pin": false}, {"description": "#ESTJVillains", "follow_count": 0, "id": 12550, "is_following": false, "is_join_pending": false, "is_banned": false, "is_moderated": false, "name_readable": "Jinx", "post_count": 1, "source_profile_id": 13606, "source_type": "profile", "image": {"picURL": "https://static1.personality-database.com/profile_images/fcf33950823448bba3625d8ac05ccc4f.png"}, "join_to_post": false, "can_pin": false}, {"description": "", "follow_count": 0, "id": 348296, "is_following": false, "is_join_pending": false, "is_banned": false, "is_moderated": false, "name_readable": "Nega Starfire", "post_count": 1, "source_profile_id": 445252, "source_type": "profile", "image": {"picURL": "https://static1.personality-database.com/profile_images/603083b29a7f44b8990073fc610ec423.png"}, "join_to_post": false, "can_pin": false}, {"description": "", "follow_count": 0, "id": 112975, "is_following": false, "is_join_pending": false, "is_banned": false, "is_moderated": false, "name_readable": "Johnny Rancid", "post_count": 0, "source_profile_id": 145836, "source_type": "profile", "image": {"picURL": "https://static1.personality-database.com/profile_images/66535eacd1a54f4ca571da1428b71bef.png"}, "join_to_post": false, "can_pin": false}, {"description": "", "follow_count": 0, "id": 112971, "is_following": false, "is_join_pending": false, "is_banned": false, "is_moderated": false, "name_readable": "Val-Yor", "post_count": 0, "source_profile_id": 145831, "source_type": "profile", "image": {"picURL": "https://static1.personality-database.com/profile_images/2433ea97d1d0462095a18ed084cb46ad.png"}, "join_to_post": false, "can_pin": false}], "subcategory": "Teen Titans (2003)", "topic_image_url": "https://static1.personality-database.com/profile_images/5e96d3c3170340d1b21bde9fca554800.png", "source_location": {"cid": 27, "pid": 2, "sub_cat_id": 336}, "can_post_image": false, "can_post_audio": false, "posts": {"posts": [{"username": "reigningastrid17", "user_pic_path": "https://static1.personality-database.com/user_avatars/1082032/526f7370-4a13-45ef-9f76-ef4ecd23cb02_small.jpeg", "user_personality_type": "INTJ", "is_mod": false, "comment_count": 0, "reply_count": 0, "vote_type": 0, "topics_list": [{"id": 12529, "name_readable": "Terra"}], "id": 2022859, "post_id": 2022859, "user_id": 1082032, "title": "", "content": "i really must be an INTJ, because raven and i both hated her.", "create_date": 1672026770000, "unix_timestamp": 1672026770000, "update_date": 1672026770000, "vote_count": 0, "vote_count_down": 0, "is_reported": 0, "is_hidden": false, "is_pinned": false, "is_watching": false, "is_pro_user": false, "images": null, "audios": null, "function_list": [], "type": "post"}, {"username": "pneumonoultramicroscopicsilico", "user_pic_path": "https://static1.personality-database.com/user_avatars/647136/afe31f48-7a76-477f-b042-4a93354c6922_small.jpeg", "user_personality_type": "9w1-963", "is_mod": false, "comment_count": 0, "reply_count": 0, "vote_type": 0, "topics_list": [{"id": 12529, "name_readable": "Terra"}], "id": 1484054, "post_id": 1484054, "user_id": 647136, "title": "", "content": "One of my kins\n\nAlso one of my most favorite characters of the show.\nI love how well thought out her character and story was.", "create_date": 1665207200000, "unix_timestamp": 1665207200000, "update_date": 1665207200000, "vote_count": 1, "vote_count_down": 0, "is_reported": 0, "is_hidden": false, "is_pinned": false, "is_watching": false, "is_pro_user": true, "images": null, "audios": null, "function_list": [], "type": "post"}, {"username": "Morro Lawliet", "user_pic_path": "https://lh3.googleusercontent.com/a-/AFdZucq7kQcTHkj12-_GTn-26K0mNQTqPyUQ40l8TwrguA=s96-c", "user_personality_type": "ISTJ-6w5", "is_mod": false, "comment_count": 0, "reply_count": 0, "vote_type": 0, "topics_list": [{"id": 12529, "name_readable": "Terra"}], "id": 1476999, "post_id": 1476999, "user_id": 184911, "title": "", "content": "Pretty interesting character, she is really cool ~", "create_date": 1665108573000, "unix_timestamp": 1665108573000, "update_date": 1665108573000, "vote_count": 2, "vote_count_down": 0, "is_reported": 0, "is_hidden": false, "is_pinned": false, "is_watching": false, "is_pro_user": false, "images": null, "audios": null, "function_list": [], "type": "post"}]}}}}