{"id": 137609, "mbti_profile": "Raven", "profile_name_searchable": "raven", "allow_commenting": true, "allow_voting": true, "user_id": 9145, "contributor": "Reyos", "contributor_create_date": "2020-05-21 18:27:39", "contributor_pic_path": "https://lh3.googleusercontent.com/a-/AOh14GiTCJic5tfMl-jxwEniLMB37eob0Y707aJsVL9WIg=s96-c", "display_order": 0, "edit_lock": 0, "edit_lock_picture": 0, "is_active": true, "is_approved": true, "mbti_enneagram_type": "INTJ 5w4", "mbti_type": "INTJ 5w4", "pdb_comment_access": true, "pdb_page_owner": 0, "pdb_public_access": true, "wiki_description": "", "watch_count": 512, "comment_count": 28, "vote_count": 232, "vote_count_enneagram": 55, "vote_count_mbti": 232, "total_vote_counts": 401, "personality_type": "INTJ - 5w4 - sp/so - 549 - EII - RCOAI - Melancholic [Dominant] - IN(T)", "type_updated_date": "2022-12-29 21:33:17", "enneagram_vote": "", "enneagram_vote_id": 0, "mbti_vote": "", "mbti_vote_id": 0, "is_watching": false, "image_exists": false, "profile_image_url": "https://static1.personality-database.com/profile_images/25bfd020a39e4269b6709df74af4db19.png", "profile_image_credit": "", "profile_image_credit_id": 365219, "profile_image_credit_type": "0", "profile_image_credit_url": "", "alt_subcategory": "", "related_subcategories": "", "cat_id": 27, "category": "Superheroes", "category_is_fictional": true, "sub_cat_id": 9505, "subcategory": "DC Animated Movie Universe", "subcat_link_info": {"sub_cat_id": 9505, "cat_id": 27, "property_id": 2, "subcategory": "DC Animated Movie Universe"}, "related_subcat_link_info": null, "related_profiles": [{"id": 207962, "mbti_profile": "Jason Todd/Red Hood(Under The Red Hood)", "subcategory": "DC Animated Movie Universe", "profile_image_url": "https://static1.personality-database.com/profile_images/d1a8ff6b436b4a069f29bfd9888b1fa5.png", "profile_name": "Jason Todd/Red Hood(Under The Red Hood)", "profile_subcat": "DC Animated Movie Universe", "sub_cat_id": 9505, "cat_id": 27, "property_id": 2, "mbti": "ISTP", "enneatype": "8w9"}, {"id": 137600, "mbti_profile": "Damian Wayne \"Robin\"", "subcategory": "DC Animated Movie Universe", "profile_image_url": "https://static1.personality-database.com/profile_images/5137301dbc434320ab88a81c174ea5cd.png", "profile_name": "Damian Wayne \"Robin\"", "profile_subcat": "DC Animated Movie Universe", "sub_cat_id": 9505, "cat_id": 27, "property_id": 2, "mbti": "ENTJ", "enneatype": "8w7"}, {"id": 137619, "mbti_profile": "Hal Jordan \"Green Lantern\"", "subcategory": "DC Animated Movie Universe", "profile_image_url": "https://static1.personality-database.com/profile_images/59e062eab92b4c65a8609302e0947b6c.png", "profile_name": "Hal Jordan \"Green Lantern\"", "profile_subcat": "DC Animated Movie Universe", "sub_cat_id": 9505, "cat_id": 27, "property_id": 2, "mbti": "ESFP", "enneatype": "7w8"}, {"id": 137622, "mbti_profile": "Slade Wilson \"Deathstroke\"", "subcategory": "DC Animated Movie Universe", "profile_image_url": "https://static1.personality-database.com/profile_images/5ceb5b25547045d59c25bac30690df56.png", "profile_name": "Slade Wilson \"Deathstroke\"", "profile_subcat": "DC Animated Movie Universe", "sub_cat_id": 9505, "cat_id": 27, "property_id": 2, "mbti": "ISTP", "enneatype": "8w7"}, {"id": 137631, "mbti_profile": "Eobard Thawne \"Zoom\"", "subcategory": "DC Animated Movie Universe", "profile_image_url": "https://static1.personality-database.com/profile_images/cf8db187edef4084878794570b70d6b0.png", "profile_name": "Eobard Thawne \"Zoom\"", "profile_subcat": "DC Animated Movie Universe", "sub_cat_id": 9505, "cat_id": 27, "property_id": 2, "mbti": "ENTJ", "enneatype": "6w5"}, {"id": 137649, "mbti_profile": "Zatanna", "subcategory": "DC Animated Movie Universe", "profile_image_url": "https://static1.personality-database.com/profile_images/68bd83042639414eb750203ee358d7ce.png", "profile_name": "Zatanna", "profile_subcat": "DC Animated Movie Universe", "sub_cat_id": 9505, "cat_id": 27, "property_id": 2, "mbti": "INFP", "enneatype": "4w5"}, {"id": 137607, "mbti_profile": "Koriand'r \"Starfire\"", "subcategory": "DC Animated Movie Universe", "profile_image_url": "https://static1.personality-database.com/profile_images/41aeda923c474956816ea9fe381b66dd.png", "profile_name": "Koriand'r \"Starfire\"", "profile_subcat": "DC Animated Movie Universe", "sub_cat_id": 9505, "cat_id": 27, "property_id": 2, "mbti": "ESFJ", "enneatype": "2w1"}, {"id": 137586, "mbti_profile": "Clark Kent \"Superman\"", "subcategory": "DC Animated Movie Universe", "profile_image_url": "https://static1.personality-database.com/profile_images/8170eb2c499f48359368dd75c4e4092c.png", "profile_name": "Clark Kent \"Superman\"", "profile_subcat": "DC Animated Movie Universe", "sub_cat_id": 9505, "cat_id": 27, "property_id": 2, "mbti": "ISFJ", "enneatype": "2w1"}], "functions": ["Ni", "Te", "Fi", "Se"], "systems": [{"hex_color": "#888888", "id": 1, "personality_type": "XXXX", "personality_type_id": 0, "system_name": "Four Letter", "system_vote_count": 228, "user_vote_type_id": 0, "vote_id": 0}, {"hex_color": "#006775", "id": 2, "personality_type": "XXXX", "personality_type_id": 0, "system_name": "Enneagram", "system_vote_count": 54, "user_vote_type_id": 0, "vote_id": 0}, {"hex_color": "#006775", "id": 5, "personality_type": "XXXX", "personality_type_id": 0, "system_name": "Instinctual Variant", "system_vote_count": 20, "user_vote_type_id": 0, "vote_id": 0}, {"hex_color": "#006775", "id": 6, "personality_type": "XXXX", "personality_type_id": 0, "system_name": "Tritype", "system_vote_count": 23, "user_vote_type_id": 0, "vote_id": 0}, {"hex_color": "#888888", "id": 3, "personality_type": "XXXX", "personality_type_id": 0, "system_name": "Socionics", "system_vote_count": 9, "user_vote_type_id": 0, "vote_id": 0}, {"hex_color": "#888888", "id": 9, "personality_type": "XXXX", "personality_type_id": 0, "system_name": "Big 5 (SLOAN)", "system_vote_count": 21, "user_vote_type_id": 0, "vote_id": 0}, {"hex_color": "#888888", "id": 8, "personality_type": "XXXX", "personality_type_id": 0, "system_name": "Attitudinal Psyche", "system_vote_count": 9, "user_vote_type_id": 0, "vote_id": 0}, {"hex_color": "#888888", "id": 7, "personality_type": "XXXX", "personality_type_id": 0, "system_name": "Temperaments", "system_vote_count": 22, "user_vote_type_id": 0, "vote_id": 0}, {"hex_color": "#888888", "id": 11, "personality_type": "XXXX", "personality_type_id": 0, "system_name": "Classic Jungian", "system_vote_count": 15, "user_vote_type_id": 0, "vote_id": 0}], "breakdown_systems": {"1": [{"myValue": "INTJ", "personality_system_id": 1, "personality_type": "INTJ", "theCount": 111}, {"myValue": "INFJ", "personality_system_id": 1, "personality_type": "INFJ", "theCount": 107}, {"myValue": "INTP", "personality_system_id": 1, "personality_type": "INTP", "theCount": 4}, {"myValue": "INFP", "personality_system_id": 1, "personality_type": "INFP", "theCount": 3}, {"myValue": "ENFP", "personality_system_id": 1, "personality_type": "ENFP", "theCount": 1}, {"myValue": "ISFP", "personality_system_id": 1, "personality_type": "ISFP", "theCount": 1}, {"myValue": "ISTJ", "personality_system_id": 1, "personality_type": "ISTJ", "theCount": 1}], "11": [{"myValue": "IN(T)", "personality_system_id": 11, "personality_type": "IN(T)", "theCount": 13}, {"myValue": "IN(F)", "personality_system_id": 11, "personality_type": "IN(F)", "theCount": 2}], "2": [{"myValue": "5w4", "personality_system_id": 2, "personality_type": "5w4", "theCount": 44}, {"myValue": "5w6", "personality_system_id": 2, "personality_type": "5w6", "theCount": 4}, {"myValue": "4w5", "personality_system_id": 2, "personality_type": "4w5", "theCount": 2}, {"myValue": "9w1", "personality_system_id": 2, "personality_type": "9w1", "theCount": 2}, {"myValue": "1w2", "personality_system_id": 2, "personality_type": "1w2", "theCount": 1}, {"myValue": "1w9", "personality_system_id": 2, "personality_type": "1w9", "theCount": 1}], "3": [{"myValue": "EII", "personality_system_id": 3, "personality_type": "EII", "theCount": 3}, {"myValue": "SEE", "personality_system_id": 3, "personality_type": "SEE", "theCount": 2}, {"myValue": "ESE", "personality_system_id": 3, "personality_type": "ESE", "theCount": 1}, {"myValue": "IEI", "personality_system_id": 3, "personality_type": "IEI", "theCount": 1}, {"myValue": "LII", "personality_system_id": 3, "personality_type": "LII", "theCount": 1}, {"myValue": "LSE", "personality_system_id": 3, "personality_type": "LSE", "theCount": 1}], "5": [{"myValue": "sp/so", "personality_system_id": 5, "personality_type": "sp/so", "theCount": 15}, {"myValue": "sx/sp", "personality_system_id": 5, "personality_type": "sx/sp", "theCount": 2}, {"myValue": "so/sp", "personality_system_id": 5, "personality_type": "so/sp", "theCount": 1}, {"myValue": "so/sx", "personality_system_id": 5, "personality_type": "so/sx", "theCount": 1}, {"myValue": "sx/so", "personality_system_id": 5, "personality_type": "sx/so", "theCount": 1}], "6": [{"myValue": "549", "personality_system_id": 6, "personality_type": "549", "theCount": 16}, {"myValue": "135", "personality_system_id": 6, "personality_type": "135", "theCount": 1}, {"myValue": "136", "personality_system_id": 6, "personality_type": "136", "theCount": 1}, {"myValue": "146", "personality_system_id": 6, "personality_type": "146", "theCount": 1}, {"myValue": "541", "personality_system_id": 6, "personality_type": "541", "theCount": 1}, {"myValue": "593", "personality_system_id": 6, "personality_type": "593", "theCount": 1}, {"myValue": "594", "personality_system_id": 6, "personality_type": "594", "theCount": 1}, {"myValue": "952", "personality_system_id": 6, "personality_type": "952", "theCount": 1}], "7": [{"myValue": "Melancholic [Dominant]", "personality_system_id": 7, "personality_type": "Melancholic [Dominant]", "theCount": 19}, {"myValue": "Choleric [Dominant]", "personality_system_id": 7, "personality_type": "Choleric [Dominant]", "theCount": 1}, {"myValue": "Melancholic-Choleric", "personality_system_id": 7, "personality_type": "Melancholic-Choleric", "theCount": 1}, {"myValue": "Phlegmatic-Melancholic", "personality_system_id": 7, "personality_type": "Phlegmatic-Melancholic", "theCount": 1}], "8": [{"myValue": "LEVF", "personality_system_id": 8, "personality_type": "LEVF", "theCount": 3}, {"myValue": "LFVE", "personality_system_id": 8, "personality_type": "LFVE", "theCount": 3}, {"myValue": "VELF", "personality_system_id": 8, "personality_type": "VELF", "theCount": 2}, {"myValue": "FVLE", "personality_system_id": 8, "personality_type": "FVLE", "theCount": 1}], "9": [{"myValue": "RCOAI", "personality_system_id": 9, "personality_type": "RCOAI", "theCount": 19}, {"myValue": "RCOAN", "personality_system_id": 9, "personality_type": "RCOAN", "theCount": 1}, {"myValue": "RLOAI", "personality_system_id": 9, "personality_type": "RLOAI", "theCount": 1}]}, "breakdown_config": {"expand": {"1": 3, "11": 1, "2": 3, "3": 1, "5": 1, "6": 1, "7": 1, "8": 1, "9": 1}, "fire": {"1": 1, "11": 0, "2": 0, "3": 0, "5": 0, "6": 0, "7": 0, "8": 0, "9": 0}}, "mbti_letter_stats": [{"type": "I", "percentage": "100%", "PercentageFloat": 0.9956140350877193}, {"type": "N", "percentage": "99%", "PercentageFloat": 0.9912280701754386}, {"type": "T", "percentage": "51%", "PercentageFloat": 0.5087719298245614}, {"type": "J", "percentage": "96%", "PercentageFloat": 0.9605263157894737}], "topic_info": {"can_generate": false, "topic": {"description": "", "follow_count": 4, "id": 107192, "is_following": false, "is_join_pending": false, "is_banned": false, "is_moderated": false, "name_readable": "Raven", "post_count": 2, "source_profile_id": 137609, "source_type": "profile", "join_to_post": false, "can_pin": false, "related_topics": [{"description": "", "follow_count": 4, "id": 107192, "is_following": false, "is_join_pending": false, "is_banned": false, "is_moderated": false, "name_readable": "Raven", "post_count": 2, "source_profile_id": 137609, "source_type": "profile", "image": {"picURL": "https://static1.personality-database.com/profile_images/25bfd020a39e4269b6709df74af4db19.png"}, "join_to_post": false, "can_pin": false}, {"description": "", "follow_count": 1, "id": 107202, "is_following": false, "is_join_pending": false, "is_banned": false, "is_moderated": false, "name_readable": "Hal Jordan \"Green Lantern\"", "post_count": 1, "source_profile_id": 137619, "source_type": "profile", "image": {"picURL": "https://static1.personality-database.com/profile_images/59e062eab92b4c65a8609302e0947b6c.png"}, "join_to_post": false, "can_pin": false}, {"description": "", "follow_count": 0, "id": 107182, "is_following": false, "is_join_pending": false, "is_banned": false, "is_moderated": false, "name_readable": "Dick Grayson \"Nightwing\"", "post_count": 1, "source_profile_id": 137599, "source_type": "profile", "image": {"picURL": "https://static1.personality-database.com/profile_images/d5c265b89ed64f1dacb18e60a26cc542.png"}, "join_to_post": false, "can_pin": false}, {"description": "", "follow_count": 0, "id": 107212, "is_following": false, "is_join_pending": false, "is_banned": false, "is_moderated": false, "name_readable": "Harleen Quinzel \"Harley Quinn\"", "post_count": 1, "source_profile_id": 137629, "source_type": "profile", "image": {"picURL": "https://static1.personality-database.com/profile_images/4988e149e5014aadbd56541d76097622.png"}, "join_to_post": false, "can_pin": false}, {"description": "", "follow_count": 0, "id": 107230, "is_following": false, "is_join_pending": false, "is_banned": false, "is_moderated": false, "name_readable": "Barbara Gordon \"Batgirl\"", "post_count": 0, "source_profile_id": 137647, "source_type": "profile", "image": {"picURL": "https://static1.personality-database.com/profile_images/45b83ab864ce4210af068d4f79d50ea8.png"}, "join_to_post": false, "can_pin": false}, {"description": "", "follow_count": 0, "id": 107218, "is_following": false, "is_join_pending": false, "is_banned": false, "is_moderated": false, "name_readable": "Talia al Ghul", "post_count": 0, "source_profile_id": 137635, "source_type": "profile", "image": {"picURL": "https://static1.personality-database.com/profile_images/657e429ebbe64fb293bb1602cfe9bb22.png"}, "join_to_post": false, "can_pin": false}, {"description": "", "follow_count": 1, "id": 107229, "is_following": false, "is_join_pending": false, "is_banned": false, "is_moderated": false, "name_readable": "Joker", "post_count": 0, "source_profile_id": 137646, "source_type": "profile", "image": {"picURL": "https://static1.personality-database.com/profile_images/c1136d679c1c42f484f05fc477df6a73.png"}, "join_to_post": false, "can_pin": false}, {"description": "", "follow_count": 0, "id": 107228, "is_following": false, "is_join_pending": false, "is_banned": false, "is_moderated": false, "name_readable": "Selina Kyle \"Catwoman\"", "post_count": 0, "source_profile_id": 137645, "source_type": "profile", "image": {"picURL": "https://static1.personality-database.com/profile_images/23629a5eea4140b89ec7676c82dcd6b6.png"}, "join_to_post": false, "can_pin": false}, {"description": "", "follow_count": 0, "id": 107227, "is_following": false, "is_join_pending": false, "is_banned": false, "is_moderated": false, "name_readable": "Lady Shiva", "post_count": 0, "source_profile_id": 137644, "source_type": "profile", "image": {"picURL": "https://static1.personality-database.com/profile_images/6b06ade5c4944f8abfec50a02fc50fe0.png"}, "join_to_post": false, "can_pin": false}, {"description": "", "follow_count": 0, "id": 107226, "is_following": false, "is_join_pending": false, "is_banned": false, "is_moderated": false, "name_readable": "King Shark", "post_count": 0, "source_profile_id": 137643, "source_type": "profile", "image": {"picURL": "https://static1.personality-database.com/profile_images/92bb659f66b04ea9bc0147018865e715.png"}, "join_to_post": false, "can_pin": false}, {"description": "", "follow_count": 0, "id": 107225, "is_following": false, "is_join_pending": false, "is_banned": false, "is_moderated": false, "name_readable": "Cheetah", "post_count": 0, "source_profile_id": 137642, "source_type": "profile", "image": {"picURL": "https://static1.personality-database.com/profile_images/d89d0b52859c4c66a2b288a69fe5dc60.png"}, "join_to_post": false, "can_pin": false}, {"description": "", "follow_count": 0, "id": 107221, "is_following": false, "is_join_pending": false, "is_banned": false, "is_moderated": false, "name_readable": "J'onn J'onzz \"Martian Manhunter\"", "post_count": 0, "source_profile_id": 137638, "source_type": "profile", "image": {"picURL": "https://static1.personality-database.com/profile_images/e579fcd5648b4508908a8a488d1485c3.png"}, "join_to_post": false, "can_pin": false}, {"description": "", "follow_count": 0, "id": 107215, "is_following": false, "is_join_pending": false, "is_banned": false, "is_moderated": false, "name_readable": "Steel Maxum \"Doctor Fate\"", "post_count": 0, "source_profile_id": 137632, "source_type": "profile", "image": {"picURL": "https://static1.personality-database.com/profile_images/1ce20bfd07de4967843f637ddd63c17e.png"}, "join_to_post": false, "can_pin": false}, {"description": "", "follow_count": 0, "id": 107219, "is_following": false, "is_join_pending": false, "is_banned": false, "is_moderated": false, "name_readable": "Luke Fox \"Batwing\"", "post_count": 0, "source_profile_id": 137636, "source_type": "profile", "image": {"picURL": "https://static1.personality-database.com/profile_images/e280ddf605e7432c9cfa1387b5c9c2e4.png"}, "join_to_post": false, "can_pin": false}, {"description": "", "follow_count": 0, "id": 107220, "is_following": false, "is_join_pending": false, "is_banned": false, "is_moderated": false, "name_readable": "Lex Luthor", "post_count": 0, "source_profile_id": 137637, "source_type": "profile", "image": {"picURL": "https://static1.personality-database.com/profile_images/97981603ade744d78da491062a36d881.png"}, "join_to_post": false, "can_pin": false}, {"description": "", "follow_count": 0, "id": 107224, "is_following": false, "is_join_pending": false, "is_banned": false, "is_moderated": false, "name_readable": "Steve Trevor", "post_count": 0, "source_profile_id": 137641, "source_type": "profile", "image": {"picURL": "https://static1.personality-database.com/profile_images/3eb29e4e942049e486543a6fd8ad4c8a.png"}, "join_to_post": false, "can_pin": false}], "subcategory": "DC Animated Movie Universe", "topic_image_url": "https://static1.personality-database.com/profile_images/25bfd020a39e4269b6709df74af4db19.png", "source_location": {"cid": 27, "pid": 2, "sub_cat_id": 9505}, "can_post_image": false, "can_post_audio": false, "posts": {"posts": [{"username": "known_jester_1606", "user_pic_path": "https://static1.personality-database.com/user_avatars/1434811/65cc7572-6de7-427a-aec0-7f98173e529b.jpeg", "user_personality_type": "INTJ", "is_mod": false, "comment_count": 0, "reply_count": 0, "vote_type": 0, "topics_list": [{"id": 107192, "name_readable": "Raven"}], "id": 2028379, "post_id": 2028379, "user_id": 1434811, "title": "", "content": "last time I checked she was INTJ\ud83d\udc80\ud83d\udc80", "create_date": 1672089586000, "unix_timestamp": 1672089586000, "update_date": 1672089608000, "vote_count": 4, "vote_count_down": 0, "is_reported": 0, "is_hidden": false, "is_pinned": false, "is_watching": false, "is_pro_user": false, "images": null, "audios": null, "function_list": [], "type": "post"}, {"username": "Asheashezinho", "user_pic_path": "https://static1.personality-database.com/user_avatars/1350434/19d7c1d0-6ce6-4a71-a651-0f463aa0d16c_small.jpeg", "user_personality_type": "INTJ-8w9-835", "is_mod": false, "comment_count": 2, "reply_count": 2, "vote_type": 0, "topics_list": [{"id": 107192, "name_readable": "Raven"}], "id": 1994550, "post_id": 1994550, "user_id": 1350434, "title": "", "content": "raven INFJ? \u2620\ufe0f", "create_date": 1671705773000, "unix_timestamp": 1671705773000, "update_date": 1671705773000, "vote_count": 6, "vote_count_down": 0, "is_reported": 0, "is_hidden": false, "is_pinned": false, "is_watching": false, "is_pro_user": false, "images": null, "audios": null, "function_list": [], "type": "post"}]}}}}