{"id": 10, "mbti_profile": "Ross Geller", "profile_name_searchable": "rossgeller", "allow_commenting": true, "allow_voting": true, "user_id": 0, "contributor": "the nameless", "contributor_create_date": "2015-05-21 21:46:54", "contributor_pic_path": "https://www.personality-database.com/images/profile_transparent.png", "display_order": 1020, "edit_lock": 0, "edit_lock_picture": 0, "is_active": true, "is_approved": true, "mbti_enneagram_type": "ISTJ 6w5", "mbti_type": "ISTJ 6w5", "pdb_comment_access": true, "pdb_page_owner": 0, "pdb_public_access": true, "wiki_description": "The nerd of the group, Ross is a Hollywood Dateless paleontologist whose wife left him when she realized she was a lesbian. She also turned out to be pregnant, and Ross tries his best to be a good dad to his son, Ben. He's fairly awkward and insecure when it comes to relationships, owing to more than his fair share of bad luck with women. His habit of not trusting something's going to work without his intervention often leads him ruining things because he intervened. Though he can be (almost) as neurotic as his sister at times, Ross is generally also seen as the smartest of the group and has a habit of always being right and correcting the rest of the gang when they are not \u2014 whether that's major ethical lapses or minor grammatical mistakes. He loves Rachel, but you knew that already, right?", "watch_count": 502, "comment_count": 302, "vote_count": 1143, "vote_count_enneagram": 423, "vote_count_mbti": 1143, "total_vote_counts": 2076, "personality_type": "ISTJ - 6w5 - sp/sx - 614 - LII - RLOEN - LVEF - Melancholic-Choleric - IS(T)", "type_updated_date": "2022-12-19 16:08:02", "enneagram_vote": "", "enneagram_vote_id": 0, "mbti_vote": "", "mbti_vote_id": 0, "is_watching": false, "image_exists": true, "profile_image_url": "https://static1.personality-database.com/profile_images/4fb7cab1799a49159ec5b2c1611f67ee.png", "profile_image_credit": "", "profile_image_credit_id": 0, "profile_image_credit_type": "0", "profile_image_credit_url": "", "alt_subcategory": "", "related_subcategories": "", "cat_id": 2, "category": "Television", "category_is_fictional": true, "sub_cat_id": 2, "subcategory": "Friends (1994)", "subcat_link_info": {"sub_cat_id": 2, "cat_id": 2, "property_id": 2, "subcategory": "Friends (1994)"}, "related_subcat_link_info": null, "related_profiles": [{"id": 7, "mbti_profile": "Chandler Bing", "subcategory": "Friends (1994)", "profile_image_url": "https://static1.personality-database.com/profile_images/554a7a6f6fe14786b4a784d6c00ff39b.png", "profile_name": "Chandler Bing", "profile_subcat": "Friends (1994)", "sub_cat_id": 2, "cat_id": 2, "property_id": 2, "mbti": "ENTP", "enneatype": "6w7"}, {"id": 11, "mbti_profile": "Monica Geller", "subcategory": "Friends (1994)", "profile_image_url": "https://static1.personality-database.com/profile_images/a40ba2a9b2c94807986851f074cb2fe8.png", "profile_name": "Monica Geller", "profile_subcat": "Friends (1994)", "sub_cat_id": 2, "cat_id": 2, "property_id": 2, "mbti": "ESTJ", "enneatype": "1w2"}, {"id": 9, "mbti_profile": "Phoebe Buffay", "subcategory": "Friends (1994)", "profile_image_url": "https://static1.personality-database.com/profile_images/ea34028a13d04402b0c0e2aa5a022ca9.png", "profile_name": "Phoebe Buffay", "profile_subcat": "Friends (1994)", "sub_cat_id": 2, "cat_id": 2, "property_id": 2, "mbti": "ENFP", "enneatype": "7w8"}, {"id": 8, "mbti_profile": "Rachel Green", "subcategory": "Friends (1994)", "profile_image_url": "https://static1.personality-database.com/profile_images/e2e3bd5bbda54d78bbbb18d020003d9b.png", "profile_name": "Rachel Green", "profile_subcat": "Friends (1994)", "sub_cat_id": 2, "cat_id": 2, "property_id": 2, "mbti": "ESFP", "enneatype": "3w4"}, {"id": 6, "mbti_profile": "Joey Tribbiani", "subcategory": "Friends (1994)", "profile_image_url": "https://static1.personality-database.com/profile_images/94feb725f56844778996862922587c56.png", "profile_name": "Joey Tribbiani", "profile_subcat": "Friends (1994)", "sub_cat_id": 2, "cat_id": 2, "property_id": 2, "mbti": "ESFP", "enneatype": "7w6"}, {"id": 21567, "mbti_profile": "Richard Burke", "subcategory": "Friends (1994)", "profile_image_url": "https://static1.personality-database.com/profile_images/4da1e801658c45d29d02a1083b1de32c.png", "profile_name": "Richard Burke", "profile_subcat": "Friends (1994)", "sub_cat_id": 2, "cat_id": 2, "property_id": 2, "mbti": "INFJ", "enneatype": "2w1"}, {"id": 19494, "mbti_profile": "Michael \u201cMike\u201d Hannigan", "subcategory": "Friends (1994)", "profile_image_url": "https://static1.personality-database.com/profile_images/1dd77f4ff3a246e990b7986e49273dae.png", "profile_name": "Michael \u201cMike\u201d Hannigan", "profile_subcat": "Friends (1994)", "sub_cat_id": 2, "cat_id": 2, "property_id": 2, "mbti": "INFP", "enneatype": "9w8"}, {"id": 23690, "mbti_profile": "Jack Geller", "subcategory": "Friends (1994)", "profile_image_url": "https://static1.personality-database.com/profile_images/8a97405328fd46b0bbe676b5788f5f09.png", "profile_name": "Jack Geller", "profile_subcat": "Friends (1994)", "sub_cat_id": 2, "cat_id": 2, "property_id": 2, "mbti": "ESFJ", "enneatype": "7w6"}], "functions": ["Si", "Te", "Fi", "Ne"], "systems": [{"hex_color": "#888888", "id": 1, "personality_type": "XXXX", "personality_type_id": 0, "system_name": "Four Letter", "system_vote_count": 1124, "user_vote_type_id": 0, "vote_id": 0}, {"hex_color": "#006775", "id": 2, "personality_type": "XXXX", "personality_type_id": 0, "system_name": "Enneagram", "system_vote_count": 415, "user_vote_type_id": 0, "vote_id": 0}, {"hex_color": "#006775", "id": 5, "personality_type": "XXXX", "personality_type_id": 0, "system_name": "Instinctual Variant", "system_vote_count": 109, "user_vote_type_id": 0, "vote_id": 0}, {"hex_color": "#006775", "id": 6, "personality_type": "XXXX", "personality_type_id": 0, "system_name": "Tritype", "system_vote_count": 111, "user_vote_type_id": 0, "vote_id": 0}, {"hex_color": "#888888", "id": 3, "personality_type": "XXXX", "personality_type_id": 0, "system_name": "Socionics", "system_vote_count": 48, "user_vote_type_id": 0, "vote_id": 0}, {"hex_color": "#888888", "id": 9, "personality_type": "XXXX", "personality_type_id": 0, "system_name": "Big 5 (SLOAN)", "system_vote_count": 78, "user_vote_type_id": 0, "vote_id": 0}, {"hex_color": "#888888", "id": 8, "personality_type": "XXXX", "personality_type_id": 0, "system_name": "Attitudinal Psyche", "system_vote_count": 36, "user_vote_type_id": 0, "vote_id": 0}, {"hex_color": "#888888", "id": 7, "personality_type": "XXXX", "personality_type_id": 0, "system_name": "Temperaments", "system_vote_count": 104, "user_vote_type_id": 0, "vote_id": 0}, {"hex_color": "#888888", "id": 11, "personality_type": "XXXX", "personality_type_id": 0, "system_name": "Classic Jungian", "system_vote_count": 7, "user_vote_type_id": 0, "vote_id": 0}], "breakdown_systems": {"1": [{"myValue": "ISTJ", "personality_system_id": 1, "personality_type": "ISTJ", "theCount": 807}, {"myValue": "ISFJ", "personality_system_id": 1, "personality_type": "ISFJ", "theCount": 219}, {"myValue": "INTJ", "personality_system_id": 1, "personality_type": "INTJ", "theCount": 34}, {"myValue": "INFP", "personality_system_id": 1, "personality_type": "INFP", "theCount": 21}, {"myValue": "INFJ", "personality_system_id": 1, "personality_type": "INFJ", "theCount": 14}, {"myValue": "INTP", "personality_system_id": 1, "personality_type": "INTP", "theCount": 10}, {"myValue": "ENTJ", "personality_system_id": 1, "personality_type": "ENTJ", "theCount": 4}, {"myValue": "ESFJ", "personality_system_id": 1, "personality_type": "ESFJ", "theCount": 4}, {"myValue": "ESTJ", "personality_system_id": 1, "personality_type": "ESTJ", "theCount": 4}, {"myValue": "ISFP", "personality_system_id": 1, "personality_type": "ISFP", "theCount": 3}, {"myValue": "ENTP", "personality_system_id": 1, "personality_type": "ENTP", "theCount": 2}, {"myValue": "ESFP", "personality_system_id": 1, "personality_type": "ESFP", "theCount": 1}, {"myValue": "ISTP", "personality_system_id": 1, "personality_type": "ISTP", "theCount": 1}], "10": [{"myValue": "Left-brained Introvert", "personality_system_id": 10, "personality_type": "Left-brained Introvert", "theCount": 3}], "11": [{"myValue": "IS(T)", "personality_system_id": 11, "personality_type": "IS(T)", "theCount": 4}, {"myValue": "IT(S)", "personality_system_id": 11, "personality_type": "IT(S)", "theCount": 2}, {"myValue": "ET(S)", "personality_system_id": 11, "personality_type": "ET(S)", "theCount": 1}], "2": [{"myValue": "6w5", "personality_system_id": 2, "personality_type": "6w5", "theCount": 344}, {"myValue": "5w6", "personality_system_id": 2, "personality_type": "5w6", "theCount": 56}, {"myValue": "1w9", "personality_system_id": 2, "personality_type": "1w9", "theCount": 6}, {"myValue": "5w4", "personality_system_id": 2, "personality_type": "5w4", "theCount": 3}, {"myValue": "6w7", "personality_system_id": 2, "personality_type": "6w7", "theCount": 2}, {"myValue": "1w2", "personality_system_id": 2, "personality_type": "1w2", "theCount": 1}, {"myValue": "4w5", "personality_system_id": 2, "personality_type": "4w5", "theCount": 1}, {"myValue": "9w1", "personality_system_id": 2, "personality_type": "9w1", "theCount": 1}, {"myValue": "9w8", "personality_system_id": 2, "personality_type": "9w8", "theCount": 1}], "3": [{"myValue": "LII", "personality_system_id": 3, "personality_type": "LII", "theCount": 26}, {"myValue": "LSI", "personality_system_id": 3, "personality_type": "LSI", "theCount": 9}, {"myValue": "ESI", "personality_system_id": 3, "personality_type": "ESI", "theCount": 6}, {"myValue": "ILI", "personality_system_id": 3, "personality_type": "ILI", "theCount": 3}, {"myValue": "SEI", "personality_system_id": 3, "personality_type": "SEI", "theCount": 2}, {"myValue": "LSE", "personality_system_id": 3, "personality_type": "LSE", "theCount": 1}, {"myValue": "SLI", "personality_system_id": 3, "personality_type": "SLI", "theCount": 1}], "4": [{"myValue": "Lawful Good", "personality_system_id": 4, "personality_type": "Lawful Good", "theCount": 27}, {"myValue": "Lawful Neutral", "personality_system_id": 4, "personality_type": "Lawful Neutral", "theCount": 10}, {"myValue": "Neutral Good", "personality_system_id": 4, "personality_type": "Neutral Good", "theCount": 2}, {"myValue": "Chaotic Good", "personality_system_id": 4, "personality_type": "Chaotic Good", "theCount": 1}, {"myValue": "True Neutral", "personality_system_id": 4, "personality_type": "True Neutral", "theCount": 1}], "5": [{"myValue": "sp/sx", "personality_system_id": 5, "personality_type": "sp/sx", "theCount": 75}, {"myValue": "sp/so", "personality_system_id": 5, "personality_type": "sp/so", "theCount": 14}, {"myValue": "so/sp", "personality_system_id": 5, "personality_type": "so/sp", "theCount": 8}, {"myValue": "sx/sp", "personality_system_id": 5, "personality_type": "sx/sp", "theCount": 6}, {"myValue": "so/sx", "personality_system_id": 5, "personality_type": "so/sx", "theCount": 5}, {"myValue": "sx/so", "personality_system_id": 5, "personality_type": "sx/so", "theCount": 1}], "6": [{"myValue": "614", "personality_system_id": 6, "personality_type": "614", "theCount": 84}, {"myValue": "641", "personality_system_id": 6, "personality_type": "641", "theCount": 13}, {"myValue": "613", "personality_system_id": 6, "personality_type": "613", "theCount": 4}, {"myValue": "126", "personality_system_id": 6, "personality_type": "126", "theCount": 1}, {"myValue": "135", "personality_system_id": 6, "personality_type": "135", "theCount": 1}, {"myValue": "163", "personality_system_id": 6, "personality_type": "163", "theCount": 1}, {"myValue": "469", "personality_system_id": 6, "personality_type": "469", "theCount": 1}, {"myValue": "512", "personality_system_id": 6, "personality_type": "512", "theCount": 1}, {"myValue": "514", "personality_system_id": 6, "personality_type": "514", "theCount": 1}, {"myValue": "529", "personality_system_id": 6, "personality_type": "529", "theCount": 1}, {"myValue": "549", "personality_system_id": 6, "personality_type": "549", "theCount": 1}, {"myValue": "612", "personality_system_id": 6, "personality_type": "612", "theCount": 1}, {"myValue": "692", "personality_system_id": 6, "personality_type": "692", "theCount": 1}], "7": [{"myValue": "Melancholic-Choleric", "personality_system_id": 7, "personality_type": "Melancholic-Choleric", "theCount": 86}, {"myValue": "Melancholic [Dominant]", "personality_system_id": 7, "personality_type": "Melancholic [Dominant]", "theCount": 13}, {"myValue": "Melancholic-Phlegmatic", "personality_system_id": 7, "personality_type": "Melancholic-Phlegmatic", "theCount": 2}, {"myValue": "Phlegmatic [Dominant]", "personality_system_id": 7, "personality_type": "Phlegmatic [Dominant]", "theCount": 2}, {"myValue": "Phlegmatic-Melancholic", "personality_system_id": 7, "personality_type": "Phlegmatic-Melancholic", "theCount": 1}], "8": [{"myValue": "LVEF", "personality_system_id": 8, "personality_type": "LVEF", "theCount": 17}, {"myValue": "LVFE", "personality_system_id": 8, "personality_type": "LVFE", "theCount": 7}, {"myValue": "LFEV", "personality_system_id": 8, "personality_type": "LFEV", "theCount": 4}, {"myValue": "LFVE", "personality_system_id": 8, "personality_type": "LFVE", "theCount": 3}, {"myValue": "LEFV", "personality_system_id": 8, "personality_type": "LEFV", "theCount": 2}, {"myValue": "ELVF", "personality_system_id": 8, "personality_type": "ELVF", "theCount": 1}, {"myValue": "LEVF", "personality_system_id": 8, "personality_type": "LEVF", "theCount": 1}, {"myValue": "VLEF", "personality_system_id": 8, "personality_type": "VLEF", "theCount": 1}], "9": [{"myValue": "RLOEN", "personality_system_id": 9, "personality_type": "RLOEN", "theCount": 42}, {"myValue": "RLOEI", "personality_system_id": 9, "personality_type": "RLOEI", "theCount": 28}, {"myValue": "RLOAI", "personality_system_id": 9, "personality_type": "RLOAI", "theCount": 4}, {"myValue": "RLOAN", "personality_system_id": 9, "personality_type": "RLOAN", "theCount": 2}, {"myValue": "RCOEI", "personality_system_id": 9, "personality_type": "RCOEI", "theCount": 1}, {"myValue": "RCUAI", "personality_system_id": 9, "personality_type": "RCUAI", "theCount": 1}]}, "breakdown_config": {"expand": {"1": 3, "10": 1, "11": 1, "2": 3, "3": 1, "4": 1, "5": 1, "6": 1, "7": 1, "8": 1, "9": 2}, "fire": {"1": 0, "10": 0, "11": 0, "2": 0, "3": 0, "4": 0, "5": 0, "6": 0, "7": 0, "8": 0, "9": 1}}, "mbti_letter_stats": [{"type": "I", "percentage": "99%", "PercentageFloat": 0.9866548042704626}, {"type": "S", "percentage": "92%", "PercentageFloat": 0.9243772241992882}, {"type": "T", "percentage": "77%", "PercentageFloat": 0.7669039145907474}, {"type": "J", "percentage": "97%", "PercentageFloat": 0.9661921708185054}], "topic_info": {"can_generate": false, "topic": {"description": "#DavidSchwimmer #Friends", "follow_count": 0, "id": 34, "is_following": false, "is_join_pending": false, "is_banned": false, "is_moderated": false, "name_readable": "Ross Geller", "post_count": 13, "source_profile_id": 10, "source_type": "profile", "join_to_post": false, "can_pin": false, "related_topics": [{"description": "#MatthewPerry", "follow_count": 2, "id": 31, "is_following": false, "is_join_pending": false, "is_banned": false, "is_moderated": false, "name_readable": "Chandler Bing", "post_count": 18, "source_profile_id": 7, "source_type": "profile", "image": {"picURL": "https://static1.personality-database.com/profile_images/554a7a6f6fe14786b4a784d6c00ff39b.png"}, "join_to_post": false, "can_pin": false}, {"description": "#DavidSchwimmer #Friends", "follow_count": 0, "id": 34, "is_following": false, "is_join_pending": false, "is_banned": false, "is_moderated": false, "name_readable": "Ross Geller", "post_count": 13, "source_profile_id": 10, "source_type": "profile", "image": {"picURL": "https://static1.personality-database.com/profile_images/4fb7cab1799a49159ec5b2c1611f67ee.png"}, "join_to_post": false, "can_pin": false}, {"description": "#JenniferAniston", "follow_count": 0, "id": 32, "is_following": false, "is_join_pending": false, "is_banned": false, "is_moderated": false, "name_readable": "Rachel Green", "post_count": 7, "source_profile_id": 8, "source_type": "profile", "image": {"picURL": "https://static1.personality-database.com/profile_images/e2e3bd5bbda54d78bbbb18d020003d9b.png"}, "join_to_post": false, "can_pin": false}, {"description": "#LisaKudrow", "follow_count": 6, "id": 33, "is_following": false, "is_join_pending": false, "is_banned": false, "is_moderated": false, "name_readable": "Phoebe Buffay", "post_count": 6, "source_profile_id": 9, "source_type": "profile", "image": {"picURL": "https://static1.personality-database.com/profile_images/ea34028a13d04402b0c0e2aa5a022ca9.png"}, "join_to_post": false, "can_pin": false}, {"description": "#CourteneyCox", "follow_count": 2, "id": 35, "is_following": false, "is_join_pending": false, "is_banned": false, "is_moderated": false, "name_readable": "Monica Geller", "post_count": 5, "source_profile_id": 11, "source_type": "profile", "image": {"picURL": "https://static1.personality-database.com/profile_images/a40ba2a9b2c94807986851f074cb2fe8.png"}, "join_to_post": false, "can_pin": false}, {"description": "\"How YOU doin'?\"\n\n\"JOEY DOESN'T SHARE FOOD!!!!\"\n\n#MattLeBlanc", "follow_count": 0, "id": 30, "is_following": false, "is_join_pending": false, "is_banned": false, "is_moderated": false, "name_readable": "Joey Tribbiani", "post_count": 3, "source_profile_id": 6, "source_type": "profile", "image": {"picURL": "https://static1.personality-database.com/profile_images/94feb725f56844778996862922587c56.png"}, "join_to_post": false, "can_pin": false}, {"description": "", "follow_count": 0, "id": 66789, "is_following": false, "is_join_pending": false, "is_banned": false, "is_moderated": false, "name_readable": "Tag Jones", "post_count": 1, "source_profile_id": 82422, "source_type": "profile", "image": {"picURL": "https://static1.personality-database.com/profile_images/21f16cdf2b9e48fa9950d455468b4434.png"}, "join_to_post": false, "can_pin": false}, {"description": "", "follow_count": 0, "id": 125494, "is_following": false, "is_join_pending": false, "is_banned": false, "is_moderated": false, "name_readable": "Dr. Michael Mitchell", "post_count": 1, "source_profile_id": 161647, "source_type": "profile", "image": {"picURL": "https://static1.personality-database.com/profile_images/fa554e229a524f798a0f66cc2d1e25fe.png"}, "join_to_post": false, "can_pin": false}, {"description": "", "follow_count": 0, "id": 242134, "is_following": false, "is_join_pending": false, "is_banned": false, "is_moderated": false, "name_readable": "Ugly Naked Guy", "post_count": 1, "source_profile_id": 314816, "source_type": "profile", "image": {"picURL": "https://static1.personality-database.com/profile_images/d61085cfc15e460395e716dea1c1f7ea.png"}, "join_to_post": false, "can_pin": false}, {"description": "", "follow_count": 0, "id": 66762, "is_following": false, "is_join_pending": false, "is_banned": false, "is_moderated": false, "name_readable": "Susan Bunch", "post_count": 1, "source_profile_id": 82394, "source_type": "profile", "image": {"picURL": "https://static1.personality-database.com/profile_images/aa8c52346d6848ac8a225fdbbbe41f65.png"}, "join_to_post": false, "can_pin": false}, {"description": "#LisaKudrow", "follow_count": 0, "id": 49075, "is_following": false, "is_join_pending": false, "is_banned": false, "is_moderated": false, "name_readable": "Ursula Buffay", "post_count": 1, "source_profile_id": 58033, "source_type": "profile", "image": {"picURL": "https://static1.personality-database.com/profile_images/f6f59279f8214f6d9a226fcf9c3431b2.png"}, "join_to_post": false, "can_pin": false}, {"description": "#TomSelleck", "follow_count": 0, "id": 19568, "is_following": false, "is_join_pending": false, "is_banned": false, "is_moderated": false, "name_readable": "Richard Burke", "post_count": 1, "source_profile_id": 21567, "source_type": "profile", "image": {"picURL": "https://static1.personality-database.com/profile_images/4da1e801658c45d29d02a1083b1de32c.png"}, "join_to_post": false, "can_pin": false}, {"description": "", "follow_count": 0, "id": 313769, "is_following": false, "is_join_pending": false, "is_banned": false, "is_moderated": false, "name_readable": "Eddy", "post_count": 0, "source_profile_id": 409025, "source_type": "profile", "image": {"picURL": "https://static1.personality-database.com/profile_images/12aa7f55b1ea46bc9deaa6af2268e07d.png"}, "join_to_post": false, "can_pin": false}, {"description": "", "follow_count": 0, "id": 111782, "is_following": false, "is_join_pending": false, "is_banned": false, "is_moderated": false, "name_readable": "Kathy", "post_count": 0, "source_profile_id": 144402, "source_type": "profile", "image": {"picURL": "https://static1.personality-database.com/profile_images/8910f8d18883410aad11ab38a4d22983.png"}, "join_to_post": false, "can_pin": false}, {"description": "", "follow_count": 0, "id": 125253, "is_following": false, "is_join_pending": false, "is_banned": false, "is_moderated": false, "name_readable": "Roger", "post_count": 0, "source_profile_id": 161349, "source_type": "profile", "image": {"picURL": "https://static1.personality-database.com/profile_images/1dc27dfdb4fb4a6fbf340aebe9b30a6a.png"}, "join_to_post": false, "can_pin": false}, {"description": "", "follow_count": 0, "id": 178558, "is_following": false, "is_join_pending": false, "is_banned": false, "is_moderated": false, "name_readable": "Gavin Mitchell", "post_count": 0, "source_profile_id": 231065, "source_type": "profile", "image": {"picURL": "https://static1.personality-database.com/profile_images/22a2c65fb44a49a48f661503e6b56fc6.png"}, "join_to_post": false, "can_pin": false}], "subcategory": "Friends (1994)", "topic_image_url": "https://static1.personality-database.com/profile_images/4fb7cab1799a49159ec5b2c1611f67ee.png", "source_location": {"cid": 2, "pid": 2, "sub_cat_id": 2}, "can_post_image": false, "can_post_audio": false, "posts": {"posts": [{"username": "exPDBee280557", "user_pic_path": "", "user_personality_type": "XXXX", "is_mod": false, "comment_count": 2, "reply_count": 2, "vote_type": 0, "topics_list": [{"id": 34, "name_readable": "Ross Geller"}], "id": 1512544, "post_id": 1512544, "user_id": 280557, "title": "", "content": "(deleted)", "create_date": 1665589617000, "unix_timestamp": 1665589617000, "update_date": 1665589686000, "vote_count": 0, "vote_count_down": 0, "is_reported": 0, "is_hidden": true, "is_pinned": false, "is_watching": false, "is_pro_user": false, "images": null, "audios": null, "function_list": [], "type": "post"}, {"username": "kid_ava", "user_pic_path": "https://static1.personality-database.com/user_avatars/231165/9b2afb9a-bd6a-4e34-9850-a73ee65e9fa6.jpeg", "user_personality_type": "INFP-4w3-479", "is_mod": false, "comment_count": 0, "reply_count": 0, "vote_type": 0, "topics_list": [{"id": 34, "name_readable": "Ross Geller"}], "id": 1422644, "post_id": 1422644, "user_id": 231165, "title": "", "content": "rare unlikable ISTJ male", "create_date": 1664417487000, "unix_timestamp": 1664417487000, "update_date": 1664417487000, "vote_count": 8, "vote_count_down": 1, "is_reported": 0, "is_hidden": false, "is_pinned": false, "is_watching": false, "is_pro_user": false, "images": null, "audios": null, "function_list": [], "type": "post"}, {"username": "rat_necromancy", "user_pic_path": "https://static1.personality-database.com/user_avatars/486880/49f34cb2-426f-44e6-9322-fab24927d324_small.jpeg", "user_personality_type": "ENFP-7w8-748", "is_mod": false, "comment_count": 0, "reply_count": 0, "vote_type": 0, "topics_list": [{"id": 34, "name_readable": "Ross Geller"}], "id": 1387280, "post_id": 1387280, "user_id": 486880, "title": "", "content": "As an ENFP I can find some things in common with even my opposites, but this is one of the few ISTJs I hate. \ud83e\udd23", "create_date": 1663967008000, "unix_timestamp": 1663967008000, "update_date": 1663967008000, "vote_count": 5, "vote_count_down": 1, "is_reported": 0, "is_hidden": false, "is_pinned": false, "is_watching": false, "is_pro_user": false, "images": null, "audios": null, "function_list": [], "type": "post"}]}}}}