{"id": 997756, "mbti_profile": "T\u00edo Tonio", "profile_name_searchable": "T\u00edo Tonio", "allow_commenting": true, "allow_voting": true, "user_id": 214860, "contributor": "maisie", "contributor_create_date": "2023-01-15 16:17:07", "contributor_pic_path": "https://static1.personality-database.com/user_avatars/214860/3ff2a464-cdca-4f6b-a6bb-20d83082ea7e.jpeg", "display_order": 0, "edit_lock": 0, "edit_lock_picture": 0, "is_active": true, "is_approved": true, "mbti_enneagram_type": "", "mbti_type": "", "pdb_comment_access": true, "pdb_page_owner": 0, "pdb_public_access": true, "wiki_description": "", "watch_count": 0, "comment_count": 0, "vote_count": 0, "vote_count_enneagram": 0, "vote_count_mbti": 0, "total_vote_counts": 0, "personality_type": "", "type_updated_date": "2023-01-15 16:17:07", "enneagram_vote": "", "enneagram_vote_id": 0, "mbti_vote": "", "mbti_vote_id": 0, "is_watching": false, "image_exists": false, "profile_image_url": "", "profile_image_credit": "", "profile_image_credit_id": 0, "profile_image_credit_type": "0", "profile_image_credit_url": "", "alt_subcategory": "", "related_subcategories": "", "cat_id": 2, "category": "Television", "category_is_fictional": true, "sub_cat_id": 31119, "subcategory": "Freeridge", "subcat_link_info": {"sub_cat_id": 31119, "cat_id": 2, "property_id": 2, "subcategory": "Freeridge"}, "related_subcat_link_info": null, "related_profiles": [{"id": 500565, "mbti_profile": "Ines", "subcategory": "Freeridge", "profile_image_url": "https://static1.personality-database.com/profile_images/e70f46f3eca14d6c9115bc79b69ce27e.png", "profile_name": "Ines", "profile_subcat": "Freeridge", "sub_cat_id": 31119, "cat_id": 2, "property_id": 2, "mbti": "ENTP", "enneatype": "7w6"}, {"id": 523014, "mbti_profile": "Demi", "subcategory": "Freeridge", "profile_image_url": "https://static1.personality-database.com/profile_images/0a24868f146641ab8c57d02f887fead6.png", "profile_name": "Demi", "profile_subcat": "Freeridge", "sub_cat_id": 31119, "cat_id": 2, "property_id": 2, "mbti": "ENFP", "enneatype": "2w3"}, {"id": 523016, "mbti_profile": "Gloria", "subcategory": "Freeridge", "profile_image_url": "https://static1.personality-database.com/profile_images/30db799b0189400b90514a3ec7bc9a72.png", "profile_name": "Gloria", "profile_subcat": "Freeridge", "sub_cat_id": 31119, "cat_id": 2, "property_id": 2, "mbti": "INTJ", "enneatype": "3w4"}, {"id": 523361, "mbti_profile": "Cameron", "subcategory": "Freeridge", "profile_image_url": "https://static1.personality-database.com/profile_images/d6c18d135486440a8950f5969ef233fe.png", "profile_name": "Cameron", "profile_subcat": "Freeridge", "sub_cat_id": 31119, "cat_id": 2, "property_id": 2, "mbti": "ISFJ", "enneatype": "9w1"}, {"id": 997698, "mbti_profile": "Rusty", "subcategory": "Freeridge", "profile_image_url": "https://static1.personality-database.com/profile_images/193311a03f834816811983d241489019.png", "profile_name": "Rusty", "profile_subcat": "Freeridge", "sub_cat_id": 31119, "cat_id": 2, "property_id": 2, "mbti": "", "enneatype": ""}, {"id": 997761, "mbti_profile": "Javier", "subcategory": "Freeridge", "profile_image_url": "", "profile_name": "Javier", "profile_subcat": "Freeridge", "sub_cat_id": 31119, "cat_id": 2, "property_id": 2, "mbti": "", "enneatype": ""}, {"id": 997763, "mbti_profile": "Benji", "subcategory": "Freeridge", "profile_image_url": "", "profile_name": "Benji", "profile_subcat": "Freeridge", "sub_cat_id": 31119, "cat_id": 2, "property_id": 2, "mbti": "", "enneatype": ""}, {"id": 997767, "mbti_profile": "Cinnamon", "subcategory": "Freeridge", "profile_image_url": "", "profile_name": "Cinnamon", "profile_subcat": "Freeridge", "sub_cat_id": 31119, "cat_id": 2, "property_id": 2, "mbti": "", "enneatype": ""}], "functions": ["?", "?", "?", "?"], "systems": [{"hex_color": "#888888", "id": 1, "personality_type": "XXXX", "personality_type_id": 0, "system_name": "Four Letter", "system_vote_count": 0, "user_vote_type_id": 0, "vote_id": 0}, {"hex_color": "#006775", "id": 2, "personality_type": "XXXX", "personality_type_id": 0, "system_name": "Enneagram", "system_vote_count": 0, "user_vote_type_id": 0, "vote_id": 0}, {"hex_color": "#006775", "id": 5, "personality_type": "XXXX", "personality_type_id": 0, "system_name": "Instinctual Variant", "system_vote_count": 0, "user_vote_type_id": 0, "vote_id": 0}, {"hex_color": "#006775", "id": 6, "personality_type": "XXXX", "personality_type_id": 0, "system_name": "Tritype", "system_vote_count": 0, "user_vote_type_id": 0, "vote_id": 0}, {"hex_color": "#888888", "id": 3, "personality_type": "XXXX", "personality_type_id": 0, "system_name": "Socionics", "system_vote_count": 0, "user_vote_type_id": 0, "vote_id": 0}, {"hex_color": "#888888", "id": 9, "personality_type": "XXXX", "personality_type_id": 0, "system_name": "Big 5 (SLOAN)", "system_vote_count": 0, "user_vote_type_id": 0, "vote_id": 0}, {"hex_color": "#888888", "id": 8, "personality_type": "XXXX", "personality_type_id": 0, "system_name": "Attitudinal Psyche", "system_vote_count": 0, "user_vote_type_id": 0, "vote_id": 0}, {"hex_color": "#888888", "id": 7, "personality_type": "XXXX", "personality_type_id": 0, "system_name": "Temperaments", "system_vote_count": 0, "user_vote_type_id": 0, "vote_id": 0}, {"hex_color": "#888888", "id": 11, "personality_type": "XXXX", "personality_type_id": 0, "system_name": "Classic Jungian", "system_vote_count": 0, "user_vote_type_id": 0, "vote_id": 0}], "breakdown_systems": {"1": [{"myValue": "XXXX", "personality_system_id": 0, "personality_type": "XXXX", "theCount": 0}], "11": [{"myValue": "XXXX", "personality_system_id": 0, "personality_type": "XXXX", "theCount": 0}], "2": [{"myValue": "XXXX", "personality_system_id": 0, "personality_type": "XXXX", "theCount": 0}], "3": [{"myValue": "XXXX", "personality_system_id": 0, "personality_type": "XXXX", "theCount": 0}], "5": [{"myValue": "XXXX", "personality_system_id": 0, "personality_type": "XXXX", "theCount": 0}], "6": [{"myValue": "XXXX", "personality_system_id": 0, "personality_type": "XXXX", "theCount": 0}], "7": [{"myValue": "XXXX", "personality_system_id": 0, "personality_type": "XXXX", "theCount": 0}], "8": [{"myValue": "XXXX", "personality_system_id": 0, "personality_type": "XXXX", "theCount": 0}], "9": [{"myValue": "XXXX", "personality_system_id": 0, "personality_type": "XXXX", "theCount": 0}]}, "breakdown_config": {"expand": {"1": 3, "11": 1, "2": 3, "3": 1, "5": 1, "6": 1, "7": 1, "8": 1, "9": 1}, "fire": {"1": 0, "11": 0, "2": 0, "3": 0, "5": 0, "6": 0, "7": 0, "8": 0, "9": 0}}, "mbti_letter_stats": [], "topic_info": {"can_generate": true}}