{"id": 1000005, "mbti_profile": "Scott", "profile_name_searchable": "Scott", "allow_commenting": true, "allow_voting": true, "user_id": 618217, "contributor": "Doragonik", "contributor_create_date": "2023-01-15 21:24:51", "contributor_pic_path": "https://lh3.googleusercontent.com/a-/AOh14GgVY0QceZsxtfpHjfLfJqIU-mM6ikHOAXhZNlkYEg=s96-c", "display_order": 0, "edit_lock": 0, "edit_lock_picture": 0, "is_active": true, "is_approved": true, "mbti_enneagram_type": "ESTJ 8w7", "mbti_type": "ESTJ 8w7", "pdb_comment_access": true, "pdb_page_owner": 0, "pdb_public_access": true, "wiki_description": "Side character of the show \"One Day at a Time\".", "watch_count": 0, "comment_count": 0, "vote_count": 1, "vote_count_enneagram": 1, "vote_count_mbti": 1, "total_vote_counts": 4, "personality_type": "ESTJ - 8w7", "type_updated_date": "2023-01-15 21:29:13", "enneagram_vote": "", "enneagram_vote_id": 0, "mbti_vote": "", "mbti_vote_id": 0, "is_watching": false, "image_exists": false, "profile_image_url": "https://static1.personality-database.com/profile_images/71ed5c819f2646b6bffa66909249379b.png", "profile_image_credit": "", "profile_image_credit_id": 486204, "profile_image_credit_type": "0", "profile_image_credit_url": "", "alt_subcategory": "", "related_subcategories": "", "cat_id": 2, "category": "Television", "category_is_fictional": true, "sub_cat_id": 3134, "subcategory": "One Day at a Time (2016)", "subcat_link_info": {"sub_cat_id": 3134, "cat_id": 2, "property_id": 2, "subcategory": "One Day at a Time (2016)"}, "related_subcat_link_info": null, "related_profiles": [{"id": 29437, "mbti_profile": "Elena \u00c1lvarez", "subcategory": "One Day at a Time (2016)", "profile_image_url": "https://static1.personality-database.com/profile_images/a42569aa432c4c4db408803263b4bc0c.png", "profile_name": "Elena \u00c1lvarez", "profile_subcat": "One Day at a Time (2016)", "sub_cat_id": 3134, "cat_id": 2, "property_id": 2, "mbti": "ENFP", "enneatype": "4w3"}, {"id": 111216, "mbti_profile": "Syd", "subcategory": "One Day at a Time (2016)", "profile_image_url": "https://static1.personality-database.com/profile_images/fdcf8c04378742a6861bcbd57864f06a.png", "profile_name": "Syd", "profile_subcat": "One Day at a Time (2016)", "sub_cat_id": 3134, "cat_id": 2, "property_id": 2, "mbti": "INFP", "enneatype": "9w1"}, {"id": 29436, "mbti_profile": "Lydia Riera", "subcategory": "One Day at a Time (2016)", "profile_image_url": "https://static1.personality-database.com/profile_images/4862cec639c74da4b4539e64de0e806c.png", "profile_name": "Lydia Riera", "profile_subcat": "One Day at a Time (2016)", "sub_cat_id": 3134, "cat_id": 2, "property_id": 2, "mbti": "ESFJ", "enneatype": "3w4"}, {"id": 30733, "mbti_profile": "Pat Schneider", "subcategory": "One Day at a Time (2016)", "profile_image_url": "https://static1.personality-database.com/profile_images/43631c7785c3454292a5b6525c7a886d.png", "profile_name": "Pat Schneider", "profile_subcat": "One Day at a Time (2016)", "sub_cat_id": 3134, "cat_id": 2, "property_id": 2, "mbti": "ENFP", "enneatype": "7w6"}, {"id": 29438, "mbti_profile": "Alex \u00c1lvarez", "subcategory": "One Day at a Time (2016)", "profile_image_url": "https://static1.personality-database.com/profile_images/d07da66e3a89435094b153332b897e38.png", "profile_name": "Alex \u00c1lvarez", "profile_subcat": "One Day at a Time (2016)", "sub_cat_id": 3134, "cat_id": 2, "property_id": 2, "mbti": "ESTP", "enneatype": "3w2"}, {"id": 30734, "mbti_profile": "Leslie Berkowitz", "subcategory": "One Day at a Time (2016)", "profile_image_url": "https://static1.personality-database.com/profile_images/d6aa5dfda1094ff793c1e634966afa92.png", "profile_name": "Leslie Berkowitz", "profile_subcat": "One Day at a Time (2016)", "sub_cat_id": 3134, "cat_id": 2, "property_id": 2, "mbti": "ISFJ", "enneatype": "2w3"}, {"id": 127718, "mbti_profile": "Max Ferraro", "subcategory": "One Day at a Time (2016)", "profile_image_url": "https://static1.personality-database.com/profile_images/f361fb770c37458d9da79f5427a66eec.png", "profile_name": "Max Ferraro", "profile_subcat": "One Day at a Time (2016)", "sub_cat_id": 3134, "cat_id": 2, "property_id": 2, "mbti": "ENTP", "enneatype": "2w1"}, {"id": 124466, "mbti_profile": "Avery", "subcategory": "One Day at a Time (2016)", "profile_image_url": "https://static1.personality-database.com/profile_images/9b7abf2a56854e19a62cee796411e7eb.png", "profile_name": "Avery", "profile_subcat": "One Day at a Time (2016)", "sub_cat_id": 3134, "cat_id": 2, "property_id": 2, "mbti": "ISFJ", "enneatype": "4w5"}], "functions": ["Te", "Si", "Ne", "Fi"], "systems": [{"hex_color": "#888888", "id": 1, "personality_type": "XXXX", "personality_type_id": 0, "system_name": "Four Letter", "system_vote_count": 1, "user_vote_type_id": 0, "vote_id": 0}, {"hex_color": "#006775", "id": 2, "personality_type": "XXXX", "personality_type_id": 0, "system_name": "Enneagram", "system_vote_count": 1, "user_vote_type_id": 0, "vote_id": 0}, {"hex_color": "#006775", "id": 5, "personality_type": "XXXX", "personality_type_id": 0, "system_name": "Instinctual Variant", "system_vote_count": 1, "user_vote_type_id": 0, "vote_id": 0}, {"hex_color": "#006775", "id": 6, "personality_type": "XXXX", "personality_type_id": 0, "system_name": "Tritype", "system_vote_count": 0, "user_vote_type_id": 0, "vote_id": 0}, {"hex_color": "#888888", "id": 3, "personality_type": "XXXX", "personality_type_id": 0, "system_name": "Socionics", "system_vote_count": 0, "user_vote_type_id": 0, "vote_id": 0}, {"hex_color": "#888888", "id": 9, "personality_type": "XXXX", "personality_type_id": 0, "system_name": "Big 5 (SLOAN)", "system_vote_count": 1, "user_vote_type_id": 0, "vote_id": 0}, {"hex_color": "#888888", "id": 8, "personality_type": "XXXX", "personality_type_id": 0, "system_name": "Attitudinal Psyche", "system_vote_count": 0, "user_vote_type_id": 0, "vote_id": 0}, {"hex_color": "#888888", "id": 7, "personality_type": "XXXX", "personality_type_id": 0, "system_name": "Temperaments", "system_vote_count": 0, "user_vote_type_id": 0, "vote_id": 0}, {"hex_color": "#888888", "id": 11, "personality_type": "XXXX", "personality_type_id": 0, "system_name": "Classic Jungian", "system_vote_count": 0, "user_vote_type_id": 0, "vote_id": 0}], "breakdown_systems": {"1": [{"myValue": "ESTJ", "personality_system_id": 1, "personality_type": "ESTJ", "theCount": 1}], "11": [{"myValue": "XXXX", "personality_system_id": 0, "personality_type": "XXXX", "theCount": 0}], "2": [{"myValue": "8w7", "personality_system_id": 2, "personality_type": "8w7", "theCount": 1}], "3": [{"myValue": "XXXX", "personality_system_id": 0, "personality_type": "XXXX", "theCount": 0}], "5": [{"myValue": "sx/so", "personality_system_id": 5, "personality_type": "sx/so", "theCount": 1}], "6": [{"myValue": "XXXX", "personality_system_id": 0, "personality_type": "XXXX", "theCount": 0}], "7": [{"myValue": "XXXX", "personality_system_id": 0, "personality_type": "XXXX", "theCount": 0}], "8": [{"myValue": "XXXX", "personality_system_id": 0, "personality_type": "XXXX", "theCount": 0}], "9": [{"myValue": "SCOEN", "personality_system_id": 9, "personality_type": "SCOEN", "theCount": 1}]}, "breakdown_config": {"expand": {"1": 3, "11": 1, "2": 3, "3": 1, "5": 1, "6": 1, "7": 1, "8": 1, "9": 1}, "fire": {"1": 0, "11": 0, "2": 0, "3": 0, "5": 0, "6": 0, "7": 0, "8": 0, "9": 0}}, "mbti_letter_stats": [{"type": "E", "percentage": "100%", "PercentageFloat": 1}, {"type": "S", "percentage": "100%", "PercentageFloat": 1}, {"type": "T", "percentage": "100%", "PercentageFloat": 1}, {"type": "J", "percentage": "100%", "PercentageFloat": 1}], "topic_info": {"can_generate": true}}