{"id": 1001347, "mbti_profile": "Pedro Motoa", "profile_name_searchable": "Pedro Motoa", "allow_commenting": true, "allow_voting": true, "user_id": 1347994, "contributor": "Mephistobaps", "contributor_create_date": "2023-01-16 00:36:27", "contributor_pic_path": "https://static1.personality-database.com/user_avatars/1347994/4012fb5d-7c68-4730-b867-1d23daaf9b1a_small.jpeg", "display_order": 0, "edit_lock": 0, "edit_lock_picture": 0, "is_active": true, "is_approved": true, "mbti_enneagram_type": "ISFP 9w8", "mbti_type": "ISFP 9w8", "pdb_comment_access": true, "pdb_page_owner": 0, "pdb_public_access": true, "wiki_description": "", "watch_count": 0, "comment_count": 0, "vote_count": 1, "vote_count_enneagram": 1, "vote_count_mbti": 1, "total_vote_counts": 6, "personality_type": "ISFP - 9w8", "type_updated_date": "2023-01-16 00:36:51", "enneagram_vote": "", "enneagram_vote_id": 0, "mbti_vote": "", "mbti_vote_id": 0, "is_watching": false, "image_exists": false, "profile_image_url": "https://static1.personality-database.com/profile_images/2610acb3850c41b4af7a9fe13b58b1d7.png", "profile_image_credit": "", "profile_image_credit_id": 486246, "profile_image_credit_type": "0", "profile_image_credit_url": "", "alt_subcategory": "", "related_subcategories": "", "cat_id": 2, "category": "Television", "category_is_fictional": true, "sub_cat_id": 35775, "subcategory": "Pablo Escobar: The Drug Lord", "subcat_link_info": {"sub_cat_id": 35775, "cat_id": 2, "property_id": 2, "subcategory": "Pablo Escobar: The Drug Lord"}, "related_subcat_link_info": null, "related_profiles": [{"id": 803959, "mbti_profile": "Pablo Escobar", "subcategory": "Pablo Escobar: The Drug Lord", "profile_image_url": "https://static1.personality-database.com/profile_images/7f4b8b7c45de4d78bc9bd1b42ba9bfda.png", "profile_name": "Pablo Escobar", "profile_subcat": "Pablo Escobar: The Drug Lord", "sub_cat_id": 35775, "cat_id": 2, "property_id": 2, "mbti": "ENTJ", "enneatype": "8w7"}, {"id": 803960, "mbti_profile": "Patricia Urrea de Escobar", "subcategory": "Pablo Escobar: The Drug Lord", "profile_image_url": "https://static1.personality-database.com/profile_images/d45c871568734ad98d584ab9f75e5afc.png", "profile_name": "Patricia Urrea de Escobar", "profile_subcat": "Pablo Escobar: The Drug Lord", "sub_cat_id": 35775, "cat_id": 2, "property_id": 2, "mbti": "ESFJ", "enneatype": "6w7"}, {"id": 995409, "mbti_profile": "Gonzalo Gaviria", "subcategory": "Pablo Escobar: The Drug Lord", "profile_image_url": "https://static1.personality-database.com/profile_images/1db2cc9b476e4b8c934b7093b83bd4e9.png", "profile_name": "Gonzalo Gaviria", "profile_subcat": "Pablo Escobar: The Drug Lord", "sub_cat_id": 35775, "cat_id": 2, "property_id": 2, "mbti": "INTP", "enneatype": "9w8"}, {"id": 998813, "mbti_profile": "Fabio Urrea", "subcategory": "Pablo Escobar: The Drug Lord", "profile_image_url": "https://static1.personality-database.com/profile_images/0f3c8d4451e14238871aa53df94b0cfd.png", "profile_name": "Fabio Urrea", "profile_subcat": "Pablo Escobar: The Drug Lord", "sub_cat_id": 35775, "cat_id": 2, "property_id": 2, "mbti": "ESFP", "enneatype": "8w7"}, {"id": 998944, "mbti_profile": "Do\u00f1a Enelia de Escobar", "subcategory": "Pablo Escobar: The Drug Lord", "profile_image_url": "https://static1.personality-database.com/profile_images/0541d02a17be48219f74dcb4796899ea.png", "profile_name": "Do\u00f1a Enelia de Escobar", "profile_subcat": "Pablo Escobar: The Drug Lord", "sub_cat_id": 35775, "cat_id": 2, "property_id": 2, "mbti": "ESTJ", "enneatype": "8w9"}, {"id": 994624, "mbti_profile": "John Jairo Ortiz \"Chili\"", "subcategory": "Pablo Escobar: The Drug Lord", "profile_image_url": "https://static1.personality-database.com/profile_images/461bb0d64b1b4de08c9edc987bb4f62b.png", "profile_name": "John Jairo Ortiz \"Chili\"", "profile_subcat": "Pablo Escobar: The Drug Lord", "sub_cat_id": 35775, "cat_id": 2, "property_id": 2, "mbti": "ISTP", "enneatype": "6w7"}, {"id": 995455, "mbti_profile": "Mireya", "subcategory": "Pablo Escobar: The Drug Lord", "profile_image_url": "", "profile_name": "Mireya", "profile_subcat": "Pablo Escobar: The Drug Lord", "sub_cat_id": 35775, "cat_id": 2, "property_id": 2, "mbti": "ESTP", "enneatype": "8w9"}, {"id": 998883, "mbti_profile": "Alberto 'Peluche' Escobar Gaviria", "subcategory": "Pablo Escobar: The Drug Lord", "profile_image_url": "https://static1.personality-database.com/profile_images/9b6b6014cb434c4cae79f520e33509eb.png", "profile_name": "Alberto 'Peluche' Escobar Gaviria", "profile_subcat": "Pablo Escobar: The Drug Lord", "sub_cat_id": 35775, "cat_id": 2, "property_id": 2, "mbti": "ISFJ", "enneatype": "9w1"}], "functions": ["Fi", "Se", "Ni", "Te"], "systems": [{"hex_color": "#888888", "id": 1, "personality_type": "XXXX", "personality_type_id": 0, "system_name": "Four Letter", "system_vote_count": 1, "user_vote_type_id": 0, "vote_id": 0}, {"hex_color": "#006775", "id": 2, "personality_type": "XXXX", "personality_type_id": 0, "system_name": "Enneagram", "system_vote_count": 1, "user_vote_type_id": 0, "vote_id": 0}, {"hex_color": "#006775", "id": 5, "personality_type": "XXXX", "personality_type_id": 0, "system_name": "Instinctual Variant", "system_vote_count": 1, "user_vote_type_id": 0, "vote_id": 0}, {"hex_color": "#006775", "id": 6, "personality_type": "XXXX", "personality_type_id": 0, "system_name": "Tritype", "system_vote_count": 1, "user_vote_type_id": 0, "vote_id": 0}, {"hex_color": "#888888", "id": 3, "personality_type": "XXXX", "personality_type_id": 0, "system_name": "Socionics", "system_vote_count": 0, "user_vote_type_id": 0, "vote_id": 0}, {"hex_color": "#888888", "id": 9, "personality_type": "XXXX", "personality_type_id": 0, "system_name": "Big 5 (SLOAN)", "system_vote_count": 1, "user_vote_type_id": 0, "vote_id": 0}, {"hex_color": "#888888", "id": 8, "personality_type": "XXXX", "personality_type_id": 0, "system_name": "Attitudinal Psyche", "system_vote_count": 0, "user_vote_type_id": 0, "vote_id": 0}, {"hex_color": "#888888", "id": 7, "personality_type": "XXXX", "personality_type_id": 0, "system_name": "Temperaments", "system_vote_count": 1, "user_vote_type_id": 0, "vote_id": 0}, {"hex_color": "#888888", "id": 11, "personality_type": "XXXX", "personality_type_id": 0, "system_name": "Classic Jungian", "system_vote_count": 0, "user_vote_type_id": 0, "vote_id": 0}], "breakdown_systems": {"1": [{"myValue": "ISFP", "personality_system_id": 1, "personality_type": "ISFP", "theCount": 1}], "11": [{"myValue": "XXXX", "personality_system_id": 0, "personality_type": "XXXX", "theCount": 0}], "2": [{"myValue": "9w8", "personality_system_id": 2, "personality_type": "9w8", "theCount": 1}], "3": [{"myValue": "XXXX", "personality_system_id": 0, "personality_type": "XXXX", "theCount": 0}], "5": [{"myValue": "sp/so", "personality_system_id": 5, "personality_type": "sp/so", "theCount": 1}], "6": [{"myValue": "952", "personality_system_id": 6, "personality_type": "952", "theCount": 1}], "7": [{"myValue": "Phlegmatic-Choleric", "personality_system_id": 7, "personality_type": "Phlegmatic-Choleric", "theCount": 1}], "8": [{"myValue": "XXXX", "personality_system_id": 0, "personality_type": "XXXX", "theCount": 0}], "9": [{"myValue": "RLUEN", "personality_system_id": 9, "personality_type": "RLUEN", "theCount": 1}]}, "breakdown_config": {"expand": {"1": 3, "11": 1, "2": 3, "3": 1, "5": 1, "6": 1, "7": 1, "8": 1, "9": 1}, "fire": {"1": 0, "11": 0, "2": 0, "3": 0, "5": 0, "6": 0, "7": 0, "8": 0, "9": 0}}, "mbti_letter_stats": [{"type": "I", "percentage": "100%", "PercentageFloat": 1}, {"type": "S", "percentage": "100%", "PercentageFloat": 1}, {"type": "F", "percentage": "100%", "PercentageFloat": 1}, {"type": "P", "percentage": "100%", "PercentageFloat": 1}], "topic_info": {"can_generate": true}}