{"id": 1001993, "mbti_profile": "Oskar Bergman", "profile_name_searchable": "Oskar Bergman", "allow_commenting": true, "allow_voting": true, "user_id": 1753447, "contributor": "astonishing_Inventor_7579", "contributor_create_date": "2023-01-16 02:28:26", "contributor_pic_path": "https://static1.personality-database.com/profile_images/965671b47b7f45a591f96268ee2f3e8d.png", "display_order": 0, "edit_lock": 0, "edit_lock_picture": 0, "is_active": true, "is_approved": true, "mbti_enneagram_type": "XXXX", "mbti_type": "XXXX", "pdb_comment_access": true, "pdb_page_owner": 0, "pdb_public_access": true, "wiki_description": "", "watch_count": 0, "comment_count": 0, "vote_count": 1, "vote_count_enneagram": 0, "vote_count_mbti": 1, "total_vote_counts": 2, "personality_type": "ISFP", "type_updated_date": "2023-01-16 02:28:40", "enneagram_vote": "", "enneagram_vote_id": 0, "mbti_vote": "", "mbti_vote_id": 0, "is_watching": false, "image_exists": false, "profile_image_url": "", "profile_image_credit": "", "profile_image_credit_id": 0, "profile_image_credit_type": "0", "profile_image_credit_url": "", "alt_subcategory": "", "related_subcategories": "", "cat_id": 2, "category": "Television", "category_is_fictional": true, "sub_cat_id": 2961, "subcategory": "Beck", "subcat_link_info": {"sub_cat_id": 2961, "cat_id": 2, "property_id": 2, "subcategory": "Beck"}, "related_subcat_link_info": null, "related_profiles": [{"id": 27132, "mbti_profile": "Martin Beck", "subcategory": "Beck", "profile_image_url": "https://static1.personality-database.com/profile_images/d70ebd45cfa74707bd0e76518c51b675.png", "profile_name": "Martin Beck", "profile_subcat": "Beck", "sub_cat_id": 2961, "cat_id": 2, "property_id": 2, "mbti": "INTP", "enneatype": "5w6"}, {"id": 27133, "mbti_profile": "Gunvald Larsson", "subcategory": "Beck", "profile_image_url": "https://static1.personality-database.com/profile_images/d0594d39d28048ebbae5d23bfa7b1433.png", "profile_name": "Gunvald Larsson", "profile_subcat": "Beck", "sub_cat_id": 2961, "cat_id": 2, "property_id": 2, "mbti": "ESTP", "enneatype": "8w7"}, {"id": 27135, "mbti_profile": "Steinar Hovland", "subcategory": "Beck", "profile_image_url": "https://static1.personality-database.com/profile_images/8d3df1150acc4cfc9e9aaee6f645aba7.png", "profile_name": "Steinar Hovland", "profile_subcat": "Beck", "sub_cat_id": 2961, "cat_id": 2, "property_id": 2, "mbti": "", "enneatype": ""}, {"id": 27134, "mbti_profile": "\u201dGrannen\u201d", "subcategory": "Beck", "profile_image_url": "https://static1.personality-database.com/profile_images/86c4ee3f7b2f4a2892b28aa552d8f3b9.png", "profile_name": "\u201dGrannen\u201d", "profile_subcat": "Beck", "sub_cat_id": 2961, "cat_id": 2, "property_id": 2, "mbti": "ESTP", "enneatype": "7w8"}], "functions": ["Fi", "Se", "Ni", "Te"], "systems": [{"hex_color": "#888888", "id": 1, "personality_type": "XXXX", "personality_type_id": 0, "system_name": "Four Letter", "system_vote_count": 1, "user_vote_type_id": 0, "vote_id": 0}, {"hex_color": "#006775", "id": 2, "personality_type": "XXXX", "personality_type_id": 0, "system_name": "Enneagram", "system_vote_count": 0, "user_vote_type_id": 0, "vote_id": 0}, {"hex_color": "#006775", "id": 5, "personality_type": "XXXX", "personality_type_id": 0, "system_name": "Instinctual Variant", "system_vote_count": 0, "user_vote_type_id": 0, "vote_id": 0}, {"hex_color": "#006775", "id": 6, "personality_type": "XXXX", "personality_type_id": 0, "system_name": "Tritype", "system_vote_count": 0, "user_vote_type_id": 0, "vote_id": 0}, {"hex_color": "#888888", "id": 3, "personality_type": "XXXX", "personality_type_id": 0, "system_name": "Socionics", "system_vote_count": 0, "user_vote_type_id": 0, "vote_id": 0}, {"hex_color": "#888888", "id": 9, "personality_type": "XXXX", "personality_type_id": 0, "system_name": "Big 5 (SLOAN)", "system_vote_count": 0, "user_vote_type_id": 0, "vote_id": 0}, {"hex_color": "#888888", "id": 8, "personality_type": "XXXX", "personality_type_id": 0, "system_name": "Attitudinal Psyche", "system_vote_count": 0, "user_vote_type_id": 0, "vote_id": 0}, {"hex_color": "#888888", "id": 7, "personality_type": "XXXX", "personality_type_id": 0, "system_name": "Temperaments", "system_vote_count": 1, "user_vote_type_id": 0, "vote_id": 0}, {"hex_color": "#888888", "id": 11, "personality_type": "XXXX", "personality_type_id": 0, "system_name": "Classic Jungian", "system_vote_count": 0, "user_vote_type_id": 0, "vote_id": 0}], "breakdown_systems": {"1": [{"myValue": "ISFP", "personality_system_id": 1, "personality_type": "ISFP", "theCount": 1}], "11": [{"myValue": "XXXX", "personality_system_id": 0, "personality_type": "XXXX", "theCount": 0}], "2": [{"myValue": "XXXX", "personality_system_id": 0, "personality_type": "XXXX", "theCount": 0}], "3": [{"myValue": "XXXX", "personality_system_id": 0, "personality_type": "XXXX", "theCount": 0}], "5": [{"myValue": "XXXX", "personality_system_id": 0, "personality_type": "XXXX", "theCount": 0}], "6": [{"myValue": "XXXX", "personality_system_id": 0, "personality_type": "XXXX", "theCount": 0}], "7": [{"myValue": "Phlegmatic-Sanguine", "personality_system_id": 7, "personality_type": "Phlegmatic-Sanguine", "theCount": 1}], "8": [{"myValue": "XXXX", "personality_system_id": 0, "personality_type": "XXXX", "theCount": 0}], "9": [{"myValue": "XXXX", "personality_system_id": 0, "personality_type": "XXXX", "theCount": 0}]}, "breakdown_config": {"expand": {"1": 3, "11": 1, "2": 3, "3": 1, "5": 1, "6": 1, "7": 1, "8": 1, "9": 1}, "fire": {"1": 0, "11": 0, "2": 0, "3": 0, "5": 0, "6": 0, "7": 0, "8": 0, "9": 0}}, "mbti_letter_stats": [{"type": "I", "percentage": "100%", "PercentageFloat": 1}, {"type": "S", "percentage": "100%", "PercentageFloat": 1}, {"type": "F", "percentage": "100%", "PercentageFloat": 1}, {"type": "P", "percentage": "100%", "PercentageFloat": 1}], "topic_info": {"can_generate": true}}