{"id": 1003686, "mbti_profile": "Kenny Drexel", "profile_name_searchable": "Kenny Drexel", "allow_commenting": true, "allow_voting": true, "user_id": 1107273, "contributor": "Korayilda", "contributor_create_date": "2023-01-16 08:07:25", "contributor_pic_path": "https://static1.personality-database.com/user_avatars/1107273/26300d00-1d2f-4b47-934c-44e9bd81b57f_small.jpeg", "display_order": 0, "edit_lock": 0, "edit_lock_picture": 0, "is_active": true, "is_approved": true, "mbti_enneagram_type": "XXXX", "mbti_type": "XXXX", "pdb_comment_access": true, "pdb_page_owner": 0, "pdb_public_access": true, "wiki_description": "", "watch_count": 0, "comment_count": 0, "vote_count": 1, "vote_count_enneagram": 0, "vote_count_mbti": 1, "total_vote_counts": 1, "personality_type": "ENTP", "type_updated_date": "2023-01-16 08:07:48", "enneagram_vote": "", "enneagram_vote_id": 0, "mbti_vote": "", "mbti_vote_id": 0, "is_watching": false, "image_exists": false, "profile_image_url": "https://static1.personality-database.com/profile_images/a014a0e7c55f45ad860327341e6598c6.png", "profile_image_credit": "", "profile_image_credit_id": 486488, "profile_image_credit_type": "0", "profile_image_credit_url": "", "alt_subcategory": "", "related_subcategories": "", "cat_id": 2, "category": "Television", "category_is_fictional": true, "sub_cat_id": 17395, "subcategory": "Ginny and Georgia (2021)", "subcat_link_info": {"sub_cat_id": 17395, "cat_id": 2, "property_id": 2, "subcategory": "Ginny and Georgia (2021)"}, "related_subcat_link_info": null, "related_profiles": [{"id": 278064, "mbti_profile": "Virginia \u201cGinny\u201d Miller", "subcategory": "Ginny and Georgia (2021)", "profile_image_url": "https://static1.personality-database.com/profile_images/591d1c1d22b149c1acd7ad88babb82f4.png", "profile_name": "Virginia \u201cGinny\u201d Miller", "profile_subcat": "Ginny and Georgia (2021)", "sub_cat_id": 17395, "cat_id": 2, "property_id": 2, "mbti": "ISTJ", "enneatype": "4w3"}, {"id": 278065, "mbti_profile": "Georgia Miller", "subcategory": "Ginny and Georgia (2021)", "profile_image_url": "https://static1.personality-database.com/profile_images/6bbe0e451d9748f981e5d19a281c1371.png", "profile_name": "Georgia Miller", "profile_subcat": "Ginny and Georgia (2021)", "sub_cat_id": 17395, "cat_id": 2, "property_id": 2, "mbti": "ESTP", "enneatype": "7w8"}, {"id": 278340, "mbti_profile": "Marcus Baker", "subcategory": "Ginny and Georgia (2021)", "profile_image_url": "https://static1.personality-database.com/profile_images/5090027cd87440ff898adca579e26864.png", "profile_name": "Marcus Baker", "profile_subcat": "Ginny and Georgia (2021)", "sub_cat_id": 17395, "cat_id": 2, "property_id": 2, "mbti": "ISTP", "enneatype": "9w8"}, {"id": 278066, "mbti_profile": "Maxine Baker", "subcategory": "Ginny and Georgia (2021)", "profile_image_url": "https://static1.personality-database.com/profile_images/10a7d94b03524ecdb3ee4af26c43d7ad.png", "profile_name": "Maxine Baker", "profile_subcat": "Ginny and Georgia (2021)", "sub_cat_id": 17395, "cat_id": 2, "property_id": 2, "mbti": "ENFP", "enneatype": "7w6"}, {"id": 280966, "mbti_profile": "Austin Miller", "subcategory": "Ginny and Georgia (2021)", "profile_image_url": "https://static1.personality-database.com/profile_images/7072e8ade94d469ca58383c19f40c4b1.png", "profile_name": "Austin Miller", "profile_subcat": "Ginny and Georgia (2021)", "sub_cat_id": 17395, "cat_id": 2, "property_id": 2, "mbti": "INTP", "enneatype": "5w4"}, {"id": 278947, "mbti_profile": "Abby Littman", "subcategory": "Ginny and Georgia (2021)", "profile_image_url": "https://static1.personality-database.com/profile_images/fbc3001d0ebe4fb493ba114197cdf8aa.png", "profile_name": "Abby Littman", "profile_subcat": "Ginny and Georgia (2021)", "sub_cat_id": 17395, "cat_id": 2, "property_id": 2, "mbti": "ISFP", "enneatype": "6w7"}, {"id": 278934, "mbti_profile": "Joe", "subcategory": "Ginny and Georgia (2021)", "profile_image_url": "https://static1.personality-database.com/profile_images/677beffbc2c542dbb67d29afb04a0389.png", "profile_name": "Joe", "profile_subcat": "Ginny and Georgia (2021)", "sub_cat_id": 17395, "cat_id": 2, "property_id": 2, "mbti": "INFJ", "enneatype": "6w5"}, {"id": 278396, "mbti_profile": "Hunter Chen", "subcategory": "Ginny and Georgia (2021)", "profile_image_url": "https://static1.personality-database.com/profile_images/5a48e8a9b67b485e8bec4599c3375cf5.png", "profile_name": "Hunter Chen", "profile_subcat": "Ginny and Georgia (2021)", "sub_cat_id": 17395, "cat_id": 2, "property_id": 2, "mbti": "ESFJ", "enneatype": "3w2"}], "functions": ["Ne", "Ti", "Fe", "Si"], "systems": [{"hex_color": "#888888", "id": 1, "personality_type": "XXXX", "personality_type_id": 0, "system_name": "Four Letter", "system_vote_count": 1, "user_vote_type_id": 0, "vote_id": 0}, {"hex_color": "#006775", "id": 2, "personality_type": "XXXX", "personality_type_id": 0, "system_name": "Enneagram", "system_vote_count": 0, "user_vote_type_id": 0, "vote_id": 0}, {"hex_color": "#006775", "id": 5, "personality_type": "XXXX", "personality_type_id": 0, "system_name": "Instinctual Variant", "system_vote_count": 0, "user_vote_type_id": 0, "vote_id": 0}, {"hex_color": "#006775", "id": 6, "personality_type": "XXXX", "personality_type_id": 0, "system_name": "Tritype", "system_vote_count": 0, "user_vote_type_id": 0, "vote_id": 0}, {"hex_color": "#888888", "id": 3, "personality_type": "XXXX", "personality_type_id": 0, "system_name": "Socionics", "system_vote_count": 0, "user_vote_type_id": 0, "vote_id": 0}, {"hex_color": "#888888", "id": 9, "personality_type": "XXXX", "personality_type_id": 0, "system_name": "Big 5 (SLOAN)", "system_vote_count": 0, "user_vote_type_id": 0, "vote_id": 0}, {"hex_color": "#888888", "id": 8, "personality_type": "XXXX", "personality_type_id": 0, "system_name": "Attitudinal Psyche", "system_vote_count": 0, "user_vote_type_id": 0, "vote_id": 0}, {"hex_color": "#888888", "id": 7, "personality_type": "XXXX", "personality_type_id": 0, "system_name": "Temperaments", "system_vote_count": 0, "user_vote_type_id": 0, "vote_id": 0}, {"hex_color": "#888888", "id": 11, "personality_type": "XXXX", "personality_type_id": 0, "system_name": "Classic Jungian", "system_vote_count": 0, "user_vote_type_id": 0, "vote_id": 0}], "breakdown_systems": {"1": [{"myValue": "ENTP", "personality_system_id": 1, "personality_type": "ENTP", "theCount": 1}], "11": [{"myValue": "XXXX", "personality_system_id": 0, "personality_type": "XXXX", "theCount": 0}], "2": [{"myValue": "XXXX", "personality_system_id": 0, "personality_type": "XXXX", "theCount": 0}], "3": [{"myValue": "XXXX", "personality_system_id": 0, "personality_type": "XXXX", "theCount": 0}], "5": [{"myValue": "XXXX", "personality_system_id": 0, "personality_type": "XXXX", "theCount": 0}], "6": [{"myValue": "XXXX", "personality_system_id": 0, "personality_type": "XXXX", "theCount": 0}], "7": [{"myValue": "XXXX", "personality_system_id": 0, "personality_type": "XXXX", "theCount": 0}], "8": [{"myValue": "XXXX", "personality_system_id": 0, "personality_type": "XXXX", "theCount": 0}], "9": [{"myValue": "XXXX", "personality_system_id": 0, "personality_type": "XXXX", "theCount": 0}]}, "breakdown_config": {"expand": {"1": 3, "11": 1, "2": 3, "3": 1, "5": 1, "6": 1, "7": 1, "8": 1, "9": 1}, "fire": {"1": 0, "11": 0, "2": 0, "3": 0, "5": 0, "6": 0, "7": 0, "8": 0, "9": 0}}, "mbti_letter_stats": [{"type": "E", "percentage": "100%", "PercentageFloat": 1}, {"type": "N", "percentage": "100%", "PercentageFloat": 1}, {"type": "T", "percentage": "100%", "PercentageFloat": 1}, {"type": "P", "percentage": "100%", "PercentageFloat": 1}], "topic_info": {"can_generate": true}}