{"id": 1003189, "mbti_profile": "Nozuki Kiyo", "profile_name_searchable": "NozukiKiyo", "allow_commenting": true, "allow_voting": true, "user_id": 277433, "contributor": "nahyul", "contributor_create_date": "2023-01-16 06:11:30", "contributor_pic_path": "https://static1.personality-database.com/user_avatars/277433/edd4562e-918b-40cd-ac1f-e842696f4e27.jpeg", "display_order": 1000, "edit_lock": 0, "edit_lock_picture": 0, "is_active": true, "is_approved": true, "mbti_enneagram_type": "", "mbti_type": "", "pdb_comment_access": true, "pdb_page_owner": 0, "pdb_public_access": true, "wiki_description": "", "watch_count": 0, "comment_count": 0, "vote_count": 0, "vote_count_enneagram": 0, "vote_count_mbti": 0, "total_vote_counts": 0, "personality_type": "", "type_updated_date": "2023-01-16 06:11:30", "enneagram_vote": "", "enneagram_vote_id": 0, "mbti_vote": "", "mbti_vote_id": 0, "is_watching": false, "image_exists": false, "profile_image_url": "", "profile_image_credit": "", "profile_image_credit_id": 0, "profile_image_credit_type": "0", "profile_image_credit_url": "", "alt_subcategory": "", "related_subcategories": "", "cat_id": 2, "category": "Television", "category_is_fictional": true, "sub_cat_id": 36231, "subcategory": "The Makanai: Cooking for the Maiko House (2023)", "subcat_link_info": {"sub_cat_id": 36231, "cat_id": 2, "property_id": 2, "subcategory": "The Makanai: Cooking for the Maiko House (2023)"}, "related_subcat_link_info": null, "related_profiles": [{"id": 1003190, "mbti_profile": "Herai Sumire", "subcategory": "The Makanai: Cooking for the Maiko House (2023)", "profile_image_url": "", "profile_name": "Herai Sumire", "profile_subcat": "The Makanai: Cooking for the Maiko House (2023)", "sub_cat_id": 36231, "cat_id": 2, "property_id": 2, "mbti": "", "enneatype": ""}, {"id": 1003191, "mbti_profile": "Ryoko", "subcategory": "The Makanai: Cooking for the Maiko House (2023)", "profile_image_url": "", "profile_name": "Ryoko", "profile_subcat": "The Makanai: Cooking for the Maiko House (2023)", "sub_cat_id": 36231, "cat_id": 2, "property_id": 2, "mbti": "", "enneatype": ""}, {"id": 1003192, "mbti_profile": "Momoko", "subcategory": "The Makanai: Cooking for the Maiko House (2023)", "profile_image_url": "", "profile_name": "Momoko", "profile_subcat": "The Makanai: Cooking for the Maiko House (2023)", "sub_cat_id": 36231, "cat_id": 2, "property_id": 2, "mbti": "", "enneatype": ""}, {"id": 1003193, "mbti_profile": "Yoshino", "subcategory": "The Makanai: Cooking for the Maiko House (2023)", "profile_image_url": "", "profile_name": "Yoshino", "profile_subcat": "The Makanai: Cooking for the Maiko House (2023)", "sub_cat_id": 36231, "cat_id": 2, "property_id": 2, "mbti": "", "enneatype": ""}, {"id": 1003202, "mbti_profile": "Nakawatari Kenta", "subcategory": "The Makanai: Cooking for the Maiko House (2023)", "profile_image_url": "", "profile_name": "Nakawatari Kenta", "profile_subcat": "The Makanai: Cooking for the Maiko House (2023)", "sub_cat_id": 36231, "cat_id": 2, "property_id": 2, "mbti": "", "enneatype": ""}], "functions": ["?", "?", "?", "?"], "systems": [{"hex_color": "#888888", "id": 1, "personality_type": "XXXX", "personality_type_id": 0, "system_name": "Four Letter", "system_vote_count": 0, "user_vote_type_id": 0, "vote_id": 0}, {"hex_color": "#006775", "id": 2, "personality_type": "XXXX", "personality_type_id": 0, "system_name": "Enneagram", "system_vote_count": 0, "user_vote_type_id": 0, "vote_id": 0}, {"hex_color": "#006775", "id": 5, "personality_type": "XXXX", "personality_type_id": 0, "system_name": "Instinctual Variant", "system_vote_count": 0, "user_vote_type_id": 0, "vote_id": 0}, {"hex_color": "#006775", "id": 6, "personality_type": "XXXX", "personality_type_id": 0, "system_name": "Tritype", "system_vote_count": 0, "user_vote_type_id": 0, "vote_id": 0}, {"hex_color": "#888888", "id": 3, "personality_type": "XXXX", "personality_type_id": 0, "system_name": "Socionics", "system_vote_count": 0, "user_vote_type_id": 0, "vote_id": 0}, {"hex_color": "#888888", "id": 9, "personality_type": "XXXX", "personality_type_id": 0, "system_name": "Big 5 (SLOAN)", "system_vote_count": 0, "user_vote_type_id": 0, "vote_id": 0}, {"hex_color": "#888888", "id": 8, "personality_type": "XXXX", "personality_type_id": 0, "system_name": "Attitudinal Psyche", "system_vote_count": 0, "user_vote_type_id": 0, "vote_id": 0}, {"hex_color": "#888888", "id": 7, "personality_type": "XXXX", "personality_type_id": 0, "system_name": "Temperaments", "system_vote_count": 0, "user_vote_type_id": 0, "vote_id": 0}, {"hex_color": "#888888", "id": 11, "personality_type": "XXXX", "personality_type_id": 0, "system_name": "Classic Jungian", "system_vote_count": 0, "user_vote_type_id": 0, "vote_id": 0}], "breakdown_systems": {"1": [{"myValue": "XXXX", "personality_system_id": 0, "personality_type": "XXXX", "theCount": 0}], "11": [{"myValue": "XXXX", "personality_system_id": 0, "personality_type": "XXXX", "theCount": 0}], "2": [{"myValue": "XXXX", "personality_system_id": 0, "personality_type": "XXXX", "theCount": 0}], "3": [{"myValue": "XXXX", "personality_system_id": 0, "personality_type": "XXXX", "theCount": 0}], "5": [{"myValue": "XXXX", "personality_system_id": 0, "personality_type": "XXXX", "theCount": 0}], "6": [{"myValue": "XXXX", "personality_system_id": 0, "personality_type": "XXXX", "theCount": 0}], "7": [{"myValue": "XXXX", "personality_system_id": 0, "personality_type": "XXXX", "theCount": 0}], "8": [{"myValue": "XXXX", "personality_system_id": 0, "personality_type": "XXXX", "theCount": 0}], "9": [{"myValue": "XXXX", "personality_system_id": 0, "personality_type": "XXXX", "theCount": 0}]}, "breakdown_config": {"expand": {"1": 3, "11": 1, "2": 3, "3": 1, "5": 1, "6": 1, "7": 1, "8": 1, "9": 1}, "fire": {"1": 0, "11": 0, "2": 0, "3": 0, "5": 0, "6": 0, "7": 0, "8": 0, "9": 0}}, "mbti_letter_stats": [], "topic_info": {"can_generate": true}}