{"id": 102043, "mbti_profile": "Park Sae-Ro-Yi", "profile_name_searchable": "parksaeroyi", "allow_commenting": true, "allow_voting": true, "user_id": 14311, "contributor": "Agave Wales", "contributor_create_date": "2020-02-27 23:32:25", "contributor_pic_path": "https://lh3.googleusercontent.com/a-/AOh14GjdgFNTR6TG5ptwTF_LVUibb3tBn9_7SZeOKLHE=s96-c", "display_order": 1000, "edit_lock": 0, "edit_lock_picture": 0, "is_active": true, "is_approved": true, "mbti_enneagram_type": "INFJ 1w2", "mbti_type": "INFJ 1w2", "pdb_comment_access": true, "pdb_page_owner": 0, "pdb_public_access": true, "wiki_description": "", "watch_count": 364, "comment_count": 251, "vote_count": 487, "vote_count_enneagram": 134, "vote_count_mbti": 487, "total_vote_counts": 720, "personality_type": "INFJ - 1w2 - so/sp - 162 - ESI - RLOAI - VFEL - Phlegmatic-Melancholic - IS(F)", "type_updated_date": "2022-11-15 13:34:47", "enneagram_vote": "", "enneagram_vote_id": 0, "mbti_vote": "", "mbti_vote_id": 0, "is_watching": false, "image_exists": false, "profile_image_url": "https://static1.personality-database.com/profile_images/4b5728a0518e40a7abb41e1e6c3b6f50.png", "profile_image_credit": "", "profile_image_credit_id": 42487, "profile_image_credit_type": "0", "profile_image_credit_url": "", "alt_subcategory": "", "related_subcategories": "", "cat_id": 2, "category": "Television", "category_is_fictional": true, "sub_cat_id": 7696, "subcategory": "Itaewon Class", "subcat_link_info": {"sub_cat_id": 7696, "cat_id": 2, "property_id": 2, "subcategory": "Itaewon Class"}, "related_subcat_link_info": null, "related_profiles": [{"id": 102044, "mbti_profile": "Jo Yi Seo", "subcategory": "Itaewon Class", "profile_image_url": "https://static1.personality-database.com/profile_images/36cc364da7eb4b248a082563d9743085.png", "profile_name": "Jo Yi Seo", "profile_subcat": "Itaewon Class", "sub_cat_id": 7696, "cat_id": 2, "property_id": 2, "mbti": "ENTJ", "enneatype": "8w7"}, {"id": 102045, "mbti_profile": "Jang Geun-Soo", "subcategory": "Itaewon Class", "profile_image_url": "https://static1.personality-database.com/profile_images/691ea52e3d69439eabdc63cc7b0a2cde.png", "profile_name": "Jang Geun-Soo", "profile_subcat": "Itaewon Class", "sub_cat_id": 7696, "cat_id": 2, "property_id": 2, "mbti": "INFP", "enneatype": "9w1"}, {"id": 102046, "mbti_profile": "Oh Soo-Ah", "subcategory": "Itaewon Class", "profile_image_url": "https://static1.personality-database.com/profile_images/1b085de68d1542dbac8438f5e882932e.png", "profile_name": "Oh Soo-Ah", "profile_subcat": "Itaewon Class", "sub_cat_id": 7696, "cat_id": 2, "property_id": 2, "mbti": "ISTJ", "enneatype": "6w5"}, {"id": 102052, "mbti_profile": "Jang Geun-Won", "subcategory": "Itaewon Class", "profile_image_url": "https://static1.personality-database.com/profile_images/37511bb47add4f3c98437b6ffa91653f.png", "profile_name": "Jang Geun-Won", "profile_subcat": "Itaewon Class", "sub_cat_id": 7696, "cat_id": 2, "property_id": 2, "mbti": "ESFP", "enneatype": "6w7"}, {"id": 112513, "mbti_profile": "Lee Ho-Jin", "subcategory": "Itaewon Class", "profile_image_url": "https://static1.personality-database.com/profile_images/ea4eaf63e2084e5dbb6360513a8687f3.png", "profile_name": "Lee Ho-Jin", "profile_subcat": "Itaewon Class", "sub_cat_id": 7696, "cat_id": 2, "property_id": 2, "mbti": "INTJ", "enneatype": "5w6"}, {"id": 102051, "mbti_profile": "Jang Dae-Hee", "subcategory": "Itaewon Class", "profile_image_url": "https://static1.personality-database.com/profile_images/31c5a8949c8c4bb6a33a39f51e9a48e4.png", "profile_name": "Jang Dae-Hee", "profile_subcat": "Itaewon Class", "sub_cat_id": 7696, "cat_id": 2, "property_id": 2, "mbti": "ENTJ", "enneatype": "8w9"}, {"id": 102049, "mbti_profile": "Ma Hyun Yi", "subcategory": "Itaewon Class", "profile_image_url": "https://static1.personality-database.com/profile_images/1625f0076fcc414badd7c3f51712a0b7.png", "profile_name": "Ma Hyun Yi", "profile_subcat": "Itaewon Class", "sub_cat_id": 7696, "cat_id": 2, "property_id": 2, "mbti": "INFJ", "enneatype": "9w1"}, {"id": 102048, "mbti_profile": "Choi Seung-Kwon", "subcategory": "Itaewon Class", "profile_image_url": "https://static1.personality-database.com/profile_images/1c3b7a87d3f74116b62ae768a2655b90.png", "profile_name": "Choi Seung-Kwon", "profile_subcat": "Itaewon Class", "sub_cat_id": 7696, "cat_id": 2, "property_id": 2, "mbti": "ESTP", "enneatype": "6w7"}], "functions": ["Ni", "Fe", "Ti", "Se"], "systems": [{"hex_color": "#888888", "id": 1, "personality_type": "XXXX", "personality_type_id": 0, "system_name": "Four Letter", "system_vote_count": 476, "user_vote_type_id": 0, "vote_id": 0}, {"hex_color": "#006775", "id": 2, "personality_type": "XXXX", "personality_type_id": 0, "system_name": "Enneagram", "system_vote_count": 132, "user_vote_type_id": 0, "vote_id": 0}, {"hex_color": "#006775", "id": 5, "personality_type": "XXXX", "personality_type_id": 0, "system_name": "Instinctual Variant", "system_vote_count": 25, "user_vote_type_id": 0, "vote_id": 0}, {"hex_color": "#006775", "id": 6, "personality_type": "XXXX", "personality_type_id": 0, "system_name": "Tritype", "system_vote_count": 21, "user_vote_type_id": 0, "vote_id": 0}, {"hex_color": "#888888", "id": 3, "personality_type": "XXXX", "personality_type_id": 0, "system_name": "Socionics", "system_vote_count": 19, "user_vote_type_id": 0, "vote_id": 0}, {"hex_color": "#888888", "id": 9, "personality_type": "XXXX", "personality_type_id": 0, "system_name": "Big 5 (SLOAN)", "system_vote_count": 12, "user_vote_type_id": 0, "vote_id": 0}, {"hex_color": "#888888", "id": 8, "personality_type": "XXXX", "personality_type_id": 0, "system_name": "Attitudinal Psyche", "system_vote_count": 9, "user_vote_type_id": 0, "vote_id": 0}, {"hex_color": "#888888", "id": 7, "personality_type": "XXXX", "personality_type_id": 0, "system_name": "Temperaments", "system_vote_count": 19, "user_vote_type_id": 0, "vote_id": 0}, {"hex_color": "#888888", "id": 11, "personality_type": "XXXX", "personality_type_id": 0, "system_name": "Classic Jungian", "system_vote_count": 0, "user_vote_type_id": 0, "vote_id": 0}], "breakdown_systems": {"1": [{"myValue": "INFJ", "personality_system_id": 1, "personality_type": "INFJ", "theCount": 220}, {"myValue": "ISFP", "personality_system_id": 1, "personality_type": "ISFP", "theCount": 216}, {"myValue": "INTJ", "personality_system_id": 1, "personality_type": "INTJ", "theCount": 18}, {"myValue": "INFP", "personality_system_id": 1, "personality_type": "INFP", "theCount": 6}, {"myValue": "ISTP", "personality_system_id": 1, "personality_type": "ISTP", "theCount": 6}, {"myValue": "ISTJ", "personality_system_id": 1, "personality_type": "ISTJ", "theCount": 5}, {"myValue": "ENTJ", "personality_system_id": 1, "personality_type": "ENTJ", "theCount": 2}, {"myValue": "ISFJ", "personality_system_id": 1, "personality_type": "ISFJ", "theCount": 2}, {"myValue": "ESFP", "personality_system_id": 1, "personality_type": "ESFP", "theCount": 1}], "11": [{"myValue": "XXXX", "personality_system_id": 0, "personality_type": "XXXX", "theCount": 0}], "2": [{"myValue": "1w2", "personality_system_id": 2, "personality_type": "1w2", "theCount": 113}, {"myValue": "1w9", "personality_system_id": 2, "personality_type": "1w9", "theCount": 8}, {"myValue": "8w9", "personality_system_id": 2, "personality_type": "8w9", "theCount": 7}, {"myValue": "9w8", "personality_system_id": 2, "personality_type": "9w8", "theCount": 3}, {"myValue": "6w5", "personality_system_id": 2, "personality_type": "6w5", "theCount": 1}], "3": [{"myValue": "ESI", "personality_system_id": 3, "personality_type": "ESI", "theCount": 17}, {"myValue": "EII", "personality_system_id": 3, "personality_type": "EII", "theCount": 2}], "4": [{"myValue": "Lawful Good", "personality_system_id": 4, "personality_type": "Lawful Good", "theCount": 5}, {"myValue": "Chaotic Neutral", "personality_system_id": 4, "personality_type": "Chaotic Neutral", "theCount": 1}, {"myValue": "Neutral Good", "personality_system_id": 4, "personality_type": "Neutral Good", "theCount": 1}], "5": [{"myValue": "so/sp", "personality_system_id": 5, "personality_type": "so/sp", "theCount": 12}, {"myValue": "sx/so", "personality_system_id": 5, "personality_type": "sx/so", "theCount": 8}, {"myValue": "sp/sx", "personality_system_id": 5, "personality_type": "sp/sx", "theCount": 3}, {"myValue": "sp/so", "personality_system_id": 5, "personality_type": "sp/so", "theCount": 2}], "6": [{"myValue": "162", "personality_system_id": 6, "personality_type": "162", "theCount": 12}, {"myValue": "164", "personality_system_id": 6, "personality_type": "164", "theCount": 3}, {"myValue": "163", "personality_system_id": 6, "personality_type": "163", "theCount": 2}, {"myValue": "125", "personality_system_id": 6, "personality_type": "125", "theCount": 1}, {"myValue": "126", "personality_system_id": 6, "personality_type": "126", "theCount": 1}, {"myValue": "216", "personality_system_id": 6, "personality_type": "216", "theCount": 1}, {"myValue": "973", "personality_system_id": 6, "personality_type": "973", "theCount": 1}], "7": [{"myValue": "Phlegmatic-Melancholic", "personality_system_id": 7, "personality_type": "Phlegmatic-Melancholic", "theCount": 12}, {"myValue": "Melancholic-Phlegmatic", "personality_system_id": 7, "personality_type": "Melancholic-Phlegmatic", "theCount": 3}, {"myValue": "Phlegmatic [Dominant]", "personality_system_id": 7, "personality_type": "Phlegmatic [Dominant]", "theCount": 2}, {"myValue": "Choleric-Melancholic", "personality_system_id": 7, "personality_type": "Choleric-Melancholic", "theCount": 1}, {"myValue": "Melancholic-Choleric", "personality_system_id": 7, "personality_type": "Melancholic-Choleric", "theCount": 1}], "8": [{"myValue": "VFEL", "personality_system_id": 8, "personality_type": "VFEL", "theCount": 5}, {"myValue": "EVLF", "personality_system_id": 8, "personality_type": "EVLF", "theCount": 2}, {"myValue": "FVLE", "personality_system_id": 8, "personality_type": "FVLE", "theCount": 1}, {"myValue": "LVFE", "personality_system_id": 8, "personality_type": "LVFE", "theCount": 1}], "9": [{"myValue": "RLOAI", "personality_system_id": 9, "personality_type": "RLOAI", "theCount": 10}, {"myValue": "RCOAN", "personality_system_id": 9, "personality_type": "RCOAN", "theCount": 1}, {"myValue": "RLOEN", "personality_system_id": 9, "personality_type": "RLOEN", "theCount": 1}]}, "breakdown_config": {"expand": {"1": 3, "11": 1, "2": 3, "3": 1, "4": 1, "5": 2, "6": 1, "7": 1, "8": 1, "9": 1}, "fire": {"1": 1, "11": 0, "2": 0, "3": 0, "4": 0, "5": 1, "6": 0, "7": 0, "8": 0, "9": 0}}, "mbti_letter_stats": [{"type": "I", "percentage": "99%", "PercentageFloat": 0.9936974789915967}, {"type": "N", "percentage": "52%", "PercentageFloat": 0.5168067226890757}, {"type": "F", "percentage": "93%", "PercentageFloat": 0.9348739495798319}, {"type": "J", "percentage": "52%", "PercentageFloat": 0.5189075630252101}], "topic_info": {"can_generate": false, "topic": {"description": "", "follow_count": 0, "id": 81420, "is_following": false, "is_join_pending": false, "is_banned": false, "is_moderated": false, "name_readable": "Park Sae-Ro-Yi", "post_count": 3, "source_profile_id": 102043, "source_type": "profile", "join_to_post": false, "can_pin": false, "related_topics": [{"description": "", "follow_count": 0, "id": 81420, "is_following": false, "is_join_pending": false, "is_banned": false, "is_moderated": false, "name_readable": "Park Sae-Ro-Yi", "post_count": 3, "source_profile_id": 102043, "source_type": "profile", "image": {"picURL": "https://static1.personality-database.com/profile_images/4b5728a0518e40a7abb41e1e6c3b6f50.png"}, "join_to_post": false, "can_pin": false}, {"description": "", "follow_count": 0, "id": 81423, "is_following": false, "is_join_pending": false, "is_banned": false, "is_moderated": false, "name_readable": "Oh Soo-Ah", "post_count": 1, "source_profile_id": 102046, "source_type": "profile", "image": {"picURL": "https://static1.personality-database.com/profile_images/1b085de68d1542dbac8438f5e882932e.png"}, "join_to_post": false, "can_pin": false}, {"description": "", "follow_count": 1, "id": 89373, "is_following": false, "is_join_pending": false, "is_banned": false, "is_moderated": false, "name_readable": "Lee Ho-Jin", "post_count": 1, "source_profile_id": 112513, "source_type": "profile", "image": {"picURL": "https://static1.personality-database.com/profile_images/ea4eaf63e2084e5dbb6360513a8687f3.png"}, "join_to_post": false, "can_pin": false}, {"description": "", "follow_count": 0, "id": 81421, "is_following": false, "is_join_pending": false, "is_banned": false, "is_moderated": false, "name_readable": "Jo Yi Seo", "post_count": 0, "source_profile_id": 102044, "source_type": "profile", "image": {"picURL": "https://static1.personality-database.com/profile_images/36cc364da7eb4b248a082563d9743085.png"}, "join_to_post": false, "can_pin": false}, {"description": "", "follow_count": 0, "id": 81422, "is_following": false, "is_join_pending": false, "is_banned": false, "is_moderated": false, "name_readable": "Jang Geun-Soo", "post_count": 0, "source_profile_id": 102045, "source_type": "profile", "image": {"picURL": "https://static1.personality-database.com/profile_images/691ea52e3d69439eabdc63cc7b0a2cde.png"}, "join_to_post": false, "can_pin": false}, {"description": "", "follow_count": 0, "id": 81424, "is_following": false, "is_join_pending": false, "is_banned": false, "is_moderated": false, "name_readable": "Choi Seung-Kwon", "post_count": 0, "source_profile_id": 102048, "source_type": "profile", "image": {"picURL": "https://static1.personality-database.com/profile_images/1c3b7a87d3f74116b62ae768a2655b90.png"}, "join_to_post": false, "can_pin": false}, {"description": "Portrayed by #LeeJooYoung.", "follow_count": 0, "id": 81425, "is_following": false, "is_join_pending": false, "is_banned": false, "is_moderated": false, "name_readable": "Ma Hyun Yi", "post_count": 0, "source_profile_id": 102049, "source_type": "profile", "image": {"picURL": "https://static1.personality-database.com/profile_images/1625f0076fcc414badd7c3f51712a0b7.png"}, "join_to_post": false, "can_pin": false}, {"description": "", "follow_count": 0, "id": 81426, "is_following": false, "is_join_pending": false, "is_banned": false, "is_moderated": false, "name_readable": "Tony Kim", "post_count": 0, "source_profile_id": 102050, "source_type": "profile", "image": {"picURL": "https://static1.personality-database.com/profile_images/7f293b8136014f1986cb71f1228c09a7.png"}, "join_to_post": false, "can_pin": false}, {"description": "", "follow_count": 0, "id": 81427, "is_following": false, "is_join_pending": false, "is_banned": false, "is_moderated": false, "name_readable": "Jang Dae-Hee", "post_count": 0, "source_profile_id": 102051, "source_type": "profile", "image": {"picURL": "https://static1.personality-database.com/profile_images/31c5a8949c8c4bb6a33a39f51e9a48e4.png"}, "join_to_post": false, "can_pin": false}, {"description": "", "follow_count": 0, "id": 81428, "is_following": false, "is_join_pending": false, "is_banned": false, "is_moderated": false, "name_readable": "Jang Geun-Won", "post_count": 0, "source_profile_id": 102052, "source_type": "profile", "image": {"picURL": "https://static1.personality-database.com/profile_images/37511bb47add4f3c98437b6ffa91653f.png"}, "join_to_post": false, "can_pin": false}, {"description": "", "follow_count": 0, "id": 111745, "is_following": false, "is_join_pending": false, "is_banned": false, "is_moderated": false, "name_readable": "Kang Min-jung", "post_count": 0, "source_profile_id": 144357, "source_type": "profile", "image": {"picURL": "https://static1.personality-database.com/profile_images/46dcac9ffa7f49ca9b5b8cf290e6e788.png"}, "join_to_post": false, "can_pin": false}, {"description": "Park Saeroyi's father and employee of Jangga.", "follow_count": 0, "id": 258257, "is_following": false, "is_join_pending": false, "is_banned": false, "is_moderated": false, "name_readable": "Park Sung Yeol", "post_count": 0, "source_profile_id": 335448, "source_type": "profile", "image": {"picURL": "https://static1.personality-database.com/profile_images/918a038621ba408bbaea4c6f0e7ca9a7.png"}, "join_to_post": false, "can_pin": false}, {"description": "CEO Jang Dae-hee's assistant & chauffeur in Itaewon Class. Played by Hong Seo-joon.", "follow_count": 0, "id": 346281, "is_following": false, "is_join_pending": false, "is_banned": false, "is_moderated": false, "name_readable": "Mr. Kim", "post_count": 0, "source_profile_id": 439570, "source_type": "profile", "image": {"picURL": "https://static1.personality-database.com/profile_images/69e896e7dbf946eb9081368fc77f6c19.png"}, "join_to_post": false, "can_pin": false}], "subcategory": "Itaewon Class", "topic_image_url": "https://static1.personality-database.com/profile_images/4b5728a0518e40a7abb41e1e6c3b6f50.png", "source_location": {"cid": 2, "pid": 2, "sub_cat_id": 7696}, "can_post_image": false, "can_post_audio": false, "posts": {"posts": [{"username": "kobedws", "user_pic_path": "", "user_personality_type": "INTJ", "is_mod": false, "comment_count": 0, "reply_count": 0, "vote_type": 0, "topics_list": [{"id": 81420, "name_readable": "Park Sae-Ro-Yi"}], "id": 1944689, "post_id": 1944689, "user_id": 786562, "title": "", "content": "I think he\u2019s INFJ but ISFP votes are definitely understandable, especially at the beginning of the show with his early years.", "create_date": 1671117309000, "unix_timestamp": 1671117309000, "update_date": 1671117309000, "vote_count": 0, "vote_count_down": 0, "is_reported": 0, "is_hidden": false, "is_pinned": false, "is_watching": false, "is_pro_user": false, "images": null, "audios": null, "function_list": [], "type": "post"}, {"username": "jozenin", "user_pic_path": "https://lh3.googleusercontent.com/a-/AOh14GiVO8w2MfwJ5VFb7A51vtaEOgLYsyr8_2rfczEUEA=s96-c", "user_personality_type": "ENTP-8w7", "is_mod": false, "comment_count": 2, "reply_count": 2, "vote_type": 0, "topics_list": [{"id": 81420, "name_readable": "Park Sae-Ro-Yi"}], "id": 756383, "post_id": 756383, "user_id": 254580, "title": "", "content": "BRUUUHH \u0130SFP???", "create_date": 1653333768000, "unix_timestamp": 1653333768000, "update_date": 1653333768000, "vote_count": 5, "vote_count_down": 0, "is_reported": 0, "is_hidden": false, "is_pinned": false, "is_watching": false, "is_pro_user": false, "images": null, "audios": null, "function_list": [], "type": "post"}, {"username": "night", "user_pic_path": "https://lh3.googleusercontent.com/a-/AFdZucryP_wMYvX3EShMUQlx_sBa3tCjdzLQiqtb2IboPA=s96-c", "user_personality_type": "", "is_mod": false, "comment_count": 0, "reply_count": 0, "vote_type": 0, "topics_list": [{"id": 81420, "name_readable": "Park Sae-Ro-Yi"}], "id": 653789, "post_id": 653789, "user_id": 404819, "title": "", "content": "\ub0b4 \uacc4\ud68d\uc740 15\ub144\uc9dc\ub9ac\ub2c8\uae4c", "create_date": 1649833466000, "unix_timestamp": 1649833466000, "update_date": 1649833466000, "vote_count": 1, "vote_count_down": 0, "is_reported": 1, "is_hidden": false, "is_pinned": false, "is_watching": false, "is_pro_user": false, "images": null, "audios": null, "function_list": [], "type": "post"}]}}}}