{"id": 10399, "mbti_profile": "Lucifer\u00a0Morningstar", "profile_name_searchable": "lucifer\u00a0morningstar", "allow_commenting": true, "allow_voting": true, "user_id": 3368, "contributor": "Carriedo", "contributor_create_date": "2018-02-26 00:47:25", "contributor_pic_path": "https://lh3.googleusercontent.com/a-/AOh14GgFYgn8YjkXw7k2JHBZN4AGJ94G85wrAqgW4twnLw=s96-c", "display_order": 1000, "edit_lock": 0, "edit_lock_picture": 0, "is_active": true, "is_approved": true, "mbti_enneagram_type": "ENTP 7w8", "mbti_type": "ENTP 7w8", "pdb_comment_access": true, "pdb_page_owner": 0, "pdb_public_access": true, "wiki_description": "Lucifer Morningstar, created as Samael and also known as the Lightbringer, is the titular protagonist of the TV Series, Lucifer. He is an Archangel and the younger identical twin brother of Michael. Following a failed rebellion against his Father, Lucifer was banished from Heaven and forced to oversee the torture of damned Human souls for eons as the Ruler of Hell. During his time as the King of Hell, Lucifer tempted Eve in the Garden of Eden, leading to Eve and her husband Adam being banished to live on Earth for the rest of their lives. After some visits to Earth, He would reunite with his old friend, Lilith in 1946 to help her find her ring. Lucifer was ultimately gifted the ring, along with Lilith's Immortality. Widely known as the Devil or Satan by Humans, Lucifer is blamed for the sins of mankind.", "watch_count": 1767, "comment_count": 1697, "vote_count": 5007, "vote_count_enneagram": 1093, "vote_count_mbti": 5007, "total_vote_counts": 5033, "personality_type": "ENTP - 7w8 - sx/so - 738 - SEE - SLUEI - FVEL - Sanguine-Choleric - ES(F)", "type_updated_date": "2023-01-06 10:17:01", "enneagram_vote": "", "enneagram_vote_id": 0, "mbti_vote": "", "mbti_vote_id": 0, "is_watching": false, "image_exists": false, "profile_image_url": "https://static1.personality-database.com/profile_images/6ad735d7232c4c55b1b67b21d1eaad08.png", "profile_image_credit": "", "profile_image_credit_id": 478377, "profile_image_credit_type": "0", "profile_image_credit_url": "", "alt_subcategory": "", "related_subcategories": "", "cat_id": 2, "category": "Television", "category_is_fictional": true, "sub_cat_id": 1384, "subcategory": "Lucifer (2016)", "subcat_link_info": {"sub_cat_id": 1384, "cat_id": 2, "property_id": 2, "subcategory": "Lucifer (2016)"}, "related_subcat_link_info": null, "related_profiles": [{"id": 22143, "mbti_profile": "Ella Lopez", "subcategory": "Lucifer (2016)", "profile_image_url": "https://static1.personality-database.com/profile_images/aa8d5740813b477786cc4651f34f189e.png", "profile_name": "Ella Lopez", "profile_subcat": "Lucifer (2016)", "sub_cat_id": 1384, "cat_id": 2, "property_id": 2, "mbti": "ENFP", "enneatype": "7w6"}, {"id": 12387, "mbti_profile": "Mazikeen \u201cMaze\u201d of Lilim", "subcategory": "Lucifer (2016)", "profile_image_url": "https://static1.personality-database.com/profile_images/f5a4888d148a4de691cd168eff9707e5.png", "profile_name": "Mazikeen \u201cMaze\u201d of Lilim", "profile_subcat": "Lucifer (2016)", "sub_cat_id": 1384, "cat_id": 2, "property_id": 2, "mbti": "ESTP", "enneatype": "8w7"}, {"id": 35675, "mbti_profile": "Eve", "subcategory": "Lucifer (2016)", "profile_image_url": "https://static1.personality-database.com/profile_images/4f06b0bafa2b4252a05afff80a6e90d9.png", "profile_name": "Eve", "profile_subcat": "Lucifer (2016)", "sub_cat_id": 1384, "cat_id": 2, "property_id": 2, "mbti": "ENFJ", "enneatype": "2w3"}, {"id": 12386, "mbti_profile": "Chloe Decker", "subcategory": "Lucifer (2016)", "profile_image_url": "https://static1.personality-database.com/profile_images/a415277c4d974920b3912f2b8f6cf802.png", "profile_name": "Chloe Decker", "profile_subcat": "Lucifer (2016)", "sub_cat_id": 1384, "cat_id": 2, "property_id": 2, "mbti": "ISTJ", "enneatype": "1w9"}, {"id": 12388, "mbti_profile": "Amenadiel", "subcategory": "Lucifer (2016)", "profile_image_url": "https://static1.personality-database.com/profile_images/256ca1b8f88c45f2976df4df6e350947.png", "profile_name": "Amenadiel", "profile_subcat": "Lucifer (2016)", "sub_cat_id": 1384, "cat_id": 2, "property_id": 2, "mbti": "ISFJ", "enneatype": "1w9"}, {"id": 22141, "mbti_profile": "Daniel \u201cDan\u201d Espinoza", "subcategory": "Lucifer (2016)", "profile_image_url": "https://static1.personality-database.com/profile_images/d5781cb60cb14b3991d423a3e43f5f94.png", "profile_name": "Daniel \u201cDan\u201d Espinoza", "profile_subcat": "Lucifer (2016)", "sub_cat_id": 1384, "cat_id": 2, "property_id": 2, "mbti": "ESFJ", "enneatype": "6w5"}, {"id": 314541, "mbti_profile": "Aurora \u201cRory\u201d Decker-Morningstar", "subcategory": "Lucifer (2016)", "profile_image_url": "https://static1.personality-database.com/profile_images/e4a09da0a316425db8f26ed15b35471d.png", "profile_name": "Aurora \u201cRory\u201d Decker-Morningstar", "profile_subcat": "Lucifer (2016)", "sub_cat_id": 1384, "cat_id": 2, "property_id": 2, "mbti": "ISFP", "enneatype": "6w7"}, {"id": 161690, "mbti_profile": "Michael Demiurgos", "subcategory": "Lucifer (2016)", "profile_image_url": "https://static1.personality-database.com/profile_images/140def276dc44ca8a5de2f757205486e.png", "profile_name": "Michael Demiurgos", "profile_subcat": "Lucifer (2016)", "sub_cat_id": 1384, "cat_id": 2, "property_id": 2, "mbti": "ENTJ", "enneatype": "3w4"}], "functions": ["Se", "Ti", "Fe", "Ni"], "systems": [{"hex_color": "#888888", "id": 1, "personality_type": "XXXX", "personality_type_id": 0, "system_name": "Four Letter", "system_vote_count": 2802, "user_vote_type_id": 0, "vote_id": 0}, {"hex_color": "#006775", "id": 2, "personality_type": "XXXX", "personality_type_id": 0, "system_name": "Enneagram", "system_vote_count": 1057, "user_vote_type_id": 0, "vote_id": 0}, {"hex_color": "#006775", "id": 5, "personality_type": "XXXX", "personality_type_id": 0, "system_name": "Instinctual Variant", "system_vote_count": 282, "user_vote_type_id": 0, "vote_id": 0}, {"hex_color": "#006775", "id": 6, "personality_type": "XXXX", "personality_type_id": 0, "system_name": "Tritype", "system_vote_count": 240, "user_vote_type_id": 0, "vote_id": 0}, {"hex_color": "#888888", "id": 3, "personality_type": "XXXX", "personality_type_id": 0, "system_name": "Socionics", "system_vote_count": 125, "user_vote_type_id": 0, "vote_id": 0}, {"hex_color": "#888888", "id": 9, "personality_type": "XXXX", "personality_type_id": 0, "system_name": "Big 5 (SLOAN)", "system_vote_count": 116, "user_vote_type_id": 0, "vote_id": 0}, {"hex_color": "#888888", "id": 8, "personality_type": "XXXX", "personality_type_id": 0, "system_name": "Attitudinal Psyche", "system_vote_count": 74, "user_vote_type_id": 0, "vote_id": 0}, {"hex_color": "#888888", "id": 7, "personality_type": "XXXX", "personality_type_id": 0, "system_name": "Temperaments", "system_vote_count": 247, "user_vote_type_id": 0, "vote_id": 0}, {"hex_color": "#888888", "id": 11, "personality_type": "XXXX", "personality_type_id": 0, "system_name": "Classic Jungian", "system_vote_count": 29, "user_vote_type_id": 0, "vote_id": 0}], "breakdown_systems": {"1": [{"myValue": "ENTP", "personality_system_id": 1, "personality_type": "ENTP", "theCount": 1230}, {"myValue": "ESFP", "personality_system_id": 1, "personality_type": "ESFP", "theCount": 1227}, {"myValue": "ESTP", "personality_system_id": 1, "personality_type": "ESTP", "theCount": 298}, {"myValue": "ENFP", "personality_system_id": 1, "personality_type": "ENFP", "theCount": 14}, {"myValue": "ENTJ", "personality_system_id": 1, "personality_type": "ENTJ", "theCount": 12}, {"myValue": "ENFJ", "personality_system_id": 1, "personality_type": "ENFJ", "theCount": 11}, {"myValue": "INTJ", "personality_system_id": 1, "personality_type": "INTJ", "theCount": 2}, {"myValue": "INTP", "personality_system_id": 1, "personality_type": "INTP", "theCount": 2}, {"myValue": "ISFP", "personality_system_id": 1, "personality_type": "ISFP", "theCount": 2}, {"myValue": "ESTJ", "personality_system_id": 1, "personality_type": "ESTJ", "theCount": 1}, {"myValue": "INFP", "personality_system_id": 1, "personality_type": "INFP", "theCount": 1}, {"myValue": "ISFJ", "personality_system_id": 1, "personality_type": "ISFJ", "theCount": 1}, {"myValue": "ISTP", "personality_system_id": 1, "personality_type": "ISTP", "theCount": 1}], "11": [{"myValue": "ES(F)", "personality_system_id": 11, "personality_type": "ES(F)", "theCount": 20}, {"myValue": "ES(T)", "personality_system_id": 11, "personality_type": "ES(T)", "theCount": 4}, {"myValue": "EN(T)", "personality_system_id": 11, "personality_type": "EN(T)", "theCount": 3}, {"myValue": "EF(N)", "personality_system_id": 11, "personality_type": "EF(N)", "theCount": 1}, {"myValue": "IN(T)", "personality_system_id": 11, "personality_type": "IN(T)", "theCount": 1}], "2": [{"myValue": "7w8", "personality_system_id": 2, "personality_type": "7w8", "theCount": 936}, {"myValue": "8w7", "personality_system_id": 2, "personality_type": "8w7", "theCount": 69}, {"myValue": "7w6", "personality_system_id": 2, "personality_type": "7w6", "theCount": 15}, {"myValue": "8w9", "personality_system_id": 2, "personality_type": "8w9", "theCount": 8}, {"myValue": "3w2", "personality_system_id": 2, "personality_type": "3w2", "theCount": 7}, {"myValue": "6w7", "personality_system_id": 2, "personality_type": "6w7", "theCount": 5}, {"myValue": "2w3", "personality_system_id": 2, "personality_type": "2w3", "theCount": 3}, {"myValue": "3w4", "personality_system_id": 2, "personality_type": "3w4", "theCount": 3}, {"myValue": "4w3", "personality_system_id": 2, "personality_type": "4w3", "theCount": 3}, {"myValue": "5w4", "personality_system_id": 2, "personality_type": "5w4", "theCount": 2}, {"myValue": "9w8", "personality_system_id": 2, "personality_type": "9w8", "theCount": 2}, {"myValue": "1w9", "personality_system_id": 2, "personality_type": "1w9", "theCount": 1}, {"myValue": "5w6", "personality_system_id": 2, "personality_type": "5w6", "theCount": 1}, {"myValue": "6w5", "personality_system_id": 2, "personality_type": "6w5", "theCount": 1}, {"myValue": "9w1", "personality_system_id": 2, "personality_type": "9w1", "theCount": 1}], "3": [{"myValue": "SEE", "personality_system_id": 3, "personality_type": "SEE", "theCount": 92}, {"myValue": "ILE", "personality_system_id": 3, "personality_type": "ILE", "theCount": 8}, {"myValue": "EIE", "personality_system_id": 3, "personality_type": "EIE", "theCount": 5}, {"myValue": "ESE", "personality_system_id": 3, "personality_type": "ESE", "theCount": 3}, {"myValue": "ESI", "personality_system_id": 3, "personality_type": "ESI", "theCount": 3}, {"myValue": "SLE", "personality_system_id": 3, "personality_type": "SLE", "theCount": 3}, {"myValue": "IEE", "personality_system_id": 3, "personality_type": "IEE", "theCount": 2}, {"myValue": "LIE", "personality_system_id": 3, "personality_type": "LIE", "theCount": 2}, {"myValue": "LII", "personality_system_id": 3, "personality_type": "LII", "theCount": 2}, {"myValue": "EII", "personality_system_id": 3, "personality_type": "EII", "theCount": 1}, {"myValue": "IEI", "personality_system_id": 3, "personality_type": "IEI", "theCount": 1}, {"myValue": "ILI", "personality_system_id": 3, "personality_type": "ILI", "theCount": 1}, {"myValue": "LSI", "personality_system_id": 3, "personality_type": "LSI", "theCount": 1}, {"myValue": "SLI", "personality_system_id": 3, "personality_type": "SLI", "theCount": 1}], "4": [{"myValue": "Chaotic Neutral", "personality_system_id": 4, "personality_type": "Chaotic Neutral", "theCount": 34}, {"myValue": "Chaotic Good", "personality_system_id": 4, "personality_type": "Chaotic Good", "theCount": 20}, {"myValue": "Lawful Neutral", "personality_system_id": 4, "personality_type": "Lawful Neutral", "theCount": 3}, {"myValue": "Neutral Evil", "personality_system_id": 4, "personality_type": "Neutral Evil", "theCount": 3}, {"myValue": "Neutral Good", "personality_system_id": 4, "personality_type": "Neutral Good", "theCount": 1}], "5": [{"myValue": "sx/so", "personality_system_id": 5, "personality_type": "sx/so", "theCount": 123}, {"myValue": "sp/sx", "personality_system_id": 5, "personality_type": "sp/sx", "theCount": 106}, {"myValue": "sx/sp", "personality_system_id": 5, "personality_type": "sx/sp", "theCount": 28}, {"myValue": "so/sx", "personality_system_id": 5, "personality_type": "so/sx", "theCount": 10}, {"myValue": "sp/so", "personality_system_id": 5, "personality_type": "sp/so", "theCount": 9}, {"myValue": "so/sp", "personality_system_id": 5, "personality_type": "so/sp", "theCount": 6}], "6": [{"myValue": "738", "personality_system_id": 6, "personality_type": "738", "theCount": 142}, {"myValue": "783", "personality_system_id": 6, "personality_type": "783", "theCount": 39}, {"myValue": "784", "personality_system_id": 6, "personality_type": "784", "theCount": 13}, {"myValue": "748", "personality_system_id": 6, "personality_type": "748", "theCount": 9}, {"myValue": "873", "personality_system_id": 6, "personality_type": "873", "theCount": 7}, {"myValue": "782", "personality_system_id": 6, "personality_type": "782", "theCount": 5}, {"myValue": "137", "personality_system_id": 6, "personality_type": "137", "theCount": 4}, {"myValue": "125", "personality_system_id": 6, "personality_type": "125", "theCount": 3}, {"myValue": "378", "personality_system_id": 6, "personality_type": "378", "theCount": 3}, {"myValue": "127", "personality_system_id": 6, "personality_type": "127", "theCount": 2}, {"myValue": "135", "personality_system_id": 6, "personality_type": "135", "theCount": 2}, {"myValue": "847", "personality_system_id": 6, "personality_type": "847", "theCount": 2}, {"myValue": "145", "personality_system_id": 6, "personality_type": "145", "theCount": 1}, {"myValue": "146", "personality_system_id": 6, "personality_type": "146", "theCount": 1}, {"myValue": "258", "personality_system_id": 6, "personality_type": "258", "theCount": 1}, {"myValue": "358", "personality_system_id": 6, "personality_type": "358", "theCount": 1}, {"myValue": "368", "personality_system_id": 6, "personality_type": "368", "theCount": 1}, {"myValue": "387", "personality_system_id": 6, "personality_type": "387", "theCount": 1}, {"myValue": "792", "personality_system_id": 6, "personality_type": "792", "theCount": 1}, {"myValue": "874", "personality_system_id": 6, "personality_type": "874", "theCount": 1}, {"myValue": "937", "personality_system_id": 6, "personality_type": "937", "theCount": 1}], "7": [{"myValue": "Sanguine-Choleric", "personality_system_id": 7, "personality_type": "Sanguine-Choleric", "theCount": 182}, {"myValue": "Choleric-Sanguine", "personality_system_id": 7, "personality_type": "Choleric-Sanguine", "theCount": 20}, {"myValue": "Sanguine [Dominant]", "personality_system_id": 7, "personality_type": "Sanguine [Dominant]", "theCount": 17}, {"myValue": "Choleric [Dominant]", "personality_system_id": 7, "personality_type": "Choleric [Dominant]", "theCount": 10}, {"myValue": "Sanguine-Melancholic", "personality_system_id": 7, "personality_type": "Sanguine-Melancholic", "theCount": 5}, {"myValue": "Choleric-Melancholic", "personality_system_id": 7, "personality_type": "Choleric-Melancholic", "theCount": 2}, {"myValue": "Choleric-Phlegmatic", "personality_system_id": 7, "personality_type": "Choleric-Phlegmatic", "theCount": 2}, {"myValue": "Melancholic-Sanguine", "personality_system_id": 7, "personality_type": "Melancholic-Sanguine", "theCount": 2}, {"myValue": "Phlegmatic [Dominant]", "personality_system_id": 7, "personality_type": "Phlegmatic [Dominant]", "theCount": 2}, {"myValue": "Melancholic [Dominant]", "personality_system_id": 7, "personality_type": "Melancholic [Dominant]", "theCount": 1}, {"myValue": "Melancholic-Choleric", "personality_system_id": 7, "personality_type": "Melancholic-Choleric", "theCount": 1}, {"myValue": "Melancholic-Phlegmatic", "personality_system_id": 7, "personality_type": "Melancholic-Phlegmatic", "theCount": 1}, {"myValue": "Phlegmatic-Choleric", "personality_system_id": 7, "personality_type": "Phlegmatic-Choleric", "theCount": 1}, {"myValue": "Sanguine-Phlegmatic", "personality_system_id": 7, "personality_type": "Sanguine-Phlegmatic", "theCount": 1}], "8": [{"myValue": "FVEL", "personality_system_id": 8, "personality_type": "FVEL", "theCount": 35}, {"myValue": "VFEL", "personality_system_id": 8, "personality_type": "VFEL", "theCount": 7}, {"myValue": "VLEF", "personality_system_id": 8, "personality_type": "VLEF", "theCount": 5}, {"myValue": "FVLE", "personality_system_id": 8, "personality_type": "FVLE", "theCount": 4}, {"myValue": "LEFV", "personality_system_id": 8, "personality_type": "LEFV", "theCount": 3}, {"myValue": "LVFE", "personality_system_id": 8, "personality_type": "LVFE", "theCount": 3}, {"myValue": "EFVL", "personality_system_id": 8, "personality_type": "EFVL", "theCount": 2}, {"myValue": "ELVF", "personality_system_id": 8, "personality_type": "ELVF", "theCount": 2}, {"myValue": "EVLF", "personality_system_id": 8, "personality_type": "EVLF", "theCount": 2}, {"myValue": "VELF", "personality_system_id": 8, "personality_type": "VELF", "theCount": 2}, {"myValue": "VLFE", "personality_system_id": 8, "personality_type": "VLFE", "theCount": 2}, {"myValue": "FELV", "personality_system_id": 8, "personality_type": "FELV", "theCount": 1}, {"myValue": "FLEV", "personality_system_id": 8, "personality_type": "FLEV", "theCount": 1}, {"myValue": "FLVE", "personality_system_id": 8, "personality_type": "FLVE", "theCount": 1}, {"myValue": "LEVF", "personality_system_id": 8, "personality_type": "LEVF", "theCount": 1}, {"myValue": "LFVE", "personality_system_id": 8, "personality_type": "LFVE", "theCount": 1}, {"myValue": "LVEF", "personality_system_id": 8, "personality_type": "LVEF", "theCount": 1}, {"myValue": "VFLE", "personality_system_id": 8, "personality_type": "VFLE", "theCount": 1}], "9": [{"myValue": "SLUEI", "personality_system_id": 9, "personality_type": "SLUEI", "theCount": 63}, {"myValue": "SCUEI", "personality_system_id": 9, "personality_type": "SCUEI", "theCount": 16}, {"myValue": "SLUEN", "personality_system_id": 9, "personality_type": "SLUEN", "theCount": 9}, {"myValue": "RCOAI", "personality_system_id": 9, "personality_type": "RCOAI", "theCount": 3}, {"myValue": "RCOAN", "personality_system_id": 9, "personality_type": "RCOAN", "theCount": 3}, {"myValue": "RLUAN", "personality_system_id": 9, "personality_type": "RLUAN", "theCount": 3}, {"myValue": "SLOEI", "personality_system_id": 9, "personality_type": "SLOEI", "theCount": 3}, {"myValue": "RLOAN", "personality_system_id": 9, "personality_type": "RLOAN", "theCount": 2}, {"myValue": "SCOAI", "personality_system_id": 9, "personality_type": "SCOAI", "theCount": 2}, {"myValue": "SLUAI", "personality_system_id": 9, "personality_type": "SLUAI", "theCount": 2}, {"myValue": "RCOEI", "personality_system_id": 9, "personality_type": "RCOEI", "theCount": 1}, {"myValue": "RCOEN", "personality_system_id": 9, "personality_type": "RCOEN", "theCount": 1}, {"myValue": "RCUAI", "personality_system_id": 9, "personality_type": "RCUAI", "theCount": 1}, {"myValue": "RCUAN", "personality_system_id": 9, "personality_type": "RCUAN", "theCount": 1}, {"myValue": "RCUEN", "personality_system_id": 9, "personality_type": "RCUEN", "theCount": 1}, {"myValue": "RLOEN", "personality_system_id": 9, "personality_type": "RLOEN", "theCount": 1}, {"myValue": "RLUAI", "personality_system_id": 9, "personality_type": "RLUAI", "theCount": 1}, {"myValue": "SCUEN", "personality_system_id": 9, "personality_type": "SCUEN", "theCount": 1}, {"myValue": "SLOAN", "personality_system_id": 9, "personality_type": "SLOAN", "theCount": 1}, {"myValue": "SLUAN", "personality_system_id": 9, "personality_type": "SLUAN", "theCount": 1}]}, "breakdown_config": {"expand": {"1": 3, "11": 1, "2": 3, "3": 1, "4": 2, "5": 2, "6": 1, "7": 1, "8": 1, "9": 1}, "fire": {"1": 1, "11": 0, "2": 0, "3": 0, "4": 1, "5": 1, "6": 0, "7": 0, "8": 0, "9": 0}}, "mbti_letter_stats": [{"type": "E", "percentage": "100%", "PercentageFloat": 0.9967880085653105}, {"type": "N", "percentage": "45%", "PercentageFloat": 0.4539614561027837}, {"type": "T", "percentage": "55%", "PercentageFloat": 0.5517487508922199}, {"type": "P", "percentage": "99%", "PercentageFloat": 0.9903640256959315}], "topic_info": {"can_generate": false, "topic": {"description": "", "follow_count": 8, "id": 9719, "is_following": false, "is_join_pending": false, "is_banned": false, "is_moderated": false, "name_readable": "Lucifer\u00a0Morningstar", "post_count": 178, "source_profile_id": 10399, "source_type": "profile", "join_to_post": false, "can_pin": false, "related_topics": [{"description": "", "follow_count": 8, "id": 9719, "is_following": false, "is_join_pending": false, "is_banned": false, "is_moderated": false, "name_readable": "Lucifer\u00a0Morningstar", "post_count": 178, "source_profile_id": 10399, "source_type": "profile", "image": {"picURL": "https://static1.personality-database.com/profile_images/6ad735d7232c4c55b1b67b21d1eaad08.png"}, "join_to_post": false, "can_pin": false}, {"description": "Ella Lopez is the Los Angeles Police Department's forensic scientist. A religious woman born and raised in Detroit, Ella moved to Los Angeles (at the wish of \"Rae-Rae\") after surviving a car crash and met Chloe Decker and Lucifer Morningstar.", "follow_count": 2, "id": 20090, "is_following": false, "is_join_pending": false, "is_banned": false, "is_moderated": false, "name_readable": "Ella Lopez", "post_count": 12, "source_profile_id": 22143, "source_type": "profile", "image": {"picURL": "https://static1.personality-database.com/profile_images/aa8d5740813b477786cc4651f34f189e.png"}, "join_to_post": false, "can_pin": false}, {"description": "Mazikeen of the Lilim, also known by her nickname Maze, is a central character in Lucifer. She is a demon from Hell who holds the form of a young woman. For millennia, she worked under Lucifer as one of his most trusted lieutenants and servants; he considered her his \"right-hand.\" She is the best friend and former lover of Lucifer and formerly worked alongside him at the Lux nightclub in Los Angeles before starting a new career as a bounty hunter with the LAPD.", "follow_count": 0, "id": 11437, "is_following": false, "is_join_pending": false, "is_banned": false, "is_moderated": false, "name_readable": "Mazikeen \u201cMaze\u201d of Lilim", "post_count": 3, "source_profile_id": 12387, "source_type": "profile", "image": {"picURL": "https://static1.personality-database.com/profile_images/f5a4888d148a4de691cd168eff9707e5.png"}, "join_to_post": false, "can_pin": false}, {"description": "Linda Martin (born 1977) is a therapist living in Los Angeles and serves as a central character in Lucifer. Throughout the series, Lucifer Morningstar, the ruler of Hell, seeks her counsel on a consistent basis, usually involving personal issues with Chloe Decker or his family. Though he never outwardly admits his problems, Lucifer instead supplies the Doctor with biblical metaphors and innuendos, requiring Linda to draw the conclusions herself. She occasionally counsels Chloe and Maze when they reach out to her, and forms close bonds with the two.", "follow_count": 0, "id": 11439, "is_following": false, "is_join_pending": false, "is_banned": false, "is_moderated": false, "name_readable": "Linda Martin", "post_count": 2, "source_profile_id": 12389, "source_type": "profile", "image": {"picURL": "https://static1.personality-database.com/profile_images/a811412a87e0480186ca4fee05d47ed6.png"}, "join_to_post": false, "can_pin": false}, {"description": "She is the very young daughter of Chloe and Daniel, who immediately takes a liking to Lucifer and especially Mazikeen.", "follow_count": 0, "id": 119458, "is_following": false, "is_join_pending": false, "is_banned": false, "is_moderated": false, "name_readable": "Beatrice \u201cTrixie\u201d Espinoza", "post_count": 2, "source_profile_id": 154172, "source_type": "profile", "image": {"picURL": "https://static1.personality-database.com/profile_images/f45b62c822a747d3932bef80d8f5f66f.png"}, "join_to_post": false, "can_pin": false}, {"description": "", "follow_count": 0, "id": 141315, "is_following": false, "is_join_pending": false, "is_banned": false, "is_moderated": false, "name_readable": "Remiel", "post_count": 1, "source_profile_id": 183629, "source_type": "profile", "image": {"picURL": "https://static1.personality-database.com/profile_images/aa21dc7e09b94020ae07208fb941ce2e.png"}, "join_to_post": false, "can_pin": false}, {"description": "", "follow_count": 0, "id": 251879, "is_following": false, "is_join_pending": false, "is_banned": false, "is_moderated": false, "name_readable": "Dromos", "post_count": 1, "source_profile_id": 327244, "source_type": "profile", "image": {"picURL": "https://static1.personality-database.com/profile_images/41384419bce54be985dba4df6fce9c30.png"}, "join_to_post": false, "can_pin": false}, {"description": "Angel of Messengers", "follow_count": 0, "id": 253834, "is_following": false, "is_join_pending": false, "is_banned": false, "is_moderated": false, "name_readable": "Gabriel", "post_count": 0, "source_profile_id": 329737, "source_type": "profile", "image": {"picURL": "https://static1.personality-database.com/profile_images/2a4190228e4d4eeba122e7b5eee2ff7f.png"}, "join_to_post": false, "can_pin": false}, {"description": "", "follow_count": 0, "id": 141316, "is_following": false, "is_join_pending": false, "is_banned": false, "is_moderated": false, "name_readable": "Penelope Decker", "post_count": 0, "source_profile_id": 183630, "source_type": "profile", "image": {"picURL": "https://static1.personality-database.com/profile_images/b19ac7fffea14c21bd4129efe5884a94.png"}, "join_to_post": false, "can_pin": false}, {"description": "Dr. Linda's ex-husband.", "follow_count": 0, "id": 239731, "is_following": false, "is_join_pending": false, "is_banned": false, "is_moderated": false, "name_readable": "Reese Getty", "post_count": 0, "source_profile_id": 311976, "source_type": "profile", "image": {"picURL": "https://static1.personality-database.com/profile_images/03a7b0bbc75f47308b54dffe9509eb36.png"}, "join_to_post": false, "can_pin": false}, {"description": "Rory is a rebellious and distressed angel who is prepared to start giving trouble for his desire to follow in the footsteps of Lucifer, the original rebel.\n(May 28, 2021)\n\nPlayer by:\u00a0#BriannaHildebrand\u00a0\n", "follow_count": 0, "id": 241901, "is_following": false, "is_join_pending": false, "is_banned": false, "is_moderated": false, "name_readable": "Aurora \u201cRory\u201d Decker-Morningstar", "post_count": 0, "source_profile_id": 314541, "source_type": "profile", "image": {"picURL": "https://static1.personality-database.com/profile_images/e4a09da0a316425db8f26ed15b35471d.png"}, "join_to_post": false, "can_pin": false}, {"description": "", "follow_count": 0, "id": 251878, "is_following": false, "is_join_pending": false, "is_banned": false, "is_moderated": false, "name_readable": "Lilith / Lily Rose", "post_count": 0, "source_profile_id": 327243, "source_type": "profile", "image": {"picURL": "https://static1.personality-database.com/profile_images/84fc029640704c329fe4bab4a0857a5b.png"}, "join_to_post": false, "can_pin": false}, {"description": "", "follow_count": 0, "id": 301661, "is_following": false, "is_join_pending": false, "is_banned": false, "is_moderated": false, "name_readable": "Carol Corbett", "post_count": 0, "source_profile_id": 392138, "source_type": "profile", "image": {"picURL": "https://static1.personality-database.com/profile_images/f16a5ea0a3b24711bcaecbe7e21383dd.png"}, "join_to_post": false, "can_pin": false}, {"description": "", "follow_count": 0, "id": 255090, "is_following": false, "is_join_pending": false, "is_banned": false, "is_moderated": false, "name_readable": "Lee \u201cMr. Said Out B!tch\u201d Garner", "post_count": 0, "source_profile_id": 331370, "source_type": "profile", "image": {"picURL": "https://static1.personality-database.com/profile_images/ef2e16c119104f209e0e75e5cd12fe4f.png"}, "join_to_post": false, "can_pin": false}, {"description": "", "follow_count": 0, "id": 288501, "is_following": false, "is_join_pending": false, "is_banned": false, "is_moderated": false, "name_readable": "Sonya Harris", "post_count": 0, "source_profile_id": 374957, "source_type": "profile", "image": {"picURL": "https://static1.personality-database.com/profile_images/fad8a3ba8e46409a8c706f844d6eec5c.png"}, "join_to_post": false, "can_pin": false}, {"description": "", "follow_count": 0, "id": 254479, "is_following": false, "is_join_pending": false, "is_banned": false, "is_moderated": false, "name_readable": "Luis Navarro", "post_count": 0, "source_profile_id": 330583, "source_type": "profile", "image": {"picURL": "https://static1.personality-database.com/profile_images/f9e941a011c64c91826a2d9a4a83301c.png"}, "join_to_post": false, "can_pin": false}], "subcategory": "Lucifer (2016)", "topic_image_url": "https://static1.personality-database.com/profile_images/6ad735d7232c4c55b1b67b21d1eaad08.png", "source_location": {"cid": 2, "pid": 2, "sub_cat_id": 1384}, "can_post_image": false, "can_post_audio": false, "posts": {"posts": [{"username": "exPDBee1817559", "user_pic_path": "", "user_personality_type": "XXXX", "is_mod": false, "comment_count": 0, "reply_count": 0, "vote_type": 0, "topics_list": [{"id": 9719, "name_readable": "Lucifer\u00a0Morningstar"}], "id": 2122036, "post_id": 2122036, "user_id": 1817559, "title": "\ud83e\udd0c\ud83c\udffb", "content": "#", "create_date": 1673008507000, "unix_timestamp": 1673008507000, "update_date": 1673008507000, "vote_count": 0, "vote_count_down": 0, "is_reported": 0, "is_hidden": false, "is_pinned": false, "is_watching": false, "is_pro_user": false, "images": null, "audios": null, "function_list": [], "type": "post"}, {"username": "CRISTIAN90z", "user_pic_path": "https://lh3.googleusercontent.com/a/AATXAJw-_lITBx8iVnIpUGtD5rY0lBiECprcvhIYZkfr=s96-c", "user_personality_type": "ENFJ", "is_mod": false, "comment_count": 2, "reply_count": 2, "vote_type": 0, "topics_list": [{"id": 9719, "name_readable": "Lucifer\u00a0Morningstar"}], "id": 2122809, "post_id": 2122809, "user_id": 561024, "title": "", "content": "I won't make arguments just watch comments from @Kaelline, it makes alot of sense.", "create_date": 1672246736000, "unix_timestamp": 1672246736000, "update_date": 1672246736000, "vote_count": 5, "vote_count_down": 0, "is_reported": 1, "is_hidden": false, "is_pinned": false, "is_watching": false, "is_pro_user": false, "images": null, "audios": null, "function_list": [], "type": "post"}]}}}}