{"id": 10651, "mbti_profile": "Professor", "profile_name_searchable": "professor", "allow_commenting": true, "allow_voting": true, "user_id": 3855, "contributor": "Goulsa", "contributor_create_date": "2018-03-12 03:45:53", "contributor_pic_path": "https://lh4.googleusercontent.com/-2TpJnpB9A44/AAAAAAAAAAI/AAAAAAAATgk/7uwmyRd7t6c/s96-c/photo.jpg", "display_order": 1085, "edit_lock": 0, "edit_lock_picture": 0, "is_active": true, "is_approved": true, "mbti_enneagram_type": "INTJ 1w9", "mbti_type": "INTJ 1w9", "pdb_comment_access": true, "pdb_page_owner": 0, "pdb_public_access": true, "wiki_description": "Sergio Marquina, better known as The Professor, is one of the main characters in the Netflix series Money Heist, portrayed by actor \u00c1lvaro Morte. He was the mastermind responsible for organizing the Royal Mint of Spain robbery and later oversaw the robbery of the Bank of Spain, which had been orchestrated by Berlin. A cunning planner, he was able to control the entirety of the heist from behind the scenes, playing with the police and constantly tricking them into doing exactly what he wanted them to do.", "watch_count": 1336, "comment_count": 489, "vote_count": 1270, "vote_count_enneagram": 506, "vote_count_mbti": 1270, "total_vote_counts": 2357, "personality_type": "INTJ - 1w9 - sp/sx - 153 - LII - RCOAI - LVEF - Melancholic [Dominant] - IT(N)", "type_updated_date": "2022-12-13 04:33:50", "enneagram_vote": "", "enneagram_vote_id": 0, "mbti_vote": "", "mbti_vote_id": 0, "is_watching": false, "image_exists": false, "profile_image_url": "https://static1.personality-database.com/profile_images/4a8752ea91b64063ba9082ce944c1067.png", "profile_image_credit": "", "profile_image_credit_id": 395125, "profile_image_credit_type": "0", "profile_image_credit_url": "", "alt_subcategory": "", "related_subcategories": "", "cat_id": 2, "category": "Television", "category_is_fictional": true, "sub_cat_id": 1428, "subcategory": "Money Heist (La Casa de Papel) (2017)", "subcat_link_info": {"sub_cat_id": 1428, "cat_id": 2, "property_id": 2, "subcategory": "Money Heist (La Casa de Papel) (2017)"}, "related_subcat_link_info": null, "related_profiles": [{"id": 10652, "mbti_profile": "Berl\u00edn", "subcategory": "Money Heist (La Casa de Papel) (2017)", "profile_image_url": "https://static1.personality-database.com/profile_images/97f654b56e624cd282bf0056c60ca75b.png", "profile_name": "Berl\u00edn", "profile_subcat": "Money Heist (La Casa de Papel) (2017)", "sub_cat_id": 1428, "cat_id": 2, "property_id": 2, "mbti": "ENTJ", "enneatype": "3w4"}, {"id": 10654, "mbti_profile": "Tokyo", "subcategory": "Money Heist (La Casa de Papel) (2017)", "profile_image_url": "https://static1.personality-database.com/profile_images/32bd8b22e471400390749fb25e76aec0.png", "profile_name": "Tokyo", "profile_subcat": "Money Heist (La Casa de Papel) (2017)", "sub_cat_id": 1428, "cat_id": 2, "property_id": 2, "mbti": "ESFP", "enneatype": "7w8"}, {"id": 10655, "mbti_profile": "Nair\u00f3bi", "subcategory": "Money Heist (La Casa de Papel) (2017)", "profile_image_url": "https://static1.personality-database.com/profile_images/b782f8ab483f455db653f314fe81daac.png", "profile_name": "Nair\u00f3bi", "profile_subcat": "Money Heist (La Casa de Papel) (2017)", "sub_cat_id": 1428, "cat_id": 2, "property_id": 2, "mbti": "ESFP", "enneatype": "7w8"}, {"id": 45413, "mbti_profile": "Alicia Sierra", "subcategory": "Money Heist (La Casa de Papel) (2017)", "profile_image_url": "https://static1.personality-database.com/profile_images/d7e52dc8ce5e4cd3995eb75dac6fe91f.png", "profile_name": "Alicia Sierra", "profile_subcat": "Money Heist (La Casa de Papel) (2017)", "sub_cat_id": 1428, "cat_id": 2, "property_id": 2, "mbti": "ENTP", "enneatype": "7w8"}, {"id": 11099, "mbti_profile": "Arturo Rom\u00e1n", "subcategory": "Money Heist (La Casa de Papel) (2017)", "profile_image_url": "https://static1.personality-database.com/profile_images/3d6a921f21fd4e3b9f3107a6c7db7b30.png", "profile_name": "Arturo Rom\u00e1n", "profile_subcat": "Money Heist (La Casa de Papel) (2017)", "sub_cat_id": 1428, "cat_id": 2, "property_id": 2, "mbti": "ESFJ", "enneatype": "3w2"}, {"id": 45401, "mbti_profile": "Palermo", "subcategory": "Money Heist (La Casa de Papel) (2017)", "profile_image_url": "https://static1.personality-database.com/profile_images/cc5890fdae00413fbf20c678b3cf9e59.png", "profile_name": "Palermo", "profile_subcat": "Money Heist (La Casa de Papel) (2017)", "sub_cat_id": 1428, "cat_id": 2, "property_id": 2, "mbti": "ENTP", "enneatype": "8w7"}, {"id": 10657, "mbti_profile": "R\u00edo", "subcategory": "Money Heist (La Casa de Papel) (2017)", "profile_image_url": "https://static1.personality-database.com/profile_images/229cfbeaa8b2447bb2ffbd16b9282eb0.png", "profile_name": "R\u00edo", "profile_subcat": "Money Heist (La Casa de Papel) (2017)", "sub_cat_id": 1428, "cat_id": 2, "property_id": 2, "mbti": "ISFP", "enneatype": "6w7"}, {"id": 55961, "mbti_profile": "C\u00e9sar Gand\u00eda", "subcategory": "Money Heist (La Casa de Papel) (2017)", "profile_image_url": "https://static1.personality-database.com/profile_images/93996073a96d46aab2b4ebfb2b878cc4.png", "profile_name": "C\u00e9sar Gand\u00eda", "profile_subcat": "Money Heist (La Casa de Papel) (2017)", "sub_cat_id": 1428, "cat_id": 2, "property_id": 2, "mbti": "ISTP", "enneatype": "6w5"}], "functions": ["Ni", "Te", "Fi", "Se"], "systems": [{"hex_color": "#888888", "id": 1, "personality_type": "XXXX", "personality_type_id": 0, "system_name": "Four Letter", "system_vote_count": 1252, "user_vote_type_id": 0, "vote_id": 0}, {"hex_color": "#006775", "id": 2, "personality_type": "XXXX", "personality_type_id": 0, "system_name": "Enneagram", "system_vote_count": 495, "user_vote_type_id": 0, "vote_id": 0}, {"hex_color": "#006775", "id": 5, "personality_type": "XXXX", "personality_type_id": 0, "system_name": "Instinctual Variant", "system_vote_count": 138, "user_vote_type_id": 0, "vote_id": 0}, {"hex_color": "#006775", "id": 6, "personality_type": "XXXX", "personality_type_id": 0, "system_name": "Tritype", "system_vote_count": 134, "user_vote_type_id": 0, "vote_id": 0}, {"hex_color": "#888888", "id": 3, "personality_type": "XXXX", "personality_type_id": 0, "system_name": "Socionics", "system_vote_count": 72, "user_vote_type_id": 0, "vote_id": 0}, {"hex_color": "#888888", "id": 9, "personality_type": "XXXX", "personality_type_id": 0, "system_name": "Big 5 (SLOAN)", "system_vote_count": 73, "user_vote_type_id": 0, "vote_id": 0}, {"hex_color": "#888888", "id": 8, "personality_type": "XXXX", "personality_type_id": 0, "system_name": "Attitudinal Psyche", "system_vote_count": 39, "user_vote_type_id": 0, "vote_id": 0}, {"hex_color": "#888888", "id": 7, "personality_type": "XXXX", "personality_type_id": 0, "system_name": "Temperaments", "system_vote_count": 109, "user_vote_type_id": 0, "vote_id": 0}, {"hex_color": "#888888", "id": 11, "personality_type": "XXXX", "personality_type_id": 0, "system_name": "Classic Jungian", "system_vote_count": 10, "user_vote_type_id": 0, "vote_id": 0}], "breakdown_systems": {"1": [{"myValue": "INTJ", "personality_system_id": 1, "personality_type": "INTJ", "theCount": 1004}, {"myValue": "INFJ", "personality_system_id": 1, "personality_type": "INFJ", "theCount": 197}, {"myValue": "INTP", "personality_system_id": 1, "personality_type": "INTP", "theCount": 31}, {"myValue": "ISTJ", "personality_system_id": 1, "personality_type": "ISTJ", "theCount": 11}, {"myValue": "ENTJ", "personality_system_id": 1, "personality_type": "ENTJ", "theCount": 3}, {"myValue": "ESTP", "personality_system_id": 1, "personality_type": "ESTP", "theCount": 2}, {"myValue": "INFP", "personality_system_id": 1, "personality_type": "INFP", "theCount": 2}, {"myValue": "ISFJ", "personality_system_id": 1, "personality_type": "ISFJ", "theCount": 1}, {"myValue": "ISFP", "personality_system_id": 1, "personality_type": "ISFP", "theCount": 1}], "11": [{"myValue": "IT(N)", "personality_system_id": 11, "personality_type": "IT(N)", "theCount": 8}, {"myValue": "IN(T)", "personality_system_id": 11, "personality_type": "IN(T)", "theCount": 2}], "2": [{"myValue": "1w9", "personality_system_id": 2, "personality_type": "1w9", "theCount": 345}, {"myValue": "5w6", "personality_system_id": 2, "personality_type": "5w6", "theCount": 73}, {"myValue": "6w5", "personality_system_id": 2, "personality_type": "6w5", "theCount": 42}, {"myValue": "5w4", "personality_system_id": 2, "personality_type": "5w4", "theCount": 21}, {"myValue": "1w2", "personality_system_id": 2, "personality_type": "1w2", "theCount": 4}, {"myValue": "4w5", "personality_system_id": 2, "personality_type": "4w5", "theCount": 4}, {"myValue": "9w1", "personality_system_id": 2, "personality_type": "9w1", "theCount": 2}, {"myValue": "2w1", "personality_system_id": 2, "personality_type": "2w1", "theCount": 1}, {"myValue": "3w4", "personality_system_id": 2, "personality_type": "3w4", "theCount": 1}, {"myValue": "6w7", "personality_system_id": 2, "personality_type": "6w7", "theCount": 1}, {"myValue": "8w9", "personality_system_id": 2, "personality_type": "8w9", "theCount": 1}], "3": [{"myValue": "LII", "personality_system_id": 3, "personality_type": "LII", "theCount": 58}, {"myValue": "ILI", "personality_system_id": 3, "personality_type": "ILI", "theCount": 8}, {"myValue": "LSI", "personality_system_id": 3, "personality_type": "LSI", "theCount": 2}, {"myValue": "EII", "personality_system_id": 3, "personality_type": "EII", "theCount": 1}, {"myValue": "ESE", "personality_system_id": 3, "personality_type": "ESE", "theCount": 1}, {"myValue": "IEI", "personality_system_id": 3, "personality_type": "IEI", "theCount": 1}, {"myValue": "ILE", "personality_system_id": 3, "personality_type": "ILE", "theCount": 1}], "4": [{"myValue": "Lawful Neutral", "personality_system_id": 4, "personality_type": "Lawful Neutral", "theCount": 27}, {"myValue": "Neutral Good", "personality_system_id": 4, "personality_type": "Neutral Good", "theCount": 3}, {"myValue": "True Neutral", "personality_system_id": 4, "personality_type": "True Neutral", "theCount": 3}, {"myValue": "Chaotic Neutral", "personality_system_id": 4, "personality_type": "Chaotic Neutral", "theCount": 1}, {"myValue": "Lawful Good", "personality_system_id": 4, "personality_type": "Lawful Good", "theCount": 1}], "5": [{"myValue": "sp/sx", "personality_system_id": 5, "personality_type": "sp/sx", "theCount": 93}, {"myValue": "so/sp", "personality_system_id": 5, "personality_type": "so/sp", "theCount": 24}, {"myValue": "sx/sp", "personality_system_id": 5, "personality_type": "sx/sp", "theCount": 10}, {"myValue": "sp/so", "personality_system_id": 5, "personality_type": "sp/so", "theCount": 5}, {"myValue": "so/sx", "personality_system_id": 5, "personality_type": "so/sx", "theCount": 3}, {"myValue": "sx/so", "personality_system_id": 5, "personality_type": "sx/so", "theCount": 3}], "6": [{"myValue": "153", "personality_system_id": 6, "personality_type": "153", "theCount": 84}, {"myValue": "513", "personality_system_id": 6, "personality_type": "513", "theCount": 17}, {"myValue": "613", "personality_system_id": 6, "personality_type": "613", "theCount": 15}, {"myValue": "154", "personality_system_id": 6, "personality_type": "154", "theCount": 7}, {"myValue": "614", "personality_system_id": 6, "personality_type": "614", "theCount": 3}, {"myValue": "125", "personality_system_id": 6, "personality_type": "125", "theCount": 1}, {"myValue": "137", "personality_system_id": 6, "personality_type": "137", "theCount": 1}, {"myValue": "162", "personality_system_id": 6, "personality_type": "162", "theCount": 1}, {"myValue": "512", "personality_system_id": 6, "personality_type": "512", "theCount": 1}, {"myValue": "521", "personality_system_id": 6, "personality_type": "521", "theCount": 1}, {"myValue": "541", "personality_system_id": 6, "personality_type": "541", "theCount": 1}, {"myValue": "594", "personality_system_id": 6, "personality_type": "594", "theCount": 1}, {"myValue": "612", "personality_system_id": 6, "personality_type": "612", "theCount": 1}], "7": [{"myValue": "Melancholic [Dominant]", "personality_system_id": 7, "personality_type": "Melancholic [Dominant]", "theCount": 84}, {"myValue": "Melancholic-Phlegmatic", "personality_system_id": 7, "personality_type": "Melancholic-Phlegmatic", "theCount": 12}, {"myValue": "Phlegmatic-Melancholic", "personality_system_id": 7, "personality_type": "Phlegmatic-Melancholic", "theCount": 6}, {"myValue": "Melancholic-Choleric", "personality_system_id": 7, "personality_type": "Melancholic-Choleric", "theCount": 3}, {"myValue": "Phlegmatic [Dominant]", "personality_system_id": 7, "personality_type": "Phlegmatic [Dominant]", "theCount": 2}, {"myValue": "Melancholic-Sanguine", "personality_system_id": 7, "personality_type": "Melancholic-Sanguine", "theCount": 1}, {"myValue": "Sanguine [Dominant]", "personality_system_id": 7, "personality_type": "Sanguine [Dominant]", "theCount": 1}], "8": [{"myValue": "LVEF", "personality_system_id": 8, "personality_type": "LVEF", "theCount": 26}, {"myValue": "LVFE", "personality_system_id": 8, "personality_type": "LVFE", "theCount": 11}, {"myValue": "VFLE", "personality_system_id": 8, "personality_type": "VFLE", "theCount": 1}, {"myValue": "VLEF", "personality_system_id": 8, "personality_type": "VLEF", "theCount": 1}], "9": [{"myValue": "RCOAI", "personality_system_id": 9, "personality_type": "RCOAI", "theCount": 36}, {"myValue": "RLOAI", "personality_system_id": 9, "personality_type": "RLOAI", "theCount": 24}, {"myValue": "RCOEI", "personality_system_id": 9, "personality_type": "RCOEI", "theCount": 9}, {"myValue": "RLOEI", "personality_system_id": 9, "personality_type": "RLOEI", "theCount": 2}, {"myValue": "RCOEN", "personality_system_id": 9, "personality_type": "RCOEN", "theCount": 1}, {"myValue": "SCOAI", "personality_system_id": 9, "personality_type": "SCOAI", "theCount": 1}]}, "breakdown_config": {"expand": {"1": 3, "11": 1, "2": 3, "3": 1, "4": 1, "5": 1, "6": 1, "7": 1, "8": 1, "9": 2}, "fire": {"1": 0, "11": 0, "2": 0, "3": 0, "4": 0, "5": 0, "6": 0, "7": 0, "8": 0, "9": 1}}, "mbti_letter_stats": [{"type": "I", "percentage": "100%", "PercentageFloat": 0.9960063897763578}, {"type": "N", "percentage": "99%", "PercentageFloat": 0.9880191693290735}, {"type": "T", "percentage": "84%", "PercentageFloat": 0.8394568690095847}, {"type": "J", "percentage": "97%", "PercentageFloat": 0.9712460063897763}], "topic_info": {"can_generate": false, "topic": {"description": "Sergio Marquina, better known as The Professor, is one of the main characters in the Netflix series Money Heist, portrayed by actor \u00c1lvaro Morte. He was the mastermind responsible for organizing the Royal Mint of Spain robbery and later oversaw the robbery of the Bank of Spain, which had been orchestrated by Berlin. A cunning planner, he was able to control the entirety of the heist from behind the scenes, playing with the police and constantly tricking them into doing exactly what he wanted them to do.", "follow_count": 0, "id": 9951, "is_following": false, "is_join_pending": false, "is_banned": false, "is_moderated": false, "name_readable": "Professor", "post_count": 18, "source_profile_id": 10651, "source_type": "profile", "join_to_post": false, "can_pin": false, "related_topics": [{"description": "Sergio Marquina, better known as The Professor, is one of the main characters in the Netflix series Money Heist, portrayed by actor \u00c1lvaro Morte. He was the mastermind responsible for organizing the Royal Mint of Spain robbery and later oversaw the robbery of the Bank of Spain, which had been orchestrated by Berlin. A cunning planner, he was able to control the entirety of the heist from behind the scenes, playing with the police and constantly tricking them into doing exactly what he wanted them to do.", "follow_count": 0, "id": 9951, "is_following": false, "is_join_pending": false, "is_banned": false, "is_moderated": false, "name_readable": "Professor", "post_count": 18, "source_profile_id": 10651, "source_type": "profile", "image": {"picURL": "https://static1.personality-database.com/profile_images/4a8752ea91b64063ba9082ce944c1067.png"}, "join_to_post": false, "can_pin": false}, {"description": "\u00c1gata Jim\u00e9nez, better known by her alias, Nairobi, is one of the main characters in the Netflix series Money Heist, portrayed by actress Alba Flores. Nairobi is enthusiastic, motivating and always active. She usually speaks loud and clear and does her job, leading the production of money very well because of these skills.", "follow_count": 0, "id": 9955, "is_following": false, "is_join_pending": false, "is_banned": false, "is_moderated": false, "name_readable": "Nair\u00f3bi", "post_count": 17, "source_profile_id": 10655, "source_type": "profile", "image": {"picURL": "https://static1.personality-database.com/profile_images/b782f8ab483f455db653f314fe81daac.png"}, "join_to_post": false, "can_pin": false}, {"description": "Silene Oliveira, better known by her code-name Tokyo, is one of the main protagonists of the Netflix series Money Heist, as well as narrator of the story. She is a member of the heist crew set to rob the Royal Mint of Spain. Tokyo is reckless and impulsive, she usually acts before she thinks, which sometimes results in things she regrets. She is quick to lose her patience, as well as sometimes being shown to quickly draw conclusions.", "follow_count": 2, "id": 9954, "is_following": false, "is_join_pending": false, "is_banned": false, "is_moderated": false, "name_readable": "Tokyo", "post_count": 12, "source_profile_id": 10654, "source_type": "profile", "image": {"picURL": "https://static1.personality-database.com/profile_images/32bd8b22e471400390749fb25e76aec0.png"}, "join_to_post": false, "can_pin": false}, {"description": "Andr\u00e9s de Fonollosa, better known by his codename Berlin, is one of the main characters in the Netflix series Money Heist, portrayed by actor Pedro Alonso. Berlin is arrogant, narcissistic and seems to be a psychopath, showing multiple symptoms such as superficial charm and lack of empathy, proven as he coldly ordered the execution of a pregnant woman. He is calm, patient as well as eloquent and plays mind games with some of the hostages. It is said that he has a pathological need to make a good impression.", "follow_count": 0, "id": 9952, "is_following": false, "is_join_pending": false, "is_banned": false, "is_moderated": false, "name_readable": "Berl\u00edn", "post_count": 11, "source_profile_id": 10652, "source_type": "profile", "image": {"picURL": "https://static1.personality-database.com/profile_images/97f654b56e624cd282bf0056c60ca75b.png"}, "join_to_post": false, "can_pin": false}, {"description": "", "follow_count": 2, "id": 40072, "is_following": false, "is_join_pending": false, "is_banned": false, "is_moderated": false, "name_readable": "Alicia Sierra", "post_count": 5, "source_profile_id": 45413, "source_type": "profile", "image": {"picURL": "https://static1.personality-database.com/profile_images/d7e52dc8ce5e4cd3995eb75dac6fe91f.png"}, "join_to_post": false, "can_pin": false}, {"description": "", "follow_count": 0, "id": 47526, "is_following": false, "is_join_pending": false, "is_banned": false, "is_moderated": false, "name_readable": "C\u00e9sar Gand\u00eda", "post_count": 4, "source_profile_id": 55961, "source_type": "profile", "image": {"picURL": "https://static1.personality-database.com/profile_images/93996073a96d46aab2b4ebfb2b878cc4.png"}, "join_to_post": false, "can_pin": false}, {"description": "Arturo Rom\u00e1n is one of the characters in the Netflix series Money Heist, portrayed by actor Enrique Arce. He was the general director of the Royal Mint of Spain before the heist took place. As one of the hostages, Arturo constantly got himself in trouble due to his attempts to defy the robbers and stage uprisings within the Royal Mint. After the heist, he became something of a celebrity, giving talks about his experience.", "follow_count": 0, "id": 10359, "is_following": false, "is_join_pending": false, "is_banned": false, "is_moderated": false, "name_readable": "Arturo Rom\u00e1n", "post_count": 4, "source_profile_id": 11099, "source_type": "profile", "image": {"picURL": "https://static1.personality-database.com/profile_images/3d6a921f21fd4e3b9f3107a6c7db7b30.png"}, "join_to_post": false, "can_pin": false}, {"description": "", "follow_count": 0, "id": 300705, "is_following": false, "is_join_pending": false, "is_banned": false, "is_moderated": false, "name_readable": "Sagasta", "post_count": 2, "source_profile_id": 390876, "source_type": "profile", "image": {"picURL": "https://static1.personality-database.com/profile_images/3876bc06e7bb4f66afee67f1602a6a24.png"}, "join_to_post": false, "can_pin": false}, {"description": "Mart\u00edn Berrote, also known by his alias, Palermo, is one of the main characters in the Netflix series Money Heist, portrayed by actor Rodrigo de la Serna. He is egotistical, conceited and overbearing. That is exactly why he helps Gandia escape when Tokyo takes charge of the heist. When Palermo wants something he will do everything he needs to get it, even if it means sacrifice. He is ruthless. However, he is passionate. He displays this for the heist, as it was made by Berlin, the man who meant the most to him and loved dearly.", "follow_count": 1, "id": 40060, "is_following": false, "is_join_pending": false, "is_banned": false, "is_moderated": false, "name_readable": "Palermo", "post_count": 1, "source_profile_id": 45401, "source_type": "profile", "image": {"picURL": "https://static1.personality-database.com/profile_images/cc5890fdae00413fbf20c678b3cf9e59.png"}, "join_to_post": false, "can_pin": false}, {"description": "", "follow_count": 0, "id": 50754, "is_following": false, "is_join_pending": false, "is_banned": false, "is_moderated": false, "name_readable": "Ariadna Cascales", "post_count": 1, "source_profile_id": 60220, "source_type": "profile", "image": {"picURL": "https://static1.personality-database.com/profile_images/7e6778fb7d724f0bacb3720e4dc86b6a.png"}, "join_to_post": false, "can_pin": false}, {"description": "", "follow_count": 0, "id": 295170, "is_following": false, "is_join_pending": false, "is_banned": false, "is_moderated": false, "name_readable": "Rafael", "post_count": 1, "source_profile_id": 383629, "source_type": "profile", "image": {"picURL": "https://static1.personality-database.com/profile_images/2ed215cb5ba24e7f80a29aaee7d22ded.png"}, "join_to_post": false, "can_pin": false}, {"description": "Raquel Murillo, later known by her alias, Lisbon, was a Spanish police inspector that was assigned as the lead during the Royal Mint of Spain heist. Despite being a more than capable investigator, she is tricked by The Professor, who gets closer to her under his false identity of Salva Mart\u00edn in order to affect police activity. Although she eventually sees through the ruse, she falls in love with him and they run away together after the conclusion of the heist.", "follow_count": 0, "id": 9958, "is_following": false, "is_join_pending": false, "is_banned": false, "is_moderated": false, "name_readable": "Raquel Murillo", "post_count": 1, "source_profile_id": 10658, "source_type": "profile", "image": {"picURL": "https://static1.personality-database.com/profile_images/0e5c43d1863c4515977c5e0b353647f2.png"}, "join_to_post": false, "can_pin": false}, {"description": "Daniel Ramos, better known by his alias, Denver, is one of the main characters in the Netflix series Money Heist, portrayed by actor Jaime Lorente. Denver was one of the robbers participating in the Royal Mint of Spain heist alongside his father, Agust\u00edn Ramos (Moscow). He is hot-headed, but shown to have a sensitive side when he chooses to protect hostage M\u00f3nica Gaztambide instead of disposing for her as instructed by Berlin.", "follow_count": 0, "id": 9959, "is_following": false, "is_join_pending": false, "is_banned": false, "is_moderated": false, "name_readable": "Denver", "post_count": 1, "source_profile_id": 10659, "source_type": "profile", "image": {"picURL": "https://static1.personality-database.com/profile_images/8ae6175b8b5a44698efdd5462c6793dc.png"}, "join_to_post": false, "can_pin": false}, {"description": "Agustin Ramos, known by his code name Moscow, was one of the main protagonists in Part 1 and 2 of Money Heist. He was one of the eight robbers who went in to rob the Royal Mint of Spain and the father of Denver, another protagonist in the show. Moscow is a very gentle soul who cares a lot for others. He plays a sort of fatherly figure for not only Denver, but also Rio and Tokyo.", "follow_count": 0, "id": 9960, "is_following": false, "is_join_pending": false, "is_banned": false, "is_moderated": false, "name_readable": "Mosc\u00fa", "post_count": 1, "source_profile_id": 10660, "source_type": "profile", "image": {"picURL": "https://static1.personality-database.com/profile_images/052004b8714c4df385b2d3fdfb225c5e.png"}, "join_to_post": false, "can_pin": false}, {"description": "Money Heist\u00a0( Spanish :\u00a0La casa de papel, \" The House of Paper \" ) is a Spanish\u00a0heist\u00a0crime drama\u00a0television series created by\u00a0\u00c1lex Pina. The series traces two long-prepared heists led by\u00a0the Professor\u00a0( \u00c1lvaro Morte ), one on the\u00a0Royal Mint of Spain, and one on the\u00a0Bank of Spain, told from the perspective of one of the robbers,\u00a0Tokyo\u00a0( \u00darsula Corber\u00f3 ). The narrative is told in a real-time-like fashion and relies on flashbacks, time-jumps, hidden character motivations, and an\u00a0unreliable narrator\u00a0for complexity.", "follow_count": 1, "id": 310764, "is_following": false, "is_join_pending": false, "is_banned": false, "is_moderated": false, "name_readable": "Money Heist (La Casa De Papel) (2017)", "post_count": 0, "source_profile_id": 404894, "source_type": "profile", "image": {"picURL": "https://static1.personality-database.com/profile_images/8aa618eb0fc548619884690b6c19b760.png"}, "join_to_post": false, "can_pin": false}, {"description": "", "follow_count": 0, "id": 105986, "is_following": false, "is_join_pending": false, "is_banned": false, "is_moderated": false, "name_readable": "Mariv\u00ed Fuentes", "post_count": 0, "source_profile_id": 136091, "source_type": "profile", "image": {"picURL": "https://static1.personality-database.com/profile_images/d4e4adfa5c5642bab5b546c75fd049cc.png"}, "join_to_post": false, "can_pin": false}], "subcategory": "Money Heist (La Casa de Papel) (2017)", "topic_image_url": "https://static1.personality-database.com/profile_images/4a8752ea91b64063ba9082ce944c1067.png", "source_location": {"cid": 2, "pid": 2, "sub_cat_id": 1428}, "can_post_image": false, "can_post_audio": false, "posts": {"posts": [{"username": "infp_without the estj", "user_pic_path": "https://static1.personality-database.com/user_avatars/898817/da2fd040-e8ef-4f90-85c6-9be91db6dad0.jpeg", "user_personality_type": "INFP-9w8-459", "is_mod": false, "comment_count": 0, "reply_count": 0, "vote_type": 0, "topics_list": [{"id": 9951, "name_readable": "Professor"}], "id": 2149425, "post_id": 2149425, "user_id": 898817, "title": "", "content": "1000th INTJ  vote here!!", "create_date": 1673277341000, "unix_timestamp": 1673277341000, "update_date": 1673277439000, "vote_count": 0, "vote_count_down": 0, "is_reported": 0, "is_hidden": false, "is_pinned": false, "is_watching": false, "is_pro_user": false, "images": null, "audios": null, "function_list": [], "type": "post"}, {"username": "blorbohead", "user_pic_path": "https://static1.personality-database.com/user_avatars/880660/f187fed6-e574-4abd-a9ea-cd68d2d43c35.jpeg", "user_personality_type": "INTJ-1w9-153", "is_mod": false, "comment_count": 5, "reply_count": 5, "vote_type": 0, "topics_list": [{"id": 9951, "name_readable": "Professor"}], "id": 1300937, "post_id": 1300937, "user_id": 880660, "title": "", "content": "words cannot express the amount of gender envy i have towards him", "create_date": 1662659410000, "unix_timestamp": 1662659410000, "update_date": 1662659410000, "vote_count": 7, "vote_count_down": 0, "is_reported": 0, "is_hidden": false, "is_pinned": false, "is_watching": false, "is_pro_user": false, "images": null, "audios": null, "function_list": [], "type": "post"}, {"username": "Persuader", "user_pic_path": "https://static1.personality-database.com/user_avatars/282902/0606d8a0-f3c8-4376-8e46-a6382e12b169_small.jpeg", "user_personality_type": "ENFP-6w5-638", "is_mod": false, "comment_count": 0, "reply_count": 0, "vote_type": 0, "topics_list": [{"id": 9951, "name_readable": "Professor"}], "id": 2121850, "post_id": 2121850, "user_id": 282902, "title": "", "content": "Money heist Korea, which was released this time, could not implement the existing money heist professor(INTJ).", "create_date": 1656217843000, "unix_timestamp": 1656217843000, "update_date": 1656217843000, "vote_count": 1, "vote_count_down": 0, "is_reported": 1, "is_hidden": false, "is_pinned": false, "is_watching": false, "is_pro_user": false, "images": null, "audios": null, "function_list": [], "type": "post"}]}}}}