{"id": 10955, "mbti_profile": "Ignacio \u201cNacho\u201d Varga", "profile_name_searchable": "ignacio\"nacho\"varga", "allow_commenting": true, "allow_voting": true, "user_id": 2582, "contributor": "Wolfsbane", "contributor_create_date": "2018-03-29 14:27:00", "contributor_pic_path": "https://lh4.googleusercontent.com/-JZnASaNJEN0/AAAAAAAAAAI/AAAAAAAAGEI/tun_lh3Lhlo/s96-c/photo.jpg", "display_order": 950, "edit_lock": 0, "edit_lock_picture": 0, "is_active": true, "is_approved": true, "mbti_enneagram_type": "ISFP 6w5", "mbti_type": "ISFP 6w5", "pdb_comment_access": true, "pdb_page_owner": 0, "pdb_public_access": true, "wiki_description": "", "watch_count": 185, "comment_count": 167, "vote_count": 486, "vote_count_enneagram": 193, "vote_count_mbti": 486, "total_vote_counts": 1118, "personality_type": "ISFP - 6w5 - sp/sx - 694 - ESI - RLUAN - EVFL - Melancholic [Dominant] - IF(S)", "type_updated_date": "2023-01-06 05:39:36", "enneagram_vote": "", "enneagram_vote_id": 0, "mbti_vote": "", "mbti_vote_id": 0, "is_watching": false, "image_exists": false, "profile_image_url": "https://static1.personality-database.com/profile_images/47f076963b774940922a492dd17c2757.png", "profile_image_credit": "", "profile_image_credit_id": 479413, "profile_image_credit_type": "0", "profile_image_credit_url": "", "alt_subcategory": "", "related_subcategories": "", "cat_id": 2, "category": "Television", "category_is_fictional": true, "sub_cat_id": 1451, "subcategory": "Better Call Saul", "subcat_link_info": {"sub_cat_id": 1451, "cat_id": 2, "property_id": 2, "subcategory": "Better Call Saul"}, "related_subcat_link_info": null, "related_profiles": [{"id": 27738, "mbti_profile": "Eduardo \"Lalo\" Salamanca", "subcategory": "Better Call Saul", "profile_image_url": "https://static1.personality-database.com/profile_images/549ed51879e54cd2aa8fef390d50c74c.png", "profile_name": "Eduardo \"Lalo\" Salamanca", "profile_subcat": "Better Call Saul", "sub_cat_id": 1451, "cat_id": 2, "property_id": 2, "mbti": "ENFJ", "enneatype": "3w2"}, {"id": 11076, "mbti_profile": "Kim Wexler", "subcategory": "Better Call Saul", "profile_image_url": "https://static1.personality-database.com/profile_images/3e23ec69977f4cb8875be69c1013488e.png", "profile_name": "Kim Wexler", "profile_subcat": "Better Call Saul", "sub_cat_id": 1451, "cat_id": 2, "property_id": 2, "mbti": "ESTJ", "enneatype": "6w5"}, {"id": 10956, "mbti_profile": "Charles \"Chuck\" McGill", "subcategory": "Better Call Saul", "profile_image_url": "https://static1.personality-database.com/profile_images/120fefa1a0ff4548ae407ff6ea254e99.png", "profile_name": "Charles \"Chuck\" McGill", "profile_subcat": "Better Call Saul", "sub_cat_id": 1451, "cat_id": 2, "property_id": 2, "mbti": "ISTJ", "enneatype": "1w9"}, {"id": 10957, "mbti_profile": "Howard Hamlin", "subcategory": "Better Call Saul", "profile_image_url": "https://static1.personality-database.com/profile_images/be52cb0541784fe082959fd3a6b89cfe.png", "profile_name": "Howard Hamlin", "profile_subcat": "Better Call Saul", "sub_cat_id": 1451, "cat_id": 2, "property_id": 2, "mbti": "ESTJ", "enneatype": "3w2"}, {"id": 10958, "mbti_profile": "Daniel \"Pryce\" Wormald", "subcategory": "Better Call Saul", "profile_image_url": "https://static1.personality-database.com/profile_images/13665a2b37e4482983f93f54405ba436.png", "profile_name": "Daniel \"Pryce\" Wormald", "profile_subcat": "Better Call Saul", "sub_cat_id": 1451, "cat_id": 2, "property_id": 2, "mbti": "ISFJ", "enneatype": "6w7"}, {"id": 27737, "mbti_profile": "Werner Ziegler", "subcategory": "Better Call Saul", "profile_image_url": "https://static1.personality-database.com/profile_images/a8a89c5a76c3408ebd74c8ddc58c95a4.png", "profile_name": "Werner Ziegler", "profile_subcat": "Better Call Saul", "sub_cat_id": 1451, "cat_id": 2, "property_id": 2, "mbti": "ISFJ", "enneatype": "2w1"}, {"id": 507353, "mbti_profile": "Gene Takovic", "subcategory": "Better Call Saul", "profile_image_url": "https://static1.personality-database.com/profile_images/7237a620424a4ddf9f70c7864e1314d6.png", "profile_name": "Gene Takovic", "profile_subcat": "Better Call Saul", "sub_cat_id": 1451, "cat_id": 2, "property_id": 2, "mbti": "ISTJ", "enneatype": "6w5"}, {"id": 176453, "mbti_profile": "Betsy Kettleman", "subcategory": "Better Call Saul", "profile_image_url": "https://static1.personality-database.com/profile_images/a325579219d948889618cd6ec0402fe0.png", "profile_name": "Betsy Kettleman", "profile_subcat": "Better Call Saul", "sub_cat_id": 1451, "cat_id": 2, "property_id": 2, "mbti": "ESTJ", "enneatype": "3w2"}], "functions": ["Fi", "Se", "Ni", "Te"], "systems": [{"hex_color": "#888888", "id": 1, "personality_type": "XXXX", "personality_type_id": 0, "system_name": "Four Letter", "system_vote_count": 474, "user_vote_type_id": 0, "vote_id": 0}, {"hex_color": "#006775", "id": 2, "personality_type": "XXXX", "personality_type_id": 0, "system_name": "Enneagram", "system_vote_count": 184, "user_vote_type_id": 0, "vote_id": 0}, {"hex_color": "#006775", "id": 5, "personality_type": "XXXX", "personality_type_id": 0, "system_name": "Instinctual Variant", "system_vote_count": 103, "user_vote_type_id": 0, "vote_id": 0}, {"hex_color": "#006775", "id": 6, "personality_type": "XXXX", "personality_type_id": 0, "system_name": "Tritype", "system_vote_count": 83, "user_vote_type_id": 0, "vote_id": 0}, {"hex_color": "#888888", "id": 3, "personality_type": "XXXX", "personality_type_id": 0, "system_name": "Socionics", "system_vote_count": 64, "user_vote_type_id": 0, "vote_id": 0}, {"hex_color": "#888888", "id": 9, "personality_type": "XXXX", "personality_type_id": 0, "system_name": "Big 5 (SLOAN)", "system_vote_count": 66, "user_vote_type_id": 0, "vote_id": 0}, {"hex_color": "#888888", "id": 8, "personality_type": "XXXX", "personality_type_id": 0, "system_name": "Attitudinal Psyche", "system_vote_count": 47, "user_vote_type_id": 0, "vote_id": 0}, {"hex_color": "#888888", "id": 7, "personality_type": "XXXX", "personality_type_id": 0, "system_name": "Temperaments", "system_vote_count": 80, "user_vote_type_id": 0, "vote_id": 0}, {"hex_color": "#888888", "id": 11, "personality_type": "XXXX", "personality_type_id": 0, "system_name": "Classic Jungian", "system_vote_count": 8, "user_vote_type_id": 0, "vote_id": 0}], "breakdown_systems": {"1": [{"myValue": "ISFP", "personality_system_id": 1, "personality_type": "ISFP", "theCount": 230}, {"myValue": "ISTP", "personality_system_id": 1, "personality_type": "ISTP", "theCount": 203}, {"myValue": "INFP", "personality_system_id": 1, "personality_type": "INFP", "theCount": 27}, {"myValue": "ISTJ", "personality_system_id": 1, "personality_type": "ISTJ", "theCount": 5}, {"myValue": "INTP", "personality_system_id": 1, "personality_type": "INTP", "theCount": 4}, {"myValue": "INTJ", "personality_system_id": 1, "personality_type": "INTJ", "theCount": 2}, {"myValue": "ENFJ", "personality_system_id": 1, "personality_type": "ENFJ", "theCount": 1}, {"myValue": "ESTP", "personality_system_id": 1, "personality_type": "ESTP", "theCount": 1}, {"myValue": "ISFJ", "personality_system_id": 1, "personality_type": "ISFJ", "theCount": 1}], "11": [{"myValue": "IF(S)", "personality_system_id": 11, "personality_type": "IF(S)", "theCount": 4}, {"myValue": "IF(N)", "personality_system_id": 11, "personality_type": "IF(N)", "theCount": 1}, {"myValue": "IS(F)", "personality_system_id": 11, "personality_type": "IS(F)", "theCount": 1}, {"myValue": "IS(T)", "personality_system_id": 11, "personality_type": "IS(T)", "theCount": 1}, {"myValue": "IT(S)", "personality_system_id": 11, "personality_type": "IT(S)", "theCount": 1}], "2": [{"myValue": "6w5", "personality_system_id": 2, "personality_type": "6w5", "theCount": 167}, {"myValue": "6w7", "personality_system_id": 2, "personality_type": "6w7", "theCount": 4}, {"myValue": "9w8", "personality_system_id": 2, "personality_type": "9w8", "theCount": 4}, {"myValue": "7w6", "personality_system_id": 2, "personality_type": "7w6", "theCount": 3}, {"myValue": "5w6", "personality_system_id": 2, "personality_type": "5w6", "theCount": 2}, {"myValue": "3w2", "personality_system_id": 2, "personality_type": "3w2", "theCount": 1}, {"myValue": "4w5", "personality_system_id": 2, "personality_type": "4w5", "theCount": 1}, {"myValue": "5w4", "personality_system_id": 2, "personality_type": "5w4", "theCount": 1}, {"myValue": "8w9", "personality_system_id": 2, "personality_type": "8w9", "theCount": 1}], "3": [{"myValue": "ESI", "personality_system_id": 3, "personality_type": "ESI", "theCount": 31}, {"myValue": "LSI", "personality_system_id": 3, "personality_type": "LSI", "theCount": 18}, {"myValue": "LII", "personality_system_id": 3, "personality_type": "LII", "theCount": 5}, {"myValue": "LIE", "personality_system_id": 3, "personality_type": "LIE", "theCount": 4}, {"myValue": "EIE", "personality_system_id": 3, "personality_type": "EIE", "theCount": 1}, {"myValue": "EII", "personality_system_id": 3, "personality_type": "EII", "theCount": 1}, {"myValue": "ESE", "personality_system_id": 3, "personality_type": "ESE", "theCount": 1}, {"myValue": "ILE", "personality_system_id": 3, "personality_type": "ILE", "theCount": 1}, {"myValue": "LSE", "personality_system_id": 3, "personality_type": "LSE", "theCount": 1}, {"myValue": "SEI", "personality_system_id": 3, "personality_type": "SEI", "theCount": 1}], "4": [{"myValue": "Chaotic Neutral", "personality_system_id": 4, "personality_type": "Chaotic Neutral", "theCount": 8}, {"myValue": "Neutral Evil", "personality_system_id": 4, "personality_type": "Neutral Evil", "theCount": 1}], "5": [{"myValue": "sp/sx", "personality_system_id": 5, "personality_type": "sp/sx", "theCount": 29}, {"myValue": "sx/so", "personality_system_id": 5, "personality_type": "sx/so", "theCount": 23}, {"myValue": "sp/so", "personality_system_id": 5, "personality_type": "sp/so", "theCount": 18}, {"myValue": "sx/sp", "personality_system_id": 5, "personality_type": "sx/sp", "theCount": 18}, {"myValue": "so/sx", "personality_system_id": 5, "personality_type": "so/sx", "theCount": 12}, {"myValue": "so/sp", "personality_system_id": 5, "personality_type": "so/sp", "theCount": 3}], "6": [{"myValue": "694", "personality_system_id": 6, "personality_type": "694", "theCount": 39}, {"myValue": "379", "personality_system_id": 6, "personality_type": "379", "theCount": 6}, {"myValue": "684", "personality_system_id": 6, "personality_type": "684", "theCount": 5}, {"myValue": "693", "personality_system_id": 6, "personality_type": "693", "theCount": 5}, {"myValue": "126", "personality_system_id": 6, "personality_type": "126", "theCount": 4}, {"myValue": "127", "personality_system_id": 6, "personality_type": "127", "theCount": 4}, {"myValue": "125", "personality_system_id": 6, "personality_type": "125", "theCount": 2}, {"myValue": "268", "personality_system_id": 6, "personality_type": "268", "theCount": 2}, {"myValue": "269", "personality_system_id": 6, "personality_type": "269", "theCount": 2}, {"myValue": "469", "personality_system_id": 6, "personality_type": "469", "theCount": 2}, {"myValue": "964", "personality_system_id": 6, "personality_type": "964", "theCount": 2}, {"myValue": "278", "personality_system_id": 6, "personality_type": "278", "theCount": 1}, {"myValue": "369", "personality_system_id": 6, "personality_type": "369", "theCount": 1}, {"myValue": "613", "personality_system_id": 6, "personality_type": "613", "theCount": 1}, {"myValue": "641", "personality_system_id": 6, "personality_type": "641", "theCount": 1}, {"myValue": "648", "personality_system_id": 6, "personality_type": "648", "theCount": 1}, {"myValue": "649", "personality_system_id": 6, "personality_type": "649", "theCount": 1}, {"myValue": "682", "personality_system_id": 6, "personality_type": "682", "theCount": 1}, {"myValue": "683", "personality_system_id": 6, "personality_type": "683", "theCount": 1}, {"myValue": "692", "personality_system_id": 6, "personality_type": "692", "theCount": 1}, {"myValue": "954", "personality_system_id": 6, "personality_type": "954", "theCount": 1}], "7": [{"myValue": "Melancholic [Dominant]", "personality_system_id": 7, "personality_type": "Melancholic [Dominant]", "theCount": 33}, {"myValue": "Choleric-Sanguine", "personality_system_id": 7, "personality_type": "Choleric-Sanguine", "theCount": 12}, {"myValue": "Melancholic-Choleric", "personality_system_id": 7, "personality_type": "Melancholic-Choleric", "theCount": 10}, {"myValue": "Choleric-Phlegmatic", "personality_system_id": 7, "personality_type": "Choleric-Phlegmatic", "theCount": 7}, {"myValue": "Melancholic-Phlegmatic", "personality_system_id": 7, "personality_type": "Melancholic-Phlegmatic", "theCount": 5}, {"myValue": "Phlegmatic-Melancholic", "personality_system_id": 7, "personality_type": "Phlegmatic-Melancholic", "theCount": 5}, {"myValue": "Phlegmatic-Choleric", "personality_system_id": 7, "personality_type": "Phlegmatic-Choleric", "theCount": 3}, {"myValue": "Choleric-Melancholic", "personality_system_id": 7, "personality_type": "Choleric-Melancholic", "theCount": 2}, {"myValue": "Phlegmatic [Dominant]", "personality_system_id": 7, "personality_type": "Phlegmatic [Dominant]", "theCount": 2}, {"myValue": "Melancholic-Sanguine", "personality_system_id": 7, "personality_type": "Melancholic-Sanguine", "theCount": 1}], "8": [{"myValue": "EVFL", "personality_system_id": 8, "personality_type": "EVFL", "theCount": 13}, {"myValue": "FLVE", "personality_system_id": 8, "personality_type": "FLVE", "theCount": 11}, {"myValue": "LFVE", "personality_system_id": 8, "personality_type": "LFVE", "theCount": 6}, {"myValue": "EFVL", "personality_system_id": 8, "personality_type": "EFVL", "theCount": 5}, {"myValue": "LVFE", "personality_system_id": 8, "personality_type": "LVFE", "theCount": 4}, {"myValue": "FLEV", "personality_system_id": 8, "personality_type": "FLEV", "theCount": 3}, {"myValue": "FEVL", "personality_system_id": 8, "personality_type": "FEVL", "theCount": 2}, {"myValue": "EVLF", "personality_system_id": 8, "personality_type": "EVLF", "theCount": 1}, {"myValue": "FELV", "personality_system_id": 8, "personality_type": "FELV", "theCount": 1}, {"myValue": "FVEL", "personality_system_id": 8, "personality_type": "FVEL", "theCount": 1}], "9": [{"myValue": "RLUAN", "personality_system_id": 9, "personality_type": "RLUAN", "theCount": 25}, {"myValue": "RCOAN", "personality_system_id": 9, "personality_type": "RCOAN", "theCount": 11}, {"myValue": "RLUEN", "personality_system_id": 9, "personality_type": "RLUEN", "theCount": 8}, {"myValue": "RCOEN", "personality_system_id": 9, "personality_type": "RCOEN", "theCount": 3}, {"myValue": "RLUAI", "personality_system_id": 9, "personality_type": "RLUAI", "theCount": 3}, {"myValue": "RLUEI", "personality_system_id": 9, "personality_type": "RLUEI", "theCount": 3}, {"myValue": "RCOAI", "personality_system_id": 9, "personality_type": "RCOAI", "theCount": 2}, {"myValue": "RCUAN", "personality_system_id": 9, "personality_type": "RCUAN", "theCount": 2}, {"myValue": "RLOAN", "personality_system_id": 9, "personality_type": "RLOAN", "theCount": 2}, {"myValue": "RLOEI", "personality_system_id": 9, "personality_type": "RLOEI", "theCount": 2}, {"myValue": "RLOEN", "personality_system_id": 9, "personality_type": "RLOEN", "theCount": 2}, {"myValue": "RCUEN", "personality_system_id": 9, "personality_type": "RCUEN", "theCount": 1}, {"myValue": "RLOAI", "personality_system_id": 9, "personality_type": "RLOAI", "theCount": 1}, {"myValue": "SCOEI", "personality_system_id": 9, "personality_type": "SCOEI", "theCount": 1}]}, "breakdown_config": {"expand": {"1": 3, "11": 1, "2": 3, "3": 2, "4": 1, "5": 4, "6": 1, "7": 1, "8": 2, "9": 1}, "fire": {"1": 1, "11": 0, "2": 0, "3": 1, "4": 0, "5": 1, "6": 0, "7": 0, "8": 1, "9": 0}}, "mbti_letter_stats": [{"type": "I", "percentage": "100%", "PercentageFloat": 0.9957805907172996}, {"type": "S", "percentage": "93%", "PercentageFloat": 0.9282700421940928}, {"type": "F", "percentage": "55%", "PercentageFloat": 0.5464135021097046}, {"type": "P", "percentage": "98%", "PercentageFloat": 0.9810126582278481}], "topic_info": {"can_generate": false, "topic": {"description": "", "follow_count": 0, "id": 10246, "is_following": false, "is_join_pending": false, "is_banned": false, "is_moderated": false, "name_readable": "Ignacio \"Nacho\" Varga", "post_count": 5, "source_profile_id": 10955, "source_type": "profile", "join_to_post": false, "can_pin": false, "related_topics": [{"description": "Kim is shown to be a highly intelligent, dedicated, caring, formidable and loyal woman who is a highly skilled lawyer. Despite a poor upbringing in Nebraska with a neglectful mother and few opportunities to thrive, Kim was able to get out and make something of herself, becoming one of the best lawyers at HHM as a result. Kim is shown to greatly cherish her work and her ability to help her clients and further the interests of her law firm. She is highly skilled at negotiation and devising legal strategies in order to get her clients the best deals possible, which earns her the praise of many lawyers. Despite poor treatment from her boss Howard Hamlin, Kim initially does not let grudges consume her and keeps her head down and works strongly to dig herself out of problems, showing her fearlessness and independence.", "follow_count": 0, "id": 10337, "is_following": false, "is_join_pending": false, "is_banned": false, "is_moderated": false, "name_readable": "Kim Wexler", "post_count": 59, "source_profile_id": 11076, "source_type": "profile", "image": {"picURL": "https://static1.personality-database.com/profile_images/3e23ec69977f4cb8875be69c1013488e.png"}, "join_to_post": false, "can_pin": false}, {"description": "", "follow_count": 1, "id": 10247, "is_following": false, "is_join_pending": false, "is_banned": false, "is_moderated": false, "name_readable": "Charles \"Chuck\" McGill Jr.", "post_count": 34, "source_profile_id": 10956, "source_type": "profile", "image": {"picURL": "https://static1.personality-database.com/profile_images/120fefa1a0ff4548ae407ff6ea254e99.png"}, "join_to_post": false, "can_pin": false}, {"description": "", "follow_count": 0, "id": 10248, "is_following": false, "is_join_pending": false, "is_banned": false, "is_moderated": false, "name_readable": "Howard Hamlin", "post_count": 30, "source_profile_id": 10957, "source_type": "profile", "image": {"picURL": "https://static1.personality-database.com/profile_images/be52cb0541784fe082959fd3a6b89cfe.png"}, "join_to_post": false, "can_pin": false}, {"description": "#TonyDalton #ENFJvillains", "follow_count": 3, "id": 24971, "is_following": false, "is_join_pending": false, "is_banned": false, "is_moderated": false, "name_readable": "Eduardo \u201cLalo\u201d Salamanca", "post_count": 15, "source_profile_id": 27738, "source_type": "profile", "image": {"picURL": "https://static1.personality-database.com/profile_images/549ed51879e54cd2aa8fef390d50c74c.png"}, "join_to_post": false, "can_pin": false}, {"description": "", "follow_count": 0, "id": 10246, "is_following": false, "is_join_pending": false, "is_banned": false, "is_moderated": false, "name_readable": "Ignacio \"Nacho\" Varga", "post_count": 5, "source_profile_id": 10955, "source_type": "profile", "image": {"picURL": "https://static1.personality-database.com/profile_images/47f076963b774940922a492dd17c2757.png"}, "join_to_post": false, "can_pin": false}, {"description": "", "follow_count": 0, "id": 135878, "is_following": false, "is_join_pending": false, "is_banned": false, "is_moderated": false, "name_readable": "Betsy Kettleman", "post_count": 4, "source_profile_id": 176453, "source_type": "profile", "image": {"picURL": "https://static1.personality-database.com/profile_images/a325579219d948889618cd6ec0402fe0.png"}, "join_to_post": false, "can_pin": false}, {"description": "", "follow_count": 0, "id": 108800, "is_following": false, "is_join_pending": false, "is_banned": false, "is_moderated": false, "name_readable": "Joey Dixon", "post_count": 3, "source_profile_id": 140580, "source_type": "profile", "image": {"picURL": "https://static1.personality-database.com/profile_images/074ffcef980d4c3c96e1f6ebd07cb0cb.png"}, "join_to_post": false, "can_pin": false}, {"description": "", "follow_count": 1, "id": 160419, "is_following": false, "is_join_pending": false, "is_banned": false, "is_moderated": false, "name_readable": "Bill Oakley", "post_count": 3, "source_profile_id": 207646, "source_type": "profile", "image": {"picURL": "https://static1.personality-database.com/profile_images/3eba8df296c64770bd3621b70a8ae3b8.png"}, "join_to_post": false, "can_pin": false}, {"description": "Marion is Jeff's mother, and an acquaintance and friend of Gene Takavic.\nPlayed by Carol Burnett", "follow_count": 0, "id": 337065, "is_following": false, "is_join_pending": false, "is_banned": false, "is_moderated": false, "name_readable": "Marion", "post_count": 2, "source_profile_id": 531050, "source_type": "profile", "image": {"picURL": "https://static1.personality-database.com/profile_images/49cc362397324d97af834fdee954f7ee.png"}, "join_to_post": false, "can_pin": false}, {"description": "", "follow_count": 0, "id": 85909, "is_following": false, "is_join_pending": false, "is_banned": false, "is_moderated": false, "name_readable": "Richard Schweikart", "post_count": 2, "source_profile_id": 108042, "source_type": "profile", "image": {"picURL": "https://static1.personality-database.com/profile_images/90fb5a47f1ac43dc98c29f6d3489371a.png"}, "join_to_post": false, "can_pin": false}, {"description": "", "follow_count": 0, "id": 89997, "is_following": false, "is_join_pending": false, "is_banned": false, "is_moderated": false, "name_readable": "Irene Landry", "post_count": 1, "source_profile_id": 113401, "source_type": "profile", "image": {"picURL": "https://static1.personality-database.com/profile_images/438b37c0efb5416c8d845cf6c39f5106.png"}, "join_to_post": false, "can_pin": false}, {"description": "Gene's lost dog.", "follow_count": 0, "id": 336950, "is_following": false, "is_join_pending": false, "is_banned": false, "is_moderated": false, "name_readable": "Nippy", "post_count": 1, "source_profile_id": 535276, "source_type": "profile", "image": {"picURL": "https://static1.personality-database.com/profile_images/f1aaf9fc861343ad8a33a4be31485016.png"}, "join_to_post": false, "can_pin": false}, {"description": "Wife of Werner Ziegler", "follow_count": 0, "id": 330752, "is_following": false, "is_join_pending": false, "is_banned": false, "is_moderated": false, "name_readable": "Margarethe Ziegler", "post_count": 1, "source_profile_id": 497466, "source_type": "profile", "image": {"picURL": "https://static1.personality-database.com/profile_images/aad84c05549c4cc7a11eb9b403364a1a.png"}, "join_to_post": false, "can_pin": false}, {"description": "", "follow_count": 0, "id": 135879, "is_following": false, "is_join_pending": false, "is_banned": false, "is_moderated": false, "name_readable": "Craig Kettleman", "post_count": 1, "source_profile_id": 176454, "source_type": "profile", "image": {"picURL": "https://static1.personality-database.com/profile_images/d2092709b9c64929b08b13967b5a900b.png"}, "join_to_post": false, "can_pin": false}, {"description": "", "follow_count": 0, "id": 94182, "is_following": false, "is_join_pending": false, "is_banned": false, "is_moderated": false, "name_readable": "Lyle", "post_count": 1, "source_profile_id": 119726, "source_type": "profile", "image": {"picURL": "https://static1.personality-database.com/profile_images/8f0439267a8747c0b1bc7cc87be6e182.png"}, "join_to_post": false, "can_pin": false}, {"description": "", "follow_count": 0, "id": 56451, "is_following": false, "is_join_pending": false, "is_banned": false, "is_moderated": false, "name_readable": "Sobchak", "post_count": 1, "source_profile_id": 68665, "source_type": "profile", "image": {"picURL": "https://static1.personality-database.com/profile_images/276dc32763af46bc852a2c06ded84b40.png"}, "join_to_post": false, "can_pin": false}], "subcategory": "Better Call Saul", "topic_image_url": "https://static1.personality-database.com/profile_images/47f076963b774940922a492dd17c2757.png", "source_location": {"cid": 2, "pid": 2, "sub_cat_id": 1451}, "can_post_image": false, "can_post_audio": false, "posts": {"posts": [{"username": "Chicken Head n Hot Wings", "user_pic_path": "https://lh3.googleusercontent.com/a-/AFdZucrT2mFZiGZOW7wMTcjK4M9zV3cKdllTOmDDpiSw7g=s96-c", "user_personality_type": "", "is_mod": false, "comment_count": 9, "reply_count": 9, "vote_type": 0, "topics_list": [{"id": 10246, "name_readable": "Ignacio \"Nacho\" Varga"}], "id": 1220564, "post_id": 1220564, "user_id": 57037, "title": "", "content": "Anybody else find kind of racist two of the mexican cartel members were named Taco and Nacho? #society #spongebob #mohammed", "create_date": 1661456592000, "unix_timestamp": 1661456592000, "update_date": 1661456764000, "vote_count": 14, "vote_count_down": 1, "is_reported": 0, "is_hidden": false, "is_pinned": false, "is_watching": false, "is_pro_user": false, "images": null, "audios": null, "function_list": [], "type": "post"}, {"username": "puddleofnitrogen", "user_pic_path": "https://lh3.googleusercontent.com/a-/AOh14GiZwt4LgODxk2G3oGpDH1M3VURYtWYPtPc4aVTDVw=s96-c", "user_personality_type": "INFJ-4w5-461", "is_mod": false, "comment_count": 0, "reply_count": 0, "vote_type": 0, "topics_list": [{"id": 10246, "name_readable": "Ignacio \"Nacho\" Varga"}], "id": 853748, "post_id": 853748, "user_id": 284469, "title": "", "content": "ive been waiting for people to start voting him as a fi dom for so long im so happy", "create_date": 1655101958000, "unix_timestamp": 1655101958000, "update_date": 1655101958000, "vote_count": 9, "vote_count_down": 0, "is_reported": 0, "is_hidden": false, "is_pinned": false, "is_watching": false, "is_pro_user": false, "images": null, "audios": null, "function_list": [], "type": "post"}, {"username": "DeriDief", "user_pic_path": "https://lh3.googleusercontent.com/a/AATXAJw8B2XImwM8p56Pi1L45hyOZACSqHC5x0fRBYeZ=s96-c", "user_personality_type": "INFJ-1w2", "is_mod": false, "comment_count": 1, "reply_count": 1, "vote_type": 0, "topics_list": [{"id": 10246, "name_readable": "Ignacio \"Nacho\" Varga"}], "id": 842212, "post_id": 842212, "user_id": 422498, "title": "", "content": "I see Fi everywhere. To me he is an ISFP", "create_date": 1652704289000, "unix_timestamp": 1652704289000, "update_date": 1652704289000, "vote_count": 18, "vote_count_down": 0, "is_reported": 1, "is_hidden": false, "is_pinned": false, "is_watching": false, "is_pro_user": false, "images": null, "audios": null, "function_list": [], "type": "post"}]}}}}