{"id": 11, "mbti_profile": "Monica Geller", "profile_name_searchable": "monicageller", "allow_commenting": true, "allow_voting": true, "user_id": 0, "contributor": "the nameless", "contributor_create_date": "2015-05-21 21:46:59", "contributor_pic_path": "https://www.personality-database.com/images/profile_transparent.png", "display_order": 1010, "edit_lock": 0, "edit_lock_picture": 1, "is_active": true, "is_approved": true, "mbti_enneagram_type": "ESTJ 1w2", "mbti_type": "ESTJ 1w2", "pdb_comment_access": true, "pdb_page_owner": 0, "pdb_public_access": true, "wiki_description": "#CourteneyCox", "watch_count": 775, "comment_count": 462, "vote_count": 1709, "vote_count_enneagram": 678, "vote_count_mbti": 1709, "total_vote_counts": 3128, "personality_type": "ESTJ - 1w2 - so/sx - 136 - ESE - SLOAN - VEFL - Choleric [Dominant] - ET(S)", "type_updated_date": "2022-12-05 16:11:18", "enneagram_vote": "", "enneagram_vote_id": 0, "mbti_vote": "", "mbti_vote_id": 0, "is_watching": false, "image_exists": false, "profile_image_url": "https://static1.personality-database.com/profile_images/a40ba2a9b2c94807986851f074cb2fe8.png", "profile_image_credit": "", "profile_image_credit_id": 0, "profile_image_credit_type": "0", "profile_image_credit_url": "", "alt_subcategory": "", "related_subcategories": "", "cat_id": 2, "category": "Television", "category_is_fictional": true, "sub_cat_id": 2, "subcategory": "Friends (1994)", "subcat_link_info": {"sub_cat_id": 2, "cat_id": 2, "property_id": 2, "subcategory": "Friends (1994)"}, "related_subcat_link_info": null, "related_profiles": [{"id": 7, "mbti_profile": "Chandler Bing", "subcategory": "Friends (1994)", "profile_image_url": "https://static1.personality-database.com/profile_images/554a7a6f6fe14786b4a784d6c00ff39b.png", "profile_name": "Chandler Bing", "profile_subcat": "Friends (1994)", "sub_cat_id": 2, "cat_id": 2, "property_id": 2, "mbti": "ENTP", "enneatype": "6w7"}, {"id": 10, "mbti_profile": "Ross Geller", "subcategory": "Friends (1994)", "profile_image_url": "https://static1.personality-database.com/profile_images/4fb7cab1799a49159ec5b2c1611f67ee.png", "profile_name": "Ross Geller", "profile_subcat": "Friends (1994)", "sub_cat_id": 2, "cat_id": 2, "property_id": 2, "mbti": "ISTJ", "enneatype": "6w5"}, {"id": 9, "mbti_profile": "Phoebe Buffay", "subcategory": "Friends (1994)", "profile_image_url": "https://static1.personality-database.com/profile_images/ea34028a13d04402b0c0e2aa5a022ca9.png", "profile_name": "Phoebe Buffay", "profile_subcat": "Friends (1994)", "sub_cat_id": 2, "cat_id": 2, "property_id": 2, "mbti": "ENFP", "enneatype": "7w8"}, {"id": 8, "mbti_profile": "Rachel Green", "subcategory": "Friends (1994)", "profile_image_url": "https://static1.personality-database.com/profile_images/e2e3bd5bbda54d78bbbb18d020003d9b.png", "profile_name": "Rachel Green", "profile_subcat": "Friends (1994)", "sub_cat_id": 2, "cat_id": 2, "property_id": 2, "mbti": "ESFP", "enneatype": "3w4"}, {"id": 6, "mbti_profile": "Joey Tribbiani", "subcategory": "Friends (1994)", "profile_image_url": "https://static1.personality-database.com/profile_images/94feb725f56844778996862922587c56.png", "profile_name": "Joey Tribbiani", "profile_subcat": "Friends (1994)", "sub_cat_id": 2, "cat_id": 2, "property_id": 2, "mbti": "ESFP", "enneatype": "7w6"}, {"id": 21567, "mbti_profile": "Richard Burke", "subcategory": "Friends (1994)", "profile_image_url": "https://static1.personality-database.com/profile_images/4da1e801658c45d29d02a1083b1de32c.png", "profile_name": "Richard Burke", "profile_subcat": "Friends (1994)", "sub_cat_id": 2, "cat_id": 2, "property_id": 2, "mbti": "INFJ", "enneatype": "2w1"}, {"id": 19494, "mbti_profile": "Michael \u201cMike\u201d Hannigan", "subcategory": "Friends (1994)", "profile_image_url": "https://static1.personality-database.com/profile_images/1dd77f4ff3a246e990b7986e49273dae.png", "profile_name": "Michael \u201cMike\u201d Hannigan", "profile_subcat": "Friends (1994)", "sub_cat_id": 2, "cat_id": 2, "property_id": 2, "mbti": "INFP", "enneatype": "9w8"}, {"id": 23690, "mbti_profile": "Jack Geller", "subcategory": "Friends (1994)", "profile_image_url": "https://static1.personality-database.com/profile_images/8a97405328fd46b0bbe676b5788f5f09.png", "profile_name": "Jack Geller", "profile_subcat": "Friends (1994)", "sub_cat_id": 2, "cat_id": 2, "property_id": 2, "mbti": "ESFJ", "enneatype": "7w6"}], "functions": ["Te", "Si", "Ne", "Fi"], "systems": [{"hex_color": "#888888", "id": 1, "personality_type": "XXXX", "personality_type_id": 0, "system_name": "Four Letter", "system_vote_count": 1687, "user_vote_type_id": 0, "vote_id": 0}, {"hex_color": "#006775", "id": 2, "personality_type": "XXXX", "personality_type_id": 0, "system_name": "Enneagram", "system_vote_count": 660, "user_vote_type_id": 0, "vote_id": 0}, {"hex_color": "#006775", "id": 5, "personality_type": "XXXX", "personality_type_id": 0, "system_name": "Instinctual Variant", "system_vote_count": 157, "user_vote_type_id": 0, "vote_id": 0}, {"hex_color": "#006775", "id": 6, "personality_type": "XXXX", "personality_type_id": 0, "system_name": "Tritype", "system_vote_count": 199, "user_vote_type_id": 0, "vote_id": 0}, {"hex_color": "#888888", "id": 3, "personality_type": "XXXX", "personality_type_id": 0, "system_name": "Socionics", "system_vote_count": 69, "user_vote_type_id": 0, "vote_id": 0}, {"hex_color": "#888888", "id": 9, "personality_type": "XXXX", "personality_type_id": 0, "system_name": "Big 5 (SLOAN)", "system_vote_count": 78, "user_vote_type_id": 0, "vote_id": 0}, {"hex_color": "#888888", "id": 8, "personality_type": "XXXX", "personality_type_id": 0, "system_name": "Attitudinal Psyche", "system_vote_count": 47, "user_vote_type_id": 0, "vote_id": 0}, {"hex_color": "#888888", "id": 7, "personality_type": "XXXX", "personality_type_id": 0, "system_name": "Temperaments", "system_vote_count": 165, "user_vote_type_id": 0, "vote_id": 0}, {"hex_color": "#888888", "id": 11, "personality_type": "XXXX", "personality_type_id": 0, "system_name": "Classic Jungian", "system_vote_count": 8, "user_vote_type_id": 0, "vote_id": 0}], "breakdown_systems": {"1": [{"myValue": "ESTJ", "personality_system_id": 1, "personality_type": "ESTJ", "theCount": 1126}, {"myValue": "ESFJ", "personality_system_id": 1, "personality_type": "ESFJ", "theCount": 503}, {"myValue": "ISFJ", "personality_system_id": 1, "personality_type": "ISFJ", "theCount": 16}, {"myValue": "ENTJ", "personality_system_id": 1, "personality_type": "ENTJ", "theCount": 12}, {"myValue": "ENFJ", "personality_system_id": 1, "personality_type": "ENFJ", "theCount": 11}, {"myValue": "ISTJ", "personality_system_id": 1, "personality_type": "ISTJ", "theCount": 11}, {"myValue": "INFJ", "personality_system_id": 1, "personality_type": "INFJ", "theCount": 2}, {"myValue": "INTJ", "personality_system_id": 1, "personality_type": "INTJ", "theCount": 2}, {"myValue": "ENFP", "personality_system_id": 1, "personality_type": "ENFP", "theCount": 1}, {"myValue": "ESFP", "personality_system_id": 1, "personality_type": "ESFP", "theCount": 1}, {"myValue": "ESTP", "personality_system_id": 1, "personality_type": "ESTP", "theCount": 1}, {"myValue": "INTP", "personality_system_id": 1, "personality_type": "INTP", "theCount": 1}], "10": [{"myValue": "Left-brained Extrovert", "personality_system_id": 10, "personality_type": "Left-brained Extrovert", "theCount": 4}], "11": [{"myValue": "ET(S)", "personality_system_id": 11, "personality_type": "ET(S)", "theCount": 5}, {"myValue": "EF(S)", "personality_system_id": 11, "personality_type": "EF(S)", "theCount": 2}, {"myValue": "ES(F)", "personality_system_id": 11, "personality_type": "ES(F)", "theCount": 1}], "2": [{"myValue": "1w2", "personality_system_id": 2, "personality_type": "1w2", "theCount": 426}, {"myValue": "3w2", "personality_system_id": 2, "personality_type": "3w2", "theCount": 182}, {"myValue": "2w3", "personality_system_id": 2, "personality_type": "2w3", "theCount": 25}, {"myValue": "2w1", "personality_system_id": 2, "personality_type": "2w1", "theCount": 10}, {"myValue": "1w9", "personality_system_id": 2, "personality_type": "1w9", "theCount": 8}, {"myValue": "3w4", "personality_system_id": 2, "personality_type": "3w4", "theCount": 5}, {"myValue": "6w5", "personality_system_id": 2, "personality_type": "6w5", "theCount": 2}, {"myValue": "5w6", "personality_system_id": 2, "personality_type": "5w6", "theCount": 1}, {"myValue": "8w9", "personality_system_id": 2, "personality_type": "8w9", "theCount": 1}], "3": [{"myValue": "ESE", "personality_system_id": 3, "personality_type": "ESE", "theCount": 28}, {"myValue": "LSE", "personality_system_id": 3, "personality_type": "LSE", "theCount": 18}, {"myValue": "ESI", "personality_system_id": 3, "personality_type": "ESI", "theCount": 14}, {"myValue": "SLE", "personality_system_id": 3, "personality_type": "SLE", "theCount": 3}, {"myValue": "IEE", "personality_system_id": 3, "personality_type": "IEE", "theCount": 2}, {"myValue": "LSI", "personality_system_id": 3, "personality_type": "LSI", "theCount": 2}, {"myValue": "LII", "personality_system_id": 3, "personality_type": "LII", "theCount": 1}, {"myValue": "SEE", "personality_system_id": 3, "personality_type": "SEE", "theCount": 1}], "4": [{"myValue": "Lawful Good", "personality_system_id": 4, "personality_type": "Lawful Good", "theCount": 40}, {"myValue": "Lawful Neutral", "personality_system_id": 4, "personality_type": "Lawful Neutral", "theCount": 6}, {"myValue": "Chaotic Good", "personality_system_id": 4, "personality_type": "Chaotic Good", "theCount": 4}, {"myValue": "Neutral Good", "personality_system_id": 4, "personality_type": "Neutral Good", "theCount": 3}, {"myValue": "Lawful Evil", "personality_system_id": 4, "personality_type": "Lawful Evil", "theCount": 1}], "5": [{"myValue": "so/sx", "personality_system_id": 5, "personality_type": "so/sx", "theCount": 83}, {"myValue": "sp/so", "personality_system_id": 5, "personality_type": "sp/so", "theCount": 34}, {"myValue": "so/sp", "personality_system_id": 5, "personality_type": "so/sp", "theCount": 32}, {"myValue": "sp/sx", "personality_system_id": 5, "personality_type": "sp/sx", "theCount": 4}, {"myValue": "sx/so", "personality_system_id": 5, "personality_type": "sx/so", "theCount": 2}, {"myValue": "sx/sp", "personality_system_id": 5, "personality_type": "sx/sp", "theCount": 2}], "6": [{"myValue": "136", "personality_system_id": 6, "personality_type": "136", "theCount": 108}, {"myValue": "316", "personality_system_id": 6, "personality_type": "316", "theCount": 67}, {"myValue": "126", "personality_system_id": 6, "personality_type": "126", "theCount": 5}, {"myValue": "163", "personality_system_id": 6, "personality_type": "163", "theCount": 4}, {"myValue": "361", "personality_system_id": 6, "personality_type": "361", "theCount": 4}, {"myValue": "258", "personality_system_id": 6, "personality_type": "258", "theCount": 2}, {"myValue": "368", "personality_system_id": 6, "personality_type": "368", "theCount": 2}, {"myValue": "125", "personality_system_id": 6, "personality_type": "125", "theCount": 1}, {"myValue": "162", "personality_system_id": 6, "personality_type": "162", "theCount": 1}, {"myValue": "216", "personality_system_id": 6, "personality_type": "216", "theCount": 1}, {"myValue": "286", "personality_system_id": 6, "personality_type": "286", "theCount": 1}, {"myValue": "315", "personality_system_id": 6, "personality_type": "315", "theCount": 1}, {"myValue": "478", "personality_system_id": 6, "personality_type": "478", "theCount": 1}, {"myValue": "613", "personality_system_id": 6, "personality_type": "613", "theCount": 1}], "7": [{"myValue": "Choleric [Dominant]", "personality_system_id": 7, "personality_type": "Choleric [Dominant]", "theCount": 100}, {"myValue": "Choleric-Sanguine", "personality_system_id": 7, "personality_type": "Choleric-Sanguine", "theCount": 45}, {"myValue": "Choleric-Phlegmatic", "personality_system_id": 7, "personality_type": "Choleric-Phlegmatic", "theCount": 7}, {"myValue": "Choleric-Melancholic", "personality_system_id": 7, "personality_type": "Choleric-Melancholic", "theCount": 6}, {"myValue": "Phlegmatic-Sanguine", "personality_system_id": 7, "personality_type": "Phlegmatic-Sanguine", "theCount": 2}, {"myValue": "Melancholic [Dominant]", "personality_system_id": 7, "personality_type": "Melancholic [Dominant]", "theCount": 1}, {"myValue": "Melancholic-Choleric", "personality_system_id": 7, "personality_type": "Melancholic-Choleric", "theCount": 1}, {"myValue": "Melancholic-Sanguine", "personality_system_id": 7, "personality_type": "Melancholic-Sanguine", "theCount": 1}, {"myValue": "Phlegmatic-Choleric", "personality_system_id": 7, "personality_type": "Phlegmatic-Choleric", "theCount": 1}, {"myValue": "Sanguine [Dominant]", "personality_system_id": 7, "personality_type": "Sanguine [Dominant]", "theCount": 1}], "8": [{"myValue": "VEFL", "personality_system_id": 8, "personality_type": "VEFL", "theCount": 30}, {"myValue": "VFEL", "personality_system_id": 8, "personality_type": "VFEL", "theCount": 12}, {"myValue": "VLFE", "personality_system_id": 8, "personality_type": "VLFE", "theCount": 2}, {"myValue": "LEFV", "personality_system_id": 8, "personality_type": "LEFV", "theCount": 1}, {"myValue": "VFLE", "personality_system_id": 8, "personality_type": "VFLE", "theCount": 1}, {"myValue": "VLEF", "personality_system_id": 8, "personality_type": "VLEF", "theCount": 1}], "9": [{"myValue": "SLOAN", "personality_system_id": 9, "personality_type": "SLOAN", "theCount": 67}, {"myValue": "SCOAN", "personality_system_id": 9, "personality_type": "SCOAN", "theCount": 3}, {"myValue": "SLOEN", "personality_system_id": 9, "personality_type": "SLOEN", "theCount": 3}, {"myValue": "SCOEN", "personality_system_id": 9, "personality_type": "SCOEN", "theCount": 2}, {"myValue": "SLOAI", "personality_system_id": 9, "personality_type": "SLOAI", "theCount": 1}, {"myValue": "SLOEI", "personality_system_id": 9, "personality_type": "SLOEI", "theCount": 1}, {"myValue": "SLUEI", "personality_system_id": 9, "personality_type": "SLUEI", "theCount": 1}]}, "breakdown_config": {"expand": {"1": 3, "10": 1, "11": 1, "2": 3, "3": 2, "4": 1, "5": 1, "6": 2, "7": 1, "8": 1, "9": 1}, "fire": {"1": 0, "10": 0, "11": 0, "2": 0, "3": 1, "4": 0, "5": 0, "6": 1, "7": 0, "8": 0, "9": 0}}, "mbti_letter_stats": [{"type": "E", "percentage": "98%", "PercentageFloat": 0.981031416716064}, {"type": "S", "percentage": "98%", "PercentageFloat": 0.982809721398933}, {"type": "T", "percentage": "68%", "PercentageFloat": 0.6834617664493183}, {"type": "J", "percentage": "100%", "PercentageFloat": 0.997628927089508}], "topic_info": {"can_generate": false, "topic": {"description": "#CourteneyCox", "follow_count": 2, "id": 35, "is_following": false, "is_join_pending": false, "is_banned": false, "is_moderated": false, "name_readable": "Monica Geller", "post_count": 5, "source_profile_id": 11, "source_type": "profile", "join_to_post": false, "can_pin": false, "related_topics": [{"description": "#MatthewPerry", "follow_count": 2, "id": 31, "is_following": false, "is_join_pending": false, "is_banned": false, "is_moderated": false, "name_readable": "Chandler Bing", "post_count": 18, "source_profile_id": 7, "source_type": "profile", "image": {"picURL": "https://static1.personality-database.com/profile_images/554a7a6f6fe14786b4a784d6c00ff39b.png"}, "join_to_post": false, "can_pin": false}, {"description": "#DavidSchwimmer #Friends", "follow_count": 0, "id": 34, "is_following": false, "is_join_pending": false, "is_banned": false, "is_moderated": false, "name_readable": "Ross Geller", "post_count": 13, "source_profile_id": 10, "source_type": "profile", "image": {"picURL": "https://static1.personality-database.com/profile_images/4fb7cab1799a49159ec5b2c1611f67ee.png"}, "join_to_post": false, "can_pin": false}, {"description": "#JenniferAniston", "follow_count": 0, "id": 32, "is_following": false, "is_join_pending": false, "is_banned": false, "is_moderated": false, "name_readable": "Rachel Green", "post_count": 7, "source_profile_id": 8, "source_type": "profile", "image": {"picURL": "https://static1.personality-database.com/profile_images/e2e3bd5bbda54d78bbbb18d020003d9b.png"}, "join_to_post": false, "can_pin": false}, {"description": "#LisaKudrow", "follow_count": 6, "id": 33, "is_following": false, "is_join_pending": false, "is_banned": false, "is_moderated": false, "name_readable": "Phoebe Buffay", "post_count": 6, "source_profile_id": 9, "source_type": "profile", "image": {"picURL": "https://static1.personality-database.com/profile_images/ea34028a13d04402b0c0e2aa5a022ca9.png"}, "join_to_post": false, "can_pin": false}, {"description": "#CourteneyCox", "follow_count": 2, "id": 35, "is_following": false, "is_join_pending": false, "is_banned": false, "is_moderated": false, "name_readable": "Monica Geller", "post_count": 5, "source_profile_id": 11, "source_type": "profile", "image": {"picURL": "https://static1.personality-database.com/profile_images/a40ba2a9b2c94807986851f074cb2fe8.png"}, "join_to_post": false, "can_pin": false}, {"description": "\"How YOU doin'?\"\n\n\"JOEY DOESN'T SHARE FOOD!!!!\"\n\n#MattLeBlanc", "follow_count": 0, "id": 30, "is_following": false, "is_join_pending": false, "is_banned": false, "is_moderated": false, "name_readable": "Joey Tribbiani", "post_count": 3, "source_profile_id": 6, "source_type": "profile", "image": {"picURL": "https://static1.personality-database.com/profile_images/94feb725f56844778996862922587c56.png"}, "join_to_post": false, "can_pin": false}, {"description": "", "follow_count": 0, "id": 125494, "is_following": false, "is_join_pending": false, "is_banned": false, "is_moderated": false, "name_readable": "Dr. Michael Mitchell", "post_count": 1, "source_profile_id": 161647, "source_type": "profile", "image": {"picURL": "https://static1.personality-database.com/profile_images/fa554e229a524f798a0f66cc2d1e25fe.png"}, "join_to_post": false, "can_pin": false}, {"description": "", "follow_count": 0, "id": 242134, "is_following": false, "is_join_pending": false, "is_banned": false, "is_moderated": false, "name_readable": "Ugly Naked Guy", "post_count": 1, "source_profile_id": 314816, "source_type": "profile", "image": {"picURL": "https://static1.personality-database.com/profile_images/d61085cfc15e460395e716dea1c1f7ea.png"}, "join_to_post": false, "can_pin": false}, {"description": "", "follow_count": 0, "id": 66789, "is_following": false, "is_join_pending": false, "is_banned": false, "is_moderated": false, "name_readable": "Tag Jones", "post_count": 1, "source_profile_id": 82422, "source_type": "profile", "image": {"picURL": "https://static1.personality-database.com/profile_images/21f16cdf2b9e48fa9950d455468b4434.png"}, "join_to_post": false, "can_pin": false}, {"description": "", "follow_count": 0, "id": 66762, "is_following": false, "is_join_pending": false, "is_banned": false, "is_moderated": false, "name_readable": "Susan Bunch", "post_count": 1, "source_profile_id": 82394, "source_type": "profile", "image": {"picURL": "https://static1.personality-database.com/profile_images/aa8c52346d6848ac8a225fdbbbe41f65.png"}, "join_to_post": false, "can_pin": false}, {"description": "#LisaKudrow", "follow_count": 0, "id": 49075, "is_following": false, "is_join_pending": false, "is_banned": false, "is_moderated": false, "name_readable": "Ursula Buffay", "post_count": 1, "source_profile_id": 58033, "source_type": "profile", "image": {"picURL": "https://static1.personality-database.com/profile_images/f6f59279f8214f6d9a226fcf9c3431b2.png"}, "join_to_post": false, "can_pin": false}, {"description": "#TomSelleck", "follow_count": 0, "id": 19568, "is_following": false, "is_join_pending": false, "is_banned": false, "is_moderated": false, "name_readable": "Richard Burke", "post_count": 1, "source_profile_id": 21567, "source_type": "profile", "image": {"picURL": "https://static1.personality-database.com/profile_images/4da1e801658c45d29d02a1083b1de32c.png"}, "join_to_post": false, "can_pin": false}, {"description": "", "follow_count": 0, "id": 265177, "is_following": false, "is_join_pending": false, "is_banned": false, "is_moderated": false, "name_readable": "Joanna", "post_count": 0, "source_profile_id": 344475, "source_type": "profile", "image": {"picURL": "https://static1.personality-database.com/profile_images/42c30daa877c468babdbe6b1d76c34b6.png"}, "join_to_post": false, "can_pin": false}, {"description": "", "follow_count": 0, "id": 66786, "is_following": false, "is_join_pending": false, "is_banned": false, "is_moderated": false, "name_readable": "Barry Farber", "post_count": 0, "source_profile_id": 82418, "source_type": "profile", "image": {"picURL": "https://static1.personality-database.com/profile_images/c2341ffe4bfa43abb76390f69923df2e.png"}, "join_to_post": false, "can_pin": false}, {"description": "", "follow_count": 0, "id": 209433, "is_following": false, "is_join_pending": false, "is_banned": false, "is_moderated": false, "name_readable": "Gary", "post_count": 0, "source_profile_id": 273170, "source_type": "profile", "image": {"picURL": "https://static1.personality-database.com/profile_images/47ed5c4756744142b35b9aeb80b8fefc.png"}, "join_to_post": false, "can_pin": false}, {"description": "", "follow_count": 0, "id": 96904, "is_following": false, "is_join_pending": false, "is_banned": false, "is_moderated": false, "name_readable": "Erica", "post_count": 0, "source_profile_id": 123641, "source_type": "profile", "image": {"picURL": "https://static1.personality-database.com/profile_images/ad41f7e15599432bad0980cfd10d94ac.png"}, "join_to_post": false, "can_pin": false}], "subcategory": "Friends (1994)", "topic_image_url": "https://static1.personality-database.com/profile_images/a40ba2a9b2c94807986851f074cb2fe8.png", "source_location": {"cid": 2, "pid": 2, "sub_cat_id": 2}, "can_post_image": false, "can_post_audio": false, "posts": {"posts": [{"username": "Watermelon sugar", "user_pic_path": "https://static1.personality-database.com/user_avatars/674533/756aa533-ffdb-4140-a6d4-0f0aef8a02c9.jpeg", "user_personality_type": "INFP-6w7-648", "is_mod": false, "comment_count": 0, "reply_count": 0, "vote_type": 0, "topics_list": [{"id": 35, "name_readable": "Monica Geller"}], "id": 1408400, "post_id": 1408400, "user_id": 674533, "title": "Young Monica", "content": "I feel like before Monica lost weight she was ESFJ", "create_date": 1664231790000, "unix_timestamp": 1664231790000, "update_date": 1664231790000, "vote_count": 7, "vote_count_down": 0, "is_reported": 0, "is_hidden": false, "is_pinned": false, "is_watching": false, "is_pro_user": false, "images": null, "audios": null, "function_list": [], "type": "post"}, {"username": "Stereotype-Killer", "user_pic_path": "https://static1.personality-database.com/user_avatars/438612/5d7a6bac-e4bc-4a2f-8de2-387b2e6d3eae_small.jpeg", "user_personality_type": "ENTP", "is_mod": false, "comment_count": 0, "reply_count": 0, "vote_type": 0, "topics_list": [{"id": 35, "name_readable": "Monica Geller"}], "id": 1054084, "post_id": 1054084, "user_id": 438612, "title": "", "content": "An ENTP guy (Chandler) engaged with an ESTJ woman (Monica). This is literally my life \ud83d\ude02", "create_date": 1658695942000, "unix_timestamp": 1658695942000, "update_date": 1658695942000, "vote_count": 4, "vote_count_down": 0, "is_reported": 0, "is_hidden": false, "is_pinned": false, "is_watching": false, "is_pro_user": false, "images": null, "audios": null, "function_list": [], "type": "post"}, {"username": "everythingeatsandiseaten", "user_pic_path": "https://lh3.googleusercontent.com/a-/AOh14GhjUFDL2bLTEhrke3JNK_XBfXDZPU5xoaYIQHkrRQ=s96-c", "user_personality_type": "", "is_mod": false, "comment_count": 3, "reply_count": 3, "vote_type": 0, "topics_list": [{"id": 35, "name_readable": "Monica Geller"}], "id": 234257, "post_id": 234257, "user_id": 514393, "title": "", "content": "ESFJ to Chandler's INTP", "create_date": 1641770752000, "unix_timestamp": 1641770752000, "update_date": 1641770752000, "vote_count": 11, "vote_count_down": 0, "is_reported": 0, "is_hidden": false, "is_pinned": false, "is_watching": false, "is_pro_user": false, "images": null, "audios": null, "function_list": [], "type": "post"}]}}}}