{"id": 11076, "mbti_profile": "Kim Wexler", "profile_name_searchable": "kimwexler", "allow_commenting": true, "allow_voting": true, "user_id": 1190, "contributor": "acool200000dollars", "contributor_create_date": "2018-04-08 07:32:44", "contributor_pic_path": "https://lh3.googleusercontent.com/a-/AOh14GhL1gVS_b0pDe1xWxtsiqyvW0qy7p2BrYJtB01SVw=s96-c", "display_order": 945, "edit_lock": 0, "edit_lock_picture": 0, "is_active": true, "is_approved": true, "mbti_enneagram_type": "ESTJ 6w5", "mbti_type": "ESTJ 6w5", "pdb_comment_access": true, "pdb_page_owner": 0, "pdb_public_access": true, "wiki_description": "Kim is shown to be a highly intelligent, dedicated, caring, formidable and loyal woman who is a highly skilled lawyer. Despite a poor upbringing in Nebraska with a neglectful mother and few opportunities to thrive, Kim was able to get out and make something of herself, becoming one of the best lawyers at HHM as a result. Kim is shown to greatly cherish her work and her ability to help her clients and further the interests of her law firm. She is highly skilled at negotiation and devising legal strategies in order to get her clients the best deals possible, which earns her the praise of many lawyers. Despite poor treatment from her boss Howard Hamlin, Kim initially does not let grudges consume her and keeps her head down and works strongly to dig herself out of problems, showing her fearlessness and independence.", "watch_count": 301, "comment_count": 155, "vote_count": 495, "vote_count_enneagram": 270, "vote_count_mbti": 495, "total_vote_counts": 1293, "personality_type": "ESTJ - 6w5 - sp/so - 613 - LSE - RCOAN - LVFE - Phlegmatic-Choleric - ET(S)", "type_updated_date": "2022-11-19 09:28:02", "enneagram_vote": "", "enneagram_vote_id": 0, "mbti_vote": "", "mbti_vote_id": 0, "is_watching": false, "image_exists": true, "profile_image_url": "https://static1.personality-database.com/profile_images/3e23ec69977f4cb8875be69c1013488e.png", "profile_image_credit": "", "profile_image_credit_id": 434517, "profile_image_credit_type": "0", "profile_image_credit_url": "", "alt_subcategory": "", "related_subcategories": "", "cat_id": 2, "category": "Television", "category_is_fictional": true, "sub_cat_id": 1451, "subcategory": "Better Call Saul", "subcat_link_info": {"sub_cat_id": 1451, "cat_id": 2, "property_id": 2, "subcategory": "Better Call Saul"}, "related_subcat_link_info": null, "related_profiles": [{"id": 27738, "mbti_profile": "Eduardo \"Lalo\" Salamanca", "subcategory": "Better Call Saul", "profile_image_url": "https://static1.personality-database.com/profile_images/549ed51879e54cd2aa8fef390d50c74c.png", "profile_name": "Eduardo \"Lalo\" Salamanca", "profile_subcat": "Better Call Saul", "sub_cat_id": 1451, "cat_id": 2, "property_id": 2, "mbti": "ENFJ", "enneatype": "3w2"}, {"id": 10955, "mbti_profile": "Ignacio \u201cNacho\u201d Varga", "subcategory": "Better Call Saul", "profile_image_url": "https://static1.personality-database.com/profile_images/47f076963b774940922a492dd17c2757.png", "profile_name": "Ignacio \u201cNacho\u201d Varga", "profile_subcat": "Better Call Saul", "sub_cat_id": 1451, "cat_id": 2, "property_id": 2, "mbti": "ISFP", "enneatype": "6w5"}, {"id": 10956, "mbti_profile": "Charles \"Chuck\" McGill", "subcategory": "Better Call Saul", "profile_image_url": "https://static1.personality-database.com/profile_images/120fefa1a0ff4548ae407ff6ea254e99.png", "profile_name": "Charles \"Chuck\" McGill", "profile_subcat": "Better Call Saul", "sub_cat_id": 1451, "cat_id": 2, "property_id": 2, "mbti": "ISTJ", "enneatype": "1w9"}, {"id": 10957, "mbti_profile": "Howard Hamlin", "subcategory": "Better Call Saul", "profile_image_url": "https://static1.personality-database.com/profile_images/be52cb0541784fe082959fd3a6b89cfe.png", "profile_name": "Howard Hamlin", "profile_subcat": "Better Call Saul", "sub_cat_id": 1451, "cat_id": 2, "property_id": 2, "mbti": "ESTJ", "enneatype": "3w2"}, {"id": 10958, "mbti_profile": "Daniel \"Pryce\" Wormald", "subcategory": "Better Call Saul", "profile_image_url": "https://static1.personality-database.com/profile_images/13665a2b37e4482983f93f54405ba436.png", "profile_name": "Daniel \"Pryce\" Wormald", "profile_subcat": "Better Call Saul", "sub_cat_id": 1451, "cat_id": 2, "property_id": 2, "mbti": "ISFJ", "enneatype": "6w7"}, {"id": 27737, "mbti_profile": "Werner Ziegler", "subcategory": "Better Call Saul", "profile_image_url": "https://static1.personality-database.com/profile_images/a8a89c5a76c3408ebd74c8ddc58c95a4.png", "profile_name": "Werner Ziegler", "profile_subcat": "Better Call Saul", "sub_cat_id": 1451, "cat_id": 2, "property_id": 2, "mbti": "ISFJ", "enneatype": "2w1"}, {"id": 507353, "mbti_profile": "Gene Takovic", "subcategory": "Better Call Saul", "profile_image_url": "https://static1.personality-database.com/profile_images/7237a620424a4ddf9f70c7864e1314d6.png", "profile_name": "Gene Takovic", "profile_subcat": "Better Call Saul", "sub_cat_id": 1451, "cat_id": 2, "property_id": 2, "mbti": "ISTJ", "enneatype": "6w5"}, {"id": 176453, "mbti_profile": "Betsy Kettleman", "subcategory": "Better Call Saul", "profile_image_url": "https://static1.personality-database.com/profile_images/a325579219d948889618cd6ec0402fe0.png", "profile_name": "Betsy Kettleman", "profile_subcat": "Better Call Saul", "sub_cat_id": 1451, "cat_id": 2, "property_id": 2, "mbti": "ESTJ", "enneatype": "3w2"}], "functions": ["Te", "Si", "Ne", "Fi"], "systems": [{"hex_color": "#888888", "id": 1, "personality_type": "XXXX", "personality_type_id": 0, "system_name": "Four Letter", "system_vote_count": 488, "user_vote_type_id": 0, "vote_id": 0}, {"hex_color": "#006775", "id": 2, "personality_type": "XXXX", "personality_type_id": 0, "system_name": "Enneagram", "system_vote_count": 262, "user_vote_type_id": 0, "vote_id": 0}, {"hex_color": "#006775", "id": 5, "personality_type": "XXXX", "personality_type_id": 0, "system_name": "Instinctual Variant", "system_vote_count": 107, "user_vote_type_id": 0, "vote_id": 0}, {"hex_color": "#006775", "id": 6, "personality_type": "XXXX", "personality_type_id": 0, "system_name": "Tritype", "system_vote_count": 125, "user_vote_type_id": 0, "vote_id": 0}, {"hex_color": "#888888", "id": 3, "personality_type": "XXXX", "personality_type_id": 0, "system_name": "Socionics", "system_vote_count": 71, "user_vote_type_id": 0, "vote_id": 0}, {"hex_color": "#888888", "id": 9, "personality_type": "XXXX", "personality_type_id": 0, "system_name": "Big 5 (SLOAN)", "system_vote_count": 76, "user_vote_type_id": 0, "vote_id": 0}, {"hex_color": "#888888", "id": 8, "personality_type": "XXXX", "personality_type_id": 0, "system_name": "Attitudinal Psyche", "system_vote_count": 52, "user_vote_type_id": 0, "vote_id": 0}, {"hex_color": "#888888", "id": 7, "personality_type": "XXXX", "personality_type_id": 0, "system_name": "Temperaments", "system_vote_count": 88, "user_vote_type_id": 0, "vote_id": 0}, {"hex_color": "#888888", "id": 11, "personality_type": "XXXX", "personality_type_id": 0, "system_name": "Classic Jungian", "system_vote_count": 8, "user_vote_type_id": 0, "vote_id": 0}], "breakdown_systems": {"1": [{"myValue": "ESTJ", "personality_system_id": 1, "personality_type": "ESTJ", "theCount": 311}, {"myValue": "ISTJ", "personality_system_id": 1, "personality_type": "ISTJ", "theCount": 108}, {"myValue": "INFJ", "personality_system_id": 1, "personality_type": "INFJ", "theCount": 21}, {"myValue": "ENTJ", "personality_system_id": 1, "personality_type": "ENTJ", "theCount": 15}, {"myValue": "ISFJ", "personality_system_id": 1, "personality_type": "ISFJ", "theCount": 10}, {"myValue": "INTJ", "personality_system_id": 1, "personality_type": "INTJ", "theCount": 8}, {"myValue": "ENFJ", "personality_system_id": 1, "personality_type": "ENFJ", "theCount": 4}, {"myValue": "ESFJ", "personality_system_id": 1, "personality_type": "ESFJ", "theCount": 4}, {"myValue": "INFP", "personality_system_id": 1, "personality_type": "INFP", "theCount": 3}, {"myValue": "ESTP", "personality_system_id": 1, "personality_type": "ESTP", "theCount": 2}, {"myValue": "INTP", "personality_system_id": 1, "personality_type": "INTP", "theCount": 2}], "11": [{"myValue": "ET(S)", "personality_system_id": 11, "personality_type": "ET(S)", "theCount": 6}, {"myValue": "ES(T)", "personality_system_id": 11, "personality_type": "ES(T)", "theCount": 1}, {"myValue": "IT(S)", "personality_system_id": 11, "personality_type": "IT(S)", "theCount": 1}], "2": [{"myValue": "6w5", "personality_system_id": 2, "personality_type": "6w5", "theCount": 108}, {"myValue": "1w2", "personality_system_id": 2, "personality_type": "1w2", "theCount": 81}, {"myValue": "3w2", "personality_system_id": 2, "personality_type": "3w2", "theCount": 38}, {"myValue": "3w4", "personality_system_id": 2, "personality_type": "3w4", "theCount": 13}, {"myValue": "1w9", "personality_system_id": 2, "personality_type": "1w9", "theCount": 10}, {"myValue": "5w4", "personality_system_id": 2, "personality_type": "5w4", "theCount": 3}, {"myValue": "5w6", "personality_system_id": 2, "personality_type": "5w6", "theCount": 2}, {"myValue": "2w1", "personality_system_id": 2, "personality_type": "2w1", "theCount": 1}, {"myValue": "4w3", "personality_system_id": 2, "personality_type": "4w3", "theCount": 1}, {"myValue": "6w7", "personality_system_id": 2, "personality_type": "6w7", "theCount": 1}, {"myValue": "7w6", "personality_system_id": 2, "personality_type": "7w6", "theCount": 1}, {"myValue": "8w7", "personality_system_id": 2, "personality_type": "8w7", "theCount": 1}, {"myValue": "8w9", "personality_system_id": 2, "personality_type": "8w9", "theCount": 1}, {"myValue": "9w1", "personality_system_id": 2, "personality_type": "9w1", "theCount": 1}], "3": [{"myValue": "LSE", "personality_system_id": 3, "personality_type": "LSE", "theCount": 36}, {"myValue": "LSI", "personality_system_id": 3, "personality_type": "LSI", "theCount": 12}, {"myValue": "LII", "personality_system_id": 3, "personality_type": "LII", "theCount": 7}, {"myValue": "ESI", "personality_system_id": 3, "personality_type": "ESI", "theCount": 6}, {"myValue": "SLI", "personality_system_id": 3, "personality_type": "SLI", "theCount": 5}, {"myValue": "EII", "personality_system_id": 3, "personality_type": "EII", "theCount": 2}, {"myValue": "LIE", "personality_system_id": 3, "personality_type": "LIE", "theCount": 2}, {"myValue": "EIE", "personality_system_id": 3, "personality_type": "EIE", "theCount": 1}], "4": [{"myValue": "Neutral Good", "personality_system_id": 4, "personality_type": "Neutral Good", "theCount": 13}, {"myValue": "Lawful Good", "personality_system_id": 4, "personality_type": "Lawful Good", "theCount": 2}, {"myValue": "Chaotic Neutral", "personality_system_id": 4, "personality_type": "Chaotic Neutral", "theCount": 1}], "5": [{"myValue": "sp/so", "personality_system_id": 5, "personality_type": "sp/so", "theCount": 49}, {"myValue": "sp/sx", "personality_system_id": 5, "personality_type": "sp/sx", "theCount": 35}, {"myValue": "sx/so", "personality_system_id": 5, "personality_type": "sx/so", "theCount": 11}, {"myValue": "so/sp", "personality_system_id": 5, "personality_type": "so/sp", "theCount": 10}, {"myValue": "so/sx", "personality_system_id": 5, "personality_type": "so/sx", "theCount": 1}, {"myValue": "sx/sp", "personality_system_id": 5, "personality_type": "sx/sp", "theCount": 1}], "6": [{"myValue": "613", "personality_system_id": 6, "personality_type": "613", "theCount": 30}, {"myValue": "163", "personality_system_id": 6, "personality_type": "163", "theCount": 21}, {"myValue": "361", "personality_system_id": 6, "personality_type": "361", "theCount": 17}, {"myValue": "136", "personality_system_id": 6, "personality_type": "136", "theCount": 12}, {"myValue": "316", "personality_system_id": 6, "personality_type": "316", "theCount": 10}, {"myValue": "631", "personality_system_id": 6, "personality_type": "631", "theCount": 5}, {"myValue": "135", "personality_system_id": 6, "personality_type": "135", "theCount": 4}, {"myValue": "127", "personality_system_id": 6, "personality_type": "127", "theCount": 3}, {"myValue": "137", "personality_system_id": 6, "personality_type": "137", "theCount": 3}, {"myValue": "126", "personality_system_id": 6, "personality_type": "126", "theCount": 2}, {"myValue": "258", "personality_system_id": 6, "personality_type": "258", "theCount": 2}, {"myValue": "125", "personality_system_id": 6, "personality_type": "125", "theCount": 1}, {"myValue": "146", "personality_system_id": 6, "personality_type": "146", "theCount": 1}, {"myValue": "162", "personality_system_id": 6, "personality_type": "162", "theCount": 1}, {"myValue": "268", "personality_system_id": 6, "personality_type": "268", "theCount": 1}, {"myValue": "269", "personality_system_id": 6, "personality_type": "269", "theCount": 1}, {"myValue": "317", "personality_system_id": 6, "personality_type": "317", "theCount": 1}, {"myValue": "359", "personality_system_id": 6, "personality_type": "359", "theCount": 1}, {"myValue": "369", "personality_system_id": 6, "personality_type": "369", "theCount": 1}, {"myValue": "468", "personality_system_id": 6, "personality_type": "468", "theCount": 1}, {"myValue": "612", "personality_system_id": 6, "personality_type": "612", "theCount": 1}, {"myValue": "638", "personality_system_id": 6, "personality_type": "638", "theCount": 1}, {"myValue": "649", "personality_system_id": 6, "personality_type": "649", "theCount": 1}, {"myValue": "683", "personality_system_id": 6, "personality_type": "683", "theCount": 1}, {"myValue": "826", "personality_system_id": 6, "personality_type": "826", "theCount": 1}, {"myValue": "852", "personality_system_id": 6, "personality_type": "852", "theCount": 1}, {"myValue": "963", "personality_system_id": 6, "personality_type": "963", "theCount": 1}], "7": [{"myValue": "Phlegmatic-Choleric", "personality_system_id": 7, "personality_type": "Phlegmatic-Choleric", "theCount": 43}, {"myValue": "Choleric-Phlegmatic", "personality_system_id": 7, "personality_type": "Choleric-Phlegmatic", "theCount": 14}, {"myValue": "Choleric-Sanguine", "personality_system_id": 7, "personality_type": "Choleric-Sanguine", "theCount": 11}, {"myValue": "Melancholic-Choleric", "personality_system_id": 7, "personality_type": "Melancholic-Choleric", "theCount": 6}, {"myValue": "Phlegmatic [Dominant]", "personality_system_id": 7, "personality_type": "Phlegmatic [Dominant]", "theCount": 4}, {"myValue": "Phlegmatic-Melancholic", "personality_system_id": 7, "personality_type": "Phlegmatic-Melancholic", "theCount": 4}, {"myValue": "Choleric [Dominant]", "personality_system_id": 7, "personality_type": "Choleric [Dominant]", "theCount": 3}, {"myValue": "Choleric-Melancholic", "personality_system_id": 7, "personality_type": "Choleric-Melancholic", "theCount": 1}, {"myValue": "Melancholic-Sanguine", "personality_system_id": 7, "personality_type": "Melancholic-Sanguine", "theCount": 1}, {"myValue": "Phlegmatic-Sanguine", "personality_system_id": 7, "personality_type": "Phlegmatic-Sanguine", "theCount": 1}], "8": [{"myValue": "LVFE", "personality_system_id": 8, "personality_type": "LVFE", "theCount": 16}, {"myValue": "EVFL", "personality_system_id": 8, "personality_type": "EVFL", "theCount": 12}, {"myValue": "LFVE", "personality_system_id": 8, "personality_type": "LFVE", "theCount": 7}, {"myValue": "LVEF", "personality_system_id": 8, "personality_type": "LVEF", "theCount": 5}, {"myValue": "EFVL", "personality_system_id": 8, "personality_type": "EFVL", "theCount": 4}, {"myValue": "FVLE", "personality_system_id": 8, "personality_type": "FVLE", "theCount": 4}, {"myValue": "VLEF", "personality_system_id": 8, "personality_type": "VLEF", "theCount": 2}, {"myValue": "FELV", "personality_system_id": 8, "personality_type": "FELV", "theCount": 1}, {"myValue": "VLFE", "personality_system_id": 8, "personality_type": "VLFE", "theCount": 1}], "9": [{"myValue": "RCOAN", "personality_system_id": 9, "personality_type": "RCOAN", "theCount": 33}, {"myValue": "RLOAN", "personality_system_id": 9, "personality_type": "RLOAN", "theCount": 13}, {"myValue": "RCOAI", "personality_system_id": 9, "personality_type": "RCOAI", "theCount": 9}, {"myValue": "SCOAN", "personality_system_id": 9, "personality_type": "SCOAN", "theCount": 9}, {"myValue": "RCOEN", "personality_system_id": 9, "personality_type": "RCOEN", "theCount": 4}, {"myValue": "RLOEN", "personality_system_id": 9, "personality_type": "RLOEN", "theCount": 3}, {"myValue": "RLUEI", "personality_system_id": 9, "personality_type": "RLUEI", "theCount": 3}, {"myValue": "RCOEI", "personality_system_id": 9, "personality_type": "RCOEI", "theCount": 1}, {"myValue": "RLUEN", "personality_system_id": 9, "personality_type": "RLUEN", "theCount": 1}]}, "breakdown_config": {"expand": {"1": 3, "11": 1, "2": 3, "3": 1, "4": 1, "5": 2, "6": 3, "7": 1, "8": 2, "9": 1}, "fire": {"1": 0, "11": 0, "2": 1, "3": 0, "4": 0, "5": 1, "6": 1, "7": 0, "8": 1, "9": 0}}, "mbti_letter_stats": [{"type": "E", "percentage": "69%", "PercentageFloat": 0.6885245901639344}, {"type": "S", "percentage": "89%", "PercentageFloat": 0.8913934426229508}, {"type": "T", "percentage": "91%", "PercentageFloat": 0.9139344262295082}, {"type": "J", "percentage": "99%", "PercentageFloat": 0.985655737704918}], "topic_info": {"can_generate": false, "topic": {"description": "Kim is shown to be a highly intelligent, dedicated, caring, formidable and loyal woman who is a highly skilled lawyer. Despite a poor upbringing in Nebraska with a neglectful mother and few opportunities to thrive, Kim was able to get out and make something of herself, becoming one of the best lawyers at HHM as a result. Kim is shown to greatly cherish her work and her ability to help her clients and further the interests of her law firm. She is highly skilled at negotiation and devising legal strategies in order to get her clients the best deals possible, which earns her the praise of many lawyers. Despite poor treatment from her boss Howard Hamlin, Kim initially does not let grudges consume her and keeps her head down and works strongly to dig herself out of problems, showing her fearlessness and independence.", "follow_count": 0, "id": 10337, "is_following": false, "is_join_pending": false, "is_banned": false, "is_moderated": false, "name_readable": "Kim Wexler", "post_count": 59, "source_profile_id": 11076, "source_type": "profile", "join_to_post": false, "can_pin": false, "related_topics": [{"description": "Kim is shown to be a highly intelligent, dedicated, caring, formidable and loyal woman who is a highly skilled lawyer. Despite a poor upbringing in Nebraska with a neglectful mother and few opportunities to thrive, Kim was able to get out and make something of herself, becoming one of the best lawyers at HHM as a result. Kim is shown to greatly cherish her work and her ability to help her clients and further the interests of her law firm. She is highly skilled at negotiation and devising legal strategies in order to get her clients the best deals possible, which earns her the praise of many lawyers. Despite poor treatment from her boss Howard Hamlin, Kim initially does not let grudges consume her and keeps her head down and works strongly to dig herself out of problems, showing her fearlessness and independence.", "follow_count": 0, "id": 10337, "is_following": false, "is_join_pending": false, "is_banned": false, "is_moderated": false, "name_readable": "Kim Wexler", "post_count": 59, "source_profile_id": 11076, "source_type": "profile", "image": {"picURL": "https://static1.personality-database.com/profile_images/3e23ec69977f4cb8875be69c1013488e.png"}, "join_to_post": false, "can_pin": false}, {"description": "", "follow_count": 1, "id": 10247, "is_following": false, "is_join_pending": false, "is_banned": false, "is_moderated": false, "name_readable": "Charles \"Chuck\" McGill Jr.", "post_count": 34, "source_profile_id": 10956, "source_type": "profile", "image": {"picURL": "https://static1.personality-database.com/profile_images/120fefa1a0ff4548ae407ff6ea254e99.png"}, "join_to_post": false, "can_pin": false}, {"description": "", "follow_count": 0, "id": 10248, "is_following": false, "is_join_pending": false, "is_banned": false, "is_moderated": false, "name_readable": "Howard Hamlin", "post_count": 30, "source_profile_id": 10957, "source_type": "profile", "image": {"picURL": "https://static1.personality-database.com/profile_images/be52cb0541784fe082959fd3a6b89cfe.png"}, "join_to_post": false, "can_pin": false}, {"description": "#TonyDalton #ENFJvillains", "follow_count": 3, "id": 24971, "is_following": false, "is_join_pending": false, "is_banned": false, "is_moderated": false, "name_readable": "Eduardo \u201cLalo\u201d Salamanca", "post_count": 15, "source_profile_id": 27738, "source_type": "profile", "image": {"picURL": "https://static1.personality-database.com/profile_images/549ed51879e54cd2aa8fef390d50c74c.png"}, "join_to_post": false, "can_pin": false}, {"description": "", "follow_count": 0, "id": 10246, "is_following": false, "is_join_pending": false, "is_banned": false, "is_moderated": false, "name_readable": "Ignacio \"Nacho\" Varga", "post_count": 5, "source_profile_id": 10955, "source_type": "profile", "image": {"picURL": "https://static1.personality-database.com/profile_images/47f076963b774940922a492dd17c2757.png"}, "join_to_post": false, "can_pin": false}, {"description": "", "follow_count": 0, "id": 135878, "is_following": false, "is_join_pending": false, "is_banned": false, "is_moderated": false, "name_readable": "Betsy Kettleman", "post_count": 4, "source_profile_id": 176453, "source_type": "profile", "image": {"picURL": "https://static1.personality-database.com/profile_images/a325579219d948889618cd6ec0402fe0.png"}, "join_to_post": false, "can_pin": false}, {"description": "", "follow_count": 1, "id": 160419, "is_following": false, "is_join_pending": false, "is_banned": false, "is_moderated": false, "name_readable": "Bill Oakley", "post_count": 3, "source_profile_id": 207646, "source_type": "profile", "image": {"picURL": "https://static1.personality-database.com/profile_images/3eba8df296c64770bd3621b70a8ae3b8.png"}, "join_to_post": false, "can_pin": false}, {"description": "", "follow_count": 0, "id": 108800, "is_following": false, "is_join_pending": false, "is_banned": false, "is_moderated": false, "name_readable": "Joey Dixon", "post_count": 3, "source_profile_id": 140580, "source_type": "profile", "image": {"picURL": "https://static1.personality-database.com/profile_images/074ffcef980d4c3c96e1f6ebd07cb0cb.png"}, "join_to_post": false, "can_pin": false}, {"description": "", "follow_count": 0, "id": 85909, "is_following": false, "is_join_pending": false, "is_banned": false, "is_moderated": false, "name_readable": "Richard Schweikart", "post_count": 2, "source_profile_id": 108042, "source_type": "profile", "image": {"picURL": "https://static1.personality-database.com/profile_images/90fb5a47f1ac43dc98c29f6d3489371a.png"}, "join_to_post": false, "can_pin": false}, {"description": "Marion is Jeff's mother, and an acquaintance and friend of Gene Takavic.\nPlayed by Carol Burnett", "follow_count": 0, "id": 337065, "is_following": false, "is_join_pending": false, "is_banned": false, "is_moderated": false, "name_readable": "Marion", "post_count": 2, "source_profile_id": 531050, "source_type": "profile", "image": {"picURL": "https://static1.personality-database.com/profile_images/49cc362397324d97af834fdee954f7ee.png"}, "join_to_post": false, "can_pin": false}, {"description": "", "follow_count": 0, "id": 89997, "is_following": false, "is_join_pending": false, "is_banned": false, "is_moderated": false, "name_readable": "Irene Landry", "post_count": 1, "source_profile_id": 113401, "source_type": "profile", "image": {"picURL": "https://static1.personality-database.com/profile_images/438b37c0efb5416c8d845cf6c39f5106.png"}, "join_to_post": false, "can_pin": false}, {"description": "", "follow_count": 0, "id": 135879, "is_following": false, "is_join_pending": false, "is_banned": false, "is_moderated": false, "name_readable": "Craig Kettleman", "post_count": 1, "source_profile_id": 176454, "source_type": "profile", "image": {"picURL": "https://static1.personality-database.com/profile_images/d2092709b9c64929b08b13967b5a900b.png"}, "join_to_post": false, "can_pin": false}, {"description": "Wife of Werner Ziegler", "follow_count": 0, "id": 330752, "is_following": false, "is_join_pending": false, "is_banned": false, "is_moderated": false, "name_readable": "Margarethe Ziegler", "post_count": 1, "source_profile_id": 497466, "source_type": "profile", "image": {"picURL": "https://static1.personality-database.com/profile_images/aad84c05549c4cc7a11eb9b403364a1a.png"}, "join_to_post": false, "can_pin": false}, {"description": "", "follow_count": 0, "id": 94182, "is_following": false, "is_join_pending": false, "is_banned": false, "is_moderated": false, "name_readable": "Lyle", "post_count": 1, "source_profile_id": 119726, "source_type": "profile", "image": {"picURL": "https://static1.personality-database.com/profile_images/8f0439267a8747c0b1bc7cc87be6e182.png"}, "join_to_post": false, "can_pin": false}, {"description": "", "follow_count": 0, "id": 56451, "is_following": false, "is_join_pending": false, "is_banned": false, "is_moderated": false, "name_readable": "Sobchak", "post_count": 1, "source_profile_id": 68665, "source_type": "profile", "image": {"picURL": "https://static1.personality-database.com/profile_images/276dc32763af46bc852a2c06ded84b40.png"}, "join_to_post": false, "can_pin": false}, {"description": "Viktor St. Claire is a persona created by Jimmy used in him and Kim's heists and schemes", "follow_count": 0, "id": 342751, "is_following": false, "is_join_pending": false, "is_banned": false, "is_moderated": false, "name_readable": "Viktor St. Claire (Persona)", "post_count": 1, "source_profile_id": 572001, "source_type": "profile", "image": {"picURL": "https://static1.personality-database.com/profile_images/53382785f3e643fe8ac269bd840391b4.png"}, "join_to_post": false, "can_pin": false}], "subcategory": "Better Call Saul", "topic_image_url": "https://static1.personality-database.com/profile_images/3e23ec69977f4cb8875be69c1013488e.png", "source_location": {"cid": 2, "pid": 2, "sub_cat_id": 1451}, "can_post_image": false, "can_post_audio": false, "posts": {"posts": [{"username": "Invincibledestroyer_9862", "user_pic_path": "https://static1.personality-database.com/user_avatars/1665083/61be48f9-87e0-4b5b-a845-ba34566b0b58_small.jpeg", "user_personality_type": "ENTJ-7w8", "is_mod": false, "comment_count": 0, "reply_count": 0, "vote_type": 0, "topics_list": [{"id": 10337, "name_readable": "Kim Wexler"}], "id": 1994864, "post_id": 1994864, "user_id": 1665083, "title": "", "content": "Jimmy is lucky af", "create_date": 1671710765000, "unix_timestamp": 1671710765000, "update_date": 1671710765000, "vote_count": 2, "vote_count_down": 0, "is_reported": 0, "is_hidden": false, "is_pinned": false, "is_watching": false, "is_pro_user": false, "images": null, "audios": null, "function_list": [], "type": "post"}, {"username": "exPDBee557728", "user_pic_path": "", "user_personality_type": "XXXX", "is_mod": false, "comment_count": 0, "reply_count": 0, "vote_type": 0, "topics_list": [{"id": 10337, "name_readable": "Kim Wexler"}], "id": 1798849, "post_id": 1798849, "user_id": 557728, "title": "", "content": "She actually might be SP3 as I continue watching. Very focused on autonomy and self-sufficiency. \u201cSelf made\u201d, sells an image of competency and efficiency. Background also fits an SP3.", "create_date": 1669254627000, "unix_timestamp": 1669254627000, "update_date": 1669254627000, "vote_count": 3, "vote_count_down": 0, "is_reported": 0, "is_hidden": false, "is_pinned": false, "is_watching": false, "is_pro_user": false, "images": null, "audios": null, "function_list": [], "type": "post"}, {"username": "exPDBee557728", "user_pic_path": "", "user_personality_type": "XXXX", "is_mod": false, "comment_count": 2, "reply_count": 2, "vote_type": 0, "topics_list": [{"id": 10337, "name_readable": "Kim Wexler"}], "id": 1776368, "post_id": 1776368, "user_id": 557728, "title": "", "content": "Sp/so E6, you have to be joking \ud83d\udc80.\n\n The SP1 votes look inaccurate as well.", "create_date": 1668938285000, "unix_timestamp": 1668938285000, "update_date": 1668938285000, "vote_count": 4, "vote_count_down": 1, "is_reported": 0, "is_hidden": false, "is_pinned": false, "is_watching": false, "is_pro_user": false, "images": null, "audios": null, "function_list": [], "type": "post"}]}}}}