{"id": 1160, "mbti_profile": "Regina Mills / The Evil Queen", "profile_name_searchable": "reginamillstheevilqueen", "allow_commenting": true, "allow_voting": true, "user_id": 0, "contributor": "the nameless", "contributor_create_date": "2015-08-20 16:11:22", "contributor_pic_path": "https://www.personality-database.com/images/profile_transparent.png", "display_order": 990, "edit_lock": 0, "edit_lock_picture": 0, "is_active": true, "is_approved": true, "mbti_enneagram_type": "ENFJ 2w3", "mbti_type": "ENFJ 2w3", "pdb_comment_access": true, "pdb_page_owner": 0, "pdb_public_access": true, "wiki_description": "Regina Mills, formerly known as the Evil Queen, is a character on ABC's Once Upon a Time. She d\u00e9buts in the first episode of the first season and is portrayed by starring cast member #LanaParrilla and guest star #AvaAcres. She is the main reality version of the Evil Queen", "watch_count": 441, "comment_count": 197, "vote_count": 618, "vote_count_enneagram": 258, "vote_count_mbti": 618, "total_vote_counts": 1139, "personality_type": "ENFJ - 2w3 - sp/sx - 286 - EIE - SLOEI - VFEL - Choleric-Melancholic - EF(N)", "type_updated_date": "2022-11-29 05:05:57", "enneagram_vote": "", "enneagram_vote_id": 0, "mbti_vote": "", "mbti_vote_id": 0, "is_watching": false, "image_exists": false, "profile_image_url": "https://static1.personality-database.com/profile_images/617123d99bbf4598b385ac5a24fdbe95.png", "profile_image_credit": "", "profile_image_credit_id": 308393, "profile_image_credit_type": "0", "profile_image_credit_url": "undefined", "alt_subcategory": "", "related_subcategories": "", "cat_id": 2, "category": "Television", "category_is_fictional": true, "sub_cat_id": 123, "subcategory": "Once Upon a Time (2011)", "subcat_link_info": {"sub_cat_id": 123, "cat_id": 2, "property_id": 2, "subcategory": "Once Upon a Time (2011)"}, "related_subcat_link_info": null, "related_profiles": [{"id": 1158, "mbti_profile": "Mary Margaret Blanchard / Snow White", "subcategory": "Once Upon a Time (2011)", "profile_image_url": "https://static1.personality-database.com/profile_images/a346ef5fbbc6427f84e1acf6cc29e2e3.png", "profile_name": "Mary Margaret Blanchard / Snow White", "profile_subcat": "Once Upon a Time (2011)", "sub_cat_id": 123, "cat_id": 2, "property_id": 2, "mbti": "ISFP", "enneatype": "2w1"}, {"id": 1163, "mbti_profile": "Mr. Gold", "subcategory": "Once Upon a Time (2011)", "profile_image_url": "https://static1.personality-database.com/profile_images/a1f0b0fb95e445c8afa88d07d15aacd1.png", "profile_name": "Mr. Gold", "profile_subcat": "Once Upon a Time (2011)", "sub_cat_id": 123, "cat_id": 2, "property_id": 2, "mbti": "INTJ", "enneatype": "6w5"}, {"id": 1161, "mbti_profile": "David Nolan / Prince Charming", "subcategory": "Once Upon a Time (2011)", "profile_image_url": "https://static1.personality-database.com/profile_images/fbcf893a3ec7447cad069ae79f03dc4c.png", "profile_name": "David Nolan / Prince Charming", "profile_subcat": "Once Upon a Time (2011)", "sub_cat_id": 123, "cat_id": 2, "property_id": 2, "mbti": "ESFJ", "enneatype": "2w1"}, {"id": 1159, "mbti_profile": "Emma Swan", "subcategory": "Once Upon a Time (2011)", "profile_image_url": "https://static1.personality-database.com/profile_images/8f514c58c8ee4aacbfe111f66f1fde57.png", "profile_name": "Emma Swan", "profile_subcat": "Once Upon a Time (2011)", "sub_cat_id": 123, "cat_id": 2, "property_id": 2, "mbti": "ISTP", "enneatype": "6w5"}, {"id": 1162, "mbti_profile": "Henry Mills", "subcategory": "Once Upon a Time (2011)", "profile_image_url": "https://static1.personality-database.com/profile_images/0e7480b359834e2390ac5420fbaa336f.png", "profile_name": "Henry Mills", "profile_subcat": "Once Upon a Time (2011)", "sub_cat_id": 123, "cat_id": 2, "property_id": 2, "mbti": "INFP", "enneatype": "7w6"}, {"id": 1165, "mbti_profile": "Killian Jones / Captain Hook", "subcategory": "Once Upon a Time (2011)", "profile_image_url": "https://static1.personality-database.com/profile_images/909db528b4474750acd77510d15c5518.png", "profile_name": "Killian Jones / Captain Hook", "profile_subcat": "Once Upon a Time (2011)", "sub_cat_id": 123, "cat_id": 2, "property_id": 2, "mbti": "ESTP", "enneatype": "7w8"}, {"id": 1164, "mbti_profile": "Belle French", "subcategory": "Once Upon a Time (2011)", "profile_image_url": "https://static1.personality-database.com/profile_images/97e5aec2e3b84172af16cd148dc752d1.png", "profile_name": "Belle French", "profile_subcat": "Once Upon a Time (2011)", "sub_cat_id": 123, "cat_id": 2, "property_id": 2, "mbti": "INFP", "enneatype": "9w1"}, {"id": 49303, "mbti_profile": "Ingrid / The Snow Queen", "subcategory": "Once Upon a Time (2011)", "profile_image_url": "https://static1.personality-database.com/profile_images/ff73d86d51c44640a1cf2247dcfb3bac.png", "profile_name": "Ingrid / The Snow Queen", "profile_subcat": "Once Upon a Time (2011)", "sub_cat_id": 123, "cat_id": 2, "property_id": 2, "mbti": "ISFJ", "enneatype": "3w2"}], "functions": ["Fe", "Ni", "Se", "Ti"], "systems": [{"hex_color": "#888888", "id": 1, "personality_type": "XXXX", "personality_type_id": 0, "system_name": "Four Letter", "system_vote_count": 609, "user_vote_type_id": 0, "vote_id": 0}, {"hex_color": "#006775", "id": 2, "personality_type": "XXXX", "personality_type_id": 0, "system_name": "Enneagram", "system_vote_count": 253, "user_vote_type_id": 0, "vote_id": 0}, {"hex_color": "#006775", "id": 5, "personality_type": "XXXX", "personality_type_id": 0, "system_name": "Instinctual Variant", "system_vote_count": 79, "user_vote_type_id": 0, "vote_id": 0}, {"hex_color": "#006775", "id": 6, "personality_type": "XXXX", "personality_type_id": 0, "system_name": "Tritype", "system_vote_count": 71, "user_vote_type_id": 0, "vote_id": 0}, {"hex_color": "#888888", "id": 3, "personality_type": "XXXX", "personality_type_id": 0, "system_name": "Socionics", "system_vote_count": 21, "user_vote_type_id": 0, "vote_id": 0}, {"hex_color": "#888888", "id": 9, "personality_type": "XXXX", "personality_type_id": 0, "system_name": "Big 5 (SLOAN)", "system_vote_count": 25, "user_vote_type_id": 0, "vote_id": 0}, {"hex_color": "#888888", "id": 8, "personality_type": "XXXX", "personality_type_id": 0, "system_name": "Attitudinal Psyche", "system_vote_count": 12, "user_vote_type_id": 0, "vote_id": 0}, {"hex_color": "#888888", "id": 7, "personality_type": "XXXX", "personality_type_id": 0, "system_name": "Temperaments", "system_vote_count": 60, "user_vote_type_id": 0, "vote_id": 0}, {"hex_color": "#888888", "id": 11, "personality_type": "XXXX", "personality_type_id": 0, "system_name": "Classic Jungian", "system_vote_count": 3, "user_vote_type_id": 0, "vote_id": 0}], "breakdown_systems": {"1": [{"myValue": "ENFJ", "personality_system_id": 1, "personality_type": "ENFJ", "theCount": 307}, {"myValue": "ENTJ", "personality_system_id": 1, "personality_type": "ENTJ", "theCount": 262}, {"myValue": "ESTJ", "personality_system_id": 1, "personality_type": "ESTJ", "theCount": 13}, {"myValue": "INFJ", "personality_system_id": 1, "personality_type": "INFJ", "theCount": 6}, {"myValue": "ESFJ", "personality_system_id": 1, "personality_type": "ESFJ", "theCount": 5}, {"myValue": "INTJ", "personality_system_id": 1, "personality_type": "INTJ", "theCount": 4}, {"myValue": "ISFJ", "personality_system_id": 1, "personality_type": "ISFJ", "theCount": 3}, {"myValue": "ISFP", "personality_system_id": 1, "personality_type": "ISFP", "theCount": 3}, {"myValue": "ENFP", "personality_system_id": 1, "personality_type": "ENFP", "theCount": 2}, {"myValue": "ENTP", "personality_system_id": 1, "personality_type": "ENTP", "theCount": 2}, {"myValue": "ESFP", "personality_system_id": 1, "personality_type": "ESFP", "theCount": 1}, {"myValue": "ESTP", "personality_system_id": 1, "personality_type": "ESTP", "theCount": 1}], "11": [{"myValue": "EF(N)", "personality_system_id": 11, "personality_type": "EF(N)", "theCount": 3}], "2": [{"myValue": "2w3", "personality_system_id": 2, "personality_type": "2w3", "theCount": 164}, {"myValue": "3w2", "personality_system_id": 2, "personality_type": "3w2", "theCount": 54}, {"myValue": "8w9", "personality_system_id": 2, "personality_type": "8w9", "theCount": 15}, {"myValue": "3w4", "personality_system_id": 2, "personality_type": "3w4", "theCount": 9}, {"myValue": "4w3", "personality_system_id": 2, "personality_type": "4w3", "theCount": 4}, {"myValue": "1w2", "personality_system_id": 2, "personality_type": "1w2", "theCount": 2}, {"myValue": "8w7", "personality_system_id": 2, "personality_type": "8w7", "theCount": 2}, {"myValue": "2w1", "personality_system_id": 2, "personality_type": "2w1", "theCount": 1}, {"myValue": "9w1", "personality_system_id": 2, "personality_type": "9w1", "theCount": 1}, {"myValue": "9w8", "personality_system_id": 2, "personality_type": "9w8", "theCount": 1}], "3": [{"myValue": "EIE", "personality_system_id": 3, "personality_type": "EIE", "theCount": 13}, {"myValue": "ESI", "personality_system_id": 3, "personality_type": "ESI", "theCount": 3}, {"myValue": "EII", "personality_system_id": 3, "personality_type": "EII", "theCount": 1}, {"myValue": "ESE", "personality_system_id": 3, "personality_type": "ESE", "theCount": 1}, {"myValue": "LIE", "personality_system_id": 3, "personality_type": "LIE", "theCount": 1}, {"myValue": "SEE", "personality_system_id": 3, "personality_type": "SEE", "theCount": 1}, {"myValue": "SLE", "personality_system_id": 3, "personality_type": "SLE", "theCount": 1}], "4": [{"myValue": "Lawful Neutral", "personality_system_id": 4, "personality_type": "Lawful Neutral", "theCount": 5}, {"myValue": "Lawful Evil", "personality_system_id": 4, "personality_type": "Lawful Evil", "theCount": 1}], "5": [{"myValue": "sp/sx", "personality_system_id": 5, "personality_type": "sp/sx", "theCount": 28}, {"myValue": "so/sx", "personality_system_id": 5, "personality_type": "so/sx", "theCount": 21}, {"myValue": "sx/so", "personality_system_id": 5, "personality_type": "sx/so", "theCount": 17}, {"myValue": "sx/sp", "personality_system_id": 5, "personality_type": "sx/sp", "theCount": 6}, {"myValue": "so/sp", "personality_system_id": 5, "personality_type": "so/sp", "theCount": 5}, {"myValue": "sp/so", "personality_system_id": 5, "personality_type": "sp/so", "theCount": 2}], "6": [{"myValue": "286", "personality_system_id": 6, "personality_type": "286", "theCount": 38}, {"myValue": "386", "personality_system_id": 6, "personality_type": "386", "theCount": 19}, {"myValue": "268", "personality_system_id": 6, "personality_type": "268", "theCount": 4}, {"myValue": "826", "personality_system_id": 6, "personality_type": "826", "theCount": 3}, {"myValue": "261", "personality_system_id": 6, "personality_type": "261", "theCount": 1}, {"myValue": "316", "personality_system_id": 6, "personality_type": "316", "theCount": 1}, {"myValue": "379", "personality_system_id": 6, "personality_type": "379", "theCount": 1}, {"myValue": "387", "personality_system_id": 6, "personality_type": "387", "theCount": 1}, {"myValue": "486", "personality_system_id": 6, "personality_type": "486", "theCount": 1}, {"myValue": "862", "personality_system_id": 6, "personality_type": "862", "theCount": 1}, {"myValue": "952", "personality_system_id": 6, "personality_type": "952", "theCount": 1}], "7": [{"myValue": "Choleric-Melancholic", "personality_system_id": 7, "personality_type": "Choleric-Melancholic", "theCount": 48}, {"myValue": "Choleric [Dominant]", "personality_system_id": 7, "personality_type": "Choleric [Dominant]", "theCount": 6}, {"myValue": "Melancholic-Choleric", "personality_system_id": 7, "personality_type": "Melancholic-Choleric", "theCount": 2}, {"myValue": "Choleric-Sanguine", "personality_system_id": 7, "personality_type": "Choleric-Sanguine", "theCount": 1}, {"myValue": "Melancholic [Dominant]", "personality_system_id": 7, "personality_type": "Melancholic [Dominant]", "theCount": 1}, {"myValue": "Phlegmatic-Melancholic", "personality_system_id": 7, "personality_type": "Phlegmatic-Melancholic", "theCount": 1}, {"myValue": "Sanguine-Choleric", "personality_system_id": 7, "personality_type": "Sanguine-Choleric", "theCount": 1}], "8": [{"myValue": "VFEL", "personality_system_id": 8, "personality_type": "VFEL", "theCount": 6}, {"myValue": "VEFL", "personality_system_id": 8, "personality_type": "VEFL", "theCount": 2}, {"myValue": "EVFL", "personality_system_id": 8, "personality_type": "EVFL", "theCount": 1}, {"myValue": "LEVF", "personality_system_id": 8, "personality_type": "LEVF", "theCount": 1}, {"myValue": "VELF", "personality_system_id": 8, "personality_type": "VELF", "theCount": 1}, {"myValue": "VLFE", "personality_system_id": 8, "personality_type": "VLFE", "theCount": 1}], "9": [{"myValue": "SLOEI", "personality_system_id": 9, "personality_type": "SLOEI", "theCount": 17}, {"myValue": "SLOEN", "personality_system_id": 9, "personality_type": "SLOEN", "theCount": 4}, {"myValue": "RCOAI", "personality_system_id": 9, "personality_type": "RCOAI", "theCount": 1}, {"myValue": "RCOEI", "personality_system_id": 9, "personality_type": "RCOEI", "theCount": 1}, {"myValue": "RLOEI", "personality_system_id": 9, "personality_type": "RLOEI", "theCount": 1}, {"myValue": "SLOAI", "personality_system_id": 9, "personality_type": "SLOAI", "theCount": 1}]}, "breakdown_config": {"expand": {"1": 3, "11": 1, "2": 3, "3": 1, "4": 1, "5": 3, "6": 1, "7": 1, "8": 1, "9": 1}, "fire": {"1": 1, "11": 0, "2": 0, "3": 0, "4": 0, "5": 1, "6": 0, "7": 0, "8": 0, "9": 0}}, "mbti_letter_stats": [{"type": "E", "percentage": "97%", "PercentageFloat": 0.9737274220032841}, {"type": "N", "percentage": "96%", "PercentageFloat": 0.9573070607553367}, {"type": "F", "percentage": "54%", "PercentageFloat": 0.5369458128078818}, {"type": "J", "percentage": "99%", "PercentageFloat": 0.9852216748768473}], "topic_info": {"can_generate": false, "topic": {"description": "", "follow_count": 3, "id": 1084, "is_following": false, "is_join_pending": false, "is_banned": false, "is_moderated": false, "name_readable": "Regina Mills / The Evil Queen", "post_count": 5, "source_profile_id": 1160, "source_type": "profile", "join_to_post": false, "can_pin": false, "related_topics": [{"description": "", "follow_count": 3, "id": 1084, "is_following": false, "is_join_pending": false, "is_banned": false, "is_moderated": false, "name_readable": "Regina Mills / The Evil Queen", "post_count": 5, "source_profile_id": 1160, "source_type": "profile", "image": {"picURL": "https://static1.personality-database.com/profile_images/617123d99bbf4598b385ac5a24fdbe95.png"}, "join_to_post": false, "can_pin": false}, {"description": "", "follow_count": 1, "id": 1087, "is_following": false, "is_join_pending": false, "is_banned": false, "is_moderated": false, "name_readable": "Mr. Gold", "post_count": 2, "source_profile_id": 1163, "source_type": "profile", "image": {"picURL": "https://static1.personality-database.com/profile_images/a1f0b0fb95e445c8afa88d07d15aacd1.png"}, "join_to_post": false, "can_pin": false}, {"description": "", "follow_count": 0, "id": 139844, "is_following": false, "is_join_pending": false, "is_banned": false, "is_moderated": false, "name_readable": "Evil Queen (Season 6)", "post_count": 1, "source_profile_id": 181788, "source_type": "profile", "image": {"picURL": "https://static1.personality-database.com/profile_images/5ec0275ca17f43928bae8e839af60300.png"}, "join_to_post": false, "can_pin": false}, {"description": "", "follow_count": 0, "id": 43226, "is_following": false, "is_join_pending": false, "is_banned": false, "is_moderated": false, "name_readable": "Hades", "post_count": 1, "source_profile_id": 49304, "source_type": "profile", "image": {"picURL": "https://static1.personality-database.com/profile_images/bb6dbe802f4b43f1a8e38748909d68c6.png"}, "join_to_post": false, "can_pin": false}, {"description": "", "follow_count": 1, "id": 1089, "is_following": false, "is_join_pending": false, "is_banned": false, "is_moderated": false, "name_readable": "Killian Jones / Captain Hook", "post_count": 1, "source_profile_id": 1165, "source_type": "profile", "image": {"picURL": "https://static1.personality-database.com/profile_images/909db528b4474750acd77510d15c5518.png"}, "join_to_post": false, "can_pin": false}, {"description": "", "follow_count": 1, "id": 6615, "is_following": false, "is_join_pending": false, "is_banned": false, "is_moderated": false, "name_readable": "Peter Pan / Malcolm", "post_count": 1, "source_profile_id": 7082, "source_type": "profile", "image": {"picURL": "https://static1.personality-database.com/profile_images/1d326283e3364bfab8d54657773a0e4c.png"}, "join_to_post": false, "can_pin": false}, {"description": "", "follow_count": 0, "id": 127631, "is_following": false, "is_join_pending": false, "is_banned": false, "is_moderated": false, "name_readable": "Liam Jones", "post_count": 0, "source_profile_id": 164533, "source_type": "profile", "image": {"picURL": "https://static1.personality-database.com/profile_images/8e951f63dcdb49f0a2255797a8627a6d.png"}, "join_to_post": false, "can_pin": false}, {"description": "", "follow_count": 0, "id": 127627, "is_following": false, "is_join_pending": false, "is_banned": false, "is_moderated": false, "name_readable": "Wendy Darling", "post_count": 0, "source_profile_id": 164529, "source_type": "profile", "image": {"picURL": "https://static1.personality-database.com/profile_images/26e6ecfc2d6d4c1a994cea8e484a4eb6.png"}, "join_to_post": false, "can_pin": false}, {"description": "", "follow_count": 0, "id": 127632, "is_following": false, "is_join_pending": false, "is_banned": false, "is_moderated": false, "name_readable": "Merida", "post_count": 0, "source_profile_id": 164534, "source_type": "profile", "image": {"picURL": "https://static1.personality-database.com/profile_images/ec2f6a5e2e6b4c4ca2d63cf422e574ea.png"}, "join_to_post": false, "can_pin": false}, {"description": "", "follow_count": 0, "id": 127633, "is_following": false, "is_join_pending": false, "is_banned": false, "is_moderated": false, "name_readable": "Hercules", "post_count": 0, "source_profile_id": 164535, "source_type": "profile", "image": {"picURL": "https://static1.personality-database.com/profile_images/7867d2b136564769a068141a2075d1c4.png"}, "join_to_post": false, "can_pin": false}, {"description": "", "follow_count": 0, "id": 127634, "is_following": false, "is_join_pending": false, "is_banned": false, "is_moderated": false, "name_readable": "Jafar", "post_count": 0, "source_profile_id": 164536, "source_type": "profile", "image": {"picURL": "https://static1.personality-database.com/profile_images/2473f4d680eb4d4ca0f5c243759cf09d.png"}, "join_to_post": false, "can_pin": false}, {"description": "", "follow_count": 0, "id": 127762, "is_following": false, "is_join_pending": false, "is_banned": false, "is_moderated": false, "name_readable": "Poseidon", "post_count": 0, "source_profile_id": 164704, "source_type": "profile", "image": {"picURL": "https://static1.personality-database.com/profile_images/079e245f3b7b46138d60c9868af760bf.png"}, "join_to_post": false, "can_pin": false}, {"description": "", "follow_count": 0, "id": 127767, "is_following": false, "is_join_pending": false, "is_banned": false, "is_moderated": false, "name_readable": "Sr. Hyde", "post_count": 0, "source_profile_id": 164709, "source_type": "profile", "image": {"picURL": "https://static1.personality-database.com/profile_images/306186dcd92348418c97ff8043b7ad7b.png"}, "join_to_post": false, "can_pin": false}, {"description": "", "follow_count": 0, "id": 127764, "is_following": false, "is_join_pending": false, "is_banned": false, "is_moderated": false, "name_readable": "Zeus", "post_count": 0, "source_profile_id": 164706, "source_type": "profile", "image": {"picURL": "https://static1.personality-database.com/profile_images/68f299d9d35245e08fc8528813016c13.png"}, "join_to_post": false, "can_pin": false}, {"description": "", "follow_count": 0, "id": 127635, "is_following": false, "is_join_pending": false, "is_banned": false, "is_moderated": false, "name_readable": "Dr. Henry Jekyll", "post_count": 0, "source_profile_id": 164537, "source_type": "profile", "image": {"picURL": "https://static1.personality-database.com/profile_images/8fc0c9ab5b414443991a51761d11b799.png"}, "join_to_post": false, "can_pin": false}, {"description": "", "follow_count": 0, "id": 127637, "is_following": false, "is_join_pending": false, "is_banned": false, "is_moderated": false, "name_readable": "Bo Peep", "post_count": 0, "source_profile_id": 164539, "source_type": "profile", "image": {"picURL": "https://static1.personality-database.com/profile_images/edbb07fad41e486e8014b72c2f3ac614.png"}, "join_to_post": false, "can_pin": false}], "subcategory": "Once Upon a Time (2011)", "topic_image_url": "https://static1.personality-database.com/profile_images/617123d99bbf4598b385ac5a24fdbe95.png", "source_location": {"cid": 2, "pid": 2, "sub_cat_id": 123}, "can_post_image": false, "can_post_audio": false, "posts": {"posts": [{"username": "dhtINTJ", "user_pic_path": "https://static1.personality-database.com/user_avatars/968841/5cc070cc-027c-4ecd-8c4a-c1794bb94dc2_small.jpeg", "user_personality_type": "INTJ-5w4-458", "is_mod": false, "comment_count": 0, "reply_count": 0, "vote_type": 0, "topics_list": [{"id": 1084, "name_readable": "Regina Mills / The Evil Queen"}], "id": 2051532, "post_id": 2051532, "user_id": 968841, "title": "ENTJ", "content": "her way of raising henry was more TE in the beginning and a little bit of FE. it doens't mean a Te dom person can't feel anything.", "create_date": 1672337545000, "unix_timestamp": 1672337545000, "update_date": 1672337545000, "vote_count": 0, "vote_count_down": 0, "is_reported": 0, "is_hidden": false, "is_pinned": false, "is_watching": false, "is_pro_user": true, "images": null, "audios": null, "function_list": [], "type": "post"}, {"username": "Amy Fletcher", "user_pic_path": "https://lh3.googleusercontent.com/a-/AOh14GgI5QlPP22CpuckYcoSwoq9LJ8WTI-HVYYdYucLmw=s96-c", "user_personality_type": "ENFP-4w3", "is_mod": false, "comment_count": 4, "reply_count": 4, "vote_type": 0, "topics_list": [{"id": 1084, "name_readable": "Regina Mills / The Evil Queen"}], "id": 2118710, "post_id": 2118710, "user_id": 161362, "title": "", "content": "Is this show any good? (Looking for a review), I've seen that it has multiple seasons, so is it worth my time?\n\nEdit: ...Uhh... I just got a downvote..? Please be aware that this wasn't an insult to the show!! I'm sure it's very good, I just want to know if it's fantastic, y'know?", "create_date": 1634441593000, "unix_timestamp": 1634441593000, "update_date": 1634441593000, "vote_count": 5, "vote_count_down": 1, "is_reported": 1, "is_hidden": false, "is_pinned": false, "is_watching": false, "is_pro_user": false, "images": null, "audios": null, "function_list": [], "type": "post"}, {"username": "Tsuba", "user_pic_path": "https://lh3.googleusercontent.com/a-/AOh14Gik1TInUthk6_EnbW0eUpBrkVxPkKw3_RVOsrz6=s96-c", "user_personality_type": "INFJ-5w4-549", "is_mod": false, "comment_count": 7, "reply_count": 7, "vote_type": 0, "topics_list": [{"id": 1084, "name_readable": "Regina Mills / The Evil Queen"}], "id": 1865824, "post_id": 1865824, "user_id": 165976, "title": "", "content": "unrelated but it makes me so happy to see the ouat fandom active under her profile", "create_date": 1626027630000, "unix_timestamp": 1626027630000, "update_date": 1626027630000, "vote_count": 14, "vote_count_down": 0, "is_reported": 1, "is_hidden": false, "is_pinned": false, "is_watching": false, "is_pro_user": false, "images": null, "audios": null, "function_list": [], "type": "post"}]}}}}