{"id": 1163, "mbti_profile": "Mr. Gold", "profile_name_searchable": "mr.gold", "allow_commenting": true, "allow_voting": true, "user_id": 0, "contributor": "the nameless", "contributor_create_date": "2015-08-20 16:11:38", "contributor_pic_path": "https://www.personality-database.com/images/profile_transparent.png", "display_order": 975, "edit_lock": 0, "edit_lock_picture": 0, "is_active": true, "is_approved": true, "mbti_enneagram_type": "INTJ 6w5", "mbti_type": "INTJ 6w5", "pdb_comment_access": true, "pdb_page_owner": 0, "pdb_public_access": true, "wiki_description": "", "watch_count": 415, "comment_count": 34, "vote_count": 505, "vote_count_enneagram": 87, "vote_count_mbti": 505, "total_vote_counts": 520, "personality_type": "INTJ - 6w5 - sp/sx - 683 - LSI - RLOEI - LVFE - Melancholic-Choleric", "type_updated_date": "2021-04-28 02:15:44", "enneagram_vote": "", "enneagram_vote_id": 0, "mbti_vote": "", "mbti_vote_id": 0, "is_watching": false, "image_exists": false, "profile_image_url": "https://static1.personality-database.com/profile_images/a1f0b0fb95e445c8afa88d07d15aacd1.png", "profile_image_credit": "", "profile_image_credit_id": 271857, "profile_image_credit_type": "0", "profile_image_credit_url": "", "alt_subcategory": "", "related_subcategories": "", "cat_id": 2, "category": "Television", "category_is_fictional": true, "sub_cat_id": 123, "subcategory": "Once Upon a Time (2011)", "subcat_link_info": {"sub_cat_id": 123, "cat_id": 2, "property_id": 2, "subcategory": "Once Upon a Time (2011)"}, "related_subcat_link_info": null, "related_profiles": [{"id": 1160, "mbti_profile": "Regina Mills / The Evil Queen", "subcategory": "Once Upon a Time (2011)", "profile_image_url": "https://static1.personality-database.com/profile_images/617123d99bbf4598b385ac5a24fdbe95.png", "profile_name": "Regina Mills / The Evil Queen", "profile_subcat": "Once Upon a Time (2011)", "sub_cat_id": 123, "cat_id": 2, "property_id": 2, "mbti": "ENFJ", "enneatype": "2w3"}, {"id": 1158, "mbti_profile": "Mary Margaret Blanchard / Snow White", "subcategory": "Once Upon a Time (2011)", "profile_image_url": "https://static1.personality-database.com/profile_images/a346ef5fbbc6427f84e1acf6cc29e2e3.png", "profile_name": "Mary Margaret Blanchard / Snow White", "profile_subcat": "Once Upon a Time (2011)", "sub_cat_id": 123, "cat_id": 2, "property_id": 2, "mbti": "ISFP", "enneatype": "2w1"}, {"id": 1161, "mbti_profile": "David Nolan / Prince Charming", "subcategory": "Once Upon a Time (2011)", "profile_image_url": "https://static1.personality-database.com/profile_images/fbcf893a3ec7447cad069ae79f03dc4c.png", "profile_name": "David Nolan / Prince Charming", "profile_subcat": "Once Upon a Time (2011)", "sub_cat_id": 123, "cat_id": 2, "property_id": 2, "mbti": "ESFJ", "enneatype": "2w1"}, {"id": 1159, "mbti_profile": "Emma Swan", "subcategory": "Once Upon a Time (2011)", "profile_image_url": "https://static1.personality-database.com/profile_images/8f514c58c8ee4aacbfe111f66f1fde57.png", "profile_name": "Emma Swan", "profile_subcat": "Once Upon a Time (2011)", "sub_cat_id": 123, "cat_id": 2, "property_id": 2, "mbti": "ISTP", "enneatype": "6w5"}, {"id": 1162, "mbti_profile": "Henry Mills", "subcategory": "Once Upon a Time (2011)", "profile_image_url": "https://static1.personality-database.com/profile_images/0e7480b359834e2390ac5420fbaa336f.png", "profile_name": "Henry Mills", "profile_subcat": "Once Upon a Time (2011)", "sub_cat_id": 123, "cat_id": 2, "property_id": 2, "mbti": "INFP", "enneatype": "7w6"}, {"id": 1165, "mbti_profile": "Killian Jones / Captain Hook", "subcategory": "Once Upon a Time (2011)", "profile_image_url": "https://static1.personality-database.com/profile_images/909db528b4474750acd77510d15c5518.png", "profile_name": "Killian Jones / Captain Hook", "profile_subcat": "Once Upon a Time (2011)", "sub_cat_id": 123, "cat_id": 2, "property_id": 2, "mbti": "ESTP", "enneatype": "7w8"}, {"id": 1164, "mbti_profile": "Belle French", "subcategory": "Once Upon a Time (2011)", "profile_image_url": "https://static1.personality-database.com/profile_images/97e5aec2e3b84172af16cd148dc752d1.png", "profile_name": "Belle French", "profile_subcat": "Once Upon a Time (2011)", "sub_cat_id": 123, "cat_id": 2, "property_id": 2, "mbti": "INFP", "enneatype": "9w1"}, {"id": 49303, "mbti_profile": "Ingrid / The Snow Queen", "subcategory": "Once Upon a Time (2011)", "profile_image_url": "https://static1.personality-database.com/profile_images/ff73d86d51c44640a1cf2247dcfb3bac.png", "profile_name": "Ingrid / The Snow Queen", "profile_subcat": "Once Upon a Time (2011)", "sub_cat_id": 123, "cat_id": 2, "property_id": 2, "mbti": "ISFJ", "enneatype": "3w2"}], "functions": ["Ni", "Te", "Fi", "Se"], "systems": [{"hex_color": "#888888", "id": 1, "personality_type": "XXXX", "personality_type_id": 0, "system_name": "Four Letter", "system_vote_count": 263, "user_vote_type_id": 0, "vote_id": 0}, {"hex_color": "#006775", "id": 2, "personality_type": "XXXX", "personality_type_id": 0, "system_name": "Enneagram", "system_vote_count": 102, "user_vote_type_id": 0, "vote_id": 0}, {"hex_color": "#006775", "id": 5, "personality_type": "XXXX", "personality_type_id": 0, "system_name": "Instinctual Variant", "system_vote_count": 40, "user_vote_type_id": 0, "vote_id": 0}, {"hex_color": "#006775", "id": 6, "personality_type": "XXXX", "personality_type_id": 0, "system_name": "Tritype", "system_vote_count": 34, "user_vote_type_id": 0, "vote_id": 0}, {"hex_color": "#888888", "id": 3, "personality_type": "XXXX", "personality_type_id": 0, "system_name": "Socionics", "system_vote_count": 16, "user_vote_type_id": 0, "vote_id": 0}, {"hex_color": "#888888", "id": 9, "personality_type": "XXXX", "personality_type_id": 0, "system_name": "Big 5 (SLOAN)", "system_vote_count": 14, "user_vote_type_id": 0, "vote_id": 0}, {"hex_color": "#888888", "id": 8, "personality_type": "XXXX", "personality_type_id": 0, "system_name": "Attitudinal Psyche", "system_vote_count": 9, "user_vote_type_id": 0, "vote_id": 0}, {"hex_color": "#888888", "id": 7, "personality_type": "XXXX", "personality_type_id": 0, "system_name": "Temperaments", "system_vote_count": 33, "user_vote_type_id": 0, "vote_id": 0}, {"hex_color": "#888888", "id": 11, "personality_type": "XXXX", "personality_type_id": 0, "system_name": "Classic Jungian", "system_vote_count": 1, "user_vote_type_id": 0, "vote_id": 0}], "breakdown_systems": {"1": [{"myValue": "INTJ", "personality_system_id": 1, "personality_type": "INTJ", "theCount": 177}, {"myValue": "INFJ", "personality_system_id": 1, "personality_type": "INFJ", "theCount": 48}, {"myValue": "ENTP", "personality_system_id": 1, "personality_type": "ENTP", "theCount": 28}, {"myValue": "ENTJ", "personality_system_id": 1, "personality_type": "ENTJ", "theCount": 3}, {"myValue": "ISFJ", "personality_system_id": 1, "personality_type": "ISFJ", "theCount": 3}, {"myValue": "ISTP", "personality_system_id": 1, "personality_type": "ISTP", "theCount": 2}, {"myValue": "INFP", "personality_system_id": 1, "personality_type": "INFP", "theCount": 1}, {"myValue": "INTP", "personality_system_id": 1, "personality_type": "INTP", "theCount": 1}], "11": [{"myValue": "IN(T)", "personality_system_id": 11, "personality_type": "IN(T)", "theCount": 1}], "2": [{"myValue": "6w5", "personality_system_id": 2, "personality_type": "6w5", "theCount": 70}, {"myValue": "6w7", "personality_system_id": 2, "personality_type": "6w7", "theCount": 10}, {"myValue": "5w6", "personality_system_id": 2, "personality_type": "5w6", "theCount": 7}, {"myValue": "5w4", "personality_system_id": 2, "personality_type": "5w4", "theCount": 5}, {"myValue": "3w4", "personality_system_id": 2, "personality_type": "3w4", "theCount": 3}, {"myValue": "7w6", "personality_system_id": 2, "personality_type": "7w6", "theCount": 2}, {"myValue": "8w9", "personality_system_id": 2, "personality_type": "8w9", "theCount": 2}, {"myValue": "2w3", "personality_system_id": 2, "personality_type": "2w3", "theCount": 1}, {"myValue": "4w5", "personality_system_id": 2, "personality_type": "4w5", "theCount": 1}, {"myValue": "8w7", "personality_system_id": 2, "personality_type": "8w7", "theCount": 1}], "3": [{"myValue": "LSI", "personality_system_id": 3, "personality_type": "LSI", "theCount": 7}, {"myValue": "LII", "personality_system_id": 3, "personality_type": "LII", "theCount": 6}, {"myValue": "LIE", "personality_system_id": 3, "personality_type": "LIE", "theCount": 2}, {"myValue": "IEI", "personality_system_id": 3, "personality_type": "IEI", "theCount": 1}], "4": [{"myValue": "Chaotic Neutral", "personality_system_id": 4, "personality_type": "Chaotic Neutral", "theCount": 6}, {"myValue": "Chaotic Good", "personality_system_id": 4, "personality_type": "Chaotic Good", "theCount": 1}, {"myValue": "Neutral Evil", "personality_system_id": 4, "personality_type": "Neutral Evil", "theCount": 1}], "5": [{"myValue": "sp/sx", "personality_system_id": 5, "personality_type": "sp/sx", "theCount": 22}, {"myValue": "sx/sp", "personality_system_id": 5, "personality_type": "sx/sp", "theCount": 13}, {"myValue": "sx/so", "personality_system_id": 5, "personality_type": "sx/so", "theCount": 3}, {"myValue": "sp/so", "personality_system_id": 5, "personality_type": "sp/so", "theCount": 2}], "6": [{"myValue": "683", "personality_system_id": 6, "personality_type": "683", "theCount": 21}, {"myValue": "584", "personality_system_id": 6, "personality_type": "584", "theCount": 4}, {"myValue": "682", "personality_system_id": 6, "personality_type": "682", "theCount": 4}, {"myValue": "684", "personality_system_id": 6, "personality_type": "684", "theCount": 2}, {"myValue": "638", "personality_system_id": 6, "personality_type": "638", "theCount": 1}, {"myValue": "639", "personality_system_id": 6, "personality_type": "639", "theCount": 1}, {"myValue": "863", "personality_system_id": 6, "personality_type": "863", "theCount": 1}], "7": [{"myValue": "Melancholic-Choleric", "personality_system_id": 7, "personality_type": "Melancholic-Choleric", "theCount": 27}, {"myValue": "Choleric-Melancholic", "personality_system_id": 7, "personality_type": "Choleric-Melancholic", "theCount": 4}, {"myValue": "Melancholic [Dominant]", "personality_system_id": 7, "personality_type": "Melancholic [Dominant]", "theCount": 1}, {"myValue": "Sanguine-Phlegmatic", "personality_system_id": 7, "personality_type": "Sanguine-Phlegmatic", "theCount": 1}], "8": [{"myValue": "LVFE", "personality_system_id": 8, "personality_type": "LVFE", "theCount": 6}, {"myValue": "LFVE", "personality_system_id": 8, "personality_type": "LFVE", "theCount": 2}, {"myValue": "VLFE", "personality_system_id": 8, "personality_type": "VLFE", "theCount": 1}], "9": [{"myValue": "RLOEI", "personality_system_id": 9, "personality_type": "RLOEI", "theCount": 11}, {"myValue": "RCOEI", "personality_system_id": 9, "personality_type": "RCOEI", "theCount": 2}, {"myValue": "RCOAI", "personality_system_id": 9, "personality_type": "RCOAI", "theCount": 1}]}, "breakdown_config": {"expand": {"1": 3, "11": 1, "2": 3, "3": 1, "4": 1, "5": 2, "6": 1, "7": 1, "8": 1, "9": 1}, "fire": {"1": 0, "11": 0, "2": 0, "3": 0, "4": 0, "5": 1, "6": 0, "7": 0, "8": 0, "9": 0}}, "mbti_letter_stats": [{"type": "I", "percentage": "88%", "PercentageFloat": 0.8821292775665399}, {"type": "N", "percentage": "98%", "PercentageFloat": 0.9809885931558935}, {"type": "T", "percentage": "80%", "PercentageFloat": 0.8022813688212928}, {"type": "J", "percentage": "88%", "PercentageFloat": 0.8783269961977186}], "topic_info": {"can_generate": false, "topic": {"description": "", "follow_count": 1, "id": 1087, "is_following": false, "is_join_pending": false, "is_banned": false, "is_moderated": false, "name_readable": "Mr. Gold", "post_count": 2, "source_profile_id": 1163, "source_type": "profile", "join_to_post": false, "can_pin": false, "related_topics": [{"description": "", "follow_count": 3, "id": 1084, "is_following": false, "is_join_pending": false, "is_banned": false, "is_moderated": false, "name_readable": "Regina Mills / The Evil Queen", "post_count": 5, "source_profile_id": 1160, "source_type": "profile", "image": {"picURL": "https://static1.personality-database.com/profile_images/617123d99bbf4598b385ac5a24fdbe95.png"}, "join_to_post": false, "can_pin": false}, {"description": "", "follow_count": 1, "id": 1087, "is_following": false, "is_join_pending": false, "is_banned": false, "is_moderated": false, "name_readable": "Mr. Gold", "post_count": 2, "source_profile_id": 1163, "source_type": "profile", "image": {"picURL": "https://static1.personality-database.com/profile_images/a1f0b0fb95e445c8afa88d07d15aacd1.png"}, "join_to_post": false, "can_pin": false}, {"description": "", "follow_count": 0, "id": 139844, "is_following": false, "is_join_pending": false, "is_banned": false, "is_moderated": false, "name_readable": "Evil Queen (Season 6)", "post_count": 1, "source_profile_id": 181788, "source_type": "profile", "image": {"picURL": "https://static1.personality-database.com/profile_images/5ec0275ca17f43928bae8e839af60300.png"}, "join_to_post": false, "can_pin": false}, {"description": "", "follow_count": 0, "id": 43226, "is_following": false, "is_join_pending": false, "is_banned": false, "is_moderated": false, "name_readable": "Hades", "post_count": 1, "source_profile_id": 49304, "source_type": "profile", "image": {"picURL": "https://static1.personality-database.com/profile_images/bb6dbe802f4b43f1a8e38748909d68c6.png"}, "join_to_post": false, "can_pin": false}, {"description": "", "follow_count": 1, "id": 1089, "is_following": false, "is_join_pending": false, "is_banned": false, "is_moderated": false, "name_readable": "Killian Jones / Captain Hook", "post_count": 1, "source_profile_id": 1165, "source_type": "profile", "image": {"picURL": "https://static1.personality-database.com/profile_images/909db528b4474750acd77510d15c5518.png"}, "join_to_post": false, "can_pin": false}, {"description": "", "follow_count": 1, "id": 6615, "is_following": false, "is_join_pending": false, "is_banned": false, "is_moderated": false, "name_readable": "Peter Pan / Malcolm", "post_count": 1, "source_profile_id": 7082, "source_type": "profile", "image": {"picURL": "https://static1.personality-database.com/profile_images/1d326283e3364bfab8d54657773a0e4c.png"}, "join_to_post": false, "can_pin": false}, {"description": "", "follow_count": 0, "id": 127631, "is_following": false, "is_join_pending": false, "is_banned": false, "is_moderated": false, "name_readable": "Liam Jones", "post_count": 0, "source_profile_id": 164533, "source_type": "profile", "image": {"picURL": "https://static1.personality-database.com/profile_images/8e951f63dcdb49f0a2255797a8627a6d.png"}, "join_to_post": false, "can_pin": false}, {"description": "", "follow_count": 0, "id": 127627, "is_following": false, "is_join_pending": false, "is_banned": false, "is_moderated": false, "name_readable": "Wendy Darling", "post_count": 0, "source_profile_id": 164529, "source_type": "profile", "image": {"picURL": "https://static1.personality-database.com/profile_images/26e6ecfc2d6d4c1a994cea8e484a4eb6.png"}, "join_to_post": false, "can_pin": false}, {"description": "", "follow_count": 0, "id": 127632, "is_following": false, "is_join_pending": false, "is_banned": false, "is_moderated": false, "name_readable": "Merida", "post_count": 0, "source_profile_id": 164534, "source_type": "profile", "image": {"picURL": "https://static1.personality-database.com/profile_images/ec2f6a5e2e6b4c4ca2d63cf422e574ea.png"}, "join_to_post": false, "can_pin": false}, {"description": "", "follow_count": 0, "id": 127633, "is_following": false, "is_join_pending": false, "is_banned": false, "is_moderated": false, "name_readable": "Hercules", "post_count": 0, "source_profile_id": 164535, "source_type": "profile", "image": {"picURL": "https://static1.personality-database.com/profile_images/7867d2b136564769a068141a2075d1c4.png"}, "join_to_post": false, "can_pin": false}, {"description": "", "follow_count": 0, "id": 127634, "is_following": false, "is_join_pending": false, "is_banned": false, "is_moderated": false, "name_readable": "Jafar", "post_count": 0, "source_profile_id": 164536, "source_type": "profile", "image": {"picURL": "https://static1.personality-database.com/profile_images/2473f4d680eb4d4ca0f5c243759cf09d.png"}, "join_to_post": false, "can_pin": false}, {"description": "", "follow_count": 0, "id": 127762, "is_following": false, "is_join_pending": false, "is_banned": false, "is_moderated": false, "name_readable": "Poseidon", "post_count": 0, "source_profile_id": 164704, "source_type": "profile", "image": {"picURL": "https://static1.personality-database.com/profile_images/079e245f3b7b46138d60c9868af760bf.png"}, "join_to_post": false, "can_pin": false}, {"description": "", "follow_count": 0, "id": 127767, "is_following": false, "is_join_pending": false, "is_banned": false, "is_moderated": false, "name_readable": "Sr. Hyde", "post_count": 0, "source_profile_id": 164709, "source_type": "profile", "image": {"picURL": "https://static1.personality-database.com/profile_images/306186dcd92348418c97ff8043b7ad7b.png"}, "join_to_post": false, "can_pin": false}, {"description": "", "follow_count": 0, "id": 127764, "is_following": false, "is_join_pending": false, "is_banned": false, "is_moderated": false, "name_readable": "Zeus", "post_count": 0, "source_profile_id": 164706, "source_type": "profile", "image": {"picURL": "https://static1.personality-database.com/profile_images/68f299d9d35245e08fc8528813016c13.png"}, "join_to_post": false, "can_pin": false}, {"description": "", "follow_count": 0, "id": 127635, "is_following": false, "is_join_pending": false, "is_banned": false, "is_moderated": false, "name_readable": "Dr. Henry Jekyll", "post_count": 0, "source_profile_id": 164537, "source_type": "profile", "image": {"picURL": "https://static1.personality-database.com/profile_images/8fc0c9ab5b414443991a51761d11b799.png"}, "join_to_post": false, "can_pin": false}, {"description": "", "follow_count": 0, "id": 127637, "is_following": false, "is_join_pending": false, "is_banned": false, "is_moderated": false, "name_readable": "Bo Peep", "post_count": 0, "source_profile_id": 164539, "source_type": "profile", "image": {"picURL": "https://static1.personality-database.com/profile_images/edbb07fad41e486e8014b72c2f3ac614.png"}, "join_to_post": false, "can_pin": false}], "subcategory": "Once Upon a Time (2011)", "topic_image_url": "https://static1.personality-database.com/profile_images/a1f0b0fb95e445c8afa88d07d15aacd1.png", "source_location": {"cid": 2, "pid": 2, "sub_cat_id": 123}, "can_post_image": false, "can_post_audio": false, "posts": {"posts": [{"username": "Personality Database", "user_pic_path": "https://static1.personality-database.com/user_avatars/191134/7a9ff5fd-a01d-4478-9e4c-0abc76df776d_small.webp", "user_personality_type": "", "is_mod": true, "comment_count": 2, "reply_count": 2, "vote_type": 0, "topics_list": [{"id": 1087, "name_readable": "Mr. Gold"}], "id": 1312019, "post_id": 1312019, "user_id": 191134, "title": "", "content": "A user suggests that Rumplestiltskin / The Coward and Rumplestiltskin / The Dark One are duplicates of Mr. Gold. \"There are three profiles for the same character based on his backstory, present and dark side.\" \n\nWhat do you think?\n\nhttps://www.personality-database.com/profile/132895/rumplestiltskin-the-dark-one-once-upon-a-time-2011-mbti-personality-type \nhttps://www.personality-database.com/profile/132895/rumplestiltskin-the-dark-one-once-upon-a-time-2011-mbti-personality-type", "create_date": 1662824134000, "unix_timestamp": 1662824134000, "update_date": 1662824134000, "vote_count": 2, "vote_count_down": 0, "is_reported": 0, "is_hidden": false, "is_pinned": false, "is_watching": false, "is_pro_user": true, "images": null, "audios": null, "function_list": [], "type": "post"}, {"username": "Tsuba", "user_pic_path": "https://lh3.googleusercontent.com/a-/AOh14Gik1TInUthk6_EnbW0eUpBrkVxPkKw3_RVOsrz6=s96-c", "user_personality_type": "INFJ-5w4-549", "is_mod": false, "comment_count": 1, "reply_count": 1, "vote_type": 0, "topics_list": [{"id": 1087, "name_readable": "Mr. Gold"}], "id": 1885114, "post_id": 1885114, "user_id": 165976, "title": "", "content": "sooo underrated man. he loved his son so much and planned everything that happened in the first two seasons. in the next seasons, he was an extremely resourceful survivor- like a really fast newt you cant catch hahaha. honestly the writers got lazy after they killed off neal and dragged on the belle/rumple thing. he's truly a really powerful guy with one of the best character developments and stories. amazing INTJ", "create_date": 1610174755000, "unix_timestamp": 1610174755000, "update_date": 1610174755000, "vote_count": 30, "vote_count_down": 0, "is_reported": 1, "is_hidden": false, "is_pinned": false, "is_watching": false, "is_pro_user": false, "images": null, "audios": null, "function_list": [], "type": "post"}]}}}}