{"id": 1198, "mbti_profile": "Spencer Reid", "profile_name_searchable": "spencerreid", "allow_commenting": true, "allow_voting": true, "user_id": 161, "contributor": "Madison Mitzkovitz", "contributor_create_date": "2015-08-23 05:35:58", "contributor_pic_path": "https://lh5.googleusercontent.com/-_vw56GqNN2c/AAAAAAAAAAI/AAAAAAAAAZA/7vdzFfkuhuY/photo.jpg", "display_order": 0, "edit_lock": 0, "edit_lock_picture": 0, "is_active": true, "is_approved": true, "mbti_enneagram_type": "INTP 5w6", "mbti_type": "INTP 5w6", "pdb_comment_access": true, "pdb_page_owner": 0, "pdb_public_access": true, "wiki_description": "Dr. Spencer Reid is a main character on Criminal Minds and a Supervisory Special Agent with the BAU. He is hailed as a genius and an autodidact. Spencer joined the FBI at the young age of twenty and has three\u00a0BAs\u00a0and three\u00a0PhDs\u00a0in Mathematics, Chemistry, and Engineering.", "watch_count": 1543, "comment_count": 196, "vote_count": 666, "vote_count_enneagram": 378, "vote_count_mbti": 666, "total_vote_counts": 1526, "personality_type": "INTP - 5w6 - sx/so - 592 - LII - RCOAI - LVEF - Phlegmatic-Melancholic - IT(N)", "type_updated_date": "2022-11-17 04:13:37", "enneagram_vote": "", "enneagram_vote_id": 0, "mbti_vote": "", "mbti_vote_id": 0, "is_watching": false, "image_exists": false, "profile_image_url": "https://static1.personality-database.com/profile_images/97cabbbdab6c48b7839e94803947ea74.png", "profile_image_credit": "", "profile_image_credit_id": 224293, "profile_image_credit_type": "0", "profile_image_credit_url": "", "alt_subcategory": "", "related_subcategories": "", "cat_id": 2, "category": "Television", "category_is_fictional": true, "sub_cat_id": 133, "subcategory": "Criminal Minds (2005)", "subcat_link_info": {"sub_cat_id": 133, "cat_id": 2, "property_id": 2, "subcategory": "Criminal Minds (2005)"}, "related_subcat_link_info": null, "related_profiles": [{"id": 1199, "mbti_profile": "Penelope Garcia", "subcategory": "Criminal Minds (2005)", "profile_image_url": "https://static1.personality-database.com/profile_images/df84f7c0d40f4f0d8bac43dabe3b2079.png", "profile_name": "Penelope Garcia", "profile_subcat": "Criminal Minds (2005)", "sub_cat_id": 133, "cat_id": 2, "property_id": 2, "mbti": "ENFP", "enneatype": "4w5"}, {"id": 1200, "mbti_profile": "Jennifer \"JJ\" Jareau", "subcategory": "Criminal Minds (2005)", "profile_image_url": "https://static1.personality-database.com/profile_images/86663fb801cd44cfb769b4c2e706fe68.png", "profile_name": "Jennifer \"JJ\" Jareau", "profile_subcat": "Criminal Minds (2005)", "sub_cat_id": 133, "cat_id": 2, "property_id": 2, "mbti": "ISFJ", "enneatype": "2w1"}, {"id": 1203, "mbti_profile": "Emily Prentiss", "subcategory": "Criminal Minds (2005)", "profile_image_url": "https://static1.personality-database.com/profile_images/68007ee7a30f454c941c22ce865442cf.png", "profile_name": "Emily Prentiss", "profile_subcat": "Criminal Minds (2005)", "sub_cat_id": 133, "cat_id": 2, "property_id": 2, "mbti": "ESFJ", "enneatype": "2w3"}, {"id": 1196, "mbti_profile": "Aaron Hotchner", "subcategory": "Criminal Minds (2005)", "profile_image_url": "https://static1.personality-database.com/profile_images/36d57bed08044159a978bb3e55e8e1f3.png", "profile_name": "Aaron Hotchner", "profile_subcat": "Criminal Minds (2005)", "sub_cat_id": 133, "cat_id": 2, "property_id": 2, "mbti": "ISTJ", "enneatype": "1w9"}, {"id": 1195, "mbti_profile": "Jason Gideon", "subcategory": "Criminal Minds (2005)", "profile_image_url": "https://static1.personality-database.com/profile_images/9479ccf181634e049a2ff3da47b68465.png", "profile_name": "Jason Gideon", "profile_subcat": "Criminal Minds (2005)", "sub_cat_id": 133, "cat_id": 2, "property_id": 2, "mbti": "INFJ", "enneatype": "5w6"}, {"id": 1197, "mbti_profile": "Derek Morgan", "subcategory": "Criminal Minds (2005)", "profile_image_url": "https://static1.personality-database.com/profile_images/dcca6ef550044371921474dfb5950f9b.png", "profile_name": "Derek Morgan", "profile_subcat": "Criminal Minds (2005)", "sub_cat_id": 133, "cat_id": 2, "property_id": 2, "mbti": "ESTP", "enneatype": "3w2"}, {"id": 1202, "mbti_profile": "Elle Greenaway", "subcategory": "Criminal Minds (2005)", "profile_image_url": "https://static1.personality-database.com/profile_images/5280bb5e88404b798c954c9b3eacf140.png", "profile_name": "Elle Greenaway", "profile_subcat": "Criminal Minds (2005)", "sub_cat_id": 133, "cat_id": 2, "property_id": 2, "mbti": "ESTJ", "enneatype": ""}, {"id": 23796, "mbti_profile": "Alex Blake", "subcategory": "Criminal Minds (2005)", "profile_image_url": "https://static1.personality-database.com/profile_images/12531b006afd4788989b441f49564bf0.png", "profile_name": "Alex Blake", "profile_subcat": "Criminal Minds (2005)", "sub_cat_id": 133, "cat_id": 2, "property_id": 2, "mbti": "ENTJ", "enneatype": "9w1"}], "functions": ["Ti", "Ne", "Si", "Fe"], "systems": [{"hex_color": "#888888", "id": 1, "personality_type": "XXXX", "personality_type_id": 0, "system_name": "Four Letter", "system_vote_count": 652, "user_vote_type_id": 0, "vote_id": 0}, {"hex_color": "#006775", "id": 2, "personality_type": "XXXX", "personality_type_id": 0, "system_name": "Enneagram", "system_vote_count": 368, "user_vote_type_id": 0, "vote_id": 0}, {"hex_color": "#006775", "id": 5, "personality_type": "XXXX", "personality_type_id": 0, "system_name": "Instinctual Variant", "system_vote_count": 120, "user_vote_type_id": 0, "vote_id": 0}, {"hex_color": "#006775", "id": 6, "personality_type": "XXXX", "personality_type_id": 0, "system_name": "Tritype", "system_vote_count": 110, "user_vote_type_id": 0, "vote_id": 0}, {"hex_color": "#888888", "id": 3, "personality_type": "XXXX", "personality_type_id": 0, "system_name": "Socionics", "system_vote_count": 46, "user_vote_type_id": 0, "vote_id": 0}, {"hex_color": "#888888", "id": 9, "personality_type": "XXXX", "personality_type_id": 0, "system_name": "Big 5 (SLOAN)", "system_vote_count": 47, "user_vote_type_id": 0, "vote_id": 0}, {"hex_color": "#888888", "id": 8, "personality_type": "XXXX", "personality_type_id": 0, "system_name": "Attitudinal Psyche", "system_vote_count": 39, "user_vote_type_id": 0, "vote_id": 0}, {"hex_color": "#888888", "id": 7, "personality_type": "XXXX", "personality_type_id": 0, "system_name": "Temperaments", "system_vote_count": 95, "user_vote_type_id": 0, "vote_id": 0}, {"hex_color": "#888888", "id": 11, "personality_type": "XXXX", "personality_type_id": 0, "system_name": "Classic Jungian", "system_vote_count": 9, "user_vote_type_id": 0, "vote_id": 0}], "breakdown_systems": {"1": [{"myValue": "INTP", "personality_system_id": 1, "personality_type": "INTP", "theCount": 583}, {"myValue": "INFP", "personality_system_id": 1, "personality_type": "INFP", "theCount": 41}, {"myValue": "INTJ", "personality_system_id": 1, "personality_type": "INTJ", "theCount": 9}, {"myValue": "INFJ", "personality_system_id": 1, "personality_type": "INFJ", "theCount": 5}, {"myValue": "ISFJ", "personality_system_id": 1, "personality_type": "ISFJ", "theCount": 3}, {"myValue": "ENFP", "personality_system_id": 1, "personality_type": "ENFP", "theCount": 2}, {"myValue": "ESFP", "personality_system_id": 1, "personality_type": "ESFP", "theCount": 2}, {"myValue": "ISTP", "personality_system_id": 1, "personality_type": "ISTP", "theCount": 2}, {"myValue": "ENFJ", "personality_system_id": 1, "personality_type": "ENFJ", "theCount": 1}, {"myValue": "ENTP", "personality_system_id": 1, "personality_type": "ENTP", "theCount": 1}, {"myValue": "ESFJ", "personality_system_id": 1, "personality_type": "ESFJ", "theCount": 1}, {"myValue": "ESTP", "personality_system_id": 1, "personality_type": "ESTP", "theCount": 1}, {"myValue": "ISTJ", "personality_system_id": 1, "personality_type": "ISTJ", "theCount": 1}], "11": [{"myValue": "IT(N)", "personality_system_id": 11, "personality_type": "IT(N)", "theCount": 9}], "2": [{"myValue": "5w6", "personality_system_id": 2, "personality_type": "5w6", "theCount": 337}, {"myValue": "5w4", "personality_system_id": 2, "personality_type": "5w4", "theCount": 19}, {"myValue": "6w5", "personality_system_id": 2, "personality_type": "6w5", "theCount": 8}, {"myValue": "2w1", "personality_system_id": 2, "personality_type": "2w1", "theCount": 2}, {"myValue": "7w8", "personality_system_id": 2, "personality_type": "7w8", "theCount": 1}, {"myValue": "8w9", "personality_system_id": 2, "personality_type": "8w9", "theCount": 1}], "3": [{"myValue": "LII", "personality_system_id": 3, "personality_type": "LII", "theCount": 40}, {"myValue": "ILE", "personality_system_id": 3, "personality_type": "ILE", "theCount": 6}], "4": [{"myValue": "Chaotic Good", "personality_system_id": 4, "personality_type": "Chaotic Good", "theCount": 26}, {"myValue": "Neutral Good", "personality_system_id": 4, "personality_type": "Neutral Good", "theCount": 5}, {"myValue": "True Neutral", "personality_system_id": 4, "personality_type": "True Neutral", "theCount": 5}, {"myValue": "Lawful Good", "personality_system_id": 4, "personality_type": "Lawful Good", "theCount": 2}, {"myValue": "Chaotic Neutral", "personality_system_id": 4, "personality_type": "Chaotic Neutral", "theCount": 1}, {"myValue": "Lawful Neutral", "personality_system_id": 4, "personality_type": "Lawful Neutral", "theCount": 1}], "5": [{"myValue": "sx/so", "personality_system_id": 5, "personality_type": "sx/so", "theCount": 66}, {"myValue": "sp/so", "personality_system_id": 5, "personality_type": "sp/so", "theCount": 23}, {"myValue": "so/sx", "personality_system_id": 5, "personality_type": "so/sx", "theCount": 16}, {"myValue": "so/sp", "personality_system_id": 5, "personality_type": "so/sp", "theCount": 7}, {"myValue": "sp/sx", "personality_system_id": 5, "personality_type": "sp/sx", "theCount": 4}, {"myValue": "sx/sp", "personality_system_id": 5, "personality_type": "sx/sp", "theCount": 4}], "6": [{"myValue": "592", "personality_system_id": 6, "personality_type": "592", "theCount": 62}, {"myValue": "549", "personality_system_id": 6, "personality_type": "549", "theCount": 35}, {"myValue": "593", "personality_system_id": 6, "personality_type": "593", "theCount": 7}, {"myValue": "548", "personality_system_id": 6, "personality_type": "548", "theCount": 2}, {"myValue": "512", "personality_system_id": 6, "personality_type": "512", "theCount": 1}, {"myValue": "582", "personality_system_id": 6, "personality_type": "582", "theCount": 1}, {"myValue": "594", "personality_system_id": 6, "personality_type": "594", "theCount": 1}, {"myValue": "694", "personality_system_id": 6, "personality_type": "694", "theCount": 1}], "7": [{"myValue": "Phlegmatic-Melancholic", "personality_system_id": 7, "personality_type": "Phlegmatic-Melancholic", "theCount": 43}, {"myValue": "Phlegmatic-Choleric", "personality_system_id": 7, "personality_type": "Phlegmatic-Choleric", "theCount": 36}, {"myValue": "Phlegmatic [Dominant]", "personality_system_id": 7, "personality_type": "Phlegmatic [Dominant]", "theCount": 8}, {"myValue": "Melancholic-Phlegmatic", "personality_system_id": 7, "personality_type": "Melancholic-Phlegmatic", "theCount": 4}, {"myValue": "Melancholic [Dominant]", "personality_system_id": 7, "personality_type": "Melancholic [Dominant]", "theCount": 3}, {"myValue": "Phlegmatic-Sanguine", "personality_system_id": 7, "personality_type": "Phlegmatic-Sanguine", "theCount": 1}], "8": [{"myValue": "LVEF", "personality_system_id": 8, "personality_type": "LVEF", "theCount": 32}, {"myValue": "LFVE", "personality_system_id": 8, "personality_type": "LFVE", "theCount": 2}, {"myValue": "FLEV", "personality_system_id": 8, "personality_type": "FLEV", "theCount": 1}, {"myValue": "LEVF", "personality_system_id": 8, "personality_type": "LEVF", "theCount": 1}, {"myValue": "LFEV", "personality_system_id": 8, "personality_type": "LFEV", "theCount": 1}, {"myValue": "VFLE", "personality_system_id": 8, "personality_type": "VFLE", "theCount": 1}, {"myValue": "VLEF", "personality_system_id": 8, "personality_type": "VLEF", "theCount": 1}], "9": [{"myValue": "RCOAI", "personality_system_id": 9, "personality_type": "RCOAI", "theCount": 41}, {"myValue": "RLOAI", "personality_system_id": 9, "personality_type": "RLOAI", "theCount": 2}, {"myValue": "SCUEI", "personality_system_id": 9, "personality_type": "SCUEI", "theCount": 2}, {"myValue": "RCUAI", "personality_system_id": 9, "personality_type": "RCUAI", "theCount": 1}, {"myValue": "SCOAI", "personality_system_id": 9, "personality_type": "SCOAI", "theCount": 1}]}, "breakdown_config": {"expand": {"1": 3, "11": 1, "2": 3, "3": 1, "4": 1, "5": 1, "6": 2, "7": 2, "8": 1, "9": 1}, "fire": {"1": 0, "11": 0, "2": 0, "3": 0, "4": 0, "5": 0, "6": 1, "7": 1, "8": 0, "9": 0}}, "mbti_letter_stats": [{"type": "I", "percentage": "99%", "PercentageFloat": 0.9877300613496932}, {"type": "N", "percentage": "98%", "PercentageFloat": 0.9846625766871165}, {"type": "T", "percentage": "92%", "PercentageFloat": 0.9156441717791411}, {"type": "P", "percentage": "97%", "PercentageFloat": 0.9693251533742331}], "topic_info": {"can_generate": false, "topic": {"description": "Dr. Spencer Reid is a main character on Criminal Minds and a Supervisory Special Agent with the BAU. He is hailed as a genius and an autodidact. Spencer joined the FBI at the young age of twenty and has three\u00a0BAs\u00a0and three\u00a0PhDs\u00a0in Mathematics, Chemistry, and Engineering.\n\nHe is portrayed by #MatthewGrayGubler", "follow_count": 4, "id": 1119, "is_following": false, "is_join_pending": false, "is_banned": false, "is_moderated": false, "name_readable": "Spencer Reid", "post_count": 12, "source_profile_id": 1198, "source_type": "profile", "join_to_post": false, "can_pin": false, "related_topics": [{"description": "Dr. Spencer Reid is a main character on Criminal Minds and a Supervisory Special Agent with the BAU. He is hailed as a genius and an autodidact. Spencer joined the FBI at the young age of twenty and has three\u00a0BAs\u00a0and three\u00a0PhDs\u00a0in Mathematics, Chemistry, and Engineering.\n\nHe is portrayed by #MatthewGrayGubler", "follow_count": 4, "id": 1119, "is_following": false, "is_join_pending": false, "is_banned": false, "is_moderated": false, "name_readable": "Spencer Reid", "post_count": 12, "source_profile_id": 1198, "source_type": "profile", "image": {"picURL": "https://static1.personality-database.com/profile_images/97cabbbdab6c48b7839e94803947ea74.png"}, "join_to_post": false, "can_pin": false}, {"description": "Elle Greenaway is a main character of Criminal Minds and a former Supervisory Special Agent with the BAU. Her specialty was sexual offense crimes. She officially resigned from her position in Season Two due to PTSD from being shot by an unsub stalking the team, and due to murdering another unsub, making her a one-time vigilante killer. She was replaced by Emily Prentiss, who held the position until Season Seven.\n\nShe is portrayed by #LolaGlaudini", "follow_count": 0, "id": 1123, "is_following": false, "is_join_pending": false, "is_banned": false, "is_moderated": false, "name_readable": "Elle Greenaway", "post_count": 2, "source_profile_id": 1202, "source_type": "profile", "image": {"picURL": "https://static1.personality-database.com/profile_images/5280bb5e88404b798c954c9b3eacf140.png"}, "join_to_post": false, "can_pin": false}, {"description": "David Stephen \"Dave\" Rossi is main character on Criminal Minds and a Supervisory Special Agent of the FBI and the Unit Senior Agent at the Behavioral Analysis Unit at Quantico, Virginia.\n\nHe is portrayed by #JoeMantegna", "follow_count": 0, "id": 1122, "is_following": false, "is_join_pending": false, "is_banned": false, "is_moderated": false, "name_readable": "David Rossi", "post_count": 2, "source_profile_id": 1201, "source_type": "profile", "image": {"picURL": "https://static1.personality-database.com/profile_images/add6adf29eb14ef2b659b272e2179715.png"}, "join_to_post": false, "can_pin": false}, {"description": "Aaron \"Hotch\" Hotchner is a main character on Criminal Minds and the former unit chief of Quantico's Behavioral Analysis Unit, the direct superior of all special agents. He officially resigned from both positions in Season Twelve after being put into witness protection due to his son, Jack Hotchner being actively stalked by Peter Lewis, aka, Mr. Scratch.\n\nHe is portrayed by #ThomasGibson", "follow_count": 0, "id": 1117, "is_following": false, "is_join_pending": false, "is_banned": false, "is_moderated": false, "name_readable": "Aaron Hotchner", "post_count": 1, "source_profile_id": 1196, "source_type": "profile", "image": {"picURL": "https://static1.personality-database.com/profile_images/36d57bed08044159a978bb3e55e8e1f3.png"}, "join_to_post": false, "can_pin": false}, {"description": "Criminal Minds unsub call girl who murdered people by poisoning them.", "follow_count": 0, "id": 219733, "is_following": false, "is_join_pending": false, "is_banned": false, "is_moderated": false, "name_readable": "Megan Kane", "post_count": 1, "source_profile_id": 286720, "source_type": "profile", "image": {"picURL": "https://static1.personality-database.com/profile_images/4ff352cabd394eb99be7c5ec7da43908.png"}, "join_to_post": false, "can_pin": false}, {"description": "Played by Josh Stewart", "follow_count": 0, "id": 43863, "is_following": false, "is_join_pending": false, "is_banned": false, "is_moderated": false, "name_readable": "William LaMontagne, Jr", "post_count": 1, "source_profile_id": 50046, "source_type": "profile", "image": {"picURL": "https://static1.personality-database.com/profile_images/4006ba1f0c5843b2a530ac478984c1c5.png"}, "join_to_post": false, "can_pin": false}, {"description": "", "follow_count": 1, "id": 158623, "is_following": false, "is_join_pending": false, "is_banned": false, "is_moderated": false, "name_readable": "Cat Adams", "post_count": 1, "source_profile_id": 205297, "source_type": "profile", "image": {"picURL": "https://static1.personality-database.com/profile_images/4fc99f2758ae4572a25af0ca7f028841.png"}, "join_to_post": false, "can_pin": false}, {"description": "Jennifer \"JJ\" Jareau is a main character on Criminal Minds and a Supervisory Special Agent who was the BAU's former liaison with police and media officials. Upon her return in Season Seven, she officially becomes a profiler while her original position has gone to Penelope Garcia.\n\nShe is portrayed by #AJCook", "follow_count": 0, "id": 1121, "is_following": false, "is_join_pending": false, "is_banned": false, "is_moderated": false, "name_readable": "Jennifer \"JJ\" Jareau", "post_count": 1, "source_profile_id": 1200, "source_type": "profile", "image": {"picURL": "https://static1.personality-database.com/profile_images/86663fb801cd44cfb769b4c2e706fe68.png"}, "join_to_post": false, "can_pin": false}, {"description": "Penelope Grace Garcia is the BAU's Technical Analyst and also the team's Media Liaison Officer since Jennifer Jareau's promotion to Supervisory Special Agent.", "follow_count": 1, "id": 1120, "is_following": false, "is_join_pending": false, "is_banned": false, "is_moderated": false, "name_readable": "Penelope Garcia", "post_count": 1, "source_profile_id": 1199, "source_type": "profile", "image": {"picURL": "https://static1.personality-database.com/profile_images/df84f7c0d40f4f0d8bac43dabe3b2079.png"}, "join_to_post": false, "can_pin": false}, {"description": "Derek Morgan is a main character on Criminal Minds and a former Supervisory Special Agent with the FBI's Behavioral Analysis Unit. For a time, he was the acting unit chief of the BAU, taking over as Hotch stepped down temporally. Morgan specialized in explosives, fixations, and obsessive behaviors. He officially resigned from the BAU in Season Eleven in order to be with his new family. His position was taken over by Luke Alvez in Season Twelve.\n\nHe is portrayed by #ShemarMoore", "follow_count": 0, "id": 1118, "is_following": false, "is_join_pending": false, "is_banned": false, "is_moderated": false, "name_readable": "Derek Morgan", "post_count": 1, "source_profile_id": 1197, "source_type": "profile", "image": {"picURL": "https://static1.personality-database.com/profile_images/dcca6ef550044371921474dfb5950f9b.png"}, "join_to_post": false, "can_pin": false}, {"description": "Emily Prentiss is a main character on Criminal Minds and the current Unit Chief of the BAU who first joined the team two episodes after Elle Greenaway resigned from the FBI for good. At the end of Season 7, she resigned from the BAU and accepted a position with Interpol in London. She rejoined the team in\u00a0Season 12\u00a0and was then promoted to Unit Chief following the resignation of\u00a0Aaron Hotchner.\n\nShe is portrayed by #PagetBrewster", "follow_count": 0, "id": 1124, "is_following": false, "is_join_pending": false, "is_banned": false, "is_moderated": false, "name_readable": "Emily Prentiss", "post_count": 1, "source_profile_id": 1203, "source_type": "profile", "image": {"picURL": "https://static1.personality-database.com/profile_images/68007ee7a30f454c941c22ce865442cf.png"}, "join_to_post": false, "can_pin": false}, {"description": "Doctor Theodore \"Ted\" Bryar is a schizophrenic cop killer who appeared in the Season One episode \"Derailed\".", "follow_count": 0, "id": 127770, "is_following": false, "is_join_pending": false, "is_banned": false, "is_moderated": false, "name_readable": "Ted Bryar", "post_count": 0, "source_profile_id": 164712, "source_type": "profile", "image": {"picURL": "https://static1.personality-database.com/profile_images/901bcf482e004522a1fcef17aaa097fc.png"}, "join_to_post": false, "can_pin": false}, {"description": "Raphael is the secondary personality of the Hankel DID System. He is based on the archangel Raphael and highly influenced by Tobias' image of his father. Raphael is a vindictive personality that seeks revenge against people committing sin by murdering them.", "follow_count": 0, "id": 304855, "is_following": false, "is_join_pending": false, "is_banned": false, "is_moderated": false, "name_readable": "Raphael", "post_count": 0, "source_profile_id": 396843, "source_type": "profile", "image": {"picURL": "https://www.personality-database.com/images/profile_transparent.png"}, "join_to_post": false, "can_pin": false}, {"description": "", "follow_count": 0, "id": 240158, "is_following": false, "is_join_pending": false, "is_banned": false, "is_moderated": false, "name_readable": "Sydney Manning", "post_count": 0, "source_profile_id": 312509, "source_type": "profile", "image": {"picURL": "https://www.personality-database.com/images/profile_transparent.png"}, "join_to_post": false, "can_pin": false}, {"description": "William M. Lee was an ephebophilic serial rapist, stalker, and one-time proxy killer who appeared in the Season Two episode of Criminal Minds, \"Aftermath\".", "follow_count": 0, "id": 216652, "is_following": false, "is_join_pending": false, "is_banned": false, "is_moderated": false, "name_readable": "William Lee", "post_count": 0, "source_profile_id": 282878, "source_type": "profile", "image": {"picURL": "https://www.personality-database.com/images/profile_transparent.png"}, "join_to_post": false, "can_pin": false}, {"description": "Edward \"Ed\" Hill was a \"wound collector\"-type poisoner, attempted mass murderer, and possible budding serial killer who appeared in the Season One episode \"Poison\"", "follow_count": 0, "id": 127780, "is_following": false, "is_join_pending": false, "is_banned": false, "is_moderated": false, "name_readable": "Edward Hill", "post_count": 0, "source_profile_id": 164723, "source_type": "profile", "image": {"picURL": "https://static1.personality-database.com/profile_images/1873030e7b6d4ba68b640a80834b25f8.png"}, "join_to_post": false, "can_pin": false}], "subcategory": "Criminal Minds (2005)", "topic_image_url": "https://static1.personality-database.com/profile_images/97cabbbdab6c48b7839e94803947ea74.png", "source_location": {"cid": 2, "pid": 2, "sub_cat_id": 133}, "can_post_image": false, "can_post_audio": false, "posts": {"posts": [{"username": "wekimeki", "user_pic_path": "https://lh3.googleusercontent.com/a-/AOh14Gh8jmJE3b09lbU32EKzdv2tFDxlFjeI9Hy6NHY=s96-c", "user_personality_type": "1w2-163", "is_mod": false, "comment_count": 0, "reply_count": 0, "vote_type": 0, "topics_list": [{"id": 1119, "name_readable": "Spencer Reid"}], "id": 2205772, "post_id": 2205772, "user_id": 696905, "title": "", "content": "My babygirl", "create_date": 1673845296000, "unix_timestamp": 1673845296000, "update_date": 1673845296000, "vote_count": 0, "vote_count_down": 0, "is_reported": 0, "is_hidden": false, "is_pinned": false, "is_watching": false, "is_pro_user": false, "images": null, "audios": null, "function_list": [], "type": "post"}, {"username": "Pearl-", "user_pic_path": "https://static1.personality-database.com/user_avatars/1577421/c8e1577c-8ffa-43e7-abef-20660068b6e7_small.jpeg", "user_personality_type": "INFJ", "is_mod": false, "comment_count": 0, "reply_count": 0, "vote_type": 0, "topics_list": [{"id": 1119, "name_readable": "Spencer Reid"}], "id": 2197770, "post_id": 2197770, "user_id": 1577421, "title": "", "content": "my man omg \n\nhe's litteraly one of the best character of this show", "create_date": 1673783976000, "unix_timestamp": 1673783976000, "update_date": 1673783976000, "vote_count": 0, "vote_count_down": 0, "is_reported": 0, "is_hidden": false, "is_pinned": false, "is_watching": false, "is_pro_user": false, "images": null, "audios": null, "function_list": [], "type": "post"}, {"username": "tinerd", "user_pic_path": "https://lh3.googleusercontent.com/a-/AFdZucoDs4Mx-7EaEE9os4Zqyhr-E0gFKx0GYOS5QaPL=s96-c", "user_personality_type": "INTP-5w6-592", "is_mod": false, "comment_count": 8, "reply_count": 8, "vote_type": 0, "topics_list": [{"id": 1119, "name_readable": "Spencer Reid"}], "id": 1997160, "post_id": 1997160, "user_id": 426760, "title": "", "content": "sx5 is associated with Jung's introverted irrational intuitive type (IN). LII and INTP are both introverted rational types. in other words, INTP LII IT(N) cannot be SX5. also, SX5s are LEVF in AP/PY", "create_date": 1671732684000, "unix_timestamp": 1671732684000, "update_date": 1671732720000, "vote_count": 4, "vote_count_down": 0, "is_reported": 0, "is_hidden": false, "is_pinned": false, "is_watching": false, "is_pro_user": false, "images": null, "audios": null, "function_list": [], "type": "post"}]}}}}