{"id": 12, "mbti_profile": "Michael Scott", "profile_name_searchable": "michaelscott", "allow_commenting": true, "allow_voting": true, "user_id": 0, "contributor": "the nameless", "contributor_create_date": "2015-05-21 21:47:50", "contributor_pic_path": "https://www.personality-database.com/images/profile_transparent.png", "display_order": 1000, "edit_lock": 0, "edit_lock_picture": 0, "is_active": true, "is_approved": true, "mbti_enneagram_type": "ENFP 7w6", "mbti_type": "ENFP 7w6", "pdb_comment_access": true, "pdb_page_owner": 0, "pdb_public_access": true, "wiki_description": "Michael Scott  is the regional manager of the Scranton, Pennsylvania branch of paper company, Dunder Mifflin Inc. As manager, he treats work-related relationships as personal friendships and believes an office should be the \"place where dreams come true.\"", "watch_count": 1529, "comment_count": 626, "vote_count": 1666, "vote_count_enneagram": 964, "vote_count_mbti": 1666, "total_vote_counts": 3829, "personality_type": "ENFP - 7w6 - sx/so - 279 - EIE - SLUAI - EVLF - Sanguine [Dominant] - EN(F)", "type_updated_date": "2022-11-15 12:55:58", "enneagram_vote": "", "enneagram_vote_id": 0, "mbti_vote": "", "mbti_vote_id": 0, "is_watching": false, "image_exists": false, "profile_image_url": "https://static1.personality-database.com/profile_images/c41faa16300a4cc9ab9f4f4b21810dc9.png", "profile_image_credit": "", "profile_image_credit_id": 231366, "profile_image_credit_type": "0", "profile_image_credit_url": "", "alt_subcategory": "", "related_subcategories": "", "cat_id": 2, "category": "Television", "category_is_fictional": true, "sub_cat_id": 3, "subcategory": "The Office (2005)", "subcat_link_info": {"sub_cat_id": 3, "cat_id": 2, "property_id": 2, "subcategory": "The Office (2005)"}, "related_subcat_link_info": null, "related_profiles": [{"id": 15, "mbti_profile": "Jim Halpert", "subcategory": "The Office (2005)", "profile_image_url": "https://static1.personality-database.com/profile_images/d797a4bf52ee465c80914ea8972b8e4d.png", "profile_name": "Jim Halpert", "profile_subcat": "The Office (2005)", "sub_cat_id": 3, "cat_id": 2, "property_id": 2, "mbti": "ENTP", "enneatype": "9w8"}, {"id": 14, "mbti_profile": "Pam Beesly", "subcategory": "The Office (2005)", "profile_image_url": "https://static1.personality-database.com/profile_images/cd1891a373194ee1947f585f91ee013b.png", "profile_name": "Pam Beesly", "profile_subcat": "The Office (2005)", "sub_cat_id": 3, "cat_id": 2, "property_id": 2, "mbti": "ISFJ", "enneatype": "9w1"}, {"id": 13, "mbti_profile": "Dwight K. Schrute", "subcategory": "The Office (2005)", "profile_image_url": "https://static1.personality-database.com/profile_images/109b120ca16a4bd38be04312b2e5adbe.png", "profile_name": "Dwight K. Schrute", "profile_subcat": "The Office (2005)", "sub_cat_id": 3, "cat_id": 2, "property_id": 2, "mbti": "ESTJ", "enneatype": "6w5"}, {"id": 24, "mbti_profile": "Stanley Hudson", "subcategory": "The Office (2005)", "profile_image_url": "https://static1.personality-database.com/profile_images/e460265acf0841dd8be8693b74c4a9ae.png", "profile_name": "Stanley Hudson", "profile_subcat": "The Office (2005)", "sub_cat_id": 3, "cat_id": 2, "property_id": 2, "mbti": "ISTP", "enneatype": "9w8"}, {"id": 20, "mbti_profile": "Creed Bratton", "subcategory": "The Office (2005)", "profile_image_url": "https://static1.personality-database.com/profile_images/10f078a4286a49a0b6eb45685eee159a.png", "profile_name": "Creed Bratton", "profile_subcat": "The Office (2005)", "sub_cat_id": 3, "cat_id": 2, "property_id": 2, "mbti": "INTP", "enneatype": "7w8"}, {"id": 22, "mbti_profile": "Ryan Howard", "subcategory": "The Office (2005)", "profile_image_url": "https://static1.personality-database.com/profile_images/0412ccbddfa94e118bd56bf63634a267.png", "profile_name": "Ryan Howard", "profile_subcat": "The Office (2005)", "sub_cat_id": 3, "cat_id": 2, "property_id": 2, "mbti": "ESTP", "enneatype": "3w4"}, {"id": 16, "mbti_profile": "Andy Bernard", "subcategory": "The Office (2005)", "profile_image_url": "https://static1.personality-database.com/profile_images/9336153550104e479d7ac37d030b2628.png", "profile_name": "Andy Bernard", "profile_subcat": "The Office (2005)", "sub_cat_id": 3, "cat_id": 2, "property_id": 2, "mbti": "ESFP", "enneatype": "3w4"}, {"id": 17, "mbti_profile": "Erin Hannon", "subcategory": "The Office (2005)", "profile_image_url": "https://static1.personality-database.com/profile_images/30e73e10ed5940bb976805f636587a63.png", "profile_name": "Erin Hannon", "profile_subcat": "The Office (2005)", "sub_cat_id": 3, "cat_id": 2, "property_id": 2, "mbti": "ENFP", "enneatype": "6w7"}], "functions": ["Ne", "Fi", "Te", "Si"], "systems": [{"hex_color": "#888888", "id": 1, "personality_type": "XXXX", "personality_type_id": 0, "system_name": "Four Letter", "system_vote_count": 1637, "user_vote_type_id": 0, "vote_id": 0}, {"hex_color": "#006775", "id": 2, "personality_type": "XXXX", "personality_type_id": 0, "system_name": "Enneagram", "system_vote_count": 942, "user_vote_type_id": 0, "vote_id": 0}, {"hex_color": "#006775", "id": 5, "personality_type": "XXXX", "personality_type_id": 0, "system_name": "Instinctual Variant", "system_vote_count": 301, "user_vote_type_id": 0, "vote_id": 0}, {"hex_color": "#006775", "id": 6, "personality_type": "XXXX", "personality_type_id": 0, "system_name": "Tritype", "system_vote_count": 315, "user_vote_type_id": 0, "vote_id": 0}, {"hex_color": "#888888", "id": 3, "personality_type": "XXXX", "personality_type_id": 0, "system_name": "Socionics", "system_vote_count": 117, "user_vote_type_id": 0, "vote_id": 0}, {"hex_color": "#888888", "id": 9, "personality_type": "XXXX", "personality_type_id": 0, "system_name": "Big 5 (SLOAN)", "system_vote_count": 116, "user_vote_type_id": 0, "vote_id": 0}, {"hex_color": "#888888", "id": 8, "personality_type": "XXXX", "personality_type_id": 0, "system_name": "Attitudinal Psyche", "system_vote_count": 61, "user_vote_type_id": 0, "vote_id": 0}, {"hex_color": "#888888", "id": 7, "personality_type": "XXXX", "personality_type_id": 0, "system_name": "Temperaments", "system_vote_count": 224, "user_vote_type_id": 0, "vote_id": 0}, {"hex_color": "#888888", "id": 11, "personality_type": "XXXX", "personality_type_id": 0, "system_name": "Classic Jungian", "system_vote_count": 19, "user_vote_type_id": 0, "vote_id": 0}], "breakdown_systems": {"1": [{"myValue": "ENFP", "personality_system_id": 1, "personality_type": "ENFP", "theCount": 1476}, {"myValue": "ESFP", "personality_system_id": 1, "personality_type": "ESFP", "theCount": 76}, {"myValue": "ENTP", "personality_system_id": 1, "personality_type": "ENTP", "theCount": 30}, {"myValue": "ESFJ", "personality_system_id": 1, "personality_type": "ESFJ", "theCount": 20}, {"myValue": "ENFJ", "personality_system_id": 1, "personality_type": "ENFJ", "theCount": 10}, {"myValue": "ESTP", "personality_system_id": 1, "personality_type": "ESTP", "theCount": 8}, {"myValue": "ENTJ", "personality_system_id": 1, "personality_type": "ENTJ", "theCount": 5}, {"myValue": "INFP", "personality_system_id": 1, "personality_type": "INFP", "theCount": 5}, {"myValue": "ISTP", "personality_system_id": 1, "personality_type": "ISTP", "theCount": 3}, {"myValue": "ESTJ", "personality_system_id": 1, "personality_type": "ESTJ", "theCount": 2}, {"myValue": "INTP", "personality_system_id": 1, "personality_type": "INTP", "theCount": 1}, {"myValue": "ISFP", "personality_system_id": 1, "personality_type": "ISFP", "theCount": 1}], "10": [{"myValue": "Right-brained Extrovert", "personality_system_id": 10, "personality_type": "Right-brained Extrovert", "theCount": 3}], "11": [{"myValue": "EN(F)", "personality_system_id": 11, "personality_type": "EN(F)", "theCount": 14}, {"myValue": "EF(N)", "personality_system_id": 11, "personality_type": "EF(N)", "theCount": 3}, {"myValue": "EF(S)", "personality_system_id": 11, "personality_type": "EF(S)", "theCount": 1}, {"myValue": "ET(S)", "personality_system_id": 11, "personality_type": "ET(S)", "theCount": 1}], "2": [{"myValue": "7w6", "personality_system_id": 2, "personality_type": "7w6", "theCount": 451}, {"myValue": "2w3", "personality_system_id": 2, "personality_type": "2w3", "theCount": 380}, {"myValue": "3w2", "personality_system_id": 2, "personality_type": "3w2", "theCount": 69}, {"myValue": "7w8", "personality_system_id": 2, "personality_type": "7w8", "theCount": 14}, {"myValue": "4w3", "personality_system_id": 2, "personality_type": "4w3", "theCount": 8}, {"myValue": "3w4", "personality_system_id": 2, "personality_type": "3w4", "theCount": 7}, {"myValue": "6w7", "personality_system_id": 2, "personality_type": "6w7", "theCount": 6}, {"myValue": "2w1", "personality_system_id": 2, "personality_type": "2w1", "theCount": 3}, {"myValue": "1w9", "personality_system_id": 2, "personality_type": "1w9", "theCount": 1}, {"myValue": "4w5", "personality_system_id": 2, "personality_type": "4w5", "theCount": 1}, {"myValue": "8w7", "personality_system_id": 2, "personality_type": "8w7", "theCount": 1}, {"myValue": "8w9", "personality_system_id": 2, "personality_type": "8w9", "theCount": 1}], "3": [{"myValue": "EIE", "personality_system_id": 3, "personality_type": "EIE", "theCount": 74}, {"myValue": "ESE", "personality_system_id": 3, "personality_type": "ESE", "theCount": 28}, {"myValue": "IEE", "personality_system_id": 3, "personality_type": "IEE", "theCount": 11}, {"myValue": "ILE", "personality_system_id": 3, "personality_type": "ILE", "theCount": 2}, {"myValue": "IEI", "personality_system_id": 3, "personality_type": "IEI", "theCount": 1}, {"myValue": "SEE", "personality_system_id": 3, "personality_type": "SEE", "theCount": 1}], "4": [{"myValue": "Chaotic Good", "personality_system_id": 4, "personality_type": "Chaotic Good", "theCount": 68}, {"myValue": "Chaotic Neutral", "personality_system_id": 4, "personality_type": "Chaotic Neutral", "theCount": 24}, {"myValue": "Chaotic Evil", "personality_system_id": 4, "personality_type": "Chaotic Evil", "theCount": 1}, {"myValue": "Lawful Good", "personality_system_id": 4, "personality_type": "Lawful Good", "theCount": 1}], "5": [{"myValue": "sx/so", "personality_system_id": 5, "personality_type": "sx/so", "theCount": 153}, {"myValue": "so/sx", "personality_system_id": 5, "personality_type": "so/sx", "theCount": 92}, {"myValue": "sp/so", "personality_system_id": 5, "personality_type": "sp/so", "theCount": 32}, {"myValue": "sp/sx", "personality_system_id": 5, "personality_type": "sp/sx", "theCount": 14}, {"myValue": "so/sp", "personality_system_id": 5, "personality_type": "so/sp", "theCount": 7}, {"myValue": "sx/sp", "personality_system_id": 5, "personality_type": "sx/sp", "theCount": 3}], "6": [{"myValue": "279", "personality_system_id": 6, "personality_type": "279", "theCount": 145}, {"myValue": "729", "personality_system_id": 6, "personality_type": "729", "theCount": 114}, {"myValue": "379", "personality_system_id": 6, "personality_type": "379", "theCount": 16}, {"myValue": "278", "personality_system_id": 6, "personality_type": "278", "theCount": 7}, {"myValue": "792", "personality_system_id": 6, "personality_type": "792", "theCount": 6}, {"myValue": "728", "personality_system_id": 6, "personality_type": "728", "theCount": 5}, {"myValue": "739", "personality_system_id": 6, "personality_type": "739", "theCount": 5}, {"myValue": "378", "personality_system_id": 6, "personality_type": "378", "theCount": 4}, {"myValue": "271", "personality_system_id": 6, "personality_type": "271", "theCount": 3}, {"myValue": "135", "personality_system_id": 6, "personality_type": "135", "theCount": 1}, {"myValue": "287", "personality_system_id": 6, "personality_type": "287", "theCount": 1}, {"myValue": "629", "personality_system_id": 6, "personality_type": "629", "theCount": 1}, {"myValue": "682", "personality_system_id": 6, "personality_type": "682", "theCount": 1}, {"myValue": "693", "personality_system_id": 6, "personality_type": "693", "theCount": 1}, {"myValue": "731", "personality_system_id": 6, "personality_type": "731", "theCount": 1}, {"myValue": "738", "personality_system_id": 6, "personality_type": "738", "theCount": 1}, {"myValue": "793", "personality_system_id": 6, "personality_type": "793", "theCount": 1}, {"myValue": "873", "personality_system_id": 6, "personality_type": "873", "theCount": 1}, {"myValue": "937", "personality_system_id": 6, "personality_type": "937", "theCount": 1}], "7": [{"myValue": "Sanguine [Dominant]", "personality_system_id": 7, "personality_type": "Sanguine [Dominant]", "theCount": 198}, {"myValue": "Sanguine-Melancholic", "personality_system_id": 7, "personality_type": "Sanguine-Melancholic", "theCount": 17}, {"myValue": "Sanguine-Choleric", "personality_system_id": 7, "personality_type": "Sanguine-Choleric", "theCount": 3}, {"myValue": "Choleric-Sanguine", "personality_system_id": 7, "personality_type": "Choleric-Sanguine", "theCount": 2}, {"myValue": "Choleric [Dominant]", "personality_system_id": 7, "personality_type": "Choleric [Dominant]", "theCount": 1}, {"myValue": "Choleric-Melancholic", "personality_system_id": 7, "personality_type": "Choleric-Melancholic", "theCount": 1}, {"myValue": "Melancholic [Dominant]", "personality_system_id": 7, "personality_type": "Melancholic [Dominant]", "theCount": 1}, {"myValue": "Phlegmatic [Dominant]", "personality_system_id": 7, "personality_type": "Phlegmatic [Dominant]", "theCount": 1}], "8": [{"myValue": "EVLF", "personality_system_id": 8, "personality_type": "EVLF", "theCount": 43}, {"myValue": "EFLV", "personality_system_id": 8, "personality_type": "EFLV", "theCount": 6}, {"myValue": "EFVL", "personality_system_id": 8, "personality_type": "EFVL", "theCount": 4}, {"myValue": "EVFL", "personality_system_id": 8, "personality_type": "EVFL", "theCount": 3}, {"myValue": "FELV", "personality_system_id": 8, "personality_type": "FELV", "theCount": 1}, {"myValue": "FEVL", "personality_system_id": 8, "personality_type": "FEVL", "theCount": 1}, {"myValue": "FLVE", "personality_system_id": 8, "personality_type": "FLVE", "theCount": 1}, {"myValue": "VELF", "personality_system_id": 8, "personality_type": "VELF", "theCount": 1}, {"myValue": "VFLE", "personality_system_id": 8, "personality_type": "VFLE", "theCount": 1}], "9": [{"myValue": "SLUAI", "personality_system_id": 9, "personality_type": "SLUAI", "theCount": 80}, {"myValue": "SLUEI", "personality_system_id": 9, "personality_type": "SLUEI", "theCount": 27}, {"myValue": "SLUEN", "personality_system_id": 9, "personality_type": "SLUEN", "theCount": 4}, {"myValue": "SLUAN", "personality_system_id": 9, "personality_type": "SLUAN", "theCount": 3}, {"myValue": "SCUAI", "personality_system_id": 9, "personality_type": "SCUAI", "theCount": 1}, {"myValue": "SCUEI", "personality_system_id": 9, "personality_type": "SCUEI", "theCount": 1}]}, "breakdown_config": {"expand": {"1": 3, "10": 1, "11": 1, "2": 3, "3": 1, "4": 1, "5": 2, "6": 2, "7": 1, "8": 1, "9": 1}, "fire": {"1": 0, "10": 0, "11": 0, "2": 1, "3": 0, "4": 0, "5": 1, "6": 1, "7": 0, "8": 0, "9": 0}}, "mbti_letter_stats": [{"type": "E", "percentage": "99%", "PercentageFloat": 0.9938912645082468}, {"type": "N", "percentage": "93%", "PercentageFloat": 0.9328039095907147}, {"type": "F", "percentage": "97%", "PercentageFloat": 0.9700671960904093}, {"type": "P", "percentage": "98%", "PercentageFloat": 0.9773976786805131}], "topic_info": {"can_generate": false, "topic": {"description": "#SteveCarell", "follow_count": 1, "id": 36, "is_following": false, "is_join_pending": false, "is_banned": false, "is_moderated": false, "name_readable": "Michael Scott", "post_count": 46, "source_profile_id": 12, "source_type": "profile", "join_to_post": false, "can_pin": false, "related_topics": [{"description": "#SteveCarell", "follow_count": 1, "id": 36, "is_following": false, "is_join_pending": false, "is_banned": false, "is_moderated": false, "name_readable": "Michael Scott", "post_count": 46, "source_profile_id": 12, "source_type": "profile", "image": {"picURL": "https://static1.personality-database.com/profile_images/c41faa16300a4cc9ab9f4f4b21810dc9.png"}, "join_to_post": false, "can_pin": false}, {"description": "#RainnWilson", "follow_count": 1, "id": 37, "is_following": false, "is_join_pending": false, "is_banned": false, "is_moderated": false, "name_readable": "Dwight K. Schrute", "post_count": 9, "source_profile_id": 13, "source_type": "profile", "image": {"picURL": "https://static1.personality-database.com/profile_images/109b120ca16a4bd38be04312b2e5adbe.png"}, "join_to_post": false, "can_pin": false}, {"description": "Pamela Morgan \"Pam\" Halpert n\u00e9e Beesly (born March 25, 1979) is a character in the NBC sitcom The Office. She is based on Dawn Tinsley from the original UK series, and is played by Jenna Fischer.\n\nShe is initially as receptionist at Dunder Mifflin Paper Company, before becoming a saleswoman, and eventually an office administrator until her termination in the series finale. She shares a romantic relationship with Jim Halpert, and begins dating him in the fourth season. They get married in season six and have two children over the course of the series. Pam's kindness and compassion means she is well liked amongst her co-workers, and develops strong relationships with them as the series progresses.\n", "follow_count": 1, "id": 38, "is_following": false, "is_join_pending": false, "is_banned": false, "is_moderated": false, "name_readable": "Pam Beesly", "post_count": 8, "source_profile_id": 14, "source_type": "profile", "image": {"picURL": "https://static1.personality-database.com/profile_images/cd1891a373194ee1947f585f91ee013b.png"}, "join_to_post": false, "can_pin": false}, {"description": "#JohnKrasinski", "follow_count": 2, "id": 39, "is_following": false, "is_join_pending": false, "is_banned": false, "is_moderated": false, "name_readable": "Jim Halpert", "post_count": 8, "source_profile_id": 15, "source_type": "profile", "image": {"picURL": "https://static1.personality-database.com/profile_images/d797a4bf52ee465c80914ea8972b8e4d.png"}, "join_to_post": false, "can_pin": false}, {"description": "", "follow_count": 0, "id": 45, "is_following": false, "is_join_pending": false, "is_banned": false, "is_moderated": false, "name_readable": "Angela Martin", "post_count": 6, "source_profile_id": 21, "source_type": "profile", "image": {"picURL": "https://static1.personality-database.com/profile_images/097cf93072214a7d96bc91e66713ee73.png"}, "join_to_post": false, "can_pin": false}, {"description": "#JamesSpader as Robert California", "follow_count": 0, "id": 5343, "is_following": false, "is_join_pending": false, "is_banned": false, "is_moderated": false, "name_readable": "Robert California", "post_count": 5, "source_profile_id": 5750, "source_type": "profile", "image": {"picURL": "https://static1.personality-database.com/profile_images/7621d36b94e346baad237e17cdd7697b.png"}, "join_to_post": false, "can_pin": false}, {"description": "#BJNovak", "follow_count": 0, "id": 46, "is_following": false, "is_join_pending": false, "is_banned": false, "is_moderated": false, "name_readable": "Ryan Howard", "post_count": 5, "source_profile_id": 22, "source_type": "profile", "image": {"picURL": "https://static1.personality-database.com/profile_images/0412ccbddfa94e118bd56bf63634a267.png"}, "join_to_post": false, "can_pin": false}, {"description": "", "follow_count": 0, "id": 55, "is_following": false, "is_join_pending": false, "is_banned": false, "is_moderated": false, "name_readable": "Jan Levinson", "post_count": 4, "source_profile_id": 31, "source_type": "profile", "image": {"picURL": "https://static1.personality-database.com/profile_images/ae624d57eb84461bbcec6af43d13062e.png"}, "join_to_post": false, "can_pin": false}, {"description": "", "follow_count": 0, "id": 15930, "is_following": false, "is_join_pending": false, "is_banned": false, "is_moderated": false, "name_readable": "David Wallace", "post_count": 3, "source_profile_id": 17345, "source_type": "profile", "image": {"picURL": "https://static1.personality-database.com/profile_images/04eac2fd771046b5ac0295f3629a649b.png"}, "join_to_post": false, "can_pin": false}, {"description": "Creed Bratton (claims to have been born November 1, 1925) is a deviant, former hippie and homeless man employed at the Scranton branch of paper distributor Dunder Mifflin as a quality assurance director. Creed is a mysterious figure who is prone to making bizarre or confusing statements on a regular basis. As a result of drug use during his career as a rock musician in the 1960s, combined with signs of apparent mental illness, Creed has a phenomenally poor memory.", "follow_count": 1, "id": 44, "is_following": false, "is_join_pending": false, "is_banned": false, "is_moderated": false, "name_readable": "Creed Bratton", "post_count": 2, "source_profile_id": 20, "source_type": "profile", "image": {"picURL": "https://static1.personality-database.com/profile_images/10f078a4286a49a0b6eb45685eee159a.png"}, "join_to_post": false, "can_pin": false}, {"description": "", "follow_count": 1, "id": 76593, "is_following": false, "is_join_pending": false, "is_banned": false, "is_moderated": false, "name_readable": "Cathy Simms", "post_count": 2, "source_profile_id": 94774, "source_type": "profile", "image": {"picURL": "https://static1.personality-database.com/profile_images/7639fa07712a4408a53ddccdcc79a685.png"}, "join_to_post": false, "can_pin": false}, {"description": "", "follow_count": 0, "id": 87600, "is_following": false, "is_join_pending": false, "is_banned": false, "is_moderated": false, "name_readable": "Brian the Boom Operator", "post_count": 2, "source_profile_id": 110302, "source_type": "profile", "image": {"picURL": "https://static1.personality-database.com/profile_images/8d28c741e2084c498f7121a3f0412281.png"}, "join_to_post": false, "can_pin": false}, {"description": "", "follow_count": 0, "id": 104103, "is_following": false, "is_join_pending": false, "is_banned": false, "is_moderated": false, "name_readable": "Prison Mike", "post_count": 2, "source_profile_id": 133510, "source_type": "profile", "image": {"picURL": "https://static1.personality-database.com/profile_images/926bcc0cf6c549c3a345d46e44c8ea1a.png"}, "join_to_post": false, "can_pin": false}, {"description": "#EllieKemper", "follow_count": 0, "id": 41, "is_following": false, "is_join_pending": false, "is_banned": false, "is_moderated": false, "name_readable": "Erin Hannon", "post_count": 2, "source_profile_id": 17, "source_type": "profile", "image": {"picURL": "https://static1.personality-database.com/profile_images/30e73e10ed5940bb976805f636587a63.png"}, "join_to_post": false, "can_pin": false}, {"description": "#EdHelms", "follow_count": 0, "id": 40, "is_following": false, "is_join_pending": false, "is_banned": false, "is_moderated": false, "name_readable": "Andy Bernard", "post_count": 2, "source_profile_id": 16, "source_type": "profile", "image": {"picURL": "https://static1.personality-database.com/profile_images/9336153550104e479d7ac37d030b2628.png"}, "join_to_post": false, "can_pin": false}, {"description": "", "follow_count": 0, "id": 229031, "is_following": false, "is_join_pending": false, "is_banned": false, "is_moderated": false, "name_readable": "Gordon Ben Franklin", "post_count": 1, "source_profile_id": 298334, "source_type": "profile", "image": {"picURL": "https://static1.personality-database.com/profile_images/c72d586c6c354884b09e2dca3073d8aa.png"}, "join_to_post": false, "can_pin": false}], "subcategory": "The Office (2005)", "topic_image_url": "https://static1.personality-database.com/profile_images/c41faa16300a4cc9ab9f4f4b21810dc9.png", "source_location": {"cid": 2, "pid": 2, "sub_cat_id": 3}, "can_post_image": false, "can_post_audio": false, "posts": {"posts": [{"username": "Yeetyofeet", "user_pic_path": "https://static1.personality-database.com/user_avatars/776006/440b20cd-6043-44a3-bb85-c66042fc5e45.jpeg", "user_personality_type": "INTP-5w6-583", "is_mod": false, "comment_count": 0, "reply_count": 0, "vote_type": 0, "topics_list": [{"id": 36, "name_readable": "Michael Scott"}], "id": 1815779, "post_id": 1815779, "user_id": 776006, "title": "", "content": "My ENFP sister resembles him to an almost frightening extent.", "create_date": 1669512097000, "unix_timestamp": 1669512097000, "update_date": 1670015590000, "vote_count": 4, "vote_count_down": 0, "is_reported": 0, "is_hidden": false, "is_pinned": false, "is_watching": false, "is_pro_user": false, "images": null, "audios": null, "function_list": [], "type": "post"}, {"username": "jules1", "user_pic_path": "https://static1.personality-database.com/user_avatars/527381/baeae1db-661f-4a43-8b16-888f08a969cb_small.jpeg", "user_personality_type": "", "is_mod": false, "comment_count": 1, "reply_count": 1, "vote_type": 0, "topics_list": [{"id": 36, "name_readable": "Michael Scott"}], "id": 1767277, "post_id": 1767277, "user_id": 527381, "title": "Michael is not a SO2", "content": "He\u2019s definitely an E2, but please stop voting him as a SO2. SO2s are the coldest of the type 2s. They seek influence over others through a climbing of the social world and use a facade of intellect to manipulate others into admiration. This is almost the opposite of Michael. He\u2019s a SP2, not a SO2.", "create_date": 1668806143000, "unix_timestamp": 1668806143000, "update_date": 1668806192000, "vote_count": 10, "vote_count_down": 0, "is_reported": 0, "is_hidden": false, "is_pinned": false, "is_watching": false, "is_pro_user": false, "images": null, "audios": null, "function_list": [], "type": "post"}, {"username": "hemlock", "user_pic_path": "https://lh3.googleusercontent.com/a-/AOh14GhRQ6NrKqCIa8I9hNe1EZmRQcjX26sTK7AFgfqN0A=s96-c", "user_personality_type": "9w1", "is_mod": false, "comment_count": 4, "reply_count": 4, "vote_type": 0, "topics_list": [{"id": 36, "name_readable": "Michael Scott"}], "id": 1610691, "post_id": 1610691, "user_id": 194358, "title": "", "content": "PDB stop typing obvious E2s as E7 challenge (impossible)", "create_date": 1666749508000, "unix_timestamp": 1666749508000, "update_date": 1666749508000, "vote_count": 3, "vote_count_down": 0, "is_reported": 0, "is_hidden": false, "is_pinned": false, "is_watching": false, "is_pro_user": false, "images": null, "audios": null, "function_list": [], "type": "post"}]}}}}