{"id": 12095, "mbti_profile": "Terry Jeffords", "profile_name_searchable": "terryjeffords", "allow_commenting": true, "allow_voting": true, "user_id": 4085, "contributor": "jmancini1027", "contributor_create_date": "2018-05-16 21:07:47", "contributor_pic_path": "https://lh3.googleusercontent.com/a/AATXAJwQ59UWZwQxPFuksPKHBnSC3T_LdX7cTen2S2SM=s96-c", "display_order": 1015, "edit_lock": 0, "edit_lock_picture": 0, "is_active": true, "is_approved": true, "mbti_enneagram_type": "ENFJ 2w1", "mbti_type": "ENFJ 2w1", "pdb_comment_access": true, "pdb_page_owner": 0, "pdb_public_access": true, "wiki_description": "The supervisor of the Nine-Nine's detective squad. Although a physically strong and capable detective, his ability to do his job has been hampered by the recent birth of his twin daughters, which have left him neurotic about the dangers of his job and obsessed with the possibility of dying in the line of duty.", "watch_count": 333, "comment_count": 79, "vote_count": 549, "vote_count_enneagram": 251, "vote_count_mbti": 549, "total_vote_counts": 1036, "personality_type": "ENFJ - 2w1 - so/sp - 261 - ESE - SLOAN - EVFL - Phlegmatic [Dominant] - EF(S)", "type_updated_date": "2023-01-14 17:53:22", "enneagram_vote": "", "enneagram_vote_id": 0, "mbti_vote": "", "mbti_vote_id": 0, "is_watching": false, "image_exists": false, "profile_image_url": "https://static1.personality-database.com/profile_images/48b03ef552d64dec8834f8048f6bd69f.png", "profile_image_credit": "", "profile_image_credit_id": 471064, "profile_image_credit_type": "0", "profile_image_credit_url": "", "alt_subcategory": "", "related_subcategories": "", "cat_id": 2, "category": "Television", "category_is_fictional": true, "sub_cat_id": 736, "subcategory": "Brooklyn Nine-Nine (2013)", "subcat_link_info": {"sub_cat_id": 736, "cat_id": 2, "property_id": 2, "subcategory": "Brooklyn Nine-Nine (2013)"}, "related_subcat_link_info": null, "related_profiles": [{"id": 5728, "mbti_profile": "Amy Santiago", "subcategory": "Brooklyn Nine-Nine (2013)", "profile_image_url": "https://static1.personality-database.com/profile_images/9d90dbca5f44469da5d104cad9acfe89.png", "profile_name": "Amy Santiago", "profile_subcat": "Brooklyn Nine-Nine (2013)", "sub_cat_id": 736, "cat_id": 2, "property_id": 2, "mbti": "ISTJ", "enneatype": "3w2"}, {"id": 5727, "mbti_profile": "Jake Peralta", "subcategory": "Brooklyn Nine-Nine (2013)", "profile_image_url": "https://static1.personality-database.com/profile_images/a6bab8165a8c4815a8caab178cac6a91.png", "profile_name": "Jake Peralta", "profile_subcat": "Brooklyn Nine-Nine (2013)", "sub_cat_id": 736, "cat_id": 2, "property_id": 2, "mbti": "ENFP", "enneatype": "7w6"}, {"id": 5776, "mbti_profile": "Gina Linetti", "subcategory": "Brooklyn Nine-Nine (2013)", "profile_image_url": "https://static1.personality-database.com/profile_images/306fad2e6a184148872826d86d5a79a0.png", "profile_name": "Gina Linetti", "profile_subcat": "Brooklyn Nine-Nine (2013)", "sub_cat_id": 736, "cat_id": 2, "property_id": 2, "mbti": "ENTP", "enneatype": "7w8"}, {"id": 6492, "mbti_profile": "Capt. Raymond Holt", "subcategory": "Brooklyn Nine-Nine (2013)", "profile_image_url": "https://static1.personality-database.com/profile_images/e0eb096b6ee74e9698f9e4613a29c2db.png", "profile_name": "Capt. Raymond Holt", "profile_subcat": "Brooklyn Nine-Nine (2013)", "sub_cat_id": 736, "cat_id": 2, "property_id": 2, "mbti": "ISTJ", "enneatype": "1w9"}, {"id": 5729, "mbti_profile": "Rosa Diaz", "subcategory": "Brooklyn Nine-Nine (2013)", "profile_image_url": "https://static1.personality-database.com/profile_images/08e0db6db9844ba28d5b94a519fd16a5.png", "profile_name": "Rosa Diaz", "profile_subcat": "Brooklyn Nine-Nine (2013)", "sub_cat_id": 736, "cat_id": 2, "property_id": 2, "mbti": "ISTP", "enneatype": "8w9"}, {"id": 8788, "mbti_profile": "Charles Boyle", "subcategory": "Brooklyn Nine-Nine (2013)", "profile_image_url": "https://static1.personality-database.com/profile_images/bc4852346cca4f78b31136afa2e03fc0.png", "profile_name": "Charles Boyle", "profile_subcat": "Brooklyn Nine-Nine (2013)", "sub_cat_id": 736, "cat_id": 2, "property_id": 2, "mbti": "ESFJ", "enneatype": "2w3"}, {"id": 38632, "mbti_profile": "Adrian Pimento", "subcategory": "Brooklyn Nine-Nine (2013)", "profile_image_url": "https://static1.personality-database.com/profile_images/163b189a24a44ba9bc3947e0bb77cbaf.png", "profile_name": "Adrian Pimento", "profile_subcat": "Brooklyn Nine-Nine (2013)", "sub_cat_id": 736, "cat_id": 2, "property_id": 2, "mbti": "ENFP", "enneatype": "7w8"}, {"id": 42435, "mbti_profile": "Kevin Cozner", "subcategory": "Brooklyn Nine-Nine (2013)", "profile_image_url": "https://static1.personality-database.com/profile_images/5d5424a7cbc54e62845cf878fc489f91.png", "profile_name": "Kevin Cozner", "profile_subcat": "Brooklyn Nine-Nine (2013)", "sub_cat_id": 736, "cat_id": 2, "property_id": 2, "mbti": "ISFJ", "enneatype": "6w5"}], "functions": ["Fe", "Ni", "Se", "Ti"], "systems": [{"hex_color": "#888888", "id": 1, "personality_type": "XXXX", "personality_type_id": 0, "system_name": "Four Letter", "system_vote_count": 538, "user_vote_type_id": 0, "vote_id": 0}, {"hex_color": "#006775", "id": 2, "personality_type": "XXXX", "personality_type_id": 0, "system_name": "Enneagram", "system_vote_count": 243, "user_vote_type_id": 0, "vote_id": 0}, {"hex_color": "#006775", "id": 5, "personality_type": "XXXX", "personality_type_id": 0, "system_name": "Instinctual Variant", "system_vote_count": 59, "user_vote_type_id": 0, "vote_id": 0}, {"hex_color": "#006775", "id": 6, "personality_type": "XXXX", "personality_type_id": 0, "system_name": "Tritype", "system_vote_count": 57, "user_vote_type_id": 0, "vote_id": 0}, {"hex_color": "#888888", "id": 3, "personality_type": "XXXX", "personality_type_id": 0, "system_name": "Socionics", "system_vote_count": 23, "user_vote_type_id": 0, "vote_id": 0}, {"hex_color": "#888888", "id": 9, "personality_type": "XXXX", "personality_type_id": 0, "system_name": "Big 5 (SLOAN)", "system_vote_count": 27, "user_vote_type_id": 0, "vote_id": 0}, {"hex_color": "#888888", "id": 8, "personality_type": "XXXX", "personality_type_id": 0, "system_name": "Attitudinal Psyche", "system_vote_count": 12, "user_vote_type_id": 0, "vote_id": 0}, {"hex_color": "#888888", "id": 7, "personality_type": "XXXX", "personality_type_id": 0, "system_name": "Temperaments", "system_vote_count": 54, "user_vote_type_id": 0, "vote_id": 0}, {"hex_color": "#888888", "id": 11, "personality_type": "XXXX", "personality_type_id": 0, "system_name": "Classic Jungian", "system_vote_count": 2, "user_vote_type_id": 0, "vote_id": 0}], "breakdown_systems": {"1": [{"myValue": "ENFJ", "personality_system_id": 1, "personality_type": "ENFJ", "theCount": 370}, {"myValue": "ESFJ", "personality_system_id": 1, "personality_type": "ESFJ", "theCount": 134}, {"myValue": "ISFJ", "personality_system_id": 1, "personality_type": "ISFJ", "theCount": 22}, {"myValue": "INFJ", "personality_system_id": 1, "personality_type": "INFJ", "theCount": 4}, {"myValue": "ESTJ", "personality_system_id": 1, "personality_type": "ESTJ", "theCount": 2}, {"myValue": "INFP", "personality_system_id": 1, "personality_type": "INFP", "theCount": 2}, {"myValue": "ENFP", "personality_system_id": 1, "personality_type": "ENFP", "theCount": 1}, {"myValue": "ENTJ", "personality_system_id": 1, "personality_type": "ENTJ", "theCount": 1}, {"myValue": "ENTP", "personality_system_id": 1, "personality_type": "ENTP", "theCount": 1}, {"myValue": "ESFP", "personality_system_id": 1, "personality_type": "ESFP", "theCount": 1}], "11": [{"myValue": "EF(S)", "personality_system_id": 11, "personality_type": "EF(S)", "theCount": 2}], "2": [{"myValue": "2w1", "personality_system_id": 2, "personality_type": "2w1", "theCount": 214}, {"myValue": "6w7", "personality_system_id": 2, "personality_type": "6w7", "theCount": 12}, {"myValue": "2w3", "personality_system_id": 2, "personality_type": "2w3", "theCount": 8}, {"myValue": "1w2", "personality_system_id": 2, "personality_type": "1w2", "theCount": 3}, {"myValue": "9w8", "personality_system_id": 2, "personality_type": "9w8", "theCount": 2}, {"myValue": "3w2", "personality_system_id": 2, "personality_type": "3w2", "theCount": 1}, {"myValue": "4w3", "personality_system_id": 2, "personality_type": "4w3", "theCount": 1}, {"myValue": "6w5", "personality_system_id": 2, "personality_type": "6w5", "theCount": 1}, {"myValue": "9w1", "personality_system_id": 2, "personality_type": "9w1", "theCount": 1}], "3": [{"myValue": "ESE", "personality_system_id": 3, "personality_type": "ESE", "theCount": 16}, {"myValue": "EIE", "personality_system_id": 3, "personality_type": "EIE", "theCount": 6}, {"myValue": "LSE", "personality_system_id": 3, "personality_type": "LSE", "theCount": 1}], "4": [{"myValue": "Lawful Good", "personality_system_id": 4, "personality_type": "Lawful Good", "theCount": 19}, {"myValue": "Lawful Neutral", "personality_system_id": 4, "personality_type": "Lawful Neutral", "theCount": 1}, {"myValue": "Neutral Good", "personality_system_id": 4, "personality_type": "Neutral Good", "theCount": 1}], "5": [{"myValue": "so/sp", "personality_system_id": 5, "personality_type": "so/sp", "theCount": 53}, {"myValue": "sp/so", "personality_system_id": 5, "personality_type": "sp/so", "theCount": 4}, {"myValue": "sx/so", "personality_system_id": 5, "personality_type": "sx/so", "theCount": 2}], "6": [{"myValue": "261", "personality_system_id": 6, "personality_type": "261", "theCount": 47}, {"myValue": "269", "personality_system_id": 6, "personality_type": "269", "theCount": 2}, {"myValue": "621", "personality_system_id": 6, "personality_type": "621", "theCount": 2}, {"myValue": "127", "personality_system_id": 6, "personality_type": "127", "theCount": 1}, {"myValue": "216", "personality_system_id": 6, "personality_type": "216", "theCount": 1}, {"myValue": "286", "personality_system_id": 6, "personality_type": "286", "theCount": 1}, {"myValue": "296", "personality_system_id": 6, "personality_type": "296", "theCount": 1}, {"myValue": "926", "personality_system_id": 6, "personality_type": "926", "theCount": 1}, {"myValue": "962", "personality_system_id": 6, "personality_type": "962", "theCount": 1}], "7": [{"myValue": "Phlegmatic [Dominant]", "personality_system_id": 7, "personality_type": "Phlegmatic [Dominant]", "theCount": 21}, {"myValue": "Phlegmatic-Sanguine", "personality_system_id": 7, "personality_type": "Phlegmatic-Sanguine", "theCount": 13}, {"myValue": "Sanguine-Choleric", "personality_system_id": 7, "personality_type": "Sanguine-Choleric", "theCount": 12}, {"myValue": "Melancholic-Choleric", "personality_system_id": 7, "personality_type": "Melancholic-Choleric", "theCount": 4}, {"myValue": "Choleric-Melancholic", "personality_system_id": 7, "personality_type": "Choleric-Melancholic", "theCount": 1}, {"myValue": "Phlegmatic-Choleric", "personality_system_id": 7, "personality_type": "Phlegmatic-Choleric", "theCount": 1}, {"myValue": "Phlegmatic-Melancholic", "personality_system_id": 7, "personality_type": "Phlegmatic-Melancholic", "theCount": 1}, {"myValue": "Sanguine-Phlegmatic", "personality_system_id": 7, "personality_type": "Sanguine-Phlegmatic", "theCount": 1}], "8": [{"myValue": "EVFL", "personality_system_id": 8, "personality_type": "EVFL", "theCount": 9}, {"myValue": "EFVL", "personality_system_id": 8, "personality_type": "EFVL", "theCount": 1}, {"myValue": "FELV", "personality_system_id": 8, "personality_type": "FELV", "theCount": 1}, {"myValue": "FEVL", "personality_system_id": 8, "personality_type": "FEVL", "theCount": 1}], "9": [{"myValue": "SLOAN", "personality_system_id": 9, "personality_type": "SLOAN", "theCount": 16}, {"myValue": "SLOAI", "personality_system_id": 9, "personality_type": "SLOAI", "theCount": 8}, {"myValue": "SCOAI", "personality_system_id": 9, "personality_type": "SCOAI", "theCount": 1}, {"myValue": "SCOAN", "personality_system_id": 9, "personality_type": "SCOAN", "theCount": 1}, {"myValue": "SCUAN", "personality_system_id": 9, "personality_type": "SCUAN", "theCount": 1}]}, "breakdown_config": {"expand": {"1": 3, "11": 1, "2": 3, "3": 1, "4": 1, "5": 1, "6": 1, "7": 3, "8": 1, "9": 1}, "fire": {"1": 0, "11": 0, "2": 0, "3": 0, "4": 0, "5": 0, "6": 0, "7": 1, "8": 0, "9": 0}}, "mbti_letter_stats": [{"type": "E", "percentage": "95%", "PercentageFloat": 0.9479553903345725}, {"type": "N", "percentage": "70%", "PercentageFloat": 0.7044609665427509}, {"type": "F", "percentage": "99%", "PercentageFloat": 0.9925650557620818}, {"type": "J", "percentage": "99%", "PercentageFloat": 0.9907063197026023}], "topic_info": {"can_generate": false, "topic": {"description": "#TerryCrews", "follow_count": 0, "id": 11192, "is_following": false, "is_join_pending": false, "is_banned": false, "is_moderated": false, "name_readable": "Terry Jeffords", "post_count": 2, "source_profile_id": 12095, "source_type": "profile", "join_to_post": false, "can_pin": false, "related_topics": [{"description": "Portrayed by Andy Samberg.", "follow_count": 8, "id": 5320, "is_following": false, "is_join_pending": false, "is_banned": false, "is_moderated": false, "name_readable": "Jake Peralta", "post_count": 22, "source_profile_id": 5727, "source_type": "profile", "image": {"picURL": "https://static1.personality-database.com/profile_images/a6bab8165a8c4815a8caab178cac6a91.png"}, "join_to_post": false, "can_pin": false}, {"description": "Portrayed by #ChelseaPeretti\nBroccoli che visto?", "follow_count": 1, "id": 5369, "is_following": false, "is_join_pending": false, "is_banned": false, "is_moderated": false, "name_readable": "Gina Linetti", "post_count": 18, "source_profile_id": 5776, "source_type": "profile", "image": {"picURL": "https://static1.personality-database.com/profile_images/306fad2e6a184148872826d86d5a79a0.png"}, "join_to_post": false, "can_pin": false}, {"description": "", "follow_count": 5, "id": 5321, "is_following": false, "is_join_pending": false, "is_banned": false, "is_moderated": false, "name_readable": "Amy Santiago", "post_count": 17, "source_profile_id": 5728, "source_type": "profile", "image": {"picURL": "https://static1.personality-database.com/profile_images/9d90dbca5f44469da5d104cad9acfe89.png"}, "join_to_post": false, "can_pin": false}, {"description": "#ISTJHeroes", "follow_count": 0, "id": 6055, "is_following": false, "is_join_pending": false, "is_banned": false, "is_moderated": false, "name_readable": "Raymond Holt", "post_count": 14, "source_profile_id": 6492, "source_type": "profile", "image": {"picURL": "https://static1.personality-database.com/profile_images/e0eb096b6ee74e9698f9e4613a29c2db.png"}, "join_to_post": false, "can_pin": false}, {"description": "#StephanieBeatriz", "follow_count": 2, "id": 5322, "is_following": false, "is_join_pending": false, "is_banned": false, "is_moderated": false, "name_readable": "Rosa Diaz", "post_count": 10, "source_profile_id": 5729, "source_type": "profile", "image": {"picURL": "https://static1.personality-database.com/profile_images/08e0db6db9844ba28d5b94a519fd16a5.png"}, "join_to_post": false, "can_pin": false}, {"description": "", "follow_count": 0, "id": 8214, "is_following": false, "is_join_pending": false, "is_banned": false, "is_moderated": false, "name_readable": "Charles Boyle", "post_count": 6, "source_profile_id": 8788, "source_type": "profile", "image": {"picURL": "https://static1.personality-database.com/profile_images/bc4852346cca4f78b31136afa2e03fc0.png"}, "join_to_post": false, "can_pin": false}, {"description": "#CraigRobinson", "follow_count": 0, "id": 31218, "is_following": false, "is_join_pending": false, "is_banned": false, "is_moderated": false, "name_readable": "Doug Judy", "post_count": 3, "source_profile_id": 34857, "source_type": "profile", "image": {"picURL": "https://static1.personality-database.com/profile_images/e3b434f41e9b45f795ab005c3dec3397.png"}, "join_to_post": false, "can_pin": false}, {"description": "#TerryCrews", "follow_count": 0, "id": 11192, "is_following": false, "is_join_pending": false, "is_banned": false, "is_moderated": false, "name_readable": "Terry Jeffords", "post_count": 2, "source_profile_id": 12095, "source_type": "profile", "image": {"picURL": "https://static1.personality-database.com/profile_images/48b03ef552d64dec8834f8048f6bd69f.png"}, "join_to_post": false, "can_pin": false}, {"description": "#JasonMantzoukas", "follow_count": 0, "id": 34517, "is_following": false, "is_join_pending": false, "is_banned": false, "is_moderated": false, "name_readable": "Adrian Pimento", "post_count": 2, "source_profile_id": 38632, "source_type": "profile", "image": {"picURL": "https://static1.personality-database.com/profile_images/163b189a24a44ba9bc3947e0bb77cbaf.png"}, "join_to_post": false, "can_pin": false}, {"description": "#MarcEvanJackson", "follow_count": 0, "id": 37704, "is_following": false, "is_join_pending": false, "is_banned": false, "is_moderated": false, "name_readable": "Kevin Cozner", "post_count": 2, "source_profile_id": 42435, "source_type": "profile", "image": {"picURL": "https://static1.personality-database.com/profile_images/5d5424a7cbc54e62845cf878fc489f91.png"}, "join_to_post": false, "can_pin": false}, {"description": "#VanessaBayer", "follow_count": 0, "id": 81535, "is_following": false, "is_join_pending": false, "is_banned": false, "is_moderated": false, "name_readable": "Debbie Fogle", "post_count": 1, "source_profile_id": 102252, "source_type": "profile", "image": {"picURL": "https://static1.personality-database.com/profile_images/f9a647ce6dbd48029e85fc8000fc6745.png"}, "join_to_post": false, "can_pin": false}, {"description": "", "follow_count": 0, "id": 82843, "is_following": false, "is_join_pending": false, "is_banned": false, "is_moderated": false, "name_readable": "Captain Kim", "post_count": 1, "source_profile_id": 104006, "source_type": "profile", "image": {"picURL": "https://static1.personality-database.com/profile_images/4e2769948a374f2e8dfe73cba2db9df9.png"}, "join_to_post": false, "can_pin": false}, {"description": "#FredArmisen", "follow_count": 0, "id": 46975, "is_following": false, "is_join_pending": false, "is_banned": false, "is_moderated": false, "name_readable": "Mlep(clay)nos", "post_count": 1, "source_profile_id": 55260, "source_type": "profile", "image": {"picURL": "https://static1.personality-database.com/profile_images/97ad6dceae9d4a95aaacf7590d70f99b.png"}, "join_to_post": false, "can_pin": false}, {"description": "", "follow_count": 0, "id": 46963, "is_following": false, "is_join_pending": false, "is_banned": false, "is_moderated": false, "name_readable": "Nikolaj Boyle", "post_count": 1, "source_profile_id": 55248, "source_type": "profile", "image": {"picURL": "https://static1.personality-database.com/profile_images/7f19bed2e84b4f73ab539f30b6459a89.png"}, "join_to_post": false, "can_pin": false}, {"description": "#BillHader", "follow_count": 0, "id": 46958, "is_following": false, "is_join_pending": false, "is_banned": false, "is_moderated": false, "name_readable": "Cpt. Seth Dozerman", "post_count": 1, "source_profile_id": 55243, "source_type": "profile", "image": {"picURL": "https://static1.personality-database.com/profile_images/c2c3f5eb24274f46b5d6fce4f23b852e.png"}, "join_to_post": false, "can_pin": false}, {"description": "", "follow_count": 0, "id": 11175, "is_following": false, "is_join_pending": false, "is_banned": false, "is_moderated": false, "name_readable": "Norm Scully", "post_count": 1, "source_profile_id": 12077, "source_type": "profile", "image": {"picURL": "https://static1.personality-database.com/profile_images/e9e195327ac24de7a1e04f4ab12a20f6.png"}, "join_to_post": false, "can_pin": false}], "subcategory": "Brooklyn Nine-Nine (2013)", "topic_image_url": "https://static1.personality-database.com/profile_images/48b03ef552d64dec8834f8048f6bd69f.png", "source_location": {"cid": 2, "pid": 2, "sub_cat_id": 736}, "can_post_image": false, "can_post_audio": false, "posts": {"posts": [{"username": "luvdeelish", "user_pic_path": "https://static1.personality-database.com/user_avatars/891221/98f961fe-5007-4253-8e52-b1a2f64cfe67_small.jpeg", "user_personality_type": "ENFP-7w6", "is_mod": false, "comment_count": 0, "reply_count": 0, "vote_type": 0, "topics_list": [{"id": 11192, "name_readable": "Terry Jeffords"}], "id": 1295633, "post_id": 1295633, "user_id": 891221, "title": "", "content": "in my opinion, he is ESFJ", "create_date": 1662580703000, "unix_timestamp": 1662580703000, "update_date": 1662580703000, "vote_count": 0, "vote_count_down": 0, "is_reported": 0, "is_hidden": false, "is_pinned": false, "is_watching": false, "is_pro_user": false, "images": null, "audios": null, "function_list": [], "type": "post"}, {"username": "sssiillkk", "user_pic_path": "https://static1.personality-database.com/user_avatars/211128/5a6e962c-6545-490c-a8aa-1c89d3a07ea9.jpeg", "user_personality_type": "ENTJ-1w2-135", "is_mod": false, "comment_count": 0, "reply_count": 0, "vote_type": 0, "topics_list": [{"id": 11192, "name_readable": "Terry Jeffords"}], "id": 355697, "post_id": 355697, "user_id": 211128, "title": "", "content": "a great example of a healthy ENFJ", "create_date": 1645576259000, "unix_timestamp": 1645576259000, "update_date": 1645576259000, "vote_count": 8, "vote_count_down": 0, "is_reported": 0, "is_hidden": false, "is_pinned": false, "is_watching": false, "is_pro_user": false, "images": null, "audios": null, "function_list": [], "type": "post"}]}}}}