{"id": 121812, "mbti_profile": "JJ Maybank", "profile_name_searchable": "jjmaybank", "allow_commenting": true, "allow_voting": true, "user_id": 35535, "contributor": "oron", "contributor_create_date": "2020-04-18 07:14:44", "contributor_pic_path": "https://lh3.googleusercontent.com/-gHUtsvf6vug/AAAAAAAAAAI/AAAAAAAAAAA/AMZuucnUVvFMtypuCKD9Mlfd8QFEkgg-SA/s96-c/photo.jpg", "display_order": 990, "edit_lock": 0, "edit_lock_picture": 0, "is_active": true, "is_approved": true, "mbti_enneagram_type": "ESTP 7w8", "mbti_type": "ESTP 7w8", "pdb_comment_access": true, "pdb_page_owner": 0, "pdb_public_access": true, "wiki_description": "JJ Maybank (Portrayed by Rudy Pankow) is in The Pogues. He's the latest in a 'long line of fishing, drinking, ivendetta-holding salt-lifers who made their living off the water'. John B describes him as the 'best surfer he knows', JJ is reckless and often doesn't think before he acts. He is impulsive and quick-tempered but also always up for a laugh and a fun adventure.", "watch_count": 669, "comment_count": 171, "vote_count": 594, "vote_count_enneagram": 275, "vote_count_mbti": 594, "total_vote_counts": 1218, "personality_type": "ESTP - 7w8 - sx/so - 782 - SEE - SLUEN - FEVL - Choleric-Sanguine", "type_updated_date": "2022-05-05 22:32:13", "enneagram_vote": "", "enneagram_vote_id": 0, "mbti_vote": "", "mbti_vote_id": 0, "is_watching": false, "image_exists": false, "profile_image_url": "https://static1.personality-database.com/profile_images/97c739d68ee84cb59b15057d191757a9.png", "profile_image_credit": "", "profile_image_credit_id": 460973, "profile_image_credit_type": "0", "profile_image_credit_url": "", "alt_subcategory": "", "related_subcategories": "", "cat_id": 2, "category": "Television", "category_is_fictional": true, "sub_cat_id": 8623, "subcategory": "Outer Banks (2020)", "subcat_link_info": {"sub_cat_id": 8623, "cat_id": 2, "property_id": 2, "subcategory": "Outer Banks (2020)"}, "related_subcat_link_info": null, "related_profiles": [{"id": 121813, "mbti_profile": "Kiara Carrera", "subcategory": "Outer Banks (2020)", "profile_image_url": "https://static1.personality-database.com/profile_images/a35304815a3b46389b451c19b18d32a0.png", "profile_name": "Kiara Carrera", "profile_subcat": "Outer Banks (2020)", "sub_cat_id": 8623, "cat_id": 2, "property_id": 2, "mbti": "ISFP", "enneatype": "4w3"}, {"id": 121810, "mbti_profile": "John B. Routledge", "subcategory": "Outer Banks (2020)", "profile_image_url": "https://static1.personality-database.com/profile_images/0ccf06231c74439392ffe14eb84f4b25.png", "profile_name": "John B. Routledge", "profile_subcat": "Outer Banks (2020)", "sub_cat_id": 8623, "cat_id": 2, "property_id": 2, "mbti": "ENFJ", "enneatype": "6w7"}, {"id": 121817, "mbti_profile": "Rafe Cameron", "subcategory": "Outer Banks (2020)", "profile_image_url": "https://static1.personality-database.com/profile_images/6fc7dd77a84148cb9ff6aeff1458d23f.png", "profile_name": "Rafe Cameron", "profile_subcat": "Outer Banks (2020)", "sub_cat_id": 8623, "cat_id": 2, "property_id": 2, "mbti": "ESTP", "enneatype": "6w7"}, {"id": 121814, "mbti_profile": "Pope Heyward", "subcategory": "Outer Banks (2020)", "profile_image_url": "https://static1.personality-database.com/profile_images/208db4601441443cbe08a2bd8e89a9f6.png", "profile_name": "Pope Heyward", "profile_subcat": "Outer Banks (2020)", "sub_cat_id": 8623, "cat_id": 2, "property_id": 2, "mbti": "INTJ", "enneatype": "6w5"}, {"id": 121811, "mbti_profile": "Sarah Cameron", "subcategory": "Outer Banks (2020)", "profile_image_url": "https://static1.personality-database.com/profile_images/65b64a2f74864008872e4755d8382329.png", "profile_name": "Sarah Cameron", "profile_subcat": "Outer Banks (2020)", "sub_cat_id": 8623, "cat_id": 2, "property_id": 2, "mbti": "ESFP", "enneatype": "7w6"}, {"id": 121815, "mbti_profile": "Ward Cameron", "subcategory": "Outer Banks (2020)", "profile_image_url": "https://static1.personality-database.com/profile_images/605717d78b23430ca72193d9e4e5b305.png", "profile_name": "Ward Cameron", "profile_subcat": "Outer Banks (2020)", "sub_cat_id": 8623, "cat_id": 2, "property_id": 2, "mbti": "ENTJ", "enneatype": "6w5"}, {"id": 121816, "mbti_profile": "Topper Thornton", "subcategory": "Outer Banks (2020)", "profile_image_url": "https://static1.personality-database.com/profile_images/305de5b458424ac58d5d4e9d491ecf4d.png", "profile_name": "Topper Thornton", "profile_subcat": "Outer Banks (2020)", "sub_cat_id": 8623, "cat_id": 2, "property_id": 2, "mbti": "ENTJ", "enneatype": "3w2"}, {"id": 306344, "mbti_profile": "Cleo", "subcategory": "Outer Banks (2020)", "profile_image_url": "https://static1.personality-database.com/profile_images/ef34843b8e704fec8edb271c1f7111eb.png", "profile_name": "Cleo", "profile_subcat": "Outer Banks (2020)", "sub_cat_id": 8623, "cat_id": 2, "property_id": 2, "mbti": "ESTP", "enneatype": "8w9"}], "functions": ["Se", "Ti", "Fe", "Ni"], "systems": [{"hex_color": "#888888", "id": 1, "personality_type": "XXXX", "personality_type_id": 0, "system_name": "Four Letter", "system_vote_count": 587, "user_vote_type_id": 0, "vote_id": 0}, {"hex_color": "#006775", "id": 2, "personality_type": "XXXX", "personality_type_id": 0, "system_name": "Enneagram", "system_vote_count": 269, "user_vote_type_id": 0, "vote_id": 0}, {"hex_color": "#006775", "id": 5, "personality_type": "XXXX", "personality_type_id": 0, "system_name": "Instinctual Variant", "system_vote_count": 94, "user_vote_type_id": 0, "vote_id": 0}, {"hex_color": "#006775", "id": 6, "personality_type": "XXXX", "personality_type_id": 0, "system_name": "Tritype", "system_vote_count": 83, "user_vote_type_id": 0, "vote_id": 0}, {"hex_color": "#888888", "id": 3, "personality_type": "XXXX", "personality_type_id": 0, "system_name": "Socionics", "system_vote_count": 20, "user_vote_type_id": 0, "vote_id": 0}, {"hex_color": "#888888", "id": 9, "personality_type": "XXXX", "personality_type_id": 0, "system_name": "Big 5 (SLOAN)", "system_vote_count": 40, "user_vote_type_id": 0, "vote_id": 0}, {"hex_color": "#888888", "id": 8, "personality_type": "XXXX", "personality_type_id": 0, "system_name": "Attitudinal Psyche", "system_vote_count": 18, "user_vote_type_id": 0, "vote_id": 0}, {"hex_color": "#888888", "id": 7, "personality_type": "XXXX", "personality_type_id": 0, "system_name": "Temperaments", "system_vote_count": 93, "user_vote_type_id": 0, "vote_id": 0}, {"hex_color": "#888888", "id": 11, "personality_type": "XXXX", "personality_type_id": 0, "system_name": "Classic Jungian", "system_vote_count": 4, "user_vote_type_id": 0, "vote_id": 0}], "breakdown_systems": {"1": [{"myValue": "ESTP", "personality_system_id": 1, "personality_type": "ESTP", "theCount": 432}, {"myValue": "ESFP", "personality_system_id": 1, "personality_type": "ESFP", "theCount": 119}, {"myValue": "ENTP", "personality_system_id": 1, "personality_type": "ENTP", "theCount": 22}, {"myValue": "ENFP", "personality_system_id": 1, "personality_type": "ENFP", "theCount": 7}, {"myValue": "ISFP", "personality_system_id": 1, "personality_type": "ISFP", "theCount": 2}, {"myValue": "ENFJ", "personality_system_id": 1, "personality_type": "ENFJ", "theCount": 1}, {"myValue": "ESFJ", "personality_system_id": 1, "personality_type": "ESFJ", "theCount": 1}, {"myValue": "ESTJ", "personality_system_id": 1, "personality_type": "ESTJ", "theCount": 1}, {"myValue": "INTJ", "personality_system_id": 1, "personality_type": "INTJ", "theCount": 1}, {"myValue": "ISTP", "personality_system_id": 1, "personality_type": "ISTP", "theCount": 1}], "11": [{"myValue": "ES(T)", "personality_system_id": 11, "personality_type": "ES(T)", "theCount": 2}, {"myValue": "EN(T)", "personality_system_id": 11, "personality_type": "EN(T)", "theCount": 1}, {"myValue": "ES(F)", "personality_system_id": 11, "personality_type": "ES(F)", "theCount": 1}], "2": [{"myValue": "7w8", "personality_system_id": 2, "personality_type": "7w8", "theCount": 245}, {"myValue": "8w7", "personality_system_id": 2, "personality_type": "8w7", "theCount": 14}, {"myValue": "3w2", "personality_system_id": 2, "personality_type": "3w2", "theCount": 4}, {"myValue": "7w6", "personality_system_id": 2, "personality_type": "7w6", "theCount": 4}, {"myValue": "6w5", "personality_system_id": 2, "personality_type": "6w5", "theCount": 1}, {"myValue": "6w7", "personality_system_id": 2, "personality_type": "6w7", "theCount": 1}], "3": [{"myValue": "SEE", "personality_system_id": 3, "personality_type": "SEE", "theCount": 19}, {"myValue": "ILE", "personality_system_id": 3, "personality_type": "ILE", "theCount": 1}], "4": [{"myValue": "Chaotic Neutral", "personality_system_id": 4, "personality_type": "Chaotic Neutral", "theCount": 6}, {"myValue": "Chaotic Good", "personality_system_id": 4, "personality_type": "Chaotic Good", "theCount": 4}], "5": [{"myValue": "sx/so", "personality_system_id": 5, "personality_type": "sx/so", "theCount": 43}, {"myValue": "sp/so", "personality_system_id": 5, "personality_type": "sp/so", "theCount": 26}, {"myValue": "so/sp", "personality_system_id": 5, "personality_type": "so/sp", "theCount": 11}, {"myValue": "sp/sx", "personality_system_id": 5, "personality_type": "sp/sx", "theCount": 5}, {"myValue": "sx/sp", "personality_system_id": 5, "personality_type": "sx/sp", "theCount": 5}, {"myValue": "so/sx", "personality_system_id": 5, "personality_type": "so/sx", "theCount": 4}], "6": [{"myValue": "782", "personality_system_id": 6, "personality_type": "782", "theCount": 43}, {"myValue": "784", "personality_system_id": 6, "personality_type": "784", "theCount": 28}, {"myValue": "783", "personality_system_id": 6, "personality_type": "783", "theCount": 4}, {"myValue": "794", "personality_system_id": 6, "personality_type": "794", "theCount": 2}, {"myValue": "873", "personality_system_id": 6, "personality_type": "873", "theCount": 2}, {"myValue": "682", "personality_system_id": 6, "personality_type": "682", "theCount": 1}, {"myValue": "738", "personality_system_id": 6, "personality_type": "738", "theCount": 1}, {"myValue": "748", "personality_system_id": 6, "personality_type": "748", "theCount": 1}, {"myValue": "872", "personality_system_id": 6, "personality_type": "872", "theCount": 1}], "7": [{"myValue": "Choleric-Sanguine", "personality_system_id": 7, "personality_type": "Choleric-Sanguine", "theCount": 44}, {"myValue": "Sanguine-Choleric", "personality_system_id": 7, "personality_type": "Sanguine-Choleric", "theCount": 39}, {"myValue": "Choleric [Dominant]", "personality_system_id": 7, "personality_type": "Choleric [Dominant]", "theCount": 7}, {"myValue": "Sanguine [Dominant]", "personality_system_id": 7, "personality_type": "Sanguine [Dominant]", "theCount": 2}, {"myValue": "Melancholic [Dominant]", "personality_system_id": 7, "personality_type": "Melancholic [Dominant]", "theCount": 1}], "8": [{"myValue": "FEVL", "personality_system_id": 8, "personality_type": "FEVL", "theCount": 10}, {"myValue": "VFEL", "personality_system_id": 8, "personality_type": "VFEL", "theCount": 5}, {"myValue": "EFVL", "personality_system_id": 8, "personality_type": "EFVL", "theCount": 1}, {"myValue": "FLEV", "personality_system_id": 8, "personality_type": "FLEV", "theCount": 1}, {"myValue": "VEFL", "personality_system_id": 8, "personality_type": "VEFL", "theCount": 1}], "9": [{"myValue": "SLUEN", "personality_system_id": 9, "personality_type": "SLUEN", "theCount": 27}, {"myValue": "SLUAN", "personality_system_id": 9, "personality_type": "SLUAN", "theCount": 7}, {"myValue": "SLUAI", "personality_system_id": 9, "personality_type": "SLUAI", "theCount": 3}, {"myValue": "RCOEI", "personality_system_id": 9, "personality_type": "RCOEI", "theCount": 1}, {"myValue": "SCUEN", "personality_system_id": 9, "personality_type": "SCUEN", "theCount": 1}, {"myValue": "SLUEI", "personality_system_id": 9, "personality_type": "SLUEI", "theCount": 1}]}, "breakdown_config": {"expand": {"1": 3, "11": 1, "2": 3, "3": 1, "4": 1, "5": 2, "6": 2, "7": 2, "8": 1, "9": 1}, "fire": {"1": 0, "11": 0, "2": 0, "3": 0, "4": 0, "5": 1, "6": 1, "7": 1, "8": 0, "9": 0}}, "mbti_letter_stats": [{"type": "E", "percentage": "99%", "PercentageFloat": 0.9931856899488927}, {"type": "S", "percentage": "95%", "PercentageFloat": 0.9471890971039182}, {"type": "T", "percentage": "78%", "PercentageFloat": 0.778534923339012}, {"type": "P", "percentage": "99%", "PercentageFloat": 0.9931856899488927}], "topic_info": {"can_generate": false, "topic": {"description": "JJ Maybank (Portrayed by Rudy Pankow) is in The Pogues. He's the latest in a 'long line of fishing, drinking, ivendetta-holding salt-lifers who made their living off the water'. John B describes him as the 'best surfer he knows', JJ is reckless and often doesn't think before he acts. He is impulsive and quick-tempered but also always up for a laugh and a fun adventure.", "follow_count": 0, "id": 95563, "is_following": false, "is_join_pending": false, "is_banned": false, "is_moderated": false, "name_readable": "JJ Maybank", "post_count": 7, "source_profile_id": 121812, "source_type": "profile", "join_to_post": false, "can_pin": false, "related_topics": [{"description": "Kiara Carrera (Portrayed by #MadisonBailey) is an athletic hippy chick, and although she\u2019d loathe to admit it, she\u2019s from a rich family meaning that she is a Kook. Kiara fits in perfectly with the Pogues; she\u2019s got a cutting sense of humor, a zen vibe, and a taste for adventure.", "follow_count": 1, "id": 95564, "is_following": false, "is_join_pending": false, "is_banned": false, "is_moderated": false, "name_readable": "Kiara Carrera", "post_count": 55, "source_profile_id": 121813, "source_type": "profile", "image": {"picURL": "https://static1.personality-database.com/profile_images/a35304815a3b46389b451c19b18d32a0.png"}, "join_to_post": false, "can_pin": false}, {"description": "Pope Heyward (Portrayed by Jonathan Daviss) is the smartest of the Pogues and has a scholarship on the line \u2014 his ticket to a life outside of the Outer Banks. John B describes Pope as 'the brains on the operation'. \n\nAlthough Pope is always up for an adventure with his friends, he is also the cautionary voice in the group. He is constantly thinking of possible consequences to their actions and warns the group when he feels that they are about to do something stupid. His warnings, however, often fall on deaf ears.", "follow_count": 0, "id": 95565, "is_following": false, "is_join_pending": false, "is_banned": false, "is_moderated": false, "name_readable": "Pope Heyward", "post_count": 16, "source_profile_id": 121814, "source_type": "profile", "image": {"picURL": "https://static1.personality-database.com/profile_images/208db4601441443cbe08a2bd8e89a9f6.png"}, "join_to_post": false, "can_pin": false}, {"description": "JJ Maybank (Portrayed by Rudy Pankow) is in The Pogues. He's the latest in a 'long line of fishing, drinking, ivendetta-holding salt-lifers who made their living off the water'. John B describes him as the 'best surfer he knows', JJ is reckless and often doesn't think before he acts. He is impulsive and quick-tempered but also always up for a laugh and a fun adventure.", "follow_count": 0, "id": 95563, "is_following": false, "is_join_pending": false, "is_banned": false, "is_moderated": false, "name_readable": "JJ Maybank", "post_count": 7, "source_profile_id": 121812, "source_type": "profile", "image": {"picURL": "https://static1.personality-database.com/profile_images/97c739d68ee84cb59b15057d191757a9.png"}, "join_to_post": false, "can_pin": false}, {"description": "Rafe Cameron (Portrayed by Drew Starkey) is the older brother of Sarah Cameron and Wheezie Cameron. Rafe struggles to meet the expectations his father Ward Cameron has of him, and he has a drug addiction which leads into him making bad desicions. Rafe can often be seen trying to impress his father or trying to scrape up money he owes to his drug dealer Barry.", "follow_count": 1, "id": 95568, "is_following": false, "is_join_pending": false, "is_banned": false, "is_moderated": false, "name_readable": "Rafe Cameron", "post_count": 7, "source_profile_id": 121817, "source_type": "profile", "image": {"picURL": "https://static1.personality-database.com/profile_images/6fc7dd77a84148cb9ff6aeff1458d23f.png"}, "join_to_post": false, "can_pin": false}, {"description": "Sarah Elizabeth Cameron (Portrayed by #MadelynCline) is the stunning, vivacious queen bee of OBX, alongside her golden boy ex-boyfriend Topper. Sarah comes from the Kook world and is frequently scorned by The Pogues for her reputation as a princess but there is more to her than meets the eye. She is quick-witted and warm-hearted and despite the odds she catches the eye of John B, becoming involved in an unforgettable adventure.", "follow_count": 1, "id": 95562, "is_following": false, "is_join_pending": false, "is_banned": false, "is_moderated": false, "name_readable": "Sarah Cameron", "post_count": 1, "source_profile_id": 121811, "source_type": "profile", "image": {"picURL": "https://static1.personality-database.com/profile_images/65b64a2f74864008872e4755d8382329.png"}, "join_to_post": false, "can_pin": false}, {"description": " ", "follow_count": 0, "id": 348573, "is_following": false, "is_join_pending": false, "is_banned": false, "is_moderated": false, "name_readable": "Sofia", "post_count": 1, "source_profile_id": 515897, "source_type": "profile", "image": {"picURL": "https://www.personality-database.com/images/profile_transparent.png"}, "join_to_post": false, "can_pin": false}, {"description": "John Booker Routledge (Portrayed by Chase Stokes) is the charismatic leader of the Pogues crew. His father went missing while trying to salvage a sunken ship, and he will stop at nothing to uncover the secrets behind his disappearance. John B convinces his friends to join him on the epic search for his father, and what his father was looking for, leading them on a life-changing summer adventure with good and bad obstacles along the way.", "follow_count": 0, "id": 95561, "is_following": false, "is_join_pending": false, "is_banned": false, "is_moderated": false, "name_readable": "John B. Routledge", "post_count": 1, "source_profile_id": 121810, "source_type": "profile", "image": {"picURL": "https://static1.personality-database.com/profile_images/0ccf06231c74439392ffe14eb84f4b25.png"}, "join_to_post": false, "can_pin": false}, {"description": "Cleo is a confident, fearless and clever yet also playful and fun-loving Nassau girl. A formidable artful dodger who was orphaned at a young age, Cleo\u2019s world soon collides with the The Pogues upon their arrival in the Bahamas.", "follow_count": 0, "id": 235476, "is_following": false, "is_join_pending": false, "is_banned": false, "is_moderated": false, "name_readable": "Cleo", "post_count": 0, "source_profile_id": 306344, "source_type": "profile", "image": {"picURL": "https://static1.personality-database.com/profile_images/ef34843b8e704fec8edb271c1f7111eb.png"}, "join_to_post": false, "can_pin": false}, {"description": "", "follow_count": 0, "id": 284718, "is_following": false, "is_join_pending": false, "is_banned": false, "is_moderated": false, "name_readable": "Deputy Terry Plumb", "post_count": 0, "source_profile_id": 370124, "source_type": "profile", "image": {"picURL": "https://static1.personality-database.com/profile_images/0b5135229a1d46dab9f620b1988fab1f.png"}, "join_to_post": false, "can_pin": false}, {"description": "", "follow_count": 0, "id": 284683, "is_following": false, "is_join_pending": false, "is_banned": false, "is_moderated": false, "name_readable": "Mike Carrera", "post_count": 0, "source_profile_id": 370080, "source_type": "profile", "image": {"picURL": "https://static1.personality-database.com/profile_images/be4948de2925495b8d5ccba91af3b8cc.png"}, "join_to_post": false, "can_pin": false}, {"description": "", "follow_count": 0, "id": 284658, "is_following": false, "is_join_pending": false, "is_banned": false, "is_moderated": false, "name_readable": "Stubbs", "post_count": 0, "source_profile_id": 370051, "source_type": "profile", "image": {"picURL": "https://static1.personality-database.com/profile_images/c09f720bb33d40dcaf143d4667d4a5ae.png"}, "join_to_post": false, "can_pin": false}, {"description": "", "follow_count": 0, "id": 283948, "is_following": false, "is_join_pending": false, "is_banned": false, "is_moderated": false, "name_readable": "Renfield", "post_count": 0, "source_profile_id": 369169, "source_type": "profile", "image": {"picURL": "https://static1.personality-database.com/profile_images/e6bbb472a60c488ca1437792a666e9f6.png"}, "join_to_post": false, "can_pin": false}, {"description": "", "follow_count": 0, "id": 283443, "is_following": false, "is_join_pending": false, "is_banned": false, "is_moderated": false, "name_readable": "Scooter Grubbs", "post_count": 0, "source_profile_id": 368573, "source_type": "profile", "image": {"picURL": "https://static1.personality-database.com/profile_images/ee029338910c48d7b5b9efcb5350bc52.png"}, "join_to_post": false, "can_pin": false}, {"description": "", "follow_count": 0, "id": 283215, "is_following": false, "is_join_pending": false, "is_banned": false, "is_moderated": false, "name_readable": "Ricky", "post_count": 0, "source_profile_id": 368275, "source_type": "profile", "image": {"picURL": "https://static1.personality-database.com/profile_images/050da073bba14c6b88242fe6c1fa0745.png"}, "join_to_post": false, "can_pin": false}, {"description": "", "follow_count": 0, "id": 283155, "is_following": false, "is_join_pending": false, "is_banned": false, "is_moderated": false, "name_readable": "Anna Carrera", "post_count": 0, "source_profile_id": 368188, "source_type": "profile", "image": {"picURL": "https://static1.personality-database.com/profile_images/e20a43451abb404a8fcb6d6106082686.png"}, "join_to_post": false, "can_pin": false}, {"description": "", "follow_count": 0, "id": 282880, "is_following": false, "is_join_pending": false, "is_banned": false, "is_moderated": false, "name_readable": "Mrs Crain", "post_count": 0, "source_profile_id": 367800, "source_type": "profile", "image": {"picURL": "https://static1.personality-database.com/profile_images/b58f1e4e3b514fab8f3704fb05cac606.png"}, "join_to_post": false, "can_pin": false}], "subcategory": "Outer Banks (2020)", "topic_image_url": "https://static1.personality-database.com/profile_images/97c739d68ee84cb59b15057d191757a9.png", "source_location": {"cid": 2, "pid": 2, "sub_cat_id": 8623}, "can_post_image": false, "can_post_audio": false, "posts": {"posts": [{"username": "Main Character", "user_pic_path": "https://static1.personality-database.com/user_avatars/769903/6cadfc98-2fea-4710-b7b8-a9d83499d477_small.webp", "user_personality_type": "ESFP-2w3-278", "is_mod": false, "comment_count": 0, "reply_count": 0, "vote_type": 0, "topics_list": [{"id": 95563, "name_readable": "JJ Maybank"}], "id": 1613767, "post_id": 1613767, "user_id": 769903, "title": "", "content": "He\u2019s fine", "create_date": 1666793676000, "unix_timestamp": 1666793676000, "update_date": 1666793676000, "vote_count": 3, "vote_count_down": 0, "is_reported": 0, "is_hidden": false, "is_pinned": false, "is_watching": false, "is_pro_user": true, "images": null, "audios": null, "function_list": [], "type": "post"}, {"username": "coffeesage", "user_pic_path": "https://lh3.googleusercontent.com/a-/AFdZucp4XOdCMSeA0bCIjgMoLoIeNGacIYV0IuLB05MZbQ=s96-c", "user_personality_type": "INTP-6w5", "is_mod": false, "comment_count": 1, "reply_count": 1, "vote_type": 0, "topics_list": [{"id": 95563, "name_readable": "JJ Maybank"}], "id": 480719, "post_id": 480719, "user_id": 199162, "title": "", "content": "(deleted)", "create_date": 1648624409000, "unix_timestamp": 1648624409000, "update_date": 1648624409000, "vote_count": 0, "vote_count_down": 0, "is_reported": 0, "is_hidden": true, "is_pinned": false, "is_watching": false, "is_pro_user": false, "images": null, "audios": null, "function_list": [], "type": "post"}, {"username": "the L word", "user_pic_path": "https://lh3.googleusercontent.com/a-/AOh14Gjv0c9Aww4nzVDll7uN2HasFcjIhLQjVGNRhtfHnbQ=s96-c", "user_personality_type": "ESFP-2w3-296", "is_mod": false, "comment_count": 3, "reply_count": 3, "vote_type": 0, "topics_list": [{"id": 95563, "name_readable": "JJ Maybank"}], "id": 363681, "post_id": 363681, "user_id": 601307, "title": "", "content": "he\u2019s so ESTP it hurts", "create_date": 1645794048000, "unix_timestamp": 1645794048000, "update_date": 1645794048000, "vote_count": 5, "vote_count_down": 0, "is_reported": 0, "is_hidden": false, "is_pinned": false, "is_watching": false, "is_pro_user": false, "images": null, "audios": null, "function_list": [], "type": "post"}]}}}}