{"id": 12502, "mbti_profile": "Sam Gardner", "profile_name_searchable": "samgardner", "allow_commenting": true, "allow_voting": true, "user_id": 5372, "contributor": "gabriel_", "contributor_create_date": "2018-06-14 23:05:54", "contributor_pic_path": "https://lh3.googleusercontent.com/a-/AOh14GgZoBkEOyOLb7kXdQZvmMFUi69-gsX6vDH2arcu8A=s96-c", "display_order": 1000, "edit_lock": 0, "edit_lock_picture": 0, "is_active": true, "is_approved": true, "mbti_enneagram_type": "ISTJ 5w6", "mbti_type": "ISTJ 5w6", "pdb_comment_access": true, "pdb_page_owner": 0, "pdb_public_access": true, "wiki_description": "Sam Gardner (Keir Gilchrist), is an 18-year-old young man on the autism spectrum, who is obsessed with Antarctica and loves penguins.", "watch_count": 210, "comment_count": 194, "vote_count": 490, "vote_count_enneagram": 266, "vote_count_mbti": 490, "total_vote_counts": 1010, "personality_type": "ISTJ - 5w6 - sp/so - 694 - LSI - RCOEI - LFVE - Melancholic [Dominant]", "type_updated_date": "2022-08-11 01:27:30", "enneagram_vote": "", "enneagram_vote_id": 0, "mbti_vote": "", "mbti_vote_id": 0, "is_watching": false, "image_exists": true, "profile_image_url": "https://static1.personality-database.com/profile_images/2b1dbe8f46934d9e855ce0be8138d3e1.png", "profile_image_credit": "", "profile_image_credit_id": 253211, "profile_image_credit_type": "0", "profile_image_credit_url": "", "alt_subcategory": "", "related_subcategories": "", "cat_id": 2, "category": "Television", "category_is_fictional": true, "sub_cat_id": 1607, "subcategory": "Atypical (2017)", "subcat_link_info": {"sub_cat_id": 1607, "cat_id": 2, "property_id": 2, "subcategory": "Atypical (2017)"}, "related_subcat_link_info": null, "related_profiles": [{"id": 12503, "mbti_profile": "Casey Gardner", "subcategory": "Atypical (2017)", "profile_image_url": "https://static1.personality-database.com/profile_images/2bd76dd99fe845fc8263456350433420.png", "profile_name": "Casey Gardner", "profile_subcat": "Atypical (2017)", "sub_cat_id": 1607, "cat_id": 2, "property_id": 2, "mbti": "ESTP", "enneatype": "8w9"}, {"id": 66925, "mbti_profile": "Izzie Taylor", "subcategory": "Atypical (2017)", "profile_image_url": "https://static1.personality-database.com/profile_images/6fb2d3c3727844d5a52f3c1ddf2caf5e.png", "profile_name": "Izzie Taylor", "profile_subcat": "Atypical (2017)", "sub_cat_id": 1607, "cat_id": 2, "property_id": 2, "mbti": "ESFP", "enneatype": "3w2"}, {"id": 16186, "mbti_profile": "Paige Hardaway", "subcategory": "Atypical (2017)", "profile_image_url": "https://static1.personality-database.com/profile_images/11bf94f11e5c40c59b23024ca8f41bc0.png", "profile_name": "Paige Hardaway", "profile_subcat": "Atypical (2017)", "sub_cat_id": 1607, "cat_id": 2, "property_id": 2, "mbti": "ESTJ", "enneatype": "1w2"}, {"id": 16187, "mbti_profile": "Zahid Raja", "subcategory": "Atypical (2017)", "profile_image_url": "https://static1.personality-database.com/profile_images/2f66e21e0d084cb9911a6a1a2cc3ede8.png", "profile_name": "Zahid Raja", "profile_subcat": "Atypical (2017)", "sub_cat_id": 1607, "cat_id": 2, "property_id": 2, "mbti": "ENTP", "enneatype": "7w6"}, {"id": 12504, "mbti_profile": "Elsa Gardner", "subcategory": "Atypical (2017)", "profile_image_url": "https://static1.personality-database.com/profile_images/b84efe980d80433596629a20dfa4afb8.png", "profile_name": "Elsa Gardner", "profile_subcat": "Atypical (2017)", "sub_cat_id": 1607, "cat_id": 2, "property_id": 2, "mbti": "ESFJ", "enneatype": "2w3"}, {"id": 62960, "mbti_profile": "Evan Chapin", "subcategory": "Atypical (2017)", "profile_image_url": "https://static1.personality-database.com/profile_images/8d3b3e579af34d188af65012f136a70c.png", "profile_name": "Evan Chapin", "profile_subcat": "Atypical (2017)", "sub_cat_id": 1607, "cat_id": 2, "property_id": 2, "mbti": "ISFP", "enneatype": "9w1"}, {"id": 36713, "mbti_profile": "Doug Gardner", "subcategory": "Atypical (2017)", "profile_image_url": "https://static1.personality-database.com/profile_images/11d027310c044cccaf7d8e1484df08c9.png", "profile_name": "Doug Gardner", "profile_subcat": "Atypical (2017)", "sub_cat_id": 1607, "cat_id": 2, "property_id": 2, "mbti": "ISTP", "enneatype": "9w8"}, {"id": 353365, "mbti_profile": "Sid", "subcategory": "Atypical (2017)", "profile_image_url": "https://static1.personality-database.com/profile_images/c602a71aca5445d8bff28d2cb559ef85.png", "profile_name": "Sid", "profile_subcat": "Atypical (2017)", "sub_cat_id": 1607, "cat_id": 2, "property_id": 2, "mbti": "ENTJ", "enneatype": "3w2"}], "functions": ["Si", "Te", "Fi", "Ne"], "systems": [{"hex_color": "#888888", "id": 1, "personality_type": "XXXX", "personality_type_id": 0, "system_name": "Four Letter", "system_vote_count": 481, "user_vote_type_id": 0, "vote_id": 0}, {"hex_color": "#006775", "id": 2, "personality_type": "XXXX", "personality_type_id": 0, "system_name": "Enneagram", "system_vote_count": 258, "user_vote_type_id": 0, "vote_id": 0}, {"hex_color": "#006775", "id": 5, "personality_type": "XXXX", "personality_type_id": 0, "system_name": "Instinctual Variant", "system_vote_count": 74, "user_vote_type_id": 0, "vote_id": 0}, {"hex_color": "#006775", "id": 6, "personality_type": "XXXX", "personality_type_id": 0, "system_name": "Tritype", "system_vote_count": 68, "user_vote_type_id": 0, "vote_id": 0}, {"hex_color": "#888888", "id": 3, "personality_type": "XXXX", "personality_type_id": 0, "system_name": "Socionics", "system_vote_count": 19, "user_vote_type_id": 0, "vote_id": 0}, {"hex_color": "#888888", "id": 9, "personality_type": "XXXX", "personality_type_id": 0, "system_name": "Big 5 (SLOAN)", "system_vote_count": 32, "user_vote_type_id": 0, "vote_id": 0}, {"hex_color": "#888888", "id": 8, "personality_type": "XXXX", "personality_type_id": 0, "system_name": "Attitudinal Psyche", "system_vote_count": 16, "user_vote_type_id": 0, "vote_id": 0}, {"hex_color": "#888888", "id": 7, "personality_type": "XXXX", "personality_type_id": 0, "system_name": "Temperaments", "system_vote_count": 53, "user_vote_type_id": 0, "vote_id": 0}, {"hex_color": "#888888", "id": 11, "personality_type": "XXXX", "personality_type_id": 0, "system_name": "Classic Jungian", "system_vote_count": 1, "user_vote_type_id": 0, "vote_id": 0}], "breakdown_systems": {"1": [{"myValue": "ISTJ", "personality_system_id": 1, "personality_type": "ISTJ", "theCount": 390}, {"myValue": "INTJ", "personality_system_id": 1, "personality_type": "INTJ", "theCount": 41}, {"myValue": "INTP", "personality_system_id": 1, "personality_type": "INTP", "theCount": 35}, {"myValue": "ISFJ", "personality_system_id": 1, "personality_type": "ISFJ", "theCount": 13}, {"myValue": "INFP", "personality_system_id": 1, "personality_type": "INFP", "theCount": 1}, {"myValue": "ISTP", "personality_system_id": 1, "personality_type": "ISTP", "theCount": 1}], "11": [{"myValue": "IT(S)", "personality_system_id": 11, "personality_type": "IT(S)", "theCount": 1}], "2": [{"myValue": "5w6", "personality_system_id": 2, "personality_type": "5w6", "theCount": 148}, {"myValue": "6w5", "personality_system_id": 2, "personality_type": "6w5", "theCount": 104}, {"myValue": "5w4", "personality_system_id": 2, "personality_type": "5w4", "theCount": 4}, {"myValue": "1w9", "personality_system_id": 2, "personality_type": "1w9", "theCount": 1}, {"myValue": "4w5", "personality_system_id": 2, "personality_type": "4w5", "theCount": 1}], "3": [{"myValue": "LSI", "personality_system_id": 3, "personality_type": "LSI", "theCount": 12}, {"myValue": "SLI", "personality_system_id": 3, "personality_type": "SLI", "theCount": 7}], "4": [{"myValue": "Lawful Neutral", "personality_system_id": 4, "personality_type": "Lawful Neutral", "theCount": 5}, {"myValue": "Lawful Good", "personality_system_id": 4, "personality_type": "Lawful Good", "theCount": 3}], "5": [{"myValue": "sp/so", "personality_system_id": 5, "personality_type": "sp/so", "theCount": 47}, {"myValue": "so/sp", "personality_system_id": 5, "personality_type": "so/sp", "theCount": 18}, {"myValue": "sp/sx", "personality_system_id": 5, "personality_type": "sp/sx", "theCount": 8}, {"myValue": "so/sx", "personality_system_id": 5, "personality_type": "so/sx", "theCount": 1}], "6": [{"myValue": "694", "personality_system_id": 6, "personality_type": "694", "theCount": 25}, {"myValue": "594", "personality_system_id": 6, "personality_type": "594", "theCount": 18}, {"myValue": "514", "personality_system_id": 6, "personality_type": "514", "theCount": 10}, {"myValue": "614", "personality_system_id": 6, "personality_type": "614", "theCount": 10}, {"myValue": "154", "personality_system_id": 6, "personality_type": "154", "theCount": 1}, {"myValue": "531", "personality_system_id": 6, "personality_type": "531", "theCount": 1}, {"myValue": "592", "personality_system_id": 6, "personality_type": "592", "theCount": 1}, {"myValue": "613", "personality_system_id": 6, "personality_type": "613", "theCount": 1}, {"myValue": "641", "personality_system_id": 6, "personality_type": "641", "theCount": 1}], "7": [{"myValue": "Melancholic [Dominant]", "personality_system_id": 7, "personality_type": "Melancholic [Dominant]", "theCount": 49}, {"myValue": "Melancholic-Phlegmatic", "personality_system_id": 7, "personality_type": "Melancholic-Phlegmatic", "theCount": 2}, {"myValue": "Melancholic-Choleric", "personality_system_id": 7, "personality_type": "Melancholic-Choleric", "theCount": 1}, {"myValue": "Melancholic-Sanguine", "personality_system_id": 7, "personality_type": "Melancholic-Sanguine", "theCount": 1}], "8": [{"myValue": "LFVE", "personality_system_id": 8, "personality_type": "LFVE", "theCount": 10}, {"myValue": "LEVF", "personality_system_id": 8, "personality_type": "LEVF", "theCount": 3}, {"myValue": "LFEV", "personality_system_id": 8, "personality_type": "LFEV", "theCount": 1}, {"myValue": "LVEF", "personality_system_id": 8, "personality_type": "LVEF", "theCount": 1}, {"myValue": "LVFE", "personality_system_id": 8, "personality_type": "LVFE", "theCount": 1}], "9": [{"myValue": "RCOEI", "personality_system_id": 9, "personality_type": "RCOEI", "theCount": 18}, {"myValue": "RLOEI", "personality_system_id": 9, "personality_type": "RLOEI", "theCount": 9}, {"myValue": "RCOEN", "personality_system_id": 9, "personality_type": "RCOEN", "theCount": 3}, {"myValue": "RCOAI", "personality_system_id": 9, "personality_type": "RCOAI", "theCount": 2}]}, "breakdown_config": {"expand": {"1": 3, "11": 1, "2": 3, "3": 2, "4": 1, "5": 1, "6": 2, "7": 1, "8": 1, "9": 1}, "fire": {"1": 0, "11": 0, "2": 1, "3": 1, "4": 0, "5": 0, "6": 1, "7": 0, "8": 0, "9": 0}}, "mbti_letter_stats": [{"type": "I", "percentage": "100%", "PercentageFloat": 1}, {"type": "S", "percentage": "84%", "PercentageFloat": 0.83991683991684}, {"type": "T", "percentage": "97%", "PercentageFloat": 0.9708939708939709}, {"type": "J", "percentage": "92%", "PercentageFloat": 0.9230769230769231}], "topic_info": {"can_generate": false, "topic": {"description": "Sam Gardner (Keir Gilchrist), is an 18-year-old young man on the autism spectrum, who is obsessed with Antarctica and loves penguins.", "follow_count": 0, "id": 11534, "is_following": false, "is_join_pending": false, "is_banned": false, "is_moderated": false, "name_readable": "Sam Gardner", "post_count": 1, "source_profile_id": 12502, "source_type": "profile", "join_to_post": false, "can_pin": false, "related_topics": [{"description": "Casey Gardner is Sam's younger sister, who also is very protective to him. She is a star track athlete and gets an athletic scholarship at a private school, where it is first different and the same difficult. Soon she finds new friends and likes it there. #BrigetteLundyPaine", "follow_count": 0, "id": 11535, "is_following": false, "is_join_pending": false, "is_banned": false, "is_moderated": false, "name_readable": "Casey Gardner", "post_count": 2, "source_profile_id": 12503, "source_type": "profile", "image": {"picURL": "https://static1.personality-database.com/profile_images/2bd76dd99fe845fc8263456350433420.png"}, "join_to_post": false, "can_pin": false}, {"description": "", "follow_count": 1, "id": 14877, "is_following": false, "is_join_pending": false, "is_banned": false, "is_moderated": false, "name_readable": "Zahid Raja", "post_count": 2, "source_profile_id": 16187, "source_type": "profile", "image": {"picURL": "https://static1.personality-database.com/profile_images/2f66e21e0d084cb9911a6a1a2cc3ede8.png"}, "join_to_post": false, "can_pin": false}, {"description": "", "follow_count": 0, "id": 141586, "is_following": false, "is_join_pending": false, "is_banned": false, "is_moderated": false, "name_readable": "Christopher", "post_count": 1, "source_profile_id": 184049, "source_type": "profile", "image": {"picURL": "https://static1.personality-database.com/profile_images/723aa33b8295430c82baea80cca5c1d1.png"}, "join_to_post": false, "can_pin": false}, {"description": "", "follow_count": 0, "id": 145326, "is_following": false, "is_join_pending": false, "is_banned": false, "is_moderated": false, "name_readable": "Amber", "post_count": 1, "source_profile_id": 188477, "source_type": "profile", "image": {"picURL": "https://static1.personality-database.com/profile_images/34032ee0d5754e5884f651ce11cbf81b.png"}, "join_to_post": false, "can_pin": false}, {"description": "Izzie Taylor is a student at Casey's new school. A fellow runner, she becomes Casey's best friend, and later on, her girlfriend. Portrayed by #FivelStewart", "follow_count": 0, "id": 55565, "is_following": false, "is_join_pending": false, "is_banned": false, "is_moderated": false, "name_readable": "Izzie Taylor", "post_count": 1, "source_profile_id": 66925, "source_type": "profile", "image": {"picURL": "https://static1.personality-database.com/profile_images/6fb2d3c3727844d5a52f3c1ddf2caf5e.png"}, "join_to_post": false, "can_pin": false}, {"description": "", "follow_count": 0, "id": 271957, "is_following": false, "is_join_pending": false, "is_banned": false, "is_moderated": false, "name_readable": "Sid", "post_count": 1, "source_profile_id": 353365, "source_type": "profile", "image": {"picURL": "https://static1.personality-database.com/profile_images/c602a71aca5445d8bff28d2cb559ef85.png"}, "join_to_post": false, "can_pin": false}, {"description": "", "follow_count": 0, "id": 14876, "is_following": false, "is_join_pending": false, "is_banned": false, "is_moderated": false, "name_readable": "Paige Hardaway", "post_count": 1, "source_profile_id": 16186, "source_type": "profile", "image": {"picURL": "https://static1.personality-database.com/profile_images/11bf94f11e5c40c59b23024ca8f41bc0.png"}, "join_to_post": false, "can_pin": false}, {"description": "Sam Gardner (Keir Gilchrist), is an 18-year-old young man on the autism spectrum, who is obsessed with Antarctica and loves penguins.", "follow_count": 0, "id": 11534, "is_following": false, "is_join_pending": false, "is_banned": false, "is_moderated": false, "name_readable": "Sam Gardner", "post_count": 1, "source_profile_id": 12502, "source_type": "profile", "image": {"picURL": "https://static1.personality-database.com/profile_images/2b1dbe8f46934d9e855ce0be8138d3e1.png"}, "join_to_post": false, "can_pin": false}, {"description": "", "follow_count": 0, "id": 145334, "is_following": false, "is_join_pending": false, "is_banned": false, "is_moderated": false, "name_readable": "Luisa", "post_count": 0, "source_profile_id": 188485, "source_type": "profile", "image": {"picURL": "https://static1.personality-database.com/profile_images/da39aef3e30543779ef4b897a2be58ec.png"}, "join_to_post": false, "can_pin": false}, {"description": "Zahid's neighbor", "follow_count": 0, "id": 283157, "is_following": false, "is_join_pending": false, "is_banned": false, "is_moderated": false, "name_readable": "Honey", "post_count": 0, "source_profile_id": 368191, "source_type": "profile", "image": {"picURL": "https://static1.personality-database.com/profile_images/5d5d440782d34724b2b93d37e2d328c2.png"}, "join_to_post": false, "can_pin": false}, {"description": "", "follow_count": 0, "id": 141587, "is_following": false, "is_join_pending": false, "is_banned": false, "is_moderated": false, "name_readable": "Coach Crowley", "post_count": 0, "source_profile_id": 184050, "source_type": "profile", "image": {"picURL": "https://static1.personality-database.com/profile_images/33e2687799fd4768b5e23318655eaf88.png"}, "join_to_post": false, "can_pin": false}, {"description": "", "follow_count": 0, "id": 142015, "is_following": false, "is_join_pending": false, "is_banned": false, "is_moderated": false, "name_readable": "Megan", "post_count": 0, "source_profile_id": 184570, "source_type": "profile", "image": {"picURL": "https://static1.personality-database.com/profile_images/3db1f39cc72442b893bb62dd350bd124.png"}, "join_to_post": false, "can_pin": false}, {"description": "", "follow_count": 0, "id": 145226, "is_following": false, "is_join_pending": false, "is_banned": false, "is_moderated": false, "name_readable": "Coach Briggs", "post_count": 0, "source_profile_id": 188362, "source_type": "profile", "image": {"picURL": "https://static1.personality-database.com/profile_images/2f672b311bb54c12b745b1a2eaeb4065.png"}, "join_to_post": false, "can_pin": false}, {"description": "", "follow_count": 0, "id": 145324, "is_following": false, "is_join_pending": false, "is_banned": false, "is_moderated": false, "name_readable": "Professor Judd", "post_count": 0, "source_profile_id": 188475, "source_type": "profile", "image": {"picURL": "https://static1.personality-database.com/profile_images/c3567efa5e394ca1b37176219d6b52cc.png"}, "join_to_post": false, "can_pin": false}, {"description": "", "follow_count": 0, "id": 145325, "is_following": false, "is_join_pending": false, "is_banned": false, "is_moderated": false, "name_readable": "Professor Shinerock", "post_count": 0, "source_profile_id": 188476, "source_type": "profile", "image": {"picURL": "https://static1.personality-database.com/profile_images/9627b97d59224b5dbce9af38636c4abf.png"}, "join_to_post": false, "can_pin": false}, {"description": "", "follow_count": 0, "id": 145468, "is_following": false, "is_join_pending": false, "is_banned": false, "is_moderated": false, "name_readable": "Miles", "post_count": 0, "source_profile_id": 188631, "source_type": "profile", "image": {"picURL": "https://static1.personality-database.com/profile_images/66131525ac65478e9912ab718ef6d09b.png"}, "join_to_post": false, "can_pin": false}], "subcategory": "Atypical (2017)", "topic_image_url": "https://static1.personality-database.com/profile_images/2b1dbe8f46934d9e855ce0be8138d3e1.png", "source_location": {"cid": 2, "pid": 2, "sub_cat_id": 1607}, "can_post_image": false, "can_post_audio": false, "posts": {"posts": [{"username": "exso6ism", "user_pic_path": "https://static1.personality-database.com/user_avatars/277002/ce6ada37-8090-4aa8-b6be-30f927de947c_small.jpeg", "user_personality_type": "593", "is_mod": false, "comment_count": 2, "reply_count": 2, "vote_type": 0, "topics_list": [{"id": 11534, "name_readable": "Sam Gardner"}], "id": 1074261, "post_id": 1074261, "user_id": 277002, "title": "", "content": "(deleted)", "create_date": 1659091277000, "unix_timestamp": 1659091277000, "update_date": 1659091277000, "vote_count": 0, "vote_count_down": 0, "is_reported": 0, "is_hidden": true, "is_pinned": false, "is_watching": false, "is_pro_user": false, "images": null, "audios": null, "function_list": [], "type": "post"}, {"username": "Joffre uwu", "user_pic_path": "https://lh3.googleusercontent.com/a-/AFdZucrEHJUekGjyC9BhyHaiv1Ojm0p8j6ELnPm6XjaKJA=s96-c", "user_personality_type": "INFP-4w5-469", "is_mod": false, "comment_count": 4, "reply_count": 4, "vote_type": 0, "topics_list": [{"id": 11534, "name_readable": "Sam Gardner"}], "id": 331768, "post_id": 331768, "user_id": 143241, "title": "", "content": "Do you recommend me this series? I've heard he except for the stimming, it's a total walking stereotype. (I've watched some videos of autistic people giving their opinion)", "create_date": 1644982640000, "unix_timestamp": 1644982640000, "update_date": 1644982640000, "vote_count": 2, "vote_count_down": 0, "is_reported": 0, "is_hidden": false, "is_pinned": false, "is_watching": false, "is_pro_user": false, "images": null, "audios": null, "function_list": [], "type": "post"}]}}}}