{"id": 12503, "mbti_profile": "Casey Gardner", "profile_name_searchable": "caseygardner", "allow_commenting": true, "allow_voting": true, "user_id": 5372, "contributor": "gabriel_", "contributor_create_date": "2018-06-14 23:05:54", "contributor_pic_path": "https://lh3.googleusercontent.com/a-/AOh14GgZoBkEOyOLb7kXdQZvmMFUi69-gsX6vDH2arcu8A=s96-c", "display_order": 995, "edit_lock": 0, "edit_lock_picture": 0, "is_active": true, "is_approved": true, "mbti_enneagram_type": "ESTP 8w9", "mbti_type": "ESTP 8w9", "pdb_comment_access": true, "pdb_page_owner": 0, "pdb_public_access": true, "wiki_description": "Casey Gardner is Sam's younger sister, who also is very protective to him. She is a star track athlete and gets an athletic scholarship at a private school, where it is first different and the same difficult. Soon she finds new friends and likes it there. #BrigetteLundyPaine", "watch_count": 543, "comment_count": 152, "vote_count": 552, "vote_count_enneagram": 294, "vote_count_mbti": 552, "total_vote_counts": 1121, "personality_type": "ESTP - 8w9 - so/sx - 873 - ESE - SLUEN - VFEL - Choleric [Dominant]", "type_updated_date": "2021-05-26 03:52:09", "enneagram_vote": "", "enneagram_vote_id": 0, "mbti_vote": "", "mbti_vote_id": 0, "is_watching": false, "image_exists": false, "profile_image_url": "https://static1.personality-database.com/profile_images/2bd76dd99fe845fc8263456350433420.png", "profile_image_credit": "", "profile_image_credit_id": 303987, "profile_image_credit_type": "0", "profile_image_credit_url": "undefined", "alt_subcategory": "", "related_subcategories": "", "cat_id": 2, "category": "Television", "category_is_fictional": true, "sub_cat_id": 1607, "subcategory": "Atypical (2017)", "subcat_link_info": {"sub_cat_id": 1607, "cat_id": 2, "property_id": 2, "subcategory": "Atypical (2017)"}, "related_subcat_link_info": null, "related_profiles": [{"id": 12502, "mbti_profile": "Sam Gardner", "subcategory": "Atypical (2017)", "profile_image_url": "https://static1.personality-database.com/profile_images/2b1dbe8f46934d9e855ce0be8138d3e1.png", "profile_name": "Sam Gardner", "profile_subcat": "Atypical (2017)", "sub_cat_id": 1607, "cat_id": 2, "property_id": 2, "mbti": "ISTJ", "enneatype": "5w6"}, {"id": 66925, "mbti_profile": "Izzie Taylor", "subcategory": "Atypical (2017)", "profile_image_url": "https://static1.personality-database.com/profile_images/6fb2d3c3727844d5a52f3c1ddf2caf5e.png", "profile_name": "Izzie Taylor", "profile_subcat": "Atypical (2017)", "sub_cat_id": 1607, "cat_id": 2, "property_id": 2, "mbti": "ESFP", "enneatype": "3w2"}, {"id": 16186, "mbti_profile": "Paige Hardaway", "subcategory": "Atypical (2017)", "profile_image_url": "https://static1.personality-database.com/profile_images/11bf94f11e5c40c59b23024ca8f41bc0.png", "profile_name": "Paige Hardaway", "profile_subcat": "Atypical (2017)", "sub_cat_id": 1607, "cat_id": 2, "property_id": 2, "mbti": "ESTJ", "enneatype": "1w2"}, {"id": 16187, "mbti_profile": "Zahid Raja", "subcategory": "Atypical (2017)", "profile_image_url": "https://static1.personality-database.com/profile_images/2f66e21e0d084cb9911a6a1a2cc3ede8.png", "profile_name": "Zahid Raja", "profile_subcat": "Atypical (2017)", "sub_cat_id": 1607, "cat_id": 2, "property_id": 2, "mbti": "ENTP", "enneatype": "7w6"}, {"id": 12504, "mbti_profile": "Elsa Gardner", "subcategory": "Atypical (2017)", "profile_image_url": "https://static1.personality-database.com/profile_images/b84efe980d80433596629a20dfa4afb8.png", "profile_name": "Elsa Gardner", "profile_subcat": "Atypical (2017)", "sub_cat_id": 1607, "cat_id": 2, "property_id": 2, "mbti": "ESFJ", "enneatype": "2w3"}, {"id": 62960, "mbti_profile": "Evan Chapin", "subcategory": "Atypical (2017)", "profile_image_url": "https://static1.personality-database.com/profile_images/8d3b3e579af34d188af65012f136a70c.png", "profile_name": "Evan Chapin", "profile_subcat": "Atypical (2017)", "sub_cat_id": 1607, "cat_id": 2, "property_id": 2, "mbti": "ISFP", "enneatype": "9w1"}, {"id": 36713, "mbti_profile": "Doug Gardner", "subcategory": "Atypical (2017)", "profile_image_url": "https://static1.personality-database.com/profile_images/11d027310c044cccaf7d8e1484df08c9.png", "profile_name": "Doug Gardner", "profile_subcat": "Atypical (2017)", "sub_cat_id": 1607, "cat_id": 2, "property_id": 2, "mbti": "ISTP", "enneatype": "9w8"}, {"id": 353365, "mbti_profile": "Sid", "subcategory": "Atypical (2017)", "profile_image_url": "https://static1.personality-database.com/profile_images/c602a71aca5445d8bff28d2cb559ef85.png", "profile_name": "Sid", "profile_subcat": "Atypical (2017)", "sub_cat_id": 1607, "cat_id": 2, "property_id": 2, "mbti": "ENTJ", "enneatype": "3w2"}], "functions": ["Se", "Ti", "Fe", "Ni"], "systems": [{"hex_color": "#888888", "id": 1, "personality_type": "XXXX", "personality_type_id": 0, "system_name": "Four Letter", "system_vote_count": 545, "user_vote_type_id": 0, "vote_id": 0}, {"hex_color": "#006775", "id": 2, "personality_type": "XXXX", "personality_type_id": 0, "system_name": "Enneagram", "system_vote_count": 287, "user_vote_type_id": 0, "vote_id": 0}, {"hex_color": "#006775", "id": 5, "personality_type": "XXXX", "personality_type_id": 0, "system_name": "Instinctual Variant", "system_vote_count": 60, "user_vote_type_id": 0, "vote_id": 0}, {"hex_color": "#006775", "id": 6, "personality_type": "XXXX", "personality_type_id": 0, "system_name": "Tritype", "system_vote_count": 71, "user_vote_type_id": 0, "vote_id": 0}, {"hex_color": "#888888", "id": 3, "personality_type": "XXXX", "personality_type_id": 0, "system_name": "Socionics", "system_vote_count": 24, "user_vote_type_id": 0, "vote_id": 0}, {"hex_color": "#888888", "id": 9, "personality_type": "XXXX", "personality_type_id": 0, "system_name": "Big 5 (SLOAN)", "system_vote_count": 32, "user_vote_type_id": 0, "vote_id": 0}, {"hex_color": "#888888", "id": 8, "personality_type": "XXXX", "personality_type_id": 0, "system_name": "Attitudinal Psyche", "system_vote_count": 13, "user_vote_type_id": 0, "vote_id": 0}, {"hex_color": "#888888", "id": 7, "personality_type": "XXXX", "personality_type_id": 0, "system_name": "Temperaments", "system_vote_count": 75, "user_vote_type_id": 0, "vote_id": 0}, {"hex_color": "#888888", "id": 11, "personality_type": "XXXX", "personality_type_id": 0, "system_name": "Classic Jungian", "system_vote_count": 2, "user_vote_type_id": 0, "vote_id": 0}], "breakdown_systems": {"1": [{"myValue": "ESTP", "personality_system_id": 1, "personality_type": "ESTP", "theCount": 460}, {"myValue": "ISTP", "personality_system_id": 1, "personality_type": "ISTP", "theCount": 39}, {"myValue": "ENTP", "personality_system_id": 1, "personality_type": "ENTP", "theCount": 20}, {"myValue": "ESFP", "personality_system_id": 1, "personality_type": "ESFP", "theCount": 12}, {"myValue": "ENFP", "personality_system_id": 1, "personality_type": "ENFP", "theCount": 6}, {"myValue": "ISFP", "personality_system_id": 1, "personality_type": "ISFP", "theCount": 4}, {"myValue": "ESTJ", "personality_system_id": 1, "personality_type": "ESTJ", "theCount": 1}, {"myValue": "INFP", "personality_system_id": 1, "personality_type": "INFP", "theCount": 1}, {"myValue": "INTJ", "personality_system_id": 1, "personality_type": "INTJ", "theCount": 1}, {"myValue": "ISTJ", "personality_system_id": 1, "personality_type": "ISTJ", "theCount": 1}], "11": [{"myValue": "ES(T)", "personality_system_id": 11, "personality_type": "ES(T)", "theCount": 1}, {"myValue": "IT(S)", "personality_system_id": 11, "personality_type": "IT(S)", "theCount": 1}], "2": [{"myValue": "8w9", "personality_system_id": 2, "personality_type": "8w9", "theCount": 195}, {"myValue": "7w8", "personality_system_id": 2, "personality_type": "7w8", "theCount": 60}, {"myValue": "8w7", "personality_system_id": 2, "personality_type": "8w7", "theCount": 16}, {"myValue": "7w6", "personality_system_id": 2, "personality_type": "7w6", "theCount": 7}, {"myValue": "4w3", "personality_system_id": 2, "personality_type": "4w3", "theCount": 3}, {"myValue": "6w7", "personality_system_id": 2, "personality_type": "6w7", "theCount": 3}, {"myValue": "9w8", "personality_system_id": 2, "personality_type": "9w8", "theCount": 2}, {"myValue": "3w2", "personality_system_id": 2, "personality_type": "3w2", "theCount": 1}], "3": [{"myValue": "ESE", "personality_system_id": 3, "personality_type": "ESE", "theCount": 11}, {"myValue": "SLE", "personality_system_id": 3, "personality_type": "SLE", "theCount": 8}, {"myValue": "ILE", "personality_system_id": 3, "personality_type": "ILE", "theCount": 2}, {"myValue": "SEE", "personality_system_id": 3, "personality_type": "SEE", "theCount": 2}, {"myValue": "ESI", "personality_system_id": 3, "personality_type": "ESI", "theCount": 1}], "4": [{"myValue": "Chaotic Good", "personality_system_id": 4, "personality_type": "Chaotic Good", "theCount": 7}, {"myValue": "Chaotic Neutral", "personality_system_id": 4, "personality_type": "Chaotic Neutral", "theCount": 4}, {"myValue": "True Neutral", "personality_system_id": 4, "personality_type": "True Neutral", "theCount": 1}], "5": [{"myValue": "so/sx", "personality_system_id": 5, "personality_type": "so/sx", "theCount": 47}, {"myValue": "sp/so", "personality_system_id": 5, "personality_type": "sp/so", "theCount": 4}, {"myValue": "sp/sx", "personality_system_id": 5, "personality_type": "sp/sx", "theCount": 4}, {"myValue": "so/sp", "personality_system_id": 5, "personality_type": "so/sp", "theCount": 2}, {"myValue": "sx/so", "personality_system_id": 5, "personality_type": "sx/so", "theCount": 2}, {"myValue": "sx/sp", "personality_system_id": 5, "personality_type": "sx/sp", "theCount": 1}], "6": [{"myValue": "873", "personality_system_id": 6, "personality_type": "873", "theCount": 47}, {"myValue": "872", "personality_system_id": 6, "personality_type": "872", "theCount": 9}, {"myValue": "783", "personality_system_id": 6, "personality_type": "783", "theCount": 7}, {"myValue": "837", "personality_system_id": 6, "personality_type": "837", "theCount": 2}, {"myValue": "126", "personality_system_id": 6, "personality_type": "126", "theCount": 1}, {"myValue": "478", "personality_system_id": 6, "personality_type": "478", "theCount": 1}, {"myValue": "782", "personality_system_id": 6, "personality_type": "782", "theCount": 1}, {"myValue": "827", "personality_system_id": 6, "personality_type": "827", "theCount": 1}, {"myValue": "853", "personality_system_id": 6, "personality_type": "853", "theCount": 1}, {"myValue": "874", "personality_system_id": 6, "personality_type": "874", "theCount": 1}], "7": [{"myValue": "Choleric [Dominant]", "personality_system_id": 7, "personality_type": "Choleric [Dominant]", "theCount": 49}, {"myValue": "Choleric-Sanguine", "personality_system_id": 7, "personality_type": "Choleric-Sanguine", "theCount": 18}, {"myValue": "Choleric-Phlegmatic", "personality_system_id": 7, "personality_type": "Choleric-Phlegmatic", "theCount": 6}, {"myValue": "Choleric-Melancholic", "personality_system_id": 7, "personality_type": "Choleric-Melancholic", "theCount": 1}, {"myValue": "Melancholic [Dominant]", "personality_system_id": 7, "personality_type": "Melancholic [Dominant]", "theCount": 1}], "8": [{"myValue": "VFEL", "personality_system_id": 8, "personality_type": "VFEL", "theCount": 8}, {"myValue": "EFVL", "personality_system_id": 8, "personality_type": "EFVL", "theCount": 2}, {"myValue": "EVLF", "personality_system_id": 8, "personality_type": "EVLF", "theCount": 1}, {"myValue": "FLEV", "personality_system_id": 8, "personality_type": "FLEV", "theCount": 1}, {"myValue": "VEFL", "personality_system_id": 8, "personality_type": "VEFL", "theCount": 1}], "9": [{"myValue": "SLUEN", "personality_system_id": 9, "personality_type": "SLUEN", "theCount": 22}, {"myValue": "SCUEN", "personality_system_id": 9, "personality_type": "SCUEN", "theCount": 6}, {"myValue": "RLOAN", "personality_system_id": 9, "personality_type": "RLOAN", "theCount": 1}, {"myValue": "SCUEI", "personality_system_id": 9, "personality_type": "SCUEI", "theCount": 1}, {"myValue": "SLOEN", "personality_system_id": 9, "personality_type": "SLOEN", "theCount": 1}, {"myValue": "SLUAN", "personality_system_id": 9, "personality_type": "SLUAN", "theCount": 1}]}, "breakdown_config": {"expand": {"1": 3, "11": 1, "2": 3, "3": 2, "4": 1, "5": 1, "6": 1, "7": 1, "8": 1, "9": 1}, "fire": {"1": 0, "11": 0, "2": 0, "3": 1, "4": 0, "5": 0, "6": 0, "7": 0, "8": 0, "9": 0}}, "mbti_letter_stats": [{"type": "E", "percentage": "92%", "PercentageFloat": 0.9155963302752294}, {"type": "S", "percentage": "95%", "PercentageFloat": 0.9486238532110092}, {"type": "T", "percentage": "96%", "PercentageFloat": 0.9577981651376147}, {"type": "P", "percentage": "99%", "PercentageFloat": 0.9944954128440368}], "topic_info": {"can_generate": false, "topic": {"description": "Casey Gardner is Sam's younger sister, who also is very protective to him. She is a star track athlete and gets an athletic scholarship at a private school, where it is first different and the same difficult. Soon she finds new friends and likes it there. #BrigetteLundyPaine", "follow_count": 0, "id": 11535, "is_following": false, "is_join_pending": false, "is_banned": false, "is_moderated": false, "name_readable": "Casey Gardner", "post_count": 2, "source_profile_id": 12503, "source_type": "profile", "join_to_post": false, "can_pin": false, "related_topics": [{"description": "Casey Gardner is Sam's younger sister, who also is very protective to him. She is a star track athlete and gets an athletic scholarship at a private school, where it is first different and the same difficult. Soon she finds new friends and likes it there. #BrigetteLundyPaine", "follow_count": 0, "id": 11535, "is_following": false, "is_join_pending": false, "is_banned": false, "is_moderated": false, "name_readable": "Casey Gardner", "post_count": 2, "source_profile_id": 12503, "source_type": "profile", "image": {"picURL": "https://static1.personality-database.com/profile_images/2bd76dd99fe845fc8263456350433420.png"}, "join_to_post": false, "can_pin": false}, {"description": "", "follow_count": 1, "id": 14877, "is_following": false, "is_join_pending": false, "is_banned": false, "is_moderated": false, "name_readable": "Zahid Raja", "post_count": 2, "source_profile_id": 16187, "source_type": "profile", "image": {"picURL": "https://static1.personality-database.com/profile_images/2f66e21e0d084cb9911a6a1a2cc3ede8.png"}, "join_to_post": false, "can_pin": false}, {"description": "", "follow_count": 0, "id": 141586, "is_following": false, "is_join_pending": false, "is_banned": false, "is_moderated": false, "name_readable": "Christopher", "post_count": 1, "source_profile_id": 184049, "source_type": "profile", "image": {"picURL": "https://static1.personality-database.com/profile_images/723aa33b8295430c82baea80cca5c1d1.png"}, "join_to_post": false, "can_pin": false}, {"description": "", "follow_count": 0, "id": 145326, "is_following": false, "is_join_pending": false, "is_banned": false, "is_moderated": false, "name_readable": "Amber", "post_count": 1, "source_profile_id": 188477, "source_type": "profile", "image": {"picURL": "https://static1.personality-database.com/profile_images/34032ee0d5754e5884f651ce11cbf81b.png"}, "join_to_post": false, "can_pin": false}, {"description": "Izzie Taylor is a student at Casey's new school. A fellow runner, she becomes Casey's best friend, and later on, her girlfriend. Portrayed by #FivelStewart", "follow_count": 0, "id": 55565, "is_following": false, "is_join_pending": false, "is_banned": false, "is_moderated": false, "name_readable": "Izzie Taylor", "post_count": 1, "source_profile_id": 66925, "source_type": "profile", "image": {"picURL": "https://static1.personality-database.com/profile_images/6fb2d3c3727844d5a52f3c1ddf2caf5e.png"}, "join_to_post": false, "can_pin": false}, {"description": "", "follow_count": 0, "id": 271957, "is_following": false, "is_join_pending": false, "is_banned": false, "is_moderated": false, "name_readable": "Sid", "post_count": 1, "source_profile_id": 353365, "source_type": "profile", "image": {"picURL": "https://static1.personality-database.com/profile_images/c602a71aca5445d8bff28d2cb559ef85.png"}, "join_to_post": false, "can_pin": false}, {"description": "", "follow_count": 0, "id": 14876, "is_following": false, "is_join_pending": false, "is_banned": false, "is_moderated": false, "name_readable": "Paige Hardaway", "post_count": 1, "source_profile_id": 16186, "source_type": "profile", "image": {"picURL": "https://static1.personality-database.com/profile_images/11bf94f11e5c40c59b23024ca8f41bc0.png"}, "join_to_post": false, "can_pin": false}, {"description": "Sam Gardner (Keir Gilchrist), is an 18-year-old young man on the autism spectrum, who is obsessed with Antarctica and loves penguins.", "follow_count": 0, "id": 11534, "is_following": false, "is_join_pending": false, "is_banned": false, "is_moderated": false, "name_readable": "Sam Gardner", "post_count": 1, "source_profile_id": 12502, "source_type": "profile", "image": {"picURL": "https://static1.personality-database.com/profile_images/2b1dbe8f46934d9e855ce0be8138d3e1.png"}, "join_to_post": false, "can_pin": false}, {"description": "", "follow_count": 0, "id": 145334, "is_following": false, "is_join_pending": false, "is_banned": false, "is_moderated": false, "name_readable": "Luisa", "post_count": 0, "source_profile_id": 188485, "source_type": "profile", "image": {"picURL": "https://static1.personality-database.com/profile_images/da39aef3e30543779ef4b897a2be58ec.png"}, "join_to_post": false, "can_pin": false}, {"description": "Zahid's neighbor", "follow_count": 0, "id": 283157, "is_following": false, "is_join_pending": false, "is_banned": false, "is_moderated": false, "name_readable": "Honey", "post_count": 0, "source_profile_id": 368191, "source_type": "profile", "image": {"picURL": "https://static1.personality-database.com/profile_images/5d5d440782d34724b2b93d37e2d328c2.png"}, "join_to_post": false, "can_pin": false}, {"description": "", "follow_count": 0, "id": 141587, "is_following": false, "is_join_pending": false, "is_banned": false, "is_moderated": false, "name_readable": "Coach Crowley", "post_count": 0, "source_profile_id": 184050, "source_type": "profile", "image": {"picURL": "https://static1.personality-database.com/profile_images/33e2687799fd4768b5e23318655eaf88.png"}, "join_to_post": false, "can_pin": false}, {"description": "", "follow_count": 0, "id": 142015, "is_following": false, "is_join_pending": false, "is_banned": false, "is_moderated": false, "name_readable": "Megan", "post_count": 0, "source_profile_id": 184570, "source_type": "profile", "image": {"picURL": "https://static1.personality-database.com/profile_images/3db1f39cc72442b893bb62dd350bd124.png"}, "join_to_post": false, "can_pin": false}, {"description": "", "follow_count": 0, "id": 145226, "is_following": false, "is_join_pending": false, "is_banned": false, "is_moderated": false, "name_readable": "Coach Briggs", "post_count": 0, "source_profile_id": 188362, "source_type": "profile", "image": {"picURL": "https://static1.personality-database.com/profile_images/2f672b311bb54c12b745b1a2eaeb4065.png"}, "join_to_post": false, "can_pin": false}, {"description": "", "follow_count": 0, "id": 145324, "is_following": false, "is_join_pending": false, "is_banned": false, "is_moderated": false, "name_readable": "Professor Judd", "post_count": 0, "source_profile_id": 188475, "source_type": "profile", "image": {"picURL": "https://static1.personality-database.com/profile_images/c3567efa5e394ca1b37176219d6b52cc.png"}, "join_to_post": false, "can_pin": false}, {"description": "", "follow_count": 0, "id": 145325, "is_following": false, "is_join_pending": false, "is_banned": false, "is_moderated": false, "name_readable": "Professor Shinerock", "post_count": 0, "source_profile_id": 188476, "source_type": "profile", "image": {"picURL": "https://static1.personality-database.com/profile_images/9627b97d59224b5dbce9af38636c4abf.png"}, "join_to_post": false, "can_pin": false}, {"description": "", "follow_count": 0, "id": 145468, "is_following": false, "is_join_pending": false, "is_banned": false, "is_moderated": false, "name_readable": "Miles", "post_count": 0, "source_profile_id": 188631, "source_type": "profile", "image": {"picURL": "https://static1.personality-database.com/profile_images/66131525ac65478e9912ab718ef6d09b.png"}, "join_to_post": false, "can_pin": false}], "subcategory": "Atypical (2017)", "topic_image_url": "https://static1.personality-database.com/profile_images/2bd76dd99fe845fc8263456350433420.png", "source_location": {"cid": 2, "pid": 2, "sub_cat_id": 1607}, "can_post_image": false, "can_post_audio": false, "posts": {"posts": [{"username": "serialtyper", "user_pic_path": "https://static1.personality-database.com/user_avatars/564820/dcbf2ee9-a205-4ff6-922d-a8232e6bfc57_small.jpeg", "user_personality_type": "ESTJ-1w2-136", "is_mod": false, "comment_count": 0, "reply_count": 0, "vote_type": 0, "topics_list": [{"id": 11535, "name_readable": "Casey Gardner"}], "id": 1430623, "post_id": 1430623, "user_id": 564820, "title": "", "content": "why 873? I'd thought 872", "create_date": 1664547075000, "unix_timestamp": 1664547075000, "update_date": 1664547075000, "vote_count": 3, "vote_count_down": 0, "is_reported": 0, "is_hidden": false, "is_pinned": false, "is_watching": false, "is_pro_user": false, "images": null, "audios": null, "function_list": [], "type": "post"}, {"username": "crissss_", "user_pic_path": "https://lh3.googleusercontent.com/a-/AOh14Gif9IT-60d5t1ON7Qiq6BO7Inv2yb5SCW-YmtoVzg=s96-c", "user_personality_type": "ESTP-8w7-837", "is_mod": false, "comment_count": 0, "reply_count": 0, "vote_type": 0, "topics_list": [{"id": 11535, "name_readable": "Casey Gardner"}], "id": 401169, "post_id": 401169, "user_id": 541661, "title": "", "content": "ISTP e o meu pau \u3164 \u3164     \u3164 \u3164", "create_date": 1646413523000, "unix_timestamp": 1646413523000, "update_date": 1646413523000, "vote_count": 2, "vote_count_down": 0, "is_reported": 1, "is_hidden": false, "is_pinned": false, "is_watching": false, "is_pro_user": false, "images": null, "audios": null, "function_list": [], "type": "post"}]}}}}