{"id": 348341, "mbti_profile": "Uguisu Anko", "profile_name_searchable": "uguisuanko", "allow_commenting": true, "allow_voting": true, "user_id": 22188, "contributor": "witchlys", "contributor_create_date": "2021-07-01 00:01:18", "contributor_pic_path": "https://lh3.googleusercontent.com/a-/AOh14Ghq7a-qErzPNzXd3HqgaTQDfwXARkSUa8WhzfAd9Q=s96-c", "display_order": 0, "edit_lock": 0, "edit_lock_picture": 0, "is_active": true, "is_approved": true, "mbti_enneagram_type": "INTP 6w5", "mbti_type": "INTP 6w5", "pdb_comment_access": true, "pdb_page_owner": 0, "pdb_public_access": true, "wiki_description": "", "watch_count": 2281, "comment_count": 172, "vote_count": 764, "vote_count_enneagram": 192, "vote_count_mbti": 764, "total_vote_counts": 1166, "personality_type": "INTP - 6w5 - sx/sp - 594 - ILI - RCOEI - LVEF - Phlegmatic [Dominant] - IT(N)", "type_updated_date": "2022-11-15 21:26:07", "enneagram_vote": "", "enneagram_vote_id": 0, "mbti_vote": "", "mbti_vote_id": 0, "is_watching": false, "image_exists": false, "profile_image_url": "https://static1.personality-database.com/profile_images/ed0ea042e4a242b283148c4fc351030a.png", "profile_image_credit": "", "profile_image_credit_id": 451827, "profile_image_credit_type": "0", "profile_image_credit_url": "", "alt_subcategory": "Call of the Night", "related_subcategories": "", "cat_id": 8, "category": "Anime & Manga", "category_is_fictional": true, "sub_cat_id": 16109, "subcategory": "Yofukashi no Uta", "subcat_link_info": {"sub_cat_id": 16109, "cat_id": 8, "property_id": 2, "subcategory": "Yofukashi no Uta"}, "related_subcat_link_info": null, "related_profiles": [{"id": 255283, "mbti_profile": "Nazuna Nanakusa", "subcategory": "Yofukashi no Uta", "profile_image_url": "https://static1.personality-database.com/profile_images/7869718e7902436794cbf6268e19f3e1.png", "profile_name": "Nazuna Nanakusa", "profile_subcat": "Yofukashi no Uta", "sub_cat_id": 16109, "cat_id": 8, "property_id": 2, "mbti": "ENTP", "enneatype": "7w8"}, {"id": 255284, "mbti_profile": "Kou Yamori", "subcategory": "Yofukashi no Uta", "profile_image_url": "https://static1.personality-database.com/profile_images/1d4086592d31472a89e3824b317faf92.png", "profile_name": "Kou Yamori", "profile_subcat": "Yofukashi no Uta", "sub_cat_id": 16109, "cat_id": 8, "property_id": 2, "mbti": "INFJ", "enneatype": "4w5"}, {"id": 284544, "mbti_profile": "Akira Asai", "subcategory": "Yofukashi no Uta", "profile_image_url": "https://static1.personality-database.com/profile_images/63bcc235691f4d35880774880d0da262.png", "profile_name": "Akira Asai", "profile_subcat": "Yofukashi no Uta", "sub_cat_id": 16109, "cat_id": 8, "property_id": 2, "mbti": "ISTJ", "enneatype": "9w8"}, {"id": 266889, "mbti_profile": "Seri Kikyou", "subcategory": "Yofukashi no Uta", "profile_image_url": "https://static1.personality-database.com/profile_images/e74e72ed0e1443f6a97a1ebe7af2c2f0.png", "profile_name": "Seri Kikyou", "profile_subcat": "Yofukashi no Uta", "sub_cat_id": 16109, "cat_id": 8, "property_id": 2, "mbti": "ESTP", "enneatype": "3w4"}, {"id": 531775, "mbti_profile": "Kiyosumi Shirakawa", "subcategory": "Yofukashi no Uta", "profile_image_url": "https://static1.personality-database.com/profile_images/732915e3f7504e5584c463fcebfd7259.png", "profile_name": "Kiyosumi Shirakawa", "profile_subcat": "Yofukashi no Uta", "sub_cat_id": 16109, "cat_id": 8, "property_id": 2, "mbti": "ISTJ", "enneatype": "4w5"}, {"id": 266892, "mbti_profile": "Midori Kohakobe", "subcategory": "Yofukashi no Uta", "profile_image_url": "https://static1.personality-database.com/profile_images/ac7cb6425b894f06949c42e065bb89a4.png", "profile_name": "Midori Kohakobe", "profile_subcat": "Yofukashi no Uta", "sub_cat_id": 16109, "cat_id": 8, "property_id": 2, "mbti": "ENFP", "enneatype": "7w8"}, {"id": 531777, "mbti_profile": "Susuki", "subcategory": "Yofukashi no Uta", "profile_image_url": "https://static1.personality-database.com/profile_images/d887ff95ac004cdc8a71fb15f32ea8c8.png", "profile_name": "Susuki", "profile_subcat": "Yofukashi no Uta", "sub_cat_id": 16109, "cat_id": 8, "property_id": 2, "mbti": "INTP", "enneatype": "1w9"}, {"id": 531772, "mbti_profile": "Kei Yamori", "subcategory": "Yofukashi no Uta", "profile_image_url": "", "profile_name": "Kei Yamori", "profile_subcat": "Yofukashi no Uta", "sub_cat_id": 16109, "cat_id": 8, "property_id": 2, "mbti": "ENFP", "enneatype": ""}], "functions": ["Ti", "Ne", "Si", "Fe"], "systems": [{"hex_color": "#888888", "id": 1, "personality_type": "XXXX", "personality_type_id": 0, "system_name": "Four Letter", "system_vote_count": 676, "user_vote_type_id": 0, "vote_id": 0}, {"hex_color": "#006775", "id": 2, "personality_type": "XXXX", "personality_type_id": 0, "system_name": "Enneagram", "system_vote_count": 185, "user_vote_type_id": 0, "vote_id": 0}, {"hex_color": "#006775", "id": 5, "personality_type": "XXXX", "personality_type_id": 0, "system_name": "Instinctual Variant", "system_vote_count": 64, "user_vote_type_id": 0, "vote_id": 0}, {"hex_color": "#006775", "id": 6, "personality_type": "XXXX", "personality_type_id": 0, "system_name": "Tritype", "system_vote_count": 60, "user_vote_type_id": 0, "vote_id": 0}, {"hex_color": "#888888", "id": 3, "personality_type": "XXXX", "personality_type_id": 0, "system_name": "Socionics", "system_vote_count": 43, "user_vote_type_id": 0, "vote_id": 0}, {"hex_color": "#888888", "id": 9, "personality_type": "XXXX", "personality_type_id": 0, "system_name": "Big 5 (SLOAN)", "system_vote_count": 28, "user_vote_type_id": 0, "vote_id": 0}, {"hex_color": "#888888", "id": 8, "personality_type": "XXXX", "personality_type_id": 0, "system_name": "Attitudinal Psyche", "system_vote_count": 28, "user_vote_type_id": 0, "vote_id": 0}, {"hex_color": "#888888", "id": 7, "personality_type": "XXXX", "personality_type_id": 0, "system_name": "Temperaments", "system_vote_count": 59, "user_vote_type_id": 0, "vote_id": 0}, {"hex_color": "#888888", "id": 11, "personality_type": "XXXX", "personality_type_id": 0, "system_name": "Classic Jungian", "system_vote_count": 23, "user_vote_type_id": 0, "vote_id": 0}], "breakdown_systems": {"1": [{"myValue": "INTP", "personality_system_id": 1, "personality_type": "INTP", "theCount": 386}, {"myValue": "INTJ", "personality_system_id": 1, "personality_type": "INTJ", "theCount": 247}, {"myValue": "ISTJ", "personality_system_id": 1, "personality_type": "ISTJ", "theCount": 29}, {"myValue": "ENTP", "personality_system_id": 1, "personality_type": "ENTP", "theCount": 7}, {"myValue": "ISTP", "personality_system_id": 1, "personality_type": "ISTP", "theCount": 3}, {"myValue": "ENTJ", "personality_system_id": 1, "personality_type": "ENTJ", "theCount": 1}, {"myValue": "ESFP", "personality_system_id": 1, "personality_type": "ESFP", "theCount": 1}, {"myValue": "ESTP", "personality_system_id": 1, "personality_type": "ESTP", "theCount": 1}, {"myValue": "INFJ", "personality_system_id": 1, "personality_type": "INFJ", "theCount": 1}], "11": [{"myValue": "IT(N)", "personality_system_id": 11, "personality_type": "IT(N)", "theCount": 17}, {"myValue": "IN(T)", "personality_system_id": 11, "personality_type": "IN(T)", "theCount": 2}, {"myValue": "IS(T)", "personality_system_id": 11, "personality_type": "IS(T)", "theCount": 2}, {"myValue": "EN(T)", "personality_system_id": 11, "personality_type": "EN(T)", "theCount": 1}, {"myValue": "IT(S)", "personality_system_id": 11, "personality_type": "IT(S)", "theCount": 1}], "2": [{"myValue": "6w5", "personality_system_id": 2, "personality_type": "6w5", "theCount": 92}, {"myValue": "5w6", "personality_system_id": 2, "personality_type": "5w6", "theCount": 57}, {"myValue": "5w4", "personality_system_id": 2, "personality_type": "5w4", "theCount": 23}, {"myValue": "7w8", "personality_system_id": 2, "personality_type": "7w8", "theCount": 4}, {"myValue": "4w3", "personality_system_id": 2, "personality_type": "4w3", "theCount": 2}, {"myValue": "1w9", "personality_system_id": 2, "personality_type": "1w9", "theCount": 1}, {"myValue": "3w2", "personality_system_id": 2, "personality_type": "3w2", "theCount": 1}, {"myValue": "3w4", "personality_system_id": 2, "personality_type": "3w4", "theCount": 1}, {"myValue": "4w5", "personality_system_id": 2, "personality_type": "4w5", "theCount": 1}, {"myValue": "6w7", "personality_system_id": 2, "personality_type": "6w7", "theCount": 1}, {"myValue": "8w7", "personality_system_id": 2, "personality_type": "8w7", "theCount": 1}, {"myValue": "9w1", "personality_system_id": 2, "personality_type": "9w1", "theCount": 1}], "3": [{"myValue": "ILI", "personality_system_id": 3, "personality_type": "ILI", "theCount": 19}, {"myValue": "LII", "personality_system_id": 3, "personality_type": "LII", "theCount": 9}, {"myValue": "ILE", "personality_system_id": 3, "personality_type": "ILE", "theCount": 4}, {"myValue": "SEI", "personality_system_id": 3, "personality_type": "SEI", "theCount": 4}, {"myValue": "LSI", "personality_system_id": 3, "personality_type": "LSI", "theCount": 2}, {"myValue": "EIE", "personality_system_id": 3, "personality_type": "EIE", "theCount": 1}, {"myValue": "ESI", "personality_system_id": 3, "personality_type": "ESI", "theCount": 1}, {"myValue": "IEE", "personality_system_id": 3, "personality_type": "IEE", "theCount": 1}, {"myValue": "SEE", "personality_system_id": 3, "personality_type": "SEE", "theCount": 1}, {"myValue": "SLI", "personality_system_id": 3, "personality_type": "SLI", "theCount": 1}], "5": [{"myValue": "sx/sp", "personality_system_id": 5, "personality_type": "sx/sp", "theCount": 39}, {"myValue": "so/sp", "personality_system_id": 5, "personality_type": "so/sp", "theCount": 11}, {"myValue": "sp/sx", "personality_system_id": 5, "personality_type": "sp/sx", "theCount": 6}, {"myValue": "so/sx", "personality_system_id": 5, "personality_type": "so/sx", "theCount": 3}, {"myValue": "sx/so", "personality_system_id": 5, "personality_type": "sx/so", "theCount": 3}, {"myValue": "sp/so", "personality_system_id": 5, "personality_type": "sp/so", "theCount": 2}], "6": [{"myValue": "594", "personality_system_id": 6, "personality_type": "594", "theCount": 24}, {"myValue": "694", "personality_system_id": 6, "personality_type": "694", "theCount": 14}, {"myValue": "125", "personality_system_id": 6, "personality_type": "125", "theCount": 3}, {"myValue": "136", "personality_system_id": 6, "personality_type": "136", "theCount": 2}, {"myValue": "631", "personality_system_id": 6, "personality_type": "631", "theCount": 2}, {"myValue": "127", "personality_system_id": 6, "personality_type": "127", "theCount": 1}, {"myValue": "135", "personality_system_id": 6, "personality_type": "135", "theCount": 1}, {"myValue": "137", "personality_system_id": 6, "personality_type": "137", "theCount": 1}, {"myValue": "146", "personality_system_id": 6, "personality_type": "146", "theCount": 1}, {"myValue": "359", "personality_system_id": 6, "personality_type": "359", "theCount": 1}, {"myValue": "459", "personality_system_id": 6, "personality_type": "459", "theCount": 1}, {"myValue": "495", "personality_system_id": 6, "personality_type": "495", "theCount": 1}, {"myValue": "531", "personality_system_id": 6, "personality_type": "531", "theCount": 1}, {"myValue": "541", "personality_system_id": 6, "personality_type": "541", "theCount": 1}, {"myValue": "548", "personality_system_id": 6, "personality_type": "548", "theCount": 1}, {"myValue": "549", "personality_system_id": 6, "personality_type": "549", "theCount": 1}, {"myValue": "584", "personality_system_id": 6, "personality_type": "584", "theCount": 1}, {"myValue": "649", "personality_system_id": 6, "personality_type": "649", "theCount": 1}, {"myValue": "853", "personality_system_id": 6, "personality_type": "853", "theCount": 1}, {"myValue": "963", "personality_system_id": 6, "personality_type": "963", "theCount": 1}], "7": [{"myValue": "Phlegmatic [Dominant]", "personality_system_id": 7, "personality_type": "Phlegmatic [Dominant]", "theCount": 27}, {"myValue": "Phlegmatic-Melancholic", "personality_system_id": 7, "personality_type": "Phlegmatic-Melancholic", "theCount": 18}, {"myValue": "Phlegmatic-Choleric", "personality_system_id": 7, "personality_type": "Phlegmatic-Choleric", "theCount": 4}, {"myValue": "Melancholic-Phlegmatic", "personality_system_id": 7, "personality_type": "Melancholic-Phlegmatic", "theCount": 3}, {"myValue": "Choleric [Dominant]", "personality_system_id": 7, "personality_type": "Choleric [Dominant]", "theCount": 2}, {"myValue": "Melancholic [Dominant]", "personality_system_id": 7, "personality_type": "Melancholic [Dominant]", "theCount": 2}, {"myValue": "Phlegmatic-Sanguine", "personality_system_id": 7, "personality_type": "Phlegmatic-Sanguine", "theCount": 2}, {"myValue": "Melancholic-Sanguine", "personality_system_id": 7, "personality_type": "Melancholic-Sanguine", "theCount": 1}], "8": [{"myValue": "LVEF", "personality_system_id": 8, "personality_type": "LVEF", "theCount": 17}, {"myValue": "FLEV", "personality_system_id": 8, "personality_type": "FLEV", "theCount": 2}, {"myValue": "LFVE", "personality_system_id": 8, "personality_type": "LFVE", "theCount": 2}, {"myValue": "LVFE", "personality_system_id": 8, "personality_type": "LVFE", "theCount": 2}, {"myValue": "EFLV", "personality_system_id": 8, "personality_type": "EFLV", "theCount": 1}, {"myValue": "FLVE", "personality_system_id": 8, "personality_type": "FLVE", "theCount": 1}, {"myValue": "VELF", "personality_system_id": 8, "personality_type": "VELF", "theCount": 1}, {"myValue": "VFEL", "personality_system_id": 8, "personality_type": "VFEL", "theCount": 1}, {"myValue": "VLFE", "personality_system_id": 8, "personality_type": "VLFE", "theCount": 1}], "9": [{"myValue": "RCOEI", "personality_system_id": 9, "personality_type": "RCOEI", "theCount": 17}, {"myValue": "RCUEI", "personality_system_id": 9, "personality_type": "RCUEI", "theCount": 4}, {"myValue": "RCOAN", "personality_system_id": 9, "personality_type": "RCOAN", "theCount": 2}, {"myValue": "RCUAN", "personality_system_id": 9, "personality_type": "RCUAN", "theCount": 2}, {"myValue": "RCOEN", "personality_system_id": 9, "personality_type": "RCOEN", "theCount": 1}, {"myValue": "RLOAI", "personality_system_id": 9, "personality_type": "RLOAI", "theCount": 1}, {"myValue": "RLUAN", "personality_system_id": 9, "personality_type": "RLUAN", "theCount": 1}]}, "breakdown_config": {"expand": {"1": 3, "11": 1, "2": 3, "3": 1, "5": 1, "6": 2, "7": 2, "8": 1, "9": 1}, "fire": {"1": 1, "11": 0, "2": 1, "3": 0, "5": 0, "6": 1, "7": 1, "8": 0, "9": 0}}, "mbti_letter_stats": [{"type": "I", "percentage": "99%", "PercentageFloat": 0.985207100591716}, {"type": "N", "percentage": "95%", "PercentageFloat": 0.9497041420118343}, {"type": "T", "percentage": "100%", "PercentageFloat": 0.9970414201183432}, {"type": "P", "percentage": "59%", "PercentageFloat": 0.5887573964497042}], "topic_info": {"can_generate": false, "topic": {"description": "", "follow_count": 33, "id": 268180, "is_following": false, "is_join_pending": false, "is_banned": false, "is_moderated": false, "name_readable": "Uguisu Anko", "post_count": 84, "source_profile_id": 348341, "source_type": "profile", "join_to_post": false, "can_pin": false, "related_topics": [{"description": "", "follow_count": 33, "id": 268180, "is_following": false, "is_join_pending": false, "is_banned": false, "is_moderated": false, "name_readable": "Uguisu Anko", "post_count": 84, "source_profile_id": 348341, "source_type": "profile", "image": {"picURL": "https://static1.personality-database.com/profile_images/ed0ea042e4a242b283148c4fc351030a.png"}, "join_to_post": false, "can_pin": false}, {"description": "", "follow_count": 3, "id": 196841, "is_following": false, "is_join_pending": false, "is_banned": false, "is_moderated": false, "name_readable": "Nazuna Nanakusa", "post_count": 12, "source_profile_id": 255283, "source_type": "profile", "image": {"picURL": "https://static1.personality-database.com/profile_images/7869718e7902436794cbf6268e19f3e1.png"}, "join_to_post": false, "can_pin": false}, {"description": "", "follow_count": 3, "id": 196842, "is_following": false, "is_join_pending": false, "is_banned": false, "is_moderated": false, "name_readable": "Kou Yamori", "post_count": 6, "source_profile_id": 255284, "source_type": "profile", "image": {"picURL": "https://static1.personality-database.com/profile_images/1d4086592d31472a89e3824b317faf92.png"}, "join_to_post": false, "can_pin": false}, {"description": "", "follow_count": 0, "id": 218028, "is_following": false, "is_join_pending": false, "is_banned": false, "is_moderated": false, "name_readable": "Akira asai", "post_count": 6, "source_profile_id": 284544, "source_type": "profile", "image": {"picURL": "https://static1.personality-database.com/profile_images/63bcc235691f4d35880774880d0da262.png"}, "join_to_post": false, "can_pin": false}, {"description": "", "follow_count": 0, "id": 205256, "is_following": false, "is_join_pending": false, "is_banned": false, "is_moderated": false, "name_readable": "Midori Kohakobe", "post_count": 1, "source_profile_id": 266892, "source_type": "profile", "image": {"picURL": "https://static1.personality-database.com/profile_images/ac7cb6425b894f06949c42e065bb89a4.png"}, "join_to_post": false, "can_pin": false}, {"description": "", "follow_count": 0, "id": 205253, "is_following": false, "is_join_pending": false, "is_banned": false, "is_moderated": false, "name_readable": "Seri Kikyou", "post_count": 0, "source_profile_id": 266889, "source_type": "profile", "image": {"picURL": "https://static1.personality-database.com/profile_images/e74e72ed0e1443f6a97a1ebe7af2c2f0.png"}, "join_to_post": false, "can_pin": false}, {"description": "", "follow_count": 0, "id": 205254, "is_following": false, "is_join_pending": false, "is_banned": false, "is_moderated": false, "name_readable": "Nico Hirata", "post_count": 0, "source_profile_id": 266890, "source_type": "profile", "image": {"picURL": "https://static1.personality-database.com/profile_images/898c1f812dfd49f8852dfcd6f61a9449.png"}, "join_to_post": false, "can_pin": false}, {"description": "", "follow_count": 0, "id": 205255, "is_following": false, "is_join_pending": false, "is_banned": false, "is_moderated": false, "name_readable": "Kabura Honda", "post_count": 0, "source_profile_id": 266891, "source_type": "profile", "image": {"picURL": "https://static1.personality-database.com/profile_images/e3a1bf505142458291220ef401652ee8.png"}, "join_to_post": false, "can_pin": false}, {"description": "Hatsuka Suzushiro is a side character in Call of the Night. He, unlike his vampire comrades, has little to no interest in creating new underlings. As a result, he is the only one who doesn't try to put Kou under his spell. Compared to the other vampires, Hatsuka seems friendlier and more helpful. He is also not as straight forward as the others, but rather more distant. He is not ashamed of his appearance, nor is he averse to the male gender and considers himself a man, although he purposefully dresses like a woman.", "follow_count": 0, "id": 344669, "is_following": false, "is_join_pending": false, "is_banned": false, "is_moderated": false, "name_readable": "Hatsuka Suzushiro", "post_count": 0, "source_profile_id": 497517, "source_type": "profile", "image": {"picURL": "https://static1.personality-database.com/profile_images/83604f2b1f8445b894c4bf3d8271b24f.png"}, "join_to_post": false, "can_pin": false}, {"description": " ", "follow_count": 0, "id": 336447, "is_following": false, "is_join_pending": false, "is_banned": false, "is_moderated": false, "name_readable": "Kei Yamori", "post_count": 0, "source_profile_id": 531772, "source_type": "profile", "image": {"picURL": "https://www.personality-database.com/images/profile_transparent.png"}, "join_to_post": false, "can_pin": false}, {"description": " ", "follow_count": 0, "id": 340593, "is_following": false, "is_join_pending": false, "is_banned": false, "is_moderated": false, "name_readable": "Kiyosumi Shirakawa", "post_count": 0, "source_profile_id": 531775, "source_type": "profile", "image": {"picURL": "https://static1.personality-database.com/profile_images/732915e3f7504e5584c463fcebfd7259.png"}, "join_to_post": false, "can_pin": false}], "subcategory": "Yofukashi no Uta", "topic_image_url": "https://static1.personality-database.com/profile_images/ed0ea042e4a242b283148c4fc351030a.png", "source_location": {"cid": 8, "pid": 2, "sub_cat_id": 16109}, "can_post_image": false, "can_post_audio": false, "posts": {"posts": [{"username": "JaatTheWise", "user_pic_path": "https://static1.personality-database.com/user_avatars/1486797/8cd672ce-ad87-4ad6-9f54-08cdeaa8eb11_small.jpeg", "user_personality_type": "ISTJ-6w5", "is_mod": false, "comment_count": 0, "reply_count": 0, "vote_type": 0, "topics_list": [{"id": 268180, "name_readable": "Uguisu Anko"}], "id": 2201609, "post_id": 2201609, "user_id": 1486797, "title": "", "content": "in the manga, im pretty sure someone said \"Nazuna took some of kyoukos personality for herself\" its true, both anko and nazuna are xntp", "create_date": 1673812563000, "unix_timestamp": 1673812563000, "update_date": 1673812563000, "vote_count": 0, "vote_count_down": 0, "is_reported": 0, "is_hidden": false, "is_pinned": false, "is_watching": false, "is_pro_user": false, "images": null, "audios": null, "function_list": [], "type": "post"}, {"username": "urfavvintp", "user_pic_path": "https://static1.personality-database.com/user_avatars/1464203/b0a82056-655e-4463-b2b7-cc0304471d01.jpeg", "user_personality_type": "INTP-8w7", "is_mod": false, "comment_count": 0, "reply_count": 0, "vote_type": 0, "topics_list": [{"id": 268180, "name_readable": "Uguisu Anko"}], "id": 2148919, "post_id": 2148919, "user_id": 1464203, "title": "LITERALLY HER LOOKS SCREAMS INTP, WHAT'S WRONG WITH INTJ VOTES??", "content": "#INTP", "create_date": 1673272139000, "unix_timestamp": 1673272139000, "update_date": 1673272139000, "vote_count": 4, "vote_count_down": 0, "is_reported": 0, "is_hidden": false, "is_pinned": false, "is_watching": false, "is_pro_user": false, "images": null, "audios": null, "function_list": [], "type": "post"}, {"username": "Mai_i", "user_pic_path": "https://static1.personality-database.com/user_avatars/747084/a67aaeab-fcb3-4862-8eda-f6b720a90825_small.jpeg", "user_personality_type": "INTP-5w4-358", "is_mod": false, "comment_count": 0, "reply_count": 0, "vote_type": 0, "topics_list": [{"id": 268180, "name_readable": "Uguisu Anko"}], "id": 2097654, "post_id": 2097654, "user_id": 747084, "title": "", "content": "Duh, she looks so cool", "create_date": 1672772854000, "unix_timestamp": 1672772854000, "update_date": 1672772854000, "vote_count": 1, "vote_count_down": 0, "is_reported": 0, "is_hidden": false, "is_pinned": false, "is_watching": false, "is_pro_user": false, "images": null, "audios": null, "function_list": [], "type": "post"}]}}}}