{"id": 104646, "mbti_profile": "William James Moriarty", "profile_name_searchable": "williamjamesmoriarty", "allow_commenting": true, "allow_voting": true, "user_id": 0, "contributor": "the nameless", "contributor_create_date": "2020-03-07 22:33:07", "contributor_pic_path": "https://www.personality-database.com/images/profile_transparent.png", "display_order": 1000, "edit_lock": 0, "edit_lock_picture": 1, "is_active": true, "is_approved": true, "mbti_enneagram_type": "INTJ 1w2", "mbti_type": "INTJ 1w2", "pdb_comment_access": true, "pdb_page_owner": 0, "pdb_public_access": true, "wiki_description": "", "watch_count": 2792, "comment_count": 359, "vote_count": 1256, "vote_count_enneagram": 859, "vote_count_mbti": 1256, "total_vote_counts": 3688, "personality_type": "INTJ - 1w2 - so/sx - 154 - LSI - RCOAI - VLEF - Melancholic-Choleric - ET(N)", "type_updated_date": "2022-11-15 12:50:01", "enneagram_vote": "", "enneagram_vote_id": 0, "mbti_vote": "", "mbti_vote_id": 0, "is_watching": false, "image_exists": false, "profile_image_url": "https://static1.personality-database.com/profile_images/9eb1d59d48dc4da4b2cde935e96a0fd8.png", "profile_image_credit": "", "profile_image_credit_id": 159961, "profile_image_credit_type": "0", "profile_image_credit_url": "", "alt_subcategory": "Moriarty the Patriot", "related_subcategories": "", "cat_id": 8, "category": "Anime & Manga", "category_is_fictional": true, "sub_cat_id": 7802, "subcategory": "Yuukoku no Moriarty", "subcat_link_info": {"sub_cat_id": 7802, "cat_id": 8, "property_id": 2, "subcategory": "Yuukoku no Moriarty"}, "related_subcat_link_info": null, "related_profiles": [{"id": 141590, "mbti_profile": "Sherlock Holmes", "subcategory": "Yuukoku no Moriarty", "profile_image_url": "https://static1.personality-database.com/profile_images/85a68e3fe3e74992b00b45136d26d392.png", "profile_name": "Sherlock Holmes", "profile_subcat": "Yuukoku no Moriarty", "sub_cat_id": 7802, "cat_id": 8, "property_id": 2, "mbti": "ENTP", "enneatype": "7w8"}, {"id": 172359, "mbti_profile": "James Bonde", "subcategory": "Yuukoku no Moriarty", "profile_image_url": "https://static1.personality-database.com/profile_images/a5a62a58be394bf78f632aef1ce71d52.png", "profile_name": "James Bonde", "profile_subcat": "Yuukoku no Moriarty", "sub_cat_id": 7802, "cat_id": 8, "property_id": 2, "mbti": "ENTP", "enneatype": "2w3"}, {"id": 104648, "mbti_profile": "Louis James Moriarty", "subcategory": "Yuukoku no Moriarty", "profile_image_url": "https://static1.personality-database.com/profile_images/aee5099925b249b0ab82152d22d85107.png", "profile_name": "Louis James Moriarty", "profile_subcat": "Yuukoku no Moriarty", "sub_cat_id": 7802, "cat_id": 8, "property_id": 2, "mbti": "ISTJ", "enneatype": "6w5"}, {"id": 104647, "mbti_profile": "Albert James Moriarty", "subcategory": "Yuukoku no Moriarty", "profile_image_url": "https://static1.personality-database.com/profile_images/73a4a9f747264ab18a5d7fd0665bde42.png", "profile_name": "Albert James Moriarty", "profile_subcat": "Yuukoku no Moriarty", "sub_cat_id": 7802, "cat_id": 8, "property_id": 2, "mbti": "INFJ", "enneatype": "1w2"}, {"id": 220088, "mbti_profile": "Fred Porlock", "subcategory": "Yuukoku no Moriarty", "profile_image_url": "https://static1.personality-database.com/profile_images/73eb856257c640ef8022bcf64226b95a.png", "profile_name": "Fred Porlock", "profile_subcat": "Yuukoku no Moriarty", "sub_cat_id": 7802, "cat_id": 8, "property_id": 2, "mbti": "ISFP", "enneatype": "6w5"}, {"id": 228092, "mbti_profile": "Charles Augustus Milverton", "subcategory": "Yuukoku no Moriarty", "profile_image_url": "https://static1.personality-database.com/profile_images/2e9f09bc81604e819b4736c928340bd5.png", "profile_name": "Charles Augustus Milverton", "profile_subcat": "Yuukoku no Moriarty", "sub_cat_id": 7802, "cat_id": 8, "property_id": 2, "mbti": "ENTJ", "enneatype": "8w7"}, {"id": 225187, "mbti_profile": "Mycroft Holmes", "subcategory": "Yuukoku no Moriarty", "profile_image_url": "https://static1.personality-database.com/profile_images/b2b8fa0f1126439e9d1f8badd72efca6.png", "profile_name": "Mycroft Holmes", "profile_subcat": "Yuukoku no Moriarty", "sub_cat_id": 7802, "cat_id": 8, "property_id": 2, "mbti": "ENTJ", "enneatype": "1w9"}, {"id": 223024, "mbti_profile": "John H. Watson", "subcategory": "Yuukoku no Moriarty", "profile_image_url": "https://static1.personality-database.com/profile_images/781204ff4d8a43668ff294abf61c99a0.png", "profile_name": "John H. Watson", "profile_subcat": "Yuukoku no Moriarty", "sub_cat_id": 7802, "cat_id": 8, "property_id": 2, "mbti": "ISFJ", "enneatype": "9w1"}], "functions": ["Ni", "Te", "Fi", "Se"], "systems": [{"hex_color": "#888888", "id": 1, "personality_type": "XXXX", "personality_type_id": 0, "system_name": "Four Letter", "system_vote_count": 1225, "user_vote_type_id": 0, "vote_id": 0}, {"hex_color": "#006775", "id": 2, "personality_type": "XXXX", "personality_type_id": 0, "system_name": "Enneagram", "system_vote_count": 836, "user_vote_type_id": 0, "vote_id": 0}, {"hex_color": "#006775", "id": 5, "personality_type": "XXXX", "personality_type_id": 0, "system_name": "Instinctual Variant", "system_vote_count": 392, "user_vote_type_id": 0, "vote_id": 0}, {"hex_color": "#006775", "id": 6, "personality_type": "XXXX", "personality_type_id": 0, "system_name": "Tritype", "system_vote_count": 341, "user_vote_type_id": 0, "vote_id": 0}, {"hex_color": "#888888", "id": 3, "personality_type": "XXXX", "personality_type_id": 0, "system_name": "Socionics", "system_vote_count": 209, "user_vote_type_id": 0, "vote_id": 0}, {"hex_color": "#888888", "id": 9, "personality_type": "XXXX", "personality_type_id": 0, "system_name": "Big 5 (SLOAN)", "system_vote_count": 159, "user_vote_type_id": 0, "vote_id": 0}, {"hex_color": "#888888", "id": 8, "personality_type": "XXXX", "personality_type_id": 0, "system_name": "Attitudinal Psyche", "system_vote_count": 180, "user_vote_type_id": 0, "vote_id": 0}, {"hex_color": "#888888", "id": 7, "personality_type": "XXXX", "personality_type_id": 0, "system_name": "Temperaments", "system_vote_count": 249, "user_vote_type_id": 0, "vote_id": 0}, {"hex_color": "#888888", "id": 11, "personality_type": "XXXX", "personality_type_id": 0, "system_name": "Classic Jungian", "system_vote_count": 58, "user_vote_type_id": 0, "vote_id": 0}], "breakdown_systems": {"1": [{"myValue": "INTJ", "personality_system_id": 1, "personality_type": "INTJ", "theCount": 1042}, {"myValue": "ENTJ", "personality_system_id": 1, "personality_type": "ENTJ", "theCount": 92}, {"myValue": "INFJ", "personality_system_id": 1, "personality_type": "INFJ", "theCount": 54}, {"myValue": "INTP", "personality_system_id": 1, "personality_type": "INTP", "theCount": 14}, {"myValue": "ENTP", "personality_system_id": 1, "personality_type": "ENTP", "theCount": 12}, {"myValue": "ENFJ", "personality_system_id": 1, "personality_type": "ENFJ", "theCount": 8}, {"myValue": "ENFP", "personality_system_id": 1, "personality_type": "ENFP", "theCount": 1}, {"myValue": "ESFP", "personality_system_id": 1, "personality_type": "ESFP", "theCount": 1}, {"myValue": "INFP", "personality_system_id": 1, "personality_type": "INFP", "theCount": 1}], "11": [{"myValue": "ET(N)", "personality_system_id": 11, "personality_type": "ET(N)", "theCount": 41}, {"myValue": "IN(T)", "personality_system_id": 11, "personality_type": "IN(T)", "theCount": 13}, {"myValue": "EF(N)", "personality_system_id": 11, "personality_type": "EF(N)", "theCount": 1}, {"myValue": "EN(T)", "personality_system_id": 11, "personality_type": "EN(T)", "theCount": 1}, {"myValue": "IN(F)", "personality_system_id": 11, "personality_type": "IN(F)", "theCount": 1}, {"myValue": "IT(N)", "personality_system_id": 11, "personality_type": "IT(N)", "theCount": 1}], "2": [{"myValue": "1w2", "personality_system_id": 2, "personality_type": "1w2", "theCount": 515}, {"myValue": "5w4", "personality_system_id": 2, "personality_type": "5w4", "theCount": 183}, {"myValue": "1w9", "personality_system_id": 2, "personality_type": "1w9", "theCount": 45}, {"myValue": "7w6", "personality_system_id": 2, "personality_type": "7w6", "theCount": 42}, {"myValue": "4w3", "personality_system_id": 2, "personality_type": "4w3", "theCount": 18}, {"myValue": "5w6", "personality_system_id": 2, "personality_type": "5w6", "theCount": 15}, {"myValue": "4w5", "personality_system_id": 2, "personality_type": "4w5", "theCount": 5}, {"myValue": "7w8", "personality_system_id": 2, "personality_type": "7w8", "theCount": 5}, {"myValue": "2w1", "personality_system_id": 2, "personality_type": "2w1", "theCount": 3}, {"myValue": "8w7", "personality_system_id": 2, "personality_type": "8w7", "theCount": 3}, {"myValue": "8w9", "personality_system_id": 2, "personality_type": "8w9", "theCount": 1}, {"myValue": "9w8", "personality_system_id": 2, "personality_type": "9w8", "theCount": 1}], "3": [{"myValue": "LSI", "personality_system_id": 3, "personality_type": "LSI", "theCount": 72}, {"myValue": "ILI", "personality_system_id": 3, "personality_type": "ILI", "theCount": 65}, {"myValue": "LIE", "personality_system_id": 3, "personality_type": "LIE", "theCount": 30}, {"myValue": "EIE", "personality_system_id": 3, "personality_type": "EIE", "theCount": 23}, {"myValue": "ILE", "personality_system_id": 3, "personality_type": "ILE", "theCount": 12}, {"myValue": "LII", "personality_system_id": 3, "personality_type": "LII", "theCount": 7}], "4": [{"myValue": "Neutral Evil", "personality_system_id": 4, "personality_type": "Neutral Evil", "theCount": 21}, {"myValue": "Lawful Evil", "personality_system_id": 4, "personality_type": "Lawful Evil", "theCount": 8}, {"myValue": "Chaotic Good", "personality_system_id": 4, "personality_type": "Chaotic Good", "theCount": 7}, {"myValue": "Chaotic Neutral", "personality_system_id": 4, "personality_type": "Chaotic Neutral", "theCount": 1}, {"myValue": "Lawful Good", "personality_system_id": 4, "personality_type": "Lawful Good", "theCount": 1}, {"myValue": "Neutral Good", "personality_system_id": 4, "personality_type": "Neutral Good", "theCount": 1}], "5": [{"myValue": "so/sx", "personality_system_id": 5, "personality_type": "so/sx", "theCount": 215}, {"myValue": "sx/so", "personality_system_id": 5, "personality_type": "sx/so", "theCount": 118}, {"myValue": "so/sp", "personality_system_id": 5, "personality_type": "so/sp", "theCount": 48}, {"myValue": "sp/so", "personality_system_id": 5, "personality_type": "sp/so", "theCount": 6}, {"myValue": "sx/sp", "personality_system_id": 5, "personality_type": "sx/sp", "theCount": 3}, {"myValue": "sp/sx", "personality_system_id": 5, "personality_type": "sp/sx", "theCount": 2}], "6": [{"myValue": "154", "personality_system_id": 6, "personality_type": "154", "theCount": 156}, {"myValue": "152", "personality_system_id": 6, "personality_type": "152", "theCount": 72}, {"myValue": "514", "personality_system_id": 6, "personality_type": "514", "theCount": 42}, {"myValue": "712", "personality_system_id": 6, "personality_type": "712", "theCount": 32}, {"myValue": "153", "personality_system_id": 6, "personality_type": "153", "theCount": 20}, {"myValue": "137", "personality_system_id": 6, "personality_type": "137", "theCount": 2}, {"myValue": "145", "personality_system_id": 6, "personality_type": "145", "theCount": 2}, {"myValue": "512", "personality_system_id": 6, "personality_type": "512", "theCount": 2}, {"myValue": "714", "personality_system_id": 6, "personality_type": "714", "theCount": 2}, {"myValue": "721", "personality_system_id": 6, "personality_type": "721", "theCount": 2}, {"myValue": "127", "personality_system_id": 6, "personality_type": "127", "theCount": 1}, {"myValue": "135", "personality_system_id": 6, "personality_type": "135", "theCount": 1}, {"myValue": "172", "personality_system_id": 6, "personality_type": "172", "theCount": 1}, {"myValue": "174", "personality_system_id": 6, "personality_type": "174", "theCount": 1}, {"myValue": "215", "personality_system_id": 6, "personality_type": "215", "theCount": 1}, {"myValue": "541", "personality_system_id": 6, "personality_type": "541", "theCount": 1}, {"myValue": "594", "personality_system_id": 6, "personality_type": "594", "theCount": 1}, {"myValue": "713", "personality_system_id": 6, "personality_type": "713", "theCount": 1}, {"myValue": "854", "personality_system_id": 6, "personality_type": "854", "theCount": 1}], "7": [{"myValue": "Melancholic-Choleric", "personality_system_id": 7, "personality_type": "Melancholic-Choleric", "theCount": 165}, {"myValue": "Melancholic-Phlegmatic", "personality_system_id": 7, "personality_type": "Melancholic-Phlegmatic", "theCount": 40}, {"myValue": "Choleric-Melancholic", "personality_system_id": 7, "personality_type": "Choleric-Melancholic", "theCount": 12}, {"myValue": "Phlegmatic-Choleric", "personality_system_id": 7, "personality_type": "Phlegmatic-Choleric", "theCount": 10}, {"myValue": "Melancholic [Dominant]", "personality_system_id": 7, "personality_type": "Melancholic [Dominant]", "theCount": 4}, {"myValue": "Phlegmatic-Melancholic", "personality_system_id": 7, "personality_type": "Phlegmatic-Melancholic", "theCount": 4}, {"myValue": "Sanguine-Phlegmatic", "personality_system_id": 7, "personality_type": "Sanguine-Phlegmatic", "theCount": 3}, {"myValue": "Choleric-Phlegmatic", "personality_system_id": 7, "personality_type": "Choleric-Phlegmatic", "theCount": 2}, {"myValue": "Melancholic-Sanguine", "personality_system_id": 7, "personality_type": "Melancholic-Sanguine", "theCount": 2}, {"myValue": "Phlegmatic [Dominant]", "personality_system_id": 7, "personality_type": "Phlegmatic [Dominant]", "theCount": 2}, {"myValue": "Sanguine-Melancholic", "personality_system_id": 7, "personality_type": "Sanguine-Melancholic", "theCount": 2}, {"myValue": "Choleric [Dominant]", "personality_system_id": 7, "personality_type": "Choleric [Dominant]", "theCount": 1}, {"myValue": "Phlegmatic-Sanguine", "personality_system_id": 7, "personality_type": "Phlegmatic-Sanguine", "theCount": 1}, {"myValue": "Sanguine-Choleric", "personality_system_id": 7, "personality_type": "Sanguine-Choleric", "theCount": 1}], "8": [{"myValue": "VLEF", "personality_system_id": 8, "personality_type": "VLEF", "theCount": 85}, {"myValue": "LVEF", "personality_system_id": 8, "personality_type": "LVEF", "theCount": 42}, {"myValue": "VLFE", "personality_system_id": 8, "personality_type": "VLFE", "theCount": 38}, {"myValue": "LVFE", "personality_system_id": 8, "personality_type": "LVFE", "theCount": 11}, {"myValue": "LFEV", "personality_system_id": 8, "personality_type": "LFEV", "theCount": 2}, {"myValue": "FVLE", "personality_system_id": 8, "personality_type": "FVLE", "theCount": 1}, {"myValue": "VEFL", "personality_system_id": 8, "personality_type": "VEFL", "theCount": 1}], "9": [{"myValue": "RCOAI", "personality_system_id": 9, "personality_type": "RCOAI", "theCount": 117}, {"myValue": "RCOEI", "personality_system_id": 9, "personality_type": "RCOEI", "theCount": 29}, {"myValue": "SCOAI", "personality_system_id": 9, "personality_type": "SCOAI", "theCount": 7}, {"myValue": "SCOEI", "personality_system_id": 9, "personality_type": "SCOEI", "theCount": 2}, {"myValue": "RCUEI", "personality_system_id": 9, "personality_type": "RCUEI", "theCount": 1}, {"myValue": "RLOEI", "personality_system_id": 9, "personality_type": "RLOEI", "theCount": 1}, {"myValue": "SCOAN", "personality_system_id": 9, "personality_type": "SCOAN", "theCount": 1}, {"myValue": "SLUAN", "personality_system_id": 9, "personality_type": "SLUAN", "theCount": 1}]}, "breakdown_config": {"expand": {"1": 3, "11": 1, "2": 3, "3": 2, "4": 1, "5": 2, "6": 1, "7": 1, "8": 1, "9": 1}, "fire": {"1": 0, "11": 0, "2": 0, "3": 1, "4": 0, "5": 1, "6": 0, "7": 0, "8": 0, "9": 0}}, "mbti_letter_stats": [{"type": "I", "percentage": "91%", "PercentageFloat": 0.9069387755102041}, {"type": "N", "percentage": "100%", "PercentageFloat": 0.9991836734693877}, {"type": "T", "percentage": "95%", "PercentageFloat": 0.9469387755102041}, {"type": "J", "percentage": "98%", "PercentageFloat": 0.976326530612245}], "topic_info": {"can_generate": false, "topic": {"description": "", "follow_count": 13, "id": 83301, "is_following": false, "is_join_pending": false, "is_banned": false, "is_moderated": false, "name_readable": "William James Moriarty", "post_count": 22, "source_profile_id": 104646, "source_type": "profile", "join_to_post": false, "can_pin": false, "related_topics": [{"description": "Holmes is barbaric with his actions, dealings, and even his personal life. Holmes smokes a lot, \"unlike the original story of smoking a pipe.\" He is also addicted to drugs, Holmes used to use drugs from time to time, Sometimes Holmes breaks laws in order to solve a case, such as lying to the police, hiding evidence, or breaking into private homes and properties , Most of those who deal with him always describe him as rude in his behavior, just as Miss Hudson described him as a clumsy child, but despite this, Watson said that Holmes was kind-hearted", "follow_count": 35, "id": 109536, "is_following": false, "is_join_pending": false, "is_banned": false, "is_moderated": false, "name_readable": "Sherlock Holmes", "post_count": 99, "source_profile_id": 141590, "source_type": "profile", "image": {"picURL": "https://static1.personality-database.com/profile_images/85a68e3fe3e74992b00b45136d26d392.png"}, "join_to_post": false, "can_pin": false}, {"description": "", "follow_count": 13, "id": 83301, "is_following": false, "is_join_pending": false, "is_banned": false, "is_moderated": false, "name_readable": "William James Moriarty", "post_count": 22, "source_profile_id": 104646, "source_type": "profile", "image": {"picURL": "https://static1.personality-database.com/profile_images/9eb1d59d48dc4da4b2cde935e96a0fd8.png"}, "join_to_post": false, "can_pin": false}, {"description": "", "follow_count": 10, "id": 83302, "is_following": false, "is_join_pending": false, "is_banned": false, "is_moderated": false, "name_readable": "Albert James Moriarty", "post_count": 9, "source_profile_id": 104647, "source_type": "profile", "image": {"picURL": "https://static1.personality-database.com/profile_images/73a4a9f747264ab18a5d7fd0665bde42.png"}, "join_to_post": false, "can_pin": false}, {"description": "", "follow_count": 3, "id": 83303, "is_following": false, "is_join_pending": false, "is_banned": false, "is_moderated": false, "name_readable": "Louis James Moriarty", "post_count": 9, "source_profile_id": 104648, "source_type": "profile", "image": {"picURL": "https://static1.personality-database.com/profile_images/aee5099925b249b0ab82152d22d85107.png"}, "join_to_post": false, "can_pin": false}, {"description": "", "follow_count": 0, "id": 132952, "is_following": false, "is_join_pending": false, "is_banned": false, "is_moderated": false, "name_readable": "James Bonde", "post_count": 8, "source_profile_id": 172359, "source_type": "profile", "image": {"picURL": "https://static1.personality-database.com/profile_images/a5a62a58be394bf78f632aef1ce71d52.png"}, "join_to_post": false, "can_pin": false}, {"description": "", "follow_count": 0, "id": 176210, "is_following": false, "is_join_pending": false, "is_banned": false, "is_moderated": false, "name_readable": "Charles Augustus Milverton", "post_count": 3, "source_profile_id": 228092, "source_type": "profile", "image": {"picURL": "https://static1.personality-database.com/profile_images/2e9f09bc81604e819b4736c928340bd5.png"}, "join_to_post": false, "can_pin": false}, {"description": "#NaoyaUchida", "follow_count": 0, "id": 174667, "is_following": false, "is_join_pending": false, "is_banned": false, "is_moderated": false, "name_readable": "Jack The Ripper", "post_count": 1, "source_profile_id": 226150, "source_type": "profile", "image": {"picURL": "https://static1.personality-database.com/profile_images/91310a943d98456e980dbbb122588e81.png"}, "join_to_post": false, "can_pin": false}, {"description": "", "follow_count": 0, "id": 201397, "is_following": false, "is_join_pending": false, "is_banned": false, "is_moderated": false, "name_readable": "Madam Moriarty", "post_count": 0, "source_profile_id": 261123, "source_type": "profile", "image": {"picURL": "https://static1.personality-database.com/profile_images/724b0e86c14d4d15af93c61974e0b633.png"}, "join_to_post": false, "can_pin": false}, {"description": "", "follow_count": 0, "id": 299537, "is_following": false, "is_join_pending": false, "is_banned": false, "is_moderated": false, "name_readable": "Dudly Bale", "post_count": 0, "source_profile_id": 389296, "source_type": "profile", "image": {"picURL": "https://static1.personality-database.com/profile_images/3fbaaf0813d24593922409ce3508e1f8.png"}, "join_to_post": false, "can_pin": false}, {"description": "", "follow_count": 0, "id": 201398, "is_following": false, "is_join_pending": false, "is_banned": false, "is_moderated": false, "name_readable": "Michelle Burton", "post_count": 0, "source_profile_id": 261124, "source_type": "profile", "image": {"picURL": "https://static1.personality-database.com/profile_images/79f5035c572741a89be9bbe9287cd29c.png"}, "join_to_post": false, "can_pin": false}, {"description": "", "follow_count": 0, "id": 201399, "is_following": false, "is_join_pending": false, "is_banned": false, "is_moderated": false, "name_readable": "Mr. Burton", "post_count": 0, "source_profile_id": 261125, "source_type": "profile", "image": {"picURL": "https://static1.personality-database.com/profile_images/638527010b504ccf946f340df6c34eb1.png"}, "join_to_post": false, "can_pin": false}, {"description": "", "follow_count": 0, "id": 201400, "is_following": false, "is_join_pending": false, "is_banned": false, "is_moderated": false, "name_readable": "Stamford", "post_count": 0, "source_profile_id": 261126, "source_type": "profile", "image": {"picURL": "https://static1.personality-database.com/profile_images/0c6178e5d017439ea56d57233d8ad2e1.png"}, "join_to_post": false, "can_pin": false}, {"description": "", "follow_count": 0, "id": 201401, "is_following": false, "is_join_pending": false, "is_banned": false, "is_moderated": false, "name_readable": "William Moriarty", "post_count": 0, "source_profile_id": 261127, "source_type": "profile", "image": {"picURL": "https://static1.personality-database.com/profile_images/04de41ca81564f7b9e80c9e6cd641509.png"}, "join_to_post": false, "can_pin": false}, {"description": "", "follow_count": 0, "id": 201402, "is_following": false, "is_join_pending": false, "is_banned": false, "is_moderated": false, "name_readable": "Mr.Eden", "post_count": 0, "source_profile_id": 261128, "source_type": "profile", "image": {"picURL": "https://static1.personality-database.com/profile_images/e75aec1d06964df29ddbcb3ff39d9065.png"}, "join_to_post": false, "can_pin": false}, {"description": "", "follow_count": 0, "id": 201404, "is_following": false, "is_join_pending": false, "is_banned": false, "is_moderated": false, "name_readable": "Mary Morstan", "post_count": 0, "source_profile_id": 261130, "source_type": "profile", "image": {"picURL": "https://static1.personality-database.com/profile_images/8a74f02745354547a945a6266230bdb3.png"}, "join_to_post": false, "can_pin": false}, {"description": "that kid who leads the group of children who spy for Sherlock", "follow_count": 0, "id": 263120, "is_following": false, "is_join_pending": false, "is_banned": false, "is_moderated": false, "name_readable": "Wiggins", "post_count": 0, "source_profile_id": 341914, "source_type": "profile", "image": {"picURL": "https://static1.personality-database.com/profile_images/a7aae8a86eea49d791e34b2b8b068b4a.png"}, "join_to_post": false, "can_pin": false}], "subcategory": "Yuukoku no Moriarty", "topic_image_url": "https://static1.personality-database.com/profile_images/9eb1d59d48dc4da4b2cde935e96a0fd8.png", "source_location": {"cid": 8, "pid": 2, "sub_cat_id": 7802}, "can_post_image": false, "can_post_audio": false, "posts": {"posts": [{"username": "A d a m", "user_pic_path": "https://lh3.googleusercontent.com/a-/AOh14GhDG9zTxBYdq1Z4bERuTauJbtdjH69AgWLFgjkHTg=s96-c", "user_personality_type": "INTJ-5w6-539", "is_mod": false, "comment_count": 2, "reply_count": 2, "vote_type": 0, "topics_list": [{"id": 83301, "name_readable": "William James Moriarty"}], "id": 2162208, "post_id": 2162208, "user_id": 412361, "title": "So, where is Se-creative, IJ temperament or how is he a Ti-ego?", "content": "Can someone explain LSI for him?\nI hardly saw IJ temperament, he has a clear laid-back IP temperament.\n\nCited from: \nhttps://www.the16types.info/vbulletin/content.php/118-Temperaments\n\n\"IP \u2013 walks in a somewhat limp and gutless way. Walks around obstacles. He\u2019s careful and tries to notice all the obstacles. Tries to finish all the necessary tasks very quickly so he could go back to relaxing. He gets tired very quickly. Moves fluently and tries to relax very often. He enjoys slow rhythmic activities, avoids any kind of heavy load.\"\n\n\"The IP on the other hand does not control his feelings as much as his reaction to them. When something emotionally upsetting happens, the IP does not ward it away like the IJ, he notices it, and he soaks it, like a sponge. He acts as if there was no amount of weight that he was unable to bear and he will continue through any adversity. Yet sometimes his self-control slips, either because he's been surprised or he's tired or drunk or whatever and then he starts leaking pathos. He generally actively controls the amount of stress he gets to avoid crossing this border.\"\n\n IP \u2013 Introverted irrational (perception-adapting temperament)\n\nEnergy exchange. Energy level is very unstable. They react to discomfort very strongly, which is why they use their energy to avoid unacceptable conditions or to create comfort. On their rare moments of activity, they become similar to the representatives of the EP temperament, but on their moments of inactivity, they seem similar to the representatives of the IJ temperament. They tend to hide from the world and cope with their personal resources, which are bigger than they might seem to others. They are not able to constantly manage with energy exchange rhythm. Their working capacity is smaller than it is for the other temperaments. They only work effectively when they are perceiving the need for it or when there are important circumstances which they can\u2019t ignore. There is no point in pushing those people, because they will seemingly agree with the aggressor, but will find ways to evade their duties. They either can\u2019t or won\u2019t overwork and they don\u2019t share other people\u2019s enthusiasm in principle.\n\nRecommended sports. Gracefully rhythmic sports (swimming, riding the bicycle) or sprinting (short distance), jumping, etc.\n\nEmotions and behavior. Highly sensitive to the emotions of others. They can\u2019t stand unstable moods or stormy emotions, which is why they avoid conflict and they try to solve misunderstandings. They don\u2019t try to change the situation, they adapt to it by showing extraordinary ingenuity and flexibility. In relaxing, comfortable and safe situations they bloom, become good and social people. They try to be good towards their surroundings and act in a kind and caring way. They are pleasant and easygoing people in close relations and cold and distant towards all others. It\u2019s necessary to treat them in a caring and attentive way to preserve their vulnerable emotionality and fragile nervous system.", "create_date": 1673405057000, "unix_timestamp": 1673405057000, "update_date": 1673405108000, "vote_count": 2, "vote_count_down": 0, "is_reported": 0, "is_hidden": false, "is_pinned": false, "is_watching": false, "is_pro_user": false, "images": null, "audios": null, "function_list": [], "type": "post"}, {"username": "wooymin", "user_pic_path": "https://static1.personality-database.com/profile_images/f0cfe48637d0425a87ed8a504953f9da.png", "user_personality_type": "INTJ", "is_mod": false, "comment_count": 0, "reply_count": 0, "vote_type": 0, "topics_list": [{"id": 83301, "name_readable": "William James Moriarty"}], "id": 2014163, "post_id": 2014163, "user_id": 1704526, "title": "", "content": "It's a pleasure to have the same mbti with him.", "create_date": 1671931819000, "unix_timestamp": 1671931819000, "update_date": 1671931819000, "vote_count": 4, "vote_count_down": 0, "is_reported": 0, "is_hidden": false, "is_pinned": false, "is_watching": false, "is_pro_user": false, "images": null, "audios": null, "function_list": [], "type": "post"}, {"username": "infj fan", "user_pic_path": "https://static1.personality-database.com/user_avatars/1063734/32fe2972-f87e-4092-9f9a-ee0e26f64c67.jpeg", "user_personality_type": "ENFP-7w8-748", "is_mod": false, "comment_count": 0, "reply_count": 0, "vote_type": 0, "topics_list": [{"id": 83301, "name_readable": "William James Moriarty"}], "id": 1969061, "post_id": 1969061, "user_id": 1063734, "title": "", "content": "\u044f \u043b\u0438\u044f\u043c \u043a\u0438\u043d\u043d\u0438\ud83e\udd7a\ud83e\udd7a\ud83e\udd7a\ud83e\udd7a\ud83e\udd7a", "create_date": 1671396199000, "unix_timestamp": 1671396199000, "update_date": 1671396199000, "vote_count": 0, "vote_count_down": 0, "is_reported": 1, "is_hidden": false, "is_pinned": false, "is_watching": false, "is_pro_user": false, "images": null, "audios": null, "function_list": [], "type": "post"}]}}}}