{"id": 10773, "mbti_profile": "Kiyotaka Ayanok\u014dji", "profile_name_searchable": "kiyotakaayanok\u014dji", "allow_commenting": true, "allow_voting": true, "user_id": 4602, "contributor": "leozhang5000", "contributor_create_date": "2018-03-15 10:06:16", "contributor_pic_path": "https://lh4.googleusercontent.com/-jgpg8l7q8K4/AAAAAAAAAAI/AAAAAAAAAag/Oq68KWFS4T4/s96-c/photo.jpg", "display_order": 1000, "edit_lock": 0, "edit_lock_picture": 1, "is_active": true, "is_approved": true, "mbti_enneagram_type": "INTJ 5w6", "mbti_type": "INTJ 5w6", "pdb_comment_access": true, "pdb_page_owner": 0, "pdb_public_access": true, "wiki_description": "Kiyotaka Ayanok\u014dji\u00a0(\u7dbe\u5c0f\u8def\u6e05\u9686,\u00a0Ayanok\u014dji Kiyotaka)\u00a0is the main protagonist of You-Zitsu\u00a0series. He is an inconspicuous and unobtrusive student. He is shown to be extremely intelligent and possesses an profound insight to study the emotion of people around him. Almost everything about his life prior to the entrance exam is unknown.", "watch_count": 2546, "comment_count": 1102, "vote_count": 1245, "vote_count_enneagram": 692, "vote_count_mbti": 1245, "total_vote_counts": 3274, "personality_type": "INTJ - 5w6 - sp/so - 593 - ILI - RCOEI - LVFE - Phlegmatic-Melancholic - IN(T)", "type_updated_date": "2022-11-15 12:53:01", "enneagram_vote": "", "enneagram_vote_id": 0, "mbti_vote": "", "mbti_vote_id": 0, "is_watching": false, "image_exists": true, "profile_image_url": "https://static1.personality-database.com/profile_images/356dc652896a4cdc8a980c221153c53d.png", "profile_image_credit": "", "profile_image_credit_id": 332136, "profile_image_credit_type": "0", "profile_image_credit_url": "undefined", "alt_subcategory": "Classroom of the Elite", "related_subcategories": "", "cat_id": 8, "category": "Anime & Manga", "category_is_fictional": true, "sub_cat_id": 1438, "subcategory": "Youkoso Jitsuryoku Shijou no Kyoushitsu", "subcat_link_info": {"sub_cat_id": 1438, "cat_id": 8, "property_id": 2, "subcategory": "Youkoso Jitsuryoku Shijou no Kyoushitsu"}, "related_subcat_link_info": null, "related_profiles": [{"id": 10775, "mbti_profile": "Kikyo Kushida", "subcategory": "Youkoso Jitsuryoku Shijou no Kyoushitsu", "profile_image_url": "https://static1.personality-database.com/profile_images/0936616287104532bbbabcf2b29cfc6b.png", "profile_name": "Kikyo Kushida", "profile_subcat": "Youkoso Jitsuryoku Shijou no Kyoushitsu", "sub_cat_id": 1438, "cat_id": 8, "property_id": 2, "mbti": "ESFJ", "enneatype": "3w2"}, {"id": 10774, "mbti_profile": "Suzune Horikita", "subcategory": "Youkoso Jitsuryoku Shijou no Kyoushitsu", "profile_image_url": "https://static1.personality-database.com/profile_images/21125bcb07a74e6aa22cd9a77cd2e672.png", "profile_name": "Suzune Horikita", "profile_subcat": "Youkoso Jitsuryoku Shijou no Kyoushitsu", "sub_cat_id": 1438, "cat_id": 8, "property_id": 2, "mbti": "ISTJ", "enneatype": "1w9"}, {"id": 95384, "mbti_profile": "Hiyori Shiina", "subcategory": "Youkoso Jitsuryoku Shijou no Kyoushitsu", "profile_image_url": "https://static1.personality-database.com/profile_images/7c6f2455043f4e818556911900a5115c.png", "profile_name": "Hiyori Shiina", "profile_subcat": "Youkoso Jitsuryoku Shijou no Kyoushitsu", "sub_cat_id": 1438, "cat_id": 8, "property_id": 2, "mbti": "INTP", "enneatype": "5w4"}, {"id": 55327, "mbti_profile": "Rokusuke Koenji", "subcategory": "Youkoso Jitsuryoku Shijou no Kyoushitsu", "profile_image_url": "https://static1.personality-database.com/profile_images/15ba2bcd06ad490499ae39ac2b53dd47.png", "profile_name": "Rokusuke Koenji", "profile_subcat": "Youkoso Jitsuryoku Shijou no Kyoushitsu", "sub_cat_id": 1438, "cat_id": 8, "property_id": 2, "mbti": "ESFP", "enneatype": "3w4"}, {"id": 22125, "mbti_profile": "Kakeru Ryuen", "subcategory": "Youkoso Jitsuryoku Shijou no Kyoushitsu", "profile_image_url": "https://static1.personality-database.com/profile_images/e94fffc37ae84a1cbc376b85bc0e7cb4.png", "profile_name": "Kakeru Ryuen", "profile_subcat": "Youkoso Jitsuryoku Shijou no Kyoushitsu", "sub_cat_id": 1438, "cat_id": 8, "property_id": 2, "mbti": "ESTP", "enneatype": "8w7"}, {"id": 22119, "mbti_profile": "Kei Karuizawa", "subcategory": "Youkoso Jitsuryoku Shijou no Kyoushitsu", "profile_image_url": "https://static1.personality-database.com/profile_images/0c788ca22d6a44e1a64308b774516ce3.png", "profile_name": "Kei Karuizawa", "profile_subcat": "Youkoso Jitsuryoku Shijou no Kyoushitsu", "sub_cat_id": 1438, "cat_id": 8, "property_id": 2, "mbti": "ENFP", "enneatype": "6w7"}, {"id": 11158, "mbti_profile": "Arisu Sakayanagi", "subcategory": "Youkoso Jitsuryoku Shijou no Kyoushitsu", "profile_image_url": "https://static1.personality-database.com/profile_images/273644247c4e42ee95e3036654f2684c.png", "profile_name": "Arisu Sakayanagi", "profile_subcat": "Youkoso Jitsuryoku Shijou no Kyoushitsu", "sub_cat_id": 1438, "cat_id": 8, "property_id": 2, "mbti": "ENTP", "enneatype": "3w4"}, {"id": 241863, "mbti_profile": "Takuya Yagami", "subcategory": "Youkoso Jitsuryoku Shijou no Kyoushitsu", "profile_image_url": "https://static1.personality-database.com/profile_images/753627171b594f329e90d803fb361288.png", "profile_name": "Takuya Yagami", "profile_subcat": "Youkoso Jitsuryoku Shijou no Kyoushitsu", "sub_cat_id": 1438, "cat_id": 8, "property_id": 2, "mbti": "ENFJ", "enneatype": "3w2"}], "functions": ["Ni", "Te", "Fi", "Se"], "systems": [{"hex_color": "#888888", "id": 1, "personality_type": "XXXX", "personality_type_id": 0, "system_name": "Four Letter", "system_vote_count": 1197, "user_vote_type_id": 0, "vote_id": 0}, {"hex_color": "#006775", "id": 2, "personality_type": "XXXX", "personality_type_id": 0, "system_name": "Enneagram", "system_vote_count": 658, "user_vote_type_id": 0, "vote_id": 0}, {"hex_color": "#006775", "id": 5, "personality_type": "XXXX", "personality_type_id": 0, "system_name": "Instinctual Variant", "system_vote_count": 299, "user_vote_type_id": 0, "vote_id": 0}, {"hex_color": "#006775", "id": 6, "personality_type": "XXXX", "personality_type_id": 0, "system_name": "Tritype", "system_vote_count": 268, "user_vote_type_id": 0, "vote_id": 0}, {"hex_color": "#888888", "id": 3, "personality_type": "XXXX", "personality_type_id": 0, "system_name": "Socionics", "system_vote_count": 205, "user_vote_type_id": 0, "vote_id": 0}, {"hex_color": "#888888", "id": 9, "personality_type": "XXXX", "personality_type_id": 0, "system_name": "Big 5 (SLOAN)", "system_vote_count": 170, "user_vote_type_id": 0, "vote_id": 0}, {"hex_color": "#888888", "id": 8, "personality_type": "XXXX", "personality_type_id": 0, "system_name": "Attitudinal Psyche", "system_vote_count": 125, "user_vote_type_id": 0, "vote_id": 0}, {"hex_color": "#888888", "id": 7, "personality_type": "XXXX", "personality_type_id": 0, "system_name": "Temperaments", "system_vote_count": 247, "user_vote_type_id": 0, "vote_id": 0}, {"hex_color": "#888888", "id": 11, "personality_type": "XXXX", "personality_type_id": 0, "system_name": "Classic Jungian", "system_vote_count": 67, "user_vote_type_id": 0, "vote_id": 0}], "breakdown_systems": {"1": [{"myValue": "INTJ", "personality_system_id": 1, "personality_type": "INTJ", "theCount": 1041}, {"myValue": "INTP", "personality_system_id": 1, "personality_type": "INTP", "theCount": 75}, {"myValue": "ISTP", "personality_system_id": 1, "personality_type": "ISTP", "theCount": 49}, {"myValue": "ENTJ", "personality_system_id": 1, "personality_type": "ENTJ", "theCount": 9}, {"myValue": "ISFP", "personality_system_id": 1, "personality_type": "ISFP", "theCount": 5}, {"myValue": "INFJ", "personality_system_id": 1, "personality_type": "INFJ", "theCount": 4}, {"myValue": "ISTJ", "personality_system_id": 1, "personality_type": "ISTJ", "theCount": 4}, {"myValue": "ENTP", "personality_system_id": 1, "personality_type": "ENTP", "theCount": 3}, {"myValue": "ESFJ", "personality_system_id": 1, "personality_type": "ESFJ", "theCount": 3}, {"myValue": "ESFP", "personality_system_id": 1, "personality_type": "ESFP", "theCount": 2}, {"myValue": "ENFJ", "personality_system_id": 1, "personality_type": "ENFJ", "theCount": 1}, {"myValue": "INFP", "personality_system_id": 1, "personality_type": "INFP", "theCount": 1}], "10": [{"myValue": "Left-brained Introvert", "personality_system_id": 10, "personality_type": "Left-brained Introvert", "theCount": 2}], "11": [{"myValue": "IN(T)", "personality_system_id": 11, "personality_type": "IN(T)", "theCount": 43}, {"myValue": "IT(N)", "personality_system_id": 11, "personality_type": "IT(N)", "theCount": 18}, {"myValue": "IT(S)", "personality_system_id": 11, "personality_type": "IT(S)", "theCount": 5}, {"myValue": "IS(T)", "personality_system_id": 11, "personality_type": "IS(T)", "theCount": 1}], "2": [{"myValue": "5w6", "personality_system_id": 2, "personality_type": "5w6", "theCount": 587}, {"myValue": "5w4", "personality_system_id": 2, "personality_type": "5w4", "theCount": 28}, {"myValue": "6w5", "personality_system_id": 2, "personality_type": "6w5", "theCount": 9}, {"myValue": "3w4", "personality_system_id": 2, "personality_type": "3w4", "theCount": 7}, {"myValue": "8w7", "personality_system_id": 2, "personality_type": "8w7", "theCount": 7}, {"myValue": "1w9", "personality_system_id": 2, "personality_type": "1w9", "theCount": 3}, {"myValue": "3w2", "personality_system_id": 2, "personality_type": "3w2", "theCount": 3}, {"myValue": "8w9", "personality_system_id": 2, "personality_type": "8w9", "theCount": 3}, {"myValue": "9w8", "personality_system_id": 2, "personality_type": "9w8", "theCount": 3}, {"myValue": "2w1", "personality_system_id": 2, "personality_type": "2w1", "theCount": 2}, {"myValue": "4w3", "personality_system_id": 2, "personality_type": "4w3", "theCount": 2}, {"myValue": "1w2", "personality_system_id": 2, "personality_type": "1w2", "theCount": 1}, {"myValue": "2w3", "personality_system_id": 2, "personality_type": "2w3", "theCount": 1}, {"myValue": "7w6", "personality_system_id": 2, "personality_type": "7w6", "theCount": 1}, {"myValue": "9w1", "personality_system_id": 2, "personality_type": "9w1", "theCount": 1}], "3": [{"myValue": "ILI", "personality_system_id": 3, "personality_type": "ILI", "theCount": 172}, {"myValue": "LII", "personality_system_id": 3, "personality_type": "LII", "theCount": 9}, {"myValue": "LIE", "personality_system_id": 3, "personality_type": "LIE", "theCount": 8}, {"myValue": "LSI", "personality_system_id": 3, "personality_type": "LSI", "theCount": 6}, {"myValue": "EIE", "personality_system_id": 3, "personality_type": "EIE", "theCount": 2}, {"myValue": "IEI", "personality_system_id": 3, "personality_type": "IEI", "theCount": 2}, {"myValue": "SLE", "personality_system_id": 3, "personality_type": "SLE", "theCount": 2}, {"myValue": "ESE", "personality_system_id": 3, "personality_type": "ESE", "theCount": 1}, {"myValue": "ESI", "personality_system_id": 3, "personality_type": "ESI", "theCount": 1}, {"myValue": "IEE", "personality_system_id": 3, "personality_type": "IEE", "theCount": 1}, {"myValue": "ILE", "personality_system_id": 3, "personality_type": "ILE", "theCount": 1}], "4": [{"myValue": "True Neutral", "personality_system_id": 4, "personality_type": "True Neutral", "theCount": 27}, {"myValue": "Neutral Evil", "personality_system_id": 4, "personality_type": "Neutral Evil", "theCount": 6}, {"myValue": "Chaotic Neutral", "personality_system_id": 4, "personality_type": "Chaotic Neutral", "theCount": 2}, {"myValue": "Lawful Evil", "personality_system_id": 4, "personality_type": "Lawful Evil", "theCount": 1}], "5": [{"myValue": "sp/so", "personality_system_id": 5, "personality_type": "sp/so", "theCount": 213}, {"myValue": "sp/sx", "personality_system_id": 5, "personality_type": "sp/sx", "theCount": 62}, {"myValue": "sx/sp", "personality_system_id": 5, "personality_type": "sx/sp", "theCount": 10}, {"myValue": "so/sp", "personality_system_id": 5, "personality_type": "so/sp", "theCount": 6}, {"myValue": "sx/so", "personality_system_id": 5, "personality_type": "sx/so", "theCount": 5}, {"myValue": "so/sx", "personality_system_id": 5, "personality_type": "so/sx", "theCount": 3}], "6": [{"myValue": "593", "personality_system_id": 6, "personality_type": "593", "theCount": 182}, {"myValue": "539", "personality_system_id": 6, "personality_type": "539", "theCount": 25}, {"myValue": "538", "personality_system_id": 6, "personality_type": "538", "theCount": 21}, {"myValue": "583", "personality_system_id": 6, "personality_type": "583", "theCount": 10}, {"myValue": "594", "personality_system_id": 6, "personality_type": "594", "theCount": 8}, {"myValue": "147", "personality_system_id": 6, "personality_type": "147", "theCount": 2}, {"myValue": "359", "personality_system_id": 6, "personality_type": "359", "theCount": 2}, {"myValue": "548", "personality_system_id": 6, "personality_type": "548", "theCount": 2}, {"myValue": "953", "personality_system_id": 6, "personality_type": "953", "theCount": 2}, {"myValue": "126", "personality_system_id": 6, "personality_type": "126", "theCount": 1}, {"myValue": "127", "personality_system_id": 6, "personality_type": "127", "theCount": 1}, {"myValue": "136", "personality_system_id": 6, "personality_type": "136", "theCount": 1}, {"myValue": "279", "personality_system_id": 6, "personality_type": "279", "theCount": 1}, {"myValue": "395", "personality_system_id": 6, "personality_type": "395", "theCount": 1}, {"myValue": "512", "personality_system_id": 6, "personality_type": "512", "theCount": 1}, {"myValue": "513", "personality_system_id": 6, "personality_type": "513", "theCount": 1}, {"myValue": "514", "personality_system_id": 6, "personality_type": "514", "theCount": 1}, {"myValue": "531", "personality_system_id": 6, "personality_type": "531", "theCount": 1}, {"myValue": "582", "personality_system_id": 6, "personality_type": "582", "theCount": 1}, {"myValue": "835", "personality_system_id": 6, "personality_type": "835", "theCount": 1}, {"myValue": "837", "personality_system_id": 6, "personality_type": "837", "theCount": 1}, {"myValue": "853", "personality_system_id": 6, "personality_type": "853", "theCount": 1}, {"myValue": "937", "personality_system_id": 6, "personality_type": "937", "theCount": 1}], "7": [{"myValue": "Phlegmatic-Melancholic", "personality_system_id": 7, "personality_type": "Phlegmatic-Melancholic", "theCount": 164}, {"myValue": "Phlegmatic [Dominant]", "personality_system_id": 7, "personality_type": "Phlegmatic [Dominant]", "theCount": 32}, {"myValue": "Melancholic-Phlegmatic", "personality_system_id": 7, "personality_type": "Melancholic-Phlegmatic", "theCount": 19}, {"myValue": "Phlegmatic-Choleric", "personality_system_id": 7, "personality_type": "Phlegmatic-Choleric", "theCount": 14}, {"myValue": "Melancholic-Choleric", "personality_system_id": 7, "personality_type": "Melancholic-Choleric", "theCount": 7}, {"myValue": "Choleric-Melancholic", "personality_system_id": 7, "personality_type": "Choleric-Melancholic", "theCount": 4}, {"myValue": "Melancholic [Dominant]", "personality_system_id": 7, "personality_type": "Melancholic [Dominant]", "theCount": 3}, {"myValue": "Choleric [Dominant]", "personality_system_id": 7, "personality_type": "Choleric [Dominant]", "theCount": 2}, {"myValue": "Choleric-Phlegmatic", "personality_system_id": 7, "personality_type": "Choleric-Phlegmatic", "theCount": 1}, {"myValue": "Sanguine [Dominant]", "personality_system_id": 7, "personality_type": "Sanguine [Dominant]", "theCount": 1}], "8": [{"myValue": "LVFE", "personality_system_id": 8, "personality_type": "LVFE", "theCount": 81}, {"myValue": "LFVE", "personality_system_id": 8, "personality_type": "LFVE", "theCount": 17}, {"myValue": "LVEF", "personality_system_id": 8, "personality_type": "LVEF", "theCount": 11}, {"myValue": "LFEV", "personality_system_id": 8, "personality_type": "LFEV", "theCount": 9}, {"myValue": "VLFE", "personality_system_id": 8, "personality_type": "VLFE", "theCount": 3}, {"myValue": "FLEV", "personality_system_id": 8, "personality_type": "FLEV", "theCount": 1}, {"myValue": "VFEL", "personality_system_id": 8, "personality_type": "VFEL", "theCount": 1}, {"myValue": "VFLE", "personality_system_id": 8, "personality_type": "VFLE", "theCount": 1}, {"myValue": "VLEF", "personality_system_id": 8, "personality_type": "VLEF", "theCount": 1}], "9": [{"myValue": "RCOEI", "personality_system_id": 9, "personality_type": "RCOEI", "theCount": 152}, {"myValue": "RCOAI", "personality_system_id": 9, "personality_type": "RCOAI", "theCount": 6}, {"myValue": "RLOAN", "personality_system_id": 9, "personality_type": "RLOAN", "theCount": 2}, {"myValue": "RCOAN", "personality_system_id": 9, "personality_type": "RCOAN", "theCount": 1}, {"myValue": "RCOEN", "personality_system_id": 9, "personality_type": "RCOEN", "theCount": 1}, {"myValue": "RCUEI", "personality_system_id": 9, "personality_type": "RCUEI", "theCount": 1}, {"myValue": "RCUEN", "personality_system_id": 9, "personality_type": "RCUEN", "theCount": 1}, {"myValue": "RLOEI", "personality_system_id": 9, "personality_type": "RLOEI", "theCount": 1}, {"myValue": "RLUAI", "personality_system_id": 9, "personality_type": "RLUAI", "theCount": 1}, {"myValue": "RLUEN", "personality_system_id": 9, "personality_type": "RLUEN", "theCount": 1}, {"myValue": "SCOEI", "personality_system_id": 9, "personality_type": "SCOEI", "theCount": 1}, {"myValue": "SCUAI", "personality_system_id": 9, "personality_type": "SCUAI", "theCount": 1}, {"myValue": "SCUEI", "personality_system_id": 9, "personality_type": "SCUEI", "theCount": 1}]}, "breakdown_config": {"expand": {"1": 3, "10": 1, "11": 1, "2": 3, "3": 1, "4": 1, "5": 1, "6": 1, "7": 1, "8": 1, "9": 1}, "fire": {"1": 0, "10": 0, "11": 0, "2": 0, "3": 0, "4": 0, "5": 0, "6": 0, "7": 0, "8": 0, "9": 0}}, "mbti_letter_stats": [{"type": "I", "percentage": "98%", "PercentageFloat": 0.9849624060150376}, {"type": "N", "percentage": "95%", "PercentageFloat": 0.9473684210526315}, {"type": "T", "percentage": "99%", "PercentageFloat": 0.9866332497911445}, {"type": "J", "percentage": "89%", "PercentageFloat": 0.8872180451127819}], "topic_info": {"can_generate": false, "topic": {"description": "Kiyotaka Ayanok\u014dji\u00a0(\u7dbe\u5c0f\u8def\u6e05\u9686,\u00a0Ayanok\u014dji Kiyotaka)\u00a0is the main protagonist of You-Zitsu\u00a0series. He is an inconspicuous and unobtrusive student. He is shown to be extremely intelligent and possesses an profound insight to study the emotion of people around him. Almost everything about his life prior to the entrance exam is unknown.", "follow_count": 24, "id": 10072, "is_following": false, "is_join_pending": false, "is_banned": false, "is_moderated": false, "name_readable": "Kiyotaka Ayanok\u014dji", "post_count": 131, "source_profile_id": 10773, "source_type": "profile", "join_to_post": false, "can_pin": false, "related_topics": [{"description": "Kiyotaka Ayanok\u014dji\u00a0(\u7dbe\u5c0f\u8def\u6e05\u9686,\u00a0Ayanok\u014dji Kiyotaka)\u00a0is the main protagonist of You-Zitsu\u00a0series. He is an inconspicuous and unobtrusive student. He is shown to be extremely intelligent and possesses an profound insight to study the emotion of people around him. Almost everything about his life prior to the entrance exam is unknown.", "follow_count": 24, "id": 10072, "is_following": false, "is_join_pending": false, "is_banned": false, "is_moderated": false, "name_readable": "Kiyotaka Ayanok\u014dji", "post_count": 131, "source_profile_id": 10773, "source_type": "profile", "image": {"picURL": "https://static1.personality-database.com/profile_images/356dc652896a4cdc8a980c221153c53d.png"}, "join_to_post": false, "can_pin": false}, {"description": "", "follow_count": 1, "id": 20066, "is_following": false, "is_join_pending": false, "is_banned": false, "is_moderated": false, "name_readable": "Kei Karuizawa", "post_count": 14, "source_profile_id": 22119, "source_type": "profile", "image": {"picURL": "https://static1.personality-database.com/profile_images/0c788ca22d6a44e1a64308b774516ce3.png"}, "join_to_post": false, "can_pin": false}, {"description": "", "follow_count": 2, "id": 10073, "is_following": false, "is_join_pending": false, "is_banned": false, "is_moderated": false, "name_readable": "Suzune Horikita", "post_count": 9, "source_profile_id": 10774, "source_type": "profile", "image": {"picURL": "https://static1.personality-database.com/profile_images/21125bcb07a74e6aa22cd9a77cd2e672.png"}, "join_to_post": false, "can_pin": false}, {"description": "", "follow_count": 1, "id": 10074, "is_following": false, "is_join_pending": false, "is_banned": false, "is_moderated": false, "name_readable": "Kikyo Kushida", "post_count": 9, "source_profile_id": 10775, "source_type": "profile", "image": {"picURL": "https://static1.personality-database.com/profile_images/0936616287104532bbbabcf2b29cfc6b.png"}, "join_to_post": false, "can_pin": false}, {"description": "", "follow_count": 0, "id": 47021, "is_following": false, "is_join_pending": false, "is_banned": false, "is_moderated": false, "name_readable": "Rokusuke Koenji", "post_count": 7, "source_profile_id": 55327, "source_type": "profile", "image": {"picURL": "https://static1.personality-database.com/profile_images/15ba2bcd06ad490499ae39ac2b53dd47.png"}, "join_to_post": false, "can_pin": false}, {"description": "", "follow_count": 2, "id": 77093, "is_following": false, "is_join_pending": false, "is_banned": false, "is_moderated": false, "name_readable": "Hiyori Shiina", "post_count": 4, "source_profile_id": 95384, "source_type": "profile", "image": {"picURL": "https://static1.personality-database.com/profile_images/7c6f2455043f4e818556911900a5115c.png"}, "join_to_post": false, "can_pin": false}, {"description": "", "follow_count": 1, "id": 20067, "is_following": false, "is_join_pending": false, "is_banned": false, "is_moderated": false, "name_readable": "Honami Ichinose", "post_count": 3, "source_profile_id": 22120, "source_type": "profile", "image": {"picURL": "https://static1.personality-database.com/profile_images/91301a46493349199c1d766c6bfaea60.png"}, "join_to_post": false, "can_pin": false}, {"description": "", "follow_count": 1, "id": 187037, "is_following": false, "is_join_pending": false, "is_banned": false, "is_moderated": false, "name_readable": "Takuya Yagami", "post_count": 3, "source_profile_id": 241863, "source_type": "profile", "image": {"picURL": "https://static1.personality-database.com/profile_images/753627171b594f329e90d803fb361288.png"}, "join_to_post": false, "can_pin": false}, {"description": "", "follow_count": 1, "id": 10413, "is_following": false, "is_join_pending": false, "is_banned": false, "is_moderated": false, "name_readable": "Arisu Sakayanagi", "post_count": 2, "source_profile_id": 11158, "source_type": "profile", "image": {"picURL": "https://static1.personality-database.com/profile_images/273644247c4e42ee95e3036654f2684c.png"}, "join_to_post": false, "can_pin": false}, {"description": "", "follow_count": 0, "id": 20072, "is_following": false, "is_join_pending": false, "is_banned": false, "is_moderated": false, "name_readable": "Kakeru Ryuen", "post_count": 1, "source_profile_id": 22125, "source_type": "profile", "image": {"picURL": "https://static1.personality-database.com/profile_images/e94fffc37ae84a1cbc376b85bc0e7cb4.png"}, "join_to_post": false, "can_pin": false}, {"description": "", "follow_count": 0, "id": 47929, "is_following": false, "is_join_pending": false, "is_banned": false, "is_moderated": false, "name_readable": "Teruhiko Yukimura", "post_count": 1, "source_profile_id": 56440, "source_type": "profile", "image": {"picURL": "https://static1.personality-database.com/profile_images/d4211b3e281145f4826104a95e05740b.png"}, "join_to_post": false, "can_pin": false}, {"description": "", "follow_count": 0, "id": 47927, "is_following": false, "is_join_pending": false, "is_banned": false, "is_moderated": false, "name_readable": "Kanji Ike", "post_count": 1, "source_profile_id": 56438, "source_type": "profile", "image": {"picURL": "https://static1.personality-database.com/profile_images/08ccc4497ae5465f89bb2ff66b040e45.png"}, "join_to_post": false, "can_pin": false}, {"description": "", "follow_count": 0, "id": 101754, "is_following": false, "is_join_pending": false, "is_banned": false, "is_moderated": false, "name_readable": "Miyabi Nagumo", "post_count": 1, "source_profile_id": 130378, "source_type": "profile", "image": {"picURL": "https://static1.personality-database.com/profile_images/79f6a84870884b6aa0daa60b10fc7804.png"}, "join_to_post": false, "can_pin": false}, {"description": "", "follow_count": 0, "id": 311668, "is_following": false, "is_join_pending": false, "is_banned": false, "is_moderated": false, "name_readable": "Yuki Himeno", "post_count": 1, "source_profile_id": 406226, "source_type": "profile", "image": {"picURL": "https://static1.personality-database.com/profile_images/85516889fd44489c9c815fb641f30a29.png"}, "join_to_post": false, "can_pin": false}, {"description": "", "follow_count": 2, "id": 20068, "is_following": false, "is_join_pending": false, "is_banned": false, "is_moderated": false, "name_readable": "Yosuke Hirata", "post_count": 1, "source_profile_id": 22121, "source_type": "profile", "image": {"picURL": "https://static1.personality-database.com/profile_images/e5db664eef774aa6a22a19d8e1e66086.png"}, "join_to_post": false, "can_pin": false}, {"description": "The White Room (\u30db\u30ef\u30a4\u30c8\u30eb\u30fc\u30e0, Howaito R\u016bmu) is an educational institution where the early upbringing of Kiyotaka Ayanok\u014dji took place. It was headed by Kiyotaka's father and was the main cause of the talents that he had developed which would help him in his later years.", "follow_count": 0, "id": 336827, "is_following": false, "is_join_pending": false, "is_banned": false, "is_moderated": false, "name_readable": "The White Room", "post_count": 1, "source_profile_id": 520907, "source_type": "profile", "image": {"picURL": "https://static1.personality-database.com/profile_images/d232687ad6454eb19f7c5b3153f1c788.png"}, "join_to_post": false, "can_pin": false}], "subcategory": "Youkoso Jitsuryoku Shijou no Kyoushitsu", "topic_image_url": "https://static1.personality-database.com/profile_images/356dc652896a4cdc8a980c221153c53d.png", "source_location": {"cid": 8, "pid": 2, "sub_cat_id": 1438}, "can_post_image": false, "can_post_audio": false, "posts": {"posts": [{"username": "ate_your_liver", "user_pic_path": "https://static1.personality-database.com/user_avatars/1596196/fb50dfce-c73e-4f22-ae1a-e4c7e55c437d_small.jpeg", "user_personality_type": "ENTJ-8w9-846", "is_mod": false, "comment_count": 0, "reply_count": 0, "vote_type": 0, "topics_list": [{"id": 10072, "name_readable": "Kiyotaka Ayanok\u014dji"}], "id": 2207490, "post_id": 2207490, "user_id": 1596196, "title": "", "content": "ayanogoat. He goes through life on an easy level, I sympathize with him in a way", "create_date": 1673756533000, "unix_timestamp": 1673756533000, "update_date": 1673756533000, "vote_count": 0, "vote_count_down": 1, "is_reported": 1, "is_hidden": false, "is_pinned": false, "is_watching": false, "is_pro_user": false, "images": null, "audios": null, "function_list": [], "type": "post"}, {"username": "8hh", "user_pic_path": "https://static1.personality-database.com/user_avatars/553044/e929f1de-1c21-410e-87af-a2e339666aaf_small.jpeg", "user_personality_type": "INTJ-1w9-153", "is_mod": false, "comment_count": 2, "reply_count": 2, "vote_type": 0, "topics_list": [{"id": 10072, "name_readable": "Kiyotaka Ayanok\u014dji"}], "id": 2207486, "post_id": 2207486, "user_id": 553044, "title": "", "content": "(deleted)", "create_date": 1673681368000, "unix_timestamp": 1673681368000, "update_date": 1673681368000, "vote_count": 0, "vote_count_down": 0, "is_reported": 1, "is_hidden": true, "is_pinned": false, "is_watching": false, "is_pro_user": false, "images": null, "audios": null, "function_list": [], "type": "post"}, {"username": "exPDBee285411", "user_pic_path": "", "user_personality_type": "XXXX", "is_mod": false, "comment_count": 0, "reply_count": 0, "vote_type": 0, "topics_list": [{"id": 10072, "name_readable": "Kiyotaka Ayanok\u014dji"}], "id": 2172607, "post_id": 2172607, "user_id": 285411, "title": "\u042d\u0442\u043e\u0433\u043e \u043f\u0435\u0440\u0441\u0430 ", "content": "\u0434\u0435\u0439\u0441\u0442\u0432\u0438\u0442\u0435\u043b\u044c\u043d\u043e \u043a\u0442\u043e \u0442\u043e \u0432\u043e\u0441\u043f\u0440\u0438\u043d\u0438\u043c\u0430\u0435\u0442 \u0432\u0441\u0435\u0440\u044c\u0435\u0437?", "create_date": 1673533473000, "unix_timestamp": 1673533473000, "update_date": 1673533473000, "vote_count": 0, "vote_count_down": 0, "is_reported": 0, "is_hidden": false, "is_pinned": false, "is_watching": false, "is_pro_user": false, "images": null, "audios": null, "function_list": [], "type": "post"}]}}}}