{"id": 10838, "mbti_profile": "Hitoshi Shinso", "profile_name_searchable": "hitoshishinso", "allow_commenting": true, "allow_voting": true, "user_id": 1585, "contributor": "Luminis", "contributor_create_date": "2018-03-18 14:16:37", "contributor_pic_path": "https://lh3.googleusercontent.com/a-/AAuE7mBIKJzv3aT1mlyrKIH9poTUNZMdgBlliPkQyRVb=s96-c", "display_order": 0, "edit_lock": 0, "edit_lock_picture": 1, "is_active": true, "is_approved": true, "mbti_enneagram_type": "INTP 5w6", "mbti_type": "INTP 5w6", "pdb_comment_access": true, "pdb_page_owner": 0, "pdb_public_access": true, "wiki_description": "Hitoshi Shinso\u00a0is the supporting anti-hero in\u00a0My Hero Academia. He is a student at U.A. High School, basically under the General Department before entering the Hero Course next year. He serves\u00a0as one of Izuku's rivals and is the student of\u00a0Shota Aizawa, whom he is secretly practicing with.", "watch_count": 3006, "comment_count": 128, "vote_count": 1073, "vote_count_enneagram": 522, "vote_count_mbti": 1073, "total_vote_counts": 2268, "personality_type": "INTP - 5w6 - sp/sx - 584 - ILI - RCUEI - LVFE - Melancholic [Dominant] - IT(N)", "type_updated_date": "2022-11-19 13:48:15", "enneagram_vote": "", "enneagram_vote_id": 0, "mbti_vote": "", "mbti_vote_id": 0, "is_watching": false, "image_exists": false, "profile_image_url": "https://static1.personality-database.com/profile_images/525b701d1b834a84a6293709eada785b.png", "profile_image_credit": "", "profile_image_credit_id": 230040, "profile_image_credit_type": "0", "profile_image_credit_url": "http://pm1.narvii.com/6904/711baf5ce4b16971fcc81937a5ea4a63b67e109er1-924-924v2_uhq.jpg", "alt_subcategory": "My Hero Academia", "related_subcategories": "", "cat_id": 8, "category": "Anime & Manga", "category_is_fictional": true, "sub_cat_id": 834, "subcategory": "Boku no Hero Academia", "subcat_link_info": {"sub_cat_id": 834, "cat_id": 8, "property_id": 2, "subcategory": "Boku no Hero Academia"}, "related_subcat_link_info": null, "related_profiles": [{"id": 6597, "mbti_profile": "Katsuki Bakugo", "subcategory": "Boku no Hero Academia", "profile_image_url": "https://static1.personality-database.com/profile_images/1adab336b3e9487aa70b1cfebca10d77.png", "profile_name": "Katsuki Bakugo", "profile_subcat": "Boku no Hero Academia", "sub_cat_id": 834, "cat_id": 8, "property_id": 2, "mbti": "ENTJ", "enneatype": "8w7"}, {"id": 6596, "mbti_profile": "Izuku Midoriya \u201cDeku\u201d", "subcategory": "Boku no Hero Academia", "profile_image_url": "https://static1.personality-database.com/profile_images/b46400e529864d618c56c97ec6fbeda1.png", "profile_name": "Izuku Midoriya \u201cDeku\u201d", "profile_subcat": "Boku no Hero Academia", "sub_cat_id": 834, "cat_id": 8, "property_id": 2, "mbti": "INFJ", "enneatype": "6w5"}, {"id": 8931, "mbti_profile": "Shoto Todoroki", "subcategory": "Boku no Hero Academia", "profile_image_url": "https://static1.personality-database.com/profile_images/b0310e3ee6e5490093d78905e35117c7.png", "profile_name": "Shoto Todoroki", "profile_subcat": "Boku no Hero Academia", "sub_cat_id": 834, "cat_id": 8, "property_id": 2, "mbti": "INTJ", "enneatype": "1w9"}, {"id": 14123, "mbti_profile": "Dabi", "subcategory": "Boku no Hero Academia", "profile_image_url": "https://static1.personality-database.com/profile_images/3682df9ce0414557959c88b89556ce58.png", "profile_name": "Dabi", "profile_subcat": "Boku no Hero Academia", "sub_cat_id": 834, "cat_id": 8, "property_id": 2, "mbti": "ISFP", "enneatype": "4w3"}, {"id": 7634, "mbti_profile": "Ochako Uraraka \u201cUravity\u201d", "subcategory": "Boku no Hero Academia", "profile_image_url": "https://static1.personality-database.com/profile_images/2eda43a334a44a448f95ed649361597a.png", "profile_name": "Ochako Uraraka \u201cUravity\u201d", "profile_subcat": "Boku no Hero Academia", "sub_cat_id": 834, "cat_id": 8, "property_id": 2, "mbti": "ESFJ", "enneatype": "2w3"}, {"id": 9011, "mbti_profile": "Tomura Shigaraki", "subcategory": "Boku no Hero Academia", "profile_image_url": "https://static1.personality-database.com/profile_images/f919beafbccb4627a682e7cfc2ee8aed.png", "profile_name": "Tomura Shigaraki", "profile_subcat": "Boku no Hero Academia", "sub_cat_id": 834, "cat_id": 8, "property_id": 2, "mbti": "INTP", "enneatype": "6w5"}, {"id": 8929, "mbti_profile": "Denki Kaminari \u201cChargebolt\u201d", "subcategory": "Boku no Hero Academia", "profile_image_url": "https://static1.personality-database.com/profile_images/beccdf7739094cee93d3dbde22724458.png", "profile_name": "Denki Kaminari \u201cChargebolt\u201d", "profile_subcat": "Boku no Hero Academia", "sub_cat_id": 834, "cat_id": 8, "property_id": 2, "mbti": "ENTP", "enneatype": "7w6"}, {"id": 12466, "mbti_profile": "Himiko Toga", "subcategory": "Boku no Hero Academia", "profile_image_url": "https://static1.personality-database.com/profile_images/d05526e642374f8d937ce2d4a4d29cbf.png", "profile_name": "Himiko Toga", "profile_subcat": "Boku no Hero Academia", "sub_cat_id": 834, "cat_id": 8, "property_id": 2, "mbti": "ENTP", "enneatype": "7w6"}], "functions": ["Ti", "Ne", "Si", "Fe"], "systems": [{"hex_color": "#888888", "id": 1, "personality_type": "XXXX", "personality_type_id": 0, "system_name": "Four Letter", "system_vote_count": 1040, "user_vote_type_id": 0, "vote_id": 0}, {"hex_color": "#006775", "id": 2, "personality_type": "XXXX", "personality_type_id": 0, "system_name": "Enneagram", "system_vote_count": 508, "user_vote_type_id": 0, "vote_id": 0}, {"hex_color": "#006775", "id": 5, "personality_type": "XXXX", "personality_type_id": 0, "system_name": "Instinctual Variant", "system_vote_count": 149, "user_vote_type_id": 0, "vote_id": 0}, {"hex_color": "#006775", "id": 6, "personality_type": "XXXX", "personality_type_id": 0, "system_name": "Tritype", "system_vote_count": 175, "user_vote_type_id": 0, "vote_id": 0}, {"hex_color": "#888888", "id": 3, "personality_type": "XXXX", "personality_type_id": 0, "system_name": "Socionics", "system_vote_count": 81, "user_vote_type_id": 0, "vote_id": 0}, {"hex_color": "#888888", "id": 9, "personality_type": "XXXX", "personality_type_id": 0, "system_name": "Big 5 (SLOAN)", "system_vote_count": 54, "user_vote_type_id": 0, "vote_id": 0}, {"hex_color": "#888888", "id": 8, "personality_type": "XXXX", "personality_type_id": 0, "system_name": "Attitudinal Psyche", "system_vote_count": 32, "user_vote_type_id": 0, "vote_id": 0}, {"hex_color": "#888888", "id": 7, "personality_type": "XXXX", "personality_type_id": 0, "system_name": "Temperaments", "system_vote_count": 160, "user_vote_type_id": 0, "vote_id": 0}, {"hex_color": "#888888", "id": 11, "personality_type": "XXXX", "personality_type_id": 0, "system_name": "Classic Jungian", "system_vote_count": 4, "user_vote_type_id": 0, "vote_id": 0}], "breakdown_systems": {"1": [{"myValue": "INTP", "personality_system_id": 1, "personality_type": "INTP", "theCount": 881}, {"myValue": "INTJ", "personality_system_id": 1, "personality_type": "INTJ", "theCount": 110}, {"myValue": "ISTP", "personality_system_id": 1, "personality_type": "ISTP", "theCount": 29}, {"myValue": "INFJ", "personality_system_id": 1, "personality_type": "INFJ", "theCount": 5}, {"myValue": "INFP", "personality_system_id": 1, "personality_type": "INFP", "theCount": 4}, {"myValue": "ISFP", "personality_system_id": 1, "personality_type": "ISFP", "theCount": 3}, {"myValue": "ESFJ", "personality_system_id": 1, "personality_type": "ESFJ", "theCount": 2}, {"myValue": "ESFP", "personality_system_id": 1, "personality_type": "ESFP", "theCount": 2}, {"myValue": "ENTP", "personality_system_id": 1, "personality_type": "ENTP", "theCount": 1}, {"myValue": "ESTJ", "personality_system_id": 1, "personality_type": "ESTJ", "theCount": 1}, {"myValue": "ESTP", "personality_system_id": 1, "personality_type": "ESTP", "theCount": 1}, {"myValue": "ISTJ", "personality_system_id": 1, "personality_type": "ISTJ", "theCount": 1}], "10": [{"myValue": "Left-brained Introvert", "personality_system_id": 10, "personality_type": "Left-brained Introvert", "theCount": 2}], "11": [{"myValue": "IT(N)", "personality_system_id": 11, "personality_type": "IT(N)", "theCount": 3}, {"myValue": "IT(S)", "personality_system_id": 11, "personality_type": "IT(S)", "theCount": 1}], "2": [{"myValue": "5w6", "personality_system_id": 2, "personality_type": "5w6", "theCount": 448}, {"myValue": "5w4", "personality_system_id": 2, "personality_type": "5w4", "theCount": 34}, {"myValue": "9w8", "personality_system_id": 2, "personality_type": "9w8", "theCount": 9}, {"myValue": "6w5", "personality_system_id": 2, "personality_type": "6w5", "theCount": 5}, {"myValue": "2w1", "personality_system_id": 2, "personality_type": "2w1", "theCount": 3}, {"myValue": "4w5", "personality_system_id": 2, "personality_type": "4w5", "theCount": 2}, {"myValue": "7w8", "personality_system_id": 2, "personality_type": "7w8", "theCount": 2}, {"myValue": "2w3", "personality_system_id": 2, "personality_type": "2w3", "theCount": 1}, {"myValue": "3w2", "personality_system_id": 2, "personality_type": "3w2", "theCount": 1}, {"myValue": "3w4", "personality_system_id": 2, "personality_type": "3w4", "theCount": 1}, {"myValue": "6w7", "personality_system_id": 2, "personality_type": "6w7", "theCount": 1}, {"myValue": "9w1", "personality_system_id": 2, "personality_type": "9w1", "theCount": 1}], "3": [{"myValue": "ILI", "personality_system_id": 3, "personality_type": "ILI", "theCount": 77}, {"myValue": "ILE", "personality_system_id": 3, "personality_type": "ILE", "theCount": 2}, {"myValue": "ESE", "personality_system_id": 3, "personality_type": "ESE", "theCount": 1}, {"myValue": "LII", "personality_system_id": 3, "personality_type": "LII", "theCount": 1}], "4": [{"myValue": "True Neutral", "personality_system_id": 4, "personality_type": "True Neutral", "theCount": 49}, {"myValue": "Chaotic Neutral", "personality_system_id": 4, "personality_type": "Chaotic Neutral", "theCount": 5}, {"myValue": "Chaotic Good", "personality_system_id": 4, "personality_type": "Chaotic Good", "theCount": 4}, {"myValue": "Lawful Neutral", "personality_system_id": 4, "personality_type": "Lawful Neutral", "theCount": 2}, {"myValue": "Lawful Evil", "personality_system_id": 4, "personality_type": "Lawful Evil", "theCount": 1}, {"myValue": "Neutral Evil", "personality_system_id": 4, "personality_type": "Neutral Evil", "theCount": 1}, {"myValue": "Neutral Good", "personality_system_id": 4, "personality_type": "Neutral Good", "theCount": 1}], "5": [{"myValue": "sp/sx", "personality_system_id": 5, "personality_type": "sp/sx", "theCount": 138}, {"myValue": "sp/so", "personality_system_id": 5, "personality_type": "sp/so", "theCount": 7}, {"myValue": "so/sx", "personality_system_id": 5, "personality_type": "so/sx", "theCount": 2}, {"myValue": "sx/sp", "personality_system_id": 5, "personality_type": "sx/sp", "theCount": 2}], "6": [{"myValue": "584", "personality_system_id": 6, "personality_type": "584", "theCount": 90}, {"myValue": "594", "personality_system_id": 6, "personality_type": "594", "theCount": 62}, {"myValue": "548", "personality_system_id": 6, "personality_type": "548", "theCount": 7}, {"myValue": "954", "personality_system_id": 6, "personality_type": "954", "theCount": 3}, {"myValue": "541", "personality_system_id": 6, "personality_type": "541", "theCount": 2}, {"myValue": "549", "personality_system_id": 6, "personality_type": "549", "theCount": 2}, {"myValue": "583", "personality_system_id": 6, "personality_type": "583", "theCount": 2}, {"myValue": "135", "personality_system_id": 6, "personality_type": "135", "theCount": 1}, {"myValue": "269", "personality_system_id": 6, "personality_type": "269", "theCount": 1}, {"myValue": "459", "personality_system_id": 6, "personality_type": "459", "theCount": 1}, {"myValue": "514", "personality_system_id": 6, "personality_type": "514", "theCount": 1}, {"myValue": "539", "personality_system_id": 6, "personality_type": "539", "theCount": 1}, {"myValue": "593", "personality_system_id": 6, "personality_type": "593", "theCount": 1}, {"myValue": "648", "personality_system_id": 6, "personality_type": "648", "theCount": 1}], "7": [{"myValue": "Melancholic [Dominant]", "personality_system_id": 7, "personality_type": "Melancholic [Dominant]", "theCount": 115}, {"myValue": "Melancholic-Phlegmatic", "personality_system_id": 7, "personality_type": "Melancholic-Phlegmatic", "theCount": 23}, {"myValue": "Phlegmatic [Dominant]", "personality_system_id": 7, "personality_type": "Phlegmatic [Dominant]", "theCount": 7}, {"myValue": "Phlegmatic-Choleric", "personality_system_id": 7, "personality_type": "Phlegmatic-Choleric", "theCount": 6}, {"myValue": "Phlegmatic-Melancholic", "personality_system_id": 7, "personality_type": "Phlegmatic-Melancholic", "theCount": 5}, {"myValue": "Melancholic-Choleric", "personality_system_id": 7, "personality_type": "Melancholic-Choleric", "theCount": 2}, {"myValue": "Melancholic-Sanguine", "personality_system_id": 7, "personality_type": "Melancholic-Sanguine", "theCount": 1}, {"myValue": "Sanguine [Dominant]", "personality_system_id": 7, "personality_type": "Sanguine [Dominant]", "theCount": 1}], "8": [{"myValue": "LVFE", "personality_system_id": 8, "personality_type": "LVFE", "theCount": 26}, {"myValue": "LVEF", "personality_system_id": 8, "personality_type": "LVEF", "theCount": 5}, {"myValue": "LEFV", "personality_system_id": 8, "personality_type": "LEFV", "theCount": 1}], "9": [{"myValue": "RCUEI", "personality_system_id": 9, "personality_type": "RCUEI", "theCount": 47}, {"myValue": "RCOEI", "personality_system_id": 9, "personality_type": "RCOEI", "theCount": 2}, {"myValue": "RLOEI", "personality_system_id": 9, "personality_type": "RLOEI", "theCount": 2}, {"myValue": "RCUAI", "personality_system_id": 9, "personality_type": "RCUAI", "theCount": 1}, {"myValue": "RLOEN", "personality_system_id": 9, "personality_type": "RLOEN", "theCount": 1}, {"myValue": "SCOAI", "personality_system_id": 9, "personality_type": "SCOAI", "theCount": 1}]}, "breakdown_config": {"expand": {"1": 3, "10": 1, "11": 1, "2": 3, "3": 1, "4": 1, "5": 1, "6": 2, "7": 1, "8": 1, "9": 1}, "fire": {"1": 0, "10": 0, "11": 0, "2": 0, "3": 0, "4": 0, "5": 0, "6": 1, "7": 0, "8": 0, "9": 0}}, "mbti_letter_stats": [{"type": "I", "percentage": "99%", "PercentageFloat": 0.9932692307692308}, {"type": "N", "percentage": "96%", "PercentageFloat": 0.9625}, {"type": "T", "percentage": "98%", "PercentageFloat": 0.9846153846153847}, {"type": "P", "percentage": "89%", "PercentageFloat": 0.885576923076923}], "topic_info": {"can_generate": false, "topic": {"description": "Hitoshi Shinso\u00a0is the supporting anti-hero in\u00a0My Hero Academia. He is a student at U.A. High School, basically under the General Department before entering the Hero Course next year. He serves\u00a0as one of Izuku's rivals and is the student of\u00a0Shota Aizawa, whom he is secretly practicing with.", "follow_count": 5, "id": 10135, "is_following": false, "is_join_pending": false, "is_banned": false, "is_moderated": false, "name_readable": "Hitoshi Shinso", "post_count": 29, "source_profile_id": 10838, "source_type": "profile", "join_to_post": false, "can_pin": false, "related_topics": [{"description": "Katsuki Bakugo (\u7206\u3070\u304f\u8c6a\u3054\u3046\u52dd\u304b\u3064\u5df1\u304d Bakug\u014d Katsuki), also known as Kacchan by his childhood friends, and his hero name (spoiler)-----Great Explosion Murder God Dynamight-----(end spoiler), is a student in Class 1-A at U.A. High School, training to become a Pro Hero. He is the deuteragonist of the series. Katsuki is a crude, arrogant, short-tempered, and aggressive person, especially at the beginning of the series. Katsuki tends to come off as an anti-hero, if not downright villainous for those not familiar with him. This problematic behavior goes all the way back to his early childhood days when he was known to bully a young, Quirkless, Izuku Midoriya. He shows hostility towards Izuku Midoriya, mainly because of his Quirkless status.", "follow_count": 323, "id": 6154, "is_following": false, "is_join_pending": false, "is_banned": false, "is_moderated": false, "name_readable": "Katsuki Bakugo", "post_count": 696, "source_profile_id": 6597, "source_type": "profile", "image": {"picURL": "https://static1.personality-database.com/profile_images/1adab336b3e9487aa70b1cfebca10d77.png"}, "join_to_post": false, "can_pin": false}, {"description": "Dabi (\u837c\u6bd8\u3060\u3073), real name Toya Todoroki (\u8f5f\u3068\u3069\u308d\u304d\u71c8\u3068\u3046\u77e2\u3084), is a major supporting antagonist in the series. He is a Villain affiliated with the League of Villains, and formerly a member of the organization's Vanguard Action Squad. He and the rest of his team serve as the primary antagonists of the Forest Training Camp Arc. He also serves as an antagonist for the Pro Hero Arc.", "follow_count": 42, "id": 13030, "is_following": false, "is_join_pending": false, "is_banned": false, "is_moderated": false, "name_readable": "Dabi", "post_count": 199, "source_profile_id": 14123, "source_type": "profile", "image": {"picURL": "https://static1.personality-database.com/profile_images/3682df9ce0414557959c88b89556ce58.png"}, "join_to_post": false, "can_pin": false}, {"description": "Izuku Midoriya (\u7dd1\u307f\u3069\u308a\u8c37\u3084\u51fa\u3044\u305a\u4e45\u304f Midoriya Izuku), also known as Deku (\u30c7\u30af Deku), is the main protagonist of the My Hero Academia manga and anime series. Izuku is a very timid, reserved, and polite boy, frequently overreacting to abnormal situations with exaggerated expressions. Due to years of being looked down on by Katsuki for lacking a Quirk, he is initially portrayed as insecure, tearful, vulnerable, and non-expressive. However, after being accepted into U.A. High School, making new friends, and facing Katsuki during the Battle Trial Arc, Izuku gradually matures into a more confident and brave person who's always eager to prove his worth as a hero, eventually developing strong leadership skills, which combined with his passion and strategic abilities, have turned him into a central figure within Class", "follow_count": 131, "id": 6153, "is_following": false, "is_join_pending": false, "is_banned": false, "is_moderated": false, "name_readable": "Izuku Midoriya \u201cDeku\u201d", "post_count": 176, "source_profile_id": 6596, "source_type": "profile", "image": {"picURL": "https://static1.personality-database.com/profile_images/b46400e529864d618c56c97ec6fbeda1.png"}, "join_to_post": false, "can_pin": false}, {"description": "Shoto Todoroki (\u8f5f\u3068\u3069\u308d\u304d\u7126\u3057\u3087\u3046\u51cd\u3068 Todoroki Sh\u014dto), also known as Shoto (\u30b7\u30e7\u30fc\u30c8 Sh\u014dto), is a student in Class 1-A at U.A. High School, where he got in through official recommendations and is training to become a Pro Hero. He is the youngest son of Endeavor, the No. 1 (formerly No. 2) Hero, and one of the main protagonists of the series.  Shoto originally had a cold, aloof personality, which stemmed from his abusive upbringing and complicated family life. Focused and unemotional, Shoto preferred to keep to himself instead of hanging out with other people. After the events of the U.A. Sports Festival, however, Shoto notably became more sociable and kind, even gaining a sense of humor and occasionally smiling, although still retaining some fragments of his previous distant attitude. Shoto is not quite used to socializing yet, coming off as dense when it comes to understanding certain figures of speech.", "follow_count": 24, "id": 8345, "is_following": false, "is_join_pending": false, "is_banned": false, "is_moderated": false, "name_readable": "Shoto Todoroki", "post_count": 102, "source_profile_id": 8931, "source_type": "profile", "image": {"picURL": "https://static1.personality-database.com/profile_images/b0310e3ee6e5490093d78905e35117c7.png"}, "join_to_post": false, "can_pin": false}, {"description": "", "follow_count": 1, "id": 8346, "is_following": false, "is_join_pending": false, "is_banned": false, "is_moderated": false, "name_readable": "Minoru Mineta \u201cGrape Juice\u201d", "post_count": 61, "source_profile_id": 8932, "source_type": "profile", "image": {"picURL": "https://static1.personality-database.com/profile_images/5c1fb3c81f534e45a116046d90a37ff1.png"}, "join_to_post": false, "can_pin": false}, {"description": "Tomura Shigaraki (\u6b7b\u67c4\u6728 \u5f14) is the leader of the League of Villains.\n\nHe was initially arrogant, selfish, dependent and demanding, becoming angry if things didn't go his way and likening reality to a video game. Like a child, he was unable to cope with his own feelings. He would later learn to be more patient and self-controlled.\n\nTomura is proud of the League, wanting to prove that his organization has the power to shake society and mocking those standing in his way. He doesn't tolerate others making light of the League's name, but can set his pride aside for the sake of his goals.\n\nDespite Tomura's general nihilism and disgust of life, there are a select number of people he cares for: he has a close relationship with his mentor All For One, is attached to his guardian Kurogiri, and though he mostly acts aloof towards the League, he views and treats them as comrades.", "follow_count": 20, "id": 8419, "is_following": false, "is_join_pending": false, "is_banned": false, "is_moderated": false, "name_readable": "Tomura Shigaraki", "post_count": 55, "source_profile_id": 9011, "source_type": "profile", "image": {"picURL": "https://static1.personality-database.com/profile_images/f919beafbccb4627a682e7cfc2ee8aed.png"}, "join_to_post": false, "can_pin": false}, {"description": "", "follow_count": 14, "id": 14853, "is_following": false, "is_join_pending": false, "is_banned": false, "is_moderated": false, "name_readable": "Tamaki Amajiki \u201cSuneater\u201d", "post_count": 44, "source_profile_id": 16163, "source_type": "profile", "image": {"picURL": "https://static1.personality-database.com/profile_images/62c09360e4d346fe8b23aa70cb35e3c2.png"}, "join_to_post": false, "can_pin": false}, {"description": "\"I don't need much, I just want to be happy... I want to be able to fall in love, I love Izuku, I love Ochako... I want to be like the people I love, I want to live a normal life, love and die normally... as long as I can fall in love I will be happy...\"\n\nHimiko Toga (\u6e21\u6211 \u88ab\u8eab\u5b50) is a member of the League of Villains.\n\nShe is a very cheerful girl, smiling even after killing someone or when danger is imminent, and a talented people-reader and impersonator. One of her defining traits is her warped perception of love: she is convinced that it is only natural to want to be like the one you love, to the point of literally becoming that person, which thus justifies her butchering people in order to drink their blood and use her Quirk to take their appearance. She believes that life is too hard due to the numerous societal restrictions, and joined the League of Villains to help create a world where she would be free to do whatever she wants.\n\n#YandereCharacters", "follow_count": 12, "id": 11505, "is_following": false, "is_join_pending": false, "is_banned": false, "is_moderated": false, "name_readable": "Himiko Toga", "post_count": 39, "source_profile_id": 12466, "source_type": "profile", "image": {"picURL": "https://static1.personality-database.com/profile_images/d05526e642374f8d937ce2d4a4d29cbf.png"}, "join_to_post": false, "can_pin": false}, {"description": "", "follow_count": 5, "id": 7127, "is_following": false, "is_join_pending": false, "is_banned": false, "is_moderated": false, "name_readable": "Ochako Uraraka \u201cUravity\u201d", "post_count": 34, "source_profile_id": 7634, "source_type": "profile", "image": {"picURL": "https://static1.personality-database.com/profile_images/2eda43a334a44a448f95ed649361597a.png"}, "join_to_post": false, "can_pin": false}, {"description": "Hitoshi Shinso\u00a0is the supporting anti-hero in\u00a0My Hero Academia. He is a student at U.A. High School, basically under the General Department before entering the Hero Course next year. He serves\u00a0as one of Izuku's rivals and is the student of\u00a0Shota Aizawa, whom he is secretly practicing with.", "follow_count": 5, "id": 10135, "is_following": false, "is_join_pending": false, "is_banned": false, "is_moderated": false, "name_readable": "Hitoshi Shinso", "post_count": 29, "source_profile_id": 10838, "source_type": "profile", "image": {"picURL": "https://static1.personality-database.com/profile_images/525b701d1b834a84a6293709eada785b.png"}, "join_to_post": false, "can_pin": false}, {"description": "", "follow_count": 10, "id": 8343, "is_following": false, "is_join_pending": false, "is_banned": false, "is_moderated": false, "name_readable": "Denki Kaminari \u201cChargebolt\u201d", "post_count": 27, "source_profile_id": 8929, "source_type": "profile", "image": {"picURL": "https://static1.personality-database.com/profile_images/beccdf7739094cee93d3dbde22724458.png"}, "join_to_post": false, "can_pin": false}, {"description": "Kyoka Jiro (\u8033\u3058\u90ce\u308d\u3046\u97ff\u304d\u3087\u3046\u9999\u304b), also known as the Hearing Hero: Earphone Jack, is a student in Class 1-A at U.A. High School, training to become a Pro Hero.\n\nKyoka has a pragmatic, unenthusiastic, and teasing personality that is mostly shown to those she finds irritating, like her fellow classmate Denki Kaminari, whose cluelessness makes him an easy target for her snarky comments. Kyoka is not always like this though, as she does enjoy socializing with others, in which case she is usually nice and friendly.\nKyoka often gesticulates through her elongated earlobes in place of her hands. She can also be quite aggressive, evidenced when she uses the Earphone Jacks her Quirk provides to physically punish people when provoked or to keep them in line, most notably Denki and Minoru Mineta. During hero activities, however, Kyoka prefers smarter approaches, usually by coming up with a plan herself. She is surprisingly organized and makes sure to convey her ideas in a way that's easy to understand.\n", "follow_count": 3, "id": 8415, "is_following": false, "is_join_pending": false, "is_banned": false, "is_moderated": false, "name_readable": "Kyoka Jiro \u201cEarphone Jack\u201d", "post_count": 23, "source_profile_id": 9007, "source_type": "profile", "image": {"picURL": "https://static1.personality-database.com/profile_images/fb2e19a419c24fbab0029bda191d0e5c.png"}, "join_to_post": false, "can_pin": false}, {"description": "", "follow_count": 3, "id": 8424, "is_following": false, "is_join_pending": false, "is_banned": false, "is_moderated": false, "name_readable": "Neito Monoma \u201cPhantom Thief\u201d", "post_count": 20, "source_profile_id": 9016, "source_type": "profile", "image": {"picURL": "https://static1.personality-database.com/profile_images/22ac041d0aac46df85855fc634ee657a.png"}, "join_to_post": false, "can_pin": false}, {"description": "", "follow_count": 0, "id": 8420, "is_following": false, "is_join_pending": false, "is_banned": false, "is_moderated": false, "name_readable": "Enji Todoroki \"Endeavor\"", "post_count": 20, "source_profile_id": 9012, "source_type": "profile", "image": {"picURL": "https://static1.personality-database.com/profile_images/7eedf88c170842d3a734a8d169bdbf81.png"}, "join_to_post": false, "can_pin": false}, {"description": "", "follow_count": 2, "id": 8341, "is_following": false, "is_join_pending": false, "is_banned": false, "is_moderated": false, "name_readable": "Yuga Aoyama \u201cCan't Stop Twinkling\u201d", "post_count": 19, "source_profile_id": 8927, "source_type": "profile", "image": {"picURL": "https://static1.personality-database.com/profile_images/6b6e7916b83c45d5a3c5163d35ccb318.png"}, "join_to_post": false, "can_pin": false}, {"description": "", "follow_count": 4, "id": 6157, "is_following": false, "is_join_pending": false, "is_banned": false, "is_moderated": false, "name_readable": "Toshinori Yagi \"All Might\"", "post_count": 19, "source_profile_id": 6600, "source_type": "profile", "image": {"picURL": "https://static1.personality-database.com/profile_images/632dc576869b4454b23417d1c821b893.png"}, "join_to_post": false, "can_pin": false}], "subcategory": "Boku no Hero Academia", "topic_image_url": "https://static1.personality-database.com/profile_images/525b701d1b834a84a6293709eada785b.png", "source_location": {"cid": 8, "pid": 2, "sub_cat_id": 834}, "can_post_image": false, "can_post_audio": false, "posts": {"posts": [{"username": "una", "user_pic_path": "https://static1.personality-database.com/user_avatars/240551/b444ca81-394c-4a97-9d01-9858d949579c_small.jpeg", "user_personality_type": "ENTP-7w6-794", "is_mod": false, "comment_count": 0, "reply_count": 0, "vote_type": 0, "topics_list": [{"id": 10135, "name_readable": "Hitoshi Shinso"}], "id": 2147643, "post_id": 2147643, "user_id": 240551, "title": "", "content": "he is such a good person bc if i had that quirk of his ....", "create_date": 1673257642000, "unix_timestamp": 1673257642000, "update_date": 1673257642000, "vote_count": 1, "vote_count_down": 0, "is_reported": 0, "is_hidden": false, "is_pinned": false, "is_watching": false, "is_pro_user": false, "images": null, "audios": null, "function_list": [], "type": "post"}, {"username": "izzystradler", "user_pic_path": "https://static1.personality-database.com/user_avatars/580482/2350ccb8-4bd5-44fb-b9a8-607cfd89c77d.jpeg", "user_personality_type": "INTP", "is_mod": false, "comment_count": 0, "reply_count": 0, "vote_type": 0, "topics_list": [{"id": 10135, "name_readable": "Hitoshi Shinso"}], "id": 1801739, "post_id": 1801739, "user_id": 580482, "title": "", "content": "blessed to have him \ud83d\udcaa\ud83d\udcaa\ud83d\udcaa", "create_date": 1667145793000, "unix_timestamp": 1667145793000, "update_date": 1667145793000, "vote_count": 3, "vote_count_down": 0, "is_reported": 1, "is_hidden": false, "is_pinned": false, "is_watching": false, "is_pro_user": false, "images": null, "audios": null, "function_list": [], "type": "post"}, {"username": "doodler", "user_pic_path": "https://static1.personality-database.com/user_avatars/804968/f20fbb15-46b2-4f79-9dfb-6a5003efedd4.jpeg", "user_personality_type": "INTP-5w6-584", "is_mod": false, "comment_count": 2, "reply_count": 2, "vote_type": 0, "topics_list": [{"id": 10135, "name_readable": "Hitoshi Shinso"}], "id": 1801717, "post_id": 1801717, "user_id": 804968, "title": "", "content": "So let me get it: I have the same personality, eneagram, tritype, instinctual variant, socionics and attitudinal psyche of this guy? \n\n... \nOk", "create_date": 1665156934000, "unix_timestamp": 1665156934000, "update_date": 1665156934000, "vote_count": 3, "vote_count_down": 0, "is_reported": 1, "is_hidden": false, "is_pinned": false, "is_watching": false, "is_pro_user": false, "images": null, "audios": null, "function_list": [], "type": "post"}]}}}}