{"id": 79839, "mbti_profile": "Junpei Yoshino", "profile_name_searchable": "loser", "allow_commenting": true, "allow_voting": true, "user_id": 5372, "contributor": "gabriel_", "contributor_create_date": "2020-01-01 22:37:59", "contributor_pic_path": "https://lh3.googleusercontent.com/a-/AOh14GgZoBkEOyOLb7kXdQZvmMFUi69-gsX6vDH2arcu8A=s96-c", "display_order": 0, "edit_lock": 0, "edit_lock_picture": 1, "is_active": true, "is_approved": true, "mbti_enneagram_type": "INFP 4w5", "mbti_type": "INFP 4w5", "pdb_comment_access": true, "pdb_page_owner": 0, "pdb_public_access": true, "wiki_description": "Junpei Yoshino (\u5409\u91ce \u9806\u5e73 ; Yoshino Junpei) is a supporting character in the Vs. Mahito Arc of the Jujutsu Kaisen series.", "watch_count": 1915, "comment_count": 135, "vote_count": 788, "vote_count_enneagram": 444, "vote_count_mbti": 788, "total_vote_counts": 1851, "personality_type": "INFP - 4w5 - sp/sx - 459 - IEI - RLUEI - ELVF - Melancholic [Dominant] - IF(N)", "type_updated_date": "2022-11-15 20:47:29", "enneagram_vote": "", "enneagram_vote_id": 0, "mbti_vote": "", "mbti_vote_id": 0, "is_watching": false, "image_exists": false, "profile_image_url": "https://static1.personality-database.com/profile_images/94f99f7337474a9389e48ada1a5c123f.png", "profile_image_credit": "", "profile_image_credit_id": 163746, "profile_image_credit_type": "0", "profile_image_credit_url": "", "alt_subcategory": "", "related_subcategories": "", "cat_id": 8, "category": "Anime & Manga", "category_is_fictional": true, "sub_cat_id": 6341, "subcategory": "Jujutsu Kaisen", "subcat_link_info": {"sub_cat_id": 6341, "cat_id": 8, "property_id": 2, "subcategory": "Jujutsu Kaisen"}, "related_subcat_link_info": null, "related_profiles": [{"id": 79817, "mbti_profile": "Satoru Gojo", "subcategory": "Jujutsu Kaisen", "profile_image_url": "https://static1.personality-database.com/profile_images/e605ec5a80fd45ea8aed4d1cdbff1817.png", "profile_name": "Satoru Gojo", "profile_subcat": "Jujutsu Kaisen", "sub_cat_id": 6341, "cat_id": 8, "property_id": 2, "mbti": "ENTP", "enneatype": "7w8"}, {"id": 79815, "mbti_profile": "Yuji Itadori", "subcategory": "Jujutsu Kaisen", "profile_image_url": "https://static1.personality-database.com/profile_images/73785dd5992945778bc1c84860d2b9a1.png", "profile_name": "Yuji Itadori", "profile_subcat": "Jujutsu Kaisen", "sub_cat_id": 6341, "cat_id": 8, "property_id": 2, "mbti": "ISFP", "enneatype": "7w6"}, {"id": 79819, "mbti_profile": "Ryomen Sukuna", "subcategory": "Jujutsu Kaisen", "profile_image_url": "https://static1.personality-database.com/profile_images/dd949a36b01e4e269f27bb910388ccd1.png", "profile_name": "Ryomen Sukuna", "profile_subcat": "Jujutsu Kaisen", "sub_cat_id": 6341, "cat_id": 8, "property_id": 2, "mbti": "ENTJ", "enneatype": "8w7"}, {"id": 79834, "mbti_profile": "Maki Zenin", "subcategory": "Jujutsu Kaisen", "profile_image_url": "https://static1.personality-database.com/profile_images/9ef9378827154b898ce218ff753288cf.png", "profile_name": "Maki Zenin", "profile_subcat": "Jujutsu Kaisen", "sub_cat_id": 6341, "cat_id": 8, "property_id": 2, "mbti": "ESTJ", "enneatype": "8w9"}, {"id": 79818, "mbti_profile": "Nobara Kugisaki", "subcategory": "Jujutsu Kaisen", "profile_image_url": "https://static1.personality-database.com/profile_images/bd3c33cf39444660bcfd6d40a0180c72.png", "profile_name": "Nobara Kugisaki", "profile_subcat": "Jujutsu Kaisen", "sub_cat_id": 6341, "cat_id": 8, "property_id": 2, "mbti": "ESTJ", "enneatype": "8w7"}, {"id": 129375, "mbti_profile": "Toji Fushiguro", "subcategory": "Jujutsu Kaisen", "profile_image_url": "https://static1.personality-database.com/profile_images/0e5b50d6433d463481c2d3c5df4ef8b8.png", "profile_name": "Toji Fushiguro", "profile_subcat": "Jujutsu Kaisen", "sub_cat_id": 6341, "cat_id": 8, "property_id": 2, "mbti": "ESTP", "enneatype": "8w7"}, {"id": 79816, "mbti_profile": "Megumi Fushiguro", "subcategory": "Jujutsu Kaisen", "profile_image_url": "https://static1.personality-database.com/profile_images/ec30bf3a229e439fb29ee6056a1d62f7.png", "profile_name": "Megumi Fushiguro", "profile_subcat": "Jujutsu Kaisen", "sub_cat_id": 6341, "cat_id": 8, "property_id": 2, "mbti": "ISTJ", "enneatype": "1w9"}, {"id": 79832, "mbti_profile": "Mahito", "subcategory": "Jujutsu Kaisen", "profile_image_url": "https://static1.personality-database.com/profile_images/ae3599cee0914641a93633c85ad09f36.png", "profile_name": "Mahito", "profile_subcat": "Jujutsu Kaisen", "sub_cat_id": 6341, "cat_id": 8, "property_id": 2, "mbti": "ENTP", "enneatype": "7w8"}], "functions": ["Fi", "Ne", "Si", "Te"], "systems": [{"hex_color": "#888888", "id": 1, "personality_type": "XXXX", "personality_type_id": 0, "system_name": "Four Letter", "system_vote_count": 771, "user_vote_type_id": 0, "vote_id": 0}, {"hex_color": "#006775", "id": 2, "personality_type": "XXXX", "personality_type_id": 0, "system_name": "Enneagram", "system_vote_count": 431, "user_vote_type_id": 0, "vote_id": 0}, {"hex_color": "#006775", "id": 5, "personality_type": "XXXX", "personality_type_id": 0, "system_name": "Instinctual Variant", "system_vote_count": 142, "user_vote_type_id": 0, "vote_id": 0}, {"hex_color": "#006775", "id": 6, "personality_type": "XXXX", "personality_type_id": 0, "system_name": "Tritype", "system_vote_count": 135, "user_vote_type_id": 0, "vote_id": 0}, {"hex_color": "#888888", "id": 3, "personality_type": "XXXX", "personality_type_id": 0, "system_name": "Socionics", "system_vote_count": 79, "user_vote_type_id": 0, "vote_id": 0}, {"hex_color": "#888888", "id": 9, "personality_type": "XXXX", "personality_type_id": 0, "system_name": "Big 5 (SLOAN)", "system_vote_count": 70, "user_vote_type_id": 0, "vote_id": 0}, {"hex_color": "#888888", "id": 8, "personality_type": "XXXX", "personality_type_id": 0, "system_name": "Attitudinal Psyche", "system_vote_count": 39, "user_vote_type_id": 0, "vote_id": 0}, {"hex_color": "#888888", "id": 7, "personality_type": "XXXX", "personality_type_id": 0, "system_name": "Temperaments", "system_vote_count": 142, "user_vote_type_id": 0, "vote_id": 0}, {"hex_color": "#888888", "id": 11, "personality_type": "XXXX", "personality_type_id": 0, "system_name": "Classic Jungian", "system_vote_count": 7, "user_vote_type_id": 0, "vote_id": 0}], "breakdown_systems": {"1": [{"myValue": "INFP", "personality_system_id": 1, "personality_type": "INFP", "theCount": 735}, {"myValue": "INTP", "personality_system_id": 1, "personality_type": "INTP", "theCount": 12}, {"myValue": "ISFP", "personality_system_id": 1, "personality_type": "ISFP", "theCount": 12}, {"myValue": "INFJ", "personality_system_id": 1, "personality_type": "INFJ", "theCount": 6}, {"myValue": "ENFJ", "personality_system_id": 1, "personality_type": "ENFJ", "theCount": 2}, {"myValue": "ESTJ", "personality_system_id": 1, "personality_type": "ESTJ", "theCount": 2}, {"myValue": "ENTP", "personality_system_id": 1, "personality_type": "ENTP", "theCount": 1}, {"myValue": "INTJ", "personality_system_id": 1, "personality_type": "INTJ", "theCount": 1}], "10": [{"myValue": "Right-brained Introvert", "personality_system_id": 10, "personality_type": "Right-brained Introvert", "theCount": 1}], "11": [{"myValue": "IF(N)", "personality_system_id": 11, "personality_type": "IF(N)", "theCount": 7}], "2": [{"myValue": "4w5", "personality_system_id": 2, "personality_type": "4w5", "theCount": 409}, {"myValue": "6w5", "personality_system_id": 2, "personality_type": "6w5", "theCount": 8}, {"myValue": "4w3", "personality_system_id": 2, "personality_type": "4w3", "theCount": 4}, {"myValue": "6w7", "personality_system_id": 2, "personality_type": "6w7", "theCount": 3}, {"myValue": "9w1", "personality_system_id": 2, "personality_type": "9w1", "theCount": 3}, {"myValue": "2w1", "personality_system_id": 2, "personality_type": "2w1", "theCount": 1}, {"myValue": "5w4", "personality_system_id": 2, "personality_type": "5w4", "theCount": 1}, {"myValue": "5w6", "personality_system_id": 2, "personality_type": "5w6", "theCount": 1}, {"myValue": "9w8", "personality_system_id": 2, "personality_type": "9w8", "theCount": 1}], "3": [{"myValue": "IEI", "personality_system_id": 3, "personality_type": "IEI", "theCount": 66}, {"myValue": "EII", "personality_system_id": 3, "personality_type": "EII", "theCount": 9}, {"myValue": "ILI", "personality_system_id": 3, "personality_type": "ILI", "theCount": 2}, {"myValue": "ESE", "personality_system_id": 3, "personality_type": "ESE", "theCount": 1}, {"myValue": "SLE", "personality_system_id": 3, "personality_type": "SLE", "theCount": 1}], "4": [{"myValue": "True Neutral", "personality_system_id": 4, "personality_type": "True Neutral", "theCount": 30}, {"myValue": "Neutral Good", "personality_system_id": 4, "personality_type": "Neutral Good", "theCount": 2}, {"myValue": "Chaotic Good", "personality_system_id": 4, "personality_type": "Chaotic Good", "theCount": 1}, {"myValue": "Lawful Good", "personality_system_id": 4, "personality_type": "Lawful Good", "theCount": 1}], "5": [{"myValue": "sp/sx", "personality_system_id": 5, "personality_type": "sp/sx", "theCount": 106}, {"myValue": "so/sx", "personality_system_id": 5, "personality_type": "so/sx", "theCount": 18}, {"myValue": "sp/so", "personality_system_id": 5, "personality_type": "sp/so", "theCount": 7}, {"myValue": "sx/sp", "personality_system_id": 5, "personality_type": "sx/sp", "theCount": 7}, {"myValue": "so/sp", "personality_system_id": 5, "personality_type": "so/sp", "theCount": 4}], "6": [{"myValue": "459", "personality_system_id": 6, "personality_type": "459", "theCount": 100}, {"myValue": "469", "personality_system_id": 6, "personality_type": "469", "theCount": 21}, {"myValue": "495", "personality_system_id": 6, "personality_type": "495", "theCount": 4}, {"myValue": "649", "personality_system_id": 6, "personality_type": "649", "theCount": 4}, {"myValue": "451", "personality_system_id": 6, "personality_type": "451", "theCount": 2}, {"myValue": "694", "personality_system_id": 6, "personality_type": "694", "theCount": 2}, {"myValue": "127", "personality_system_id": 6, "personality_type": "127", "theCount": 1}, {"myValue": "962", "personality_system_id": 6, "personality_type": "962", "theCount": 1}], "7": [{"myValue": "Melancholic [Dominant]", "personality_system_id": 7, "personality_type": "Melancholic [Dominant]", "theCount": 129}, {"myValue": "Melancholic-Phlegmatic", "personality_system_id": 7, "personality_type": "Melancholic-Phlegmatic", "theCount": 7}, {"myValue": "Choleric-Melancholic", "personality_system_id": 7, "personality_type": "Choleric-Melancholic", "theCount": 1}, {"myValue": "Choleric-Phlegmatic", "personality_system_id": 7, "personality_type": "Choleric-Phlegmatic", "theCount": 1}, {"myValue": "Melancholic-Choleric", "personality_system_id": 7, "personality_type": "Melancholic-Choleric", "theCount": 1}, {"myValue": "Melancholic-Sanguine", "personality_system_id": 7, "personality_type": "Melancholic-Sanguine", "theCount": 1}, {"myValue": "Phlegmatic-Choleric", "personality_system_id": 7, "personality_type": "Phlegmatic-Choleric", "theCount": 1}, {"myValue": "Phlegmatic-Melancholic", "personality_system_id": 7, "personality_type": "Phlegmatic-Melancholic", "theCount": 1}], "8": [{"myValue": "ELVF", "personality_system_id": 8, "personality_type": "ELVF", "theCount": 33}, {"myValue": "ELFV", "personality_system_id": 8, "personality_type": "ELFV", "theCount": 4}, {"myValue": "EVFL", "personality_system_id": 8, "personality_type": "EVFL", "theCount": 1}, {"myValue": "EVLF", "personality_system_id": 8, "personality_type": "EVLF", "theCount": 1}], "9": [{"myValue": "RLUEI", "personality_system_id": 9, "personality_type": "RLUEI", "theCount": 49}, {"myValue": "RLUAI", "personality_system_id": 9, "personality_type": "RLUAI", "theCount": 16}, {"myValue": "RCUEI", "personality_system_id": 9, "personality_type": "RCUEI", "theCount": 2}, {"myValue": "RLOAI", "personality_system_id": 9, "personality_type": "RLOAI", "theCount": 1}, {"myValue": "RLUAN", "personality_system_id": 9, "personality_type": "RLUAN", "theCount": 1}, {"myValue": "SCUAI", "personality_system_id": 9, "personality_type": "SCUAI", "theCount": 1}]}, "breakdown_config": {"expand": {"1": 3, "10": 1, "11": 1, "2": 3, "3": 1, "4": 1, "5": 1, "6": 1, "7": 1, "8": 1, "9": 1}, "fire": {"1": 0, "10": 0, "11": 0, "2": 0, "3": 0, "4": 0, "5": 0, "6": 0, "7": 0, "8": 0, "9": 0}}, "mbti_letter_stats": [{"type": "I", "percentage": "99%", "PercentageFloat": 0.993514915693904}, {"type": "N", "percentage": "98%", "PercentageFloat": 0.9818417639429312}, {"type": "F", "percentage": "98%", "PercentageFloat": 0.9792477302204928}, {"type": "P", "percentage": "99%", "PercentageFloat": 0.9857328145265889}], "topic_info": {"can_generate": false, "topic": {"description": "Junpei Yoshino (\u5409\u91ce \u9806\u5e73 ; Yoshino Junpei) is a supporting character in the Vs. Mahito Arc of the Jujutsu Kaisen series.\n\n#INFPVillains (Debatable)", "follow_count": 3, "id": 64612, "is_following": false, "is_join_pending": false, "is_banned": false, "is_moderated": false, "name_readable": "Junpei Yoshino", "post_count": 38, "source_profile_id": 79839, "source_type": "profile", "join_to_post": false, "can_pin": false, "related_topics": [{"description": "Satoru Gojo (\u4e94\u6761 \u609f ; Goj\u014d Satoru) is one of the main protagonists of Jujutsu Kaisen. He is a special grade jujutsu sorcerer and a teacher at Tokyo Metropolitan Curse Technical College. He's voiced by #YuichiNakamura", "follow_count": 404, "id": 64590, "is_following": false, "is_join_pending": false, "is_banned": false, "is_moderated": false, "name_readable": "Satoru Gojo", "post_count": 228, "source_profile_id": 79817, "source_type": "profile", "image": {"picURL": "https://static1.personality-database.com/profile_images/e605ec5a80fd45ea8aed4d1cdbff1817.png"}, "join_to_post": false, "can_pin": false}, {"description": "Toji Fushiguro (\u4f0f\u9ed2 \u751a\u723e ; Fushiguro T\u014dji), born Toji Zenin (\u79aa\u9662 \u751a\u723e ; Zen'in T\u014dji) is a recurring character in the Jujutsu Kaisen series.", "follow_count": 18, "id": 101050, "is_following": false, "is_join_pending": false, "is_banned": false, "is_moderated": false, "name_readable": "Toji Fushiguro", "post_count": 118, "source_profile_id": 129375, "source_type": "profile", "image": {"picURL": "https://static1.personality-database.com/profile_images/0e5b50d6433d463481c2d3c5df4ef8b8.png"}, "join_to_post": false, "can_pin": false}, {"description": "Yuji Itadori (\u864e\u6756 \u60a0\u4ec1 ; Itadori Y\u016bji) is the main protagonist of Jujutsu Kaisen. He is a first-year at Tokyo Metropolitan Curse Technical College. #JunyaEnoki", "follow_count": 16, "id": 64588, "is_following": false, "is_join_pending": false, "is_banned": false, "is_moderated": false, "name_readable": "Yuji Itadori", "post_count": 92, "source_profile_id": 79815, "source_type": "profile", "image": {"picURL": "https://static1.personality-database.com/profile_images/73785dd5992945778bc1c84860d2b9a1.png"}, "join_to_post": false, "can_pin": false}, {"description": "Suguru Geto (\u590f\u6cb9 \u5091 ; Get\u014d Suguru) is an antagonist in both the Jujutsu Kaisen series and its prequel Jujutsu Kaisen 0: Jujutsu High. #TakahiroSakurai", "follow_count": 8, "id": 64604, "is_following": false, "is_join_pending": false, "is_banned": false, "is_moderated": false, "name_readable": "Suguru Geto", "post_count": 91, "source_profile_id": 79831, "source_type": "profile", "image": {"picURL": "https://static1.personality-database.com/profile_images/116782be1f794a46899b3429d0d66a5b.png"}, "join_to_post": false, "can_pin": false}, {"description": "Ryomen Sukuna (\u4e21\u9762 \u5bbf\u513a ; Ry\u014dmen Sukuna), more often called just Sukuna (\u5bbf\u513a ; Sukuna), is a mighty Cursed Spirit that serves as one of the primary antagonists of Jujutsu Kaisen.\n#JunichiSuwabe", "follow_count": 8, "id": 64592, "is_following": false, "is_join_pending": false, "is_banned": false, "is_moderated": false, "name_readable": "Ryomen Sukuna", "post_count": 85, "source_profile_id": 79819, "source_type": "profile", "image": {"picURL": "https://static1.personality-database.com/profile_images/dd949a36b01e4e269f27bb910388ccd1.png"}, "join_to_post": false, "can_pin": false}, {"description": "Yuta Okkotsu (\u4e59\u9aa8 \u6182\u592a ; Okkotsu Y\u016bta) is the main protagonist of Jujutsu Kaisen's prequel series Jujutsu Kaisen 0: Jujutsu High. He is voiced by #MegumiOgata", "follow_count": 13, "id": 64603, "is_following": false, "is_join_pending": false, "is_banned": false, "is_moderated": false, "name_readable": "Yuta Okkotsu", "post_count": 63, "source_profile_id": 79830, "source_type": "profile", "image": {"picURL": "https://static1.personality-database.com/profile_images/90430a1b5207425db7cda0c837061358.png"}, "join_to_post": false, "can_pin": false}, {"description": "Megumi Fushiguro (\u4f0f\u9ed2 \u6075 ; Fushiguro Megumi) is the deuteragonist of the Jujutsu Kaisen series. He is a first-year student at the Jujutsu High and also a descendant of the Zenin family.\n\n#YumaUchida", "follow_count": 14, "id": 64589, "is_following": false, "is_join_pending": false, "is_banned": false, "is_moderated": false, "name_readable": "Megumi Fushiguro", "post_count": 54, "source_profile_id": 79816, "source_type": "profile", "image": {"picURL": "https://static1.personality-database.com/profile_images/ec30bf3a229e439fb29ee6056a1d62f7.png"}, "join_to_post": false, "can_pin": false}, {"description": "Nobara Kugisaki (\u91d8\u5d0e \u91ce\u8594\u8587 ; Kugisaki Nobara) is the tritagonist of Jujutsu Kaisen. She is a first-year at Tokyo Metropolitan Curse Technical College.", "follow_count": 7, "id": 64591, "is_following": false, "is_join_pending": false, "is_banned": false, "is_moderated": false, "name_readable": "Nobara Kugisaki", "post_count": 45, "source_profile_id": 79818, "source_type": "profile", "image": {"picURL": "https://static1.personality-database.com/profile_images/bd3c33cf39444660bcfd6d40a0180c72.png"}, "join_to_post": false, "can_pin": false}, {"description": "Mahito (\u771f\u4eba ; Mahito) is one of the primary antagonists of the Jujutsu Kaisen series.\n\n#ENTPVillains", "follow_count": 5, "id": 64605, "is_following": false, "is_join_pending": false, "is_banned": false, "is_moderated": false, "name_readable": "Mahito", "post_count": 45, "source_profile_id": 79832, "source_type": "profile", "image": {"picURL": "https://static1.personality-database.com/profile_images/ae3599cee0914641a93633c85ad09f36.png"}, "join_to_post": false, "can_pin": false}, {"description": "Maki Zenin (\u79aa\u9662 \u771f\u5e0c ; Zen'in Maki) is a major supporting character in Jujutsu Kaisen and one of the main protagonists of the Prequel Series.", "follow_count": 2, "id": 64607, "is_following": false, "is_join_pending": false, "is_banned": false, "is_moderated": false, "name_readable": "Maki Zenin", "post_count": 40, "source_profile_id": 79834, "source_type": "profile", "image": {"picURL": "https://static1.personality-database.com/profile_images/9ef9378827154b898ce218ff753288cf.png"}, "join_to_post": false, "can_pin": false}, {"description": "Junpei Yoshino (\u5409\u91ce \u9806\u5e73 ; Yoshino Junpei) is a supporting character in the Vs. Mahito Arc of the Jujutsu Kaisen series.\n\n#INFPVillains (Debatable)", "follow_count": 3, "id": 64612, "is_following": false, "is_join_pending": false, "is_banned": false, "is_moderated": false, "name_readable": "Junpei Yoshino", "post_count": 38, "source_profile_id": 79839, "source_type": "profile", "image": {"picURL": "https://static1.personality-database.com/profile_images/94f99f7337474a9389e48ada1a5c123f.png"}, "join_to_post": false, "can_pin": false}, {"description": "Kento Nanami (\u4e03\u6d77 \u5efa\u4eba ; Nanami Kento) is a supporting character in Jujutsu Kaisen. He is a Grade 1 Jujutsu Sorcerer and a Tokyo Metropolitan Curse Technical College alumni. #KenjiroTsuda", "follow_count": 7, "id": 64608, "is_following": false, "is_join_pending": false, "is_banned": false, "is_moderated": false, "name_readable": "Kento Nanami", "post_count": 28, "source_profile_id": 79835, "source_type": "profile", "image": {"picURL": "https://static1.personality-database.com/profile_images/3e6186e632eb4f6b9c776492ea68aeb4.png"}, "join_to_post": false, "can_pin": false}, {"description": "Toge Inumaki (\u72d7\u5dfb \u68d8 ; Inumaki Toge) is a character in Jujutsu Kaisen. He is a second-year at Tokyo Metropolitan Curse Technical College. #KokiUchiyama", "follow_count": 5, "id": 64606, "is_following": false, "is_join_pending": false, "is_banned": false, "is_moderated": false, "name_readable": "Toge Inumaki", "post_count": 25, "source_profile_id": 79833, "source_type": "profile", "image": {"picURL": "https://static1.personality-database.com/profile_images/fb576f5dff144d9b8056ffc783c236ef.png"}, "join_to_post": false, "can_pin": false}, {"description": "Aoi is an extremely eccentric individual who at first appears to be nothing more than a battle-crazed meathead to all his peers. He enjoys posing, showing off his muscles, and the thrill of battle.\n#TodoSupremacy", "follow_count": 0, "id": 64609, "is_following": false, "is_join_pending": false, "is_banned": false, "is_moderated": false, "name_readable": "Aoi Todo", "post_count": 19, "source_profile_id": 79836, "source_type": "profile", "image": {"picURL": "https://static1.personality-database.com/profile_images/65ea89ff4c29482085ba36ec795ab182.png"}, "join_to_post": false, "can_pin": false}, {"description": "Shoko Ieiri (\u5bb6\u5165 \u785d\u5b50) [Ieiri Sh\u014dko] is a doctor at Tokyo Metropolitan Curse Technical College.", "follow_count": 1, "id": 65614, "is_following": false, "is_join_pending": false, "is_banned": false, "is_moderated": false, "name_readable": "Shoko Ieiri", "post_count": 12, "source_profile_id": 80951, "source_type": "profile", "image": {"picURL": "https://static1.personality-database.com/profile_images/946a2befe4754269a96a2bfab7672f00.png"}, "join_to_post": false, "can_pin": false}, {"description": "Mai Zenin (\u79aa\u9662 \u771f\u4f9d ; Zen'in Mai) is a character in Jujutsu Kaisen. She is a second-year at Kyoto Metropolitan Curse Technical College. #MarinaInoue", "follow_count": 0, "id": 65612, "is_following": false, "is_join_pending": false, "is_banned": false, "is_moderated": false, "name_readable": "Mai Zenin", "post_count": 12, "source_profile_id": 80949, "source_type": "profile", "image": {"picURL": "https://static1.personality-database.com/profile_images/f335ad11190943728aa2e2e18f728983.png"}, "join_to_post": false, "can_pin": false}], "subcategory": "Jujutsu Kaisen", "topic_image_url": "https://static1.personality-database.com/profile_images/94f99f7337474a9389e48ada1a5c123f.png", "source_location": {"cid": 8, "pid": 2, "sub_cat_id": 6341}, "can_post_image": false, "can_post_audio": false, "posts": {"posts": [{"username": "Lesbianrage", "user_pic_path": "https://static1.personality-database.com/user_avatars/15942/fea23111-0210-4c65-bfc6-795887f04e19_small.jpeg", "user_personality_type": "INFJ-6w5-692", "is_mod": false, "comment_count": 0, "reply_count": 0, "vote_type": 0, "topics_list": [{"id": 64612, "name_readable": "Junpei Yoshino"}], "id": 1638901, "post_id": 1638901, "user_id": 15942, "title": "", "content": "Cute poor boy :(((\nHe deserved so much more :((((\nWhen itadori started to talk to him about the Life they could have together and with his Friends in the academy i just- \ud83d\ude2d\ud83d\ude2d\ud83d\ude2d\ud83d\ude2d", "create_date": 1667137570000, "unix_timestamp": 1667137570000, "update_date": 1667137570000, "vote_count": 4, "vote_count_down": 0, "is_reported": 0, "is_hidden": false, "is_pinned": false, "is_watching": false, "is_pro_user": false, "images": null, "audios": null, "function_list": [], "type": "post"}, {"username": "Mermantis", "user_pic_path": "https://static1.personality-database.com/user_avatars/215280/3ae01e12-6095-4ca9-8b5a-4c91a937aa0b_small.jpeg", "user_personality_type": "937", "is_mod": false, "comment_count": 0, "reply_count": 0, "vote_type": 0, "topics_list": [{"id": 64612, "name_readable": "Junpei Yoshino"}], "id": 1362281, "post_id": 1362281, "user_id": 215280, "title": "", "content": "If someone asked me which character represented sp4 the best I would show them this mf\nSp4 posterboy fr", "create_date": 1663607949000, "unix_timestamp": 1663607949000, "update_date": 1663607949000, "vote_count": 5, "vote_count_down": 0, "is_reported": 0, "is_hidden": false, "is_pinned": false, "is_watching": false, "is_pro_user": false, "images": null, "audios": null, "function_list": [], "type": "post"}, {"username": "a person", "user_pic_path": "https://lh3.googleusercontent.com/a-/AOh14Ggzeth8ObeCd1GZmQ5dDL9Lp9_6j722jcjmRHzfVw=s96-c", "user_personality_type": "", "is_mod": false, "comment_count": 2, "reply_count": 2, "vote_type": 0, "topics_list": [{"id": 64612, "name_readable": "Junpei Yoshino"}], "id": 1612202, "post_id": 1612202, "user_id": 611854, "title": "", "content": "he could have been a whole season character..  nope. why even animate him... it was verybwast3d.", "create_date": 1662115001000, "unix_timestamp": 1662115001000, "update_date": 1662115001000, "vote_count": 2, "vote_count_down": 0, "is_reported": 1, "is_hidden": false, "is_pinned": false, "is_watching": false, "is_pro_user": false, "images": null, "audios": null, "function_list": [], "type": "post"}]}}}}