{"id": 108604, "mbti_profile": "Chifuyu Matsuno", "profile_name_searchable": "chifuyumatsuno", "allow_commenting": true, "allow_voting": true, "user_id": 21898, "contributor": "W", "contributor_create_date": "2020-03-19 20:23:25", "contributor_pic_path": "https://lh3.googleusercontent.com/a-/AFdZucpoI9_0cRh5M6U9S0cGrmsJtnd512jedl6bNYeTMg=s96-c", "display_order": 0, "edit_lock": 0, "edit_lock_picture": 1, "is_active": true, "is_approved": true, "mbti_enneagram_type": "INFP 6w7", "mbti_type": "INFP 6w7", "pdb_comment_access": true, "pdb_page_owner": 0, "pdb_public_access": true, "wiki_description": "Chifuyu is a loyal person who sports a calm, logical demeanor. He is unwilling to leave the sides of his friends and refuses to fight those he considers close to him. He is willing to let his emotions shine when a situation calls for it and doesn't shy away from helping out others blindly. He stays by his friends, even if he gets beat up by or for them.\n\nHe typically acts as Takemichi's adviser and makes plans before jumping into action. He tends to be composed under high-pressure situations, including situations that put his life at threat. Though he acts knowledgeable and levelheaded, he can be quite naive and doesn't always plan things meticulously. This has lead to unfortunate consequences in some situations.", "watch_count": 3498, "comment_count": 960, "vote_count": 2820, "vote_count_enneagram": 960, "vote_count_mbti": 2820, "total_vote_counts": 4787, "personality_type": "INFP - 6w7 - so/sp - 629 - IEI - SCUAN - EVLF - Sanguine-Melancholic - IF(N)", "type_updated_date": "2022-11-15 11:08:39", "enneagram_vote": "", "enneagram_vote_id": 0, "mbti_vote": "", "mbti_vote_id": 0, "is_watching": false, "image_exists": false, "profile_image_url": "https://static1.personality-database.com/profile_images/5239041242544c5bb2dbd87c0a6e8ecd.png", "profile_image_credit": "", "profile_image_credit_id": 248987, "profile_image_credit_type": "0", "profile_image_credit_url": "", "alt_subcategory": "", "related_subcategories": "", "cat_id": 8, "category": "Anime & Manga", "category_is_fictional": true, "sub_cat_id": 6444, "subcategory": "Tokyo Revengers", "subcat_link_info": {"sub_cat_id": 6444, "cat_id": 8, "property_id": 2, "subcategory": "Tokyo Revengers"}, "related_subcat_link_info": null, "related_profiles": [{"id": 81661, "mbti_profile": "Manjirou \"Mikey\" Sano", "subcategory": "Tokyo Revengers", "profile_image_url": "https://static1.personality-database.com/profile_images/5857a977f34545aeae6dfb6ee94270fa.png", "profile_name": "Manjirou \"Mikey\" Sano", "profile_subcat": "Tokyo Revengers", "sub_cat_id": 6444, "cat_id": 8, "property_id": 2, "mbti": "INTP", "enneatype": "9w8"}, {"id": 81659, "mbti_profile": "Ken \"Draken\" Ryuguji", "subcategory": "Tokyo Revengers", "profile_image_url": "https://static1.personality-database.com/profile_images/78cf92dfc8f943b899f89b8369547e4b.png", "profile_name": "Ken \"Draken\" Ryuguji", "profile_subcat": "Tokyo Revengers", "sub_cat_id": 6444, "cat_id": 8, "property_id": 2, "mbti": "ESTP", "enneatype": "9w8"}, {"id": 120474, "mbti_profile": "Izana Kurokawa", "subcategory": "Tokyo Revengers", "profile_image_url": "https://static1.personality-database.com/profile_images/6e87ac083e90427895add7506662993d.png", "profile_name": "Izana Kurokawa", "profile_subcat": "Tokyo Revengers", "sub_cat_id": 6444, "cat_id": 8, "property_id": 2, "mbti": "ENTJ", "enneatype": "4w3"}, {"id": 176459, "mbti_profile": "Shuji Hanma", "subcategory": "Tokyo Revengers", "profile_image_url": "https://static1.personality-database.com/profile_images/ae8154189676468389a05b62dfc03239.png", "profile_name": "Shuji Hanma", "profile_subcat": "Tokyo Revengers", "sub_cat_id": 6444, "cat_id": 8, "property_id": 2, "mbti": "ESTP", "enneatype": "7w8"}, {"id": 335367, "mbti_profile": "Senju Kawaragi", "subcategory": "Tokyo Revengers", "profile_image_url": "https://static1.personality-database.com/profile_images/28744786b4aa4078962e1c8429cfd062.png", "profile_name": "Senju Kawaragi", "profile_subcat": "Tokyo Revengers", "sub_cat_id": 6444, "cat_id": 8, "property_id": 2, "mbti": "ISTP", "enneatype": "8w7"}, {"id": 120451, "mbti_profile": "Keisuke \"Edward\" Baji", "subcategory": "Tokyo Revengers", "profile_image_url": "https://static1.personality-database.com/profile_images/c8065230ad8e4a8d8e1b8de1e297e914.png", "profile_name": "Keisuke \"Edward\" Baji", "profile_subcat": "Tokyo Revengers", "sub_cat_id": 6444, "cat_id": 8, "property_id": 2, "mbti": "ESTP", "enneatype": "8w7"}, {"id": 310122, "mbti_profile": "Sanzu Haruchiyo", "subcategory": "Tokyo Revengers", "profile_image_url": "https://static1.personality-database.com/profile_images/da77bd1d8db446cf88f015d762e1414a.png", "profile_name": "Sanzu Haruchiyo", "profile_subcat": "Tokyo Revengers", "sub_cat_id": 6444, "cat_id": 8, "property_id": 2, "mbti": "ENTP", "enneatype": "6w7"}, {"id": 120472, "mbti_profile": "Kazutora Hanemiya", "subcategory": "Tokyo Revengers", "profile_image_url": "https://static1.personality-database.com/profile_images/19d96e3cbb91474f802d3f8579032d4a.png", "profile_name": "Kazutora Hanemiya", "profile_subcat": "Tokyo Revengers", "sub_cat_id": 6444, "cat_id": 8, "property_id": 2, "mbti": "ISFP", "enneatype": "6w7"}], "functions": ["Fi", "Ne", "Si", "Te"], "systems": [{"hex_color": "#888888", "id": 1, "personality_type": "XXXX", "personality_type_id": 0, "system_name": "Four Letter", "system_vote_count": 2755, "user_vote_type_id": 0, "vote_id": 0}, {"hex_color": "#006775", "id": 2, "personality_type": "XXXX", "personality_type_id": 0, "system_name": "Enneagram", "system_vote_count": 947, "user_vote_type_id": 0, "vote_id": 0}, {"hex_color": "#006775", "id": 5, "personality_type": "XXXX", "personality_type_id": 0, "system_name": "Instinctual Variant", "system_vote_count": 302, "user_vote_type_id": 0, "vote_id": 0}, {"hex_color": "#006775", "id": 6, "personality_type": "XXXX", "personality_type_id": 0, "system_name": "Tritype", "system_vote_count": 260, "user_vote_type_id": 0, "vote_id": 0}, {"hex_color": "#888888", "id": 3, "personality_type": "XXXX", "personality_type_id": 0, "system_name": "Socionics", "system_vote_count": 96, "user_vote_type_id": 0, "vote_id": 0}, {"hex_color": "#888888", "id": 9, "personality_type": "XXXX", "personality_type_id": 0, "system_name": "Big 5 (SLOAN)", "system_vote_count": 112, "user_vote_type_id": 0, "vote_id": 0}, {"hex_color": "#888888", "id": 8, "personality_type": "XXXX", "personality_type_id": 0, "system_name": "Attitudinal Psyche", "system_vote_count": 81, "user_vote_type_id": 0, "vote_id": 0}, {"hex_color": "#888888", "id": 7, "personality_type": "XXXX", "personality_type_id": 0, "system_name": "Temperaments", "system_vote_count": 222, "user_vote_type_id": 0, "vote_id": 0}, {"hex_color": "#888888", "id": 11, "personality_type": "XXXX", "personality_type_id": 0, "system_name": "Classic Jungian", "system_vote_count": 6, "user_vote_type_id": 0, "vote_id": 0}], "breakdown_systems": {"1": [{"myValue": "INFP", "personality_system_id": 1, "personality_type": "INFP", "theCount": 1504}, {"myValue": "ENFP", "personality_system_id": 1, "personality_type": "ENFP", "theCount": 989}, {"myValue": "ENTP", "personality_system_id": 1, "personality_type": "ENTP", "theCount": 145}, {"myValue": "ENFJ", "personality_system_id": 1, "personality_type": "ENFJ", "theCount": 58}, {"myValue": "INFJ", "personality_system_id": 1, "personality_type": "INFJ", "theCount": 17}, {"myValue": "ISFP", "personality_system_id": 1, "personality_type": "ISFP", "theCount": 12}, {"myValue": "INTP", "personality_system_id": 1, "personality_type": "INTP", "theCount": 10}, {"myValue": "ESFP", "personality_system_id": 1, "personality_type": "ESFP", "theCount": 6}, {"myValue": "ISFJ", "personality_system_id": 1, "personality_type": "ISFJ", "theCount": 4}, {"myValue": "ENTJ", "personality_system_id": 1, "personality_type": "ENTJ", "theCount": 2}, {"myValue": "ESFJ", "personality_system_id": 1, "personality_type": "ESFJ", "theCount": 2}, {"myValue": "ESTP", "personality_system_id": 1, "personality_type": "ESTP", "theCount": 2}, {"myValue": "ESTJ", "personality_system_id": 1, "personality_type": "ESTJ", "theCount": 1}, {"myValue": "INTJ", "personality_system_id": 1, "personality_type": "INTJ", "theCount": 1}, {"myValue": "ISTJ", "personality_system_id": 1, "personality_type": "ISTJ", "theCount": 1}, {"myValue": "ISTP", "personality_system_id": 1, "personality_type": "ISTP", "theCount": 1}], "11": [{"myValue": "IF(N)", "personality_system_id": 11, "personality_type": "IF(N)", "theCount": 3}, {"myValue": "EN(F)", "personality_system_id": 11, "personality_type": "EN(F)", "theCount": 2}, {"myValue": "ET(S)", "personality_system_id": 11, "personality_type": "ET(S)", "theCount": 1}], "2": [{"myValue": "6w7", "personality_system_id": 2, "personality_type": "6w7", "theCount": 704}, {"myValue": "2w3", "personality_system_id": 2, "personality_type": "2w3", "theCount": 166}, {"myValue": "6w5", "personality_system_id": 2, "personality_type": "6w5", "theCount": 22}, {"myValue": "7w6", "personality_system_id": 2, "personality_type": "7w6", "theCount": 11}, {"myValue": "3w2", "personality_system_id": 2, "personality_type": "3w2", "theCount": 8}, {"myValue": "2w1", "personality_system_id": 2, "personality_type": "2w1", "theCount": 7}, {"myValue": "4w5", "personality_system_id": 2, "personality_type": "4w5", "theCount": 6}, {"myValue": "1w2", "personality_system_id": 2, "personality_type": "1w2", "theCount": 5}, {"myValue": "4w3", "personality_system_id": 2, "personality_type": "4w3", "theCount": 4}, {"myValue": "5w4", "personality_system_id": 2, "personality_type": "5w4", "theCount": 3}, {"myValue": "9w1", "personality_system_id": 2, "personality_type": "9w1", "theCount": 3}, {"myValue": "1w9", "personality_system_id": 2, "personality_type": "1w9", "theCount": 2}, {"myValue": "7w8", "personality_system_id": 2, "personality_type": "7w8", "theCount": 2}, {"myValue": "9w8", "personality_system_id": 2, "personality_type": "9w8", "theCount": 2}, {"myValue": "3w4", "personality_system_id": 2, "personality_type": "3w4", "theCount": 1}, {"myValue": "5w6", "personality_system_id": 2, "personality_type": "5w6", "theCount": 1}], "3": [{"myValue": "IEI", "personality_system_id": 3, "personality_type": "IEI", "theCount": 70}, {"myValue": "IEE", "personality_system_id": 3, "personality_type": "IEE", "theCount": 9}, {"myValue": "EII", "personality_system_id": 3, "personality_type": "EII", "theCount": 4}, {"myValue": "ILE", "personality_system_id": 3, "personality_type": "ILE", "theCount": 3}, {"myValue": "EIE", "personality_system_id": 3, "personality_type": "EIE", "theCount": 2}, {"myValue": "LII", "personality_system_id": 3, "personality_type": "LII", "theCount": 2}, {"myValue": "SEI", "personality_system_id": 3, "personality_type": "SEI", "theCount": 2}, {"myValue": "ESE", "personality_system_id": 3, "personality_type": "ESE", "theCount": 1}, {"myValue": "LSE", "personality_system_id": 3, "personality_type": "LSE", "theCount": 1}, {"myValue": "LSI", "personality_system_id": 3, "personality_type": "LSI", "theCount": 1}, {"myValue": "SEE", "personality_system_id": 3, "personality_type": "SEE", "theCount": 1}], "4": [{"myValue": "Chaotic Good", "personality_system_id": 4, "personality_type": "Chaotic Good", "theCount": 6}], "5": [{"myValue": "so/sp", "personality_system_id": 5, "personality_type": "so/sp", "theCount": 228}, {"myValue": "sp/so", "personality_system_id": 5, "personality_type": "sp/so", "theCount": 36}, {"myValue": "so/sx", "personality_system_id": 5, "personality_type": "so/sx", "theCount": 21}, {"myValue": "sp/sx", "personality_system_id": 5, "personality_type": "sp/sx", "theCount": 6}, {"myValue": "sx/sp", "personality_system_id": 5, "personality_type": "sx/sp", "theCount": 6}, {"myValue": "sx/so", "personality_system_id": 5, "personality_type": "sx/so", "theCount": 5}], "6": [{"myValue": "629", "personality_system_id": 6, "personality_type": "629", "theCount": 189}, {"myValue": "269", "personality_system_id": 6, "personality_type": "269", "theCount": 20}, {"myValue": "621", "personality_system_id": 6, "personality_type": "621", "theCount": 12}, {"myValue": "692", "personality_system_id": 6, "personality_type": "692", "theCount": 9}, {"myValue": "628", "personality_system_id": 6, "personality_type": "628", "theCount": 4}, {"myValue": "279", "personality_system_id": 6, "personality_type": "279", "theCount": 3}, {"myValue": "125", "personality_system_id": 6, "personality_type": "125", "theCount": 2}, {"myValue": "135", "personality_system_id": 6, "personality_type": "135", "theCount": 2}, {"myValue": "126", "personality_system_id": 6, "personality_type": "126", "theCount": 1}, {"myValue": "127", "personality_system_id": 6, "personality_type": "127", "theCount": 1}, {"myValue": "136", "personality_system_id": 6, "personality_type": "136", "theCount": 1}, {"myValue": "137", "personality_system_id": 6, "personality_type": "137", "theCount": 1}, {"myValue": "145", "personality_system_id": 6, "personality_type": "145", "theCount": 1}, {"myValue": "147", "personality_system_id": 6, "personality_type": "147", "theCount": 1}, {"myValue": "216", "personality_system_id": 6, "personality_type": "216", "theCount": 1}, {"myValue": "259", "personality_system_id": 6, "personality_type": "259", "theCount": 1}, {"myValue": "268", "personality_system_id": 6, "personality_type": "268", "theCount": 1}, {"myValue": "469", "personality_system_id": 6, "personality_type": "469", "theCount": 1}, {"myValue": "497", "personality_system_id": 6, "personality_type": "497", "theCount": 1}, {"myValue": "613", "personality_system_id": 6, "personality_type": "613", "theCount": 1}, {"myValue": "641", "personality_system_id": 6, "personality_type": "641", "theCount": 1}, {"myValue": "648", "personality_system_id": 6, "personality_type": "648", "theCount": 1}, {"myValue": "682", "personality_system_id": 6, "personality_type": "682", "theCount": 1}, {"myValue": "729", "personality_system_id": 6, "personality_type": "729", "theCount": 1}, {"myValue": "947", "personality_system_id": 6, "personality_type": "947", "theCount": 1}, {"myValue": "964", "personality_system_id": 6, "personality_type": "964", "theCount": 1}, {"myValue": "973", "personality_system_id": 6, "personality_type": "973", "theCount": 1}], "7": [{"myValue": "Sanguine-Melancholic", "personality_system_id": 7, "personality_type": "Sanguine-Melancholic", "theCount": 176}, {"myValue": "Sanguine [Dominant]", "personality_system_id": 7, "personality_type": "Sanguine [Dominant]", "theCount": 14}, {"myValue": "Melancholic [Dominant]", "personality_system_id": 7, "personality_type": "Melancholic [Dominant]", "theCount": 9}, {"myValue": "Melancholic-Sanguine", "personality_system_id": 7, "personality_type": "Melancholic-Sanguine", "theCount": 4}, {"myValue": "Melancholic-Choleric", "personality_system_id": 7, "personality_type": "Melancholic-Choleric", "theCount": 3}, {"myValue": "Melancholic-Phlegmatic", "personality_system_id": 7, "personality_type": "Melancholic-Phlegmatic", "theCount": 3}, {"myValue": "Phlegmatic [Dominant]", "personality_system_id": 7, "personality_type": "Phlegmatic [Dominant]", "theCount": 3}, {"myValue": "Phlegmatic-Melancholic", "personality_system_id": 7, "personality_type": "Phlegmatic-Melancholic", "theCount": 3}, {"myValue": "Sanguine-Phlegmatic", "personality_system_id": 7, "personality_type": "Sanguine-Phlegmatic", "theCount": 3}, {"myValue": "Choleric [Dominant]", "personality_system_id": 7, "personality_type": "Choleric [Dominant]", "theCount": 2}, {"myValue": "Phlegmatic-Sanguine", "personality_system_id": 7, "personality_type": "Phlegmatic-Sanguine", "theCount": 1}, {"myValue": "Sanguine-Choleric", "personality_system_id": 7, "personality_type": "Sanguine-Choleric", "theCount": 1}], "8": [{"myValue": "EVLF", "personality_system_id": 8, "personality_type": "EVLF", "theCount": 51}, {"myValue": "ELFV", "personality_system_id": 8, "personality_type": "ELFV", "theCount": 6}, {"myValue": "EVFL", "personality_system_id": 8, "personality_type": "EVFL", "theCount": 4}, {"myValue": "ELVF", "personality_system_id": 8, "personality_type": "ELVF", "theCount": 3}, {"myValue": "VFLE", "personality_system_id": 8, "personality_type": "VFLE", "theCount": 3}, {"myValue": "EFVL", "personality_system_id": 8, "personality_type": "EFVL", "theCount": 2}, {"myValue": "FVLE", "personality_system_id": 8, "personality_type": "FVLE", "theCount": 2}, {"myValue": "LFEV", "personality_system_id": 8, "personality_type": "LFEV", "theCount": 2}, {"myValue": "LVFE", "personality_system_id": 8, "personality_type": "LVFE", "theCount": 2}, {"myValue": "VELF", "personality_system_id": 8, "personality_type": "VELF", "theCount": 2}, {"myValue": "EFLV", "personality_system_id": 8, "personality_type": "EFLV", "theCount": 1}, {"myValue": "FELV", "personality_system_id": 8, "personality_type": "FELV", "theCount": 1}, {"myValue": "LEVF", "personality_system_id": 8, "personality_type": "LEVF", "theCount": 1}, {"myValue": "VEFL", "personality_system_id": 8, "personality_type": "VEFL", "theCount": 1}], "9": [{"myValue": "SCUAN", "personality_system_id": 9, "personality_type": "SCUAN", "theCount": 79}, {"myValue": "SCUAI", "personality_system_id": 9, "personality_type": "SCUAI", "theCount": 8}, {"myValue": "RCUAN", "personality_system_id": 9, "personality_type": "RCUAN", "theCount": 4}, {"myValue": "RCOAN", "personality_system_id": 9, "personality_type": "RCOAN", "theCount": 3}, {"myValue": "RLOAN", "personality_system_id": 9, "personality_type": "RLOAN", "theCount": 2}, {"myValue": "RLUAN", "personality_system_id": 9, "personality_type": "RLUAN", "theCount": 2}, {"myValue": "SCOEN", "personality_system_id": 9, "personality_type": "SCOEN", "theCount": 2}, {"myValue": "SLUAI", "personality_system_id": 9, "personality_type": "SLUAI", "theCount": 2}, {"myValue": "SLUAN", "personality_system_id": 9, "personality_type": "SLUAN", "theCount": 2}, {"myValue": "RCOEI", "personality_system_id": 9, "personality_type": "RCOEI", "theCount": 1}, {"myValue": "RCOEN", "personality_system_id": 9, "personality_type": "RCOEN", "theCount": 1}, {"myValue": "RCUAI", "personality_system_id": 9, "personality_type": "RCUAI", "theCount": 1}, {"myValue": "SCOAI", "personality_system_id": 9, "personality_type": "SCOAI", "theCount": 1}, {"myValue": "SCOEI", "personality_system_id": 9, "personality_type": "SCOEI", "theCount": 1}, {"myValue": "SLOAN", "personality_system_id": 9, "personality_type": "SLOAN", "theCount": 1}, {"myValue": "SLOEN", "personality_system_id": 9, "personality_type": "SLOEN", "theCount": 1}, {"myValue": "SLUEI", "personality_system_id": 9, "personality_type": "SLUEI", "theCount": 1}]}, "breakdown_config": {"expand": {"1": 3, "11": 1, "2": 3, "3": 1, "4": 1, "5": 1, "6": 1, "7": 1, "8": 1, "9": 1}, "fire": {"1": 1, "11": 0, "2": 0, "3": 0, "4": 0, "5": 0, "6": 0, "7": 0, "8": 0, "9": 0}}, "mbti_letter_stats": [{"type": "I", "percentage": "56%", "PercentageFloat": 0.5626134301270418}, {"type": "N", "percentage": "99%", "PercentageFloat": 0.9894736842105263}, {"type": "F", "percentage": "94%", "PercentageFloat": 0.9408348457350272}, {"type": "P", "percentage": "97%", "PercentageFloat": 0.9687840290381126}], "topic_info": {"can_generate": false, "topic": {"description": "Chifuyu is a loyal person who sports a calm, logical demeanor. He is unwilling to leave the sides of his friends and refuses to fight those he considers close to him. He is willing to let his emotions shine when a situation calls for it and doesn't shy away from helping out others blindly. He stays by his friends, even if he gets beat up by or for them.\n\nHe typically acts as Takemichi's adviser and makes plans before jumping into action. He tends to be composed under high-pressure situations, including situations that put his life at threat. Though he acts knowledgeable and levelheaded, he can be quite naive and doesn't always plan things meticulously. This has lead to unfortunate consequences in some situations.", "follow_count": 33, "id": 86367, "is_following": false, "is_join_pending": false, "is_banned": false, "is_moderated": false, "name_readable": "Chifuyu Matsuno", "post_count": 80, "source_profile_id": 108604, "source_type": "profile", "join_to_post": false, "can_pin": false, "related_topics": [{"description": "Mikey is usually a carefree teenager who loves to joke and play pranks around those he considers his close friends. He cares for them greatly and is determined to protect their honor. He rarely shows any sign of weakness, as he believes himself to be the foundation and support for Toman, and if the pillar himself were to display weakness, Toman would also be weakened.", "follow_count": 248, "id": 66200, "is_following": false, "is_join_pending": false, "is_banned": false, "is_moderated": false, "name_readable": "Manjirou \"Mikey\" Sano", "post_count": 385, "source_profile_id": 81661, "source_type": "profile", "image": {"picURL": "https://static1.personality-database.com/profile_images/5857a977f34545aeae6dfb6ee94270fa.png"}, "join_to_post": false, "can_pin": false}, {"description": "Ken Ryuguji (\u9f8d\u5bae\u5bfa\u308a\u3085\u3046\u3050\u3046\u3058\u5805\u3051\u3093 Ry\u016bguji Ken), or Draken (\u30c9\u30e9\u30b1\u30f3, Doraken), is the vice-president and one of the founding members of the Tokyo Manji Gang.", "follow_count": 6, "id": 66198, "is_following": false, "is_join_pending": false, "is_banned": false, "is_moderated": false, "name_readable": "Ken \"Draken\" Ryuguji", "post_count": 139, "source_profile_id": 81659, "source_type": "profile", "image": {"picURL": "https://static1.personality-database.com/profile_images/78cf92dfc8f943b899f89b8369547e4b.png"}, "join_to_post": false, "can_pin": false}, {"description": "Chifuyu is a loyal person who sports a calm, logical demeanor. He is unwilling to leave the sides of his friends and refuses to fight those he considers close to him. He is willing to let his emotions shine when a situation calls for it and doesn't shy away from helping out others blindly. He stays by his friends, even if he gets beat up by or for them.\n\nHe typically acts as Takemichi's adviser and makes plans before jumping into action. He tends to be composed under high-pressure situations, including situations that put his life at threat. Though he acts knowledgeable and levelheaded, he can be quite naive and doesn't always plan things meticulously. This has lead to unfortunate consequences in some situations.", "follow_count": 33, "id": 86367, "is_following": false, "is_join_pending": false, "is_banned": false, "is_moderated": false, "name_readable": "Chifuyu Matsuno", "post_count": 80, "source_profile_id": 108604, "source_type": "profile", "image": {"picURL": "https://static1.personality-database.com/profile_images/5239041242544c5bb2dbd87c0a6e8ecd.png"}, "join_to_post": false, "can_pin": false}, {"description": "", "follow_count": 14, "id": 135884, "is_following": false, "is_join_pending": false, "is_banned": false, "is_moderated": false, "name_readable": "Shuji Hanma", "post_count": 45, "source_profile_id": 176459, "source_type": "profile", "image": {"picURL": "https://static1.personality-database.com/profile_images/ae8154189676468389a05b62dfc03239.png"}, "join_to_post": false, "can_pin": false}, {"description": "Voting option locked until more information on this character is released.\nSenju Kawaragi (\u74e6\u57ce\u5343\u5492 , Kawaragi Senju) is the leader of the delinquent gang Brahma.", "follow_count": 8, "id": 258194, "is_following": false, "is_join_pending": false, "is_banned": false, "is_moderated": false, "name_readable": "Senju Kawaragi", "post_count": 37, "source_profile_id": 335367, "source_type": "profile", "image": {"picURL": "https://static1.personality-database.com/profile_images/28744786b4aa4078962e1c8429cfd062.png"}, "join_to_post": false, "can_pin": false}, {"description": "", "follow_count": 13, "id": 94655, "is_following": false, "is_join_pending": false, "is_banned": false, "is_moderated": false, "name_readable": "Izana Kurokawa", "post_count": 29, "source_profile_id": 120474, "source_type": "profile", "image": {"picURL": "https://static1.personality-database.com/profile_images/6e87ac083e90427895add7506662993d.png"}, "join_to_post": false, "can_pin": false}, {"description": "", "follow_count": 15, "id": 238433, "is_following": false, "is_join_pending": false, "is_banned": false, "is_moderated": false, "name_readable": "Sanzu Haruchiyo", "post_count": 29, "source_profile_id": 310122, "source_type": "profile", "image": {"picURL": "https://static1.personality-database.com/profile_images/da77bd1d8db446cf88f015d762e1414a.png"}, "join_to_post": false, "can_pin": false}, {"description": "Baji has a wild personality. He loves the thrill of adrenaline and Mikey himself says that he would punch someone out on the street for no apparent reason, only because he feels like it. In combat, he is never without his trademark grin.\n\nHe is also a very perceptive individual with remarkable acting skills, seeing through who the true villains who threaten Toman are, and being able to fool both friend and foe into thinking he truly defects to Valhalla. Even the most perceptive ones who suspect him at first get tricked into thinking he really cut ties with his previous gang.", "follow_count": 9, "id": 94634, "is_following": false, "is_join_pending": false, "is_banned": false, "is_moderated": false, "name_readable": "Keisuke \"Edward\" Baji", "post_count": 28, "source_profile_id": 120451, "source_type": "profile", "image": {"picURL": "https://static1.personality-database.com/profile_images/c8065230ad8e4a8d8e1b8de1e297e914.png"}, "join_to_post": false, "can_pin": false}, {"description": "Mitsuya is a calm, levelheaded person who is also the source of positivity in the gang. Despite his rough upbringing, he tackles every day with a smile.\n\nMitsuya is a pacifist, preferring to not get into an altercation if possible, but at the same time, will not hesitate to fight in order to protect what is dear to him. #YoshitsuguMatsuoka", "follow_count": 3, "id": 94633, "is_following": false, "is_join_pending": false, "is_banned": false, "is_moderated": false, "name_readable": "Takashi Mitsuya", "post_count": 26, "source_profile_id": 120450, "source_type": "profile", "image": {"picURL": "https://static1.personality-database.com/profile_images/352c57860f90432192fb9a2488903171.png"}, "join_to_post": false, "can_pin": false}, {"description": "Tetta Kisaki (\u7a00\u54b2\u9244\u592a, Kisaki Tetta) is the main antagonist of Tokyo Revengers.\n\n#ShowtaroMorikubo", "follow_count": 2, "id": 94648, "is_following": false, "is_join_pending": false, "is_banned": false, "is_moderated": false, "name_readable": "Tetta Kisaki", "post_count": 26, "source_profile_id": 120466, "source_type": "profile", "image": {"picURL": "https://static1.personality-database.com/profile_images/0f76f422a2c4424faad0220ff3e44730.png"}, "join_to_post": false, "can_pin": false}, {"description": "", "follow_count": 13, "id": 94653, "is_following": false, "is_join_pending": false, "is_banned": false, "is_moderated": false, "name_readable": "Kazutora Hanemiya", "post_count": 21, "source_profile_id": 120472, "source_type": "profile", "image": {"picURL": "https://static1.personality-database.com/profile_images/19d96e3cbb91474f802d3f8579032d4a.png"}, "join_to_post": false, "can_pin": false}, {"description": "", "follow_count": 10, "id": 238427, "is_following": false, "is_join_pending": false, "is_banned": false, "is_moderated": false, "name_readable": "Ran Haitani", "post_count": 17, "source_profile_id": 310116, "source_type": "profile", "image": {"picURL": "https://static1.personality-database.com/profile_images/ec57564773d74aa3b1ec9c110de79cc3.png"}, "join_to_post": false, "can_pin": false}, {"description": "", "follow_count": 0, "id": 259512, "is_following": false, "is_join_pending": false, "is_banned": false, "is_moderated": false, "name_readable": "Takeomi Akashi", "post_count": 12, "source_profile_id": 337316, "source_type": "profile", "image": {"picURL": "https://static1.personality-database.com/profile_images/c5690f1abcb844be9d688675bc2faf0f.png"}, "join_to_post": false, "can_pin": false}, {"description": "Takemichi was an individual who has lost his sense of direction. Thus, he had low self esteem, always apologizing for even the smallest things and easily crying. As noted by those around him and even himself, all he is good for is apologizing. He also holds a grudge towards wealthy people because he himself is not very financially stable.\n\nHowever, going back in time again and again gradually molds Takemichi into a completely different person. Slowly, he turns from a coward into a man with unshakeable conviction. Even facing insurmountable odds, he refuses to back down. He becomes the one who holds Toman together through their hardships and turns into its unofficial leader, guiding even Mikey and Draken onto the right paths.", "follow_count": 4, "id": 233543, "is_following": false, "is_join_pending": false, "is_banned": false, "is_moderated": false, "name_readable": "Takemichi \u201cTakemitchy\u201d Hanagaki", "post_count": 11, "source_profile_id": 303976, "source_type": "profile", "image": {"picURL": "https://static1.personality-database.com/profile_images/1b3d544fd4c14267a30c8a27805aeb73.png"}, "join_to_post": false, "can_pin": false}, {"description": "#HiroShimono", "follow_count": 8, "id": 238428, "is_following": false, "is_join_pending": false, "is_banned": false, "is_moderated": false, "name_readable": "Rindou Haitani", "post_count": 9, "source_profile_id": 310117, "source_type": "profile", "image": {"picURL": "https://static1.personality-database.com/profile_images/d25e79cc0b4b49fab80a75d4342ca688.png"}, "join_to_post": false, "can_pin": false}, {"description": "mikey future", "follow_count": 1, "id": 328338, "is_following": false, "is_join_pending": false, "is_banned": false, "is_moderated": false, "name_readable": "Mikey future", "post_count": 8, "source_profile_id": 447396, "source_type": "profile", "image": {"picURL": "https://static1.personality-database.com/profile_images/11b3c66ec6ba48a99479656739a8664b.png"}, "join_to_post": false, "can_pin": false}], "subcategory": "Tokyo Revengers", "topic_image_url": "https://static1.personality-database.com/profile_images/5239041242544c5bb2dbd87c0a6e8ecd.png", "source_location": {"cid": 8, "pid": 2, "sub_cat_id": 6444}, "can_post_image": false, "can_post_audio": false, "posts": {"posts": [{"username": "Daniel the Divergent", "user_pic_path": "https://static1.personality-database.com/user_avatars/1702911/be172686-6ef5-4044-bb14-6feff02b48d7_small.jpeg", "user_personality_type": "INTJ-5w4-541", "is_mod": false, "comment_count": 0, "reply_count": 0, "vote_type": 0, "topics_list": [{"id": 86367, "name_readable": "Chifuyu Matsuno"}], "id": 2065197, "post_id": 2065197, "user_id": 1702911, "title": "", "content": "Imagine voting a SO6 and SX6 INFP, also he literally is the example of an healthy Te dom", "create_date": 1672175060000, "unix_timestamp": 1672175060000, "update_date": 1672175060000, "vote_count": 1, "vote_count_down": 0, "is_reported": 1, "is_hidden": false, "is_pinned": false, "is_watching": false, "is_pro_user": false, "images": null, "audios": null, "function_list": [], "type": "post"}, {"username": "a person", "user_pic_path": "https://lh3.googleusercontent.com/a-/AOh14Ggzeth8ObeCd1GZmQ5dDL9Lp9_6j722jcjmRHzfVw=s96-c", "user_personality_type": "", "is_mod": false, "comment_count": 0, "reply_count": 0, "vote_type": 0, "topics_list": [{"id": 86367, "name_readable": "Chifuyu Matsuno"}], "id": 2036492, "post_id": 2036492, "user_id": 611854, "title": "hit", "content": "my man can't stop getting hit in the face lol.. no matter what timeliness.. even in thr past..\ntruly best boy", "create_date": 1672173131000, "unix_timestamp": 1672173131000, "update_date": 1672173131000, "vote_count": 3, "vote_count_down": 0, "is_reported": 0, "is_hidden": false, "is_pinned": false, "is_watching": false, "is_pro_user": false, "images": null, "audios": null, "function_list": [], "type": "post"}, {"username": "ihrtizaya", "user_pic_path": "https://static1.personality-database.com/user_avatars/585282/56271474-f16f-43b0-817d-32e0b9f11ee2_small.jpeg", "user_personality_type": "INTJ-5w4-528", "is_mod": false, "comment_count": 0, "reply_count": 0, "vote_type": 0, "topics_list": [{"id": 86367, "name_readable": "Chifuyu Matsuno"}], "id": 1841136, "post_id": 1841136, "user_id": 585282, "title": "", "content": "he's just like me", "create_date": 1669851964000, "unix_timestamp": 1669851964000, "update_date": 1669851964000, "vote_count": 1, "vote_count_down": 0, "is_reported": 0, "is_hidden": false, "is_pinned": false, "is_watching": false, "is_pro_user": true, "images": null, "audios": null, "function_list": [], "type": "post"}]}}}}