{"id": 10861, "mbti_profile": "Fyodor Dostoevsky", "profile_name_searchable": "fyodordostoevsky", "allow_commenting": true, "allow_voting": true, "user_id": 1585, "contributor": "Luminis", "contributor_create_date": "2018-03-18 16:17:48", "contributor_pic_path": "https://lh3.googleusercontent.com/a-/AAuE7mBIKJzv3aT1mlyrKIH9poTUNZMdgBlliPkQyRVb=s96-c", "display_order": 0, "edit_lock": 0, "edit_lock_picture": 1, "is_active": true, "is_approved": true, "mbti_enneagram_type": "INTJ 1w9", "mbti_type": "INTJ 1w9", "pdb_comment_access": true, "pdb_page_owner": 0, "pdb_public_access": true, "wiki_description": "Fyodor Dostoevsky (\u30d5\u30e7\u30fc\u30c9\u30eb\u30fb\u30c9\u30b9\u30c8\u30a8\u30d5\u30b9\u30ad\u30fc, Fuy\u014ddoru Dosutoefusuk\u012b) is the head and leader of the Rats in the House of the Dead and a member of the Decay of Angels.", "watch_count": 3206, "comment_count": 467, "vote_count": 1552, "vote_count_enneagram": 1058, "vote_count_mbti": 1552, "total_vote_counts": 4777, "personality_type": "INTJ - 1w9 - so/sp - 154 - LIE - RCOEI - VLEF - Melancholic-Choleric - IN(T)", "type_updated_date": "2022-11-15 12:43:03", "enneagram_vote": "", "enneagram_vote_id": 0, "mbti_vote": "", "mbti_vote_id": 0, "is_watching": false, "image_exists": false, "profile_image_url": "https://static1.personality-database.com/profile_images/bf8e8e46d0214c148e5ac5a7900b27dc.png", "profile_image_credit": "", "profile_image_credit_id": 0, "profile_image_credit_type": "0", "profile_image_credit_url": "", "alt_subcategory": "", "related_subcategories": "", "cat_id": 8, "category": "Anime & Manga", "category_is_fictional": true, "sub_cat_id": 1085, "subcategory": "Bungou Stray Dogs", "subcat_link_info": {"sub_cat_id": 1085, "cat_id": 8, "property_id": 2, "subcategory": "Bungou Stray Dogs"}, "related_subcat_link_info": null, "related_profiles": [{"id": 9349, "mbti_profile": "Osamu Dazai", "subcategory": "Bungou Stray Dogs", "profile_image_url": "https://static1.personality-database.com/profile_images/18bc4c5cf40b4c03b3330bd57792ac05.png", "profile_name": "Osamu Dazai", "profile_subcat": "Bungou Stray Dogs", "sub_cat_id": 1085, "cat_id": 8, "property_id": 2, "mbti": "ENTP", "enneatype": "7w8"}, {"id": 9389, "mbti_profile": "Ryunosuke Akutagawa", "subcategory": "Bungou Stray Dogs", "profile_image_url": "https://static1.personality-database.com/profile_images/c8ef8d300a134a01b5ec4ca7f52e083a.png", "profile_name": "Ryunosuke Akutagawa", "profile_subcat": "Bungou Stray Dogs", "sub_cat_id": 1085, "cat_id": 8, "property_id": 2, "mbti": "ISFP", "enneatype": "4w3"}, {"id": 9390, "mbti_profile": "Chuuya Nakahara", "subcategory": "Bungou Stray Dogs", "profile_image_url": "https://static1.personality-database.com/profile_images/b2a7ffe895054a3983a3db548079b3eb.png", "profile_name": "Chuuya Nakahara", "profile_subcat": "Bungou Stray Dogs", "sub_cat_id": 1085, "cat_id": 8, "property_id": 2, "mbti": "ESTP", "enneatype": "8w7"}, {"id": 9382, "mbti_profile": "Ranpo Edogawa", "subcategory": "Bungou Stray Dogs", "profile_image_url": "https://static1.personality-database.com/profile_images/058ba4d3422c48d78db97a8de129fbb0.png", "profile_name": "Ranpo Edogawa", "profile_subcat": "Bungou Stray Dogs", "sub_cat_id": 1085, "cat_id": 8, "property_id": 2, "mbti": "INTP", "enneatype": "5w4"}, {"id": 10863, "mbti_profile": "Nikolai Gogol", "subcategory": "Bungou Stray Dogs", "profile_image_url": "https://static1.personality-database.com/profile_images/043a3c20e63b43b1be2cd37481706ca7.png", "profile_name": "Nikolai Gogol", "profile_subcat": "Bungou Stray Dogs", "sub_cat_id": 1085, "cat_id": 8, "property_id": 2, "mbti": "ESFP", "enneatype": "7w8"}, {"id": 9381, "mbti_profile": "Doppo Kunikida", "subcategory": "Bungou Stray Dogs", "profile_image_url": "https://static1.personality-database.com/profile_images/b960b54714d747cf9715f161abb410c6.png", "profile_name": "Doppo Kunikida", "profile_subcat": "Bungou Stray Dogs", "sub_cat_id": 1085, "cat_id": 8, "property_id": 2, "mbti": "ISTJ", "enneatype": "1w2"}, {"id": 9348, "mbti_profile": "Atsushi Nakajima", "subcategory": "Bungou Stray Dogs", "profile_image_url": "https://static1.personality-database.com/profile_images/536a9d0cac8d40ae99b2fdb1ec3f65de.png", "profile_name": "Atsushi Nakajima", "profile_subcat": "Bungou Stray Dogs", "sub_cat_id": 1085, "cat_id": 8, "property_id": 2, "mbti": "INFP", "enneatype": "6w7"}, {"id": 9392, "mbti_profile": "Sakunosuke Oda \u201cOdasaku\u201d", "subcategory": "Bungou Stray Dogs", "profile_image_url": "https://static1.personality-database.com/profile_images/145c7c630d7446d98ee4aeb993d82229.png", "profile_name": "Sakunosuke Oda \u201cOdasaku\u201d", "profile_subcat": "Bungou Stray Dogs", "sub_cat_id": 1085, "cat_id": 8, "property_id": 2, "mbti": "INFJ", "enneatype": "9w1"}], "functions": ["Ni", "Te", "Fi", "Se"], "systems": [{"hex_color": "#888888", "id": 1, "personality_type": "XXXX", "personality_type_id": 0, "system_name": "Four Letter", "system_vote_count": 1511, "user_vote_type_id": 0, "vote_id": 0}, {"hex_color": "#006775", "id": 2, "personality_type": "XXXX", "personality_type_id": 0, "system_name": "Enneagram", "system_vote_count": 1035, "user_vote_type_id": 0, "vote_id": 0}, {"hex_color": "#006775", "id": 5, "personality_type": "XXXX", "personality_type_id": 0, "system_name": "Instinctual Variant", "system_vote_count": 570, "user_vote_type_id": 0, "vote_id": 0}, {"hex_color": "#006775", "id": 6, "personality_type": "XXXX", "personality_type_id": 0, "system_name": "Tritype", "system_vote_count": 454, "user_vote_type_id": 0, "vote_id": 0}, {"hex_color": "#888888", "id": 3, "personality_type": "XXXX", "personality_type_id": 0, "system_name": "Socionics", "system_vote_count": 212, "user_vote_type_id": 0, "vote_id": 0}, {"hex_color": "#888888", "id": 9, "personality_type": "XXXX", "personality_type_id": 0, "system_name": "Big 5 (SLOAN)", "system_vote_count": 236, "user_vote_type_id": 0, "vote_id": 0}, {"hex_color": "#888888", "id": 8, "personality_type": "XXXX", "personality_type_id": 0, "system_name": "Attitudinal Psyche", "system_vote_count": 179, "user_vote_type_id": 0, "vote_id": 0}, {"hex_color": "#888888", "id": 7, "personality_type": "XXXX", "personality_type_id": 0, "system_name": "Temperaments", "system_vote_count": 443, "user_vote_type_id": 0, "vote_id": 0}, {"hex_color": "#888888", "id": 11, "personality_type": "XXXX", "personality_type_id": 0, "system_name": "Classic Jungian", "system_vote_count": 75, "user_vote_type_id": 0, "vote_id": 0}], "breakdown_systems": {"1": [{"myValue": "INTJ", "personality_system_id": 1, "personality_type": "INTJ", "theCount": 1369}, {"myValue": "ENTJ", "personality_system_id": 1, "personality_type": "ENTJ", "theCount": 52}, {"myValue": "INTP", "personality_system_id": 1, "personality_type": "INTP", "theCount": 38}, {"myValue": "INFJ", "personality_system_id": 1, "personality_type": "INFJ", "theCount": 26}, {"myValue": "ENTP", "personality_system_id": 1, "personality_type": "ENTP", "theCount": 7}, {"myValue": "ESFP", "personality_system_id": 1, "personality_type": "ESFP", "theCount": 5}, {"myValue": "INFP", "personality_system_id": 1, "personality_type": "INFP", "theCount": 4}, {"myValue": "ISTJ", "personality_system_id": 1, "personality_type": "ISTJ", "theCount": 3}, {"myValue": "ENFP", "personality_system_id": 1, "personality_type": "ENFP", "theCount": 2}, {"myValue": "ESFJ", "personality_system_id": 1, "personality_type": "ESFJ", "theCount": 2}, {"myValue": "ESTJ", "personality_system_id": 1, "personality_type": "ESTJ", "theCount": 2}, {"myValue": "ENFJ", "personality_system_id": 1, "personality_type": "ENFJ", "theCount": 1}], "10": [{"myValue": "Left-brained Introvert", "personality_system_id": 10, "personality_type": "Left-brained Introvert", "theCount": 2}], "11": [{"myValue": "IN(T)", "personality_system_id": 11, "personality_type": "IN(T)", "theCount": 39}, {"myValue": "ET(N)", "personality_system_id": 11, "personality_type": "ET(N)", "theCount": 30}, {"myValue": "IT(N)", "personality_system_id": 11, "personality_type": "IT(N)", "theCount": 4}, {"myValue": "EF(N)", "personality_system_id": 11, "personality_type": "EF(N)", "theCount": 1}, {"myValue": "EN(T)", "personality_system_id": 11, "personality_type": "EN(T)", "theCount": 1}], "2": [{"myValue": "1w9", "personality_system_id": 2, "personality_type": "1w9", "theCount": 615}, {"myValue": "5w6", "personality_system_id": 2, "personality_type": "5w6", "theCount": 317}, {"myValue": "1w2", "personality_system_id": 2, "personality_type": "1w2", "theCount": 41}, {"myValue": "5w4", "personality_system_id": 2, "personality_type": "5w4", "theCount": 29}, {"myValue": "7w6", "personality_system_id": 2, "personality_type": "7w6", "theCount": 8}, {"myValue": "7w8", "personality_system_id": 2, "personality_type": "7w8", "theCount": 7}, {"myValue": "3w4", "personality_system_id": 2, "personality_type": "3w4", "theCount": 4}, {"myValue": "9w1", "personality_system_id": 2, "personality_type": "9w1", "theCount": 3}, {"myValue": "3w2", "personality_system_id": 2, "personality_type": "3w2", "theCount": 2}, {"myValue": "6w5", "personality_system_id": 2, "personality_type": "6w5", "theCount": 2}, {"myValue": "6w7", "personality_system_id": 2, "personality_type": "6w7", "theCount": 2}, {"myValue": "2w1", "personality_system_id": 2, "personality_type": "2w1", "theCount": 1}, {"myValue": "4w3", "personality_system_id": 2, "personality_type": "4w3", "theCount": 1}, {"myValue": "4w5", "personality_system_id": 2, "personality_type": "4w5", "theCount": 1}, {"myValue": "8w7", "personality_system_id": 2, "personality_type": "8w7", "theCount": 1}, {"myValue": "9w8", "personality_system_id": 2, "personality_type": "9w8", "theCount": 1}], "3": [{"myValue": "LIE", "personality_system_id": 3, "personality_type": "LIE", "theCount": 112}, {"myValue": "LII", "personality_system_id": 3, "personality_type": "LII", "theCount": 54}, {"myValue": "ILI", "personality_system_id": 3, "personality_type": "ILI", "theCount": 30}, {"myValue": "ILE", "personality_system_id": 3, "personality_type": "ILE", "theCount": 4}, {"myValue": "LSI", "personality_system_id": 3, "personality_type": "LSI", "theCount": 4}, {"myValue": "EIE", "personality_system_id": 3, "personality_type": "EIE", "theCount": 3}, {"myValue": "EII", "personality_system_id": 3, "personality_type": "EII", "theCount": 3}, {"myValue": "IEI", "personality_system_id": 3, "personality_type": "IEI", "theCount": 2}], "4": [{"myValue": "Neutral Evil", "personality_system_id": 4, "personality_type": "Neutral Evil", "theCount": 48}, {"myValue": "Chaotic Evil", "personality_system_id": 4, "personality_type": "Chaotic Evil", "theCount": 3}, {"myValue": "Chaotic Neutral", "personality_system_id": 4, "personality_type": "Chaotic Neutral", "theCount": 3}, {"myValue": "Chaotic Good", "personality_system_id": 4, "personality_type": "Chaotic Good", "theCount": 2}, {"myValue": "Lawful Evil", "personality_system_id": 4, "personality_type": "Lawful Evil", "theCount": 2}, {"myValue": "True Neutral", "personality_system_id": 4, "personality_type": "True Neutral", "theCount": 2}], "5": [{"myValue": "so/sp", "personality_system_id": 5, "personality_type": "so/sp", "theCount": 211}, {"myValue": "so/sx", "personality_system_id": 5, "personality_type": "so/sx", "theCount": 172}, {"myValue": "sp/so", "personality_system_id": 5, "personality_type": "sp/so", "theCount": 158}, {"myValue": "sp/sx", "personality_system_id": 5, "personality_type": "sp/sx", "theCount": 12}, {"myValue": "sx/so", "personality_system_id": 5, "personality_type": "sx/so", "theCount": 11}, {"myValue": "sx/sp", "personality_system_id": 5, "personality_type": "sx/sp", "theCount": 6}], "6": [{"myValue": "154", "personality_system_id": 6, "personality_type": "154", "theCount": 211}, {"myValue": "514", "personality_system_id": 6, "personality_type": "514", "theCount": 97}, {"myValue": "153", "personality_system_id": 6, "personality_type": "153", "theCount": 84}, {"myValue": "513", "personality_system_id": 6, "personality_type": "513", "theCount": 14}, {"myValue": "135", "personality_system_id": 6, "personality_type": "135", "theCount": 8}, {"myValue": "713", "personality_system_id": 6, "personality_type": "713", "theCount": 6}, {"myValue": "145", "personality_system_id": 6, "personality_type": "145", "theCount": 5}, {"myValue": "583", "personality_system_id": 6, "personality_type": "583", "theCount": 4}, {"myValue": "541", "personality_system_id": 6, "personality_type": "541", "theCount": 3}, {"myValue": "714", "personality_system_id": 6, "personality_type": "714", "theCount": 3}, {"myValue": "137", "personality_system_id": 6, "personality_type": "137", "theCount": 2}, {"myValue": "152", "personality_system_id": 6, "personality_type": "152", "theCount": 2}, {"myValue": "584", "personality_system_id": 6, "personality_type": "584", "theCount": 2}, {"myValue": "712", "personality_system_id": 6, "personality_type": "712", "theCount": 2}, {"myValue": "853", "personality_system_id": 6, "personality_type": "853", "theCount": 2}, {"myValue": "163", "personality_system_id": 6, "personality_type": "163", "theCount": 1}, {"myValue": "164", "personality_system_id": 6, "personality_type": "164", "theCount": 1}, {"myValue": "351", "personality_system_id": 6, "personality_type": "351", "theCount": 1}, {"myValue": "458", "personality_system_id": 6, "personality_type": "458", "theCount": 1}, {"myValue": "539", "personality_system_id": 6, "personality_type": "539", "theCount": 1}, {"myValue": "594", "personality_system_id": 6, "personality_type": "594", "theCount": 1}, {"myValue": "614", "personality_system_id": 6, "personality_type": "614", "theCount": 1}, {"myValue": "782", "personality_system_id": 6, "personality_type": "782", "theCount": 1}, {"myValue": "972", "personality_system_id": 6, "personality_type": "972", "theCount": 1}], "7": [{"myValue": "Melancholic-Choleric", "personality_system_id": 7, "personality_type": "Melancholic-Choleric", "theCount": 241}, {"myValue": "Choleric-Melancholic", "personality_system_id": 7, "personality_type": "Choleric-Melancholic", "theCount": 105}, {"myValue": "Phlegmatic-Melancholic", "personality_system_id": 7, "personality_type": "Phlegmatic-Melancholic", "theCount": 23}, {"myValue": "Melancholic-Phlegmatic", "personality_system_id": 7, "personality_type": "Melancholic-Phlegmatic", "theCount": 19}, {"myValue": "Melancholic [Dominant]", "personality_system_id": 7, "personality_type": "Melancholic [Dominant]", "theCount": 15}, {"myValue": "Choleric [Dominant]", "personality_system_id": 7, "personality_type": "Choleric [Dominant]", "theCount": 10}, {"myValue": "Phlegmatic-Choleric", "personality_system_id": 7, "personality_type": "Phlegmatic-Choleric", "theCount": 10}, {"myValue": "Phlegmatic [Dominant]", "personality_system_id": 7, "personality_type": "Phlegmatic [Dominant]", "theCount": 8}, {"myValue": "Choleric-Phlegmatic", "personality_system_id": 7, "personality_type": "Choleric-Phlegmatic", "theCount": 5}, {"myValue": "Sanguine [Dominant]", "personality_system_id": 7, "personality_type": "Sanguine [Dominant]", "theCount": 3}, {"myValue": "Choleric-Sanguine", "personality_system_id": 7, "personality_type": "Choleric-Sanguine", "theCount": 1}, {"myValue": "Melancholic-Sanguine", "personality_system_id": 7, "personality_type": "Melancholic-Sanguine", "theCount": 1}, {"myValue": "Phlegmatic-Sanguine", "personality_system_id": 7, "personality_type": "Phlegmatic-Sanguine", "theCount": 1}, {"myValue": "Sanguine-Phlegmatic", "personality_system_id": 7, "personality_type": "Sanguine-Phlegmatic", "theCount": 1}], "8": [{"myValue": "VLEF", "personality_system_id": 8, "personality_type": "VLEF", "theCount": 120}, {"myValue": "VLFE", "personality_system_id": 8, "personality_type": "VLFE", "theCount": 40}, {"myValue": "LVEF", "personality_system_id": 8, "personality_type": "LVEF", "theCount": 9}, {"myValue": "LVFE", "personality_system_id": 8, "personality_type": "LVFE", "theCount": 5}, {"myValue": "EFLV", "personality_system_id": 8, "personality_type": "EFLV", "theCount": 1}, {"myValue": "ELVF", "personality_system_id": 8, "personality_type": "ELVF", "theCount": 1}, {"myValue": "FLEV", "personality_system_id": 8, "personality_type": "FLEV", "theCount": 1}, {"myValue": "LFEV", "personality_system_id": 8, "personality_type": "LFEV", "theCount": 1}, {"myValue": "VEFL", "personality_system_id": 8, "personality_type": "VEFL", "theCount": 1}], "9": [{"myValue": "RCOEI", "personality_system_id": 9, "personality_type": "RCOEI", "theCount": 213}, {"myValue": "RLOEI", "personality_system_id": 9, "personality_type": "RLOEI", "theCount": 7}, {"myValue": "RCOAI", "personality_system_id": 9, "personality_type": "RCOAI", "theCount": 6}, {"myValue": "RCOEN", "personality_system_id": 9, "personality_type": "RCOEN", "theCount": 2}, {"myValue": "SCOEI", "personality_system_id": 9, "personality_type": "SCOEI", "theCount": 2}, {"myValue": "RLOAI", "personality_system_id": 9, "personality_type": "RLOAI", "theCount": 1}, {"myValue": "RLOEN", "personality_system_id": 9, "personality_type": "RLOEN", "theCount": 1}, {"myValue": "RLUAI", "personality_system_id": 9, "personality_type": "RLUAI", "theCount": 1}, {"myValue": "RLUEI", "personality_system_id": 9, "personality_type": "RLUEI", "theCount": 1}, {"myValue": "SLOEI", "personality_system_id": 9, "personality_type": "SLOEI", "theCount": 1}, {"myValue": "SLUAN", "personality_system_id": 9, "personality_type": "SLUAN", "theCount": 1}]}, "breakdown_config": {"expand": {"1": 3, "10": 1, "11": 2, "2": 3, "3": 1, "4": 1, "5": 3, "6": 1, "7": 1, "8": 1, "9": 1}, "fire": {"1": 0, "10": 0, "11": 1, "2": 1, "3": 0, "4": 0, "5": 1, "6": 0, "7": 0, "8": 0, "9": 0}}, "mbti_letter_stats": [{"type": "I", "percentage": "95%", "PercentageFloat": 0.9530112508272667}, {"type": "N", "percentage": "99%", "PercentageFloat": 0.9920582395764395}, {"type": "T", "percentage": "97%", "PercentageFloat": 0.9735274652547982}, {"type": "J", "percentage": "96%", "PercentageFloat": 0.9629384513567174}], "topic_info": {"can_generate": false, "topic": {"description": "Fyodor Dostoevsky (\u30d5\u30e7\u30fc\u30c9\u30eb\u30fb\u30c9\u30b9\u30c8\u30a8\u30d5\u30b9\u30ad\u30fc, Fuy\u014ddoru Dosutoefusuk\u012b) is the head and leader of the Rats in the House of the Dead and a member of the Decay of Angels.", "follow_count": 154, "id": 10157, "is_following": false, "is_join_pending": false, "is_banned": false, "is_moderated": false, "name_readable": "Fyodor Dostoevsky", "post_count": 167, "source_profile_id": 10861, "source_type": "profile", "join_to_post": false, "can_pin": false, "related_topics": [{"description": "Ry\u016bnosuke Akutagawa (\u82a5\u5ddd \u9f8d\u4e4b\u4ecb, Akutagawa Ry\u016bnosuke) is a member of the Port Mafia and has the ability Rash\u014dmon (\u7f85\u751f\u9580, Rash\u014dmon).", "follow_count": 213, "id": 8775, "is_following": false, "is_join_pending": false, "is_banned": false, "is_moderated": false, "name_readable": "Ryunosuke Akutagawa", "post_count": 809, "source_profile_id": 9389, "source_type": "profile", "image": {"picURL": "https://static1.personality-database.com/profile_images/c8ef8d300a134a01b5ec4ca7f52e083a.png"}, "join_to_post": false, "can_pin": false}, {"description": "Osamu Dazai (\u592a\u5bb0\u6cbb, Dazai Osamu) is a member of the Armed Detective Agency. #MamoruMiyano", "follow_count": 615, "id": 8739, "is_following": false, "is_join_pending": false, "is_banned": false, "is_moderated": false, "name_readable": "Osamu Dazai", "post_count": 711, "source_profile_id": 9349, "source_type": "profile", "image": {"picURL": "https://static1.personality-database.com/profile_images/18bc4c5cf40b4c03b3330bd57792ac05.png"}, "join_to_post": false, "can_pin": false}, {"description": "Nakahara Ch\u016bya is a member of the Port Mafia and his ability is \"For the Tainted Sorrow\"", "follow_count": 300, "id": 8776, "is_following": false, "is_join_pending": false, "is_banned": false, "is_moderated": false, "name_readable": "Chuuya Nakahara", "post_count": 213, "source_profile_id": 9390, "source_type": "profile", "image": {"picURL": "https://static1.personality-database.com/profile_images/b2a7ffe895054a3983a3db548079b3eb.png"}, "join_to_post": false, "can_pin": false}, {"description": "Nikolai Gogol (\u30cb\u30b3\u30e9\u30a4\u30fb\u30b4\u30fc\u30b4\u30ea,, Nikorai G\u014dgori) is a member of the Decay of Angels.", "follow_count": 82, "id": 10159, "is_following": false, "is_join_pending": false, "is_banned": false, "is_moderated": false, "name_readable": "Nikolai Gogol", "post_count": 195, "source_profile_id": 10863, "source_type": "profile", "image": {"picURL": "https://static1.personality-database.com/profile_images/043a3c20e63b43b1be2cd37481706ca7.png"}, "join_to_post": false, "can_pin": false}, {"description": "Fyodor Dostoevsky (\u30d5\u30e7\u30fc\u30c9\u30eb\u30fb\u30c9\u30b9\u30c8\u30a8\u30d5\u30b9\u30ad\u30fc, Fuy\u014ddoru Dosutoefusuk\u012b) is the head and leader of the Rats in the House of the Dead and a member of the Decay of Angels.", "follow_count": 154, "id": 10157, "is_following": false, "is_join_pending": false, "is_banned": false, "is_moderated": false, "name_readable": "Fyodor Dostoevsky", "post_count": 167, "source_profile_id": 10861, "source_type": "profile", "image": {"picURL": "https://static1.personality-database.com/profile_images/bf8e8e46d0214c148e5ac5a7900b27dc.png"}, "join_to_post": false, "can_pin": false}, {"description": "Atsushi Nakajima (\u4e2d\u5cf6 \u6566, Nakajima Atsushi) is the main protagonist of the Bungo Stray Dogs manga and anime series. He is a member of the Armed Detective Agency who possesses the ability Beast Beneath the Moonlight.\nAtsushi is enthusiastic and passionate, caring deeply about his fellow members of the Armed Detective Agency and for the well-being of civilians and of people in bad situations. During his entrance exam that all members must pass to join the Agency, he is faced with a simulated bomb threat. He uses his body to cover the bomb and shield the other members, whom he had never met. His traumatic past affects much of his daily life, and he is tormented with nightmares, flashbacks, and the internal monologue of the orphanage director who abused him. He also tends to react strongly and believe things at face value, trusting others' judgment above his own, even abandoning his own instincts.", "follow_count": 17, "id": 8738, "is_following": false, "is_join_pending": false, "is_banned": false, "is_moderated": false, "name_readable": "Atsushi Nakajima", "post_count": 140, "source_profile_id": 9348, "source_type": "profile", "image": {"picURL": "https://static1.personality-database.com/profile_images/536a9d0cac8d40ae99b2fdb1ec3f65de.png"}, "join_to_post": false, "can_pin": false}, {"description": "Sigma (\u30b7\u30b0\u30de,, Shiguma) is a member of the Decay of Angels. He is also the general manager of the Sky Casino.", "follow_count": 33, "id": 27954, "is_following": false, "is_join_pending": false, "is_banned": false, "is_moderated": false, "name_readable": "Sigma", "post_count": 93, "source_profile_id": 31006, "source_type": "profile", "image": {"picURL": "https://static1.personality-database.com/profile_images/391cfd712d3944b9a3fefbae48caaaf9.png"}, "join_to_post": false, "can_pin": false}, {"description": "Ranpo Edogawa\u00a0(\u6c5f\u6238\u5ddd \u4e71\u6b69, Edogawa Ranpo)\u00a0is a member of the\u00a0Armed Detective Agency. He is known as one of the best detectives out there, despite not being an ability user. #HiroshiKamiya", "follow_count": 54, "id": 8768, "is_following": false, "is_join_pending": false, "is_banned": false, "is_moderated": false, "name_readable": "Ranpo Edogawa", "post_count": 73, "source_profile_id": 9382, "source_type": "profile", "image": {"picURL": "https://static1.personality-database.com/profile_images/058ba4d3422c48d78db97a8de129fbb0.png"}, "join_to_post": false, "can_pin": false}, {"description": "", "follow_count": 9, "id": 28068, "is_following": false, "is_join_pending": false, "is_banned": false, "is_moderated": false, "name_readable": "Teccho Suehiro", "post_count": 40, "source_profile_id": 31129, "source_type": "profile", "image": {"picURL": "https://static1.personality-database.com/profile_images/ca91976775f84687be404648320890b2.png"}, "join_to_post": false, "can_pin": false}, {"description": "Akiko Yosano (\u4e0e\u8b1d\u91ce \u6676\u5b50,, Yosano Akiko?) is a member and personal physician of the Armed Detective Agency. Her ability is a rare healing ability, Thou Shalt Not Die.", "follow_count": 0, "id": 8769, "is_following": false, "is_join_pending": false, "is_banned": false, "is_moderated": false, "name_readable": "Akiko Yosano", "post_count": 36, "source_profile_id": 9383, "source_type": "profile", "image": {"picURL": "https://static1.personality-database.com/profile_images/d245e45e30184157828835c1543b4822.png"}, "join_to_post": false, "can_pin": false}, {"description": "Michiz\u014d Tachihara (\u7acb\u539f \u9053\u9020,, Tachihara Michiz\u014d) is the fifth and final member of the Hunting Dogs special units, operating undercover as a Port Mafia mafioso and Black Lizard battalion leader. He is currently a double spy.", "follow_count": 3, "id": 8780, "is_following": false, "is_join_pending": false, "is_banned": false, "is_moderated": false, "name_readable": "Michizo Tachihara", "post_count": 34, "source_profile_id": 9394, "source_type": "profile", "image": {"picURL": "https://static1.personality-database.com/profile_images/35bf2b31ed2f4c20a0b53b2984778526.png"}, "join_to_post": false, "can_pin": false}, {"description": "#ISFJvillains", "follow_count": 2, "id": 35779, "is_following": false, "is_join_pending": false, "is_banned": false, "is_moderated": false, "name_readable": "Ivan Goncharov", "post_count": 32, "source_profile_id": 40133, "source_type": "profile", "image": {"picURL": "https://static1.personality-database.com/profile_images/194305c6321248f0999868e733ef48ba.png"}, "join_to_post": false, "can_pin": false}, {"description": "#INFPVillains #ToshiyukiMorikawa\nEdgar Allan Poe (\u30a8\u30c9\u30ac\u30fc\u30fb\u30a2\u30e9\u30f3\u30fb\u30dd\u30aa,, Edog\u0101 Aran P\u014d?) is the former master architect of the Guild, and his ability is Black Cat in the Rue Morgue. Poe is portrayed as shy but determined. He spent six years on a plot to defeat Ranpo Edogawa, showing that he will work hard at something he cares about. \n\n(Provided by; https://bungostraydogs.fandom.com/wiki/Edgar_Allan_Poe)", "follow_count": 12, "id": 10153, "is_following": false, "is_join_pending": false, "is_banned": false, "is_moderated": false, "name_readable": "Edgar Allan Poe", "post_count": 30, "source_profile_id": 10857, "source_type": "profile", "image": {"picURL": "https://static1.personality-database.com/profile_images/60ec1974a804443b8dd8c8b7b6a6937c.png"}, "join_to_post": false, "can_pin": false}, {"description": "Doppo Kunikida (\u56fd\u6728\u7530 \u7368\u6b69,, Kunikida Doppo) is a member of the Armed Detective Agency. He owns the ability named The Matchless Poet.\n#YoshimasaHosoya", "follow_count": 2, "id": 8767, "is_following": false, "is_join_pending": false, "is_banned": false, "is_moderated": false, "name_readable": "Doppo Kunikida", "post_count": 30, "source_profile_id": 9381, "source_type": "profile", "image": {"picURL": "https://static1.personality-database.com/profile_images/b960b54714d747cf9715f161abb410c6.png"}, "join_to_post": false, "can_pin": false}, {"description": "#JunichiSuwabe\nSakunosuke Oda (\u7e54\u7530 \u4f5c\u4e4b\u52a9,, Oda Sakunosuke?) was a member of the Port Mafia. His ability name was Flawless.", "follow_count": 13, "id": 8778, "is_following": false, "is_join_pending": false, "is_banned": false, "is_moderated": false, "name_readable": "Sakunosuke Oda", "post_count": 27, "source_profile_id": 9392, "source_type": "profile", "image": {"picURL": "https://static1.personality-database.com/profile_images/145c7c630d7446d98ee4aeb993d82229.png"}, "join_to_post": false, "can_pin": false}, {"description": "Mushitaro Oguri (\u5c0f\u6817 \u866b\u592a\u90ce,, Oguri Mushitaro) is a former member of the Rats in the House of the Dead. His ability is The Perfect Crime.", "follow_count": 5, "id": 10158, "is_following": false, "is_join_pending": false, "is_banned": false, "is_moderated": false, "name_readable": "Mushitaro Oguri", "post_count": 27, "source_profile_id": 10862, "source_type": "profile", "image": {"picURL": "https://static1.personality-database.com/profile_images/66bf90230e6840f3b18c76035b3a9630.png"}, "join_to_post": false, "can_pin": false}], "subcategory": "Bungou Stray Dogs", "topic_image_url": "https://static1.personality-database.com/profile_images/bf8e8e46d0214c148e5ac5a7900b27dc.png", "source_location": {"cid": 8, "pid": 2, "sub_cat_id": 1085}, "can_post_image": false, "can_post_audio": false, "posts": {"posts": [{"username": "Ghosteeret", "user_pic_path": "https://static1.personality-database.com/user_avatars/209151/0ff2875e-62a2-48d2-96c1-2e726caef6c0_small.jpeg", "user_personality_type": "", "is_mod": false, "comment_count": 0, "reply_count": 0, "vote_type": 0, "topics_list": [{"id": 10157, "name_readable": "Fyodor Dostoevsky"}], "id": 2204908, "post_id": 2204908, "user_id": 209151, "title": "", "content": "bros devious", "create_date": 1673837279000, "unix_timestamp": 1673837279000, "update_date": 1673837279000, "vote_count": 0, "vote_count_down": 0, "is_reported": 0, "is_hidden": false, "is_pinned": false, "is_watching": false, "is_pro_user": false, "images": null, "audios": null, "function_list": [], "type": "post"}, {"username": "satorilover6969", "user_pic_path": "https://static1.personality-database.com/user_avatars/1238126/382a427e-9d3d-4132-834d-852a5975cce0_small.jpeg", "user_personality_type": "ISFP-4w5-497", "is_mod": false, "comment_count": 0, "reply_count": 0, "vote_type": 0, "topics_list": [{"id": 10157, "name_readable": "Fyodor Dostoevsky"}], "id": 2148674, "post_id": 2148674, "user_id": 1238126, "title": "", "content": "smash", "create_date": 1673269835000, "unix_timestamp": 1673269835000, "update_date": 1673269835000, "vote_count": 5, "vote_count_down": 0, "is_reported": 0, "is_hidden": false, "is_pinned": false, "is_watching": false, "is_pro_user": false, "images": null, "audios": null, "function_list": [], "type": "post"}, {"username": "Blizzard", "user_pic_path": "https://static1.personality-database.com/user_avatars/230697/28bc4623-33e0-4ad8-9f11-7efad5eef185_small.jpeg", "user_personality_type": "ENFJ-792", "is_mod": false, "comment_count": 3, "reply_count": 3, "vote_type": 0, "topics_list": [{"id": 10157, "name_readable": "Fyodor Dostoevsky"}], "id": 2104140, "post_id": 2104140, "user_id": 230697, "title": "", "content": "Had anyone considered ET(N) SO7", "create_date": 1672841112000, "unix_timestamp": 1672841112000, "update_date": 1672841112000, "vote_count": 5, "vote_count_down": 0, "is_reported": 0, "is_hidden": false, "is_pinned": false, "is_watching": false, "is_pro_user": false, "images": null, "audios": null, "function_list": [], "type": "post"}]}}}}