{"id": 110637, "mbti_profile": "Yatora Yaguchi", "profile_name_searchable": "yatorayaguchi", "allow_commenting": true, "allow_voting": true, "user_id": 8368, "contributor": "mypolaris", "contributor_create_date": "2020-03-26 00:30:26", "contributor_pic_path": "https://lh3.googleusercontent.com/a-/AOh14GjQVf1BYamOtSEyma3SbOL9Wkrq4fmb6bz1R-0Ncw=s96-c", "display_order": 1000, "edit_lock": 0, "edit_lock_picture": 0, "is_active": true, "is_approved": true, "mbti_enneagram_type": "ESFJ 3w2", "mbti_type": "ESFJ 3w2", "pdb_comment_access": true, "pdb_page_owner": 0, "pdb_public_access": true, "wiki_description": "Yatora Yaguchi is the protagonist of the Anime, Blue Period. He is a second-year high school student with remarkably high grades considering his delinquent lifestyle. Yatora feels like his life is dull and predictable, that is, until he comes across his senpai, Mori, painting in the Art Club. He discovers his passion for painting and dedicates his remaining school years to it, aiming to pass Tokyo University of the Arts entrance exam.", "watch_count": 1279, "comment_count": 241, "vote_count": 1222, "vote_count_enneagram": 493, "vote_count_mbti": 1222, "total_vote_counts": 1898, "personality_type": "ESFJ - 3w2 - sp/so - 396 - ESE - SLOAI - VEFL - Sanguine-Melancholic - EF(S)", "type_updated_date": "2022-11-15 11:55:46", "enneagram_vote": "", "enneagram_vote_id": 0, "mbti_vote": "", "mbti_vote_id": 0, "is_watching": false, "image_exists": false, "profile_image_url": "https://static1.personality-database.com/profile_images/d6424b7760fa4e99afa03a0cc467c70f.png", "profile_image_credit": "", "profile_image_credit_id": 0, "profile_image_credit_type": "0", "profile_image_credit_url": "", "alt_subcategory": "", "related_subcategories": "", "cat_id": 8, "category": "Anime & Manga", "category_is_fictional": true, "sub_cat_id": 8103, "subcategory": "Blue Period", "subcat_link_info": {"sub_cat_id": 8103, "cat_id": 8, "property_id": 2, "subcategory": "Blue Period"}, "related_subcat_link_info": null, "related_profiles": [{"id": 225594, "mbti_profile": "Ayukawa \"Yuka\" Ryuji", "subcategory": "Blue Period", "profile_image_url": "https://static1.personality-database.com/profile_images/5aaaaf50ad724aaabb6f3db4a1d1b1f1.png", "profile_name": "Ayukawa \"Yuka\" Ryuji", "profile_subcat": "Blue Period", "sub_cat_id": 8103, "cat_id": 8, "property_id": 2, "mbti": "ISFP", "enneatype": "4w3"}, {"id": 215888, "mbti_profile": "Takahashi Yotasuke", "subcategory": "Blue Period", "profile_image_url": "https://static1.personality-database.com/profile_images/329124783c23491fb27c44c731091531.png", "profile_name": "Takahashi Yotasuke", "profile_subcat": "Blue Period", "sub_cat_id": 8103, "cat_id": 8, "property_id": 2, "mbti": "INTJ", "enneatype": "5w4"}, {"id": 237981, "mbti_profile": "Kuwana Maki", "subcategory": "Blue Period", "profile_image_url": "https://static1.personality-database.com/profile_images/18a174d4236e48b393738697b8a82e94.png", "profile_name": "Kuwana Maki", "profile_subcat": "Blue Period", "sub_cat_id": 8103, "cat_id": 8, "property_id": 2, "mbti": "ISFP", "enneatype": "4w3"}, {"id": 225596, "mbti_profile": "Hashida Haruka", "subcategory": "Blue Period", "profile_image_url": "https://static1.personality-database.com/profile_images/fb0fb83b89974b56bbae62aae976a5b8.png", "profile_name": "Hashida Haruka", "profile_subcat": "Blue Period", "sub_cat_id": 8103, "cat_id": 8, "property_id": 2, "mbti": "ENTP", "enneatype": "5w4"}, {"id": 283849, "mbti_profile": "Murai Yakumo", "subcategory": "Blue Period", "profile_image_url": "https://static1.personality-database.com/profile_images/e5f27385f1e54ca397c5b9bc02b1d8de.png", "profile_name": "Murai Yakumo", "profile_subcat": "Blue Period", "sub_cat_id": 8103, "cat_id": 8, "property_id": 2, "mbti": "ESTP", "enneatype": "8w7"}, {"id": 225597, "mbti_profile": "Maru Mori", "subcategory": "Blue Period", "profile_image_url": "https://static1.personality-database.com/profile_images/d26ea0981f02490ea37f3c811a9f4f8f.png", "profile_name": "Maru Mori", "profile_subcat": "Blue Period", "sub_cat_id": 8103, "cat_id": 8, "property_id": 2, "mbti": "ISFJ", "enneatype": "4w5"}, {"id": 225595, "mbti_profile": "Mrs. Saeki", "subcategory": "Blue Period", "profile_image_url": "https://static1.personality-database.com/profile_images/9e27c63be0864a099098f11fd8c22489.png", "profile_name": "Mrs. Saeki", "profile_subcat": "Blue Period", "sub_cat_id": 8103, "cat_id": 8, "property_id": 2, "mbti": "ENFJ", "enneatype": "1w2"}, {"id": 284693, "mbti_profile": "Nekoyashiki", "subcategory": "Blue Period", "profile_image_url": "https://static1.personality-database.com/profile_images/05a5f505bd7a4eb3a4fda3ed4cf0ec8d.png", "profile_name": "Nekoyashiki", "profile_subcat": "Blue Period", "sub_cat_id": 8103, "cat_id": 8, "property_id": 2, "mbti": "ENTJ", "enneatype": "3w4"}], "functions": ["Fe", "Si", "Ne", "Ti"], "systems": [{"hex_color": "#888888", "id": 1, "personality_type": "XXXX", "personality_type_id": 0, "system_name": "Four Letter", "system_vote_count": 751, "user_vote_type_id": 0, "vote_id": 0}, {"hex_color": "#006775", "id": 2, "personality_type": "XXXX", "personality_type_id": 0, "system_name": "Enneagram", "system_vote_count": 479, "user_vote_type_id": 0, "vote_id": 0}, {"hex_color": "#006775", "id": 5, "personality_type": "XXXX", "personality_type_id": 0, "system_name": "Instinctual Variant", "system_vote_count": 189, "user_vote_type_id": 0, "vote_id": 0}, {"hex_color": "#006775", "id": 6, "personality_type": "XXXX", "personality_type_id": 0, "system_name": "Tritype", "system_vote_count": 187, "user_vote_type_id": 0, "vote_id": 0}, {"hex_color": "#888888", "id": 3, "personality_type": "XXXX", "personality_type_id": 0, "system_name": "Socionics", "system_vote_count": 52, "user_vote_type_id": 0, "vote_id": 0}, {"hex_color": "#888888", "id": 9, "personality_type": "XXXX", "personality_type_id": 0, "system_name": "Big 5 (SLOAN)", "system_vote_count": 61, "user_vote_type_id": 0, "vote_id": 0}, {"hex_color": "#888888", "id": 8, "personality_type": "XXXX", "personality_type_id": 0, "system_name": "Attitudinal Psyche", "system_vote_count": 57, "user_vote_type_id": 0, "vote_id": 0}, {"hex_color": "#888888", "id": 7, "personality_type": "XXXX", "personality_type_id": 0, "system_name": "Temperaments", "system_vote_count": 96, "user_vote_type_id": 0, "vote_id": 0}, {"hex_color": "#888888", "id": 11, "personality_type": "XXXX", "personality_type_id": 0, "system_name": "Classic Jungian", "system_vote_count": 22, "user_vote_type_id": 0, "vote_id": 0}], "breakdown_systems": {"1": [{"myValue": "ESFJ", "personality_system_id": 1, "personality_type": "ESFJ", "theCount": 611}, {"myValue": "ENFJ", "personality_system_id": 1, "personality_type": "ENFJ", "theCount": 36}, {"myValue": "ESTP", "personality_system_id": 1, "personality_type": "ESTP", "theCount": 22}, {"myValue": "ESTJ", "personality_system_id": 1, "personality_type": "ESTJ", "theCount": 15}, {"myValue": "ISFJ", "personality_system_id": 1, "personality_type": "ISFJ", "theCount": 12}, {"myValue": "ENTP", "personality_system_id": 1, "personality_type": "ENTP", "theCount": 10}, {"myValue": "ENFP", "personality_system_id": 1, "personality_type": "ENFP", "theCount": 9}, {"myValue": "INFJ", "personality_system_id": 1, "personality_type": "INFJ", "theCount": 8}, {"myValue": "ISFP", "personality_system_id": 1, "personality_type": "ISFP", "theCount": 8}, {"myValue": "ESFP", "personality_system_id": 1, "personality_type": "ESFP", "theCount": 5}, {"myValue": "INTP", "personality_system_id": 1, "personality_type": "INTP", "theCount": 5}, {"myValue": "INFP", "personality_system_id": 1, "personality_type": "INFP", "theCount": 4}, {"myValue": "ENTJ", "personality_system_id": 1, "personality_type": "ENTJ", "theCount": 3}, {"myValue": "INTJ", "personality_system_id": 1, "personality_type": "INTJ", "theCount": 1}, {"myValue": "ISTJ", "personality_system_id": 1, "personality_type": "ISTJ", "theCount": 1}, {"myValue": "ISTP", "personality_system_id": 1, "personality_type": "ISTP", "theCount": 1}], "11": [{"myValue": "EF(S)", "personality_system_id": 11, "personality_type": "EF(S)", "theCount": 18}, {"myValue": "ET(S)", "personality_system_id": 11, "personality_type": "ET(S)", "theCount": 3}, {"myValue": "ET(N)", "personality_system_id": 11, "personality_type": "ET(N)", "theCount": 1}], "2": [{"myValue": "3w2", "personality_system_id": 2, "personality_type": "3w2", "theCount": 426}, {"myValue": "3w4", "personality_system_id": 2, "personality_type": "3w4", "theCount": 25}, {"myValue": "9w1", "personality_system_id": 2, "personality_type": "9w1", "theCount": 12}, {"myValue": "4w3", "personality_system_id": 2, "personality_type": "4w3", "theCount": 6}, {"myValue": "1w9", "personality_system_id": 2, "personality_type": "1w9", "theCount": 3}, {"myValue": "2w3", "personality_system_id": 2, "personality_type": "2w3", "theCount": 3}, {"myValue": "4w5", "personality_system_id": 2, "personality_type": "4w5", "theCount": 1}, {"myValue": "6w7", "personality_system_id": 2, "personality_type": "6w7", "theCount": 1}, {"myValue": "7w6", "personality_system_id": 2, "personality_type": "7w6", "theCount": 1}, {"myValue": "9w8", "personality_system_id": 2, "personality_type": "9w8", "theCount": 1}], "3": [{"myValue": "ESE", "personality_system_id": 3, "personality_type": "ESE", "theCount": 35}, {"myValue": "EIE", "personality_system_id": 3, "personality_type": "EIE", "theCount": 6}, {"myValue": "LSE", "personality_system_id": 3, "personality_type": "LSE", "theCount": 4}, {"myValue": "SEE", "personality_system_id": 3, "personality_type": "SEE", "theCount": 4}, {"myValue": "EII", "personality_system_id": 3, "personality_type": "EII", "theCount": 1}, {"myValue": "ESI", "personality_system_id": 3, "personality_type": "ESI", "theCount": 1}, {"myValue": "IEE", "personality_system_id": 3, "personality_type": "IEE", "theCount": 1}], "4": [{"myValue": "Lawful Good", "personality_system_id": 4, "personality_type": "Lawful Good", "theCount": 4}], "5": [{"myValue": "sp/so", "personality_system_id": 5, "personality_type": "sp/so", "theCount": 130}, {"myValue": "so/sp", "personality_system_id": 5, "personality_type": "so/sp", "theCount": 37}, {"myValue": "so/sx", "personality_system_id": 5, "personality_type": "so/sx", "theCount": 11}, {"myValue": "sp/sx", "personality_system_id": 5, "personality_type": "sp/sx", "theCount": 8}, {"myValue": "sx/sp", "personality_system_id": 5, "personality_type": "sx/sp", "theCount": 2}, {"myValue": "sx/so", "personality_system_id": 5, "personality_type": "sx/so", "theCount": 1}], "6": [{"myValue": "396", "personality_system_id": 6, "personality_type": "396", "theCount": 112}, {"myValue": "316", "personality_system_id": 6, "personality_type": "316", "theCount": 25}, {"myValue": "369", "personality_system_id": 6, "personality_type": "369", "theCount": 25}, {"myValue": "936", "personality_system_id": 6, "personality_type": "936", "theCount": 6}, {"myValue": "937", "personality_system_id": 6, "personality_type": "937", "theCount": 4}, {"myValue": "395", "personality_system_id": 6, "personality_type": "395", "theCount": 2}, {"myValue": "126", "personality_system_id": 6, "personality_type": "126", "theCount": 1}, {"myValue": "127", "personality_system_id": 6, "personality_type": "127", "theCount": 1}, {"myValue": "136", "personality_system_id": 6, "personality_type": "136", "theCount": 1}, {"myValue": "269", "personality_system_id": 6, "personality_type": "269", "theCount": 1}, {"myValue": "317", "personality_system_id": 6, "personality_type": "317", "theCount": 1}, {"myValue": "359", "personality_system_id": 6, "personality_type": "359", "theCount": 1}, {"myValue": "361", "personality_system_id": 6, "personality_type": "361", "theCount": 1}, {"myValue": "368", "personality_system_id": 6, "personality_type": "368", "theCount": 1}, {"myValue": "378", "personality_system_id": 6, "personality_type": "378", "theCount": 1}, {"myValue": "385", "personality_system_id": 6, "personality_type": "385", "theCount": 1}, {"myValue": "497", "personality_system_id": 6, "personality_type": "497", "theCount": 1}, {"myValue": "926", "personality_system_id": 6, "personality_type": "926", "theCount": 1}, {"myValue": "963", "personality_system_id": 6, "personality_type": "963", "theCount": 1}], "7": [{"myValue": "Sanguine-Melancholic", "personality_system_id": 7, "personality_type": "Sanguine-Melancholic", "theCount": 82}, {"myValue": "Melancholic-Sanguine", "personality_system_id": 7, "personality_type": "Melancholic-Sanguine", "theCount": 4}, {"myValue": "Phlegmatic-Melancholic", "personality_system_id": 7, "personality_type": "Phlegmatic-Melancholic", "theCount": 4}, {"myValue": "Choleric-Melancholic", "personality_system_id": 7, "personality_type": "Choleric-Melancholic", "theCount": 1}, {"myValue": "Choleric-Sanguine", "personality_system_id": 7, "personality_type": "Choleric-Sanguine", "theCount": 1}, {"myValue": "Melancholic [Dominant]", "personality_system_id": 7, "personality_type": "Melancholic [Dominant]", "theCount": 1}, {"myValue": "Melancholic-Choleric", "personality_system_id": 7, "personality_type": "Melancholic-Choleric", "theCount": 1}, {"myValue": "Sanguine [Dominant]", "personality_system_id": 7, "personality_type": "Sanguine [Dominant]", "theCount": 1}, {"myValue": "Sanguine-Phlegmatic", "personality_system_id": 7, "personality_type": "Sanguine-Phlegmatic", "theCount": 1}], "8": [{"myValue": "VEFL", "personality_system_id": 8, "personality_type": "VEFL", "theCount": 28}, {"myValue": "FVLE", "personality_system_id": 8, "personality_type": "FVLE", "theCount": 12}, {"myValue": "FEVL", "personality_system_id": 8, "personality_type": "FEVL", "theCount": 8}, {"myValue": "EVFL", "personality_system_id": 8, "personality_type": "EVFL", "theCount": 2}, {"myValue": "VFEL", "personality_system_id": 8, "personality_type": "VFEL", "theCount": 2}, {"myValue": "EFVL", "personality_system_id": 8, "personality_type": "EFVL", "theCount": 1}, {"myValue": "FELV", "personality_system_id": 8, "personality_type": "FELV", "theCount": 1}, {"myValue": "FVEL", "personality_system_id": 8, "personality_type": "FVEL", "theCount": 1}, {"myValue": "VELF", "personality_system_id": 8, "personality_type": "VELF", "theCount": 1}, {"myValue": "VLFE", "personality_system_id": 8, "personality_type": "VLFE", "theCount": 1}], "9": [{"myValue": "SLOAI", "personality_system_id": 9, "personality_type": "SLOAI", "theCount": 48}, {"myValue": "SCOAI", "personality_system_id": 9, "personality_type": "SCOAI", "theCount": 4}, {"myValue": "SLUAI", "personality_system_id": 9, "personality_type": "SLUAI", "theCount": 3}, {"myValue": "RCOAI", "personality_system_id": 9, "personality_type": "RCOAI", "theCount": 2}, {"myValue": "RCUAN", "personality_system_id": 9, "personality_type": "RCUAN", "theCount": 1}, {"myValue": "SCOAN", "personality_system_id": 9, "personality_type": "SCOAN", "theCount": 1}, {"myValue": "SCOEI", "personality_system_id": 9, "personality_type": "SCOEI", "theCount": 1}, {"myValue": "SLOAN", "personality_system_id": 9, "personality_type": "SLOAN", "theCount": 1}]}, "breakdown_config": {"expand": {"1": 3, "11": 1, "2": 3, "3": 1, "4": 1, "5": 1, "6": 1, "7": 1, "8": 1, "9": 1}, "fire": {"1": 0, "11": 0, "2": 0, "3": 0, "4": 0, "5": 0, "6": 0, "7": 0, "8": 0, "9": 0}}, "mbti_letter_stats": [{"type": "E", "percentage": "95%", "PercentageFloat": 0.9467376830892144}, {"type": "S", "percentage": "90%", "PercentageFloat": 0.8988015978695073}, {"type": "F", "percentage": "92%", "PercentageFloat": 0.9227696404793608}, {"type": "J", "percentage": "91%", "PercentageFloat": 0.914780292942743}], "topic_info": {"can_generate": false, "topic": {"description": "", "follow_count": 4, "id": 87859, "is_following": false, "is_join_pending": false, "is_banned": false, "is_moderated": false, "name_readable": "Yatora Yaguchi", "post_count": 13, "source_profile_id": 110637, "source_type": "profile", "join_to_post": false, "can_pin": false, "related_topics": [{"description": "", "follow_count": 8, "id": 166687, "is_following": false, "is_join_pending": false, "is_banned": false, "is_moderated": false, "name_readable": "Takahashi Yotasuke", "post_count": 34, "source_profile_id": 215888, "source_type": "profile", "image": {"picURL": "https://static1.personality-database.com/profile_images/329124783c23491fb27c44c731091531.png"}, "join_to_post": false, "can_pin": false}, {"description": "", "follow_count": 3, "id": 174229, "is_following": false, "is_join_pending": false, "is_banned": false, "is_moderated": false, "name_readable": "Hashida Haruka", "post_count": 19, "source_profile_id": 225596, "source_type": "profile", "image": {"picURL": "https://static1.personality-database.com/profile_images/fb0fb83b89974b56bbae62aae976a5b8.png"}, "join_to_post": false, "can_pin": false}, {"description": "", "follow_count": 4, "id": 87859, "is_following": false, "is_join_pending": false, "is_banned": false, "is_moderated": false, "name_readable": "Yatora Yaguchi", "post_count": 13, "source_profile_id": 110637, "source_type": "profile", "image": {"picURL": "https://static1.personality-database.com/profile_images/d6424b7760fa4e99afa03a0cc467c70f.png"}, "join_to_post": false, "can_pin": false}, {"description": "", "follow_count": 3, "id": 183880, "is_following": false, "is_join_pending": false, "is_banned": false, "is_moderated": false, "name_readable": "Kuwana Maki", "post_count": 7, "source_profile_id": 237981, "source_type": "profile", "image": {"picURL": "https://static1.personality-database.com/profile_images/18a174d4236e48b393738697b8a82e94.png"}, "join_to_post": false, "can_pin": false}, {"description": "", "follow_count": 2, "id": 174227, "is_following": false, "is_join_pending": false, "is_banned": false, "is_moderated": false, "name_readable": "Ayukawa \"Yuka\" Ryuji", "post_count": 4, "source_profile_id": 225594, "source_type": "profile", "image": {"picURL": "https://static1.personality-database.com/profile_images/5aaaaf50ad724aaabb6f3db4a1d1b1f1.png"}, "join_to_post": false, "can_pin": false}, {"description": "", "follow_count": 0, "id": 174231, "is_following": false, "is_join_pending": false, "is_banned": false, "is_moderated": false, "name_readable": "Instructor Ooba", "post_count": 2, "source_profile_id": 225598, "source_type": "profile", "image": {"picURL": "https://static1.personality-database.com/profile_images/762dd93bafa04ca085d7531b112c2e0f.png"}, "join_to_post": false, "can_pin": false}, {"description": "", "follow_count": 0, "id": 174228, "is_following": false, "is_join_pending": false, "is_banned": false, "is_moderated": false, "name_readable": "Mrs. Saeki", "post_count": 1, "source_profile_id": 225595, "source_type": "profile", "image": {"picURL": "https://static1.personality-database.com/profile_images/9e27c63be0864a099098f11fd8c22489.png"}, "join_to_post": false, "can_pin": false}, {"description": "", "follow_count": 0, "id": 218152, "is_following": false, "is_join_pending": false, "is_banned": false, "is_moderated": false, "name_readable": "Nekoyashiki", "post_count": 1, "source_profile_id": 284693, "source_type": "profile", "image": {"picURL": "https://static1.personality-database.com/profile_images/05a5f505bd7a4eb3a4fda3ed4cf0ec8d.png"}, "join_to_post": false, "can_pin": false}, {"description": "", "follow_count": 0, "id": 291755, "is_following": false, "is_join_pending": false, "is_banned": false, "is_moderated": false, "name_readable": "Okamoto Hiroshi", "post_count": 1, "source_profile_id": 379119, "source_type": "profile", "image": {"picURL": "https://static1.personality-database.com/profile_images/069257c62b7640d8a17334ae8d0493a8.png"}, "join_to_post": false, "can_pin": false}, {"description": " ", "follow_count": 0, "id": 336511, "is_following": false, "is_join_pending": false, "is_banned": false, "is_moderated": false, "name_readable": "Fuji-san", "post_count": 1, "source_profile_id": 471031, "source_type": "profile", "image": {"picURL": "https://static1.personality-database.com/profile_images/eb5a8dcdedb443aeb19f767890bbbd10.png"}, "join_to_post": false, "can_pin": false}, {"description": "", "follow_count": 0, "id": 218205, "is_following": false, "is_join_pending": false, "is_banned": false, "is_moderated": false, "name_readable": "Hachiro Kenji", "post_count": 0, "source_profile_id": 284764, "source_type": "profile", "image": {"picURL": "https://static1.personality-database.com/profile_images/338fc3fcb12142b2a3af6103d7e66993.png"}, "join_to_post": false, "can_pin": false}, {"description": "", "follow_count": 0, "id": 313151, "is_following": false, "is_join_pending": false, "is_banned": false, "is_moderated": false, "name_readable": "Rosei", "post_count": 0, "source_profile_id": 408277, "source_type": "profile", "image": {"picURL": "https://static1.personality-database.com/profile_images/5de51f44c755425b9e82b1d6e929807f.png"}, "join_to_post": false, "can_pin": false}, {"description": "", "follow_count": 0, "id": 218150, "is_following": false, "is_join_pending": false, "is_banned": false, "is_moderated": false, "name_readable": "Yumesaki", "post_count": 0, "source_profile_id": 284691, "source_type": "profile", "image": {"picURL": "https://static1.personality-database.com/profile_images/db96373b5af6425e8f67916bbcfc4aa3.png"}, "join_to_post": false, "can_pin": false}, {"description": "", "follow_count": 0, "id": 320967, "is_following": false, "is_join_pending": false, "is_banned": false, "is_moderated": false, "name_readable": "Ono Konatsu", "post_count": 0, "source_profile_id": 418370, "source_type": "profile", "image": {"picURL": "https://static1.personality-database.com/profile_images/4e3963f867ae42cf9f55a96ca7103a27.png"}, "join_to_post": false, "can_pin": false}, {"description": "", "follow_count": 0, "id": 315944, "is_following": false, "is_join_pending": false, "is_banned": false, "is_moderated": false, "name_readable": "Sae-chan", "post_count": 0, "source_profile_id": 412008, "source_type": "profile", "image": {"picURL": "https://static1.personality-database.com/profile_images/57d9927f45fc4c1aa8ec57e2c71d83cf.png"}, "join_to_post": false, "can_pin": false}, {"description": "", "follow_count": 0, "id": 218151, "is_following": false, "is_join_pending": false, "is_banned": false, "is_moderated": false, "name_readable": "Tsukinoki", "post_count": 0, "source_profile_id": 284692, "source_type": "profile", "image": {"picURL": "https://static1.personality-database.com/profile_images/72287689eca84c4594a29010e56b41fe.png"}, "join_to_post": false, "can_pin": false}], "subcategory": "Blue Period", "topic_image_url": "https://static1.personality-database.com/profile_images/d6424b7760fa4e99afa03a0cc467c70f.png", "source_location": {"cid": 8, "pid": 2, "sub_cat_id": 8103}, "can_post_image": false, "can_post_audio": false, "posts": {"posts": [{"username": "INTPeanut", "user_pic_path": "https://static1.personality-database.com/user_avatars/613155/393d9e75-e21a-46c2-92bc-8dc8847703ed_small.jpeg", "user_personality_type": "INTP-5w6-593", "is_mod": false, "comment_count": 0, "reply_count": 0, "vote_type": 0, "topics_list": [{"id": 87859, "name_readable": "Yatora Yaguchi"}], "id": 1857601, "post_id": 1857601, "user_id": 613155, "title": "", "content": "He's both my opposite and identity.\nThe way he approaches art, this one is surprisingly relatable, yet the way he's so strict on himself is totally not my way of life", "create_date": 1670085582000, "unix_timestamp": 1670085582000, "update_date": 1670090508000, "vote_count": 1, "vote_count_down": 0, "is_reported": 0, "is_hidden": false, "is_pinned": false, "is_watching": false, "is_pro_user": false, "images": null, "audios": null, "function_list": [], "type": "post"}, {"username": "dawnsfairy", "user_pic_path": "https://static1.personality-database.com/user_avatars/269518/baa586f4-6808-4c0c-9e2b-a719e92b5869_small.jpeg", "user_personality_type": "INFP-4w5-451", "is_mod": false, "comment_count": 0, "reply_count": 0, "vote_type": 0, "topics_list": [{"id": 87859, "name_readable": "Yatora Yaguchi"}], "id": 1744920, "post_id": 1744920, "user_id": 269518, "title": "", "content": "yatora\u2019s approaches and feelings about his art work are actually relatable. it\u2019s surprising how much i relate to him but it may be the \u201ccomparing himself to others\u201d.", "create_date": 1668501595000, "unix_timestamp": 1668501595000, "update_date": 1671645070000, "vote_count": 0, "vote_count_down": 0, "is_reported": 0, "is_hidden": false, "is_pinned": false, "is_watching": false, "is_pro_user": false, "images": null, "audios": null, "function_list": [], "type": "post"}, {"username": "eleven", "user_pic_path": "https://lh3.googleusercontent.com/a-/AOh14Gg5X1mk9OU4cRtrhz-gtCwpfDrgVExGRhTrp1zZRgY=s96-c", "user_personality_type": "INFP-6w7-649", "is_mod": false, "comment_count": 0, "reply_count": 0, "vote_type": 0, "topics_list": [{"id": 87859, "name_readable": "Yatora Yaguchi"}], "id": 1584800, "post_id": 1584800, "user_id": 268694, "title": "", "content": "my comfort character \ud83e\udd7a hes so relatable and so real i love him sm", "create_date": 1666457227000, "unix_timestamp": 1666457227000, "update_date": 1666457227000, "vote_count": 5, "vote_count_down": 0, "is_reported": 0, "is_hidden": false, "is_pinned": false, "is_watching": false, "is_pro_user": false, "images": null, "audios": null, "function_list": [], "type": "post"}]}}}}