{"id": 5375, "mbti_profile": "Hideyoshi \"Hide\" Nagachika", "profile_name_searchable": "hideyoshi\"hide\"nagachika", "allow_commenting": true, "allow_voting": true, "user_id": 1973, "contributor": "Shark Hunter", "contributor_create_date": "2017-01-23 21:42:03", "contributor_pic_path": "https://lh3.googleusercontent.com/a/AATXAJymIB8-YX7LicmjsocQ3y6bESeZEPQBuKllOeEc=s96-c", "display_order": 0, "edit_lock": 0, "edit_lock_picture": 0, "is_active": true, "is_approved": true, "mbti_enneagram_type": "ENTP 7w6", "mbti_type": "ENTP 7w6", "pdb_comment_access": true, "pdb_page_owner": 0, "pdb_public_access": true, "wiki_description": "Hideyoshi Nagachika (\u6c38\u8fd1 \u82f1\u826f, Nagachika Hideyoshi), also known as Hide (\u30d2\u30c7), is a normal human and the best friend of Ken Kaneki.", "watch_count": 852, "comment_count": 87, "vote_count": 804, "vote_count_enneagram": 189, "vote_count_mbti": 804, "total_vote_counts": 858, "personality_type": "ENTP - 7w6 - sx/so - 729 - ESE - SCUAI - Phlegmatic-Sanguine - EN(F)", "type_updated_date": "2022-11-18 02:08:00", "enneagram_vote": "", "enneagram_vote_id": 0, "mbti_vote": "", "mbti_vote_id": 0, "is_watching": false, "image_exists": false, "profile_image_url": "https://static1.personality-database.com/profile_images/dbfe36417db14aa2b7ef0d580cbdc01c.png", "profile_image_credit": "", "profile_image_credit_id": 0, "profile_image_credit_type": "0", "profile_image_credit_url": "", "alt_subcategory": "", "related_subcategories": "", "cat_id": 8, "category": "Anime & Manga", "category_is_fictional": true, "sub_cat_id": 397, "subcategory": "Tokyo Ghoul", "subcat_link_info": {"sub_cat_id": 397, "cat_id": 8, "property_id": 2, "subcategory": "Tokyo Ghoul"}, "related_subcat_link_info": null, "related_profiles": [{"id": 3141, "mbti_profile": "Kaneki Ken", "subcategory": "Tokyo Ghoul", "profile_image_url": "https://static1.personality-database.com/profile_images/42c53f5b4a4e4a0db031e8adf060655e.png", "profile_name": "Kaneki Ken", "profile_subcat": "Tokyo Ghoul", "sub_cat_id": 397, "cat_id": 8, "property_id": 2, "mbti": "INFP", "enneatype": "9w1"}, {"id": 3142, "mbti_profile": "Touka Kirishima", "subcategory": "Tokyo Ghoul", "profile_image_url": "https://static1.personality-database.com/profile_images/69380e27c7874a7caf2f0076044d1687.png", "profile_name": "Touka Kirishima", "profile_subcat": "Tokyo Ghoul", "sub_cat_id": 397, "cat_id": 8, "property_id": 2, "mbti": "ISTP", "enneatype": "6w5"}, {"id": 325331, "mbti_profile": "Kaneki Ken (Manga)", "subcategory": "Tokyo Ghoul", "profile_image_url": "https://static1.personality-database.com/profile_images/a07aae105d7d4ea1bfc010d9bbf8117f.png", "profile_name": "Kaneki Ken (Manga)", "profile_subcat": "Tokyo Ghoul", "sub_cat_id": 397, "cat_id": 8, "property_id": 2, "mbti": "INFJ", "enneatype": "9w1"}, {"id": 5386, "mbti_profile": "Kamishiro Rize", "subcategory": "Tokyo Ghoul", "profile_image_url": "https://static1.personality-database.com/profile_images/ff9025d4dcb64aed958ea04dfac8f592.png", "profile_name": "Kamishiro Rize", "profile_subcat": "Tokyo Ghoul", "sub_cat_id": 397, "cat_id": 8, "property_id": 2, "mbti": "ENTP", "enneatype": "7w8"}, {"id": 30324, "mbti_profile": "Black Reaper Kaneki", "subcategory": "Tokyo Ghoul", "profile_image_url": "https://static1.personality-database.com/profile_images/c6784a06614742a395fabff1a2ac4ddc.png", "profile_name": "Black Reaper Kaneki", "profile_subcat": "Tokyo Ghoul", "sub_cat_id": 397, "cat_id": 8, "property_id": 2, "mbti": "INTJ", "enneatype": "8w9"}, {"id": 5385, "mbti_profile": "Juuzou Suzuya", "subcategory": "Tokyo Ghoul", "profile_image_url": "https://static1.personality-database.com/profile_images/cfa060ec01884d50878711d838891245.png", "profile_name": "Juuzou Suzuya", "profile_subcat": "Tokyo Ghoul", "sub_cat_id": 397, "cat_id": 8, "property_id": 2, "mbti": "ESTP", "enneatype": "7w8"}, {"id": 5372, "mbti_profile": "Eto Yoshimura", "subcategory": "Tokyo Ghoul", "profile_image_url": "https://static1.personality-database.com/profile_images/0f497fe2482a43bd91983b20fdd2e1bc.png", "profile_name": "Eto Yoshimura", "profile_subcat": "Tokyo Ghoul", "sub_cat_id": 397, "cat_id": 8, "property_id": 2, "mbti": "INTP", "enneatype": "4w5"}, {"id": 5504, "mbti_profile": "Furuta Nimura", "subcategory": "Tokyo Ghoul", "profile_image_url": "https://static1.personality-database.com/profile_images/5565280cb71c4c198f7a6d82bcd0439f.png", "profile_name": "Furuta Nimura", "profile_subcat": "Tokyo Ghoul", "sub_cat_id": 397, "cat_id": 8, "property_id": 2, "mbti": "ENTP", "enneatype": "3w4"}], "functions": ["Ne", "Ti", "Fe", "Si"], "systems": [{"hex_color": "#888888", "id": 1, "personality_type": "XXXX", "personality_type_id": 0, "system_name": "Four Letter", "system_vote_count": 451, "user_vote_type_id": 0, "vote_id": 0}, {"hex_color": "#006775", "id": 2, "personality_type": "XXXX", "personality_type_id": 0, "system_name": "Enneagram", "system_vote_count": 187, "user_vote_type_id": 0, "vote_id": 0}, {"hex_color": "#006775", "id": 5, "personality_type": "XXXX", "personality_type_id": 0, "system_name": "Instinctual Variant", "system_vote_count": 56, "user_vote_type_id": 0, "vote_id": 0}, {"hex_color": "#006775", "id": 6, "personality_type": "XXXX", "personality_type_id": 0, "system_name": "Tritype", "system_vote_count": 43, "user_vote_type_id": 0, "vote_id": 0}, {"hex_color": "#888888", "id": 3, "personality_type": "XXXX", "personality_type_id": 0, "system_name": "Socionics", "system_vote_count": 25, "user_vote_type_id": 0, "vote_id": 0}, {"hex_color": "#888888", "id": 9, "personality_type": "XXXX", "personality_type_id": 0, "system_name": "Big 5 (SLOAN)", "system_vote_count": 22, "user_vote_type_id": 0, "vote_id": 0}, {"hex_color": "#888888", "id": 8, "personality_type": "XXXX", "personality_type_id": 0, "system_name": "Attitudinal Psyche", "system_vote_count": 10, "user_vote_type_id": 0, "vote_id": 0}, {"hex_color": "#888888", "id": 7, "personality_type": "XXXX", "personality_type_id": 0, "system_name": "Temperaments", "system_vote_count": 37, "user_vote_type_id": 0, "vote_id": 0}, {"hex_color": "#888888", "id": 11, "personality_type": "XXXX", "personality_type_id": 0, "system_name": "Classic Jungian", "system_vote_count": 6, "user_vote_type_id": 0, "vote_id": 0}], "breakdown_systems": {"1": [{"myValue": "ENTP", "personality_system_id": 1, "personality_type": "ENTP", "theCount": 334}, {"myValue": "ENFP", "personality_system_id": 1, "personality_type": "ENFP", "theCount": 77}, {"myValue": "ENFJ", "personality_system_id": 1, "personality_type": "ENFJ", "theCount": 24}, {"myValue": "ESFP", "personality_system_id": 1, "personality_type": "ESFP", "theCount": 9}, {"myValue": "ESTP", "personality_system_id": 1, "personality_type": "ESTP", "theCount": 3}, {"myValue": "ESFJ", "personality_system_id": 1, "personality_type": "ESFJ", "theCount": 2}, {"myValue": "ENTJ", "personality_system_id": 1, "personality_type": "ENTJ", "theCount": 1}, {"myValue": "INFP", "personality_system_id": 1, "personality_type": "INFP", "theCount": 1}], "10": [{"myValue": "Right-brained Extrovert", "personality_system_id": 10, "personality_type": "Right-brained Extrovert", "theCount": 1}], "11": [{"myValue": "EN(F)", "personality_system_id": 11, "personality_type": "EN(F)", "theCount": 5}, {"myValue": "ES(T)", "personality_system_id": 11, "personality_type": "ES(T)", "theCount": 1}], "2": [{"myValue": "7w6", "personality_system_id": 2, "personality_type": "7w6", "theCount": 176}, {"myValue": "2w1", "personality_system_id": 2, "personality_type": "2w1", "theCount": 3}, {"myValue": "7w8", "personality_system_id": 2, "personality_type": "7w8", "theCount": 3}, {"myValue": "2w3", "personality_system_id": 2, "personality_type": "2w3", "theCount": 1}, {"myValue": "3w2", "personality_system_id": 2, "personality_type": "3w2", "theCount": 1}, {"myValue": "5w6", "personality_system_id": 2, "personality_type": "5w6", "theCount": 1}, {"myValue": "9w1", "personality_system_id": 2, "personality_type": "9w1", "theCount": 1}, {"myValue": "9w8", "personality_system_id": 2, "personality_type": "9w8", "theCount": 1}], "3": [{"myValue": "ESE", "personality_system_id": 3, "personality_type": "ESE", "theCount": 16}, {"myValue": "IEE", "personality_system_id": 3, "personality_type": "IEE", "theCount": 7}, {"myValue": "LIE", "personality_system_id": 3, "personality_type": "LIE", "theCount": 1}, {"myValue": "LII", "personality_system_id": 3, "personality_type": "LII", "theCount": 1}], "4": [{"myValue": "Neutral Good", "personality_system_id": 4, "personality_type": "Neutral Good", "theCount": 13}, {"myValue": "Chaotic Good", "personality_system_id": 4, "personality_type": "Chaotic Good", "theCount": 7}], "5": [{"myValue": "sx/so", "personality_system_id": 5, "personality_type": "sx/so", "theCount": 32}, {"myValue": "so/sx", "personality_system_id": 5, "personality_type": "so/sx", "theCount": 16}, {"myValue": "so/sp", "personality_system_id": 5, "personality_type": "so/sp", "theCount": 7}, {"myValue": "sx/sp", "personality_system_id": 5, "personality_type": "sx/sp", "theCount": 1}], "6": [{"myValue": "729", "personality_system_id": 6, "personality_type": "729", "theCount": 35}, {"myValue": "792", "personality_system_id": 6, "personality_type": "792", "theCount": 3}, {"myValue": "279", "personality_system_id": 6, "personality_type": "279", "theCount": 2}, {"myValue": "379", "personality_system_id": 6, "personality_type": "379", "theCount": 1}, {"myValue": "793", "personality_system_id": 6, "personality_type": "793", "theCount": 1}, {"myValue": "972", "personality_system_id": 6, "personality_type": "972", "theCount": 1}], "7": [{"myValue": "Phlegmatic-Sanguine", "personality_system_id": 7, "personality_type": "Phlegmatic-Sanguine", "theCount": 24}, {"myValue": "Sanguine-Phlegmatic", "personality_system_id": 7, "personality_type": "Sanguine-Phlegmatic", "theCount": 8}, {"myValue": "Melancholic-Sanguine", "personality_system_id": 7, "personality_type": "Melancholic-Sanguine", "theCount": 3}, {"myValue": "Sanguine [Dominant]", "personality_system_id": 7, "personality_type": "Sanguine [Dominant]", "theCount": 2}], "8": [{"myValue": "EFVL", "personality_system_id": 8, "personality_type": "EFVL", "theCount": 4}, {"myValue": "ELVF", "personality_system_id": 8, "personality_type": "ELVF", "theCount": 4}, {"myValue": "ELFV", "personality_system_id": 8, "personality_type": "ELFV", "theCount": 1}, {"myValue": "EVLF", "personality_system_id": 8, "personality_type": "EVLF", "theCount": 1}], "9": [{"myValue": "SCUAI", "personality_system_id": 9, "personality_type": "SCUAI", "theCount": 19}, {"myValue": "SCOAI", "personality_system_id": 9, "personality_type": "SCOAI", "theCount": 2}, {"myValue": "SCUAN", "personality_system_id": 9, "personality_type": "SCUAN", "theCount": 1}]}, "breakdown_config": {"expand": {"1": 3, "10": 1, "11": 1, "2": 3, "3": 1, "4": 2, "5": 1, "6": 1, "7": 1, "8": 1, "9": 1}, "fire": {"1": 0, "10": 0, "11": 0, "2": 0, "3": 0, "4": 1, "5": 0, "6": 0, "7": 0, "8": 0, "9": 0}}, "mbti_letter_stats": [{"type": "E", "percentage": "100%", "PercentageFloat": 0.9977827050997783}, {"type": "N", "percentage": "97%", "PercentageFloat": 0.9689578713968958}, {"type": "T", "percentage": "75%", "PercentageFloat": 0.7494456762749445}, {"type": "P", "percentage": "94%", "PercentageFloat": 0.9401330376940134}], "topic_info": {"can_generate": false, "topic": {"description": "Hideyoshi Nagachika (\u6c38\u8fd1 \u82f1\u826f, Nagachika Hideyoshi), also known as Hide (\u30d2\u30c7), is a normal human and the best friend of Ken Kaneki.", "follow_count": 0, "id": 4989, "is_following": false, "is_join_pending": false, "is_banned": false, "is_moderated": false, "name_readable": "Hideyoshi \"Hide\" Nagachika", "post_count": 6, "source_profile_id": 5375, "source_type": "profile", "join_to_post": false, "can_pin": false, "related_topics": [{"description": "Ken Kaneki (\u91d1\u6728 \u7814, Kaneki Ken) is the main protagonist of the Tokyo Ghoul series. He is currently Touka Kirishima's husband, and the father of Ichika Kaneki. Previously, he was a student who studied Japanese literature at Kamii University, living a relatively normal life. #NatsukiHanae\n#AntiVillains", "follow_count": 18, "id": 2880, "is_following": false, "is_join_pending": false, "is_banned": false, "is_moderated": false, "name_readable": "Kaneki Ken", "post_count": 53, "source_profile_id": 3141, "source_type": "profile", "image": {"picURL": "https://static1.personality-database.com/profile_images/42c53f5b4a4e4a0db031e8adf060655e.png"}, "join_to_post": false, "can_pin": false}, {"description": "#KanaHanazawa", "follow_count": 2, "id": 4999, "is_following": false, "is_join_pending": false, "is_banned": false, "is_moderated": false, "name_readable": "Kamishiro Rize", "post_count": 10, "source_profile_id": 5386, "source_type": "profile", "image": {"picURL": "https://static1.personality-database.com/profile_images/ff9025d4dcb64aed958ea04dfac8f592.png"}, "join_to_post": false, "can_pin": false}, {"description": "Touka Kirishima (\u9727\u5d8b \u8463\u9999 Kirishima Touka) is a ghoul who is an ex-waitress at Anteiku. She is the daughter of Arata Kirishima and Hikari Kirishima, the older sister of Ayato Kirishima, the wife of Ken Kaneki and the mother of Ichika Kaneki. #SoraAmamiya", "follow_count": 2, "id": 2881, "is_following": false, "is_join_pending": false, "is_banned": false, "is_moderated": false, "name_readable": "Touka Kirishima", "post_count": 9, "source_profile_id": 3142, "source_type": "profile", "image": {"picURL": "https://static1.personality-database.com/profile_images/69380e27c7874a7caf2f0076044d1687.png"}, "join_to_post": false, "can_pin": false}, {"description": "Ken Kaneki (\u91d1\u6728 \u7814, Kaneki Ken) is the main protagonist of the Tokyo Ghoul series.\n#AntiVillains", "follow_count": 4, "id": 250421, "is_following": false, "is_join_pending": false, "is_banned": false, "is_moderated": false, "name_readable": "Kaneki Ken (Manga)", "post_count": 7, "source_profile_id": 325331, "source_type": "profile", "image": {"picURL": "https://static1.personality-database.com/profile_images/a07aae105d7d4ea1bfc010d9bbf8117f.png"}, "join_to_post": false, "can_pin": false}, {"description": "Juuzou Suzuya (\u9234\u5c4b \u4ec0\u9020, Suzuya J\u016bz\u014d) is a Special Class Ghoul Investigator. In the past, he went by the name Rei Suzuya (\u9234\u5c4b \u73b2, Suzuya Rei). He was first partnered with Yukinori Shinohara, and is now currently the leader of Suzuya Squad.\n\n#RieKugimiya", "follow_count": 1, "id": 4998, "is_following": false, "is_join_pending": false, "is_banned": false, "is_moderated": false, "name_readable": "Juuzou Suzuya", "post_count": 6, "source_profile_id": 5385, "source_type": "profile", "image": {"picURL": "https://static1.personality-database.com/profile_images/cfa060ec01884d50878711d838891245.png"}, "join_to_post": false, "can_pin": false}, {"description": "Hideyoshi Nagachika (\u6c38\u8fd1 \u82f1\u826f, Nagachika Hideyoshi), also known as Hide (\u30d2\u30c7), is a normal human and the best friend of Ken Kaneki.", "follow_count": 0, "id": 4989, "is_following": false, "is_join_pending": false, "is_banned": false, "is_moderated": false, "name_readable": "Hideyoshi \"Hide\" Nagachika", "post_count": 6, "source_profile_id": 5375, "source_type": "profile", "image": {"picURL": "https://static1.personality-database.com/profile_images/dbfe36417db14aa2b7ef0d580cbdc01c.png"}, "join_to_post": false, "can_pin": false}, {"description": "#MamoruMiyano", "follow_count": 1, "id": 2882, "is_following": false, "is_join_pending": false, "is_banned": false, "is_moderated": false, "name_readable": "Tsukiyama Shuu", "post_count": 3, "source_profile_id": 3143, "source_type": "profile", "image": {"picURL": "https://static1.personality-database.com/profile_images/575c92d02bd54b85b06b2144a283b953.png"}, "join_to_post": false, "can_pin": false}, {"description": "", "follow_count": 0, "id": 149578, "is_following": false, "is_join_pending": false, "is_banned": false, "is_moderated": false, "name_readable": "Big Madam", "post_count": 2, "source_profile_id": 193832, "source_type": "profile", "image": {"picURL": "https://static1.personality-database.com/profile_images/a773a6f70c784ecaa54f0380b84f13ce.png"}, "join_to_post": false, "can_pin": false}, {"description": "", "follow_count": 1, "id": 5104, "is_following": false, "is_join_pending": false, "is_banned": false, "is_moderated": false, "name_readable": "Furuta Nimura", "post_count": 2, "source_profile_id": 5504, "source_type": "profile", "image": {"picURL": "https://static1.personality-database.com/profile_images/5565280cb71c4c198f7a6d82bcd0439f.png"}, "join_to_post": false, "can_pin": false}, {"description": "", "follow_count": 0, "id": 29060, "is_following": false, "is_join_pending": false, "is_banned": false, "is_moderated": false, "name_readable": "Mado Kureo", "post_count": 2, "source_profile_id": 32259, "source_type": "profile", "image": {"picURL": "https://static1.personality-database.com/profile_images/45b1cf5a79944211b908abaf07cebbc8.png"}, "join_to_post": false, "can_pin": false}, {"description": "#YukiKaji", "follow_count": 0, "id": 4988, "is_following": false, "is_join_pending": false, "is_banned": false, "is_moderated": false, "name_readable": "Ayato Kirishima", "post_count": 1, "source_profile_id": 5374, "source_type": "profile", "image": {"picURL": "https://static1.personality-database.com/profile_images/5e619522d5974aa59a22405f6f05d2eb.png"}, "join_to_post": false, "can_pin": false}, {"description": "", "follow_count": 0, "id": 4991, "is_following": false, "is_join_pending": false, "is_banned": false, "is_moderated": false, "name_readable": "Mado Akira", "post_count": 1, "source_profile_id": 5377, "source_type": "profile", "image": {"picURL": "https://static1.personality-database.com/profile_images/1982d0cc90e6415db5ac7ab39985ba4b.png"}, "join_to_post": false, "can_pin": false}, {"description": "", "follow_count": 0, "id": 25114, "is_following": false, "is_join_pending": false, "is_banned": false, "is_moderated": false, "name_readable": "Ui Koori", "post_count": 1, "source_profile_id": 27889, "source_type": "profile", "image": {"picURL": "https://static1.personality-database.com/profile_images/ef5d7ccbd714475ba40dcc2018dc1015.png"}, "join_to_post": false, "can_pin": false}, {"description": "#NatsukiHanae", "follow_count": 1, "id": 27337, "is_following": false, "is_join_pending": false, "is_banned": false, "is_moderated": false, "name_readable": "Black Reaper Kaneki", "post_count": 1, "source_profile_id": 30324, "source_type": "profile", "image": {"picURL": "https://static1.personality-database.com/profile_images/c6784a06614742a395fabff1a2ac4ddc.png"}, "join_to_post": false, "can_pin": false}, {"description": "#YuuKobayashi\n#ENFJVillains", "follow_count": 0, "id": 30429, "is_following": false, "is_join_pending": false, "is_banned": false, "is_moderated": false, "name_readable": "Kanae von Rosewald", "post_count": 1, "source_profile_id": 33873, "source_type": "profile", "image": {"picURL": "https://static1.personality-database.com/profile_images/12aa786252d649aba5fdbdada0b3328e.png"}, "join_to_post": false, "can_pin": false}, {"description": "", "follow_count": 0, "id": 5004, "is_following": false, "is_join_pending": false, "is_banned": false, "is_moderated": false, "name_readable": "Yakumo Oomori", "post_count": 1, "source_profile_id": 5391, "source_type": "profile", "image": {"picURL": "https://static1.personality-database.com/profile_images/9b11120daa594e56a44981a04c7481bd.png"}, "join_to_post": false, "can_pin": false}], "subcategory": "Tokyo Ghoul", "topic_image_url": "https://static1.personality-database.com/profile_images/dbfe36417db14aa2b7ef0d580cbdc01c.png", "source_location": {"cid": 8, "pid": 2, "sub_cat_id": 397}, "can_post_image": false, "can_post_audio": false, "posts": {"posts": [{"username": "shiroisho", "user_pic_path": "https://static1.personality-database.com/user_avatars/553026/edcc25ea-cf1e-47c9-8ad7-4297c677d98e_small.jpeg", "user_personality_type": "INFJ-1w2-126", "is_mod": false, "comment_count": 0, "reply_count": 0, "vote_type": 0, "topics_list": [{"id": 4989, "name_readable": "Hideyoshi \"Hide\" Nagachika"}], "id": 2127763, "post_id": 2127763, "user_id": 553026, "title": "", "content": "Probably the only ENTP I actually like.", "create_date": 1673055063000, "unix_timestamp": 1673055063000, "update_date": 1673055063000, "vote_count": 1, "vote_count_down": 0, "is_reported": 0, "is_hidden": false, "is_pinned": false, "is_watching": false, "is_pro_user": false, "images": null, "audios": null, "function_list": [], "type": "post"}, {"username": "maoru_O_o", "user_pic_path": "https://static1.personality-database.com/user_avatars/827559/1b2f7ae0-373f-4b6a-ba79-ab8f67872ad4_small.jpeg", "user_personality_type": "INFJ-9w8-952", "is_mod": false, "comment_count": 1, "reply_count": 1, "vote_type": 0, "topics_list": [{"id": 4989, "name_readable": "Hideyoshi \"Hide\" Nagachika"}], "id": 2078318, "post_id": 2078318, "user_id": 827559, "title": "\u041b\u042e\u0411\u0418\u041c\u042b\u042b\u042b\u042b\u042b\u042b\u0419\ud83d\udc97\ud83d\udc97\ud83d\udc97\ud83d\udc97\ud83d\udc97\ud83d\udc97\ud83d\udc97", "content": "#luchshiy", "create_date": 1672581267000, "unix_timestamp": 1672581267000, "update_date": 1672581267000, "vote_count": 0, "vote_count_down": 0, "is_reported": 0, "is_hidden": false, "is_pinned": false, "is_watching": false, "is_pro_user": false, "images": null, "audios": null, "function_list": [], "type": "post"}, {"username": "catonmars", "user_pic_path": "https://static1.personality-database.com/user_avatars/186622/66c7ed56-75d0-4a44-94ce-cfc59c0df0dd.jpeg", "user_personality_type": "7w6-729", "is_mod": false, "comment_count": 0, "reply_count": 0, "vote_type": 0, "topics_list": [{"id": 4989, "name_readable": "Hideyoshi \"Hide\" Nagachika"}], "id": 1796002, "post_id": 1796002, "user_id": 186622, "title": "", "content": "AYY i found my typology twin \ud83d\ude0e", "create_date": 1669222294000, "unix_timestamp": 1669222294000, "update_date": 1669222294000, "vote_count": 0, "vote_count_down": 0, "is_reported": 0, "is_hidden": false, "is_pinned": false, "is_watching": false, "is_pro_user": false, "images": null, "audios": null, "function_list": [], "type": "post"}]}}}}