{"id": 11152, "mbti_profile": "Zero Two", "profile_name_searchable": "zerotwo", "allow_commenting": true, "allow_voting": true, "user_id": 0, "contributor": "the nameless", "contributor_create_date": "2018-04-12 03:53:24", "contributor_pic_path": "https://www.personality-database.com/images/profile_transparent.png", "display_order": 1000, "edit_lock": 0, "edit_lock_picture": 1, "is_active": true, "is_approved": true, "mbti_enneagram_type": "ESTP 7w8", "mbti_type": "ESTP 7w8", "pdb_comment_access": true, "pdb_page_owner": 0, "pdb_public_access": true, "wiki_description": "", "watch_count": 1129, "comment_count": 533, "vote_count": 1778, "vote_count_enneagram": 593, "vote_count_mbti": 1778, "total_vote_counts": 3024, "personality_type": "ESTP - 7w8 - sx/sp - 784 - SLE - SLUEI - VLEF - Choleric-Sanguine - ES(F)", "type_updated_date": "2022-12-29 18:40:16", "enneagram_vote": "", "enneagram_vote_id": 0, "mbti_vote": "", "mbti_vote_id": 0, "is_watching": false, "image_exists": false, "profile_image_url": "https://static1.personality-database.com/profile_images/0ed088653fa4465983eee4610782e13e.png", "profile_image_credit": "", "profile_image_credit_id": 0, "profile_image_credit_type": "0", "profile_image_credit_url": "", "alt_subcategory": "", "related_subcategories": "", "cat_id": 8, "category": "Anime & Manga", "category_is_fictional": true, "sub_cat_id": 1482, "subcategory": "Darling in the Franxx", "subcat_link_info": {"sub_cat_id": 1482, "cat_id": 8, "property_id": 2, "subcategory": "Darling in the Franxx"}, "related_subcat_link_info": null, "related_profiles": [{"id": 11153, "mbti_profile": "Hiro", "subcategory": "Darling in the Franxx", "profile_image_url": "https://static1.personality-database.com/profile_images/b45f1b3eb3ff44ed84220143e3ee8478.png", "profile_name": "Hiro", "profile_subcat": "Darling in the Franxx", "sub_cat_id": 1482, "cat_id": 8, "property_id": 2, "mbti": "INFJ", "enneatype": "4w5"}, {"id": 11154, "mbti_profile": "Ichigo", "subcategory": "Darling in the Franxx", "profile_image_url": "https://static1.personality-database.com/profile_images/ff3593abfb6e4980861e72826e2f8829.png", "profile_name": "Ichigo", "profile_subcat": "Darling in the Franxx", "sub_cat_id": 1482, "cat_id": 8, "property_id": 2, "mbti": "ISFJ", "enneatype": "6w5"}, {"id": 11155, "mbti_profile": "Kokoro", "subcategory": "Darling in the Franxx", "profile_image_url": "https://static1.personality-database.com/profile_images/61118fa1378643829fad16ba62c045ac.png", "profile_name": "Kokoro", "profile_subcat": "Darling in the Franxx", "sub_cat_id": 1482, "cat_id": 8, "property_id": 2, "mbti": "INFP", "enneatype": "9w1"}, {"id": 11280, "mbti_profile": "Miku", "subcategory": "Darling in the Franxx", "profile_image_url": "https://static1.personality-database.com/profile_images/3ba62e1a62da47daa6b21ef0602640d0.png", "profile_name": "Miku", "profile_subcat": "Darling in the Franxx", "sub_cat_id": 1482, "cat_id": 8, "property_id": 2, "mbti": "ENFP", "enneatype": "7w6"}, {"id": 12079, "mbti_profile": "Goro", "subcategory": "Darling in the Franxx", "profile_image_url": "https://static1.personality-database.com/profile_images/950d2c929db64c188e062717d6146f5f.png", "profile_name": "Goro", "profile_subcat": "Darling in the Franxx", "sub_cat_id": 1482, "cat_id": 8, "property_id": 2, "mbti": "ENFJ", "enneatype": "9w1"}, {"id": 11282, "mbti_profile": "Zorome", "subcategory": "Darling in the Franxx", "profile_image_url": "https://static1.personality-database.com/profile_images/ae7ee9bef72a433d9db5b2d5acea25f4.png", "profile_name": "Zorome", "profile_subcat": "Darling in the Franxx", "sub_cat_id": 1482, "cat_id": 8, "property_id": 2, "mbti": "ESTP", "enneatype": "7w8"}, {"id": 11157, "mbti_profile": "Mitsuru", "subcategory": "Darling in the Franxx", "profile_image_url": "https://static1.personality-database.com/profile_images/bfd204171cd7484b883db575cf99a6a8.png", "profile_name": "Mitsuru", "profile_subcat": "Darling in the Franxx", "sub_cat_id": 1482, "cat_id": 8, "property_id": 2, "mbti": "ISTJ", "enneatype": "6w5"}, {"id": 40767, "mbti_profile": "9'\u03b1", "subcategory": "Darling in the Franxx", "profile_image_url": "https://static1.personality-database.com/profile_images/1caca69fa68b4568bdd618451db25d3e.png", "profile_name": "9'\u03b1", "profile_subcat": "Darling in the Franxx", "sub_cat_id": 1482, "cat_id": 8, "property_id": 2, "mbti": "ENTJ", "enneatype": "3w2"}], "functions": ["Se", "Ti", "Fe", "Ni"], "systems": [{"hex_color": "#888888", "id": 1, "personality_type": "XXXX", "personality_type_id": 0, "system_name": "Four Letter", "system_vote_count": 1690, "user_vote_type_id": 0, "vote_id": 0}, {"hex_color": "#006775", "id": 2, "personality_type": "XXXX", "personality_type_id": 0, "system_name": "Enneagram", "system_vote_count": 577, "user_vote_type_id": 0, "vote_id": 0}, {"hex_color": "#006775", "id": 5, "personality_type": "XXXX", "personality_type_id": 0, "system_name": "Instinctual Variant", "system_vote_count": 185, "user_vote_type_id": 0, "vote_id": 0}, {"hex_color": "#006775", "id": 6, "personality_type": "XXXX", "personality_type_id": 0, "system_name": "Tritype", "system_vote_count": 134, "user_vote_type_id": 0, "vote_id": 0}, {"hex_color": "#888888", "id": 3, "personality_type": "XXXX", "personality_type_id": 0, "system_name": "Socionics", "system_vote_count": 115, "user_vote_type_id": 0, "vote_id": 0}, {"hex_color": "#888888", "id": 9, "personality_type": "XXXX", "personality_type_id": 0, "system_name": "Big 5 (SLOAN)", "system_vote_count": 70, "user_vote_type_id": 0, "vote_id": 0}, {"hex_color": "#888888", "id": 8, "personality_type": "XXXX", "personality_type_id": 0, "system_name": "Attitudinal Psyche", "system_vote_count": 39, "user_vote_type_id": 0, "vote_id": 0}, {"hex_color": "#888888", "id": 7, "personality_type": "XXXX", "personality_type_id": 0, "system_name": "Temperaments", "system_vote_count": 160, "user_vote_type_id": 0, "vote_id": 0}, {"hex_color": "#888888", "id": 11, "personality_type": "XXXX", "personality_type_id": 0, "system_name": "Classic Jungian", "system_vote_count": 10, "user_vote_type_id": 0, "vote_id": 0}], "breakdown_systems": {"1": [{"myValue": "ESTP", "personality_system_id": 1, "personality_type": "ESTP", "theCount": 865}, {"myValue": "ENTP", "personality_system_id": 1, "personality_type": "ENTP", "theCount": 696}, {"myValue": "ESFP", "personality_system_id": 1, "personality_type": "ESFP", "theCount": 79}, {"myValue": "ENFP", "personality_system_id": 1, "personality_type": "ENFP", "theCount": 12}, {"myValue": "ENTJ", "personality_system_id": 1, "personality_type": "ENTJ", "theCount": 8}, {"myValue": "ISTP", "personality_system_id": 1, "personality_type": "ISTP", "theCount": 7}, {"myValue": "INTP", "personality_system_id": 1, "personality_type": "INTP", "theCount": 5}, {"myValue": "ENFJ", "personality_system_id": 1, "personality_type": "ENFJ", "theCount": 4}, {"myValue": "ESFJ", "personality_system_id": 1, "personality_type": "ESFJ", "theCount": 3}, {"myValue": "INFP", "personality_system_id": 1, "personality_type": "INFP", "theCount": 3}, {"myValue": "INTJ", "personality_system_id": 1, "personality_type": "INTJ", "theCount": 2}, {"myValue": "ISFJ", "personality_system_id": 1, "personality_type": "ISFJ", "theCount": 2}, {"myValue": "ISFP", "personality_system_id": 1, "personality_type": "ISFP", "theCount": 2}, {"myValue": "INFJ", "personality_system_id": 1, "personality_type": "INFJ", "theCount": 1}, {"myValue": "ISTJ", "personality_system_id": 1, "personality_type": "ISTJ", "theCount": 1}], "10": [{"myValue": "Left-brained Extrovert", "personality_system_id": 10, "personality_type": "Left-brained Extrovert", "theCount": 1}, {"myValue": "Right-brained Extrovert", "personality_system_id": 10, "personality_type": "Right-brained Extrovert", "theCount": 1}], "11": [{"myValue": "ES(F)", "personality_system_id": 11, "personality_type": "ES(F)", "theCount": 6}, {"myValue": "ES(T)", "personality_system_id": 11, "personality_type": "ES(T)", "theCount": 2}, {"myValue": "EN(F)", "personality_system_id": 11, "personality_type": "EN(F)", "theCount": 1}, {"myValue": "EN(T)", "personality_system_id": 11, "personality_type": "EN(T)", "theCount": 1}], "2": [{"myValue": "7w8", "personality_system_id": 2, "personality_type": "7w8", "theCount": 490}, {"myValue": "8w7", "personality_system_id": 2, "personality_type": "8w7", "theCount": 54}, {"myValue": "7w6", "personality_system_id": 2, "personality_type": "7w6", "theCount": 11}, {"myValue": "2w3", "personality_system_id": 2, "personality_type": "2w3", "theCount": 9}, {"myValue": "4w3", "personality_system_id": 2, "personality_type": "4w3", "theCount": 3}, {"myValue": "2w1", "personality_system_id": 2, "personality_type": "2w1", "theCount": 2}, {"myValue": "3w4", "personality_system_id": 2, "personality_type": "3w4", "theCount": 2}, {"myValue": "6w7", "personality_system_id": 2, "personality_type": "6w7", "theCount": 2}, {"myValue": "1w9", "personality_system_id": 2, "personality_type": "1w9", "theCount": 1}, {"myValue": "8w9", "personality_system_id": 2, "personality_type": "8w9", "theCount": 1}, {"myValue": "9w1", "personality_system_id": 2, "personality_type": "9w1", "theCount": 1}, {"myValue": "9w8", "personality_system_id": 2, "personality_type": "9w8", "theCount": 1}], "3": [{"myValue": "SLE", "personality_system_id": 3, "personality_type": "SLE", "theCount": 71}, {"myValue": "SEE", "personality_system_id": 3, "personality_type": "SEE", "theCount": 31}, {"myValue": "ILE", "personality_system_id": 3, "personality_type": "ILE", "theCount": 5}, {"myValue": "EIE", "personality_system_id": 3, "personality_type": "EIE", "theCount": 3}, {"myValue": "SEI", "personality_system_id": 3, "personality_type": "SEI", "theCount": 2}, {"myValue": "ILI", "personality_system_id": 3, "personality_type": "ILI", "theCount": 1}, {"myValue": "LII", "personality_system_id": 3, "personality_type": "LII", "theCount": 1}, {"myValue": "LSI", "personality_system_id": 3, "personality_type": "LSI", "theCount": 1}], "4": [{"myValue": "Chaotic Neutral", "personality_system_id": 4, "personality_type": "Chaotic Neutral", "theCount": 38}, {"myValue": "Chaotic Evil", "personality_system_id": 4, "personality_type": "Chaotic Evil", "theCount": 1}, {"myValue": "Chaotic Good", "personality_system_id": 4, "personality_type": "Chaotic Good", "theCount": 1}, {"myValue": "Lawful Evil", "personality_system_id": 4, "personality_type": "Lawful Evil", "theCount": 1}, {"myValue": "True Neutral", "personality_system_id": 4, "personality_type": "True Neutral", "theCount": 1}], "5": [{"myValue": "sx/sp", "personality_system_id": 5, "personality_type": "sx/sp", "theCount": 150}, {"myValue": "sp/sx", "personality_system_id": 5, "personality_type": "sp/sx", "theCount": 15}, {"myValue": "sx/so", "personality_system_id": 5, "personality_type": "sx/so", "theCount": 14}, {"myValue": "so/sx", "personality_system_id": 5, "personality_type": "so/sx", "theCount": 4}, {"myValue": "so/sp", "personality_system_id": 5, "personality_type": "so/sp", "theCount": 2}], "6": [{"myValue": "784", "personality_system_id": 6, "personality_type": "784", "theCount": 85}, {"myValue": "827", "personality_system_id": 6, "personality_type": "827", "theCount": 7}, {"myValue": "738", "personality_system_id": 6, "personality_type": "738", "theCount": 6}, {"myValue": "748", "personality_system_id": 6, "personality_type": "748", "theCount": 6}, {"myValue": "287", "personality_system_id": 6, "personality_type": "287", "theCount": 5}, {"myValue": "874", "personality_system_id": 6, "personality_type": "874", "theCount": 5}, {"myValue": "847", "personality_system_id": 6, "personality_type": "847", "theCount": 4}, {"myValue": "782", "personality_system_id": 6, "personality_type": "782", "theCount": 3}, {"myValue": "783", "personality_system_id": 6, "personality_type": "783", "theCount": 2}, {"myValue": "145", "personality_system_id": 6, "personality_type": "145", "theCount": 1}, {"myValue": "269", "personality_system_id": 6, "personality_type": "269", "theCount": 1}, {"myValue": "278", "personality_system_id": 6, "personality_type": "278", "theCount": 1}, {"myValue": "378", "personality_system_id": 6, "personality_type": "378", "theCount": 1}, {"myValue": "386", "personality_system_id": 6, "personality_type": "386", "theCount": 1}, {"myValue": "469", "personality_system_id": 6, "personality_type": "469", "theCount": 1}, {"myValue": "728", "personality_system_id": 6, "personality_type": "728", "theCount": 1}, {"myValue": "854", "personality_system_id": 6, "personality_type": "854", "theCount": 1}, {"myValue": "872", "personality_system_id": 6, "personality_type": "872", "theCount": 1}, {"myValue": "873", "personality_system_id": 6, "personality_type": "873", "theCount": 1}, {"myValue": "973", "personality_system_id": 6, "personality_type": "973", "theCount": 1}], "7": [{"myValue": "Choleric-Sanguine", "personality_system_id": 7, "personality_type": "Choleric-Sanguine", "theCount": 102}, {"myValue": "Choleric [Dominant]", "personality_system_id": 7, "personality_type": "Choleric [Dominant]", "theCount": 25}, {"myValue": "Sanguine-Choleric", "personality_system_id": 7, "personality_type": "Sanguine-Choleric", "theCount": 23}, {"myValue": "Sanguine [Dominant]", "personality_system_id": 7, "personality_type": "Sanguine [Dominant]", "theCount": 5}, {"myValue": "Phlegmatic-Melancholic", "personality_system_id": 7, "personality_type": "Phlegmatic-Melancholic", "theCount": 2}, {"myValue": "Choleric-Phlegmatic", "personality_system_id": 7, "personality_type": "Choleric-Phlegmatic", "theCount": 1}, {"myValue": "Melancholic-Choleric", "personality_system_id": 7, "personality_type": "Melancholic-Choleric", "theCount": 1}, {"myValue": "Phlegmatic-Choleric", "personality_system_id": 7, "personality_type": "Phlegmatic-Choleric", "theCount": 1}], "8": [{"myValue": "VLEF", "personality_system_id": 8, "personality_type": "VLEF", "theCount": 18}, {"myValue": "FLVE", "personality_system_id": 8, "personality_type": "FLVE", "theCount": 5}, {"myValue": "FEVL", "personality_system_id": 8, "personality_type": "FEVL", "theCount": 4}, {"myValue": "VELF", "personality_system_id": 8, "personality_type": "VELF", "theCount": 4}, {"myValue": "EFVL", "personality_system_id": 8, "personality_type": "EFVL", "theCount": 2}, {"myValue": "EVFL", "personality_system_id": 8, "personality_type": "EVFL", "theCount": 1}, {"myValue": "FVLE", "personality_system_id": 8, "personality_type": "FVLE", "theCount": 1}, {"myValue": "LVEF", "personality_system_id": 8, "personality_type": "LVEF", "theCount": 1}, {"myValue": "VEFL", "personality_system_id": 8, "personality_type": "VEFL", "theCount": 1}, {"myValue": "VFEL", "personality_system_id": 8, "personality_type": "VFEL", "theCount": 1}, {"myValue": "VFLE", "personality_system_id": 8, "personality_type": "VFLE", "theCount": 1}], "9": [{"myValue": "SLUEI", "personality_system_id": 9, "personality_type": "SLUEI", "theCount": 43}, {"myValue": "SCUEI", "personality_system_id": 9, "personality_type": "SCUEI", "theCount": 13}, {"myValue": "SLUEN", "personality_system_id": 9, "personality_type": "SLUEN", "theCount": 4}, {"myValue": "SLUAI", "personality_system_id": 9, "personality_type": "SLUAI", "theCount": 3}, {"myValue": "RCOAI", "personality_system_id": 9, "personality_type": "RCOAI", "theCount": 1}, {"myValue": "RCUAI", "personality_system_id": 9, "personality_type": "RCUAI", "theCount": 1}, {"myValue": "RLOEI", "personality_system_id": 9, "personality_type": "RLOEI", "theCount": 1}, {"myValue": "RLUAI", "personality_system_id": 9, "personality_type": "RLUAI", "theCount": 1}, {"myValue": "RLUEI", "personality_system_id": 9, "personality_type": "RLUEI", "theCount": 1}, {"myValue": "SLOEN", "personality_system_id": 9, "personality_type": "SLOEN", "theCount": 1}, {"myValue": "SLUAN", "personality_system_id": 9, "personality_type": "SLUAN", "theCount": 1}]}, "breakdown_config": {"expand": {"1": 3, "10": 1, "11": 1, "2": 3, "3": 1, "4": 1, "5": 1, "6": 1, "7": 1, "8": 1, "9": 1}, "fire": {"1": 1, "10": 0, "11": 0, "2": 0, "3": 0, "4": 0, "5": 0, "6": 0, "7": 0, "8": 0, "9": 0}}, "mbti_letter_stats": [{"type": "E", "percentage": "99%", "PercentageFloat": 0.9863905325443787}, {"type": "S", "percentage": "57%", "PercentageFloat": 0.5674556213017752}, {"type": "T", "percentage": "94%", "PercentageFloat": 0.9372781065088758}, {"type": "P", "percentage": "99%", "PercentageFloat": 0.9875739644970414}], "topic_info": {"can_generate": false, "topic": {"description": "Zero Two (\u30bc\u30ed\u30c4\u30fc, Zero Ts\u016b) is the main heroine and the deuteragonist of DARLING in the FRANXX. She is a human-klaxo sapien hybrid and a member of the APE Special Forces, primarily fighting on the front lines. As an elite Parasite with the codename \"002\", also known as the \"Partner Killer\", Zero Two had always accepted solitude due to her horns and Klaxosaur blood. Despite having no regard for human life or her own and being accustomed to fighting solo, she took interest in Hiro and offered an opportunity to pilot with her, making him her new partner and \"darling\".", "follow_count": 3, "id": 10407, "is_following": false, "is_join_pending": false, "is_banned": false, "is_moderated": false, "name_readable": "Zero Two", "post_count": 41, "source_profile_id": 11152, "source_type": "profile", "join_to_post": false, "can_pin": false, "related_topics": [{"description": "Zero Two (\u30bc\u30ed\u30c4\u30fc, Zero Ts\u016b) is the main heroine and the deuteragonist of DARLING in the FRANXX. She is a human-klaxo sapien hybrid and a member of the APE Special Forces, primarily fighting on the front lines. As an elite Parasite with the codename \"002\", also known as the \"Partner Killer\", Zero Two had always accepted solitude due to her horns and Klaxosaur blood. Despite having no regard for human life or her own and being accustomed to fighting solo, she took interest in Hiro and offered an opportunity to pilot with her, making him her new partner and \"darling\".", "follow_count": 3, "id": 10407, "is_following": false, "is_join_pending": false, "is_banned": false, "is_moderated": false, "name_readable": "Zero Two", "post_count": 41, "source_profile_id": 11152, "source_type": "profile", "image": {"picURL": "https://static1.personality-database.com/profile_images/0ed088653fa4465983eee4610782e13e.png"}, "join_to_post": false, "can_pin": false}, {"description": "Ichigo (\u30a4\u30c1\u30b4, Ichigo) is one of the main characters in DARLING in the FRANXX. She is a former Parasite with the codename \"015\" of the Thirteenth Plantation, where she was partnered in boy-girl pair with Goro to pilot a FRANXX called Delphinium. She was the official leader of Squad 13.", "follow_count": 0, "id": 10409, "is_following": false, "is_join_pending": false, "is_banned": false, "is_moderated": false, "name_readable": "Ichigo", "post_count": 9, "source_profile_id": 11154, "source_type": "profile", "image": {"picURL": "https://static1.personality-database.com/profile_images/ff3593abfb6e4980861e72826e2f8829.png"}, "join_to_post": false, "can_pin": false}, {"description": "Hiro (\u30d2\u30ed, Hiro) is the main protagonist of DARLING in the FRANXX. He was a Parasite with the codename \"016\" and was once known as a prodigy among the Children. However, he failed to synchronize with his partner Naomi and was considered nothing but a failure as a pilot. As a result, he did not know where he belonged and struggled to find his place in the world. However, upon being partnered and piloting with Zero Two, he became an official Parasite and found a new reason to live. Hiro and Zero Two were the newest members of the 13th Plantation, piloting a FRANXX called Strelizia.", "follow_count": 2, "id": 10408, "is_following": false, "is_join_pending": false, "is_banned": false, "is_moderated": false, "name_readable": "Hiro", "post_count": 3, "source_profile_id": 11153, "source_type": "profile", "image": {"picURL": "https://static1.personality-database.com/profile_images/b45f1b3eb3ff44ed84220143e3ee8478.png"}, "join_to_post": false, "can_pin": false}, {"description": "#SaoriHayami\nKokoro (\u30b3\u30b3\u30ed, Kokoro) is one of the main characters in DARLING in the FRANXX. She is a former Parasite with the codename \"556\" of the Thirteenth Plantation, where she was partnered in boy-girl pair with Mitsuru to pilot a FRANXX called Genista and she was previously partnered with Futoshi.\nKokoro is a very kind girl who has a gentle and optimistic personality to match and she is interested in plants and she is very knowledgeable in the \"language of flowers\". She doesn't speak too often, choosing to think before speaking and thinks about others more than herself.", "follow_count": 0, "id": 10410, "is_following": false, "is_join_pending": false, "is_banned": false, "is_moderated": false, "name_readable": "Kokoro", "post_count": 2, "source_profile_id": 11155, "source_type": "profile", "image": {"picURL": "https://static1.personality-database.com/profile_images/61118fa1378643829fad16ba62c045ac.png"}, "join_to_post": false, "can_pin": false}, {"description": "", "follow_count": 0, "id": 223953, "is_following": false, "is_join_pending": false, "is_banned": false, "is_moderated": false, "name_readable": "9'\u03b8", "post_count": 0, "source_profile_id": 291705, "source_type": "profile", "image": {"picURL": "https://static1.personality-database.com/profile_images/4593243e354f4aae8423c882ae8a6cbe.png"}, "join_to_post": false, "can_pin": false}, {"description": "", "follow_count": 0, "id": 160695, "is_following": false, "is_join_pending": false, "is_banned": false, "is_moderated": false, "name_readable": "Old Woman", "post_count": 0, "source_profile_id": 208000, "source_type": "profile", "image": {"picURL": "https://static1.personality-database.com/profile_images/190b7745a57848eb97f101f00235e2a2.png"}, "join_to_post": false, "can_pin": false}, {"description": "", "follow_count": 0, "id": 160691, "is_following": false, "is_join_pending": false, "is_banned": false, "is_moderated": false, "name_readable": "9'\u03b3", "post_count": 0, "source_profile_id": 207995, "source_type": "profile", "image": {"picURL": "https://static1.personality-database.com/profile_images/73de819b72d6460ebd9459cc399a8c48.png"}, "join_to_post": false, "can_pin": false}, {"description": "", "follow_count": 0, "id": 160687, "is_following": false, "is_join_pending": false, "is_banned": false, "is_moderated": false, "name_readable": "9'\u03b2", "post_count": 0, "source_profile_id": 207989, "source_type": "profile", "image": {"picURL": "https://static1.personality-database.com/profile_images/af16e797b1d045499f6dba9130d2a606.png"}, "join_to_post": false, "can_pin": false}, {"description": "", "follow_count": 0, "id": 160684, "is_following": false, "is_join_pending": false, "is_banned": false, "is_moderated": false, "name_readable": "9'\u03b5", "post_count": 0, "source_profile_id": 207986, "source_type": "profile", "image": {"picURL": "https://static1.personality-database.com/profile_images/a22ed746b5d146fe825c95efc9bdc2ac.png"}, "join_to_post": false, "can_pin": false}, {"description": "#AyaneSakura", "follow_count": 0, "id": 160682, "is_following": false, "is_join_pending": false, "is_banned": false, "is_moderated": false, "name_readable": "9'\u03b4", "post_count": 0, "source_profile_id": 207984, "source_type": "profile", "image": {"picURL": "https://static1.personality-database.com/profile_images/af70b0f2999b4834970bc251522aa6a5.png"}, "join_to_post": false, "can_pin": false}, {"description": "", "follow_count": 0, "id": 160668, "is_following": false, "is_join_pending": false, "is_banned": false, "is_moderated": false, "name_readable": "Karina Milsa", "post_count": 0, "source_profile_id": 207966, "source_type": "profile", "image": {"picURL": "https://static1.personality-database.com/profile_images/3f11224f5c8e4508a4c25737c6d0de2f.png"}, "join_to_post": false, "can_pin": false}, {"description": "", "follow_count": 0, "id": 64493, "is_following": false, "is_join_pending": false, "is_banned": false, "is_moderated": false, "name_readable": "Naomi", "post_count": 0, "source_profile_id": 79694, "source_type": "profile", "image": {"picURL": "https://static1.personality-database.com/profile_images/faacfe7b5fb041ca9f669c7559bd46a2.png"}, "join_to_post": false, "can_pin": false}, {"description": "", "follow_count": 0, "id": 49428, "is_following": false, "is_join_pending": false, "is_banned": false, "is_moderated": false, "name_readable": "Futoshi", "post_count": 0, "source_profile_id": 58462, "source_type": "profile", "image": {"picURL": "https://static1.personality-database.com/profile_images/3f4da2c63a0b40528578e4f4f5f02690.png"}, "join_to_post": false, "can_pin": false}, {"description": "", "follow_count": 0, "id": 46889, "is_following": false, "is_join_pending": false, "is_banned": false, "is_moderated": false, "name_readable": "Papa", "post_count": 0, "source_profile_id": 55106, "source_type": "profile", "image": {"picURL": "https://static1.personality-database.com/profile_images/1ed65b05fbcf45c3bd808568c5d6e243.png"}, "join_to_post": false, "can_pin": false}, {"description": "#RieKugimiya", "follow_count": 0, "id": 46888, "is_following": false, "is_join_pending": false, "is_banned": false, "is_moderated": false, "name_readable": "Klaxosaur Princess / 001", "post_count": 0, "source_profile_id": 55105, "source_type": "profile", "image": {"picURL": "https://static1.personality-database.com/profile_images/a69dfd43580f4d44b6a1b5562407b1c8.png"}, "join_to_post": false, "can_pin": false}, {"description": "", "follow_count": 0, "id": 46887, "is_following": false, "is_join_pending": false, "is_banned": false, "is_moderated": false, "name_readable": "Nana", "post_count": 0, "source_profile_id": 55104, "source_type": "profile", "image": {"picURL": "https://static1.personality-database.com/profile_images/5deea2eddeaf4a788a32b739bfe291be.png"}, "join_to_post": false, "can_pin": false}], "subcategory": "Darling in the Franxx", "topic_image_url": "https://static1.personality-database.com/profile_images/0ed088653fa4465983eee4610782e13e.png", "source_location": {"cid": 8, "pid": 2, "sub_cat_id": 1482}, "can_post_image": false, "can_post_audio": false, "posts": {"posts": [{"username": "thepromisedneverland", "user_pic_path": "https://static1.personality-database.com/user_avatars/1111410/9150f02e-8adb-42f0-9ce1-210b209b8419.jpeg", "user_personality_type": "INTP-5w6", "is_mod": false, "comment_count": 0, "reply_count": 0, "vote_type": 0, "topics_list": [{"id": 10407, "name_readable": "Zero Two"}], "id": 2140331, "post_id": 2140331, "user_id": 1111410, "title": "", "content": "Of Course she is Entp :/", "create_date": 1671735453000, "unix_timestamp": 1671735453000, "update_date": 1671735453000, "vote_count": 1, "vote_count_down": 0, "is_reported": 1, "is_hidden": false, "is_pinned": false, "is_watching": false, "is_pro_user": false, "images": null, "audios": null, "function_list": [], "type": "post"}, {"username": "Flora X", "user_pic_path": "https://lh3.googleusercontent.com/a/ALm5wu2fG7k-MYx6PNkvbQ5Ye0NKc78qsUnLYxbvZiBLWw=s96-c", "user_personality_type": "ENTP-7w8", "is_mod": false, "comment_count": 2, "reply_count": 2, "vote_type": 0, "topics_list": [{"id": 10407, "name_readable": "Zero Two"}], "id": 2158262, "post_id": 2158262, "user_id": 1330434, "title": "", "content": "Never in my life do I see an ESTP think about death in this way.\n\nI love ESTPs, however in the anime's setting: even if they see the worst situation, they would rather not think about death in such an nihilism way.\n\nHowever, most of xntp I've seen have said similar things, therefore leading me to believe the view of life and death are the key part separating ESTP and ENTP apart.", "create_date": 1670126123000, "unix_timestamp": 1670126123000, "update_date": 1670126123000, "vote_count": 4, "vote_count_down": 1, "is_reported": 1, "is_hidden": false, "is_pinned": false, "is_watching": false, "is_pro_user": false, "images": null, "audios": null, "function_list": [], "type": "post"}, {"username": "Gaius", "user_pic_path": "https://static1.personality-database.com/user_avatars/277060/5aa63e99-7d09-444e-85bd-beafbd870ce1.jpeg", "user_personality_type": "", "is_mod": false, "comment_count": 3, "reply_count": 3, "vote_type": 0, "topics_list": [{"id": 10407, "name_readable": "Zero Two"}], "id": 2146491, "post_id": 2146491, "user_id": 277060, "title": "", "content": "Obviously and Entp (I don't want she so be rater like ESTP because I hate her)", "create_date": 1670097474000, "unix_timestamp": 1670097474000, "update_date": 1670097474000, "vote_count": 0, "vote_count_down": 1, "is_reported": 1, "is_hidden": false, "is_pinned": false, "is_watching": false, "is_pro_user": false, "images": null, "audios": null, "function_list": [], "type": "post"}]}}}}