{"id": 112099, "mbti_profile": "Reze", "profile_name_searchable": "reze", "allow_commenting": true, "allow_voting": true, "user_id": 15792, "contributor": "nishibuya", "contributor_create_date": "2020-03-30 06:05:39", "contributor_pic_path": "https://lh3.googleusercontent.com/a-/AOh14GgYhRSdEj_sgv0tknrpFLmk_e39DxTTsuNNDhce=s96-c", "display_order": 0, "edit_lock": 0, "edit_lock_picture": 0, "is_active": true, "is_approved": true, "mbti_enneagram_type": "ENTP 3w2", "mbti_type": "ENTP 3w2", "pdb_comment_access": true, "pdb_page_owner": 0, "pdb_public_access": true, "wiki_description": "Reze (\u30ec\u30bc Reze?), also known as Lady Reze, is a Bomb Devil (\u7206\u5f3e\u306e\u60aa\u9b54 Bomu no akuma?) hybrid from the Soviet Union and ally to the Gun Devil. She is the primary antagonist of the titular Bomb Girl arc.", "watch_count": 1713, "comment_count": 249, "vote_count": 1130, "vote_count_enneagram": 527, "vote_count_mbti": 1130, "total_vote_counts": 2338, "personality_type": "ENTP - 3w2 - sx/so - 378 - EIE - SCUEI - Phlegmatic-Sanguine - EN(F)", "type_updated_date": "2022-11-15 11:36:22", "enneagram_vote": "", "enneagram_vote_id": 0, "mbti_vote": "", "mbti_vote_id": 0, "is_watching": false, "image_exists": false, "profile_image_url": "", "profile_image_credit": "", "profile_image_credit_id": 0, "profile_image_credit_type": "0", "profile_image_credit_url": "", "alt_subcategory": "", "related_subcategories": "", "cat_id": 8, "category": "Anime & Manga", "category_is_fictional": true, "sub_cat_id": 4275, "subcategory": "Chainsaw Man", "subcat_link_info": {"sub_cat_id": 4275, "cat_id": 8, "property_id": 2, "subcategory": "Chainsaw Man"}, "related_subcat_link_info": null, "related_profiles": [{"id": 44140, "mbti_profile": "Makima", "subcategory": "Chainsaw Man", "profile_image_url": "https://static1.personality-database.com/profile_images/eb793d4c788f497b8bf3991494185126.png", "profile_name": "Makima", "profile_subcat": "Chainsaw Man", "sub_cat_id": 4275, "cat_id": 8, "property_id": 2, "mbti": "ENFJ", "enneatype": "2w1"}, {"id": 44139, "mbti_profile": "Denji", "subcategory": "Chainsaw Man", "profile_image_url": "https://static1.personality-database.com/profile_images/b21fcc7f95094a5e8d62fba1634305cd.png", "profile_name": "Denji", "profile_subcat": "Chainsaw Man", "sub_cat_id": 4275, "cat_id": 8, "property_id": 2, "mbti": "ESTP", "enneatype": "9w8"}, {"id": 524603, "mbti_profile": "Asa Mitaka", "subcategory": "Chainsaw Man", "profile_image_url": "https://static1.personality-database.com/profile_images/c41419c0ddee4f0e9bc0321e96c916f0.png", "profile_name": "Asa Mitaka", "profile_subcat": "Chainsaw Man", "sub_cat_id": 4275, "cat_id": 8, "property_id": 2, "mbti": "INTP", "enneatype": "5w4"}, {"id": 44141, "mbti_profile": "Aki Hayakawa", "subcategory": "Chainsaw Man", "profile_image_url": "https://static1.personality-database.com/profile_images/6e88b94a7ae4483394f02eb2a8f13464.png", "profile_name": "Aki Hayakawa", "profile_subcat": "Chainsaw Man", "sub_cat_id": 4275, "cat_id": 8, "property_id": 2, "mbti": "ISTJ", "enneatype": "1w9"}, {"id": 144520, "mbti_profile": "Hirofumi Yoshida", "subcategory": "Chainsaw Man", "profile_image_url": "https://static1.personality-database.com/profile_images/ead05fd3589343389f5532cf29398e43.png", "profile_name": "Hirofumi Yoshida", "profile_subcat": "Chainsaw Man", "sub_cat_id": 4275, "cat_id": 8, "property_id": 2, "mbti": "INTP", "enneatype": "5w4"}, {"id": 44146, "mbti_profile": "Power", "subcategory": "Chainsaw Man", "profile_image_url": "https://static1.personality-database.com/profile_images/6192060b6baf4525a8d3ecded9dd2bcb.png", "profile_name": "Power", "profile_subcat": "Chainsaw Man", "sub_cat_id": 4275, "cat_id": 8, "property_id": 2, "mbti": "ESFP", "enneatype": "8w7"}, {"id": 184886, "mbti_profile": "Angel Devil", "subcategory": "Chainsaw Man", "profile_image_url": "https://static1.personality-database.com/profile_images/56291703263646d19350d87e3bd28814.png", "profile_name": "Angel Devil", "profile_subcat": "Chainsaw Man", "sub_cat_id": 4275, "cat_id": 8, "property_id": 2, "mbti": "INTP", "enneatype": "5w4"}, {"id": 44144, "mbti_profile": "Kobeni Higashiyama", "subcategory": "Chainsaw Man", "profile_image_url": "https://static1.personality-database.com/profile_images/c7c05cf2c4464ad4aca7b439586fda95.png", "profile_name": "Kobeni Higashiyama", "profile_subcat": "Chainsaw Man", "sub_cat_id": 4275, "cat_id": 8, "property_id": 2, "mbti": "ISFJ", "enneatype": "6w5"}], "functions": ["Ne", "Ti", "Fe", "Si"], "systems": [{"hex_color": "#888888", "id": 1, "personality_type": "XXXX", "personality_type_id": 0, "system_name": "Four Letter", "system_vote_count": 1051, "user_vote_type_id": 0, "vote_id": 0}, {"hex_color": "#006775", "id": 2, "personality_type": "XXXX", "personality_type_id": 0, "system_name": "Enneagram", "system_vote_count": 500, "user_vote_type_id": 0, "vote_id": 0}, {"hex_color": "#006775", "id": 5, "personality_type": "XXXX", "personality_type_id": 0, "system_name": "Instinctual Variant", "system_vote_count": 241, "user_vote_type_id": 0, "vote_id": 0}, {"hex_color": "#006775", "id": 6, "personality_type": "XXXX", "personality_type_id": 0, "system_name": "Tritype", "system_vote_count": 154, "user_vote_type_id": 0, "vote_id": 0}, {"hex_color": "#888888", "id": 3, "personality_type": "XXXX", "personality_type_id": 0, "system_name": "Socionics", "system_vote_count": 115, "user_vote_type_id": 0, "vote_id": 0}, {"hex_color": "#888888", "id": 9, "personality_type": "XXXX", "personality_type_id": 0, "system_name": "Big 5 (SLOAN)", "system_vote_count": 68, "user_vote_type_id": 0, "vote_id": 0}, {"hex_color": "#888888", "id": 8, "personality_type": "XXXX", "personality_type_id": 0, "system_name": "Attitudinal Psyche", "system_vote_count": 75, "user_vote_type_id": 0, "vote_id": 0}, {"hex_color": "#888888", "id": 7, "personality_type": "XXXX", "personality_type_id": 0, "system_name": "Temperaments", "system_vote_count": 92, "user_vote_type_id": 0, "vote_id": 0}, {"hex_color": "#888888", "id": 11, "personality_type": "XXXX", "personality_type_id": 0, "system_name": "Classic Jungian", "system_vote_count": 36, "user_vote_type_id": 0, "vote_id": 0}], "breakdown_systems": {"1": [{"myValue": "ENTP", "personality_system_id": 1, "personality_type": "ENTP", "theCount": 496}, {"myValue": "ENFJ", "personality_system_id": 1, "personality_type": "ENFJ", "theCount": 359}, {"myValue": "ESTP", "personality_system_id": 1, "personality_type": "ESTP", "theCount": 103}, {"myValue": "ENFP", "personality_system_id": 1, "personality_type": "ENFP", "theCount": 41}, {"myValue": "ENTJ", "personality_system_id": 1, "personality_type": "ENTJ", "theCount": 24}, {"myValue": "ESFP", "personality_system_id": 1, "personality_type": "ESFP", "theCount": 8}, {"myValue": "ISTP", "personality_system_id": 1, "personality_type": "ISTP", "theCount": 4}, {"myValue": "INFJ", "personality_system_id": 1, "personality_type": "INFJ", "theCount": 3}, {"myValue": "ISFP", "personality_system_id": 1, "personality_type": "ISFP", "theCount": 3}, {"myValue": "INTJ", "personality_system_id": 1, "personality_type": "INTJ", "theCount": 2}, {"myValue": "INTP", "personality_system_id": 1, "personality_type": "INTP", "theCount": 2}, {"myValue": "ISTJ", "personality_system_id": 1, "personality_type": "ISTJ", "theCount": 2}, {"myValue": "ESFJ", "personality_system_id": 1, "personality_type": "ESFJ", "theCount": 1}, {"myValue": "ESTJ", "personality_system_id": 1, "personality_type": "ESTJ", "theCount": 1}, {"myValue": "INFP", "personality_system_id": 1, "personality_type": "INFP", "theCount": 1}, {"myValue": "ISFJ", "personality_system_id": 1, "personality_type": "ISFJ", "theCount": 1}], "11": [{"myValue": "EN(F)", "personality_system_id": 11, "personality_type": "EN(F)", "theCount": 22}, {"myValue": "EF(N)", "personality_system_id": 11, "personality_type": "EF(N)", "theCount": 11}, {"myValue": "EN(T)", "personality_system_id": 11, "personality_type": "EN(T)", "theCount": 2}, {"myValue": "EF(S)", "personality_system_id": 11, "personality_type": "EF(S)", "theCount": 1}], "2": [{"myValue": "3w2", "personality_system_id": 2, "personality_type": "3w2", "theCount": 280}, {"myValue": "7w8", "personality_system_id": 2, "personality_type": "7w8", "theCount": 154}, {"myValue": "7w6", "personality_system_id": 2, "personality_type": "7w6", "theCount": 29}, {"myValue": "8w7", "personality_system_id": 2, "personality_type": "8w7", "theCount": 10}, {"myValue": "2w3", "personality_system_id": 2, "personality_type": "2w3", "theCount": 7}, {"myValue": "3w4", "personality_system_id": 2, "personality_type": "3w4", "theCount": 7}, {"myValue": "6w7", "personality_system_id": 2, "personality_type": "6w7", "theCount": 4}, {"myValue": "1w9", "personality_system_id": 2, "personality_type": "1w9", "theCount": 2}, {"myValue": "4w3", "personality_system_id": 2, "personality_type": "4w3", "theCount": 2}, {"myValue": "4w5", "personality_system_id": 2, "personality_type": "4w5", "theCount": 2}, {"myValue": "6w5", "personality_system_id": 2, "personality_type": "6w5", "theCount": 1}, {"myValue": "8w9", "personality_system_id": 2, "personality_type": "8w9", "theCount": 1}, {"myValue": "9w8", "personality_system_id": 2, "personality_type": "9w8", "theCount": 1}], "3": [{"myValue": "EIE", "personality_system_id": 3, "personality_type": "EIE", "theCount": 75}, {"myValue": "IEE", "personality_system_id": 3, "personality_type": "IEE", "theCount": 25}, {"myValue": "ILE", "personality_system_id": 3, "personality_type": "ILE", "theCount": 6}, {"myValue": "SEE", "personality_system_id": 3, "personality_type": "SEE", "theCount": 4}, {"myValue": "SLE", "personality_system_id": 3, "personality_type": "SLE", "theCount": 2}, {"myValue": "ESE", "personality_system_id": 3, "personality_type": "ESE", "theCount": 1}, {"myValue": "ESI", "personality_system_id": 3, "personality_type": "ESI", "theCount": 1}, {"myValue": "SEI", "personality_system_id": 3, "personality_type": "SEI", "theCount": 1}], "4": [{"myValue": "Chaotic Neutral", "personality_system_id": 4, "personality_type": "Chaotic Neutral", "theCount": 5}, {"myValue": "Neutral Good", "personality_system_id": 4, "personality_type": "Neutral Good", "theCount": 1}], "5": [{"myValue": "sx/so", "personality_system_id": 5, "personality_type": "sx/so", "theCount": 156}, {"myValue": "sx/sp", "personality_system_id": 5, "personality_type": "sx/sp", "theCount": 69}, {"myValue": "sp/sx", "personality_system_id": 5, "personality_type": "sp/sx", "theCount": 8}, {"myValue": "so/sx", "personality_system_id": 5, "personality_type": "so/sx", "theCount": 4}, {"myValue": "so/sp", "personality_system_id": 5, "personality_type": "so/sp", "theCount": 2}, {"myValue": "sp/so", "personality_system_id": 5, "personality_type": "sp/so", "theCount": 2}], "6": [{"myValue": "378", "personality_system_id": 6, "personality_type": "378", "theCount": 62}, {"myValue": "792", "personality_system_id": 6, "personality_type": "792", "theCount": 27}, {"myValue": "783", "personality_system_id": 6, "personality_type": "783", "theCount": 18}, {"myValue": "379", "personality_system_id": 6, "personality_type": "379", "theCount": 12}, {"myValue": "784", "personality_system_id": 6, "personality_type": "784", "theCount": 9}, {"myValue": "397", "personality_system_id": 6, "personality_type": "397", "theCount": 6}, {"myValue": "387", "personality_system_id": 6, "personality_type": "387", "theCount": 4}, {"myValue": "358", "personality_system_id": 6, "personality_type": "358", "theCount": 2}, {"myValue": "371", "personality_system_id": 6, "personality_type": "371", "theCount": 2}, {"myValue": "728", "personality_system_id": 6, "personality_type": "728", "theCount": 2}, {"myValue": "729", "personality_system_id": 6, "personality_type": "729", "theCount": 2}, {"myValue": "738", "personality_system_id": 6, "personality_type": "738", "theCount": 2}, {"myValue": "258", "personality_system_id": 6, "personality_type": "258", "theCount": 1}, {"myValue": "359", "personality_system_id": 6, "personality_type": "359", "theCount": 1}, {"myValue": "739", "personality_system_id": 6, "personality_type": "739", "theCount": 1}, {"myValue": "782", "personality_system_id": 6, "personality_type": "782", "theCount": 1}, {"myValue": "793", "personality_system_id": 6, "personality_type": "793", "theCount": 1}, {"myValue": "837", "personality_system_id": 6, "personality_type": "837", "theCount": 1}], "7": [{"myValue": "Phlegmatic-Sanguine", "personality_system_id": 7, "personality_type": "Phlegmatic-Sanguine", "theCount": 46}, {"myValue": "Sanguine-Phlegmatic", "personality_system_id": 7, "personality_type": "Sanguine-Phlegmatic", "theCount": 24}, {"myValue": "Phlegmatic-Choleric", "personality_system_id": 7, "personality_type": "Phlegmatic-Choleric", "theCount": 10}, {"myValue": "Sanguine [Dominant]", "personality_system_id": 7, "personality_type": "Sanguine [Dominant]", "theCount": 4}, {"myValue": "Sanguine-Melancholic", "personality_system_id": 7, "personality_type": "Sanguine-Melancholic", "theCount": 4}, {"myValue": "Sanguine-Choleric", "personality_system_id": 7, "personality_type": "Sanguine-Choleric", "theCount": 3}, {"myValue": "Phlegmatic-Melancholic", "personality_system_id": 7, "personality_type": "Phlegmatic-Melancholic", "theCount": 1}], "8": [{"myValue": "VEFL", "personality_system_id": 8, "personality_type": "VEFL", "theCount": 29}, {"myValue": "ELFV", "personality_system_id": 8, "personality_type": "ELFV", "theCount": 27}, {"myValue": "VLEF", "personality_system_id": 8, "personality_type": "VLEF", "theCount": 6}, {"myValue": "FEVL", "personality_system_id": 8, "personality_type": "FEVL", "theCount": 3}, {"myValue": "EVLF", "personality_system_id": 8, "personality_type": "EVLF", "theCount": 2}, {"myValue": "LFVE", "personality_system_id": 8, "personality_type": "LFVE", "theCount": 2}, {"myValue": "VLFE", "personality_system_id": 8, "personality_type": "VLFE", "theCount": 2}, {"myValue": "EVFL", "personality_system_id": 8, "personality_type": "EVFL", "theCount": 1}, {"myValue": "FLVE", "personality_system_id": 8, "personality_type": "FLVE", "theCount": 1}, {"myValue": "VFEL", "personality_system_id": 8, "personality_type": "VFEL", "theCount": 1}, {"myValue": "VFLE", "personality_system_id": 8, "personality_type": "VFLE", "theCount": 1}], "9": [{"myValue": "SCUEI", "personality_system_id": 9, "personality_type": "SCUEI", "theCount": 40}, {"myValue": "SCOEI", "personality_system_id": 9, "personality_type": "SCOEI", "theCount": 5}, {"myValue": "SCOEN", "personality_system_id": 9, "personality_type": "SCOEN", "theCount": 5}, {"myValue": "SCOAI", "personality_system_id": 9, "personality_type": "SCOAI", "theCount": 4}, {"myValue": "SCUEN", "personality_system_id": 9, "personality_type": "SCUEN", "theCount": 3}, {"myValue": "SLUEI", "personality_system_id": 9, "personality_type": "SLUEI", "theCount": 3}, {"myValue": "SCUAI", "personality_system_id": 9, "personality_type": "SCUAI", "theCount": 2}, {"myValue": "RCOAI", "personality_system_id": 9, "personality_type": "RCOAI", "theCount": 1}, {"myValue": "RCUAN", "personality_system_id": 9, "personality_type": "RCUAN", "theCount": 1}, {"myValue": "RLUAI", "personality_system_id": 9, "personality_type": "RLUAI", "theCount": 1}, {"myValue": "RLUAN", "personality_system_id": 9, "personality_type": "RLUAN", "theCount": 1}, {"myValue": "RLUEI", "personality_system_id": 9, "personality_type": "RLUEI", "theCount": 1}, {"myValue": "SLOEN", "personality_system_id": 9, "personality_type": "SLOEN", "theCount": 1}]}, "breakdown_config": {"expand": {"1": 3, "11": 1, "2": 3, "3": 1, "4": 1, "5": 1, "6": 1, "7": 2, "8": 2, "9": 1}, "fire": {"1": 1, "11": 0, "2": 1, "3": 0, "4": 0, "5": 0, "6": 0, "7": 1, "8": 1, "9": 0}}, "mbti_letter_stats": [{"type": "E", "percentage": "98%", "PercentageFloat": 0.9828734538534729}, {"type": "N", "percentage": "88%", "PercentageFloat": 0.8829686013320647}, {"type": "T", "percentage": "60%", "PercentageFloat": 0.6032350142721218}, {"type": "P", "percentage": "63%", "PercentageFloat": 0.6260704091341579}], "topic_info": {"can_generate": false, "topic": {"description": "", "follow_count": 11, "id": 89002, "is_following": false, "is_join_pending": false, "is_banned": false, "is_moderated": false, "name_readable": "Reze", "post_count": 71, "source_profile_id": 112099, "source_type": "profile", "join_to_post": false, "can_pin": false, "related_topics": [{"description": "Makima (\u30de\u30ad\u30de, Makima) is a Public Safety Devil Hunter, who took Denji as her human pet. She serves a fundamental role throughout the story, armed with her wits and ambiguous motives.", "follow_count": 346, "id": 39155, "is_following": false, "is_join_pending": false, "is_banned": false, "is_moderated": false, "name_readable": "Makima", "post_count": 1241, "source_profile_id": 44140, "source_type": "profile", "image": {"picURL": "https://static1.personality-database.com/profile_images/eb793d4c788f497b8bf3991494185126.png"}, "join_to_post": false, "can_pin": false}, {"description": "A student from Chainsaw Man", "follow_count": 219, "id": 334319, "is_following": false, "is_join_pending": false, "is_banned": false, "is_moderated": false, "name_readable": "Asa Mitaka", "post_count": 379, "source_profile_id": 524603, "source_type": "profile", "image": {"picURL": "https://static1.personality-database.com/profile_images/c41419c0ddee4f0e9bc0321e96c916f0.png"}, "join_to_post": false, "can_pin": false}, {"description": "Denji\u00a0(\u30c7\u30f3\u30b8,\u00a0Denji) is the main protagonist of\u00a0Chainsaw Man. As a young boy, he inherits his father's debts from the Yakuza. After meeting\u00a0Pochita, he becomes a Devil Hunter for the Yakuza in an attempt to clear his debt. Once the Yakuza, under the control of a\u00a0Devil, betray him, he dies and Pochita becomes his heart. He now becomes the Chainsaw Devil by pulling a cord on his chest. After meeting\u00a0Makima, he became a Public Safety\u00a0Devil Hunter.", "follow_count": 33, "id": 39154, "is_following": false, "is_join_pending": false, "is_banned": false, "is_moderated": false, "name_readable": "Denji", "post_count": 170, "source_profile_id": 44139, "source_type": "profile", "image": {"picURL": "https://static1.personality-database.com/profile_images/b21fcc7f95094a5e8d62fba1634305cd.png"}, "join_to_post": false, "can_pin": false}, {"description": "", "follow_count": 34, "id": 39156, "is_following": false, "is_join_pending": false, "is_banned": false, "is_moderated": false, "name_readable": "Aki Hayakawa", "post_count": 107, "source_profile_id": 44141, "source_type": "profile", "image": {"picURL": "https://static1.personality-database.com/profile_images/6e88b94a7ae4483394f02eb2a8f13464.png"}, "join_to_post": false, "can_pin": false}, {"description": "", "follow_count": 16, "id": 39159, "is_following": false, "is_join_pending": false, "is_banned": false, "is_moderated": false, "name_readable": "Kobeni Higashiyama", "post_count": 89, "source_profile_id": 44144, "source_type": "profile", "image": {"picURL": "https://static1.personality-database.com/profile_images/c7c05cf2c4464ad4aca7b439586fda95.png"}, "join_to_post": false, "can_pin": false}, {"description": "", "follow_count": 37, "id": 142251, "is_following": false, "is_join_pending": false, "is_banned": false, "is_moderated": false, "name_readable": "Angel Devil", "post_count": 88, "source_profile_id": 184886, "source_type": "profile", "image": {"picURL": "https://static1.personality-database.com/profile_images/56291703263646d19350d87e3bd28814.png"}, "join_to_post": false, "can_pin": false}, {"description": "Power\u00a0(\u30d1\u30ef\u30fc,\u00a0Paw\u0101)\u00a0is a\u00a0Blood Fiend and a\u00a0Public Safety Devil Hunter\u00a0who is part of\u00a0Makima's special squad. Power is childish, greedy, and almost entirely self-motivated. She tends to fight as if she has something to gain and is certain of her victory, as well as having no problems in running away from a fight where she is outmatched. She also feels the need to boast her superiority over her fellow Devil Hunters due to her status as a fiend. She has no loyalty to humanity, openly admitting that she will join the winning side.", "follow_count": 9, "id": 39161, "is_following": false, "is_join_pending": false, "is_banned": false, "is_moderated": false, "name_readable": "Power", "post_count": 83, "source_profile_id": 44146, "source_type": "profile", "image": {"picURL": "https://static1.personality-database.com/profile_images/6192060b6baf4525a8d3ecded9dd2bcb.png"}, "join_to_post": false, "can_pin": false}, {"description": "", "follow_count": 14, "id": 39157, "is_following": false, "is_join_pending": false, "is_banned": false, "is_moderated": false, "name_readable": "Himeno", "post_count": 80, "source_profile_id": 44142, "source_type": "profile", "image": {"picURL": "https://static1.personality-database.com/profile_images/eb8e6c1780874111981977ae8cc19718.png"}, "join_to_post": false, "can_pin": false}, {"description": "", "follow_count": 11, "id": 89002, "is_following": false, "is_join_pending": false, "is_banned": false, "is_moderated": false, "name_readable": "Reze", "post_count": 71, "source_profile_id": 112099, "source_type": "profile", "image": {"picURL": "https://www.personality-database.com/images/profile_transparent.png"}, "join_to_post": false, "can_pin": false}, {"description": "", "follow_count": 50, "id": 111868, "is_following": false, "is_join_pending": false, "is_banned": false, "is_moderated": false, "name_readable": "Hirofumi Yoshida", "post_count": 67, "source_profile_id": 144520, "source_type": "profile", "image": {"picURL": "https://static1.personality-database.com/profile_images/ead05fd3589343389f5532cf29398e43.png"}, "join_to_post": false, "can_pin": false}, {"description": "Devil of War that currently resides in the body of Asa Mitaka.", "follow_count": 40, "id": 334909, "is_following": false, "is_join_pending": false, "is_banned": false, "is_moderated": false, "name_readable": "War Devil", "post_count": 47, "source_profile_id": 528121, "source_type": "profile", "image": {"picURL": "https://static1.personality-database.com/profile_images/4c67d9040af24e049b8acbf0f7ae3778.png"}, "join_to_post": false, "can_pin": false}, {"description": "", "follow_count": 12, "id": 93484, "is_following": false, "is_join_pending": false, "is_banned": false, "is_moderated": false, "name_readable": "Quanxi", "post_count": 45, "source_profile_id": 118864, "source_type": "profile", "image": {"picURL": "https://static1.personality-database.com/profile_images/ed5e04fd0bd14bb78ca1cb3b8bc38e70.png"}, "join_to_post": false, "can_pin": false}, {"description": "Yuko is a student that is trying out for the Devil Hunter Club.", "follow_count": 1, "id": 335789, "is_following": false, "is_join_pending": false, "is_banned": false, "is_moderated": false, "name_readable": "Yuko", "post_count": 19, "source_profile_id": 531122, "source_type": "profile", "image": {"picURL": "https://static1.personality-database.com/profile_images/01bc5320eb6b4c1c88e22e019933e19c.png"}, "join_to_post": false, "can_pin": false}, {"description": "", "follow_count": 9, "id": 342635, "is_following": false, "is_join_pending": false, "is_banned": false, "is_moderated": false, "name_readable": "For my little sister", "post_count": 19, "source_profile_id": 585139, "source_type": "profile", "image": {"picURL": "https://static1.personality-database.com/profile_images/c4ffb2972e97402cafeae8854380b0ed.png"}, "join_to_post": false, "can_pin": false}, {"description": "halloween", "follow_count": 2, "id": 145144, "is_following": false, "is_join_pending": false, "is_banned": false, "is_moderated": false, "name_readable": "Cosmo", "post_count": 15, "source_profile_id": 188267, "source_type": "profile", "image": {"picURL": "https://static1.personality-database.com/profile_images/305b3786efac44d7bc1bdf4dd27612ec.png"}, "join_to_post": false, "can_pin": false}, {"description": "", "follow_count": 9, "id": 142252, "is_following": false, "is_join_pending": false, "is_banned": false, "is_moderated": false, "name_readable": "Pochita", "post_count": 14, "source_profile_id": 184887, "source_type": "profile", "image": {"picURL": "https://static1.personality-database.com/profile_images/9827a18fda2e428a8ebb2ba63f2749ff.png"}, "join_to_post": false, "can_pin": false}], "subcategory": "Chainsaw Man", "topic_image_url": "https://www.personality-database.com/images/profile_transparent.png", "source_location": {"cid": 8, "pid": 2, "sub_cat_id": 4275}, "can_post_image": false, "can_post_audio": false, "posts": {"posts": [{"username": "WHEN U DIE", "user_pic_path": "https://static1.personality-database.com/user_avatars/774223/26421d7a-2b1c-423a-9582-00f8264bdbe0_small.jpeg", "user_personality_type": "ENTP-3w4-387", "is_mod": false, "comment_count": 0, "reply_count": 0, "vote_type": 0, "topics_list": [{"id": 89002, "name_readable": "Reze"}], "id": 2194828, "post_id": 2194828, "user_id": 774223, "title": "", "content": "from the information we do have on her im pretty sure shes an extp\nthere is alot of Ti-Fe in her. \n\nso ESTP or ENTP e3/7?? would make the most sense for now.\nhopefully when we see her in the show things are a bit more clear", "create_date": 1673747393000, "unix_timestamp": 1673747393000, "update_date": 1673747393000, "vote_count": 0, "vote_count_down": 0, "is_reported": 0, "is_hidden": false, "is_pinned": false, "is_watching": false, "is_pro_user": false, "images": null, "audios": null, "function_list": [], "type": "post"}, {"username": "kiki0000", "user_pic_path": "https://lh3.googleusercontent.com/a-/AOh14GhdC-97LnMRA9-vPLZndgRPffnWsp9eyqBNaYAc=s96-c", "user_personality_type": "ENFP-7w6-792", "is_mod": false, "comment_count": 2, "reply_count": 2, "vote_type": 0, "topics_list": [{"id": 89002, "name_readable": "Reze"}], "id": 2054123, "post_id": 2054123, "user_id": 232727, "title": "we don't know shit abt her lol", "content": "k", "create_date": 1672356422000, "unix_timestamp": 1672356422000, "update_date": 1672356422000, "vote_count": 9, "vote_count_down": 0, "is_reported": 0, "is_hidden": false, "is_pinned": false, "is_watching": false, "is_pro_user": false, "images": null, "audios": null, "function_list": [], "type": "post"}, {"username": "alephi", "user_pic_path": "https://static1.personality-database.com/user_avatars/607417/ccd668fe-db99-4efc-a588-bb2929bfe3b8.jpeg", "user_personality_type": "ENTJ-358", "is_mod": false, "comment_count": 5, "reply_count": 5, "vote_type": 0, "topics_list": [{"id": 89002, "name_readable": "Reze"}], "id": 2024136, "post_id": 2024136, "user_id": 607417, "title": "wait", "content": "why are yall hyped for her showing up in the anime? from the fact that her voice actor was never revealed and the fact that she didnt show up in the opening i thought she wasnt showing up in the anime... did something new happen or something?", "create_date": 1672051771000, "unix_timestamp": 1672051771000, "update_date": 1672051771000, "vote_count": 5, "vote_count_down": 0, "is_reported": 0, "is_hidden": false, "is_pinned": false, "is_watching": false, "is_pro_user": false, "images": null, "audios": null, "function_list": [], "type": "post"}]}}}}