{"id": 11206, "mbti_profile": "Emma", "profile_name_searchable": "emma", "allow_commenting": true, "allow_voting": true, "user_id": 3261, "contributor": "Jachn", "contributor_create_date": "2018-04-15 00:49:47", "contributor_pic_path": "https://lh5.googleusercontent.com/-7BVlTf580JM/AAAAAAAAAAI/AAAAAAAAFpA/fhDHaMjGnqM/s96-c/photo.jpg", "display_order": 990, "edit_lock": 0, "edit_lock_picture": 1, "is_active": true, "is_approved": true, "mbti_enneagram_type": "ENFJ 2w1", "mbti_type": "ENFJ 2w1", "pdb_comment_access": true, "pdb_page_owner": 0, "pdb_public_access": true, "wiki_description": "Emma\u00a0(\u30a8\u30de,\u00a0Ema)\u00a0is the main protagonist of\u00a0The Promised Neverland. Caring and extroverted, Emma often proves herself to be one of the most reliable orphans and is often seen surrounded by friends. She is known for her incredible ability to learn, capable athleticism, and ample optimism.", "watch_count": 1511, "comment_count": 919, "vote_count": 1830, "vote_count_enneagram": 850, "vote_count_mbti": 1830, "total_vote_counts": 3907, "personality_type": "ENFJ - 2w1 - so/sx - 287 - ESE - SCOAI - EVFL - Sanguine [Dominant] - EF(N)", "type_updated_date": "2022-11-15 14:06:36", "enneagram_vote": "", "enneagram_vote_id": 0, "mbti_vote": "", "mbti_vote_id": 0, "is_watching": false, "image_exists": false, "profile_image_url": "https://static1.personality-database.com/profile_images/8fbc4ea86f284c79a0456fbd0183f1e9.png", "profile_image_credit": "", "profile_image_credit_id": 82796, "profile_image_credit_type": "0", "profile_image_credit_url": "", "alt_subcategory": "The Promised Neverland", "related_subcategories": "", "cat_id": 8, "category": "Anime & Manga", "category_is_fictional": true, "sub_cat_id": 1491, "subcategory": "Yakusoku no Neverland", "subcat_link_info": {"sub_cat_id": 1491, "cat_id": 8, "property_id": 2, "subcategory": "Yakusoku no Neverland"}, "related_subcat_link_info": null, "related_profiles": [{"id": 11205, "mbti_profile": "Ray", "subcategory": "Yakusoku no Neverland", "profile_image_url": "https://static1.personality-database.com/profile_images/9c703c85b2154e749f27b54af976bf02.png", "profile_name": "Ray", "profile_subcat": "Yakusoku no Neverland", "sub_cat_id": 1491, "cat_id": 8, "property_id": 2, "mbti": "INTP", "enneatype": "5w6"}, {"id": 11204, "mbti_profile": "Norman", "subcategory": "Yakusoku no Neverland", "profile_image_url": "https://static1.personality-database.com/profile_images/a81eba4235bf4deea79935f4cce130bb.png", "profile_name": "Norman", "profile_subcat": "Yakusoku no Neverland", "sub_cat_id": 1491, "cat_id": 8, "property_id": 2, "mbti": "INFJ", "enneatype": "1w2"}, {"id": 11207, "mbti_profile": "Isabella / Mom", "subcategory": "Yakusoku no Neverland", "profile_image_url": "https://static1.personality-database.com/profile_images/8ba15f9fcd78435689c1db82059fd5e3.png", "profile_name": "Isabella / Mom", "profile_subcat": "Yakusoku no Neverland", "sub_cat_id": 1491, "cat_id": 8, "property_id": 2, "mbti": "ENFJ", "enneatype": "8w9"}, {"id": 62898, "mbti_profile": "Phil", "subcategory": "Yakusoku no Neverland", "profile_image_url": "https://static1.personality-database.com/profile_images/c59554c661684eaf90ae059083f2f2f7.png", "profile_name": "Phil", "profile_subcat": "Yakusoku no Neverland", "sub_cat_id": 1491, "cat_id": 8, "property_id": 2, "mbti": "ENTP", "enneatype": "7w6"}, {"id": 24152, "mbti_profile": "Yuugo", "subcategory": "Yakusoku no Neverland", "profile_image_url": "https://static1.personality-database.com/profile_images/fb06c3cf472348e188740cd454fd5a41.png", "profile_name": "Yuugo", "profile_subcat": "Yakusoku no Neverland", "sub_cat_id": 1491, "cat_id": 8, "property_id": 2, "mbti": "ISTP", "enneatype": "6w5"}, {"id": 24434, "mbti_profile": "Don", "subcategory": "Yakusoku no Neverland", "profile_image_url": "https://static1.personality-database.com/profile_images/e101c41485654b748d681841b33ceab3.png", "profile_name": "Don", "profile_subcat": "Yakusoku no Neverland", "sub_cat_id": 1491, "cat_id": 8, "property_id": 2, "mbti": "ESFP", "enneatype": "6w7"}, {"id": 136252, "mbti_profile": "\"William Minerva\" James Ratri", "subcategory": "Yakusoku no Neverland", "profile_image_url": "https://static1.personality-database.com/profile_images/b4ea80fa28b8408ab88c18f63774cbdf.png", "profile_name": "\"William Minerva\" James Ratri", "profile_subcat": "Yakusoku no Neverland", "sub_cat_id": 1491, "cat_id": 8, "property_id": 2, "mbti": "INFJ", "enneatype": "5w4"}, {"id": 62900, "mbti_profile": "Peter Ratri", "subcategory": "Yakusoku no Neverland", "profile_image_url": "https://static1.personality-database.com/profile_images/ef1982d234da4314bac09c130164edb8.png", "profile_name": "Peter Ratri", "profile_subcat": "Yakusoku no Neverland", "sub_cat_id": 1491, "cat_id": 8, "property_id": 2, "mbti": "ENTJ", "enneatype": "8w7"}], "functions": ["Fe", "Ni", "Se", "Ti"], "systems": [{"hex_color": "#888888", "id": 1, "personality_type": "XXXX", "personality_type_id": 0, "system_name": "Four Letter", "system_vote_count": 1767, "user_vote_type_id": 0, "vote_id": 0}, {"hex_color": "#006775", "id": 2, "personality_type": "XXXX", "personality_type_id": 0, "system_name": "Enneagram", "system_vote_count": 817, "user_vote_type_id": 0, "vote_id": 0}, {"hex_color": "#006775", "id": 5, "personality_type": "XXXX", "personality_type_id": 0, "system_name": "Instinctual Variant", "system_vote_count": 327, "user_vote_type_id": 0, "vote_id": 0}, {"hex_color": "#006775", "id": 6, "personality_type": "XXXX", "personality_type_id": 0, "system_name": "Tritype", "system_vote_count": 281, "user_vote_type_id": 0, "vote_id": 0}, {"hex_color": "#888888", "id": 3, "personality_type": "XXXX", "personality_type_id": 0, "system_name": "Socionics", "system_vote_count": 115, "user_vote_type_id": 0, "vote_id": 0}, {"hex_color": "#888888", "id": 9, "personality_type": "XXXX", "personality_type_id": 0, "system_name": "Big 5 (SLOAN)", "system_vote_count": 141, "user_vote_type_id": 0, "vote_id": 0}, {"hex_color": "#888888", "id": 8, "personality_type": "XXXX", "personality_type_id": 0, "system_name": "Attitudinal Psyche", "system_vote_count": 64, "user_vote_type_id": 0, "vote_id": 0}, {"hex_color": "#888888", "id": 7, "personality_type": "XXXX", "personality_type_id": 0, "system_name": "Temperaments", "system_vote_count": 271, "user_vote_type_id": 0, "vote_id": 0}, {"hex_color": "#888888", "id": 11, "personality_type": "XXXX", "personality_type_id": 0, "system_name": "Classic Jungian", "system_vote_count": 24, "user_vote_type_id": 0, "vote_id": 0}], "breakdown_systems": {"1": [{"myValue": "ENFJ", "personality_system_id": 1, "personality_type": "ENFJ", "theCount": 1412}, {"myValue": "ENFP", "personality_system_id": 1, "personality_type": "ENFP", "theCount": 238}, {"myValue": "ESFP", "personality_system_id": 1, "personality_type": "ESFP", "theCount": 53}, {"myValue": "ESFJ", "personality_system_id": 1, "personality_type": "ESFJ", "theCount": 39}, {"myValue": "INFP", "personality_system_id": 1, "personality_type": "INFP", "theCount": 4}, {"myValue": "ISFP", "personality_system_id": 1, "personality_type": "ISFP", "theCount": 4}, {"myValue": "INFJ", "personality_system_id": 1, "personality_type": "INFJ", "theCount": 3}, {"myValue": "INTJ", "personality_system_id": 1, "personality_type": "INTJ", "theCount": 3}, {"myValue": "INTP", "personality_system_id": 1, "personality_type": "INTP", "theCount": 3}, {"myValue": "ENTJ", "personality_system_id": 1, "personality_type": "ENTJ", "theCount": 2}, {"myValue": "ESTP", "personality_system_id": 1, "personality_type": "ESTP", "theCount": 2}, {"myValue": "ENTP", "personality_system_id": 1, "personality_type": "ENTP", "theCount": 1}, {"myValue": "ESTJ", "personality_system_id": 1, "personality_type": "ESTJ", "theCount": 1}, {"myValue": "ISFJ", "personality_system_id": 1, "personality_type": "ISFJ", "theCount": 1}, {"myValue": "ISTJ", "personality_system_id": 1, "personality_type": "ISTJ", "theCount": 1}], "10": [{"myValue": "Right-brained Extrovert", "personality_system_id": 10, "personality_type": "Right-brained Extrovert", "theCount": 1}], "11": [{"myValue": "EF(N)", "personality_system_id": 11, "personality_type": "EF(N)", "theCount": 13}, {"myValue": "EF(S)", "personality_system_id": 11, "personality_type": "EF(S)", "theCount": 5}, {"myValue": "EN(F)", "personality_system_id": 11, "personality_type": "EN(F)", "theCount": 3}, {"myValue": "ES(F)", "personality_system_id": 11, "personality_type": "ES(F)", "theCount": 2}, {"myValue": "EN(T)", "personality_system_id": 11, "personality_type": "EN(T)", "theCount": 1}], "2": [{"myValue": "2w1", "personality_system_id": 2, "personality_type": "2w1", "theCount": 546}, {"myValue": "9w1", "personality_system_id": 2, "personality_type": "9w1", "theCount": 93}, {"myValue": "7w6", "personality_system_id": 2, "personality_type": "7w6", "theCount": 91}, {"myValue": "1w2", "personality_system_id": 2, "personality_type": "1w2", "theCount": 32}, {"myValue": "2w3", "personality_system_id": 2, "personality_type": "2w3", "theCount": 28}, {"myValue": "7w8", "personality_system_id": 2, "personality_type": "7w8", "theCount": 8}, {"myValue": "1w9", "personality_system_id": 2, "personality_type": "1w9", "theCount": 5}, {"myValue": "6w7", "personality_system_id": 2, "personality_type": "6w7", "theCount": 4}, {"myValue": "8w7", "personality_system_id": 2, "personality_type": "8w7", "theCount": 4}, {"myValue": "3w4", "personality_system_id": 2, "personality_type": "3w4", "theCount": 2}, {"myValue": "3w2", "personality_system_id": 2, "personality_type": "3w2", "theCount": 1}, {"myValue": "4w5", "personality_system_id": 2, "personality_type": "4w5", "theCount": 1}, {"myValue": "5w6", "personality_system_id": 2, "personality_type": "5w6", "theCount": 1}, {"myValue": "9w8", "personality_system_id": 2, "personality_type": "9w8", "theCount": 1}], "3": [{"myValue": "ESE", "personality_system_id": 3, "personality_type": "ESE", "theCount": 86}, {"myValue": "EIE", "personality_system_id": 3, "personality_type": "EIE", "theCount": 14}, {"myValue": "IEE", "personality_system_id": 3, "personality_type": "IEE", "theCount": 7}, {"myValue": "EII", "personality_system_id": 3, "personality_type": "EII", "theCount": 4}, {"myValue": "SEE", "personality_system_id": 3, "personality_type": "SEE", "theCount": 4}], "4": [{"myValue": "Chaotic Good", "personality_system_id": 4, "personality_type": "Chaotic Good", "theCount": 87}, {"myValue": "Neutral Good", "personality_system_id": 4, "personality_type": "Neutral Good", "theCount": 7}, {"myValue": "Lawful Good", "personality_system_id": 4, "personality_type": "Lawful Good", "theCount": 4}, {"myValue": "Lawful Neutral", "personality_system_id": 4, "personality_type": "Lawful Neutral", "theCount": 1}], "5": [{"myValue": "so/sx", "personality_system_id": 5, "personality_type": "so/sx", "theCount": 291}, {"myValue": "so/sp", "personality_system_id": 5, "personality_type": "so/sp", "theCount": 27}, {"myValue": "sp/so", "personality_system_id": 5, "personality_type": "sp/so", "theCount": 5}, {"myValue": "sx/so", "personality_system_id": 5, "personality_type": "sx/so", "theCount": 2}, {"myValue": "sp/sx", "personality_system_id": 5, "personality_type": "sp/sx", "theCount": 1}, {"myValue": "sx/sp", "personality_system_id": 5, "personality_type": "sx/sp", "theCount": 1}], "6": [{"myValue": "287", "personality_system_id": 6, "personality_type": "287", "theCount": 78}, {"myValue": "217", "personality_system_id": 6, "personality_type": "217", "theCount": 54}, {"myValue": "927", "personality_system_id": 6, "personality_type": "927", "theCount": 36}, {"myValue": "721", "personality_system_id": 6, "personality_type": "721", "theCount": 20}, {"myValue": "279", "personality_system_id": 6, "personality_type": "279", "theCount": 17}, {"myValue": "729", "personality_system_id": 6, "personality_type": "729", "theCount": 15}, {"myValue": "792", "personality_system_id": 6, "personality_type": "792", "theCount": 11}, {"myValue": "297", "personality_system_id": 6, "personality_type": "297", "theCount": 8}, {"myValue": "271", "personality_system_id": 6, "personality_type": "271", "theCount": 5}, {"myValue": "286", "personality_system_id": 6, "personality_type": "286", "theCount": 5}, {"myValue": "712", "personality_system_id": 6, "personality_type": "712", "theCount": 5}, {"myValue": "127", "personality_system_id": 6, "personality_type": "127", "theCount": 4}, {"myValue": "172", "personality_system_id": 6, "personality_type": "172", "theCount": 3}, {"myValue": "728", "personality_system_id": 6, "personality_type": "728", "theCount": 3}, {"myValue": "972", "personality_system_id": 6, "personality_type": "972", "theCount": 3}, {"myValue": "278", "personality_system_id": 6, "personality_type": "278", "theCount": 2}, {"myValue": "145", "personality_system_id": 6, "personality_type": "145", "theCount": 1}, {"myValue": "215", "personality_system_id": 6, "personality_type": "215", "theCount": 1}, {"myValue": "261", "personality_system_id": 6, "personality_type": "261", "theCount": 1}, {"myValue": "268", "personality_system_id": 6, "personality_type": "268", "theCount": 1}, {"myValue": "269", "personality_system_id": 6, "personality_type": "269", "theCount": 1}, {"myValue": "495", "personality_system_id": 6, "personality_type": "495", "theCount": 1}, {"myValue": "584", "personality_system_id": 6, "personality_type": "584", "theCount": 1}, {"myValue": "631", "personality_system_id": 6, "personality_type": "631", "theCount": 1}, {"myValue": "782", "personality_system_id": 6, "personality_type": "782", "theCount": 1}, {"myValue": "827", "personality_system_id": 6, "personality_type": "827", "theCount": 1}, {"myValue": "872", "personality_system_id": 6, "personality_type": "872", "theCount": 1}, {"myValue": "926", "personality_system_id": 6, "personality_type": "926", "theCount": 1}], "7": [{"myValue": "Sanguine [Dominant]", "personality_system_id": 7, "personality_type": "Sanguine [Dominant]", "theCount": 233}, {"myValue": "Sanguine-Choleric", "personality_system_id": 7, "personality_type": "Sanguine-Choleric", "theCount": 13}, {"myValue": "Sanguine-Melancholic", "personality_system_id": 7, "personality_type": "Sanguine-Melancholic", "theCount": 9}, {"myValue": "Sanguine-Phlegmatic", "personality_system_id": 7, "personality_type": "Sanguine-Phlegmatic", "theCount": 8}, {"myValue": "Choleric-Melancholic", "personality_system_id": 7, "personality_type": "Choleric-Melancholic", "theCount": 2}, {"myValue": "Choleric-Sanguine", "personality_system_id": 7, "personality_type": "Choleric-Sanguine", "theCount": 2}, {"myValue": "Melancholic [Dominant]", "personality_system_id": 7, "personality_type": "Melancholic [Dominant]", "theCount": 1}, {"myValue": "Phlegmatic [Dominant]", "personality_system_id": 7, "personality_type": "Phlegmatic [Dominant]", "theCount": 1}, {"myValue": "Phlegmatic-Choleric", "personality_system_id": 7, "personality_type": "Phlegmatic-Choleric", "theCount": 1}, {"myValue": "Phlegmatic-Sanguine", "personality_system_id": 7, "personality_type": "Phlegmatic-Sanguine", "theCount": 1}], "8": [{"myValue": "EVFL", "personality_system_id": 8, "personality_type": "EVFL", "theCount": 37}, {"myValue": "EVLF", "personality_system_id": 8, "personality_type": "EVLF", "theCount": 15}, {"myValue": "VELF", "personality_system_id": 8, "personality_type": "VELF", "theCount": 6}, {"myValue": "EFVL", "personality_system_id": 8, "personality_type": "EFVL", "theCount": 2}, {"myValue": "FELV", "personality_system_id": 8, "personality_type": "FELV", "theCount": 1}, {"myValue": "FLVE", "personality_system_id": 8, "personality_type": "FLVE", "theCount": 1}, {"myValue": "LVFE", "personality_system_id": 8, "personality_type": "LVFE", "theCount": 1}, {"myValue": "VEFL", "personality_system_id": 8, "personality_type": "VEFL", "theCount": 1}], "9": [{"myValue": "SCOAI", "personality_system_id": 9, "personality_type": "SCOAI", "theCount": 79}, {"myValue": "SLOAI", "personality_system_id": 9, "personality_type": "SLOAI", "theCount": 47}, {"myValue": "SLOAN", "personality_system_id": 9, "personality_type": "SLOAN", "theCount": 4}, {"myValue": "SLUAI", "personality_system_id": 9, "personality_type": "SLUAI", "theCount": 3}, {"myValue": "SCOAN", "personality_system_id": 9, "personality_type": "SCOAN", "theCount": 2}, {"myValue": "SCUAI", "personality_system_id": 9, "personality_type": "SCUAI", "theCount": 2}, {"myValue": "RCOAI", "personality_system_id": 9, "personality_type": "RCOAI", "theCount": 1}, {"myValue": "RCOAN", "personality_system_id": 9, "personality_type": "RCOAN", "theCount": 1}, {"myValue": "RCUAN", "personality_system_id": 9, "personality_type": "RCUAN", "theCount": 1}, {"myValue": "SCOEI", "personality_system_id": 9, "personality_type": "SCOEI", "theCount": 1}]}, "breakdown_config": {"expand": {"1": 3, "10": 1, "11": 1, "2": 3, "3": 1, "4": 1, "5": 1, "6": 2, "7": 1, "8": 1, "9": 2}, "fire": {"1": 0, "10": 0, "11": 0, "2": 0, "3": 0, "4": 0, "5": 0, "6": 1, "7": 0, "8": 0, "9": 1}}, "mbti_letter_stats": [{"type": "E", "percentage": "99%", "PercentageFloat": 0.989247311827957}, {"type": "N", "percentage": "94%", "PercentageFloat": 0.9428409734012451}, {"type": "F", "percentage": "99%", "PercentageFloat": 0.9926428975664969}, {"type": "J", "percentage": "83%", "PercentageFloat": 0.8273910582908885}], "topic_info": {"can_generate": false, "topic": {"description": "Emma\u00a0(\u30a8\u30de,\u00a0Ema)\u00a0is the main protagonist of\u00a0The Promised Neverland. Caring and extroverted, Emma often proves herself to be one of the most reliable orphans and is often seen surrounded by friends. She is known for her incredible ability to learn, capable athleticism, and ample optimism.", "follow_count": 11, "id": 10459, "is_following": false, "is_join_pending": false, "is_banned": false, "is_moderated": false, "name_readable": "Emma", "post_count": 32, "source_profile_id": 11206, "source_type": "profile", "join_to_post": false, "can_pin": false, "related_topics": [{"description": "Ray\u00a0(\u30ec\u30a4,\u00a0Rei)\u00a0is one of the deuteragonists of\u00a0The Promised Neverland\u00a0alongside with\u00a0Norman. Ray is a model student of\u00a0Grace Field House, who consistently gets perfect scores during the daily exams. He is also known for being an avid reader with high intellectual abilities, blunt skepticism, and cunning. Despite his distant disposition, Ray is able to interact well with the orphans and is fiercely loyal and caring to particularly\u00a0Emma\u00a0and Norman. #MariyaIse", "follow_count": 248, "id": 10458, "is_following": false, "is_join_pending": false, "is_banned": false, "is_moderated": false, "name_readable": "Ray", "post_count": 254, "source_profile_id": 11205, "source_type": "profile", "image": {"picURL": "https://static1.personality-database.com/profile_images/9c703c85b2154e749f27b54af976bf02.png"}, "join_to_post": false, "can_pin": false}, {"description": "Norman\u00a0(\u30ce\u30fc\u30de\u30f3,\u00a0N\u014dman)\u00a0is one of the deuteragonists of\u00a0The Promised Neverland\u00a0alongside\u00a0Ray. Norman is a math prodigy and a model student of\u00a0Grace Field House, with intelligence that surpasses his peers and even adults. He is also known for being a genius strategist and planner, as well as unbeatable at the game of tag.", "follow_count": 13, "id": 10457, "is_following": false, "is_join_pending": false, "is_banned": false, "is_moderated": false, "name_readable": "Norman", "post_count": 34, "source_profile_id": 11204, "source_type": "profile", "image": {"picURL": "https://static1.personality-database.com/profile_images/a81eba4235bf4deea79935f4cce130bb.png"}, "join_to_post": false, "can_pin": false}, {"description": "", "follow_count": 1, "id": 126784, "is_following": false, "is_join_pending": false, "is_banned": false, "is_moderated": false, "name_readable": "Conny", "post_count": 34, "source_profile_id": 163465, "source_type": "profile", "image": {"picURL": "https://static1.personality-database.com/profile_images/00b03f04042549348527eb1039a9b8c3.png"}, "join_to_post": false, "can_pin": false}, {"description": "Emma\u00a0(\u30a8\u30de,\u00a0Ema)\u00a0is the main protagonist of\u00a0The Promised Neverland. Caring and extroverted, Emma often proves herself to be one of the most reliable orphans and is often seen surrounded by friends. She is known for her incredible ability to learn, capable athleticism, and ample optimism.", "follow_count": 11, "id": 10459, "is_following": false, "is_join_pending": false, "is_banned": false, "is_moderated": false, "name_readable": "Emma", "post_count": 32, "source_profile_id": 11206, "source_type": "profile", "image": {"picURL": "https://static1.personality-database.com/profile_images/8fbc4ea86f284c79a0456fbd0183f1e9.png"}, "join_to_post": false, "can_pin": false}, {"description": "Isabella\u00a0(\u30a4\u30b6\u30d9\u30e9,\u00a0Izabera), also known as\u00a0Mama\u00a0(\u30de\u30de;\u00a0English \u201cMom\u201d), is a major character of\u00a0The Promised Neverland\u00a0and the main antagonist in the\u00a0Introduction- and\u00a0Jailbreak Arc.\n\n\n#ENFJVillains", "follow_count": 0, "id": 10460, "is_following": false, "is_join_pending": false, "is_banned": false, "is_moderated": false, "name_readable": "Isabella / Mom", "post_count": 19, "source_profile_id": 11207, "source_type": "profile", "image": {"picURL": "https://static1.personality-database.com/profile_images/8ba15f9fcd78435689c1db82059fd5e3.png"}, "join_to_post": false, "can_pin": false}, {"description": "", "follow_count": 0, "id": 15282, "is_following": false, "is_join_pending": false, "is_banned": false, "is_moderated": false, "name_readable": "Krone", "post_count": 12, "source_profile_id": 16622, "source_type": "profile", "image": {"picURL": "https://static1.personality-database.com/profile_images/44a15787b5cc4ce5b10131d5fb84c689.png"}, "join_to_post": false, "can_pin": false}, {"description": "", "follow_count": 4, "id": 21844, "is_following": false, "is_join_pending": false, "is_banned": false, "is_moderated": false, "name_readable": "Yuugo", "post_count": 6, "source_profile_id": 24152, "source_type": "profile", "image": {"picURL": "https://static1.personality-database.com/profile_images/fb06c3cf472348e188740cd454fd5a41.png"}, "join_to_post": false, "can_pin": false}, {"description": "Phil (\u30d5\u30a3\u30eb, Firu?) is a 4-year-old orphan who formerly resided in the Grace Field House. Phil is close friends with Sherry, who he is often seen around with, and Emma, who he greatly looks up to. Phil is, despite his young age, extremely observant and intelligent. He figured out something was off about the orphanage, and as so, he is asked by Emma to lead all the children four years and younger to stay back in the orphanage while all the children five and above make their escape", "follow_count": 0, "id": 52365, "is_following": false, "is_join_pending": false, "is_banned": false, "is_moderated": false, "name_readable": "Phil", "post_count": 4, "source_profile_id": 62898, "source_type": "profile", "image": {"picURL": "https://static1.personality-database.com/profile_images/c59554c661684eaf90ae059083f2f2f7.png"}, "join_to_post": false, "can_pin": false}, {"description": "Gilda\u00a0(\u30ae\u30eb\u30c0,\u00a0Giruda)\u00a0is a 10-year-old orphan who formerly resided in the\u00a0Grace Field House.", "follow_count": 0, "id": 22040, "is_following": false, "is_join_pending": false, "is_banned": false, "is_moderated": false, "name_readable": "Gilda", "post_count": 2, "source_profile_id": 24433, "source_type": "profile", "image": {"picURL": "https://static1.personality-database.com/profile_images/34bf65fa13f147daa8ff154e2c0b6a41.png"}, "join_to_post": false, "can_pin": false}, {"description": "", "follow_count": 1, "id": 47489, "is_following": false, "is_join_pending": false, "is_banned": false, "is_moderated": false, "name_readable": "Barbara", "post_count": 2, "source_profile_id": 55912, "source_type": "profile", "image": {"picURL": "https://static1.personality-database.com/profile_images/0fdc1759f4c84605b741a431f17e8ffc.png"}, "join_to_post": false, "can_pin": false}, {"description": "", "follow_count": 1, "id": 50542, "is_following": false, "is_join_pending": false, "is_banned": false, "is_moderated": false, "name_readable": "Anna", "post_count": 2, "source_profile_id": 59934, "source_type": "profile", "image": {"picURL": "https://static1.personality-database.com/profile_images/1cbccfabb3584ac3b798bf84186967d4.png"}, "join_to_post": false, "can_pin": false}, {"description": "", "follow_count": 0, "id": 52362, "is_following": false, "is_join_pending": false, "is_banned": false, "is_moderated": false, "name_readable": "Violet", "post_count": 2, "source_profile_id": 62895, "source_type": "profile", "image": {"picURL": "https://static1.personality-database.com/profile_images/47354a00dfa647458ad4c61c81c60a70.png"}, "join_to_post": false, "can_pin": false}, {"description": "", "follow_count": 0, "id": 52366, "is_following": false, "is_join_pending": false, "is_banned": false, "is_moderated": false, "name_readable": "Peter Ratri", "post_count": 1, "source_profile_id": 62900, "source_type": "profile", "image": {"picURL": "https://static1.personality-database.com/profile_images/ef1982d234da4314bac09c130164edb8.png"}, "join_to_post": false, "can_pin": false}, {"description": "Yvette (\u30a4\u30d9\u30c3\u30c8, Ibetto?) is a 5-year-old orphan who formerly resided in the Grace Field House. ... After her success of escaping Grace Field alongside 14 other orphans, Yvette sought to find William Minerva, whom she and her team believed can grant them the liberty to live a safe and peaceful life away from the demons.", "follow_count": 0, "id": 193419, "is_following": false, "is_join_pending": false, "is_banned": false, "is_moderated": false, "name_readable": "Yvette", "post_count": 1, "source_profile_id": 250819, "source_type": "profile", "image": {"picURL": "https://static1.personality-database.com/profile_images/fd10ed2c2832434c8073663e65016f12.png"}, "join_to_post": false, "can_pin": false}, {"description": "", "follow_count": 0, "id": 85934, "is_following": false, "is_join_pending": false, "is_banned": false, "is_moderated": false, "name_readable": "Leslie", "post_count": 1, "source_profile_id": 108071, "source_type": "profile", "image": {"picURL": "https://static1.personality-database.com/profile_images/73d2694590b04ec9859ef5d3d3752062.png"}, "join_to_post": false, "can_pin": false}, {"description": "", "follow_count": 1, "id": 106089, "is_following": false, "is_join_pending": false, "is_banned": false, "is_moderated": false, "name_readable": "\"William Minerva\" James Ratri", "post_count": 1, "source_profile_id": 136252, "source_type": "profile", "image": {"picURL": "https://static1.personality-database.com/profile_images/b4ea80fa28b8408ab88c18f63774cbdf.png"}, "join_to_post": false, "can_pin": false}], "subcategory": "Yakusoku no Neverland", "topic_image_url": "https://static1.personality-database.com/profile_images/8fbc4ea86f284c79a0456fbd0183f1e9.png", "source_location": {"cid": 8, "pid": 2, "sub_cat_id": 1491}, "can_post_image": false, "can_post_audio": false, "posts": {"posts": [{"username": "unsightly_shrimper_6899", "user_pic_path": "https://static1.personality-database.com/user_avatars/1752859/48618abe-c2fd-4b07-ac6e-0e2f6720ccca_small.jpeg", "user_personality_type": "INFP", "is_mod": false, "comment_count": 0, "reply_count": 0, "vote_type": 0, "topics_list": [{"id": 10459, "name_readable": "Emma"}], "id": 2071264, "post_id": 2071264, "user_id": 1752859, "title": "???", "content": "???", "create_date": 1672521063000, "unix_timestamp": 1672521063000, "update_date": 1672521063000, "vote_count": 0, "vote_count_down": 0, "is_reported": 0, "is_hidden": false, "is_pinned": false, "is_watching": false, "is_pro_user": false, "images": null, "audios": null, "function_list": [], "type": "post"}, {"username": "mlovesthestars", "user_pic_path": "https://static1.personality-database.com/user_avatars/1667837/13e95ff4-b82e-4350-930b-462579f62897_small.jpeg", "user_personality_type": "", "is_mod": false, "comment_count": 1, "reply_count": 1, "vote_type": 0, "topics_list": [{"id": 10459, "name_readable": "Emma"}], "id": 2022491, "post_id": 2022491, "user_id": 1667837, "title": "EMMA MY BELOVED MY BIGGEST KIN EVER", "content": "I'm literally her even tho our MBTIs are different. Guys, before you hate on her, read the manga. She has such a great character development and becomes a real girlboss!! She was right to defend the monsters, if you read the manga you will understand that the monsters had no choice, they couldn't eat another animal or they, idk how to explain. Just the monsters from royalty were the bad ones, the real monsters. It's hard to forgive, she didn't wanted to forgive them too. And she isn't a \"perfect girl uwu\". If you read the manga you will now that she kinda felt inferior to her friends bc she wasn't so smart as them. If you read the goldy pond arch you will see her becoming a true girlboss, she will fight against the bad monsters. Please read the manga before saying she is overrated and too annoying. Bc I am kinda annoying too, I wish I wasn't, but I am. Ik this may sound silly and childish but sometimes these comments about her being too annoing and overrated hurts my feelings bc when you hate on her is like you are hating on me too.", "create_date": 1672020092000, "unix_timestamp": 1672020092000, "update_date": 1672021510000, "vote_count": 6, "vote_count_down": 0, "is_reported": 0, "is_hidden": false, "is_pinned": false, "is_watching": false, "is_pro_user": false, "images": null, "audios": null, "function_list": [], "type": "post"}, {"username": "DemoMAC", "user_pic_path": "https://static1.personality-database.com/user_avatars/395836/7a56289e-996a-462c-aea0-f669d973215f_small.jpeg", "user_personality_type": "ESFP-9w8-973", "is_mod": false, "comment_count": 0, "reply_count": 0, "vote_type": 0, "topics_list": [{"id": 10459, "name_readable": "Emma"}], "id": 1774522, "post_id": 1774522, "user_id": 395836, "title": "", "content": "Ms. All lives matter energy", "create_date": 1668905723000, "unix_timestamp": 1668905723000, "update_date": 1668905723000, "vote_count": 9, "vote_count_down": 0, "is_reported": 0, "is_hidden": false, "is_pinned": false, "is_watching": false, "is_pro_user": false, "images": null, "audios": null, "function_list": [], "type": "post"}]}}}}