{"id": 11207, "mbti_profile": "Isabella / Mom", "profile_name_searchable": "isabellamom", "allow_commenting": true, "allow_voting": true, "user_id": 3261, "contributor": "Jachn", "contributor_create_date": "2018-04-15 00:50:07", "contributor_pic_path": "https://lh5.googleusercontent.com/-7BVlTf580JM/AAAAAAAAAAI/AAAAAAAAFpA/fhDHaMjGnqM/s96-c/photo.jpg", "display_order": 0, "edit_lock": 0, "edit_lock_picture": 0, "is_active": true, "is_approved": true, "mbti_enneagram_type": "ENFJ 8w9", "mbti_type": "ENFJ 8w9", "pdb_comment_access": true, "pdb_page_owner": 0, "pdb_public_access": true, "wiki_description": "Isabella\u00a0(\u30a4\u30b6\u30d9\u30e9,\u00a0Izabera), also known as\u00a0Mama\u00a0(\u30de\u30de;\u00a0English \u201cMom\u201d), is a major character of\u00a0The Promised Neverland\u00a0and the main antagonist in the\u00a0Introduction- and\u00a0Jailbreak Arc.", "watch_count": 603, "comment_count": 233, "vote_count": 962, "vote_count_enneagram": 447, "vote_count_mbti": 962, "total_vote_counts": 1943, "personality_type": "ENFJ - 8w9 - sp/so - 836 - EIE - SCOAN - VELF - Choleric-Melancholic - EF(N)", "type_updated_date": "2022-11-18 04:03:59", "enneagram_vote": "", "enneagram_vote_id": 0, "mbti_vote": "", "mbti_vote_id": 0, "is_watching": false, "image_exists": false, "profile_image_url": "https://static1.personality-database.com/profile_images/8ba15f9fcd78435689c1db82059fd5e3.png", "profile_image_credit": "", "profile_image_credit_id": 472727, "profile_image_credit_type": "0", "profile_image_credit_url": "", "alt_subcategory": "The Promised Neverland", "related_subcategories": "", "cat_id": 8, "category": "Anime & Manga", "category_is_fictional": true, "sub_cat_id": 1491, "subcategory": "Yakusoku no Neverland", "subcat_link_info": {"sub_cat_id": 1491, "cat_id": 8, "property_id": 2, "subcategory": "Yakusoku no Neverland"}, "related_subcat_link_info": null, "related_profiles": [{"id": 11205, "mbti_profile": "Ray", "subcategory": "Yakusoku no Neverland", "profile_image_url": "https://static1.personality-database.com/profile_images/9c703c85b2154e749f27b54af976bf02.png", "profile_name": "Ray", "profile_subcat": "Yakusoku no Neverland", "sub_cat_id": 1491, "cat_id": 8, "property_id": 2, "mbti": "INTP", "enneatype": "5w6"}, {"id": 11206, "mbti_profile": "Emma", "subcategory": "Yakusoku no Neverland", "profile_image_url": "https://static1.personality-database.com/profile_images/8fbc4ea86f284c79a0456fbd0183f1e9.png", "profile_name": "Emma", "profile_subcat": "Yakusoku no Neverland", "sub_cat_id": 1491, "cat_id": 8, "property_id": 2, "mbti": "ENFJ", "enneatype": "2w1"}, {"id": 11204, "mbti_profile": "Norman", "subcategory": "Yakusoku no Neverland", "profile_image_url": "https://static1.personality-database.com/profile_images/a81eba4235bf4deea79935f4cce130bb.png", "profile_name": "Norman", "profile_subcat": "Yakusoku no Neverland", "sub_cat_id": 1491, "cat_id": 8, "property_id": 2, "mbti": "INFJ", "enneatype": "1w2"}, {"id": 62898, "mbti_profile": "Phil", "subcategory": "Yakusoku no Neverland", "profile_image_url": "https://static1.personality-database.com/profile_images/c59554c661684eaf90ae059083f2f2f7.png", "profile_name": "Phil", "profile_subcat": "Yakusoku no Neverland", "sub_cat_id": 1491, "cat_id": 8, "property_id": 2, "mbti": "ENTP", "enneatype": "7w6"}, {"id": 24152, "mbti_profile": "Yuugo", "subcategory": "Yakusoku no Neverland", "profile_image_url": "https://static1.personality-database.com/profile_images/fb06c3cf472348e188740cd454fd5a41.png", "profile_name": "Yuugo", "profile_subcat": "Yakusoku no Neverland", "sub_cat_id": 1491, "cat_id": 8, "property_id": 2, "mbti": "ISTP", "enneatype": "6w5"}, {"id": 24434, "mbti_profile": "Don", "subcategory": "Yakusoku no Neverland", "profile_image_url": "https://static1.personality-database.com/profile_images/e101c41485654b748d681841b33ceab3.png", "profile_name": "Don", "profile_subcat": "Yakusoku no Neverland", "sub_cat_id": 1491, "cat_id": 8, "property_id": 2, "mbti": "ESFP", "enneatype": "6w7"}, {"id": 136252, "mbti_profile": "\"William Minerva\" James Ratri", "subcategory": "Yakusoku no Neverland", "profile_image_url": "https://static1.personality-database.com/profile_images/b4ea80fa28b8408ab88c18f63774cbdf.png", "profile_name": "\"William Minerva\" James Ratri", "profile_subcat": "Yakusoku no Neverland", "sub_cat_id": 1491, "cat_id": 8, "property_id": 2, "mbti": "INFJ", "enneatype": "5w4"}, {"id": 62900, "mbti_profile": "Peter Ratri", "subcategory": "Yakusoku no Neverland", "profile_image_url": "https://static1.personality-database.com/profile_images/ef1982d234da4314bac09c130164edb8.png", "profile_name": "Peter Ratri", "profile_subcat": "Yakusoku no Neverland", "sub_cat_id": 1491, "cat_id": 8, "property_id": 2, "mbti": "ENTJ", "enneatype": "8w7"}], "functions": ["Fe", "Ni", "Se", "Ti"], "systems": [{"hex_color": "#888888", "id": 1, "personality_type": "XXXX", "personality_type_id": 0, "system_name": "Four Letter", "system_vote_count": 927, "user_vote_type_id": 0, "vote_id": 0}, {"hex_color": "#006775", "id": 2, "personality_type": "XXXX", "personality_type_id": 0, "system_name": "Enneagram", "system_vote_count": 435, "user_vote_type_id": 0, "vote_id": 0}, {"hex_color": "#006775", "id": 5, "personality_type": "XXXX", "personality_type_id": 0, "system_name": "Instinctual Variant", "system_vote_count": 158, "user_vote_type_id": 0, "vote_id": 0}, {"hex_color": "#006775", "id": 6, "personality_type": "XXXX", "personality_type_id": 0, "system_name": "Tritype", "system_vote_count": 97, "user_vote_type_id": 0, "vote_id": 0}, {"hex_color": "#888888", "id": 3, "personality_type": "XXXX", "personality_type_id": 0, "system_name": "Socionics", "system_vote_count": 60, "user_vote_type_id": 0, "vote_id": 0}, {"hex_color": "#888888", "id": 9, "personality_type": "XXXX", "personality_type_id": 0, "system_name": "Big 5 (SLOAN)", "system_vote_count": 46, "user_vote_type_id": 0, "vote_id": 0}, {"hex_color": "#888888", "id": 8, "personality_type": "XXXX", "personality_type_id": 0, "system_name": "Attitudinal Psyche", "system_vote_count": 36, "user_vote_type_id": 0, "vote_id": 0}, {"hex_color": "#888888", "id": 7, "personality_type": "XXXX", "personality_type_id": 0, "system_name": "Temperaments", "system_vote_count": 107, "user_vote_type_id": 0, "vote_id": 0}, {"hex_color": "#888888", "id": 11, "personality_type": "XXXX", "personality_type_id": 0, "system_name": "Classic Jungian", "system_vote_count": 11, "user_vote_type_id": 0, "vote_id": 0}], "breakdown_systems": {"1": [{"myValue": "ENFJ", "personality_system_id": 1, "personality_type": "ENFJ", "theCount": 632}, {"myValue": "ENTJ", "personality_system_id": 1, "personality_type": "ENTJ", "theCount": 227}, {"myValue": "INFJ", "personality_system_id": 1, "personality_type": "INFJ", "theCount": 20}, {"myValue": "INTJ", "personality_system_id": 1, "personality_type": "INTJ", "theCount": 11}, {"myValue": "ESTJ", "personality_system_id": 1, "personality_type": "ESTJ", "theCount": 9}, {"myValue": "ISFJ", "personality_system_id": 1, "personality_type": "ISFJ", "theCount": 8}, {"myValue": "ISTJ", "personality_system_id": 1, "personality_type": "ISTJ", "theCount": 6}, {"myValue": "ESFJ", "personality_system_id": 1, "personality_type": "ESFJ", "theCount": 5}, {"myValue": "ENTP", "personality_system_id": 1, "personality_type": "ENTP", "theCount": 4}, {"myValue": "ENFP", "personality_system_id": 1, "personality_type": "ENFP", "theCount": 1}, {"myValue": "ESTP", "personality_system_id": 1, "personality_type": "ESTP", "theCount": 1}, {"myValue": "INFP", "personality_system_id": 1, "personality_type": "INFP", "theCount": 1}, {"myValue": "INTP", "personality_system_id": 1, "personality_type": "INTP", "theCount": 1}, {"myValue": "ISTP", "personality_system_id": 1, "personality_type": "ISTP", "theCount": 1}], "11": [{"myValue": "EF(N)", "personality_system_id": 11, "personality_type": "EF(N)", "theCount": 10}, {"myValue": "ET(N)", "personality_system_id": 11, "personality_type": "ET(N)", "theCount": 1}], "2": [{"myValue": "8w9", "personality_system_id": 2, "personality_type": "8w9", "theCount": 236}, {"myValue": "2w3", "personality_system_id": 2, "personality_type": "2w3", "theCount": 107}, {"myValue": "3w2", "personality_system_id": 2, "personality_type": "3w2", "theCount": 42}, {"myValue": "2w1", "personality_system_id": 2, "personality_type": "2w1", "theCount": 23}, {"myValue": "9w8", "personality_system_id": 2, "personality_type": "9w8", "theCount": 8}, {"myValue": "6w5", "personality_system_id": 2, "personality_type": "6w5", "theCount": 5}, {"myValue": "8w7", "personality_system_id": 2, "personality_type": "8w7", "theCount": 4}, {"myValue": "1w2", "personality_system_id": 2, "personality_type": "1w2", "theCount": 3}, {"myValue": "3w4", "personality_system_id": 2, "personality_type": "3w4", "theCount": 3}, {"myValue": "9w1", "personality_system_id": 2, "personality_type": "9w1", "theCount": 2}, {"myValue": "1w9", "personality_system_id": 2, "personality_type": "1w9", "theCount": 1}, {"myValue": "6w7", "personality_system_id": 2, "personality_type": "6w7", "theCount": 1}], "3": [{"myValue": "EIE", "personality_system_id": 3, "personality_type": "EIE", "theCount": 39}, {"myValue": "LIE", "personality_system_id": 3, "personality_type": "LIE", "theCount": 17}, {"myValue": "ESE", "personality_system_id": 3, "personality_type": "ESE", "theCount": 3}, {"myValue": "IEI", "personality_system_id": 3, "personality_type": "IEI", "theCount": 1}], "4": [{"myValue": "Lawful Neutral", "personality_system_id": 4, "personality_type": "Lawful Neutral", "theCount": 41}, {"myValue": "Lawful Evil", "personality_system_id": 4, "personality_type": "Lawful Evil", "theCount": 18}, {"myValue": "True Neutral", "personality_system_id": 4, "personality_type": "True Neutral", "theCount": 3}, {"myValue": "Chaotic Evil", "personality_system_id": 4, "personality_type": "Chaotic Evil", "theCount": 2}, {"myValue": "Neutral Evil", "personality_system_id": 4, "personality_type": "Neutral Evil", "theCount": 2}], "5": [{"myValue": "sp/so", "personality_system_id": 5, "personality_type": "sp/so", "theCount": 79}, {"myValue": "so/sx", "personality_system_id": 5, "personality_type": "so/sx", "theCount": 43}, {"myValue": "so/sp", "personality_system_id": 5, "personality_type": "so/sp", "theCount": 34}, {"myValue": "sp/sx", "personality_system_id": 5, "personality_type": "sp/sx", "theCount": 1}, {"myValue": "sx/sp", "personality_system_id": 5, "personality_type": "sx/sp", "theCount": 1}], "6": [{"myValue": "836", "personality_system_id": 6, "personality_type": "836", "theCount": 37}, {"myValue": "286", "personality_system_id": 6, "personality_type": "286", "theCount": 17}, {"myValue": "268", "personality_system_id": 6, "personality_type": "268", "theCount": 9}, {"myValue": "261", "personality_system_id": 6, "personality_type": "261", "theCount": 5}, {"myValue": "852", "personality_system_id": 6, "personality_type": "852", "theCount": 5}, {"myValue": "863", "personality_system_id": 6, "personality_type": "863", "theCount": 4}, {"myValue": "368", "personality_system_id": 6, "personality_type": "368", "theCount": 3}, {"myValue": "216", "personality_system_id": 6, "personality_type": "216", "theCount": 2}, {"myValue": "358", "personality_system_id": 6, "personality_type": "358", "theCount": 2}, {"myValue": "386", "personality_system_id": 6, "personality_type": "386", "theCount": 2}, {"myValue": "936", "personality_system_id": 6, "personality_type": "936", "theCount": 2}, {"myValue": "136", "personality_system_id": 6, "personality_type": "136", "theCount": 1}, {"myValue": "215", "personality_system_id": 6, "personality_type": "215", "theCount": 1}, {"myValue": "217", "personality_system_id": 6, "personality_type": "217", "theCount": 1}, {"myValue": "296", "personality_system_id": 6, "personality_type": "296", "theCount": 1}, {"myValue": "361", "personality_system_id": 6, "personality_type": "361", "theCount": 1}, {"myValue": "628", "personality_system_id": 6, "personality_type": "628", "theCount": 1}, {"myValue": "826", "personality_system_id": 6, "personality_type": "826", "theCount": 1}, {"myValue": "853", "personality_system_id": 6, "personality_type": "853", "theCount": 1}, {"myValue": "946", "personality_system_id": 6, "personality_type": "946", "theCount": 1}], "7": [{"myValue": "Choleric-Melancholic", "personality_system_id": 7, "personality_type": "Choleric-Melancholic", "theCount": 52}, {"myValue": "Phlegmatic-Choleric", "personality_system_id": 7, "personality_type": "Phlegmatic-Choleric", "theCount": 38}, {"myValue": "Choleric-Phlegmatic", "personality_system_id": 7, "personality_type": "Choleric-Phlegmatic", "theCount": 6}, {"myValue": "Melancholic-Choleric", "personality_system_id": 7, "personality_type": "Melancholic-Choleric", "theCount": 6}, {"myValue": "Melancholic [Dominant]", "personality_system_id": 7, "personality_type": "Melancholic [Dominant]", "theCount": 3}, {"myValue": "Choleric [Dominant]", "personality_system_id": 7, "personality_type": "Choleric [Dominant]", "theCount": 2}], "8": [{"myValue": "VELF", "personality_system_id": 8, "personality_type": "VELF", "theCount": 18}, {"myValue": "EVLF", "personality_system_id": 8, "personality_type": "EVLF", "theCount": 10}, {"myValue": "LVEF", "personality_system_id": 8, "personality_type": "LVEF", "theCount": 3}, {"myValue": "VLEF", "personality_system_id": 8, "personality_type": "VLEF", "theCount": 2}, {"myValue": "FVEL", "personality_system_id": 8, "personality_type": "FVEL", "theCount": 1}, {"myValue": "VFEL", "personality_system_id": 8, "personality_type": "VFEL", "theCount": 1}, {"myValue": "VFLE", "personality_system_id": 8, "personality_type": "VFLE", "theCount": 1}], "9": [{"myValue": "SCOAN", "personality_system_id": 9, "personality_type": "SCOAN", "theCount": 32}, {"myValue": "SCOAI", "personality_system_id": 9, "personality_type": "SCOAI", "theCount": 5}, {"myValue": "SCOEI", "personality_system_id": 9, "personality_type": "SCOEI", "theCount": 4}, {"myValue": "SCOEN", "personality_system_id": 9, "personality_type": "SCOEN", "theCount": 2}, {"myValue": "SLOEN", "personality_system_id": 9, "personality_type": "SLOEN", "theCount": 2}, {"myValue": "RCOAN", "personality_system_id": 9, "personality_type": "RCOAN", "theCount": 1}]}, "breakdown_config": {"expand": {"1": 3, "11": 1, "2": 3, "3": 1, "4": 1, "5": 2, "6": 1, "7": 2, "8": 2, "9": 1}, "fire": {"1": 0, "11": 0, "2": 0, "3": 0, "4": 0, "5": 1, "6": 0, "7": 1, "8": 1, "9": 0}}, "mbti_letter_stats": [{"type": "E", "percentage": "95%", "PercentageFloat": 0.948220064724919}, {"type": "N", "percentage": "97%", "PercentageFloat": 0.9676375404530745}, {"type": "F", "percentage": "72%", "PercentageFloat": 0.7195253505933118}, {"type": "J", "percentage": "99%", "PercentageFloat": 0.9902912621359223}], "topic_info": {"can_generate": false, "topic": {"description": "Isabella\u00a0(\u30a4\u30b6\u30d9\u30e9,\u00a0Izabera), also known as\u00a0Mama\u00a0(\u30de\u30de;\u00a0English \u201cMom\u201d), is a major character of\u00a0The Promised Neverland\u00a0and the main antagonist in the\u00a0Introduction- and\u00a0Jailbreak Arc.\n\n\n#ENFJVillains", "follow_count": 0, "id": 10460, "is_following": false, "is_join_pending": false, "is_banned": false, "is_moderated": false, "name_readable": "Isabella / Mom", "post_count": 19, "source_profile_id": 11207, "source_type": "profile", "join_to_post": false, "can_pin": false, "related_topics": [{"description": "Ray\u00a0(\u30ec\u30a4,\u00a0Rei)\u00a0is one of the deuteragonists of\u00a0The Promised Neverland\u00a0alongside with\u00a0Norman. Ray is a model student of\u00a0Grace Field House, who consistently gets perfect scores during the daily exams. He is also known for being an avid reader with high intellectual abilities, blunt skepticism, and cunning. Despite his distant disposition, Ray is able to interact well with the orphans and is fiercely loyal and caring to particularly\u00a0Emma\u00a0and Norman. #MariyaIse", "follow_count": 248, "id": 10458, "is_following": false, "is_join_pending": false, "is_banned": false, "is_moderated": false, "name_readable": "Ray", "post_count": 254, "source_profile_id": 11205, "source_type": "profile", "image": {"picURL": "https://static1.personality-database.com/profile_images/9c703c85b2154e749f27b54af976bf02.png"}, "join_to_post": false, "can_pin": false}, {"description": "Norman\u00a0(\u30ce\u30fc\u30de\u30f3,\u00a0N\u014dman)\u00a0is one of the deuteragonists of\u00a0The Promised Neverland\u00a0alongside\u00a0Ray. Norman is a math prodigy and a model student of\u00a0Grace Field House, with intelligence that surpasses his peers and even adults. He is also known for being a genius strategist and planner, as well as unbeatable at the game of tag.", "follow_count": 13, "id": 10457, "is_following": false, "is_join_pending": false, "is_banned": false, "is_moderated": false, "name_readable": "Norman", "post_count": 34, "source_profile_id": 11204, "source_type": "profile", "image": {"picURL": "https://static1.personality-database.com/profile_images/a81eba4235bf4deea79935f4cce130bb.png"}, "join_to_post": false, "can_pin": false}, {"description": "", "follow_count": 1, "id": 126784, "is_following": false, "is_join_pending": false, "is_banned": false, "is_moderated": false, "name_readable": "Conny", "post_count": 34, "source_profile_id": 163465, "source_type": "profile", "image": {"picURL": "https://static1.personality-database.com/profile_images/00b03f04042549348527eb1039a9b8c3.png"}, "join_to_post": false, "can_pin": false}, {"description": "Emma\u00a0(\u30a8\u30de,\u00a0Ema)\u00a0is the main protagonist of\u00a0The Promised Neverland. Caring and extroverted, Emma often proves herself to be one of the most reliable orphans and is often seen surrounded by friends. She is known for her incredible ability to learn, capable athleticism, and ample optimism.", "follow_count": 11, "id": 10459, "is_following": false, "is_join_pending": false, "is_banned": false, "is_moderated": false, "name_readable": "Emma", "post_count": 32, "source_profile_id": 11206, "source_type": "profile", "image": {"picURL": "https://static1.personality-database.com/profile_images/8fbc4ea86f284c79a0456fbd0183f1e9.png"}, "join_to_post": false, "can_pin": false}, {"description": "Isabella\u00a0(\u30a4\u30b6\u30d9\u30e9,\u00a0Izabera), also known as\u00a0Mama\u00a0(\u30de\u30de;\u00a0English \u201cMom\u201d), is a major character of\u00a0The Promised Neverland\u00a0and the main antagonist in the\u00a0Introduction- and\u00a0Jailbreak Arc.\n\n\n#ENFJVillains", "follow_count": 0, "id": 10460, "is_following": false, "is_join_pending": false, "is_banned": false, "is_moderated": false, "name_readable": "Isabella / Mom", "post_count": 19, "source_profile_id": 11207, "source_type": "profile", "image": {"picURL": "https://static1.personality-database.com/profile_images/8ba15f9fcd78435689c1db82059fd5e3.png"}, "join_to_post": false, "can_pin": false}, {"description": "", "follow_count": 0, "id": 15282, "is_following": false, "is_join_pending": false, "is_banned": false, "is_moderated": false, "name_readable": "Krone", "post_count": 12, "source_profile_id": 16622, "source_type": "profile", "image": {"picURL": "https://static1.personality-database.com/profile_images/44a15787b5cc4ce5b10131d5fb84c689.png"}, "join_to_post": false, "can_pin": false}, {"description": "", "follow_count": 4, "id": 21844, "is_following": false, "is_join_pending": false, "is_banned": false, "is_moderated": false, "name_readable": "Yuugo", "post_count": 6, "source_profile_id": 24152, "source_type": "profile", "image": {"picURL": "https://static1.personality-database.com/profile_images/fb06c3cf472348e188740cd454fd5a41.png"}, "join_to_post": false, "can_pin": false}, {"description": "Phil (\u30d5\u30a3\u30eb, Firu?) is a 4-year-old orphan who formerly resided in the Grace Field House. Phil is close friends with Sherry, who he is often seen around with, and Emma, who he greatly looks up to. Phil is, despite his young age, extremely observant and intelligent. He figured out something was off about the orphanage, and as so, he is asked by Emma to lead all the children four years and younger to stay back in the orphanage while all the children five and above make their escape", "follow_count": 0, "id": 52365, "is_following": false, "is_join_pending": false, "is_banned": false, "is_moderated": false, "name_readable": "Phil", "post_count": 4, "source_profile_id": 62898, "source_type": "profile", "image": {"picURL": "https://static1.personality-database.com/profile_images/c59554c661684eaf90ae059083f2f2f7.png"}, "join_to_post": false, "can_pin": false}, {"description": "Gilda\u00a0(\u30ae\u30eb\u30c0,\u00a0Giruda)\u00a0is a 10-year-old orphan who formerly resided in the\u00a0Grace Field House.", "follow_count": 0, "id": 22040, "is_following": false, "is_join_pending": false, "is_banned": false, "is_moderated": false, "name_readable": "Gilda", "post_count": 2, "source_profile_id": 24433, "source_type": "profile", "image": {"picURL": "https://static1.personality-database.com/profile_images/34bf65fa13f147daa8ff154e2c0b6a41.png"}, "join_to_post": false, "can_pin": false}, {"description": "", "follow_count": 1, "id": 47489, "is_following": false, "is_join_pending": false, "is_banned": false, "is_moderated": false, "name_readable": "Barbara", "post_count": 2, "source_profile_id": 55912, "source_type": "profile", "image": {"picURL": "https://static1.personality-database.com/profile_images/0fdc1759f4c84605b741a431f17e8ffc.png"}, "join_to_post": false, "can_pin": false}, {"description": "", "follow_count": 1, "id": 50542, "is_following": false, "is_join_pending": false, "is_banned": false, "is_moderated": false, "name_readable": "Anna", "post_count": 2, "source_profile_id": 59934, "source_type": "profile", "image": {"picURL": "https://static1.personality-database.com/profile_images/1cbccfabb3584ac3b798bf84186967d4.png"}, "join_to_post": false, "can_pin": false}, {"description": "", "follow_count": 0, "id": 52362, "is_following": false, "is_join_pending": false, "is_banned": false, "is_moderated": false, "name_readable": "Violet", "post_count": 2, "source_profile_id": 62895, "source_type": "profile", "image": {"picURL": "https://static1.personality-database.com/profile_images/47354a00dfa647458ad4c61c81c60a70.png"}, "join_to_post": false, "can_pin": false}, {"description": "", "follow_count": 0, "id": 52366, "is_following": false, "is_join_pending": false, "is_banned": false, "is_moderated": false, "name_readable": "Peter Ratri", "post_count": 1, "source_profile_id": 62900, "source_type": "profile", "image": {"picURL": "https://static1.personality-database.com/profile_images/ef1982d234da4314bac09c130164edb8.png"}, "join_to_post": false, "can_pin": false}, {"description": "Yvette (\u30a4\u30d9\u30c3\u30c8, Ibetto?) is a 5-year-old orphan who formerly resided in the Grace Field House. ... After her success of escaping Grace Field alongside 14 other orphans, Yvette sought to find William Minerva, whom she and her team believed can grant them the liberty to live a safe and peaceful life away from the demons.", "follow_count": 0, "id": 193419, "is_following": false, "is_join_pending": false, "is_banned": false, "is_moderated": false, "name_readable": "Yvette", "post_count": 1, "source_profile_id": 250819, "source_type": "profile", "image": {"picURL": "https://static1.personality-database.com/profile_images/fd10ed2c2832434c8073663e65016f12.png"}, "join_to_post": false, "can_pin": false}, {"description": "", "follow_count": 0, "id": 85934, "is_following": false, "is_join_pending": false, "is_banned": false, "is_moderated": false, "name_readable": "Leslie", "post_count": 1, "source_profile_id": 108071, "source_type": "profile", "image": {"picURL": "https://static1.personality-database.com/profile_images/73d2694590b04ec9859ef5d3d3752062.png"}, "join_to_post": false, "can_pin": false}, {"description": "", "follow_count": 1, "id": 106089, "is_following": false, "is_join_pending": false, "is_banned": false, "is_moderated": false, "name_readable": "\"William Minerva\" James Ratri", "post_count": 1, "source_profile_id": 136252, "source_type": "profile", "image": {"picURL": "https://static1.personality-database.com/profile_images/b4ea80fa28b8408ab88c18f63774cbdf.png"}, "join_to_post": false, "can_pin": false}], "subcategory": "Yakusoku no Neverland", "topic_image_url": "https://static1.personality-database.com/profile_images/8ba15f9fcd78435689c1db82059fd5e3.png", "source_location": {"cid": 8, "pid": 2, "sub_cat_id": 1491}, "can_post_image": false, "can_post_audio": false, "posts": {"posts": [{"username": "TheOfficialGru", "user_pic_path": "https://static1.personality-database.com/user_avatars/1056255/d50afcbe-7cf4-46b8-85dd-eca0a6c958ac_small.jpeg", "user_personality_type": "ENFP", "is_mod": false, "comment_count": 0, "reply_count": 0, "vote_type": 0, "topics_list": [{"id": 10460, "name_readable": "Isabella / Mom"}], "id": 1979037, "post_id": 1979037, "user_id": 1056255, "title": "", "content": "Certified GruTastic\u2122 Character", "create_date": 1671504916000, "unix_timestamp": 1671504916000, "update_date": 1671504916000, "vote_count": 3, "vote_count_down": 0, "is_reported": 0, "is_hidden": false, "is_pinned": false, "is_watching": false, "is_pro_user": false, "images": null, "audios": null, "function_list": [], "type": "post"}, {"username": "Lizely", "user_pic_path": "https://static1.personality-database.com/user_avatars/242688/2ddef530-a282-4853-b2e9-c4d36835cef1.jpeg", "user_personality_type": "ENTP-7w6-731", "is_mod": false, "comment_count": 0, "reply_count": 0, "vote_type": 0, "topics_list": [{"id": 10460, "name_readable": "Isabella / Mom"}], "id": 1894306, "post_id": 1894306, "user_id": 242688, "title": "", "content": "Best fictional ENFJ so2 I've ever seen", "create_date": 1670515063000, "unix_timestamp": 1670515063000, "update_date": 1670515063000, "vote_count": 0, "vote_count_down": 0, "is_reported": 0, "is_hidden": false, "is_pinned": false, "is_watching": false, "is_pro_user": false, "images": null, "audios": null, "function_list": [], "type": "post"}, {"username": "dying_sanity", "user_pic_path": "https://static1.personality-database.com/user_avatars/911608/94a3af8a-c813-4a4e-a719-c343f193ab86.jpeg", "user_personality_type": "INFJ-9w1-945", "is_mod": false, "comment_count": 0, "reply_count": 0, "vote_type": 0, "topics_list": [{"id": 10460, "name_readable": "Isabella / Mom"}], "id": 1812663, "post_id": 1812663, "user_id": 911608, "title": "", "content": "ENFJ voters, why Fe>Te?", "create_date": 1669265193000, "unix_timestamp": 1669265193000, "update_date": 1669265193000, "vote_count": 2, "vote_count_down": 0, "is_reported": 1, "is_hidden": false, "is_pinned": false, "is_watching": false, "is_pro_user": false, "images": null, "audios": null, "function_list": [], "type": "post"}]}}}}