{"id": 11205, "mbti_profile": "Ray", "profile_name_searchable": "ray", "allow_commenting": true, "allow_voting": true, "user_id": 3261, "contributor": "Jachn", "contributor_create_date": "2018-04-15 00:49:47", "contributor_pic_path": "https://lh5.googleusercontent.com/-7BVlTf580JM/AAAAAAAAAAI/AAAAAAAAFpA/fhDHaMjGnqM/s96-c/photo.jpg", "display_order": 995, "edit_lock": 0, "edit_lock_picture": 1, "is_active": true, "is_approved": true, "mbti_enneagram_type": "INTP 5w6", "mbti_type": "INTP 5w6", "pdb_comment_access": true, "pdb_page_owner": 0, "pdb_public_access": true, "wiki_description": "Ray\u00a0(\u30ec\u30a4,\u00a0Rei)\u00a0is one of the deuteragonists of\u00a0The Promised Neverland\u00a0alongside with\u00a0Norman. Ray is a model student of\u00a0Grace Field House, who consistently gets perfect scores during the daily exams. He is also known for being an avid reader with high intellectual abilities, blunt skepticism, and cunning. Despite his distant disposition, Ray is able to interact well with the orphans and is fiercely loyal and caring to particularly\u00a0Emma\u00a0and Norman. #MariyaIse", "watch_count": 4324, "comment_count": 3298, "vote_count": 5875, "vote_count_enneagram": 2277, "vote_count_mbti": 5875, "total_vote_counts": 10877, "personality_type": "INTP - 5w6 - sp/sx - 584 - ILI - RLOEI - LVEF - Melancholic-Choleric - IT(N)", "type_updated_date": "2022-11-15 13:08:26", "enneagram_vote": "", "enneagram_vote_id": 0, "mbti_vote": "", "mbti_vote_id": 0, "is_watching": false, "image_exists": false, "profile_image_url": "https://static1.personality-database.com/profile_images/9c703c85b2154e749f27b54af976bf02.png", "profile_image_credit": "", "profile_image_credit_id": 82797, "profile_image_credit_type": "0", "profile_image_credit_url": "", "alt_subcategory": "The Promised Neverland", "related_subcategories": "", "cat_id": 8, "category": "Anime & Manga", "category_is_fictional": true, "sub_cat_id": 1491, "subcategory": "Yakusoku no Neverland", "subcat_link_info": {"sub_cat_id": 1491, "cat_id": 8, "property_id": 2, "subcategory": "Yakusoku no Neverland"}, "related_subcat_link_info": null, "related_profiles": [{"id": 11206, "mbti_profile": "Emma", "subcategory": "Yakusoku no Neverland", "profile_image_url": "https://static1.personality-database.com/profile_images/8fbc4ea86f284c79a0456fbd0183f1e9.png", "profile_name": "Emma", "profile_subcat": "Yakusoku no Neverland", "sub_cat_id": 1491, "cat_id": 8, "property_id": 2, "mbti": "ENFJ", "enneatype": "2w1"}, {"id": 11204, "mbti_profile": "Norman", "subcategory": "Yakusoku no Neverland", "profile_image_url": "https://static1.personality-database.com/profile_images/a81eba4235bf4deea79935f4cce130bb.png", "profile_name": "Norman", "profile_subcat": "Yakusoku no Neverland", "sub_cat_id": 1491, "cat_id": 8, "property_id": 2, "mbti": "INFJ", "enneatype": "1w2"}, {"id": 11207, "mbti_profile": "Isabella / Mom", "subcategory": "Yakusoku no Neverland", "profile_image_url": "https://static1.personality-database.com/profile_images/8ba15f9fcd78435689c1db82059fd5e3.png", "profile_name": "Isabella / Mom", "profile_subcat": "Yakusoku no Neverland", "sub_cat_id": 1491, "cat_id": 8, "property_id": 2, "mbti": "ENFJ", "enneatype": "8w9"}, {"id": 62898, "mbti_profile": "Phil", "subcategory": "Yakusoku no Neverland", "profile_image_url": "https://static1.personality-database.com/profile_images/c59554c661684eaf90ae059083f2f2f7.png", "profile_name": "Phil", "profile_subcat": "Yakusoku no Neverland", "sub_cat_id": 1491, "cat_id": 8, "property_id": 2, "mbti": "ENTP", "enneatype": "7w6"}, {"id": 24152, "mbti_profile": "Yuugo", "subcategory": "Yakusoku no Neverland", "profile_image_url": "https://static1.personality-database.com/profile_images/fb06c3cf472348e188740cd454fd5a41.png", "profile_name": "Yuugo", "profile_subcat": "Yakusoku no Neverland", "sub_cat_id": 1491, "cat_id": 8, "property_id": 2, "mbti": "ISTP", "enneatype": "6w5"}, {"id": 24434, "mbti_profile": "Don", "subcategory": "Yakusoku no Neverland", "profile_image_url": "https://static1.personality-database.com/profile_images/e101c41485654b748d681841b33ceab3.png", "profile_name": "Don", "profile_subcat": "Yakusoku no Neverland", "sub_cat_id": 1491, "cat_id": 8, "property_id": 2, "mbti": "ESFP", "enneatype": "6w7"}, {"id": 136252, "mbti_profile": "\"William Minerva\" James Ratri", "subcategory": "Yakusoku no Neverland", "profile_image_url": "https://static1.personality-database.com/profile_images/b4ea80fa28b8408ab88c18f63774cbdf.png", "profile_name": "\"William Minerva\" James Ratri", "profile_subcat": "Yakusoku no Neverland", "sub_cat_id": 1491, "cat_id": 8, "property_id": 2, "mbti": "INFJ", "enneatype": "5w4"}, {"id": 62900, "mbti_profile": "Peter Ratri", "subcategory": "Yakusoku no Neverland", "profile_image_url": "https://static1.personality-database.com/profile_images/ef1982d234da4314bac09c130164edb8.png", "profile_name": "Peter Ratri", "profile_subcat": "Yakusoku no Neverland", "sub_cat_id": 1491, "cat_id": 8, "property_id": 2, "mbti": "ENTJ", "enneatype": "8w7"}], "functions": ["Ti", "Ne", "Si", "Fe"], "systems": [{"hex_color": "#888888", "id": 1, "personality_type": "XXXX", "personality_type_id": 0, "system_name": "Four Letter", "system_vote_count": 5585, "user_vote_type_id": 0, "vote_id": 0}, {"hex_color": "#006775", "id": 2, "personality_type": "XXXX", "personality_type_id": 0, "system_name": "Enneagram", "system_vote_count": 2200, "user_vote_type_id": 0, "vote_id": 0}, {"hex_color": "#006775", "id": 5, "personality_type": "XXXX", "personality_type_id": 0, "system_name": "Instinctual Variant", "system_vote_count": 747, "user_vote_type_id": 0, "vote_id": 0}, {"hex_color": "#006775", "id": 6, "personality_type": "XXXX", "personality_type_id": 0, "system_name": "Tritype", "system_vote_count": 601, "user_vote_type_id": 0, "vote_id": 0}, {"hex_color": "#888888", "id": 3, "personality_type": "XXXX", "personality_type_id": 0, "system_name": "Socionics", "system_vote_count": 372, "user_vote_type_id": 0, "vote_id": 0}, {"hex_color": "#888888", "id": 9, "personality_type": "XXXX", "personality_type_id": 0, "system_name": "Big 5 (SLOAN)", "system_vote_count": 300, "user_vote_type_id": 0, "vote_id": 0}, {"hex_color": "#888888", "id": 8, "personality_type": "XXXX", "personality_type_id": 0, "system_name": "Attitudinal Psyche", "system_vote_count": 217, "user_vote_type_id": 0, "vote_id": 0}, {"hex_color": "#888888", "id": 7, "personality_type": "XXXX", "personality_type_id": 0, "system_name": "Temperaments", "system_vote_count": 620, "user_vote_type_id": 0, "vote_id": 0}, {"hex_color": "#888888", "id": 11, "personality_type": "XXXX", "personality_type_id": 0, "system_name": "Classic Jungian", "system_vote_count": 61, "user_vote_type_id": 0, "vote_id": 0}], "breakdown_systems": {"1": [{"myValue": "INTP", "personality_system_id": 1, "personality_type": "INTP", "theCount": 2605}, {"myValue": "INTJ", "personality_system_id": 1, "personality_type": "INTJ", "theCount": 2483}, {"myValue": "ISTP", "personality_system_id": 1, "personality_type": "ISTP", "theCount": 452}, {"myValue": "ISTJ", "personality_system_id": 1, "personality_type": "ISTJ", "theCount": 12}, {"myValue": "ENTP", "personality_system_id": 1, "personality_type": "ENTP", "theCount": 6}, {"myValue": "ENTJ", "personality_system_id": 1, "personality_type": "ENTJ", "theCount": 5}, {"myValue": "INFP", "personality_system_id": 1, "personality_type": "INFP", "theCount": 5}, {"myValue": "ISFP", "personality_system_id": 1, "personality_type": "ISFP", "theCount": 5}, {"myValue": "ENFP", "personality_system_id": 1, "personality_type": "ENFP", "theCount": 3}, {"myValue": "ISFJ", "personality_system_id": 1, "personality_type": "ISFJ", "theCount": 3}, {"myValue": "ESFP", "personality_system_id": 1, "personality_type": "ESFP", "theCount": 2}, {"myValue": "ENFJ", "personality_system_id": 1, "personality_type": "ENFJ", "theCount": 1}, {"myValue": "ESFJ", "personality_system_id": 1, "personality_type": "ESFJ", "theCount": 1}, {"myValue": "ESTJ", "personality_system_id": 1, "personality_type": "ESTJ", "theCount": 1}, {"myValue": "INFJ", "personality_system_id": 1, "personality_type": "INFJ", "theCount": 1}], "10": [{"myValue": "Left-brained Introvert", "personality_system_id": 10, "personality_type": "Left-brained Introvert", "theCount": 11}, {"myValue": "Right-brained Introvert", "personality_system_id": 10, "personality_type": "Right-brained Introvert", "theCount": 4}, {"myValue": "Left-brained Extrovert", "personality_system_id": 10, "personality_type": "Left-brained Extrovert", "theCount": 1}], "11": [{"myValue": "IT(N)", "personality_system_id": 11, "personality_type": "IT(N)", "theCount": 39}, {"myValue": "IN(T)", "personality_system_id": 11, "personality_type": "IN(T)", "theCount": 16}, {"myValue": "IT(S)", "personality_system_id": 11, "personality_type": "IT(S)", "theCount": 4}, {"myValue": "IN(F)", "personality_system_id": 11, "personality_type": "IN(F)", "theCount": 1}, {"myValue": "IS(T)", "personality_system_id": 11, "personality_type": "IS(T)", "theCount": 1}], "2": [{"myValue": "5w6", "personality_system_id": 2, "personality_type": "5w6", "theCount": 1680}, {"myValue": "6w5", "personality_system_id": 2, "personality_type": "6w5", "theCount": 428}, {"myValue": "5w4", "personality_system_id": 2, "personality_type": "5w4", "theCount": 54}, {"myValue": "8w9", "personality_system_id": 2, "personality_type": "8w9", "theCount": 11}, {"myValue": "8w7", "personality_system_id": 2, "personality_type": "8w7", "theCount": 5}, {"myValue": "3w4", "personality_system_id": 2, "personality_type": "3w4", "theCount": 4}, {"myValue": "4w5", "personality_system_id": 2, "personality_type": "4w5", "theCount": 4}, {"myValue": "1w9", "personality_system_id": 2, "personality_type": "1w9", "theCount": 3}, {"myValue": "1w2", "personality_system_id": 2, "personality_type": "1w2", "theCount": 2}, {"myValue": "4w3", "personality_system_id": 2, "personality_type": "4w3", "theCount": 2}, {"myValue": "6w7", "personality_system_id": 2, "personality_type": "6w7", "theCount": 2}, {"myValue": "9w8", "personality_system_id": 2, "personality_type": "9w8", "theCount": 2}, {"myValue": "2w1", "personality_system_id": 2, "personality_type": "2w1", "theCount": 1}, {"myValue": "3w2", "personality_system_id": 2, "personality_type": "3w2", "theCount": 1}, {"myValue": "9w1", "personality_system_id": 2, "personality_type": "9w1", "theCount": 1}], "3": [{"myValue": "ILI", "personality_system_id": 3, "personality_type": "ILI", "theCount": 285}, {"myValue": "LII", "personality_system_id": 3, "personality_type": "LII", "theCount": 30}, {"myValue": "LSI", "personality_system_id": 3, "personality_type": "LSI", "theCount": 19}, {"myValue": "LIE", "personality_system_id": 3, "personality_type": "LIE", "theCount": 17}, {"myValue": "ILE", "personality_system_id": 3, "personality_type": "ILE", "theCount": 4}, {"myValue": "SLI", "personality_system_id": 3, "personality_type": "SLI", "theCount": 4}, {"myValue": "EIE", "personality_system_id": 3, "personality_type": "EIE", "theCount": 3}, {"myValue": "SLE", "personality_system_id": 3, "personality_type": "SLE", "theCount": 3}, {"myValue": "ESE", "personality_system_id": 3, "personality_type": "ESE", "theCount": 2}, {"myValue": "SEI", "personality_system_id": 3, "personality_type": "SEI", "theCount": 2}, {"myValue": "EII", "personality_system_id": 3, "personality_type": "EII", "theCount": 1}, {"myValue": "LSE", "personality_system_id": 3, "personality_type": "LSE", "theCount": 1}, {"myValue": "SEE", "personality_system_id": 3, "personality_type": "SEE", "theCount": 1}], "4": [{"myValue": "True Neutral", "personality_system_id": 4, "personality_type": "True Neutral", "theCount": 133}, {"myValue": "Chaotic Neutral", "personality_system_id": 4, "personality_type": "Chaotic Neutral", "theCount": 13}, {"myValue": "Chaotic Good", "personality_system_id": 4, "personality_type": "Chaotic Good", "theCount": 5}, {"myValue": "Neutral Good", "personality_system_id": 4, "personality_type": "Neutral Good", "theCount": 3}, {"myValue": "Lawful Neutral", "personality_system_id": 4, "personality_type": "Lawful Neutral", "theCount": 2}, {"myValue": "Lawful Evil", "personality_system_id": 4, "personality_type": "Lawful Evil", "theCount": 1}, {"myValue": "Neutral Evil", "personality_system_id": 4, "personality_type": "Neutral Evil", "theCount": 1}], "5": [{"myValue": "sp/sx", "personality_system_id": 5, "personality_type": "sp/sx", "theCount": 583}, {"myValue": "so/sx", "personality_system_id": 5, "personality_type": "so/sx", "theCount": 57}, {"myValue": "sp/so", "personality_system_id": 5, "personality_type": "sp/so", "theCount": 36}, {"myValue": "sx/sp", "personality_system_id": 5, "personality_type": "sx/sp", "theCount": 32}, {"myValue": "so/sp", "personality_system_id": 5, "personality_type": "so/sp", "theCount": 29}, {"myValue": "sx/so", "personality_system_id": 5, "personality_type": "sx/so", "theCount": 10}], "6": [{"myValue": "584", "personality_system_id": 6, "personality_type": "584", "theCount": 388}, {"myValue": "684", "personality_system_id": 6, "personality_type": "684", "theCount": 109}, {"myValue": "583", "personality_system_id": 6, "personality_type": "583", "theCount": 27}, {"myValue": "514", "personality_system_id": 6, "personality_type": "514", "theCount": 7}, {"myValue": "594", "personality_system_id": 6, "personality_type": "594", "theCount": 7}, {"myValue": "614", "personality_system_id": 6, "personality_type": "614", "theCount": 6}, {"myValue": "146", "personality_system_id": 6, "personality_type": "146", "theCount": 5}, {"myValue": "513", "personality_system_id": 6, "personality_type": "513", "theCount": 5}, {"myValue": "683", "personality_system_id": 6, "personality_type": "683", "theCount": 4}, {"myValue": "538", "personality_system_id": 6, "personality_type": "538", "theCount": 3}, {"myValue": "641", "personality_system_id": 6, "personality_type": "641", "theCount": 3}, {"myValue": "694", "personality_system_id": 6, "personality_type": "694", "theCount": 3}, {"myValue": "135", "personality_system_id": 6, "personality_type": "135", "theCount": 2}, {"myValue": "369", "personality_system_id": 6, "personality_type": "369", "theCount": 2}, {"myValue": "458", "personality_system_id": 6, "personality_type": "458", "theCount": 2}, {"myValue": "541", "personality_system_id": 6, "personality_type": "541", "theCount": 2}, {"myValue": "548", "personality_system_id": 6, "personality_type": "548", "theCount": 2}, {"myValue": "549", "personality_system_id": 6, "personality_type": "549", "theCount": 2}, {"myValue": "613", "personality_system_id": 6, "personality_type": "613", "theCount": 2}, {"myValue": "631", "personality_system_id": 6, "personality_type": "631", "theCount": 2}, {"myValue": "864", "personality_system_id": 6, "personality_type": "864", "theCount": 2}, {"myValue": "126", "personality_system_id": 6, "personality_type": "126", "theCount": 1}, {"myValue": "137", "personality_system_id": 6, "personality_type": "137", "theCount": 1}, {"myValue": "145", "personality_system_id": 6, "personality_type": "145", "theCount": 1}, {"myValue": "147", "personality_system_id": 6, "personality_type": "147", "theCount": 1}, {"myValue": "154", "personality_system_id": 6, "personality_type": "154", "theCount": 1}, {"myValue": "278", "personality_system_id": 6, "personality_type": "278", "theCount": 1}, {"myValue": "279", "personality_system_id": 6, "personality_type": "279", "theCount": 1}, {"myValue": "358", "personality_system_id": 6, "personality_type": "358", "theCount": 1}, {"myValue": "468", "personality_system_id": 6, "personality_type": "468", "theCount": 1}, {"myValue": "531", "personality_system_id": 6, "personality_type": "531", "theCount": 1}, {"myValue": "539", "personality_system_id": 6, "personality_type": "539", "theCount": 1}, {"myValue": "582", "personality_system_id": 6, "personality_type": "582", "theCount": 1}, {"myValue": "648", "personality_system_id": 6, "personality_type": "648", "theCount": 1}, {"myValue": "682", "personality_system_id": 6, "personality_type": "682", "theCount": 1}, {"myValue": "794", "personality_system_id": 6, "personality_type": "794", "theCount": 1}, {"myValue": "862", "personality_system_id": 6, "personality_type": "862", "theCount": 1}], "7": [{"myValue": "Melancholic-Choleric", "personality_system_id": 7, "personality_type": "Melancholic-Choleric", "theCount": 500}, {"myValue": "Melancholic [Dominant]", "personality_system_id": 7, "personality_type": "Melancholic [Dominant]", "theCount": 36}, {"myValue": "Phlegmatic-Choleric", "personality_system_id": 7, "personality_type": "Phlegmatic-Choleric", "theCount": 17}, {"myValue": "Choleric-Melancholic", "personality_system_id": 7, "personality_type": "Choleric-Melancholic", "theCount": 16}, {"myValue": "Phlegmatic-Melancholic", "personality_system_id": 7, "personality_type": "Phlegmatic-Melancholic", "theCount": 14}, {"myValue": "Melancholic-Phlegmatic", "personality_system_id": 7, "personality_type": "Melancholic-Phlegmatic", "theCount": 9}, {"myValue": "Choleric-Phlegmatic", "personality_system_id": 7, "personality_type": "Choleric-Phlegmatic", "theCount": 7}, {"myValue": "Choleric [Dominant]", "personality_system_id": 7, "personality_type": "Choleric [Dominant]", "theCount": 6}, {"myValue": "Choleric-Sanguine", "personality_system_id": 7, "personality_type": "Choleric-Sanguine", "theCount": 4}, {"myValue": "Melancholic-Sanguine", "personality_system_id": 7, "personality_type": "Melancholic-Sanguine", "theCount": 4}, {"myValue": "Phlegmatic [Dominant]", "personality_system_id": 7, "personality_type": "Phlegmatic [Dominant]", "theCount": 4}, {"myValue": "Phlegmatic-Sanguine", "personality_system_id": 7, "personality_type": "Phlegmatic-Sanguine", "theCount": 1}, {"myValue": "Sanguine-Melancholic", "personality_system_id": 7, "personality_type": "Sanguine-Melancholic", "theCount": 1}, {"myValue": "Sanguine-Phlegmatic", "personality_system_id": 7, "personality_type": "Sanguine-Phlegmatic", "theCount": 1}], "8": [{"myValue": "LVEF", "personality_system_id": 8, "personality_type": "LVEF", "theCount": 154}, {"myValue": "LVFE", "personality_system_id": 8, "personality_type": "LVFE", "theCount": 18}, {"myValue": "LFVE", "personality_system_id": 8, "personality_type": "LFVE", "theCount": 14}, {"myValue": "LFEV", "personality_system_id": 8, "personality_type": "LFEV", "theCount": 7}, {"myValue": "VLEF", "personality_system_id": 8, "personality_type": "VLEF", "theCount": 6}, {"myValue": "VFLE", "personality_system_id": 8, "personality_type": "VFLE", "theCount": 3}, {"myValue": "FLEV", "personality_system_id": 8, "personality_type": "FLEV", "theCount": 2}, {"myValue": "LEVF", "personality_system_id": 8, "personality_type": "LEVF", "theCount": 2}, {"myValue": "VELF", "personality_system_id": 8, "personality_type": "VELF", "theCount": 2}, {"myValue": "EFVL", "personality_system_id": 8, "personality_type": "EFVL", "theCount": 1}, {"myValue": "ELVF", "personality_system_id": 8, "personality_type": "ELVF", "theCount": 1}, {"myValue": "EVFL", "personality_system_id": 8, "personality_type": "EVFL", "theCount": 1}, {"myValue": "EVLF", "personality_system_id": 8, "personality_type": "EVLF", "theCount": 1}, {"myValue": "FELV", "personality_system_id": 8, "personality_type": "FELV", "theCount": 1}, {"myValue": "FLVE", "personality_system_id": 8, "personality_type": "FLVE", "theCount": 1}, {"myValue": "FVLE", "personality_system_id": 8, "personality_type": "FVLE", "theCount": 1}, {"myValue": "LEFV", "personality_system_id": 8, "personality_type": "LEFV", "theCount": 1}, {"myValue": "VLFE", "personality_system_id": 8, "personality_type": "VLFE", "theCount": 1}], "9": [{"myValue": "RLOEI", "personality_system_id": 9, "personality_type": "RLOEI", "theCount": 236}, {"myValue": "RCOEI", "personality_system_id": 9, "personality_type": "RCOEI", "theCount": 20}, {"myValue": "RLOAI", "personality_system_id": 9, "personality_type": "RLOAI", "theCount": 7}, {"myValue": "RCOAI", "personality_system_id": 9, "personality_type": "RCOAI", "theCount": 5}, {"myValue": "RCUEI", "personality_system_id": 9, "personality_type": "RCUEI", "theCount": 5}, {"myValue": "RLOEN", "personality_system_id": 9, "personality_type": "RLOEN", "theCount": 5}, {"myValue": "RLUEI", "personality_system_id": 9, "personality_type": "RLUEI", "theCount": 5}, {"myValue": "RLOAN", "personality_system_id": 9, "personality_type": "RLOAN", "theCount": 3}, {"myValue": "RCOAN", "personality_system_id": 9, "personality_type": "RCOAN", "theCount": 2}, {"myValue": "RCOEN", "personality_system_id": 9, "personality_type": "RCOEN", "theCount": 2}, {"myValue": "RCUEN", "personality_system_id": 9, "personality_type": "RCUEN", "theCount": 2}, {"myValue": "RLUAN", "personality_system_id": 9, "personality_type": "RLUAN", "theCount": 2}, {"myValue": "RCUAI", "personality_system_id": 9, "personality_type": "RCUAI", "theCount": 1}, {"myValue": "RLUAI", "personality_system_id": 9, "personality_type": "RLUAI", "theCount": 1}, {"myValue": "SCOAI", "personality_system_id": 9, "personality_type": "SCOAI", "theCount": 1}, {"myValue": "SLOAI", "personality_system_id": 9, "personality_type": "SLOAI", "theCount": 1}, {"myValue": "SLOAN", "personality_system_id": 9, "personality_type": "SLOAN", "theCount": 1}, {"myValue": "SLOEI", "personality_system_id": 9, "personality_type": "SLOEI", "theCount": 1}]}, "breakdown_config": {"expand": {"1": 3, "10": 1, "11": 1, "2": 3, "3": 1, "4": 1, "5": 1, "6": 1, "7": 1, "8": 1, "9": 1}, "fire": {"1": 1, "10": 0, "11": 0, "2": 0, "3": 0, "4": 0, "5": 0, "6": 0, "7": 0, "8": 0, "9": 0}}, "mbti_letter_stats": [{"type": "I", "percentage": "100%", "PercentageFloat": 0.996598030438675}, {"type": "N", "percentage": "91%", "PercentageFloat": 0.9147717099373321}, {"type": "T", "percentage": "100%", "PercentageFloat": 0.9962399283795882}, {"type": "P", "percentage": "55%", "PercentageFloat": 0.5511190689346464}], "topic_info": {"can_generate": false, "topic": {"description": "Ray\u00a0(\u30ec\u30a4,\u00a0Rei)\u00a0is one of the deuteragonists of\u00a0The Promised Neverland\u00a0alongside with\u00a0Norman. Ray is a model student of\u00a0Grace Field House, who consistently gets perfect scores during the daily exams. He is also known for being an avid reader with high intellectual abilities, blunt skepticism, and cunning. Despite his distant disposition, Ray is able to interact well with the orphans and is fiercely loyal and caring to particularly\u00a0Emma\u00a0and Norman. #MariyaIse", "follow_count": 248, "id": 10458, "is_following": false, "is_join_pending": false, "is_banned": false, "is_moderated": false, "name_readable": "Ray", "post_count": 254, "source_profile_id": 11205, "source_type": "profile", "join_to_post": false, "can_pin": false, "related_topics": [{"description": "Ray\u00a0(\u30ec\u30a4,\u00a0Rei)\u00a0is one of the deuteragonists of\u00a0The Promised Neverland\u00a0alongside with\u00a0Norman. Ray is a model student of\u00a0Grace Field House, who consistently gets perfect scores during the daily exams. He is also known for being an avid reader with high intellectual abilities, blunt skepticism, and cunning. Despite his distant disposition, Ray is able to interact well with the orphans and is fiercely loyal and caring to particularly\u00a0Emma\u00a0and Norman. #MariyaIse", "follow_count": 248, "id": 10458, "is_following": false, "is_join_pending": false, "is_banned": false, "is_moderated": false, "name_readable": "Ray", "post_count": 254, "source_profile_id": 11205, "source_type": "profile", "image": {"picURL": "https://static1.personality-database.com/profile_images/9c703c85b2154e749f27b54af976bf02.png"}, "join_to_post": false, "can_pin": false}, {"description": "Norman\u00a0(\u30ce\u30fc\u30de\u30f3,\u00a0N\u014dman)\u00a0is one of the deuteragonists of\u00a0The Promised Neverland\u00a0alongside\u00a0Ray. Norman is a math prodigy and a model student of\u00a0Grace Field House, with intelligence that surpasses his peers and even adults. He is also known for being a genius strategist and planner, as well as unbeatable at the game of tag.", "follow_count": 13, "id": 10457, "is_following": false, "is_join_pending": false, "is_banned": false, "is_moderated": false, "name_readable": "Norman", "post_count": 34, "source_profile_id": 11204, "source_type": "profile", "image": {"picURL": "https://static1.personality-database.com/profile_images/a81eba4235bf4deea79935f4cce130bb.png"}, "join_to_post": false, "can_pin": false}, {"description": "", "follow_count": 1, "id": 126784, "is_following": false, "is_join_pending": false, "is_banned": false, "is_moderated": false, "name_readable": "Conny", "post_count": 34, "source_profile_id": 163465, "source_type": "profile", "image": {"picURL": "https://static1.personality-database.com/profile_images/00b03f04042549348527eb1039a9b8c3.png"}, "join_to_post": false, "can_pin": false}, {"description": "Emma\u00a0(\u30a8\u30de,\u00a0Ema)\u00a0is the main protagonist of\u00a0The Promised Neverland. Caring and extroverted, Emma often proves herself to be one of the most reliable orphans and is often seen surrounded by friends. She is known for her incredible ability to learn, capable athleticism, and ample optimism.", "follow_count": 11, "id": 10459, "is_following": false, "is_join_pending": false, "is_banned": false, "is_moderated": false, "name_readable": "Emma", "post_count": 32, "source_profile_id": 11206, "source_type": "profile", "image": {"picURL": "https://static1.personality-database.com/profile_images/8fbc4ea86f284c79a0456fbd0183f1e9.png"}, "join_to_post": false, "can_pin": false}, {"description": "Isabella\u00a0(\u30a4\u30b6\u30d9\u30e9,\u00a0Izabera), also known as\u00a0Mama\u00a0(\u30de\u30de;\u00a0English \u201cMom\u201d), is a major character of\u00a0The Promised Neverland\u00a0and the main antagonist in the\u00a0Introduction- and\u00a0Jailbreak Arc.\n\n\n#ENFJVillains", "follow_count": 0, "id": 10460, "is_following": false, "is_join_pending": false, "is_banned": false, "is_moderated": false, "name_readable": "Isabella / Mom", "post_count": 19, "source_profile_id": 11207, "source_type": "profile", "image": {"picURL": "https://static1.personality-database.com/profile_images/8ba15f9fcd78435689c1db82059fd5e3.png"}, "join_to_post": false, "can_pin": false}, {"description": "", "follow_count": 0, "id": 15282, "is_following": false, "is_join_pending": false, "is_banned": false, "is_moderated": false, "name_readable": "Krone", "post_count": 12, "source_profile_id": 16622, "source_type": "profile", "image": {"picURL": "https://static1.personality-database.com/profile_images/44a15787b5cc4ce5b10131d5fb84c689.png"}, "join_to_post": false, "can_pin": false}, {"description": "", "follow_count": 4, "id": 21844, "is_following": false, "is_join_pending": false, "is_banned": false, "is_moderated": false, "name_readable": "Yuugo", "post_count": 6, "source_profile_id": 24152, "source_type": "profile", "image": {"picURL": "https://static1.personality-database.com/profile_images/fb06c3cf472348e188740cd454fd5a41.png"}, "join_to_post": false, "can_pin": false}, {"description": "Phil (\u30d5\u30a3\u30eb, Firu?) is a 4-year-old orphan who formerly resided in the Grace Field House. Phil is close friends with Sherry, who he is often seen around with, and Emma, who he greatly looks up to. Phil is, despite his young age, extremely observant and intelligent. He figured out something was off about the orphanage, and as so, he is asked by Emma to lead all the children four years and younger to stay back in the orphanage while all the children five and above make their escape", "follow_count": 0, "id": 52365, "is_following": false, "is_join_pending": false, "is_banned": false, "is_moderated": false, "name_readable": "Phil", "post_count": 4, "source_profile_id": 62898, "source_type": "profile", "image": {"picURL": "https://static1.personality-database.com/profile_images/c59554c661684eaf90ae059083f2f2f7.png"}, "join_to_post": false, "can_pin": false}, {"description": "Gilda\u00a0(\u30ae\u30eb\u30c0,\u00a0Giruda)\u00a0is a 10-year-old orphan who formerly resided in the\u00a0Grace Field House.", "follow_count": 0, "id": 22040, "is_following": false, "is_join_pending": false, "is_banned": false, "is_moderated": false, "name_readable": "Gilda", "post_count": 2, "source_profile_id": 24433, "source_type": "profile", "image": {"picURL": "https://static1.personality-database.com/profile_images/34bf65fa13f147daa8ff154e2c0b6a41.png"}, "join_to_post": false, "can_pin": false}, {"description": "", "follow_count": 1, "id": 47489, "is_following": false, "is_join_pending": false, "is_banned": false, "is_moderated": false, "name_readable": "Barbara", "post_count": 2, "source_profile_id": 55912, "source_type": "profile", "image": {"picURL": "https://static1.personality-database.com/profile_images/0fdc1759f4c84605b741a431f17e8ffc.png"}, "join_to_post": false, "can_pin": false}, {"description": "", "follow_count": 1, "id": 50542, "is_following": false, "is_join_pending": false, "is_banned": false, "is_moderated": false, "name_readable": "Anna", "post_count": 2, "source_profile_id": 59934, "source_type": "profile", "image": {"picURL": "https://static1.personality-database.com/profile_images/1cbccfabb3584ac3b798bf84186967d4.png"}, "join_to_post": false, "can_pin": false}, {"description": "", "follow_count": 0, "id": 52362, "is_following": false, "is_join_pending": false, "is_banned": false, "is_moderated": false, "name_readable": "Violet", "post_count": 2, "source_profile_id": 62895, "source_type": "profile", "image": {"picURL": "https://static1.personality-database.com/profile_images/47354a00dfa647458ad4c61c81c60a70.png"}, "join_to_post": false, "can_pin": false}, {"description": "", "follow_count": 0, "id": 52366, "is_following": false, "is_join_pending": false, "is_banned": false, "is_moderated": false, "name_readable": "Peter Ratri", "post_count": 1, "source_profile_id": 62900, "source_type": "profile", "image": {"picURL": "https://static1.personality-database.com/profile_images/ef1982d234da4314bac09c130164edb8.png"}, "join_to_post": false, "can_pin": false}, {"description": "Yvette (\u30a4\u30d9\u30c3\u30c8, Ibetto?) is a 5-year-old orphan who formerly resided in the Grace Field House. ... After her success of escaping Grace Field alongside 14 other orphans, Yvette sought to find William Minerva, whom she and her team believed can grant them the liberty to live a safe and peaceful life away from the demons.", "follow_count": 0, "id": 193419, "is_following": false, "is_join_pending": false, "is_banned": false, "is_moderated": false, "name_readable": "Yvette", "post_count": 1, "source_profile_id": 250819, "source_type": "profile", "image": {"picURL": "https://static1.personality-database.com/profile_images/fd10ed2c2832434c8073663e65016f12.png"}, "join_to_post": false, "can_pin": false}, {"description": "", "follow_count": 0, "id": 85934, "is_following": false, "is_join_pending": false, "is_banned": false, "is_moderated": false, "name_readable": "Leslie", "post_count": 1, "source_profile_id": 108071, "source_type": "profile", "image": {"picURL": "https://static1.personality-database.com/profile_images/73d2694590b04ec9859ef5d3d3752062.png"}, "join_to_post": false, "can_pin": false}, {"description": "", "follow_count": 1, "id": 106089, "is_following": false, "is_join_pending": false, "is_banned": false, "is_moderated": false, "name_readable": "\"William Minerva\" James Ratri", "post_count": 1, "source_profile_id": 136252, "source_type": "profile", "image": {"picURL": "https://static1.personality-database.com/profile_images/b4ea80fa28b8408ab88c18f63774cbdf.png"}, "join_to_post": false, "can_pin": false}], "subcategory": "Yakusoku no Neverland", "topic_image_url": "https://static1.personality-database.com/profile_images/9c703c85b2154e749f27b54af976bf02.png", "source_location": {"cid": 8, "pid": 2, "sub_cat_id": 1491}, "can_post_image": false, "can_post_audio": false, "posts": {"posts": [{"username": "-miko-", "user_pic_path": "https://static1.personality-database.com/user_avatars/1020169/00a671b7-f163-47ac-b21c-69bc12149307_small.jpeg", "user_personality_type": "INTP", "is_mod": false, "comment_count": 0, "reply_count": 0, "vote_type": 0, "topics_list": [{"id": 10458, "name_readable": "Ray"}], "id": 2173503, "post_id": 2173503, "user_id": 1020169, "title": "ray is intj bro.....\ud83d\udc80", "content": "idc", "create_date": 1673541434000, "unix_timestamp": 1673541434000, "update_date": 1673541434000, "vote_count": 0, "vote_count_down": 0, "is_reported": 0, "is_hidden": false, "is_pinned": false, "is_watching": false, "is_pro_user": false, "images": null, "audios": null, "function_list": [], "type": "post"}, {"username": "Xo_FK", "user_pic_path": "https://static1.personality-database.com/user_avatars/847094/091c1398-6b35-4db7-a718-99bb3a124d7f.jpeg", "user_personality_type": "INTJ-5w6-853", "is_mod": false, "comment_count": 0, "reply_count": 0, "vote_type": 0, "topics_list": [{"id": 10458, "name_readable": "Ray"}], "id": 2168459, "post_id": 2168459, "user_id": 847094, "title": "He is INTJ , he is more J than P", "content": "#canon#RayINTJ", "create_date": 1673478713000, "unix_timestamp": 1673478713000, "update_date": 1673478713000, "vote_count": 0, "vote_count_down": 0, "is_reported": 0, "is_hidden": false, "is_pinned": false, "is_watching": false, "is_pro_user": false, "images": null, "audios": null, "function_list": [], "type": "post"}, {"username": "arielykachimarky", "user_pic_path": "https://static1.personality-database.com/user_avatars/1643925/80635d4e-0b7a-4b4c-933a-6781d2828422_small.jpeg", "user_personality_type": "ISFJ-9w1-926", "is_mod": false, "comment_count": 0, "reply_count": 0, "vote_type": 0, "topics_list": [{"id": 10458, "name_readable": "Ray"}], "id": 2153834, "post_id": 2153834, "user_id": 1643925, "title": "ray is intj!", "content": "canon", "create_date": 1673312969000, "unix_timestamp": 1673312969000, "update_date": 1673312969000, "vote_count": 3, "vote_count_down": 0, "is_reported": 0, "is_hidden": false, "is_pinned": false, "is_watching": false, "is_pro_user": false, "images": null, "audios": null, "function_list": [], "type": "post"}]}}}}