{"id": 1204, "mbti_profile": "Naruto Uzumaki", "profile_name_searchable": "narutouzumaki", "allow_commenting": true, "allow_voting": true, "user_id": 207, "contributor": "Steve Williams", "contributor_create_date": "2015-08-24 00:05:25", "contributor_pic_path": "https://lh3.googleusercontent.com/-XdUIqdMkCWA/AAAAAAAAAAI/AAAAAAAAAAA/4252rscbv5M/photo.jpg", "display_order": 1050, "edit_lock": 1, "edit_lock_picture": 1, "is_active": true, "is_approved": true, "mbti_enneagram_type": "ENFP 3w2", "mbti_type": "ENFP 3w2", "pdb_comment_access": true, "pdb_page_owner": 0, "pdb_public_access": true, "wiki_description": "Naruto Uzumaki (\u3046\u305a\u307e\u304d\u30ca\u30eb\u30c8, Uzumaki Naruto) is a shinobi of Konohagakure's Uzumaki clan. He became the jinch\u016briki of the Nine-Tails on the day of his birth \u2014 a fate that caused him to be shunned by most of Konoha throughout his childhood. After joining Team Kakashi, Naruto worked hard to gain the village's acknowledgement all the while chasing his dream to become Hokage. In the following years, through many hardships and ordeals, he became a capable ninja regarded as a hero both by the villagers, and soon after, the rest of the world, becoming known as the Hero of the Hidden Leaf (\u6728\u30ce\u8449\u96a0\u308c\u306e\u82f1\u96c4, Konohagakure no Eiy\u016b, Literally meaning: Hero of the Hidden Tree Leaves). He soon proved to be one of the main factors in winning the Fourth Shinobi World War, leading him to achieve his dream and become the village's Seventh Hokage (\u4e03\u4ee3\u76ee\u706b\u5f71, Nanadaime Hokage, Literally meaning: Seventh Fire Shadow).", "watch_count": 2913, "comment_count": 8050, "vote_count": 12670, "vote_count_enneagram": 2191, "vote_count_mbti": 12670, "total_vote_counts": 12670, "personality_type": "ENFP - 3w2 - so/sx - 379 - SEE - SCUAI - VELF - Sanguine [Dominant] - ES(F)", "type_updated_date": "2023-01-11 15:47:59", "enneagram_vote": "", "enneagram_vote_id": 0, "mbti_vote": "", "mbti_vote_id": 0, "is_watching": false, "image_exists": false, "profile_image_url": "https://static1.personality-database.com/profile_images/d2ab7cc7adbd4dff91526a5df733deae.png", "profile_image_credit": "", "profile_image_credit_id": 126741, "profile_image_credit_type": "0", "profile_image_credit_url": "", "alt_subcategory": "", "related_subcategories": "1141|||Boruto - Naruto Next Generations", "cat_id": 8, "category": "Anime & Manga", "category_is_fictional": true, "sub_cat_id": 89, "subcategory": "Naruto Shipp\u016bden", "subcat_link_info": {"sub_cat_id": 89, "cat_id": 8, "property_id": 2, "subcategory": "Naruto Shipp\u016bden"}, "related_subcat_link_info": [{"sub_cat_id": 1141, "cat_id": 8, "property_id": 2, "subcategory": "Boruto - Naruto Next Generations"}], "related_profiles": [{"id": 1205, "mbti_profile": "Sasuke Uchiha", "subcategory": "Naruto Shipp\u016bden", "profile_image_url": "https://static1.personality-database.com/profile_images/9d2e35cdf99b411080c2c2c819988f69.png", "profile_name": "Sasuke Uchiha", "profile_subcat": "Naruto Shipp\u016bden", "sub_cat_id": 89, "cat_id": 8, "property_id": 2, "mbti": "INTJ", "enneatype": "3w4"}, {"id": 2597, "mbti_profile": "Itachi Uchiha", "subcategory": "Naruto Shipp\u016bden", "profile_image_url": "https://static1.personality-database.com/profile_images/48a5734c93304832a2db3bec1afabe50.png", "profile_name": "Itachi Uchiha", "profile_subcat": "Naruto Shipp\u016bden", "sub_cat_id": 89, "cat_id": 8, "property_id": 2, "mbti": "INFJ", "enneatype": "1w9"}, {"id": 1207, "mbti_profile": "Kakashi Hatake", "subcategory": "Naruto Shipp\u016bden", "profile_image_url": "https://static1.personality-database.com/profile_images/f297608fcdad47d1b89611db0260084f.png", "profile_name": "Kakashi Hatake", "profile_subcat": "Naruto Shipp\u016bden", "sub_cat_id": 89, "cat_id": 8, "property_id": 2, "mbti": "INTP", "enneatype": "6w5"}, {"id": 2790, "mbti_profile": "Hinata Hy\u016bga", "subcategory": "Naruto Shipp\u016bden", "profile_image_url": "https://static1.personality-database.com/profile_images/35485c1d885e470c9da0370a9e8be6c3.png", "profile_name": "Hinata Hy\u016bga", "profile_subcat": "Naruto Shipp\u016bden", "sub_cat_id": 89, "cat_id": 8, "property_id": 2, "mbti": "ISFJ", "enneatype": "9w1"}, {"id": 4235, "mbti_profile": "Obito Uchiha", "subcategory": "Naruto Shipp\u016bden", "profile_image_url": "https://static1.personality-database.com/profile_images/28d38ee6214343d09545d4ab043d1fb1.png", "profile_name": "Obito Uchiha", "profile_subcat": "Naruto Shipp\u016bden", "sub_cat_id": 89, "cat_id": 8, "property_id": 2, "mbti": "ENFP", "enneatype": "4w3"}, {"id": 2155, "mbti_profile": "Shikamaru Nara", "subcategory": "Naruto Shipp\u016bden", "profile_image_url": "https://static1.personality-database.com/profile_images/7dc7935d11ea42aa87bff75dc29f65b4.png", "profile_name": "Shikamaru Nara", "profile_subcat": "Naruto Shipp\u016bden", "sub_cat_id": 89, "cat_id": 8, "property_id": 2, "mbti": "INTP", "enneatype": "9w8"}, {"id": 1206, "mbti_profile": "Sakura Haruno", "subcategory": "Naruto Shipp\u016bden", "profile_image_url": "https://static1.personality-database.com/profile_images/bc23b32373894d6182e6bdd28588a71c.png", "profile_name": "Sakura Haruno", "profile_subcat": "Naruto Shipp\u016bden", "sub_cat_id": 89, "cat_id": 8, "property_id": 2, "mbti": "ESFJ", "enneatype": "2w1"}, {"id": 2596, "mbti_profile": "Madara Uchiha", "subcategory": "Naruto Shipp\u016bden", "profile_image_url": "https://static1.personality-database.com/profile_images/a1e6c61cd26846a091dd2e6730284210.png", "profile_name": "Madara Uchiha", "profile_subcat": "Naruto Shipp\u016bden", "sub_cat_id": 89, "cat_id": 8, "property_id": 2, "mbti": "ENTJ", "enneatype": "8w9"}], "functions": ["Ne", "Fi", "Te", "Si"], "systems": [{"hex_color": "#888888", "id": 1, "personality_type": "XXXX", "personality_type_id": 0, "system_name": "Four Letter", "system_vote_count": 7058, "user_vote_type_id": 0, "vote_id": 0}, {"hex_color": "#006775", "id": 2, "personality_type": "XXXX", "personality_type_id": 0, "system_name": "Enneagram", "system_vote_count": 2111, "user_vote_type_id": 0, "vote_id": 0}, {"hex_color": "#006775", "id": 5, "personality_type": "XXXX", "personality_type_id": 0, "system_name": "Instinctual Variant", "system_vote_count": 760, "user_vote_type_id": 0, "vote_id": 0}, {"hex_color": "#006775", "id": 6, "personality_type": "XXXX", "personality_type_id": 0, "system_name": "Tritype", "system_vote_count": 608, "user_vote_type_id": 0, "vote_id": 0}, {"hex_color": "#888888", "id": 3, "personality_type": "XXXX", "personality_type_id": 0, "system_name": "Socionics", "system_vote_count": 471, "user_vote_type_id": 0, "vote_id": 0}, {"hex_color": "#888888", "id": 9, "personality_type": "XXXX", "personality_type_id": 0, "system_name": "Big 5 (SLOAN)", "system_vote_count": 268, "user_vote_type_id": 0, "vote_id": 0}, {"hex_color": "#888888", "id": 8, "personality_type": "XXXX", "personality_type_id": 0, "system_name": "Attitudinal Psyche", "system_vote_count": 219, "user_vote_type_id": 0, "vote_id": 0}, {"hex_color": "#888888", "id": 7, "personality_type": "XXXX", "personality_type_id": 0, "system_name": "Temperaments", "system_vote_count": 735, "user_vote_type_id": 0, "vote_id": 0}, {"hex_color": "#888888", "id": 11, "personality_type": "XXXX", "personality_type_id": 0, "system_name": "Classic Jungian", "system_vote_count": 112, "user_vote_type_id": 0, "vote_id": 0}], "breakdown_systems": {"1": [{"myValue": "ENFP", "personality_system_id": 1, "personality_type": "ENFP", "theCount": 3389}, {"myValue": "ESFP", "personality_system_id": 1, "personality_type": "ESFP", "theCount": 3376}, {"myValue": "ENFJ", "personality_system_id": 1, "personality_type": "ENFJ", "theCount": 109}, {"myValue": "INFJ", "personality_system_id": 1, "personality_type": "INFJ", "theCount": 48}, {"myValue": "INTJ", "personality_system_id": 1, "personality_type": "INTJ", "theCount": 20}, {"myValue": "ESTP", "personality_system_id": 1, "personality_type": "ESTP", "theCount": 19}, {"myValue": "ISTJ", "personality_system_id": 1, "personality_type": "ISTJ", "theCount": 18}, {"myValue": "ENTP", "personality_system_id": 1, "personality_type": "ENTP", "theCount": 17}, {"myValue": "ESFJ", "personality_system_id": 1, "personality_type": "ESFJ", "theCount": 16}, {"myValue": "INFP", "personality_system_id": 1, "personality_type": "INFP", "theCount": 13}, {"myValue": "INTP", "personality_system_id": 1, "personality_type": "INTP", "theCount": 10}, {"myValue": "ISFP", "personality_system_id": 1, "personality_type": "ISFP", "theCount": 8}, {"myValue": "ENTJ", "personality_system_id": 1, "personality_type": "ENTJ", "theCount": 7}, {"myValue": "ESTJ", "personality_system_id": 1, "personality_type": "ESTJ", "theCount": 5}, {"myValue": "ISFJ", "personality_system_id": 1, "personality_type": "ISFJ", "theCount": 4}, {"myValue": "ISTP", "personality_system_id": 1, "personality_type": "ISTP", "theCount": 4}], "10": [{"myValue": "Right-brained Extrovert", "personality_system_id": 10, "personality_type": "Right-brained Extrovert", "theCount": 6}, {"myValue": "Left-brained Introvert", "personality_system_id": 10, "personality_type": "Left-brained Introvert", "theCount": 1}], "11": [{"myValue": "ES(F)", "personality_system_id": 11, "personality_type": "ES(F)", "theCount": 81}, {"myValue": "EN(F)", "personality_system_id": 11, "personality_type": "EN(F)", "theCount": 26}, {"myValue": "EF(S)", "personality_system_id": 11, "personality_type": "EF(S)", "theCount": 3}, {"myValue": "IN(T)", "personality_system_id": 11, "personality_type": "IN(T)", "theCount": 1}, {"myValue": "IT(S)", "personality_system_id": 11, "personality_type": "IT(S)", "theCount": 1}], "2": [{"myValue": "3w2", "personality_system_id": 2, "personality_type": "3w2", "theCount": 1614}, {"myValue": "8w7", "personality_system_id": 2, "personality_type": "8w7", "theCount": 154}, {"myValue": "7w8", "personality_system_id": 2, "personality_type": "7w8", "theCount": 115}, {"myValue": "2w3", "personality_system_id": 2, "personality_type": "2w3", "theCount": 54}, {"myValue": "7w6", "personality_system_id": 2, "personality_type": "7w6", "theCount": 44}, {"myValue": "3w4", "personality_system_id": 2, "personality_type": "3w4", "theCount": 42}, {"myValue": "4w3", "personality_system_id": 2, "personality_type": "4w3", "theCount": 20}, {"myValue": "1w9", "personality_system_id": 2, "personality_type": "1w9", "theCount": 11}, {"myValue": "2w1", "personality_system_id": 2, "personality_type": "2w1", "theCount": 11}, {"myValue": "6w7", "personality_system_id": 2, "personality_type": "6w7", "theCount": 9}, {"myValue": "8w9", "personality_system_id": 2, "personality_type": "8w9", "theCount": 7}, {"myValue": "9w8", "personality_system_id": 2, "personality_type": "9w8", "theCount": 7}, {"myValue": "5w6", "personality_system_id": 2, "personality_type": "5w6", "theCount": 6}, {"myValue": "9w1", "personality_system_id": 2, "personality_type": "9w1", "theCount": 5}, {"myValue": "1w2", "personality_system_id": 2, "personality_type": "1w2", "theCount": 4}, {"myValue": "5w4", "personality_system_id": 2, "personality_type": "5w4", "theCount": 3}, {"myValue": "6w5", "personality_system_id": 2, "personality_type": "6w5", "theCount": 3}, {"myValue": "4w5", "personality_system_id": 2, "personality_type": "4w5", "theCount": 1}], "3": [{"myValue": "SEE", "personality_system_id": 3, "personality_type": "SEE", "theCount": 371}, {"myValue": "IEE", "personality_system_id": 3, "personality_type": "IEE", "theCount": 39}, {"myValue": "EIE", "personality_system_id": 3, "personality_type": "EIE", "theCount": 11}, {"myValue": "ESE", "personality_system_id": 3, "personality_type": "ESE", "theCount": 9}, {"myValue": "LII", "personality_system_id": 3, "personality_type": "LII", "theCount": 7}, {"myValue": "EII", "personality_system_id": 3, "personality_type": "EII", "theCount": 6}, {"myValue": "ILE", "personality_system_id": 3, "personality_type": "ILE", "theCount": 6}, {"myValue": "IEI", "personality_system_id": 3, "personality_type": "IEI", "theCount": 5}, {"myValue": "SLE", "personality_system_id": 3, "personality_type": "SLE", "theCount": 5}, {"myValue": "LIE", "personality_system_id": 3, "personality_type": "LIE", "theCount": 3}, {"myValue": "ESI", "personality_system_id": 3, "personality_type": "ESI", "theCount": 2}, {"myValue": "LSI", "personality_system_id": 3, "personality_type": "LSI", "theCount": 2}, {"myValue": "ILI", "personality_system_id": 3, "personality_type": "ILI", "theCount": 1}, {"myValue": "LSE", "personality_system_id": 3, "personality_type": "LSE", "theCount": 1}, {"myValue": "SEI", "personality_system_id": 3, "personality_type": "SEI", "theCount": 1}, {"myValue": "SLI", "personality_system_id": 3, "personality_type": "SLI", "theCount": 1}], "4": [{"myValue": "Chaotic Good", "personality_system_id": 4, "personality_type": "Chaotic Good", "theCount": 251}, {"myValue": "Neutral Good", "personality_system_id": 4, "personality_type": "Neutral Good", "theCount": 42}, {"myValue": "Lawful Good", "personality_system_id": 4, "personality_type": "Lawful Good", "theCount": 8}, {"myValue": "Chaotic Evil", "personality_system_id": 4, "personality_type": "Chaotic Evil", "theCount": 6}, {"myValue": "Chaotic Neutral", "personality_system_id": 4, "personality_type": "Chaotic Neutral", "theCount": 5}, {"myValue": "True Neutral", "personality_system_id": 4, "personality_type": "True Neutral", "theCount": 4}, {"myValue": "Lawful Evil", "personality_system_id": 4, "personality_type": "Lawful Evil", "theCount": 2}, {"myValue": "Lawful Neutral", "personality_system_id": 4, "personality_type": "Lawful Neutral", "theCount": 1}, {"myValue": "Neutral Evil", "personality_system_id": 4, "personality_type": "Neutral Evil", "theCount": 1}], "5": [{"myValue": "so/sx", "personality_system_id": 5, "personality_type": "so/sx", "theCount": 595}, {"myValue": "sx/so", "personality_system_id": 5, "personality_type": "sx/so", "theCount": 94}, {"myValue": "so/sp", "personality_system_id": 5, "personality_type": "so/sp", "theCount": 44}, {"myValue": "sx/sp", "personality_system_id": 5, "personality_type": "sx/sp", "theCount": 11}, {"myValue": "sp/sx", "personality_system_id": 5, "personality_type": "sp/sx", "theCount": 8}, {"myValue": "sp/so", "personality_system_id": 5, "personality_type": "sp/so", "theCount": 7}], "6": [{"myValue": "379", "personality_system_id": 6, "personality_type": "379", "theCount": 338}, {"myValue": "378", "personality_system_id": 6, "personality_type": "378", "theCount": 97}, {"myValue": "837", "personality_system_id": 6, "personality_type": "837", "theCount": 56}, {"myValue": "738", "personality_system_id": 6, "personality_type": "738", "theCount": 18}, {"myValue": "873", "personality_system_id": 6, "personality_type": "873", "theCount": 13}, {"myValue": "387", "personality_system_id": 6, "personality_type": "387", "theCount": 8}, {"myValue": "739", "personality_system_id": 6, "personality_type": "739", "theCount": 7}, {"myValue": "827", "personality_system_id": 6, "personality_type": "827", "theCount": 7}, {"myValue": "126", "personality_system_id": 6, "personality_type": "126", "theCount": 4}, {"myValue": "279", "personality_system_id": 6, "personality_type": "279", "theCount": 4}, {"myValue": "287", "personality_system_id": 6, "personality_type": "287", "theCount": 4}, {"myValue": "369", "personality_system_id": 6, "personality_type": "369", "theCount": 4}, {"myValue": "371", "personality_system_id": 6, "personality_type": "371", "theCount": 4}, {"myValue": "397", "personality_system_id": 6, "personality_type": "397", "theCount": 4}, {"myValue": "127", "personality_system_id": 6, "personality_type": "127", "theCount": 3}, {"myValue": "297", "personality_system_id": 6, "personality_type": "297", "theCount": 3}, {"myValue": "125", "personality_system_id": 6, "personality_type": "125", "theCount": 2}, {"myValue": "278", "personality_system_id": 6, "personality_type": "278", "theCount": 2}, {"myValue": "359", "personality_system_id": 6, "personality_type": "359", "theCount": 2}, {"myValue": "479", "personality_system_id": 6, "personality_type": "479", "theCount": 2}, {"myValue": "728", "personality_system_id": 6, "personality_type": "728", "theCount": 2}, {"myValue": "793", "personality_system_id": 6, "personality_type": "793", "theCount": 2}, {"myValue": "847", "personality_system_id": 6, "personality_type": "847", "theCount": 2}, {"myValue": "935", "personality_system_id": 6, "personality_type": "935", "theCount": 2}, {"myValue": "973", "personality_system_id": 6, "personality_type": "973", "theCount": 2}, {"myValue": "135", "personality_system_id": 6, "personality_type": "135", "theCount": 1}, {"myValue": "137", "personality_system_id": 6, "personality_type": "137", "theCount": 1}, {"myValue": "317", "personality_system_id": 6, "personality_type": "317", "theCount": 1}, {"myValue": "358", "personality_system_id": 6, "personality_type": "358", "theCount": 1}, {"myValue": "368", "personality_system_id": 6, "personality_type": "368", "theCount": 1}, {"myValue": "478", "personality_system_id": 6, "personality_type": "478", "theCount": 1}, {"myValue": "538", "personality_system_id": 6, "personality_type": "538", "theCount": 1}, {"myValue": "621", "personality_system_id": 6, "personality_type": "621", "theCount": 1}, {"myValue": "713", "personality_system_id": 6, "personality_type": "713", "theCount": 1}, {"myValue": "749", "personality_system_id": 6, "personality_type": "749", "theCount": 1}, {"myValue": "783", "personality_system_id": 6, "personality_type": "783", "theCount": 1}, {"myValue": "854", "personality_system_id": 6, "personality_type": "854", "theCount": 1}, {"myValue": "872", "personality_system_id": 6, "personality_type": "872", "theCount": 1}, {"myValue": "874", "personality_system_id": 6, "personality_type": "874", "theCount": 1}, {"myValue": "925", "personality_system_id": 6, "personality_type": "925", "theCount": 1}, {"myValue": "964", "personality_system_id": 6, "personality_type": "964", "theCount": 1}], "7": [{"myValue": "Sanguine [Dominant]", "personality_system_id": 7, "personality_type": "Sanguine [Dominant]", "theCount": 493}, {"myValue": "Sanguine-Choleric", "personality_system_id": 7, "personality_type": "Sanguine-Choleric", "theCount": 161}, {"myValue": "Choleric-Sanguine", "personality_system_id": 7, "personality_type": "Choleric-Sanguine", "theCount": 24}, {"myValue": "Sanguine-Melancholic", "personality_system_id": 7, "personality_type": "Sanguine-Melancholic", "theCount": 11}, {"myValue": "Choleric [Dominant]", "personality_system_id": 7, "personality_type": "Choleric [Dominant]", "theCount": 9}, {"myValue": "Choleric-Melancholic", "personality_system_id": 7, "personality_type": "Choleric-Melancholic", "theCount": 6}, {"myValue": "Sanguine-Phlegmatic", "personality_system_id": 7, "personality_type": "Sanguine-Phlegmatic", "theCount": 6}, {"myValue": "Melancholic [Dominant]", "personality_system_id": 7, "personality_type": "Melancholic [Dominant]", "theCount": 5}, {"myValue": "Melancholic-Sanguine", "personality_system_id": 7, "personality_type": "Melancholic-Sanguine", "theCount": 4}, {"myValue": "Phlegmatic [Dominant]", "personality_system_id": 7, "personality_type": "Phlegmatic [Dominant]", "theCount": 4}, {"myValue": "Phlegmatic-Sanguine", "personality_system_id": 7, "personality_type": "Phlegmatic-Sanguine", "theCount": 4}, {"myValue": "Melancholic-Choleric", "personality_system_id": 7, "personality_type": "Melancholic-Choleric", "theCount": 2}, {"myValue": "Phlegmatic-Choleric", "personality_system_id": 7, "personality_type": "Phlegmatic-Choleric", "theCount": 2}, {"myValue": "Choleric-Phlegmatic", "personality_system_id": 7, "personality_type": "Choleric-Phlegmatic", "theCount": 1}, {"myValue": "Melancholic-Phlegmatic", "personality_system_id": 7, "personality_type": "Melancholic-Phlegmatic", "theCount": 1}, {"myValue": "Phlegmatic-Melancholic", "personality_system_id": 7, "personality_type": "Phlegmatic-Melancholic", "theCount": 1}], "8": [{"myValue": "VELF", "personality_system_id": 8, "personality_type": "VELF", "theCount": 91}, {"myValue": "VEFL", "personality_system_id": 8, "personality_type": "VEFL", "theCount": 57}, {"myValue": "VFLE", "personality_system_id": 8, "personality_type": "VFLE", "theCount": 30}, {"myValue": "FVLE", "personality_system_id": 8, "personality_type": "FVLE", "theCount": 10}, {"myValue": "EVLF", "personality_system_id": 8, "personality_type": "EVLF", "theCount": 7}, {"myValue": "EVFL", "personality_system_id": 8, "personality_type": "EVFL", "theCount": 4}, {"myValue": "EFVL", "personality_system_id": 8, "personality_type": "EFVL", "theCount": 3}, {"myValue": "VFEL", "personality_system_id": 8, "personality_type": "VFEL", "theCount": 3}, {"myValue": "FELV", "personality_system_id": 8, "personality_type": "FELV", "theCount": 2}, {"myValue": "LVFE", "personality_system_id": 8, "personality_type": "LVFE", "theCount": 2}, {"myValue": "VLEF", "personality_system_id": 8, "personality_type": "VLEF", "theCount": 2}, {"myValue": "ELVF", "personality_system_id": 8, "personality_type": "ELVF", "theCount": 1}, {"myValue": "FEVL", "personality_system_id": 8, "personality_type": "FEVL", "theCount": 1}, {"myValue": "FLVE", "personality_system_id": 8, "personality_type": "FLVE", "theCount": 1}, {"myValue": "FVEL", "personality_system_id": 8, "personality_type": "FVEL", "theCount": 1}, {"myValue": "LEFV", "personality_system_id": 8, "personality_type": "LEFV", "theCount": 1}, {"myValue": "LEVF", "personality_system_id": 8, "personality_type": "LEVF", "theCount": 1}, {"myValue": "LFVE", "personality_system_id": 8, "personality_type": "LFVE", "theCount": 1}, {"myValue": "VLFE", "personality_system_id": 8, "personality_type": "VLFE", "theCount": 1}], "9": [{"myValue": "SCUAI", "personality_system_id": 9, "personality_type": "SCUAI", "theCount": 159}, {"myValue": "SLUAI", "personality_system_id": 9, "personality_type": "SLUAI", "theCount": 46}, {"myValue": "SCUAN", "personality_system_id": 9, "personality_type": "SCUAN", "theCount": 22}, {"myValue": "SCOAI", "personality_system_id": 9, "personality_type": "SCOAI", "theCount": 6}, {"myValue": "RCOAN", "personality_system_id": 9, "personality_type": "RCOAN", "theCount": 5}, {"myValue": "SLUAN", "personality_system_id": 9, "personality_type": "SLUAN", "theCount": 5}, {"myValue": "SCUEN", "personality_system_id": 9, "personality_type": "SCUEN", "theCount": 4}, {"myValue": "RCUAN", "personality_system_id": 9, "personality_type": "RCUAN", "theCount": 3}, {"myValue": "SCOAN", "personality_system_id": 9, "personality_type": "SCOAN", "theCount": 3}, {"myValue": "RLOEI", "personality_system_id": 9, "personality_type": "RLOEI", "theCount": 2}, {"myValue": "RLOEN", "personality_system_id": 9, "personality_type": "RLOEN", "theCount": 2}, {"myValue": "RLUAN", "personality_system_id": 9, "personality_type": "RLUAN", "theCount": 2}, {"myValue": "SCUEI", "personality_system_id": 9, "personality_type": "SCUEI", "theCount": 2}, {"myValue": "RCOEN", "personality_system_id": 9, "personality_type": "RCOEN", "theCount": 1}, {"myValue": "RCUAI", "personality_system_id": 9, "personality_type": "RCUAI", "theCount": 1}, {"myValue": "RLOAN", "personality_system_id": 9, "personality_type": "RLOAN", "theCount": 1}, {"myValue": "SLOAI", "personality_system_id": 9, "personality_type": "SLOAI", "theCount": 1}, {"myValue": "SLOAN", "personality_system_id": 9, "personality_type": "SLOAN", "theCount": 1}, {"myValue": "SLOEI", "personality_system_id": 9, "personality_type": "SLOEI", "theCount": 1}, {"myValue": "SLUEN", "personality_system_id": 9, "personality_type": "SLUEN", "theCount": 1}]}, "breakdown_config": {"expand": {"1": 3, "10": 1, "11": 1, "2": 3, "3": 1, "4": 1, "5": 1, "6": 1, "7": 1, "8": 2, "9": 1}, "fire": {"1": 1, "10": 0, "11": 0, "2": 0, "3": 0, "4": 0, "5": 0, "6": 0, "7": 0, "8": 1, "9": 0}}, "mbti_letter_stats": [{"type": "E", "percentage": "98%", "PercentageFloat": 0.9823021379017415}, {"type": "N", "percentage": "51%", "PercentageFloat": 0.5115390060880646}, {"type": "F", "percentage": "99%", "PercentageFloat": 0.9858417103213932}, {"type": "P", "percentage": "97%", "PercentageFloat": 0.9678606824295625}], "topic_info": {"can_generate": false, "topic": {"description": "Naruto Uzumaki (\u3046\u305a\u307e\u304d\u30ca\u30eb\u30c8, Uzumaki Naruto) is a shinobi of Konohagakure's Uzumaki clan. He became the jinch\u016briki of the Nine-Tails on the day of his birth \u2014 a fate that caused him to be shunned by most of Konoha throughout his childhood. After joining Team Kakashi, Naruto worked hard to gain the village's acknowledgement all the while chasing his dream to become Hokage. In the following years, through many hardships and ordeals, he became a capable ninja regarded as a hero both by the villagers, and soon after, the rest of the world, becoming known as the Hero of the Hidden Leaf (\u6728\u30ce\u8449\u96a0\u308c\u306e\u82f1\u96c4, Konohagakure no Eiy\u016b, Literally meaning: Hero of the Hidden Tree Leaves). He soon proved to be one of the main factors in winning the Fourth Shinobi World War, leading him to achieve his dream and become the village's Seventh Hokage (\u4e03\u4ee3\u76ee\u706b\u5f71, Nanadaime Hokage, Literally meaning: Seventh Fire Shadow).", "follow_count": 40, "id": 1125, "is_following": false, "is_join_pending": false, "is_banned": false, "is_moderated": false, "name_readable": "Naruto Uzumaki", "post_count": 262, "source_profile_id": 1204, "source_type": "profile", "join_to_post": false, "can_pin": false, "related_topics": [{"description": "Sasuke Uchiha is the deuteragonist of the Naruto franchise and one of the main supporting characters in the Boruto: Naruto Next Generations anime/manga series.", "follow_count": 137, "id": 1126, "is_following": false, "is_join_pending": false, "is_banned": false, "is_moderated": false, "name_readable": "Sasuke Uchiha", "post_count": 661, "source_profile_id": 1205, "source_type": "profile", "image": {"picURL": "https://static1.personality-database.com/profile_images/9d2e35cdf99b411080c2c2c819988f69.png"}, "join_to_post": false, "can_pin": false}, {"description": "Naruto Uzumaki (\u3046\u305a\u307e\u304d\u30ca\u30eb\u30c8, Uzumaki Naruto) is a shinobi of Konohagakure's Uzumaki clan. He became the jinch\u016briki of the Nine-Tails on the day of his birth \u2014 a fate that caused him to be shunned by most of Konoha throughout his childhood. After joining Team Kakashi, Naruto worked hard to gain the village's acknowledgement all the while chasing his dream to become Hokage. In the following years, through many hardships and ordeals, he became a capable ninja regarded as a hero both by the villagers, and soon after, the rest of the world, becoming known as the Hero of the Hidden Leaf (\u6728\u30ce\u8449\u96a0\u308c\u306e\u82f1\u96c4, Konohagakure no Eiy\u016b, Literally meaning: Hero of the Hidden Tree Leaves). He soon proved to be one of the main factors in winning the Fourth Shinobi World War, leading him to achieve his dream and become the village's Seventh Hokage (\u4e03\u4ee3\u76ee\u706b\u5f71, Nanadaime Hokage, Literally meaning: Seventh Fire Shadow).", "follow_count": 40, "id": 1125, "is_following": false, "is_join_pending": false, "is_banned": false, "is_moderated": false, "name_readable": "Naruto Uzumaki", "post_count": 262, "source_profile_id": 1204, "source_type": "profile", "image": {"picURL": "https://static1.personality-database.com/profile_images/d2ab7cc7adbd4dff91526a5df733deae.png"}, "join_to_post": false, "can_pin": false}, {"description": "Hinata was soft-spoken and polite, always addressing people with proper honourifics. She is kind, always thinking of others more than for herself, caring for their feelings and well-being. She doesn't like being confrontational for any reason. This led to her being meek or timid to others, as her overwhelming kindness can render her unable to respond or act for fear of offending somebody. #NanaMizuki #DandereCharacters", "follow_count": 14, "id": 2553, "is_following": false, "is_join_pending": false, "is_banned": false, "is_moderated": false, "name_readable": "Hinata Hy\u016bga", "post_count": 67, "source_profile_id": 2790, "source_type": "profile", "image": {"picURL": "https://static1.personality-database.com/profile_images/35485c1d885e470c9da0370a9e8be6c3.png"}, "join_to_post": false, "can_pin": false}, {"description": "", "follow_count": 15, "id": 1127, "is_following": false, "is_join_pending": false, "is_banned": false, "is_moderated": false, "name_readable": "Sakura Haruno", "post_count": 58, "source_profile_id": 1206, "source_type": "profile", "image": {"picURL": "https://static1.personality-database.com/profile_images/bc23b32373894d6182e6bdd28588a71c.png"}, "join_to_post": false, "can_pin": false}, {"description": "Shikamaru Nara (\u5948\u826f\u30b7\u30ab\u30de\u30eb, Nara Shikamaru) is a shinobi of Konohagakure's Nara clan. Though lazy by nature, Shikamaru has a rare intellect that consistently allows him to prevail in combat. The responsibilities that these successes leave him with cause him frequent annoyance, but he gladly accepts them so that he may be of service to his fellow members of Team Asuma, and to prove himself to generations of the past and future.\n#ShotaroMorikubo", "follow_count": 7, "id": 1988, "is_following": false, "is_join_pending": false, "is_banned": false, "is_moderated": false, "name_readable": "Shikamaru Nara", "post_count": 50, "source_profile_id": 2155, "source_type": "profile", "image": {"picURL": "https://static1.personality-database.com/profile_images/7dc7935d11ea42aa87bff75dc29f65b4.png"}, "join_to_post": false, "can_pin": false}, {"description": "\"I am nobody, and I don't want to be somebody, as long as there is a winner there will be a loser, the thirst for peace will cause wars... and then hate will be born to protect love\"", "follow_count": 8, "id": 3901, "is_following": false, "is_join_pending": false, "is_banned": false, "is_moderated": false, "name_readable": "Obito Uchiha", "post_count": 46, "source_profile_id": 4235, "source_type": "profile", "image": {"picURL": "https://static1.personality-database.com/profile_images/28d38ee6214343d09545d4ab043d1fb1.png"}, "join_to_post": false, "can_pin": false}, {"description": "Itachi Uchiha (\u3046\u3061\u306f\u30a4\u30bf\u30c1, Uchiha Itachi) was a shinobi of Konohagakure's Uchiha clan who served as an Anbu Captain. He later became an international criminal after murdering his entire clan, sparing only his younger brother, Sasuke. He afterwards joined the international criminal organisation known as Akatsuki, whose activity brought him into frequent conflict with Konoha and its ninja \u2014 including Sasuke \u2014 who sought to avenge their clan by killing Itachi. Following his death, Itachi's motives were revealed to be more complicated than they seemed and that his actions were only ever in the interest of his brother and village, making him remain a loyal shinobi of Konohagakure to the very end.", "follow_count": 27, "id": 2372, "is_following": false, "is_join_pending": false, "is_banned": false, "is_moderated": false, "name_readable": "Itachi Uchiha", "post_count": 37, "source_profile_id": 2597, "source_type": "profile", "image": {"picURL": "https://static1.personality-database.com/profile_images/48a5734c93304832a2db3bec1afabe50.png"}, "join_to_post": false, "can_pin": false}, {"description": "Konan is a character in the Naruto series. She is one of the founding members of Akatsuki.\n\n\n#AtsukoTanaka", "follow_count": 5, "id": 6389, "is_following": false, "is_join_pending": false, "is_banned": false, "is_moderated": false, "name_readable": "Konan", "post_count": 35, "source_profile_id": 6838, "source_type": "profile", "image": {"picURL": "https://static1.personality-database.com/profile_images/837e19ab2c6b476298a244bf8e3d9761.png"}, "join_to_post": false, "can_pin": false}, {"description": "Gaara (\u6211\u611b\u7f85, Gaara) is a shinobi of Sunagakure. He was made the jinch\u016briki of the One-Tailed Shukaku before he was born, causing the villagers of Suna to fear him as a monster. With nobody to connect to, Gaara grew up hating the world and looking out only for himself, giving his life meaning by killing anyone he came across. After being defeated by Naruto Uzumaki \u2014 a jinch\u016briki like himself who found strength in his friendships \u2014 Gaara starts emulating him. He becomes Suna's Fifth Kazekage (\u4e94\u4ee3\u76ee\u98a8\u5f71, Godaime Kazekage, literally meaning: Fifth Wind Shadow) so that he can protect the village and all those who live there, dispelling the fears he cast on the villagers.", "follow_count": 16, "id": 674, "is_following": false, "is_join_pending": false, "is_banned": false, "is_moderated": false, "name_readable": "Gaara", "post_count": 30, "source_profile_id": 723, "source_type": "profile", "image": {"picURL": "https://static1.personality-database.com/profile_images/2f60f9698ee94ea4b7272f78c472dafe.png"}, "join_to_post": false, "can_pin": false}, {"description": "Kakashi Hatake (\u306f\u305f\u3051\u30ab\u30ab\u30b7, Hatake Kakashi) is a shinobi of Konohagakure's Hatake clan. Famed as Kakashi of the Sharingan, he is one of Konoha's most talented ninja, regularly looked to for advice and leadership despite his personal dislike of responsibility.", "follow_count": 18, "id": 1128, "is_following": false, "is_join_pending": false, "is_banned": false, "is_moderated": false, "name_readable": "Kakashi Hatake", "post_count": 29, "source_profile_id": 1207, "source_type": "profile", "image": {"picURL": "https://static1.personality-database.com/profile_images/f297608fcdad47d1b89611db0260084f.png"}, "join_to_post": false, "can_pin": false}, {"description": "#TakahiroSakurai", "follow_count": 2, "id": 6392, "is_following": false, "is_join_pending": false, "is_banned": false, "is_moderated": false, "name_readable": "Sasori", "post_count": 19, "source_profile_id": 6841, "source_type": "profile", "image": {"picURL": "https://static1.personality-database.com/profile_images/46aafecc283d4f1b9abcf21db48aeecd.png"}, "join_to_post": false, "can_pin": false}, {"description": "", "follow_count": 1, "id": 1987, "is_following": false, "is_join_pending": false, "is_banned": false, "is_moderated": false, "name_readable": "Orochimaru", "post_count": 17, "source_profile_id": 2154, "source_type": "profile", "image": {"picURL": "https://static1.personality-database.com/profile_images/385e70f9a4874edf89cfd312d8c5c630.png"}, "join_to_post": false, "can_pin": false}, {"description": "", "follow_count": 4, "id": 2371, "is_following": false, "is_join_pending": false, "is_banned": false, "is_moderated": false, "name_readable": "Madara Uchiha", "post_count": 13, "source_profile_id": 2596, "source_type": "profile", "image": {"picURL": "https://static1.personality-database.com/profile_images/a1e6c61cd26846a091dd2e6730284210.png"}, "join_to_post": false, "can_pin": false}, {"description": "#RomiPark", "follow_count": 4, "id": 2696, "is_following": false, "is_join_pending": false, "is_banned": false, "is_moderated": false, "name_readable": "Temari", "post_count": 11, "source_profile_id": 2952, "source_type": "profile", "image": {"picURL": "https://static1.personality-database.com/profile_images/438d1ae458d040779e5de000b63fcca8.png"}, "join_to_post": false, "can_pin": false}, {"description": "", "follow_count": 4, "id": 2695, "is_following": false, "is_join_pending": false, "is_banned": false, "is_moderated": false, "name_readable": "Rock Lee", "post_count": 11, "source_profile_id": 2951, "source_type": "profile", "image": {"picURL": "https://static1.personality-database.com/profile_images/6c3dbec49e1f461ab48721a8e72f70a9.png"}, "join_to_post": false, "can_pin": false}, {"description": "Nagato\u2019s \u201cgod\u201d persona who possesses six bodies with their own unique jutsus called the Six Paths\n#KamidereCharacters", "follow_count": 10, "id": 203404, "is_following": false, "is_join_pending": false, "is_banned": false, "is_moderated": false, "name_readable": "Pain", "post_count": 9, "source_profile_id": 263752, "source_type": "profile", "image": {"picURL": "https://static1.personality-database.com/profile_images/f61ca0a9f99444a6a3a7d257532dfbb5.png"}, "join_to_post": false, "can_pin": false}], "subcategory": "Naruto Shipp\u016bden", "topic_image_url": "https://static1.personality-database.com/profile_images/d2ab7cc7adbd4dff91526a5df733deae.png", "source_location": {"cid": 8, "pid": 2, "sub_cat_id": 89}, "can_post_image": false, "can_post_audio": false, "posts": {"posts": [{"username": "anen", "user_pic_path": "https://lh3.googleusercontent.com/a-/AFdZucqn_usXpDYX6vsF_xHhnAgjo6dFfT61nKzftd613IM=s96-c", "user_personality_type": "ENFP-7w6-784", "is_mod": false, "comment_count": 1, "reply_count": 1, "vote_type": 0, "topics_list": [{"id": 1125, "name_readable": "Naruto Uzumaki"}], "id": 2189510, "post_id": 2189510, "user_id": 278807, "title": "", "content": "ENFP. \u0131f you can't read the function which you clearly see maybe you must try compare naruto with another ESFP mc character ,you will see it Naruto is not an ESFP. \u0131m not gonna tell a whole story again \u0131f you are bl\u0131nd \u0131ts not my problem because \u0131m done with this toxic discussion. peace!!", "create_date": 1673696795000, "unix_timestamp": 1673696795000, "update_date": 1673696795000, "vote_count": 2, "vote_count_down": 0, "is_reported": 1, "is_hidden": false, "is_pinned": false, "is_watching": false, "is_pro_user": false, "images": null, "audios": null, "function_list": [], "type": "post"}, {"username": "D0N", "user_pic_path": "https://lh3.googleusercontent.com/a-/AOh14GgwN4rAQMe0jSaV8-olydoFZlX89-yKfZ8pRCJP5w=s96-c", "user_personality_type": "ISTP-5w6-584", "is_mod": false, "comment_count": 2, "reply_count": 2, "vote_type": 0, "topics_list": [{"id": 1125, "name_readable": "Naruto Uzumaki"}], "id": 2180393, "post_id": 2180393, "user_id": 35769, "title": "Comment on the Mods page", "content": "We need to leave comments on the Personality Database mod\u2019s page that is pinned on the top of this page. They continue to ignore anything related to removing the bot and alt votes on this page and it\u2019s ridiculous.", "create_date": 1673619552000, "unix_timestamp": 1673619552000, "update_date": 1673619552000, "vote_count": 3, "vote_count_down": 0, "is_reported": 0, "is_hidden": false, "is_pinned": false, "is_watching": false, "is_pro_user": false, "images": null, "audios": null, "function_list": [], "type": "post"}, {"username": "Analyst", "user_pic_path": "https://static1.personality-database.com/user_avatars/764907/fb931d82-9ccc-41a2-b603-a131268323cd_small.jpeg", "user_personality_type": "INTP-9w1-954", "is_mod": false, "comment_count": 1, "reply_count": 1, "vote_type": 0, "topics_list": [{"id": 1125, "name_readable": "Naruto Uzumaki"}], "id": 2177883, "post_id": 2177883, "user_id": 764907, "title": "", "content": "The votes has been defended \ud83d\udee1\ufe0f\n Cheers ENFP VOTERS \ud83e\udd42", "create_date": 1673586204000, "unix_timestamp": 1673586204000, "update_date": 1673586204000, "vote_count": 5, "vote_count_down": 0, "is_reported": 0, "is_hidden": false, "is_pinned": false, "is_watching": false, "is_pro_user": false, "images": null, "audios": null, "function_list": [], "type": "post"}]}}}}