{"id": 1207, "mbti_profile": "Kakashi Hatake", "profile_name_searchable": "kakashihatake", "allow_commenting": true, "allow_voting": true, "user_id": 207, "contributor": "Steve Williams", "contributor_create_date": "2015-08-24 00:18:55", "contributor_pic_path": "https://lh3.googleusercontent.com/-XdUIqdMkCWA/AAAAAAAAAAI/AAAAAAAAAAA/4252rscbv5M/photo.jpg", "display_order": 1025, "edit_lock": 0, "edit_lock_picture": 1, "is_active": true, "is_approved": true, "mbti_enneagram_type": "INTP 6w5", "mbti_type": "INTP 6w5", "pdb_comment_access": true, "pdb_page_owner": 0, "pdb_public_access": true, "wiki_description": "Kakashi Hatake (\u306f\u305f\u3051\u30ab\u30ab\u30b7, Hatake Kakashi) is a shinobi of Konohagakure's Hatake clan. Famed as Kakashi of the Sharingan, he is one of Konoha's most talented ninja, regularly looked to for advice and leadership despite his personal dislike of responsibility.", "watch_count": 3785, "comment_count": 787, "vote_count": 3810, "vote_count_enneagram": 744, "vote_count_mbti": 3810, "total_vote_counts": 3813, "personality_type": "INTP - 6w5 - sp/so - 694 - SLI - RCUAI - FLEV - Melancholic-Phlegmatic - IT(N)", "type_updated_date": "2022-11-20 15:52:36", "enneagram_vote": "", "enneagram_vote_id": 0, "mbti_vote": "", "mbti_vote_id": 0, "is_watching": false, "image_exists": false, "profile_image_url": "https://static1.personality-database.com/profile_images/f297608fcdad47d1b89611db0260084f.png", "profile_image_credit": "", "profile_image_credit_id": 0, "profile_image_credit_type": "0", "profile_image_credit_url": "", "alt_subcategory": "", "related_subcategories": "", "cat_id": 8, "category": "Anime & Manga", "category_is_fictional": true, "sub_cat_id": 89, "subcategory": "Naruto Shipp\u016bden", "subcat_link_info": {"sub_cat_id": 89, "cat_id": 8, "property_id": 2, "subcategory": "Naruto Shipp\u016bden"}, "related_subcat_link_info": null, "related_profiles": [{"id": 1205, "mbti_profile": "Sasuke Uchiha", "subcategory": "Naruto Shipp\u016bden", "profile_image_url": "https://static1.personality-database.com/profile_images/9d2e35cdf99b411080c2c2c819988f69.png", "profile_name": "Sasuke Uchiha", "profile_subcat": "Naruto Shipp\u016bden", "sub_cat_id": 89, "cat_id": 8, "property_id": 2, "mbti": "INTJ", "enneatype": "3w4"}, {"id": 1204, "mbti_profile": "Naruto Uzumaki", "subcategory": "Naruto Shipp\u016bden", "profile_image_url": "https://static1.personality-database.com/profile_images/d2ab7cc7adbd4dff91526a5df733deae.png", "profile_name": "Naruto Uzumaki", "profile_subcat": "Naruto Shipp\u016bden", "sub_cat_id": 89, "cat_id": 8, "property_id": 2, "mbti": "ENFP", "enneatype": "3w2"}, {"id": 2597, "mbti_profile": "Itachi Uchiha", "subcategory": "Naruto Shipp\u016bden", "profile_image_url": "https://static1.personality-database.com/profile_images/48a5734c93304832a2db3bec1afabe50.png", "profile_name": "Itachi Uchiha", "profile_subcat": "Naruto Shipp\u016bden", "sub_cat_id": 89, "cat_id": 8, "property_id": 2, "mbti": "INFJ", "enneatype": "1w9"}, {"id": 2790, "mbti_profile": "Hinata Hy\u016bga", "subcategory": "Naruto Shipp\u016bden", "profile_image_url": "https://static1.personality-database.com/profile_images/35485c1d885e470c9da0370a9e8be6c3.png", "profile_name": "Hinata Hy\u016bga", "profile_subcat": "Naruto Shipp\u016bden", "sub_cat_id": 89, "cat_id": 8, "property_id": 2, "mbti": "ISFJ", "enneatype": "9w1"}, {"id": 4235, "mbti_profile": "Obito Uchiha", "subcategory": "Naruto Shipp\u016bden", "profile_image_url": "https://static1.personality-database.com/profile_images/28d38ee6214343d09545d4ab043d1fb1.png", "profile_name": "Obito Uchiha", "profile_subcat": "Naruto Shipp\u016bden", "sub_cat_id": 89, "cat_id": 8, "property_id": 2, "mbti": "ENFP", "enneatype": "4w3"}, {"id": 2155, "mbti_profile": "Shikamaru Nara", "subcategory": "Naruto Shipp\u016bden", "profile_image_url": "https://static1.personality-database.com/profile_images/7dc7935d11ea42aa87bff75dc29f65b4.png", "profile_name": "Shikamaru Nara", "profile_subcat": "Naruto Shipp\u016bden", "sub_cat_id": 89, "cat_id": 8, "property_id": 2, "mbti": "INTP", "enneatype": "9w8"}, {"id": 1206, "mbti_profile": "Sakura Haruno", "subcategory": "Naruto Shipp\u016bden", "profile_image_url": "https://static1.personality-database.com/profile_images/bc23b32373894d6182e6bdd28588a71c.png", "profile_name": "Sakura Haruno", "profile_subcat": "Naruto Shipp\u016bden", "sub_cat_id": 89, "cat_id": 8, "property_id": 2, "mbti": "ESFJ", "enneatype": "2w1"}, {"id": 2596, "mbti_profile": "Madara Uchiha", "subcategory": "Naruto Shipp\u016bden", "profile_image_url": "https://static1.personality-database.com/profile_images/a1e6c61cd26846a091dd2e6730284210.png", "profile_name": "Madara Uchiha", "profile_subcat": "Naruto Shipp\u016bden", "sub_cat_id": 89, "cat_id": 8, "property_id": 2, "mbti": "ENTJ", "enneatype": "8w9"}], "functions": ["Ti", "Ne", "Si", "Fe"], "systems": [{"hex_color": "#888888", "id": 1, "personality_type": "XXXX", "personality_type_id": 0, "system_name": "Four Letter", "system_vote_count": 1957, "user_vote_type_id": 0, "vote_id": 0}, {"hex_color": "#006775", "id": 2, "personality_type": "XXXX", "personality_type_id": 0, "system_name": "Enneagram", "system_vote_count": 720, "user_vote_type_id": 0, "vote_id": 0}, {"hex_color": "#006775", "id": 5, "personality_type": "XXXX", "personality_type_id": 0, "system_name": "Instinctual Variant", "system_vote_count": 276, "user_vote_type_id": 0, "vote_id": 0}, {"hex_color": "#006775", "id": 6, "personality_type": "XXXX", "personality_type_id": 0, "system_name": "Tritype", "system_vote_count": 196, "user_vote_type_id": 0, "vote_id": 0}, {"hex_color": "#888888", "id": 3, "personality_type": "XXXX", "personality_type_id": 0, "system_name": "Socionics", "system_vote_count": 138, "user_vote_type_id": 0, "vote_id": 0}, {"hex_color": "#888888", "id": 9, "personality_type": "XXXX", "personality_type_id": 0, "system_name": "Big 5 (SLOAN)", "system_vote_count": 92, "user_vote_type_id": 0, "vote_id": 0}, {"hex_color": "#888888", "id": 8, "personality_type": "XXXX", "personality_type_id": 0, "system_name": "Attitudinal Psyche", "system_vote_count": 85, "user_vote_type_id": 0, "vote_id": 0}, {"hex_color": "#888888", "id": 7, "personality_type": "XXXX", "personality_type_id": 0, "system_name": "Temperaments", "system_vote_count": 238, "user_vote_type_id": 0, "vote_id": 0}, {"hex_color": "#888888", "id": 11, "personality_type": "XXXX", "personality_type_id": 0, "system_name": "Classic Jungian", "system_vote_count": 36, "user_vote_type_id": 0, "vote_id": 0}], "breakdown_systems": {"1": [{"myValue": "INTP", "personality_system_id": 1, "personality_type": "INTP", "theCount": 1498}, {"myValue": "ISTP", "personality_system_id": 1, "personality_type": "ISTP", "theCount": 320}, {"myValue": "INTJ", "personality_system_id": 1, "personality_type": "INTJ", "theCount": 60}, {"myValue": "ISTJ", "personality_system_id": 1, "personality_type": "ISTJ", "theCount": 38}, {"myValue": "ENTP", "personality_system_id": 1, "personality_type": "ENTP", "theCount": 12}, {"myValue": "ISFP", "personality_system_id": 1, "personality_type": "ISFP", "theCount": 6}, {"myValue": "INFP", "personality_system_id": 1, "personality_type": "INFP", "theCount": 4}, {"myValue": "ISFJ", "personality_system_id": 1, "personality_type": "ISFJ", "theCount": 4}, {"myValue": "ENTJ", "personality_system_id": 1, "personality_type": "ENTJ", "theCount": 3}, {"myValue": "ESFP", "personality_system_id": 1, "personality_type": "ESFP", "theCount": 3}, {"myValue": "ENFP", "personality_system_id": 1, "personality_type": "ENFP", "theCount": 2}, {"myValue": "ESFJ", "personality_system_id": 1, "personality_type": "ESFJ", "theCount": 2}, {"myValue": "INFJ", "personality_system_id": 1, "personality_type": "INFJ", "theCount": 2}, {"myValue": "ENFJ", "personality_system_id": 1, "personality_type": "ENFJ", "theCount": 1}, {"myValue": "ESTJ", "personality_system_id": 1, "personality_type": "ESTJ", "theCount": 1}, {"myValue": "ESTP", "personality_system_id": 1, "personality_type": "ESTP", "theCount": 1}], "10": [{"myValue": "Left-brained Introvert", "personality_system_id": 10, "personality_type": "Left-brained Introvert", "theCount": 1}], "11": [{"myValue": "IT(N)", "personality_system_id": 11, "personality_type": "IT(N)", "theCount": 20}, {"myValue": "IT(S)", "personality_system_id": 11, "personality_type": "IT(S)", "theCount": 12}, {"myValue": "IF(N)", "personality_system_id": 11, "personality_type": "IF(N)", "theCount": 1}, {"myValue": "IN(T)", "personality_system_id": 11, "personality_type": "IN(T)", "theCount": 1}, {"myValue": "IS(F)", "personality_system_id": 11, "personality_type": "IS(F)", "theCount": 1}, {"myValue": "IS(T)", "personality_system_id": 11, "personality_type": "IS(T)", "theCount": 1}], "2": [{"myValue": "6w5", "personality_system_id": 2, "personality_type": "6w5", "theCount": 557}, {"myValue": "5w6", "personality_system_id": 2, "personality_type": "5w6", "theCount": 83}, {"myValue": "9w8", "personality_system_id": 2, "personality_type": "9w8", "theCount": 33}, {"myValue": "5w4", "personality_system_id": 2, "personality_type": "5w4", "theCount": 11}, {"myValue": "3w2", "personality_system_id": 2, "personality_type": "3w2", "theCount": 6}, {"myValue": "1w9", "personality_system_id": 2, "personality_type": "1w9", "theCount": 4}, {"myValue": "3w4", "personality_system_id": 2, "personality_type": "3w4", "theCount": 4}, {"myValue": "4w5", "personality_system_id": 2, "personality_type": "4w5", "theCount": 4}, {"myValue": "9w1", "personality_system_id": 2, "personality_type": "9w1", "theCount": 4}, {"myValue": "2w3", "personality_system_id": 2, "personality_type": "2w3", "theCount": 3}, {"myValue": "6w7", "personality_system_id": 2, "personality_type": "6w7", "theCount": 3}, {"myValue": "7w8", "personality_system_id": 2, "personality_type": "7w8", "theCount": 3}, {"myValue": "2w1", "personality_system_id": 2, "personality_type": "2w1", "theCount": 1}, {"myValue": "4w3", "personality_system_id": 2, "personality_type": "4w3", "theCount": 1}, {"myValue": "7w6", "personality_system_id": 2, "personality_type": "7w6", "theCount": 1}, {"myValue": "8w7", "personality_system_id": 2, "personality_type": "8w7", "theCount": 1}, {"myValue": "8w9", "personality_system_id": 2, "personality_type": "8w9", "theCount": 1}], "3": [{"myValue": "SLI", "personality_system_id": 3, "personality_type": "SLI", "theCount": 104}, {"myValue": "LII", "personality_system_id": 3, "personality_type": "LII", "theCount": 20}, {"myValue": "LSI", "personality_system_id": 3, "personality_type": "LSI", "theCount": 8}, {"myValue": "ILI", "personality_system_id": 3, "personality_type": "ILI", "theCount": 5}, {"myValue": "IEE", "personality_system_id": 3, "personality_type": "IEE", "theCount": 1}], "4": [{"myValue": "Neutral Good", "personality_system_id": 4, "personality_type": "Neutral Good", "theCount": 56}, {"myValue": "True Neutral", "personality_system_id": 4, "personality_type": "True Neutral", "theCount": 7}, {"myValue": "Lawful Good", "personality_system_id": 4, "personality_type": "Lawful Good", "theCount": 4}, {"myValue": "Lawful Neutral", "personality_system_id": 4, "personality_type": "Lawful Neutral", "theCount": 4}, {"myValue": "Chaotic Neutral", "personality_system_id": 4, "personality_type": "Chaotic Neutral", "theCount": 2}, {"myValue": "Chaotic Good", "personality_system_id": 4, "personality_type": "Chaotic Good", "theCount": 1}], "5": [{"myValue": "sp/so", "personality_system_id": 5, "personality_type": "sp/so", "theCount": 163}, {"myValue": "so/sp", "personality_system_id": 5, "personality_type": "so/sp", "theCount": 92}, {"myValue": "sp/sx", "personality_system_id": 5, "personality_type": "sp/sx", "theCount": 8}, {"myValue": "sx/so", "personality_system_id": 5, "personality_type": "sx/so", "theCount": 5}, {"myValue": "so/sx", "personality_system_id": 5, "personality_type": "so/sx", "theCount": 4}, {"myValue": "sx/sp", "personality_system_id": 5, "personality_type": "sx/sp", "theCount": 4}], "6": [{"myValue": "694", "personality_system_id": 6, "personality_type": "694", "theCount": 132}, {"myValue": "594", "personality_system_id": 6, "personality_type": "594", "theCount": 9}, {"myValue": "649", "personality_system_id": 6, "personality_type": "649", "theCount": 9}, {"myValue": "692", "personality_system_id": 6, "personality_type": "692", "theCount": 7}, {"myValue": "964", "personality_system_id": 6, "personality_type": "964", "theCount": 7}, {"myValue": "693", "personality_system_id": 6, "personality_type": "693", "theCount": 6}, {"myValue": "613", "personality_system_id": 6, "personality_type": "613", "theCount": 4}, {"myValue": "469", "personality_system_id": 6, "personality_type": "469", "theCount": 3}, {"myValue": "514", "personality_system_id": 6, "personality_type": "514", "theCount": 3}, {"myValue": "614", "personality_system_id": 6, "personality_type": "614", "theCount": 3}, {"myValue": "592", "personality_system_id": 6, "personality_type": "592", "theCount": 2}, {"myValue": "593", "personality_system_id": 6, "personality_type": "593", "theCount": 2}, {"myValue": "954", "personality_system_id": 6, "personality_type": "954", "theCount": 2}, {"myValue": "126", "personality_system_id": 6, "personality_type": "126", "theCount": 1}, {"myValue": "451", "personality_system_id": 6, "personality_type": "451", "theCount": 1}, {"myValue": "738", "personality_system_id": 6, "personality_type": "738", "theCount": 1}, {"myValue": "925", "personality_system_id": 6, "personality_type": "925", "theCount": 1}, {"myValue": "952", "personality_system_id": 6, "personality_type": "952", "theCount": 1}, {"myValue": "953", "personality_system_id": 6, "personality_type": "953", "theCount": 1}, {"myValue": "962", "personality_system_id": 6, "personality_type": "962", "theCount": 1}], "7": [{"myValue": "Melancholic-Phlegmatic", "personality_system_id": 7, "personality_type": "Melancholic-Phlegmatic", "theCount": 118}, {"myValue": "Phlegmatic-Melancholic", "personality_system_id": 7, "personality_type": "Phlegmatic-Melancholic", "theCount": 77}, {"myValue": "Phlegmatic [Dominant]", "personality_system_id": 7, "personality_type": "Phlegmatic [Dominant]", "theCount": 17}, {"myValue": "Melancholic [Dominant]", "personality_system_id": 7, "personality_type": "Melancholic [Dominant]", "theCount": 8}, {"myValue": "Phlegmatic-Choleric", "personality_system_id": 7, "personality_type": "Phlegmatic-Choleric", "theCount": 6}, {"myValue": "Melancholic-Choleric", "personality_system_id": 7, "personality_type": "Melancholic-Choleric", "theCount": 2}, {"myValue": "Melancholic-Sanguine", "personality_system_id": 7, "personality_type": "Melancholic-Sanguine", "theCount": 2}, {"myValue": "Phlegmatic-Sanguine", "personality_system_id": 7, "personality_type": "Phlegmatic-Sanguine", "theCount": 2}, {"myValue": "Sanguine-Phlegmatic", "personality_system_id": 7, "personality_type": "Sanguine-Phlegmatic", "theCount": 2}, {"myValue": "Choleric-Phlegmatic", "personality_system_id": 7, "personality_type": "Choleric-Phlegmatic", "theCount": 1}, {"myValue": "Choleric-Sanguine", "personality_system_id": 7, "personality_type": "Choleric-Sanguine", "theCount": 1}, {"myValue": "Sanguine [Dominant]", "personality_system_id": 7, "personality_type": "Sanguine [Dominant]", "theCount": 1}, {"myValue": "Sanguine-Melancholic", "personality_system_id": 7, "personality_type": "Sanguine-Melancholic", "theCount": 1}], "8": [{"myValue": "FLEV", "personality_system_id": 8, "personality_type": "FLEV", "theCount": 37}, {"myValue": "LFEV", "personality_system_id": 8, "personality_type": "LFEV", "theCount": 29}, {"myValue": "VLEF", "personality_system_id": 8, "personality_type": "VLEF", "theCount": 5}, {"myValue": "LVFE", "personality_system_id": 8, "personality_type": "LVFE", "theCount": 3}, {"myValue": "FVLE", "personality_system_id": 8, "personality_type": "FVLE", "theCount": 2}, {"myValue": "LVEF", "personality_system_id": 8, "personality_type": "LVEF", "theCount": 2}, {"myValue": "EVFL", "personality_system_id": 8, "personality_type": "EVFL", "theCount": 1}, {"myValue": "FLVE", "personality_system_id": 8, "personality_type": "FLVE", "theCount": 1}, {"myValue": "FVEL", "personality_system_id": 8, "personality_type": "FVEL", "theCount": 1}, {"myValue": "LEFV", "personality_system_id": 8, "personality_type": "LEFV", "theCount": 1}, {"myValue": "LFVE", "personality_system_id": 8, "personality_type": "LFVE", "theCount": 1}, {"myValue": "VFEL", "personality_system_id": 8, "personality_type": "VFEL", "theCount": 1}, {"myValue": "VFLE", "personality_system_id": 8, "personality_type": "VFLE", "theCount": 1}], "9": [{"myValue": "RCUAI", "personality_system_id": 9, "personality_type": "RCUAI", "theCount": 69}, {"myValue": "RCUEN", "personality_system_id": 9, "personality_type": "RCUEN", "theCount": 7}, {"myValue": "RCOAI", "personality_system_id": 9, "personality_type": "RCOAI", "theCount": 5}, {"myValue": "RLUAI", "personality_system_id": 9, "personality_type": "RLUAI", "theCount": 3}, {"myValue": "RCOEI", "personality_system_id": 9, "personality_type": "RCOEI", "theCount": 2}, {"myValue": "RCUAN", "personality_system_id": 9, "personality_type": "RCUAN", "theCount": 2}, {"myValue": "RCUEI", "personality_system_id": 9, "personality_type": "RCUEI", "theCount": 2}, {"myValue": "RLOEN", "personality_system_id": 9, "personality_type": "RLOEN", "theCount": 1}, {"myValue": "RLUAN", "personality_system_id": 9, "personality_type": "RLUAN", "theCount": 1}]}, "breakdown_config": {"expand": {"1": 3, "10": 1, "11": 2, "2": 3, "3": 1, "4": 1, "5": 2, "6": 1, "7": 2, "8": 2, "9": 1}, "fire": {"1": 0, "10": 0, "11": 1, "2": 0, "3": 0, "4": 0, "5": 1, "6": 0, "7": 1, "8": 1, "9": 0}}, "mbti_letter_stats": [{"type": "I", "percentage": "99%", "PercentageFloat": 0.9872253449156873}, {"type": "N", "percentage": "81%", "PercentageFloat": 0.8083801737353091}, {"type": "T", "percentage": "99%", "PercentageFloat": 0.9877363311190598}, {"type": "P", "percentage": "94%", "PercentageFloat": 0.9432805314256515}], "topic_info": {"can_generate": false, "topic": {"description": "Kakashi Hatake (\u306f\u305f\u3051\u30ab\u30ab\u30b7, Hatake Kakashi) is a shinobi of Konohagakure's Hatake clan. Famed as Kakashi of the Sharingan, he is one of Konoha's most talented ninja, regularly looked to for advice and leadership despite his personal dislike of responsibility.", "follow_count": 18, "id": 1128, "is_following": false, "is_join_pending": false, "is_banned": false, "is_moderated": false, "name_readable": "Kakashi Hatake", "post_count": 29, "source_profile_id": 1207, "source_type": "profile", "join_to_post": false, "can_pin": false, "related_topics": [{"description": "Sasuke Uchiha is the deuteragonist of the Naruto franchise and one of the main supporting characters in the Boruto: Naruto Next Generations anime/manga series.", "follow_count": 137, "id": 1126, "is_following": false, "is_join_pending": false, "is_banned": false, "is_moderated": false, "name_readable": "Sasuke Uchiha", "post_count": 661, "source_profile_id": 1205, "source_type": "profile", "image": {"picURL": "https://static1.personality-database.com/profile_images/9d2e35cdf99b411080c2c2c819988f69.png"}, "join_to_post": false, "can_pin": false}, {"description": "Naruto Uzumaki (\u3046\u305a\u307e\u304d\u30ca\u30eb\u30c8, Uzumaki Naruto) is a shinobi of Konohagakure's Uzumaki clan. He became the jinch\u016briki of the Nine-Tails on the day of his birth \u2014 a fate that caused him to be shunned by most of Konoha throughout his childhood. After joining Team Kakashi, Naruto worked hard to gain the village's acknowledgement all the while chasing his dream to become Hokage. In the following years, through many hardships and ordeals, he became a capable ninja regarded as a hero both by the villagers, and soon after, the rest of the world, becoming known as the Hero of the Hidden Leaf (\u6728\u30ce\u8449\u96a0\u308c\u306e\u82f1\u96c4, Konohagakure no Eiy\u016b, Literally meaning: Hero of the Hidden Tree Leaves). He soon proved to be one of the main factors in winning the Fourth Shinobi World War, leading him to achieve his dream and become the village's Seventh Hokage (\u4e03\u4ee3\u76ee\u706b\u5f71, Nanadaime Hokage, Literally meaning: Seventh Fire Shadow).", "follow_count": 40, "id": 1125, "is_following": false, "is_join_pending": false, "is_banned": false, "is_moderated": false, "name_readable": "Naruto Uzumaki", "post_count": 262, "source_profile_id": 1204, "source_type": "profile", "image": {"picURL": "https://static1.personality-database.com/profile_images/d2ab7cc7adbd4dff91526a5df733deae.png"}, "join_to_post": false, "can_pin": false}, {"description": "Hinata was soft-spoken and polite, always addressing people with proper honourifics. She is kind, always thinking of others more than for herself, caring for their feelings and well-being. She doesn't like being confrontational for any reason. This led to her being meek or timid to others, as her overwhelming kindness can render her unable to respond or act for fear of offending somebody. #NanaMizuki #DandereCharacters", "follow_count": 14, "id": 2553, "is_following": false, "is_join_pending": false, "is_banned": false, "is_moderated": false, "name_readable": "Hinata Hy\u016bga", "post_count": 67, "source_profile_id": 2790, "source_type": "profile", "image": {"picURL": "https://static1.personality-database.com/profile_images/35485c1d885e470c9da0370a9e8be6c3.png"}, "join_to_post": false, "can_pin": false}, {"description": "", "follow_count": 15, "id": 1127, "is_following": false, "is_join_pending": false, "is_banned": false, "is_moderated": false, "name_readable": "Sakura Haruno", "post_count": 58, "source_profile_id": 1206, "source_type": "profile", "image": {"picURL": "https://static1.personality-database.com/profile_images/bc23b32373894d6182e6bdd28588a71c.png"}, "join_to_post": false, "can_pin": false}, {"description": "Shikamaru Nara (\u5948\u826f\u30b7\u30ab\u30de\u30eb, Nara Shikamaru) is a shinobi of Konohagakure's Nara clan. Though lazy by nature, Shikamaru has a rare intellect that consistently allows him to prevail in combat. The responsibilities that these successes leave him with cause him frequent annoyance, but he gladly accepts them so that he may be of service to his fellow members of Team Asuma, and to prove himself to generations of the past and future.\n#ShotaroMorikubo", "follow_count": 7, "id": 1988, "is_following": false, "is_join_pending": false, "is_banned": false, "is_moderated": false, "name_readable": "Shikamaru Nara", "post_count": 50, "source_profile_id": 2155, "source_type": "profile", "image": {"picURL": "https://static1.personality-database.com/profile_images/7dc7935d11ea42aa87bff75dc29f65b4.png"}, "join_to_post": false, "can_pin": false}, {"description": "\"I am nobody, and I don't want to be somebody, as long as there is a winner there will be a loser, the thirst for peace will cause wars... and then hate will be born to protect love\"", "follow_count": 8, "id": 3901, "is_following": false, "is_join_pending": false, "is_banned": false, "is_moderated": false, "name_readable": "Obito Uchiha", "post_count": 46, "source_profile_id": 4235, "source_type": "profile", "image": {"picURL": "https://static1.personality-database.com/profile_images/28d38ee6214343d09545d4ab043d1fb1.png"}, "join_to_post": false, "can_pin": false}, {"description": "Itachi Uchiha (\u3046\u3061\u306f\u30a4\u30bf\u30c1, Uchiha Itachi) was a shinobi of Konohagakure's Uchiha clan who served as an Anbu Captain. He later became an international criminal after murdering his entire clan, sparing only his younger brother, Sasuke. He afterwards joined the international criminal organisation known as Akatsuki, whose activity brought him into frequent conflict with Konoha and its ninja \u2014 including Sasuke \u2014 who sought to avenge their clan by killing Itachi. Following his death, Itachi's motives were revealed to be more complicated than they seemed and that his actions were only ever in the interest of his brother and village, making him remain a loyal shinobi of Konohagakure to the very end.", "follow_count": 27, "id": 2372, "is_following": false, "is_join_pending": false, "is_banned": false, "is_moderated": false, "name_readable": "Itachi Uchiha", "post_count": 37, "source_profile_id": 2597, "source_type": "profile", "image": {"picURL": "https://static1.personality-database.com/profile_images/48a5734c93304832a2db3bec1afabe50.png"}, "join_to_post": false, "can_pin": false}, {"description": "Konan is a character in the Naruto series. She is one of the founding members of Akatsuki.\n\n\n#AtsukoTanaka", "follow_count": 5, "id": 6389, "is_following": false, "is_join_pending": false, "is_banned": false, "is_moderated": false, "name_readable": "Konan", "post_count": 35, "source_profile_id": 6838, "source_type": "profile", "image": {"picURL": "https://static1.personality-database.com/profile_images/837e19ab2c6b476298a244bf8e3d9761.png"}, "join_to_post": false, "can_pin": false}, {"description": "Gaara (\u6211\u611b\u7f85, Gaara) is a shinobi of Sunagakure. He was made the jinch\u016briki of the One-Tailed Shukaku before he was born, causing the villagers of Suna to fear him as a monster. With nobody to connect to, Gaara grew up hating the world and looking out only for himself, giving his life meaning by killing anyone he came across. After being defeated by Naruto Uzumaki \u2014 a jinch\u016briki like himself who found strength in his friendships \u2014 Gaara starts emulating him. He becomes Suna's Fifth Kazekage (\u4e94\u4ee3\u76ee\u98a8\u5f71, Godaime Kazekage, literally meaning: Fifth Wind Shadow) so that he can protect the village and all those who live there, dispelling the fears he cast on the villagers.", "follow_count": 16, "id": 674, "is_following": false, "is_join_pending": false, "is_banned": false, "is_moderated": false, "name_readable": "Gaara", "post_count": 30, "source_profile_id": 723, "source_type": "profile", "image": {"picURL": "https://static1.personality-database.com/profile_images/2f60f9698ee94ea4b7272f78c472dafe.png"}, "join_to_post": false, "can_pin": false}, {"description": "Kakashi Hatake (\u306f\u305f\u3051\u30ab\u30ab\u30b7, Hatake Kakashi) is a shinobi of Konohagakure's Hatake clan. Famed as Kakashi of the Sharingan, he is one of Konoha's most talented ninja, regularly looked to for advice and leadership despite his personal dislike of responsibility.", "follow_count": 18, "id": 1128, "is_following": false, "is_join_pending": false, "is_banned": false, "is_moderated": false, "name_readable": "Kakashi Hatake", "post_count": 29, "source_profile_id": 1207, "source_type": "profile", "image": {"picURL": "https://static1.personality-database.com/profile_images/f297608fcdad47d1b89611db0260084f.png"}, "join_to_post": false, "can_pin": false}, {"description": "#TakahiroSakurai", "follow_count": 2, "id": 6392, "is_following": false, "is_join_pending": false, "is_banned": false, "is_moderated": false, "name_readable": "Sasori", "post_count": 19, "source_profile_id": 6841, "source_type": "profile", "image": {"picURL": "https://static1.personality-database.com/profile_images/46aafecc283d4f1b9abcf21db48aeecd.png"}, "join_to_post": false, "can_pin": false}, {"description": "", "follow_count": 1, "id": 1987, "is_following": false, "is_join_pending": false, "is_banned": false, "is_moderated": false, "name_readable": "Orochimaru", "post_count": 17, "source_profile_id": 2154, "source_type": "profile", "image": {"picURL": "https://static1.personality-database.com/profile_images/385e70f9a4874edf89cfd312d8c5c630.png"}, "join_to_post": false, "can_pin": false}, {"description": "", "follow_count": 4, "id": 2371, "is_following": false, "is_join_pending": false, "is_banned": false, "is_moderated": false, "name_readable": "Madara Uchiha", "post_count": 13, "source_profile_id": 2596, "source_type": "profile", "image": {"picURL": "https://static1.personality-database.com/profile_images/a1e6c61cd26846a091dd2e6730284210.png"}, "join_to_post": false, "can_pin": false}, {"description": "#RomiPark", "follow_count": 4, "id": 2696, "is_following": false, "is_join_pending": false, "is_banned": false, "is_moderated": false, "name_readable": "Temari", "post_count": 11, "source_profile_id": 2952, "source_type": "profile", "image": {"picURL": "https://static1.personality-database.com/profile_images/438d1ae458d040779e5de000b63fcca8.png"}, "join_to_post": false, "can_pin": false}, {"description": "", "follow_count": 4, "id": 2695, "is_following": false, "is_join_pending": false, "is_banned": false, "is_moderated": false, "name_readable": "Rock Lee", "post_count": 11, "source_profile_id": 2951, "source_type": "profile", "image": {"picURL": "https://static1.personality-database.com/profile_images/6c3dbec49e1f461ab48721a8e72f70a9.png"}, "join_to_post": false, "can_pin": false}, {"description": "Nagato\u2019s \u201cgod\u201d persona who possesses six bodies with their own unique jutsus called the Six Paths\n#KamidereCharacters", "follow_count": 10, "id": 203404, "is_following": false, "is_join_pending": false, "is_banned": false, "is_moderated": false, "name_readable": "Pain", "post_count": 9, "source_profile_id": 263752, "source_type": "profile", "image": {"picURL": "https://static1.personality-database.com/profile_images/f61ca0a9f99444a6a3a7d257532dfbb5.png"}, "join_to_post": false, "can_pin": false}], "subcategory": "Naruto Shipp\u016bden", "topic_image_url": "https://static1.personality-database.com/profile_images/f297608fcdad47d1b89611db0260084f.png", "source_location": {"cid": 8, "pid": 2, "sub_cat_id": 89}, "can_post_image": false, "can_post_audio": false, "posts": {"posts": [{"username": "ntyamnin", "user_pic_path": "https://static1.personality-database.com/user_avatars/1622974/5798434d-cab1-4639-b287-2bcfffa00636_small.jpeg", "user_personality_type": "INTP", "is_mod": false, "comment_count": 0, "reply_count": 0, "vote_type": 0, "topics_list": [{"id": 1128, "name_readable": "Kakashi Hatake"}], "id": 2017598, "post_id": 2017598, "user_id": 1622974, "title": "", "content": "100% like me", "create_date": 1671978642000, "unix_timestamp": 1671978642000, "update_date": 1671978642000, "vote_count": 0, "vote_count_down": 0, "is_reported": 0, "is_hidden": false, "is_pinned": false, "is_watching": false, "is_pro_user": false, "images": null, "audios": null, "function_list": [], "type": "post"}, {"username": "CherryBlossom", "user_pic_path": "", "user_personality_type": "INTP-6w5", "is_mod": false, "comment_count": 2, "reply_count": 2, "vote_type": 0, "topics_list": [{"id": 1128, "name_readable": "Kakashi Hatake"}], "id": 1772498, "post_id": 1772498, "user_id": 1139801, "title": "", "content": "I hate Naruto but Kakashi is def one of my fav characters of all time \nalso, same enneagram and four letter/mbti  yayy", "create_date": 1668171215000, "unix_timestamp": 1668171215000, "update_date": 1668171215000, "vote_count": 3, "vote_count_down": 0, "is_reported": 1, "is_hidden": false, "is_pinned": false, "is_watching": false, "is_pro_user": false, "images": null, "audios": null, "function_list": [], "type": "post"}, {"username": "profuse_woodcarver_7536", "user_pic_path": "https://lh3.googleusercontent.com/a/ALm5wu109g6d1xiBWHSdmpNt-F0yWpIRg3a0DaLxkBCR=s96-c", "user_personality_type": "XXXX", "is_mod": false, "comment_count": 0, "reply_count": 0, "vote_type": 0, "topics_list": [{"id": 1128, "name_readable": "Kakashi Hatake"}], "id": 1700087, "post_id": 1700087, "user_id": 1214818, "title": "\u0627\u0639\u0639\u0639\u0639 \u0643\u0627\u0643\u0627\u0634\u064a\ud83d\ude14\ud83d\udc9f\ud83d\udc9f\ud83d\udc9f", "content": "\u0648\u0636\u0639\u064a \u0648\u0643\u0627\u0643\u0627\u0634\u064a \u0645\u0648 \u0646\u0641\u0633 \u0646\u0645\u0637\u064a:\ud83c\udf1d\ud83d\udc94", "create_date": 1667931095000, "unix_timestamp": 1667931095000, "update_date": 1667931095000, "vote_count": 6, "vote_count_down": 0, "is_reported": 0, "is_hidden": false, "is_pinned": false, "is_watching": false, "is_pro_user": false, "images": null, "audios": null, "function_list": [], "type": "post"}]}}}}