{"id": 1213, "mbti_profile": "Nico Robin", "profile_name_searchable": "nicorobin", "allow_commenting": true, "allow_voting": true, "user_id": 207, "contributor": "Steve Williams", "contributor_create_date": "2015-08-24 00:46:08", "contributor_pic_path": "https://lh3.googleusercontent.com/-XdUIqdMkCWA/AAAAAAAAAAI/AAAAAAAAAAA/4252rscbv5M/photo.jpg", "display_order": 0, "edit_lock": 0, "edit_lock_picture": 0, "is_active": true, "is_approved": true, "mbti_enneagram_type": "INTP 5w6", "mbti_type": "INTP 5w6", "pdb_comment_access": true, "pdb_page_owner": 0, "pdb_public_access": true, "wiki_description": "Nico Robin, also known by her epithet \"Devil Child\" and the \"Light of the Revolution\", is a girlboss and is part of the Straw Hat Pirates. She is the seventh member of the crew and the sixth to join, doing so at the end of the Alabasta Arc", "watch_count": 1883, "comment_count": 292, "vote_count": 1046, "vote_count_enneagram": 413, "vote_count_mbti": 1046, "total_vote_counts": 2045, "personality_type": "INTP - 5w6 - sp/so - 514 - ILI - RCOAI - LVEF - Melancholic-Phlegmatic - IT(N)", "type_updated_date": "2022-12-09 05:25:07", "enneagram_vote": "", "enneagram_vote_id": 0, "mbti_vote": "", "mbti_vote_id": 0, "is_watching": false, "image_exists": true, "profile_image_url": "https://static1.personality-database.com/profile_images/904644c89a0c46688557378ea9f60a21.png", "profile_image_credit": "", "profile_image_credit_id": 0, "profile_image_credit_type": "0", "profile_image_credit_url": "", "alt_subcategory": "", "related_subcategories": "", "cat_id": 8, "category": "Anime & Manga", "category_is_fictional": true, "sub_cat_id": 134, "subcategory": "One Piece", "subcat_link_info": {"sub_cat_id": 134, "cat_id": 8, "property_id": 2, "subcategory": "One Piece"}, "related_subcat_link_info": null, "related_profiles": [{"id": 1220, "mbti_profile": "Monkey D. Luffy", "subcategory": "One Piece", "profile_image_url": "https://static1.personality-database.com/profile_images/8d9ee4e65c664cafb7f72384a9ee2e44.png", "profile_name": "Monkey D. Luffy", "profile_subcat": "One Piece", "sub_cat_id": 134, "cat_id": 8, "property_id": 2, "mbti": "ESFP", "enneatype": "7w8"}, {"id": 1221, "mbti_profile": "Usopp", "subcategory": "One Piece", "profile_image_url": "https://static1.personality-database.com/profile_images/f5b94eff986144d685c6535fa23c6380.png", "profile_name": "Usopp", "profile_subcat": "One Piece", "sub_cat_id": 134, "cat_id": 8, "property_id": 2, "mbti": "ENTP", "enneatype": "6w7"}, {"id": 1214, "mbti_profile": "Roronoa Zoro", "subcategory": "One Piece", "profile_image_url": "https://static1.personality-database.com/profile_images/c696fb2d2e0c4c748b0cc2731a1ed80c.png", "profile_name": "Roronoa Zoro", "profile_subcat": "One Piece", "sub_cat_id": 134, "cat_id": 8, "property_id": 2, "mbti": "ISTP", "enneatype": "8w9"}, {"id": 1222, "mbti_profile": "Vinsmoke\u00a0Sanji", "subcategory": "One Piece", "profile_image_url": "https://static1.personality-database.com/profile_images/0c4e49bde5e54a1cb5ebccfda7ae799d.png", "profile_name": "Vinsmoke\u00a0Sanji", "profile_subcat": "One Piece", "sub_cat_id": 134, "cat_id": 8, "property_id": 2, "mbti": "ENFJ", "enneatype": "1w2"}, {"id": 1225, "mbti_profile": "Nami", "subcategory": "One Piece", "profile_image_url": "https://static1.personality-database.com/profile_images/e032833421264f89af02a9ee2f9dd0c2.png", "profile_name": "Nami", "profile_subcat": "One Piece", "sub_cat_id": 134, "cat_id": 8, "property_id": 2, "mbti": "ESTJ", "enneatype": "6w5"}, {"id": 1218, "mbti_profile": "Portgas D. Ace", "subcategory": "One Piece", "profile_image_url": "https://static1.personality-database.com/profile_images/0bfe7777506d46d19a79c72c52465887.png", "profile_name": "Portgas D. Ace", "profile_subcat": "One Piece", "sub_cat_id": 134, "cat_id": 8, "property_id": 2, "mbti": "ESTP", "enneatype": "6w7"}, {"id": 1217, "mbti_profile": "Trafalgar D. Water Law", "subcategory": "One Piece", "profile_image_url": "https://static1.personality-database.com/profile_images/9a8b745d2dc3491c8e6b3d0d4f9686ed.png", "profile_name": "Trafalgar D. Water Law", "profile_subcat": "One Piece", "sub_cat_id": 134, "cat_id": 8, "property_id": 2, "mbti": "INTJ", "enneatype": "5w6"}, {"id": 22443, "mbti_profile": "Marshall D. Teach \u201cBlackbeard\u201d", "subcategory": "One Piece", "profile_image_url": "https://static1.personality-database.com/profile_images/02d14ee6e31b428e9636cb5c5577473e.png", "profile_name": "Marshall D. Teach \u201cBlackbeard\u201d", "profile_subcat": "One Piece", "sub_cat_id": 134, "cat_id": 8, "property_id": 2, "mbti": "ENFP", "enneatype": "8w7"}], "functions": ["Ti", "Ne", "Si", "Fe"], "systems": [{"hex_color": "#888888", "id": 1, "personality_type": "XXXX", "personality_type_id": 0, "system_name": "Four Letter", "system_vote_count": 1011, "user_vote_type_id": 0, "vote_id": 0}, {"hex_color": "#006775", "id": 2, "personality_type": "XXXX", "personality_type_id": 0, "system_name": "Enneagram", "system_vote_count": 397, "user_vote_type_id": 0, "vote_id": 0}, {"hex_color": "#006775", "id": 5, "personality_type": "XXXX", "personality_type_id": 0, "system_name": "Instinctual Variant", "system_vote_count": 146, "user_vote_type_id": 0, "vote_id": 0}, {"hex_color": "#006775", "id": 6, "personality_type": "XXXX", "personality_type_id": 0, "system_name": "Tritype", "system_vote_count": 117, "user_vote_type_id": 0, "vote_id": 0}, {"hex_color": "#888888", "id": 3, "personality_type": "XXXX", "personality_type_id": 0, "system_name": "Socionics", "system_vote_count": 83, "user_vote_type_id": 0, "vote_id": 0}, {"hex_color": "#888888", "id": 9, "personality_type": "XXXX", "personality_type_id": 0, "system_name": "Big 5 (SLOAN)", "system_vote_count": 65, "user_vote_type_id": 0, "vote_id": 0}, {"hex_color": "#888888", "id": 8, "personality_type": "XXXX", "personality_type_id": 0, "system_name": "Attitudinal Psyche", "system_vote_count": 45, "user_vote_type_id": 0, "vote_id": 0}, {"hex_color": "#888888", "id": 7, "personality_type": "XXXX", "personality_type_id": 0, "system_name": "Temperaments", "system_vote_count": 122, "user_vote_type_id": 0, "vote_id": 0}, {"hex_color": "#888888", "id": 11, "personality_type": "XXXX", "personality_type_id": 0, "system_name": "Classic Jungian", "system_vote_count": 24, "user_vote_type_id": 0, "vote_id": 0}], "breakdown_systems": {"1": [{"myValue": "INTP", "personality_system_id": 1, "personality_type": "INTP", "theCount": 688}, {"myValue": "INTJ", "personality_system_id": 1, "personality_type": "INTJ", "theCount": 206}, {"myValue": "INFJ", "personality_system_id": 1, "personality_type": "INFJ", "theCount": 80}, {"myValue": "ISFJ", "personality_system_id": 1, "personality_type": "ISFJ", "theCount": 7}, {"myValue": "ISTJ", "personality_system_id": 1, "personality_type": "ISTJ", "theCount": 7}, {"myValue": "ISTP", "personality_system_id": 1, "personality_type": "ISTP", "theCount": 7}, {"myValue": "ISFP", "personality_system_id": 1, "personality_type": "ISFP", "theCount": 6}, {"myValue": "ENTP", "personality_system_id": 1, "personality_type": "ENTP", "theCount": 4}, {"myValue": "ENTJ", "personality_system_id": 1, "personality_type": "ENTJ", "theCount": 3}, {"myValue": "ESFP", "personality_system_id": 1, "personality_type": "ESFP", "theCount": 2}, {"myValue": "INFP", "personality_system_id": 1, "personality_type": "INFP", "theCount": 1}], "10": [{"myValue": "Left-brained Introvert", "personality_system_id": 10, "personality_type": "Left-brained Introvert", "theCount": 1}], "11": [{"myValue": "IT(N)", "personality_system_id": 11, "personality_type": "IT(N)", "theCount": 13}, {"myValue": "IN(T)", "personality_system_id": 11, "personality_type": "IN(T)", "theCount": 9}, {"myValue": "IN(F)", "personality_system_id": 11, "personality_type": "IN(F)", "theCount": 1}, {"myValue": "IT(S)", "personality_system_id": 11, "personality_type": "IT(S)", "theCount": 1}], "2": [{"myValue": "5w6", "personality_system_id": 2, "personality_type": "5w6", "theCount": 335}, {"myValue": "5w4", "personality_system_id": 2, "personality_type": "5w4", "theCount": 26}, {"myValue": "6w5", "personality_system_id": 2, "personality_type": "6w5", "theCount": 24}, {"myValue": "9w8", "personality_system_id": 2, "personality_type": "9w8", "theCount": 5}, {"myValue": "9w1", "personality_system_id": 2, "personality_type": "9w1", "theCount": 3}, {"myValue": "2w3", "personality_system_id": 2, "personality_type": "2w3", "theCount": 1}, {"myValue": "4w3", "personality_system_id": 2, "personality_type": "4w3", "theCount": 1}, {"myValue": "4w5", "personality_system_id": 2, "personality_type": "4w5", "theCount": 1}, {"myValue": "8w9", "personality_system_id": 2, "personality_type": "8w9", "theCount": 1}], "3": [{"myValue": "ILI", "personality_system_id": 3, "personality_type": "ILI", "theCount": 52}, {"myValue": "LII", "personality_system_id": 3, "personality_type": "LII", "theCount": 25}, {"myValue": "SLI", "personality_system_id": 3, "personality_type": "SLI", "theCount": 3}, {"myValue": "IEI", "personality_system_id": 3, "personality_type": "IEI", "theCount": 1}, {"myValue": "ILE", "personality_system_id": 3, "personality_type": "ILE", "theCount": 1}, {"myValue": "LSI", "personality_system_id": 3, "personality_type": "LSI", "theCount": 1}], "4": [{"myValue": "True Neutral", "personality_system_id": 4, "personality_type": "True Neutral", "theCount": 30}, {"myValue": "Neutral Good", "personality_system_id": 4, "personality_type": "Neutral Good", "theCount": 2}, {"myValue": "Chaotic Neutral", "personality_system_id": 4, "personality_type": "Chaotic Neutral", "theCount": 1}, {"myValue": "Lawful Good", "personality_system_id": 4, "personality_type": "Lawful Good", "theCount": 1}], "5": [{"myValue": "sp/so", "personality_system_id": 5, "personality_type": "sp/so", "theCount": 81}, {"myValue": "so/sp", "personality_system_id": 5, "personality_type": "so/sp", "theCount": 30}, {"myValue": "sp/sx", "personality_system_id": 5, "personality_type": "sp/sx", "theCount": 15}, {"myValue": "so/sx", "personality_system_id": 5, "personality_type": "so/sx", "theCount": 7}, {"myValue": "sx/so", "personality_system_id": 5, "personality_type": "sx/so", "theCount": 7}, {"myValue": "sx/sp", "personality_system_id": 5, "personality_type": "sx/sp", "theCount": 6}], "6": [{"myValue": "514", "personality_system_id": 6, "personality_type": "514", "theCount": 61}, {"myValue": "594", "personality_system_id": 6, "personality_type": "594", "theCount": 22}, {"myValue": "549", "personality_system_id": 6, "personality_type": "549", "theCount": 12}, {"myValue": "614", "personality_system_id": 6, "personality_type": "614", "theCount": 6}, {"myValue": "541", "personality_system_id": 6, "personality_type": "541", "theCount": 4}, {"myValue": "592", "personality_system_id": 6, "personality_type": "592", "theCount": 4}, {"myValue": "954", "personality_system_id": 6, "personality_type": "954", "theCount": 3}, {"myValue": "694", "personality_system_id": 6, "personality_type": "694", "theCount": 2}, {"myValue": "641", "personality_system_id": 6, "personality_type": "641", "theCount": 1}, {"myValue": "649", "personality_system_id": 6, "personality_type": "649", "theCount": 1}, {"myValue": "854", "personality_system_id": 6, "personality_type": "854", "theCount": 1}], "7": [{"myValue": "Melancholic-Phlegmatic", "personality_system_id": 7, "personality_type": "Melancholic-Phlegmatic", "theCount": 79}, {"myValue": "Phlegmatic-Melancholic", "personality_system_id": 7, "personality_type": "Phlegmatic-Melancholic", "theCount": 23}, {"myValue": "Melancholic [Dominant]", "personality_system_id": 7, "personality_type": "Melancholic [Dominant]", "theCount": 8}, {"myValue": "Melancholic-Choleric", "personality_system_id": 7, "personality_type": "Melancholic-Choleric", "theCount": 3}, {"myValue": "Phlegmatic [Dominant]", "personality_system_id": 7, "personality_type": "Phlegmatic [Dominant]", "theCount": 3}, {"myValue": "Choleric-Phlegmatic", "personality_system_id": 7, "personality_type": "Choleric-Phlegmatic", "theCount": 2}, {"myValue": "Phlegmatic-Choleric", "personality_system_id": 7, "personality_type": "Phlegmatic-Choleric", "theCount": 2}, {"myValue": "Melancholic-Sanguine", "personality_system_id": 7, "personality_type": "Melancholic-Sanguine", "theCount": 1}, {"myValue": "Phlegmatic-Sanguine", "personality_system_id": 7, "personality_type": "Phlegmatic-Sanguine", "theCount": 1}], "8": [{"myValue": "LVEF", "personality_system_id": 8, "personality_type": "LVEF", "theCount": 29}, {"myValue": "LFEV", "personality_system_id": 8, "personality_type": "LFEV", "theCount": 6}, {"myValue": "LEFV", "personality_system_id": 8, "personality_type": "LEFV", "theCount": 4}, {"myValue": "VLEF", "personality_system_id": 8, "personality_type": "VLEF", "theCount": 3}, {"myValue": "FLEV", "personality_system_id": 8, "personality_type": "FLEV", "theCount": 1}, {"myValue": "LVFE", "personality_system_id": 8, "personality_type": "LVFE", "theCount": 1}, {"myValue": "VFLE", "personality_system_id": 8, "personality_type": "VFLE", "theCount": 1}], "9": [{"myValue": "RCOAI", "personality_system_id": 9, "personality_type": "RCOAI", "theCount": 45}, {"myValue": "RCOEI", "personality_system_id": 9, "personality_type": "RCOEI", "theCount": 12}, {"myValue": "RCUAI", "personality_system_id": 9, "personality_type": "RCUAI", "theCount": 4}, {"myValue": "RCUEI", "personality_system_id": 9, "personality_type": "RCUEI", "theCount": 2}, {"myValue": "RCUEN", "personality_system_id": 9, "personality_type": "RCUEN", "theCount": 1}, {"myValue": "SCOEI", "personality_system_id": 9, "personality_type": "SCOEI", "theCount": 1}]}, "breakdown_config": {"expand": {"1": 3, "10": 1, "11": 2, "2": 3, "3": 1, "4": 1, "5": 1, "6": 1, "7": 1, "8": 1, "9": 1}, "fire": {"1": 0, "10": 0, "11": 1, "2": 0, "3": 0, "4": 0, "5": 0, "6": 0, "7": 0, "8": 0, "9": 0}}, "mbti_letter_stats": [{"type": "I", "percentage": "99%", "PercentageFloat": 0.9910979228486647}, {"type": "N", "percentage": "97%", "PercentageFloat": 0.9713155291790306}, {"type": "T", "percentage": "91%", "PercentageFloat": 0.9050445103857567}, {"type": "P", "percentage": "70%", "PercentageFloat": 0.7002967359050445}], "topic_info": {"can_generate": false, "topic": {"description": "Nico Robin, also known by her epithet \"Devil Child\" and the \"Light of the Revolution\", is the archaeologist of the Straw Hat Pirates. She is the seventh member of the crew and the sixth to join, doing so at the end of the Alabasta Arc.; her appearance defines her as a tall and slender young woman measuring 6'2\" (188 cm) with shoulder-length black hair, large breasts, and eyes that have dark, wide pupils. She also has a thin defined nose.\n\nAs the sole survivor of the destroyed West Blue island Ohara, she is currently the only person in the world known to have the ability to read and decipher Poneglyphs, a skill which is considered forbidden and threatening to the World Government. She acted as the vice president of Baroque Works as \"Miss All Sunday\", serving and partnering herself directly with the organization's president; the ex-Warlord: Crocodile, who operated under the codename \"Mr. 0\".", "follow_count": 6, "id": 1134, "is_following": false, "is_join_pending": false, "is_banned": false, "is_moderated": false, "name_readable": "Nico Robin", "post_count": 34, "source_profile_id": 1213, "source_type": "profile", "join_to_post": false, "can_pin": false, "related_topics": [{"description": "Monkey D. Luffy, also known as\u00a0\"Straw Hat Luffy\"\u00a0and commonly as\u00a0\"Straw Hat\", is the main protagonist of the\u00a0manga\u00a0and\u00a0anime,\u00a0One Piece. He is the founder and\u00a0captain\u00a0of the increasingly infamous and powerful\u00a0Straw Hat Pirates, as well as one of its top fighters. His lifelong dream is to become the Pirate King by finding the\u00a0legendary treasure\u00a0left behind by the late\u00a0Gol D. Roger. He believes that being Pirate King means having the most freedom in the world.", "follow_count": 18, "id": 1141, "is_following": false, "is_join_pending": false, "is_banned": false, "is_moderated": false, "name_readable": "Monkey D. Luffy", "post_count": 44, "source_profile_id": 1220, "source_type": "profile", "image": {"picURL": "https://static1.personality-database.com/profile_images/8d9ee4e65c664cafb7f72384a9ee2e44.png"}, "join_to_post": false, "can_pin": false}, {"description": "Nico Robin, also known by her epithet \"Devil Child\" and the \"Light of the Revolution\", is the archaeologist of the Straw Hat Pirates. She is the seventh member of the crew and the sixth to join, doing so at the end of the Alabasta Arc.; her appearance defines her as a tall and slender young woman measuring 6'2\" (188 cm) with shoulder-length black hair, large breasts, and eyes that have dark, wide pupils. She also has a thin defined nose.\n\nAs the sole survivor of the destroyed West Blue island Ohara, she is currently the only person in the world known to have the ability to read and decipher Poneglyphs, a skill which is considered forbidden and threatening to the World Government. She acted as the vice president of Baroque Works as \"Miss All Sunday\", serving and partnering herself directly with the organization's president; the ex-Warlord: Crocodile, who operated under the codename \"Mr. 0\".", "follow_count": 6, "id": 1134, "is_following": false, "is_join_pending": false, "is_banned": false, "is_moderated": false, "name_readable": "Nico Robin", "post_count": 34, "source_profile_id": 1213, "source_type": "profile", "image": {"picURL": "https://static1.personality-database.com/profile_images/904644c89a0c46688557378ea9f60a21.png"}, "join_to_post": false, "can_pin": false}, {"description": "#MegumiToyoguchi", "follow_count": 3, "id": 1146, "is_following": false, "is_join_pending": false, "is_banned": false, "is_moderated": false, "name_readable": "Nami", "post_count": 24, "source_profile_id": 1225, "source_type": "profile", "image": {"picURL": "https://static1.personality-database.com/profile_images/e032833421264f89af02a9ee2f9dd0c2.png"}, "join_to_post": false, "can_pin": false}, {"description": "#KazuyaNakai", "follow_count": 11, "id": 1135, "is_following": false, "is_join_pending": false, "is_banned": false, "is_moderated": false, "name_readable": "Roronoa Zoro", "post_count": 23, "source_profile_id": 1214, "source_type": "profile", "image": {"picURL": "https://static1.personality-database.com/profile_images/c696fb2d2e0c4c748b0cc2731a1ed80c.png"}, "join_to_post": false, "can_pin": false}, {"description": "", "follow_count": 5, "id": 1143, "is_following": false, "is_join_pending": false, "is_banned": false, "is_moderated": false, "name_readable": "Vinsmoke\u00a0Sanji", "post_count": 22, "source_profile_id": 1222, "source_type": "profile", "image": {"picURL": "https://static1.personality-database.com/profile_images/0c4e49bde5e54a1cb5ebccfda7ae799d.png"}, "join_to_post": false, "can_pin": false}, {"description": "The most beloved singer in the world. Her voice, which she sings with while concealing her true identity, has been described as \"otherworldly\".", "follow_count": 5, "id": 336812, "is_following": false, "is_join_pending": false, "is_banned": false, "is_moderated": false, "name_readable": "Uta", "post_count": 12, "source_profile_id": 486002, "source_type": "profile", "image": {"picURL": "https://static1.personality-database.com/profile_images/ab9b346fbc824b10a1ab2c140eaa609e.png"}, "join_to_post": false, "can_pin": false}, {"description": "", "follow_count": 5, "id": 1139, "is_following": false, "is_join_pending": false, "is_banned": false, "is_moderated": false, "name_readable": "Portgas D. Ace", "post_count": 8, "source_profile_id": 1218, "source_type": "profile", "image": {"picURL": "https://static1.personality-database.com/profile_images/0bfe7777506d46d19a79c72c52465887.png"}, "join_to_post": false, "can_pin": false}, {"description": "#HiroshiKamiya", "follow_count": 6, "id": 1138, "is_following": false, "is_join_pending": false, "is_banned": false, "is_moderated": false, "name_readable": "Trafalgar D. Water Law", "post_count": 7, "source_profile_id": 1217, "source_type": "profile", "image": {"picURL": "https://static1.personality-database.com/profile_images/9a8b745d2dc3491c8e6b3d0d4f9686ed.png"}, "join_to_post": false, "can_pin": false}, {"description": "", "follow_count": 1, "id": 1142, "is_following": false, "is_join_pending": false, "is_banned": false, "is_moderated": false, "name_readable": "Usopp", "post_count": 7, "source_profile_id": 1221, "source_type": "profile", "image": {"picURL": "https://static1.personality-database.com/profile_images/f5b94eff986144d685c6535fa23c6380.png"}, "join_to_post": false, "can_pin": false}, {"description": "#SaoriHayami", "follow_count": 3, "id": 122765, "is_following": false, "is_join_pending": false, "is_banned": false, "is_moderated": false, "name_readable": "Yamato", "post_count": 7, "source_profile_id": 158313, "source_type": "profile", "image": {"picURL": "https://static1.personality-database.com/profile_images/f15686953bba4c3ca9e9d5be7c18af40.png"}, "join_to_post": false, "can_pin": false}, {"description": "Edward Newgate, more commonly known as \"Whitebeard\", was the captain of the Whitebeard Pirates, was the previous wielder of the power of the Gura Gura no Mi, and was widely known for his disputed title \"Strongest Man in the World\" and also known as the \"Man Closest to One Piece\" after Gol D. Roger's death.\n\nIn his prime, Whitebeard was a rival to Gol D. Roger, and following Roger's death, was widely recognized as the strongest man in the world, a fact complimented by having the highest active bounty whilst alive, and the second highest bounty of any pirate in history.\n\nHe is an ally of Monkey D. Luffy and a central figure overall during the Marineford Arc.", "follow_count": 0, "id": 22130, "is_following": false, "is_join_pending": false, "is_banned": false, "is_moderated": false, "name_readable": "Edward Newgate", "post_count": 6, "source_profile_id": 24552, "source_type": "profile", "image": {"picURL": "https://static1.personality-database.com/profile_images/0219bb1f71044c229641b52a667a0bc3.png"}, "join_to_post": false, "can_pin": false}, {"description": "", "follow_count": 1, "id": 1137, "is_following": false, "is_join_pending": false, "is_banned": false, "is_moderated": false, "name_readable": "Tony Tony Chopper", "post_count": 6, "source_profile_id": 1216, "source_type": "profile", "image": {"picURL": "https://static1.personality-database.com/profile_images/781434d7f0ff4a1a9390d38746a1c9e3.png"}, "join_to_post": false, "can_pin": false}, {"description": "", "follow_count": 2, "id": 20320, "is_following": false, "is_join_pending": false, "is_banned": false, "is_moderated": false, "name_readable": "Sabo", "post_count": 5, "source_profile_id": 22432, "source_type": "profile", "image": {"picURL": "https://static1.personality-database.com/profile_images/c0641ff2f98146fa9f93f4a2f398152d.png"}, "join_to_post": false, "can_pin": false}, {"description": "", "follow_count": 3, "id": 21054, "is_following": false, "is_join_pending": false, "is_banned": false, "is_moderated": false, "name_readable": "Charlotte Katakuri", "post_count": 5, "source_profile_id": 23280, "source_type": "profile", "image": {"picURL": "https://static1.personality-database.com/profile_images/17b358b33967442ab35d9e37ef4ea791.png"}, "join_to_post": false, "can_pin": false}, {"description": "", "follow_count": 0, "id": 10406, "is_following": false, "is_join_pending": false, "is_banned": false, "is_moderated": false, "name_readable": "Dracule Mihawk", "post_count": 5, "source_profile_id": 11151, "source_type": "profile", "image": {"picURL": "https://static1.personality-database.com/profile_images/8e091c29e11d4f41aa8dcaab69a021db.png"}, "join_to_post": false, "can_pin": false}, {"description": "Dr. Vegapunk is the leading scientist in the employment of the Marines. His work includes discovering the secrets and uses of seastone, the secrets of how Devil Fruit powers work, the co-discovery of the Lineage Factor and its applications, and various other scientific achievements that are said to be at least 500 years ahead of current technology.", "follow_count": 1, "id": 218536, "is_following": false, "is_join_pending": false, "is_banned": false, "is_moderated": false, "name_readable": "Doctor Vegapunk", "post_count": 5, "source_profile_id": 285179, "source_type": "profile", "image": {"picURL": "https://static1.personality-database.com/profile_images/ead582ea6db34cc782d56b61a6e232a8.png"}, "join_to_post": false, "can_pin": false}], "subcategory": "One Piece", "topic_image_url": "https://static1.personality-database.com/profile_images/904644c89a0c46688557378ea9f60a21.png", "source_location": {"cid": 8, "pid": 2, "sub_cat_id": 134}, "can_post_image": false, "can_post_audio": false, "posts": {"posts": [{"username": "Alexandrite", "user_pic_path": "https://static1.personality-database.com/user_avatars/1548163/3ec51c38-8348-41d1-99c5-e436934eb87b_small.jpeg", "user_personality_type": "", "is_mod": false, "comment_count": 0, "reply_count": 0, "vote_type": 0, "topics_list": [{"id": 1134, "name_readable": "Nico Robin"}], "id": 1855328, "post_id": 1855328, "user_id": 1548163, "title": "", "content": "Makes sense \ud83d\ude02", "create_date": 1670047946000, "unix_timestamp": 1670047946000, "update_date": 1670047946000, "vote_count": 0, "vote_count_down": 0, "is_reported": 0, "is_hidden": false, "is_pinned": false, "is_watching": false, "is_pro_user": false, "images": null, "audios": null, "function_list": [], "type": "post"}, {"username": "Krigval Hansen", "user_pic_path": "https://static1.personality-database.com/user_avatars/1273421/e172a280-3741-40d3-8076-97a20e2bf4dc.jpeg", "user_personality_type": "INTP-5w6-594", "is_mod": false, "comment_count": 3, "reply_count": 3, "vote_type": 0, "topics_list": [{"id": 1134, "name_readable": "Nico Robin"}], "id": 2138570, "post_id": 2138570, "user_id": 1273421, "title": "", "content": "She is just like me and that's strange :O", "create_date": 1669231729000, "unix_timestamp": 1669231729000, "update_date": 1669231729000, "vote_count": 1, "vote_count_down": 0, "is_reported": 1, "is_hidden": false, "is_pinned": false, "is_watching": false, "is_pro_user": false, "images": null, "audios": null, "function_list": [], "type": "post"}, {"username": "dioh_0x45", "user_pic_path": "https://static1.personality-database.com/user_avatars/1509786/ce79bc96-7401-4722-9b21-2d6c293c2e95.jpeg", "user_personality_type": "INTP", "is_mod": false, "comment_count": 0, "reply_count": 0, "vote_type": 0, "topics_list": [{"id": 1134, "name_readable": "Nico Robin"}], "id": 1772099, "post_id": 1772099, "user_id": 1509786, "title": "deffinitely Nico Rob(ot) ", "content": "Because I got called robot, because I'm INTP by personality and so on... \nNico Robot.", "create_date": 1668880471000, "unix_timestamp": 1668880471000, "update_date": 1668880471000, "vote_count": 0, "vote_count_down": 0, "is_reported": 0, "is_hidden": false, "is_pinned": false, "is_watching": false, "is_pro_user": false, "images": null, "audios": null, "function_list": [], "type": "post"}]}}}}