{"id": 1214, "mbti_profile": "Roronoa Zoro", "profile_name_searchable": "roronoazoro", "allow_commenting": true, "allow_voting": true, "user_id": 207, "contributor": "Steve Williams", "contributor_create_date": "2015-08-24 00:46:44", "contributor_pic_path": "https://lh3.googleusercontent.com/-XdUIqdMkCWA/AAAAAAAAAAI/AAAAAAAAAAA/4252rscbv5M/photo.jpg", "display_order": 0, "edit_lock": 0, "edit_lock_picture": 0, "is_active": true, "is_approved": true, "mbti_enneagram_type": "ISTP 8w9", "mbti_type": "ISTP 8w9", "pdb_comment_access": true, "pdb_page_owner": 0, "pdb_public_access": true, "wiki_description": "Roronoa Zoro is a main supporting character in the anime and manga One Piece. He is the first crew member of the Straw Hat pirate under captain Monkey D. Luffy. Zoro is known for his unique three-sword style, and he aspires to be the greatest swordsman in the world", "watch_count": 2176, "comment_count": 404, "vote_count": 1057, "vote_count_enneagram": 460, "vote_count_mbti": 1057, "total_vote_counts": 2163, "personality_type": "ISTP - 8w9 - sp/sx - 863 - SLE - RCUEN - VFLE - Phlegmatic-Choleric - IF(S)", "type_updated_date": "2022-11-15 14:23:40", "enneagram_vote": "", "enneagram_vote_id": 0, "mbti_vote": "", "mbti_vote_id": 0, "is_watching": false, "image_exists": false, "profile_image_url": "https://static1.personality-database.com/profile_images/c696fb2d2e0c4c748b0cc2731a1ed80c.png", "profile_image_credit": "", "profile_image_credit_id": 467723, "profile_image_credit_type": "0", "profile_image_credit_url": "", "alt_subcategory": "", "related_subcategories": "", "cat_id": 8, "category": "Anime & Manga", "category_is_fictional": true, "sub_cat_id": 134, "subcategory": "One Piece", "subcat_link_info": {"sub_cat_id": 134, "cat_id": 8, "property_id": 2, "subcategory": "One Piece"}, "related_subcat_link_info": null, "related_profiles": [{"id": 1220, "mbti_profile": "Monkey D. Luffy", "subcategory": "One Piece", "profile_image_url": "https://static1.personality-database.com/profile_images/8d9ee4e65c664cafb7f72384a9ee2e44.png", "profile_name": "Monkey D. Luffy", "profile_subcat": "One Piece", "sub_cat_id": 134, "cat_id": 8, "property_id": 2, "mbti": "ESFP", "enneatype": "7w8"}, {"id": 1221, "mbti_profile": "Usopp", "subcategory": "One Piece", "profile_image_url": "https://static1.personality-database.com/profile_images/f5b94eff986144d685c6535fa23c6380.png", "profile_name": "Usopp", "profile_subcat": "One Piece", "sub_cat_id": 134, "cat_id": 8, "property_id": 2, "mbti": "ENTP", "enneatype": "6w7"}, {"id": 1222, "mbti_profile": "Vinsmoke\u00a0Sanji", "subcategory": "One Piece", "profile_image_url": "https://static1.personality-database.com/profile_images/0c4e49bde5e54a1cb5ebccfda7ae799d.png", "profile_name": "Vinsmoke\u00a0Sanji", "profile_subcat": "One Piece", "sub_cat_id": 134, "cat_id": 8, "property_id": 2, "mbti": "ENFJ", "enneatype": "1w2"}, {"id": 1225, "mbti_profile": "Nami", "subcategory": "One Piece", "profile_image_url": "https://static1.personality-database.com/profile_images/e032833421264f89af02a9ee2f9dd0c2.png", "profile_name": "Nami", "profile_subcat": "One Piece", "sub_cat_id": 134, "cat_id": 8, "property_id": 2, "mbti": "ESTJ", "enneatype": "6w5"}, {"id": 1213, "mbti_profile": "Nico Robin", "subcategory": "One Piece", "profile_image_url": "https://static1.personality-database.com/profile_images/904644c89a0c46688557378ea9f60a21.png", "profile_name": "Nico Robin", "profile_subcat": "One Piece", "sub_cat_id": 134, "cat_id": 8, "property_id": 2, "mbti": "INTP", "enneatype": "5w6"}, {"id": 1218, "mbti_profile": "Portgas D. Ace", "subcategory": "One Piece", "profile_image_url": "https://static1.personality-database.com/profile_images/0bfe7777506d46d19a79c72c52465887.png", "profile_name": "Portgas D. Ace", "profile_subcat": "One Piece", "sub_cat_id": 134, "cat_id": 8, "property_id": 2, "mbti": "ESTP", "enneatype": "6w7"}, {"id": 1217, "mbti_profile": "Trafalgar D. Water Law", "subcategory": "One Piece", "profile_image_url": "https://static1.personality-database.com/profile_images/9a8b745d2dc3491c8e6b3d0d4f9686ed.png", "profile_name": "Trafalgar D. Water Law", "profile_subcat": "One Piece", "sub_cat_id": 134, "cat_id": 8, "property_id": 2, "mbti": "INTJ", "enneatype": "5w6"}, {"id": 22443, "mbti_profile": "Marshall D. Teach \u201cBlackbeard\u201d", "subcategory": "One Piece", "profile_image_url": "https://static1.personality-database.com/profile_images/02d14ee6e31b428e9636cb5c5577473e.png", "profile_name": "Marshall D. Teach \u201cBlackbeard\u201d", "profile_subcat": "One Piece", "sub_cat_id": 134, "cat_id": 8, "property_id": 2, "mbti": "ENFP", "enneatype": "8w7"}], "functions": ["Ti", "Se", "Ni", "Fe"], "systems": [{"hex_color": "#888888", "id": 1, "personality_type": "XXXX", "personality_type_id": 0, "system_name": "Four Letter", "system_vote_count": 995, "user_vote_type_id": 0, "vote_id": 0}, {"hex_color": "#006775", "id": 2, "personality_type": "XXXX", "personality_type_id": 0, "system_name": "Enneagram", "system_vote_count": 432, "user_vote_type_id": 0, "vote_id": 0}, {"hex_color": "#006775", "id": 5, "personality_type": "XXXX", "personality_type_id": 0, "system_name": "Instinctual Variant", "system_vote_count": 160, "user_vote_type_id": 0, "vote_id": 0}, {"hex_color": "#006775", "id": 6, "personality_type": "XXXX", "personality_type_id": 0, "system_name": "Tritype", "system_vote_count": 142, "user_vote_type_id": 0, "vote_id": 0}, {"hex_color": "#888888", "id": 3, "personality_type": "XXXX", "personality_type_id": 0, "system_name": "Socionics", "system_vote_count": 88, "user_vote_type_id": 0, "vote_id": 0}, {"hex_color": "#888888", "id": 9, "personality_type": "XXXX", "personality_type_id": 0, "system_name": "Big 5 (SLOAN)", "system_vote_count": 75, "user_vote_type_id": 0, "vote_id": 0}, {"hex_color": "#888888", "id": 8, "personality_type": "XXXX", "personality_type_id": 0, "system_name": "Attitudinal Psyche", "system_vote_count": 75, "user_vote_type_id": 0, "vote_id": 0}, {"hex_color": "#888888", "id": 7, "personality_type": "XXXX", "personality_type_id": 0, "system_name": "Temperaments", "system_vote_count": 133, "user_vote_type_id": 0, "vote_id": 0}, {"hex_color": "#888888", "id": 11, "personality_type": "XXXX", "personality_type_id": 0, "system_name": "Classic Jungian", "system_vote_count": 33, "user_vote_type_id": 0, "vote_id": 0}], "breakdown_systems": {"1": [{"myValue": "ISTP", "personality_system_id": 1, "personality_type": "ISTP", "theCount": 887}, {"myValue": "ISFP", "personality_system_id": 1, "personality_type": "ISFP", "theCount": 45}, {"myValue": "ISTJ", "personality_system_id": 1, "personality_type": "ISTJ", "theCount": 17}, {"myValue": "ESTP", "personality_system_id": 1, "personality_type": "ESTP", "theCount": 14}, {"myValue": "INTP", "personality_system_id": 1, "personality_type": "INTP", "theCount": 13}, {"myValue": "ENTJ", "personality_system_id": 1, "personality_type": "ENTJ", "theCount": 7}, {"myValue": "INTJ", "personality_system_id": 1, "personality_type": "INTJ", "theCount": 4}, {"myValue": "ENFJ", "personality_system_id": 1, "personality_type": "ENFJ", "theCount": 3}, {"myValue": "ENFP", "personality_system_id": 1, "personality_type": "ENFP", "theCount": 3}, {"myValue": "ENTP", "personality_system_id": 1, "personality_type": "ENTP", "theCount": 2}], "10": [{"myValue": "Left-brained Introvert", "personality_system_id": 10, "personality_type": "Left-brained Introvert", "theCount": 2}], "11": [{"myValue": "IF(S)", "personality_system_id": 11, "personality_type": "IF(S)", "theCount": 22}, {"myValue": "IT(S)", "personality_system_id": 11, "personality_type": "IT(S)", "theCount": 6}, {"myValue": "ES(T)", "personality_system_id": 11, "personality_type": "ES(T)", "theCount": 2}, {"myValue": "IS(T)", "personality_system_id": 11, "personality_type": "IS(T)", "theCount": 2}, {"myValue": "ET(N)", "personality_system_id": 11, "personality_type": "ET(N)", "theCount": 1}], "2": [{"myValue": "8w9", "personality_system_id": 2, "personality_type": "8w9", "theCount": 336}, {"myValue": "9w8", "personality_system_id": 2, "personality_type": "9w8", "theCount": 36}, {"myValue": "4w3", "personality_system_id": 2, "personality_type": "4w3", "theCount": 17}, {"myValue": "4w5", "personality_system_id": 2, "personality_type": "4w5", "theCount": 12}, {"myValue": "8w7", "personality_system_id": 2, "personality_type": "8w7", "theCount": 12}, {"myValue": "6w5", "personality_system_id": 2, "personality_type": "6w5", "theCount": 5}, {"myValue": "6w7", "personality_system_id": 2, "personality_type": "6w7", "theCount": 4}, {"myValue": "1w2", "personality_system_id": 2, "personality_type": "1w2", "theCount": 2}, {"myValue": "1w9", "personality_system_id": 2, "personality_type": "1w9", "theCount": 2}, {"myValue": "3w4", "personality_system_id": 2, "personality_type": "3w4", "theCount": 2}, {"myValue": "5w6", "personality_system_id": 2, "personality_type": "5w6", "theCount": 2}, {"myValue": "2w3", "personality_system_id": 2, "personality_type": "2w3", "theCount": 1}, {"myValue": "7w6", "personality_system_id": 2, "personality_type": "7w6", "theCount": 1}], "3": [{"myValue": "SLE", "personality_system_id": 3, "personality_type": "SLE", "theCount": 36}, {"myValue": "ESI", "personality_system_id": 3, "personality_type": "ESI", "theCount": 28}, {"myValue": "SLI", "personality_system_id": 3, "personality_type": "SLI", "theCount": 17}, {"myValue": "LSI", "personality_system_id": 3, "personality_type": "LSI", "theCount": 7}], "4": [{"myValue": "Chaotic Neutral", "personality_system_id": 4, "personality_type": "Chaotic Neutral", "theCount": 15}, {"myValue": "True Neutral", "personality_system_id": 4, "personality_type": "True Neutral", "theCount": 7}, {"myValue": "Chaotic Good", "personality_system_id": 4, "personality_type": "Chaotic Good", "theCount": 4}, {"myValue": "Chaotic Evil", "personality_system_id": 4, "personality_type": "Chaotic Evil", "theCount": 1}, {"myValue": "Neutral Good", "personality_system_id": 4, "personality_type": "Neutral Good", "theCount": 1}], "5": [{"myValue": "sp/sx", "personality_system_id": 5, "personality_type": "sp/sx", "theCount": 129}, {"myValue": "sp/so", "personality_system_id": 5, "personality_type": "sp/so", "theCount": 19}, {"myValue": "sx/sp", "personality_system_id": 5, "personality_type": "sx/sp", "theCount": 10}, {"myValue": "so/sp", "personality_system_id": 5, "personality_type": "so/sp", "theCount": 1}, {"myValue": "sx/so", "personality_system_id": 5, "personality_type": "sx/so", "theCount": 1}], "6": [{"myValue": "863", "personality_system_id": 6, "personality_type": "863", "theCount": 85}, {"myValue": "468", "personality_system_id": 6, "personality_type": "468", "theCount": 11}, {"myValue": "836", "personality_system_id": 6, "personality_type": "836", "theCount": 6}, {"myValue": "835", "personality_system_id": 6, "personality_type": "835", "theCount": 5}, {"myValue": "963", "personality_system_id": 6, "personality_type": "963", "theCount": 5}, {"myValue": "486", "personality_system_id": 6, "personality_type": "486", "theCount": 4}, {"myValue": "683", "personality_system_id": 6, "personality_type": "683", "theCount": 3}, {"myValue": "854", "personality_system_id": 6, "personality_type": "854", "theCount": 3}, {"myValue": "873", "personality_system_id": 6, "personality_type": "873", "theCount": 3}, {"myValue": "864", "personality_system_id": 6, "personality_type": "864", "theCount": 2}, {"myValue": "953", "personality_system_id": 6, "personality_type": "953", "theCount": 2}, {"myValue": "136", "personality_system_id": 6, "personality_type": "136", "theCount": 1}, {"myValue": "458", "personality_system_id": 6, "personality_type": "458", "theCount": 1}, {"myValue": "461", "personality_system_id": 6, "personality_type": "461", "theCount": 1}, {"myValue": "584", "personality_system_id": 6, "personality_type": "584", "theCount": 1}, {"myValue": "682", "personality_system_id": 6, "personality_type": "682", "theCount": 1}, {"myValue": "684", "personality_system_id": 6, "personality_type": "684", "theCount": 1}, {"myValue": "837", "personality_system_id": 6, "personality_type": "837", "theCount": 1}, {"myValue": "852", "personality_system_id": 6, "personality_type": "852", "theCount": 1}, {"myValue": "853", "personality_system_id": 6, "personality_type": "853", "theCount": 1}, {"myValue": "862", "personality_system_id": 6, "personality_type": "862", "theCount": 1}, {"myValue": "936", "personality_system_id": 6, "personality_type": "936", "theCount": 1}, {"myValue": "947", "personality_system_id": 6, "personality_type": "947", "theCount": 1}, {"myValue": "964", "personality_system_id": 6, "personality_type": "964", "theCount": 1}], "7": [{"myValue": "Phlegmatic-Choleric", "personality_system_id": 7, "personality_type": "Phlegmatic-Choleric", "theCount": 101}, {"myValue": "Choleric-Phlegmatic", "personality_system_id": 7, "personality_type": "Choleric-Phlegmatic", "theCount": 18}, {"myValue": "Melancholic-Choleric", "personality_system_id": 7, "personality_type": "Melancholic-Choleric", "theCount": 3}, {"myValue": "Choleric [Dominant]", "personality_system_id": 7, "personality_type": "Choleric [Dominant]", "theCount": 2}, {"myValue": "Phlegmatic [Dominant]", "personality_system_id": 7, "personality_type": "Phlegmatic [Dominant]", "theCount": 2}, {"myValue": "Phlegmatic-Sanguine", "personality_system_id": 7, "personality_type": "Phlegmatic-Sanguine", "theCount": 2}, {"myValue": "Melancholic-Sanguine", "personality_system_id": 7, "personality_type": "Melancholic-Sanguine", "theCount": 1}, {"myValue": "Phlegmatic-Melancholic", "personality_system_id": 7, "personality_type": "Phlegmatic-Melancholic", "theCount": 1}, {"myValue": "Sanguine [Dominant]", "personality_system_id": 7, "personality_type": "Sanguine [Dominant]", "theCount": 1}, {"myValue": "Sanguine-Choleric", "personality_system_id": 7, "personality_type": "Sanguine-Choleric", "theCount": 1}, {"myValue": "Sanguine-Phlegmatic", "personality_system_id": 7, "personality_type": "Sanguine-Phlegmatic", "theCount": 1}], "8": [{"myValue": "VFLE", "personality_system_id": 8, "personality_type": "VFLE", "theCount": 32}, {"myValue": "FVEL", "personality_system_id": 8, "personality_type": "FVEL", "theCount": 21}, {"myValue": "VLEF", "personality_system_id": 8, "personality_type": "VLEF", "theCount": 6}, {"myValue": "FVLE", "personality_system_id": 8, "personality_type": "FVLE", "theCount": 5}, {"myValue": "VFEL", "personality_system_id": 8, "personality_type": "VFEL", "theCount": 5}, {"myValue": "FLEV", "personality_system_id": 8, "personality_type": "FLEV", "theCount": 2}, {"myValue": "FLVE", "personality_system_id": 8, "personality_type": "FLVE", "theCount": 2}, {"myValue": "LVFE", "personality_system_id": 8, "personality_type": "LVFE", "theCount": 2}], "9": [{"myValue": "RCUEN", "personality_system_id": 9, "personality_type": "RCUEN", "theCount": 61}, {"myValue": "RCOEN", "personality_system_id": 9, "personality_type": "RCOEN", "theCount": 5}, {"myValue": "RLUEN", "personality_system_id": 9, "personality_type": "RLUEN", "theCount": 3}, {"myValue": "RLUAN", "personality_system_id": 9, "personality_type": "RLUAN", "theCount": 2}, {"myValue": "RCOAI", "personality_system_id": 9, "personality_type": "RCOAI", "theCount": 1}, {"myValue": "RCOEI", "personality_system_id": 9, "personality_type": "RCOEI", "theCount": 1}, {"myValue": "RCUAN", "personality_system_id": 9, "personality_type": "RCUAN", "theCount": 1}, {"myValue": "RLOAN", "personality_system_id": 9, "personality_type": "RLOAN", "theCount": 1}]}, "breakdown_config": {"expand": {"1": 3, "10": 1, "11": 1, "2": 3, "3": 2, "4": 1, "5": 1, "6": 1, "7": 1, "8": 2, "9": 1}, "fire": {"1": 0, "10": 0, "11": 0, "2": 0, "3": 1, "4": 0, "5": 0, "6": 0, "7": 0, "8": 1, "9": 0}}, "mbti_letter_stats": [{"type": "I", "percentage": "97%", "PercentageFloat": 0.9708542713567839}, {"type": "S", "percentage": "97%", "PercentageFloat": 0.9678391959798995}, {"type": "T", "percentage": "95%", "PercentageFloat": 0.9487437185929648}, {"type": "P", "percentage": "97%", "PercentageFloat": 0.9688442211055276}], "topic_info": {"can_generate": false, "topic": {"description": "#KazuyaNakai", "follow_count": 11, "id": 1135, "is_following": false, "is_join_pending": false, "is_banned": false, "is_moderated": false, "name_readable": "Roronoa Zoro", "post_count": 23, "source_profile_id": 1214, "source_type": "profile", "join_to_post": false, "can_pin": false, "related_topics": [{"description": "Monkey D. Luffy, also known as\u00a0\"Straw Hat Luffy\"\u00a0and commonly as\u00a0\"Straw Hat\", is the main protagonist of the\u00a0manga\u00a0and\u00a0anime,\u00a0One Piece. He is the founder and\u00a0captain\u00a0of the increasingly infamous and powerful\u00a0Straw Hat Pirates, as well as one of its top fighters. His lifelong dream is to become the Pirate King by finding the\u00a0legendary treasure\u00a0left behind by the late\u00a0Gol D. Roger. He believes that being Pirate King means having the most freedom in the world.", "follow_count": 18, "id": 1141, "is_following": false, "is_join_pending": false, "is_banned": false, "is_moderated": false, "name_readable": "Monkey D. Luffy", "post_count": 44, "source_profile_id": 1220, "source_type": "profile", "image": {"picURL": "https://static1.personality-database.com/profile_images/8d9ee4e65c664cafb7f72384a9ee2e44.png"}, "join_to_post": false, "can_pin": false}, {"description": "Nico Robin, also known by her epithet \"Devil Child\" and the \"Light of the Revolution\", is the archaeologist of the Straw Hat Pirates. She is the seventh member of the crew and the sixth to join, doing so at the end of the Alabasta Arc.; her appearance defines her as a tall and slender young woman measuring 6'2\" (188 cm) with shoulder-length black hair, large breasts, and eyes that have dark, wide pupils. She also has a thin defined nose.\n\nAs the sole survivor of the destroyed West Blue island Ohara, she is currently the only person in the world known to have the ability to read and decipher Poneglyphs, a skill which is considered forbidden and threatening to the World Government. She acted as the vice president of Baroque Works as \"Miss All Sunday\", serving and partnering herself directly with the organization's president; the ex-Warlord: Crocodile, who operated under the codename \"Mr. 0\".", "follow_count": 6, "id": 1134, "is_following": false, "is_join_pending": false, "is_banned": false, "is_moderated": false, "name_readable": "Nico Robin", "post_count": 34, "source_profile_id": 1213, "source_type": "profile", "image": {"picURL": "https://static1.personality-database.com/profile_images/904644c89a0c46688557378ea9f60a21.png"}, "join_to_post": false, "can_pin": false}, {"description": "#MegumiToyoguchi", "follow_count": 3, "id": 1146, "is_following": false, "is_join_pending": false, "is_banned": false, "is_moderated": false, "name_readable": "Nami", "post_count": 24, "source_profile_id": 1225, "source_type": "profile", "image": {"picURL": "https://static1.personality-database.com/profile_images/e032833421264f89af02a9ee2f9dd0c2.png"}, "join_to_post": false, "can_pin": false}, {"description": "#KazuyaNakai", "follow_count": 11, "id": 1135, "is_following": false, "is_join_pending": false, "is_banned": false, "is_moderated": false, "name_readable": "Roronoa Zoro", "post_count": 23, "source_profile_id": 1214, "source_type": "profile", "image": {"picURL": "https://static1.personality-database.com/profile_images/c696fb2d2e0c4c748b0cc2731a1ed80c.png"}, "join_to_post": false, "can_pin": false}, {"description": "", "follow_count": 5, "id": 1143, "is_following": false, "is_join_pending": false, "is_banned": false, "is_moderated": false, "name_readable": "Vinsmoke\u00a0Sanji", "post_count": 22, "source_profile_id": 1222, "source_type": "profile", "image": {"picURL": "https://static1.personality-database.com/profile_images/0c4e49bde5e54a1cb5ebccfda7ae799d.png"}, "join_to_post": false, "can_pin": false}, {"description": "The most beloved singer in the world. Her voice, which she sings with while concealing her true identity, has been described as \"otherworldly\".", "follow_count": 5, "id": 336812, "is_following": false, "is_join_pending": false, "is_banned": false, "is_moderated": false, "name_readable": "Uta", "post_count": 12, "source_profile_id": 486002, "source_type": "profile", "image": {"picURL": "https://static1.personality-database.com/profile_images/ab9b346fbc824b10a1ab2c140eaa609e.png"}, "join_to_post": false, "can_pin": false}, {"description": "", "follow_count": 5, "id": 1139, "is_following": false, "is_join_pending": false, "is_banned": false, "is_moderated": false, "name_readable": "Portgas D. Ace", "post_count": 8, "source_profile_id": 1218, "source_type": "profile", "image": {"picURL": "https://static1.personality-database.com/profile_images/0bfe7777506d46d19a79c72c52465887.png"}, "join_to_post": false, "can_pin": false}, {"description": "#HiroshiKamiya", "follow_count": 6, "id": 1138, "is_following": false, "is_join_pending": false, "is_banned": false, "is_moderated": false, "name_readable": "Trafalgar D. Water Law", "post_count": 7, "source_profile_id": 1217, "source_type": "profile", "image": {"picURL": "https://static1.personality-database.com/profile_images/9a8b745d2dc3491c8e6b3d0d4f9686ed.png"}, "join_to_post": false, "can_pin": false}, {"description": "", "follow_count": 1, "id": 1142, "is_following": false, "is_join_pending": false, "is_banned": false, "is_moderated": false, "name_readable": "Usopp", "post_count": 7, "source_profile_id": 1221, "source_type": "profile", "image": {"picURL": "https://static1.personality-database.com/profile_images/f5b94eff986144d685c6535fa23c6380.png"}, "join_to_post": false, "can_pin": false}, {"description": "#SaoriHayami", "follow_count": 3, "id": 122765, "is_following": false, "is_join_pending": false, "is_banned": false, "is_moderated": false, "name_readable": "Yamato", "post_count": 7, "source_profile_id": 158313, "source_type": "profile", "image": {"picURL": "https://static1.personality-database.com/profile_images/f15686953bba4c3ca9e9d5be7c18af40.png"}, "join_to_post": false, "can_pin": false}, {"description": "Edward Newgate, more commonly known as \"Whitebeard\", was the captain of the Whitebeard Pirates, was the previous wielder of the power of the Gura Gura no Mi, and was widely known for his disputed title \"Strongest Man in the World\" and also known as the \"Man Closest to One Piece\" after Gol D. Roger's death.\n\nIn his prime, Whitebeard was a rival to Gol D. Roger, and following Roger's death, was widely recognized as the strongest man in the world, a fact complimented by having the highest active bounty whilst alive, and the second highest bounty of any pirate in history.\n\nHe is an ally of Monkey D. Luffy and a central figure overall during the Marineford Arc.", "follow_count": 0, "id": 22130, "is_following": false, "is_join_pending": false, "is_banned": false, "is_moderated": false, "name_readable": "Edward Newgate", "post_count": 6, "source_profile_id": 24552, "source_type": "profile", "image": {"picURL": "https://static1.personality-database.com/profile_images/0219bb1f71044c229641b52a667a0bc3.png"}, "join_to_post": false, "can_pin": false}, {"description": "", "follow_count": 1, "id": 1137, "is_following": false, "is_join_pending": false, "is_banned": false, "is_moderated": false, "name_readable": "Tony Tony Chopper", "post_count": 6, "source_profile_id": 1216, "source_type": "profile", "image": {"picURL": "https://static1.personality-database.com/profile_images/781434d7f0ff4a1a9390d38746a1c9e3.png"}, "join_to_post": false, "can_pin": false}, {"description": "", "follow_count": 2, "id": 20320, "is_following": false, "is_join_pending": false, "is_banned": false, "is_moderated": false, "name_readable": "Sabo", "post_count": 5, "source_profile_id": 22432, "source_type": "profile", "image": {"picURL": "https://static1.personality-database.com/profile_images/c0641ff2f98146fa9f93f4a2f398152d.png"}, "join_to_post": false, "can_pin": false}, {"description": "", "follow_count": 3, "id": 21054, "is_following": false, "is_join_pending": false, "is_banned": false, "is_moderated": false, "name_readable": "Charlotte Katakuri", "post_count": 5, "source_profile_id": 23280, "source_type": "profile", "image": {"picURL": "https://static1.personality-database.com/profile_images/17b358b33967442ab35d9e37ef4ea791.png"}, "join_to_post": false, "can_pin": false}, {"description": "", "follow_count": 0, "id": 10406, "is_following": false, "is_join_pending": false, "is_banned": false, "is_moderated": false, "name_readable": "Dracule Mihawk", "post_count": 5, "source_profile_id": 11151, "source_type": "profile", "image": {"picURL": "https://static1.personality-database.com/profile_images/8e091c29e11d4f41aa8dcaab69a021db.png"}, "join_to_post": false, "can_pin": false}, {"description": "Dr. Vegapunk is the leading scientist in the employment of the Marines. His work includes discovering the secrets and uses of seastone, the secrets of how Devil Fruit powers work, the co-discovery of the Lineage Factor and its applications, and various other scientific achievements that are said to be at least 500 years ahead of current technology.", "follow_count": 1, "id": 218536, "is_following": false, "is_join_pending": false, "is_banned": false, "is_moderated": false, "name_readable": "Doctor Vegapunk", "post_count": 5, "source_profile_id": 285179, "source_type": "profile", "image": {"picURL": "https://static1.personality-database.com/profile_images/ead582ea6db34cc782d56b61a6e232a8.png"}, "join_to_post": false, "can_pin": false}], "subcategory": "One Piece", "topic_image_url": "https://static1.personality-database.com/profile_images/c696fb2d2e0c4c748b0cc2731a1ed80c.png", "source_location": {"cid": 8, "pid": 2, "sub_cat_id": 134}, "can_post_image": false, "can_post_audio": false, "posts": {"posts": [{"username": "Norman8520", "user_pic_path": "https://lh3.googleusercontent.com/a-/AFdZucrfeaj4iuBUd4VmiJjAJoVdSD3KuMlKFQGXG-Psdg=s96-c", "user_personality_type": "INTJ-5w4-594", "is_mod": false, "comment_count": 0, "reply_count": 0, "vote_type": 0, "topics_list": [{"id": 1135, "name_readable": "Roronoa Zoro"}], "id": 2123635, "post_id": 2123635, "user_id": 801890, "title": " ", "content": "Lol zoro bot told me that he is ENTJ \ud83d\ude02.", "create_date": 1673021631000, "unix_timestamp": 1673021631000, "update_date": 1673021631000, "vote_count": 2, "vote_count_down": 0, "is_reported": 0, "is_hidden": false, "is_pinned": false, "is_watching": false, "is_pro_user": false, "images": null, "audios": null, "function_list": [], "type": "post"}, {"username": "AUSERWITHTHELONGESTUSERNAMEFR_", "user_pic_path": "https://static1.personality-database.com/user_avatars/498537/2ee13457-1c9d-4a21-bc85-fe05c73457ea_small.jpeg", "user_personality_type": "ISFP-4w3", "is_mod": false, "comment_count": 2, "reply_count": 2, "vote_type": 0, "topics_list": [{"id": 1135, "name_readable": "Roronoa Zoro"}], "id": 1872932, "post_id": 1872932, "user_id": 498537, "title": "", "content": "why the ISFP votes \ud83d\ude2d", "create_date": 1670261972000, "unix_timestamp": 1670261972000, "update_date": 1670261972000, "vote_count": 4, "vote_count_down": 1, "is_reported": 0, "is_hidden": false, "is_pinned": false, "is_watching": false, "is_pro_user": false, "images": null, "audios": null, "function_list": [], "type": "post"}, {"username": "ihrtmylo", "user_pic_path": "https://static1.personality-database.com/user_avatars/421224/5420f80b-adef-43c4-aebe-88a97b64d746_small.jpeg", "user_personality_type": "", "is_mod": false, "comment_count": 0, "reply_count": 0, "vote_type": 0, "topics_list": [{"id": 1135, "name_readable": "Roronoa Zoro"}], "id": 1815417, "post_id": 1815417, "user_id": 421224, "title": "", "content": "my fav sp8", "create_date": 1669506180000, "unix_timestamp": 1669506180000, "update_date": 1669506180000, "vote_count": 3, "vote_count_down": 0, "is_reported": 0, "is_hidden": false, "is_pinned": false, "is_watching": false, "is_pro_user": false, "images": null, "audios": null, "function_list": [], "type": "post"}]}}}}