{"id": 1220, "mbti_profile": "Monkey D. Luffy", "profile_name_searchable": "whyarehiseyessocreepy", "allow_commenting": true, "allow_voting": true, "user_id": 207, "contributor": "Steve Williams", "contributor_create_date": "2015-08-24 00:48:24", "contributor_pic_path": "https://lh3.googleusercontent.com/-XdUIqdMkCWA/AAAAAAAAAAI/AAAAAAAAAAA/4252rscbv5M/photo.jpg", "display_order": 0, "edit_lock": 0, "edit_lock_picture": 1, "is_active": true, "is_approved": true, "mbti_enneagram_type": "ESFP 7w8", "mbti_type": "ESFP 7w8", "pdb_comment_access": true, "pdb_page_owner": 0, "pdb_public_access": true, "wiki_description": "Monkey D. Luffy, also known as\u00a0\"Straw Hat Luffy\"\u00a0and commonly as\u00a0\"Straw Hat\", is the main protagonist of the\u00a0manga\u00a0and\u00a0anime,\u00a0One Piece. He is the founder and\u00a0captain\u00a0of the increasingly infamous and powerful\u00a0Straw Hat Pirates, as well as one of its top fighters. His lifelong dream is to become the Pirate King by finding the\u00a0legendary treasure\u00a0left behind by the late\u00a0Gol D. Roger. He believes that being Pirate King means having the most freedom in the world.", "watch_count": 1633, "comment_count": 1237, "vote_count": 3409, "vote_count_enneagram": 911, "vote_count_mbti": 3409, "total_vote_counts": 4129, "personality_type": "ESFP - 7w8 - so/sx - 872 - SEE - SCUAI - VELF - Sanguine [Dominant] - ES(F)", "type_updated_date": "2022-12-17 02:52:42", "enneagram_vote": "", "enneagram_vote_id": 0, "mbti_vote": "", "mbti_vote_id": 0, "is_watching": false, "image_exists": false, "profile_image_url": "https://static1.personality-database.com/profile_images/8d9ee4e65c664cafb7f72384a9ee2e44.png", "profile_image_credit": "", "profile_image_credit_id": 374973, "profile_image_credit_type": "0", "profile_image_credit_url": "", "alt_subcategory": "", "related_subcategories": "", "cat_id": 8, "category": "Anime & Manga", "category_is_fictional": true, "sub_cat_id": 134, "subcategory": "One Piece", "subcat_link_info": {"sub_cat_id": 134, "cat_id": 8, "property_id": 2, "subcategory": "One Piece"}, "related_subcat_link_info": null, "related_profiles": [{"id": 1221, "mbti_profile": "Usopp", "subcategory": "One Piece", "profile_image_url": "https://static1.personality-database.com/profile_images/f5b94eff986144d685c6535fa23c6380.png", "profile_name": "Usopp", "profile_subcat": "One Piece", "sub_cat_id": 134, "cat_id": 8, "property_id": 2, "mbti": "ENTP", "enneatype": "6w7"}, {"id": 1214, "mbti_profile": "Roronoa Zoro", "subcategory": "One Piece", "profile_image_url": "https://static1.personality-database.com/profile_images/c696fb2d2e0c4c748b0cc2731a1ed80c.png", "profile_name": "Roronoa Zoro", "profile_subcat": "One Piece", "sub_cat_id": 134, "cat_id": 8, "property_id": 2, "mbti": "ISTP", "enneatype": "8w9"}, {"id": 1222, "mbti_profile": "Vinsmoke\u00a0Sanji", "subcategory": "One Piece", "profile_image_url": "https://static1.personality-database.com/profile_images/0c4e49bde5e54a1cb5ebccfda7ae799d.png", "profile_name": "Vinsmoke\u00a0Sanji", "profile_subcat": "One Piece", "sub_cat_id": 134, "cat_id": 8, "property_id": 2, "mbti": "ENFJ", "enneatype": "1w2"}, {"id": 1225, "mbti_profile": "Nami", "subcategory": "One Piece", "profile_image_url": "https://static1.personality-database.com/profile_images/e032833421264f89af02a9ee2f9dd0c2.png", "profile_name": "Nami", "profile_subcat": "One Piece", "sub_cat_id": 134, "cat_id": 8, "property_id": 2, "mbti": "ESTJ", "enneatype": "6w5"}, {"id": 1213, "mbti_profile": "Nico Robin", "subcategory": "One Piece", "profile_image_url": "https://static1.personality-database.com/profile_images/904644c89a0c46688557378ea9f60a21.png", "profile_name": "Nico Robin", "profile_subcat": "One Piece", "sub_cat_id": 134, "cat_id": 8, "property_id": 2, "mbti": "INTP", "enneatype": "5w6"}, {"id": 1218, "mbti_profile": "Portgas D. Ace", "subcategory": "One Piece", "profile_image_url": "https://static1.personality-database.com/profile_images/0bfe7777506d46d19a79c72c52465887.png", "profile_name": "Portgas D. Ace", "profile_subcat": "One Piece", "sub_cat_id": 134, "cat_id": 8, "property_id": 2, "mbti": "ESTP", "enneatype": "6w7"}, {"id": 1217, "mbti_profile": "Trafalgar D. Water Law", "subcategory": "One Piece", "profile_image_url": "https://static1.personality-database.com/profile_images/9a8b745d2dc3491c8e6b3d0d4f9686ed.png", "profile_name": "Trafalgar D. Water Law", "profile_subcat": "One Piece", "sub_cat_id": 134, "cat_id": 8, "property_id": 2, "mbti": "INTJ", "enneatype": "5w6"}, {"id": 22443, "mbti_profile": "Marshall D. Teach \u201cBlackbeard\u201d", "subcategory": "One Piece", "profile_image_url": "https://static1.personality-database.com/profile_images/02d14ee6e31b428e9636cb5c5577473e.png", "profile_name": "Marshall D. Teach \u201cBlackbeard\u201d", "profile_subcat": "One Piece", "sub_cat_id": 134, "cat_id": 8, "property_id": 2, "mbti": "ENFP", "enneatype": "8w7"}], "functions": ["Se", "Fi", "Te", "Ni"], "systems": [{"hex_color": "#888888", "id": 1, "personality_type": "XXXX", "personality_type_id": 0, "system_name": "Four Letter", "system_vote_count": 1860, "user_vote_type_id": 0, "vote_id": 0}, {"hex_color": "#006775", "id": 2, "personality_type": "XXXX", "personality_type_id": 0, "system_name": "Enneagram", "system_vote_count": 854, "user_vote_type_id": 0, "vote_id": 0}, {"hex_color": "#006775", "id": 5, "personality_type": "XXXX", "personality_type_id": 0, "system_name": "Instinctual Variant", "system_vote_count": 327, "user_vote_type_id": 0, "vote_id": 0}, {"hex_color": "#006775", "id": 6, "personality_type": "XXXX", "personality_type_id": 0, "system_name": "Tritype", "system_vote_count": 297, "user_vote_type_id": 0, "vote_id": 0}, {"hex_color": "#888888", "id": 3, "personality_type": "XXXX", "personality_type_id": 0, "system_name": "Socionics", "system_vote_count": 156, "user_vote_type_id": 0, "vote_id": 0}, {"hex_color": "#888888", "id": 9, "personality_type": "XXXX", "personality_type_id": 0, "system_name": "Big 5 (SLOAN)", "system_vote_count": 162, "user_vote_type_id": 0, "vote_id": 0}, {"hex_color": "#888888", "id": 8, "personality_type": "XXXX", "personality_type_id": 0, "system_name": "Attitudinal Psyche", "system_vote_count": 105, "user_vote_type_id": 0, "vote_id": 0}, {"hex_color": "#888888", "id": 7, "personality_type": "XXXX", "personality_type_id": 0, "system_name": "Temperaments", "system_vote_count": 252, "user_vote_type_id": 0, "vote_id": 0}, {"hex_color": "#888888", "id": 11, "personality_type": "XXXX", "personality_type_id": 0, "system_name": "Classic Jungian", "system_vote_count": 47, "user_vote_type_id": 0, "vote_id": 0}], "breakdown_systems": {"1": [{"myValue": "ESFP", "personality_system_id": 1, "personality_type": "ESFP", "theCount": 1348}, {"myValue": "ENFP", "personality_system_id": 1, "personality_type": "ENFP", "theCount": 459}, {"myValue": "ESTP", "personality_system_id": 1, "personality_type": "ESTP", "theCount": 14}, {"myValue": "ISFP", "personality_system_id": 1, "personality_type": "ISFP", "theCount": 8}, {"myValue": "ESFJ", "personality_system_id": 1, "personality_type": "ESFJ", "theCount": 7}, {"myValue": "INTJ", "personality_system_id": 1, "personality_type": "INTJ", "theCount": 6}, {"myValue": "ENFJ", "personality_system_id": 1, "personality_type": "ENFJ", "theCount": 3}, {"myValue": "ISTJ", "personality_system_id": 1, "personality_type": "ISTJ", "theCount": 3}, {"myValue": "ENTJ", "personality_system_id": 1, "personality_type": "ENTJ", "theCount": 2}, {"myValue": "ENTP", "personality_system_id": 1, "personality_type": "ENTP", "theCount": 2}, {"myValue": "ESTJ", "personality_system_id": 1, "personality_type": "ESTJ", "theCount": 2}, {"myValue": "INTP", "personality_system_id": 1, "personality_type": "INTP", "theCount": 2}, {"myValue": "ISTP", "personality_system_id": 1, "personality_type": "ISTP", "theCount": 2}, {"myValue": "INFJ", "personality_system_id": 1, "personality_type": "INFJ", "theCount": 1}, {"myValue": "ISFJ", "personality_system_id": 1, "personality_type": "ISFJ", "theCount": 1}], "10": [{"myValue": "Right-brained Extrovert", "personality_system_id": 10, "personality_type": "Right-brained Extrovert", "theCount": 2}, {"myValue": "Left-brained Extrovert", "personality_system_id": 10, "personality_type": "Left-brained Extrovert", "theCount": 1}], "11": [{"myValue": "ES(F)", "personality_system_id": 11, "personality_type": "ES(F)", "theCount": 44}, {"myValue": "EF(S)", "personality_system_id": 11, "personality_type": "EF(S)", "theCount": 1}, {"myValue": "EN(F)", "personality_system_id": 11, "personality_type": "EN(F)", "theCount": 1}, {"myValue": "IS(F)", "personality_system_id": 11, "personality_type": "IS(F)", "theCount": 1}], "2": [{"myValue": "7w8", "personality_system_id": 2, "personality_type": "7w8", "theCount": 522}, {"myValue": "8w7", "personality_system_id": 2, "personality_type": "8w7", "theCount": 305}, {"myValue": "7w6", "personality_system_id": 2, "personality_type": "7w6", "theCount": 17}, {"myValue": "4w5", "personality_system_id": 2, "personality_type": "4w5", "theCount": 2}, {"myValue": "8w9", "personality_system_id": 2, "personality_type": "8w9", "theCount": 2}, {"myValue": "1w2", "personality_system_id": 2, "personality_type": "1w2", "theCount": 1}, {"myValue": "2w3", "personality_system_id": 2, "personality_type": "2w3", "theCount": 1}, {"myValue": "4w3", "personality_system_id": 2, "personality_type": "4w3", "theCount": 1}, {"myValue": "5w4", "personality_system_id": 2, "personality_type": "5w4", "theCount": 1}, {"myValue": "5w6", "personality_system_id": 2, "personality_type": "5w6", "theCount": 1}, {"myValue": "6w7", "personality_system_id": 2, "personality_type": "6w7", "theCount": 1}], "3": [{"myValue": "SEE", "personality_system_id": 3, "personality_type": "SEE", "theCount": 132}, {"myValue": "IEE", "personality_system_id": 3, "personality_type": "IEE", "theCount": 19}, {"myValue": "ESE", "personality_system_id": 3, "personality_type": "ESE", "theCount": 4}, {"myValue": "ILE", "personality_system_id": 3, "personality_type": "ILE", "theCount": 1}], "4": [{"myValue": "Chaotic Good", "personality_system_id": 4, "personality_type": "Chaotic Good", "theCount": 59}, {"myValue": "Chaotic Neutral", "personality_system_id": 4, "personality_type": "Chaotic Neutral", "theCount": 6}, {"myValue": "Neutral Good", "personality_system_id": 4, "personality_type": "Neutral Good", "theCount": 1}], "5": [{"myValue": "so/sx", "personality_system_id": 5, "personality_type": "so/sx", "theCount": 233}, {"myValue": "sx/so", "personality_system_id": 5, "personality_type": "sx/so", "theCount": 59}, {"myValue": "so/sp", "personality_system_id": 5, "personality_type": "so/sp", "theCount": 20}, {"myValue": "sp/so", "personality_system_id": 5, "personality_type": "sp/so", "theCount": 8}, {"myValue": "sp/sx", "personality_system_id": 5, "personality_type": "sp/sx", "theCount": 5}, {"myValue": "sx/sp", "personality_system_id": 5, "personality_type": "sx/sp", "theCount": 2}], "6": [{"myValue": "872", "personality_system_id": 6, "personality_type": "872", "theCount": 121}, {"myValue": "782", "personality_system_id": 6, "personality_type": "782", "theCount": 109}, {"myValue": "827", "personality_system_id": 6, "personality_type": "827", "theCount": 14}, {"myValue": "783", "personality_system_id": 6, "personality_type": "783", "theCount": 13}, {"myValue": "728", "personality_system_id": 6, "personality_type": "728", "theCount": 10}, {"myValue": "784", "personality_system_id": 6, "personality_type": "784", "theCount": 7}, {"myValue": "874", "personality_system_id": 6, "personality_type": "874", "theCount": 5}, {"myValue": "873", "personality_system_id": 6, "personality_type": "873", "theCount": 4}, {"myValue": "792", "personality_system_id": 6, "personality_type": "792", "theCount": 3}, {"myValue": "279", "personality_system_id": 6, "personality_type": "279", "theCount": 2}, {"myValue": "837", "personality_system_id": 6, "personality_type": "837", "theCount": 2}, {"myValue": "125", "personality_system_id": 6, "personality_type": "125", "theCount": 1}, {"myValue": "127", "personality_system_id": 6, "personality_type": "127", "theCount": 1}, {"myValue": "268", "personality_system_id": 6, "personality_type": "268", "theCount": 1}, {"myValue": "416", "personality_system_id": 6, "personality_type": "416", "theCount": 1}, {"myValue": "729", "personality_system_id": 6, "personality_type": "729", "theCount": 1}, {"myValue": "738", "personality_system_id": 6, "personality_type": "738", "theCount": 1}, {"myValue": "748", "personality_system_id": 6, "personality_type": "748", "theCount": 1}], "7": [{"myValue": "Sanguine [Dominant]", "personality_system_id": 7, "personality_type": "Sanguine [Dominant]", "theCount": 175}, {"myValue": "Sanguine-Choleric", "personality_system_id": 7, "personality_type": "Sanguine-Choleric", "theCount": 66}, {"myValue": "Choleric-Sanguine", "personality_system_id": 7, "personality_type": "Choleric-Sanguine", "theCount": 4}, {"myValue": "Choleric [Dominant]", "personality_system_id": 7, "personality_type": "Choleric [Dominant]", "theCount": 2}, {"myValue": "Choleric-Phlegmatic", "personality_system_id": 7, "personality_type": "Choleric-Phlegmatic", "theCount": 2}, {"myValue": "Sanguine-Phlegmatic", "personality_system_id": 7, "personality_type": "Sanguine-Phlegmatic", "theCount": 2}, {"myValue": "Phlegmatic [Dominant]", "personality_system_id": 7, "personality_type": "Phlegmatic [Dominant]", "theCount": 1}], "8": [{"myValue": "VELF", "personality_system_id": 8, "personality_type": "VELF", "theCount": 36}, {"myValue": "VFLE", "personality_system_id": 8, "personality_type": "VFLE", "theCount": 19}, {"myValue": "VEFL", "personality_system_id": 8, "personality_type": "VEFL", "theCount": 17}, {"myValue": "FVLE", "personality_system_id": 8, "personality_type": "FVLE", "theCount": 14}, {"myValue": "EVFL", "personality_system_id": 8, "personality_type": "EVFL", "theCount": 5}, {"myValue": "EVLF", "personality_system_id": 8, "personality_type": "EVLF", "theCount": 4}, {"myValue": "VFEL", "personality_system_id": 8, "personality_type": "VFEL", "theCount": 4}, {"myValue": "ELVF", "personality_system_id": 8, "personality_type": "ELVF", "theCount": 2}, {"myValue": "FVEL", "personality_system_id": 8, "personality_type": "FVEL", "theCount": 2}, {"myValue": "FEVL", "personality_system_id": 8, "personality_type": "FEVL", "theCount": 1}, {"myValue": "LFVE", "personality_system_id": 8, "personality_type": "LFVE", "theCount": 1}], "9": [{"myValue": "SCUAI", "personality_system_id": 9, "personality_type": "SCUAI", "theCount": 108}, {"myValue": "SCUAN", "personality_system_id": 9, "personality_type": "SCUAN", "theCount": 29}, {"myValue": "SCUEI", "personality_system_id": 9, "personality_type": "SCUEI", "theCount": 8}, {"myValue": "SLUAI", "personality_system_id": 9, "personality_type": "SLUAI", "theCount": 7}, {"myValue": "SLUAN", "personality_system_id": 9, "personality_type": "SLUAN", "theCount": 4}, {"myValue": "RCUAI", "personality_system_id": 9, "personality_type": "RCUAI", "theCount": 2}, {"myValue": "RCOAN", "personality_system_id": 9, "personality_type": "RCOAN", "theCount": 1}, {"myValue": "RLUAI", "personality_system_id": 9, "personality_type": "RLUAI", "theCount": 1}, {"myValue": "SCUEN", "personality_system_id": 9, "personality_type": "SCUEN", "theCount": 1}, {"myValue": "SLUEN", "personality_system_id": 9, "personality_type": "SLUEN", "theCount": 1}]}, "breakdown_config": {"expand": {"1": 3, "10": 1, "11": 1, "2": 3, "3": 1, "4": 1, "5": 1, "6": 2, "7": 1, "8": 2, "9": 1}, "fire": {"1": 0, "10": 0, "11": 0, "2": 1, "3": 0, "4": 0, "5": 0, "6": 1, "7": 0, "8": 1, "9": 0}}, "mbti_letter_stats": [{"type": "E", "percentage": "99%", "PercentageFloat": 0.9876344086021506}, {"type": "S", "percentage": "74%", "PercentageFloat": 0.7446236559139785}, {"type": "F", "percentage": "98%", "PercentageFloat": 0.9822580645161291}, {"type": "P", "percentage": "99%", "PercentageFloat": 0.9865591397849462}], "topic_info": {"can_generate": false, "topic": {"description": "Monkey D. Luffy, also known as\u00a0\"Straw Hat Luffy\"\u00a0and commonly as\u00a0\"Straw Hat\", is the main protagonist of the\u00a0manga\u00a0and\u00a0anime,\u00a0One Piece. He is the founder and\u00a0captain\u00a0of the increasingly infamous and powerful\u00a0Straw Hat Pirates, as well as one of its top fighters. His lifelong dream is to become the Pirate King by finding the\u00a0legendary treasure\u00a0left behind by the late\u00a0Gol D. Roger. He believes that being Pirate King means having the most freedom in the world.", "follow_count": 18, "id": 1141, "is_following": false, "is_join_pending": false, "is_banned": false, "is_moderated": false, "name_readable": "Monkey D. Luffy", "post_count": 44, "source_profile_id": 1220, "source_type": "profile", "join_to_post": false, "can_pin": false, "related_topics": [{"description": "Monkey D. Luffy, also known as\u00a0\"Straw Hat Luffy\"\u00a0and commonly as\u00a0\"Straw Hat\", is the main protagonist of the\u00a0manga\u00a0and\u00a0anime,\u00a0One Piece. He is the founder and\u00a0captain\u00a0of the increasingly infamous and powerful\u00a0Straw Hat Pirates, as well as one of its top fighters. His lifelong dream is to become the Pirate King by finding the\u00a0legendary treasure\u00a0left behind by the late\u00a0Gol D. Roger. He believes that being Pirate King means having the most freedom in the world.", "follow_count": 18, "id": 1141, "is_following": false, "is_join_pending": false, "is_banned": false, "is_moderated": false, "name_readable": "Monkey D. Luffy", "post_count": 44, "source_profile_id": 1220, "source_type": "profile", "image": {"picURL": "https://static1.personality-database.com/profile_images/8d9ee4e65c664cafb7f72384a9ee2e44.png"}, "join_to_post": false, "can_pin": false}, {"description": "Nico Robin, also known by her epithet \"Devil Child\" and the \"Light of the Revolution\", is the archaeologist of the Straw Hat Pirates. She is the seventh member of the crew and the sixth to join, doing so at the end of the Alabasta Arc.; her appearance defines her as a tall and slender young woman measuring 6'2\" (188 cm) with shoulder-length black hair, large breasts, and eyes that have dark, wide pupils. She also has a thin defined nose.\n\nAs the sole survivor of the destroyed West Blue island Ohara, she is currently the only person in the world known to have the ability to read and decipher Poneglyphs, a skill which is considered forbidden and threatening to the World Government. She acted as the vice president of Baroque Works as \"Miss All Sunday\", serving and partnering herself directly with the organization's president; the ex-Warlord: Crocodile, who operated under the codename \"Mr. 0\".", "follow_count": 6, "id": 1134, "is_following": false, "is_join_pending": false, "is_banned": false, "is_moderated": false, "name_readable": "Nico Robin", "post_count": 34, "source_profile_id": 1213, "source_type": "profile", "image": {"picURL": "https://static1.personality-database.com/profile_images/904644c89a0c46688557378ea9f60a21.png"}, "join_to_post": false, "can_pin": false}, {"description": "#MegumiToyoguchi", "follow_count": 3, "id": 1146, "is_following": false, "is_join_pending": false, "is_banned": false, "is_moderated": false, "name_readable": "Nami", "post_count": 24, "source_profile_id": 1225, "source_type": "profile", "image": {"picURL": "https://static1.personality-database.com/profile_images/e032833421264f89af02a9ee2f9dd0c2.png"}, "join_to_post": false, "can_pin": false}, {"description": "#KazuyaNakai", "follow_count": 11, "id": 1135, "is_following": false, "is_join_pending": false, "is_banned": false, "is_moderated": false, "name_readable": "Roronoa Zoro", "post_count": 23, "source_profile_id": 1214, "source_type": "profile", "image": {"picURL": "https://static1.personality-database.com/profile_images/c696fb2d2e0c4c748b0cc2731a1ed80c.png"}, "join_to_post": false, "can_pin": false}, {"description": "", "follow_count": 5, "id": 1143, "is_following": false, "is_join_pending": false, "is_banned": false, "is_moderated": false, "name_readable": "Vinsmoke\u00a0Sanji", "post_count": 22, "source_profile_id": 1222, "source_type": "profile", "image": {"picURL": "https://static1.personality-database.com/profile_images/0c4e49bde5e54a1cb5ebccfda7ae799d.png"}, "join_to_post": false, "can_pin": false}, {"description": "The most beloved singer in the world. Her voice, which she sings with while concealing her true identity, has been described as \"otherworldly\".", "follow_count": 5, "id": 336812, "is_following": false, "is_join_pending": false, "is_banned": false, "is_moderated": false, "name_readable": "Uta", "post_count": 12, "source_profile_id": 486002, "source_type": "profile", "image": {"picURL": "https://static1.personality-database.com/profile_images/ab9b346fbc824b10a1ab2c140eaa609e.png"}, "join_to_post": false, "can_pin": false}, {"description": "", "follow_count": 5, "id": 1139, "is_following": false, "is_join_pending": false, "is_banned": false, "is_moderated": false, "name_readable": "Portgas D. Ace", "post_count": 8, "source_profile_id": 1218, "source_type": "profile", "image": {"picURL": "https://static1.personality-database.com/profile_images/0bfe7777506d46d19a79c72c52465887.png"}, "join_to_post": false, "can_pin": false}, {"description": "#SaoriHayami", "follow_count": 3, "id": 122765, "is_following": false, "is_join_pending": false, "is_banned": false, "is_moderated": false, "name_readable": "Yamato", "post_count": 7, "source_profile_id": 158313, "source_type": "profile", "image": {"picURL": "https://static1.personality-database.com/profile_images/f15686953bba4c3ca9e9d5be7c18af40.png"}, "join_to_post": false, "can_pin": false}, {"description": "#HiroshiKamiya", "follow_count": 6, "id": 1138, "is_following": false, "is_join_pending": false, "is_banned": false, "is_moderated": false, "name_readable": "Trafalgar D. Water Law", "post_count": 7, "source_profile_id": 1217, "source_type": "profile", "image": {"picURL": "https://static1.personality-database.com/profile_images/9a8b745d2dc3491c8e6b3d0d4f9686ed.png"}, "join_to_post": false, "can_pin": false}, {"description": "", "follow_count": 1, "id": 1142, "is_following": false, "is_join_pending": false, "is_banned": false, "is_moderated": false, "name_readable": "Usopp", "post_count": 7, "source_profile_id": 1221, "source_type": "profile", "image": {"picURL": "https://static1.personality-database.com/profile_images/f5b94eff986144d685c6535fa23c6380.png"}, "join_to_post": false, "can_pin": false}, {"description": "", "follow_count": 1, "id": 1137, "is_following": false, "is_join_pending": false, "is_banned": false, "is_moderated": false, "name_readable": "Tony Tony Chopper", "post_count": 6, "source_profile_id": 1216, "source_type": "profile", "image": {"picURL": "https://static1.personality-database.com/profile_images/781434d7f0ff4a1a9390d38746a1c9e3.png"}, "join_to_post": false, "can_pin": false}, {"description": "Edward Newgate, more commonly known as \"Whitebeard\", was the captain of the Whitebeard Pirates, was the previous wielder of the power of the Gura Gura no Mi, and was widely known for his disputed title \"Strongest Man in the World\" and also known as the \"Man Closest to One Piece\" after Gol D. Roger's death.\n\nIn his prime, Whitebeard was a rival to Gol D. Roger, and following Roger's death, was widely recognized as the strongest man in the world, a fact complimented by having the highest active bounty whilst alive, and the second highest bounty of any pirate in history.\n\nHe is an ally of Monkey D. Luffy and a central figure overall during the Marineford Arc.", "follow_count": 0, "id": 22130, "is_following": false, "is_join_pending": false, "is_banned": false, "is_moderated": false, "name_readable": "Edward Newgate", "post_count": 6, "source_profile_id": 24552, "source_type": "profile", "image": {"picURL": "https://static1.personality-database.com/profile_images/0219bb1f71044c229641b52a667a0bc3.png"}, "join_to_post": false, "can_pin": false}, {"description": "", "follow_count": 1, "id": 1136, "is_following": false, "is_join_pending": false, "is_banned": false, "is_moderated": false, "name_readable": "Perona", "post_count": 5, "source_profile_id": 1215, "source_type": "profile", "image": {"picURL": "https://static1.personality-database.com/profile_images/03ab5ffdaa994f40ba634dccf0771ac8.png"}, "join_to_post": false, "can_pin": false}, {"description": "", "follow_count": 2, "id": 20320, "is_following": false, "is_join_pending": false, "is_banned": false, "is_moderated": false, "name_readable": "Sabo", "post_count": 5, "source_profile_id": 22432, "source_type": "profile", "image": {"picURL": "https://static1.personality-database.com/profile_images/c0641ff2f98146fa9f93f4a2f398152d.png"}, "join_to_post": false, "can_pin": false}, {"description": "", "follow_count": 3, "id": 21054, "is_following": false, "is_join_pending": false, "is_banned": false, "is_moderated": false, "name_readable": "Charlotte Katakuri", "post_count": 5, "source_profile_id": 23280, "source_type": "profile", "image": {"picURL": "https://static1.personality-database.com/profile_images/17b358b33967442ab35d9e37ef4ea791.png"}, "join_to_post": false, "can_pin": false}, {"description": "", "follow_count": 0, "id": 10406, "is_following": false, "is_join_pending": false, "is_banned": false, "is_moderated": false, "name_readable": "Dracule Mihawk", "post_count": 5, "source_profile_id": 11151, "source_type": "profile", "image": {"picURL": "https://static1.personality-database.com/profile_images/8e091c29e11d4f41aa8dcaab69a021db.png"}, "join_to_post": false, "can_pin": false}], "subcategory": "One Piece", "topic_image_url": "https://static1.personality-database.com/profile_images/8d9ee4e65c664cafb7f72384a9ee2e44.png", "source_location": {"cid": 8, "pid": 2, "sub_cat_id": 134}, "can_post_image": false, "can_post_audio": false, "posts": {"posts": [{"username": "astuary", "user_pic_path": "https://lh3.googleusercontent.com/a-/AOh14GiHTos3ozvthyzxuNWi2Sr19aNtvxwvGl62WDBtNA=s96-c", "user_personality_type": "INFP-4w5", "is_mod": false, "comment_count": 0, "reply_count": 0, "vote_type": 0, "topics_list": [{"id": 1141, "name_readable": "Monkey D. Luffy"}], "id": 2152067, "post_id": 2152067, "user_id": 405560, "title": "", "content": "The 2 in his tritype is so prominent and such an under discussed aspect of his character! Imo.", "create_date": 1673297225000, "unix_timestamp": 1673297225000, "update_date": 1673297225000, "vote_count": 2, "vote_count_down": 0, "is_reported": 0, "is_hidden": false, "is_pinned": false, "is_watching": false, "is_pro_user": false, "images": null, "audios": null, "function_list": [], "type": "post"}, {"username": "cheerful_restaurateur_1366", "user_pic_path": "", "user_personality_type": "XXXX", "is_mod": false, "comment_count": 0, "reply_count": 0, "vote_type": 0, "topics_list": [{"id": 1141, "name_readable": "Monkey D. Luffy"}], "id": 1950180, "post_id": 1950180, "user_id": 1403450, "title": "he is more ENFP than ESFP", "content": "huh", "create_date": 1671192709000, "unix_timestamp": 1671192709000, "update_date": 1671192709000, "vote_count": 3, "vote_count_down": 0, "is_reported": 0, "is_hidden": false, "is_pinned": false, "is_watching": false, "is_pro_user": false, "images": null, "audios": null, "function_list": [], "type": "post"}, {"username": "matscz", "user_pic_path": "https://lh3.googleusercontent.com/a-/AOh14GgOpciXl4s3NPLJiFHVf6iPF9h4cCN3OEmogT1UUQ=s96-c", "user_personality_type": "ESFP", "is_mod": false, "comment_count": 0, "reply_count": 0, "vote_type": 0, "topics_list": [{"id": 1141, "name_readable": "Monkey D. Luffy"}], "id": 1870430, "post_id": 1870430, "user_id": 184237, "title": "LE GOAT", "content": "love him he's the best", "create_date": 1670232848000, "unix_timestamp": 1670232848000, "update_date": 1670232848000, "vote_count": 3, "vote_count_down": 0, "is_reported": 0, "is_hidden": false, "is_pinned": false, "is_watching": false, "is_pro_user": false, "images": null, "audios": null, "function_list": [], "type": "post"}]}}}}