{"id": 12345, "mbti_profile": "Kaidou Shun", "profile_name_searchable": "kaidoushun", "allow_commenting": true, "allow_voting": true, "user_id": 2457, "contributor": "leomarkcastro12", "contributor_create_date": "2018-06-02 10:47:34", "contributor_pic_path": "https://lh3.googleusercontent.com/a-/AOh14GhmtOVurlTkUzVmonB9uZcPqZCcDXIbdVh1rwc=s96-c", "display_order": 990, "edit_lock": 0, "edit_lock_picture": 1, "is_active": true, "is_approved": true, "mbti_enneagram_type": "INFP 4w3", "mbti_type": "INFP 4w3", "pdb_comment_access": true, "pdb_page_owner": 0, "pdb_public_access": true, "wiki_description": "", "watch_count": 3068, "comment_count": 272, "vote_count": 1252, "vote_count_enneagram": 796, "vote_count_mbti": 1252, "total_vote_counts": 3002, "personality_type": "INFP - 4w3 - so/sx - 469 - IEI - SLUAI - EVLF - Melancholic-Sanguine - EN(F)", "type_updated_date": "2022-11-30 04:50:34", "enneagram_vote": "", "enneagram_vote_id": 0, "mbti_vote": "", "mbti_vote_id": 0, "is_watching": false, "image_exists": false, "profile_image_url": "https://static1.personality-database.com/profile_images/9d04a42e953c42849b9ee800ff401276.png", "profile_image_credit": "", "profile_image_credit_id": 0, "profile_image_credit_type": "0", "profile_image_credit_url": "", "alt_subcategory": "The Disastrous Life of Saiki K.", "related_subcategories": "", "cat_id": 8, "category": "Anime & Manga", "category_is_fictional": true, "sub_cat_id": 1594, "subcategory": "Saiki Kusuo no Psi-nan", "subcat_link_info": {"sub_cat_id": 1594, "cat_id": 8, "property_id": 2, "subcategory": "Saiki Kusuo no Psi-nan"}, "related_subcat_link_info": null, "related_profiles": [{"id": 12343, "mbti_profile": "Saiki Kusuo", "subcategory": "Saiki Kusuo no Psi-nan", "profile_image_url": "https://static1.personality-database.com/profile_images/de718b3822a04a248495eed0c01b017f.png", "profile_name": "Saiki Kusuo", "profile_subcat": "Saiki Kusuo no Psi-nan", "sub_cat_id": 1594, "cat_id": 8, "property_id": 2, "mbti": "INTP", "enneatype": "5w6"}, {"id": 12347, "mbti_profile": "Teruhashi Kokomi", "subcategory": "Saiki Kusuo no Psi-nan", "profile_image_url": "https://static1.personality-database.com/profile_images/6f43ae5bf7cf4b55939efdc23d59b8f5.png", "profile_name": "Teruhashi Kokomi", "profile_subcat": "Saiki Kusuo no Psi-nan", "sub_cat_id": 1594, "cat_id": 8, "property_id": 2, "mbti": "ENFJ", "enneatype": "3w2"}, {"id": 12344, "mbti_profile": "Nendou Riki", "subcategory": "Saiki Kusuo no Psi-nan", "profile_image_url": "https://static1.personality-database.com/profile_images/7b111654afe14427857c4faf5cd58904.png", "profile_name": "Nendou Riki", "profile_subcat": "Saiki Kusuo no Psi-nan", "sub_cat_id": 1594, "cat_id": 8, "property_id": 2, "mbti": "ESFP", "enneatype": "2w3"}, {"id": 12355, "mbti_profile": "Akechi Touma", "subcategory": "Saiki Kusuo no Psi-nan", "profile_image_url": "https://static1.personality-database.com/profile_images/3366e36eae7c4bea83de227030db75b3.png", "profile_name": "Akechi Touma", "profile_subcat": "Saiki Kusuo no Psi-nan", "sub_cat_id": 1594, "cat_id": 8, "property_id": 2, "mbti": "ENTP", "enneatype": "5w6"}, {"id": 12352, "mbti_profile": "Saiki Kusuke", "subcategory": "Saiki Kusuo no Psi-nan", "profile_image_url": "https://static1.personality-database.com/profile_images/4057c4762a3446ab94128b43104cd8dc.png", "profile_name": "Saiki Kusuke", "profile_subcat": "Saiki Kusuo no Psi-nan", "sub_cat_id": 1594, "cat_id": 8, "property_id": 2, "mbti": "ENTJ", "enneatype": "3w4"}, {"id": 12346, "mbti_profile": "Hairo Kineshi", "subcategory": "Saiki Kusuo no Psi-nan", "profile_image_url": "https://static1.personality-database.com/profile_images/d52c813b051b43bbb5a586b7c6adba45.png", "profile_name": "Hairo Kineshi", "profile_subcat": "Saiki Kusuo no Psi-nan", "sub_cat_id": 1594, "cat_id": 8, "property_id": 2, "mbti": "ENFJ", "enneatype": "3w2"}, {"id": 12351, "mbti_profile": "Aiura Mikoto", "subcategory": "Saiki Kusuo no Psi-nan", "profile_image_url": "https://static1.personality-database.com/profile_images/f5a55b0780ad43f5bc8ac5d702865166.png", "profile_name": "Aiura Mikoto", "profile_subcat": "Saiki Kusuo no Psi-nan", "sub_cat_id": 1594, "cat_id": 8, "property_id": 2, "mbti": "ESFP", "enneatype": "7w8"}, {"id": 12357, "mbti_profile": "Yumehara Chiyo", "subcategory": "Saiki Kusuo no Psi-nan", "profile_image_url": "https://static1.personality-database.com/profile_images/cea3d10351d54756b98653c75b59504b.png", "profile_name": "Yumehara Chiyo", "profile_subcat": "Saiki Kusuo no Psi-nan", "sub_cat_id": 1594, "cat_id": 8, "property_id": 2, "mbti": "ENFP", "enneatype": "2w3"}], "functions": ["Fi", "Ne", "Si", "Te"], "systems": [{"hex_color": "#888888", "id": 1, "personality_type": "XXXX", "personality_type_id": 0, "system_name": "Four Letter", "system_vote_count": 1227, "user_vote_type_id": 0, "vote_id": 0}, {"hex_color": "#006775", "id": 2, "personality_type": "XXXX", "personality_type_id": 0, "system_name": "Enneagram", "system_vote_count": 779, "user_vote_type_id": 0, "vote_id": 0}, {"hex_color": "#006775", "id": 5, "personality_type": "XXXX", "personality_type_id": 0, "system_name": "Instinctual Variant", "system_vote_count": 241, "user_vote_type_id": 0, "vote_id": 0}, {"hex_color": "#006775", "id": 6, "personality_type": "XXXX", "personality_type_id": 0, "system_name": "Tritype", "system_vote_count": 224, "user_vote_type_id": 0, "vote_id": 0}, {"hex_color": "#888888", "id": 3, "personality_type": "XXXX", "personality_type_id": 0, "system_name": "Socionics", "system_vote_count": 97, "user_vote_type_id": 0, "vote_id": 0}, {"hex_color": "#888888", "id": 9, "personality_type": "XXXX", "personality_type_id": 0, "system_name": "Big 5 (SLOAN)", "system_vote_count": 90, "user_vote_type_id": 0, "vote_id": 0}, {"hex_color": "#888888", "id": 8, "personality_type": "XXXX", "personality_type_id": 0, "system_name": "Attitudinal Psyche", "system_vote_count": 67, "user_vote_type_id": 0, "vote_id": 0}, {"hex_color": "#888888", "id": 7, "personality_type": "XXXX", "personality_type_id": 0, "system_name": "Temperaments", "system_vote_count": 187, "user_vote_type_id": 0, "vote_id": 0}, {"hex_color": "#888888", "id": 11, "personality_type": "XXXX", "personality_type_id": 0, "system_name": "Classic Jungian", "system_vote_count": 20, "user_vote_type_id": 0, "vote_id": 0}], "breakdown_systems": {"1": [{"myValue": "INFP", "personality_system_id": 1, "personality_type": "INFP", "theCount": 1095}, {"myValue": "ENFP", "personality_system_id": 1, "personality_type": "ENFP", "theCount": 92}, {"myValue": "ISFP", "personality_system_id": 1, "personality_type": "ISFP", "theCount": 12}, {"myValue": "INTP", "personality_system_id": 1, "personality_type": "INTP", "theCount": 6}, {"myValue": "ENTP", "personality_system_id": 1, "personality_type": "ENTP", "theCount": 5}, {"myValue": "ISTJ", "personality_system_id": 1, "personality_type": "ISTJ", "theCount": 4}, {"myValue": "ESTJ", "personality_system_id": 1, "personality_type": "ESTJ", "theCount": 3}, {"myValue": "ESTP", "personality_system_id": 1, "personality_type": "ESTP", "theCount": 3}, {"myValue": "INFJ", "personality_system_id": 1, "personality_type": "INFJ", "theCount": 2}, {"myValue": "INTJ", "personality_system_id": 1, "personality_type": "INTJ", "theCount": 2}, {"myValue": "ISFJ", "personality_system_id": 1, "personality_type": "ISFJ", "theCount": 2}, {"myValue": "ENTJ", "personality_system_id": 1, "personality_type": "ENTJ", "theCount": 1}], "10": [{"myValue": "Right-brained Introvert", "personality_system_id": 10, "personality_type": "Right-brained Introvert", "theCount": 4}, {"myValue": "Left-brained Introvert", "personality_system_id": 10, "personality_type": "Left-brained Introvert", "theCount": 1}], "11": [{"myValue": "EN(F)", "personality_system_id": 11, "personality_type": "EN(F)", "theCount": 9}, {"myValue": "IF(N)", "personality_system_id": 11, "personality_type": "IF(N)", "theCount": 6}, {"myValue": "IN(F)", "personality_system_id": 11, "personality_type": "IN(F)", "theCount": 5}], "2": [{"myValue": "4w3", "personality_system_id": 2, "personality_type": "4w3", "theCount": 720}, {"myValue": "7w6", "personality_system_id": 2, "personality_type": "7w6", "theCount": 24}, {"myValue": "4w5", "personality_system_id": 2, "personality_type": "4w5", "theCount": 13}, {"myValue": "3w4", "personality_system_id": 2, "personality_type": "3w4", "theCount": 7}, {"myValue": "6w7", "personality_system_id": 2, "personality_type": "6w7", "theCount": 5}, {"myValue": "6w5", "personality_system_id": 2, "personality_type": "6w5", "theCount": 3}, {"myValue": "5w4", "personality_system_id": 2, "personality_type": "5w4", "theCount": 2}, {"myValue": "2w3", "personality_system_id": 2, "personality_type": "2w3", "theCount": 1}, {"myValue": "5w6", "personality_system_id": 2, "personality_type": "5w6", "theCount": 1}, {"myValue": "7w8", "personality_system_id": 2, "personality_type": "7w8", "theCount": 1}, {"myValue": "8w7", "personality_system_id": 2, "personality_type": "8w7", "theCount": 1}, {"myValue": "9w1", "personality_system_id": 2, "personality_type": "9w1", "theCount": 1}], "3": [{"myValue": "IEI", "personality_system_id": 3, "personality_type": "IEI", "theCount": 81}, {"myValue": "IEE", "personality_system_id": 3, "personality_type": "IEE", "theCount": 6}, {"myValue": "EIE", "personality_system_id": 3, "personality_type": "EIE", "theCount": 5}, {"myValue": "EII", "personality_system_id": 3, "personality_type": "EII", "theCount": 4}, {"myValue": "ILE", "personality_system_id": 3, "personality_type": "ILE", "theCount": 1}], "4": [{"myValue": "Chaotic Good", "personality_system_id": 4, "personality_type": "Chaotic Good", "theCount": 61}, {"myValue": "Neutral Good", "personality_system_id": 4, "personality_type": "Neutral Good", "theCount": 3}, {"myValue": "Chaotic Neutral", "personality_system_id": 4, "personality_type": "Chaotic Neutral", "theCount": 1}], "5": [{"myValue": "so/sx", "personality_system_id": 5, "personality_type": "so/sx", "theCount": 182}, {"myValue": "sx/so", "personality_system_id": 5, "personality_type": "sx/so", "theCount": 42}, {"myValue": "so/sp", "personality_system_id": 5, "personality_type": "so/sp", "theCount": 9}, {"myValue": "sp/so", "personality_system_id": 5, "personality_type": "sp/so", "theCount": 5}, {"myValue": "sx/sp", "personality_system_id": 5, "personality_type": "sx/sp", "theCount": 2}, {"myValue": "sp/sx", "personality_system_id": 5, "personality_type": "sp/sx", "theCount": 1}], "6": [{"myValue": "469", "personality_system_id": 6, "personality_type": "469", "theCount": 177}, {"myValue": "479", "personality_system_id": 6, "personality_type": "479", "theCount": 25}, {"myValue": "749", "personality_system_id": 6, "personality_type": "749", "theCount": 9}, {"myValue": "461", "personality_system_id": 6, "personality_type": "461", "theCount": 2}, {"myValue": "649", "personality_system_id": 6, "personality_type": "649", "theCount": 2}, {"myValue": "694", "personality_system_id": 6, "personality_type": "694", "theCount": 2}, {"myValue": "137", "personality_system_id": 6, "personality_type": "137", "theCount": 1}, {"myValue": "269", "personality_system_id": 6, "personality_type": "269", "theCount": 1}, {"myValue": "459", "personality_system_id": 6, "personality_type": "459", "theCount": 1}, {"myValue": "468", "personality_system_id": 6, "personality_type": "468", "theCount": 1}, {"myValue": "478", "personality_system_id": 6, "personality_type": "478", "theCount": 1}, {"myValue": "497", "personality_system_id": 6, "personality_type": "497", "theCount": 1}, {"myValue": "739", "personality_system_id": 6, "personality_type": "739", "theCount": 1}], "7": [{"myValue": "Melancholic-Sanguine", "personality_system_id": 7, "personality_type": "Melancholic-Sanguine", "theCount": 161}, {"myValue": "Sanguine-Melancholic", "personality_system_id": 7, "personality_type": "Sanguine-Melancholic", "theCount": 18}, {"myValue": "Melancholic-Phlegmatic", "personality_system_id": 7, "personality_type": "Melancholic-Phlegmatic", "theCount": 3}, {"myValue": "Melancholic [Dominant]", "personality_system_id": 7, "personality_type": "Melancholic [Dominant]", "theCount": 2}, {"myValue": "Sanguine [Dominant]", "personality_system_id": 7, "personality_type": "Sanguine [Dominant]", "theCount": 2}, {"myValue": "Phlegmatic-Sanguine", "personality_system_id": 7, "personality_type": "Phlegmatic-Sanguine", "theCount": 1}], "8": [{"myValue": "EVLF", "personality_system_id": 8, "personality_type": "EVLF", "theCount": 38}, {"myValue": "ELVF", "personality_system_id": 8, "personality_type": "ELVF", "theCount": 13}, {"myValue": "FEVL", "personality_system_id": 8, "personality_type": "FEVL", "theCount": 5}, {"myValue": "ELFV", "personality_system_id": 8, "personality_type": "ELFV", "theCount": 4}, {"myValue": "EVFL", "personality_system_id": 8, "personality_type": "EVFL", "theCount": 2}, {"myValue": "FELV", "personality_system_id": 8, "personality_type": "FELV", "theCount": 2}, {"myValue": "EFLV", "personality_system_id": 8, "personality_type": "EFLV", "theCount": 1}, {"myValue": "LVEF", "personality_system_id": 8, "personality_type": "LVEF", "theCount": 1}, {"myValue": "VELF", "personality_system_id": 8, "personality_type": "VELF", "theCount": 1}], "9": [{"myValue": "SLUAI", "personality_system_id": 9, "personality_type": "SLUAI", "theCount": 80}, {"myValue": "RLUAI", "personality_system_id": 9, "personality_type": "RLUAI", "theCount": 6}, {"myValue": "RCUEI", "personality_system_id": 9, "personality_type": "RCUEI", "theCount": 1}, {"myValue": "RLUEI", "personality_system_id": 9, "personality_type": "RLUEI", "theCount": 1}, {"myValue": "SCUEI", "personality_system_id": 9, "personality_type": "SCUEI", "theCount": 1}, {"myValue": "SLUEI", "personality_system_id": 9, "personality_type": "SLUEI", "theCount": 1}]}, "breakdown_config": {"expand": {"1": 3, "10": 1, "11": 1, "2": 3, "3": 1, "4": 1, "5": 1, "6": 1, "7": 1, "8": 1, "9": 1}, "fire": {"1": 0, "10": 0, "11": 0, "2": 0, "3": 0, "4": 0, "5": 0, "6": 0, "7": 0, "8": 0, "9": 0}}, "mbti_letter_stats": [{"type": "I", "percentage": "92%", "PercentageFloat": 0.9152404237978811}, {"type": "N", "percentage": "98%", "PercentageFloat": 0.980440097799511}, {"type": "F", "percentage": "98%", "PercentageFloat": 0.980440097799511}, {"type": "P", "percentage": "99%", "PercentageFloat": 0.9885900570497147}], "topic_info": {"can_generate": false, "topic": {"description": "", "follow_count": 18, "id": 11403, "is_following": false, "is_join_pending": false, "is_banned": false, "is_moderated": false, "name_readable": "Kaidou Shun", "post_count": 83, "source_profile_id": 12345, "source_type": "profile", "join_to_post": false, "can_pin": false, "related_topics": [{"description": "Saiki Kusuo is shown to be very introverted; showing comfort in simply being alone and living a quiet life. He uses any means he can to keep his supernatural powers hidden and draw attention away from himself. #HiroshiKamiya", "follow_count": 25, "id": 11401, "is_following": false, "is_join_pending": false, "is_banned": false, "is_moderated": false, "name_readable": "Saiki Kusuo", "post_count": 98, "source_profile_id": 12343, "source_type": "profile", "image": {"picURL": "https://static1.personality-database.com/profile_images/de718b3822a04a248495eed0c01b017f.png"}, "join_to_post": false, "can_pin": false}, {"description": "", "follow_count": 18, "id": 11403, "is_following": false, "is_join_pending": false, "is_banned": false, "is_moderated": false, "name_readable": "Kaidou Shun", "post_count": 83, "source_profile_id": 12345, "source_type": "profile", "image": {"picURL": "https://static1.personality-database.com/profile_images/9d04a42e953c42849b9ee800ff401276.png"}, "join_to_post": false, "can_pin": false}, {"description": "", "follow_count": 5, "id": 11405, "is_following": false, "is_join_pending": false, "is_banned": false, "is_moderated": false, "name_readable": "Teruhashi Kokomi", "post_count": 36, "source_profile_id": 12347, "source_type": "profile", "image": {"picURL": "https://static1.personality-database.com/profile_images/6f43ae5bf7cf4b55939efdc23d59b8f5.png"}, "join_to_post": false, "can_pin": false}, {"description": "", "follow_count": 2, "id": 11413, "is_following": false, "is_join_pending": false, "is_banned": false, "is_moderated": false, "name_readable": "Akechi Touma", "post_count": 33, "source_profile_id": 12355, "source_type": "profile", "image": {"picURL": "https://static1.personality-database.com/profile_images/3366e36eae7c4bea83de227030db75b3.png"}, "join_to_post": false, "can_pin": false}, {"description": "", "follow_count": 0, "id": 11404, "is_following": false, "is_join_pending": false, "is_banned": false, "is_moderated": false, "name_readable": "Hairo Kineshi", "post_count": 23, "source_profile_id": 12346, "source_type": "profile", "image": {"picURL": "https://static1.personality-database.com/profile_images/d52c813b051b43bbb5a586b7c6adba45.png"}, "join_to_post": false, "can_pin": false}, {"description": "#YoshimasaHosoya", "follow_count": 0, "id": 11408, "is_following": false, "is_join_pending": false, "is_banned": false, "is_moderated": false, "name_readable": "Kuboyasu Aren", "post_count": 22, "source_profile_id": 12350, "source_type": "profile", "image": {"picURL": "https://static1.personality-database.com/profile_images/c3d0cd93fbd64479a4fa92853980d81d.png"}, "join_to_post": false, "can_pin": false}, {"description": "Some brother that's jealous of Saiki Kusuo living his best life.", "follow_count": 1, "id": 11410, "is_following": false, "is_join_pending": false, "is_banned": false, "is_moderated": false, "name_readable": "Saiki Kusuke", "post_count": 11, "source_profile_id": 12352, "source_type": "profile", "image": {"picURL": "https://static1.personality-database.com/profile_images/4057c4762a3446ab94128b43104cd8dc.png"}, "join_to_post": false, "can_pin": false}, {"description": "", "follow_count": 0, "id": 11416, "is_following": false, "is_join_pending": false, "is_banned": false, "is_moderated": false, "name_readable": "Toritsuka Reita", "post_count": 9, "source_profile_id": 12358, "source_type": "profile", "image": {"picURL": "https://static1.personality-database.com/profile_images/f419f65e513b40c79309ccdc37dbb678.png"}, "join_to_post": false, "can_pin": false}, {"description": "", "follow_count": 0, "id": 11402, "is_following": false, "is_join_pending": false, "is_banned": false, "is_moderated": false, "name_readable": "Nendou Riki", "post_count": 8, "source_profile_id": 12344, "source_type": "profile", "image": {"picURL": "https://static1.personality-database.com/profile_images/7b111654afe14427857c4faf5cd58904.png"}, "join_to_post": false, "can_pin": false}, {"description": "", "follow_count": 0, "id": 125727, "is_following": false, "is_join_pending": false, "is_banned": false, "is_moderated": false, "name_readable": "Shun's Mother", "post_count": 6, "source_profile_id": 162057, "source_type": "profile", "image": {"picURL": "https://static1.personality-database.com/profile_images/441f9389b67a4b3388c52705e2d06f18.png"}, "join_to_post": false, "can_pin": false}, {"description": "", "follow_count": 0, "id": 11415, "is_following": false, "is_join_pending": false, "is_banned": false, "is_moderated": false, "name_readable": "Yumehara Chiyo", "post_count": 6, "source_profile_id": 12357, "source_type": "profile", "image": {"picURL": "https://static1.personality-database.com/profile_images/cea3d10351d54756b98653c75b59504b.png"}, "join_to_post": false, "can_pin": false}, {"description": "", "follow_count": 0, "id": 11412, "is_following": false, "is_join_pending": false, "is_banned": false, "is_moderated": false, "name_readable": "Teruhashi Makoto (Mugami Tohru)", "post_count": 5, "source_profile_id": 12354, "source_type": "profile", "image": {"picURL": "https://static1.personality-database.com/profile_images/1f73c716397f48ef8e60b4466f36472b.png"}, "join_to_post": false, "can_pin": false}, {"description": "", "follow_count": 1, "id": 11417, "is_following": false, "is_join_pending": false, "is_banned": false, "is_moderated": false, "name_readable": "Saiko Metori", "post_count": 3, "source_profile_id": 12359, "source_type": "profile", "image": {"picURL": "https://static1.personality-database.com/profile_images/5f55808a8b4e447896122796dcb922c7.png"}, "join_to_post": false, "can_pin": false}, {"description": "#EriKitamura", "follow_count": 0, "id": 11409, "is_following": false, "is_join_pending": false, "is_banned": false, "is_moderated": false, "name_readable": "Aiura Mikoto", "post_count": 2, "source_profile_id": 12351, "source_type": "profile", "image": {"picURL": "https://static1.personality-database.com/profile_images/f5a55b0780ad43f5bc8ac5d702865166.png"}, "join_to_post": false, "can_pin": false}, {"description": "", "follow_count": 0, "id": 61939, "is_following": false, "is_join_pending": false, "is_banned": false, "is_moderated": false, "name_readable": "Saiki Kumagoro", "post_count": 1, "source_profile_id": 76405, "source_type": "profile", "image": {"picURL": "https://static1.personality-database.com/profile_images/fe7717bce78e452daf1789189e5f05f7.png"}, "join_to_post": false, "can_pin": false}, {"description": "", "follow_count": 0, "id": 89935, "is_following": false, "is_join_pending": false, "is_banned": false, "is_moderated": false, "name_readable": "Satou Hiroshi", "post_count": 1, "source_profile_id": 113329, "source_type": "profile", "image": {"picURL": "https://static1.personality-database.com/profile_images/b4f4fd78115040f49c2d557d764c8f5c.png"}, "join_to_post": false, "can_pin": false}], "subcategory": "Saiki Kusuo no Psi-nan", "topic_image_url": "https://static1.personality-database.com/profile_images/9d04a42e953c42849b9ee800ff401276.png", "source_location": {"cid": 8, "pid": 2, "sub_cat_id": 1594}, "can_post_image": false, "can_post_audio": false, "posts": {"posts": [{"username": "lesbianenashinonome", "user_pic_path": "https://static1.personality-database.com/user_avatars/1605850/bd78ca52-80a1-48ca-ba22-899a29ce1535_small.jpeg", "user_personality_type": "INFP-6w5-649", "is_mod": false, "comment_count": 0, "reply_count": 0, "vote_type": 0, "topics_list": [{"id": 11403, "name_readable": "Kaidou Shun"}], "id": 2153829, "post_id": 2153829, "user_id": 1605850, "title": "", "content": "Just like me fr", "create_date": 1673312917000, "unix_timestamp": 1673312917000, "update_date": 1673312917000, "vote_count": 0, "vote_count_down": 0, "is_reported": 0, "is_hidden": false, "is_pinned": false, "is_watching": false, "is_pro_user": false, "images": null, "audios": null, "function_list": [], "type": "post"}, {"username": "ihrtizaya", "user_pic_path": "https://static1.personality-database.com/user_avatars/585282/56271474-f16f-43b0-817d-32e0b9f11ee2_small.jpeg", "user_personality_type": "INTJ-5w4-528", "is_mod": false, "comment_count": 0, "reply_count": 0, "vote_type": 0, "topics_list": [{"id": 11403, "name_readable": "Kaidou Shun"}], "id": 2124085, "post_id": 2124085, "user_id": 585282, "title": "", "content": "not kaidou having my height", "create_date": 1673025143000, "unix_timestamp": 1673025143000, "update_date": 1673025143000, "vote_count": 2, "vote_count_down": 0, "is_reported": 0, "is_hidden": false, "is_pinned": false, "is_watching": false, "is_pro_user": true, "images": null, "audios": null, "function_list": [], "type": "post"}, {"username": "fathergothel", "user_pic_path": "https://lh3.googleusercontent.com/a-/AFdZucr56JWEV59-GTPcQCBL7I9C_9t_rKDdDYMXAyanFw=s96-c", "user_personality_type": "", "is_mod": false, "comment_count": 0, "reply_count": 0, "vote_type": 0, "topics_list": [{"id": 11403, "name_readable": "Kaidou Shun"}], "id": 2101031, "post_id": 2101031, "user_id": 640116, "title": "", "content": "son", "create_date": 1672800472000, "unix_timestamp": 1672800472000, "update_date": 1672800472000, "vote_count": 0, "vote_count_down": 0, "is_reported": 0, "is_hidden": false, "is_pinned": false, "is_watching": false, "is_pro_user": false, "images": null, "audios": null, "function_list": [], "type": "post"}]}}}}