{"id": 12343, "mbti_profile": "Saiki Kusuo", "profile_name_searchable": "saikikusuo", "allow_commenting": true, "allow_voting": true, "user_id": 2457, "contributor": "leomarkcastro12", "contributor_create_date": "2018-06-02 10:47:34", "contributor_pic_path": "https://lh3.googleusercontent.com/a-/AOh14GhmtOVurlTkUzVmonB9uZcPqZCcDXIbdVh1rwc=s96-c", "display_order": 1000, "edit_lock": 1, "edit_lock_picture": 1, "is_active": true, "is_approved": true, "mbti_enneagram_type": "INTP 5w6", "mbti_type": "INTP 5w6", "pdb_comment_access": true, "pdb_page_owner": 0, "pdb_public_access": true, "wiki_description": "Saiki Kusuo is shown to be very introverted; showing comfort in simply being alone and living a quiet life. He uses any means he can to keep his supernatural powers hidden and draw attention away from himself. #HiroshiKamiya", "watch_count": 5160, "comment_count": 1408, "vote_count": 2640, "vote_count_enneagram": 1962, "vote_count_mbti": 2640, "total_vote_counts": 7454, "personality_type": "INTP - 5w6 - sp/so - 594 - SLI - RCOEN - LFEV - Phlegmatic [Dominant] - IT(S)", "type_updated_date": "2022-11-15 12:28:59", "enneagram_vote": "", "enneagram_vote_id": 0, "mbti_vote": "", "mbti_vote_id": 0, "is_watching": false, "image_exists": false, "profile_image_url": "https://static1.personality-database.com/profile_images/de718b3822a04a248495eed0c01b017f.png", "profile_image_credit": "", "profile_image_credit_id": 0, "profile_image_credit_type": "0", "profile_image_credit_url": "", "alt_subcategory": "The Disastrous Life of Saiki K.", "related_subcategories": "", "cat_id": 8, "category": "Anime & Manga", "category_is_fictional": true, "sub_cat_id": 1594, "subcategory": "Saiki Kusuo no Psi-nan", "subcat_link_info": {"sub_cat_id": 1594, "cat_id": 8, "property_id": 2, "subcategory": "Saiki Kusuo no Psi-nan"}, "related_subcat_link_info": null, "related_profiles": [{"id": 12347, "mbti_profile": "Teruhashi Kokomi", "subcategory": "Saiki Kusuo no Psi-nan", "profile_image_url": "https://static1.personality-database.com/profile_images/6f43ae5bf7cf4b55939efdc23d59b8f5.png", "profile_name": "Teruhashi Kokomi", "profile_subcat": "Saiki Kusuo no Psi-nan", "sub_cat_id": 1594, "cat_id": 8, "property_id": 2, "mbti": "ENFJ", "enneatype": "3w2"}, {"id": 12344, "mbti_profile": "Nendou Riki", "subcategory": "Saiki Kusuo no Psi-nan", "profile_image_url": "https://static1.personality-database.com/profile_images/7b111654afe14427857c4faf5cd58904.png", "profile_name": "Nendou Riki", "profile_subcat": "Saiki Kusuo no Psi-nan", "sub_cat_id": 1594, "cat_id": 8, "property_id": 2, "mbti": "ESFP", "enneatype": "2w3"}, {"id": 12345, "mbti_profile": "Kaidou Shun", "subcategory": "Saiki Kusuo no Psi-nan", "profile_image_url": "https://static1.personality-database.com/profile_images/9d04a42e953c42849b9ee800ff401276.png", "profile_name": "Kaidou Shun", "profile_subcat": "Saiki Kusuo no Psi-nan", "sub_cat_id": 1594, "cat_id": 8, "property_id": 2, "mbti": "INFP", "enneatype": "4w3"}, {"id": 12355, "mbti_profile": "Akechi Touma", "subcategory": "Saiki Kusuo no Psi-nan", "profile_image_url": "https://static1.personality-database.com/profile_images/3366e36eae7c4bea83de227030db75b3.png", "profile_name": "Akechi Touma", "profile_subcat": "Saiki Kusuo no Psi-nan", "sub_cat_id": 1594, "cat_id": 8, "property_id": 2, "mbti": "ENTP", "enneatype": "5w6"}, {"id": 12352, "mbti_profile": "Saiki Kusuke", "subcategory": "Saiki Kusuo no Psi-nan", "profile_image_url": "https://static1.personality-database.com/profile_images/4057c4762a3446ab94128b43104cd8dc.png", "profile_name": "Saiki Kusuke", "profile_subcat": "Saiki Kusuo no Psi-nan", "sub_cat_id": 1594, "cat_id": 8, "property_id": 2, "mbti": "ENTJ", "enneatype": "3w4"}, {"id": 12346, "mbti_profile": "Hairo Kineshi", "subcategory": "Saiki Kusuo no Psi-nan", "profile_image_url": "https://static1.personality-database.com/profile_images/d52c813b051b43bbb5a586b7c6adba45.png", "profile_name": "Hairo Kineshi", "profile_subcat": "Saiki Kusuo no Psi-nan", "sub_cat_id": 1594, "cat_id": 8, "property_id": 2, "mbti": "ENFJ", "enneatype": "3w2"}, {"id": 12351, "mbti_profile": "Aiura Mikoto", "subcategory": "Saiki Kusuo no Psi-nan", "profile_image_url": "https://static1.personality-database.com/profile_images/f5a55b0780ad43f5bc8ac5d702865166.png", "profile_name": "Aiura Mikoto", "profile_subcat": "Saiki Kusuo no Psi-nan", "sub_cat_id": 1594, "cat_id": 8, "property_id": 2, "mbti": "ESFP", "enneatype": "7w8"}, {"id": 12357, "mbti_profile": "Yumehara Chiyo", "subcategory": "Saiki Kusuo no Psi-nan", "profile_image_url": "https://static1.personality-database.com/profile_images/cea3d10351d54756b98653c75b59504b.png", "profile_name": "Yumehara Chiyo", "profile_subcat": "Saiki Kusuo no Psi-nan", "sub_cat_id": 1594, "cat_id": 8, "property_id": 2, "mbti": "ENFP", "enneatype": "2w3"}], "functions": ["Ti", "Ne", "Si", "Fe"], "systems": [{"hex_color": "#888888", "id": 1, "personality_type": "XXXX", "personality_type_id": 0, "system_name": "Four Letter", "system_vote_count": 2574, "user_vote_type_id": 0, "vote_id": 0}, {"hex_color": "#006775", "id": 2, "personality_type": "XXXX", "personality_type_id": 0, "system_name": "Enneagram", "system_vote_count": 1911, "user_vote_type_id": 0, "vote_id": 0}, {"hex_color": "#006775", "id": 5, "personality_type": "XXXX", "personality_type_id": 0, "system_name": "Instinctual Variant", "system_vote_count": 756, "user_vote_type_id": 0, "vote_id": 0}, {"hex_color": "#006775", "id": 6, "personality_type": "XXXX", "personality_type_id": 0, "system_name": "Tritype", "system_vote_count": 673, "user_vote_type_id": 0, "vote_id": 0}, {"hex_color": "#888888", "id": 3, "personality_type": "XXXX", "personality_type_id": 0, "system_name": "Socionics", "system_vote_count": 279, "user_vote_type_id": 0, "vote_id": 0}, {"hex_color": "#888888", "id": 9, "personality_type": "XXXX", "personality_type_id": 0, "system_name": "Big 5 (SLOAN)", "system_vote_count": 316, "user_vote_type_id": 0, "vote_id": 0}, {"hex_color": "#888888", "id": 8, "personality_type": "XXXX", "personality_type_id": 0, "system_name": "Attitudinal Psyche", "system_vote_count": 219, "user_vote_type_id": 0, "vote_id": 0}, {"hex_color": "#888888", "id": 7, "personality_type": "XXXX", "personality_type_id": 0, "system_name": "Temperaments", "system_vote_count": 502, "user_vote_type_id": 0, "vote_id": 0}, {"hex_color": "#888888", "id": 11, "personality_type": "XXXX", "personality_type_id": 0, "system_name": "Classic Jungian", "system_vote_count": 66, "user_vote_type_id": 0, "vote_id": 0}], "breakdown_systems": {"1": [{"myValue": "INTP", "personality_system_id": 1, "personality_type": "INTP", "theCount": 2268}, {"myValue": "INTJ", "personality_system_id": 1, "personality_type": "INTJ", "theCount": 141}, {"myValue": "ISTP", "personality_system_id": 1, "personality_type": "ISTP", "theCount": 104}, {"myValue": "INFJ", "personality_system_id": 1, "personality_type": "INFJ", "theCount": 12}, {"myValue": "ISTJ", "personality_system_id": 1, "personality_type": "ISTJ", "theCount": 12}, {"myValue": "ESFJ", "personality_system_id": 1, "personality_type": "ESFJ", "theCount": 10}, {"myValue": "ISFJ", "personality_system_id": 1, "personality_type": "ISFJ", "theCount": 6}, {"myValue": "ESFP", "personality_system_id": 1, "personality_type": "ESFP", "theCount": 5}, {"myValue": "INFP", "personality_system_id": 1, "personality_type": "INFP", "theCount": 5}, {"myValue": "ENFP", "personality_system_id": 1, "personality_type": "ENFP", "theCount": 3}, {"myValue": "ENFJ", "personality_system_id": 1, "personality_type": "ENFJ", "theCount": 2}, {"myValue": "ENTP", "personality_system_id": 1, "personality_type": "ENTP", "theCount": 2}, {"myValue": "ISFP", "personality_system_id": 1, "personality_type": "ISFP", "theCount": 2}, {"myValue": "ENTJ", "personality_system_id": 1, "personality_type": "ENTJ", "theCount": 1}, {"myValue": "ESTP", "personality_system_id": 1, "personality_type": "ESTP", "theCount": 1}], "10": [{"myValue": "Right-brained Introvert", "personality_system_id": 10, "personality_type": "Right-brained Introvert", "theCount": 5}, {"myValue": "Left-brained Introvert", "personality_system_id": 10, "personality_type": "Left-brained Introvert", "theCount": 2}], "11": [{"myValue": "IT(S)", "personality_system_id": 11, "personality_type": "IT(S)", "theCount": 41}, {"myValue": "IS(T)", "personality_system_id": 11, "personality_type": "IS(T)", "theCount": 22}, {"myValue": "IT(N)", "personality_system_id": 11, "personality_type": "IT(N)", "theCount": 2}, {"myValue": "IS(F)", "personality_system_id": 11, "personality_type": "IS(F)", "theCount": 1}], "2": [{"myValue": "5w6", "personality_system_id": 2, "personality_type": "5w6", "theCount": 1012}, {"myValue": "9w8", "personality_system_id": 2, "personality_type": "9w8", "theCount": 789}, {"myValue": "5w4", "personality_system_id": 2, "personality_type": "5w4", "theCount": 39}, {"myValue": "9w1", "personality_system_id": 2, "personality_type": "9w1", "theCount": 31}, {"myValue": "6w5", "personality_system_id": 2, "personality_type": "6w5", "theCount": 21}, {"myValue": "8w9", "personality_system_id": 2, "personality_type": "8w9", "theCount": 5}, {"myValue": "2w1", "personality_system_id": 2, "personality_type": "2w1", "theCount": 3}, {"myValue": "2w3", "personality_system_id": 2, "personality_type": "2w3", "theCount": 3}, {"myValue": "1w9", "personality_system_id": 2, "personality_type": "1w9", "theCount": 2}, {"myValue": "3w4", "personality_system_id": 2, "personality_type": "3w4", "theCount": 2}, {"myValue": "4w5", "personality_system_id": 2, "personality_type": "4w5", "theCount": 2}, {"myValue": "4w3", "personality_system_id": 2, "personality_type": "4w3", "theCount": 1}, {"myValue": "8w7", "personality_system_id": 2, "personality_type": "8w7", "theCount": 1}], "3": [{"myValue": "SLI", "personality_system_id": 3, "personality_type": "SLI", "theCount": 166}, {"myValue": "LII", "personality_system_id": 3, "personality_type": "LII", "theCount": 85}, {"myValue": "ILI", "personality_system_id": 3, "personality_type": "ILI", "theCount": 19}, {"myValue": "ILE", "personality_system_id": 3, "personality_type": "ILE", "theCount": 3}, {"myValue": "LSI", "personality_system_id": 3, "personality_type": "LSI", "theCount": 2}, {"myValue": "SEE", "personality_system_id": 3, "personality_type": "SEE", "theCount": 2}, {"myValue": "IEI", "personality_system_id": 3, "personality_type": "IEI", "theCount": 1}, {"myValue": "SLE", "personality_system_id": 3, "personality_type": "SLE", "theCount": 1}], "4": [{"myValue": "True Neutral", "personality_system_id": 4, "personality_type": "True Neutral", "theCount": 141}, {"myValue": "Neutral Good", "personality_system_id": 4, "personality_type": "Neutral Good", "theCount": 4}, {"myValue": "Lawful Neutral", "personality_system_id": 4, "personality_type": "Lawful Neutral", "theCount": 3}, {"myValue": "Chaotic Evil", "personality_system_id": 4, "personality_type": "Chaotic Evil", "theCount": 2}, {"myValue": "Chaotic Neutral", "personality_system_id": 4, "personality_type": "Chaotic Neutral", "theCount": 1}], "5": [{"myValue": "sp/so", "personality_system_id": 5, "personality_type": "sp/so", "theCount": 699}, {"myValue": "sp/sx", "personality_system_id": 5, "personality_type": "sp/sx", "theCount": 44}, {"myValue": "so/sp", "personality_system_id": 5, "personality_type": "so/sp", "theCount": 5}, {"myValue": "sx/so", "personality_system_id": 5, "personality_type": "sx/so", "theCount": 3}, {"myValue": "sx/sp", "personality_system_id": 5, "personality_type": "sx/sp", "theCount": 3}, {"myValue": "so/sx", "personality_system_id": 5, "personality_type": "so/sx", "theCount": 2}], "6": [{"myValue": "594", "personality_system_id": 6, "personality_type": "594", "theCount": 356}, {"myValue": "954", "personality_system_id": 6, "personality_type": "954", "theCount": 194}, {"myValue": "953", "personality_system_id": 6, "personality_type": "953", "theCount": 61}, {"myValue": "593", "personality_system_id": 6, "personality_type": "593", "theCount": 18}, {"myValue": "952", "personality_system_id": 6, "personality_type": "952", "theCount": 12}, {"myValue": "592", "personality_system_id": 6, "personality_type": "592", "theCount": 9}, {"myValue": "549", "personality_system_id": 6, "personality_type": "549", "theCount": 5}, {"myValue": "963", "personality_system_id": 6, "personality_type": "963", "theCount": 2}, {"myValue": "964", "personality_system_id": 6, "personality_type": "964", "theCount": 2}, {"myValue": "379", "personality_system_id": 6, "personality_type": "379", "theCount": 1}, {"myValue": "459", "personality_system_id": 6, "personality_type": "459", "theCount": 1}, {"myValue": "469", "personality_system_id": 6, "personality_type": "469", "theCount": 1}, {"myValue": "478", "personality_system_id": 6, "personality_type": "478", "theCount": 1}, {"myValue": "514", "personality_system_id": 6, "personality_type": "514", "theCount": 1}, {"myValue": "539", "personality_system_id": 6, "personality_type": "539", "theCount": 1}, {"myValue": "694", "personality_system_id": 6, "personality_type": "694", "theCount": 1}, {"myValue": "713", "personality_system_id": 6, "personality_type": "713", "theCount": 1}, {"myValue": "793", "personality_system_id": 6, "personality_type": "793", "theCount": 1}, {"myValue": "846", "personality_system_id": 6, "personality_type": "846", "theCount": 1}, {"myValue": "935", "personality_system_id": 6, "personality_type": "935", "theCount": 1}, {"myValue": "945", "personality_system_id": 6, "personality_type": "945", "theCount": 1}, {"myValue": "946", "personality_system_id": 6, "personality_type": "946", "theCount": 1}, {"myValue": "974", "personality_system_id": 6, "personality_type": "974", "theCount": 1}], "7": [{"myValue": "Phlegmatic [Dominant]", "personality_system_id": 7, "personality_type": "Phlegmatic [Dominant]", "theCount": 434}, {"myValue": "Phlegmatic-Melancholic", "personality_system_id": 7, "personality_type": "Phlegmatic-Melancholic", "theCount": 38}, {"myValue": "Phlegmatic-Choleric", "personality_system_id": 7, "personality_type": "Phlegmatic-Choleric", "theCount": 12}, {"myValue": "Melancholic-Phlegmatic", "personality_system_id": 7, "personality_type": "Melancholic-Phlegmatic", "theCount": 6}, {"myValue": "Melancholic [Dominant]", "personality_system_id": 7, "personality_type": "Melancholic [Dominant]", "theCount": 5}, {"myValue": "Choleric [Dominant]", "personality_system_id": 7, "personality_type": "Choleric [Dominant]", "theCount": 3}, {"myValue": "Melancholic-Choleric", "personality_system_id": 7, "personality_type": "Melancholic-Choleric", "theCount": 1}, {"myValue": "Phlegmatic-Sanguine", "personality_system_id": 7, "personality_type": "Phlegmatic-Sanguine", "theCount": 1}, {"myValue": "Sanguine [Dominant]", "personality_system_id": 7, "personality_type": "Sanguine [Dominant]", "theCount": 1}, {"myValue": "Sanguine-Choleric", "personality_system_id": 7, "personality_type": "Sanguine-Choleric", "theCount": 1}], "8": [{"myValue": "LFEV", "personality_system_id": 8, "personality_type": "LFEV", "theCount": 115}, {"myValue": "LFVE", "personality_system_id": 8, "personality_type": "LFVE", "theCount": 71}, {"myValue": "FLEV", "personality_system_id": 8, "personality_type": "FLEV", "theCount": 10}, {"myValue": "FLVE", "personality_system_id": 8, "personality_type": "FLVE", "theCount": 7}, {"myValue": "LVFE", "personality_system_id": 8, "personality_type": "LVFE", "theCount": 7}, {"myValue": "LVEF", "personality_system_id": 8, "personality_type": "LVEF", "theCount": 5}, {"myValue": "EVFL", "personality_system_id": 8, "personality_type": "EVFL", "theCount": 1}, {"myValue": "EVLF", "personality_system_id": 8, "personality_type": "EVLF", "theCount": 1}, {"myValue": "FVEL", "personality_system_id": 8, "personality_type": "FVEL", "theCount": 1}, {"myValue": "VFLE", "personality_system_id": 8, "personality_type": "VFLE", "theCount": 1}], "9": [{"myValue": "RCOEN", "personality_system_id": 9, "personality_type": "RCOEN", "theCount": 232}, {"myValue": "RCOEI", "personality_system_id": 9, "personality_type": "RCOEI", "theCount": 55}, {"myValue": "RCUEI", "personality_system_id": 9, "personality_type": "RCUEI", "theCount": 8}, {"myValue": "RCOAN", "personality_system_id": 9, "personality_type": "RCOAN", "theCount": 6}, {"myValue": "RCUEN", "personality_system_id": 9, "personality_type": "RCUEN", "theCount": 6}, {"myValue": "RCOAI", "personality_system_id": 9, "personality_type": "RCOAI", "theCount": 3}, {"myValue": "RCUAN", "personality_system_id": 9, "personality_type": "RCUAN", "theCount": 1}, {"myValue": "RLOEN", "personality_system_id": 9, "personality_type": "RLOEN", "theCount": 1}, {"myValue": "RLUEI", "personality_system_id": 9, "personality_type": "RLUEI", "theCount": 1}, {"myValue": "SLOEN", "personality_system_id": 9, "personality_type": "SLOEN", "theCount": 1}, {"myValue": "SLUAI", "personality_system_id": 9, "personality_type": "SLUAI", "theCount": 1}, {"myValue": "SLUEI", "personality_system_id": 9, "personality_type": "SLUEI", "theCount": 1}]}, "breakdown_config": {"expand": {"1": 3, "10": 1, "11": 2, "2": 3, "3": 2, "4": 1, "5": 1, "6": 2, "7": 1, "8": 2, "9": 1}, "fire": {"1": 0, "10": 0, "11": 1, "2": 1, "3": 1, "4": 0, "5": 0, "6": 1, "7": 0, "8": 1, "9": 0}}, "mbti_letter_stats": [{"type": "I", "percentage": "99%", "PercentageFloat": 0.9906759906759907}, {"type": "N", "percentage": "95%", "PercentageFloat": 0.9456099456099456}, {"type": "T", "percentage": "98%", "PercentageFloat": 0.9825174825174825}, {"type": "P", "percentage": "93%", "PercentageFloat": 0.9285159285159286}], "topic_info": {"can_generate": false, "topic": {"description": "Saiki Kusuo is shown to be very introverted; showing comfort in simply being alone and living a quiet life. He uses any means he can to keep his supernatural powers hidden and draw attention away from himself. #HiroshiKamiya", "follow_count": 25, "id": 11401, "is_following": false, "is_join_pending": false, "is_banned": false, "is_moderated": false, "name_readable": "Saiki Kusuo", "post_count": 98, "source_profile_id": 12343, "source_type": "profile", "join_to_post": false, "can_pin": false, "related_topics": [{"description": "Saiki Kusuo is shown to be very introverted; showing comfort in simply being alone and living a quiet life. He uses any means he can to keep his supernatural powers hidden and draw attention away from himself. #HiroshiKamiya", "follow_count": 25, "id": 11401, "is_following": false, "is_join_pending": false, "is_banned": false, "is_moderated": false, "name_readable": "Saiki Kusuo", "post_count": 98, "source_profile_id": 12343, "source_type": "profile", "image": {"picURL": "https://static1.personality-database.com/profile_images/de718b3822a04a248495eed0c01b017f.png"}, "join_to_post": false, "can_pin": false}, {"description": "", "follow_count": 18, "id": 11403, "is_following": false, "is_join_pending": false, "is_banned": false, "is_moderated": false, "name_readable": "Kaidou Shun", "post_count": 83, "source_profile_id": 12345, "source_type": "profile", "image": {"picURL": "https://static1.personality-database.com/profile_images/9d04a42e953c42849b9ee800ff401276.png"}, "join_to_post": false, "can_pin": false}, {"description": "", "follow_count": 5, "id": 11405, "is_following": false, "is_join_pending": false, "is_banned": false, "is_moderated": false, "name_readable": "Teruhashi Kokomi", "post_count": 36, "source_profile_id": 12347, "source_type": "profile", "image": {"picURL": "https://static1.personality-database.com/profile_images/6f43ae5bf7cf4b55939efdc23d59b8f5.png"}, "join_to_post": false, "can_pin": false}, {"description": "", "follow_count": 2, "id": 11413, "is_following": false, "is_join_pending": false, "is_banned": false, "is_moderated": false, "name_readable": "Akechi Touma", "post_count": 33, "source_profile_id": 12355, "source_type": "profile", "image": {"picURL": "https://static1.personality-database.com/profile_images/3366e36eae7c4bea83de227030db75b3.png"}, "join_to_post": false, "can_pin": false}, {"description": "", "follow_count": 0, "id": 11404, "is_following": false, "is_join_pending": false, "is_banned": false, "is_moderated": false, "name_readable": "Hairo Kineshi", "post_count": 23, "source_profile_id": 12346, "source_type": "profile", "image": {"picURL": "https://static1.personality-database.com/profile_images/d52c813b051b43bbb5a586b7c6adba45.png"}, "join_to_post": false, "can_pin": false}, {"description": "#YoshimasaHosoya", "follow_count": 0, "id": 11408, "is_following": false, "is_join_pending": false, "is_banned": false, "is_moderated": false, "name_readable": "Kuboyasu Aren", "post_count": 22, "source_profile_id": 12350, "source_type": "profile", "image": {"picURL": "https://static1.personality-database.com/profile_images/c3d0cd93fbd64479a4fa92853980d81d.png"}, "join_to_post": false, "can_pin": false}, {"description": "Some brother that's jealous of Saiki Kusuo living his best life.", "follow_count": 1, "id": 11410, "is_following": false, "is_join_pending": false, "is_banned": false, "is_moderated": false, "name_readable": "Saiki Kusuke", "post_count": 11, "source_profile_id": 12352, "source_type": "profile", "image": {"picURL": "https://static1.personality-database.com/profile_images/4057c4762a3446ab94128b43104cd8dc.png"}, "join_to_post": false, "can_pin": false}, {"description": "", "follow_count": 0, "id": 11416, "is_following": false, "is_join_pending": false, "is_banned": false, "is_moderated": false, "name_readable": "Toritsuka Reita", "post_count": 9, "source_profile_id": 12358, "source_type": "profile", "image": {"picURL": "https://static1.personality-database.com/profile_images/f419f65e513b40c79309ccdc37dbb678.png"}, "join_to_post": false, "can_pin": false}, {"description": "", "follow_count": 0, "id": 11402, "is_following": false, "is_join_pending": false, "is_banned": false, "is_moderated": false, "name_readable": "Nendou Riki", "post_count": 8, "source_profile_id": 12344, "source_type": "profile", "image": {"picURL": "https://static1.personality-database.com/profile_images/7b111654afe14427857c4faf5cd58904.png"}, "join_to_post": false, "can_pin": false}, {"description": "", "follow_count": 0, "id": 125727, "is_following": false, "is_join_pending": false, "is_banned": false, "is_moderated": false, "name_readable": "Shun's Mother", "post_count": 6, "source_profile_id": 162057, "source_type": "profile", "image": {"picURL": "https://static1.personality-database.com/profile_images/441f9389b67a4b3388c52705e2d06f18.png"}, "join_to_post": false, "can_pin": false}, {"description": "", "follow_count": 0, "id": 11415, "is_following": false, "is_join_pending": false, "is_banned": false, "is_moderated": false, "name_readable": "Yumehara Chiyo", "post_count": 6, "source_profile_id": 12357, "source_type": "profile", "image": {"picURL": "https://static1.personality-database.com/profile_images/cea3d10351d54756b98653c75b59504b.png"}, "join_to_post": false, "can_pin": false}, {"description": "", "follow_count": 0, "id": 11412, "is_following": false, "is_join_pending": false, "is_banned": false, "is_moderated": false, "name_readable": "Teruhashi Makoto (Mugami Tohru)", "post_count": 5, "source_profile_id": 12354, "source_type": "profile", "image": {"picURL": "https://static1.personality-database.com/profile_images/1f73c716397f48ef8e60b4466f36472b.png"}, "join_to_post": false, "can_pin": false}, {"description": "", "follow_count": 1, "id": 11417, "is_following": false, "is_join_pending": false, "is_banned": false, "is_moderated": false, "name_readable": "Saiko Metori", "post_count": 3, "source_profile_id": 12359, "source_type": "profile", "image": {"picURL": "https://static1.personality-database.com/profile_images/5f55808a8b4e447896122796dcb922c7.png"}, "join_to_post": false, "can_pin": false}, {"description": "#EriKitamura", "follow_count": 0, "id": 11409, "is_following": false, "is_join_pending": false, "is_banned": false, "is_moderated": false, "name_readable": "Aiura Mikoto", "post_count": 2, "source_profile_id": 12351, "source_type": "profile", "image": {"picURL": "https://static1.personality-database.com/profile_images/f5a55b0780ad43f5bc8ac5d702865166.png"}, "join_to_post": false, "can_pin": false}, {"description": "", "follow_count": 0, "id": 125742, "is_following": false, "is_join_pending": false, "is_banned": false, "is_moderated": false, "name_readable": "Warp", "post_count": 1, "source_profile_id": 162073, "source_type": "profile", "image": {"picURL": "https://static1.personality-database.com/profile_images/335d5c556c804ff4920480a289b2ea5d.png"}, "join_to_post": false, "can_pin": false}, {"description": "", "follow_count": 0, "id": 61939, "is_following": false, "is_join_pending": false, "is_banned": false, "is_moderated": false, "name_readable": "Saiki Kumagoro", "post_count": 1, "source_profile_id": 76405, "source_type": "profile", "image": {"picURL": "https://static1.personality-database.com/profile_images/fe7717bce78e452daf1789189e5f05f7.png"}, "join_to_post": false, "can_pin": false}], "subcategory": "Saiki Kusuo no Psi-nan", "topic_image_url": "https://static1.personality-database.com/profile_images/de718b3822a04a248495eed0c01b017f.png", "source_location": {"cid": 8, "pid": 2, "sub_cat_id": 1594}, "can_post_image": false, "can_post_audio": false, "posts": {"posts": [{"username": "ihrtizaya", "user_pic_path": "https://static1.personality-database.com/user_avatars/585282/56271474-f16f-43b0-817d-32e0b9f11ee2_small.jpeg", "user_personality_type": "INTJ-5w4-528", "is_mod": false, "comment_count": 0, "reply_count": 0, "vote_type": 0, "topics_list": [{"id": 11401, "name_readable": "Saiki Kusuo"}], "id": 2161906, "post_id": 2161906, "user_id": 585282, "title": "", "content": "what did tiktok people do to you\ud83d\ude22", "create_date": 1673401523000, "unix_timestamp": 1673401523000, "update_date": 1673401523000, "vote_count": 1, "vote_count_down": 0, "is_reported": 0, "is_hidden": false, "is_pinned": false, "is_watching": false, "is_pro_user": true, "images": null, "audios": null, "function_list": [], "type": "post"}, {"username": "matthias", "user_pic_path": "https://static1.personality-database.com/user_avatars/685948/3b7c16b9-077f-4886-8096-dee55b4b2e46_small.jpeg", "user_personality_type": "", "is_mod": false, "comment_count": 0, "reply_count": 0, "vote_type": 0, "topics_list": [{"id": 11401, "name_readable": "Saiki Kusuo"}], "id": 2097476, "post_id": 2097476, "user_id": 685948, "title": "", "content": "Can someone explain Ne-Si please ? All of the argumentation are about his enneagram but you guys seems to vibe type him on his MBTI tbh.", "create_date": 1672281943000, "unix_timestamp": 1672281943000, "update_date": 1672281943000, "vote_count": 0, "vote_count_down": 0, "is_reported": 1, "is_hidden": false, "is_pinned": false, "is_watching": false, "is_pro_user": true, "images": null, "audios": null, "function_list": [], "type": "post"}, {"username": "fr33z3r_burnt_pancak3s", "user_pic_path": "https://lh3.googleusercontent.com/a-/ACNPEu_M3vBtc8izfNW_UBFIS20TiMC_aK9GEG80zWq1Ew=s96-c", "user_personality_type": "INTP-5w4-594", "is_mod": false, "comment_count": 0, "reply_count": 0, "vote_type": 0, "topics_list": [{"id": 11401, "name_readable": "Saiki Kusuo"}], "id": 2046166, "post_id": 2046166, "user_id": 1239345, "title": "Wowee Saiki has the same type as me", "content": "Like, to a t", "create_date": 1672274655000, "unix_timestamp": 1672274655000, "update_date": 1672274655000, "vote_count": 0, "vote_count_down": 0, "is_reported": 0, "is_hidden": false, "is_pinned": false, "is_watching": false, "is_pro_user": false, "images": null, "audios": null, "function_list": [], "type": "post"}]}}}}