{"id": 100192, "mbti_profile": "MacKenzie \"Mac\" Coyle", "profile_name_searchable": "mackenzie\"mac\"coyle", "allow_commenting": true, "allow_voting": true, "user_id": 22445, "contributor": "peppertree", "contributor_create_date": "2020-02-20 01:28:08", "contributor_pic_path": "https://lh3.googleusercontent.com/a-/AOh14GgDAZN0q40pAY66e-noGWBPVqMIRPUuLMnWzKmqiQ=s96-c", "display_order": 0, "edit_lock": 0, "edit_lock_picture": 0, "is_active": true, "is_approved": true, "mbti_enneagram_type": "ESTP 8w7", "mbti_type": "ESTP 8w7", "pdb_comment_access": true, "pdb_page_owner": 0, "pdb_public_access": true, "wiki_description": "MacKenzie \"Mac\" Coyle is a fictional character from the Image Comics series \"Paper Girls\".", "watch_count": 13, "comment_count": 1, "vote_count": 13, "vote_count_enneagram": 8, "vote_count_mbti": 13, "total_vote_counts": 26, "personality_type": "ESTP - 8w7 - sp/sx - 864", "type_updated_date": "2022-09-20 10:54:40", "enneagram_vote": "", "enneagram_vote_id": 0, "mbti_vote": "", "mbti_vote_id": 0, "is_watching": false, "image_exists": false, "profile_image_url": "https://static1.personality-database.com/profile_images/f3c63dac9bba4331966556de7ff5cf9b.png", "profile_image_credit": "", "profile_image_credit_id": 306736, "profile_image_credit_type": "0", "profile_image_credit_url": "https://imagecomics.fandom.com/wiki/MacKenzie_Coyle_(Paper_Girls)", "alt_subcategory": "", "related_subcategories": "", "cat_id": 9, "category": "Comics", "category_is_fictional": true, "sub_cat_id": 22371, "subcategory": "Paper Girls", "subcat_link_info": {"sub_cat_id": 22371, "cat_id": 9, "property_id": 2, "subcategory": "Paper Girls"}, "related_subcat_link_info": null, "related_profiles": [{"id": 100193, "mbti_profile": "Karina \"KJ\" J.", "subcategory": "Paper Girls", "profile_image_url": "https://static1.personality-database.com/profile_images/ec15677202564e2c86d866f2f65bb7af.png", "profile_name": "Karina \"KJ\" J.", "profile_subcat": "Paper Girls", "sub_cat_id": 22371, "cat_id": 9, "property_id": 2, "mbti": "INFJ", "enneatype": "6w5"}, {"id": 100194, "mbti_profile": "Tiffany Quilkin", "subcategory": "Paper Girls", "profile_image_url": "https://static1.personality-database.com/profile_images/387577679d86470588ab62d9f25392a2.png", "profile_name": "Tiffany Quilkin", "profile_subcat": "Paper Girls", "sub_cat_id": 22371, "cat_id": 9, "property_id": 2, "mbti": "INTP", "enneatype": "5w4"}, {"id": 100191, "mbti_profile": "Erin Tieng", "subcategory": "Paper Girls", "profile_image_url": "https://static1.personality-database.com/profile_images/583ef87ab1fd4222ad8469129b525af3.png", "profile_name": "Erin Tieng", "profile_subcat": "Paper Girls", "sub_cat_id": 22371, "cat_id": 9, "property_id": 2, "mbti": "ISFJ", "enneatype": ""}, {"id": 100195, "mbti_profile": "Jahpo \"Grand Father\"", "subcategory": "Paper Girls", "profile_image_url": "", "profile_name": "Jahpo \"Grand Father\"", "profile_subcat": "Paper Girls", "sub_cat_id": 22371, "cat_id": 9, "property_id": 2, "mbti": "ENFJ", "enneatype": ""}, {"id": 100842, "mbti_profile": "Jude", "subcategory": "Paper Girls", "profile_image_url": "", "profile_name": "Jude", "profile_subcat": "Paper Girls", "sub_cat_id": 22371, "cat_id": 9, "property_id": 2, "mbti": "", "enneatype": "4w5"}, {"id": 100840, "mbti_profile": "Heck", "subcategory": "Paper Girls", "profile_image_url": "", "profile_name": "Heck", "profile_subcat": "Paper Girls", "sub_cat_id": 22371, "cat_id": 9, "property_id": 2, "mbti": "ESFJ", "enneatype": ""}], "functions": ["Se", "Ti", "Fe", "Ni"], "systems": [{"hex_color": "#888888", "id": 1, "personality_type": "XXXX", "personality_type_id": 0, "system_name": "Four Letter", "system_vote_count": 12, "user_vote_type_id": 0, "vote_id": 0}, {"hex_color": "#006775", "id": 2, "personality_type": "XXXX", "personality_type_id": 0, "system_name": "Enneagram", "system_vote_count": 8, "user_vote_type_id": 0, "vote_id": 0}, {"hex_color": "#006775", "id": 5, "personality_type": "XXXX", "personality_type_id": 0, "system_name": "Instinctual Variant", "system_vote_count": 3, "user_vote_type_id": 0, "vote_id": 0}, {"hex_color": "#006775", "id": 6, "personality_type": "XXXX", "personality_type_id": 0, "system_name": "Tritype", "system_vote_count": 2, "user_vote_type_id": 0, "vote_id": 0}, {"hex_color": "#888888", "id": 3, "personality_type": "XXXX", "personality_type_id": 0, "system_name": "Socionics", "system_vote_count": 0, "user_vote_type_id": 0, "vote_id": 0}, {"hex_color": "#888888", "id": 9, "personality_type": "XXXX", "personality_type_id": 0, "system_name": "Big 5 (SLOAN)", "system_vote_count": 0, "user_vote_type_id": 0, "vote_id": 0}, {"hex_color": "#888888", "id": 8, "personality_type": "XXXX", "personality_type_id": 0, "system_name": "Attitudinal Psyche", "system_vote_count": 0, "user_vote_type_id": 0, "vote_id": 0}, {"hex_color": "#888888", "id": 7, "personality_type": "XXXX", "personality_type_id": 0, "system_name": "Temperaments", "system_vote_count": 1, "user_vote_type_id": 0, "vote_id": 0}, {"hex_color": "#888888", "id": 11, "personality_type": "XXXX", "personality_type_id": 0, "system_name": "Classic Jungian", "system_vote_count": 0, "user_vote_type_id": 0, "vote_id": 0}], "breakdown_systems": {"1": [{"myValue": "ESTP", "personality_system_id": 1, "personality_type": "ESTP", "theCount": 11}, {"myValue": "ISTP", "personality_system_id": 1, "personality_type": "ISTP", "theCount": 1}], "11": [{"myValue": "XXXX", "personality_system_id": 0, "personality_type": "XXXX", "theCount": 0}], "2": [{"myValue": "8w7", "personality_system_id": 2, "personality_type": "8w7", "theCount": 6}, {"myValue": "8w9", "personality_system_id": 2, "personality_type": "8w9", "theCount": 2}], "3": [{"myValue": "XXXX", "personality_system_id": 0, "personality_type": "XXXX", "theCount": 0}], "5": [{"myValue": "sp/sx", "personality_system_id": 5, "personality_type": "sp/sx", "theCount": 2}, {"myValue": "sp/so", "personality_system_id": 5, "personality_type": "sp/so", "theCount": 1}], "6": [{"myValue": "864", "personality_system_id": 6, "personality_type": "864", "theCount": 2}], "7": [{"myValue": "Choleric [Dominant]", "personality_system_id": 7, "personality_type": "Choleric [Dominant]", "theCount": 1}], "8": [{"myValue": "XXXX", "personality_system_id": 0, "personality_type": "XXXX", "theCount": 0}], "9": [{"myValue": "XXXX", "personality_system_id": 0, "personality_type": "XXXX", "theCount": 0}]}, "breakdown_config": {"expand": {"1": 3, "11": 1, "2": 3, "3": 1, "5": 1, "6": 1, "7": 1, "8": 1, "9": 1}, "fire": {"1": 0, "11": 0, "2": 0, "3": 0, "5": 0, "6": 0, "7": 0, "8": 0, "9": 0}}, "mbti_letter_stats": [{"type": "E", "percentage": "92%", "PercentageFloat": 0.9166666666666666}, {"type": "S", "percentage": "100%", "PercentageFloat": 1}, {"type": "T", "percentage": "100%", "PercentageFloat": 1}, {"type": "P", "percentage": "100%", "PercentageFloat": 1}], "topic_info": {"can_generate": false, "topic": {"description": "MacKenzie \"Mac\" Coyle is a fictional character from the Image Comics series \"Paper Girls\".", "follow_count": 1, "id": 80246, "is_following": false, "is_join_pending": false, "is_banned": false, "is_moderated": false, "name_readable": "MacKenzie \"Mac\" Coyle", "post_count": 0, "source_profile_id": 100192, "source_type": "profile", "join_to_post": false, "can_pin": false, "related_topics": [{"description": "Erin Tieng is a fictional character from the Image Comics series \"Paper Girls\".", "follow_count": 0, "id": 80245, "is_following": false, "is_join_pending": false, "is_banned": false, "is_moderated": false, "name_readable": "Erin Tieng", "post_count": 0, "source_profile_id": 100191, "source_type": "profile", "image": {"picURL": "https://static1.personality-database.com/profile_images/583ef87ab1fd4222ad8469129b525af3.png"}, "join_to_post": false, "can_pin": false}, {"description": "MacKenzie \"Mac\" Coyle is a fictional character from the Image Comics series \"Paper Girls\".", "follow_count": 1, "id": 80246, "is_following": false, "is_join_pending": false, "is_banned": false, "is_moderated": false, "name_readable": "MacKenzie \"Mac\" Coyle", "post_count": 0, "source_profile_id": 100192, "source_type": "profile", "image": {"picURL": "https://static1.personality-database.com/profile_images/f3c63dac9bba4331966556de7ff5cf9b.png"}, "join_to_post": false, "can_pin": false}, {"description": "Karina \"KJ\" J. is a fictional character from the Image Comics series \"Paper Girls\".", "follow_count": 0, "id": 80247, "is_following": false, "is_join_pending": false, "is_banned": false, "is_moderated": false, "name_readable": "Karina \"KJ\" J.", "post_count": 0, "source_profile_id": 100193, "source_type": "profile", "image": {"picURL": "https://static1.personality-database.com/profile_images/ec15677202564e2c86d866f2f65bb7af.png"}, "join_to_post": false, "can_pin": false}, {"description": "Tiffany Quilkin is a fictional character from the Image Comics series \"Paper Girls\".", "follow_count": 0, "id": 80248, "is_following": false, "is_join_pending": false, "is_banned": false, "is_moderated": false, "name_readable": "Tiffany Quilkin", "post_count": 0, "source_profile_id": 100194, "source_type": "profile", "image": {"picURL": "https://static1.personality-database.com/profile_images/387577679d86470588ab62d9f25392a2.png"}, "join_to_post": false, "can_pin": false}, {"description": "Jahpo is a fictional character from the Image Comics series \"Paper Girls\".", "follow_count": 0, "id": 80249, "is_following": false, "is_join_pending": false, "is_banned": false, "is_moderated": false, "name_readable": "Jahpo \"Grand Father\"", "post_count": 0, "source_profile_id": 100195, "source_type": "profile", "image": {"picURL": "https://www.personality-database.com/images/profile_transparent.png"}, "join_to_post": false, "can_pin": false}, {"description": "Heck is a fictional character from the Image Comics series \"Paper Girls\".", "follow_count": 2, "id": 80667, "is_following": false, "is_join_pending": false, "is_banned": false, "is_moderated": false, "name_readable": "Heck", "post_count": 0, "source_profile_id": 100840, "source_type": "profile", "image": {"picURL": "https://www.personality-database.com/images/profile_transparent.png"}, "join_to_post": false, "can_pin": false}, {"description": "Jude is a fictional character from the Image Comics series \"Paper Girls\".", "follow_count": 0, "id": 80669, "is_following": false, "is_join_pending": false, "is_banned": false, "is_moderated": false, "name_readable": "Jude", "post_count": 0, "source_profile_id": 100842, "source_type": "profile", "image": {"picURL": "https://www.personality-database.com/images/profile_transparent.png"}, "join_to_post": false, "can_pin": false}], "subcategory": "Paper Girls", "topic_image_url": "https://static1.personality-database.com/profile_images/f3c63dac9bba4331966556de7ff5cf9b.png", "source_location": {"cid": 9, "pid": 2, "sub_cat_id": 22371}, "can_post_image": false, "can_post_audio": false, "posts": {"posts": []}}}}