{"id": 935727, "mbti_profile": "Ursula Lock", "profile_name_searchable": "Ursula Lock", "allow_commenting": true, "allow_voting": true, "user_id": 163920, "contributor": "Kucyk Turecki", "contributor_create_date": "2023-01-08 22:32:25", "contributor_pic_path": "https://lh3.googleusercontent.com/a-/AOh14Ggl0ymH3FKhtQpiZQLiJniCTkmgA2aXYHqdsL2wUAs=s96-c", "display_order": 0, "edit_lock": 0, "edit_lock_picture": 0, "is_active": true, "is_approved": true, "mbti_enneagram_type": "", "mbti_type": "", "pdb_comment_access": true, "pdb_page_owner": 0, "pdb_public_access": true, "wiki_description": "", "watch_count": 0, "comment_count": 0, "vote_count": 0, "vote_count_enneagram": 0, "vote_count_mbti": 0, "total_vote_counts": 0, "personality_type": "", "type_updated_date": "2023-01-08 22:32:25", "enneagram_vote": "", "enneagram_vote_id": 0, "mbti_vote": "", "mbti_vote_id": 0, "is_watching": false, "image_exists": false, "profile_image_url": "", "profile_image_credit": "", "profile_image_credit_id": 0, "profile_image_credit_type": "0", "profile_image_credit_url": "", "alt_subcategory": "", "related_subcategories": "", "cat_id": 9, "category": "Comics", "category_is_fictional": true, "sub_cat_id": 36045, "subcategory": "East of West", "subcat_link_info": {"sub_cat_id": 36045, "cat_id": 9, "property_id": 2, "subcategory": "East of West"}, "related_subcat_link_info": null, "related_profiles": [{"id": 932108, "mbti_profile": "Antonia LeVay", "subcategory": "East of West", "profile_image_url": "", "profile_name": "Antonia LeVay", "profile_subcat": "East of West", "sub_cat_id": 36045, "cat_id": 9, "property_id": 2, "mbti": "", "enneatype": ""}, {"id": 935716, "mbti_profile": "One Eye Wyatt", "subcategory": "East of West", "profile_image_url": "", "profile_name": "One Eye Wyatt", "profile_subcat": "East of West", "sub_cat_id": 36045, "cat_id": 9, "property_id": 2, "mbti": "", "enneatype": ""}, {"id": 935709, "mbti_profile": "Psalm 137", "subcategory": "East of West", "profile_image_url": "", "profile_name": "Psalm 137", "profile_subcat": "East of West", "sub_cat_id": 36045, "cat_id": 9, "property_id": 2, "mbti": "", "enneatype": ""}, {"id": 935698, "mbti_profile": "Billy Blackgun", "subcategory": "East of West", "profile_image_url": "", "profile_name": "Billy Blackgun", "profile_subcat": "East of West", "sub_cat_id": 36045, "cat_id": 9, "property_id": 2, "mbti": "", "enneatype": ""}, {"id": 932254, "mbti_profile": "Sharra", "subcategory": "East of West", "profile_image_url": "", "profile_name": "Sharra", "profile_subcat": "East of West", "sub_cat_id": 36045, "cat_id": 9, "property_id": 2, "mbti": "", "enneatype": ""}, {"id": 932233, "mbti_profile": "Tracker", "subcategory": "East of West", "profile_image_url": "", "profile_name": "Tracker", "profile_subcat": "East of West", "sub_cat_id": 36045, "cat_id": 9, "property_id": 2, "mbti": "", "enneatype": ""}, {"id": 932215, "mbti_profile": "Oracle", "subcategory": "East of West", "profile_image_url": "", "profile_name": "Oracle", "profile_subcat": "East of West", "sub_cat_id": 36045, "cat_id": 9, "property_id": 2, "mbti": "", "enneatype": ""}, {"id": 932184, "mbti_profile": "Mao Hu", "subcategory": "East of West", "profile_image_url": "", "profile_name": "Mao Hu", "profile_subcat": "East of West", "sub_cat_id": 36045, "cat_id": 9, "property_id": 2, "mbti": "", "enneatype": ""}], "functions": ["?", "?", "?", "?"], "systems": [{"hex_color": "#888888", "id": 1, "personality_type": "XXXX", "personality_type_id": 0, "system_name": "Four Letter", "system_vote_count": 0, "user_vote_type_id": 0, "vote_id": 0}, {"hex_color": "#006775", "id": 2, "personality_type": "XXXX", "personality_type_id": 0, "system_name": "Enneagram", "system_vote_count": 0, "user_vote_type_id": 0, "vote_id": 0}, {"hex_color": "#006775", "id": 5, "personality_type": "XXXX", "personality_type_id": 0, "system_name": "Instinctual Variant", "system_vote_count": 0, "user_vote_type_id": 0, "vote_id": 0}, {"hex_color": "#006775", "id": 6, "personality_type": "XXXX", "personality_type_id": 0, "system_name": "Tritype", "system_vote_count": 0, "user_vote_type_id": 0, "vote_id": 0}, {"hex_color": "#888888", "id": 3, "personality_type": "XXXX", "personality_type_id": 0, "system_name": "Socionics", "system_vote_count": 0, "user_vote_type_id": 0, "vote_id": 0}, {"hex_color": "#888888", "id": 9, "personality_type": "XXXX", "personality_type_id": 0, "system_name": "Big 5 (SLOAN)", "system_vote_count": 0, "user_vote_type_id": 0, "vote_id": 0}, {"hex_color": "#888888", "id": 8, "personality_type": "XXXX", "personality_type_id": 0, "system_name": "Attitudinal Psyche", "system_vote_count": 0, "user_vote_type_id": 0, "vote_id": 0}, {"hex_color": "#888888", "id": 7, "personality_type": "XXXX", "personality_type_id": 0, "system_name": "Temperaments", "system_vote_count": 0, "user_vote_type_id": 0, "vote_id": 0}, {"hex_color": "#888888", "id": 11, "personality_type": "XXXX", "personality_type_id": 0, "system_name": "Classic Jungian", "system_vote_count": 0, "user_vote_type_id": 0, "vote_id": 0}], "breakdown_systems": {"1": [{"myValue": "XXXX", "personality_system_id": 0, "personality_type": "XXXX", "theCount": 0}], "11": [{"myValue": "XXXX", "personality_system_id": 0, "personality_type": "XXXX", "theCount": 0}], "2": [{"myValue": "XXXX", "personality_system_id": 0, "personality_type": "XXXX", "theCount": 0}], "3": [{"myValue": "XXXX", "personality_system_id": 0, "personality_type": "XXXX", "theCount": 0}], "5": [{"myValue": "XXXX", "personality_system_id": 0, "personality_type": "XXXX", "theCount": 0}], "6": [{"myValue": "XXXX", "personality_system_id": 0, "personality_type": "XXXX", "theCount": 0}], "7": [{"myValue": "XXXX", "personality_system_id": 0, "personality_type": "XXXX", "theCount": 0}], "8": [{"myValue": "XXXX", "personality_system_id": 0, "personality_type": "XXXX", "theCount": 0}], "9": [{"myValue": "XXXX", "personality_system_id": 0, "personality_type": "XXXX", "theCount": 0}]}, "breakdown_config": {"expand": {"1": 3, "11": 1, "2": 3, "3": 1, "5": 1, "6": 1, "7": 1, "8": 1, "9": 1}, "fire": {"1": 0, "11": 0, "2": 0, "3": 0, "5": 0, "6": 0, "7": 0, "8": 0, "9": 0}}, "mbti_letter_stats": [], "topic_info": {"can_generate": true}}