{"id": 1002845, "mbti_profile": "Bill Dickey", "profile_name_searchable": "Bill Dickey", "allow_commenting": true, "allow_voting": true, "user_id": 872745, "contributor": "eltomateso", "contributor_create_date": "2023-01-16 05:03:40", "contributor_pic_path": "https://lh3.googleusercontent.com/a-/AFdZuco5XsN-jGlyZm7_8EoSNEigZDT7IdKs5bWZA2ctGA=s96-c", "display_order": 0, "edit_lock": 0, "edit_lock_picture": 0, "is_active": true, "is_approved": true, "mbti_enneagram_type": "", "mbti_type": "", "pdb_comment_access": true, "pdb_page_owner": 0, "pdb_public_access": true, "wiki_description": "William \"Bill\" Dickey: Bill is the de facto leader of the quartet and is shown to have a heavy interest in comic books and sci-fi shows and movies. He has an extremely overbearing personality and is greatly disliked by his peers, including the other members of the Eltingville Club", "watch_count": 0, "comment_count": 0, "vote_count": 0, "vote_count_enneagram": 0, "vote_count_mbti": 0, "total_vote_counts": 0, "personality_type": "", "type_updated_date": "2023-01-16 05:03:40", "enneagram_vote": "", "enneagram_vote_id": 0, "mbti_vote": "", "mbti_vote_id": 0, "is_watching": false, "image_exists": false, "profile_image_url": "https://static1.personality-database.com/profile_images/fb6933a92371464cbdac37907d2db1d7.png", "profile_image_credit": "", "profile_image_credit_id": 486424, "profile_image_credit_type": "0", "profile_image_credit_url": "", "alt_subcategory": "", "related_subcategories": "", "cat_id": 9, "category": "Comics", "category_is_fictional": true, "sub_cat_id": 3386, "subcategory": "Dark Horse Comics", "subcat_link_info": {"sub_cat_id": 3386, "cat_id": 9, "property_id": 2, "subcategory": "Dark Horse Comics"}, "related_subcat_link_info": null, "related_profiles": [{"id": 294001, "mbti_profile": "The S\u00e9ance \"Klaus Hargreeves\" \"Number Four\"", "subcategory": "Dark Horse Comics", "profile_image_url": "https://static1.personality-database.com/profile_images/3bc57b1796c045ddbead16c239b037a4.png", "profile_name": "The S\u00e9ance \"Klaus Hargreeves\" \"Number Four\"", "profile_subcat": "Dark Horse Comics", "sub_cat_id": 3386, "cat_id": 9, "property_id": 2, "mbti": "ENTP", "enneatype": "7w6"}, {"id": 33177, "mbti_profile": "Anung Un Rama \u201cHellboy\u201d", "subcategory": "Dark Horse Comics", "profile_image_url": "https://static1.personality-database.com/profile_images/87d412c3c26c4f94a342e4373b21c1cc.png", "profile_name": "Anung Un Rama \u201cHellboy\u201d", "profile_subcat": "Dark Horse Comics", "sub_cat_id": 3386, "cat_id": 9, "property_id": 2, "mbti": "ISTP", "enneatype": "8w9"}, {"id": 293987, "mbti_profile": "The White Violin \"Vanya Hargreeves\" \"Number Seven\"", "subcategory": "Dark Horse Comics", "profile_image_url": "https://static1.personality-database.com/profile_images/701414f5e40847529c2641412239794f.png", "profile_name": "The White Violin \"Vanya Hargreeves\" \"Number Seven\"", "profile_subcat": "Dark Horse Comics", "sub_cat_id": 3386, "cat_id": 9, "property_id": 2, "mbti": "INFP", "enneatype": "4w5"}, {"id": 33160, "mbti_profile": "Hunter Rose \"Grendel\"", "subcategory": "Dark Horse Comics", "profile_image_url": "https://static1.personality-database.com/profile_images/e5da6d252eda4ba08d598ac1af6966ed.png", "profile_name": "Hunter Rose \"Grendel\"", "profile_subcat": "Dark Horse Comics", "sub_cat_id": 3386, "cat_id": 9, "property_id": 2, "mbti": "ISTP", "enneatype": "7w8"}, {"id": 33176, "mbti_profile": "Mask, The", "subcategory": "Dark Horse Comics", "profile_image_url": "https://static1.personality-database.com/profile_images/c72761f56ef44910b0147f20e05e893a.png", "profile_name": "Mask, The", "profile_subcat": "Dark Horse Comics", "sub_cat_id": 3386, "cat_id": 9, "property_id": 2, "mbti": "ENTP", "enneatype": "7w8"}, {"id": 33670, "mbti_profile": "Rebecca Buck \"Tank Girl\"", "subcategory": "Dark Horse Comics", "profile_image_url": "https://static1.personality-database.com/profile_images/378f943e906b47ea83fc7c8b0b2fef15.png", "profile_name": "Rebecca Buck \"Tank Girl\"", "profile_subcat": "Dark Horse Comics", "sub_cat_id": 3386, "cat_id": 9, "property_id": 2, "mbti": "ESTP", "enneatype": ""}, {"id": 293996, "mbti_profile": "Number Five", "subcategory": "Dark Horse Comics", "profile_image_url": "https://static1.personality-database.com/profile_images/6660f4d05e6c482aa534d0dc01b1ef8e.png", "profile_name": "Number Five", "profile_subcat": "Dark Horse Comics", "sub_cat_id": 3386, "cat_id": 9, "property_id": 2, "mbti": "ENTJ", "enneatype": "3w4"}, {"id": 138302, "mbti_profile": "Roger the Homunculus", "subcategory": "Dark Horse Comics", "profile_image_url": "https://static1.personality-database.com/profile_images/48090f3b5b2f4388bc73a9df892d6018.png", "profile_name": "Roger the Homunculus", "profile_subcat": "Dark Horse Comics", "sub_cat_id": 3386, "cat_id": 9, "property_id": 2, "mbti": "ISFP", "enneatype": "6w5"}], "functions": ["?", "?", "?", "?"], "systems": [{"hex_color": "#888888", "id": 1, "personality_type": "XXXX", "personality_type_id": 0, "system_name": "Four Letter", "system_vote_count": 0, "user_vote_type_id": 0, "vote_id": 0}, {"hex_color": "#006775", "id": 2, "personality_type": "XXXX", "personality_type_id": 0, "system_name": "Enneagram", "system_vote_count": 0, "user_vote_type_id": 0, "vote_id": 0}, {"hex_color": "#006775", "id": 5, "personality_type": "XXXX", "personality_type_id": 0, "system_name": "Instinctual Variant", "system_vote_count": 0, "user_vote_type_id": 0, "vote_id": 0}, {"hex_color": "#006775", "id": 6, "personality_type": "XXXX", "personality_type_id": 0, "system_name": "Tritype", "system_vote_count": 0, "user_vote_type_id": 0, "vote_id": 0}, {"hex_color": "#888888", "id": 3, "personality_type": "XXXX", "personality_type_id": 0, "system_name": "Socionics", "system_vote_count": 0, "user_vote_type_id": 0, "vote_id": 0}, {"hex_color": "#888888", "id": 9, "personality_type": "XXXX", "personality_type_id": 0, "system_name": "Big 5 (SLOAN)", "system_vote_count": 0, "user_vote_type_id": 0, "vote_id": 0}, {"hex_color": "#888888", "id": 8, "personality_type": "XXXX", "personality_type_id": 0, "system_name": "Attitudinal Psyche", "system_vote_count": 0, "user_vote_type_id": 0, "vote_id": 0}, {"hex_color": "#888888", "id": 7, "personality_type": "XXXX", "personality_type_id": 0, "system_name": "Temperaments", "system_vote_count": 0, "user_vote_type_id": 0, "vote_id": 0}, {"hex_color": "#888888", "id": 11, "personality_type": "XXXX", "personality_type_id": 0, "system_name": "Classic Jungian", "system_vote_count": 0, "user_vote_type_id": 0, "vote_id": 0}], "breakdown_systems": {"1": [{"myValue": "XXXX", "personality_system_id": 0, "personality_type": "XXXX", "theCount": 0}], "11": [{"myValue": "XXXX", "personality_system_id": 0, "personality_type": "XXXX", "theCount": 0}], "2": [{"myValue": "XXXX", "personality_system_id": 0, "personality_type": "XXXX", "theCount": 0}], "3": [{"myValue": "XXXX", "personality_system_id": 0, "personality_type": "XXXX", "theCount": 0}], "5": [{"myValue": "XXXX", "personality_system_id": 0, "personality_type": "XXXX", "theCount": 0}], "6": [{"myValue": "XXXX", "personality_system_id": 0, "personality_type": "XXXX", "theCount": 0}], "7": [{"myValue": "XXXX", "personality_system_id": 0, "personality_type": "XXXX", "theCount": 0}], "8": [{"myValue": "XXXX", "personality_system_id": 0, "personality_type": "XXXX", "theCount": 0}], "9": [{"myValue": "XXXX", "personality_system_id": 0, "personality_type": "XXXX", "theCount": 0}]}, "breakdown_config": {"expand": {"1": 3, "11": 1, "2": 3, "3": 1, "5": 1, "6": 1, "7": 1, "8": 1, "9": 1}, "fire": {"1": 0, "11": 0, "2": 0, "3": 0, "5": 0, "6": 0, "7": 0, "8": 0, "9": 0}}, "mbti_letter_stats": [], "topic_info": {"can_generate": true}}