{"id": 1004131, "mbti_profile": "Jana", "profile_name_searchable": "Jana", "allow_commenting": true, "allow_voting": true, "user_id": 341376, "contributor": "mawa", "contributor_create_date": "2023-01-16 09:54:24", "contributor_pic_path": "https://static1.personality-database.com/user_avatars/341376/ca8074ac-451c-42d2-86f0-37271031ae08.jpeg", "display_order": 0, "edit_lock": 0, "edit_lock_picture": 0, "is_active": true, "is_approved": true, "mbti_enneagram_type": "INTP 5w6", "mbti_type": "INTP 5w6", "pdb_comment_access": true, "pdb_page_owner": 0, "pdb_public_access": true, "wiki_description": "", "watch_count": 0, "comment_count": 0, "vote_count": 1, "vote_count_enneagram": 1, "vote_count_mbti": 1, "total_vote_counts": 5, "personality_type": "INTP - 5w4 - LFEV", "type_updated_date": "2023-01-16 09:58:34", "enneagram_vote": "", "enneagram_vote_id": 0, "mbti_vote": "", "mbti_vote_id": 0, "is_watching": false, "image_exists": false, "profile_image_url": "", "profile_image_credit": "", "profile_image_credit_id": 486510, "profile_image_credit_type": "0", "profile_image_credit_url": "", "alt_subcategory": "", "related_subcategories": "", "cat_id": 9, "category": "Comics", "category_is_fictional": true, "sub_cat_id": 35143, "subcategory": "Ciprinus", "subcat_link_info": {"sub_cat_id": 35143, "cat_id": 9, "property_id": 2, "subcategory": "Ciprinus"}, "related_subcat_link_info": null, "related_profiles": [{"id": 603774, "mbti_profile": "Svetosar Katsko", "subcategory": "Ciprinus", "profile_image_url": "https://static1.personality-database.com/profile_images/7aec5ffbd2d9436ca9506c4844981f19.png", "profile_name": "Svetosar Katsko", "profile_subcat": "Ciprinus", "sub_cat_id": 35143, "cat_id": 9, "property_id": 2, "mbti": "ISTP", "enneatype": "5w6"}, {"id": 603775, "mbti_profile": "Danya Vereskovoy", "subcategory": "Ciprinus", "profile_image_url": "https://static1.personality-database.com/profile_images/3bac0a243e9045a4a840b0931220f4ab.png", "profile_name": "Danya Vereskovoy", "profile_subcat": "Ciprinus", "sub_cat_id": 35143, "cat_id": 9, "property_id": 2, "mbti": "ISFJ", "enneatype": "9w1"}, {"id": 1004127, "mbti_profile": "Ulya", "subcategory": "Ciprinus", "profile_image_url": "", "profile_name": "Ulya", "profile_subcat": "Ciprinus", "sub_cat_id": 35143, "cat_id": 9, "property_id": 2, "mbti": "ENFP", "enneatype": "7w6"}, {"id": 1004138, "mbti_profile": "Valerie Carnot", "subcategory": "Ciprinus", "profile_image_url": "", "profile_name": "Valerie Carnot", "profile_subcat": "Ciprinus", "sub_cat_id": 35143, "cat_id": 9, "property_id": 2, "mbti": "ESFP", "enneatype": "8w7"}, {"id": 603776, "mbti_profile": "Raisa Shakhnasaryan", "subcategory": "Ciprinus", "profile_image_url": "https://static1.personality-database.com/profile_images/3fa520a5ce454cfb8b43f987e3a36c3c.png", "profile_name": "Raisa Shakhnasaryan", "profile_subcat": "Ciprinus", "sub_cat_id": 35143, "cat_id": 9, "property_id": 2, "mbti": "", "enneatype": ""}, {"id": 1004134, "mbti_profile": "Sona", "subcategory": "Ciprinus", "profile_image_url": "", "profile_name": "Sona", "profile_subcat": "Ciprinus", "sub_cat_id": 35143, "cat_id": 9, "property_id": 2, "mbti": "", "enneatype": ""}], "functions": ["Ti", "Ne", "Si", "Fe"], "systems": [{"hex_color": "#888888", "id": 1, "personality_type": "XXXX", "personality_type_id": 0, "system_name": "Four Letter", "system_vote_count": 1, "user_vote_type_id": 0, "vote_id": 0}, {"hex_color": "#006775", "id": 2, "personality_type": "XXXX", "personality_type_id": 0, "system_name": "Enneagram", "system_vote_count": 1, "user_vote_type_id": 0, "vote_id": 0}, {"hex_color": "#006775", "id": 5, "personality_type": "XXXX", "personality_type_id": 0, "system_name": "Instinctual Variant", "system_vote_count": 1, "user_vote_type_id": 0, "vote_id": 0}, {"hex_color": "#006775", "id": 6, "personality_type": "XXXX", "personality_type_id": 0, "system_name": "Tritype", "system_vote_count": 0, "user_vote_type_id": 0, "vote_id": 0}, {"hex_color": "#888888", "id": 3, "personality_type": "XXXX", "personality_type_id": 0, "system_name": "Socionics", "system_vote_count": 0, "user_vote_type_id": 0, "vote_id": 0}, {"hex_color": "#888888", "id": 9, "personality_type": "XXXX", "personality_type_id": 0, "system_name": "Big 5 (SLOAN)", "system_vote_count": 0, "user_vote_type_id": 0, "vote_id": 0}, {"hex_color": "#888888", "id": 8, "personality_type": "XXXX", "personality_type_id": 0, "system_name": "Attitudinal Psyche", "system_vote_count": 1, "user_vote_type_id": 0, "vote_id": 0}, {"hex_color": "#888888", "id": 7, "personality_type": "XXXX", "personality_type_id": 0, "system_name": "Temperaments", "system_vote_count": 0, "user_vote_type_id": 0, "vote_id": 0}, {"hex_color": "#888888", "id": 11, "personality_type": "XXXX", "personality_type_id": 0, "system_name": "Classic Jungian", "system_vote_count": 1, "user_vote_type_id": 0, "vote_id": 0}], "breakdown_systems": {"1": [{"myValue": "INTP", "personality_system_id": 1, "personality_type": "INTP", "theCount": 1}], "11": [{"myValue": "IN(T)", "personality_system_id": 11, "personality_type": "IN(T)", "theCount": 1}], "2": [{"myValue": "5w4", "personality_system_id": 2, "personality_type": "5w4", "theCount": 1}], "3": [{"myValue": "XXXX", "personality_system_id": 0, "personality_type": "XXXX", "theCount": 0}], "5": [{"myValue": "sp/so", "personality_system_id": 5, "personality_type": "sp/so", "theCount": 1}], "6": [{"myValue": "XXXX", "personality_system_id": 0, "personality_type": "XXXX", "theCount": 0}], "7": [{"myValue": "XXXX", "personality_system_id": 0, "personality_type": "XXXX", "theCount": 0}], "8": [{"myValue": "LFEV", "personality_system_id": 8, "personality_type": "LFEV", "theCount": 1}], "9": [{"myValue": "XXXX", "personality_system_id": 0, "personality_type": "XXXX", "theCount": 0}]}, "breakdown_config": {"expand": {"1": 3, "11": 1, "2": 3, "3": 1, "5": 1, "6": 1, "7": 1, "8": 1, "9": 1}, "fire": {"1": 0, "11": 0, "2": 0, "3": 0, "5": 0, "6": 0, "7": 0, "8": 0, "9": 0}}, "mbti_letter_stats": [{"type": "I", "percentage": "100%", "PercentageFloat": 1}, {"type": "N", "percentage": "100%", "PercentageFloat": 1}, {"type": "T", "percentage": "100%", "PercentageFloat": 1}, {"type": "P", "percentage": "100%", "PercentageFloat": 1}], "topic_info": {"can_generate": true}}