{"id": 65143, "mbti_profile": "Reggie Mantle", "profile_name_searchable": "reggiemantle", "allow_commenting": true, "allow_voting": true, "user_id": 6216, "contributor": "rhaeys", "contributor_create_date": "2019-10-21 09:15:29", "contributor_pic_path": "https://static1.personality-database.com/user_avatars/6216/9a43b998-6ed0-4efc-9a2b-77ddc9d7249c.jpeg", "display_order": 0, "edit_lock": 0, "edit_lock_picture": 0, "is_active": true, "is_approved": true, "mbti_enneagram_type": "ESTP 3w4", "mbti_type": "ESTP 3w4", "pdb_comment_access": true, "pdb_page_owner": 0, "pdb_public_access": true, "wiki_description": "Reginald \"Reggie\" Mantle is a romantic rival with Archie for Veronica's affections, and has an even less pleasant rivalry with \"Spindle-snoot\", aka Jughead. Usually, Veronica is not that interested in him, but if he has the money and the car to get where Archie can't, it's \"see you, Archiekins!\" Occasionally delves into being a good person deep-down, depending on the story. Reggie debuted in the summer of 1942, completing the five-man ensemble at the heart of the series.", "watch_count": 4, "comment_count": 0, "vote_count": 9, "vote_count_enneagram": 4, "vote_count_mbti": 9, "total_vote_counts": 15, "personality_type": "ESTP - 3w4 - 378", "type_updated_date": "2020-11-06 18:21:31", "enneagram_vote": "", "enneagram_vote_id": 0, "mbti_vote": "", "mbti_vote_id": 0, "is_watching": false, "image_exists": false, "profile_image_url": "https://static1.personality-database.com/profile_images/bce3da7f13db4a7988fc83ddd8638094.png", "profile_image_credit": "", "profile_image_credit_id": 129136, "profile_image_credit_type": "0", "profile_image_credit_url": "", "alt_subcategory": "", "related_subcategories": "", "cat_id": 9, "category": "Comics", "category_is_fictional": true, "sub_cat_id": 5404, "subcategory": "Archie Comics", "subcat_link_info": {"sub_cat_id": 5404, "cat_id": 9, "property_id": 2, "subcategory": "Archie Comics"}, "related_subcat_link_info": null, "related_profiles": [{"id": 64457, "mbti_profile": "Veronica Lodge", "subcategory": "Archie Comics", "profile_image_url": "https://static1.personality-database.com/profile_images/8e92407bfcd94a56800237b9136a3bea.png", "profile_name": "Veronica Lodge", "profile_subcat": "Archie Comics", "sub_cat_id": 5404, "cat_id": 9, "property_id": 2, "mbti": "ESTP", "enneatype": "3w2"}, {"id": 64456, "mbti_profile": "Betty Cooper", "subcategory": "Archie Comics", "profile_image_url": "https://static1.personality-database.com/profile_images/7f5903daa73b4c51bebb1630fad63aae.png", "profile_name": "Betty Cooper", "profile_subcat": "Archie Comics", "sub_cat_id": 5404, "cat_id": 9, "property_id": 2, "mbti": "ENFJ", "enneatype": "2w3"}, {"id": 64455, "mbti_profile": "Jughead Jones", "subcategory": "Archie Comics", "profile_image_url": "https://static1.personality-database.com/profile_images/ccbf6142a234400f9b7da72ce4215745.png", "profile_name": "Jughead Jones", "profile_subcat": "Archie Comics", "sub_cat_id": 5404, "cat_id": 9, "property_id": 2, "mbti": "INTP", "enneatype": "9w8"}, {"id": 64454, "mbti_profile": "Archie Andrews", "subcategory": "Archie Comics", "profile_image_url": "https://static1.personality-database.com/profile_images/d7ee096ba735443ea4dc04929609b778.png", "profile_name": "Archie Andrews", "profile_subcat": "Archie Comics", "sub_cat_id": 5404, "cat_id": 9, "property_id": 2, "mbti": "ENFP", "enneatype": "6w7"}, {"id": 65149, "mbti_profile": "Cheryl Blossom", "subcategory": "Archie Comics", "profile_image_url": "https://static1.personality-database.com/profile_images/f7f436a5e033440fb96882b22758a469.png", "profile_name": "Cheryl Blossom", "profile_subcat": "Archie Comics", "sub_cat_id": 5404, "cat_id": 9, "property_id": 2, "mbti": "ENTJ", "enneatype": "3w4"}, {"id": 450550, "mbti_profile": "Midge Klump (earlier \"Midge Collins\")", "subcategory": "Archie Comics", "profile_image_url": "", "profile_name": "Midge Klump (earlier \"Midge Collins\")", "profile_subcat": "Archie Comics", "sub_cat_id": 5404, "cat_id": 9, "property_id": 2, "mbti": "ISFJ", "enneatype": ""}, {"id": 450556, "mbti_profile": "Hot Dog", "subcategory": "Archie Comics", "profile_image_url": "", "profile_name": "Hot Dog", "profile_subcat": "Archie Comics", "sub_cat_id": 5404, "cat_id": 9, "property_id": 2, "mbti": "", "enneatype": ""}, {"id": 450551, "mbti_profile": "\"Big\" Ethel Muggs", "subcategory": "Archie Comics", "profile_image_url": "", "profile_name": "\"Big\" Ethel Muggs", "profile_subcat": "Archie Comics", "sub_cat_id": 5404, "cat_id": 9, "property_id": 2, "mbti": "ENFP", "enneatype": ""}], "functions": ["Se", "Ti", "Fe", "Ni"], "systems": [{"hex_color": "#888888", "id": 1, "personality_type": "XXXX", "personality_type_id": 0, "system_name": "Four Letter", "system_vote_count": 9, "user_vote_type_id": 0, "vote_id": 0}, {"hex_color": "#006775", "id": 2, "personality_type": "XXXX", "personality_type_id": 0, "system_name": "Enneagram", "system_vote_count": 4, "user_vote_type_id": 0, "vote_id": 0}, {"hex_color": "#006775", "id": 5, "personality_type": "XXXX", "personality_type_id": 0, "system_name": "Instinctual Variant", "system_vote_count": 0, "user_vote_type_id": 0, "vote_id": 0}, {"hex_color": "#006775", "id": 6, "personality_type": "XXXX", "personality_type_id": 0, "system_name": "Tritype", "system_vote_count": 2, "user_vote_type_id": 0, "vote_id": 0}, {"hex_color": "#888888", "id": 3, "personality_type": "XXXX", "personality_type_id": 0, "system_name": "Socionics", "system_vote_count": 0, "user_vote_type_id": 0, "vote_id": 0}, {"hex_color": "#888888", "id": 9, "personality_type": "XXXX", "personality_type_id": 0, "system_name": "Big 5 (SLOAN)", "system_vote_count": 0, "user_vote_type_id": 0, "vote_id": 0}, {"hex_color": "#888888", "id": 8, "personality_type": "XXXX", "personality_type_id": 0, "system_name": "Attitudinal Psyche", "system_vote_count": 0, "user_vote_type_id": 0, "vote_id": 0}, {"hex_color": "#888888", "id": 7, "personality_type": "XXXX", "personality_type_id": 0, "system_name": "Temperaments", "system_vote_count": 0, "user_vote_type_id": 0, "vote_id": 0}, {"hex_color": "#888888", "id": 11, "personality_type": "XXXX", "personality_type_id": 0, "system_name": "Classic Jungian", "system_vote_count": 0, "user_vote_type_id": 0, "vote_id": 0}], "breakdown_systems": {"1": [{"myValue": "ESTP", "personality_system_id": 1, "personality_type": "ESTP", "theCount": 8}, {"myValue": "ENTJ", "personality_system_id": 1, "personality_type": "ENTJ", "theCount": 1}], "11": [{"myValue": "XXXX", "personality_system_id": 0, "personality_type": "XXXX", "theCount": 0}], "2": [{"myValue": "3w4", "personality_system_id": 2, "personality_type": "3w4", "theCount": 4}], "3": [{"myValue": "XXXX", "personality_system_id": 0, "personality_type": "XXXX", "theCount": 0}], "5": [{"myValue": "XXXX", "personality_system_id": 0, "personality_type": "XXXX", "theCount": 0}], "6": [{"myValue": "378", "personality_system_id": 6, "personality_type": "378", "theCount": 2}], "7": [{"myValue": "XXXX", "personality_system_id": 0, "personality_type": "XXXX", "theCount": 0}], "8": [{"myValue": "XXXX", "personality_system_id": 0, "personality_type": "XXXX", "theCount": 0}], "9": [{"myValue": "XXXX", "personality_system_id": 0, "personality_type": "XXXX", "theCount": 0}]}, "breakdown_config": {"expand": {"1": 3, "11": 1, "2": 3, "3": 1, "5": 1, "6": 1, "7": 1, "8": 1, "9": 1}, "fire": {"1": 0, "11": 0, "2": 0, "3": 0, "5": 0, "6": 0, "7": 0, "8": 0, "9": 0}}, "mbti_letter_stats": [{"type": "E", "percentage": "100%", "PercentageFloat": 1}, {"type": "S", "percentage": "89%", "PercentageFloat": 0.8888888888888888}, {"type": "T", "percentage": "100%", "PercentageFloat": 1}, {"type": "P", "percentage": "89%", "PercentageFloat": 0.8888888888888888}], "topic_info": {"can_generate": false, "topic": {"description": "", "follow_count": 0, "id": 54302, "is_following": false, "is_join_pending": false, "is_banned": false, "is_moderated": false, "name_readable": "Reggie Mantle", "post_count": 0, "source_profile_id": 65143, "source_type": "profile", "join_to_post": false, "can_pin": false, "related_topics": [{"description": "the boy who makes the mysteries come true", "follow_count": 0, "id": 344065, "is_following": false, "is_join_pending": false, "is_banned": false, "is_moderated": false, "name_readable": "Randolph Carter", "post_count": 1, "source_profile_id": 438256, "source_type": "profile", "image": {"picURL": "https://static1.personality-database.com/profile_images/ab408846c4724fdc9a1fbfec0f8a20a0.png"}, "join_to_post": false, "can_pin": false}, {"description": "", "follow_count": 0, "id": 54308, "is_following": false, "is_join_pending": false, "is_banned": false, "is_moderated": false, "name_readable": "Cheryl Blossom", "post_count": 0, "source_profile_id": 65149, "source_type": "profile", "image": {"picURL": "https://static1.personality-database.com/profile_images/f7f436a5e033440fb96882b22758a469.png"}, "join_to_post": false, "can_pin": false}, {"description": "", "follow_count": 0, "id": 56698, "is_following": false, "is_join_pending": false, "is_banned": false, "is_moderated": false, "name_readable": "Jason Blossom", "post_count": 0, "source_profile_id": 69230, "source_type": "profile", "image": {"picURL": "https://www.personality-database.com/images/profile_transparent.png"}, "join_to_post": false, "can_pin": false}, {"description": "", "follow_count": 0, "id": 54316, "is_following": false, "is_join_pending": false, "is_banned": false, "is_moderated": false, "name_readable": "Sheila Wu", "post_count": 0, "source_profile_id": 65157, "source_type": "profile", "image": {"picURL": "https://static1.personality-database.com/profile_images/99cc260c8e484cf1bc3bed6ed83f080d.png"}, "join_to_post": false, "can_pin": false}, {"description": "", "follow_count": 0, "id": 54315, "is_following": false, "is_join_pending": false, "is_banned": false, "is_moderated": false, "name_readable": "Maria Rodriguez", "post_count": 0, "source_profile_id": 65156, "source_type": "profile", "image": {"picURL": "https://www.personality-database.com/images/profile_transparent.png"}, "join_to_post": false, "can_pin": false}, {"description": "", "follow_count": 0, "id": 54314, "is_following": false, "is_join_pending": false, "is_banned": false, "is_moderated": false, "name_readable": "Trevor \u201cTrev\u201d Smith", "post_count": 0, "source_profile_id": 65155, "source_type": "profile", "image": {"picURL": "https://www.personality-database.com/images/profile_transparent.png"}, "join_to_post": false, "can_pin": false}, {"description": "", "follow_count": 0, "id": 54313, "is_following": false, "is_join_pending": false, "is_banned": false, "is_moderated": false, "name_readable": "Melody Valentine", "post_count": 0, "source_profile_id": 65154, "source_type": "profile", "image": {"picURL": "https://static1.personality-database.com/profile_images/b13a0a7b72df4ffcac027b256da75915.png"}, "join_to_post": false, "can_pin": false}, {"description": "", "follow_count": 0, "id": 54312, "is_following": false, "is_join_pending": false, "is_banned": false, "is_moderated": false, "name_readable": "Harper Lodge", "post_count": 0, "source_profile_id": 65153, "source_type": "profile", "image": {"picURL": "https://www.personality-database.com/images/profile_transparent.png"}, "join_to_post": false, "can_pin": false}, {"description": "", "follow_count": 0, "id": 54311, "is_following": false, "is_join_pending": false, "is_banned": false, "is_moderated": false, "name_readable": "Dilton Doiley", "post_count": 0, "source_profile_id": 65152, "source_type": "profile", "image": {"picURL": "https://static1.personality-database.com/profile_images/c9faa35c1dff44f490a7f5a999e76d41.png"}, "join_to_post": false, "can_pin": false}, {"description": "", "follow_count": 0, "id": 54310, "is_following": false, "is_join_pending": false, "is_banned": false, "is_moderated": false, "name_readable": "Moose Mason", "post_count": 0, "source_profile_id": 65151, "source_type": "profile", "image": {"picURL": "https://www.personality-database.com/images/profile_transparent.png"}, "join_to_post": false, "can_pin": false}, {"description": "", "follow_count": 0, "id": 54309, "is_following": false, "is_join_pending": false, "is_banned": false, "is_moderated": false, "name_readable": "Chuck Clayton", "post_count": 0, "source_profile_id": 65150, "source_type": "profile", "image": {"picURL": "https://www.personality-database.com/images/profile_transparent.png"}, "join_to_post": false, "can_pin": false}, {"description": "", "follow_count": 0, "id": 53695, "is_following": false, "is_join_pending": false, "is_banned": false, "is_moderated": false, "name_readable": "Archie Andrews", "post_count": 0, "source_profile_id": 64454, "source_type": "profile", "image": {"picURL": "https://static1.personality-database.com/profile_images/d7ee096ba735443ea4dc04929609b778.png"}, "join_to_post": false, "can_pin": false}, {"description": "", "follow_count": 0, "id": 54307, "is_following": false, "is_join_pending": false, "is_banned": false, "is_moderated": false, "name_readable": "Toni Topaz", "post_count": 0, "source_profile_id": 65148, "source_type": "profile", "image": {"picURL": "https://www.personality-database.com/images/profile_transparent.png"}, "join_to_post": false, "can_pin": false}, {"description": "", "follow_count": 0, "id": 54306, "is_following": false, "is_join_pending": false, "is_banned": false, "is_moderated": false, "name_readable": "Raj Patel", "post_count": 0, "source_profile_id": 65147, "source_type": "profile", "image": {"picURL": "https://www.personality-database.com/images/profile_transparent.png"}, "join_to_post": false, "can_pin": false}, {"description": "", "follow_count": 0, "id": 54305, "is_following": false, "is_join_pending": false, "is_banned": false, "is_moderated": false, "name_readable": "Sabrina Spellman", "post_count": 0, "source_profile_id": 65146, "source_type": "profile", "image": {"picURL": "https://static1.personality-database.com/profile_images/f00b79fccf2e4bacb3af89476dc7e3d3.png"}, "join_to_post": false, "can_pin": false}, {"description": "", "follow_count": 0, "id": 54304, "is_following": false, "is_join_pending": false, "is_banned": false, "is_moderated": false, "name_readable": "Josie McCoy", "post_count": 0, "source_profile_id": 65145, "source_type": "profile", "image": {"picURL": "https://www.personality-database.com/images/profile_transparent.png"}, "join_to_post": false, "can_pin": false}], "subcategory": "Archie Comics", "topic_image_url": "https://static1.personality-database.com/profile_images/bce3da7f13db4a7988fc83ddd8638094.png", "source_location": {"cid": 9, "pid": 2, "sub_cat_id": 5404}, "can_post_image": false, "can_post_audio": false, "posts": {"posts": []}}}}