{"id": 100624, "mbti_profile": "Devi D.", "profile_name_searchable": "devid.", "allow_commenting": true, "allow_voting": true, "user_id": 14360, "contributor": "loiskaus", "contributor_create_date": "2020-02-21 20:43:22", "contributor_pic_path": "https://lh3.googleusercontent.com/a-/AOh14Gh5Kr7xC43R4HQ__jN_lzbJtXaFXkixDcTiokiibg=s96-c", "display_order": 0, "edit_lock": 0, "edit_lock_picture": 0, "is_active": true, "is_approved": true, "mbti_enneagram_type": "INTJ 4w5", "mbti_type": "INTJ 4w5", "pdb_comment_access": true, "pdb_page_owner": 0, "pdb_public_access": true, "wiki_description": "A struggling graphic designer who works at a bookstore Nny frequented. The two steadily struck up a friendship across his visits as they learned that they shared much in common with each other. Their relationship was brought to an abrupt end during their first date, where Nny was pushed by the voices in his head into trying to kill her. While she managed to escape him with her life, the experience traumatized her severely and she now lives as a paranoid shut-in. She later received a Spin-Off of her own known as I Feel Sick, which details her life following her date with Johnny.", "watch_count": 21, "comment_count": 0, "vote_count": 13, "vote_count_enneagram": 10, "vote_count_mbti": 13, "total_vote_counts": 40, "personality_type": "INTJ - 4w5 - sp/sx - 468 - IEI - RLUEN - ELVF - Melancholic-Choleric", "type_updated_date": "2021-07-21 04:36:53", "enneagram_vote": "", "enneagram_vote_id": 0, "mbti_vote": "", "mbti_vote_id": 0, "is_watching": false, "image_exists": false, "profile_image_url": "https://static1.personality-database.com/profile_images/3109f01d48544ea1aa56a8993a4af0e9.png", "profile_image_credit": "", "profile_image_credit_id": 62822, "profile_image_credit_type": "0", "profile_image_credit_url": "", "alt_subcategory": "", "related_subcategories": "", "cat_id": 9, "category": "Comics", "category_is_fictional": true, "sub_cat_id": 3321, "subcategory": "Johnny the Homicidal Maniac", "subcat_link_info": {"sub_cat_id": 3321, "cat_id": 9, "property_id": 2, "subcategory": "Johnny the Homicidal Maniac"}, "related_subcat_link_info": null, "related_profiles": [{"id": 32216, "mbti_profile": "Johnny C.", "subcategory": "Johnny the Homicidal Maniac", "profile_image_url": "https://static1.personality-database.com/profile_images/f05ff9ffdc164af0b34c5e024832f527.png", "profile_name": "Johnny C.", "profile_subcat": "Johnny the Homicidal Maniac", "sub_cat_id": 3321, "cat_id": 9, "property_id": 2, "mbti": "INTP", "enneatype": "4w5"}, {"id": 497945, "mbti_profile": "Krik", "subcategory": "Johnny the Homicidal Maniac", "profile_image_url": "https://static1.personality-database.com/profile_images/36465b0f525142219cf2b828a0595e33.png", "profile_name": "Krik", "profile_subcat": "Johnny the Homicidal Maniac", "sub_cat_id": 3321, "cat_id": 9, "property_id": 2, "mbti": "ESTP", "enneatype": "8w7"}, {"id": 331770, "mbti_profile": "Tess R.", "subcategory": "Johnny the Homicidal Maniac", "profile_image_url": "https://static1.personality-database.com/profile_images/8c3b509156be4aef99889796c97865bd.png", "profile_name": "Tess R.", "profile_subcat": "Johnny the Homicidal Maniac", "sub_cat_id": 3321, "cat_id": 9, "property_id": 2, "mbti": "ISFP", "enneatype": "9w8"}, {"id": 331772, "mbti_profile": "Mr. Eff", "subcategory": "Johnny the Homicidal Maniac", "profile_image_url": "https://static1.personality-database.com/profile_images/71b9a762e6054f6cb47e0546fc77adbb.png", "profile_name": "Mr. Eff", "profile_subcat": "Johnny the Homicidal Maniac", "sub_cat_id": 3321, "cat_id": 9, "property_id": 2, "mbti": "ENTP", "enneatype": "8w7"}, {"id": 331773, "mbti_profile": "Psychodoughboy", "subcategory": "Johnny the Homicidal Maniac", "profile_image_url": "https://static1.personality-database.com/profile_images/4cc6dc9a80bc4b24b1d032c8711a65dc.png", "profile_name": "Psychodoughboy", "profile_subcat": "Johnny the Homicidal Maniac", "sub_cat_id": 3321, "cat_id": 9, "property_id": 2, "mbti": "ESTJ", "enneatype": "8w7"}, {"id": 497927, "mbti_profile": "Devi's date", "subcategory": "Johnny the Homicidal Maniac", "profile_image_url": "https://static1.personality-database.com/profile_images/6160d3b8bd79468a991b668d34f8fdeb.png", "profile_name": "Devi's date", "profile_subcat": "Johnny the Homicidal Maniac", "sub_cat_id": 3321, "cat_id": 9, "property_id": 2, "mbti": "INFP", "enneatype": "6w5"}, {"id": 498354, "mbti_profile": "Pepito", "subcategory": "Johnny the Homicidal Maniac", "profile_image_url": "https://static1.personality-database.com/profile_images/66c7a7525aca429394b4ddbc7ffd3542.png", "profile_name": "Pepito", "profile_subcat": "Johnny the Homicidal Maniac", "sub_cat_id": 3321, "cat_id": 9, "property_id": 2, "mbti": "ISTP", "enneatype": "8w9"}, {"id": 575549, "mbti_profile": "The Wall Monster", "subcategory": "Johnny the Homicidal Maniac", "profile_image_url": "", "profile_name": "The Wall Monster", "profile_subcat": "Johnny the Homicidal Maniac", "sub_cat_id": 3321, "cat_id": 9, "property_id": 2, "mbti": "", "enneatype": ""}], "functions": ["Ni", "Te", "Fi", "Se"], "systems": [{"hex_color": "#888888", "id": 1, "personality_type": "XXXX", "personality_type_id": 0, "system_name": "Four Letter", "system_vote_count": 13, "user_vote_type_id": 0, "vote_id": 0}, {"hex_color": "#006775", "id": 2, "personality_type": "XXXX", "personality_type_id": 0, "system_name": "Enneagram", "system_vote_count": 10, "user_vote_type_id": 0, "vote_id": 0}, {"hex_color": "#006775", "id": 5, "personality_type": "XXXX", "personality_type_id": 0, "system_name": "Instinctual Variant", "system_vote_count": 4, "user_vote_type_id": 0, "vote_id": 0}, {"hex_color": "#006775", "id": 6, "personality_type": "XXXX", "personality_type_id": 0, "system_name": "Tritype", "system_vote_count": 2, "user_vote_type_id": 0, "vote_id": 0}, {"hex_color": "#888888", "id": 3, "personality_type": "XXXX", "personality_type_id": 0, "system_name": "Socionics", "system_vote_count": 1, "user_vote_type_id": 0, "vote_id": 0}, {"hex_color": "#888888", "id": 9, "personality_type": "XXXX", "personality_type_id": 0, "system_name": "Big 5 (SLOAN)", "system_vote_count": 4, "user_vote_type_id": 0, "vote_id": 0}, {"hex_color": "#888888", "id": 8, "personality_type": "XXXX", "personality_type_id": 0, "system_name": "Attitudinal Psyche", "system_vote_count": 1, "user_vote_type_id": 0, "vote_id": 0}, {"hex_color": "#888888", "id": 7, "personality_type": "XXXX", "personality_type_id": 0, "system_name": "Temperaments", "system_vote_count": 3, "user_vote_type_id": 0, "vote_id": 0}, {"hex_color": "#888888", "id": 11, "personality_type": "XXXX", "personality_type_id": 0, "system_name": "Classic Jungian", "system_vote_count": 0, "user_vote_type_id": 0, "vote_id": 0}], "breakdown_systems": {"1": [{"myValue": "INTJ", "personality_system_id": 1, "personality_type": "INTJ", "theCount": 12}, {"myValue": "ISFP", "personality_system_id": 1, "personality_type": "ISFP", "theCount": 1}], "11": [{"myValue": "XXXX", "personality_system_id": 0, "personality_type": "XXXX", "theCount": 0}], "2": [{"myValue": "4w5", "personality_system_id": 2, "personality_type": "4w5", "theCount": 10}], "3": [{"myValue": "IEI", "personality_system_id": 3, "personality_type": "IEI", "theCount": 1}], "4": [{"myValue": "Chaotic Neutral", "personality_system_id": 4, "personality_type": "Chaotic Neutral", "theCount": 2}], "5": [{"myValue": "sp/sx", "personality_system_id": 5, "personality_type": "sp/sx", "theCount": 4}], "6": [{"myValue": "468", "personality_system_id": 6, "personality_type": "468", "theCount": 2}], "7": [{"myValue": "Melancholic-Choleric", "personality_system_id": 7, "personality_type": "Melancholic-Choleric", "theCount": 2}, {"myValue": "Melancholic-Phlegmatic", "personality_system_id": 7, "personality_type": "Melancholic-Phlegmatic", "theCount": 1}], "8": [{"myValue": "ELVF", "personality_system_id": 8, "personality_type": "ELVF", "theCount": 1}], "9": [{"myValue": "RLUEN", "personality_system_id": 9, "personality_type": "RLUEN", "theCount": 2}, {"myValue": "RLOEI", "personality_system_id": 9, "personality_type": "RLOEI", "theCount": 1}, {"myValue": "RLUEI", "personality_system_id": 9, "personality_type": "RLUEI", "theCount": 1}]}, "breakdown_config": {"expand": {"1": 3, "11": 1, "2": 3, "3": 1, "4": 1, "5": 1, "6": 1, "7": 1, "8": 1, "9": 1}, "fire": {"1": 0, "11": 0, "2": 0, "3": 0, "4": 0, "5": 0, "6": 0, "7": 0, "8": 0, "9": 0}}, "mbti_letter_stats": [{"type": "I", "percentage": "100%", "PercentageFloat": 1}, {"type": "N", "percentage": "92%", "PercentageFloat": 0.9230769230769231}, {"type": "T", "percentage": "92%", "PercentageFloat": 0.9230769230769231}, {"type": "J", "percentage": "92%", "PercentageFloat": 0.9230769230769231}], "topic_info": {"can_generate": false, "topic": {"description": "", "follow_count": 0, "id": 80552, "is_following": false, "is_join_pending": false, "is_banned": false, "is_moderated": false, "name_readable": "Devi D.", "post_count": 0, "source_profile_id": 100624, "source_type": "profile", "join_to_post": false, "can_pin": false, "related_topics": [{"description": "#YandereCharacters", "follow_count": 0, "id": 29028, "is_following": false, "is_join_pending": false, "is_banned": false, "is_moderated": false, "name_readable": "Johnny \u201cNny\u201d C.", "post_count": 0, "source_profile_id": 32216, "source_type": "profile", "image": {"picURL": "https://static1.personality-database.com/profile_images/f05ff9ffdc164af0b34c5e024832f527.png"}, "join_to_post": false, "can_pin": false}, {"description": "", "follow_count": 0, "id": 29029, "is_following": false, "is_join_pending": false, "is_banned": false, "is_moderated": false, "name_readable": "Squee", "post_count": 0, "source_profile_id": 32217, "source_type": "profile", "image": {"picURL": "https://static1.personality-database.com/profile_images/78ae6b3361ac4f13be2c4882fb196c58.png"}, "join_to_post": false, "can_pin": false}, {"description": "", "follow_count": 0, "id": 29030, "is_following": false, "is_join_pending": false, "is_banned": false, "is_moderated": false, "name_readable": "Nailbunny", "post_count": 0, "source_profile_id": 32218, "source_type": "profile", "image": {"picURL": "https://static1.personality-database.com/profile_images/5f50dc5461314020808109aebf5e1e00.png"}, "join_to_post": false, "can_pin": false}, {"description": "", "follow_count": 0, "id": 29031, "is_following": false, "is_join_pending": false, "is_banned": false, "is_moderated": false, "name_readable": "The Doughboys", "post_count": 0, "source_profile_id": 32219, "source_type": "profile", "image": {"picURL": "https://static1.personality-database.com/profile_images/198d50f8946f4050a6a28cf16644680e.png"}, "join_to_post": false, "can_pin": false}, {"description": "", "follow_count": 0, "id": 29032, "is_following": false, "is_join_pending": false, "is_banned": false, "is_moderated": false, "name_readable": "Reverend Meat", "post_count": 0, "source_profile_id": 32220, "source_type": "profile", "image": {"picURL": "https://static1.personality-database.com/profile_images/b8809679652b4f20b5082ad7b3414b9f.png"}, "join_to_post": false, "can_pin": false}, {"description": "", "follow_count": 0, "id": 29033, "is_following": false, "is_join_pending": false, "is_banned": false, "is_moderated": false, "name_readable": "Happy Noodle Boy", "post_count": 0, "source_profile_id": 32221, "source_type": "profile", "image": {"picURL": "https://static1.personality-database.com/profile_images/e76ff586f55e4225a194d93911e31ff2.png"}, "join_to_post": false, "can_pin": false}, {"description": "", "follow_count": 0, "id": 80552, "is_following": false, "is_join_pending": false, "is_banned": false, "is_moderated": false, "name_readable": "Devi D.", "post_count": 0, "source_profile_id": 100624, "source_type": "profile", "image": {"picURL": "https://static1.personality-database.com/profile_images/3109f01d48544ea1aa56a8993a4af0e9.png"}, "join_to_post": false, "can_pin": false}, {"description": "", "follow_count": 0, "id": 100487, "is_following": false, "is_join_pending": false, "is_banned": false, "is_moderated": false, "name_readable": "Wobbly-Headed Bob", "post_count": 0, "source_profile_id": 128660, "source_type": "profile", "image": {"picURL": "https://static1.personality-database.com/profile_images/0406ba5fce584a6e853aa2270461a44f.png"}, "join_to_post": false, "can_pin": false}, {"description": "", "follow_count": 0, "id": 175650, "is_following": false, "is_join_pending": false, "is_banned": false, "is_moderated": false, "name_readable": "Tenna", "post_count": 0, "source_profile_id": 227376, "source_type": "profile", "image": {"picURL": "https://static1.personality-database.com/profile_images/0863655fb924402babbeb9d454117bae.png"}, "join_to_post": false, "can_pin": false}, {"description": "", "follow_count": 0, "id": 175651, "is_following": false, "is_join_pending": false, "is_banned": false, "is_moderated": false, "name_readable": "Spooky", "post_count": 0, "source_profile_id": 227377, "source_type": "profile", "image": {"picURL": "https://static1.personality-database.com/profile_images/475ccc941c7b45a1a821d92b0ccbb8ed.png"}, "join_to_post": false, "can_pin": false}, {"description": "", "follow_count": 0, "id": 255424, "is_following": false, "is_join_pending": false, "is_banned": false, "is_moderated": false, "name_readable": "Tess R.", "post_count": 0, "source_profile_id": 331770, "source_type": "profile", "image": {"picURL": "https://static1.personality-database.com/profile_images/8c3b509156be4aef99889796c97865bd.png"}, "join_to_post": false, "can_pin": false}, {"description": "", "follow_count": 0, "id": 255425, "is_following": false, "is_join_pending": false, "is_banned": false, "is_moderated": false, "name_readable": "Anne Gwish", "post_count": 0, "source_profile_id": 331771, "source_type": "profile", "image": {"picURL": "https://static1.personality-database.com/profile_images/1b0b0faa86f54a028df2c51606df1da0.png"}, "join_to_post": false, "can_pin": false}, {"description": "", "follow_count": 0, "id": 255426, "is_following": false, "is_join_pending": false, "is_banned": false, "is_moderated": false, "name_readable": "Mr. Fuck", "post_count": 0, "source_profile_id": 331772, "source_type": "profile", "image": {"picURL": "https://static1.personality-database.com/profile_images/71b9a762e6054f6cb47e0546fc77adbb.png"}, "join_to_post": false, "can_pin": false}, {"description": "", "follow_count": 0, "id": 255427, "is_following": false, "is_join_pending": false, "is_banned": false, "is_moderated": false, "name_readable": "Psycho Doughboy", "post_count": 0, "source_profile_id": 331773, "source_type": "profile", "image": {"picURL": "https://static1.personality-database.com/profile_images/4cc6dc9a80bc4b24b1d032c8711a65dc.png"}, "join_to_post": false, "can_pin": false}], "subcategory": "Johnny the Homicidal Maniac", "topic_image_url": "https://static1.personality-database.com/profile_images/3109f01d48544ea1aa56a8993a4af0e9.png", "source_location": {"cid": 9, "pid": 2, "sub_cat_id": 3321}, "can_post_image": false, "can_post_audio": false, "posts": {"posts": []}}}}