{"id": 103374, "mbti_profile": "Drift, \"Deadlock\"", "profile_name_searchable": "driftdeadlock", "allow_commenting": true, "allow_voting": true, "user_id": 31382, "contributor": "Decepticon_Dusk", "contributor_create_date": "2020-03-03 23:08:48", "contributor_pic_path": "https://lh3.googleusercontent.com/a/AATXAJwEsPnkhulVbTpXZIc_g4U2vsCSf9y-aGxGOh8C=s96-c", "display_order": 0, "edit_lock": 0, "edit_lock_picture": 0, "is_active": true, "is_approved": true, "mbti_enneagram_type": "INFP 9w8", "mbti_type": "INFP 9w8", "pdb_comment_access": true, "pdb_page_owner": 0, "pdb_public_access": true, "wiki_description": "", "watch_count": 25, "comment_count": 0, "vote_count": 11, "vote_count_enneagram": 7, "vote_count_mbti": 11, "total_vote_counts": 17, "personality_type": "INFP - 9w8", "type_updated_date": "2020-10-07 22:16:52", "enneagram_vote": "", "enneagram_vote_id": 0, "mbti_vote": "", "mbti_vote_id": 0, "is_watching": false, "image_exists": false, "profile_image_url": "https://static1.personality-database.com/profile_images/837518690cfc4e579f46bacd5f4d6c64.png", "profile_image_credit": "", "profile_image_credit_id": 91800, "profile_image_credit_type": "0", "profile_image_credit_url": "", "alt_subcategory": "", "related_subcategories": "", "cat_id": 9, "category": "Comics", "category_is_fictional": true, "sub_cat_id": 6994, "subcategory": "Transformers IDW Comics (2005-2018)", "subcat_link_info": {"sub_cat_id": 6994, "cat_id": 9, "property_id": 2, "subcategory": "Transformers IDW Comics (2005-2018)"}, "related_subcat_link_info": null, "related_profiles": [{"id": 103439, "mbti_profile": "Perceptor", "subcategory": "Transformers IDW Comics (2005-2018)", "profile_image_url": "https://static1.personality-database.com/profile_images/e5153f806ac648c8b534e7a27bc30127.png", "profile_name": "Perceptor", "profile_subcat": "Transformers IDW Comics (2005-2018)", "sub_cat_id": 6994, "cat_id": 9, "property_id": 2, "mbti": "", "enneatype": "5w6"}, {"id": 103379, "mbti_profile": "Damus, \"Glitch\", \"Tarn\"", "subcategory": "Transformers IDW Comics (2005-2018)", "profile_image_url": "https://static1.personality-database.com/profile_images/012c59eeccef4faf84d3376ac273e4c6.png", "profile_name": "Damus, \"Glitch\", \"Tarn\"", "profile_subcat": "Transformers IDW Comics (2005-2018)", "sub_cat_id": 6994, "cat_id": 9, "property_id": 2, "mbti": "INTJ", "enneatype": "2w3"}, {"id": 103437, "mbti_profile": "Primus, \"Rung\"", "subcategory": "Transformers IDW Comics (2005-2018)", "profile_image_url": "https://static1.personality-database.com/profile_images/0d8b0c3f498c4c8cb8ee2484912328f6.png", "profile_name": "Primus, \"Rung\"", "profile_subcat": "Transformers IDW Comics (2005-2018)", "sub_cat_id": 6994, "cat_id": 9, "property_id": 2, "mbti": "INFJ", "enneatype": "2w1"}, {"id": 155900, "mbti_profile": "Brainstorm", "subcategory": "Transformers IDW Comics (2005-2018)", "profile_image_url": "https://static1.personality-database.com/profile_images/a28fcc69814843249cfb90724779c088.png", "profile_name": "Brainstorm", "profile_subcat": "Transformers IDW Comics (2005-2018)", "sub_cat_id": 6994, "cat_id": 9, "property_id": 2, "mbti": "ENTP", "enneatype": "7w6"}, {"id": 103377, "mbti_profile": "Hot Rod, \"Rodimus Prime\"", "subcategory": "Transformers IDW Comics (2005-2018)", "profile_image_url": "https://static1.personality-database.com/profile_images/ff9052beb90347d0804f167eaf95cecb.png", "profile_name": "Hot Rod, \"Rodimus Prime\"", "profile_subcat": "Transformers IDW Comics (2005-2018)", "sub_cat_id": 6994, "cat_id": 9, "property_id": 2, "mbti": "ENFP", "enneatype": "7w8"}, {"id": 103438, "mbti_profile": "Whirl", "subcategory": "Transformers IDW Comics (2005-2018)", "profile_image_url": "https://static1.personality-database.com/profile_images/0fedd6ff83704e14b50059c00bc93f52.png", "profile_name": "Whirl", "profile_subcat": "Transformers IDW Comics (2005-2018)", "sub_cat_id": 6994, "cat_id": 9, "property_id": 2, "mbti": "ESTP", "enneatype": "7w8"}, {"id": 103442, "mbti_profile": "Ratchet", "subcategory": "Transformers IDW Comics (2005-2018)", "profile_image_url": "https://static1.personality-database.com/profile_images/2a2823530cac44f09e4b5c52e4be822b.png", "profile_name": "Ratchet", "profile_subcat": "Transformers IDW Comics (2005-2018)", "sub_cat_id": 6994, "cat_id": 9, "property_id": 2, "mbti": "INFJ", "enneatype": "1w2"}, {"id": 161332, "mbti_profile": "Overlord", "subcategory": "Transformers IDW Comics (2005-2018)", "profile_image_url": "https://static1.personality-database.com/profile_images/598d9c9ea00544fd8ee58d0ef218b558.png", "profile_name": "Overlord", "profile_subcat": "Transformers IDW Comics (2005-2018)", "sub_cat_id": 6994, "cat_id": 9, "property_id": 2, "mbti": "ESFP", "enneatype": "8w7"}], "functions": ["Fi", "Ne", "Si", "Te"], "systems": [{"hex_color": "#888888", "id": 1, "personality_type": "XXXX", "personality_type_id": 0, "system_name": "Four Letter", "system_vote_count": 10, "user_vote_type_id": 0, "vote_id": 0}, {"hex_color": "#006775", "id": 2, "personality_type": "XXXX", "personality_type_id": 0, "system_name": "Enneagram", "system_vote_count": 6, "user_vote_type_id": 0, "vote_id": 0}, {"hex_color": "#006775", "id": 5, "personality_type": "XXXX", "personality_type_id": 0, "system_name": "Instinctual Variant", "system_vote_count": 0, "user_vote_type_id": 0, "vote_id": 0}, {"hex_color": "#006775", "id": 6, "personality_type": "XXXX", "personality_type_id": 0, "system_name": "Tritype", "system_vote_count": 1, "user_vote_type_id": 0, "vote_id": 0}, {"hex_color": "#888888", "id": 3, "personality_type": "XXXX", "personality_type_id": 0, "system_name": "Socionics", "system_vote_count": 0, "user_vote_type_id": 0, "vote_id": 0}, {"hex_color": "#888888", "id": 9, "personality_type": "XXXX", "personality_type_id": 0, "system_name": "Big 5 (SLOAN)", "system_vote_count": 0, "user_vote_type_id": 0, "vote_id": 0}, {"hex_color": "#888888", "id": 8, "personality_type": "XXXX", "personality_type_id": 0, "system_name": "Attitudinal Psyche", "system_vote_count": 0, "user_vote_type_id": 0, "vote_id": 0}, {"hex_color": "#888888", "id": 7, "personality_type": "XXXX", "personality_type_id": 0, "system_name": "Temperaments", "system_vote_count": 0, "user_vote_type_id": 0, "vote_id": 0}, {"hex_color": "#888888", "id": 11, "personality_type": "XXXX", "personality_type_id": 0, "system_name": "Classic Jungian", "system_vote_count": 0, "user_vote_type_id": 0, "vote_id": 0}], "breakdown_systems": {"1": [{"myValue": "INFP", "personality_system_id": 1, "personality_type": "INFP", "theCount": 8}, {"myValue": "ENFP", "personality_system_id": 1, "personality_type": "ENFP", "theCount": 1}, {"myValue": "ISFP", "personality_system_id": 1, "personality_type": "ISFP", "theCount": 1}], "11": [{"myValue": "XXXX", "personality_system_id": 0, "personality_type": "XXXX", "theCount": 0}], "2": [{"myValue": "9w8", "personality_system_id": 2, "personality_type": "9w8", "theCount": 5}, {"myValue": "9w1", "personality_system_id": 2, "personality_type": "9w1", "theCount": 1}], "3": [{"myValue": "XXXX", "personality_system_id": 0, "personality_type": "XXXX", "theCount": 0}], "5": [{"myValue": "XXXX", "personality_system_id": 0, "personality_type": "XXXX", "theCount": 0}], "6": [{"myValue": "947", "personality_system_id": 6, "personality_type": "947", "theCount": 1}], "7": [{"myValue": "XXXX", "personality_system_id": 0, "personality_type": "XXXX", "theCount": 0}], "8": [{"myValue": "XXXX", "personality_system_id": 0, "personality_type": "XXXX", "theCount": 0}], "9": [{"myValue": "XXXX", "personality_system_id": 0, "personality_type": "XXXX", "theCount": 0}]}, "breakdown_config": {"expand": {"1": 3, "11": 1, "2": 3, "3": 1, "5": 1, "6": 1, "7": 1, "8": 1, "9": 1}, "fire": {"1": 0, "11": 0, "2": 0, "3": 0, "5": 0, "6": 0, "7": 0, "8": 0, "9": 0}}, "mbti_letter_stats": [{"type": "I", "percentage": "90%", "PercentageFloat": 0.9}, {"type": "N", "percentage": "90%", "PercentageFloat": 0.9}, {"type": "F", "percentage": "100%", "PercentageFloat": 1}, {"type": "P", "percentage": "100%", "PercentageFloat": 1}], "topic_info": {"can_generate": false, "topic": {"description": "", "follow_count": 0, "id": 82344, "is_following": false, "is_join_pending": false, "is_banned": false, "is_moderated": false, "name_readable": "Drift, \"Deadlock\"", "post_count": 0, "source_profile_id": 103374, "source_type": "profile", "join_to_post": false, "can_pin": false, "related_topics": [{"description": "", "follow_count": 0, "id": 125226, "is_following": false, "is_join_pending": false, "is_banned": false, "is_moderated": false, "name_readable": "Swerve", "post_count": 0, "source_profile_id": 161318, "source_type": "profile", "image": {"picURL": "https://static1.personality-database.com/profile_images/0c1d829a6e104b04b5c4ec575ce3319a.png"}, "join_to_post": false, "can_pin": false}, {"description": "", "follow_count": 0, "id": 125237, "is_following": false, "is_join_pending": false, "is_banned": false, "is_moderated": false, "name_readable": "Thundercracker", "post_count": 0, "source_profile_id": 161330, "source_type": "profile", "image": {"picURL": "https://static1.personality-database.com/profile_images/8829146cbe1346c3bbb1343ee3f09df1.png"}, "join_to_post": false, "can_pin": false}, {"description": "", "follow_count": 0, "id": 125236, "is_following": false, "is_join_pending": false, "is_banned": false, "is_moderated": false, "name_readable": "Fulcrum", "post_count": 0, "source_profile_id": 161329, "source_type": "profile", "image": {"picURL": "https://static1.personality-database.com/profile_images/d0a974989a574d34a0ac8055474b2044.png"}, "join_to_post": false, "can_pin": false}, {"description": "", "follow_count": 0, "id": 125234, "is_following": false, "is_join_pending": false, "is_banned": false, "is_moderated": false, "name_readable": "Tyrest/Solomus", "post_count": 0, "source_profile_id": 161327, "source_type": "profile", "image": {"picURL": "https://static1.personality-database.com/profile_images/cb55b2f6a6a34b28a495570fba5195f3.png"}, "join_to_post": false, "can_pin": false}, {"description": "", "follow_count": 0, "id": 125233, "is_following": false, "is_join_pending": false, "is_banned": false, "is_moderated": false, "name_readable": "Nautica", "post_count": 0, "source_profile_id": 161326, "source_type": "profile", "image": {"picURL": "https://static1.personality-database.com/profile_images/47dd9f7b2fed42498ae44ad1c6c2d795.png"}, "join_to_post": false, "can_pin": false}, {"description": "", "follow_count": 0, "id": 125232, "is_following": false, "is_join_pending": false, "is_banned": false, "is_moderated": false, "name_readable": "Velocity", "post_count": 0, "source_profile_id": 161325, "source_type": "profile", "image": {"picURL": "https://static1.personality-database.com/profile_images/ebcd3be7c3bb4beab720edcc9d229e41.png"}, "join_to_post": false, "can_pin": false}, {"description": "", "follow_count": 0, "id": 125230, "is_following": false, "is_join_pending": false, "is_banned": false, "is_moderated": false, "name_readable": "Deathsaurus", "post_count": 0, "source_profile_id": 161323, "source_type": "profile", "image": {"picURL": "https://static1.personality-database.com/profile_images/c076d3b385fc4a948366c1b30e508a19.png"}, "join_to_post": false, "can_pin": false}, {"description": "", "follow_count": 0, "id": 125229, "is_following": false, "is_join_pending": false, "is_banned": false, "is_moderated": false, "name_readable": "Fortress Maximus", "post_count": 0, "source_profile_id": 161322, "source_type": "profile", "image": {"picURL": "https://static1.personality-database.com/profile_images/c6363a1a0b2b4c2fab1067d911e67422.png"}, "join_to_post": false, "can_pin": false}, {"description": "", "follow_count": 0, "id": 125227, "is_following": false, "is_join_pending": false, "is_banned": false, "is_moderated": false, "name_readable": "Krok", "post_count": 0, "source_profile_id": 161319, "source_type": "profile", "image": {"picURL": "https://static1.personality-database.com/profile_images/aee1e5327d9c4e9e95682446cb00284c.png"}, "join_to_post": false, "can_pin": false}, {"description": "", "follow_count": 0, "id": 120929, "is_following": false, "is_join_pending": false, "is_banned": false, "is_moderated": false, "name_readable": "Impactor", "post_count": 0, "source_profile_id": 155904, "source_type": "profile", "image": {"picURL": "https://static1.personality-database.com/profile_images/35390fe09f384072a1a84fbc6b11e23b.png"}, "join_to_post": false, "can_pin": false}, {"description": "", "follow_count": 1, "id": 120925, "is_following": false, "is_join_pending": false, "is_banned": false, "is_moderated": false, "name_readable": "Brainstorm", "post_count": 0, "source_profile_id": 155900, "source_type": "profile", "image": {"picURL": "https://static1.personality-database.com/profile_images/a28fcc69814843249cfb90724779c088.png"}, "join_to_post": false, "can_pin": false}, {"description": "", "follow_count": 0, "id": 120926, "is_following": false, "is_join_pending": false, "is_banned": false, "is_moderated": false, "name_readable": "Chromedome", "post_count": 0, "source_profile_id": 155901, "source_type": "profile", "image": {"picURL": "https://static1.personality-database.com/profile_images/4f5250d6e1f54e998e26f87cdcbda167.png"}, "join_to_post": false, "can_pin": false}, {"description": "", "follow_count": 0, "id": 120928, "is_following": false, "is_join_pending": false, "is_banned": false, "is_moderated": false, "name_readable": "Galvatron", "post_count": 0, "source_profile_id": 155903, "source_type": "profile", "image": {"picURL": "https://static1.personality-database.com/profile_images/d89e883ae41e4dc19a28746e2db7ce43.png"}, "join_to_post": false, "can_pin": false}, {"description": "", "follow_count": 0, "id": 120931, "is_following": false, "is_join_pending": false, "is_banned": false, "is_moderated": false, "name_readable": "Ambulon", "post_count": 0, "source_profile_id": 155906, "source_type": "profile", "image": {"picURL": "https://static1.personality-database.com/profile_images/9fbcc2192da94a80ae893f2a3bb9ae06.png"}, "join_to_post": false, "can_pin": false}, {"description": "", "follow_count": 0, "id": 122246, "is_following": false, "is_join_pending": false, "is_banned": false, "is_moderated": false, "name_readable": "Rewind", "post_count": 0, "source_profile_id": 157654, "source_type": "profile", "image": {"picURL": "https://static1.personality-database.com/profile_images/c287801e3a084a90b8f0cbf0f47c763b.png"}, "join_to_post": false, "can_pin": false}, {"description": "", "follow_count": 0, "id": 125238, "is_following": false, "is_join_pending": false, "is_banned": false, "is_moderated": false, "name_readable": "Misfire", "post_count": 0, "source_profile_id": 161331, "source_type": "profile", "image": {"picURL": "https://static1.personality-database.com/profile_images/3f69a36b01d24368aa8915d908425ee6.png"}, "join_to_post": false, "can_pin": false}], "subcategory": "Transformers IDW Comics (2005-2018)", "topic_image_url": "https://static1.personality-database.com/profile_images/837518690cfc4e579f46bacd5f4d6c64.png", "source_location": {"cid": 9, "pid": 2, "sub_cat_id": 6994}, "can_post_image": false, "can_post_audio": false, "posts": {"posts": []}}}}