{"id": 104672, "mbti_profile": "Pepe Cortisona", "profile_name_searchable": "pepecortisona", "allow_commenting": true, "allow_voting": true, "user_id": 15623, "contributor": "hunterxcaos", "contributor_create_date": "2020-03-08 00:07:36", "contributor_pic_path": "https://lh4.googleusercontent.com/-5ICC1eskkjs/AAAAAAAAAAI/AAAAAAAAAAA/ACHi3rf3-rXwp0qsnxlrO86h6m7yXAS0WA/s96-c/photo.jpg", "display_order": 0, "edit_lock": 0, "edit_lock_picture": 0, "is_active": true, "is_approved": true, "mbti_enneagram_type": "ESTP 3w4", "mbti_type": "ESTP 3w4", "pdb_comment_access": true, "pdb_page_owner": 0, "pdb_public_access": true, "wiki_description": "", "watch_count": 2, "comment_count": 3, "vote_count": 11, "vote_count_enneagram": 5, "vote_count_mbti": 11, "total_vote_counts": 18, "personality_type": "ESTP - 3w4 - sx/so - SEE", "type_updated_date": "2021-05-21 13:21:05", "enneagram_vote": "", "enneagram_vote_id": 0, "mbti_vote": "", "mbti_vote_id": 0, "is_watching": false, "image_exists": false, "profile_image_url": "https://static1.personality-database.com/profile_images/2978c212302f413b97af07ff7ac6e465.png", "profile_image_credit": "", "profile_image_credit_id": 66282, "profile_image_credit_type": "0", "profile_image_credit_url": "", "alt_subcategory": "", "related_subcategories": "", "cat_id": 9, "category": "Comics", "category_is_fictional": true, "sub_cat_id": 6642, "subcategory": "Condorito", "subcat_link_info": {"sub_cat_id": 6642, "cat_id": 9, "property_id": 2, "subcategory": "Condorito"}, "related_subcat_link_info": null, "related_profiles": [{"id": 84843, "mbti_profile": "Condorito", "subcategory": "Condorito", "profile_image_url": "https://static1.personality-database.com/profile_images/bd82ddc3375d42fb875ebe8a2058c526.png", "profile_name": "Condorito", "profile_subcat": "Condorito", "sub_cat_id": 6642, "cat_id": 9, "property_id": 2, "mbti": "ENTP", "enneatype": "9w8"}, {"id": 104673, "mbti_profile": "Con\u00e9", "subcategory": "Condorito", "profile_image_url": "https://static1.personality-database.com/profile_images/9b5776a946a745a19edd74bea11c186c.png", "profile_name": "Con\u00e9", "profile_subcat": "Condorito", "sub_cat_id": 6642, "cat_id": 9, "property_id": 2, "mbti": "ESTP", "enneatype": "7w8"}, {"id": 104676, "mbti_profile": "Do\u00f1a Tremebunda", "subcategory": "Condorito", "profile_image_url": "https://static1.personality-database.com/profile_images/ad0dd975503c49ec9f2a195390dac49b.png", "profile_name": "Do\u00f1a Tremebunda", "profile_subcat": "Condorito", "sub_cat_id": 6642, "cat_id": 9, "property_id": 2, "mbti": "ESTJ", "enneatype": "1w2"}, {"id": 104686, "mbti_profile": "Don Chuma", "subcategory": "Condorito", "profile_image_url": "https://static1.personality-database.com/profile_images/a96f4ffee2fd462baf58bad25629ec02.png", "profile_name": "Don Chuma", "profile_subcat": "Condorito", "sub_cat_id": 6642, "cat_id": 9, "property_id": 2, "mbti": "ISTJ", "enneatype": "6w5"}, {"id": 132158, "mbti_profile": "Comegato", "subcategory": "Condorito", "profile_image_url": "https://static1.personality-database.com/profile_images/a00133767e1c42bebe3bd41b167d9dd9.png", "profile_name": "Comegato", "profile_subcat": "Condorito", "sub_cat_id": 6642, "cat_id": 9, "property_id": 2, "mbti": "ISTP", "enneatype": "6w5"}, {"id": 104674, "mbti_profile": "Yayita", "subcategory": "Condorito", "profile_image_url": "https://static1.personality-database.com/profile_images/58328cfe7b624818b670d6770e1cece4.png", "profile_name": "Yayita", "profile_subcat": "Condorito", "sub_cat_id": 6642, "cat_id": 9, "property_id": 2, "mbti": "ESFJ", "enneatype": "2w3"}, {"id": 104677, "mbti_profile": "Washington", "subcategory": "Condorito", "profile_image_url": "https://static1.personality-database.com/profile_images/1431a55232e64ffbb04180bd065e8a1f.png", "profile_name": "Washington", "profile_subcat": "Condorito", "sub_cat_id": 6642, "cat_id": 9, "property_id": 2, "mbti": "INTP", "enneatype": "9w8"}, {"id": 104678, "mbti_profile": "Mat\u00edas", "subcategory": "Condorito", "profile_image_url": "https://static1.personality-database.com/profile_images/0a42457fd1d840b39ef6cd37cd2d8dec.png", "profile_name": "Mat\u00edas", "profile_subcat": "Condorito", "sub_cat_id": 6642, "cat_id": 9, "property_id": 2, "mbti": "ENTP", "enneatype": "7w8"}], "functions": ["Se", "Ti", "Fe", "Ni"], "systems": [{"hex_color": "#888888", "id": 1, "personality_type": "XXXX", "personality_type_id": 0, "system_name": "Four Letter", "system_vote_count": 11, "user_vote_type_id": 0, "vote_id": 0}, {"hex_color": "#006775", "id": 2, "personality_type": "XXXX", "personality_type_id": 0, "system_name": "Enneagram", "system_vote_count": 5, "user_vote_type_id": 0, "vote_id": 0}, {"hex_color": "#006775", "id": 5, "personality_type": "XXXX", "personality_type_id": 0, "system_name": "Instinctual Variant", "system_vote_count": 1, "user_vote_type_id": 0, "vote_id": 0}, {"hex_color": "#006775", "id": 6, "personality_type": "XXXX", "personality_type_id": 0, "system_name": "Tritype", "system_vote_count": 0, "user_vote_type_id": 0, "vote_id": 0}, {"hex_color": "#888888", "id": 3, "personality_type": "XXXX", "personality_type_id": 0, "system_name": "Socionics", "system_vote_count": 1, "user_vote_type_id": 0, "vote_id": 0}, {"hex_color": "#888888", "id": 9, "personality_type": "XXXX", "personality_type_id": 0, "system_name": "Big 5 (SLOAN)", "system_vote_count": 0, "user_vote_type_id": 0, "vote_id": 0}, {"hex_color": "#888888", "id": 8, "personality_type": "XXXX", "personality_type_id": 0, "system_name": "Attitudinal Psyche", "system_vote_count": 0, "user_vote_type_id": 0, "vote_id": 0}, {"hex_color": "#888888", "id": 7, "personality_type": "XXXX", "personality_type_id": 0, "system_name": "Temperaments", "system_vote_count": 0, "user_vote_type_id": 0, "vote_id": 0}, {"hex_color": "#888888", "id": 11, "personality_type": "XXXX", "personality_type_id": 0, "system_name": "Classic Jungian", "system_vote_count": 0, "user_vote_type_id": 0, "vote_id": 0}], "breakdown_systems": {"1": [{"myValue": "ESTP", "personality_system_id": 1, "personality_type": "ESTP", "theCount": 11}], "11": [{"myValue": "XXXX", "personality_system_id": 0, "personality_type": "XXXX", "theCount": 0}], "2": [{"myValue": "3w4", "personality_system_id": 2, "personality_type": "3w4", "theCount": 5}], "3": [{"myValue": "SEE", "personality_system_id": 3, "personality_type": "SEE", "theCount": 1}], "5": [{"myValue": "sx/so", "personality_system_id": 5, "personality_type": "sx/so", "theCount": 1}], "6": [{"myValue": "XXXX", "personality_system_id": 0, "personality_type": "XXXX", "theCount": 0}], "7": [{"myValue": "XXXX", "personality_system_id": 0, "personality_type": "XXXX", "theCount": 0}], "8": [{"myValue": "XXXX", "personality_system_id": 0, "personality_type": "XXXX", "theCount": 0}], "9": [{"myValue": "XXXX", "personality_system_id": 0, "personality_type": "XXXX", "theCount": 0}]}, "breakdown_config": {"expand": {"1": 3, "11": 1, "2": 3, "3": 1, "5": 1, "6": 1, "7": 1, "8": 1, "9": 1}, "fire": {"1": 0, "11": 0, "2": 0, "3": 0, "5": 0, "6": 0, "7": 0, "8": 0, "9": 0}}, "mbti_letter_stats": [{"type": "E", "percentage": "100%", "PercentageFloat": 1}, {"type": "S", "percentage": "100%", "PercentageFloat": 1}, {"type": "T", "percentage": "100%", "PercentageFloat": 1}, {"type": "P", "percentage": "100%", "PercentageFloat": 1}], "topic_info": {"can_generate": false, "topic": {"description": "", "follow_count": 0, "id": 83325, "is_following": false, "is_join_pending": false, "is_banned": false, "is_moderated": false, "name_readable": "Pepe Cortisona", "post_count": 0, "source_profile_id": 104672, "source_type": "profile", "join_to_post": false, "can_pin": false, "related_topics": [{"description": "Condorito is an antropomorphic condor of humble condition that is joyful and always willing to help his friends.\n\n#Chile", "follow_count": 0, "id": 68886, "is_following": false, "is_join_pending": false, "is_banned": false, "is_moderated": false, "name_readable": "Condorito", "post_count": 0, "source_profile_id": 84843, "source_type": "profile", "image": {"picURL": "https://static1.personality-database.com/profile_images/bd82ddc3375d42fb875ebe8a2058c526.png"}, "join_to_post": false, "can_pin": false}, {"description": "", "follow_count": 0, "id": 83325, "is_following": false, "is_join_pending": false, "is_banned": false, "is_moderated": false, "name_readable": "Pepe Cortisona", "post_count": 0, "source_profile_id": 104672, "source_type": "profile", "image": {"picURL": "https://static1.personality-database.com/profile_images/2978c212302f413b97af07ff7ac6e465.png"}, "join_to_post": false, "can_pin": false}, {"description": "", "follow_count": 0, "id": 83326, "is_following": false, "is_join_pending": false, "is_banned": false, "is_moderated": false, "name_readable": "Con\u00e9", "post_count": 0, "source_profile_id": 104673, "source_type": "profile", "image": {"picURL": "https://static1.personality-database.com/profile_images/9b5776a946a745a19edd74bea11c186c.png"}, "join_to_post": false, "can_pin": false}, {"description": "", "follow_count": 0, "id": 83327, "is_following": false, "is_join_pending": false, "is_banned": false, "is_moderated": false, "name_readable": "Yayita", "post_count": 0, "source_profile_id": 104674, "source_type": "profile", "image": {"picURL": "https://static1.personality-database.com/profile_images/58328cfe7b624818b670d6770e1cece4.png"}, "join_to_post": false, "can_pin": false}, {"description": "", "follow_count": 0, "id": 83328, "is_following": false, "is_join_pending": false, "is_banned": false, "is_moderated": false, "name_readable": "Do\u00f1a Tremebunda", "post_count": 0, "source_profile_id": 104676, "source_type": "profile", "image": {"picURL": "https://static1.personality-database.com/profile_images/ad0dd975503c49ec9f2a195390dac49b.png"}, "join_to_post": false, "can_pin": false}, {"description": "", "follow_count": 0, "id": 83329, "is_following": false, "is_join_pending": false, "is_banned": false, "is_moderated": false, "name_readable": "Washington", "post_count": 0, "source_profile_id": 104677, "source_type": "profile", "image": {"picURL": "https://static1.personality-database.com/profile_images/1431a55232e64ffbb04180bd065e8a1f.png"}, "join_to_post": false, "can_pin": false}, {"description": "", "follow_count": 0, "id": 83330, "is_following": false, "is_join_pending": false, "is_banned": false, "is_moderated": false, "name_readable": "Mat\u00edas", "post_count": 0, "source_profile_id": 104678, "source_type": "profile", "image": {"picURL": "https://static1.personality-database.com/profile_images/0a42457fd1d840b39ef6cd37cd2d8dec.png"}, "join_to_post": false, "can_pin": false}, {"description": "", "follow_count": 0, "id": 83337, "is_following": false, "is_join_pending": false, "is_banned": false, "is_moderated": false, "name_readable": "Ungenio Gonz\u00e1lez", "post_count": 0, "source_profile_id": 104685, "source_type": "profile", "image": {"picURL": "https://static1.personality-database.com/profile_images/7533292abf914c92afb6103529e7b41a.png"}, "join_to_post": false, "can_pin": false}, {"description": "", "follow_count": 0, "id": 83338, "is_following": false, "is_join_pending": false, "is_banned": false, "is_moderated": false, "name_readable": "Don Chuma", "post_count": 0, "source_profile_id": 104686, "source_type": "profile", "image": {"picURL": "https://static1.personality-database.com/profile_images/a96f4ffee2fd462baf58bad25629ec02.png"}, "join_to_post": false, "can_pin": false}, {"description": "", "follow_count": 0, "id": 83339, "is_following": false, "is_join_pending": false, "is_banned": false, "is_moderated": false, "name_readable": "Don Cuasimodo Vinagre", "post_count": 0, "source_profile_id": 104687, "source_type": "profile", "image": {"picURL": "https://static1.personality-database.com/profile_images/229e6882775942ebba6790bd493e8dee.png"}, "join_to_post": false, "can_pin": false}, {"description": "", "follow_count": 0, "id": 94711, "is_following": false, "is_join_pending": false, "is_banned": false, "is_moderated": false, "name_readable": "Huevoduro", "post_count": 0, "source_profile_id": 120565, "source_type": "profile", "image": {"picURL": "https://static1.personality-database.com/profile_images/f5aa92ba6d844fe8b9a3c00f8e89fb05.png"}, "join_to_post": false, "can_pin": false}, {"description": "", "follow_count": 0, "id": 94712, "is_following": false, "is_join_pending": false, "is_banned": false, "is_moderated": false, "name_readable": "Garganta de Lata", "post_count": 0, "source_profile_id": 120566, "source_type": "profile", "image": {"picURL": "https://static1.personality-database.com/profile_images/f6b88382acdf4c2faf36c92de15c97f3.png"}, "join_to_post": false, "can_pin": false}, {"description": "", "follow_count": 0, "id": 103105, "is_following": false, "is_join_pending": false, "is_banned": false, "is_moderated": false, "name_readable": "Comegato", "post_count": 0, "source_profile_id": 132158, "source_type": "profile", "image": {"picURL": "https://static1.personality-database.com/profile_images/a00133767e1c42bebe3bd41b167d9dd9.png"}, "join_to_post": false, "can_pin": false}], "subcategory": "Condorito", "topic_image_url": "https://static1.personality-database.com/profile_images/2978c212302f413b97af07ff7ac6e465.png", "source_location": {"cid": 9, "pid": 2, "sub_cat_id": 6642}, "can_post_image": false, "can_post_audio": false, "posts": {"posts": []}}}}