{"id": 107594, "mbti_profile": "Lottie Person", "profile_name_searchable": "lottieperson", "allow_commenting": true, "allow_voting": true, "user_id": 17173, "contributor": "menhera", "contributor_create_date": "2020-03-16 06:34:06", "contributor_pic_path": "https://lh3.googleusercontent.com/a-/AOh14GgTVXwgwFDuQXd1XS08P6YgEw57fShiCJol2QcUNg=s96-c", "display_order": 1000, "edit_lock": 0, "edit_lock_picture": 0, "is_active": true, "is_approved": true, "mbti_enneagram_type": "ISFP 3w4", "mbti_type": "ISFP 3w4", "pdb_comment_access": true, "pdb_page_owner": 0, "pdb_public_access": true, "wiki_description": "", "watch_count": 13, "comment_count": 7, "vote_count": 23, "vote_count_enneagram": 9, "vote_count_mbti": 23, "total_vote_counts": 45, "personality_type": "ISFP - 3w4 - 369 - SLUEI - Melancholic-Sanguine", "type_updated_date": "2021-09-16 23:58:21", "enneagram_vote": "", "enneagram_vote_id": 0, "mbti_vote": "", "mbti_vote_id": 0, "is_watching": false, "image_exists": false, "profile_image_url": "https://static1.personality-database.com/profile_images/f0d9e8e89bab4c0a966910129a493133.png", "profile_image_credit": "", "profile_image_credit_id": 49624, "profile_image_credit_type": "0", "profile_image_credit_url": "", "alt_subcategory": "", "related_subcategories": "", "cat_id": 9, "category": "Comics", "category_is_fictional": true, "sub_cat_id": 7923, "subcategory": "Snotgirl", "subcat_link_info": {"sub_cat_id": 7923, "cat_id": 9, "property_id": 2, "subcategory": "Snotgirl"}, "related_subcat_link_info": null, "related_profiles": [{"id": 107595, "mbti_profile": "Caroline", "subcategory": "Snotgirl", "profile_image_url": "https://static1.personality-database.com/profile_images/5ed5ab05d3984f249c8295cdce687014.png", "profile_name": "Caroline", "profile_subcat": "Snotgirl", "sub_cat_id": 7923, "cat_id": 9, "property_id": 2, "mbti": "INFJ", "enneatype": "5w4"}, {"id": 107596, "mbti_profile": "Misty Sutton", "subcategory": "Snotgirl", "profile_image_url": "https://static1.personality-database.com/profile_images/f5267f52970c41a789b94b2e89ee4bc1.png", "profile_name": "Misty Sutton", "profile_subcat": "Snotgirl", "sub_cat_id": 7923, "cat_id": 9, "property_id": 2, "mbti": "ESFP", "enneatype": "7w6"}, {"id": 107598, "mbti_profile": "Virgil", "subcategory": "Snotgirl", "profile_image_url": "https://static1.personality-database.com/profile_images/c7a060853c0b4529ba0edf0a72b4fa48.png", "profile_name": "Virgil", "profile_subcat": "Snotgirl", "sub_cat_id": 7923, "cat_id": 9, "property_id": 2, "mbti": "ISFJ", "enneatype": "5w4"}, {"id": 107597, "mbti_profile": "Sunny Day", "subcategory": "Snotgirl", "profile_image_url": "https://static1.personality-database.com/profile_images/efb5dc4896ff487e88951b36840ce8ef.png", "profile_name": "Sunny Day", "profile_subcat": "Snotgirl", "sub_cat_id": 7923, "cat_id": 9, "property_id": 2, "mbti": "ISFJ", "enneatype": ""}, {"id": 354984, "mbti_profile": "Esther Dumont", "subcategory": "Snotgirl", "profile_image_url": "", "profile_name": "Esther Dumont", "profile_subcat": "Snotgirl", "sub_cat_id": 7923, "cat_id": 9, "property_id": 2, "mbti": "INTJ", "enneatype": ""}, {"id": 354985, "mbti_profile": "Rosie Fumiko Person", "subcategory": "Snotgirl", "profile_image_url": "", "profile_name": "Rosie Fumiko Person", "profile_subcat": "Snotgirl", "sub_cat_id": 7923, "cat_id": 9, "property_id": 2, "mbti": "", "enneatype": ""}, {"id": 354986, "mbti_profile": "Megan Foster", "subcategory": "Snotgirl", "profile_image_url": "", "profile_name": "Megan Foster", "profile_subcat": "Snotgirl", "sub_cat_id": 7923, "cat_id": 9, "property_id": 2, "mbti": "", "enneatype": ""}, {"id": 354987, "mbti_profile": "Charlene", "subcategory": "Snotgirl", "profile_image_url": "", "profile_name": "Charlene", "profile_subcat": "Snotgirl", "sub_cat_id": 7923, "cat_id": 9, "property_id": 2, "mbti": "", "enneatype": ""}], "functions": ["Fi", "Se", "Ni", "Te"], "systems": [{"hex_color": "#888888", "id": 1, "personality_type": "XXXX", "personality_type_id": 0, "system_name": "Four Letter", "system_vote_count": 23, "user_vote_type_id": 0, "vote_id": 0}, {"hex_color": "#006775", "id": 2, "personality_type": "XXXX", "personality_type_id": 0, "system_name": "Enneagram", "system_vote_count": 9, "user_vote_type_id": 0, "vote_id": 0}, {"hex_color": "#006775", "id": 5, "personality_type": "XXXX", "personality_type_id": 0, "system_name": "Instinctual Variant", "system_vote_count": 5, "user_vote_type_id": 0, "vote_id": 0}, {"hex_color": "#006775", "id": 6, "personality_type": "XXXX", "personality_type_id": 0, "system_name": "Tritype", "system_vote_count": 2, "user_vote_type_id": 0, "vote_id": 0}, {"hex_color": "#888888", "id": 3, "personality_type": "XXXX", "personality_type_id": 0, "system_name": "Socionics", "system_vote_count": 0, "user_vote_type_id": 0, "vote_id": 0}, {"hex_color": "#888888", "id": 9, "personality_type": "XXXX", "personality_type_id": 0, "system_name": "Big 5 (SLOAN)", "system_vote_count": 2, "user_vote_type_id": 0, "vote_id": 0}, {"hex_color": "#888888", "id": 8, "personality_type": "XXXX", "personality_type_id": 0, "system_name": "Attitudinal Psyche", "system_vote_count": 0, "user_vote_type_id": 0, "vote_id": 0}, {"hex_color": "#888888", "id": 7, "personality_type": "XXXX", "personality_type_id": 0, "system_name": "Temperaments", "system_vote_count": 3, "user_vote_type_id": 0, "vote_id": 0}, {"hex_color": "#888888", "id": 11, "personality_type": "XXXX", "personality_type_id": 0, "system_name": "Classic Jungian", "system_vote_count": 0, "user_vote_type_id": 0, "vote_id": 0}], "breakdown_systems": {"1": [{"myValue": "ISFP", "personality_system_id": 1, "personality_type": "ISFP", "theCount": 15}, {"myValue": "INFP", "personality_system_id": 1, "personality_type": "INFP", "theCount": 7}, {"myValue": "ESFP", "personality_system_id": 1, "personality_type": "ESFP", "theCount": 1}], "11": [{"myValue": "XXXX", "personality_system_id": 0, "personality_type": "XXXX", "theCount": 0}], "2": [{"myValue": "3w4", "personality_system_id": 2, "personality_type": "3w4", "theCount": 8}, {"myValue": "4w3", "personality_system_id": 2, "personality_type": "4w3", "theCount": 1}], "3": [{"myValue": "XXXX", "personality_system_id": 0, "personality_type": "XXXX", "theCount": 0}], "4": [{"myValue": "Chaotic Neutral", "personality_system_id": 4, "personality_type": "Chaotic Neutral", "theCount": 1}], "5": [{"myValue": "sx/so", "personality_system_id": 5, "personality_type": "sx/so", "theCount": 3}, {"myValue": "so/sx", "personality_system_id": 5, "personality_type": "so/sx", "theCount": 2}], "6": [{"myValue": "369", "personality_system_id": 6, "personality_type": "369", "theCount": 2}], "7": [{"myValue": "Melancholic-Sanguine", "personality_system_id": 7, "personality_type": "Melancholic-Sanguine", "theCount": 2}, {"myValue": "Sanguine-Melancholic", "personality_system_id": 7, "personality_type": "Sanguine-Melancholic", "theCount": 1}], "8": [{"myValue": "XXXX", "personality_system_id": 0, "personality_type": "XXXX", "theCount": 0}], "9": [{"myValue": "SLUEI", "personality_system_id": 9, "personality_type": "SLUEI", "theCount": 2}]}, "breakdown_config": {"expand": {"1": 3, "11": 1, "2": 3, "3": 1, "4": 1, "5": 1, "6": 1, "7": 1, "8": 1, "9": 1}, "fire": {"1": 0, "11": 0, "2": 0, "3": 0, "4": 0, "5": 0, "6": 0, "7": 0, "8": 0, "9": 0}}, "mbti_letter_stats": [{"type": "I", "percentage": "96%", "PercentageFloat": 0.9565217391304348}, {"type": "S", "percentage": "70%", "PercentageFloat": 0.6956521739130435}, {"type": "F", "percentage": "100%", "PercentageFloat": 1}, {"type": "P", "percentage": "100%", "PercentageFloat": 1}], "topic_info": {"can_generate": false, "topic": {"description": "", "follow_count": 0, "id": 85591, "is_following": false, "is_join_pending": false, "is_banned": false, "is_moderated": false, "name_readable": "Lottie Person", "post_count": 0, "source_profile_id": 107594, "source_type": "profile", "join_to_post": false, "can_pin": false, "related_topics": [{"description": "", "follow_count": 0, "id": 85591, "is_following": false, "is_join_pending": false, "is_banned": false, "is_moderated": false, "name_readable": "Lottie Person", "post_count": 0, "source_profile_id": 107594, "source_type": "profile", "image": {"picURL": "https://static1.personality-database.com/profile_images/f0d9e8e89bab4c0a966910129a493133.png"}, "join_to_post": false, "can_pin": false}, {"description": "", "follow_count": 0, "id": 85592, "is_following": false, "is_join_pending": false, "is_banned": false, "is_moderated": false, "name_readable": "Caroline", "post_count": 0, "source_profile_id": 107595, "source_type": "profile", "image": {"picURL": "https://static1.personality-database.com/profile_images/5ed5ab05d3984f249c8295cdce687014.png"}, "join_to_post": false, "can_pin": false}, {"description": "", "follow_count": 0, "id": 85593, "is_following": false, "is_join_pending": false, "is_banned": false, "is_moderated": false, "name_readable": "Misty Sutton", "post_count": 0, "source_profile_id": 107596, "source_type": "profile", "image": {"picURL": "https://static1.personality-database.com/profile_images/f5267f52970c41a789b94b2e89ee4bc1.png"}, "join_to_post": false, "can_pin": false}, {"description": "", "follow_count": 0, "id": 85594, "is_following": false, "is_join_pending": false, "is_banned": false, "is_moderated": false, "name_readable": "Sunny Day", "post_count": 0, "source_profile_id": 107597, "source_type": "profile", "image": {"picURL": "https://static1.personality-database.com/profile_images/efb5dc4896ff487e88951b36840ce8ef.png"}, "join_to_post": false, "can_pin": false}, {"description": "", "follow_count": 0, "id": 85595, "is_following": false, "is_join_pending": false, "is_banned": false, "is_moderated": false, "name_readable": "Virgil", "post_count": 0, "source_profile_id": 107598, "source_type": "profile", "image": {"picURL": "https://static1.personality-database.com/profile_images/c7a060853c0b4529ba0edf0a72b4fa48.png"}, "join_to_post": false, "can_pin": false}, {"description": "Lottie\u2019s ex-intern and mom friend", "follow_count": 0, "id": 273123, "is_following": false, "is_join_pending": false, "is_banned": false, "is_moderated": false, "name_readable": "Esther Dumont", "post_count": 0, "source_profile_id": 354984, "source_type": "profile", "image": {"picURL": "https://www.personality-database.com/images/profile_transparent.png"}, "join_to_post": false, "can_pin": false}, {"description": "Lottie\u2019s older sister", "follow_count": 0, "id": 273124, "is_following": false, "is_join_pending": false, "is_banned": false, "is_moderated": false, "name_readable": "Rosie Fumiko Person", "post_count": 0, "source_profile_id": 354985, "source_type": "profile", "image": {"picURL": "https://www.personality-database.com/images/profile_transparent.png"}, "join_to_post": false, "can_pin": false}, {"description": "Lottie\u2019s friend A.K.A. \u201cNormgirl\u201d", "follow_count": 0, "id": 273125, "is_following": false, "is_join_pending": false, "is_banned": false, "is_moderated": false, "name_readable": "Megan Foster", "post_count": 0, "source_profile_id": 354986, "source_type": "profile", "image": {"picURL": "https://www.personality-database.com/images/profile_transparent.png"}, "join_to_post": false, "can_pin": false}, {"description": "Sunny\u2019s ex-girlfriend and Lottie\u2019s ex-intern", "follow_count": 0, "id": 273126, "is_following": false, "is_join_pending": false, "is_banned": false, "is_moderated": false, "name_readable": "Charlene", "post_count": 0, "source_profile_id": 354987, "source_type": "profile", "image": {"picURL": "https://www.personality-database.com/images/profile_transparent.png"}, "join_to_post": false, "can_pin": false}], "subcategory": "Snotgirl", "topic_image_url": "https://static1.personality-database.com/profile_images/f0d9e8e89bab4c0a966910129a493133.png", "source_location": {"cid": 9, "pid": 2, "sub_cat_id": 7923}, "can_post_image": false, "can_post_audio": false, "posts": {"posts": []}}}}