{"id": 111612, "mbti_profile": "Maluquinho", "profile_name_searchable": "maluquinho", "allow_commenting": true, "allow_voting": true, "user_id": 13035, "contributor": "gabscollaco", "contributor_create_date": "2020-03-28 22:25:41", "contributor_pic_path": "https://lh3.googleusercontent.com/a-/AOh14GjiU-oGe8_xXyhY8UVgq9aGnhkYViG_2Ui5abWBSgs=s96-c", "display_order": 1000, "edit_lock": 0, "edit_lock_picture": 0, "is_active": true, "is_approved": true, "mbti_enneagram_type": "ENFP 4w3", "mbti_type": "ENFP 4w3", "pdb_comment_access": true, "pdb_page_owner": 0, "pdb_public_access": true, "wiki_description": "", "watch_count": 9, "comment_count": 9, "vote_count": 22, "vote_count_enneagram": 9, "vote_count_mbti": 22, "total_vote_counts": 41, "personality_type": "ENFP - 4w3 - so/sx - 478 - EIE - Sanguine [Dominant]", "type_updated_date": "2021-07-17 04:59:34", "enneagram_vote": "", "enneagram_vote_id": 0, "mbti_vote": "", "mbti_vote_id": 0, "is_watching": false, "image_exists": false, "profile_image_url": "https://static1.personality-database.com/profile_images/81021fb253014f22a01fbd784228dd2f.png", "profile_image_credit": "", "profile_image_credit_id": 356319, "profile_image_credit_type": "0", "profile_image_credit_url": "", "alt_subcategory": "", "related_subcategories": "", "cat_id": 9, "category": "Comics", "category_is_fictional": true, "sub_cat_id": 8163, "subcategory": "O Menino Maluquinho", "subcat_link_info": {"sub_cat_id": 8163, "cat_id": 9, "property_id": 2, "subcategory": "O Menino Maluquinho"}, "related_subcat_link_info": null, "related_profiles": [{"id": 340239, "mbti_profile": "Nina", "subcategory": "O Menino Maluquinho", "profile_image_url": "", "profile_name": "Nina", "profile_subcat": "O Menino Maluquinho", "sub_cat_id": 8163, "cat_id": 9, "property_id": 2, "mbti": "ENTP", "enneatype": "7w8"}, {"id": 111614, "mbti_profile": "Boc\u00e3o", "subcategory": "O Menino Maluquinho", "profile_image_url": "https://static1.personality-database.com/profile_images/fef23f163f794069a4b0040988968933.png", "profile_name": "Boc\u00e3o", "profile_subcat": "O Menino Maluquinho", "sub_cat_id": 8163, "cat_id": 9, "property_id": 2, "mbti": "ESFP", "enneatype": "2w1"}, {"id": 340240, "mbti_profile": "L\u00facio", "subcategory": "O Menino Maluquinho", "profile_image_url": "", "profile_name": "L\u00facio", "profile_subcat": "O Menino Maluquinho", "sub_cat_id": 8163, "cat_id": 9, "property_id": 2, "mbti": "INFJ", "enneatype": "5w4"}, {"id": 111613, "mbti_profile": "Julieta", "subcategory": "O Menino Maluquinho", "profile_image_url": "https://static1.personality-database.com/profile_images/7eabd96fbc8d472ab955be2575cc61b1.png", "profile_name": "Julieta", "profile_subcat": "O Menino Maluquinho", "sub_cat_id": 8163, "cat_id": 9, "property_id": 2, "mbti": "ENFP", "enneatype": "3w4"}, {"id": 340236, "mbti_profile": "Carolina", "subcategory": "O Menino Maluquinho", "profile_image_url": "", "profile_name": "Carolina", "profile_subcat": "O Menino Maluquinho", "sub_cat_id": 8163, "cat_id": 9, "property_id": 2, "mbti": "INFP", "enneatype": "9w8"}, {"id": 111615, "mbti_profile": "Junim", "subcategory": "O Menino Maluquinho", "profile_image_url": "https://static1.personality-database.com/profile_images/f841dcdbcdab49ae9115a0ec8cc4f80f.png", "profile_name": "Junim", "profile_subcat": "O Menino Maluquinho", "sub_cat_id": 8163, "cat_id": 9, "property_id": 2, "mbti": "ENTJ", "enneatype": "8w9"}, {"id": 340237, "mbti_profile": "Shirley Val\u00e9ria", "subcategory": "O Menino Maluquinho", "profile_image_url": "", "profile_name": "Shirley Val\u00e9ria", "profile_subcat": "O Menino Maluquinho", "sub_cat_id": 8163, "cat_id": 9, "property_id": 2, "mbti": "ESFJ", "enneatype": "3w2"}, {"id": 340238, "mbti_profile": "Herman", "subcategory": "O Menino Maluquinho", "profile_image_url": "", "profile_name": "Herman", "profile_subcat": "O Menino Maluquinho", "sub_cat_id": 8163, "cat_id": 9, "property_id": 2, "mbti": "ESTP", "enneatype": "3w4"}], "functions": ["Ne", "Fi", "Te", "Si"], "systems": [{"hex_color": "#888888", "id": 1, "personality_type": "XXXX", "personality_type_id": 0, "system_name": "Four Letter", "system_vote_count": 22, "user_vote_type_id": 0, "vote_id": 0}, {"hex_color": "#006775", "id": 2, "personality_type": "XXXX", "personality_type_id": 0, "system_name": "Enneagram", "system_vote_count": 8, "user_vote_type_id": 0, "vote_id": 0}, {"hex_color": "#006775", "id": 5, "personality_type": "XXXX", "personality_type_id": 0, "system_name": "Instinctual Variant", "system_vote_count": 2, "user_vote_type_id": 0, "vote_id": 0}, {"hex_color": "#006775", "id": 6, "personality_type": "XXXX", "personality_type_id": 0, "system_name": "Tritype", "system_vote_count": 4, "user_vote_type_id": 0, "vote_id": 0}, {"hex_color": "#888888", "id": 3, "personality_type": "XXXX", "personality_type_id": 0, "system_name": "Socionics", "system_vote_count": 1, "user_vote_type_id": 0, "vote_id": 0}, {"hex_color": "#888888", "id": 9, "personality_type": "XXXX", "personality_type_id": 0, "system_name": "Big 5 (SLOAN)", "system_vote_count": 0, "user_vote_type_id": 0, "vote_id": 0}, {"hex_color": "#888888", "id": 8, "personality_type": "XXXX", "personality_type_id": 0, "system_name": "Attitudinal Psyche", "system_vote_count": 0, "user_vote_type_id": 0, "vote_id": 0}, {"hex_color": "#888888", "id": 7, "personality_type": "XXXX", "personality_type_id": 0, "system_name": "Temperaments", "system_vote_count": 2, "user_vote_type_id": 0, "vote_id": 0}, {"hex_color": "#888888", "id": 11, "personality_type": "XXXX", "personality_type_id": 0, "system_name": "Classic Jungian", "system_vote_count": 0, "user_vote_type_id": 0, "vote_id": 0}], "breakdown_systems": {"1": [{"myValue": "ENFP", "personality_system_id": 1, "personality_type": "ENFP", "theCount": 14}, {"myValue": "ENTP", "personality_system_id": 1, "personality_type": "ENTP", "theCount": 7}, {"myValue": "ESTP", "personality_system_id": 1, "personality_type": "ESTP", "theCount": 1}], "11": [{"myValue": "XXXX", "personality_system_id": 0, "personality_type": "XXXX", "theCount": 0}], "2": [{"myValue": "4w3", "personality_system_id": 2, "personality_type": "4w3", "theCount": 5}, {"myValue": "7w6", "personality_system_id": 2, "personality_type": "7w6", "theCount": 2}, {"myValue": "6w7", "personality_system_id": 2, "personality_type": "6w7", "theCount": 1}], "3": [{"myValue": "EIE", "personality_system_id": 3, "personality_type": "EIE", "theCount": 1}], "4": [{"myValue": "Chaotic Good", "personality_system_id": 4, "personality_type": "Chaotic Good", "theCount": 2}], "5": [{"myValue": "so/sx", "personality_system_id": 5, "personality_type": "so/sx", "theCount": 2}], "6": [{"myValue": "478", "personality_system_id": 6, "personality_type": "478", "theCount": 3}, {"myValue": "748", "personality_system_id": 6, "personality_type": "748", "theCount": 1}], "7": [{"myValue": "Sanguine [Dominant]", "personality_system_id": 7, "personality_type": "Sanguine [Dominant]", "theCount": 2}], "8": [{"myValue": "XXXX", "personality_system_id": 0, "personality_type": "XXXX", "theCount": 0}], "9": [{"myValue": "XXXX", "personality_system_id": 0, "personality_type": "XXXX", "theCount": 0}]}, "breakdown_config": {"expand": {"1": 3, "11": 1, "2": 3, "3": 1, "4": 1, "5": 1, "6": 1, "7": 1, "8": 1, "9": 1}, "fire": {"1": 0, "11": 0, "2": 0, "3": 0, "4": 0, "5": 0, "6": 0, "7": 0, "8": 0, "9": 0}}, "mbti_letter_stats": [{"type": "E", "percentage": "100%", "PercentageFloat": 1}, {"type": "N", "percentage": "95%", "PercentageFloat": 0.9545454545454546}, {"type": "F", "percentage": "64%", "PercentageFloat": 0.6363636363636364}, {"type": "P", "percentage": "100%", "PercentageFloat": 1}], "topic_info": {"can_generate": false, "topic": {"description": "", "follow_count": 0, "id": 88612, "is_following": false, "is_join_pending": false, "is_banned": false, "is_moderated": false, "name_readable": "Maluquinho", "post_count": 0, "source_profile_id": 111612, "source_type": "profile", "join_to_post": false, "can_pin": false, "related_topics": [{"description": "", "follow_count": 0, "id": 88612, "is_following": false, "is_join_pending": false, "is_banned": false, "is_moderated": false, "name_readable": "Maluquinho", "post_count": 0, "source_profile_id": 111612, "source_type": "profile", "image": {"picURL": "https://static1.personality-database.com/profile_images/81021fb253014f22a01fbd784228dd2f.png"}, "join_to_post": false, "can_pin": false}, {"description": "", "follow_count": 0, "id": 88613, "is_following": false, "is_join_pending": false, "is_banned": false, "is_moderated": false, "name_readable": "Julieta", "post_count": 0, "source_profile_id": 111613, "source_type": "profile", "image": {"picURL": "https://static1.personality-database.com/profile_images/7eabd96fbc8d472ab955be2575cc61b1.png"}, "join_to_post": false, "can_pin": false}, {"description": "", "follow_count": 0, "id": 88614, "is_following": false, "is_join_pending": false, "is_banned": false, "is_moderated": false, "name_readable": "Boc\u00e3o", "post_count": 0, "source_profile_id": 111614, "source_type": "profile", "image": {"picURL": "https://static1.personality-database.com/profile_images/fef23f163f794069a4b0040988968933.png"}, "join_to_post": false, "can_pin": false}, {"description": "", "follow_count": 0, "id": 88615, "is_following": false, "is_join_pending": false, "is_banned": false, "is_moderated": false, "name_readable": "Junim", "post_count": 0, "source_profile_id": 111615, "source_type": "profile", "image": {"picURL": "https://static1.personality-database.com/profile_images/f841dcdbcdab49ae9115a0ec8cc4f80f.png"}, "join_to_post": false, "can_pin": false}, {"description": "", "follow_count": 0, "id": 261767, "is_following": false, "is_join_pending": false, "is_banned": false, "is_moderated": false, "name_readable": "Carolina", "post_count": 0, "source_profile_id": 340236, "source_type": "profile", "image": {"picURL": "https://www.personality-database.com/images/profile_transparent.png"}, "join_to_post": false, "can_pin": false}, {"description": "", "follow_count": 0, "id": 261768, "is_following": false, "is_join_pending": false, "is_banned": false, "is_moderated": false, "name_readable": "Shirley Val\u00e9ria", "post_count": 0, "source_profile_id": 340237, "source_type": "profile", "image": {"picURL": "https://www.personality-database.com/images/profile_transparent.png"}, "join_to_post": false, "can_pin": false}, {"description": "", "follow_count": 0, "id": 261769, "is_following": false, "is_join_pending": false, "is_banned": false, "is_moderated": false, "name_readable": "Herman", "post_count": 0, "source_profile_id": 340238, "source_type": "profile", "image": {"picURL": "https://www.personality-database.com/images/profile_transparent.png"}, "join_to_post": false, "can_pin": false}, {"description": "", "follow_count": 0, "id": 261770, "is_following": false, "is_join_pending": false, "is_banned": false, "is_moderated": false, "name_readable": "Nina", "post_count": 0, "source_profile_id": 340239, "source_type": "profile", "image": {"picURL": "https://www.personality-database.com/images/profile_transparent.png"}, "join_to_post": false, "can_pin": false}, {"description": "", "follow_count": 0, "id": 261771, "is_following": false, "is_join_pending": false, "is_banned": false, "is_moderated": false, "name_readable": "L\u00facio", "post_count": 0, "source_profile_id": 340240, "source_type": "profile", "image": {"picURL": "https://www.personality-database.com/images/profile_transparent.png"}, "join_to_post": false, "can_pin": false}, {"description": "", "follow_count": 0, "id": 261772, "is_following": false, "is_join_pending": false, "is_banned": false, "is_moderated": false, "name_readable": "Pagu", "post_count": 0, "source_profile_id": 340241, "source_type": "profile", "image": {"picURL": "https://www.personality-database.com/images/profile_transparent.png"}, "join_to_post": false, "can_pin": false}, {"description": "", "follow_count": 0, "id": 261773, "is_following": false, "is_join_pending": false, "is_banned": false, "is_moderated": false, "name_readable": "Renata", "post_count": 0, "source_profile_id": 340242, "source_type": "profile", "image": {"picURL": "https://www.personality-database.com/images/profile_transparent.png"}, "join_to_post": false, "can_pin": false}], "subcategory": "O Menino Maluquinho", "topic_image_url": "https://static1.personality-database.com/profile_images/81021fb253014f22a01fbd784228dd2f.png", "source_location": {"cid": 9, "pid": 2, "sub_cat_id": 8163}, "can_post_image": false, "can_post_audio": false, "posts": {"posts": []}}}}