{"id": 120879, "mbti_profile": "Honey the Cat", "profile_name_searchable": "honeythecat", "allow_commenting": true, "allow_voting": true, "user_id": 0, "contributor": "the nameless", "contributor_create_date": "2020-04-16 23:13:31", "contributor_pic_path": "https://www.personality-database.com/images/profile_transparent.png", "display_order": 0, "edit_lock": 0, "edit_lock_picture": 0, "is_active": true, "is_approved": true, "mbti_enneagram_type": "ENTP 6w5", "mbti_type": "ENTP 6w5", "pdb_comment_access": true, "pdb_page_owner": 0, "pdb_public_access": true, "wiki_description": "", "watch_count": 17, "comment_count": 0, "vote_count": 11, "vote_count_enneagram": 7, "vote_count_mbti": 11, "total_vote_counts": 23, "personality_type": "ENTP - 6w5 - so/sx - 648 - IEE - SLOAI - EVLF - Sanguine-Choleric", "type_updated_date": "2021-07-06 05:05:56", "enneagram_vote": "", "enneagram_vote_id": 0, "mbti_vote": "", "mbti_vote_id": 0, "is_watching": false, "image_exists": false, "profile_image_url": "https://static1.personality-database.com/profile_images/a00b6585a8e745ea90db3b351d9cfd95.png", "profile_image_credit": "", "profile_image_credit_id": 56623, "profile_image_credit_type": "0", "profile_image_credit_url": "", "alt_subcategory": "", "related_subcategories": "", "cat_id": 9, "category": "Comics", "category_is_fictional": true, "sub_cat_id": 12732, "subcategory": "Archie Comics' Sonic the Hedgehog (1993-2017)", "subcat_link_info": {"sub_cat_id": 12732, "cat_id": 9, "property_id": 2, "subcategory": "Archie Comics' Sonic the Hedgehog (1993-2017)"}, "related_subcat_link_info": null, "related_profiles": [{"id": 194872, "mbti_profile": "Scourge the Hedgehog", "subcategory": "Archie Comics' Sonic the Hedgehog (1993-2017)", "profile_image_url": "https://static1.personality-database.com/profile_images/4109aa12e74242ac889708fc379cf797.png", "profile_name": "Scourge the Hedgehog", "profile_subcat": "Archie Comics' Sonic the Hedgehog (1993-2017)", "sub_cat_id": 12732, "cat_id": 9, "property_id": 2, "mbti": "ESTP", "enneatype": "8w7"}, {"id": 493742, "mbti_profile": "Miles Prower / Anti-Tails", "subcategory": "Archie Comics' Sonic the Hedgehog (1993-2017)", "profile_image_url": "https://static1.personality-database.com/profile_images/ee2851de56944f1a95ef1be8064043b4.png", "profile_name": "Miles Prower / Anti-Tails", "profile_subcat": "Archie Comics' Sonic the Hedgehog (1993-2017)", "sub_cat_id": 12732, "cat_id": 9, "property_id": 2, "mbti": "INTJ", "enneatype": "5w6"}, {"id": 195688, "mbti_profile": "Shadow the Hedgehog", "subcategory": "Archie Comics' Sonic the Hedgehog (1993-2017)", "profile_image_url": "https://static1.personality-database.com/profile_images/03028a49e04043939c10b72c2c7761d8.png", "profile_name": "Shadow the Hedgehog", "profile_subcat": "Archie Comics' Sonic the Hedgehog (1993-2017)", "sub_cat_id": 12732, "cat_id": 9, "property_id": 2, "mbti": "INTJ", "enneatype": "5w4"}, {"id": 196703, "mbti_profile": "Metal Sonic v3.0", "subcategory": "Archie Comics' Sonic the Hedgehog (1993-2017)", "profile_image_url": "https://static1.personality-database.com/profile_images/c9b8d3912a664d0bbe3b6d9a02fc559b.png", "profile_name": "Metal Sonic v3.0", "profile_subcat": "Archie Comics' Sonic the Hedgehog (1993-2017)", "sub_cat_id": 12732, "cat_id": 9, "property_id": 2, "mbti": "INTJ", "enneatype": "3w4"}, {"id": 195157, "mbti_profile": "NICOLE the Holo-Lynx", "subcategory": "Archie Comics' Sonic the Hedgehog (1993-2017)", "profile_image_url": "https://static1.personality-database.com/profile_images/fd059883d222494791220e1e9db6c244.png", "profile_name": "NICOLE the Holo-Lynx", "profile_subcat": "Archie Comics' Sonic the Hedgehog (1993-2017)", "sub_cat_id": 12732, "cat_id": 9, "property_id": 2, "mbti": "INFJ", "enneatype": "4w5"}, {"id": 196312, "mbti_profile": "Rouge the Bat", "subcategory": "Archie Comics' Sonic the Hedgehog (1993-2017)", "profile_image_url": "https://static1.personality-database.com/profile_images/cf4a860a65d2468dbec06f874ddacc53.png", "profile_name": "Rouge the Bat", "profile_subcat": "Archie Comics' Sonic the Hedgehog (1993-2017)", "sub_cat_id": 12732, "cat_id": 9, "property_id": 2, "mbti": "ESTP", "enneatype": "3w4"}, {"id": 195067, "mbti_profile": "Dr. Finitevus", "subcategory": "Archie Comics' Sonic the Hedgehog (1993-2017)", "profile_image_url": "https://static1.personality-database.com/profile_images/192c8547fb1f4f50ab8d812dee7b5e7c.png", "profile_name": "Dr. Finitevus", "profile_subcat": "Archie Comics' Sonic the Hedgehog (1993-2017)", "sub_cat_id": 12732, "cat_id": 9, "property_id": 2, "mbti": "INTJ", "enneatype": "8w9"}, {"id": 195709, "mbti_profile": "Bark the Polar Bear", "subcategory": "Archie Comics' Sonic the Hedgehog (1993-2017)", "profile_image_url": "https://static1.personality-database.com/profile_images/e73959b156a54a25a0884f8b68c4574c.png", "profile_name": "Bark the Polar Bear", "profile_subcat": "Archie Comics' Sonic the Hedgehog (1993-2017)", "sub_cat_id": 12732, "cat_id": 9, "property_id": 2, "mbti": "ISTJ", "enneatype": "1w9"}], "functions": ["Ne", "Ti", "Fe", "Si"], "systems": [{"hex_color": "#888888", "id": 1, "personality_type": "XXXX", "personality_type_id": 0, "system_name": "Four Letter", "system_vote_count": 10, "user_vote_type_id": 0, "vote_id": 0}, {"hex_color": "#006775", "id": 2, "personality_type": "XXXX", "personality_type_id": 0, "system_name": "Enneagram", "system_vote_count": 6, "user_vote_type_id": 0, "vote_id": 0}, {"hex_color": "#006775", "id": 5, "personality_type": "XXXX", "personality_type_id": 0, "system_name": "Instinctual Variant", "system_vote_count": 1, "user_vote_type_id": 0, "vote_id": 0}, {"hex_color": "#006775", "id": 6, "personality_type": "XXXX", "personality_type_id": 0, "system_name": "Tritype", "system_vote_count": 1, "user_vote_type_id": 0, "vote_id": 0}, {"hex_color": "#888888", "id": 3, "personality_type": "XXXX", "personality_type_id": 0, "system_name": "Socionics", "system_vote_count": 1, "user_vote_type_id": 0, "vote_id": 0}, {"hex_color": "#888888", "id": 9, "personality_type": "XXXX", "personality_type_id": 0, "system_name": "Big 5 (SLOAN)", "system_vote_count": 1, "user_vote_type_id": 0, "vote_id": 0}, {"hex_color": "#888888", "id": 8, "personality_type": "XXXX", "personality_type_id": 0, "system_name": "Attitudinal Psyche", "system_vote_count": 1, "user_vote_type_id": 0, "vote_id": 0}, {"hex_color": "#888888", "id": 7, "personality_type": "XXXX", "personality_type_id": 0, "system_name": "Temperaments", "system_vote_count": 1, "user_vote_type_id": 0, "vote_id": 0}, {"hex_color": "#888888", "id": 11, "personality_type": "XXXX", "personality_type_id": 0, "system_name": "Classic Jungian", "system_vote_count": 0, "user_vote_type_id": 0, "vote_id": 0}], "breakdown_systems": {"1": [{"myValue": "ENTP", "personality_system_id": 1, "personality_type": "ENTP", "theCount": 7}, {"myValue": "INTP", "personality_system_id": 1, "personality_type": "INTP", "theCount": 2}, {"myValue": "ENFJ", "personality_system_id": 1, "personality_type": "ENFJ", "theCount": 1}], "11": [{"myValue": "XXXX", "personality_system_id": 0, "personality_type": "XXXX", "theCount": 0}], "2": [{"myValue": "6w5", "personality_system_id": 2, "personality_type": "6w5", "theCount": 4}, {"myValue": "3w2", "personality_system_id": 2, "personality_type": "3w2", "theCount": 2}], "3": [{"myValue": "IEE", "personality_system_id": 3, "personality_type": "IEE", "theCount": 1}], "4": [{"myValue": "Chaotic Good", "personality_system_id": 4, "personality_type": "Chaotic Good", "theCount": 1}], "5": [{"myValue": "so/sx", "personality_system_id": 5, "personality_type": "so/sx", "theCount": 1}], "6": [{"myValue": "648", "personality_system_id": 6, "personality_type": "648", "theCount": 1}], "7": [{"myValue": "Sanguine-Choleric", "personality_system_id": 7, "personality_type": "Sanguine-Choleric", "theCount": 1}], "8": [{"myValue": "EVLF", "personality_system_id": 8, "personality_type": "EVLF", "theCount": 1}], "9": [{"myValue": "SLOAI", "personality_system_id": 9, "personality_type": "SLOAI", "theCount": 1}]}, "breakdown_config": {"expand": {"1": 3, "11": 1, "2": 3, "3": 1, "4": 1, "5": 1, "6": 1, "7": 1, "8": 1, "9": 1}, "fire": {"1": 0, "11": 0, "2": 0, "3": 0, "4": 0, "5": 0, "6": 0, "7": 0, "8": 0, "9": 0}}, "mbti_letter_stats": [{"type": "E", "percentage": "80%", "PercentageFloat": 0.8}, {"type": "N", "percentage": "100%", "PercentageFloat": 1}, {"type": "T", "percentage": "90%", "PercentageFloat": 0.9}, {"type": "P", "percentage": "90%", "PercentageFloat": 0.9}], "topic_info": {"can_generate": false, "topic": {"description": "", "follow_count": 0, "id": 94928, "is_following": false, "is_join_pending": false, "is_banned": false, "is_moderated": false, "name_readable": "Honey the Cat", "post_count": 0, "source_profile_id": 120879, "source_type": "profile", "join_to_post": false, "can_pin": false, "related_topics": [{"description": "", "follow_count": 0, "id": 154058, "is_following": false, "is_join_pending": false, "is_banned": false, "is_moderated": false, "name_readable": "Sleuth \u201cDoggy\u201d Dawg", "post_count": 1, "source_profile_id": 199297, "source_type": "profile", "image": {"picURL": "https://static1.personality-database.com/profile_images/5c3d7ee6179348c588f07e51be5cb2cb.png"}, "join_to_post": false, "can_pin": false}, {"description": "", "follow_count": 0, "id": 151665, "is_following": false, "is_join_pending": false, "is_banned": false, "is_moderated": false, "name_readable": "Blaze the Cat", "post_count": 1, "source_profile_id": 196325, "source_type": "profile", "image": {"picURL": "https://static1.personality-database.com/profile_images/b9b908c32d84421489cfcfa7f183efa9.png"}, "join_to_post": false, "can_pin": false}, {"description": "", "follow_count": 0, "id": 151662, "is_following": false, "is_join_pending": false, "is_banned": false, "is_moderated": false, "name_readable": "Jet the Hawk", "post_count": 0, "source_profile_id": 196321, "source_type": "profile", "image": {"picURL": "https://static1.personality-database.com/profile_images/e1f0d3b5646c437dbeceae0020091cd5.png"}, "join_to_post": false, "can_pin": false}, {"description": "", "follow_count": 0, "id": 151644, "is_following": false, "is_join_pending": false, "is_banned": false, "is_moderated": false, "name_readable": "Ray the Flying Squirrel", "post_count": 0, "source_profile_id": 196302, "source_type": "profile", "image": {"picURL": "https://static1.personality-database.com/profile_images/658eb5083318427482dfe09a3db033e4.png"}, "join_to_post": false, "can_pin": false}, {"description": "", "follow_count": 0, "id": 151645, "is_following": false, "is_join_pending": false, "is_banned": false, "is_moderated": false, "name_readable": "Matilda the Armadillo", "post_count": 0, "source_profile_id": 196303, "source_type": "profile", "image": {"picURL": "https://static1.personality-database.com/profile_images/f86da7c584e944fdbd11b28ad69bd05b.png"}, "join_to_post": false, "can_pin": false}, {"description": "", "follow_count": 0, "id": 151646, "is_following": false, "is_join_pending": false, "is_banned": false, "is_moderated": false, "name_readable": "Jack Rabbit", "post_count": 0, "source_profile_id": 196304, "source_type": "profile", "image": {"picURL": "https://static1.personality-database.com/profile_images/735684c718bd4e04b6e5156ba5832fc9.png"}, "join_to_post": false, "can_pin": false}, {"description": "", "follow_count": 0, "id": 151654, "is_following": false, "is_join_pending": false, "is_banned": false, "is_moderated": false, "name_readable": "Rouge the Bat", "post_count": 0, "source_profile_id": 196312, "source_type": "profile", "image": {"picURL": "https://static1.personality-database.com/profile_images/cf4a860a65d2468dbec06f874ddacc53.png"}, "join_to_post": false, "can_pin": false}, {"description": "", "follow_count": 0, "id": 151655, "is_following": false, "is_join_pending": false, "is_banned": false, "is_moderated": false, "name_readable": "E-123 Omega", "post_count": 0, "source_profile_id": 196313, "source_type": "profile", "image": {"picURL": "https://static1.personality-database.com/profile_images/2a42fb5438824065919041411db2941d.png"}, "join_to_post": false, "can_pin": false}, {"description": "", "follow_count": 0, "id": 151656, "is_following": false, "is_join_pending": false, "is_banned": false, "is_moderated": false, "name_readable": "Commander Abraham Tower", "post_count": 0, "source_profile_id": 196314, "source_type": "profile", "image": {"picURL": "https://static1.personality-database.com/profile_images/cc174f35177c4cf0b4c6b9205b32634f.png"}, "join_to_post": false, "can_pin": false}, {"description": "", "follow_count": 0, "id": 151671, "is_following": false, "is_join_pending": false, "is_banned": false, "is_moderated": false, "name_readable": "Grand Battle Kukku XV", "post_count": 0, "source_profile_id": 196333, "source_type": "profile", "image": {"picURL": "https://static1.personality-database.com/profile_images/7dd9f8783b334b69a6c5cea84cc864ad.png"}, "join_to_post": false, "can_pin": false}, {"description": "", "follow_count": 0, "id": 151677, "is_following": false, "is_join_pending": false, "is_banned": false, "is_moderated": false, "name_readable": "T-Pup", "post_count": 0, "source_profile_id": 196340, "source_type": "profile", "image": {"picURL": "https://static1.personality-database.com/profile_images/6e9d99bcedd946eba3a26d4f13e9ae9d.png"}, "join_to_post": false, "can_pin": false}, {"description": "", "follow_count": 0, "id": 151676, "is_following": false, "is_join_pending": false, "is_banned": false, "is_moderated": false, "name_readable": "Dr. Fukurokov", "post_count": 0, "source_profile_id": 196339, "source_type": "profile", "image": {"picURL": "https://static1.personality-database.com/profile_images/5388da88f6c64682b81ed4e530e2abc9.png"}, "join_to_post": false, "can_pin": false}, {"description": "", "follow_count": 0, "id": 151672, "is_following": false, "is_join_pending": false, "is_banned": false, "is_moderated": false, "name_readable": "Speedy", "post_count": 0, "source_profile_id": 196334, "source_type": "profile", "image": {"picURL": "https://static1.personality-database.com/profile_images/d69417b1a2d44cf3b07c292017c052a1.png"}, "join_to_post": false, "can_pin": false}, {"description": "", "follow_count": 0, "id": 151663, "is_following": false, "is_join_pending": false, "is_banned": false, "is_moderated": false, "name_readable": "Wave the Swallow", "post_count": 0, "source_profile_id": 196322, "source_type": "profile", "image": {"picURL": "https://static1.personality-database.com/profile_images/2a4d6ff4c0ea434e8264983f65ed66d0.png"}, "join_to_post": false, "can_pin": false}, {"description": "", "follow_count": 0, "id": 151643, "is_following": false, "is_join_pending": false, "is_banned": false, "is_moderated": false, "name_readable": "Mighty the Armadillo", "post_count": 0, "source_profile_id": 196301, "source_type": "profile", "image": {"picURL": "https://static1.personality-database.com/profile_images/95e5cddf9ffc42f9b88d4d90a673359b.png"}, "join_to_post": false, "can_pin": false}, {"description": "", "follow_count": 0, "id": 151657, "is_following": false, "is_join_pending": false, "is_banned": false, "is_moderated": false, "name_readable": "Marine the Raccoon", "post_count": 0, "source_profile_id": 196315, "source_type": "profile", "image": {"picURL": "https://static1.personality-database.com/profile_images/2a9a105d2c5540d6b00e4c52874f98ef.png"}, "join_to_post": false, "can_pin": false}], "subcategory": "Archie Comics' Sonic the Hedgehog (1993-2017)", "topic_image_url": "https://static1.personality-database.com/profile_images/a00b6585a8e745ea90db3b351d9cfd95.png", "source_location": {"cid": 9, "pid": 2, "sub_cat_id": 12732}, "can_post_image": false, "can_post_audio": false, "posts": {"posts": []}}}}