{"id": 122622, "mbti_profile": "Tangle the Lemur", "profile_name_searchable": "tanglethelemur", "allow_commenting": true, "allow_voting": true, "user_id": 34539, "contributor": "poddostarline", "contributor_create_date": "2020-04-20 06:39:18", "contributor_pic_path": "https://lh3.googleusercontent.com/a-/AOh14GiTh0Y7bxER3zwt_RjBpZkA9dLpA0bbKHfURVmD=s96-c", "display_order": 0, "edit_lock": 0, "edit_lock_picture": 0, "is_active": true, "is_approved": true, "mbti_enneagram_type": "ESFP 7w6", "mbti_type": "ESFP 7w6", "pdb_comment_access": true, "pdb_page_owner": 0, "pdb_public_access": true, "wiki_description": "", "watch_count": 17, "comment_count": 2, "vote_count": 12, "vote_count_enneagram": 6, "vote_count_mbti": 12, "total_vote_counts": 23, "personality_type": "ESFP - 7w6 - 729 - ESE - Sanguine [Dominant]", "type_updated_date": "2021-09-28 05:19:54", "enneagram_vote": "", "enneagram_vote_id": 0, "mbti_vote": "", "mbti_vote_id": 0, "is_watching": false, "image_exists": false, "profile_image_url": "https://static1.personality-database.com/profile_images/e03258b3dbcf4e8eb43f5e37e8ddc7cb.png", "profile_image_credit": "", "profile_image_credit_id": 451486, "profile_image_credit_type": "0", "profile_image_credit_url": "", "alt_subcategory": "", "related_subcategories": "", "cat_id": 9, "category": "Comics", "category_is_fictional": true, "sub_cat_id": 16974, "subcategory": "Sonic the Hedgehog (IDW Publishing)", "subcat_link_info": {"sub_cat_id": 16974, "cat_id": 9, "property_id": 2, "subcategory": "Sonic the Hedgehog (IDW Publishing)"}, "related_subcat_link_info": null, "related_profiles": [{"id": 430296, "mbti_profile": "Surge the Tenrec", "subcategory": "Sonic the Hedgehog (IDW Publishing)", "profile_image_url": "https://static1.personality-database.com/profile_images/44a5b9e9deba4e42a573439a2adc1c23.png", "profile_name": "Surge the Tenrec", "profile_subcat": "Sonic the Hedgehog (IDW Publishing)", "sub_cat_id": 16974, "cat_id": 9, "property_id": 2, "mbti": "", "enneatype": "8w7"}, {"id": 124835, "mbti_profile": "Whisper the Wolf", "subcategory": "Sonic the Hedgehog (IDW Publishing)", "profile_image_url": "https://static1.personality-database.com/profile_images/44214146d207436ba4420afcd5dbbdb0.png", "profile_name": "Whisper the Wolf", "profile_subcat": "Sonic the Hedgehog (IDW Publishing)", "sub_cat_id": 16974, "cat_id": 9, "property_id": 2, "mbti": "INFP", "enneatype": "6w5"}, {"id": 270318, "mbti_profile": "Sonic the Hedgehog", "subcategory": "Sonic the Hedgehog (IDW Publishing)", "profile_image_url": "https://static1.personality-database.com/profile_images/9e8d983f9f2542b298a058a1bd483740.png", "profile_name": "Sonic the Hedgehog", "profile_subcat": "Sonic the Hedgehog (IDW Publishing)", "sub_cat_id": 16974, "cat_id": 9, "property_id": 2, "mbti": "ESTP", "enneatype": "7w8"}, {"id": 108534, "mbti_profile": "Dr. Starline", "subcategory": "Sonic the Hedgehog (IDW Publishing)", "profile_image_url": "https://static1.personality-database.com/profile_images/2a00a9b58f9c4854bce999d358980c03.png", "profile_name": "Dr. Starline", "profile_subcat": "Sonic the Hedgehog (IDW Publishing)", "sub_cat_id": 16974, "cat_id": 9, "property_id": 2, "mbti": "INTJ", "enneatype": "5w6"}, {"id": 270332, "mbti_profile": "Belle the Tinkerer", "subcategory": "Sonic the Hedgehog (IDW Publishing)", "profile_image_url": "https://static1.personality-database.com/profile_images/8bdf1b3ded0d41fe8c504742df06ab73.png", "profile_name": "Belle the Tinkerer", "profile_subcat": "Sonic the Hedgehog (IDW Publishing)", "sub_cat_id": 16974, "cat_id": 9, "property_id": 2, "mbti": "ISFJ", "enneatype": "2w1"}, {"id": 270328, "mbti_profile": "Blaze the Cat", "subcategory": "Sonic the Hedgehog (IDW Publishing)", "profile_image_url": "https://static1.personality-database.com/profile_images/b469ba2213c94a1291c8f9f7aa35276e.png", "profile_name": "Blaze the Cat", "profile_subcat": "Sonic the Hedgehog (IDW Publishing)", "sub_cat_id": 16974, "cat_id": 9, "property_id": 2, "mbti": "ISTJ", "enneatype": "1w9"}, {"id": 270319, "mbti_profile": "Miles \"Tails\" Prower", "subcategory": "Sonic the Hedgehog (IDW Publishing)", "profile_image_url": "https://static1.personality-database.com/profile_images/441a49c3ae77499bae39c7f60420301d.png", "profile_name": "Miles \"Tails\" Prower", "profile_subcat": "Sonic the Hedgehog (IDW Publishing)", "sub_cat_id": 16974, "cat_id": 9, "property_id": 2, "mbti": "INTP", "enneatype": "5w6"}, {"id": 270322, "mbti_profile": "Shadow the Hedgehog", "subcategory": "Sonic the Hedgehog (IDW Publishing)", "profile_image_url": "https://static1.personality-database.com/profile_images/bc40676222fe4f73a694b6ee96a631d3.png", "profile_name": "Shadow the Hedgehog", "profile_subcat": "Sonic the Hedgehog (IDW Publishing)", "sub_cat_id": 16974, "cat_id": 9, "property_id": 2, "mbti": "INTJ", "enneatype": "8w9"}], "functions": ["Se", "Fi", "Te", "Ni"], "systems": [{"hex_color": "#888888", "id": 1, "personality_type": "XXXX", "personality_type_id": 0, "system_name": "Four Letter", "system_vote_count": 12, "user_vote_type_id": 0, "vote_id": 0}, {"hex_color": "#006775", "id": 2, "personality_type": "XXXX", "personality_type_id": 0, "system_name": "Enneagram", "system_vote_count": 6, "user_vote_type_id": 0, "vote_id": 0}, {"hex_color": "#006775", "id": 5, "personality_type": "XXXX", "personality_type_id": 0, "system_name": "Instinctual Variant", "system_vote_count": 0, "user_vote_type_id": 0, "vote_id": 0}, {"hex_color": "#006775", "id": 6, "personality_type": "XXXX", "personality_type_id": 0, "system_name": "Tritype", "system_vote_count": 1, "user_vote_type_id": 0, "vote_id": 0}, {"hex_color": "#888888", "id": 3, "personality_type": "XXXX", "personality_type_id": 0, "system_name": "Socionics", "system_vote_count": 1, "user_vote_type_id": 0, "vote_id": 0}, {"hex_color": "#888888", "id": 9, "personality_type": "XXXX", "personality_type_id": 0, "system_name": "Big 5 (SLOAN)", "system_vote_count": 0, "user_vote_type_id": 0, "vote_id": 0}, {"hex_color": "#888888", "id": 8, "personality_type": "XXXX", "personality_type_id": 0, "system_name": "Attitudinal Psyche", "system_vote_count": 0, "user_vote_type_id": 0, "vote_id": 0}, {"hex_color": "#888888", "id": 7, "personality_type": "XXXX", "personality_type_id": 0, "system_name": "Temperaments", "system_vote_count": 2, "user_vote_type_id": 0, "vote_id": 0}, {"hex_color": "#888888", "id": 11, "personality_type": "XXXX", "personality_type_id": 0, "system_name": "Classic Jungian", "system_vote_count": 0, "user_vote_type_id": 0, "vote_id": 0}], "breakdown_systems": {"1": [{"myValue": "ESFP", "personality_system_id": 1, "personality_type": "ESFP", "theCount": 10}, {"myValue": "ENFP", "personality_system_id": 1, "personality_type": "ENFP", "theCount": 1}, {"myValue": "ESTP", "personality_system_id": 1, "personality_type": "ESTP", "theCount": 1}], "11": [{"myValue": "XXXX", "personality_system_id": 0, "personality_type": "XXXX", "theCount": 0}], "2": [{"myValue": "7w6", "personality_system_id": 2, "personality_type": "7w6", "theCount": 5}, {"myValue": "7w8", "personality_system_id": 2, "personality_type": "7w8", "theCount": 1}], "3": [{"myValue": "ESE", "personality_system_id": 3, "personality_type": "ESE", "theCount": 1}], "4": [{"myValue": "Chaotic Good", "personality_system_id": 4, "personality_type": "Chaotic Good", "theCount": 1}], "5": [{"myValue": "XXXX", "personality_system_id": 0, "personality_type": "XXXX", "theCount": 0}], "6": [{"myValue": "729", "personality_system_id": 6, "personality_type": "729", "theCount": 1}], "7": [{"myValue": "Sanguine [Dominant]", "personality_system_id": 7, "personality_type": "Sanguine [Dominant]", "theCount": 2}], "8": [{"myValue": "XXXX", "personality_system_id": 0, "personality_type": "XXXX", "theCount": 0}], "9": [{"myValue": "XXXX", "personality_system_id": 0, "personality_type": "XXXX", "theCount": 0}]}, "breakdown_config": {"expand": {"1": 3, "11": 1, "2": 3, "3": 1, "4": 1, "5": 1, "6": 1, "7": 1, "8": 1, "9": 1}, "fire": {"1": 0, "11": 0, "2": 0, "3": 0, "4": 0, "5": 0, "6": 0, "7": 0, "8": 0, "9": 0}}, "mbti_letter_stats": [{"type": "E", "percentage": "100%", "PercentageFloat": 1}, {"type": "S", "percentage": "92%", "PercentageFloat": 0.9166666666666666}, {"type": "F", "percentage": "92%", "PercentageFloat": 0.9166666666666666}, {"type": "P", "percentage": "100%", "PercentageFloat": 1}], "topic_info": {"can_generate": false, "topic": {"description": "", "follow_count": 0, "id": 96109, "is_following": false, "is_join_pending": false, "is_banned": false, "is_moderated": false, "name_readable": "Tangle the Lemur", "post_count": 0, "source_profile_id": 122622, "source_type": "profile", "join_to_post": false, "can_pin": false, "related_topics": [{"description": "Surge the Tenrec is a character that appears in the Sonic the Hedgehog comic series and its spin-offs published by IDW Publishing. She is a villainous anthropomorphic tenrec and the companion of Kitsunami the Fennec.", "follow_count": 0, "id": 328151, "is_following": false, "is_join_pending": false, "is_banned": false, "is_moderated": false, "name_readable": "Surge the Tenrec", "post_count": 1, "source_profile_id": 430296, "source_type": "profile", "image": {"picURL": "https://static1.personality-database.com/profile_images/44a5b9e9deba4e42a573439a2adc1c23.png"}, "join_to_post": false, "can_pin": false}, {"description": "", "follow_count": 0, "id": 207715, "is_following": false, "is_join_pending": false, "is_banned": false, "is_moderated": false, "name_readable": "Silver the Hedgehog", "post_count": 0, "source_profile_id": 270327, "source_type": "profile", "image": {"picURL": "https://static1.personality-database.com/profile_images/d2ee75b33eeb4fe387b3f1a2f79191cb.png"}, "join_to_post": false, "can_pin": false}, {"description": "Lanolin is a character that appears in the Sonic the Hedgehog comic series and its spin-offs published by IDW Publishing. She is an anthropomorphic sheep from Riverside and a member of the Restoration. She currently helps in the day-to-day operations at the Restoration's new HQ.", "follow_count": 0, "id": 344217, "is_following": false, "is_join_pending": false, "is_banned": false, "is_moderated": false, "name_readable": "Lanolin The Sheep", "post_count": 0, "source_profile_id": 598044, "source_type": "profile", "image": {"picURL": "https://static1.personality-database.com/profile_images/660dd89b5f124900989dea47db7f7246.png"}, "join_to_post": false, "can_pin": false}, {"description": "", "follow_count": 0, "id": 344629, "is_following": false, "is_join_pending": false, "is_banned": false, "is_moderated": false, "name_readable": "E-117 Sigma", "post_count": 0, "source_profile_id": 581240, "source_type": "profile", "image": {"picURL": "https://static1.personality-database.com/profile_images/0bea01c88cab4d559ed3937221259a49.png"}, "join_to_post": false, "can_pin": false}, {"description": "", "follow_count": 0, "id": 344216, "is_following": false, "is_join_pending": false, "is_banned": false, "is_moderated": false, "name_readable": "Mecha Sonic", "post_count": 0, "source_profile_id": 581239, "source_type": "profile", "image": {"picURL": "https://static1.personality-database.com/profile_images/060137413eb34bee8b8346573696d7eb.png"}, "join_to_post": false, "can_pin": false}, {"description": "Dr. Eggman's alter ego after he had severe amnesia.", "follow_count": 0, "id": 344218, "is_following": false, "is_join_pending": false, "is_banned": false, "is_moderated": false, "name_readable": "Mr. Tinker", "post_count": 0, "source_profile_id": 466950, "source_type": "profile", "image": {"picURL": "https://static1.personality-database.com/profile_images/f7dc163fba844eb896b8fee1406ca8d0.png"}, "join_to_post": false, "can_pin": false}, {"description": "Kitsunami the Fennec, or Kit for short, is a character that appears in the Sonic the Hedgehog comic series and its spin-offs published by IDW Publishing. He is a villainous anthropomorphic fennec fox and the companion of Surge the Tenrec.", "follow_count": 0, "id": 328143, "is_following": false, "is_join_pending": false, "is_banned": false, "is_moderated": false, "name_readable": "Kitsunami \"Kit\" the Fenrec", "post_count": 0, "source_profile_id": 430300, "source_type": "profile", "image": {"picURL": "https://static1.personality-database.com/profile_images/78b6ef8640054726965e1bc8fab26292.png"}, "join_to_post": false, "can_pin": false}, {"description": "", "follow_count": 0, "id": 207722, "is_following": false, "is_join_pending": false, "is_banned": false, "is_moderated": false, "name_readable": "Tumble the Skunk", "post_count": 0, "source_profile_id": 270334, "source_type": "profile", "image": {"picURL": "https://static1.personality-database.com/profile_images/38edbfd28cce42d6b8286e713d0be5bc.png"}, "join_to_post": false, "can_pin": false}, {"description": "", "follow_count": 0, "id": 207721, "is_following": false, "is_join_pending": false, "is_banned": false, "is_moderated": false, "name_readable": "Rough the Skunk", "post_count": 0, "source_profile_id": 270333, "source_type": "profile", "image": {"picURL": "https://static1.personality-database.com/profile_images/423997817f674d21bc763d894406563a.png"}, "join_to_post": false, "can_pin": false}, {"description": "", "follow_count": 0, "id": 207720, "is_following": false, "is_join_pending": false, "is_banned": false, "is_moderated": false, "name_readable": "Belle the Tinkerer", "post_count": 0, "source_profile_id": 270332, "source_type": "profile", "image": {"picURL": "https://static1.personality-database.com/profile_images/8bdf1b3ded0d41fe8c504742df06ab73.png"}, "join_to_post": false, "can_pin": false}, {"description": "", "follow_count": 0, "id": 207719, "is_following": false, "is_join_pending": false, "is_banned": false, "is_moderated": false, "name_readable": "Espio the Chameleon", "post_count": 0, "source_profile_id": 270331, "source_type": "profile", "image": {"picURL": "https://static1.personality-database.com/profile_images/7849dc614edf4025a6ab918cc1fa9767.png"}, "join_to_post": false, "can_pin": false}, {"description": "", "follow_count": 0, "id": 207718, "is_following": false, "is_join_pending": false, "is_banned": false, "is_moderated": false, "name_readable": "Charmy Bee", "post_count": 0, "source_profile_id": 270330, "source_type": "profile", "image": {"picURL": "https://static1.personality-database.com/profile_images/5fab38e8098e459a964f42aef6dee6e7.png"}, "join_to_post": false, "can_pin": false}, {"description": "", "follow_count": 0, "id": 207717, "is_following": false, "is_join_pending": false, "is_banned": false, "is_moderated": false, "name_readable": "Vector the Crocodile", "post_count": 0, "source_profile_id": 270329, "source_type": "profile", "image": {"picURL": "https://static1.personality-database.com/profile_images/a640094016534c2d87d1554b49677964.png"}, "join_to_post": false, "can_pin": false}, {"description": "", "follow_count": 0, "id": 207716, "is_following": false, "is_join_pending": false, "is_banned": false, "is_moderated": false, "name_readable": "Blaze the Cat", "post_count": 0, "source_profile_id": 270328, "source_type": "profile", "image": {"picURL": "https://static1.personality-database.com/profile_images/b469ba2213c94a1291c8f9f7aa35276e.png"}, "join_to_post": false, "can_pin": false}, {"description": "Doctor Starline is a character that appears in the Sonic the Hedgehog comic series and its spin-offs published by IDW Publishing. He is an anthropomorphic platypus and a shadowy scientist who is highly interested in Dr. Eggman and his work. He served as an apprentice to Eggman for the Eggman Empire until the doctor eventually fired him. His character designer is Evan Stanley.", "follow_count": 0, "id": 86314, "is_following": false, "is_join_pending": false, "is_banned": false, "is_moderated": false, "name_readable": "Dr. Starline", "post_count": 0, "source_profile_id": 108534, "source_type": "profile", "image": {"picURL": "https://static1.personality-database.com/profile_images/2a00a9b58f9c4854bce999d358980c03.png"}, "join_to_post": false, "can_pin": false}, {"description": "", "follow_count": 0, "id": 207714, "is_following": false, "is_join_pending": false, "is_banned": false, "is_moderated": false, "name_readable": "E-123 Omega", "post_count": 0, "source_profile_id": 270326, "source_type": "profile", "image": {"picURL": "https://static1.personality-database.com/profile_images/61a30884a26b45f1b315d9a921bf5f03.png"}, "join_to_post": false, "can_pin": false}], "subcategory": "Sonic the Hedgehog (IDW Publishing)", "topic_image_url": "https://static1.personality-database.com/profile_images/e03258b3dbcf4e8eb43f5e37e8ddc7cb.png", "source_location": {"cid": 9, "pid": 2, "sub_cat_id": 16974}, "can_post_image": false, "can_post_audio": false, "posts": {"posts": []}}}}