{"id": 130741, "mbti_profile": "Gina Hemphill-Toms", "profile_name_searchable": "ginahemphilltoms", "allow_commenting": true, "allow_voting": true, "user_id": 0, "contributor": "the nameless", "contributor_create_date": "2020-05-08 02:54:47", "contributor_pic_path": "https://www.personality-database.com/images/profile_transparent.png", "display_order": 0, "edit_lock": 0, "edit_lock_picture": 0, "is_active": true, "is_approved": true, "mbti_enneagram_type": "ESTJ 3w4", "mbti_type": "ESTJ 3w4", "pdb_comment_access": true, "pdb_page_owner": 0, "pdb_public_access": true, "wiki_description": "", "watch_count": 3, "comment_count": 4, "vote_count": 29, "vote_count_enneagram": 15, "vote_count_mbti": 29, "total_vote_counts": 52, "personality_type": "ESTJ - 3w4 - so/sp - 358 - LII - SLOEI - Choleric [Dominant]", "type_updated_date": "2022-01-31 13:18:15", "enneagram_vote": "", "enneagram_vote_id": 0, "mbti_vote": "", "mbti_vote_id": 0, "is_watching": false, "image_exists": false, "profile_image_url": "https://static1.personality-database.com/profile_images/ad90799bf5584d5fb6db24885ff2b3a7.png", "profile_image_credit": "", "profile_image_credit_id": 148828, "profile_image_credit_type": "0", "profile_image_credit_url": "", "alt_subcategory": "", "related_subcategories": "", "cat_id": 9, "category": "Comics", "category_is_fictional": true, "sub_cat_id": 7575, "subcategory": "Big Nate", "subcat_link_info": {"sub_cat_id": 7575, "cat_id": 9, "property_id": 2, "subcategory": "Big Nate"}, "related_subcat_link_info": null, "related_profiles": [{"id": 99595, "mbti_profile": "Nate Wright", "subcategory": "Big Nate", "profile_image_url": "https://static1.personality-database.com/profile_images/24f565ac260f43c396fa02d7ca1f4f96.png", "profile_name": "Nate Wright", "profile_subcat": "Big Nate", "sub_cat_id": 7575, "cat_id": 9, "property_id": 2, "mbti": "ENTP", "enneatype": "7w8"}, {"id": 130748, "mbti_profile": "Jenny Jenkins", "subcategory": "Big Nate", "profile_image_url": "https://static1.personality-database.com/profile_images/e9bd657223394a6aad0dd40ece46b171.png", "profile_name": "Jenny Jenkins", "profile_subcat": "Big Nate", "sub_cat_id": 7575, "cat_id": 9, "property_id": 2, "mbti": "ISTJ", "enneatype": "6w5"}, {"id": 209021, "mbti_profile": "Chad Applewhite", "subcategory": "Big Nate", "profile_image_url": "https://static1.personality-database.com/profile_images/496203a52df341cc8622835f8f2da885.png", "profile_name": "Chad Applewhite", "profile_subcat": "Big Nate", "sub_cat_id": 7575, "cat_id": 9, "property_id": 2, "mbti": "ISFP", "enneatype": "9w1"}, {"id": 99596, "mbti_profile": "Francis Pope", "subcategory": "Big Nate", "profile_image_url": "https://static1.personality-database.com/profile_images/c4b8366a4b594292bc84f4c44c6be3ac.png", "profile_name": "Francis Pope", "profile_subcat": "Big Nate", "sub_cat_id": 7575, "cat_id": 9, "property_id": 2, "mbti": "ISTJ", "enneatype": "5w6"}, {"id": 99597, "mbti_profile": "Teddy Ortiz", "subcategory": "Big Nate", "profile_image_url": "https://static1.personality-database.com/profile_images/8988dcba85564978b1bd2141074e353e.png", "profile_name": "Teddy Ortiz", "profile_subcat": "Big Nate", "sub_cat_id": 7575, "cat_id": 9, "property_id": 2, "mbti": "ESTP", "enneatype": "7w6"}, {"id": 209026, "mbti_profile": "Dee Dee Dorcas Holloway", "subcategory": "Big Nate", "profile_image_url": "https://static1.personality-database.com/profile_images/e1b323a27e5744608bfd764dfa895c31.png", "profile_name": "Dee Dee Dorcas Holloway", "profile_subcat": "Big Nate", "sub_cat_id": 7575, "cat_id": 9, "property_id": 2, "mbti": "ESFP", "enneatype": "3w4"}, {"id": 209020, "mbti_profile": "Randy Betancourt", "subcategory": "Big Nate", "profile_image_url": "https://static1.personality-database.com/profile_images/42c73e3cc6a04910addf22a3af07c3ba.png", "profile_name": "Randy Betancourt", "profile_subcat": "Big Nate", "sub_cat_id": 7575, "cat_id": 9, "property_id": 2, "mbti": "ESTP", "enneatype": "8w7"}, {"id": 386423, "mbti_profile": "Chester Budrick", "subcategory": "Big Nate", "profile_image_url": "https://static1.personality-database.com/profile_images/904d5cba94624f7c99f94f34a52995fd.png", "profile_name": "Chester Budrick", "profile_subcat": "Big Nate", "sub_cat_id": 7575, "cat_id": 9, "property_id": 2, "mbti": "ISTP", "enneatype": "4w3"}], "functions": ["Te", "Si", "Ne", "Fi"], "systems": [{"hex_color": "#888888", "id": 1, "personality_type": "XXXX", "personality_type_id": 0, "system_name": "Four Letter", "system_vote_count": 28, "user_vote_type_id": 0, "vote_id": 0}, {"hex_color": "#006775", "id": 2, "personality_type": "XXXX", "personality_type_id": 0, "system_name": "Enneagram", "system_vote_count": 14, "user_vote_type_id": 0, "vote_id": 0}, {"hex_color": "#006775", "id": 5, "personality_type": "XXXX", "personality_type_id": 0, "system_name": "Instinctual Variant", "system_vote_count": 2, "user_vote_type_id": 0, "vote_id": 0}, {"hex_color": "#006775", "id": 6, "personality_type": "XXXX", "personality_type_id": 0, "system_name": "Tritype", "system_vote_count": 3, "user_vote_type_id": 0, "vote_id": 0}, {"hex_color": "#888888", "id": 3, "personality_type": "XXXX", "personality_type_id": 0, "system_name": "Socionics", "system_vote_count": 1, "user_vote_type_id": 0, "vote_id": 0}, {"hex_color": "#888888", "id": 9, "personality_type": "XXXX", "personality_type_id": 0, "system_name": "Big 5 (SLOAN)", "system_vote_count": 0, "user_vote_type_id": 0, "vote_id": 0}, {"hex_color": "#888888", "id": 8, "personality_type": "XXXX", "personality_type_id": 0, "system_name": "Attitudinal Psyche", "system_vote_count": 0, "user_vote_type_id": 0, "vote_id": 0}, {"hex_color": "#888888", "id": 7, "personality_type": "XXXX", "personality_type_id": 0, "system_name": "Temperaments", "system_vote_count": 2, "user_vote_type_id": 0, "vote_id": 0}, {"hex_color": "#888888", "id": 11, "personality_type": "XXXX", "personality_type_id": 0, "system_name": "Classic Jungian", "system_vote_count": 0, "user_vote_type_id": 0, "vote_id": 0}], "breakdown_systems": {"1": [{"myValue": "ESTJ", "personality_system_id": 1, "personality_type": "ESTJ", "theCount": 12}, {"myValue": "ENTJ", "personality_system_id": 1, "personality_type": "ENTJ", "theCount": 10}, {"myValue": "INTJ", "personality_system_id": 1, "personality_type": "INTJ", "theCount": 5}, {"myValue": "ESFJ", "personality_system_id": 1, "personality_type": "ESFJ", "theCount": 1}], "11": [{"myValue": "XXXX", "personality_system_id": 0, "personality_type": "XXXX", "theCount": 0}], "2": [{"myValue": "3w4", "personality_system_id": 2, "personality_type": "3w4", "theCount": 10}, {"myValue": "5w4", "personality_system_id": 2, "personality_type": "5w4", "theCount": 4}], "3": [{"myValue": "LII", "personality_system_id": 3, "personality_type": "LII", "theCount": 1}], "4": [{"myValue": "Lawful Evil", "personality_system_id": 4, "personality_type": "Lawful Evil", "theCount": 1}, {"myValue": "Lawful Neutral", "personality_system_id": 4, "personality_type": "Lawful Neutral", "theCount": 1}], "5": [{"myValue": "so/sp", "personality_system_id": 5, "personality_type": "so/sp", "theCount": 2}], "6": [{"myValue": "358", "personality_system_id": 6, "personality_type": "358", "theCount": 2}, {"myValue": "583", "personality_system_id": 6, "personality_type": "583", "theCount": 1}], "7": [{"myValue": "Choleric [Dominant]", "personality_system_id": 7, "personality_type": "Choleric [Dominant]", "theCount": 2}], "8": [{"myValue": "XXXX", "personality_system_id": 0, "personality_type": "XXXX", "theCount": 0}], "9": [{"myValue": "XXXX", "personality_system_id": 0, "personality_type": "XXXX", "theCount": 0}]}, "breakdown_config": {"expand": {"1": 3, "11": 1, "2": 3, "3": 1, "4": 1, "5": 1, "6": 1, "7": 1, "8": 1, "9": 1}, "fire": {"1": 1, "11": 0, "2": 0, "3": 0, "4": 0, "5": 0, "6": 0, "7": 0, "8": 0, "9": 0}}, "mbti_letter_stats": [{"type": "E", "percentage": "82%", "PercentageFloat": 0.8214285714285714}, {"type": "S", "percentage": "46%", "PercentageFloat": 0.4642857142857143}, {"type": "T", "percentage": "96%", "PercentageFloat": 0.9642857142857143}, {"type": "J", "percentage": "100%", "PercentageFloat": 1}], "topic_info": {"can_generate": false, "topic": {"description": "", "follow_count": 0, "id": 102058, "is_following": false, "is_join_pending": false, "is_banned": false, "is_moderated": false, "name_readable": "Gina Hemphill-Toms", "post_count": 0, "source_profile_id": 130741, "source_type": "profile", "join_to_post": false, "can_pin": false, "related_topics": [{"description": "", "follow_count": 0, "id": 79767, "is_following": false, "is_join_pending": false, "is_banned": false, "is_moderated": false, "name_readable": "Nate Wright", "post_count": 2, "source_profile_id": 99595, "source_type": "profile", "image": {"picURL": "https://static1.personality-database.com/profile_images/24f565ac260f43c396fa02d7ca1f4f96.png"}, "join_to_post": false, "can_pin": false}, {"description": "", "follow_count": 0, "id": 161546, "is_following": false, "is_join_pending": false, "is_banned": false, "is_moderated": false, "name_readable": "Artur Pashkov", "post_count": 1, "source_profile_id": 209019, "source_type": "profile", "image": {"picURL": "https://static1.personality-database.com/profile_images/963776d991d84e289ce3d3fcd5fc491d.png"}, "join_to_post": false, "can_pin": false}, {"description": "", "follow_count": 0, "id": 161548, "is_following": false, "is_join_pending": false, "is_banned": false, "is_moderated": false, "name_readable": "Chad Applewhite", "post_count": 1, "source_profile_id": 209021, "source_type": "profile", "image": {"picURL": "https://static1.personality-database.com/profile_images/496203a52df341cc8622835f8f2da885.png"}, "join_to_post": false, "can_pin": false}, {"description": "Miranda is very aggressive, and is never afraid to threaten a sixth-grader, as she watches a lot of martial arts and eats too much sugar.", "follow_count": 0, "id": 321305, "is_following": false, "is_join_pending": false, "is_banned": false, "is_moderated": false, "name_readable": "Miranda", "post_count": 0, "source_profile_id": 418782, "source_type": "profile", "image": {"picURL": "https://static1.personality-database.com/profile_images/6b4de3fa425a4a2c882f930ecf5697c9.png"}, "join_to_post": false, "can_pin": false}, {"description": "", "follow_count": 0, "id": 312411, "is_following": false, "is_join_pending": false, "is_banned": false, "is_moderated": false, "name_readable": "Pickles", "post_count": 0, "source_profile_id": 407210, "source_type": "profile", "image": {"picURL": "https://static1.personality-database.com/profile_images/402133a450d14306ab8961926a34850c.png"}, "join_to_post": false, "can_pin": false}, {"description": "", "follow_count": 0, "id": 297295, "is_following": false, "is_join_pending": false, "is_banned": false, "is_moderated": false, "name_readable": "Chester", "post_count": 0, "source_profile_id": 386423, "source_type": "profile", "image": {"picURL": "https://static1.personality-database.com/profile_images/904d5cba94624f7c99f94f34a52995fd.png"}, "join_to_post": false, "can_pin": false}, {"description": "Gordie is Ellen's boyfriend and works at the comic book store.", "follow_count": 0, "id": 297284, "is_following": false, "is_join_pending": false, "is_banned": false, "is_moderated": false, "name_readable": "Gordon \"Gordie\"", "post_count": 0, "source_profile_id": 386409, "source_type": "profile", "image": {"picURL": "https://static1.personality-database.com/profile_images/406b943faa2a40b8be4e074c85130a1d.png"}, "join_to_post": false, "can_pin": false}, {"description": "Ruby Dinsmore is a new female student at P.S. 38, and has a crush on Nate. Randy Betancourt has a crush on her... but she does not feel the same about him.She is Nate's Current Girlfriend in the novels.", "follow_count": 0, "id": 230098, "is_following": false, "is_join_pending": false, "is_banned": false, "is_moderated": false, "name_readable": "Ruby Dinsmore", "post_count": 0, "source_profile_id": 299693, "source_type": "profile", "image": {"picURL": "https://static1.personality-database.com/profile_images/69402a2a724548acba8a92d356b1d5ba.png"}, "join_to_post": false, "can_pin": false}, {"description": "Peter Mason is a student at P.S. 38. He is in Mrs. Bigbee's first-grade class and is mainly known as Nate's \"book buddy\" in school. He is the only person Nate has babysat. He is as intelligent as a college-professor and reads above-college leveled books like Flaubert, War and Peace, and Sense and Sensibility.", "follow_count": 0, "id": 230097, "is_following": false, "is_join_pending": false, "is_banned": false, "is_moderated": false, "name_readable": "Peter Mason", "post_count": 0, "source_profile_id": 299692, "source_type": "profile", "image": {"picURL": "https://static1.personality-database.com/profile_images/ec3c54e8d56148f29a1a92420d487a4c.png"}, "join_to_post": false, "can_pin": false}, {"description": "Spitsy is a male brainless dog owned by Mr. Eustis, and described as \"the ultimate dog nerd\" by Nate Wright. The latter almost always visits him, as he wants to get a dog, but his father refuses to buy him one. Spitsy is part French Poodle shown in an result Nate collected.", "follow_count": 0, "id": 215547, "is_following": false, "is_join_pending": false, "is_banned": false, "is_moderated": false, "name_readable": "Spitsy", "post_count": 0, "source_profile_id": 281539, "source_type": "profile", "image": {"picURL": "https://static1.personality-database.com/profile_images/0e9e07cfd26b48c4b4cd9d87ec73c9ad.png"}, "join_to_post": false, "can_pin": false}, {"description": "Donald \"Don\" Eustis (pronounced \"you-stis\") is a minor character in the series. He is noticeably overweight and is Nate's neighbor, along with Francis Pope. He is the owner of Spitsy. He is very kind and sometimes hires Nate for paying jobs (raking leaves, walking Spitsy, etc.).", "follow_count": 0, "id": 215545, "is_following": false, "is_join_pending": false, "is_banned": false, "is_moderated": false, "name_readable": "Donald Eustis", "post_count": 0, "source_profile_id": 281537, "source_type": "profile", "image": {"picURL": "https://static1.personality-database.com/profile_images/910d172bf31a4535805122c4795ec9b0.png"}, "join_to_post": false, "can_pin": false}, {"description": "Mr. Galvin is a Science Teacher at P.S 38. He has worked at the school for over 40 years now. He has a son who once worked as a substitute science teacher for his dad. He is believed to be over 80 years old. He is a very minor character in Big Nate.", "follow_count": 0, "id": 215536, "is_following": false, "is_join_pending": false, "is_banned": false, "is_moderated": false, "name_readable": "Mr. Galvin", "post_count": 0, "source_profile_id": 281524, "source_type": "profile", "image": {"picURL": "https://static1.personality-database.com/profile_images/c96e8865b8c6452e951e2fccb337f9b4.png"}, "join_to_post": false, "can_pin": false}, {"description": "", "follow_count": 0, "id": 191785, "is_following": false, "is_join_pending": false, "is_banned": false, "is_moderated": false, "name_readable": "Kim Cressly", "post_count": 0, "source_profile_id": 248921, "source_type": "profile", "image": {"picURL": "https://static1.personality-database.com/profile_images/73154696e276409ca6f1cc03496d96f1.png"}, "join_to_post": false, "can_pin": false}, {"description": "", "follow_count": 0, "id": 161550, "is_following": false, "is_join_pending": false, "is_banned": false, "is_moderated": false, "name_readable": "Dee Dee Dorcas Holloway", "post_count": 0, "source_profile_id": 209026, "source_type": "profile", "image": {"picURL": "https://static1.personality-database.com/profile_images/e1b323a27e5744608bfd764dfa895c31.png"}, "join_to_post": false, "can_pin": false}, {"description": "", "follow_count": 0, "id": 161549, "is_following": false, "is_join_pending": false, "is_banned": false, "is_moderated": false, "name_readable": "Marcus Goode", "post_count": 0, "source_profile_id": 209025, "source_type": "profile", "image": {"picURL": "https://static1.personality-database.com/profile_images/62d06509b2e341f19847c63a7a4a4f1f.png"}, "join_to_post": false, "can_pin": false}, {"description": "", "follow_count": 0, "id": 161547, "is_following": false, "is_join_pending": false, "is_banned": false, "is_moderated": false, "name_readable": "Randy Betancourt", "post_count": 0, "source_profile_id": 209020, "source_type": "profile", "image": {"picURL": "https://static1.personality-database.com/profile_images/42c73e3cc6a04910addf22a3af07c3ba.png"}, "join_to_post": false, "can_pin": false}], "subcategory": "Big Nate", "topic_image_url": "https://static1.personality-database.com/profile_images/ad90799bf5584d5fb6db24885ff2b3a7.png", "source_location": {"cid": 9, "pid": 2, "sub_cat_id": 7575}, "can_post_image": false, "can_post_audio": false, "posts": {"posts": []}}}}