{"id": 131017, "mbti_profile": "Jiang YanLi", "profile_name_searchable": "jiangyanli", "allow_commenting": true, "allow_voting": true, "user_id": 56955, "contributor": "ectobiologiston413", "contributor_create_date": "2020-05-08 22:33:41", "contributor_pic_path": "https://lh6.googleusercontent.com/-6S-VRQcAqbM/AAAAAAAAAAI/AAAAAAAAAAA/AAKWJJMKpv7tYt3-VfzORgV8AWBuEiSy1Q/s96-c/photo.jpg", "display_order": 0, "edit_lock": 0, "edit_lock_picture": 0, "is_active": true, "is_approved": true, "mbti_enneagram_type": "ISFJ 2w1", "mbti_type": "ISFJ 2w1", "pdb_comment_access": true, "pdb_page_owner": 0, "pdb_public_access": true, "wiki_description": "", "watch_count": 15, "comment_count": 2, "vote_count": 33, "vote_count_enneagram": 18, "vote_count_mbti": 33, "total_vote_counts": 67, "personality_type": "ISFJ - 2w1 - so/sp - 296 - EII - Phlegmatic-Melancholic", "type_updated_date": "2020-11-03 05:00:58", "enneagram_vote": "", "enneagram_vote_id": 0, "mbti_vote": "", "mbti_vote_id": 0, "is_watching": false, "image_exists": false, "profile_image_url": "https://static1.personality-database.com/profile_images/6a9e994b0e3f433e8d7d57fde962fac2.png", "profile_image_credit": "", "profile_image_credit_id": 238326, "profile_image_credit_type": "0", "profile_image_credit_url": "", "alt_subcategory": "", "related_subcategories": "", "cat_id": 9, "category": "Comics", "category_is_fictional": true, "sub_cat_id": 3817, "subcategory": "The Grandmaster of Demonic Cultivation / Mo Dao Zu Shi", "subcat_link_info": {"sub_cat_id": 3817, "cat_id": 9, "property_id": 2, "subcategory": "The Grandmaster of Demonic Cultivation / Mo Dao Zu Shi"}, "related_subcat_link_info": null, "related_profiles": [{"id": 37694, "mbti_profile": "Lan Zhan / Lan WangJi", "subcategory": "The Grandmaster of Demonic Cultivation / Mo Dao Zu Shi", "profile_image_url": "https://static1.personality-database.com/profile_images/b1e156ac702d40be83f74624a75503fd.png", "profile_name": "Lan Zhan / Lan WangJi", "profile_subcat": "The Grandmaster of Demonic Cultivation / Mo Dao Zu Shi", "sub_cat_id": 3817, "cat_id": 9, "property_id": 2, "mbti": "ISTJ", "enneatype": "1w2"}, {"id": 61637, "mbti_profile": "Jin Guangyao", "subcategory": "The Grandmaster of Demonic Cultivation / Mo Dao Zu Shi", "profile_image_url": "https://static1.personality-database.com/profile_images/3f7b4371f894426e895b307cbb9de97c.png", "profile_name": "Jin Guangyao", "profile_subcat": "The Grandmaster of Demonic Cultivation / Mo Dao Zu Shi", "sub_cat_id": 3817, "cat_id": 9, "property_id": 2, "mbti": "INFJ", "enneatype": "3w2"}, {"id": 37693, "mbti_profile": "Wei Ying / Wei WuXian", "subcategory": "The Grandmaster of Demonic Cultivation / Mo Dao Zu Shi", "profile_image_url": "https://static1.personality-database.com/profile_images/7d7b5de0f1344e9ab580f9544d5fc659.png", "profile_name": "Wei Ying / Wei WuXian", "profile_subcat": "The Grandmaster of Demonic Cultivation / Mo Dao Zu Shi", "sub_cat_id": 3817, "cat_id": 9, "property_id": 2, "mbti": "ENTP", "enneatype": "7w8"}, {"id": 37695, "mbti_profile": "Jiang Cheng / Jiang Wan Yin", "subcategory": "The Grandmaster of Demonic Cultivation / Mo Dao Zu Shi", "profile_image_url": "https://static1.personality-database.com/profile_images/9551d674c5c34b79a3f457b2b0b70116.png", "profile_name": "Jiang Cheng / Jiang Wan Yin", "profile_subcat": "The Grandmaster of Demonic Cultivation / Mo Dao Zu Shi", "sub_cat_id": 3817, "cat_id": 9, "property_id": 2, "mbti": "ESTJ", "enneatype": "3w4"}, {"id": 94838, "mbti_profile": "Lan JingYi", "subcategory": "The Grandmaster of Demonic Cultivation / Mo Dao Zu Shi", "profile_image_url": "https://static1.personality-database.com/profile_images/9d3655b4e94b476d9e540925c052b26f.png", "profile_name": "Lan JingYi", "profile_subcat": "The Grandmaster of Demonic Cultivation / Mo Dao Zu Shi", "sub_cat_id": 3817, "cat_id": 9, "property_id": 2, "mbti": "ENFP", "enneatype": "7w8"}, {"id": 85867, "mbti_profile": "Nie Huaisang", "subcategory": "The Grandmaster of Demonic Cultivation / Mo Dao Zu Shi", "profile_image_url": "https://static1.personality-database.com/profile_images/f1f8b2e703f040578cafdbf9be1d23ea.png", "profile_name": "Nie Huaisang", "profile_subcat": "The Grandmaster of Demonic Cultivation / Mo Dao Zu Shi", "sub_cat_id": 3817, "cat_id": 9, "property_id": 2, "mbti": "ISFP", "enneatype": "9w8"}, {"id": 60610, "mbti_profile": "Xiao XingChen", "subcategory": "The Grandmaster of Demonic Cultivation / Mo Dao Zu Shi", "profile_image_url": "https://static1.personality-database.com/profile_images/57ca54cacded425a9dd20e7a48db6d1d.png", "profile_name": "Xiao XingChen", "profile_subcat": "The Grandmaster of Demonic Cultivation / Mo Dao Zu Shi", "sub_cat_id": 3817, "cat_id": 9, "property_id": 2, "mbti": "INFJ", "enneatype": "2w1"}, {"id": 60611, "mbti_profile": "Xue Yang", "subcategory": "The Grandmaster of Demonic Cultivation / Mo Dao Zu Shi", "profile_image_url": "https://static1.personality-database.com/profile_images/6d531938040340a6a01b7a45477ed359.png", "profile_name": "Xue Yang", "profile_subcat": "The Grandmaster of Demonic Cultivation / Mo Dao Zu Shi", "sub_cat_id": 3817, "cat_id": 9, "property_id": 2, "mbti": "ESTP", "enneatype": "8w7"}], "functions": ["Si", "Fe", "Ti", "Ne"], "systems": [{"hex_color": "#888888", "id": 1, "personality_type": "XXXX", "personality_type_id": 0, "system_name": "Four Letter", "system_vote_count": 33, "user_vote_type_id": 0, "vote_id": 0}, {"hex_color": "#006775", "id": 2, "personality_type": "XXXX", "personality_type_id": 0, "system_name": "Enneagram", "system_vote_count": 18, "user_vote_type_id": 0, "vote_id": 0}, {"hex_color": "#006775", "id": 5, "personality_type": "XXXX", "personality_type_id": 0, "system_name": "Instinctual Variant", "system_vote_count": 2, "user_vote_type_id": 0, "vote_id": 0}, {"hex_color": "#006775", "id": 6, "personality_type": "XXXX", "personality_type_id": 0, "system_name": "Tritype", "system_vote_count": 3, "user_vote_type_id": 0, "vote_id": 0}, {"hex_color": "#888888", "id": 3, "personality_type": "XXXX", "personality_type_id": 0, "system_name": "Socionics", "system_vote_count": 2, "user_vote_type_id": 0, "vote_id": 0}, {"hex_color": "#888888", "id": 9, "personality_type": "XXXX", "personality_type_id": 0, "system_name": "Big 5 (SLOAN)", "system_vote_count": 0, "user_vote_type_id": 0, "vote_id": 0}, {"hex_color": "#888888", "id": 8, "personality_type": "XXXX", "personality_type_id": 0, "system_name": "Attitudinal Psyche", "system_vote_count": 0, "user_vote_type_id": 0, "vote_id": 0}, {"hex_color": "#888888", "id": 7, "personality_type": "XXXX", "personality_type_id": 0, "system_name": "Temperaments", "system_vote_count": 5, "user_vote_type_id": 0, "vote_id": 0}, {"hex_color": "#888888", "id": 11, "personality_type": "XXXX", "personality_type_id": 0, "system_name": "Classic Jungian", "system_vote_count": 0, "user_vote_type_id": 0, "vote_id": 0}], "breakdown_systems": {"1": [{"myValue": "ISFJ", "personality_system_id": 1, "personality_type": "ISFJ", "theCount": 28}, {"myValue": "INFP", "personality_system_id": 1, "personality_type": "INFP", "theCount": 5}], "11": [{"myValue": "XXXX", "personality_system_id": 0, "personality_type": "XXXX", "theCount": 0}], "2": [{"myValue": "2w1", "personality_system_id": 2, "personality_type": "2w1", "theCount": 10}, {"myValue": "9w1", "personality_system_id": 2, "personality_type": "9w1", "theCount": 7}, {"myValue": "5w6", "personality_system_id": 2, "personality_type": "5w6", "theCount": 1}], "3": [{"myValue": "EII", "personality_system_id": 3, "personality_type": "EII", "theCount": 2}], "4": [{"myValue": "Neutral Good", "personality_system_id": 4, "personality_type": "Neutral Good", "theCount": 3}, {"myValue": "Lawful Good", "personality_system_id": 4, "personality_type": "Lawful Good", "theCount": 1}], "5": [{"myValue": "so/sp", "personality_system_id": 5, "personality_type": "so/sp", "theCount": 2}], "6": [{"myValue": "296", "personality_system_id": 6, "personality_type": "296", "theCount": 3}], "7": [{"myValue": "Phlegmatic-Melancholic", "personality_system_id": 7, "personality_type": "Phlegmatic-Melancholic", "theCount": 4}, {"myValue": "Phlegmatic [Dominant]", "personality_system_id": 7, "personality_type": "Phlegmatic [Dominant]", "theCount": 1}], "8": [{"myValue": "XXXX", "personality_system_id": 0, "personality_type": "XXXX", "theCount": 0}], "9": [{"myValue": "XXXX", "personality_system_id": 0, "personality_type": "XXXX", "theCount": 0}]}, "breakdown_config": {"expand": {"1": 3, "11": 1, "2": 3, "3": 1, "4": 1, "5": 1, "6": 1, "7": 1, "8": 1, "9": 1}, "fire": {"1": 0, "11": 0, "2": 0, "3": 0, "4": 0, "5": 0, "6": 0, "7": 0, "8": 0, "9": 0}}, "mbti_letter_stats": [{"type": "I", "percentage": "100%", "PercentageFloat": 1}, {"type": "S", "percentage": "85%", "PercentageFloat": 0.8484848484848485}, {"type": "F", "percentage": "100%", "PercentageFloat": 1}, {"type": "J", "percentage": "85%", "PercentageFloat": 0.8484848484848485}], "topic_info": {"can_generate": false, "topic": {"description": "", "follow_count": 1, "id": 102245, "is_following": false, "is_join_pending": false, "is_banned": false, "is_moderated": false, "name_readable": "Jiang YanLi", "post_count": 0, "source_profile_id": 131017, "source_type": "profile", "join_to_post": false, "can_pin": false, "related_topics": [{"description": "", "follow_count": 0, "id": 69624, "is_following": false, "is_join_pending": false, "is_banned": false, "is_moderated": false, "name_readable": "Yu Ziyuan / Madam Yu", "post_count": 0, "source_profile_id": 85823, "source_type": "profile", "image": {"picURL": "https://static1.personality-database.com/profile_images/f4f3689227cd4a8d9da9d49de064d8c4.png"}, "join_to_post": false, "can_pin": false}, {"description": "The Lanling Jin Clan is a cultivation clan based in Koi Tower, Lanling.", "follow_count": 0, "id": 347966, "is_following": false, "is_join_pending": false, "is_banned": false, "is_moderated": false, "name_readable": "Lanling Jin Clan", "post_count": 0, "source_profile_id": 428217, "source_type": "profile", "image": {"picURL": "https://static1.personality-database.com/profile_images/a1ac5a81a5d64131bc03cbbe4bbb6d99.png"}, "join_to_post": false, "can_pin": false}, {"description": "tio das duas jades de Gusu, grande mestre da seita.", "follow_count": 0, "id": 318851, "is_following": false, "is_join_pending": false, "is_banned": false, "is_moderated": false, "name_readable": "Lan Qiren", "post_count": 0, "source_profile_id": 415769, "source_type": "profile", "image": {"picURL": "https://static1.personality-database.com/profile_images/94450b07a06f499d87374bef802ce13f.png"}, "join_to_post": false, "can_pin": false}, {"description": "L\u00edder do cl\u00e3 e seita Wen Qishan.", "follow_count": 0, "id": 318850, "is_following": false, "is_join_pending": false, "is_banned": false, "is_moderated": false, "name_readable": "Wen Ruohan", "post_count": 0, "source_profile_id": 415768, "source_type": "profile", "image": {"picURL": "https://static1.personality-database.com/profile_images/da79c47d295a44bf9b93565089788a0c.png"}, "join_to_post": false, "can_pin": false}, {"description": "filho ilegitimo de Jin Guangshan, cedeu o corpo para Wei Wuxian (Patriarca Yiling).", "follow_count": 0, "id": 318849, "is_following": false, "is_join_pending": false, "is_banned": false, "is_moderated": false, "name_readable": "Mo Xuanyu", "post_count": 0, "source_profile_id": 415767, "source_type": "profile", "image": {"picURL": "https://static1.personality-database.com/profile_images/3550dd062211404d9a580fbfce471b9b.png"}, "join_to_post": false, "can_pin": false}, {"description": "", "follow_count": 0, "id": 294173, "is_following": false, "is_join_pending": false, "is_banned": false, "is_moderated": false, "name_readable": "Wang Lingjiao", "post_count": 0, "source_profile_id": 382309, "source_type": "profile", "image": {"picURL": "https://static1.personality-database.com/profile_images/d852c5efe72646259e6084c70d3c5b16.png"}, "join_to_post": false, "can_pin": false}, {"description": "", "follow_count": 0, "id": 294172, "is_following": false, "is_join_pending": false, "is_banned": false, "is_moderated": false, "name_readable": "Jin Guangshan", "post_count": 0, "source_profile_id": 382308, "source_type": "profile", "image": {"picURL": "https://static1.personality-database.com/profile_images/33d6dcbec54c4980b82d5965a45a332d.png"}, "join_to_post": false, "can_pin": false}, {"description": "", "follow_count": 0, "id": 185884, "is_following": false, "is_join_pending": false, "is_banned": false, "is_moderated": false, "name_readable": "Luo Qingyang / MianMian", "post_count": 0, "source_profile_id": 240472, "source_type": "profile", "image": {"picURL": "https://static1.personality-database.com/profile_images/986c55b39f4e4d0ba0e252634821a408.png"}, "join_to_post": false, "can_pin": false}, {"description": "", "follow_count": 0, "id": 154246, "is_following": false, "is_join_pending": false, "is_banned": false, "is_moderated": false, "name_readable": "Jin Zixuan", "post_count": 0, "source_profile_id": 199516, "source_type": "profile", "image": {"picURL": "https://static1.personality-database.com/profile_images/dbaf3ce219aa4322b89c56ae882ff639.png"}, "join_to_post": false, "can_pin": false}, {"description": "", "follow_count": 1, "id": 102245, "is_following": false, "is_join_pending": false, "is_banned": false, "is_moderated": false, "name_readable": "Jiang YanLi", "post_count": 0, "source_profile_id": 131017, "source_type": "profile", "image": {"picURL": "https://static1.personality-database.com/profile_images/6a9e994b0e3f433e8d7d57fde962fac2.png"}, "join_to_post": false, "can_pin": false}, {"description": "", "follow_count": 0, "id": 79232, "is_following": false, "is_join_pending": false, "is_banned": false, "is_moderated": false, "name_readable": "Jiang FengMian", "post_count": 0, "source_profile_id": 98922, "source_type": "profile", "image": {"picURL": "https://static1.personality-database.com/profile_images/b632b2fc8acf413ea1f3b74c5a4c0683.png"}, "join_to_post": false, "can_pin": false}, {"description": "", "follow_count": 0, "id": 76643, "is_following": false, "is_join_pending": false, "is_banned": false, "is_moderated": false, "name_readable": "Nie MingJue", "post_count": 0, "source_profile_id": 94840, "source_type": "profile", "image": {"picURL": "https://static1.personality-database.com/profile_images/e956c9d640e942e092a355f2b43230e6.png"}, "join_to_post": false, "can_pin": false}, {"description": "", "follow_count": 0, "id": 76642, "is_following": false, "is_join_pending": false, "is_banned": false, "is_moderated": false, "name_readable": "A-Qing", "post_count": 0, "source_profile_id": 94839, "source_type": "profile", "image": {"picURL": "https://static1.personality-database.com/profile_images/dedec8b87e274a9e8f731fe68f929298.png"}, "join_to_post": false, "can_pin": false}, {"description": "", "follow_count": 0, "id": 76641, "is_following": false, "is_join_pending": false, "is_banned": false, "is_moderated": false, "name_readable": "Lan JingYi", "post_count": 0, "source_profile_id": 94838, "source_type": "profile", "image": {"picURL": "https://static1.personality-database.com/profile_images/9d3655b4e94b476d9e540925c052b26f.png"}, "join_to_post": false, "can_pin": false}, {"description": "", "follow_count": 1, "id": 69650, "is_following": false, "is_join_pending": false, "is_banned": false, "is_moderated": false, "name_readable": "Nie Huaisang", "post_count": 0, "source_profile_id": 85867, "source_type": "profile", "image": {"picURL": "https://static1.personality-database.com/profile_images/f1f8b2e703f040578cafdbf9be1d23ea.png"}, "join_to_post": false, "can_pin": false}, {"description": "", "follow_count": 0, "id": 33695, "is_following": false, "is_join_pending": false, "is_banned": false, "is_moderated": false, "name_readable": "Wei Ying / Wei WuXian", "post_count": 0, "source_profile_id": 37693, "source_type": "profile", "image": {"picURL": "https://static1.personality-database.com/profile_images/7d7b5de0f1344e9ab580f9544d5fc659.png"}, "join_to_post": false, "can_pin": false}], "subcategory": "The Grandmaster of Demonic Cultivation / Mo Dao Zu Shi", "topic_image_url": "https://static1.personality-database.com/profile_images/6a9e994b0e3f433e8d7d57fde962fac2.png", "source_location": {"cid": 9, "pid": 2, "sub_cat_id": 3817}, "can_post_image": false, "can_post_audio": false, "posts": {"posts": []}}}}