{"id": 132575, "mbti_profile": "Jucika", "profile_name_searchable": "jucika", "allow_commenting": true, "allow_voting": true, "user_id": 56663, "contributor": "SirPlatano", "contributor_create_date": "2020-05-11 05:51:32", "contributor_pic_path": "https://lh3.googleusercontent.com/a-/AOh14GggpBj9iLLmzbJzb-t5orc-d0Gi3bpeHfzKRkxF=s96-c", "display_order": 1000, "edit_lock": 0, "edit_lock_picture": 0, "is_active": true, "is_approved": true, "mbti_enneagram_type": "XXXX 7w8", "mbti_type": "XXXX 7w8", "pdb_comment_access": true, "pdb_page_owner": 0, "pdb_public_access": true, "wiki_description": "", "watch_count": 7, "comment_count": 11, "vote_count": 17, "vote_count_enneagram": 8, "vote_count_mbti": 17, "total_vote_counts": 35, "personality_type": "ESTP - 7w8 - sx/so - SEE - Sanguine [Dominant]", "type_updated_date": "2022-12-10 02:08:03", "enneagram_vote": "", "enneagram_vote_id": 0, "mbti_vote": "", "mbti_vote_id": 0, "is_watching": false, "image_exists": false, "profile_image_url": "https://static1.personality-database.com/profile_images/6a98af5b0a984b54a608ac9c5bb86c9a.png", "profile_image_credit": "", "profile_image_credit_id": 66458, "profile_image_credit_type": "0", "profile_image_credit_url": "https://pbs.twimg.com/profile_images/1245425861995769857/TpkLkG42_400x400.png", "alt_subcategory": "", "related_subcategories": "", "cat_id": 9, "category": "Comics", "category_is_fictional": true, "sub_cat_id": 9203, "subcategory": "Jucika", "subcat_link_info": {"sub_cat_id": 9203, "cat_id": 9, "property_id": 2, "subcategory": "Jucika"}, "related_subcat_link_info": null, "related_profiles": [], "functions": ["Se", "Ti", "Fe", "Ni"], "systems": [{"hex_color": "#888888", "id": 1, "personality_type": "XXXX", "personality_type_id": 0, "system_name": "Four Letter", "system_vote_count": 17, "user_vote_type_id": 0, "vote_id": 0}, {"hex_color": "#006775", "id": 2, "personality_type": "XXXX", "personality_type_id": 0, "system_name": "Enneagram", "system_vote_count": 8, "user_vote_type_id": 0, "vote_id": 0}, {"hex_color": "#006775", "id": 5, "personality_type": "XXXX", "personality_type_id": 0, "system_name": "Instinctual Variant", "system_vote_count": 3, "user_vote_type_id": 0, "vote_id": 0}, {"hex_color": "#006775", "id": 6, "personality_type": "XXXX", "personality_type_id": 0, "system_name": "Tritype", "system_vote_count": 0, "user_vote_type_id": 0, "vote_id": 0}, {"hex_color": "#888888", "id": 3, "personality_type": "XXXX", "personality_type_id": 0, "system_name": "Socionics", "system_vote_count": 1, "user_vote_type_id": 0, "vote_id": 0}, {"hex_color": "#888888", "id": 9, "personality_type": "XXXX", "personality_type_id": 0, "system_name": "Big 5 (SLOAN)", "system_vote_count": 1, "user_vote_type_id": 0, "vote_id": 0}, {"hex_color": "#888888", "id": 8, "personality_type": "XXXX", "personality_type_id": 0, "system_name": "Attitudinal Psyche", "system_vote_count": 1, "user_vote_type_id": 0, "vote_id": 0}, {"hex_color": "#888888", "id": 7, "personality_type": "XXXX", "personality_type_id": 0, "system_name": "Temperaments", "system_vote_count": 3, "user_vote_type_id": 0, "vote_id": 0}, {"hex_color": "#888888", "id": 11, "personality_type": "XXXX", "personality_type_id": 0, "system_name": "Classic Jungian", "system_vote_count": 0, "user_vote_type_id": 0, "vote_id": 0}], "breakdown_systems": {"1": [{"myValue": "ESTP", "personality_system_id": 1, "personality_type": "ESTP", "theCount": 9}, {"myValue": "ENTP", "personality_system_id": 1, "personality_type": "ENTP", "theCount": 8}], "11": [{"myValue": "XXXX", "personality_system_id": 0, "personality_type": "XXXX", "theCount": 0}], "2": [{"myValue": "7w8", "personality_system_id": 2, "personality_type": "7w8", "theCount": 7}, {"myValue": "5w4", "personality_system_id": 2, "personality_type": "5w4", "theCount": 1}], "3": [{"myValue": "SEE", "personality_system_id": 3, "personality_type": "SEE", "theCount": 1}], "4": [{"myValue": "Chaotic Neutral", "personality_system_id": 4, "personality_type": "Chaotic Neutral", "theCount": 1}], "5": [{"myValue": "sx/so", "personality_system_id": 5, "personality_type": "sx/so", "theCount": 2}, {"myValue": "sp/sx", "personality_system_id": 5, "personality_type": "sp/sx", "theCount": 1}], "6": [{"myValue": "XXXX", "personality_system_id": 0, "personality_type": "XXXX", "theCount": 0}], "7": [{"myValue": "Sanguine [Dominant]", "personality_system_id": 7, "personality_type": "Sanguine [Dominant]", "theCount": 3}], "8": [{"myValue": "FVLE", "personality_system_id": 8, "personality_type": "FVLE", "theCount": 1}], "9": [{"myValue": "RLUAI", "personality_system_id": 9, "personality_type": "RLUAI", "theCount": 1}]}, "breakdown_config": {"expand": {"1": 3, "11": 1, "2": 3, "3": 1, "4": 1, "5": 1, "6": 1, "7": 1, "8": 1, "9": 1}, "fire": {"1": 0, "11": 0, "2": 0, "3": 0, "4": 0, "5": 0, "6": 0, "7": 0, "8": 0, "9": 0}}, "mbti_letter_stats": [{"type": "E", "percentage": "100%", "PercentageFloat": 1}, {"type": "S", "percentage": "53%", "PercentageFloat": 0.5294117647058824}, {"type": "T", "percentage": "100%", "PercentageFloat": 1}, {"type": "P", "percentage": "100%", "PercentageFloat": 1}], "topic_info": {"can_generate": false, "topic": {"description": "", "follow_count": 0, "id": 103452, "is_following": false, "is_join_pending": false, "is_banned": false, "is_moderated": false, "name_readable": "Jucika", "post_count": 0, "source_profile_id": 132575, "source_type": "profile", "join_to_post": false, "can_pin": false, "related_topics": [{"description": "", "follow_count": 0, "id": 103452, "is_following": false, "is_join_pending": false, "is_banned": false, "is_moderated": false, "name_readable": "Jucika", "post_count": 0, "source_profile_id": 132575, "source_type": "profile", "image": {"picURL": "https://static1.personality-database.com/profile_images/6a98af5b0a984b54a608ac9c5bb86c9a.png"}, "join_to_post": false, "can_pin": false}], "subcategory": "Jucika", "topic_image_url": "https://static1.personality-database.com/profile_images/6a98af5b0a984b54a608ac9c5bb86c9a.png", "source_location": {"cid": 9, "pid": 2, "sub_cat_id": 9203}, "can_post_image": false, "can_post_audio": false, "posts": {"posts": []}}}}