{"id": 138010, "mbti_profile": "Lisa Miller", "profile_name_searchable": "lisamiller", "allow_commenting": true, "allow_voting": true, "user_id": 67737, "contributor": "Peter67737", "contributor_create_date": "2020-05-22 04:33:33", "contributor_pic_path": "https://lh3.googleusercontent.com/a-/AOh14Ggr0RZYq7ktOMX5alzcHeiU7uKRrOeKLpgmzA_h=s96-c", "display_order": 0, "edit_lock": 0, "edit_lock_picture": 0, "is_active": true, "is_approved": true, "mbti_enneagram_type": "ESFP 3w2", "mbti_type": "ESFP 3w2", "pdb_comment_access": true, "pdb_page_owner": 0, "pdb_public_access": true, "wiki_description": "Guest-Star Party Member\nThe Old Best Friend\n\nScott's first friend from high school, she was once part of his group of friends alongside Kim, even forming a band together. They lost contact with he moved away, but they reconnect when she shows up in Vol 4. Years before Scott Pilgrim was created, Bryan Lee O'Malley used the name \"Lisa Miller\" for a different (or at least much less defined) character in his short-lived comic strip \"Style\".", "watch_count": 24, "comment_count": 6, "vote_count": 30, "vote_count_enneagram": 14, "vote_count_mbti": 30, "total_vote_counts": 59, "personality_type": "ESFP - 3w2 - sx/so - 379 - SEE - Sanguine [Dominant]", "type_updated_date": "2022-08-18 14:52:31", "enneagram_vote": "", "enneagram_vote_id": 0, "mbti_vote": "", "mbti_vote_id": 0, "is_watching": false, "image_exists": false, "profile_image_url": "https://static1.personality-database.com/profile_images/f77cce858df0484581f37d7a5c25db5d.png", "profile_image_credit": "", "profile_image_credit_id": 301664, "profile_image_credit_type": "0", "profile_image_credit_url": "undefined", "alt_subcategory": "", "related_subcategories": "", "cat_id": 9, "category": "Comics", "category_is_fictional": true, "sub_cat_id": 5674, "subcategory": "Scott Pilgrim", "subcat_link_info": {"sub_cat_id": 5674, "cat_id": 9, "property_id": 2, "subcategory": "Scott Pilgrim"}, "related_subcat_link_info": null, "related_profiles": [{"id": 69896, "mbti_profile": "Scott Pilgrim", "subcategory": "Scott Pilgrim", "profile_image_url": "https://static1.personality-database.com/profile_images/2bf31a29dd9446779ee6b0291d922f03.png", "profile_name": "Scott Pilgrim", "profile_subcat": "Scott Pilgrim", "sub_cat_id": 5674, "cat_id": 9, "property_id": 2, "mbti": "ENFP", "enneatype": "7w6"}, {"id": 69897, "mbti_profile": "Ramona Flowers", "subcategory": "Scott Pilgrim", "profile_image_url": "https://static1.personality-database.com/profile_images/302a6d181b1040d6ba56a7a4943a91e0.png", "profile_name": "Ramona Flowers", "profile_subcat": "Scott Pilgrim", "sub_cat_id": 5674, "cat_id": 9, "property_id": 2, "mbti": "ISTP", "enneatype": "9w8"}, {"id": 69908, "mbti_profile": "Kim Pine", "subcategory": "Scott Pilgrim", "profile_image_url": "https://static1.personality-database.com/profile_images/c7515da0445e4eb082f5c2ed5a854a18.png", "profile_name": "Kim Pine", "profile_subcat": "Scott Pilgrim", "sub_cat_id": 5674, "cat_id": 9, "property_id": 2, "mbti": "ISTP", "enneatype": "9w8"}, {"id": 69905, "mbti_profile": "Wallace Wells", "subcategory": "Scott Pilgrim", "profile_image_url": "https://static1.personality-database.com/profile_images/717182bc15a743ac9714516cb179b879.png", "profile_name": "Wallace Wells", "profile_subcat": "Scott Pilgrim", "sub_cat_id": 5674, "cat_id": 9, "property_id": 2, "mbti": "ENTP", "enneatype": "7w8"}, {"id": 69901, "mbti_profile": "Knives Chau", "subcategory": "Scott Pilgrim", "profile_image_url": "https://static1.personality-database.com/profile_images/03bef7aa55aa45269a22253268a40384.png", "profile_name": "Knives Chau", "profile_subcat": "Scott Pilgrim", "sub_cat_id": 5674, "cat_id": 9, "property_id": 2, "mbti": "ENFP", "enneatype": "2w3"}, {"id": 98310, "mbti_profile": "Envy Adams", "subcategory": "Scott Pilgrim", "profile_image_url": "https://static1.personality-database.com/profile_images/e98e3e693b284a71bd81795be657e248.png", "profile_name": "Envy Adams", "profile_subcat": "Scott Pilgrim", "sub_cat_id": 5674, "cat_id": 9, "property_id": 2, "mbti": "ESFP", "enneatype": "3w2"}, {"id": 350731, "mbti_profile": "Ken Katayanagi", "subcategory": "Scott Pilgrim", "profile_image_url": "https://static1.personality-database.com/profile_images/3c2d955f74714fc781d72aeb0e48f2d7.png", "profile_name": "Ken Katayanagi", "profile_subcat": "Scott Pilgrim", "sub_cat_id": 5674, "cat_id": 9, "property_id": 2, "mbti": "ENTP", "enneatype": ""}, {"id": 350730, "mbti_profile": "Kyle Katayanagi", "subcategory": "Scott Pilgrim", "profile_image_url": "https://static1.personality-database.com/profile_images/9c6a0e00413e43b886dab6107054170e.png", "profile_name": "Kyle Katayanagi", "profile_subcat": "Scott Pilgrim", "sub_cat_id": 5674, "cat_id": 9, "property_id": 2, "mbti": "ENTP", "enneatype": ""}], "functions": ["Se", "Fi", "Te", "Ni"], "systems": [{"hex_color": "#888888", "id": 1, "personality_type": "XXXX", "personality_type_id": 0, "system_name": "Four Letter", "system_vote_count": 29, "user_vote_type_id": 0, "vote_id": 0}, {"hex_color": "#006775", "id": 2, "personality_type": "XXXX", "personality_type_id": 0, "system_name": "Enneagram", "system_vote_count": 14, "user_vote_type_id": 0, "vote_id": 0}, {"hex_color": "#006775", "id": 5, "personality_type": "XXXX", "personality_type_id": 0, "system_name": "Instinctual Variant", "system_vote_count": 6, "user_vote_type_id": 0, "vote_id": 0}, {"hex_color": "#006775", "id": 6, "personality_type": "XXXX", "personality_type_id": 0, "system_name": "Tritype", "system_vote_count": 4, "user_vote_type_id": 0, "vote_id": 0}, {"hex_color": "#888888", "id": 3, "personality_type": "XXXX", "personality_type_id": 0, "system_name": "Socionics", "system_vote_count": 1, "user_vote_type_id": 0, "vote_id": 0}, {"hex_color": "#888888", "id": 9, "personality_type": "XXXX", "personality_type_id": 0, "system_name": "Big 5 (SLOAN)", "system_vote_count": 0, "user_vote_type_id": 0, "vote_id": 0}, {"hex_color": "#888888", "id": 8, "personality_type": "XXXX", "personality_type_id": 0, "system_name": "Attitudinal Psyche", "system_vote_count": 0, "user_vote_type_id": 0, "vote_id": 0}, {"hex_color": "#888888", "id": 7, "personality_type": "XXXX", "personality_type_id": 0, "system_name": "Temperaments", "system_vote_count": 5, "user_vote_type_id": 0, "vote_id": 0}, {"hex_color": "#888888", "id": 11, "personality_type": "XXXX", "personality_type_id": 0, "system_name": "Classic Jungian", "system_vote_count": 0, "user_vote_type_id": 0, "vote_id": 0}], "breakdown_systems": {"1": [{"myValue": "ESFP", "personality_system_id": 1, "personality_type": "ESFP", "theCount": 19}, {"myValue": "ENFJ", "personality_system_id": 1, "personality_type": "ENFJ", "theCount": 7}, {"myValue": "ENFP", "personality_system_id": 1, "personality_type": "ENFP", "theCount": 2}, {"myValue": "ESFJ", "personality_system_id": 1, "personality_type": "ESFJ", "theCount": 1}], "11": [{"myValue": "XXXX", "personality_system_id": 0, "personality_type": "XXXX", "theCount": 0}], "2": [{"myValue": "3w2", "personality_system_id": 2, "personality_type": "3w2", "theCount": 12}, {"myValue": "2w3", "personality_system_id": 2, "personality_type": "2w3", "theCount": 1}, {"myValue": "7w8", "personality_system_id": 2, "personality_type": "7w8", "theCount": 1}], "3": [{"myValue": "SEE", "personality_system_id": 3, "personality_type": "SEE", "theCount": 1}], "5": [{"myValue": "sx/so", "personality_system_id": 5, "personality_type": "sx/so", "theCount": 6}], "6": [{"myValue": "378", "personality_system_id": 6, "personality_type": "378", "theCount": 2}, {"myValue": "379", "personality_system_id": 6, "personality_type": "379", "theCount": 2}], "7": [{"myValue": "Sanguine [Dominant]", "personality_system_id": 7, "personality_type": "Sanguine [Dominant]", "theCount": 5}], "8": [{"myValue": "XXXX", "personality_system_id": 0, "personality_type": "XXXX", "theCount": 0}], "9": [{"myValue": "XXXX", "personality_system_id": 0, "personality_type": "XXXX", "theCount": 0}]}, "breakdown_config": {"expand": {"1": 3, "11": 1, "2": 3, "3": 1, "5": 1, "6": 1, "7": 1, "8": 1, "9": 1}, "fire": {"1": 0, "11": 0, "2": 0, "3": 0, "5": 0, "6": 0, "7": 0, "8": 0, "9": 0}}, "mbti_letter_stats": [{"type": "E", "percentage": "100%", "PercentageFloat": 1}, {"type": "S", "percentage": "69%", "PercentageFloat": 0.6896551724137931}, {"type": "F", "percentage": "100%", "PercentageFloat": 1}, {"type": "P", "percentage": "72%", "PercentageFloat": 0.7241379310344828}], "topic_info": {"can_generate": false, "topic": {"description": "", "follow_count": 0, "id": 107391, "is_following": false, "is_join_pending": false, "is_banned": false, "is_moderated": false, "name_readable": "Lisa Miller", "post_count": 0, "source_profile_id": 138010, "source_type": "profile", "join_to_post": false, "can_pin": false, "related_topics": [{"description": "#ISTPHeroes", "follow_count": 0, "id": 56860, "is_following": false, "is_join_pending": false, "is_banned": false, "is_moderated": false, "name_readable": "Ramona Flowers", "post_count": 3, "source_profile_id": 69897, "source_type": "profile", "image": {"picURL": "https://static1.personality-database.com/profile_images/302a6d181b1040d6ba56a7a4943a91e0.png"}, "join_to_post": false, "can_pin": false}, {"description": "", "follow_count": 1, "id": 56859, "is_following": false, "is_join_pending": false, "is_banned": false, "is_moderated": false, "name_readable": "Scott Pilgrim", "post_count": 2, "source_profile_id": 69896, "source_type": "profile", "image": {"picURL": "https://static1.personality-database.com/profile_images/2bf31a29dd9446779ee6b0291d922f03.png"}, "join_to_post": false, "can_pin": false}, {"description": "Wallace Wells\u2019 Boyfriend and love\nof his life, introduced in volume 3 and seen in volume 6.", "follow_count": 0, "id": 209391, "is_following": false, "is_join_pending": false, "is_banned": false, "is_moderated": false, "name_readable": "Mobile", "post_count": 0, "source_profile_id": 273118, "source_type": "profile", "image": {"picURL": "https://static1.personality-database.com/profile_images/9fa800d42ff845ebb5e4b686776b50b5.png"}, "join_to_post": false, "can_pin": false}, {"description": "", "follow_count": 0, "id": 269964, "is_following": false, "is_join_pending": false, "is_banned": false, "is_moderated": false, "name_readable": "Kyle Katayanagi", "post_count": 0, "source_profile_id": 350730, "source_type": "profile", "image": {"picURL": "https://static1.personality-database.com/profile_images/9c6a0e00413e43b886dab6107054170e.png"}, "join_to_post": false, "can_pin": false}, {"description": "", "follow_count": 0, "id": 86516, "is_following": false, "is_join_pending": false, "is_banned": false, "is_moderated": false, "name_readable": "Joseph", "post_count": 0, "source_profile_id": 108812, "source_type": "profile", "image": {"picURL": "https://static1.personality-database.com/profile_images/f9ff9626729d4ac394e7668a1b01a9bf.png"}, "join_to_post": false, "can_pin": false}, {"description": "", "follow_count": 0, "id": 269965, "is_following": false, "is_join_pending": false, "is_banned": false, "is_moderated": false, "name_readable": "Ken Katayanagi", "post_count": 0, "source_profile_id": 350731, "source_type": "profile", "image": {"picURL": "https://static1.personality-database.com/profile_images/3c2d955f74714fc781d72aeb0e48f2d7.png"}, "join_to_post": false, "can_pin": false}, {"description": "", "follow_count": 0, "id": 78688, "is_following": false, "is_join_pending": false, "is_banned": false, "is_moderated": false, "name_readable": "Julie Powers", "post_count": 0, "source_profile_id": 98311, "source_type": "profile", "image": {"picURL": "https://static1.personality-database.com/profile_images/e2fb3f2fa6fe42acb2f92e7f09b7d548.png"}, "join_to_post": false, "can_pin": false}, {"description": "", "follow_count": 0, "id": 78690, "is_following": false, "is_join_pending": false, "is_banned": false, "is_moderated": false, "name_readable": "Lucas Lee", "post_count": 0, "source_profile_id": 98313, "source_type": "profile", "image": {"picURL": "https://static1.personality-database.com/profile_images/54ad8b05864a45c992dfcefee732d3de.png"}, "join_to_post": false, "can_pin": false}, {"description": "", "follow_count": 0, "id": 86517, "is_following": false, "is_join_pending": false, "is_banned": false, "is_moderated": false, "name_readable": "Hollie", "post_count": 0, "source_profile_id": 108813, "source_type": "profile", "image": {"picURL": "https://static1.personality-database.com/profile_images/a87366938a394e33a0d46de3a11e469c.png"}, "join_to_post": false, "can_pin": false}, {"description": "", "follow_count": 0, "id": 56872, "is_following": false, "is_join_pending": false, "is_banned": false, "is_moderated": false, "name_readable": "Stacey Pilgrim", "post_count": 0, "source_profile_id": 69909, "source_type": "profile", "image": {"picURL": "https://static1.personality-database.com/profile_images/ba3b2680d3c14b9ba4da01818435ebd7.png"}, "join_to_post": false, "can_pin": false}, {"description": "", "follow_count": 0, "id": 78691, "is_following": false, "is_join_pending": false, "is_banned": false, "is_moderated": false, "name_readable": "Todd Ingram", "post_count": 0, "source_profile_id": 98314, "source_type": "profile", "image": {"picURL": "https://static1.personality-database.com/profile_images/d684f2046d41431789d2e45992b37b79.png"}, "join_to_post": false, "can_pin": false}, {"description": "#ESFPVillains", "follow_count": 0, "id": 78689, "is_following": false, "is_join_pending": false, "is_banned": false, "is_moderated": false, "name_readable": "Matthew Patel", "post_count": 0, "source_profile_id": 98312, "source_type": "profile", "image": {"picURL": "https://static1.personality-database.com/profile_images/bd7291fa80c048518f860579f8917725.png"}, "join_to_post": false, "can_pin": false}, {"description": "", "follow_count": 0, "id": 101670, "is_following": false, "is_join_pending": false, "is_banned": false, "is_moderated": false, "name_readable": "Gideon Graves", "post_count": 0, "source_profile_id": 130227, "source_type": "profile", "image": {"picURL": "https://static1.personality-database.com/profile_images/e5b82651e0a941b09f6cc7275f9c8656.png"}, "join_to_post": false, "can_pin": false}, {"description": "", "follow_count": 0, "id": 78692, "is_following": false, "is_join_pending": false, "is_banned": false, "is_moderated": false, "name_readable": "Roxie Richter", "post_count": 0, "source_profile_id": 98315, "source_type": "profile", "image": {"picURL": "https://static1.personality-database.com/profile_images/df804434079a45eca5405bdca68d36b8.png"}, "join_to_post": false, "can_pin": false}, {"description": "", "follow_count": 0, "id": 56870, "is_following": false, "is_join_pending": false, "is_banned": false, "is_moderated": false, "name_readable": "Stephen Stills", "post_count": 0, "source_profile_id": 69907, "source_type": "profile", "image": {"picURL": "https://static1.personality-database.com/profile_images/2787567af6be4b1a80709a586b2b8ae2.png"}, "join_to_post": false, "can_pin": false}, {"description": "", "follow_count": 0, "id": 78686, "is_following": false, "is_join_pending": false, "is_banned": false, "is_moderated": false, "name_readable": "Young Neil Nordegraf", "post_count": 0, "source_profile_id": 98309, "source_type": "profile", "image": {"picURL": "https://static1.personality-database.com/profile_images/f45799ea406144278fdac3d3f06d2385.png"}, "join_to_post": false, "can_pin": false}], "subcategory": "Scott Pilgrim", "topic_image_url": "https://static1.personality-database.com/profile_images/f77cce858df0484581f37d7a5c25db5d.png", "source_location": {"cid": 9, "pid": 2, "sub_cat_id": 5674}, "can_post_image": false, "can_post_audio": false, "posts": {"posts": []}}}}