{"id": 150956, "mbti_profile": "Lord Ballister Blackheart", "profile_name_searchable": "ballisterblackheart", "allow_commenting": true, "allow_voting": true, "user_id": 75054, "contributor": "bru.lovegood", "contributor_create_date": "2020-06-20 05:36:38", "contributor_pic_path": "https://lh3.googleusercontent.com/a-/AOh14GgHHnxc3yIw-x6h66jMGt5SM4f9xYVMWfG0g_8E=s96-c", "display_order": 995, "edit_lock": 0, "edit_lock_picture": 0, "is_active": true, "is_approved": true, "mbti_enneagram_type": "INTJ 5w6", "mbti_type": "INTJ 5w6", "pdb_comment_access": true, "pdb_page_owner": 0, "pdb_public_access": true, "wiki_description": "Formerly a knight, now a mad scientist, Ballister is the Villain Protagonist of the story.", "watch_count": 7, "comment_count": 5, "vote_count": 10, "vote_count_enneagram": 5, "vote_count_mbti": 10, "total_vote_counts": 22, "personality_type": "INTJ - 5w6 - RLOAI", "type_updated_date": "2022-03-08 19:41:29", "enneagram_vote": "", "enneagram_vote_id": 0, "mbti_vote": "", "mbti_vote_id": 0, "is_watching": false, "image_exists": true, "profile_image_url": "https://static1.personality-database.com/profile_images/8cc60b90b82943729c5d46f0fdb78e15.png", "profile_image_credit": "", "profile_image_credit_id": 0, "profile_image_credit_type": "0", "profile_image_credit_url": "", "alt_subcategory": "", "related_subcategories": "", "cat_id": 9, "category": "Comics", "category_is_fictional": true, "sub_cat_id": 10168, "subcategory": "Nimona", "subcat_link_info": {"sub_cat_id": 10168, "cat_id": 9, "property_id": 2, "subcategory": "Nimona"}, "related_subcat_link_info": null, "related_profiles": [{"id": 150955, "mbti_profile": "Nimona", "subcategory": "Nimona", "profile_image_url": "https://static1.personality-database.com/profile_images/a5ce4acef5df4e288fa337a86fe6c21a.png", "profile_name": "Nimona", "profile_subcat": "Nimona", "sub_cat_id": 10168, "cat_id": 9, "property_id": 2, "mbti": "ENTP", "enneatype": "8w7"}, {"id": 150957, "mbti_profile": "Sir Ambrosius Goldenloin", "subcategory": "Nimona", "profile_image_url": "https://static1.personality-database.com/profile_images/e96da99810904e879024e1b5a238437f.png", "profile_name": "Sir Ambrosius Goldenloin", "profile_subcat": "Nimona", "sub_cat_id": 10168, "cat_id": 9, "property_id": 2, "mbti": "ESFJ", "enneatype": "3w2"}, {"id": 585547, "mbti_profile": "Dr. Meredith Blitzmeyer", "subcategory": "Nimona", "profile_image_url": "", "profile_name": "Dr. Meredith Blitzmeyer", "profile_subcat": "Nimona", "sub_cat_id": 10168, "cat_id": 9, "property_id": 2, "mbti": "INFP", "enneatype": ""}, {"id": 585545, "mbti_profile": "The Director", "subcategory": "Nimona", "profile_image_url": "", "profile_name": "The Director", "profile_subcat": "Nimona", "sub_cat_id": 10168, "cat_id": 9, "property_id": 2, "mbti": "", "enneatype": ""}, {"id": 585548, "mbti_profile": "Rudy", "subcategory": "Nimona", "profile_image_url": "", "profile_name": "Rudy", "profile_subcat": "Nimona", "sub_cat_id": 10168, "cat_id": 9, "property_id": 2, "mbti": "", "enneatype": ""}], "functions": ["Ni", "Te", "Fi", "Se"], "systems": [{"hex_color": "#888888", "id": 1, "personality_type": "XXXX", "personality_type_id": 0, "system_name": "Four Letter", "system_vote_count": 10, "user_vote_type_id": 0, "vote_id": 0}, {"hex_color": "#006775", "id": 2, "personality_type": "XXXX", "personality_type_id": 0, "system_name": "Enneagram", "system_vote_count": 5, "user_vote_type_id": 0, "vote_id": 0}, {"hex_color": "#006775", "id": 5, "personality_type": "XXXX", "personality_type_id": 0, "system_name": "Instinctual Variant", "system_vote_count": 1, "user_vote_type_id": 0, "vote_id": 0}, {"hex_color": "#006775", "id": 6, "personality_type": "XXXX", "personality_type_id": 0, "system_name": "Tritype", "system_vote_count": 2, "user_vote_type_id": 0, "vote_id": 0}, {"hex_color": "#888888", "id": 3, "personality_type": "XXXX", "personality_type_id": 0, "system_name": "Socionics", "system_vote_count": 0, "user_vote_type_id": 0, "vote_id": 0}, {"hex_color": "#888888", "id": 9, "personality_type": "XXXX", "personality_type_id": 0, "system_name": "Big 5 (SLOAN)", "system_vote_count": 1, "user_vote_type_id": 0, "vote_id": 0}, {"hex_color": "#888888", "id": 8, "personality_type": "XXXX", "personality_type_id": 0, "system_name": "Attitudinal Psyche", "system_vote_count": 0, "user_vote_type_id": 0, "vote_id": 0}, {"hex_color": "#888888", "id": 7, "personality_type": "XXXX", "personality_type_id": 0, "system_name": "Temperaments", "system_vote_count": 3, "user_vote_type_id": 0, "vote_id": 0}, {"hex_color": "#888888", "id": 11, "personality_type": "XXXX", "personality_type_id": 0, "system_name": "Classic Jungian", "system_vote_count": 0, "user_vote_type_id": 0, "vote_id": 0}], "breakdown_systems": {"1": [{"myValue": "INTJ", "personality_system_id": 1, "personality_type": "INTJ", "theCount": 7}, {"myValue": "ISTJ", "personality_system_id": 1, "personality_type": "ISTJ", "theCount": 2}, {"myValue": "ISFJ", "personality_system_id": 1, "personality_type": "ISFJ", "theCount": 1}], "11": [{"myValue": "XXXX", "personality_system_id": 0, "personality_type": "XXXX", "theCount": 0}], "2": [{"myValue": "5w6", "personality_system_id": 2, "personality_type": "5w6", "theCount": 4}, {"myValue": "1w9", "personality_system_id": 2, "personality_type": "1w9", "theCount": 1}], "3": [{"myValue": "XXXX", "personality_system_id": 0, "personality_type": "XXXX", "theCount": 0}], "5": [{"myValue": "sp/sx", "personality_system_id": 5, "personality_type": "sp/sx", "theCount": 1}], "6": [{"myValue": "164", "personality_system_id": 6, "personality_type": "164", "theCount": 1}, {"myValue": "514", "personality_system_id": 6, "personality_type": "514", "theCount": 1}], "7": [{"myValue": "Melancholic-Choleric", "personality_system_id": 7, "personality_type": "Melancholic-Choleric", "theCount": 1}, {"myValue": "Phlegmatic-Choleric", "personality_system_id": 7, "personality_type": "Phlegmatic-Choleric", "theCount": 1}, {"myValue": "Phlegmatic-Melancholic", "personality_system_id": 7, "personality_type": "Phlegmatic-Melancholic", "theCount": 1}], "8": [{"myValue": "XXXX", "personality_system_id": 0, "personality_type": "XXXX", "theCount": 0}], "9": [{"myValue": "RLOAI", "personality_system_id": 9, "personality_type": "RLOAI", "theCount": 1}]}, "breakdown_config": {"expand": {"1": 3, "11": 1, "2": 3, "3": 1, "5": 1, "6": 1, "7": 1, "8": 1, "9": 1}, "fire": {"1": 0, "11": 0, "2": 0, "3": 0, "5": 0, "6": 0, "7": 0, "8": 0, "9": 0}}, "mbti_letter_stats": [{"type": "I", "percentage": "100%", "PercentageFloat": 1}, {"type": "N", "percentage": "70%", "PercentageFloat": 0.7}, {"type": "T", "percentage": "90%", "PercentageFloat": 0.9}, {"type": "J", "percentage": "100%", "PercentageFloat": 1}], "topic_info": {"can_generate": false, "topic": {"description": "", "follow_count": 0, "id": 116941, "is_following": false, "is_join_pending": false, "is_banned": false, "is_moderated": false, "name_readable": "Ballister Blackheart", "post_count": 0, "source_profile_id": 150956, "source_type": "profile", "join_to_post": false, "can_pin": false, "related_topics": [{"description": "", "follow_count": 0, "id": 116940, "is_following": false, "is_join_pending": false, "is_banned": false, "is_moderated": false, "name_readable": "Nimona", "post_count": 1, "source_profile_id": 150955, "source_type": "profile", "image": {"picURL": "https://static1.personality-database.com/profile_images/a5ce4acef5df4e288fa337a86fe6c21a.png"}, "join_to_post": false, "can_pin": false}, {"description": "", "follow_count": 0, "id": 116941, "is_following": false, "is_join_pending": false, "is_banned": false, "is_moderated": false, "name_readable": "Ballister Blackheart", "post_count": 0, "source_profile_id": 150956, "source_type": "profile", "image": {"picURL": "https://static1.personality-database.com/profile_images/8cc60b90b82943729c5d46f0fdb78e15.png"}, "join_to_post": false, "can_pin": false}, {"description": "", "follow_count": 0, "id": 116942, "is_following": false, "is_join_pending": false, "is_banned": false, "is_moderated": false, "name_readable": "Ambrosius Goldengloin", "post_count": 0, "source_profile_id": 150957, "source_type": "profile", "image": {"picURL": "https://static1.personality-database.com/profile_images/e96da99810904e879024e1b5a238437f.png"}, "join_to_post": false, "can_pin": false}], "subcategory": "Nimona", "topic_image_url": "https://static1.personality-database.com/profile_images/8cc60b90b82943729c5d46f0fdb78e15.png", "source_location": {"cid": 9, "pid": 2, "sub_cat_id": 10168}, "can_post_image": false, "can_post_audio": false, "posts": {"posts": []}}}}