{"id": 150955, "mbti_profile": "Nimona", "profile_name_searchable": "nimona", "allow_commenting": true, "allow_voting": true, "user_id": 75054, "contributor": "bru.lovegood", "contributor_create_date": "2020-06-20 05:36:38", "contributor_pic_path": "https://lh3.googleusercontent.com/a-/AOh14GgHHnxc3yIw-x6h66jMGt5SM4f9xYVMWfG0g_8E=s96-c", "display_order": 1000, "edit_lock": 0, "edit_lock_picture": 0, "is_active": true, "is_approved": true, "mbti_enneagram_type": "ENTP 8w7", "mbti_type": "ENTP 8w7", "pdb_comment_access": true, "pdb_page_owner": 0, "pdb_public_access": true, "wiki_description": "The eponymous young shapeshifter who aspires to be a supervillain and has convinced Lord Ballister Blackheart to take her on as his squire. While quick-thinking and innovative with her powers, she is disturbingly destructive and impulsive.", "watch_count": 6, "comment_count": 7, "vote_count": 14, "vote_count_enneagram": 12, "vote_count_mbti": 14, "total_vote_counts": 45, "personality_type": "ENTP - 8w7 - so/sp - 874 - SLUEI - VLEF - Choleric-Sanguine", "type_updated_date": "2023-01-08 12:36:15", "enneagram_vote": "", "enneagram_vote_id": 0, "mbti_vote": "", "mbti_vote_id": 0, "is_watching": false, "image_exists": false, "profile_image_url": "https://static1.personality-database.com/profile_images/a5ce4acef5df4e288fa337a86fe6c21a.png", "profile_image_credit": "", "profile_image_credit_id": 231094, "profile_image_credit_type": "0", "profile_image_credit_url": "", "alt_subcategory": "", "related_subcategories": "", "cat_id": 9, "category": "Comics", "category_is_fictional": true, "sub_cat_id": 10168, "subcategory": "Nimona", "subcat_link_info": {"sub_cat_id": 10168, "cat_id": 9, "property_id": 2, "subcategory": "Nimona"}, "related_subcat_link_info": null, "related_profiles": [{"id": 150956, "mbti_profile": "Lord Ballister Blackheart", "subcategory": "Nimona", "profile_image_url": "https://static1.personality-database.com/profile_images/8cc60b90b82943729c5d46f0fdb78e15.png", "profile_name": "Lord Ballister Blackheart", "profile_subcat": "Nimona", "sub_cat_id": 10168, "cat_id": 9, "property_id": 2, "mbti": "INTJ", "enneatype": "5w6"}, {"id": 150957, "mbti_profile": "Sir Ambrosius Goldenloin", "subcategory": "Nimona", "profile_image_url": "https://static1.personality-database.com/profile_images/e96da99810904e879024e1b5a238437f.png", "profile_name": "Sir Ambrosius Goldenloin", "profile_subcat": "Nimona", "sub_cat_id": 10168, "cat_id": 9, "property_id": 2, "mbti": "ESFJ", "enneatype": "3w2"}, {"id": 585547, "mbti_profile": "Dr. Meredith Blitzmeyer", "subcategory": "Nimona", "profile_image_url": "", "profile_name": "Dr. Meredith Blitzmeyer", "profile_subcat": "Nimona", "sub_cat_id": 10168, "cat_id": 9, "property_id": 2, "mbti": "INFP", "enneatype": ""}, {"id": 585545, "mbti_profile": "The Director", "subcategory": "Nimona", "profile_image_url": "", "profile_name": "The Director", "profile_subcat": "Nimona", "sub_cat_id": 10168, "cat_id": 9, "property_id": 2, "mbti": "", "enneatype": ""}, {"id": 585548, "mbti_profile": "Rudy", "subcategory": "Nimona", "profile_image_url": "", "profile_name": "Rudy", "profile_subcat": "Nimona", "sub_cat_id": 10168, "cat_id": 9, "property_id": 2, "mbti": "", "enneatype": ""}], "functions": ["Ne", "Ti", "Fe", "Si"], "systems": [{"hex_color": "#888888", "id": 1, "personality_type": "XXXX", "personality_type_id": 0, "system_name": "Four Letter", "system_vote_count": 14, "user_vote_type_id": 0, "vote_id": 0}, {"hex_color": "#006775", "id": 2, "personality_type": "XXXX", "personality_type_id": 0, "system_name": "Enneagram", "system_vote_count": 12, "user_vote_type_id": 0, "vote_id": 0}, {"hex_color": "#006775", "id": 5, "personality_type": "XXXX", "personality_type_id": 0, "system_name": "Instinctual Variant", "system_vote_count": 7, "user_vote_type_id": 0, "vote_id": 0}, {"hex_color": "#006775", "id": 6, "personality_type": "XXXX", "personality_type_id": 0, "system_name": "Tritype", "system_vote_count": 3, "user_vote_type_id": 0, "vote_id": 0}, {"hex_color": "#888888", "id": 3, "personality_type": "XXXX", "personality_type_id": 0, "system_name": "Socionics", "system_vote_count": 0, "user_vote_type_id": 0, "vote_id": 0}, {"hex_color": "#888888", "id": 9, "personality_type": "XXXX", "personality_type_id": 0, "system_name": "Big 5 (SLOAN)", "system_vote_count": 1, "user_vote_type_id": 0, "vote_id": 0}, {"hex_color": "#888888", "id": 8, "personality_type": "XXXX", "personality_type_id": 0, "system_name": "Attitudinal Psyche", "system_vote_count": 1, "user_vote_type_id": 0, "vote_id": 0}, {"hex_color": "#888888", "id": 7, "personality_type": "XXXX", "personality_type_id": 0, "system_name": "Temperaments", "system_vote_count": 5, "user_vote_type_id": 0, "vote_id": 0}, {"hex_color": "#888888", "id": 11, "personality_type": "XXXX", "personality_type_id": 0, "system_name": "Classic Jungian", "system_vote_count": 0, "user_vote_type_id": 0, "vote_id": 0}], "breakdown_systems": {"1": [{"myValue": "ENTP", "personality_system_id": 1, "personality_type": "ENTP", "theCount": 10}, {"myValue": "ESFP", "personality_system_id": 1, "personality_type": "ESFP", "theCount": 3}, {"myValue": "ENFP", "personality_system_id": 1, "personality_type": "ENFP", "theCount": 1}], "11": [{"myValue": "XXXX", "personality_system_id": 0, "personality_type": "XXXX", "theCount": 0}], "2": [{"myValue": "8w7", "personality_system_id": 2, "personality_type": "8w7", "theCount": 9}, {"myValue": "7w8", "personality_system_id": 2, "personality_type": "7w8", "theCount": 2}, {"myValue": "7w6", "personality_system_id": 2, "personality_type": "7w6", "theCount": 1}], "3": [{"myValue": "XXXX", "personality_system_id": 0, "personality_type": "XXXX", "theCount": 0}], "4": [{"myValue": "Chaotic Neutral", "personality_system_id": 4, "personality_type": "Chaotic Neutral", "theCount": 1}, {"myValue": "Lawful Evil", "personality_system_id": 4, "personality_type": "Lawful Evil", "theCount": 1}], "5": [{"myValue": "so/sp", "personality_system_id": 5, "personality_type": "so/sp", "theCount": 4}, {"myValue": "sp/sx", "personality_system_id": 5, "personality_type": "sp/sx", "theCount": 2}, {"myValue": "sx/sp", "personality_system_id": 5, "personality_type": "sx/sp", "theCount": 1}], "6": [{"myValue": "874", "personality_system_id": 6, "personality_type": "874", "theCount": 2}, {"myValue": "748", "personality_system_id": 6, "personality_type": "748", "theCount": 1}], "7": [{"myValue": "Choleric-Sanguine", "personality_system_id": 7, "personality_type": "Choleric-Sanguine", "theCount": 2}, {"myValue": "Choleric [Dominant]", "personality_system_id": 7, "personality_type": "Choleric [Dominant]", "theCount": 1}, {"myValue": "Sanguine-Choleric", "personality_system_id": 7, "personality_type": "Sanguine-Choleric", "theCount": 1}, {"myValue": "Sanguine-Phlegmatic", "personality_system_id": 7, "personality_type": "Sanguine-Phlegmatic", "theCount": 1}], "8": [{"myValue": "VLEF", "personality_system_id": 8, "personality_type": "VLEF", "theCount": 1}], "9": [{"myValue": "SLUEI", "personality_system_id": 9, "personality_type": "SLUEI", "theCount": 1}]}, "breakdown_config": {"expand": {"1": 3, "11": 1, "2": 3, "3": 1, "4": 1, "5": 1, "6": 1, "7": 1, "8": 1, "9": 1}, "fire": {"1": 0, "11": 0, "2": 0, "3": 0, "4": 0, "5": 0, "6": 0, "7": 0, "8": 0, "9": 0}}, "mbti_letter_stats": [{"type": "E", "percentage": "100%", "PercentageFloat": 1}, {"type": "N", "percentage": "79%", "PercentageFloat": 0.7857142857142857}, {"type": "T", "percentage": "71%", "PercentageFloat": 0.7142857142857143}, {"type": "P", "percentage": "100%", "PercentageFloat": 1}], "topic_info": {"can_generate": false, "topic": {"description": "", "follow_count": 0, "id": 116940, "is_following": false, "is_join_pending": false, "is_banned": false, "is_moderated": false, "name_readable": "Nimona", "post_count": 1, "source_profile_id": 150955, "source_type": "profile", "join_to_post": false, "can_pin": false, "related_topics": [{"description": "", "follow_count": 0, "id": 116940, "is_following": false, "is_join_pending": false, "is_banned": false, "is_moderated": false, "name_readable": "Nimona", "post_count": 1, "source_profile_id": 150955, "source_type": "profile", "image": {"picURL": "https://static1.personality-database.com/profile_images/a5ce4acef5df4e288fa337a86fe6c21a.png"}, "join_to_post": false, "can_pin": false}, {"description": "", "follow_count": 0, "id": 116941, "is_following": false, "is_join_pending": false, "is_banned": false, "is_moderated": false, "name_readable": "Ballister Blackheart", "post_count": 0, "source_profile_id": 150956, "source_type": "profile", "image": {"picURL": "https://static1.personality-database.com/profile_images/8cc60b90b82943729c5d46f0fdb78e15.png"}, "join_to_post": false, "can_pin": false}, {"description": "", "follow_count": 0, "id": 116942, "is_following": false, "is_join_pending": false, "is_banned": false, "is_moderated": false, "name_readable": "Ambrosius Goldengloin", "post_count": 0, "source_profile_id": 150957, "source_type": "profile", "image": {"picURL": "https://static1.personality-database.com/profile_images/e96da99810904e879024e1b5a238437f.png"}, "join_to_post": false, "can_pin": false}], "subcategory": "Nimona", "topic_image_url": "https://static1.personality-database.com/profile_images/a5ce4acef5df4e288fa337a86fe6c21a.png", "source_location": {"cid": 9, "pid": 2, "sub_cat_id": 10168}, "can_post_image": false, "can_post_audio": false, "posts": {"posts": [{"username": "yvkhan", "user_pic_path": "https://lh3.googleusercontent.com/a/ALm5wu005E9Ct0U03CrIH9ZtY_t0hl2wM_jaQoKkc2-bkw=s96-c", "user_personality_type": "ENFP-7w6-749", "is_mod": false, "comment_count": 0, "reply_count": 0, "vote_type": 0, "topics_list": [{"id": 116940, "name_readable": "Nimona"}], "id": 741469, "post_id": 741469, "user_id": 335041, "title": "", "content": "It was such a good choice to omit the reason why Nimona has her abilities. Nimona shouldn't have to explain why she is the way she is to be accepted, which makes her story a perfect allegory for the queer experience.", "create_date": 1653096950000, "unix_timestamp": 1653096950000, "update_date": 1653096950000, "vote_count": 2, "vote_count_down": 0, "is_reported": 0, "is_hidden": false, "is_pinned": false, "is_watching": false, "is_pro_user": false, "images": null, "audios": null, "function_list": [], "type": "post"}]}}}}