{"id": 155632, "mbti_profile": "Cassandra (Cascuda)", "profile_name_searchable": "cassandracascuda", "allow_commenting": true, "allow_voting": true, "user_id": 53664, "contributor": "Katara_leijon", "contributor_create_date": "2020-07-01 16:51:53", "contributor_pic_path": "https://lh3.googleusercontent.com/a-/AOh14GjmVXlYC_M8NEcyRnw1stC-7DwIdb4vKCZ0BNBQ=s96-c", "display_order": 0, "edit_lock": 0, "edit_lock_picture": 0, "is_active": true, "is_approved": true, "mbti_enneagram_type": "ESTJ 1w2", "mbti_type": "ESTJ 1w2", "pdb_comment_access": true, "pdb_page_owner": 0, "pdb_public_access": true, "wiki_description": "", "watch_count": 4, "comment_count": 6, "vote_count": 14, "vote_count_enneagram": 18, "vote_count_mbti": 14, "total_vote_counts": 50, "personality_type": "ESTJ - 1w2 - so/sp - 163 - LSE - SCOAN", "type_updated_date": "2022-07-28 13:51:08", "enneagram_vote": "", "enneagram_vote_id": 0, "mbti_vote": "", "mbti_vote_id": 0, "is_watching": false, "image_exists": false, "profile_image_url": "https://static1.personality-database.com/profile_images/727aa41ff275479c904db2bdb7747c00.png", "profile_image_credit": "", "profile_image_credit_id": 0, "profile_image_credit_type": "0", "profile_image_credit_url": "", "alt_subcategory": "", "related_subcategories": "", "cat_id": 9, "category": "Comics", "category_is_fictional": true, "sub_cat_id": 10522, "subcategory": "Monica Adventures (Turma da M\u00f4nica Jovem)", "subcat_link_info": {"sub_cat_id": 10522, "cat_id": 9, "property_id": 2, "subcategory": "Monica Adventures (Turma da M\u00f4nica Jovem)"}, "related_subcat_link_info": null, "related_profiles": [{"id": 155613, "mbti_profile": "Maur\u00edcio \"Do Contra\" Hiromashi", "subcategory": "Monica Adventures (Turma da M\u00f4nica Jovem)", "profile_image_url": "https://static1.personality-database.com/profile_images/a747d32869ca437d9d22856f27e70720.png", "profile_name": "Maur\u00edcio \"Do Contra\" Hiromashi", "profile_subcat": "Monica Adventures (Turma da M\u00f4nica Jovem)", "sub_cat_id": 10522, "cat_id": 9, "property_id": 2, "mbti": "ENTP", "enneatype": "4w5"}, {"id": 155611, "mbti_profile": "Magali", "subcategory": "Monica Adventures (Turma da M\u00f4nica Jovem)", "profile_image_url": "https://static1.personality-database.com/profile_images/9105ff0d3f934cbcae734a929049238f.png", "profile_name": "Magali", "profile_subcat": "Monica Adventures (Turma da M\u00f4nica Jovem)", "sub_cat_id": 10522, "cat_id": 9, "property_id": 2, "mbti": "ISFP", "enneatype": "9w1"}, {"id": 155690, "mbti_profile": "Marina", "subcategory": "Monica Adventures (Turma da M\u00f4nica Jovem)", "profile_image_url": "https://static1.personality-database.com/profile_images/7f916d6a890a400daed31197c4a7a905.png", "profile_name": "Marina", "profile_subcat": "Monica Adventures (Turma da M\u00f4nica Jovem)", "sub_cat_id": 10522, "cat_id": 9, "property_id": 2, "mbti": "ENFP", "enneatype": "4w5"}, {"id": 155616, "mbti_profile": "Denise", "subcategory": "Monica Adventures (Turma da M\u00f4nica Jovem)", "profile_image_url": "https://static1.personality-database.com/profile_images/70837831d366475b9c487735bf0af3d4.png", "profile_name": "Denise", "profile_subcat": "Monica Adventures (Turma da M\u00f4nica Jovem)", "sub_cat_id": 10522, "cat_id": 9, "property_id": 2, "mbti": "ENTP", "enneatype": "3w2"}, {"id": 155614, "mbti_profile": "Cebola", "subcategory": "Monica Adventures (Turma da M\u00f4nica Jovem)", "profile_image_url": "https://static1.personality-database.com/profile_images/ead9947c384644e1b0a92dede8ad8302.png", "profile_name": "Cebola", "profile_subcat": "Monica Adventures (Turma da M\u00f4nica Jovem)", "sub_cat_id": 10522, "cat_id": 9, "property_id": 2, "mbti": "ENTJ", "enneatype": "3w4"}, {"id": 155612, "mbti_profile": "Casc\u00e3o", "subcategory": "Monica Adventures (Turma da M\u00f4nica Jovem)", "profile_image_url": "https://static1.personality-database.com/profile_images/1fd80bd3fa6e400dad1ab3a5e41d2571.png", "profile_name": "Casc\u00e3o", "profile_subcat": "Monica Adventures (Turma da M\u00f4nica Jovem)", "sub_cat_id": 10522, "cat_id": 9, "property_id": 2, "mbti": "ESFP", "enneatype": "7w6"}, {"id": 155610, "mbti_profile": "M\u00f4nica", "subcategory": "Monica Adventures (Turma da M\u00f4nica Jovem)", "profile_image_url": "https://static1.personality-database.com/profile_images/fd64f6aa9bff4063aa6e2735351b33e2.png", "profile_name": "M\u00f4nica", "profile_subcat": "Monica Adventures (Turma da M\u00f4nica Jovem)", "sub_cat_id": 10522, "cat_id": 9, "property_id": 2, "mbti": "ESFJ", "enneatype": "8w9"}, {"id": 155688, "mbti_profile": "\u00c2ngelo", "subcategory": "Monica Adventures (Turma da M\u00f4nica Jovem)", "profile_image_url": "https://static1.personality-database.com/profile_images/4d7c22559495473981f3caaa0bd46f9c.png", "profile_name": "\u00c2ngelo", "profile_subcat": "Monica Adventures (Turma da M\u00f4nica Jovem)", "sub_cat_id": 10522, "cat_id": 9, "property_id": 2, "mbti": "INFJ", "enneatype": "2w1"}], "functions": ["Te", "Si", "Ne", "Fi"], "systems": [{"hex_color": "#888888", "id": 1, "personality_type": "XXXX", "personality_type_id": 0, "system_name": "Four Letter", "system_vote_count": 14, "user_vote_type_id": 0, "vote_id": 0}, {"hex_color": "#006775", "id": 2, "personality_type": "XXXX", "personality_type_id": 0, "system_name": "Enneagram", "system_vote_count": 18, "user_vote_type_id": 0, "vote_id": 0}, {"hex_color": "#006775", "id": 5, "personality_type": "XXXX", "personality_type_id": 0, "system_name": "Instinctual Variant", "system_vote_count": 4, "user_vote_type_id": 0, "vote_id": 0}, {"hex_color": "#006775", "id": 6, "personality_type": "XXXX", "personality_type_id": 0, "system_name": "Tritype", "system_vote_count": 7, "user_vote_type_id": 0, "vote_id": 0}, {"hex_color": "#888888", "id": 3, "personality_type": "XXXX", "personality_type_id": 0, "system_name": "Socionics", "system_vote_count": 1, "user_vote_type_id": 0, "vote_id": 0}, {"hex_color": "#888888", "id": 9, "personality_type": "XXXX", "personality_type_id": 0, "system_name": "Big 5 (SLOAN)", "system_vote_count": 1, "user_vote_type_id": 0, "vote_id": 0}, {"hex_color": "#888888", "id": 8, "personality_type": "XXXX", "personality_type_id": 0, "system_name": "Attitudinal Psyche", "system_vote_count": 0, "user_vote_type_id": 0, "vote_id": 0}, {"hex_color": "#888888", "id": 7, "personality_type": "XXXX", "personality_type_id": 0, "system_name": "Temperaments", "system_vote_count": 4, "user_vote_type_id": 0, "vote_id": 0}, {"hex_color": "#888888", "id": 11, "personality_type": "XXXX", "personality_type_id": 0, "system_name": "Classic Jungian", "system_vote_count": 0, "user_vote_type_id": 0, "vote_id": 0}], "breakdown_systems": {"1": [{"myValue": "ESTJ", "personality_system_id": 1, "personality_type": "ESTJ", "theCount": 13}, {"myValue": "ISTJ", "personality_system_id": 1, "personality_type": "ISTJ", "theCount": 1}], "11": [{"myValue": "XXXX", "personality_system_id": 0, "personality_type": "XXXX", "theCount": 0}], "2": [{"myValue": "1w2", "personality_system_id": 2, "personality_type": "1w2", "theCount": 11}, {"myValue": "2w1", "personality_system_id": 2, "personality_type": "2w1", "theCount": 7}], "3": [{"myValue": "LSE", "personality_system_id": 3, "personality_type": "LSE", "theCount": 1}], "4": [{"myValue": "Lawful Good", "personality_system_id": 4, "personality_type": "Lawful Good", "theCount": 1}], "5": [{"myValue": "so/sp", "personality_system_id": 5, "personality_type": "so/sp", "theCount": 3}, {"myValue": "sp/so", "personality_system_id": 5, "personality_type": "sp/so", "theCount": 1}], "6": [{"myValue": "163", "personality_system_id": 6, "personality_type": "163", "theCount": 4}, {"myValue": "261", "personality_system_id": 6, "personality_type": "261", "theCount": 2}, {"myValue": "126", "personality_system_id": 6, "personality_type": "126", "theCount": 1}], "7": [{"myValue": "Choleric [Dominant]", "personality_system_id": 7, "personality_type": "Choleric [Dominant]", "theCount": 2}, {"myValue": "Choleric-Sanguine", "personality_system_id": 7, "personality_type": "Choleric-Sanguine", "theCount": 2}], "8": [{"myValue": "XXXX", "personality_system_id": 0, "personality_type": "XXXX", "theCount": 0}], "9": [{"myValue": "SCOAN", "personality_system_id": 9, "personality_type": "SCOAN", "theCount": 1}]}, "breakdown_config": {"expand": {"1": 3, "11": 1, "2": 3, "3": 1, "4": 1, "5": 1, "6": 1, "7": 1, "8": 1, "9": 1}, "fire": {"1": 0, "11": 0, "2": 1, "3": 0, "4": 0, "5": 0, "6": 0, "7": 0, "8": 0, "9": 0}}, "mbti_letter_stats": [{"type": "E", "percentage": "93%", "PercentageFloat": 0.9285714285714286}, {"type": "S", "percentage": "100%", "PercentageFloat": 1}, {"type": "T", "percentage": "100%", "PercentageFloat": 1}, {"type": "J", "percentage": "100%", "PercentageFloat": 1}], "topic_info": {"can_generate": false, "topic": {"description": "", "follow_count": 0, "id": 120712, "is_following": false, "is_join_pending": false, "is_banned": false, "is_moderated": false, "name_readable": "Cassandra (Cascuda)", "post_count": 0, "source_profile_id": 155632, "source_type": "profile", "join_to_post": false, "can_pin": false, "related_topics": [{"description": "", "follow_count": 0, "id": 120693, "is_following": false, "is_join_pending": false, "is_banned": false, "is_moderated": false, "name_readable": "Maur\u00edcio \"Do Contra\" Hiromashi", "post_count": 3, "source_profile_id": 155613, "source_type": "profile", "image": {"picURL": "https://static1.personality-database.com/profile_images/a747d32869ca437d9d22856f27e70720.png"}, "join_to_post": false, "can_pin": false}, {"description": "", "follow_count": 0, "id": 120690, "is_following": false, "is_join_pending": false, "is_banned": false, "is_moderated": false, "name_readable": "M\u00f4nica", "post_count": 1, "source_profile_id": 155610, "source_type": "profile", "image": {"picURL": "https://static1.personality-database.com/profile_images/fd64f6aa9bff4063aa6e2735351b33e2.png"}, "join_to_post": false, "can_pin": false}, {"description": "She\u2019s a character from monica adventures 59", "follow_count": 0, "id": 270900, "is_following": false, "is_join_pending": false, "is_banned": false, "is_moderated": false, "name_readable": "D\u00e1lia", "post_count": 0, "source_profile_id": 351968, "source_type": "profile", "image": {"picURL": "https://static1.personality-database.com/profile_images/2288048e2f7f46c99e8c265a06b75b4e.png"}, "join_to_post": false, "can_pin": false}, {"description": "She\u2019s a character from monica adventures on Chico Bento Mo\u00e7o stories", "follow_count": 0, "id": 270912, "is_following": false, "is_join_pending": false, "is_banned": false, "is_moderated": false, "name_readable": "Ferrugem", "post_count": 0, "source_profile_id": 351981, "source_type": "profile", "image": {"picURL": "https://static1.personality-database.com/profile_images/d4524950a442453cbe793c53d0d05886.png"}, "join_to_post": false, "can_pin": false}, {"description": "She\u2019s a character from monica adventures 59", "follow_count": 0, "id": 270899, "is_following": false, "is_join_pending": false, "is_banned": false, "is_moderated": false, "name_readable": "Narcisa", "post_count": 0, "source_profile_id": 351967, "source_type": "profile", "image": {"picURL": "https://static1.personality-database.com/profile_images/d8b337f1fca44cccb2ef4af09f012bf2.png"}, "join_to_post": false, "can_pin": false}, {"description": "", "follow_count": 0, "id": 263082, "is_following": false, "is_join_pending": false, "is_banned": false, "is_moderated": false, "name_readable": "Absinto (Filhos de Umbra)", "post_count": 0, "source_profile_id": 341868, "source_type": "profile", "image": {"picURL": "https://static1.personality-database.com/profile_images/e7111daa12f14826b057c56247945b66.png"}, "join_to_post": false, "can_pin": false}, {"description": "", "follow_count": 0, "id": 263080, "is_following": false, "is_join_pending": false, "is_banned": false, "is_moderated": false, "name_readable": "Sangria (Filhos de Umbra)", "post_count": 0, "source_profile_id": 341866, "source_type": "profile", "image": {"picURL": "https://static1.personality-database.com/profile_images/74f1ac663ff4453fa5e15a44d3bd5177.png"}, "join_to_post": false, "can_pin": false}, {"description": "", "follow_count": 0, "id": 260667, "is_following": false, "is_join_pending": false, "is_banned": false, "is_moderated": false, "name_readable": "Tia Nena", "post_count": 0, "source_profile_id": 338843, "source_type": "profile", "image": {"picURL": "https://static1.personality-database.com/profile_images/ba485433c9bf4e75a6dfb071b0a35217.png"}, "join_to_post": false, "can_pin": false}, {"description": "Isadora que prefere ser chamada apenas de Isa, \u00e9 uma menina nova na Turma da M\u00f4nica Jovem que faz sua primeira apari\u00e7\u00e3o na TMJ 33\u00b0\n \nEla \u00e9 loira de olhos verdes,gordinha que sofre hipotireoidismo. Ela \u00e9 uma personagem que est\u00e1 sempre alegre e disposta a estar e agradar os amigos. Para isso muitas vezes ela traz doce para a galera.\n\nEla \u00e9 sens\u00edvel e muito criativa que soluciona v\u00e1rios problemas com o uso da criatividade e espontaneidade. Tem um poder de lideran\u00e7a e persuas\u00e3o incr\u00edvel,que faz com que ela resolva v\u00e1rios problemas dos outros,atrav\u00e9s de conselhos e dicas sobre a vida.\nEla faz de tudo para ser amada e querida por todos,mesmo por Maria Mello,que de primeira se irritou com ela,pelo fato dela ser gorda (j\u00e1 que a Maria \u00e9 transtornada com isso).\n\nIsa \u00e9 sempre muito alegre e disposta com os outros. Esse otimismo e disponibilidade com os outros encantou at\u00e9 mesmo o Lucca.\n\nPorem pouco se sabe da vida pessoal dela,ela meio que namora mas ao mesmo tempo tem problemas.", "follow_count": 0, "id": 184598, "is_following": false, "is_join_pending": false, "is_banned": false, "is_moderated": false, "name_readable": "Isadora (Isa)", "post_count": 0, "source_profile_id": 238951, "source_type": "profile", "image": {"picURL": "https://static1.personality-database.com/profile_images/1590046e21d54932a0ea48fba66e8761.png"}, "join_to_post": false, "can_pin": false}, {"description": "", "follow_count": 0, "id": 287862, "is_following": false, "is_join_pending": false, "is_banned": false, "is_moderated": false, "name_readable": "Sofia", "post_count": 0, "source_profile_id": 374190, "source_type": "profile", "image": {"picURL": "https://static1.personality-database.com/profile_images/bdbb045146d343ada3ada97b3d2592f1.png"}, "join_to_post": false, "can_pin": false}, {"description": "", "follow_count": 0, "id": 260668, "is_following": false, "is_join_pending": false, "is_banned": false, "is_moderated": false, "name_readable": "Dudu", "post_count": 0, "source_profile_id": 338844, "source_type": "profile", "image": {"picURL": "https://static1.personality-database.com/profile_images/c47ed166e1374012b3aa35a5935101d2.png"}, "join_to_post": false, "can_pin": false}, {"description": "", "follow_count": 0, "id": 263072, "is_following": false, "is_join_pending": false, "is_banned": false, "is_moderated": false, "name_readable": "Sarah", "post_count": 0, "source_profile_id": 341858, "source_type": "profile", "image": {"picURL": "https://static1.personality-database.com/profile_images/573202ce00ff44f4b5f0aa1a263e5471.png"}, "join_to_post": false, "can_pin": false}, {"description": "He\u2019s a character from monica adventures, on the Chico Bento mo\u00e7o stories", "follow_count": 0, "id": 270911, "is_following": false, "is_join_pending": false, "is_banned": false, "is_moderated": false, "name_readable": "Vespa", "post_count": 0, "source_profile_id": 351980, "source_type": "profile", "image": {"picURL": "https://static1.personality-database.com/profile_images/c925b2415c464fd4856ae2b5a1ea166a.png"}, "join_to_post": false, "can_pin": false}, {"description": "", "follow_count": 0, "id": 276537, "is_following": false, "is_join_pending": false, "is_banned": false, "is_moderated": false, "name_readable": "B.O.R.E.A.S.", "post_count": 0, "source_profile_id": 359498, "source_type": "profile", "image": {"picURL": "https://static1.personality-database.com/profile_images/13adf055cf41417d9fe3d59bfa5cc6c9.png"}, "join_to_post": false, "can_pin": false}, {"description": "O trator o drag\u00e3o a bucha de canh\u00e3o (maite)", "follow_count": 0, "id": 293981, "is_following": false, "is_join_pending": false, "is_banned": false, "is_moderated": false, "name_readable": "Sofia A terr\u00edvel", "post_count": 0, "source_profile_id": 382055, "source_type": "profile", "image": {"picURL": "https://static1.personality-database.com/profile_images/323cc1e8c0d44c2d864425586bc04f53.png"}, "join_to_post": false, "can_pin": false}, {"description": "", "follow_count": 0, "id": 127090, "is_following": false, "is_join_pending": false, "is_banned": false, "is_moderated": false, "name_readable": "Toni", "post_count": 0, "source_profile_id": 163861, "source_type": "profile", "image": {"picURL": "https://static1.personality-database.com/profile_images/06e86ee46ef34d2e8ef8d218cef01a60.png"}, "join_to_post": false, "can_pin": false}], "subcategory": "Monica Adventures (Turma da M\u00f4nica Jovem)", "topic_image_url": "https://static1.personality-database.com/profile_images/727aa41ff275479c904db2bdb7747c00.png", "source_location": {"cid": 9, "pid": 2, "sub_cat_id": 10522}, "can_post_image": false, "can_post_audio": false, "posts": {"posts": []}}}}