{"id": 158108, "mbti_profile": "Carmen", "profile_name_searchable": "carmen", "allow_commenting": true, "allow_voting": true, "user_id": 53664, "contributor": "Katara_leijon", "contributor_create_date": "2020-07-06 16:22:57", "contributor_pic_path": "https://lh3.googleusercontent.com/a-/AOh14GjmVXlYC_M8NEcyRnw1stC-7DwIdb4vKCZ0BNBQ=s96-c", "display_order": 0, "edit_lock": 0, "edit_lock_picture": 0, "is_active": true, "is_approved": true, "mbti_enneagram_type": "XXXX 3w2", "mbti_type": "XXXX 3w2", "pdb_comment_access": true, "pdb_page_owner": 0, "pdb_public_access": true, "wiki_description": "", "watch_count": 4, "comment_count": 2, "vote_count": 31, "vote_count_enneagram": 12, "vote_count_mbti": 31, "total_vote_counts": 56, "personality_type": "ESTP - 3w2 - 378 - SCOEN - FVEL - Choleric-Sanguine", "type_updated_date": "2022-11-19 18:35:17", "enneagram_vote": "", "enneagram_vote_id": 0, "mbti_vote": "", "mbti_vote_id": 0, "is_watching": false, "image_exists": false, "profile_image_url": "https://static1.personality-database.com/profile_images/c2cb6a4b0cc049e2b799a3208cd8f488.png", "profile_image_credit": "", "profile_image_credit_id": 91904, "profile_image_credit_type": "0", "profile_image_credit_url": "", "alt_subcategory": "", "related_subcategories": "", "cat_id": 9, "category": "Comics", "category_is_fictional": true, "sub_cat_id": 10522, "subcategory": "Monica Adventures (Turma da M\u00f4nica Jovem)", "subcat_link_info": {"sub_cat_id": 10522, "cat_id": 9, "property_id": 2, "subcategory": "Monica Adventures (Turma da M\u00f4nica Jovem)"}, "related_subcat_link_info": null, "related_profiles": [{"id": 155613, "mbti_profile": "Maur\u00edcio \"Do Contra\" Hiromashi", "subcategory": "Monica Adventures (Turma da M\u00f4nica Jovem)", "profile_image_url": "https://static1.personality-database.com/profile_images/a747d32869ca437d9d22856f27e70720.png", "profile_name": "Maur\u00edcio \"Do Contra\" Hiromashi", "profile_subcat": "Monica Adventures (Turma da M\u00f4nica Jovem)", "sub_cat_id": 10522, "cat_id": 9, "property_id": 2, "mbti": "ENTP", "enneatype": "4w5"}, {"id": 155611, "mbti_profile": "Magali", "subcategory": "Monica Adventures (Turma da M\u00f4nica Jovem)", "profile_image_url": "https://static1.personality-database.com/profile_images/9105ff0d3f934cbcae734a929049238f.png", "profile_name": "Magali", "profile_subcat": "Monica Adventures (Turma da M\u00f4nica Jovem)", "sub_cat_id": 10522, "cat_id": 9, "property_id": 2, "mbti": "ISFP", "enneatype": "9w1"}, {"id": 155690, "mbti_profile": "Marina", "subcategory": "Monica Adventures (Turma da M\u00f4nica Jovem)", "profile_image_url": "https://static1.personality-database.com/profile_images/7f916d6a890a400daed31197c4a7a905.png", "profile_name": "Marina", "profile_subcat": "Monica Adventures (Turma da M\u00f4nica Jovem)", "sub_cat_id": 10522, "cat_id": 9, "property_id": 2, "mbti": "ENFP", "enneatype": "4w5"}, {"id": 155616, "mbti_profile": "Denise", "subcategory": "Monica Adventures (Turma da M\u00f4nica Jovem)", "profile_image_url": "https://static1.personality-database.com/profile_images/70837831d366475b9c487735bf0af3d4.png", "profile_name": "Denise", "profile_subcat": "Monica Adventures (Turma da M\u00f4nica Jovem)", "sub_cat_id": 10522, "cat_id": 9, "property_id": 2, "mbti": "ENTP", "enneatype": "3w2"}, {"id": 155614, "mbti_profile": "Cebola", "subcategory": "Monica Adventures (Turma da M\u00f4nica Jovem)", "profile_image_url": "https://static1.personality-database.com/profile_images/ead9947c384644e1b0a92dede8ad8302.png", "profile_name": "Cebola", "profile_subcat": "Monica Adventures (Turma da M\u00f4nica Jovem)", "sub_cat_id": 10522, "cat_id": 9, "property_id": 2, "mbti": "ENTJ", "enneatype": "3w4"}, {"id": 155612, "mbti_profile": "Casc\u00e3o", "subcategory": "Monica Adventures (Turma da M\u00f4nica Jovem)", "profile_image_url": "https://static1.personality-database.com/profile_images/1fd80bd3fa6e400dad1ab3a5e41d2571.png", "profile_name": "Casc\u00e3o", "profile_subcat": "Monica Adventures (Turma da M\u00f4nica Jovem)", "sub_cat_id": 10522, "cat_id": 9, "property_id": 2, "mbti": "ESFP", "enneatype": "7w6"}, {"id": 155632, "mbti_profile": "Cassandra (Cascuda)", "subcategory": "Monica Adventures (Turma da M\u00f4nica Jovem)", "profile_image_url": "https://static1.personality-database.com/profile_images/727aa41ff275479c904db2bdb7747c00.png", "profile_name": "Cassandra (Cascuda)", "profile_subcat": "Monica Adventures (Turma da M\u00f4nica Jovem)", "sub_cat_id": 10522, "cat_id": 9, "property_id": 2, "mbti": "ESTJ", "enneatype": "1w2"}, {"id": 155610, "mbti_profile": "M\u00f4nica", "subcategory": "Monica Adventures (Turma da M\u00f4nica Jovem)", "profile_image_url": "https://static1.personality-database.com/profile_images/fd64f6aa9bff4063aa6e2735351b33e2.png", "profile_name": "M\u00f4nica", "profile_subcat": "Monica Adventures (Turma da M\u00f4nica Jovem)", "sub_cat_id": 10522, "cat_id": 9, "property_id": 2, "mbti": "ESFJ", "enneatype": "8w9"}], "functions": ["Se", "Ti", "Fe", "Ni"], "systems": [{"hex_color": "#888888", "id": 1, "personality_type": "XXXX", "personality_type_id": 0, "system_name": "Four Letter", "system_vote_count": 31, "user_vote_type_id": 0, "vote_id": 0}, {"hex_color": "#006775", "id": 2, "personality_type": "XXXX", "personality_type_id": 0, "system_name": "Enneagram", "system_vote_count": 12, "user_vote_type_id": 0, "vote_id": 0}, {"hex_color": "#006775", "id": 5, "personality_type": "XXXX", "personality_type_id": 0, "system_name": "Instinctual Variant", "system_vote_count": 2, "user_vote_type_id": 0, "vote_id": 0}, {"hex_color": "#006775", "id": 6, "personality_type": "XXXX", "personality_type_id": 0, "system_name": "Tritype", "system_vote_count": 3, "user_vote_type_id": 0, "vote_id": 0}, {"hex_color": "#888888", "id": 3, "personality_type": "XXXX", "personality_type_id": 0, "system_name": "Socionics", "system_vote_count": 0, "user_vote_type_id": 0, "vote_id": 0}, {"hex_color": "#888888", "id": 9, "personality_type": "XXXX", "personality_type_id": 0, "system_name": "Big 5 (SLOAN)", "system_vote_count": 1, "user_vote_type_id": 0, "vote_id": 0}, {"hex_color": "#888888", "id": 8, "personality_type": "XXXX", "personality_type_id": 0, "system_name": "Attitudinal Psyche", "system_vote_count": 1, "user_vote_type_id": 0, "vote_id": 0}, {"hex_color": "#888888", "id": 7, "personality_type": "XXXX", "personality_type_id": 0, "system_name": "Temperaments", "system_vote_count": 6, "user_vote_type_id": 0, "vote_id": 0}, {"hex_color": "#888888", "id": 11, "personality_type": "XXXX", "personality_type_id": 0, "system_name": "Classic Jungian", "system_vote_count": 0, "user_vote_type_id": 0, "vote_id": 0}], "breakdown_systems": {"1": [{"myValue": "ESTP", "personality_system_id": 1, "personality_type": "ESTP", "theCount": 14}, {"myValue": "ESTJ", "personality_system_id": 1, "personality_type": "ESTJ", "theCount": 13}, {"myValue": "ENFJ", "personality_system_id": 1, "personality_type": "ENFJ", "theCount": 1}, {"myValue": "ENTJ", "personality_system_id": 1, "personality_type": "ENTJ", "theCount": 1}, {"myValue": "ENTP", "personality_system_id": 1, "personality_type": "ENTP", "theCount": 1}, {"myValue": "ESFP", "personality_system_id": 1, "personality_type": "ESFP", "theCount": 1}], "11": [{"myValue": "XXXX", "personality_system_id": 0, "personality_type": "XXXX", "theCount": 0}], "2": [{"myValue": "3w2", "personality_system_id": 2, "personality_type": "3w2", "theCount": 8}, {"myValue": "2w3", "personality_system_id": 2, "personality_type": "2w3", "theCount": 2}, {"myValue": "3w4", "personality_system_id": 2, "personality_type": "3w4", "theCount": 1}, {"myValue": "8w7", "personality_system_id": 2, "personality_type": "8w7", "theCount": 1}], "3": [{"myValue": "XXXX", "personality_system_id": 0, "personality_type": "XXXX", "theCount": 0}], "5": [{"myValue": "so/sp", "personality_system_id": 5, "personality_type": "so/sp", "theCount": 1}, {"myValue": "sp/so", "personality_system_id": 5, "personality_type": "sp/so", "theCount": 1}], "6": [{"myValue": "378", "personality_system_id": 6, "personality_type": "378", "theCount": 2}, {"myValue": "386", "personality_system_id": 6, "personality_type": "386", "theCount": 1}], "7": [{"myValue": "Choleric-Sanguine", "personality_system_id": 7, "personality_type": "Choleric-Sanguine", "theCount": 3}, {"myValue": "Sanguine [Dominant]", "personality_system_id": 7, "personality_type": "Sanguine [Dominant]", "theCount": 2}, {"myValue": "Sanguine-Choleric", "personality_system_id": 7, "personality_type": "Sanguine-Choleric", "theCount": 1}], "8": [{"myValue": "FVEL", "personality_system_id": 8, "personality_type": "FVEL", "theCount": 1}], "9": [{"myValue": "SCOEN", "personality_system_id": 9, "personality_type": "SCOEN", "theCount": 1}]}, "breakdown_config": {"expand": {"1": 3, "11": 1, "2": 3, "3": 1, "5": 1, "6": 1, "7": 1, "8": 1, "9": 1}, "fire": {"1": 1, "11": 0, "2": 0, "3": 0, "5": 0, "6": 0, "7": 0, "8": 0, "9": 0}}, "mbti_letter_stats": [{"type": "E", "percentage": "100%", "PercentageFloat": 1}, {"type": "S", "percentage": "90%", "PercentageFloat": 0.9032258064516129}, {"type": "T", "percentage": "94%", "PercentageFloat": 0.9354838709677419}, {"type": "P", "percentage": "52%", "PercentageFloat": 0.5161290322580645}], "topic_info": {"can_generate": false, "topic": {"description": "", "follow_count": 0, "id": 122603, "is_following": false, "is_join_pending": false, "is_banned": false, "is_moderated": false, "name_readable": "Carmen", "post_count": 0, "source_profile_id": 158108, "source_type": "profile", "join_to_post": false, "can_pin": false, "related_topics": [{"description": "", "follow_count": 0, "id": 120693, "is_following": false, "is_join_pending": false, "is_banned": false, "is_moderated": false, "name_readable": "Maur\u00edcio \"Do Contra\" Hiromashi", "post_count": 3, "source_profile_id": 155613, "source_type": "profile", "image": {"picURL": "https://static1.personality-database.com/profile_images/a747d32869ca437d9d22856f27e70720.png"}, "join_to_post": false, "can_pin": false}, {"description": "", "follow_count": 0, "id": 120690, "is_following": false, "is_join_pending": false, "is_banned": false, "is_moderated": false, "name_readable": "M\u00f4nica", "post_count": 1, "source_profile_id": 155610, "source_type": "profile", "image": {"picURL": "https://static1.personality-database.com/profile_images/fd64f6aa9bff4063aa6e2735351b33e2.png"}, "join_to_post": false, "can_pin": false}, {"description": "She\u2019s a character from monica adventures 59", "follow_count": 0, "id": 270899, "is_following": false, "is_join_pending": false, "is_banned": false, "is_moderated": false, "name_readable": "Narcisa", "post_count": 0, "source_profile_id": 351967, "source_type": "profile", "image": {"picURL": "https://static1.personality-database.com/profile_images/d8b337f1fca44cccb2ef4af09f012bf2.png"}, "join_to_post": false, "can_pin": false}, {"description": "She\u2019s a character from monica adventures 59", "follow_count": 0, "id": 270900, "is_following": false, "is_join_pending": false, "is_banned": false, "is_moderated": false, "name_readable": "D\u00e1lia", "post_count": 0, "source_profile_id": 351968, "source_type": "profile", "image": {"picURL": "https://static1.personality-database.com/profile_images/2288048e2f7f46c99e8c265a06b75b4e.png"}, "join_to_post": false, "can_pin": false}, {"description": "she\u2019s a character from monica adventures 59", "follow_count": 0, "id": 270889, "is_following": false, "is_join_pending": false, "is_banned": false, "is_moderated": false, "name_readable": "Hort\u00eancia", "post_count": 0, "source_profile_id": 351957, "source_type": "profile", "image": {"picURL": "https://static1.personality-database.com/profile_images/2bee741b4dbd4f22adada4946fc2f6f9.png"}, "join_to_post": false, "can_pin": false}, {"description": "", "follow_count": 0, "id": 263086, "is_following": false, "is_join_pending": false, "is_banned": false, "is_moderated": false, "name_readable": "Violinista (Filhos de Umbra)", "post_count": 0, "source_profile_id": 341872, "source_type": "profile", "image": {"picURL": "https://static1.personality-database.com/profile_images/2628f6fb692c4f4c9ea073018dfba1a3.png"}, "join_to_post": false, "can_pin": false}, {"description": "", "follow_count": 0, "id": 263085, "is_following": false, "is_join_pending": false, "is_banned": false, "is_moderated": false, "name_readable": "Bailarina (Filhos de Umbra)", "post_count": 0, "source_profile_id": 341871, "source_type": "profile", "image": {"picURL": "https://static1.personality-database.com/profile_images/8eb940c1e0624948b52db9b51eadbd90.png"}, "join_to_post": false, "can_pin": false}, {"description": "", "follow_count": 0, "id": 263084, "is_following": false, "is_join_pending": false, "is_banned": false, "is_moderated": false, "name_readable": "Porta-Voz (Filhos de Umbra)", "post_count": 0, "source_profile_id": 341870, "source_type": "profile", "image": {"picURL": "https://static1.personality-database.com/profile_images/92d398530cd549a1bf95d20b7c94cab3.png"}, "join_to_post": false, "can_pin": false}, {"description": "", "follow_count": 0, "id": 263083, "is_following": false, "is_join_pending": false, "is_banned": false, "is_moderated": false, "name_readable": "Vi\u00fava (Filhos de Umbra)", "post_count": 0, "source_profile_id": 341869, "source_type": "profile", "image": {"picURL": "https://static1.personality-database.com/profile_images/5de2825dfcac43dfaa63ad1b1be4cdb3.png"}, "join_to_post": false, "can_pin": false}, {"description": "", "follow_count": 0, "id": 263076, "is_following": false, "is_join_pending": false, "is_banned": false, "is_moderated": false, "name_readable": "Victor", "post_count": 0, "source_profile_id": 341862, "source_type": "profile", "image": {"picURL": "https://static1.personality-database.com/profile_images/83b04964cc9d40048abd149398c06217.png"}, "join_to_post": false, "can_pin": false}, {"description": "", "follow_count": 0, "id": 260667, "is_following": false, "is_join_pending": false, "is_banned": false, "is_moderated": false, "name_readable": "Tia Nena", "post_count": 0, "source_profile_id": 338843, "source_type": "profile", "image": {"picURL": "https://static1.personality-database.com/profile_images/ba485433c9bf4e75a6dfb071b0a35217.png"}, "join_to_post": false, "can_pin": false}, {"description": "", "follow_count": 0, "id": 260668, "is_following": false, "is_join_pending": false, "is_banned": false, "is_moderated": false, "name_readable": "Dudu", "post_count": 0, "source_profile_id": 338844, "source_type": "profile", "image": {"picURL": "https://static1.personality-database.com/profile_images/c47ed166e1374012b3aa35a5935101d2.png"}, "join_to_post": false, "can_pin": false}, {"description": "", "follow_count": 0, "id": 263072, "is_following": false, "is_join_pending": false, "is_banned": false, "is_moderated": false, "name_readable": "Sarah", "post_count": 0, "source_profile_id": 341858, "source_type": "profile", "image": {"picURL": "https://static1.personality-database.com/profile_images/573202ce00ff44f4b5f0aa1a263e5471.png"}, "join_to_post": false, "can_pin": false}, {"description": "", "follow_count": 0, "id": 263082, "is_following": false, "is_join_pending": false, "is_banned": false, "is_moderated": false, "name_readable": "Absinto (Filhos de Umbra)", "post_count": 0, "source_profile_id": 341868, "source_type": "profile", "image": {"picURL": "https://static1.personality-database.com/profile_images/e7111daa12f14826b057c56247945b66.png"}, "join_to_post": false, "can_pin": false}, {"description": "", "follow_count": 0, "id": 263080, "is_following": false, "is_join_pending": false, "is_banned": false, "is_moderated": false, "name_readable": "Sangria (Filhos de Umbra)", "post_count": 0, "source_profile_id": 341866, "source_type": "profile", "image": {"picURL": "https://static1.personality-database.com/profile_images/74f1ac663ff4453fa5e15a44d3bd5177.png"}, "join_to_post": false, "can_pin": false}, {"description": "", "follow_count": 0, "id": 263081, "is_following": false, "is_join_pending": false, "is_banned": false, "is_moderated": false, "name_readable": "Perna-de-Pau (Filhos de Umbra)", "post_count": 0, "source_profile_id": 341867, "source_type": "profile", "image": {"picURL": "https://static1.personality-database.com/profile_images/7424627afd7741d481a7d36093ae00b3.png"}, "join_to_post": false, "can_pin": false}], "subcategory": "Monica Adventures (Turma da M\u00f4nica Jovem)", "topic_image_url": "https://static1.personality-database.com/profile_images/c2cb6a4b0cc049e2b799a3208cd8f488.png", "source_location": {"cid": 9, "pid": 2, "sub_cat_id": 10522}, "can_post_image": false, "can_post_audio": false, "posts": {"posts": []}}}}