{"id": 158440, "mbti_profile": "Julian", "profile_name_searchable": "julian", "allow_commenting": true, "allow_voting": true, "user_id": 73417, "contributor": "Fifijam", "contributor_create_date": "2020-07-07 11:07:10", "contributor_pic_path": "https://lh3.googleusercontent.com/a-/AOh14GjSg_QqxsTWD-Eu9Q2pxLs-vuI5cB9qW8GHCXLYKnA=s96-c", "display_order": 0, "edit_lock": 0, "edit_lock_picture": 0, "is_active": true, "is_approved": true, "mbti_enneagram_type": "ENTJ 8w7", "mbti_type": "ENTJ 8w7", "pdb_comment_access": true, "pdb_page_owner": 0, "pdb_public_access": true, "wiki_description": "", "watch_count": 2, "comment_count": 2, "vote_count": 10, "vote_count_enneagram": 3, "vote_count_mbti": 10, "total_vote_counts": 12, "personality_type": "ENTJ - 8w7 - Choleric [Dominant]", "type_updated_date": "2021-11-21 07:29:06", "enneagram_vote": "", "enneagram_vote_id": 0, "mbti_vote": "", "mbti_vote_id": 0, "is_watching": false, "image_exists": false, "profile_image_url": "https://static1.personality-database.com/profile_images/4b1146c07ba44ba2a37ec3c516aae5f6.png", "profile_image_credit": "", "profile_image_credit_id": 235854, "profile_image_credit_type": "0", "profile_image_credit_url": "", "alt_subcategory": "", "related_subcategories": "", "cat_id": 9, "category": "Comics", "category_is_fictional": true, "sub_cat_id": 10704, "subcategory": "Candy Meow Series", "subcat_link_info": {"sub_cat_id": 10704, "cat_id": 9, "property_id": 2, "subcategory": "Candy Meow Series"}, "related_subcat_link_info": null, "related_profiles": [{"id": 158439, "mbti_profile": "Charles", "subcategory": "Candy Meow Series", "profile_image_url": "https://static1.personality-database.com/profile_images/e62116817e06407caee754503fb54587.png", "profile_name": "Charles", "profile_subcat": "Candy Meow Series", "sub_cat_id": 10704, "cat_id": 9, "property_id": 2, "mbti": "INFP", "enneatype": "3w4"}, {"id": 184372, "mbti_profile": "Mikael", "subcategory": "Candy Meow Series", "profile_image_url": "https://static1.personality-database.com/profile_images/a5996ba822a3461bbe31d9aa57b548be.png", "profile_name": "Mikael", "profile_subcat": "Candy Meow Series", "sub_cat_id": 10704, "cat_id": 9, "property_id": 2, "mbti": "INFP", "enneatype": "4w3"}, {"id": 158434, "mbti_profile": "Mia", "subcategory": "Candy Meow Series", "profile_image_url": "https://static1.personality-database.com/profile_images/1ec72f6114ef4658bcdf5c2f8face3df.png", "profile_name": "Mia", "profile_subcat": "Candy Meow Series", "sub_cat_id": 10704, "cat_id": 9, "property_id": 2, "mbti": "ISFJ", "enneatype": "2w1"}, {"id": 184367, "mbti_profile": "Sofia", "subcategory": "Candy Meow Series", "profile_image_url": "https://static1.personality-database.com/profile_images/64c508d1229947da835cd4ffa54a80b4.png", "profile_name": "Sofia", "profile_subcat": "Candy Meow Series", "sub_cat_id": 10704, "cat_id": 9, "property_id": 2, "mbti": "ESFP", "enneatype": "3w4"}, {"id": 158435, "mbti_profile": "Joni", "subcategory": "Candy Meow Series", "profile_image_url": "https://static1.personality-database.com/profile_images/bbf244f43a9e4609aeda9e679c6af7db.png", "profile_name": "Joni", "profile_subcat": "Candy Meow Series", "sub_cat_id": 10704, "cat_id": 9, "property_id": 2, "mbti": "ESFP", "enneatype": "7w6"}, {"id": 158436, "mbti_profile": "Emilia", "subcategory": "Candy Meow Series", "profile_image_url": "https://static1.personality-database.com/profile_images/a648fa8a42514ee8b26b55ff07d25af0.png", "profile_name": "Emilia", "profile_subcat": "Candy Meow Series", "sub_cat_id": 10704, "cat_id": 9, "property_id": 2, "mbti": "INTJ", "enneatype": "1w2"}, {"id": 343460, "mbti_profile": "Carmen", "subcategory": "Candy Meow Series", "profile_image_url": "https://static1.personality-database.com/profile_images/4e5aa783b6b84d0d8d542e4883f69d19.png", "profile_name": "Carmen", "profile_subcat": "Candy Meow Series", "sub_cat_id": 10704, "cat_id": 9, "property_id": 2, "mbti": "INTP", "enneatype": ""}, {"id": 184378, "mbti_profile": "Richard", "subcategory": "Candy Meow Series", "profile_image_url": "https://static1.personality-database.com/profile_images/65aec4eebdb9424c91b0c90cc24d0f4c.png", "profile_name": "Richard", "profile_subcat": "Candy Meow Series", "sub_cat_id": 10704, "cat_id": 9, "property_id": 2, "mbti": "ENFJ", "enneatype": "3w2"}], "functions": ["Te", "Ni", "Se", "Fi"], "systems": [{"hex_color": "#888888", "id": 1, "personality_type": "XXXX", "personality_type_id": 0, "system_name": "Four Letter", "system_vote_count": 8, "user_vote_type_id": 0, "vote_id": 0}, {"hex_color": "#006775", "id": 2, "personality_type": "XXXX", "personality_type_id": 0, "system_name": "Enneagram", "system_vote_count": 3, "user_vote_type_id": 0, "vote_id": 0}, {"hex_color": "#006775", "id": 5, "personality_type": "XXXX", "personality_type_id": 0, "system_name": "Instinctual Variant", "system_vote_count": 0, "user_vote_type_id": 0, "vote_id": 0}, {"hex_color": "#006775", "id": 6, "personality_type": "XXXX", "personality_type_id": 0, "system_name": "Tritype", "system_vote_count": 0, "user_vote_type_id": 0, "vote_id": 0}, {"hex_color": "#888888", "id": 3, "personality_type": "XXXX", "personality_type_id": 0, "system_name": "Socionics", "system_vote_count": 0, "user_vote_type_id": 0, "vote_id": 0}, {"hex_color": "#888888", "id": 9, "personality_type": "XXXX", "personality_type_id": 0, "system_name": "Big 5 (SLOAN)", "system_vote_count": 0, "user_vote_type_id": 0, "vote_id": 0}, {"hex_color": "#888888", "id": 8, "personality_type": "XXXX", "personality_type_id": 0, "system_name": "Attitudinal Psyche", "system_vote_count": 0, "user_vote_type_id": 0, "vote_id": 0}, {"hex_color": "#888888", "id": 7, "personality_type": "XXXX", "personality_type_id": 0, "system_name": "Temperaments", "system_vote_count": 1, "user_vote_type_id": 0, "vote_id": 0}, {"hex_color": "#888888", "id": 11, "personality_type": "XXXX", "personality_type_id": 0, "system_name": "Classic Jungian", "system_vote_count": 0, "user_vote_type_id": 0, "vote_id": 0}], "breakdown_systems": {"1": [{"myValue": "ENTJ", "personality_system_id": 1, "personality_type": "ENTJ", "theCount": 7}, {"myValue": "ESTP", "personality_system_id": 1, "personality_type": "ESTP", "theCount": 1}], "11": [{"myValue": "XXXX", "personality_system_id": 0, "personality_type": "XXXX", "theCount": 0}], "2": [{"myValue": "8w7", "personality_system_id": 2, "personality_type": "8w7", "theCount": 3}], "3": [{"myValue": "XXXX", "personality_system_id": 0, "personality_type": "XXXX", "theCount": 0}], "5": [{"myValue": "XXXX", "personality_system_id": 0, "personality_type": "XXXX", "theCount": 0}], "6": [{"myValue": "XXXX", "personality_system_id": 0, "personality_type": "XXXX", "theCount": 0}], "7": [{"myValue": "Choleric [Dominant]", "personality_system_id": 7, "personality_type": "Choleric [Dominant]", "theCount": 1}], "8": [{"myValue": "XXXX", "personality_system_id": 0, "personality_type": "XXXX", "theCount": 0}], "9": [{"myValue": "XXXX", "personality_system_id": 0, "personality_type": "XXXX", "theCount": 0}]}, "breakdown_config": {"expand": {"1": 3, "11": 1, "2": 3, "3": 1, "5": 1, "6": 1, "7": 1, "8": 1, "9": 1}, "fire": {"1": 0, "11": 0, "2": 0, "3": 0, "5": 0, "6": 0, "7": 0, "8": 0, "9": 0}}, "mbti_letter_stats": [{"type": "E", "percentage": "100%", "PercentageFloat": 1}, {"type": "N", "percentage": "88%", "PercentageFloat": 0.875}, {"type": "T", "percentage": "100%", "PercentageFloat": 1}, {"type": "J", "percentage": "88%", "PercentageFloat": 0.875}], "topic_info": {"can_generate": false, "topic": {"description": "", "follow_count": 0, "id": 122872, "is_following": false, "is_join_pending": false, "is_banned": false, "is_moderated": false, "name_readable": "Julian", "post_count": 0, "source_profile_id": 158440, "source_type": "profile", "join_to_post": false, "can_pin": false, "related_topics": [{"description": "", "follow_count": 0, "id": 264374, "is_following": false, "is_join_pending": false, "is_banned": false, "is_moderated": false, "name_readable": "Rayne", "post_count": 0, "source_profile_id": 343466, "source_type": "profile", "image": {"picURL": "https://static1.personality-database.com/profile_images/cfedc8068e2b4c1a9ca6e07c3d2ce67e.png"}, "join_to_post": false, "can_pin": false}, {"description": "", "follow_count": 0, "id": 141869, "is_following": false, "is_join_pending": false, "is_banned": false, "is_moderated": false, "name_readable": "Irwin", "post_count": 0, "source_profile_id": 184380, "source_type": "profile", "image": {"picURL": "https://static1.personality-database.com/profile_images/59dc7704094842f1baaa3fbb6b2f8e73.png"}, "join_to_post": false, "can_pin": false}, {"description": "", "follow_count": 0, "id": 255658, "is_following": false, "is_join_pending": false, "is_banned": false, "is_moderated": false, "name_readable": "Amira", "post_count": 0, "source_profile_id": 332133, "source_type": "profile", "image": {"picURL": "https://static1.personality-database.com/profile_images/e564bae3528c4a49903c2740adfb521e.png"}, "join_to_post": false, "can_pin": false}, {"description": "", "follow_count": 0, "id": 264368, "is_following": false, "is_join_pending": false, "is_banned": false, "is_moderated": false, "name_readable": "Carmen", "post_count": 0, "source_profile_id": 343460, "source_type": "profile", "image": {"picURL": "https://static1.personality-database.com/profile_images/4e5aa783b6b84d0d8d542e4883f69d19.png"}, "join_to_post": false, "can_pin": false}, {"description": "", "follow_count": 0, "id": 264369, "is_following": false, "is_join_pending": false, "is_banned": false, "is_moderated": false, "name_readable": "Dennis", "post_count": 0, "source_profile_id": 343461, "source_type": "profile", "image": {"picURL": "https://static1.personality-database.com/profile_images/3f67186c0e8d4650a9f848b6ea6c93e9.png"}, "join_to_post": false, "can_pin": false}, {"description": "", "follow_count": 0, "id": 264370, "is_following": false, "is_join_pending": false, "is_banned": false, "is_moderated": false, "name_readable": "Asuka", "post_count": 0, "source_profile_id": 343462, "source_type": "profile", "image": {"picURL": "https://www.personality-database.com/images/profile_transparent.png"}, "join_to_post": false, "can_pin": false}, {"description": "", "follow_count": 0, "id": 264371, "is_following": false, "is_join_pending": false, "is_banned": false, "is_moderated": false, "name_readable": "Peter", "post_count": 0, "source_profile_id": 343463, "source_type": "profile", "image": {"picURL": "https://www.personality-database.com/images/profile_transparent.png"}, "join_to_post": false, "can_pin": false}, {"description": "", "follow_count": 0, "id": 264372, "is_following": false, "is_join_pending": false, "is_banned": false, "is_moderated": false, "name_readable": "Vani", "post_count": 0, "source_profile_id": 343464, "source_type": "profile", "image": {"picURL": "https://www.personality-database.com/images/profile_transparent.png"}, "join_to_post": false, "can_pin": false}, {"description": "", "follow_count": 0, "id": 264373, "is_following": false, "is_join_pending": false, "is_banned": false, "is_moderated": false, "name_readable": "Eason", "post_count": 0, "source_profile_id": 343465, "source_type": "profile", "image": {"picURL": "https://static1.personality-database.com/profile_images/ebbbfebfa0274749b4509ab2284a1a6d.png"}, "join_to_post": false, "can_pin": false}, {"description": "", "follow_count": 0, "id": 271350, "is_following": false, "is_join_pending": false, "is_banned": false, "is_moderated": false, "name_readable": "Mr.Silas", "post_count": 0, "source_profile_id": 352557, "source_type": "profile", "image": {"picURL": "https://static1.personality-database.com/profile_images/a2f86ea83c1c47fc9cd271eb2c27f9f3.png"}, "join_to_post": false, "can_pin": false}, {"description": "", "follow_count": 0, "id": 272232, "is_following": false, "is_join_pending": false, "is_banned": false, "is_moderated": false, "name_readable": "Hansel", "post_count": 0, "source_profile_id": 353744, "source_type": "profile", "image": {"picURL": "https://static1.personality-database.com/profile_images/2a5df5428264448bb8d65ece2f9dce31.png"}, "join_to_post": false, "can_pin": false}, {"description": "", "follow_count": 0, "id": 272231, "is_following": false, "is_join_pending": false, "is_banned": false, "is_moderated": false, "name_readable": "Robin", "post_count": 0, "source_profile_id": 353743, "source_type": "profile", "image": {"picURL": "https://www.personality-database.com/images/profile_transparent.png"}, "join_to_post": false, "can_pin": false}, {"description": "", "follow_count": 0, "id": 272230, "is_following": false, "is_join_pending": false, "is_banned": false, "is_moderated": false, "name_readable": "Joshua", "post_count": 0, "source_profile_id": 353742, "source_type": "profile", "image": {"picURL": "https://static1.personality-database.com/profile_images/da26462741f04429973eafa9547fc714.png"}, "join_to_post": false, "can_pin": false}, {"description": "", "follow_count": 0, "id": 271342, "is_following": false, "is_join_pending": false, "is_banned": false, "is_moderated": false, "name_readable": "Miyuki", "post_count": 0, "source_profile_id": 352545, "source_type": "profile", "image": {"picURL": "https://static1.personality-database.com/profile_images/e32a09a5771e4b8585704530a4ff4d96.png"}, "join_to_post": false, "can_pin": false}, {"description": "", "follow_count": 0, "id": 264375, "is_following": false, "is_join_pending": false, "is_banned": false, "is_moderated": false, "name_readable": "Garry", "post_count": 0, "source_profile_id": 343467, "source_type": "profile", "image": {"picURL": "https://www.personality-database.com/images/profile_transparent.png"}, "join_to_post": false, "can_pin": false}, {"description": "", "follow_count": 0, "id": 141868, "is_following": false, "is_join_pending": false, "is_banned": false, "is_moderated": false, "name_readable": "Richard", "post_count": 0, "source_profile_id": 184378, "source_type": "profile", "image": {"picURL": "https://static1.personality-database.com/profile_images/65aec4eebdb9424c91b0c90cc24d0f4c.png"}, "join_to_post": false, "can_pin": false}], "subcategory": "Candy Meow Series", "topic_image_url": "https://static1.personality-database.com/profile_images/4b1146c07ba44ba2a37ec3c516aae5f6.png", "source_location": {"cid": 9, "pid": 2, "sub_cat_id": 10704}, "can_post_image": false, "can_post_audio": false, "posts": {"posts": []}}}}