{"id": 158508, "mbti_profile": "Black Spy", "profile_name_searchable": "blackspy", "allow_commenting": true, "allow_voting": true, "user_id": 57985, "contributor": "Lavi\ud83d\udcab", "contributor_create_date": "2020-07-07 13:41:26", "contributor_pic_path": "https://static1.personality-database.com/user_avatars/57985/4ecc7dd1-0111-489b-8772-62b799f2dfa8_small.jpeg", "display_order": 1000, "edit_lock": 0, "edit_lock_picture": 0, "is_active": true, "is_approved": true, "mbti_enneagram_type": "ENTP 7w8", "mbti_type": "ENTP 7w8", "pdb_comment_access": true, "pdb_page_owner": 0, "pdb_public_access": true, "wiki_description": "Black Spy tends to be more comical in his schemes against White Spy.He has been shown as being susceptible to baits involving games, food and attractive women. Black Spy has also incorporated civilians into his schemes, although he does not cause them harm, instead he has been shown as being empathetic towards other civilians, this sometimes exploited by White Spy. Black Spy occasionally uses disguises, and in comics by the same writer is portrayed as being envious as well as seeking of recognition and praise, often to his detriment.", "watch_count": 21, "comment_count": 0, "vote_count": 14, "vote_count_enneagram": 7, "vote_count_mbti": 14, "total_vote_counts": 37, "personality_type": "ENTP - 7w8 - sx/sp - 738 - ILE - SCUEI - VLFE - Sanguine-Choleric", "type_updated_date": "2021-03-23 19:48:33", "enneagram_vote": "", "enneagram_vote_id": 0, "mbti_vote": "", "mbti_vote_id": 0, "is_watching": false, "image_exists": false, "profile_image_url": "https://static1.personality-database.com/profile_images/6c4df4b604844b38adc36c8e7d9d1b75.png", "profile_image_credit": "", "profile_image_credit_id": 89071, "profile_image_credit_type": "0", "profile_image_credit_url": "", "alt_subcategory": "", "related_subcategories": "", "cat_id": 9, "category": "Comics", "category_is_fictional": true, "sub_cat_id": 10708, "subcategory": "Spy Vs Spy", "subcat_link_info": {"sub_cat_id": 10708, "cat_id": 9, "property_id": 2, "subcategory": "Spy Vs Spy"}, "related_subcat_link_info": null, "related_profiles": [{"id": 158509, "mbti_profile": "White Spy", "subcategory": "Spy Vs Spy", "profile_image_url": "https://static1.personality-database.com/profile_images/9288194c0077443f921b81b140670d7d.png", "profile_name": "White Spy", "profile_subcat": "Spy Vs Spy", "sub_cat_id": 10708, "cat_id": 9, "property_id": 2, "mbti": "INTJ", "enneatype": "3w4"}, {"id": 158510, "mbti_profile": "Grey Spy", "subcategory": "Spy Vs Spy", "profile_image_url": "https://static1.personality-database.com/profile_images/fab6931b0dd44509ac2ece71e71207ab.png", "profile_name": "Grey Spy", "profile_subcat": "Spy Vs Spy", "sub_cat_id": 10708, "cat_id": 9, "property_id": 2, "mbti": "ENTJ", "enneatype": "2w3"}, {"id": 158511, "mbti_profile": "Leaders", "subcategory": "Spy Vs Spy", "profile_image_url": "", "profile_name": "Leaders", "profile_subcat": "Spy Vs Spy", "sub_cat_id": 10708, "cat_id": 9, "property_id": 2, "mbti": "ESTJ", "enneatype": "8w9"}], "functions": ["Ne", "Ti", "Fe", "Si"], "systems": [{"hex_color": "#888888", "id": 1, "personality_type": "XXXX", "personality_type_id": 0, "system_name": "Four Letter", "system_vote_count": 14, "user_vote_type_id": 0, "vote_id": 0}, {"hex_color": "#006775", "id": 2, "personality_type": "XXXX", "personality_type_id": 0, "system_name": "Enneagram", "system_vote_count": 7, "user_vote_type_id": 0, "vote_id": 0}, {"hex_color": "#006775", "id": 5, "personality_type": "XXXX", "personality_type_id": 0, "system_name": "Instinctual Variant", "system_vote_count": 3, "user_vote_type_id": 0, "vote_id": 0}, {"hex_color": "#006775", "id": 6, "personality_type": "XXXX", "personality_type_id": 0, "system_name": "Tritype", "system_vote_count": 2, "user_vote_type_id": 0, "vote_id": 0}, {"hex_color": "#888888", "id": 3, "personality_type": "XXXX", "personality_type_id": 0, "system_name": "Socionics", "system_vote_count": 3, "user_vote_type_id": 0, "vote_id": 0}, {"hex_color": "#888888", "id": 9, "personality_type": "XXXX", "personality_type_id": 0, "system_name": "Big 5 (SLOAN)", "system_vote_count": 2, "user_vote_type_id": 0, "vote_id": 0}, {"hex_color": "#888888", "id": 8, "personality_type": "XXXX", "personality_type_id": 0, "system_name": "Attitudinal Psyche", "system_vote_count": 2, "user_vote_type_id": 0, "vote_id": 0}, {"hex_color": "#888888", "id": 7, "personality_type": "XXXX", "personality_type_id": 0, "system_name": "Temperaments", "system_vote_count": 2, "user_vote_type_id": 0, "vote_id": 0}, {"hex_color": "#888888", "id": 11, "personality_type": "XXXX", "personality_type_id": 0, "system_name": "Classic Jungian", "system_vote_count": 1, "user_vote_type_id": 0, "vote_id": 0}], "breakdown_systems": {"1": [{"myValue": "ENTP", "personality_system_id": 1, "personality_type": "ENTP", "theCount": 10}, {"myValue": "INTJ", "personality_system_id": 1, "personality_type": "INTJ", "theCount": 3}, {"myValue": "ESTP", "personality_system_id": 1, "personality_type": "ESTP", "theCount": 1}], "11": [{"myValue": "EN(T)", "personality_system_id": 11, "personality_type": "EN(T)", "theCount": 1}], "2": [{"myValue": "7w8", "personality_system_id": 2, "personality_type": "7w8", "theCount": 5}, {"myValue": "3w4", "personality_system_id": 2, "personality_type": "3w4", "theCount": 1}, {"myValue": "4w5", "personality_system_id": 2, "personality_type": "4w5", "theCount": 1}], "3": [{"myValue": "ILE", "personality_system_id": 3, "personality_type": "ILE", "theCount": 3}], "4": [{"myValue": "Chaotic Neutral", "personality_system_id": 4, "personality_type": "Chaotic Neutral", "theCount": 1}], "5": [{"myValue": "sx/sp", "personality_system_id": 5, "personality_type": "sx/sp", "theCount": 3}], "6": [{"myValue": "738", "personality_system_id": 6, "personality_type": "738", "theCount": 1}, {"myValue": "783", "personality_system_id": 6, "personality_type": "783", "theCount": 1}], "7": [{"myValue": "Sanguine-Choleric", "personality_system_id": 7, "personality_type": "Sanguine-Choleric", "theCount": 2}], "8": [{"myValue": "VFLE", "personality_system_id": 8, "personality_type": "VFLE", "theCount": 1}, {"myValue": "VLFE", "personality_system_id": 8, "personality_type": "VLFE", "theCount": 1}], "9": [{"myValue": "SCUEI", "personality_system_id": 9, "personality_type": "SCUEI", "theCount": 2}]}, "breakdown_config": {"expand": {"1": 3, "11": 1, "2": 3, "3": 1, "4": 1, "5": 1, "6": 1, "7": 1, "8": 1, "9": 1}, "fire": {"1": 0, "11": 0, "2": 0, "3": 0, "4": 0, "5": 0, "6": 0, "7": 0, "8": 0, "9": 0}}, "mbti_letter_stats": [{"type": "E", "percentage": "79%", "PercentageFloat": 0.7857142857142857}, {"type": "N", "percentage": "93%", "PercentageFloat": 0.9285714285714286}, {"type": "T", "percentage": "100%", "PercentageFloat": 1}, {"type": "P", "percentage": "79%", "PercentageFloat": 0.7857142857142857}], "topic_info": {"can_generate": false, "topic": {"description": "Black Spy tends to be more comical in his schemes against White Spy.He has been shown as being susceptible to baits involving games, food and attractive women. Black Spy has also incorporated civilians into his schemes, although he does not cause them harm, instead he has been shown as being empathetic towards other civilians, this sometimes exploited by White Spy. Black Spy occasionally uses disguises, and in comics by the same writer is portrayed as being envious as well as seeking of recognition and praise, often to his detriment.", "follow_count": 0, "id": 122933, "is_following": false, "is_join_pending": false, "is_banned": false, "is_moderated": false, "name_readable": "Black Spy", "post_count": 1, "source_profile_id": 158508, "source_type": "profile", "join_to_post": false, "can_pin": false, "related_topics": [{"description": "Black Spy tends to be more comical in his schemes against White Spy.He has been shown as being susceptible to baits involving games, food and attractive women. Black Spy has also incorporated civilians into his schemes, although he does not cause them harm, instead he has been shown as being empathetic towards other civilians, this sometimes exploited by White Spy. Black Spy occasionally uses disguises, and in comics by the same writer is portrayed as being envious as well as seeking of recognition and praise, often to his detriment.", "follow_count": 0, "id": 122933, "is_following": false, "is_join_pending": false, "is_banned": false, "is_moderated": false, "name_readable": "Black Spy", "post_count": 1, "source_profile_id": 158508, "source_type": "profile", "image": {"picURL": "https://static1.personality-database.com/profile_images/6c4df4b604844b38adc36c8e7d9d1b75.png"}, "join_to_post": false, "can_pin": false}, {"description": "White Spy is quite curious, which often lands him in various traps, he also has a weakness for pretty girls. He seems to frequently be lured into traps in which he was insulted or challenged by Black Spy, suggesting he may have a prideful streak.\u00a0He threaten a civilian to gain their help, but he is often very polite or even sometimes even pays them afterward. He is also shown to be an avid reader falling for traps Black Spy themed around whatever book was being read or coming up with his own scheme based on his reading. He is also frequently seen reading in the magazine comics, as well.he is portrayed as being more well-received by the public, receiving medals, walking the red carpet, and even having a street publicly dedicated to him. It's shown that he loves dogs, to the point the Black Embassy based an entire plan around his love of dogs to infiltrate his safe. There are other multiple occasions where he can be seen with dogs.", "follow_count": 0, "id": 122934, "is_following": false, "is_join_pending": false, "is_banned": false, "is_moderated": false, "name_readable": "White Spy", "post_count": 0, "source_profile_id": 158509, "source_type": "profile", "image": {"picURL": "https://static1.personality-database.com/profile_images/9288194c0077443f921b81b140670d7d.png"}, "join_to_post": false, "can_pin": false}, {"description": "Grey Spy\u00a0(aka\u00a0Lady in Grey) is a third spy appearing in some\u00a0Spy vs Spy\u00a0comic strip.Whenever she appears, she always manages to be successful in defeating both\u00a0Black Spy\u00a0and\u00a0White Spy.\u00a0Grey Spy is shown as being manipulative, occasionally tricking White and Black spies into making peace with each other before killing both of them.", "follow_count": 0, "id": 122935, "is_following": false, "is_join_pending": false, "is_banned": false, "is_moderated": false, "name_readable": "Grey Spy", "post_count": 0, "source_profile_id": 158510, "source_type": "profile", "image": {"picURL": "https://static1.personality-database.com/profile_images/fab6931b0dd44509ac2ece71e71207ab.png"}, "join_to_post": false, "can_pin": false}, {"description": "", "follow_count": 0, "id": 122936, "is_following": false, "is_join_pending": false, "is_banned": false, "is_moderated": false, "name_readable": "Leaders", "post_count": 0, "source_profile_id": 158511, "source_type": "profile", "image": {"picURL": "https://www.personality-database.com/images/profile_transparent.png"}, "join_to_post": false, "can_pin": false}], "subcategory": "Spy Vs Spy", "topic_image_url": "https://static1.personality-database.com/profile_images/6c4df4b604844b38adc36c8e7d9d1b75.png", "source_location": {"cid": 9, "pid": 2, "sub_cat_id": 10708}, "can_post_image": false, "can_post_audio": false, "posts": {"posts": [{"username": "tutseb", "user_pic_path": "https://lh3.googleusercontent.com/a-/AOh14Gj6_7PJMA0sk7QKBJxeEtxya5muweRydj42KFQLXQ=s96-c", "user_personality_type": "ISFP-4w3", "is_mod": false, "comment_count": 0, "reply_count": 0, "vote_type": 0, "topics_list": [{"id": 122933, "name_readable": "Black Spy"}], "id": 1869730, "post_id": 1869730, "user_id": 587528, "title": "", "content": "fav fr", "create_date": 1670220050000, "unix_timestamp": 1670220050000, "update_date": 1670220050000, "vote_count": 0, "vote_count_down": 0, "is_reported": 0, "is_hidden": false, "is_pinned": false, "is_watching": false, "is_pro_user": false, "images": null, "audios": null, "function_list": [], "type": "post"}]}}}}