{"id": 161335, "mbti_profile": "Megatron", "profile_name_searchable": "megatron", "allow_commenting": true, "allow_voting": true, "user_id": 34096, "contributor": "skringlespaddlygoo", "contributor_create_date": "2020-07-13 10:43:23", "contributor_pic_path": "https://lh6.googleusercontent.com/-mJjW1qXmV4A/AAAAAAAAAAI/AAAAAAAAAAA/AMZuucn91UBWnnJ6PmmVM7tqe8mtzMAmRw/s96-c/photo.jpg", "display_order": 0, "edit_lock": 0, "edit_lock_picture": 0, "is_active": true, "is_approved": true, "mbti_enneagram_type": "INTJ 8w9", "mbti_type": "INTJ 8w9", "pdb_comment_access": true, "pdb_page_owner": 0, "pdb_public_access": true, "wiki_description": "#CompleteMonster", "watch_count": 33, "comment_count": 1, "vote_count": 33, "vote_count_enneagram": 9, "vote_count_mbti": 33, "total_vote_counts": 47, "personality_type": "INTJ - 8w9 - 863 - Choleric-Melancholic - ET(N)", "type_updated_date": "2022-12-18 02:09:26", "enneagram_vote": "", "enneagram_vote_id": 0, "mbti_vote": "", "mbti_vote_id": 0, "is_watching": false, "image_exists": false, "profile_image_url": "https://static1.personality-database.com/profile_images/78c60b1bbba44741adf5b98e14217884.png", "profile_image_credit": "", "profile_image_credit_id": 470570, "profile_image_credit_type": "0", "profile_image_credit_url": "", "alt_subcategory": "", "related_subcategories": "", "cat_id": 9, "category": "Comics", "category_is_fictional": true, "sub_cat_id": 6994, "subcategory": "Transformers IDW Comics (2005-2018)", "subcat_link_info": {"sub_cat_id": 6994, "cat_id": 9, "property_id": 2, "subcategory": "Transformers IDW Comics (2005-2018)"}, "related_subcat_link_info": null, "related_profiles": [{"id": 103439, "mbti_profile": "Perceptor", "subcategory": "Transformers IDW Comics (2005-2018)", "profile_image_url": "https://static1.personality-database.com/profile_images/e5153f806ac648c8b534e7a27bc30127.png", "profile_name": "Perceptor", "profile_subcat": "Transformers IDW Comics (2005-2018)", "sub_cat_id": 6994, "cat_id": 9, "property_id": 2, "mbti": "", "enneatype": "5w6"}, {"id": 103379, "mbti_profile": "Damus, \"Glitch\", \"Tarn\"", "subcategory": "Transformers IDW Comics (2005-2018)", "profile_image_url": "https://static1.personality-database.com/profile_images/012c59eeccef4faf84d3376ac273e4c6.png", "profile_name": "Damus, \"Glitch\", \"Tarn\"", "profile_subcat": "Transformers IDW Comics (2005-2018)", "sub_cat_id": 6994, "cat_id": 9, "property_id": 2, "mbti": "INTJ", "enneatype": "2w3"}, {"id": 103437, "mbti_profile": "Primus, \"Rung\"", "subcategory": "Transformers IDW Comics (2005-2018)", "profile_image_url": "https://static1.personality-database.com/profile_images/0d8b0c3f498c4c8cb8ee2484912328f6.png", "profile_name": "Primus, \"Rung\"", "profile_subcat": "Transformers IDW Comics (2005-2018)", "sub_cat_id": 6994, "cat_id": 9, "property_id": 2, "mbti": "INFJ", "enneatype": "2w1"}, {"id": 155900, "mbti_profile": "Brainstorm", "subcategory": "Transformers IDW Comics (2005-2018)", "profile_image_url": "https://static1.personality-database.com/profile_images/a28fcc69814843249cfb90724779c088.png", "profile_name": "Brainstorm", "profile_subcat": "Transformers IDW Comics (2005-2018)", "sub_cat_id": 6994, "cat_id": 9, "property_id": 2, "mbti": "ENTP", "enneatype": "7w6"}, {"id": 103377, "mbti_profile": "Hot Rod, \"Rodimus Prime\"", "subcategory": "Transformers IDW Comics (2005-2018)", "profile_image_url": "https://static1.personality-database.com/profile_images/ff9052beb90347d0804f167eaf95cecb.png", "profile_name": "Hot Rod, \"Rodimus Prime\"", "profile_subcat": "Transformers IDW Comics (2005-2018)", "sub_cat_id": 6994, "cat_id": 9, "property_id": 2, "mbti": "ENFP", "enneatype": "7w8"}, {"id": 103438, "mbti_profile": "Whirl", "subcategory": "Transformers IDW Comics (2005-2018)", "profile_image_url": "https://static1.personality-database.com/profile_images/0fedd6ff83704e14b50059c00bc93f52.png", "profile_name": "Whirl", "profile_subcat": "Transformers IDW Comics (2005-2018)", "sub_cat_id": 6994, "cat_id": 9, "property_id": 2, "mbti": "ESTP", "enneatype": "7w8"}, {"id": 161332, "mbti_profile": "Overlord", "subcategory": "Transformers IDW Comics (2005-2018)", "profile_image_url": "https://static1.personality-database.com/profile_images/598d9c9ea00544fd8ee58d0ef218b558.png", "profile_name": "Overlord", "profile_subcat": "Transformers IDW Comics (2005-2018)", "sub_cat_id": 6994, "cat_id": 9, "property_id": 2, "mbti": "ESFP", "enneatype": "8w7"}, {"id": 161341, "mbti_profile": "Skids", "subcategory": "Transformers IDW Comics (2005-2018)", "profile_image_url": "https://static1.personality-database.com/profile_images/a2f1704e720849b69e76eb8ad20a3806.png", "profile_name": "Skids", "profile_subcat": "Transformers IDW Comics (2005-2018)", "sub_cat_id": 6994, "cat_id": 9, "property_id": 2, "mbti": "ENTP", "enneatype": "6w7"}], "functions": ["Ni", "Te", "Fi", "Se"], "systems": [{"hex_color": "#888888", "id": 1, "personality_type": "XXXX", "personality_type_id": 0, "system_name": "Four Letter", "system_vote_count": 31, "user_vote_type_id": 0, "vote_id": 0}, {"hex_color": "#006775", "id": 2, "personality_type": "XXXX", "personality_type_id": 0, "system_name": "Enneagram", "system_vote_count": 8, "user_vote_type_id": 0, "vote_id": 0}, {"hex_color": "#006775", "id": 5, "personality_type": "XXXX", "personality_type_id": 0, "system_name": "Instinctual Variant", "system_vote_count": 2, "user_vote_type_id": 0, "vote_id": 0}, {"hex_color": "#006775", "id": 6, "personality_type": "XXXX", "personality_type_id": 0, "system_name": "Tritype", "system_vote_count": 1, "user_vote_type_id": 0, "vote_id": 0}, {"hex_color": "#888888", "id": 3, "personality_type": "XXXX", "personality_type_id": 0, "system_name": "Socionics", "system_vote_count": 0, "user_vote_type_id": 0, "vote_id": 0}, {"hex_color": "#888888", "id": 9, "personality_type": "XXXX", "personality_type_id": 0, "system_name": "Big 5 (SLOAN)", "system_vote_count": 0, "user_vote_type_id": 0, "vote_id": 0}, {"hex_color": "#888888", "id": 8, "personality_type": "XXXX", "personality_type_id": 0, "system_name": "Attitudinal Psyche", "system_vote_count": 0, "user_vote_type_id": 0, "vote_id": 0}, {"hex_color": "#888888", "id": 7, "personality_type": "XXXX", "personality_type_id": 0, "system_name": "Temperaments", "system_vote_count": 3, "user_vote_type_id": 0, "vote_id": 0}, {"hex_color": "#888888", "id": 11, "personality_type": "XXXX", "personality_type_id": 0, "system_name": "Classic Jungian", "system_vote_count": 2, "user_vote_type_id": 0, "vote_id": 0}], "breakdown_systems": {"1": [{"myValue": "INTJ", "personality_system_id": 1, "personality_type": "INTJ", "theCount": 17}, {"myValue": "ENTJ", "personality_system_id": 1, "personality_type": "ENTJ", "theCount": 14}], "11": [{"myValue": "ET(N)", "personality_system_id": 11, "personality_type": "ET(N)", "theCount": 2}], "2": [{"myValue": "8w9", "personality_system_id": 2, "personality_type": "8w9", "theCount": 8}], "3": [{"myValue": "XXXX", "personality_system_id": 0, "personality_type": "XXXX", "theCount": 0}], "5": [{"myValue": "sp/so", "personality_system_id": 5, "personality_type": "sp/so", "theCount": 1}, {"myValue": "sx/sp", "personality_system_id": 5, "personality_type": "sx/sp", "theCount": 1}], "6": [{"myValue": "863", "personality_system_id": 6, "personality_type": "863", "theCount": 1}], "7": [{"myValue": "Choleric-Melancholic", "personality_system_id": 7, "personality_type": "Choleric-Melancholic", "theCount": 2}, {"myValue": "Melancholic-Choleric", "personality_system_id": 7, "personality_type": "Melancholic-Choleric", "theCount": 1}], "8": [{"myValue": "XXXX", "personality_system_id": 0, "personality_type": "XXXX", "theCount": 0}], "9": [{"myValue": "XXXX", "personality_system_id": 0, "personality_type": "XXXX", "theCount": 0}]}, "breakdown_config": {"expand": {"1": 3, "11": 1, "2": 3, "3": 1, "5": 1, "6": 1, "7": 1, "8": 1, "9": 1}, "fire": {"1": 1, "11": 0, "2": 0, "3": 0, "5": 0, "6": 0, "7": 0, "8": 0, "9": 0}}, "mbti_letter_stats": [{"type": "I", "percentage": "55%", "PercentageFloat": 0.5483870967741935}, {"type": "N", "percentage": "100%", "PercentageFloat": 1}, {"type": "T", "percentage": "100%", "PercentageFloat": 1}, {"type": "J", "percentage": "100%", "PercentageFloat": 1}], "topic_info": {"can_generate": false, "topic": {"description": "", "follow_count": 0, "id": 125241, "is_following": false, "is_join_pending": false, "is_banned": false, "is_moderated": false, "name_readable": "Megatron", "post_count": 0, "source_profile_id": 161335, "source_type": "profile", "join_to_post": false, "can_pin": false, "related_topics": [{"description": "", "follow_count": 0, "id": 82408, "is_following": false, "is_join_pending": false, "is_banned": false, "is_moderated": false, "name_readable": "Nickel", "post_count": 0, "source_profile_id": 103441, "source_type": "profile", "image": {"picURL": "https://static1.personality-database.com/profile_images/4494323be9e747dfad4a935073693fdc.png"}, "join_to_post": false, "can_pin": false}, {"description": "", "follow_count": 0, "id": 153388, "is_following": false, "is_join_pending": false, "is_banned": false, "is_moderated": false, "name_readable": "Windblade", "post_count": 0, "source_profile_id": 198493, "source_type": "profile", "image": {"picURL": "https://static1.personality-database.com/profile_images/64452c7fc66942e99a8ecce8caa1dba9.png"}, "join_to_post": false, "can_pin": false}, {"description": "", "follow_count": 0, "id": 125307, "is_following": false, "is_join_pending": false, "is_banned": false, "is_moderated": false, "name_readable": "Black Shadow", "post_count": 0, "source_profile_id": 161412, "source_type": "profile", "image": {"picURL": "https://static1.personality-database.com/profile_images/ae2b9ae568cc47e08c9c6e83c0ae938b.png"}, "join_to_post": false, "can_pin": false}, {"description": "", "follow_count": 0, "id": 125245, "is_following": false, "is_join_pending": false, "is_banned": false, "is_moderated": false, "name_readable": "Red Alert", "post_count": 0, "source_profile_id": 161340, "source_type": "profile", "image": {"picURL": "https://static1.personality-database.com/profile_images/628b44e2b7f640c583ff206dabb59cc8.png"}, "join_to_post": false, "can_pin": false}, {"description": "", "follow_count": 0, "id": 125232, "is_following": false, "is_join_pending": false, "is_banned": false, "is_moderated": false, "name_readable": "Velocity", "post_count": 0, "source_profile_id": 161325, "source_type": "profile", "image": {"picURL": "https://static1.personality-database.com/profile_images/ebcd3be7c3bb4beab720edcc9d229e41.png"}, "join_to_post": false, "can_pin": false}, {"description": "", "follow_count": 0, "id": 120931, "is_following": false, "is_join_pending": false, "is_banned": false, "is_moderated": false, "name_readable": "Ambulon", "post_count": 0, "source_profile_id": 155906, "source_type": "profile", "image": {"picURL": "https://static1.personality-database.com/profile_images/9fbcc2192da94a80ae893f2a3bb9ae06.png"}, "join_to_post": false, "can_pin": false}, {"description": "", "follow_count": 0, "id": 120929, "is_following": false, "is_join_pending": false, "is_banned": false, "is_moderated": false, "name_readable": "Impactor", "post_count": 0, "source_profile_id": 155904, "source_type": "profile", "image": {"picURL": "https://static1.personality-database.com/profile_images/35390fe09f384072a1a84fbc6b11e23b.png"}, "join_to_post": false, "can_pin": false}, {"description": "", "follow_count": 0, "id": 120923, "is_following": false, "is_join_pending": false, "is_banned": false, "is_moderated": false, "name_readable": "Elita 1", "post_count": 0, "source_profile_id": 155898, "source_type": "profile", "image": {"picURL": "https://static1.personality-database.com/profile_images/28924ac0d98e488ba95a561859325451.png"}, "join_to_post": false, "can_pin": false}, {"description": "", "follow_count": 0, "id": 120922, "is_following": false, "is_join_pending": false, "is_banned": false, "is_moderated": false, "name_readable": "Wheeljack", "post_count": 0, "source_profile_id": 155897, "source_type": "profile", "image": {"picURL": "https://static1.personality-database.com/profile_images/b83db62fbecf4e3fbdb4aa9b34818b19.png"}, "join_to_post": false, "can_pin": false}, {"description": "", "follow_count": 0, "id": 125234, "is_following": false, "is_join_pending": false, "is_banned": false, "is_moderated": false, "name_readable": "Tyrest/Solomus", "post_count": 0, "source_profile_id": 161327, "source_type": "profile", "image": {"picURL": "https://static1.personality-database.com/profile_images/cb55b2f6a6a34b28a495570fba5195f3.png"}, "join_to_post": false, "can_pin": false}, {"description": "", "follow_count": 0, "id": 82359, "is_following": false, "is_join_pending": false, "is_banned": false, "is_moderated": false, "name_readable": "Kup", "post_count": 0, "source_profile_id": 103389, "source_type": "profile", "image": {"picURL": "https://static1.personality-database.com/profile_images/8e27f77c984c42bfbcdf09adf9fb181c.png"}, "join_to_post": false, "can_pin": false}, {"description": "", "follow_count": 0, "id": 82410, "is_following": false, "is_join_pending": false, "is_banned": false, "is_moderated": false, "name_readable": "(Senator) Shockwave", "post_count": 0, "source_profile_id": 103443, "source_type": "profile", "image": {"picURL": "https://static1.personality-database.com/profile_images/03932e52c1ec462f8a46562a2e1cb648.png"}, "join_to_post": false, "can_pin": false}, {"description": "", "follow_count": 0, "id": 125226, "is_following": false, "is_join_pending": false, "is_banned": false, "is_moderated": false, "name_readable": "Swerve", "post_count": 0, "source_profile_id": 161318, "source_type": "profile", "image": {"picURL": "https://static1.personality-database.com/profile_images/0c1d829a6e104b04b5c4ec575ce3319a.png"}, "join_to_post": false, "can_pin": false}, {"description": "", "follow_count": 0, "id": 82354, "is_following": false, "is_join_pending": false, "is_banned": false, "is_moderated": false, "name_readable": "First Aid", "post_count": 0, "source_profile_id": 103384, "source_type": "profile", "image": {"picURL": "https://static1.personality-database.com/profile_images/a4c5306471f3433ca6751bf1df9e3390.png"}, "join_to_post": false, "can_pin": false}, {"description": "", "follow_count": 0, "id": 82356, "is_following": false, "is_join_pending": false, "is_banned": false, "is_moderated": false, "name_readable": "Sideswipe", "post_count": 0, "source_profile_id": 103386, "source_type": "profile", "image": {"picURL": "https://static1.personality-database.com/profile_images/9b964293869e4661ad521abe7c3e2a09.png"}, "join_to_post": false, "can_pin": false}, {"description": "", "follow_count": 0, "id": 120924, "is_following": false, "is_join_pending": false, "is_banned": false, "is_moderated": false, "name_readable": "Ironhide", "post_count": 0, "source_profile_id": 155899, "source_type": "profile", "image": {"picURL": "https://static1.personality-database.com/profile_images/6c7289eec0d14ea3b0aaff070e3215e7.png"}, "join_to_post": false, "can_pin": false}], "subcategory": "Transformers IDW Comics (2005-2018)", "topic_image_url": "https://static1.personality-database.com/profile_images/78c60b1bbba44741adf5b98e14217884.png", "source_location": {"cid": 9, "pid": 2, "sub_cat_id": 6994}, "can_post_image": false, "can_post_audio": false, "posts": {"posts": []}}}}