{"id": 167374, "mbti_profile": "Andrea", "profile_name_searchable": "andrea", "allow_commenting": true, "allow_voting": true, "user_id": 22260, "contributor": "JD0505", "contributor_create_date": "2020-07-30 17:21:22", "contributor_pic_path": "https://lh3.googleusercontent.com/a/AATXAJzYqIwvuhr2lJvCylw_EmDGu4SNlNKCT_UyzE6X=s96-c", "display_order": 0, "edit_lock": 0, "edit_lock_picture": 0, "is_active": true, "is_approved": true, "mbti_enneagram_type": "ISTP 6w5", "mbti_type": "ISTP 6w5", "pdb_comment_access": true, "pdb_page_owner": 0, "pdb_public_access": true, "wiki_description": "Andrea Grimes (n\u00e9e unknown) is a main character first encountered in Issue 2 of Image Comics' The Walking Dead. She was the tritagonist from Volume 9 to Volume 28. Andrea is the older sister of Amy and a tough and very skilled woman, being very talented with firearms, and becoming one of the group's key defenders because of that.\n\nOnce the Atlanta camp fell and she was faced with the death of her sister, she formed a relationship with Dale, who both later adopted Ben and Billy after their father's death. After the deaths of Ben, Billy, and later Dale, she mourned and moved on, forming a romantic relationship with Rick, and becoming a mother figure to his son, Carl.", "watch_count": 13, "comment_count": 0, "vote_count": 20, "vote_count_enneagram": 17, "vote_count_mbti": 20, "total_vote_counts": 71, "personality_type": "ISTP - 6w5 - sp/so - 692 - SLI - RLUEN - FLEV - Choleric [Dominant]", "type_updated_date": "2021-04-04 11:31:36", "enneagram_vote": "", "enneagram_vote_id": 0, "mbti_vote": "", "mbti_vote_id": 0, "is_watching": false, "image_exists": false, "profile_image_url": "https://static1.personality-database.com/profile_images/83e4f83cc1dd4c95924b10d64cdc3244.png", "profile_image_credit": "", "profile_image_credit_id": 97286, "profile_image_credit_type": "0", "profile_image_credit_url": "", "alt_subcategory": "", "related_subcategories": "", "cat_id": 9, "category": "Comics", "category_is_fictional": true, "sub_cat_id": 11189, "subcategory": "The Walking Dead Comics", "subcat_link_info": {"sub_cat_id": 11189, "cat_id": 9, "property_id": 2, "subcategory": "The Walking Dead Comics"}, "related_subcat_link_info": null, "related_profiles": [{"id": 167352, "mbti_profile": "Rick Grimes", "subcategory": "The Walking Dead Comics", "profile_image_url": "https://static1.personality-database.com/profile_images/da48d17c31784bf2b42818a05922c1a7.png", "profile_name": "Rick Grimes", "profile_subcat": "The Walking Dead Comics", "sub_cat_id": 11189, "cat_id": 9, "property_id": 2, "mbti": "ISTJ", "enneatype": "1w2"}, {"id": 167371, "mbti_profile": "Negan", "subcategory": "The Walking Dead Comics", "profile_image_url": "https://static1.personality-database.com/profile_images/3187766f9fd1476e8e254208591abbee.png", "profile_name": "Negan", "profile_subcat": "The Walking Dead Comics", "sub_cat_id": 11189, "cat_id": 9, "property_id": 2, "mbti": "ENTP", "enneatype": "8w7"}, {"id": 359379, "mbti_profile": "Clementine", "subcategory": "The Walking Dead Comics", "profile_image_url": "https://static1.personality-database.com/profile_images/9abb328b29fc45baa5028fa84c2e7998.png", "profile_name": "Clementine", "profile_subcat": "The Walking Dead Comics", "sub_cat_id": 11189, "cat_id": 9, "property_id": 2, "mbti": "ISTP", "enneatype": "6w5"}, {"id": 167372, "mbti_profile": "Pamela Milton", "subcategory": "The Walking Dead Comics", "profile_image_url": "https://static1.personality-database.com/profile_images/a31120397b634adeacbccb5a7d0a3a68.png", "profile_name": "Pamela Milton", "profile_subcat": "The Walking Dead Comics", "sub_cat_id": 11189, "cat_id": 9, "property_id": 2, "mbti": "ESTJ", "enneatype": "1w2"}, {"id": 167383, "mbti_profile": "Thomas Richards", "subcategory": "The Walking Dead Comics", "profile_image_url": "https://static1.personality-database.com/profile_images/af952a517f5a4935b5264c6756d9faf4.png", "profile_name": "Thomas Richards", "profile_subcat": "The Walking Dead Comics", "sub_cat_id": 11189, "cat_id": 9, "property_id": 2, "mbti": "ESFJ", "enneatype": "9w8"}, {"id": 167405, "mbti_profile": "Caesar Ram\u00f3n Mart\u00ednez", "subcategory": "The Walking Dead Comics", "profile_image_url": "https://static1.personality-database.com/profile_images/6f33b4ab56704a96b764b54a952c6589.png", "profile_name": "Caesar Ram\u00f3n Mart\u00ednez", "profile_subcat": "The Walking Dead Comics", "sub_cat_id": 11189, "cat_id": 9, "property_id": 2, "mbti": "ISFP", "enneatype": "6w7"}, {"id": 167353, "mbti_profile": "Carl Grimes", "subcategory": "The Walking Dead Comics", "profile_image_url": "https://static1.personality-database.com/profile_images/952bbde99dd84285877c117a22e0f6f1.png", "profile_name": "Carl Grimes", "profile_subcat": "The Walking Dead Comics", "sub_cat_id": 11189, "cat_id": 9, "property_id": 2, "mbti": "ISTP", "enneatype": "6w5"}, {"id": 167355, "mbti_profile": "Maggie Greene", "subcategory": "The Walking Dead Comics", "profile_image_url": "https://static1.personality-database.com/profile_images/ba4f4fec170c407d9ae79d84df1385f5.png", "profile_name": "Maggie Greene", "profile_subcat": "The Walking Dead Comics", "sub_cat_id": 11189, "cat_id": 9, "property_id": 2, "mbti": "ENFJ", "enneatype": "6w7"}], "functions": ["Ti", "Se", "Ni", "Fe"], "systems": [{"hex_color": "#888888", "id": 1, "personality_type": "XXXX", "personality_type_id": 0, "system_name": "Four Letter", "system_vote_count": 20, "user_vote_type_id": 0, "vote_id": 0}, {"hex_color": "#006775", "id": 2, "personality_type": "XXXX", "personality_type_id": 0, "system_name": "Enneagram", "system_vote_count": 17, "user_vote_type_id": 0, "vote_id": 0}, {"hex_color": "#006775", "id": 5, "personality_type": "XXXX", "personality_type_id": 0, "system_name": "Instinctual Variant", "system_vote_count": 7, "user_vote_type_id": 0, "vote_id": 0}, {"hex_color": "#006775", "id": 6, "personality_type": "XXXX", "personality_type_id": 0, "system_name": "Tritype", "system_vote_count": 6, "user_vote_type_id": 0, "vote_id": 0}, {"hex_color": "#888888", "id": 3, "personality_type": "XXXX", "personality_type_id": 0, "system_name": "Socionics", "system_vote_count": 5, "user_vote_type_id": 0, "vote_id": 0}, {"hex_color": "#888888", "id": 9, "personality_type": "XXXX", "personality_type_id": 0, "system_name": "Big 5 (SLOAN)", "system_vote_count": 3, "user_vote_type_id": 0, "vote_id": 0}, {"hex_color": "#888888", "id": 8, "personality_type": "XXXX", "personality_type_id": 0, "system_name": "Attitudinal Psyche", "system_vote_count": 3, "user_vote_type_id": 0, "vote_id": 0}, {"hex_color": "#888888", "id": 7, "personality_type": "XXXX", "personality_type_id": 0, "system_name": "Temperaments", "system_vote_count": 7, "user_vote_type_id": 0, "vote_id": 0}, {"hex_color": "#888888", "id": 11, "personality_type": "XXXX", "personality_type_id": 0, "system_name": "Classic Jungian", "system_vote_count": 0, "user_vote_type_id": 0, "vote_id": 0}], "breakdown_systems": {"1": [{"myValue": "ISTP", "personality_system_id": 1, "personality_type": "ISTP", "theCount": 16}, {"myValue": "ISFP", "personality_system_id": 1, "personality_type": "ISFP", "theCount": 3}, {"myValue": "ISTJ", "personality_system_id": 1, "personality_type": "ISTJ", "theCount": 1}], "11": [{"myValue": "XXXX", "personality_system_id": 0, "personality_type": "XXXX", "theCount": 0}], "2": [{"myValue": "6w5", "personality_system_id": 2, "personality_type": "6w5", "theCount": 16}, {"myValue": "9w8", "personality_system_id": 2, "personality_type": "9w8", "theCount": 1}], "3": [{"myValue": "SLI", "personality_system_id": 3, "personality_type": "SLI", "theCount": 3}, {"myValue": "LSI", "personality_system_id": 3, "personality_type": "LSI", "theCount": 2}], "4": [{"myValue": "Chaotic Good", "personality_system_id": 4, "personality_type": "Chaotic Good", "theCount": 2}, {"myValue": "Chaotic Neutral", "personality_system_id": 4, "personality_type": "Chaotic Neutral", "theCount": 1}], "5": [{"myValue": "sp/so", "personality_system_id": 5, "personality_type": "sp/so", "theCount": 5}, {"myValue": "sx/so", "personality_system_id": 5, "personality_type": "sx/so", "theCount": 2}], "6": [{"myValue": "682", "personality_system_id": 6, "personality_type": "682", "theCount": 3}, {"myValue": "692", "personality_system_id": 6, "personality_type": "692", "theCount": 3}], "7": [{"myValue": "Choleric [Dominant]", "personality_system_id": 7, "personality_type": "Choleric [Dominant]", "theCount": 5}, {"myValue": "Choleric-Melancholic", "personality_system_id": 7, "personality_type": "Choleric-Melancholic", "theCount": 2}], "8": [{"myValue": "FLEV", "personality_system_id": 8, "personality_type": "FLEV", "theCount": 2}, {"myValue": "LFVE", "personality_system_id": 8, "personality_type": "LFVE", "theCount": 1}], "9": [{"myValue": "RLUEN", "personality_system_id": 9, "personality_type": "RLUEN", "theCount": 3}]}, "breakdown_config": {"expand": {"1": 3, "11": 1, "2": 3, "3": 1, "4": 1, "5": 1, "6": 1, "7": 1, "8": 1, "9": 1}, "fire": {"1": 0, "11": 0, "2": 0, "3": 0, "4": 0, "5": 0, "6": 0, "7": 0, "8": 0, "9": 0}}, "mbti_letter_stats": [{"type": "I", "percentage": "100%", "PercentageFloat": 1}, {"type": "S", "percentage": "100%", "PercentageFloat": 1}, {"type": "T", "percentage": "85%", "PercentageFloat": 0.85}, {"type": "P", "percentage": "95%", "PercentageFloat": 0.95}], "topic_info": {"can_generate": false, "topic": {"description": "Andrea Grimes (n\u00e9e unknown) is a main character first encountered in Issue 2 of Image Comics' The Walking Dead. She was the tritagonist from Volume 9 to Volume 28. Andrea is the older sister of Amy and a tough and very skilled woman, being very talented with firearms, and becoming one of the group's key defenders because of that.\n\nOnce the Atlanta camp fell and she was faced with the death of her sister, she formed a relationship with Dale, who both later adopted Ben and Billy after their father's death. After the deaths of Ben, Billy, and later Dale, she mourned and moved on, forming a romantic relationship with Rick, and becoming a mother figure to his son, Carl.", "follow_count": 0, "id": 129698, "is_following": false, "is_join_pending": false, "is_banned": false, "is_moderated": false, "name_readable": "Andrea", "post_count": 0, "source_profile_id": 167374, "source_type": "profile", "join_to_post": false, "can_pin": false, "related_topics": [{"description": "Rick Grimes is the former protagonist first encountered in Issue 1 of The Walking Dead. He is a former police deputy from Cynthiana, Kentucky, who was shot in the line of duty and fell into a coma, only to awaken and find himself in the midst of the apocalypse. He searches for his wife, and son, and encounters many survivors along the way. \n\nRick's leadership qualities and experience lead him to become the leader of a sizable community, continuing to deal with many human threats along the way that cost the lives of his friends and loved ones. He acts as the main instigator in the war against the Saviors and years later, leads the network of communities against the Whisperers.\n\nSeveral years after his death, Rick is remembered as the person responsible for uniting everyone and for inspiring communities to change the world for the better and for the future of civilization. In honor of his decisions, a statue was built in his homage and his story keeps inspiring future generations.", "follow_count": 1, "id": 129679, "is_following": false, "is_join_pending": false, "is_banned": false, "is_moderated": false, "name_readable": "Rick Grimes", "post_count": 1, "source_profile_id": 167352, "source_type": "profile", "image": {"picURL": "https://static1.personality-database.com/profile_images/da48d17c31784bf2b42818a05922c1a7.png"}, "join_to_post": false, "can_pin": false}, {"description": "", "follow_count": 0, "id": 129774, "is_following": false, "is_join_pending": false, "is_banned": false, "is_moderated": false, "name_readable": "Donna", "post_count": 0, "source_profile_id": 167453, "source_type": "profile", "image": {"picURL": "https://static1.personality-database.com/profile_images/9ac68e58daa847649ed078ba909968cc.png"}, "join_to_post": false, "can_pin": false}, {"description": "", "follow_count": 0, "id": 129787, "is_following": false, "is_join_pending": false, "is_banned": false, "is_moderated": false, "name_readable": "Dante", "post_count": 0, "source_profile_id": 167466, "source_type": "profile", "image": {"picURL": "https://static1.personality-database.com/profile_images/cb2a5740ab8c404f90ecb555b2539879.png"}, "join_to_post": false, "can_pin": false}, {"description": "", "follow_count": 0, "id": 129775, "is_following": false, "is_join_pending": false, "is_banned": false, "is_moderated": false, "name_readable": "Patricia", "post_count": 0, "source_profile_id": 167454, "source_type": "profile", "image": {"picURL": "https://static1.personality-database.com/profile_images/92e10eb1fc2948f9afcfe0d7bb31dd0d.png"}, "join_to_post": false, "can_pin": false}, {"description": "", "follow_count": 0, "id": 129776, "is_following": false, "is_join_pending": false, "is_banned": false, "is_moderated": false, "name_readable": "Otis", "post_count": 0, "source_profile_id": 167455, "source_type": "profile", "image": {"picURL": "https://static1.personality-database.com/profile_images/425a84185ab443439a7dee636bb8b459.png"}, "join_to_post": false, "can_pin": false}, {"description": "", "follow_count": 0, "id": 129777, "is_following": false, "is_join_pending": false, "is_banned": false, "is_moderated": false, "name_readable": "Denise Cloyd", "post_count": 0, "source_profile_id": 167456, "source_type": "profile", "image": {"picURL": "https://static1.personality-database.com/profile_images/0224eb1197ac43e49874fc2a397c58a2.png"}, "join_to_post": false, "can_pin": false}, {"description": "", "follow_count": 0, "id": 129778, "is_following": false, "is_join_pending": false, "is_banned": false, "is_moderated": false, "name_readable": "Tobin", "post_count": 0, "source_profile_id": 167457, "source_type": "profile", "image": {"picURL": "https://static1.personality-database.com/profile_images/39bc1cd7345c48b7a6debb14adc68614.png"}, "join_to_post": false, "can_pin": false}, {"description": "", "follow_count": 0, "id": 129779, "is_following": false, "is_join_pending": false, "is_banned": false, "is_moderated": false, "name_readable": "Bruce", "post_count": 0, "source_profile_id": 167458, "source_type": "profile", "image": {"picURL": "https://static1.personality-database.com/profile_images/33346f711e54421bb6d433ff32e4646b.png"}, "join_to_post": false, "can_pin": false}, {"description": "", "follow_count": 0, "id": 129780, "is_following": false, "is_join_pending": false, "is_banned": false, "is_moderated": false, "name_readable": "Paula", "post_count": 0, "source_profile_id": 167459, "source_type": "profile", "image": {"picURL": "https://static1.personality-database.com/profile_images/4de0475d1f7146ff9645058828c8567e.png"}, "join_to_post": false, "can_pin": false}, {"description": "", "follow_count": 0, "id": 129784, "is_following": false, "is_join_pending": false, "is_banned": false, "is_moderated": false, "name_readable": "Jessie Anderson", "post_count": 0, "source_profile_id": 167463, "source_type": "profile", "image": {"picURL": "https://static1.personality-database.com/profile_images/f99fdcfdc60447c89e39affdd4f010a3.png"}, "join_to_post": false, "can_pin": false}, {"description": "", "follow_count": 0, "id": 129788, "is_following": false, "is_join_pending": false, "is_banned": false, "is_moderated": false, "name_readable": "Marco", "post_count": 0, "source_profile_id": 167467, "source_type": "profile", "image": {"picURL": "https://static1.personality-database.com/profile_images/188eee8af38145abbbced3b88fea2361.png"}, "join_to_post": false, "can_pin": false}, {"description": "", "follow_count": 0, "id": 129786, "is_following": false, "is_join_pending": false, "is_banned": false, "is_moderated": false, "name_readable": "Julia", "post_count": 0, "source_profile_id": 167465, "source_type": "profile", "image": {"picURL": "https://static1.personality-database.com/profile_images/6984ff8672da48888f6e85addc658706.png"}, "join_to_post": false, "can_pin": false}, {"description": "", "follow_count": 0, "id": 129785, "is_following": false, "is_join_pending": false, "is_banned": false, "is_moderated": false, "name_readable": "Ron Anderson", "post_count": 0, "source_profile_id": 167464, "source_type": "profile", "image": {"picURL": "https://static1.personality-database.com/profile_images/6ec827f9dd1646169dd18374d023a73e.png"}, "join_to_post": false, "can_pin": false}, {"description": "", "follow_count": 0, "id": 129781, "is_following": false, "is_join_pending": false, "is_banned": false, "is_moderated": false, "name_readable": "Nicholas", "post_count": 0, "source_profile_id": 167460, "source_type": "profile", "image": {"picURL": "https://static1.personality-database.com/profile_images/67d6035e59a449b881dc9553970d292d.png"}, "join_to_post": false, "can_pin": false}, {"description": "", "follow_count": 0, "id": 129783, "is_following": false, "is_join_pending": false, "is_banned": false, "is_moderated": false, "name_readable": "Peter Anderson", "post_count": 0, "source_profile_id": 167462, "source_type": "profile", "image": {"picURL": "https://static1.personality-database.com/profile_images/72d205d146df4ece91fdacb69d9ded53.png"}, "join_to_post": false, "can_pin": false}, {"description": "", "follow_count": 0, "id": 129782, "is_following": false, "is_join_pending": false, "is_banned": false, "is_moderated": false, "name_readable": "Regina Monroe", "post_count": 0, "source_profile_id": 167461, "source_type": "profile", "image": {"picURL": "https://static1.personality-database.com/profile_images/7adf29be91874a15a23abd4f34fba729.png"}, "join_to_post": false, "can_pin": false}], "subcategory": "The Walking Dead Comics", "topic_image_url": "https://static1.personality-database.com/profile_images/83e4f83cc1dd4c95924b10d64cdc3244.png", "source_location": {"cid": 9, "pid": 2, "sub_cat_id": 11189}, "can_post_image": false, "can_post_audio": false, "posts": {"posts": []}}}}