{"id": 167355, "mbti_profile": "Maggie Greene", "profile_name_searchable": "maggiegreene", "allow_commenting": true, "allow_voting": true, "user_id": 22260, "contributor": "JD0505", "contributor_create_date": "2020-07-30 16:46:58", "contributor_pic_path": "https://lh3.googleusercontent.com/a/AATXAJzYqIwvuhr2lJvCylw_EmDGu4SNlNKCT_UyzE6X=s96-c", "display_order": 985, "edit_lock": 0, "edit_lock_picture": 0, "is_active": true, "is_approved": true, "mbti_enneagram_type": "ENFJ 6w7", "mbti_type": "ENFJ 6w7", "pdb_comment_access": true, "pdb_page_owner": 0, "pdb_public_access": true, "wiki_description": "Maggie Greene is a main character first encountered in Issue 10 of Image Comics' The Walking Dead. She is the sole surviving member of the Greene family, girlfriend-turned-wife of Glenn, and mother of their child, and after Carol's death, she becomes the adoptive mother of Sophia.\n\nAfter Glenn's death, Maggie and her daughter move to the Hilltop Colony and, eventually, convinces the population to fight against the Saviors, successfully removing Gregory from power and becoming the leader.\n\nSeveral years after Rick Grimes' death, Maggie became an important figure of the new world and the president of the Commonwealth.", "watch_count": 13, "comment_count": 0, "vote_count": 15, "vote_count_enneagram": 10, "vote_count_mbti": 15, "total_vote_counts": 48, "personality_type": "ENFJ - 6w7 - 682 - SLE - SLOEN - Choleric-Melancholic", "type_updated_date": "2022-05-24 03:53:11", "enneagram_vote": "", "enneagram_vote_id": 0, "mbti_vote": "", "mbti_vote_id": 0, "is_watching": false, "image_exists": false, "profile_image_url": "https://static1.personality-database.com/profile_images/ba4f4fec170c407d9ae79d84df1385f5.png", "profile_image_credit": "", "profile_image_credit_id": 356179, "profile_image_credit_type": "0", "profile_image_credit_url": "", "alt_subcategory": "", "related_subcategories": "", "cat_id": 9, "category": "Comics", "category_is_fictional": true, "sub_cat_id": 11189, "subcategory": "The Walking Dead Comics", "subcat_link_info": {"sub_cat_id": 11189, "cat_id": 9, "property_id": 2, "subcategory": "The Walking Dead Comics"}, "related_subcat_link_info": null, "related_profiles": [{"id": 167352, "mbti_profile": "Rick Grimes", "subcategory": "The Walking Dead Comics", "profile_image_url": "https://static1.personality-database.com/profile_images/da48d17c31784bf2b42818a05922c1a7.png", "profile_name": "Rick Grimes", "profile_subcat": "The Walking Dead Comics", "sub_cat_id": 11189, "cat_id": 9, "property_id": 2, "mbti": "ISTJ", "enneatype": "1w2"}, {"id": 167371, "mbti_profile": "Negan", "subcategory": "The Walking Dead Comics", "profile_image_url": "https://static1.personality-database.com/profile_images/3187766f9fd1476e8e254208591abbee.png", "profile_name": "Negan", "profile_subcat": "The Walking Dead Comics", "sub_cat_id": 11189, "cat_id": 9, "property_id": 2, "mbti": "ENTP", "enneatype": "8w7"}, {"id": 359379, "mbti_profile": "Clementine", "subcategory": "The Walking Dead Comics", "profile_image_url": "https://static1.personality-database.com/profile_images/9abb328b29fc45baa5028fa84c2e7998.png", "profile_name": "Clementine", "profile_subcat": "The Walking Dead Comics", "sub_cat_id": 11189, "cat_id": 9, "property_id": 2, "mbti": "ISTP", "enneatype": "6w5"}, {"id": 167372, "mbti_profile": "Pamela Milton", "subcategory": "The Walking Dead Comics", "profile_image_url": "https://static1.personality-database.com/profile_images/a31120397b634adeacbccb5a7d0a3a68.png", "profile_name": "Pamela Milton", "profile_subcat": "The Walking Dead Comics", "sub_cat_id": 11189, "cat_id": 9, "property_id": 2, "mbti": "ESTJ", "enneatype": "1w2"}, {"id": 167383, "mbti_profile": "Thomas Richards", "subcategory": "The Walking Dead Comics", "profile_image_url": "https://static1.personality-database.com/profile_images/af952a517f5a4935b5264c6756d9faf4.png", "profile_name": "Thomas Richards", "profile_subcat": "The Walking Dead Comics", "sub_cat_id": 11189, "cat_id": 9, "property_id": 2, "mbti": "ESFJ", "enneatype": "9w8"}, {"id": 167405, "mbti_profile": "Caesar Ram\u00f3n Mart\u00ednez", "subcategory": "The Walking Dead Comics", "profile_image_url": "https://static1.personality-database.com/profile_images/6f33b4ab56704a96b764b54a952c6589.png", "profile_name": "Caesar Ram\u00f3n Mart\u00ednez", "profile_subcat": "The Walking Dead Comics", "sub_cat_id": 11189, "cat_id": 9, "property_id": 2, "mbti": "ISFP", "enneatype": "6w7"}, {"id": 167374, "mbti_profile": "Andrea", "subcategory": "The Walking Dead Comics", "profile_image_url": "https://static1.personality-database.com/profile_images/83e4f83cc1dd4c95924b10d64cdc3244.png", "profile_name": "Andrea", "profile_subcat": "The Walking Dead Comics", "sub_cat_id": 11189, "cat_id": 9, "property_id": 2, "mbti": "ISTP", "enneatype": "6w5"}, {"id": 167353, "mbti_profile": "Carl Grimes", "subcategory": "The Walking Dead Comics", "profile_image_url": "https://static1.personality-database.com/profile_images/952bbde99dd84285877c117a22e0f6f1.png", "profile_name": "Carl Grimes", "profile_subcat": "The Walking Dead Comics", "sub_cat_id": 11189, "cat_id": 9, "property_id": 2, "mbti": "ISTP", "enneatype": "6w5"}], "functions": ["Fe", "Ni", "Se", "Ti"], "systems": [{"hex_color": "#888888", "id": 1, "personality_type": "XXXX", "personality_type_id": 0, "system_name": "Four Letter", "system_vote_count": 15, "user_vote_type_id": 0, "vote_id": 0}, {"hex_color": "#006775", "id": 2, "personality_type": "XXXX", "personality_type_id": 0, "system_name": "Enneagram", "system_vote_count": 10, "user_vote_type_id": 0, "vote_id": 0}, {"hex_color": "#006775", "id": 5, "personality_type": "XXXX", "personality_type_id": 0, "system_name": "Instinctual Variant", "system_vote_count": 2, "user_vote_type_id": 0, "vote_id": 0}, {"hex_color": "#006775", "id": 6, "personality_type": "XXXX", "personality_type_id": 0, "system_name": "Tritype", "system_vote_count": 6, "user_vote_type_id": 0, "vote_id": 0}, {"hex_color": "#888888", "id": 3, "personality_type": "XXXX", "personality_type_id": 0, "system_name": "Socionics", "system_vote_count": 3, "user_vote_type_id": 0, "vote_id": 0}, {"hex_color": "#888888", "id": 9, "personality_type": "XXXX", "personality_type_id": 0, "system_name": "Big 5 (SLOAN)", "system_vote_count": 6, "user_vote_type_id": 0, "vote_id": 0}, {"hex_color": "#888888", "id": 8, "personality_type": "XXXX", "personality_type_id": 0, "system_name": "Attitudinal Psyche", "system_vote_count": 2, "user_vote_type_id": 0, "vote_id": 0}, {"hex_color": "#888888", "id": 7, "personality_type": "XXXX", "personality_type_id": 0, "system_name": "Temperaments", "system_vote_count": 4, "user_vote_type_id": 0, "vote_id": 0}, {"hex_color": "#888888", "id": 11, "personality_type": "XXXX", "personality_type_id": 0, "system_name": "Classic Jungian", "system_vote_count": 0, "user_vote_type_id": 0, "vote_id": 0}], "breakdown_systems": {"1": [{"myValue": "ENFJ", "personality_system_id": 1, "personality_type": "ENFJ", "theCount": 7}, {"myValue": "ENTJ", "personality_system_id": 1, "personality_type": "ENTJ", "theCount": 6}, {"myValue": "ESFJ", "personality_system_id": 1, "personality_type": "ESFJ", "theCount": 1}, {"myValue": "ESFP", "personality_system_id": 1, "personality_type": "ESFP", "theCount": 1}], "11": [{"myValue": "XXXX", "personality_system_id": 0, "personality_type": "XXXX", "theCount": 0}], "2": [{"myValue": "6w7", "personality_system_id": 2, "personality_type": "6w7", "theCount": 6}, {"myValue": "2w1", "personality_system_id": 2, "personality_type": "2w1", "theCount": 4}], "3": [{"myValue": "SLE", "personality_system_id": 3, "personality_type": "SLE", "theCount": 3}], "5": [{"myValue": "so/sx", "personality_system_id": 5, "personality_type": "so/sx", "theCount": 1}, {"myValue": "sx/so", "personality_system_id": 5, "personality_type": "sx/so", "theCount": 1}], "6": [{"myValue": "682", "personality_system_id": 6, "personality_type": "682", "theCount": 6}], "7": [{"myValue": "Choleric-Melancholic", "personality_system_id": 7, "personality_type": "Choleric-Melancholic", "theCount": 3}, {"myValue": "Choleric-Sanguine", "personality_system_id": 7, "personality_type": "Choleric-Sanguine", "theCount": 1}], "8": [{"myValue": "VFEL", "personality_system_id": 8, "personality_type": "VFEL", "theCount": 1}, {"myValue": "VLFE", "personality_system_id": 8, "personality_type": "VLFE", "theCount": 1}], "9": [{"myValue": "SLOEN", "personality_system_id": 9, "personality_type": "SLOEN", "theCount": 3}, {"myValue": "SLOEI", "personality_system_id": 9, "personality_type": "SLOEI", "theCount": 2}, {"myValue": "SCOEI", "personality_system_id": 9, "personality_type": "SCOEI", "theCount": 1}]}, "breakdown_config": {"expand": {"1": 3, "11": 1, "2": 3, "3": 1, "5": 1, "6": 1, "7": 1, "8": 1, "9": 1}, "fire": {"1": 0, "11": 0, "2": 0, "3": 0, "5": 0, "6": 0, "7": 0, "8": 0, "9": 0}}, "mbti_letter_stats": [{"type": "E", "percentage": "100%", "PercentageFloat": 1}, {"type": "N", "percentage": "87%", "PercentageFloat": 0.8666666666666667}, {"type": "F", "percentage": "60%", "PercentageFloat": 0.6}, {"type": "J", "percentage": "93%", "PercentageFloat": 0.9333333333333333}], "topic_info": {"can_generate": false, "topic": {"description": "Maggie Greene is a main character first encountered in Issue 10 of Image Comics' The Walking Dead. She is the sole surviving member of the Greene family, girlfriend-turned-wife of Glenn, and mother of their child, and after Carol's death, she becomes the adoptive mother of Sophia.\n\nAfter Glenn's death, Maggie and her daughter move to the Hilltop Colony and, eventually, convinces the population to fight against the Saviors, successfully removing Gregory from power and becoming the leader.\n\nSeveral years after Rick Grimes' death, Maggie became an important figure of the new world and the president of the Commonwealth.", "follow_count": 0, "id": 129682, "is_following": false, "is_join_pending": false, "is_banned": false, "is_moderated": false, "name_readable": "Maggie Greene", "post_count": 0, "source_profile_id": 167355, "source_type": "profile", "join_to_post": false, "can_pin": false, "related_topics": [{"description": "Rick Grimes is the former protagonist first encountered in Issue 1 of The Walking Dead. He is a former police deputy from Cynthiana, Kentucky, who was shot in the line of duty and fell into a coma, only to awaken and find himself in the midst of the apocalypse. He searches for his wife, and son, and encounters many survivors along the way. \n\nRick's leadership qualities and experience lead him to become the leader of a sizable community, continuing to deal with many human threats along the way that cost the lives of his friends and loved ones. He acts as the main instigator in the war against the Saviors and years later, leads the network of communities against the Whisperers.\n\nSeveral years after his death, Rick is remembered as the person responsible for uniting everyone and for inspiring communities to change the world for the better and for the future of civilization. In honor of his decisions, a statue was built in his homage and his story keeps inspiring future generations.", "follow_count": 1, "id": 129679, "is_following": false, "is_join_pending": false, "is_banned": false, "is_moderated": false, "name_readable": "Rick Grimes", "post_count": 1, "source_profile_id": 167352, "source_type": "profile", "image": {"picURL": "https://static1.personality-database.com/profile_images/da48d17c31784bf2b42818a05922c1a7.png"}, "join_to_post": false, "can_pin": false}, {"description": "", "follow_count": 0, "id": 129774, "is_following": false, "is_join_pending": false, "is_banned": false, "is_moderated": false, "name_readable": "Donna", "post_count": 0, "source_profile_id": 167453, "source_type": "profile", "image": {"picURL": "https://static1.personality-database.com/profile_images/9ac68e58daa847649ed078ba909968cc.png"}, "join_to_post": false, "can_pin": false}, {"description": "", "follow_count": 0, "id": 129787, "is_following": false, "is_join_pending": false, "is_banned": false, "is_moderated": false, "name_readable": "Dante", "post_count": 0, "source_profile_id": 167466, "source_type": "profile", "image": {"picURL": "https://static1.personality-database.com/profile_images/cb2a5740ab8c404f90ecb555b2539879.png"}, "join_to_post": false, "can_pin": false}, {"description": "", "follow_count": 0, "id": 129775, "is_following": false, "is_join_pending": false, "is_banned": false, "is_moderated": false, "name_readable": "Patricia", "post_count": 0, "source_profile_id": 167454, "source_type": "profile", "image": {"picURL": "https://static1.personality-database.com/profile_images/92e10eb1fc2948f9afcfe0d7bb31dd0d.png"}, "join_to_post": false, "can_pin": false}, {"description": "", "follow_count": 0, "id": 129776, "is_following": false, "is_join_pending": false, "is_banned": false, "is_moderated": false, "name_readable": "Otis", "post_count": 0, "source_profile_id": 167455, "source_type": "profile", "image": {"picURL": "https://static1.personality-database.com/profile_images/425a84185ab443439a7dee636bb8b459.png"}, "join_to_post": false, "can_pin": false}, {"description": "", "follow_count": 0, "id": 129777, "is_following": false, "is_join_pending": false, "is_banned": false, "is_moderated": false, "name_readable": "Denise Cloyd", "post_count": 0, "source_profile_id": 167456, "source_type": "profile", "image": {"picURL": "https://static1.personality-database.com/profile_images/0224eb1197ac43e49874fc2a397c58a2.png"}, "join_to_post": false, "can_pin": false}, {"description": "", "follow_count": 0, "id": 129778, "is_following": false, "is_join_pending": false, "is_banned": false, "is_moderated": false, "name_readable": "Tobin", "post_count": 0, "source_profile_id": 167457, "source_type": "profile", "image": {"picURL": "https://static1.personality-database.com/profile_images/39bc1cd7345c48b7a6debb14adc68614.png"}, "join_to_post": false, "can_pin": false}, {"description": "", "follow_count": 0, "id": 129779, "is_following": false, "is_join_pending": false, "is_banned": false, "is_moderated": false, "name_readable": "Bruce", "post_count": 0, "source_profile_id": 167458, "source_type": "profile", "image": {"picURL": "https://static1.personality-database.com/profile_images/33346f711e54421bb6d433ff32e4646b.png"}, "join_to_post": false, "can_pin": false}, {"description": "", "follow_count": 0, "id": 129780, "is_following": false, "is_join_pending": false, "is_banned": false, "is_moderated": false, "name_readable": "Paula", "post_count": 0, "source_profile_id": 167459, "source_type": "profile", "image": {"picURL": "https://static1.personality-database.com/profile_images/4de0475d1f7146ff9645058828c8567e.png"}, "join_to_post": false, "can_pin": false}, {"description": "", "follow_count": 0, "id": 129784, "is_following": false, "is_join_pending": false, "is_banned": false, "is_moderated": false, "name_readable": "Jessie Anderson", "post_count": 0, "source_profile_id": 167463, "source_type": "profile", "image": {"picURL": "https://static1.personality-database.com/profile_images/f99fdcfdc60447c89e39affdd4f010a3.png"}, "join_to_post": false, "can_pin": false}, {"description": "", "follow_count": 0, "id": 129788, "is_following": false, "is_join_pending": false, "is_banned": false, "is_moderated": false, "name_readable": "Marco", "post_count": 0, "source_profile_id": 167467, "source_type": "profile", "image": {"picURL": "https://static1.personality-database.com/profile_images/188eee8af38145abbbced3b88fea2361.png"}, "join_to_post": false, "can_pin": false}, {"description": "", "follow_count": 0, "id": 129786, "is_following": false, "is_join_pending": false, "is_banned": false, "is_moderated": false, "name_readable": "Julia", "post_count": 0, "source_profile_id": 167465, "source_type": "profile", "image": {"picURL": "https://static1.personality-database.com/profile_images/6984ff8672da48888f6e85addc658706.png"}, "join_to_post": false, "can_pin": false}, {"description": "", "follow_count": 0, "id": 129785, "is_following": false, "is_join_pending": false, "is_banned": false, "is_moderated": false, "name_readable": "Ron Anderson", "post_count": 0, "source_profile_id": 167464, "source_type": "profile", "image": {"picURL": "https://static1.personality-database.com/profile_images/6ec827f9dd1646169dd18374d023a73e.png"}, "join_to_post": false, "can_pin": false}, {"description": "", "follow_count": 0, "id": 129781, "is_following": false, "is_join_pending": false, "is_banned": false, "is_moderated": false, "name_readable": "Nicholas", "post_count": 0, "source_profile_id": 167460, "source_type": "profile", "image": {"picURL": "https://static1.personality-database.com/profile_images/67d6035e59a449b881dc9553970d292d.png"}, "join_to_post": false, "can_pin": false}, {"description": "", "follow_count": 0, "id": 129783, "is_following": false, "is_join_pending": false, "is_banned": false, "is_moderated": false, "name_readable": "Peter Anderson", "post_count": 0, "source_profile_id": 167462, "source_type": "profile", "image": {"picURL": "https://static1.personality-database.com/profile_images/72d205d146df4ece91fdacb69d9ded53.png"}, "join_to_post": false, "can_pin": false}, {"description": "", "follow_count": 0, "id": 129782, "is_following": false, "is_join_pending": false, "is_banned": false, "is_moderated": false, "name_readable": "Regina Monroe", "post_count": 0, "source_profile_id": 167461, "source_type": "profile", "image": {"picURL": "https://static1.personality-database.com/profile_images/7adf29be91874a15a23abd4f34fba729.png"}, "join_to_post": false, "can_pin": false}], "subcategory": "The Walking Dead Comics", "topic_image_url": "https://static1.personality-database.com/profile_images/ba4f4fec170c407d9ae79d84df1385f5.png", "source_location": {"cid": 9, "pid": 2, "sub_cat_id": 11189}, "can_post_image": false, "can_post_audio": false, "posts": {"posts": []}}}}