{"id": 173364, "mbti_profile": "\"The Dark One\"", "profile_name_searchable": "\"thedarkone\"", "allow_commenting": true, "allow_voting": true, "user_id": 19867, "contributor": "DorkEvolved", "contributor_create_date": "2020-08-11 16:20:57", "contributor_pic_path": "https://lh3.googleusercontent.com/a-/AOh14GjA2x2lQ_CA8rmvuh-WpdrqMiKoEtmfBqer_s5g=s96-c", "display_order": 0, "edit_lock": 0, "edit_lock_picture": 0, "is_active": true, "is_approved": true, "mbti_enneagram_type": "ISFP 4w5", "mbti_type": "ISFP 4w5", "pdb_comment_access": true, "pdb_page_owner": 0, "pdb_public_access": true, "wiki_description": "", "watch_count": 8, "comment_count": 2, "vote_count": 19, "vote_count_enneagram": 12, "vote_count_mbti": 19, "total_vote_counts": 36, "personality_type": "ISFP - 4w5 - Melancholic [Dominant]", "type_updated_date": "2020-10-29 12:33:19", "enneagram_vote": "", "enneagram_vote_id": 0, "mbti_vote": "", "mbti_vote_id": 0, "is_watching": false, "image_exists": true, "profile_image_url": "https://static1.personality-database.com/profile_images/82883a77547945dc80ed25ab78a129ce.png", "profile_image_credit": "", "profile_image_credit_id": 101924, "profile_image_credit_type": "0", "profile_image_credit_url": "", "alt_subcategory": "", "related_subcategories": "", "cat_id": 9, "category": "Comics", "category_is_fictional": true, "sub_cat_id": 11511, "subcategory": "Avatar: The Last Airbender (Comics)", "subcat_link_info": {"sub_cat_id": 11511, "cat_id": 9, "property_id": 2, "subcategory": "Avatar: The Last Airbender (Comics)"}, "related_subcat_link_info": null, "related_profiles": [{"id": 257686, "mbti_profile": "Zuko", "subcategory": "Avatar: The Last Airbender (Comics)", "profile_image_url": "https://static1.personality-database.com/profile_images/e0cace9d8c91419fa32ae5fe799ce1b8.png", "profile_name": "Zuko", "profile_subcat": "Avatar: The Last Airbender (Comics)", "sub_cat_id": 11511, "cat_id": 9, "property_id": 2, "mbti": "ISFP", "enneatype": "6w5"}, {"id": 173362, "mbti_profile": "Aang", "subcategory": "Avatar: The Last Airbender (Comics)", "profile_image_url": "https://static1.personality-database.com/profile_images/6cdb570ddbd342a4aeb53cc2b436c684.png", "profile_name": "Aang", "profile_subcat": "Avatar: The Last Airbender (Comics)", "sub_cat_id": 11511, "cat_id": 9, "property_id": 2, "mbti": "ENFP", "enneatype": "9w1"}, {"id": 260968, "mbti_profile": "Suki", "subcategory": "Avatar: The Last Airbender (Comics)", "profile_image_url": "https://static1.personality-database.com/profile_images/8289db73028a45a8b0bd7ac8f712c569.png", "profile_name": "Suki", "profile_subcat": "Avatar: The Last Airbender (Comics)", "sub_cat_id": 11511, "cat_id": 9, "property_id": 2, "mbti": "ENFJ", "enneatype": "6w7"}, {"id": 335961, "mbti_profile": "Kori Morishita", "subcategory": "Avatar: The Last Airbender (Comics)", "profile_image_url": "https://static1.personality-database.com/profile_images/6533d3be2e244eaea2ea8b57c743a193.png", "profile_name": "Kori Morishita", "profile_subcat": "Avatar: The Last Airbender (Comics)", "sub_cat_id": 11511, "cat_id": 9, "property_id": 2, "mbti": "ENTJ", "enneatype": "8w9"}, {"id": 370241, "mbti_profile": "Biyu", "subcategory": "Avatar: The Last Airbender (Comics)", "profile_image_url": "https://static1.personality-database.com/profile_images/37bb2f4fb91f410d877bb0b8249994f3.png", "profile_name": "Biyu", "profile_subcat": "Avatar: The Last Airbender (Comics)", "sub_cat_id": 11511, "cat_id": 9, "property_id": 2, "mbti": "ISTP", "enneatype": "8w9"}, {"id": 244477, "mbti_profile": "Katara", "subcategory": "Avatar: The Last Airbender (Comics)", "profile_image_url": "https://static1.personality-database.com/profile_images/c2a6145b028440b58f5ea5055c17feea.png", "profile_name": "Katara", "profile_subcat": "Avatar: The Last Airbender (Comics)", "sub_cat_id": 11511, "cat_id": 9, "property_id": 2, "mbti": "ESFJ", "enneatype": ""}, {"id": 224874, "mbti_profile": "Kiyi", "subcategory": "Avatar: The Last Airbender (Comics)", "profile_image_url": "https://static1.personality-database.com/profile_images/f149d687f0864ce789bf422069b629b1.png", "profile_name": "Kiyi", "profile_subcat": "Avatar: The Last Airbender (Comics)", "sub_cat_id": 11511, "cat_id": 9, "property_id": 2, "mbti": "ENTJ", "enneatype": "7w8"}, {"id": 244479, "mbti_profile": "Toph Beifong", "subcategory": "Avatar: The Last Airbender (Comics)", "profile_image_url": "https://static1.personality-database.com/profile_images/8277cb9319584a198656a57afccf89af.png", "profile_name": "Toph Beifong", "profile_subcat": "Avatar: The Last Airbender (Comics)", "sub_cat_id": 11511, "cat_id": 9, "property_id": 2, "mbti": "ISTP", "enneatype": "8w7"}], "functions": ["Fi", "Se", "Ni", "Te"], "systems": [{"hex_color": "#888888", "id": 1, "personality_type": "XXXX", "personality_type_id": 0, "system_name": "Four Letter", "system_vote_count": 18, "user_vote_type_id": 0, "vote_id": 0}, {"hex_color": "#006775", "id": 2, "personality_type": "XXXX", "personality_type_id": 0, "system_name": "Enneagram", "system_vote_count": 12, "user_vote_type_id": 0, "vote_id": 0}, {"hex_color": "#006775", "id": 5, "personality_type": "XXXX", "personality_type_id": 0, "system_name": "Instinctual Variant", "system_vote_count": 1, "user_vote_type_id": 0, "vote_id": 0}, {"hex_color": "#006775", "id": 6, "personality_type": "XXXX", "personality_type_id": 0, "system_name": "Tritype", "system_vote_count": 0, "user_vote_type_id": 0, "vote_id": 0}, {"hex_color": "#888888", "id": 3, "personality_type": "XXXX", "personality_type_id": 0, "system_name": "Socionics", "system_vote_count": 0, "user_vote_type_id": 0, "vote_id": 0}, {"hex_color": "#888888", "id": 9, "personality_type": "XXXX", "personality_type_id": 0, "system_name": "Big 5 (SLOAN)", "system_vote_count": 0, "user_vote_type_id": 0, "vote_id": 0}, {"hex_color": "#888888", "id": 8, "personality_type": "XXXX", "personality_type_id": 0, "system_name": "Attitudinal Psyche", "system_vote_count": 0, "user_vote_type_id": 0, "vote_id": 0}, {"hex_color": "#888888", "id": 7, "personality_type": "XXXX", "personality_type_id": 0, "system_name": "Temperaments", "system_vote_count": 3, "user_vote_type_id": 0, "vote_id": 0}, {"hex_color": "#888888", "id": 11, "personality_type": "XXXX", "personality_type_id": 0, "system_name": "Classic Jungian", "system_vote_count": 0, "user_vote_type_id": 0, "vote_id": 0}], "breakdown_systems": {"1": [{"myValue": "ISFP", "personality_system_id": 1, "personality_type": "ISFP", "theCount": 14}, {"myValue": "INTJ", "personality_system_id": 1, "personality_type": "INTJ", "theCount": 2}, {"myValue": "INFP", "personality_system_id": 1, "personality_type": "INFP", "theCount": 1}, {"myValue": "INTP", "personality_system_id": 1, "personality_type": "INTP", "theCount": 1}], "11": [{"myValue": "XXXX", "personality_system_id": 0, "personality_type": "XXXX", "theCount": 0}], "2": [{"myValue": "4w5", "personality_system_id": 2, "personality_type": "4w5", "theCount": 10}, {"myValue": "3w4", "personality_system_id": 2, "personality_type": "3w4", "theCount": 1}, {"myValue": "4w3", "personality_system_id": 2, "personality_type": "4w3", "theCount": 1}], "3": [{"myValue": "XXXX", "personality_system_id": 0, "personality_type": "XXXX", "theCount": 0}], "4": [{"myValue": "Neutral Good", "personality_system_id": 4, "personality_type": "Neutral Good", "theCount": 1}, {"myValue": "True Neutral", "personality_system_id": 4, "personality_type": "True Neutral", "theCount": 1}], "5": [{"myValue": "sx/sp", "personality_system_id": 5, "personality_type": "sx/sp", "theCount": 1}], "6": [{"myValue": "XXXX", "personality_system_id": 0, "personality_type": "XXXX", "theCount": 0}], "7": [{"myValue": "Melancholic [Dominant]", "personality_system_id": 7, "personality_type": "Melancholic [Dominant]", "theCount": 3}], "8": [{"myValue": "XXXX", "personality_system_id": 0, "personality_type": "XXXX", "theCount": 0}], "9": [{"myValue": "XXXX", "personality_system_id": 0, "personality_type": "XXXX", "theCount": 0}]}, "breakdown_config": {"expand": {"1": 3, "11": 1, "2": 3, "3": 1, "4": 1, "5": 1, "6": 1, "7": 1, "8": 1, "9": 1}, "fire": {"1": 0, "11": 0, "2": 0, "3": 0, "4": 0, "5": 0, "6": 0, "7": 0, "8": 0, "9": 0}}, "mbti_letter_stats": [{"type": "I", "percentage": "100%", "PercentageFloat": 1}, {"type": "S", "percentage": "78%", "PercentageFloat": 0.7777777777777778}, {"type": "F", "percentage": "83%", "PercentageFloat": 0.8333333333333334}, {"type": "P", "percentage": "89%", "PercentageFloat": 0.8888888888888888}], "topic_info": {"can_generate": false, "topic": {"description": "", "follow_count": 0, "id": 133690, "is_following": false, "is_join_pending": false, "is_banned": false, "is_moderated": false, "name_readable": "\"The Dark One\"", "post_count": 0, "source_profile_id": 173364, "source_type": "profile", "join_to_post": false, "can_pin": false, "related_topics": [{"description": "", "follow_count": 0, "id": 133692, "is_following": false, "is_join_pending": false, "is_banned": false, "is_moderated": false, "name_readable": "Ho Tun", "post_count": 0, "source_profile_id": 173366, "source_type": "profile", "image": {"picURL": "https://static1.personality-database.com/profile_images/4ea37cac45b740d48c42be63b1568145.png"}, "join_to_post": false, "can_pin": false}, {"description": "", "follow_count": 0, "id": 198665, "is_following": false, "is_join_pending": false, "is_banned": false, "is_moderated": false, "name_readable": "Tom-Tom", "post_count": 0, "source_profile_id": 257684, "source_type": "profile", "image": {"picURL": "https://static1.personality-database.com/profile_images/6a5ae2b378fd426d9cca37ed3b56bb2d.png"}, "join_to_post": false, "can_pin": false}, {"description": "", "follow_count": 0, "id": 198663, "is_following": false, "is_join_pending": false, "is_banned": false, "is_moderated": false, "name_readable": "Loban", "post_count": 0, "source_profile_id": 257682, "source_type": "profile", "image": {"picURL": "https://www.personality-database.com/images/profile_transparent.png"}, "join_to_post": false, "can_pin": false}, {"description": "", "follow_count": 0, "id": 198651, "is_following": false, "is_join_pending": false, "is_banned": false, "is_moderated": false, "name_readable": "Ru", "post_count": 0, "source_profile_id": 257670, "source_type": "profile", "image": {"picURL": "https://static1.personality-database.com/profile_images/268665436e5e4fa7a27ed83c55307128.png"}, "join_to_post": false, "can_pin": false}, {"description": "", "follow_count": 0, "id": 198638, "is_following": false, "is_join_pending": false, "is_banned": false, "is_moderated": false, "name_readable": "Avatar Yangchen", "post_count": 0, "source_profile_id": 257656, "source_type": "profile", "image": {"picURL": "https://static1.personality-database.com/profile_images/74f45a46487544a7a82361c6700558ac.png"}, "join_to_post": false, "can_pin": false}, {"description": "", "follow_count": 0, "id": 173683, "is_following": false, "is_join_pending": false, "is_banned": false, "is_moderated": false, "name_readable": "Ukano", "post_count": 0, "source_profile_id": 224916, "source_type": "profile", "image": {"picURL": "https://static1.personality-database.com/profile_images/3ef005281d224ad3ae1030e77e32ea7d.png"}, "join_to_post": false, "can_pin": false}, {"description": "", "follow_count": 0, "id": 176776, "is_following": false, "is_join_pending": false, "is_banned": false, "is_moderated": false, "name_readable": "Liling", "post_count": 0, "source_profile_id": 228784, "source_type": "profile", "image": {"picURL": "https://static1.personality-database.com/profile_images/863384c1baea4e01ab02b6b935ebdb74.png"}, "join_to_post": false, "can_pin": false}, {"description": "", "follow_count": 0, "id": 173644, "is_following": false, "is_join_pending": false, "is_banned": false, "is_moderated": false, "name_readable": "Satoru", "post_count": 0, "source_profile_id": 224873, "source_type": "profile", "image": {"picURL": "https://static1.personality-database.com/profile_images/15910343c9724b69bb64f6643cf3f2f3.png"}, "join_to_post": false, "can_pin": false}, {"description": "", "follow_count": 0, "id": 133945, "is_following": false, "is_join_pending": false, "is_banned": false, "is_moderated": false, "name_readable": "Yee-Li", "post_count": 0, "source_profile_id": 173696, "source_type": "profile", "image": {"picURL": "https://static1.personality-database.com/profile_images/18911952b1e440d3a6fa2d7b33755def.png"}, "join_to_post": false, "can_pin": false}, {"description": "Malina was a waterbender, engineer, and architect from the Northern Water Tribe as well as the sister of Maliq. After the end of the Hundred Year War, she moved from the Earth Kingdom, where she had spent most of her early life, to the Southern Water Tribe, where, with her brother's help, she oversaw the modernization of the buildings in the tribal capital, as part of the Southern Reconstruction Project.", "follow_count": 0, "id": 296080, "is_following": false, "is_join_pending": false, "is_banned": false, "is_moderated": false, "name_readable": "Malina", "post_count": 0, "source_profile_id": 384863, "source_type": "profile", "image": {"picURL": "https://www.personality-database.com/images/profile_transparent.png"}, "join_to_post": false, "can_pin": false}, {"description": "", "follow_count": 0, "id": 195882, "is_following": false, "is_join_pending": false, "is_banned": false, "is_moderated": false, "name_readable": "Kei Lo", "post_count": 0, "source_profile_id": 254083, "source_type": "profile", "image": {"picURL": "https://static1.personality-database.com/profile_images/44969aafbd0b4451aa54e9293a4f3b23.png"}, "join_to_post": false, "can_pin": false}, {"description": "", "follow_count": 0, "id": 258514, "is_following": false, "is_join_pending": false, "is_banned": false, "is_moderated": false, "name_readable": "Kori Morishita", "post_count": 0, "source_profile_id": 335961, "source_type": "profile", "image": {"picURL": "https://static1.personality-database.com/profile_images/6533d3be2e244eaea2ea8b57c743a193.png"}, "join_to_post": false, "can_pin": false}, {"description": "", "follow_count": 0, "id": 198697, "is_following": false, "is_join_pending": false, "is_banned": false, "is_moderated": false, "name_readable": "Avatar Roku", "post_count": 0, "source_profile_id": 257739, "source_type": "profile", "image": {"picURL": "https://static1.personality-database.com/profile_images/cf2beae6119d40e89917f06e1baf698a.png"}, "join_to_post": false, "can_pin": false}, {"description": "", "follow_count": 0, "id": 198649, "is_following": false, "is_join_pending": false, "is_banned": false, "is_moderated": false, "name_readable": "Yaling", "post_count": 0, "source_profile_id": 257668, "source_type": "profile", "image": {"picURL": "https://static1.personality-database.com/profile_images/9cc447c129d14be6be0387ef32d08712.png"}, "join_to_post": false, "can_pin": false}, {"description": "", "follow_count": 0, "id": 173645, "is_following": false, "is_join_pending": false, "is_banned": false, "is_moderated": false, "name_readable": "Kiyi", "post_count": 0, "source_profile_id": 224874, "source_type": "profile", "image": {"picURL": "https://static1.personality-database.com/profile_images/f149d687f0864ce789bf422069b629b1.png"}, "join_to_post": false, "can_pin": false}, {"description": "", "follow_count": 2, "id": 198667, "is_following": false, "is_join_pending": false, "is_banned": false, "is_moderated": false, "name_readable": "Zuko", "post_count": 0, "source_profile_id": 257686, "source_type": "profile", "image": {"picURL": "https://static1.personality-database.com/profile_images/e0cace9d8c91419fa32ae5fe799ce1b8.png"}, "join_to_post": false, "can_pin": false}], "subcategory": "Avatar: The Last Airbender (Comics)", "topic_image_url": "https://static1.personality-database.com/profile_images/82883a77547945dc80ed25ab78a129ce.png", "source_location": {"cid": 9, "pid": 2, "sub_cat_id": 11511}, "can_post_image": false, "can_post_audio": false, "posts": {"posts": []}}}}