{"id": 177638, "mbti_profile": "\u0411\u0430\u043b\u043e\u0440 (Balor)", "profile_name_searchable": "\u0431\u0430\u043b\u043e\u0440balor", "allow_commenting": true, "allow_voting": true, "user_id": 137295, "contributor": "guangyaohatesyou", "contributor_create_date": "2020-08-21 06:22:55", "contributor_pic_path": "https://lh3.googleusercontent.com/a-/AOh14Ggy8n5PzXBGgKQvav43PeFfSrLJaBzShERTtDyH=s96-c", "display_order": 985, "edit_lock": 0, "edit_lock_picture": 0, "is_active": true, "is_approved": true, "mbti_enneagram_type": "ESTP 8w7", "mbti_type": "ESTP 8w7", "pdb_comment_access": true, "pdb_page_owner": 0, "pdb_public_access": true, "wiki_description": "", "watch_count": 17, "comment_count": 8, "vote_count": 14, "vote_count_enneagram": 4, "vote_count_mbti": 14, "total_vote_counts": 19, "personality_type": "ESTP - 8w7 - sx/sp - 874 - ILE - Choleric [Dominant]", "type_updated_date": "2021-10-15 18:43:46", "enneagram_vote": "", "enneagram_vote_id": 0, "mbti_vote": "", "mbti_vote_id": 0, "is_watching": false, "image_exists": false, "profile_image_url": "https://static1.personality-database.com/profile_images/4ee45de80b6541198e2dfeef74bd3e96.png", "profile_image_credit": "", "profile_image_credit_id": 104467, "profile_image_credit_type": "0", "profile_image_credit_url": "", "alt_subcategory": "", "related_subcategories": "", "cat_id": 9, "category": "Comics", "category_is_fictional": true, "sub_cat_id": 11791, "subcategory": "\u0411\u0435\u0441\u043e\u0431\u043e\u0439 (Demonslayer)", "subcat_link_info": {"sub_cat_id": 11791, "cat_id": 9, "property_id": 2, "subcategory": "\u0411\u0435\u0441\u043e\u0431\u043e\u0439 (Demonslayer)"}, "related_subcat_link_info": null, "related_profiles": [{"id": 177637, "mbti_profile": "\u042f\u043d\u0430", "subcategory": "\u0411\u0435\u0441\u043e\u0431\u043e\u0439 (Demonslayer)", "profile_image_url": "https://static1.personality-database.com/profile_images/348a44f00890464b9875f1406b41011d.png", "profile_name": "\u042f\u043d\u0430", "profile_subcat": "\u0411\u0435\u0441\u043e\u0431\u043e\u0439 (Demonslayer)", "sub_cat_id": 11791, "cat_id": 9, "property_id": 2, "mbti": "ISFP", "enneatype": "4w5"}, {"id": 361281, "mbti_profile": "\u041f\u0430\u0432\u0435\u043b \u041e\u0447\u0435\u0440\u0435\u0434\u044c\u043a\u043e (Pavel)", "subcategory": "\u0411\u0435\u0441\u043e\u0431\u043e\u0439 (Demonslayer)", "profile_image_url": "https://static1.personality-database.com/profile_images/ec6b98e004614796b344decf807dfb27.png", "profile_name": "\u041f\u0430\u0432\u0435\u043b \u041e\u0447\u0435\u0440\u0435\u0434\u044c\u043a\u043e (Pavel)", "profile_subcat": "\u0411\u0435\u0441\u043e\u0431\u043e\u0439 (Demonslayer)", "sub_cat_id": 11791, "cat_id": 9, "property_id": 2, "mbti": "ISTJ", "enneatype": "1w9"}, {"id": 427596, "mbti_profile": "\u0410\u043b\u0435\u043a\u0441\u0435\u0439 \u0420\u044b\u043a\u043e\u0432 (\u0447\u0451\u0440\u043d\u044b\u0439 \u043f\u0451\u0441)", "subcategory": "\u0411\u0435\u0441\u043e\u0431\u043e\u0439 (Demonslayer)", "profile_image_url": "https://static1.personality-database.com/profile_images/14ba43eb43794bcb83367d613d91126a.png", "profile_name": "\u0410\u043b\u0435\u043a\u0441\u0435\u0439 \u0420\u044b\u043a\u043e\u0432 (\u0447\u0451\u0440\u043d\u044b\u0439 \u043f\u0451\u0441)", "profile_subcat": "\u0411\u0435\u0441\u043e\u0431\u043e\u0439 (Demonslayer)", "sub_cat_id": 11791, "cat_id": 9, "property_id": 2, "mbti": "INTP", "enneatype": "9w8"}, {"id": 232994, "mbti_profile": "\u0410\u043d\u0442\u0438\u0445\u0440\u0438\u0441\u0442 (Antichrist)", "subcategory": "\u0411\u0435\u0441\u043e\u0431\u043e\u0439 (Demonslayer)", "profile_image_url": "https://static1.personality-database.com/profile_images/f9376e56a10e49b69ee0aa0a733ce820.png", "profile_name": "\u0410\u043d\u0442\u0438\u0445\u0440\u0438\u0441\u0442 (Antichrist)", "profile_subcat": "\u0411\u0435\u0441\u043e\u0431\u043e\u0439 (Demonslayer)", "sub_cat_id": 11791, "cat_id": 9, "property_id": 2, "mbti": "ENTP", "enneatype": "8w7"}, {"id": 177721, "mbti_profile": "\u042f\u0440\u0445", "subcategory": "\u0411\u0435\u0441\u043e\u0431\u043e\u0439 (Demonslayer)", "profile_image_url": "https://static1.personality-database.com/profile_images/b572227969a04bb68fde7b09299c3713.png", "profile_name": "\u042f\u0440\u0445", "profile_subcat": "\u0411\u0435\u0441\u043e\u0431\u043e\u0439 (Demonslayer)", "sub_cat_id": 11791, "cat_id": 9, "property_id": 2, "mbti": "ESFP", "enneatype": "8w7"}, {"id": 232992, "mbti_profile": "\u0421\u0435\u043c\u0438\u0430\u0437\u0430 (Semiaza)", "subcategory": "\u0411\u0435\u0441\u043e\u0431\u043e\u0439 (Demonslayer)", "profile_image_url": "https://static1.personality-database.com/profile_images/e6961d33a10d429aafa5303d4af86786.png", "profile_name": "\u0421\u0435\u043c\u0438\u0430\u0437\u0430 (Semiaza)", "profile_subcat": "\u0411\u0435\u0441\u043e\u0431\u043e\u0439 (Demonslayer)", "sub_cat_id": 11791, "cat_id": 9, "property_id": 2, "mbti": "INTJ", "enneatype": "1w9"}, {"id": 177636, "mbti_profile": "\u0428\u043c\u044b\u0433", "subcategory": "\u0411\u0435\u0441\u043e\u0431\u043e\u0439 (Demonslayer)", "profile_image_url": "https://static1.personality-database.com/profile_images/61c9e41aa368443fb856402b76c56702.png", "profile_name": "\u0428\u043c\u044b\u0433", "profile_subcat": "\u0411\u0435\u0441\u043e\u0431\u043e\u0439 (Demonslayer)", "sub_cat_id": 11791, "cat_id": 9, "property_id": 2, "mbti": "ENTP", "enneatype": ""}, {"id": 177635, "mbti_profile": "\u0414\u0430\u043d\u0438\u043b\u0430", "subcategory": "\u0411\u0435\u0441\u043e\u0431\u043e\u0439 (Demonslayer)", "profile_image_url": "https://static1.personality-database.com/profile_images/c09e13ce8abe44e685117c0f98ab2326.png", "profile_name": "\u0414\u0430\u043d\u0438\u043b\u0430", "profile_subcat": "\u0411\u0435\u0441\u043e\u0431\u043e\u0439 (Demonslayer)", "sub_cat_id": 11791, "cat_id": 9, "property_id": 2, "mbti": "ISFP", "enneatype": "9w1"}], "functions": ["Se", "Ti", "Fe", "Ni"], "systems": [{"hex_color": "#888888", "id": 1, "personality_type": "XXXX", "personality_type_id": 0, "system_name": "Four Letter", "system_vote_count": 13, "user_vote_type_id": 0, "vote_id": 0}, {"hex_color": "#006775", "id": 2, "personality_type": "XXXX", "personality_type_id": 0, "system_name": "Enneagram", "system_vote_count": 3, "user_vote_type_id": 0, "vote_id": 0}, {"hex_color": "#006775", "id": 5, "personality_type": "XXXX", "personality_type_id": 0, "system_name": "Instinctual Variant", "system_vote_count": 0, "user_vote_type_id": 0, "vote_id": 0}, {"hex_color": "#006775", "id": 6, "personality_type": "XXXX", "personality_type_id": 0, "system_name": "Tritype", "system_vote_count": 0, "user_vote_type_id": 0, "vote_id": 0}, {"hex_color": "#888888", "id": 3, "personality_type": "XXXX", "personality_type_id": 0, "system_name": "Socionics", "system_vote_count": 1, "user_vote_type_id": 0, "vote_id": 0}, {"hex_color": "#888888", "id": 9, "personality_type": "XXXX", "personality_type_id": 0, "system_name": "Big 5 (SLOAN)", "system_vote_count": 0, "user_vote_type_id": 0, "vote_id": 0}, {"hex_color": "#888888", "id": 8, "personality_type": "XXXX", "personality_type_id": 0, "system_name": "Attitudinal Psyche", "system_vote_count": 0, "user_vote_type_id": 0, "vote_id": 0}, {"hex_color": "#888888", "id": 7, "personality_type": "XXXX", "personality_type_id": 0, "system_name": "Temperaments", "system_vote_count": 1, "user_vote_type_id": 0, "vote_id": 0}, {"hex_color": "#888888", "id": 11, "personality_type": "XXXX", "personality_type_id": 0, "system_name": "Classic Jungian", "system_vote_count": 0, "user_vote_type_id": 0, "vote_id": 0}], "breakdown_systems": {"1": [{"myValue": "ESTP", "personality_system_id": 1, "personality_type": "ESTP", "theCount": 8}, {"myValue": "ENTP", "personality_system_id": 1, "personality_type": "ENTP", "theCount": 5}], "11": [{"myValue": "XXXX", "personality_system_id": 0, "personality_type": "XXXX", "theCount": 0}], "2": [{"myValue": "8w7", "personality_system_id": 2, "personality_type": "8w7", "theCount": 3}], "3": [{"myValue": "ILE", "personality_system_id": 3, "personality_type": "ILE", "theCount": 1}], "4": [{"myValue": "Chaotic Evil", "personality_system_id": 4, "personality_type": "Chaotic Evil", "theCount": 1}], "5": [{"myValue": "XXXX", "personality_system_id": 0, "personality_type": "XXXX", "theCount": 0}], "6": [{"myValue": "XXXX", "personality_system_id": 0, "personality_type": "XXXX", "theCount": 0}], "7": [{"myValue": "Choleric [Dominant]", "personality_system_id": 7, "personality_type": "Choleric [Dominant]", "theCount": 1}], "8": [{"myValue": "XXXX", "personality_system_id": 0, "personality_type": "XXXX", "theCount": 0}], "9": [{"myValue": "XXXX", "personality_system_id": 0, "personality_type": "XXXX", "theCount": 0}]}, "breakdown_config": {"expand": {"1": 3, "11": 1, "2": 3, "3": 1, "4": 1, "5": 1, "6": 1, "7": 1, "8": 1, "9": 1}, "fire": {"1": 0, "11": 0, "2": 0, "3": 0, "4": 0, "5": 0, "6": 0, "7": 0, "8": 0, "9": 0}}, "mbti_letter_stats": [{"type": "E", "percentage": "100%", "PercentageFloat": 1}, {"type": "S", "percentage": "62%", "PercentageFloat": 0.6153846153846154}, {"type": "T", "percentage": "100%", "PercentageFloat": 1}, {"type": "P", "percentage": "100%", "PercentageFloat": 1}], "topic_info": {"can_generate": false, "topic": {"description": "", "follow_count": 0, "id": 136804, "is_following": false, "is_join_pending": false, "is_banned": false, "is_moderated": false, "name_readable": "\u0411\u0430\u043b\u043e\u0440 (Balor)", "post_count": 0, "source_profile_id": 177638, "source_type": "profile", "join_to_post": false, "can_pin": false, "related_topics": [{"description": "", "follow_count": 0, "id": 136801, "is_following": false, "is_join_pending": false, "is_banned": false, "is_moderated": false, "name_readable": "\u0414\u0430\u043d\u0438\u043b\u0430", "post_count": 0, "source_profile_id": 177635, "source_type": "profile", "image": {"picURL": "https://static1.personality-database.com/profile_images/c09e13ce8abe44e685117c0f98ab2326.png"}, "join_to_post": false, "can_pin": false}, {"description": "", "follow_count": 0, "id": 136802, "is_following": false, "is_join_pending": false, "is_banned": false, "is_moderated": false, "name_readable": "\u0428\u043c\u044b\u0433", "post_count": 0, "source_profile_id": 177636, "source_type": "profile", "image": {"picURL": "https://static1.personality-database.com/profile_images/61c9e41aa368443fb856402b76c56702.png"}, "join_to_post": false, "can_pin": false}, {"description": "", "follow_count": 0, "id": 136803, "is_following": false, "is_join_pending": false, "is_banned": false, "is_moderated": false, "name_readable": "\u042f\u043d\u0430", "post_count": 0, "source_profile_id": 177637, "source_type": "profile", "image": {"picURL": "https://static1.personality-database.com/profile_images/348a44f00890464b9875f1406b41011d.png"}, "join_to_post": false, "can_pin": false}, {"description": "", "follow_count": 0, "id": 136804, "is_following": false, "is_join_pending": false, "is_banned": false, "is_moderated": false, "name_readable": "\u0411\u0430\u043b\u043e\u0440 (Balor)", "post_count": 0, "source_profile_id": 177638, "source_type": "profile", "image": {"picURL": "https://static1.personality-database.com/profile_images/4ee45de80b6541198e2dfeef74bd3e96.png"}, "join_to_post": false, "can_pin": false}, {"description": "", "follow_count": 0, "id": 136849, "is_following": false, "is_join_pending": false, "is_banned": false, "is_moderated": false, "name_readable": "\u042f\u0440\u0445", "post_count": 0, "source_profile_id": 177721, "source_type": "profile", "image": {"picURL": "https://static1.personality-database.com/profile_images/b572227969a04bb68fde7b09299c3713.png"}, "join_to_post": false, "can_pin": false}, {"description": "", "follow_count": 0, "id": 136850, "is_following": false, "is_join_pending": false, "is_banned": false, "is_moderated": false, "name_readable": "\u0422\u0430\u043d\u0430\u0445\u0438\u044f", "post_count": 0, "source_profile_id": 177722, "source_type": "profile", "image": {"picURL": "https://static1.personality-database.com/profile_images/e8b62ee20bd944bf95ccc1bb0b150ed4.png"}, "join_to_post": false, "can_pin": false}, {"description": "", "follow_count": 0, "id": 136851, "is_following": false, "is_join_pending": false, "is_banned": false, "is_moderated": false, "name_readable": "\u0421\u0430\u0442\u0430\u043d\u0430", "post_count": 0, "source_profile_id": 177723, "source_type": "profile", "image": {"picURL": "https://static1.personality-database.com/profile_images/652c8aa397684839ad430e1a8d30da0a.png"}, "join_to_post": false, "can_pin": false}, {"description": "", "follow_count": 0, "id": 180022, "is_following": false, "is_join_pending": false, "is_banned": false, "is_moderated": false, "name_readable": "\u0421\u0435\u043c\u0438\u0430\u0437\u0430 (Semiaza)", "post_count": 0, "source_profile_id": 232992, "source_type": "profile", "image": {"picURL": "https://static1.personality-database.com/profile_images/e6961d33a10d429aafa5303d4af86786.png"}, "join_to_post": false, "can_pin": false}, {"description": "", "follow_count": 0, "id": 180023, "is_following": false, "is_join_pending": false, "is_banned": false, "is_moderated": false, "name_readable": "\u0410\u043d\u0442\u0438\u0445\u0440\u0438\u0441\u0442 (Antichrist)", "post_count": 0, "source_profile_id": 232994, "source_type": "profile", "image": {"picURL": "https://static1.personality-database.com/profile_images/f9376e56a10e49b69ee0aa0a733ce820.png"}, "join_to_post": false, "can_pin": false}, {"description": "", "follow_count": 0, "id": 277749, "is_following": false, "is_join_pending": false, "is_banned": false, "is_moderated": false, "name_readable": "\u041f\u0430\u0432\u0435\u043b \u041e\u0447\u0435\u0440\u0435\u0434\u044c\u043a\u043e (Pavel)", "post_count": 0, "source_profile_id": 361281, "source_type": "profile", "image": {"picURL": "https://static1.personality-database.com/profile_images/ec6b98e004614796b344decf807dfb27.png"}, "join_to_post": false, "can_pin": false}, {"description": "", "follow_count": 0, "id": 283994, "is_following": false, "is_join_pending": false, "is_banned": false, "is_moderated": false, "name_readable": "\u0411\u043e\u0440\u0434\u0436", "post_count": 0, "source_profile_id": 369225, "source_type": "profile", "image": {"picURL": "https://www.personality-database.com/images/profile_transparent.png"}, "join_to_post": false, "can_pin": false}], "subcategory": "\u0411\u0435\u0441\u043e\u0431\u043e\u0439 (Demonslayer)", "topic_image_url": "https://static1.personality-database.com/profile_images/4ee45de80b6541198e2dfeef74bd3e96.png", "source_location": {"cid": 9, "pid": 2, "sub_cat_id": 11791}, "can_post_image": false, "can_post_audio": false, "posts": {"posts": []}}}}