{"id": 179244, "mbti_profile": "\u0421\u0435\u0440\u0433\u0435\u0439 \u0420\u0430\u0437\u0443\u043c\u043e\u0432\u0441\u043a\u0438\u0439", "profile_name_searchable": "\u0441\u0435\u0440\u0433\u0435\u0439\u0440\u0430\u0437\u0443\u043c\u043e\u0432\u0441\u043a\u0438\u0439", "allow_commenting": true, "allow_voting": true, "user_id": 0, "contributor": "the nameless", "contributor_create_date": "2020-08-24 19:48:55", "contributor_pic_path": "https://www.personality-database.com/images/profile_transparent.png", "display_order": 995, "edit_lock": 0, "edit_lock_picture": 0, "is_active": true, "is_approved": true, "mbti_enneagram_type": "ENTP 7w8", "mbti_type": "ENTP 7w8", "pdb_comment_access": true, "pdb_page_owner": 0, "pdb_public_access": true, "wiki_description": "", "watch_count": 52, "comment_count": 6, "vote_count": 45, "vote_count_enneagram": 16, "vote_count_mbti": 45, "total_vote_counts": 101, "personality_type": "ENTP - 7w8 - sp/sx - 738 - SLOEI - VLFE - Sanguine-Choleric", "type_updated_date": "2022-07-13 06:41:10", "enneagram_vote": "", "enneagram_vote_id": 0, "mbti_vote": "", "mbti_vote_id": 0, "is_watching": false, "image_exists": false, "profile_image_url": "https://static1.personality-database.com/profile_images/4b012cb4d96e47cbb45df39abcf70b8f.png", "profile_image_credit": "", "profile_image_credit_id": 0, "profile_image_credit_type": "0", "profile_image_credit_url": "", "alt_subcategory": "", "related_subcategories": "", "cat_id": 9, "category": "Comics", "category_is_fictional": true, "sub_cat_id": 11889, "subcategory": "Major Thunder: The Plague Doctor", "subcat_link_info": {"sub_cat_id": 11889, "cat_id": 9, "property_id": 2, "subcategory": "Major Thunder: The Plague Doctor"}, "related_subcat_link_info": null, "related_profiles": [{"id": 262896, "mbti_profile": "\u041e\u043b\u0435\u0433 \u0412\u043e\u043b\u043a\u043e\u0432", "subcategory": "Major Thunder: The Plague Doctor", "profile_image_url": "https://static1.personality-database.com/profile_images/68b20f34186940ad80b49826791c9c3a.png", "profile_name": "\u041e\u043b\u0435\u0433 \u0412\u043e\u043b\u043a\u043e\u0432", "profile_subcat": "Major Thunder: The Plague Doctor", "sub_cat_id": 11889, "cat_id": 9, "property_id": 2, "mbti": "ISTP", "enneatype": "9w8"}, {"id": 179245, "mbti_profile": "\u042e\u043b\u044f \u041f\u0447\u0451\u043b\u043a\u0438\u043d\u0430", "subcategory": "Major Thunder: The Plague Doctor", "profile_image_url": "https://static1.personality-database.com/profile_images/1ef878351d0141f1bc8b2d201fb3d754.png", "profile_name": "\u042e\u043b\u044f \u041f\u0447\u0451\u043b\u043a\u0438\u043d\u0430", "profile_subcat": "Major Thunder: The Plague Doctor", "sub_cat_id": 11889, "cat_id": 9, "property_id": 2, "mbti": "ESFJ", "enneatype": "1w2"}, {"id": 179243, "mbti_profile": "\u0418\u0433\u043e\u0440\u044c \u0413\u0440\u043e\u043c", "subcategory": "Major Thunder: The Plague Doctor", "profile_image_url": "https://static1.personality-database.com/profile_images/03cdcaf89a404c63ae450dccc166b4ae.png", "profile_name": "\u0418\u0433\u043e\u0440\u044c \u0413\u0440\u043e\u043c", "profile_subcat": "Major Thunder: The Plague Doctor", "sub_cat_id": 11889, "cat_id": 9, "property_id": 2, "mbti": "ISTJ", "enneatype": "1w2"}, {"id": 179246, "mbti_profile": "\u0414\u0438\u043c\u0430 \u0414\u0443\u0431\u0438\u043d", "subcategory": "Major Thunder: The Plague Doctor", "profile_image_url": "https://static1.personality-database.com/profile_images/80aca5cb6d8b4c1baa5ec4baf727cde2.png", "profile_name": "\u0414\u0438\u043c\u0430 \u0414\u0443\u0431\u0438\u043d", "profile_subcat": "Major Thunder: The Plague Doctor", "sub_cat_id": 11889, "cat_id": 9, "property_id": 2, "mbti": "INFJ", "enneatype": "2w1"}, {"id": 259679, "mbti_profile": "\u041b\u0438\u043b\u0438\u044f \u0410\u0431\u0440\u0430\u043c\u0435\u043d\u043a\u043e", "subcategory": "Major Thunder: The Plague Doctor", "profile_image_url": "https://static1.personality-database.com/profile_images/8ec0e6a3013648f49c20420f2d1f35e2.png", "profile_name": "\u041b\u0438\u043b\u0438\u044f \u0410\u0431\u0440\u0430\u043c\u0435\u043d\u043a\u043e", "profile_subcat": "Major Thunder: The Plague Doctor", "sub_cat_id": 11889, "cat_id": 9, "property_id": 2, "mbti": "ESTP", "enneatype": "2w3"}, {"id": 259732, "mbti_profile": "\u0418\u0440\u0438\u043d\u0430 \"\u0428\u0430\u0440\u043b\u043e\u0442\u0442\u0430\"", "subcategory": "Major Thunder: The Plague Doctor", "profile_image_url": "https://static1.personality-database.com/profile_images/6b641812cebe44eab8201abe1f883231.png", "profile_name": "\u0418\u0440\u0438\u043d\u0430 \"\u0428\u0430\u0440\u043b\u043e\u0442\u0442\u0430\"", "profile_subcat": "Major Thunder: The Plague Doctor", "sub_cat_id": 11889, "cat_id": 9, "property_id": 2, "mbti": "INTJ", "enneatype": ""}, {"id": 310947, "mbti_profile": "\u0427\u0443\u043c\u043d\u043e\u0439 \u0414\u043e\u043a\u0442\u043e\u0440", "subcategory": "Major Thunder: The Plague Doctor", "profile_image_url": "https://static1.personality-database.com/profile_images/3a9b2709307d44f49309e29252b35ca8.png", "profile_name": "\u0427\u0443\u043c\u043d\u043e\u0439 \u0414\u043e\u043a\u0442\u043e\u0440", "profile_subcat": "Major Thunder: The Plague Doctor", "sub_cat_id": 11889, "cat_id": 9, "property_id": 2, "mbti": "ENTJ", "enneatype": "8w7"}, {"id": 259655, "mbti_profile": "\u0423\u043b\u044f", "subcategory": "Major Thunder: The Plague Doctor", "profile_image_url": "https://static1.personality-database.com/profile_images/6209acb18a874df4834c608f9e857601.png", "profile_name": "\u0423\u043b\u044f", "profile_subcat": "Major Thunder: The Plague Doctor", "sub_cat_id": 11889, "cat_id": 9, "property_id": 2, "mbti": "ENFJ", "enneatype": "4w3"}], "functions": ["Ne", "Ti", "Fe", "Si"], "systems": [{"hex_color": "#888888", "id": 1, "personality_type": "XXXX", "personality_type_id": 0, "system_name": "Four Letter", "system_vote_count": 45, "user_vote_type_id": 0, "vote_id": 0}, {"hex_color": "#006775", "id": 2, "personality_type": "XXXX", "personality_type_id": 0, "system_name": "Enneagram", "system_vote_count": 16, "user_vote_type_id": 0, "vote_id": 0}, {"hex_color": "#006775", "id": 5, "personality_type": "XXXX", "personality_type_id": 0, "system_name": "Instinctual Variant", "system_vote_count": 6, "user_vote_type_id": 0, "vote_id": 0}, {"hex_color": "#006775", "id": 6, "personality_type": "XXXX", "personality_type_id": 0, "system_name": "Tritype", "system_vote_count": 6, "user_vote_type_id": 0, "vote_id": 0}, {"hex_color": "#888888", "id": 3, "personality_type": "XXXX", "personality_type_id": 0, "system_name": "Socionics", "system_vote_count": 2, "user_vote_type_id": 0, "vote_id": 0}, {"hex_color": "#888888", "id": 9, "personality_type": "XXXX", "personality_type_id": 0, "system_name": "Big 5 (SLOAN)", "system_vote_count": 3, "user_vote_type_id": 0, "vote_id": 0}, {"hex_color": "#888888", "id": 8, "personality_type": "XXXX", "personality_type_id": 0, "system_name": "Attitudinal Psyche", "system_vote_count": 6, "user_vote_type_id": 0, "vote_id": 0}, {"hex_color": "#888888", "id": 7, "personality_type": "XXXX", "personality_type_id": 0, "system_name": "Temperaments", "system_vote_count": 15, "user_vote_type_id": 0, "vote_id": 0}, {"hex_color": "#888888", "id": 11, "personality_type": "XXXX", "personality_type_id": 0, "system_name": "Classic Jungian", "system_vote_count": 0, "user_vote_type_id": 0, "vote_id": 0}], "breakdown_systems": {"1": [{"myValue": "ENTP", "personality_system_id": 1, "personality_type": "ENTP", "theCount": 29}, {"myValue": "ENTJ", "personality_system_id": 1, "personality_type": "ENTJ", "theCount": 11}, {"myValue": "ESTJ", "personality_system_id": 1, "personality_type": "ESTJ", "theCount": 2}, {"myValue": "ESFP", "personality_system_id": 1, "personality_type": "ESFP", "theCount": 1}, {"myValue": "ESTP", "personality_system_id": 1, "personality_type": "ESTP", "theCount": 1}, {"myValue": "INFP", "personality_system_id": 1, "personality_type": "INFP", "theCount": 1}], "11": [{"myValue": "XXXX", "personality_system_id": 0, "personality_type": "XXXX", "theCount": 0}], "2": [{"myValue": "7w8", "personality_system_id": 2, "personality_type": "7w8", "theCount": 9}, {"myValue": "8w7", "personality_system_id": 2, "personality_type": "8w7", "theCount": 4}, {"myValue": "3w4", "personality_system_id": 2, "personality_type": "3w4", "theCount": 2}, {"myValue": "5w4", "personality_system_id": 2, "personality_type": "5w4", "theCount": 1}], "3": [{"myValue": "EIE", "personality_system_id": 3, "personality_type": "EIE", "theCount": 1}, {"myValue": "LSI", "personality_system_id": 3, "personality_type": "LSI", "theCount": 1}], "4": [{"myValue": "Chaotic Evil", "personality_system_id": 4, "personality_type": "Chaotic Evil", "theCount": 2}], "5": [{"myValue": "sp/sx", "personality_system_id": 5, "personality_type": "sp/sx", "theCount": 3}, {"myValue": "so/sp", "personality_system_id": 5, "personality_type": "so/sp", "theCount": 1}, {"myValue": "so/sx", "personality_system_id": 5, "personality_type": "so/sx", "theCount": 1}, {"myValue": "sp/so", "personality_system_id": 5, "personality_type": "sp/so", "theCount": 1}], "6": [{"myValue": "738", "personality_system_id": 6, "personality_type": "738", "theCount": 2}, {"myValue": "378", "personality_system_id": 6, "personality_type": "378", "theCount": 1}, {"myValue": "783", "personality_system_id": 6, "personality_type": "783", "theCount": 1}, {"myValue": "784", "personality_system_id": 6, "personality_type": "784", "theCount": 1}, {"myValue": "926", "personality_system_id": 6, "personality_type": "926", "theCount": 1}], "7": [{"myValue": "Sanguine-Choleric", "personality_system_id": 7, "personality_type": "Sanguine-Choleric", "theCount": 5}, {"myValue": "Choleric-Melancholic", "personality_system_id": 7, "personality_type": "Choleric-Melancholic", "theCount": 4}, {"myValue": "Choleric-Sanguine", "personality_system_id": 7, "personality_type": "Choleric-Sanguine", "theCount": 3}, {"myValue": "Choleric [Dominant]", "personality_system_id": 7, "personality_type": "Choleric [Dominant]", "theCount": 1}, {"myValue": "Choleric-Phlegmatic", "personality_system_id": 7, "personality_type": "Choleric-Phlegmatic", "theCount": 1}, {"myValue": "Sanguine-Phlegmatic", "personality_system_id": 7, "personality_type": "Sanguine-Phlegmatic", "theCount": 1}], "8": [{"myValue": "VLFE", "personality_system_id": 8, "personality_type": "VLFE", "theCount": 2}, {"myValue": "FLVE", "personality_system_id": 8, "personality_type": "FLVE", "theCount": 1}, {"myValue": "LEVF", "personality_system_id": 8, "personality_type": "LEVF", "theCount": 1}, {"myValue": "VELF", "personality_system_id": 8, "personality_type": "VELF", "theCount": 1}, {"myValue": "VLEF", "personality_system_id": 8, "personality_type": "VLEF", "theCount": 1}], "9": [{"myValue": "SLOEI", "personality_system_id": 9, "personality_type": "SLOEI", "theCount": 2}, {"myValue": "SLOAN", "personality_system_id": 9, "personality_type": "SLOAN", "theCount": 1}]}, "breakdown_config": {"expand": {"1": 3, "11": 1, "2": 3, "3": 1, "4": 1, "5": 1, "6": 1, "7": 1, "8": 1, "9": 1}, "fire": {"1": 0, "11": 0, "2": 0, "3": 0, "4": 0, "5": 0, "6": 0, "7": 0, "8": 0, "9": 0}}, "mbti_letter_stats": [{"type": "E", "percentage": "98%", "PercentageFloat": 0.9777777777777777}, {"type": "N", "percentage": "91%", "PercentageFloat": 0.9111111111111111}, {"type": "T", "percentage": "96%", "PercentageFloat": 0.9555555555555556}, {"type": "P", "percentage": "71%", "PercentageFloat": 0.7111111111111111}], "topic_info": {"can_generate": false, "topic": {"description": "", "follow_count": 0, "id": 138073, "is_following": false, "is_join_pending": false, "is_banned": false, "is_moderated": false, "name_readable": "\u0421\u0435\u0440\u0433\u0435\u0439 \u0420\u0430\u0437\u0443\u043c\u043e\u0432\u0441\u043a\u0438\u0439", "post_count": 0, "source_profile_id": 179244, "source_type": "profile", "join_to_post": false, "can_pin": false, "related_topics": [{"description": "", "follow_count": 0, "id": 138072, "is_following": false, "is_join_pending": false, "is_banned": false, "is_moderated": false, "name_readable": "\u0418\u0433\u043e\u0440\u044c \u0413\u0440\u043e\u043c", "post_count": 0, "source_profile_id": 179243, "source_type": "profile", "image": {"picURL": "https://static1.personality-database.com/profile_images/03cdcaf89a404c63ae450dccc166b4ae.png"}, "join_to_post": false, "can_pin": false}, {"description": "", "follow_count": 0, "id": 138073, "is_following": false, "is_join_pending": false, "is_banned": false, "is_moderated": false, "name_readable": "\u0421\u0435\u0440\u0433\u0435\u0439 \u0420\u0430\u0437\u0443\u043c\u043e\u0432\u0441\u043a\u0438\u0439", "post_count": 0, "source_profile_id": 179244, "source_type": "profile", "image": {"picURL": "https://static1.personality-database.com/profile_images/4b012cb4d96e47cbb45df39abcf70b8f.png"}, "join_to_post": false, "can_pin": false}, {"description": "", "follow_count": 0, "id": 138074, "is_following": false, "is_join_pending": false, "is_banned": false, "is_moderated": false, "name_readable": "\u042e\u043b\u044f \u041f\u0447\u0451\u043b\u043a\u0438\u043d\u0430", "post_count": 0, "source_profile_id": 179245, "source_type": "profile", "image": {"picURL": "https://static1.personality-database.com/profile_images/1ef878351d0141f1bc8b2d201fb3d754.png"}, "join_to_post": false, "can_pin": false}, {"description": "", "follow_count": 0, "id": 138075, "is_following": false, "is_join_pending": false, "is_banned": false, "is_moderated": false, "name_readable": "\u0414\u0438\u043c\u0430 \u0414\u0443\u0431\u0438\u043d", "post_count": 0, "source_profile_id": 179246, "source_type": "profile", "image": {"picURL": "https://static1.personality-database.com/profile_images/80aca5cb6d8b4c1baa5ec4baf727cde2.png"}, "join_to_post": false, "can_pin": false}, {"description": "", "follow_count": 0, "id": 200220, "is_following": false, "is_join_pending": false, "is_banned": false, "is_moderated": false, "name_readable": "\u0423\u043b\u044f", "post_count": 0, "source_profile_id": 259655, "source_type": "profile", "image": {"picURL": "https://static1.personality-database.com/profile_images/6209acb18a874df4834c608f9e857601.png"}, "join_to_post": false, "can_pin": false}, {"description": "", "follow_count": 0, "id": 200237, "is_following": false, "is_join_pending": false, "is_banned": false, "is_moderated": false, "name_readable": "\u041b\u0438\u043b\u0438\u044f \u0410\u0431\u0440\u0430\u043c\u0435\u043d\u043a\u043e", "post_count": 0, "source_profile_id": 259679, "source_type": "profile", "image": {"picURL": "https://static1.personality-database.com/profile_images/8ec0e6a3013648f49c20420f2d1f35e2.png"}, "join_to_post": false, "can_pin": false}, {"description": "", "follow_count": 0, "id": 200284, "is_following": false, "is_join_pending": false, "is_banned": false, "is_moderated": false, "name_readable": "\u0418\u0440\u0438\u043d\u0430 \"\u0428\u0430\u0440\u043b\u043e\u0442\u0442\u0430\"", "post_count": 0, "source_profile_id": 259732, "source_type": "profile", "image": {"picURL": "https://static1.personality-database.com/profile_images/6b641812cebe44eab8201abe1f883231.png"}, "join_to_post": false, "can_pin": false}, {"description": "", "follow_count": 0, "id": 202759, "is_following": false, "is_join_pending": false, "is_banned": false, "is_moderated": false, "name_readable": "\u041e\u043b\u0435\u0433 \u0412\u043e\u043b\u043a\u043e\u0432", "post_count": 0, "source_profile_id": 262896, "source_type": "profile", "image": {"picURL": "https://static1.personality-database.com/profile_images/68b20f34186940ad80b49826791c9c3a.png"}, "join_to_post": false, "can_pin": false}, {"description": "", "follow_count": 0, "id": 238443, "is_following": false, "is_join_pending": false, "is_banned": false, "is_moderated": false, "name_readable": "\u0424\u0451\u0434\u043e\u0440 \u041f\u0440\u043e\u043a\u043e\u043f\u0435\u043d\u043a\u043e", "post_count": 0, "source_profile_id": 310142, "source_type": "profile", "image": {"picURL": "https://static1.personality-database.com/profile_images/6bcb7be59b234fecb8840050cbafcc95.png"}, "join_to_post": false, "can_pin": false}, {"description": "", "follow_count": 0, "id": 239013, "is_following": false, "is_join_pending": false, "is_banned": false, "is_moderated": false, "name_readable": "\u0427\u0443\u043c\u043d\u043e\u0439 \u0414\u043e\u043a\u0442\u043e\u0440", "post_count": 0, "source_profile_id": 310947, "source_type": "profile", "image": {"picURL": "https://static1.personality-database.com/profile_images/3a9b2709307d44f49309e29252b35ca8.png"}, "join_to_post": false, "can_pin": false}], "subcategory": "Major Thunder: The Plague Doctor", "topic_image_url": "https://static1.personality-database.com/profile_images/4b012cb4d96e47cbb45df39abcf70b8f.png", "source_location": {"cid": 9, "pid": 2, "sub_cat_id": 11889}, "can_post_image": false, "can_post_audio": false, "posts": {"posts": []}}}}